Team1Name,Team1Score,Team2Name,Team2Score,Team1MasseyRating,Team2MasseyRating
Akron,85,James Madison,71,11.189246661258986,-6.42260170209562
Alabama,91,North Dakota,62,22.89926309681164,-8.39620613812819
Arizona,93,Florida,87,29.622564216561056,26.39081761428366
Arkansas,109,Southern Univ,77,21.77145836677927,-11.076179678502223
Arkansas St,89,Ohio,85,-2.643647731191786,-2.458559640908652
Auburn,95,Bethune-Cookman,90,19.144250770747117,-7.810451810139458
Ball St,75,Louisiana,64,-11.502717502859307,-12.137067018502796
Baylor,96,UTRGV,81,15.872210600276453,-0.22814271103413875
Belmont,79,Air Force,63,10.045584450409333,-12.735240615401642
Boston Univ,76,Northeastern,75,-9.831287835150842,-6.463460575559628
Bowling Green,83,Texas St,48,3.589447698727336,-8.993596293102888
Bucknell,78,Delaware,70,-13.096288524993339,-8.317869143575352
Buffalo,85,Southern Miss,79,-1.2829899801500664,-6.948449734643707
BYU,71,Villanova,66,22.96623370113013,18.019965533374403
C Michigan,82,Appalachian St,66,-9.604265919979685,-3.019964221943779
California,87,CS Bakersfield,60,13.447545319841446,-10.961124093729158
Charlotte,92,Indiana St,76,1.2042231354891468,-2.4581456880249015
Cincinnati,94,W Carolina,63,12.416982907123183,-9.503110725382177
Clemson,88,New Hampshire,38,17.882590338253785,-12.508359622828568
Colorado,84,Montana St,78,10.951503521035468,1.0473895970912468
Colorado St,98,Incarnate Word,64,8.035917066741126,-5.547585347287668
Connecticut,79,New Haven,55,25.10729111927154,-14.029552843602488
Dayton,88,Canisius,48,7.453720484555427,-17.060558122515523
DePaul,92,Chicago St,62,7.564957311061451,-16.24969652612226
Drake,77,Northern Arizona,71,0.7544156025781878,-9.643076515343548
Duquesne,83,Niagara,63,4.686016814942015,-16.995194255109116
E Michigan,71,Georgia St,49,-3.580139516277849,-9.841027531814934
FL Atlantic,83,Boston College,78,6.351804649646517,3.54890302348592
G Washington,67,Maine,47,9.857746736889899,-16.277077360329795
George Mason,70,Wofford,46,8.095174888899992,-5.064308768836391
Georgetown,87,Morgan St,70,8.097403188054626,-20.00282080703169
Georgia,104,Bellarmine,59,20.02973847054447,-9.739354468795353
Georgia Tech,56,MD E Shore,52,4.81995930743693,-15.28346349833095
Gonzaga,98,TX Southern,43,26.12679094319873,-14.284509430349972
Grand Canyon,90,PFW,71,11.357472832207115,-5.625687252766425
High Point,97,Furman,71,7.455157949413491,-2.2995798984529365
Houston,75,Lehigh,57,25.82056645334507,-10.370556306684765
Idaho,83,Washington St,81,-0.860099995525089,4.5380550036221035
IL Chicago,91,Detroit,71,1.7665509943221132,-7.342812147525938
Illinois,113,Jackson St,55,27.558451754312838,-19.547308217380763
Iowa St,88,F Dickinson,50,28.277104289911488,-14.479566581615781
Kansas,94,WI Green Bay,51,23.957485614866563,-5.7700409143629
Louisville,104,S Carolina St,45,24.611732488445927,-22.2908843957574
Loyola-Chicago,91,Cleveland St,88,-7.919700317024193,-10.736414013574178
Marquette,80,SUNY Albany,53,6.499579672447203,-13.163496176751917
Marshall,78,Massachusetts,72,0.16629603079518857,-0.4961988777783989
Maryland,83,Coppin St,61,2.5510536362520244,-27.640739737591698
Miami FL,86,Jacksonville,69,17.78517891833293,-10.526145762510124
Miami OH,87,Old Dominion,72,6.878792003107033,-8.261680554358493
Michigan,121,Oakland,78,34.00895201746655,1.2988617496209411
Michigan St,80,Colgate,69,24.386031921594633,-3.5300665357659207
Minnesota,87,Gardner Webb,60,10.308552144640325,-24.646235285714415
Mississippi,88,SE Louisiana,58,10.46160439503338,-8.378711089435738
Missouri,88,Howard,67,11.56899502860914,-8.060038874832856
Murray St,85,NE Omaha,77,7.098433930540837,-6.6809771450146105
N Illinois,102,ULM,82,-10.69931700103686,-18.229928278847783
Navy,76,Presbyterian,55,-2.05716253834581,-8.171853518367254
NC State,114,NC Central,66,21.788929391891067,-16.23054921366116
Nebraska,86,West Georgia,53,23.21892114201473,-11.903771564516768
New Orleans,78,TCU,74,-3.575655046476065,14.466735878512502
North Carolina,94,Cent Arkansas,54,20.177147542199364,-1.5873241521362738
Northwestern,70,Mercyhurst,47,11.78237952913321,-9.513220387331831
Notre Dame,89,LIU Brooklyn,67,10.06327913551909,-3.546335998209576
Ohio St,118,IUPUI,102,16.95643641170654,-12.491570369997088
Oklahoma,102,St Francis PA,66,11.432263406894199,-18.95162660287704
Oregon St,67,N Dakota St,65,-0.9699153817654318,2.046795939331589
Penn St,76,Fairfield,68,5.083955436049424,-8.368082465442098
Pittsburgh,74,Youngstown St,59,8.195075774872146,-2.8049667940666527
Providence,89,Holy Cross,79,11.241342833123284,-13.04688731791795
Radford,80,W Illinois,75,-6.409728237299939,-21.1486742641898
Rhode Island,93,Stetson,62,4.372881568912538,-14.070523158103668
S Dakota St,75,Merrimack,66,-1.4024499716884644,-5.674283720960461
Seattle,84,Denver,73,4.296087924139515,-6.718963056154548
Seton Hall,77,St Peter's,50,13.61217858159576,-6.3187048872930385
Siena,82,Bryant,66,-3.3587700316394775,-15.975655117989465
SMU,96,Tarleton St,76,18.858138555743015,-2.827342432024417
South Alabama,76,Toledo,74,-5.806253567999122,0.3389247220623984
South Florida,102,Florida A&M,67,10.967070575235171,-14.958411699952181
St Bonaventure,69,Bradley,63,2.3358205694267835,3.590955518992814
St John's,108,Quinnipiac,74,22.387807157714732,-3.997091735107692
St Joseph's PA,85,Lafayette,76,0.6346552500089729,-12.102088387400759
St Louis,92,SE Missouri St,67,21.74212133595362,-6.757013248262701
St Mary's CA,84,St Thomas MN,58,16.908220628065287,2.882581967815671
Syracuse,85,Binghamton,47,11.66262825734674,-21.707046613042007
Tennessee,76,Mercer,61,22.52532774922322,0.5840288415363489
Texas A&M,98,Northwestern LA,68,19.179102352686098,-9.19667857822737
Towson,67,Loyola MD,56,-0.5464166889081582,-13.377750243521636
Troy,103,Kent,97,0.09710533684838424,1.3438007614795435
Tulane,85,Samford,72,-1.5078676189201856,-7.386171296092927
UAB,106,MS Valley St,55,4.233612921761928,-28.348205063722833
UCF,82,Hofstra,78,15.06572674394935,2.086644182827586
UCLA,80,E Washington,74,17.20134853209326,-5.263958334345224
USC,94,Cal Poly,64,13.985005389761836,-6.316796372758351
Utah,84,San Jose St,75,6.364077339194109,-3.069027491311642
VCU,103,Wagner,74,12.760710460803173,-12.601506934083272
Vanderbilt,105,Lipscomb,61,24.154102986278797,-2.2704298007365584
Virginia,87,Rider,53,20.91879714221833,-17.261706725421675
Virginia Tech,98,Charleston So,67,13.649896701268442,-6.340856798534731
WKU,82,Tennessee Tech,70,0.4252617180430557,-14.281089336240143
W Michigan,76,Coastal Car,71,-7.971093026343999,-7.357081216042199
Wake Forest,88,American Univ,74,12.26856625050307,-6.396969179237704
Washington,94,Ark Pine Bluff,50,15.817584011338012,-13.668354319462967
WI Milwaukee,90,Hampton,86,-6.744387041618924,-8.456384002540549
Winthrop,81,Queens NC,74,1.3368316881639872,-4.175091457795946
Wisconsin,96,Campbell,64,16.984647164159234,-4.608704820965019
Xavier,66,Marist,62,7.778365709841898,-1.1747337528313329
Cal Baptist,87,SC Upstate,75,2.1953924231003668,-9.147789259024785
Utah Tech,81,South Dakota,79,-3.4850425266828218,-8.241126626447448
Arizona St,81,Southern Utah,64,10.603952967409308,-11.107617721609282
Duke,75,Texas,60,30.47631292494664,17.79158970367343
East Carolina,92,Ga Southern,89,-6.938769569086803,-8.452463657169565
Florida St,108,Alcorn St,76,8.465280031603305,-20.10652752334088
Iowa,101,Robert Morris,69,21.236487010988846,-3.837549906546749
Kansas St,93,UNC Greensboro,64,10.199483531346415,-12.065434872466879
Kentucky,77,Nicholls St,51,20.62694485238151,-6.207446160282377
Nevada,77,Louisiana Tech,50,12.180469852648914,-5.691689472397247
NJIT,72,Fordham,61,-14.80646949052454,-0.05904195752884017
Oklahoma St,95,Oral Roberts,71,13.86708154452552,-11.75823476123825
Oregon,60,Hawaii,59,8.997587225487342,8.020968123203241
Purdue,82,Evansville,51,26.152648451209974,-7.795268693393136
San Diego St,77,Long Beach St,45,14.954913190967044,-4.652494408015093
South Carolina,91,NC A&T,72,8.258663769478087,-8.135106985044182
Stanford,89,Portland St,79,11.495746482735854,2.2902438567068213
Texas Tech,98,Lindenwood,60,22.11626746517065,-7.15310794555327
TN Martin,86,UNLV,81,-3.7745856292540623,3.1267531403743414
Valparaiso,66,E Illinois,63,0.7826673040916575,-12.380585287610003
West Virginia,70,Mt St Mary's,54,12.114842312208815,-11.970313880036324
Wichita St,75,UNC Asheville,58,8.433712769495724,-4.515129557592766
Butler,88,Southern Indiana,58,12.436267405379676,-14.295320327497267
Creighton,92,South Dakota,76,10.984102719717837,-8.241126626447448
Georgia,94,MD E Shore,29,20.02973847054447,-15.28346349833095
Indiana,98,Alabama A&M,51,18.87384006863379,-12.721138316688517
La Salle,87,Coppin St,59,-4.388475820600071,-27.640739737591698
Loy Marymount,70,E Washington,62,1.5500504379175963,-5.263958334345224
LSU,96,Tarleton St,60,14.712317974153333,-2.827342432024417
Marquette,100,Southern Univ,82,6.499579672447203,-11.076179678502223
Mississippi St,86,North Alabama,62,8.973566181550307,-15.019555502687506
New Mexico,76,East Texas A&M,54,14.880097023188116,-10.24868267858815
Rutgers,81,Rider,53,2.795178359596027,-17.261706725421675
SC Upstate,67,Fresno St,66,-9.147789259024785,4.073803256746674
Temple,83,Delaware St,65,1.6101601066860876,-20.10207053375217
UC Davis,80,N Dakota St,68,-0.8434486910801374,2.046795939331589
Abilene Chr,73,NE Omaha,71,-7.721991269551377,-6.6809771450146105
Auburn,95,Merrimack,57,19.144250770747117,-5.674283720960461
Boston College,76,Citadel,47,3.54890302348592,-15.588927891729995
California,77,Wright St,67,13.447545319841446,1.3021861730347852
Florida,104,North Florida,64,26.39081761428366,-15.534483522416355
Iowa St,102,Grambling,62,28.277104289911488,-10.144108684165358
LIU Brooklyn,94,IUPUI,90,-3.546335998209576,-12.491570369997088
Louisville,106,Jackson St,70,24.611732488445927,-19.547308217380763
Miami FL,101,Bethune-Cookman,61,17.78517891833293,-7.810451810139458
North Texas,80,Northwestern LA,53,0.7410214367989679,-9.19667857822737
Northern Iowa,86,CS Northridge,57,5.785582448008606,-2.1109082342198446
Ohio,72,Illinois St,68,-2.458559640908652,8.933861719167899
Portland,83,Ark Pine Bluff,74,-0.9276049727698782,-13.668354319462967
Quinnipiac,71,Central Conn,49,-3.997091735107692,-10.69680210540559
Robert Morris,81,Drake,79,-3.837549906546749,0.7544156025781878
SMU,69,TAM C. Christi,58,18.858138555743015,-2.5860191794207728
South Alabama,76,Alcorn St,70,-5.806253567999122,-20.10652752334088
St Louis,108,Chicago St,86,21.74212133595362,-16.24969652612226
TCU,104,St Francis PA,63,14.466735878512502,-18.95162660287704
Texas A&M,104,TX Southern,70,19.179102352686098,-14.284509430349972
UC Riverside,74,North Dakota,70,-8.761132749466462,-8.39620613812819
Washington,84,Denver,70,15.817584011338012,-6.718963056154548
West Virginia,73,Campbell,65,12.114842312208815,-4.608704820965019
Xavier,74,Le Moyne,69,7.778365709841898,-9.839160736172351
Mercyhurst,73,Loyola-Chicago,65,-9.513220387331831,-7.919700317024193
Arizona,93,Utah Tech,67,29.622564216561056,-3.4850425266828218
Bucknell,73,Mt St Mary's,62,-13.096288524993339,-11.970313880036324
Buffalo,83,WI Green Bay,76,-1.2829899801500664,-5.7700409143629
Charlotte,70,Tennessee Tech,65,1.2042231354891468,-14.281089336240143
Cincinnati,74,Georgia St,64,12.416982907123183,-9.841027531814934
Clemson,97,Gardner Webb,59,17.882590338253785,-24.646235285714415
Columbia,71,New Haven,53,-1.1455860463245808,-14.029552843602488
Connecticut,110,MA Lowell,47,25.10729111927154,-14.238798983700297
Davidson,85,Washington St,69,6.002686977751972,4.5380550036221035
DePaul,72,Stonehill,64,7.564957311061451,-13.871167902361144
Duquesne,92,Sacred Heart,80,4.686016814942015,-10.913977813629936
E Illinois,65,Nicholls St,57,-12.380585287610003,-6.207446160282377
SIUE,77,UT San Antonio,60,-8.17415727893679,-15.648689776756592
Florida St,101,Alabama St,64,8.465280031603305,-13.932727716177093
George Mason,96,Winthrop,90,8.095174888899992,1.3368316881639872
Georgetown,70,Maryland,60,8.097403188054626,2.5510536362520244
Georgia Tech,74,Bryant,45,4.81995930743693,-15.975655117989465
Idaho St,71,San Diego,68,-2.6900359146858124,-2.184946658816856
Illinois,113,FGCU,70,27.558451754312838,-4.349217773076286
Iona,81,Hofstra,73,-5.622253380566301,2.086644182827586
Iowa,77,W Illinois,58,21.236487010988846,-21.1486742641898
Kent,110,Cornell,102,1.3438007614795435,-2.5897361889852073
Kentucky,107,Valparaiso,59,20.62694485238151,0.7826673040916575
Liberty,90,Col Charleston,75,5.976024139614131,-0.4606347634581468
Mississippi,86,ULM,65,10.46160439503338,-18.229928278847783
Missouri,89,SE Missouri St,84,11.56899502860914,-6.757013248262701
Murray St,108,MS Valley St,60,7.098433930540837,-28.348205063722833
NC State,94,UAB,70,21.788929391891067,4.233612921761928
North Carolina,87,Kansas,74,20.177147542199364,23.957485614866563
Northeastern,68,Colgate,65,-6.463460575559628,-3.5300665357659207
Northwestern,76,Boston Univ,52,11.78237952913321,-9.831287835150842
Notre Dame,102,Detroit,70,10.06327913551909,-7.342812147525938
Ohio St,94,PFW,68,16.95643641170654,-5.625687252766425
Oregon,67,Rice,63,8.997587225487342,-4.818057589699624
Oregon St,76,IL Chicago,73,-0.9699153817654318,1.7665509943221132
Pittsburgh,78,Longwood,60,8.195075774872146,-9.004272423423975
Purdue,87,Oakland,77,26.152648451209974,1.2988617496209411
S Illinois,101,Missouri KC,78,3.3850180919715123,-16.661368094073026
Samford,82,S Carolina St,72,-7.386171296092927,-22.2908843957574
Santa Clara,79,McNeese St,67,16.697031882728538,8.413093453200572
Seton Hall,68,Wagner,61,13.61217858159576,-12.601506934083272
SF Austin,90,Arkansas St,65,6.14950134383293,-2.643647731191786
Siena,62,Brown,46,-3.3587700316394775,-9.277418865214003
St Mary's CA,87,Chattanooga,66,16.908220628065287,-11.311391432436908
Texas Tech,98,Sam Houston St,77,22.11626746517065,4.794162125506685
Troy,64,Furman,61,0.09710533684838424,-2.2995798984529365
Tulsa,82,Rhode Island,65,12.474016558063923,4.372881568912538
UCLA,74,Pepperdine,63,17.20134853209326,-5.588454031414728
Louisiana,58,SE Louisiana,52,-12.137067018502796,-8.378711089435738
Utah St,80,VCU,77,19.392266810705305,12.760710460803173
Virginia,81,NC Central,62,20.91879714221833,-16.23054921366116
VMI,78,Southern Indiana,74,-19.385486784833247,-14.295320327497267
Wake Forest,81,Morehead St,65,12.26856625050307,-11.585204401367001
Wisconsin,97,N Illinois,72,16.984647164159234,-10.69931700103686
Yale,97,Navy,68,8.176250244240705,-2.05716253834581
Youngstown St,90,Grand Canyon,81,-2.8049667940666527,11.357472832207115
Cal Baptist,69,UC Irvine,61,2.1953924231003668,3.4963503402669383
Akron,104,Princeton,69,11.189246661258986,-5.435545860544262
Alabama,103,St John's,96,22.89926309681164,22.387807157714732
Austin Peay,74,Air Force,54,-0.6575938360595827,-12.735240615401642
Belmont,87,Tennessee St,79,10.045584450409333,-7.984243030172132
Boise St,101,Utah Valley,77,13.415037567503262,6.639639918156236
Bradley,85,C Michigan,54,3.590955518992814,-9.604265919979685
Butler,112,IUPUI,80,12.436267405379676,-12.491570369997088
BYU,98,Holy Cross,53,22.96623370113013,-13.04688731791795
Cal Poly,73,Seattle,71,-6.316796372758351,4.296087924139515
Colorado,102,E Washington,97,10.951503521035468,-5.263958334345224
Dayton,77,UMBC,71,7.453720484555427,-8.519516689602433
Duke,95,W Carolina,54,30.47631292494664,-9.503110725382177
Elon,92,UNC Greensboro,90,-1.7109036279344259,-12.065434872466879
Fairfield,74,NJIT,53,-8.368082465442098,-14.80646949052454
FL Atlantic,94,Col Charleston,77,6.351804649646517,-0.4606347634581468
Fresno St,82,Long Beach St,62,4.073803256746674,-4.652494408015093
G Washington,99,South Florida,95,9.857746736889899,10.967070575235171
Ga Southern,93,UNC Asheville,90,-8.452463657169565,-4.515129557592766
Gonzaga,83,Oklahoma,68,26.12679094319873,11.432263406894199
Houston,65,Towson,48,25.82056645334507,-0.5464166889081582
Kansas St,98,Bellarmine,71,10.199483531346415,-9.739354468795353
Kennesaw,92,Florida A&M,72,0.6339937118072055,-14.958411699952181
La Salle,73,Monmouth NJ,60,-4.388475820600071,-3.848522919496683
Loy Marymount,94,Ark Pine Bluff,72,1.5500504379175963,-13.668354319462967
Marshall,85,Toledo,73,0.16629603079518857,0.3389247220623984
Massachusetts,83,SUNY Albany,62,-0.4961988777783989,-13.163496176751917
Memphis,76,San Francisco,70,7.369641932350132,6.276755571400898
Michigan St,69,Arkansas,66,24.386031921594633,21.77145836677927
Minnesota,95,Alcorn St,50,10.308552144640325,-20.10652752334088
Nebraska,96,Florida Intl,66,23.21892114201473,-1.0098371649423266
Nevada,78,Pacific,77,12.180469852648914,4.378468361891341
New Mexico,74,UT Arlington,56,14.880097023188116,-0.020907387432929244
Niagara,67,Binghamton,59,-16.995194255109116,-21.707046613042007
Penn St,87,New Haven,43,5.083955436049424,-14.029552843602488
Presbyterian,68,ETSU,64,-8.171853518367254,1.9085058569619273
Richmond,87,East Carolina,72,3.374354993392689,-6.938769569086803
UC Santa Barbara,85,San Jose St,74,3.2846658019866024,-3.069027491311642
St Bonaventure,89,Canisius,70,2.3358205694267835,-17.060558122515523
St Joseph's PA,76,Drexel,65,0.6346552500089729,-3.932084854527281
St Peter's,93,F Dickinson,83,-6.3187048872930385,-14.479566581615781
Stanford,91,Montana,68,11.495746482735854,0.4272721445912008
Stony Brook,71,Maine,60,-4.2986893622781555,-16.277077360329795
Syracuse,83,Delaware St,43,11.66262825734674,-20.10207053375217
Tennessee,95,N Kentucky,56,22.52532774922322,-2.4537270857196694
Texas,97,Lafayette,60,17.79158970367343,-12.102088387400759
Tulane,79,Texas St,71,-1.5078676189201856,-8.993596293102888
UTRGV,95,Southern Utah,72,-0.22814271103413875,-11.107617721609282
UNLV,101,Chattanooga,69,3.1267531403743414,-11.311391432436908
Utah,92,Weber St,89,6.364077339194109,-2.4753255840285364
Vanderbilt,105,UCF,93,24.154102986278797,15.06572674394935
Villanova,94,Queens NC,74,18.019965533374403,-4.175091457795946
Virginia Tech,107,Providence,101,13.649896701268442,11.241342833123284
Wichita St,105,Prairie View,62,8.433712769495724,-14.826501312313303
William & Mary,81,Norfolk St,78,1.656572728906202,-13.021484758554106
Wofford,86,WI Milwaukee,76,-5.064308768836391,-6.744387041618924
Wyoming,92,CS Fullerton,82,8.357185218844622,-2.1915793640363734
Tarleton St,85,TAM C. Christi,77,-2.827342432024417,-2.5860191794207728
UC San Diego,78,Houston Chr,60,3.4181336664537407,-9.978893333224674
St Thomas MN,83,Army,76,2.882581967815671,-14.42534764296668
American Univ,84,Penn,78,-6.396969179237704,-2.0570696017200927
Appalachian St,76,NC Central,54,-3.019964221943779,-16.23054921366116
Arizona St,81,Utah Tech,66,10.603952967409308,-3.4850425266828218
Baylor,78,Washington,69,15.872210600276453,15.817584011338012
Bowling Green,83,Le Moyne,60,3.589447698727336,-9.839160736172351
Campbell,91,W Michigan,82,-4.608704820965019,-7.971093026343999
Colorado St,97,NE Omaha,74,8.035917066741126,-6.6809771450146105
CS Northridge,93,North Dakota,85,-2.1109082342198446,-8.39620613812819
Denver,75,Montana St,73,-6.718963056154548,1.0473895970912468
Georgia,120,Morehead St,81,20.02973847054447,-11.585204401367001
Grambling,73,Howard,70,-10.144108684165358,-8.060038874832856
Harvard,86,New Hampshire,75,-1.9259472947129983,-12.508359622828568
Hawaii,100,East Texas A&M,74,8.020968123203241,-10.24868267858815
Illinois St,76,Cornell,65,8.933861719167899,-2.5897361889852073
Indiana,100,Marquette,77,18.87384006863379,6.499579672447203
James Madison,84,Coppin St,70,-6.42260170209562,-27.640739737591698
Liberty,88,FL Atlantic,68,5.976024139614131,6.351804649646517
Marist,75,Dartmouth,56,-1.1747337528313329,-5.458928015720884
Mercer,92,Lipscomb,77,0.5840288415363489,-2.2704298007365584
Missouri,106,VMI,68,11.56899502860914,-19.385486784833247
North Texas,64,Loyola-Chicago,62,0.7410214367989679,-7.919700317024193
Northern Iowa,65,S Dakota St,58,5.785582448008606,-1.4024499716884644
Oklahoma St,87,Texas A&M,63,13.86708154452552,19.179102352686098
Portland,67,UC Davis,63,-0.9276049727698782,-0.8434486910801374
San Diego St,73,Idaho St,57,14.954913190967044,-2.6900359146858124
South Carolina,83,Southern Miss,79,8.258663769478087,-6.948449734643707
USC,114,Manhattan,83,13.985005389761836,-15.274581333554556
Vermont,89,Brown,84,-5.418090561445725,-9.277418865214003
West Virginia,69,Lehigh,47,12.114842312208815,-10.370556306684765
California,93,CS Fullerton,65,13.447545319841446,-2.1915793640363734
Charleston So,96,Citadel,86,-6.340856798534731,-15.588927891729995
Connecticut,89,Columbia,62,25.10729111927154,-1.1455860463245808
Georgia Tech,70,SE Louisiana,60,4.81995930743693,-8.378711089435738
Grand Canyon,88,N Illinois,59,11.357472832207115,-10.69931700103686
Indiana St,64,SIUE,55,-2.4581456880249015,-8.17415727893679
Iowa St,96,Mississippi St,80,28.277104289911488,8.973566181550307
Kent,86,UNC Wilmington,77,1.3438007614795435,2.413830183033299
LSU,93,New Orleans,58,14.712317974153333,-3.575655046476065
Miami FL,102,Stetson,61,17.78517891833293,-14.070523158103668
NC A&T,85,S Carolina St,62,-8.135106985044182,-22.2908843957574
Niagara,68,Delaware St,57,-16.995194255109116,-20.10207053375217
Northwestern,110,Cleveland St,63,11.78237952913321,-10.736414013574178
Pittsburgh,78,E Michigan,66,8.195075774872146,-3.580139516277849
Presbyterian,63,Georgia St,61,-8.171853518367254,-9.841027531814934
Rutgers,72,Maine,60,2.795178359596027,-16.277077360329795
Santa Clara,87,Xavier,68,16.697031882728538,7.778365709841898
Seton Hall,82,Fairfield,59,13.61217858159576,-8.368082465442098
St Louis,109,Lindenwood,66,21.74212133595362,-7.15310794555327
TCU,78,Lamar,65,14.466735878512502,-2.214271862878108
UCLA,83,West Georgia,62,17.20134853209326,-11.903771564516768
Utah,87,Holy Cross,69,6.364077339194109,-13.04688731791795
WKU,87,E Kentucky,79,0.4252617180430557,-8.312055999179629
Washington St,81,St Thomas MN,71,4.5380550036221035,2.882581967815671
WI Milwaukee,92,Ark Little Rock,72,-6.744387041618924,-13.722529134725532
New Haven,73,MA Lowell,67,-14.029552843602488,-14.238798983700297
Alabama St,77,UAB,74,-13.932727716177093,4.233612921761928
Arizona,84,Northern Arizona,49,29.622564216561056,-9.643076515343548
Arkansas,93,Cent Arkansas,56,21.77145836677927,-1.5873241521362738
Arkansas St,86,Missouri St,85,-2.643647731191786,-2.3667315699870506
Auburn,93,Wofford,62,19.144250770747117,-5.064308768836391
Boise St,85,UTRGV,65,13.415037567503262,-0.22814271103413875
Buffalo,66,DePaul,53,-1.2829899801500664,7.564957311061451
Butler,98,Chicago St,66,12.436267405379676,-16.24969652612226
BYU,85,Delaware,68,22.96623370113013,-8.317869143575352
Central Conn,60,Boston College,59,-10.69680210540559,3.54890302348592
Cincinnati,74,Dayton,62,12.416982907123183,7.453720484555427
Clemson,83,Morehead St,56,17.882590338253785,-11.585204401367001
Coastal Car,72,Winthrop,66,-7.357081216042199,1.3368316881639872
Colgate,90,Drexel,83,-3.5300665357659207,-3.932084854527281
CS Bakersfield,74,W Illinois,58,-10.961124093729158,-21.1486742641898
Davidson,62,Charlotte,55,6.002686977751972,1.2042231354891468
Duke,114,Army,59,30.47631292494664,-14.42534764296668
Duquesne,87,Queens NC,81,4.686016814942015,-4.175091457795946
Florida,78,Florida St,76,26.39081761428366,8.465280031603305
Fordham,63,Wagner,61,-0.05904195752884017,-12.601506934083272
Ga Southern,95,FGCU,94,-8.452463657169565,-4.349217773076286
Gonzaga,90,Creighton,63,26.12679094319873,10.984102719717837
High Point,85,Jacksonville,64,7.455157949413491,-10.526145762510124
Illinois,81,Texas Tech,77,27.558451754312838,22.11626746517065
Iona,105,Missouri KC,91,-5.622253380566301,-16.661368094073026
Kansas,77,TAM C. Christi,46,23.957485614866563,-2.5860191794207728
LIU Brooklyn,76,Air Force,72,-3.546335998209576,-12.735240615401642
Louisville,96,Kentucky,88,24.611732488445927,20.62694485238151
Loy Marymount,71,UTEP,58,1.5500504379175963,-6.308444347027473
Maryland,84,Alcorn St,64,2.5510536362520244,-20.10652752334088
Michigan,85,Wake Forest,84,34.00895201746655,12.26856625050307
Mississippi,83,Memphis,77,10.46160439503338,7.369641932350132
Montana,102,UNLV,93,0.4272721445912008,3.1267531403743414
Mt St Mary's,74,St Francis PA,66,-11.970313880036324,-18.95162660287704
N Dakota St,90,CS Northridge,68,2.046795939331589,-2.1109082342198446
Nebraska,69,MD E Shore,50,23.21892114201473,-15.28346349833095
New Mexico,82,UC Riverside,68,14.880097023188116,-8.761132749466462
NJIT,66,Loyola MD,64,-14.80646949052454,-13.377750243521636
North Carolina,89,Radford,74,20.177147542199364,-6.409728237299939
Northeastern,77,Harvard,60,-6.463460575559628,-1.9259472947129983
Notre Dame,78,E Illinois,58,10.06327913551909,-12.380585287610003
Ohio St,75,Appalachian St,53,16.95643641170654,-3.019964221943779
Oklahoma,95,Ark Pine Bluff,69,11.432263406894199,-13.668354319462967
Old Dominion,60,Norfolk St,57,-8.261680554358493,-13.021484758554106
Penn St,80,Navy,71,5.083955436049424,-2.05716253834581
Princeton,73,Bucknell,63,-5.435545860544262,-13.096288524993339
Providence,106,Penn,81,11.241342833123284,-2.0570696017200927
Rhode Island,80,Stonehill,57,4.372881568912538,-13.871167902361144
Richmond,90,William & Mary,86,3.374354993392689,1.656572728906202
UC Santa Barbara,92,CS Sacramento,87,3.2846658019866024,-6.393255168038442
SF Austin,81,Rice,69,6.14950134383293,-4.818057589699624
SMU,102,Murray St,91,18.858138555743015,7.098433930540837
St Mary's CA,90,Ohio,60,16.908220628065287,-2.458559640908652
Temple,90,La Salle,63,1.6101601066860876,-4.388475820600071
Toledo,81,Wright St,71,0.3389247220623984,1.3021861730347852
Tulane,66,Louisiana,62,-1.5078676189201856,-12.137067018502796
UCF,97,Florida A&M,60,15.06572674394935,-14.958411699952181
UMBC,81,Morgan St,79,-8.519516689602433,-20.00282080703169
UNC Asheville,69,Lipscomb,64,-4.515129557592766,-2.2704298007365584
Villanova,94,Sacred Heart,60,18.019965533374403,-10.913977813629936
Virginia,91,Hampton,53,20.91879714221833,-8.456384002540549
Wisconsin,86,Ball St,55,16.984647164159234,-11.502717502859307
Wyoming,79,Austin Peay,65,8.357185218844622,-0.6575938360595827
Yale,97,Quinnipiac,60,8.176250244240705,-3.997091735107692
North Alabama,87,Northwestern LA,83,-15.019555502687506,-9.19667857822737
Tarleton St,76,Merrimack,62,-2.827342432024417,-5.674283720960461
Boston Univ,90,Brown,77,-9.831287835150842,-9.277418865214003
Bryant,82,Dartmouth,75,-15.975655117989465,-5.458928015720884
Canisius,58,Mercyhurst,55,-17.060558122515523,-9.513220387331831
Colorado St,93,Cal Poly,79,8.035917066741126,-6.316796372758351
ETSU,75,N Kentucky,63,1.9085058569619273,-2.4537270857196694
G Washington,107,American Univ,67,9.857746736889899,-6.396969179237704
Georgetown,83,Binghamton,70,8.097403188054626,-21.707046613042007
Hawaii,88,MS Valley St,56,8.020968123203241,-28.348205063722833
Houston,78,Oakland,45,25.82056645334507,1.2988617496209411
Indiana,101,WI Milwaukee,70,18.87384006863379,-6.744387041618924
Longwood,82,James Madison,72,-9.004272423423975,-6.42260170209562
Manhattan,79,Utah Tech,75,-15.274581333554556,-3.4850425266828218
Marquette,89,Ark Little Rock,49,6.499579672447203,-13.722529134725532
Marshall,96,Elon,89,0.16629603079518857,-1.7109036279344259
Missouri,83,Minnesota,60,11.56899502860914,10.308552144640325
MTSU,77,Evansville,72,1.2330496506793978,-7.795268693393136
NC State,110,UNC Greensboro,64,21.788929391891067,-12.065434872466879
Nevada,86,S Illinois,81,12.180469852648914,3.3850180919715123
Oklahoma St,94,Prairie View,67,13.86708154452552,-14.826501312313303
Oregon,83,S Dakota St,69,8.997587225487342,-1.4024499716884644
Oregon St,66,North Texas,64,-0.9699153817654318,0.7410214367989679
Pacific,69,Long Beach St,66,4.378468361891341,-4.652494408015093
Samford,93,TX Southern,90,-7.386171296092927,-14.284509430349972
San Diego,78,Idaho,74,-2.184946658816856,-0.860099995525089
San Francisco,80,Portland St,70,6.276755571400898,2.2902438567068213
Seattle,94,E Washington,67,4.296087924139515,-5.263958334345224
South Carolina,81,Presbyterian,61,8.258663769478087,-8.171853518367254
South Dakota,89,Southern Indiana,74,-8.241126626447448,-14.295320327497267
South Florida,100,Coppin St,50,10.967070575235171,-27.640739737591698
St Bonaventure,75,Siena,66,2.3358205694267835,-3.3587700316394775
Stanford,77,Montana St,68,11.495746482735854,1.0473895970912468
Tennessee,99,North Florida,66,22.52532774922322,-15.534483522416355
Texas,93,F Dickinson,58,17.79158970367343,-14.479566581615781
Texas St,80,UT San Antonio,69,-8.993596293102888,-15.648689776756592
TN Martin,78,Bradley,67,-3.7745856292540623,3.590955518992814
Tulsa,88,Oral Roberts,87,12.474016558063923,-11.75823476123825
Utah St,83,Weber St,73,19.392266810705305,-2.4753255840285364
VCU,78,St Peter's,61,12.760710460803173,-6.3187048872930385
Valparaiso,68,Nicholls St,63,0.7826673040916575,-6.207446160282377
Vanderbilt,92,E Kentucky,62,24.154102986278797,-8.312055999179629
Virginia Tech,94,St Joseph's PA,59,13.649896701268442,0.6346552500089729
W Michigan,83,PFW,71,-7.971093026343999,-5.625687252766425
UC San Diego,78,Fresno St,73,3.4181336664537407,4.073803256746674
Alabama A&M,68,Charleston So,64,-12.721138316688517,-6.340856798534731
Columbia,86,MA Lowell,72,-1.1455860463245808,-14.238798983700297
Cornell,97,Lafayette,78,-2.5897361889852073,-12.102088387400759
Grambling,75,Southern Miss,70,-10.144108684165358,-6.948449734643707
Houston Chr,72,ULM,61,-9.978893333224674,-18.229928278847783
Howard,72,Alcorn St,64,-8.060038874832856,-20.10652752334088
Kansas St,99,California,96,10.199483531346415,13.447545319841446
LSU,98,Florida Intl,81,14.712317974153333,-1.0098371649423266
Massachusetts,94,Le Moyne,80,-0.4961988777783989,-9.839160736172351
Michigan St,79,San Jose St,60,24.386031921594633,-3.069027491311642
Purdue,87,Alabama,80,26.152648451209974,22.89926309681164
Seton Hall,70,Monmouth NJ,58,13.61217858159576,-3.848522919496683
South Alabama,66,C Michigan,64,-5.806253567999122,-9.604265919979685
West Virginia,71,Pittsburgh,49,12.114842312208815,8.195075774872146
Wichita St,95,Loyola-Chicago,74,8.433712769495724,-7.919700317024193
St Thomas MN,80,WI Green Bay,61,2.882581967815671,-5.7700409143629
Arizona,69,UCLA,65,29.622564216561056,17.20134853209326
Arkansas,79,Samford,75,21.77145836677927,-7.386171296092927
Baylor,94,Tarleton St,81,15.872210600276453,-2.827342432024417
C Michigan,82,Coppin St,59,-9.604265919979685,-27.640739737591698
Col Charleston,88,S Carolina St,61,-0.4606347634581468,-22.2908843957574
Colorado,97,Providence,88,10.951503521035468,11.241342833123284
Creighton,84,MD E Shore,45,10.984102719717837,-15.28346349833095
Duke,100,Indiana St,62,30.47631292494664,-2.4581456880249015
SIUE,61,Drake,59,-8.17415727893679,0.7544156025781878
Fairfield,73,Stonehill,71,-8.368082465442098,-13.871167902361144
Georgia,92,Georgia Tech,87,20.02973847054447,4.81995930743693
Gonzaga,77,Arizona St,65,26.12679094319873,10.603952967409308
Hampton,72,Brown,63,-8.456384002540549,-9.277418865214003
Hawaii,86,Manhattan,56,8.020968123203241,-15.274581333554556
Hofstra,83,Bucknell,77,2.086644182827586,-13.096288524993339
Illinois,84,Colgate,65,27.558451754312838,-3.5300665357659207
Iona,76,Fordham,71,-5.622253380566301,-0.05904195752884017
Iowa,81,Xavier,62,21.236487010988846,7.778365709841898
IUPUI,90,E Michigan,83,-12.491570369997088,-3.580139516277849
Jacksonville St,74,Coastal Car,67,-4.019877384600862,-7.357081216042199
Kentucky,99,E Illinois,53,20.62694485238151,-12.380585287610003
Loy Marymount,74,Troy,63,1.5500504379175963,0.09710533684838424
McNeese St,88,Louisiana,62,8.413093453200572,-12.137067018502796
Michigan,67,TCU,63,34.00895201746655,14.466735878512502
Mississippi,82,CS Bakersfield,60,10.46160439503338,-10.961124093729158
Montana,90,Cal Poly,82,0.4272721445912008,-6.316796372758351
New Orleans,85,Tulane,63,-3.575655046476065,-1.5078676189201856
North Carolina,97,NC Central,53,20.177147542199364,-16.23054921366116
Northern Iowa,70,Furman,54,5.785582448008606,-2.2995798984529365
Northwestern,81,DePaul,79,11.78237952913321,7.564957311061451
Rhode Island,80,SUNY Albany,61,4.372881568912538,-13.163496176751917
Rice,71,East Texas A&M,64,-4.818057589699624,-10.24868267858815
Rutgers,84,Lehigh,72,2.795178359596027,-10.370556306684765
SF Austin,76,Abilene Chr,66,6.14950134383293,-7.721991269551377
St Mary's CA,80,North Texas,49,16.908220628065287,0.7410214367989679
Texas Tech,80,WI Milwaukee,63,22.11626746517065,-6.744387041618924
Towson,51,Norfolk St,41,-0.5464166889081582,-13.021484758554106
UAB,91,High Point,74,4.233612921761928,7.455157949413491
UC Davis,77,CS Sacramento,73,-0.8434486910801374,-6.393255168038442
UCF,86,Texas A&M,74,15.06572674394935,19.179102352686098
USC,87,Illinois St,67,13.985005389761836,8.933861719167899
Washington,81,Washington St,69,15.817584011338012,4.5380550036221035
Cal Baptist,69,W Illinois,59,2.1953924231003668,-21.1486742641898
Utah Tech,81,MS Valley St,75,-3.4850425266828218,-28.348205063722833
Lindenwood,83,Charleston So,77,-7.15310794555327,-6.340856798534731
West Georgia,100,Citadel,92,-11.903771564516768,-15.588927891729995
Ark Little Rock,68,Ball St,62,-13.722529134725532,-11.502717502859307
Austin Peay,69,UNC Greensboro,63,-0.6575938360595827,-12.065434872466879
Belmont,83,Oral Roberts,60,10.045584450409333,-11.75823476123825
Boise St,62,Montana St,58,13.415037567503262,1.0473895970912468
Boston College,76,Temple,71,3.54890302348592,1.6101601066860876
Connecticut,86,BYU,84,25.10729111927154,22.96623370113013
Davidson,91,Bowling Green,87,6.002686977751972,3.589447698727336
Dayton,91,Bethune-Cookman,82,7.453720484555427,-7.810451810139458
Elon,95,Gardner Webb,84,-1.7109036279344259,-24.646235285714415
ETSU,78,North Alabama,74,1.9085058569619273,-15.019555502687506
FGCU,91,Chattanooga,73,-4.349217773076286,-11.311391432436908
Fresno St,75,Utah Valley,74,4.073803256746674,6.639639918156236
G Washington,96,Old Dominion,73,9.857746736889899,-8.261680554358493
George Mason,61,New Hampshire,44,8.095174888899992,-12.508359622828568
Georgetown,79,Clemson,74,8.097403188054626,17.882590338253785
Harvard,75,Army,52,-1.9259472947129983,-14.42534764296668
Hawaii,68,Utah Tech,62,8.020968123203241,-3.4850425266828218
IL Chicago,67,Chicago St,63,1.7665509943221132,-16.24969652612226
Jacksonville,69,VMI,67,-10.526145762510124,-19.385486784833247
Kansas,76,Princeton,57,23.957485614866563,-5.435545860544262
Kent,102,Cleveland St,95,1.3438007614795435,-10.736414013574178
LIU Brooklyn,88,James Madison,79,-3.546335998209576,-6.42260170209562
Longwood,90,Binghamton,82,-9.004272423423975,-21.707046613042007
Louisiana Tech,68,Jackson St,51,-5.691689472397247,-19.547308217380763
Louisville,106,Ohio,81,24.611732488445927,-2.458559640908652
Loyola MD,74,Stonehill,63,-13.377750243521636,-13.871167902361144
Manhattan,80,MS Valley St,73,-15.274581333554556,-28.348205063722833
Maryland,89,Marquette,82,2.5510536362520244,6.499579672447203
Miami OH,76,Air Force,61,6.878792003107033,-12.735240615401642
Minnesota,72,WI Green Bay,65,10.308552144640325,-5.7700409143629
Mississippi St,75,SE Louisiana,68,8.973566181550307,-8.378711089435738
Murray St,99,Nicholls St,79,7.098433930540837,-6.207446160282377
N Colorado,88,Pepperdine,81,-1.0823524586851767,-5.588454031414728
NE Omaha,90,Southern Utah,85,-6.6809771450146105,-11.107617721609282
Nebraska,105,Oklahoma,99,23.21892114201473,11.432263406894199
New Mexico St,76,New Mexico,68,0.004049809068651347,14.880097023188116
NJIT,93,F Dickinson,81,-14.80646949052454,-14.479566581615781
North Dakota,76,UC Riverside,74,-8.39620613812819,-8.761132749466462
Pacific,85,CS Fullerton,73,4.378468361891341,-2.1915793640363734
Penn St,83,La Salle,69,5.083955436049424,-4.388475820600071
San Francisco,75,Bradley,64,6.276755571400898,3.590955518992814
Santa Clara,98,Nevada,83,16.697031882728538,12.180469852648914
Seattle,83,Idaho St,74,4.296087924139515,-2.6900359146858124
SMU,87,Butler,85,18.858138555743015,12.436267405379676
South Alabama,72,Coppin St,62,-5.806253567999122,-27.640739737591698
St Bonaventure,84,Youngstown St,80,2.3358205694267835,-2.8049667940666527
St John's,93,William & Mary,60,22.387807157714732,1.656572728906202
St Louis,78,Grand Canyon,64,21.74212133595362,11.357472832207115
Syracuse,80,Drexel,50,11.66262825734674,-3.932084854527281
Texas,71,Missouri KC,55,17.79158970367343,-16.661368094073026
Texas St,77,TX Southern,67,-8.993596293102888,-14.284509430349972
Toledo,90,Detroit,83,0.3389247220623984,-7.342812147525938
UC Irvine,79,Weber St,70,3.4963503402669383,-2.4753255840285364
UNC Wilmington,73,SC Upstate,60,2.413830183033299,-9.147789259024785
UT Arlington,67,Missouri St,49,-0.020907387432929244,-2.3667315699870506
UT San Antonio,84,Denver,79,-15.648689776756592,-6.718963056154548
Utah,85,Sam Houston St,79,6.364077339194109,4.794162125506685
Utah St,75,UTEP,51,19.392266810705305,-6.308444347027473
Vanderbilt,104,Ark Pine Bluff,75,24.154102986278797,-13.668354319462967
Vermont,85,Northeastern,74,-5.418090561445725,-6.463460575559628
Villanova,87,Duquesne,77,18.019965533374403,4.686016814942015
Virginia,104,Marshall,78,20.91879714221833,0.16629603079518857
Winthrop,105,Mercer,69,1.3368316881639872,0.5840288415363489
Wofford,94,Bellarmine,86,-5.064308768836391,-9.739354468795353
Wright St,92,Radford,59,1.3021861730347852,-6.409728237299939
Wyoming,93,Portland,56,8.357185218844622,-0.9276049727698782
Yale,86,Stony Brook,79,8.176250244240705,-4.2986893622781555
Merrimack,91,Boston Univ,79,-5.674283720960461,-9.831287835150842
UC San Diego,75,Idaho,67,3.4181336664537407,-0.860099995525089
St Thomas MN,84,SE Missouri St,72,2.882581967815671,-6.757013248262701
Queens NC,81,Sacred Heart,64,-4.175091457795946,-10.913977813629936
Mercyhurst,86,Morgan St,72,-9.513220387331831,-20.00282080703169
New Haven,65,Delaware St,52,-14.029552843602488,-20.10207053375217
Alabama A&M,74,Lindenwood,65,-12.721138316688517,-7.15310794555327
Appalachian St,85,Dartmouth,77,-3.019964221943779,-5.458928015720884
Cincinnati,72,Mt St Mary's,55,12.416982907123183,-11.970313880036324
Cleveland St,87,Radford,82,-10.736414013574178,-6.409728237299939
Colorado St,80,Loyola-Chicago,67,8.035917066741126,-7.919700317024193
CS Northridge,94,Troy,85,-2.1109082342198446,0.09710533684838424
CS Sacramento,64,Presbyterian,62,-6.393255168038442,-8.171853518367254
Fairfield,85,Loyola MD,82,-8.368082465442098,-13.377750243521636
Florida,82,Miami FL,68,26.39081761428366,17.78517891833293
Harvard,56,Marist,54,-1.9259472947129983,-1.1747337528313329
Holy Cross,67,Hampton,61,-13.04688731791795,-8.456384002540549
Houston,73,Auburn,72,25.82056645334507,19.144250770747117
Illinois St,82,Long Beach St,80,8.933861719167899,-4.652494408015093
Indiana,69,Incarnate Word,61,18.87384006863379,-5.547585347287668
Kent,76,Wright St,72,1.3438007614795435,1.3021861730347852
Massachusetts,84,Central Conn,77,-0.4961988777783989,-10.69680210540559
Ohio St,64,Notre Dame,63,16.95643641170654,10.06327913551909
Oklahoma St,85,TAM C. Christi,69,13.86708154452552,-2.5860191794207728
Purdue,97,Akron,79,26.152648451209974,11.189246661258986
Quinnipiac,70,Maine,64,-3.997091735107692,-16.277077360329795
Samford,84,Cent Arkansas,77,-7.386171296092927,-1.5873241521362738
South Dakota,83,W Michigan,78,-8.241126626447448,-7.971093026343999
South Florida,108,Kennesaw,89,10.967070575235171,0.6339937118072055
UMBC,71,Wagner,70,-8.519516689602433,-12.601506934083272
UNLV,92,Memphis,78,3.1267531403743414,7.369641932350132
Valparaiso,68,Bryant,50,0.7826673040916575,-15.975655117989465
Virginia Tech,84,Charlotte,76,13.649896701268442,1.2042231354891468
W Carolina,76,Stetson,65,-9.503110725382177,-14.070523158103668
WKU,95,Tennessee St,82,0.4252617180430557,-7.984243030172132
Wake Forest,109,MA Lowell,75,12.26856625050307,-14.238798983700297
Arizona St,75,Georgia St,62,10.603952967409308,-9.841027531814934
Clemson,81,North Alabama,61,17.882590338253785,-15.019555502687506
Colgate,72,Siena,69,-3.5300665357659207,-3.3587700316394775
Colorado,94,Alabama St,66,10.951503521035468,-13.932727716177093
Drake,71,Col Charleston,62,0.7544156025781878,-0.4606347634581468
Georgia,87,Florida A&M,57,20.02973847054447,-14.958411699952181
Gonzaga,122,Southern Utah,50,26.12679094319873,-11.107617721609282
High Point,93,Canisius,50,7.455157949413491,-17.060558122515523
Iowa St,96,Stonehill,57,28.277104289911488,-13.871167902361144
Kansas St,84,Tulsa,83,10.199483531346415,12.474016558063923
Lamar,79,ULM,66,-2.214271862878108,-18.229928278847783
Loy Marymount,78,UC Santa Barbara,74,1.5500504379175963,3.2846658019866024
Missouri,91,Prairie View,73,11.56899502860914,-14.826501312313303
N Dakota St,92,S Illinois,85,2.046795939331589,3.3850180919715123
NC State,85,VCU,79,21.788929391891067,12.760710460803173
Oregon,87,Oregon St,75,8.997587225487342,-0.9699153817654318
Penn,83,St Joseph's PA,74,-2.0570696017200927,0.6346552500089729
Pittsburgh,84,Bucknell,50,8.195075774872146,-13.096288524993339
Portland St,93,CS Bakersfield,80,2.2902438567068213,-10.961124093729158
Tennessee,91,Rice,66,22.52532774922322,-4.818057589699624
UCF,87,Oakland,83,15.06572674394935,1.2988617496209411
West Virginia,81,Lafayette,59,12.114842312208815,-12.102088387400759
Wisconsin,94,SIUE,69,16.984647164159234,-8.17415727893679
Le Moyne,74,Niagara,68,-9.839160736172351,-16.995194255109116
West Georgia,61,Tennessee Tech,59,-11.903771564516768,-14.281089336240143
Arkansas,84,Winthrop,83,21.77145836677927,1.3368316881639872
Boise St,62,Wichita St,59,13.415037567503262,8.433712769495724
Boston College,63,Hampton,52,3.54890302348592,-8.456384002540549
Brown,68,Holy Cross,49,-9.277418865214003,-13.04688731791795
Buffalo,94,Vermont,90,-1.2829899801500664,-5.418090561445725
California,67,Presbyterian,57,13.447545319841446,-8.171853518367254
Charleston So,103,IUPUI,91,-6.340856798534731,-12.491570369997088
Columbia,54,Boston Univ,49,-1.1455860463245808,-9.831287835150842
Cornell,86,Army,73,-2.5897361889852073,-14.42534764296668
Delaware,81,St Peter's,70,-8.317869143575352,-6.3187048872930385
DePaul,93,Gardner Webb,62,7.564957311061451,-24.646235285714415
Drexel,75,NJIT,43,-3.932084854527281,-14.80646949052454
Duke,78,Kansas,66,30.47631292494664,23.957485614866563
E Michigan,72,Detroit,62,-3.580139516277849,-7.342812147525938
Florida St,87,TN Martin,73,8.465280031603305,-3.7745856292540623
Fresno St,80,SF Austin,78,4.073803256746674,6.14950134383293
George Mason,79,Jacksonville,57,8.095174888899992,-10.526145762510124
Georgia Tech,68,Ga Southern,66,4.81995930743693,-8.452463657169565
Iona,89,Princeton,69,-5.622253380566301,-5.435545860544262
Iowa,99,SE Missouri St,70,21.236487010988846,-6.757013248262701
James Madison,81,Towson,75,-6.42260170209562,-0.5464166889081582
Kent,93,E Kentucky,78,1.3438007614795435,-8.312055999179629
Lehigh,79,St Francis PA,62,-10.370556306684765,-18.95162660287704
LSU,107,Alcorn St,81,14.712317974153333,-20.10652752334088
MD E Shore,83,Longwood,82,-15.28346349833095,-9.004272423423975
Michigan St,83,Kentucky,66,24.386031921594633,20.62694485238151
Minnesota,66,Chicago St,54,10.308552144640325,-16.24969652612226
Mississippi,72,Austin Peay,65,10.46160439503338,-0.6575938360595827
Murray St,89,Ark Little Rock,68,7.098433930540837,-13.722529134725532
NC A&T,79,Morgan St,73,-8.135106985044182,-20.00282080703169
North Carolina,73,Navy,61,20.177147542199364,-2.05716253834581
Northern Iowa,70,N Illinois,57,5.785582448008606,-10.69931700103686
Pepperdine,90,New Orleans,79,-5.588454031414728,-3.575655046476065
Providence,98,New Hampshire,66,11.241342833123284,-12.508359622828568
Rhode Island,86,Yale,77,4.372881568912538,8.176250244240705
Rutgers,80,American Univ,71,2.795178359596027,-6.396969179237704
San Diego,78,Grambling,68,-2.184946658816856,-10.144108684165358
San Francisco,84,Northwestern LA,64,6.276755571400898,-9.19667857822737
Santa Clara,64,Idaho St,55,16.697031882728538,-2.6900359146858124
Seton Hall,68,New Haven,45,13.61217858159576,-14.029552843602488
SMU,106,Ark Pine Bluff,60,18.858138555743015,-13.668354319462967
South Carolina,87,Radford,58,8.258663769478087,-6.409728237299939
Stanford,93,Louisiana,66,11.495746482735854,-12.137067018502796
Syracuse,78,Monmouth NJ,73,11.66262825734674,-3.848522919496683
Texas,99,Rider,65,17.79158970367343,-17.261706725421675
Texas A&M,86,Montana,81,19.179102352686098,0.4272721445912008
Texas St,63,Abilene Chr,49,-8.993596293102888,-7.721991269551377
Troy,108,San Diego St,107,0.09710533684838424,14.954913190967044
UC Davis,75,Nevada,71,-0.8434486910801374,12.180469852648914
UCLA,79,CS Sacramento,48,17.20134853209326,-6.393255168038442
UNC Wilmington,85,East Carolina,60,2.413830183033299,-6.938769569086803
UT Arlington,84,Evansville,76,-0.020907387432929244,-7.795268693393136
Utah,85,PFW,77,6.364077339194109,-5.625687252766425
Washington,99,Southern Univ,93,15.817584011338012,-11.076179678502223
Xavier,99,Old Dominion,69,7.778365709841898,-8.261680554358493
Cal Baptist,80,UC Riverside,57,2.1953924231003668,-8.761132749466462
Air Force,66,Alabama St,64,-12.735240615401642,-13.932727716177093
Alabama,90,Illinois,86,22.89926309681164,27.558451754312838
Arizona,71,Connecticut,67,29.622564216561056,25.10729111927154
Auburn,112,Jackson St,66,19.144250770747117,-19.547308217380763
Belmont,75,Lipscomb,68,10.045584450409333,-2.2704298007365584
Bethune-Cookman,76,Ohio,73,-7.810451810139458,-2.458559640908652
Bradley,87,MA Lowell,77,3.590955518992814,-14.238798983700297
Chattanooga,78,S Carolina St,66,-11.311391432436908,-22.2908843957574
Creighton,75,North Dakota,60,10.984102719717837,-8.39620613812819
Dayton,77,Marquette,71,7.453720484555427,6.499579672447203
Duquesne,92,Loyola MD,78,4.686016814942015,-13.377750243521636
FGCU,77,Samford,62,-4.349217773076286,-7.386171296092927
G Washington,89,UMBC,52,9.857746736889899,-8.519516689602433
Indiana St,60,Louisiana Tech,51,-2.4581456880249015,-5.691689472397247
Maryland,95,Mt St Mary's,90,2.5510536362520244,-11.970313880036324
Michigan,86,MTSU,61,34.00895201746655,1.2330496506793978
Notre Dame,86,Bellarmine,79,10.06327913551909,-9.739354468795353
Oklahoma St,103,South Florida,95,13.86708154452552,10.967070575235171
Penn St,84,Harvard,80,5.083955436049424,-1.9259472947129983
Richmond,87,VMI,54,3.374354993392689,-19.385486784833247
Sam Houston St,78,Wyoming,70,4.794162125506685,8.357185218844622
South Alabama,71,Jacksonville St,65,-5.806253567999122,-4.019877384600862
St Mary's CA,85,Arkansas St,72,16.908220628065287,-2.643647731191786
Stetson,64,Howard,60,-14.070523158103668,-8.060038874832856
TCU,81,Missouri KC,45,14.466735878512502,-16.661368094073026
Temple,81,Hofstra,76,1.6101601066860876,2.086644182827586
Tennessee Tech,88,SC Upstate,84,-14.281089336240143,-9.147789259024785
Toledo,92,Youngstown St,75,0.3389247220623984,-2.8049667940666527
Utah Valley,79,UC Irvine,72,6.639639918156236,3.4963503402669383
Valparaiso,90,Cleveland St,75,0.7826673040916575,-10.736414013574178
Villanova,70,La Salle,55,18.019965533374403,-4.388475820600071
Virginia Tech,78,Bryant,61,13.649896701268442,-15.975655117989465
W Carolina,80,UNC Asheville,73,-9.503110725382177,-4.515129557592766
Washington St,98,Southern Utah,74,4.5380550036221035,-11.107617721609282
Weber St,91,Campbell,85,-2.4753255840285364,-4.608704820965019
William & Mary,82,Bowling Green,74,1.656572728906202,3.589447698727336
Wofford,86,North Florida,78,-5.064308768836391,-15.534483522416355
Merrimack,72,Maine,65,-5.674283720960461,-16.277077360329795
Arizona St,83,Hawaii,76,10.603952967409308,8.020968123203241
Cal Poly,92,Utah,85,-6.316796372758351,6.364077339194109
Cornell,95,Colgate,94,-2.5897361889852073,-3.5300665357659207
FL Atlantic,82,Pacific,59,6.351804649646517,4.378468361891341
Fordham,69,LIU Brooklyn,53,-0.05904195752884017,-3.546335998209576
High Point,90,IL Chicago,80,7.455157949413491,1.7665509943221132
Houston,91,Rider,45,25.82056645334507,-17.261706725421675
Incarnate Word,87,Southern Indiana,81,-5.547585347287668,-14.295320327497267
Indiana,73,Lindenwood,53,18.87384006863379,-7.15310794555327
Iowa,93,Chicago St,54,21.236487010988846,-16.24969652612226
Kansas St,98,Mississippi St,77,10.199483531346415,8.973566181550307
Marshall,98,Ark Pine Bluff,70,0.16629603079518857,-13.668354319462967
Miami FL,99,Elon,72,17.78517891833293,-1.7109036279344259
Miami OH,76,Mercyhurst,71,6.878792003107033,-9.513220387331831
Missouri,102,South Dakota,68,11.56899502860914,-8.241126626447448
N Kentucky,90,C Michigan,66,-2.4537270857196694,-9.604265919979685
Nebraska,84,New Mexico,72,23.21892114201473,14.880097023188116
North Texas,74,Cent Arkansas,56,0.7410214367989679,-1.5873241521362738
Ohio St,91,W Michigan,58,16.95643641170654,-7.971093026343999
Oklahoma,95,Oral Roberts,71,11.432263406894199,-11.75823476123825
Princeton,70,Northeastern,57,-5.435545860544262,-6.463460575559628
Purdue,80,Memphis,71,26.152648451209974,7.369641932350132
St Bonaventure,75,Robert Morris,61,2.3358205694267835,-3.837549906546749
St John's,97,Bucknell,49,22.387807157714732,-13.096288524993339
Stony Brook,80,Brown,70,-4.2986893622781555,-9.277418865214003
Tennessee,89,Tennessee St,60,22.52532774922322,-7.984243030172132
Texas Tech,84,Wake Forest,83,22.11626746517065,12.26856625050307
UCF,77,Pittsburgh,67,15.06572674394935,8.195075774872146
UNLV,99,St Joseph's PA,85,3.1267531403743414,0.6346552500089729
USC,107,Troy,106,13.985005389761836,0.09710533684838424
Vanderbilt,109,TX Southern,74,24.154102986278797,-14.284509430349972
Tarleton St,90,Rice,74,-2.827342432024417,-4.818057589699624
Queens NC,101,UNC Greensboro,94,-4.175091457795946,-12.065434872466879
Air Force,77,SIUE,63,-12.735240615401642,-8.17415727893679
Akron,96,Iona,75,11.189246661258986,-5.622253380566301
Alabama St,101,IUPUI,80,-13.932727716177093,-12.491570369997088
Appalachian St,65,Charlotte,63,-3.019964221943779,1.2042231354891468
Arkansas,115,Jackson St,61,21.77145836677927,-19.547308217380763
Butler,79,South Carolina,72,12.436267405379676,8.258663769478087
BYU,98,Wisconsin,70,22.96623370113013,16.984647164159234
California,91,CS Sacramento,67,13.447545319841446,-6.393255168038442
Campbell,71,UT Arlington,67,-4.608704820965019,-0.020907387432929244
Canisius,60,MD E Shore,57,-17.060558122515523,-15.28346349833095
Central Conn,67,Rutgers,54,-10.69680210540559,2.795178359596027
Charleston So,77,East Carolina,65,-6.340856798534731,-6.938769569086803
Clemson,70,West Virginia,67,17.882590338253785,12.114842312208815
Coastal Car,84,W Illinois,64,-7.357081216042199,-21.1486742641898
Col Charleston,69,Massachusetts,65,-0.4606347634581468,-0.4961988777783989
Colorado,95,UC Davis,79,10.951503521035468,-0.8434486910801374
Columbia,82,Lehigh,67,-1.1455860463245808,-10.370556306684765
Davidson,59,Boston College,49,6.002686977751972,3.54890302348592
Denver,83,Colorado St,81,-6.718963056154548,8.035917066741126
Duke,100,Niagara,42,30.47631292494664,-16.995194255109116
E Michigan,97,Oakland,91,-3.580139516277849,1.2988617496209411
ETSU,77,Morehead St,62,1.9085058569619273,-11.585204401367001
Evansville,73,Oregon St,69,-7.795268693393136,-0.9699153817654318
Florida,80,Merrimack,45,26.39081761428366,-5.674283720960461
Florida St,98,Ga Southern,72,8.465280031603305,-8.452463657169565
Fresno St,85,New Orleans,76,4.073803256746674,-3.575655046476065
Georgia,78,Xavier,77,20.02973847054447,7.778365709841898
Grand Canyon,85,Northwestern LA,72,11.357472832207115,-9.19667857822737
Kentucky,88,Loyola MD,46,20.62694485238151,-13.377750243521636
Louisville,74,Cincinnati,64,24.611732488445927,12.416982907123183
LSU,99,NE Omaha,73,14.712317974153333,-6.6809771450146105
Marist,76,Army,65,-1.1747337528313329,-14.42534764296668
Michigan St,84,Detroit,56,24.386031921594633,-7.342812147525938
Montana St,78,Long Beach St,72,1.0473895970912468,-4.652494408015093
N Illinois,76,Loyola-Chicago,59,-10.69931700103686,-7.919700317024193
Nebraska,86,Kansas St,85,23.21892114201473,10.199483531346415
New Mexico,80,Mississippi St,78,14.880097023188116,8.973566181550307
New Mexico St,81,Samford,72,0.004049809068651347,-7.386171296092927
Norfolk St,62,Hampton,60,-13.021484758554106,-8.456384002540549
Old Dominion,88,Morgan St,56,-8.261680554358493,-20.00282080703169
Penn,84,Drexel,68,-2.0570696017200927,-3.932084854527281
Portland,103,CS Fullerton,85,-0.9276049727698782,-2.1915793640363734
Purdue,86,Texas Tech,56,26.152648451209974,22.11626746517065
S Dakota St,105,Georgia St,58,-1.4024499716884644,-9.841027531814934
Sacred Heart,79,Holy Cross,66,-10.913977813629936,-13.04688731791795
San Jose St,80,Southern Univ,66,-3.069027491311642,-11.076179678502223
Santa Clara,80,Louisiana,43,16.697031882728538,-12.137067018502796
Seattle,77,Stanford,69,4.296087924139515,11.495746482735854
SF Austin,63,Pepperdine,60,6.14950134383293,-5.588454031414728
Siena,73,SUNY Albany,63,-3.3587700316394775,-13.163496176751917
SMU,100,Arkansas St,69,18.858138555743015,-2.643647731191786
St Louis,91,PFW,60,21.74212133595362,-5.625687252766425
Texas A&M,109,Manhattan,68,19.179102352686098,-15.274581333554556
Texas St,65,Ark Little Rock,56,-8.993596293102888,-13.722529134725532
Tulsa,84,Austin Peay,75,12.474016558063923,-0.6575938360595827
UAB,80,South Alabama,72,4.233612921761928,-5.806253567999122
UC Riverside,85,San Diego,71,-8.761132749466462,-2.184946658816856
UCLA,86,Presbyterian,46,17.20134853209326,-8.171853518367254
UNC Wilmington,81,Radford,73,2.413830183033299,-6.409728237299939
Utah St,96,Tulane,75,19.392266810705305,-1.5078676189201856
Virginia,83,Northwestern,78,20.91879714221833,11.78237952913321
Wake Forest,69,Memphis,68,12.26856625050307,7.369641932350132
Yale,73,WI Green Bay,67,8.176250244240705,-5.7700409143629
Cal Baptist,72,Grambling,59,2.1953924231003668,-10.144108684165358
St Thomas MN,73,N Colorado,72,2.882581967815671,-1.0823524586851767
Stonehill,74,Lafayette,70,-13.871167902361144,-12.102088387400759
West Georgia,72,SC Upstate,64,-11.903771564516768,-9.147789259024785
Boston Univ,75,Harvard,74,-9.831287835150842,-1.9259472947129983
Chattanooga,71,North Alabama,57,-11.311391432436908,-15.019555502687506
Coastal Car,75,North Dakota,58,-7.357081216042199,-8.39620613812819
CS Bakersfield,86,MS Valley St,70,-10.961124093729158,-28.348205063722833
CS Fullerton,88,St Thomas MN,80,-2.1915793640363734,2.882581967815671
Dayton,74,NC Central,55,7.453720484555427,-16.23054921366116
Fairfield,97,Le Moyne,83,-8.368082465442098,-9.839160736172351
Georgetown,92,Wagner,75,8.097403188054626,-12.601506934083272
High Point,91,Incarnate Word,80,7.455157949413491,-5.547585347287668
Howard,80,Niagara,70,-8.060038874832856,-16.995194255109116
IL Chicago,84,Southern Indiana,73,1.7665509943221132,-14.295320327497267
Illinois,98,LIU Brooklyn,58,27.558451754312838,-3.546335998209576
Indiana St,70,Ball St,52,-2.4581456880249015,-11.502717502859307
Iona,91,Oregon St,84,-5.622253380566301,-0.9699153817654318
Kent,91,Cleveland St,71,1.3438007614795435,-10.736414013574178
Lipscomb,83,W Carolina,62,-2.2704298007365584,-9.503110725382177
Marquette,85,C Michigan,71,6.499579672447203,-9.604265919979685
MD E Shore,63,Binghamton,52,-15.28346349833095,-21.707046613042007
Mercer,95,E Kentucky,83,0.5840288415363489,-8.312055999179629
Missouri St,74,UTRGV,67,-2.3667315699870506,-0.22814271103413875
Morehead St,83,ULM,80,-11.585204401367001,-18.229928278847783
N Colorado,86,Portland,80,-1.0823524586851767,-0.9276049727698782
Navy,86,NJIT,70,-2.05716253834581,-14.80646949052454
Nevada,77,UC Santa Barbara,64,12.180469852648914,3.2846658019866024
Northeastern,93,Duquesne,86,-6.463460575559628,4.686016814942015
Northern Iowa,70,UC Irvine,69,5.785582448008606,3.4963503402669383
Oklahoma St,95,Nicholls St,81,13.86708154452552,-6.207446160282377
Providence,77,Penn St,65,11.241342833123284,5.083955436049424
Richmond,102,Gardner Webb,67,3.374354993392689,-24.646235285714415
San Francisco,77,Minnesota,65,6.276755571400898,10.308552144640325
Southern Miss,92,North Florida,83,-6.948449734643707,-15.534483522416355
St Peter's,68,MA Lowell,66,-6.3187048872930385,-14.238798983700297
Stetson,99,VMI,80,-14.070523158103668,-19.385486784833247
TN Martin,69,Prairie View,68,-3.7745856292540623,-14.826501312313303
UT Arlington,74,Weber St,73,-0.020907387432929244,-2.4753255840285364
VCU,101,Coppin St,58,12.760710460803173,-27.640739737591698
WI Green Bay,79,Massachusetts,75,-5.7700409143629,-0.4961988777783989
Wichita St,75,WI Milwaukee,58,8.433712769495724,-6.744387041618924
Air Force,98,IUPUI,85,-12.735240615401642,-12.491570369997088
Akron,97,Evansville,59,11.189246661258986,-7.795268693393136
Brown,58,Maine,53,-9.277418865214003,-16.277077360329795
Butler,80,Virginia,73,12.436267405379676,20.91879714221833
Canisius,75,Binghamton,66,-17.060558122515523,-21.707046613042007
Cent Arkansas,92,E Washington,65,-1.5873241521362738,-5.263958334345224
Clemson,97,Georgia,94,17.882590338253785,20.02973847054447
Columbia,95,Longwood,70,-1.1455860463245808,-9.004272423423975
Connecticut,72,Bryant,49,25.10729111927154,-15.975655117989465
DePaul,95,Detroit,75,7.564957311061451,-7.342812147525938
Drexel,75,Old Dominion,71,-3.932084854527281,-8.261680554358493
Duke,93,Howard,56,30.47631292494664,-8.060038874832856
SIUE,83,Alabama St,68,-8.17415727893679,-13.932727716177093
ETSU,97,ULM,55,1.9085058569619273,-18.229928278847783
Furman,90,Queens NC,79,-2.2995798984529365,-4.175091457795946
Georgia Tech,82,West Georgia,66,4.81995930743693,-11.903771564516768
Illinois St,94,Coastal Car,42,8.933861719167899,-7.357081216042199
Lamar,68,Montana,63,-2.214271862878108,0.4272721445912008
Marshall,69,Mercyhurst,60,0.16629603079518857,-9.513220387331831
McNeese St,92,G Washington,86,8.413093453200572,9.857746736889899
Miami FL,97,Delaware St,41,17.78517891833293,-20.10207053375217
Miami OH,111,Ark Pine Bluff,84,6.878792003107033,-13.668354319462967
Monmouth NJ,71,Robert Morris,70,-3.848522919496683,-3.837549906546749
MTSU,90,Murray St,87,1.2330496506793978,7.098433930540837
N Colorado,97,CS Fullerton,93,-1.0823524586851767,-2.1915793640363734
North Dakota,78,W Illinois,69,-8.39620613812819,-21.1486742641898
Northwestern,79,South Carolina,77,11.78237952913321,8.258663769478087
Oklahoma,72,Alcorn St,53,11.432263406894199,-20.10652752334088
Prairie View,85,North Florida,82,-14.826501312313303,-15.534483522416355
Quinnipiac,83,Pittsburgh,75,-3.997091735107692,8.195075774872146
S Illinois,79,Delaware,59,3.3850180919715123,-8.317869143575352
South Dakota,82,S Carolina St,81,-8.241126626447448,-22.2908843957574
Southern Miss,70,TN Martin,60,-6.948449734643707,-3.7745856292540623
Tulane,93,Boston College,90,-1.5078676189201856,3.54890302348592
UNC Greensboro,68,Youngstown St,62,-12.065434872466879,-2.8049667940666527
Utah St,94,Davidson,60,19.392266810705305,6.002686977751972
W Michigan,83,Mt St Mary's,60,-7.971093026343999,-11.970313880036324
Winthrop,80,Jackson St,62,1.3368316881639872,-19.547308217380763
Wyoming,75,Norfolk St,67,8.357185218844622,-13.021484758554106
Xavier,78,West Virginia,68,7.778365709841898,12.114842312208815
Yale,74,Col Charleston,63,8.176250244240705,-0.4606347634581468
St Thomas MN,76,Portland,66,2.882581967815671,-0.9276049727698782
Abilene Chr,61,UT San Antonio,50,-7.721991269551377,-15.648689776756592
Arizona,103,Denver,73,29.622564216561056,-6.718963056154548
Arizona St,87,Texas,86,10.603952967409308,17.79158970367343
Arkansas St,74,Jacksonville St,63,-2.643647731191786,-4.019877384600862
Auburn,84,Oregon,73,19.144250770747117,8.997587225487342
Baylor,81,Creighton,74,15.872210600276453,10.984102719717837
Belmont,94,St Francis PA,57,10.045584450409333,-18.95162660287704
Bowling Green,71,Bucknell,66,3.589447698727336,-13.096288524993339
Bradley,88,Princeton,64,3.590955518992814,-5.435545860544262
Buffalo,78,VMI,70,-1.2829899801500664,-19.385486784833247
Central Conn,108,Sacred Heart,106,-10.69680210540559,-10.913977813629936
Cincinnati,94,NJIT,67,12.416982907123183,-14.80646949052454
Col Charleston,78,Evansville,59,-0.4606347634581468,-7.795268693393136
Elon,88,Appalachian St,53,-1.7109036279344259,-3.019964221943779
FL Atlantic,76,Loy Marymount,65,6.351804649646517,1.5500504379175963
FGCU,93,Oral Roberts,88,-4.349217773076286,-11.75823476123825
G Washington,92,MTSU,79,9.857746736889899,1.2330496506793978
George Mason,92,Ohio,69,8.095174888899992,-2.458559640908652
Gonzaga,95,Alabama,85,26.12679094319873,22.89926309681164
Houston,78,Syracuse,74,25.82056645334507,11.66262825734674
Illinois,87,UTRGV,73,27.558451754312838,-0.22814271103413875
Iowa St,83,St John's,82,28.277104289911488,22.387807157714732
Jacksonville,69,Bethune-Cookman,64,-10.526145762510124,-7.810451810139458
James Madison,80,Florida Intl,72,-6.42260170209562,-1.0098371649423266
Kansas,71,Notre Dame,61,23.957485614866563,10.06327913551909
Kennesaw,89,Rice,84,0.6339937118072055,-4.818057589699624
Liberty,79,Vermont,73,5.976024139614131,-5.418090561445725
LIU Brooklyn,75,Missouri St,61,-3.546335998209576,-2.3667315699870506
Louisville,87,E Michigan,46,24.611732488445927,-3.580139516277849
Maryland,74,UNLV,67,2.5510536362520244,3.1267531403743414
Massachusetts,73,Oregon St,65,-0.4961988777783989,-0.9699153817654318
McNeese St,73,Murray St,60,8.413093453200572,7.098433930540837
Michigan,94,San Diego St,54,34.00895201746655,14.954913190967044
Mississippi St,81,New Orleans,78,8.973566181550307,-3.575655046476065
N Kentucky,82,E Kentucky,71,-2.4537270857196694,-8.312055999179629
Northern Arizona,93,Cal Poly,87,-9.643076515343548,-6.316796372758351
Oakland,83,Lamar,68,1.2988617496209411,-2.214271862878108
Pacific,86,Stony Brook,58,4.378468361891341,-4.2986893622781555
Seton Hall,85,NC State,74,13.61217858159576,21.788929391891067
Siena,73,Holy Cross,69,-3.3587700316394775,-13.04688731791795
SMU,89,Radford,72,18.858138555743015,-6.409728237299939
Tennessee,85,Rutgers,60,22.52532774922322,2.795178359596027
Toledo,75,Troy,68,0.3389247220623984,0.09710533684838424
Towson,62,Rhode Island,55,-0.5464166889081582,4.372881568912538
UAB,81,S Illinois,73,4.233612921761928,3.3850180919715123
UC Davis,77,Louisiana,56,-0.8434486910801374,-12.137067018502796
UC Riverside,83,Grambling,74,-8.761132749466462,-10.144108684165358
USC,70,Boise St,67,13.985005389761836,13.415037567503262
WI Green Bay,80,Iona,75,-5.7700409143629,-5.622253380566301
William & Mary,74,UTEP,63,1.656572728906202,-6.308444347027473
Yale,97,Akron,94,8.176250244240705,11.189246661258986
Youngstown St,67,Ga Southern,61,-2.8049667940666527,-8.452463657169565
Bellarmine,70,Citadel,58,-9.739354468795353,-15.588927891729995
UC San Diego,91,Temple,76,3.4181336664537407,1.6101601066860876
Lindenwood,80,Missouri KC,67,-7.15310794555327,-16.661368094073026
East Texas A&M,70,F Dickinson,65,-10.24868267858815,-14.479566581615781
Alabama,115,UNLV,76,22.89926309681164,3.1267531403743414
Arizona St,100,Washington St,94,10.603952967409308,4.5380550036221035
Austin Peay,77,N Illinois,59,-0.6575938360595827,-10.69931700103686
California,80,UCLA,72,13.447545319841446,17.20134853209326
Cent Arkansas,81,E Illinois,60,-1.5873241521362738,-12.380585287610003
Coppin St,68,Rider,65,-27.640739737591698,-17.261706725421675
Delaware,73,UNC Greensboro,60,-8.317869143575352,-12.065434872466879
Drexel,71,Morgan St,66,-3.932084854527281,-20.00282080703169
FGCU,78,Rice,63,-4.349217773076286,-4.818057589699624
Florida St,89,CS Bakersfield,59,8.465280031603305,-10.961124093729158
George Mason,74,FL Atlantic,65,8.095174888899992,6.351804649646517
Gonzaga,100,Maryland,61,26.12679094319873,2.5510536362520244
Grand Canyon,68,Utah,58,11.357472832207115,6.364077339194109
Hampton,74,MD E Shore,68,-8.456384002540549,-15.28346349833095
Indiana,86,Kansas St,69,18.87384006863379,10.199483531346415
Iowa,74,Mississippi,69,21.236487010988846,10.46160439503338
Iowa St,78,Creighton,60,28.277104289911488,10.984102719717837
PFW,90,Chicago St,77,-5.625687252766425,-16.24969652612226
James Madison,88,NE Omaha,77,-6.42260170209562,-6.6809771450146105
Kansas,71,Syracuse,60,23.957485614866563,11.66262825734674
Loy Marymount,70,Ohio,58,1.5500504379175963,-2.458559640908652
Marist,78,Lehigh,55,-1.1747337528313329,-10.370556306684765
McNeese St,72,MTSU,62,8.413093453200572,1.2330496506793978
Michigan,102,Auburn,72,34.00895201746655,19.144250770747117
Michigan St,89,East Carolina,56,24.386031921594633,-6.938769569086803
Missouri,98,S Carolina St,66,11.56899502860914,-22.2908843957574
Murray St,96,G Washington,95,7.098433930540837,9.857746736889899
NC State,81,Boise St,70,21.788929391891067,13.415037567503262
Nebraska,80,Winthrop,73,23.21892114201473,1.3368316881639872
New Mexico St,57,UC Irvine,45,0.004049809068651347,3.4963503402669383
North Carolina,85,St Bonaventure,70,20.177147542199364,2.3358205694267835
North Texas,79,E Washington,71,0.7410214367989679,-5.263958334345224
Northern Iowa,72,Loyola-Chicago,51,5.785582448008606,-7.919700317024193
Notre Dame,68,Rutgers,63,10.06327913551909,2.795178359596027
Oakland,95,Montana,87,1.2988617496209411,0.4272721445912008
Ohio St,113,Mt St Mary's,60,16.95643641170654,-11.970313880036324
Oral Roberts,91,Kennesaw,83,-11.75823476123825,0.6339937118072055
Pacific,68,Jacksonville,53,4.378468361891341,-10.526145762510124
Penn St,96,Boston Univ,87,5.083955436049424,-9.831287835150842
Portland St,68,Utah Tech,63,2.2902438567068213,-3.4850425266828218
Rhode Island,80,Vermont,65,4.372881568912538,-5.418090561445725
Samford,78,Georgia St,63,-7.386171296092927,-9.841027531814934
San Diego St,97,Oregon,80,14.954913190967044,8.997587225487342
SC Upstate,82,NC Central,67,-9.147789259024785,-16.23054921366116
SE Missouri St,84,Cal Poly,68,-6.757013248262701,-6.316796372758351
St John's,96,Baylor,81,22.387807157714732,15.872210600276453
Stony Brook,61,Bethune-Cookman,54,-4.2986893622781555,-7.810451810139458
Temple,79,Princeton,75,1.6101601066860876,-5.435545860544262
Tennessee,76,Houston,73,22.52532774922322,25.82056645334507
Tennessee St,75,UNC Asheville,73,-7.984243030172132,-4.515129557592766
Texas A&M,120,MS Valley St,84,19.179102352686098,-28.348205063722833
Towson,72,Liberty,69,-0.5464166889081582,5.976024139614131
Tulsa,81,San Jose St,51,12.474016558063923,-3.069027491311642
UAB,75,UTEP,59,4.233612921761928,-6.308444347027473
UCF,102,Quinnipiac,91,15.06572674394935,-3.997091735107692
USC,83,Seton Hall,81,13.985005389761836,13.61217858159576
UT San Antonio,77,Ga Southern,64,-15.648689776756592,-8.452463657169565
Utah Valley,75,S Dakota St,52,6.639639918156236,-1.4024499716884644
Villanova,89,Old Dominion,75,18.019965533374403,-8.261680554358493
Wake Forest,99,Campbell,51,12.26856625050307,-4.608704820965019
William & Mary,92,Abilene Chr,58,1.656572728906202,-7.721991269551377
Wright St,79,Stetson,62,1.3021861730347852,-14.070523158103668
Cal Baptist,76,San Diego,61,2.1953924231003668,-2.184946658816856
Bellarmine,74,Houston Chr,69,-9.739354468795353,-9.978893333224674
UC San Diego,87,Bradley,77,3.4181336664537407,3.590955518992814
East Texas A&M,84,Army,67,-10.24868267858815,-14.42534764296668
Alabama,105,Maryland,72,22.89926309681164,2.5510536362520244
Army,81,F Dickinson,73,-14.42534764296668,-14.479566581615781
Auburn,85,St John's,74,19.144250770747117,22.387807157714732
Baylor,91,San Diego St,81,15.872210600276453,14.954913190967044
Belmont,87,Toledo,72,10.045584450409333,0.3389247220623984
Boston College,73,Harvard,60,3.54890302348592,-1.9259472947129983
Bowling Green,81,VMI,48,3.589447698727336,-19.385486784833247
Bradley,74,Liberty,64,3.590955518992814,5.976024139614131
Brown,59,New Hampshire,47,-9.277418865214003,-12.508359622828568
Buffalo,73,Bucknell,71,-1.2829899801500664,-13.096288524993339
Columbia,106,Fairfield,77,-1.1455860463245808,-8.368082465442098
E Michigan,64,Cincinnati,56,-3.580139516277849,12.416982907123183
Florida Intl,74,NE Omaha,61,-1.0098371649423266,-6.6809771450146105
Fresno St,76,Pepperdine,53,4.073803256746674,-5.588454031414728
Houston,66,Notre Dame,56,25.82056645334507,10.06327913551909
Houston Chr,72,Citadel,65,-9.978893333224674,-15.588927891729995
Idaho,78,CS Northridge,64,-0.860099995525089,-2.1109082342198446
Iowa,59,Grand Canyon,46,21.236487010988846,11.357472832207115
Iowa St,95,Syracuse,64,28.277104289911488,11.66262825734674
Kansas,81,Tennessee,76,23.957485614866563,22.52532774922322
Kennesaw,102,FGCU,100,0.6339937118072055,-4.349217773076286
Kentucky,104,Tennessee Tech,54,20.62694485238151,-14.281089336240143
Lipscomb,90,Marshall,67,-2.2704298007365584,0.16629603079518857
Louisiana Tech,75,Indiana St,73,-5.691689472397247,-2.4581456880249015
Louisville,104,NJIT,47,24.611732488445927,-14.80646949052454
MA Lowell,75,Stonehill,64,-14.238798983700297,-13.871167902361144
Memphis,74,S Illinois,58,7.369641932350132,3.3850180919715123
Mercer,75,Appalachian St,67,0.5840288415363489,-3.019964221943779
Miami OH,82,UNC Greensboro,71,6.878792003107033,-12.065434872466879
Michigan,101,Gonzaga,61,34.00895201746655,26.12679094319873
N Colorado,71,Air Force,53,-1.0823524586851767,-12.735240615401642
N Dakota St,56,Jacksonville St,43,2.046795939331589,-4.019877384600862
N Kentucky,93,Wofford,83,-2.4537270857196694,-5.064308768836391
Navy,84,Gardner Webb,51,-2.05716253834581,-24.646235285714415
New Mexico,93,Alabama St,87,14.880097023188116,-13.932727716177093
New Mexico St,77,Georgia St,58,0.004049809068651347,-9.841027531814934
Northern Arizona,79,SE Missouri St,72,-9.643076515343548,-6.757013248262701
Portland,93,Long Beach St,73,-0.9276049727698782,-4.652494408015093
Rhode Island,90,Temple,75,4.372881568912538,1.6101601066860876
Rice,81,Oral Roberts,62,-4.818057589699624,-11.75823476123825
Robert Morris,88,IL Chicago,74,-3.837549906546749,1.7665509943221132
Sam Houston St,84,Idaho St,81,4.794162125506685,-2.6900359146858124
San Jose St,63,Loyola-Chicago,51,-3.069027491311642,-7.919700317024193
Seton Hall,75,Washington St,61,13.61217858159576,4.5380550036221035
St Mary's CA,70,Wichita St,65,16.908220628065287,8.433712769495724
Texas,102,NC State,97,17.79158970367343,21.788929391891067
Texas Tech,82,New Orleans,50,22.11626746517065,-3.575655046476065
Troy,74,St Francis PA,64,0.09710533684838424,-18.95162660287704
Tulsa,63,Northern Iowa,60,12.474016558063923,5.785582448008606
UC Irvine,64,S Dakota St,52,3.4963503402669383,-1.4024499716884644
UNC Wilmington,70,SE Louisiana,57,2.413830183033299,-8.378711089435738
USC,88,Arizona St,75,13.985005389761836,10.603952967409308
Utah,75,Mississippi,74,6.364077339194109,10.46160439503338
Utah Valley,89,Samford,45,6.639639918156236,-7.386171296092927
VCU,78,South Florida,66,12.760710460803173,10.967070575235171
Vanderbilt,83,WKU,78,24.154102986278797,0.4252617180430557
Vermont,79,Princeton,74,-5.418090561445725,-5.435545860544262
Virginia Tech,66,Colorado St,64,13.649896701268442,8.035917066741126
Wagner,103,Manhattan,101,-12.601506934083272,-15.274581333554556
Wyoming,101,Denver,59,8.357185218844622,-6.718963056154548
UC San Diego,87,Towson,73,3.4181336664537407,-0.5464166889081582
Southern Indiana,64,Valparaiso,56,-14.295320327497267,0.7826673040916575
BYU,72,Miami FL,62,22.96623370113013,17.78517891833293
Colorado,79,San Francisco,69,10.951503521035468,6.276755571400898
Colorado St,76,Wichita St,70,8.035917066741126,8.433712769495724
Creighton,76,Oregon,66,10.984102719717837,8.997587225487342
Dayton,84,Georgetown,79,7.453720484555427,8.097403188054626
Duke,80,Arkansas,71,30.47631292494664,21.77145836677927
Furman,73,Richmond,72,-2.2995798984529365,3.374354993392689
Illinois St,79,Charlotte,69,8.933861719167899,1.2042231354891468
Michigan St,74,North Carolina,58,24.386031921594633,20.177147542199364
Oklahoma St,86,Northwestern,81,13.86708154452552,11.78237952913321
Rutgers,80,UNLV,65,2.795178359596027,3.1267531403743414
South Florida,97,WKU,91,10.967070575235171,0.4252617180430557
St Bonaventure,67,East Carolina,58,2.3358205694267835,-6.938769569086803
St Louis,71,Santa Clara,70,21.74212133595362,16.697031882728538
St Mary's CA,77,Virginia Tech,66,16.908220628065287,13.649896701268442
Stanford,72,Minnesota,68,11.495746482735854,10.308552144640325
TCU,84,Florida,80,14.466735878512502,26.39081761428366
Vanderbilt,89,VCU,74,24.154102986278797,12.760710460803173
Washington,83,Nevada,66,15.817584011338012,12.180469852648914
Wisconsin,104,Providence,83,16.984647164159234,11.241342833123284
Alcorn St,81,Indiana St,74,-20.10652752334088,-2.4581456880249015
American Univ,74,Maine,61,-6.396969179237704,-16.277077360329795
Arkansas St,85,N Dakota St,80,-2.643647731191786,2.046795939331589
Butler,94,Wright St,69,12.436267405379676,1.3021861730347852
BYU,83,Dayton,79,22.96623370113013,7.453720484555427
Clemson,92,Alabama A&M,56,17.882590338253785,-12.721138316688517
Colgate,69,SUNY Albany,67,-3.5300665357659207,-13.163496176751917
Colorado,81,Washington,68,10.951503521035468,15.817584011338012
Colorado St,83,South Florida,68,8.035917066741126,10.967070575235171
Connecticut,74,Illinois,61,25.10729111927154,27.558451754312838
Davidson,90,NC A&T,74,6.002686977751972,-8.135106985044182
DePaul,75,Georgia Tech,61,7.564957311061451,4.81995930743693
E Michigan,73,NJIT,55,-3.580139516277849,-14.80646949052454
Florida,90,Providence,78,26.39081761428366,11.241342833123284
Hawaii,92,North Dakota,55,8.020968123203241,-8.39620613812819
Hofstra,63,La Salle,58,2.086644182827586,-4.388475820600071
Idaho St,82,CS Northridge,50,-2.6900359146858124,-2.1109082342198446
Illinois St,72,Furman,65,8.933861719167899,-2.2995798984529365
Jackson St,51,Louisiana,45,-19.547308217380763,-12.137067018502796
LSU,71,Drake,62,14.712317974153333,0.7544156025781878
Miami FL,78,Georgetown,65,17.78517891833293,8.097403188054626
Missouri,86,Cleveland St,59,11.56899502860914,-10.736414013574178
Monmouth NJ,80,Ball St,73,-3.848522919496683,-11.502717502859307
Nevada,81,San Francisco,65,12.180469852648914,6.276755571400898
Oklahoma,75,Marquette,74,11.432263406894199,6.499579672447203
Penn,77,Merrimack,65,-2.0570696017200927,-5.674283720960461
Pittsburgh,67,Ohio St,66,8.195075774872146,16.95643641170654
Purdue,109,E Illinois,62,26.152648451209974,-12.380585287610003
Richmond,71,Charlotte,66,3.374354993392689,1.2042231354891468
Robert Morris,61,Southern Utah,54,-3.837549906546749,-11.107617721609282
Sam Houston St,94,Idaho,68,4.794162125506685,-0.860099995525089
UC Santa Barbara,72,Lehigh,70,3.2846658019866024,-10.370556306684765
Santa Clara,86,Minnesota,75,16.697031882728538,10.308552144640325
SE Louisiana,76,Gardner Webb,68,-8.378711089435738,-24.646235285714415
Seattle,66,Texas St,52,4.296087924139515,-8.993596293102888
Siena,70,Longwood,63,-3.3587700316394775,-9.004272423423975
SMU,87,Mississippi St,81,18.858138555743015,8.973566181550307
South Carolina,74,Charleston So,62,8.258663769478087,-6.340856798534731
Stanford,78,St Louis,77,11.495746482735854,21.74212133595362
Stony Brook,71,Loy Marymount,68,-4.2986893622781555,1.5500504379175963
TCU,74,Wisconsin,63,14.466735878512502,16.984647164159234
Texas A&M,95,Florida St,59,19.179102352686098,8.465280031603305
Tulane,82,Nicholls St,72,-1.5078676189201856,-6.207446160282377
UNC Wilmington,87,Navy,57,2.413830183033299,-2.05716253834581
VCU,86,Virginia Tech,68,12.760710460803173,13.649896701268442
Vanderbilt,96,St Mary's CA,71,24.154102986278797,16.908220628065287
Virginia,94,Queens NC,69,20.91879714221833,-4.175091457795946
WKU,75,Wichita St,70,0.4252617180430557,8.433712769495724
Wake Forest,86,Northeastern,73,12.26856625050307,-6.463460575559628
Xavier,88,TAM C. Christi,67,7.778365709841898,-2.5860191794207728
Youngstown St,87,Chicago St,64,-2.8049667940666527,-16.24969652612226
Le Moyne,76,Lafayette,63,-9.839160736172351,-12.102088387400759
Akron,105,WI Milwaukee,81,11.189246661258986,-6.744387041618924
Arizona,98,Norfolk St,61,29.622564216561056,-13.021484758554106
Army,81,Manhattan,78,-14.42534764296668,-15.274581333554556
Buffalo,71,Canisius,53,-1.2829899801500664,-17.060558122515523
CS Fullerton,83,Pepperdine,69,-2.1915793640363734,-5.588454031414728
Dartmouth,87,St Peter's,61,-5.458928015720884,-6.3187048872930385
Detroit,70,Niagara,66,-7.342812147525938,-16.995194255109116
Drake,84,Georgia Tech,74,0.7544156025781878,4.81995930743693
ETSU,80,Cent Arkansas,57,1.9085058569619273,-1.5873241521362738
Fordham,88,SUNY Albany,68,-0.05904195752884017,-13.163496176751917
Ga Southern,80,Houston Chr,62,-8.452463657169565,-9.978893333224674
George Mason,82,James Madison,66,8.095174888899992,-6.42260170209562
Georgia,123,Tennessee Tech,81,20.02973847054447,-14.281089336240143
Harvard,56,Bryant,53,-1.9259472947129983,-15.975655117989465
High Point,93,W Carolina,73,7.455157949413491,-9.503110725382177
Hofstra,78,Merrimack,58,2.086644182827586,-5.674283720960461
Indiana,100,Bethune-Cookman,56,18.87384006863379,-7.810451810139458
IUPUI,85,Morehead St,80,-12.491570369997088,-11.585204401367001
Lafayette,55,Ball St,37,-12.102088387400759,-11.502717502859307
Lehigh,78,Texas St,74,-10.370556306684765,-8.993596293102888
Lipscomb,88,SE Missouri St,77,-2.2704298007365584,-6.757013248262701
Longwood,65,Maine,61,-9.004272423423975,-16.277077360329795
Louisiana Tech,83,Alcorn St,58,-5.691689472397247,-20.10652752334088
LSU,96,DePaul,63,14.712317974153333,7.564957311061451
Mercer,91,Elon,84,0.5840288415363489,-1.7109036279344259
Mt St Mary's,79,Howard,75,-11.970313880036324,-8.060038874832856
N Kentucky,74,Boston Univ,65,-2.4537270857196694,-9.831287835150842
Nebraska,72,SC Upstate,63,23.21892114201473,-9.147789259024785
Pacific,68,CS Sacramento,54,4.378468361891341,-6.393255168038442
Penn,73,La Salle,71,-2.0570696017200927,-4.388475820600071
Penn St,90,Sacred Heart,59,5.083955436049424,-10.913977813629936
S Illinois,74,Ark Little Rock,65,3.3850180919715123,-13.722529134725532
UC Santa Barbara,74,Seattle,71,3.2846658019866024,4.296087924139515
SE Louisiana,69,Navy,65,-8.378711089435738,-2.05716253834581
Siena,59,American Univ,55,-3.3587700316394775,-6.396969179237704
South Dakota,80,Air Force,63,-8.241126626447448,-12.735240615401642
Southern Univ,75,Northwestern LA,73,-11.076179678502223,-9.19667857822737
Southern Utah,70,Stetson,68,-11.107617721609282,-14.070523158103668
UCF,82,VMI,57,15.06572674394935,-19.385486784833247
UMBC,71,Delaware St,57,-8.519516689602433,-20.10207053375217
UNC Wilmington,88,Gardner Webb,62,2.413830183033299,-24.646235285714415
UT Arlington,66,SF Austin,61,-0.020907387432929244,6.14950134383293
Utah St,84,Montana St,81,19.392266810705305,1.0473895970912468
Valparaiso,84,W Michigan,55,0.7826673040916575,-7.971093026343999
Weber St,82,Missouri KC,61,-2.4753255840285364,-16.661368094073026
Winthrop,101,S Carolina St,79,1.3368316881639872,-22.2908843957574
Wofford,83,E Kentucky,77,-5.064308768836391,-8.312055999179629
Cal Baptist,75,Oregon St,69,2.1953924231003668,-0.9699153817654318
Utah Tech,77,UC Riverside,69,-3.4850425266828218,-8.761132749466462
Le Moyne,83,Monmouth NJ,79,-9.839160736172351,-3.848522919496683
American Univ,92,Longwood,66,-6.396969179237704,-9.004272423423975
Ball St,96,Le Moyne,85,-11.502717502859307,-9.839160736172351
Belmont,96,Col Charleston,73,10.045584450409333,-0.4606347634581468
Coastal Car,67,Alabama A&M,60,-7.357081216042199,-12.721138316688517
Colgate,72,Fordham,62,-3.5300665357659207,-0.05904195752884017
Cornell,101,Bucknell,72,-2.5897361889852073,-13.096288524993339
CS Bakersfield,76,Fresno St,71,-10.961124093729158,4.073803256746674
Fairfield,72,New Hampshire,68,-8.368082465442098,-12.508359622828568
Hofstra,77,Penn,60,2.086644182827586,-2.0570696017200927
Long Beach St,76,San Diego,72,-4.652494408015093,-2.184946658816856
Loyola MD,95,Coppin St,84,-13.377750243521636,-27.640739737591698
Monmouth NJ,88,Lafayette,74,-3.848522919496683,-12.102088387400759
North Texas,72,Prairie View,69,0.7410214367989679,-14.826501312313303
Presbyterian,69,Citadel,41,-8.171853518367254,-15.588927891729995
Quinnipiac,76,Stonehill,62,-3.997091735107692,-13.871167902361144
Robert Morris,80,Stetson,62,-3.837549906546749,-14.070523158103668
Siena,64,Maine,60,-3.3587700316394775,-16.277077360329795
South Alabama,82,UT San Antonio,58,-5.806253567999122,-15.648689776756592
St Bonaventure,70,FL Atlantic,65,2.3358205694267835,6.351804649646517
St Joseph's PA,60,Princeton,58,0.6346552500089729,-5.435545860544262
Tennessee St,70,Chattanooga,64,-7.984243030172132,-11.311391432436908
Texas Tech,76,Wyoming,72,22.11626746517065,8.357185218844622
UC Irvine,72,San Jose St,63,3.4963503402669383,-3.069027491311642
UNC Asheville,67,Appalachian St,55,-4.515129557592766,-3.019964221943779
West Virginia,70,Mercyhurst,38,12.114842312208815,-9.513220387331831
William & Mary,88,Old Dominion,75,1.656572728906202,-8.261680554358493
Yale,77,Vermont,74,8.176250244240705,-5.418090561445725
Merrimack,66,La Salle,60,-5.674283720960461,-4.388475820600071
Bowling Green,82,Kansas St,66,3.589447698727336,10.199483531346415
Cincinnati,76,Tarleton St,58,12.416982907123183,-2.827342432024417
Colorado,78,Cal Baptist,70,10.951503521035468,2.1953924231003668
Incarnate Word,71,McNeese St,67,-5.547585347287668,8.413093453200572
Iona,89,Delaware,66,-5.622253380566301,-8.317869143575352
MTSU,76,UAB,61,1.2330496506793978,4.233612921761928
Stanford,94,Portland,72,11.495746482735854,-0.9276049727698782
Villanova,74,Temple,56,18.019965533374403,1.6101601066860876
Xavier,96,St Francis PA,74,7.778365709841898,-18.95162660287704
North Alabama,73,Jacksonville St,66,-15.019555502687506,-4.019877384600862
West Georgia,93,Troy,89,-11.903771564516768,0.09710533684838424
Abilene Chr,71,Pepperdine,63,-7.721991269551377,-5.588454031414728
Arkansas St,83,UT Arlington,63,-2.643647731191786,-0.020907387432929244
Baylor,110,CS Sacramento,88,15.872210600276453,-6.393255168038442
Binghamton,80,Lehigh,71,-21.707046613042007,-10.370556306684765
Bradley,64,Washington St,60,3.590955518992814,4.5380550036221035
Bryant,77,Stonehill,65,-15.975655117989465,-13.871167902361144
Butler,84,E Michigan,68,12.436267405379676,-3.580139516277849
California,79,Utah,72,13.447545319841446,6.364077339194109
Charlotte,74,NC A&T,57,1.2042231354891468,-8.135106985044182
Connecticut,61,Kansas,56,25.10729111927154,23.957485614866563
Creighton,96,Nicholls St,76,10.984102719717837,-6.207446160282377
Dayton,88,ETSU,71,7.453720484555427,1.9085058569619273
Drake,108,W Illinois,57,0.7544156025781878,-21.1486742641898
Duke,67,Florida,66,30.47631292494664,26.39081761428366
East Carolina,68,MD E Shore,56,-6.938769569086803,-15.28346349833095
SIUE,72,North Florida,63,-8.17415727893679,-15.534483522416355
G Washington,84,Army,70,9.857746736889899,-14.42534764296668
George Mason,99,Cornell,81,8.095174888899992,-2.5897361889852073
Georgia,107,Florida St,73,20.02973847054447,8.465280031603305
Grand Canyon,67,Stetson,45,11.357472832207115,-14.070523158103668
Jacksonville,85,Florida A&M,82,-10.526145762510124,-14.958411699952181
Kennesaw,88,Jackson St,73,0.6339937118072055,-19.547308217380763
Loyola-Chicago,83,C Michigan,72,-7.919700317024193,-9.604265919979685
Marquette,75,Valparaiso,72,6.499579672447203,0.7826673040916575
Maryland,89,Wagner,63,2.5510536362520244,-12.601506934083272
Mercer,78,Georgia St,67,0.5840288415363489,-9.841027531814934
Miami FL,75,Mississippi,66,17.78517891833293,10.46160439503338
Michigan St,71,Iowa,52,24.386031921594633,21.236487010988846
Murray St,84,Morehead St,52,7.098433930540837,-11.585204401367001
Nevada,76,UC San Diego,70,12.180469852648914,3.4181336664537407
North Carolina,67,Kentucky,64,20.177147542199364,20.62694485238151
North Texas,77,Houston Chr,75,0.7410214367989679,-9.978893333224674
Notre Dame,76,Missouri,71,10.06327913551909,11.56899502860914
Oklahoma,86,Wake Forest,68,11.432263406894199,12.26856625050307
Oklahoma St,93,Sam Houston St,83,13.86708154452552,4.794162125506685
Penn St,87,Campbell,76,5.083955436049424,-4.608704820965019
Providence,94,F Dickinson,64,11.241342833123284,-14.479566581615781
Purdue,81,Rutgers,65,26.152648451209974,2.795178359596027
Rhode Island,66,Brown,56,4.372881568912538,-9.277418865214003
South Alabama,77,New Mexico St,75,-5.806253567999122,0.004049809068651347
St Louis,91,Loy Marymount,70,21.74212133595362,1.5500504379175963
Syracuse,62,Tennessee,60,11.66262825734674,22.52532774922322
Texas A&M,81,Pittsburgh,73,19.179102352686098,8.195075774872146
TN Martin,73,Charleston So,56,-3.7745856292540623,-6.340856798534731
Tulane,65,Grambling,63,-1.5078676189201856,-10.144108684165358
UNC Asheville,82,UNC Greensboro,77,-4.515129557592766,-12.065434872466879
USC,82,Oregon,77,13.985005389761836,8.997587225487342
Virginia Tech,86,South Carolina,83,13.649896701268442,8.258663769478087
William & Mary,83,Duquesne,79,1.656572728906202,4.686016814942015
Winthrop,94,LIU Brooklyn,92,1.3368316881639872,-3.546335998209576
Lindenwood,99,N Illinois,64,-7.15310794555327,-10.69931700103686
Akron,97,Bucknell,77,11.189246661258986,-13.096288524993339
Alabama,90,Clemson,84,22.89926309681164,17.882590338253785
Alabama A&M,80,Tennessee St,53,-12.721138316688517,-7.984243030172132
American Univ,75,Drexel,73,-6.396969179237704,-3.932084854527281
Ark Pine Bluff,63,IL Chicago,62,-13.668354319462967,1.7665509943221132
Arkansas,89,Louisville,80,21.77145836677927,24.611732488445927
Auburn,83,NC State,73,19.144250770747117,21.788929391891067
BYU,91,Cal Baptist,60,22.96623370113013,2.1953924231003668
Cent Arkansas,85,Ark Little Rock,47,-1.5873241521362738,-13.722529134725532
Columbia,72,Hofstra,70,-1.1455860463245808,2.086644182827586
Dartmouth,69,New Hampshire,68,-5.458928015720884,-12.508359622828568
Denver,93,E Washington,89,-6.718963056154548,-5.263958334345224
Detroit,92,IUPUI,78,-7.342812147525938,-12.491570369997088
Evansville,64,Ball St,52,-7.795268693393136,-11.502717502859307
Florida Intl,89,FGCU,83,-1.0098371649423266,-4.349217773076286
Furman,97,Elon,88,-2.2995798984529365,-1.7109036279344259
Ga Southern,77,Louisiana Tech,69,-8.452463657169565,-5.691689472397247
Georgetown,90,UMBC,81,8.097403188054626,-8.519516689602433
Hampton,93,Loyola MD,71,-8.456384002540549,-13.377750243521636
Holy Cross,76,Northeastern,59,-13.04688731791795,-6.463460575559628
Idaho,90,North Dakota,58,-0.860099995525089,-8.39620613812819
Idaho St,68,Missouri KC,59,-2.6900359146858124,-16.661368094073026
Illinois St,89,E Kentucky,78,8.933861719167899,-8.312055999179629
Iowa St,132,Alcorn St,68,28.277104289911488,-20.10652752334088
James Madison,67,NC Central,62,-6.42260170209562,-16.23054921366116
Kent,96,Austin Peay,84,1.3438007614795435,-0.6575938360595827
Lamar,65,Louisiana,55,-2.214271862878108,-12.137067018502796
Lipscomb,83,Tennessee Tech,80,-2.2704298007365584,-14.281089336240143
LSU,78,Boston College,69,14.712317974153333,3.54890302348592
Massachusetts,78,Harvard,71,-0.4961988777783989,-1.9259472947129983
Memphis,86,New Orleans,70,7.369641932350132,-3.575655046476065
Minnesota,73,Indiana,64,10.308552144640325,18.87384006863379
Mississippi St,85,Georgia Tech,73,8.973566181550307,4.81995930743693
Monmouth NJ,63,Princeton,58,-3.848522919496683,-5.435545860544262
Montana St,82,St Thomas MN,74,1.0473895970912468,2.882581967815671
N Colorado,75,NE Omaha,70,-1.0823524586851767,-6.6809771450146105
N Dakota St,81,Montana,72,2.046795939331589,0.4272721445912008
N Kentucky,95,Cleveland St,80,-2.4537270857196694,-10.736414013574178
Navy,66,Delaware St,59,-2.05716253834581,-20.10207053375217
Oakland,101,PFW,92,1.2988617496209411,-5.625687252766425
Ohio,79,Maine,57,-2.458559640908652,-16.277077360329795
Oregon St,80,Vermont,58,-0.9699153817654318,-5.418090561445725
Pacific,80,Air Force,65,4.378468361891341,-12.735240615401642
Portland St,77,South Dakota,71,2.2902438567068213,-8.241126626447448
Rice,77,Texas St,72,-4.818057589699624,-8.993596293102888
Richmond,84,Belmont,76,3.374354993392689,10.045584450409333
S Dakota St,75,Northern Arizona,62,-1.4024499716884644,-9.643076515343548
S Illinois,86,High Point,84,3.3850180919715123,7.455157949413491
Sacred Heart,87,Mt St Mary's,80,-10.913977813629936,-11.970313880036324
San Diego St,77,Utah Valley,66,14.954913190967044,6.639639918156236
Santa Clara,90,Utah Tech,80,16.697031882728538,-3.4850425266828218
SC Upstate,85,Coastal Car,78,-9.147789259024785,-7.357081216042199
Seton Hall,77,Central Conn,61,13.61217858159576,-10.69680210540559
SF Austin,73,UTRGV,60,6.14950134383293,-0.22814271103413875
Southern Miss,82,Radford,75,-6.948449734643707,-6.409728237299939
Towson,93,Cornell,80,-0.5464166889081582,-2.5897361889852073
UCLA,82,Washington,80,17.20134853209326,15.817584011338012
ULM,66,MS Valley St,52,-18.229928278847783,-28.348205063722833
UNC Wilmington,70,Marshall,69,2.413830183033299,0.16629603079518857
Vanderbilt,88,SMU,69,24.154102986278797,18.858138555743015
Virginia,88,Texas,69,20.91879714221833,17.79158970367343
W Michigan,88,Southern Indiana,74,-7.971093026343999,-14.295320327497267
Weber St,92,Oral Roberts,66,-2.4753255840285364,-11.75823476123825
West Virginia,91,Coppin St,49,12.114842312208815,-27.640739737591698
Wisconsin,85,Northwestern,73,16.984647164159234,11.78237952913321
Wofford,63,Presbyterian,56,-5.064308768836391,-8.171853518367254
Youngstown St,69,Wright St,68,-2.8049667940666527,1.3021861730347852
North Alabama,65,San Francisco,63,-15.019555502687506,6.276755571400898
Queens NC,107,Gardner Webb,74,-4.175091457795946,-24.646235285714415
Cal Poly,94,CS Fullerton,91,-6.316796372758351,-2.1915793640363734
CS Northridge,87,CS Bakersfield,66,-2.1109082342198446,-10.961124093729158
Davidson,79,Citadel,63,6.002686977751972,-15.588927891729995
Hawaii,75,UC Davis,69,8.020968123203241,-0.8434486910801374
Robert Morris,80,WI Green Bay,78,-3.837549906546749,-5.7700409143629
UC Santa Barbara,84,Long Beach St,77,3.2846658019866024,-4.652494408015093
South Florida,74,Utah St,61,10.967070575235171,19.392266810705305
UC Irvine,73,UC Riverside,60,3.4963503402669383,-8.761132749466462
Merrimack,68,Rider,66,-5.674283720960461,-17.261706725421675
Bethune-Cookman,80,S Carolina St,59,-7.810451810139458,-22.2908843957574
Brown,75,Bryant,56,-9.277418865214003,-15.975655117989465
Connecticut,83,East Texas A&M,59,25.10729111927154,-10.24868267858815
ETSU,91,South Alabama,65,1.9085058569619273,-5.806253567999122
Gonzaga,94,Kentucky,59,26.12679094319873,20.62694485238151
High Point,89,NJIT,72,7.455157949413491,-14.80646949052454
Lafayette,79,Mercyhurst,71,-12.102088387400759,-9.513220387331831
Manhattan,70,Fairfield,66,-15.274581333554556,-8.368082465442098
Marist,64,Mt St Mary's,56,-1.1747337528313329,-11.970313880036324
McNeese St,92,Northwestern LA,54,8.413093453200572,-9.19667857822737
Notre Dame,87,TCU,85,10.06327913551909,14.466735878512502
Quinnipiac,89,Iona,68,-3.997091735107692,-5.622253380566301
San Jose St,86,San Diego,69,-3.069027491311642,-2.184946658816856
Siena,83,Niagara,54,-3.3587700316394775,-16.995194255109116
St Peter's,69,Canisius,57,-6.3187048872930385,-17.060558122515523
UAB,74,Drake,69,4.233612921761928,0.7544156025781878
VCU,83,Samford,57,12.760710460803173,-7.386171296092927
Xavier,79,Cincinnati,74,7.778365709841898,12.416982907123183
Abilene Chr,77,New Mexico St,69,-7.721991269551377,0.004049809068651347
Akron,88,Tulane,71,11.189246661258986,-1.5078676189201856
American Univ,78,MD E Shore,60,-6.396969179237704,-15.28346349833095
Arizona,97,Auburn,68,29.622564216561056,19.144250770747117
Arizona St,86,Oklahoma,70,10.603952967409308,11.432263406894199
Arkansas,82,Fresno St,58,21.77145836677927,4.073803256746674
Arkansas St,90,Ark Little Rock,78,-2.643647731191786,-13.722529134725532
Boise St,77,Butler,68,13.415037567503262,12.436267405379676
Boston College,67,New Haven,63,3.54890302348592,-14.029552843602488
Bradley,84,N Illinois,55,3.590955518992814,-10.69931700103686
California,67,Pacific,61,13.447545319841446,4.378468361891341
Coastal Car,88,Winthrop,84,-7.357081216042199,1.3368316881639872
Colorado St,91,Colorado,86,8.035917066741126,10.951503521035468
Columbia,93,SUNY Albany,65,-1.1455860463245808,-13.163496176751917
Delaware St,75,Delaware,72,-20.10207053375217,-8.317869143575352
DePaul,76,Ark Pine Bluff,72,7.564957311061451,-13.668354319462967
Detroit,71,Cleveland St,59,-7.342812147525938,-10.736414013574178
Duke,66,Michigan St,60,30.47631292494664,24.386031921594633
Duquesne,84,Stony Brook,75,4.686016814942015,-4.2986893622781555
E Washington,90,Missouri KC,66,-5.263958334345224,-16.661368094073026
Elon,73,Wofford,52,-1.7109036279344259,-5.064308768836391
Florida Intl,88,Jacksonville,65,-1.0098371649423266,-10.526145762510124
Furman,79,Harvard,69,-2.2995798984529365,-1.9259472947129983
G Washington,99,William & Mary,86,9.857746736889899,1.656572728906202
Ga Southern,88,Gardner Webb,84,-8.452463657169565,-24.646235285714415
Georgia Tech,79,Monmouth NJ,67,4.81995930743693,-3.848522919496683
Hawaii,69,CS Fullerton,59,8.020968123203241,-2.1915793640363734
Holy Cross,70,Fordham,69,-13.04688731791795,-0.05904195752884017
Houston,82,Florida St,67,25.82056645334507,8.465280031603305
Houston Chr,85,New Orleans,76,-9.978893333224674,-3.575655046476065
Idaho,84,S Dakota St,81,-0.860099995525089,-1.4024499716884644
Idaho St,93,Denver,79,-2.6900359146858124,-6.718963056154548
Illinois,75,Tennessee,62,27.558451754312838,22.52532774922322
Illinois St,95,Chicago St,53,8.933861719167899,-16.24969652612226
Iowa,83,Maryland,64,21.236487010988846,2.5510536362520244
Iowa St,81,Purdue,58,28.277104289911488,26.152648451209974
PFW,79,N Kentucky,77,-5.625687252766425,-2.4537270857196694
James Madison,68,Norfolk St,67,-6.42260170209562,-13.021484758554106
Kennesaw,92,Georgia St,69,0.6339937118072055,-9.841027531814934
La Salle,69,Drexel,64,-4.388475820600071,-3.932084854527281
Liberty,92,Coppin St,50,5.976024139614131,-27.640739737591698
LIU Brooklyn,87,Lehigh,82,-3.546335998209576,-10.370556306684765
Longwood,84,Morgan St,80,-9.004272423423975,-20.00282080703169
Louisville,87,Indiana,78,24.611732488445927,18.87384006863379
Loyola-Chicago,73,Princeton,68,-7.919700317024193,-5.435545860544262
Massachusetts,80,MA Lowell,60,-0.4961988777783989,-14.238798983700297
Memphis,78,Baylor,71,7.369641932350132,15.872210600276453
Miami FL,88,Southern Miss,64,17.78517891833293,-6.948449734643707
Miami OH,93,Maine,61,6.878792003107033,-16.277077360329795
Michigan,101,Rutgers,60,34.00895201746655,2.795178359596027
Montana,79,North Dakota,75,0.4272721445912008,-8.39620613812819
Murray St,81,Bellarmine,68,7.098433930540837,-9.739354468795353
N Colorado,89,South Dakota,87,-1.0823524586851767,-8.241126626447448
N Dakota St,69,Northern Arizona,68,2.046795939331589,-9.643076515343548
NC A&T,69,NC Central,54,-8.135106985044182,-16.23054921366116
NC State,75,UNC Asheville,63,21.788929391891067,-4.515129557592766
NE Omaha,60,Portland St,55,-6.6809771450146105,2.2902438567068213
New Hampshire,88,Boston Univ,82,-12.508359622828568,-9.831287835150842
New Mexico,98,Santa Clara,71,14.880097023188116,16.697031882728538
Nicholls St,74,Incarnate Word,67,-6.207446160282377,-5.547585347287668
Oakland,98,Toledo,97,1.2988617496209411,0.3389247220623984
Ohio,88,Marshall,81,-2.458559640908652,0.16629603079518857
Ohio St,86,Northwestern,82,16.95643641170654,11.78237952913321
Oklahoma St,84,Grand Canyon,78,13.86708154452552,11.357472832207115
Oral Roberts,72,Montana St,68,-11.75823476123825,1.0473895970912468
Oregon St,81,Southern Utah,70,-0.9699153817654318,-11.107617721609282
Presbyterian,80,Morehead St,72,-8.171853518367254,-11.585204401367001
Providence,90,Rhode Island,71,11.241342833123284,4.372881568912538
Richmond,86,Old Dominion,77,3.374354993392689,-8.261680554358493
Sam Houston St,82,TX Southern,70,4.794162125506685,-14.284509430349972
UC Santa Barbara,109,CS Bakersfield,84,3.2846658019866024,-10.961124093729158
SC Upstate,78,W Carolina,67,-9.147789259024785,-9.503110725382177
SE Missouri St,74,Chattanooga,70,-6.757013248262701,-11.311391432436908
Seton Hall,78,Kansas St,67,13.61217858159576,10.199483531346415
South Carolina,82,Stetson,51,8.258663769478087,-14.070523158103668
St Bonaventure,77,Buffalo,69,2.3358205694267835,-1.2829899801500664
St John's,63,Mississippi,58,22.387807157714732,10.46160439503338
St Joseph's PA,70,Temple,69,0.6346552500089729,1.6101601066860876
TAM C. Christi,57,Lamar,49,-2.5860191794207728,-2.214271862878108
Tennessee Tech,87,West Georgia,59,-14.281089336240143,-11.903771564516768
Tulsa,98,Missouri St,74,12.474016558063923,-2.3667315699870506
UC Irvine,85,CS Northridge,71,3.4963503402669383,-2.1109082342198446
UC Riverside,88,Cal Poly,84,-8.761132749466462,-6.316796372758351
UCLA,74,Oregon,63,17.20134853209326,8.997587225487342
UMBC,73,Bucknell,66,-8.519516689602433,-13.096288524993339
UNC Greensboro,82,East Carolina,78,-12.065434872466879,-6.938769569086803
UNC Wilmington,70,Louisiana,63,2.413830183033299,-12.137067018502796
Utah,91,Cal Baptist,85,6.364077339194109,2.1953924231003668
Utah Valley,82,Bowling Green,71,6.639639918156236,3.589447698727336
Vermont,65,Pepperdine,56,-5.418090561445725,-5.588454031414728
Villanova,90,Penn,63,18.019965533374403,-2.0570696017200927
Virginia,86,Dayton,73,20.91879714221833,7.453720484555427
Virginia Tech,73,George Mason,62,13.649896701268442,8.095174888899992
WKU,80,Evansville,79,0.4252617180430557,-7.795268693393136
W Michigan,83,SIUE,73,-7.971093026343999,-8.17415727893679
Wake Forest,75,West Virginia,66,12.26856625050307,12.114842312208815
Washington,84,USC,76,15.817584011338012,13.985005389761836
WI Milwaukee,74,Robert Morris,72,-6.744387041618924,-3.837549906546749
Wichita St,74,Northern Iowa,69,8.433712769495724,5.785582448008606
Wisconsin,96,Marquette,76,16.984647164159234,6.499579672447203
Wyoming,93,Dartmouth,80,8.357185218844622,-5.458928015720884
Youngstown St,78,IUPUI,55,-2.8049667940666527,-12.491570369997088
UC San Diego,80,Long Beach St,74,3.4181336664537407,-4.652494408015093
Lindenwood,82,E Illinois,74,-7.15310794555327,-12.380585287610003
Le Moyne,78,Binghamton,63,-9.839160736172351,-21.707046613042007
Alabama,97,UT San Antonio,55,22.89926309681164,-15.648689776756592
Belmont,83,MTSU,62,10.045584450409333,1.2330496506793978
FL Atlantic,81,FGCU,76,6.351804649646517,-4.349217773076286
Gonzaga,109,North Florida,58,26.12679094319873,-15.534483522416355
Hofstra,80,Pittsburgh,73,2.086644182827586,8.195075774872146
Indiana St,77,Southern Indiana,55,-2.4581456880249015,-14.295320327497267
Iona,81,Sacred Heart,69,-5.622253380566301,-10.913977813629936
Kansas,80,Missouri,60,23.957485614866563,11.56899502860914
Lipscomb,92,Alabama A&M,58,-2.2704298007365584,-12.721138316688517
Marist,80,Manhattan,68,-1.1747337528313329,-15.274581333554556
Navy,61,Air Force,56,-2.05716253834581,-12.735240615401642
Nebraska,71,Creighton,50,23.21892114201473,10.984102719717837
Nevada,78,Washington St,64,12.180469852648914,4.5380550036221035
North Carolina,81,Georgetown,61,20.177147542199364,8.097403188054626
Northeastern,73,Central Conn,56,-6.463460575559628,-10.69680210540559
Northwestern LA,76,SE Louisiana,68,-9.19667857822737,-8.378711089435738
Quinnipiac,72,Rider,58,-3.997091735107692,-17.261706725421675
Radford,89,St Francis PA,56,-6.409728237299939,-18.95162660287704
Samford,93,Cornell,90,-7.386171296092927,-2.5897361889852073
San Francisco,65,Mississippi St,62,6.276755571400898,8.973566181550307
Seattle,75,UTEP,68,4.296087924139515,-6.308444347027473
SF Austin,96,ULM,76,6.14950134383293,-18.229928278847783
Siena,74,Canisius,52,-3.3587700316394775,-17.060558122515523
SMU,93,Texas A&M,80,18.858138555743015,19.179102352686098
St Louis,107,C Michigan,65,21.74212133595362,-9.604265919979685
St Mary's CA,70,Davidson,61,16.908220628065287,6.002686977751972
St Peter's,71,Niagara,43,-6.3187048872930385,-16.995194255109116
TCU,65,North Texas,55,14.466735878512502,0.7410214367989679
Texas Tech,82,LSU,58,22.11626746517065,14.712317974153333
TN Martin,74,Alabama St,64,-3.7745856292540623,-13.932727716177093
UTRGV,63,Austin Peay,50,-0.22814271103413875,-0.6575938360595827
UCF,86,Towson,61,15.06572674394935,-0.5464166889081582
UNLV,75,Stanford,74,3.1267531403743414,11.495746482735854
Utah St,79,Charlotte,53,19.392266810705305,1.2042231354891468
Wright St,86,WI Green Bay,58,1.3021861730347852,-5.7700409143629
Yale,80,IL Chicago,66,8.176250244240705,1.7665509943221132
Merrimack,74,Fairfield,63,-5.674283720960461,-8.368082465442098
St Thomas MN,88,Weber St,65,2.882581967815671,-2.4753255840285364
East Texas A&M,75,Cent Arkansas,68,-10.24868267858815,-1.5873241521362738
Charleston So,84,S Carolina St,44,-6.340856798534731,-22.2908843957574
Kansas St,108,MS Valley St,49,10.199483531346415,-28.348205063722833
New Orleans,84,Incarnate Word,83,-3.575655046476065,-5.547585347287668
Penn,74,Lafayette,72,-2.0570696017200927,-12.102088387400759
Southern Miss,68,Grambling,60,-6.948449734643707,-10.144108684165358
Texas,95,Southern Univ,69,17.79158970367343,-11.076179678502223
Arizona St,73,Northern Arizona,48,10.603952967409308,-9.643076515343548
Bucknell,51,Rider,38,-13.096288524993339,-17.261706725421675
Buffalo,83,UMBC,79,-1.2829899801500664,-8.519516689602433
BYU,67,Clemson,64,22.96623370113013,17.882590338253785
Colorado St,76,Dartmouth,55,8.035917066741126,-5.458928015720884
Connecticut,77,Florida,73,25.10729111927154,26.39081761428366
DePaul,92,Morgan St,49,7.564957311061451,-20.00282080703169
Howard,73,NC A&T,69,-8.060038874832856,-8.135106985044182
Illinois,88,Ohio St,80,27.558451754312838,16.95643641170654
Indiana,113,Penn St,72,18.87384006863379,5.083955436049424
Kentucky,103,NC Central,67,20.62694485238151,-16.23054921366116
McNeese St,66,Rhode Island,64,8.413093453200572,4.372881568912538
Michigan,89,Villanova,61,34.00895201746655,18.019965533374403
Providence,86,Brown,79,11.241342833123284,-9.277418865214003
S Dakota St,68,Ball St,64,-1.4024499716884644,-11.502717502859307
San Jose St,89,Long Beach St,83,-3.069027491311642,-4.652494408015093
St Joseph's PA,87,Coppin St,65,0.6346552500089729,-27.640739737591698
Stony Brook,77,Columbia,73,-4.2986893622781555,-1.1455860463245808
USC,94,San Diego,81,13.985005389761836,-2.184946658816856
Virginia,84,MD E Shore,60,20.91879714221833,-15.28346349833095
VMI,86,Loyola MD,70,-19.385486784833247,-13.377750243521636
West Virginia,90,Ark Little Rock,58,12.114842312208815,-13.722529134725532
Wyoming,106,South Dakota,79,8.357185218844622,-8.241126626447448
Baylor,97,Norfolk St,67,15.872210600276453,-13.021484758554106
Boise St,86,Duquesne,64,13.415037567503262,4.686016814942015
CS Northridge,89,Fresno St,87,-2.1109082342198446,4.073803256746674
Delaware,70,G Washington,58,-8.317869143575352,9.857746736889899
E Kentucky,68,E Illinois,59,-8.312055999179629,-12.380585287610003
Fordham,75,F Dickinson,54,-0.05904195752884017,-14.479566581615781
Houston,80,Jackson St,38,25.82056645334507,-19.547308217380763
Iona,69,Bryant,63,-5.622253380566301,-15.975655117989465
PFW,80,E Michigan,65,-5.625687252766425,-3.580139516277849
Maine,69,Boston Univ,59,-16.277077360329795,-9.831287835150842
Marshall,77,WKU,61,0.16629603079518857,0.4252617180430557
Massachusetts,76,Boston College,74,-0.4961988777783989,3.54890302348592
Miami OH,90,UNC Asheville,87,6.878792003107033,-4.515129557592766
NC State,85,Liberty,45,21.788929391891067,5.976024139614131
Nebraska,90,Wisconsin,60,23.21892114201473,16.984647164159234
New Mexico,81,VCU,78,14.880097023188116,12.760710460803173
NJIT,70,New Haven,64,-14.80646949052454,-14.029552843602488
Notre Dame,80,Idaho,65,10.06327913551909,-0.860099995525089
Purdue,85,Minnesota,57,26.152648451209974,10.308552144640325
S Illinois,83,TN Martin,54,3.3850180919715123,-3.7745856292540623
San Diego St,89,Lamar,71,14.954913190967044,-2.214271862878108
South Florida,81,Col Charleston,75,10.967070575235171,-0.4606347634581468
St Bonaventure,85,Colgate,77,2.3358205694267835,-3.5300665357659207
Texas St,86,Southern Univ,83,-8.993596293102888,-11.076179678502223
Tulsa,117,Ark Pine Bluff,84,12.474016558063923,-13.668354319462967
Utah Valley,73,Idaho St,69,6.639639918156236,-2.6900359146858124
Weber St,64,Missouri KC,60,-2.4753255840285364,-16.661368094073026
Yale,93,SUNY Albany,82,8.176250244240705,-13.163496176751917
Merrimack,59,Princeton,56,-5.674283720960461,-5.435545860544262
Appalachian St,67,East Carolina,54,-3.019964221943779,-6.938769569086803
Iowa St,66,Iowa,62,28.277104289911488,21.236487010988846
Missouri,85,Alabama St,77,11.56899502860914,-13.932727716177093
N Dakota St,80,CS Bakersfield,69,2.046795939331589,-10.961124093729158
Syracuse,71,St Joseph's PA,63,11.66262825734674,0.6346552500089729
UT Arlington,58,UTRGV,50,-0.020907387432929244,-0.22814271103413875
Virginia Tech,96,W Carolina,74,13.649896701268442,-9.503110725382177
WI Green Bay,85,IUPUI,75,-5.7700409143629,-12.491570369997088
Army,63,UMBC,60,-14.42534764296668,-8.519516689602433
Austin Peay,76,ETSU,75,-0.6575938360595827,1.9085058569619273
Connecticut,71,Texas,63,25.10729111927154,17.79158970367343
McNeese St,102,East Texas A&M,66,8.413093453200572,-10.24868267858815
NC A&T,82,MD E Shore,79,-8.135106985044182,-15.28346349833095
Xavier,75,Missouri St,57,7.778365709841898,-2.3667315699870506
Cal Baptist,88,E Washington,83,2.1953924231003668,-5.263958334345224
Queens NC,102,S Carolina St,78,-4.175091457795946,-22.2908843957574
Arizona,96,Alabama,75,29.622564216561056,22.89926309681164
Arizona St,82,Santa Clara,79,10.603952967409308,16.697031882728538
Arkansas,93,Texas Tech,86,21.77145836677927,22.11626746517065
Auburn,92,Chattanooga,78,19.144250770747117,-11.311391432436908
Belmont,87,IL Chicago,84,10.045584450409333,1.7665509943221132
Butler,113,Providence,110,12.436267405379676,11.241342833123284
BYU,100,UC Riverside,53,22.96623370113013,-8.761132749466462
California,79,Northwestern LA,70,13.447545319841446,-9.19667857822737
Canisius,70,Maine,43,-17.060558122515523,-16.277077360329795
Central Conn,84,Binghamton,67,-10.69680210540559,-21.707046613042007
Clemson,70,Mercer,63,17.882590338253785,0.5840288415363489
Colorado,88,UT San Antonio,64,10.951503521035468,-15.648689776756592
CS Fullerton,105,Denver,86,-2.1915793640363734,-6.718963056154548
CS Northridge,88,Delaware,66,-2.1109082342198446,-8.317869143575352
Dartmouth,77,Boston Univ,64,-5.458928015720884,-9.831287835150842
Davidson,80,Mercyhurst,47,6.002686977751972,-9.513220387331831
Dayton,84,North Florida,61,7.453720484555427,-15.534483522416355
Delaware St,81,Longwood,76,-20.10207053375217,-9.004272423423975
DePaul,61,Wichita St,58,7.564957311061451,8.433712769495724
Elon,85,N Illinois,79,-1.7109036279344259,-10.69931700103686
FL Atlantic,105,SUNY Albany,79,6.351804649646517,-13.163496176751917
Florida,80,G Washington,70,26.39081761428366,9.857746736889899
Fordham,82,Manhattan,53,-0.05904195752884017,-15.274581333554556
Ga Southern,91,West Georgia,85,-8.452463657169565,-11.903771564516768
George Mason,73,Old Dominion,61,8.095174888899992,-8.261680554358493
Georgetown,76,St Peter's,68,8.097403188054626,-6.3187048872930385
Georgia,84,Cincinnati,65,20.02973847054447,12.416982907123183
Georgia St,77,Jacksonville St,73,-9.841027531814934,-4.019877384600862
Gonzaga,82,UCLA,72,26.12679094319873,17.20134853209326
Grand Canyon,82,Coastal Car,61,11.357472832207115,-7.357081216042199
Hawaii,66,UTEP,61,8.020968123203241,-6.308444347027473
Hofstra,70,Syracuse,69,2.086644182827586,11.66262825734674
Houston,99,New Orleans,57,25.82056645334507,-3.575655046476065
Howard,61,Hampton,57,-8.060038874832856,-8.456384002540549
Kansas,77,NC State,76,23.957485614866563,21.788929391891067
Kansas St,83,Creighton,76,10.199483531346415,10.984102719717837
Kentucky,72,Indiana,60,20.62694485238151,18.87384006863379
LIU Brooklyn,70,La Salle,60,-3.546335998209576,-4.388475820600071
Louisiana Tech,65,Louisiana,44,-5.691689472397247,-12.137067018502796
Louisville,99,Memphis,73,24.611732488445927,7.369641932350132
LSU,89,SMU,77,14.712317974153333,18.858138555743015
Marist,82,Bryant,74,-1.1747337528313329,-15.975655117989465
Marshall,76,Wright St,74,0.16629603079518857,1.3021861730347852
Massachusetts,103,Florida St,95,-0.4961988777783989,8.465280031603305
Miami FL,104,ULM,79,17.78517891833293,-18.229928278847783
Miami OH,79,E Kentucky,69,6.878792003107033,-8.312055999179629
Michigan,101,Maryland,83,34.00895201746655,2.5510536362520244
Michigan St,76,Penn St,72,24.386031921594633,5.083955436049424
Mississippi,71,Southern Miss,67,10.46160439503338,-6.948449734643707
Mississippi St,82,Utah,74,8.973566181550307,6.364077339194109
Morgan St,81,Niagara,73,-20.00282080703169,-16.995194255109116
Mt St Mary's,81,Loyola MD,73,-11.970313880036324,-13.377750243521636
Murray St,115,Akron,100,7.098433930540837,11.189246661258986
N Dakota St,99,Drake,94,2.046795939331589,0.7544156025781878
N Kentucky,80,Bellarmine,76,-2.4537270857196694,-9.739354468795353
Nebraska,83,Illinois,80,23.21892114201473,27.558451754312838
Nevada,78,Duquesne,75,12.180469852648914,4.686016814942015
North Carolina,80,SC Upstate,62,20.177147542199364,-9.147789259024785
Northern Iowa,75,Oakland,63,5.785582448008606,1.2988617496209411
Northwestern,93,Jackson St,53,11.78237952913321,-19.547308217380763
Notre Dame,82,Evansville,58,10.06327913551909,-7.795268693393136
Ohio,88,St Bonaventure,83,-2.458559640908652,2.3358205694267835
Ohio St,89,West Virginia,88,16.95643641170654,12.114842312208815
Oklahoma,85,Oklahoma St,76,11.432263406894199,13.86708154452552
Oregon,104,UC Davis,62,8.997587225487342,-0.8434486910801374
Oregon St,67,Montana St,57,-0.9699153817654318,1.0473895970912468
Pepperdine,70,CS Bakersfield,62,-5.588454031414728,-10.961124093729158
Purdue,79,Marquette,59,26.152648451209974,6.499579672447203
Quinnipiac,75,MA Lowell,71,-3.997091735107692,-14.238798983700297
Rice,77,Arkansas St,76,-4.818057589699624,-2.643647731191786
Richmond,93,S Illinois,84,3.374354993392689,3.3850180919715123
Robert Morris,75,Toledo,70,-3.837549906546749,0.3389247220623984
Sacred Heart,65,NJIT,49,-10.913977813629936,-14.80646949052454
San Diego,78,Northern Arizona,69,-2.184946658816856,-9.643076515343548
SE Louisiana,74,Houston Chr,71,-8.378711089435738,-9.978893333224674
Seton Hall,81,Rutgers,59,13.61217858159576,2.795178359596027
South Carolina,71,Citadel,55,8.258663769478087,-15.588927891729995
South Dakota,97,Prairie View,85,-8.241126626447448,-14.826501312313303
St John's,91,Iona,64,22.387807157714732,-5.622253380566301
St Louis,85,San Francisco,75,21.74212133595362,6.276755571400898
Stanford,86,San Jose St,82,11.495746482735854,-3.069027491311642
Stony Brook,78,C Michigan,55,-4.2986893622781555,-9.604265919979685
Tennessee St,63,UNLV,60,-7.984243030172132,3.1267531403743414
Tulsa,83,New Mexico St,70,12.474016558063923,0.004049809068651347
UNC Wilmington,73,Valparaiso,70,2.413830183033299,0.7826673040916575
Utah St,83,Illinois St,78,19.392266810705305,8.933861719167899
Utah Valley,68,UC Santa Barbara,53,6.639639918156236,3.2846658019866024
Vanderbilt,83,Cent Arkansas,72,24.154102986278797,-1.5873241521362738
Villanova,79,Pittsburgh,61,18.019965533374403,8.195075774872146
W Illinois,69,North Dakota,66,-21.1486742641898,-8.39620613812819
Washington,105,Southern Utah,69,15.817584011338012,-11.107617721609282
UC San Diego,93,Tulane,67,3.4181336664537407,-1.5078676189201856
St Thomas MN,80,UNC Asheville,59,2.882581967815671,-4.515129557592766
Appalachian St,86,High Point,78,-3.019964221943779,7.455157949413491
Boise St,68,St Mary's CA,67,13.415037567503262,16.908220628065287
Campbell,69,Ball St,64,-4.608704820965019,-11.502717502859307
Chicago St,84,Loyola-Chicago,75,-16.24969652612226,-7.919700317024193
Col Charleston,74,Charlotte,67,-0.4606347634581468,1.2042231354891468
East Carolina,73,Buffalo,70,-6.938769569086803,-1.2829899801500664
Fairfield,73,Monmouth NJ,65,-8.368082465442098,-3.848522919496683
Indiana St,70,WI Milwaukee,68,-2.4581456880249015,-6.744387041618924
Iowa,91,W Michigan,51,21.236487010988846,-7.971093026343999
Iowa St,78,E Illinois,53,28.277104289911488,-12.380585287610003
PFW,81,Detroit,77,-5.625687252766425,-7.342812147525938
Minnesota,89,TX Southern,53,10.308552144640325,-14.284509430349972
Missouri,82,Bethune-Cookman,60,11.56899502860914,-7.810451810139458
New Mexico,75,FGCU,59,14.880097023188116,-4.349217773076286
North Texas,58,South Alabama,57,0.7410214367989679,-5.806253567999122
Portland,88,Kent,78,-0.9276049727698782,1.3438007614795435
Radford,107,Coppin St,77,-6.409728237299939,-27.640739737591698
Temple,95,St Francis PA,67,1.6101601066860876,-18.95162660287704
Texas A&M,112,Jacksonville,75,19.179102352686098,-10.526145762510124
Troy,86,UAB,85,0.09710533684838424,4.233612921761928
USC,68,Washington St,61,13.985005389761836,4.5380550036221035
Vermont,66,Merrimack,59,-5.418090561445725,-5.674283720960461
Virginia Tech,82,MD E Shore,53,13.649896701268442,-15.28346349833095
Wake Forest,111,Queens NC,73,12.26856625050307,-4.175091457795946
Alabama A&M,68,North Alabama,60,-12.721138316688517,-15.019555502687506
McNeese St,78,Houston Chr,68,8.413093453200572,-9.978893333224674
TCU,69,Incarnate Word,65,14.466735878512502,-5.547585347287668
VCU,84,Niagara,58,12.760710460803173,-16.995194255109116
Wofford,83,Gardner Webb,57,-5.064308768836391,-24.646235285714415
Wyoming,87,S Dakota St,72,8.357185218844622,-1.4024499716884644
East Texas A&M,70,SE Louisiana,69,-10.24868267858815,-8.378711089435738
Arizona,96,Abilene Chr,62,29.622564216561056,-7.721991269551377
Arkansas,108,Queens NC,80,21.77145836677927,-4.175091457795946
Belmont,83,Evansville,78,10.045584450409333,-7.795268693393136
Bowling Green,76,Chicago St,55,3.589447698727336,-16.24969652612226
BYU,93,Pacific,57,22.96623370113013,4.378468361891341
Clemson,68,South Carolina,61,17.882590338253785,8.258663769478087
Connecticut,79,Butler,60,25.10729111927154,12.436267405379676
Dartmouth,89,Holy Cross,64,-5.458928015720884,-13.04688731791795
Dayton,97,Florida St,69,7.453720484555427,8.465280031603305
Delaware,65,Rider,57,-8.317869143575352,-17.261706725421675
Duke,97,Lipscomb,73,30.47631292494664,-2.2704298007365584
Georgia Tech,87,Marist,76,4.81995930743693,-1.1747337528313329
Howard,74,Drexel,66,-8.060038874832856,-3.932084854527281
Kansas,73,Towson,49,23.957485614866563,-0.5464166889081582
MA Lowell,87,Sacred Heart,82,-14.238798983700297,-10.913977813629936
Miami FL,98,Florida Intl,81,17.78517891833293,-1.0098371649423266
Miami OH,83,Wright St,76,6.878792003107033,1.3021861730347852
Michigan St,92,Toledo,69,24.386031921594633,0.3389247220623984
Mississippi St,87,LIU Brooklyn,83,8.973566181550307,-3.546335998209576
Missouri St,63,Oral Roberts,62,-2.3667315699870506,-11.75823476123825
Montana St,83,Cal Poly,80,1.0473895970912468,-6.316796372758351
Morehead St,78,Ark Little Rock,64,-11.585204401367001,-13.722529134725532
NC A&T,71,UNC Greensboro,65,-8.135106985044182,-12.065434872466879
North Carolina,77,ETSU,58,20.177147542199364,1.9085058569619273
Northwestern,86,Valparaiso,70,11.78237952913321,0.7826673040916575
Oklahoma,89,Missouri KC,67,11.432263406894199,-16.661368094073026
Rhode Island,62,Canisius,45,4.372881568912538,-17.060558122515523
SC Upstate,78,S Carolina St,72,-9.147789259024785,-22.2908843957574
St John's,79,DePaul,66,22.387807157714732,7.564957311061451
Tennessee,83,Louisville,62,22.52532774922322,24.611732488445927
Texas,95,Le Moyne,53,17.79158970367343,-9.839160736172351
Texas Tech,101,N Colorado,90,22.11626746517065,-1.0823524586851767
UTRGV,83,Lamar,72,-0.22814271103413875,-2.214271862878108
Cal Baptist,75,Southern Univ,67,2.1953924231003668,-11.076179678502223
Tarleton St,88,MS Valley St,64,-2.827342432024417,-28.348205063722833
UC San Diego,67,Loy Marymount,57,3.4181336664537407,1.5500504379175963
Alabama,104,South Florida,93,22.89926309681164,10.967070575235171
SUNY Albany,71,Stony Brook,55,-13.163496176751917,-4.2986893622781555
Arkansas St,89,Texas St,70,-2.643647731191786,-8.993596293102888
Cincinnati,88,Alabama St,51,12.416982907123183,-13.932727716177093
Col Charleston,82,Citadel,78,-0.4606347634581468,-15.588927891729995
Colorado,84,Portland St,73,10.951503521035468,2.2902438567068213
Creighton,98,Xavier,57,10.984102719717837,7.778365709841898
E Kentucky,62,Jacksonville St,59,-8.312055999179629,-4.019877384600862
East Carolina,74,Presbyterian,53,-6.938769569086803,-8.171853518367254
Elon,73,Richmond,70,-1.7109036279344259,3.374354993392689
Florida,102,St Francis PA,61,26.39081761428366,-18.95162660287704
Florida A&M,72,Jacksonville,65,-14.958411699952181,-10.526145762510124
Georgetown,78,Marquette,69,8.097403188054626,6.499579672447203
Gonzaga,98,Campbell,70,26.12679094319873,-4.608704820965019
Mississippi,80,Alabama A&M,66,10.46160439503338,-12.721138316688517
MTSU,68,Kennesaw,67,1.2330496506793978,0.6339937118072055
NC State,108,TX Southern,72,21.788929391891067,-14.284509430349972
New Hampshire,59,Stonehill,58,-12.508359622828568,-13.871167902361144
Nicholls St,79,Houston Chr,64,-6.207446160282377,-9.978893333224674
Northern Iowa,60,IL Chicago,54,5.785582448008606,1.7665509943221132
Oakland,82,N Kentucky,77,1.2988617496209411,-2.4537270857196694
Old Dominion,77,James Madison,68,-8.261680554358493,-6.42260170209562
Oregon,94,Portland,69,8.997587225487342,-0.9276049727698782
Pittsburgh,103,Binghamton,63,8.195075774872146,-21.707046613042007
Quinnipiac,85,Monmouth NJ,75,-3.997091735107692,-3.848522919496683
Robert Morris,80,Youngstown St,77,-3.837549906546749,-2.8049667940666527
Sam Houston St,85,Oregon St,75,4.794162125506685,-0.9699153817654318
San Diego St,81,Air Force,58,14.954913190967044,-12.735240615401642
San Francisco,85,Loyola-Chicago,71,6.276755571400898,-7.919700317024193
Santa Clara,63,North Texas,60,16.697031882728538,0.7410214367989679
Seattle,79,UC Davis,78,4.296087924139515,-0.8434486910801374
SF Austin,69,TAM C. Christi,60,6.14950134383293,-2.5860191794207728
South Alabama,96,ULM,92,-5.806253567999122,-18.229928278847783
St Louis,112,Bethune-Cookman,53,21.74212133595362,-7.810451810139458
Stanford,76,UT Arlington,60,11.495746482735854,-0.020907387432929244
Syracuse,76,Mercyhurst,62,11.66262825734674,-9.513220387331831
Tulane,61,Louisiana Tech,53,-1.5078676189201856,-5.691689472397247
UAB,101,Cleveland St,77,4.233612921761928,-10.736414013574178
UCF,81,Mercer,63,15.06572674394935,0.5840288415363489
UCLA,90,Arizona St,77,17.20134853209326,10.603952967409308
USC,97,UT San Antonio,70,13.985005389761836,-15.648689776756592
Utah Valley,90,Weber St,74,6.639639918156236,-2.4753255840285364
Vanderbilt,77,Memphis,70,24.154102986278797,7.369641932350132
Vermont,83,Siena,69,-5.418090561445725,-3.3587700316394775
Wagner,78,MD E Shore,64,-12.601506934083272,-15.28346349833095
Wake Forest,71,Longwood,68,12.26856625050307,-9.004272423423975
Washington St,78,E Washington,63,4.5380550036221035,-5.263958334345224
WI Green Bay,67,UC Santa Barbara,64,-5.7700409143629,3.2846658019866024
Wichita St,84,Wofford,73,8.433712769495724,-5.064308768836391
Bellarmine,79,Chattanooga,64,-9.739354468795353,-11.311391432436908
Appalachian St,67,Coastal Car,49,-3.019964221943779,-7.357081216042199
Ark Little Rock,77,Southern Indiana,62,-13.722529134725532,-14.295320327497267
Bradley,108,Indiana St,99,3.590955518992814,-2.4581456880249015
Charleston So,113,North Florida,90,-6.340856798534731,-15.534483522416355
Charlotte,81,Lafayette,67,1.2042231354891468,-12.102088387400759
E Illinois,76,SIUE,72,-12.380585287610003,-8.17415727893679
Fairfield,84,Central Conn,70,-8.368082465442098,-10.69680210540559
Furman,75,Manhattan,68,-2.2995798984529365,-15.274581333554556
Ga Southern,90,Georgia St,67,-8.452463657169565,-9.841027531814934
Georgia,112,W Carolina,82,20.02973847054447,-9.503110725382177
Grambling,80,Norfolk St,68,-10.144108684165358,-13.021484758554106
Hampton,84,Jackson St,77,-8.456384002540549,-19.547308217380763
Illinois St,75,S Illinois,68,8.933861719167899,3.3850180919715123
Long Beach St,81,Pepperdine,78,-4.652494408015093,-5.588454031414728
Murray St,81,Drake,72,7.098433930540837,0.7544156025781878
North Dakota,90,Winthrop,88,-8.39620613812819,1.3368316881639872
Northern Arizona,65,Southern Utah,57,-9.643076515343548,-11.107617721609282
Oklahoma St,91,Missouri KC,79,13.86708154452552,-16.661368094073026
Southern Miss,62,Louisiana,54,-6.948449734643707,-12.137067018502796
St Joseph's PA,67,Delaware St,51,0.6346552500089729,-20.10207053375217
TCU,72,Oral Roberts,53,14.466735878512502,-11.75823476123825
Temple,68,Davidson,63,1.6101601066860876,6.002686977751972
Tennessee St,78,TN Martin,71,-7.984243030172132,-3.7745856292540623
Tennessee Tech,85,SE Missouri St,74,-14.281089336240143,-6.757013248262701
VCU,105,American Univ,83,12.760710460803173,-6.396969179237704
William & Mary,96,Radford,83,1.656572728906202,-6.409728237299939
Lindenwood,92,W Illinois,76,-7.15310794555327,-21.1486742641898
Akron,93,E Michigan,72,11.189246661258986,-3.580139516277849
Baylor,113,Alcorn St,56,15.872210600276453,-20.10652752334088
Belmont,84,UC Irvine,58,10.045584450409333,3.4963503402669383
BYU,85,Abilene Chr,67,22.96623370113013,-7.721991269551377
California,97,Morgan St,50,13.447545319841446,-20.00282080703169
Drexel,75,Mt St Mary's,67,-3.932084854527281,-11.970313880036324
Florida St,96,MS Valley St,49,8.465280031603305,-28.348205063722833
Grambling,81,Hampton,72,-10.144108684165358,-8.456384002540549
High Point,84,La Salle,72,7.455157949413491,-4.388475820600071
Loy Marymount,91,North Alabama,57,1.5500504379175963,-15.019555502687506
LSU,78,SE Louisiana,65,14.712317974153333,-8.378711089435738
Navy,88,Coppin St,55,-2.05716253834581,-27.640739737591698
Norfolk St,82,Jackson St,72,-13.021484758554106,-19.547308217380763
Sacred Heart,85,Dartmouth,63,-10.913977813629936,-5.458928015720884
San Diego,82,UC San Diego,80,-2.184946658816856,3.4181336664537407
Seattle,70,Washington,66,4.296087924139515,15.817584011338012
Seton Hall,72,Providence,67,13.61217858159576,11.241342833123284
St Mary's CA,88,FL Atlantic,75,16.908220628065287,6.351804649646517
Tulsa,82,WKU,81,12.474016558063923,0.4252617180430557
UCLA,108,Cal Poly,87,17.20134853209326,-6.316796372758351
Villanova,76,Wisconsin,66,18.019965533374403,16.984647164159234
WI Milwaukee,88,S Dakota St,87,-6.744387041618924,-1.4024499716884644
Tarleton St,78,Florida A&M,54,-2.827342432024417,-14.958411699952181
Arizona,68,San Diego St,45,29.622564216561056,14.954913190967044
Arkansas St,93,Southern Miss,86,-2.643647731191786,-6.948449734643707
Bowling Green,68,Ohio,58,3.589447698727336,-2.458559640908652
Buffalo,88,W Michigan,71,-1.2829899801500664,-7.971093026343999
Butler,61,Northwestern,58,12.436267405379676,11.78237952913321
Coastal Car,76,Old Dominion,74,-7.357081216042199,-8.261680554358493
Creighton,84,Marquette,63,10.984102719717837,6.499579672447203
Denver,86,N Colorado,79,-6.718963056154548,-1.0823524586851767
Florida Intl,86,LIU Brooklyn,79,-1.0098371649423266,-3.546335998209576
Ga Southern,96,James Madison,92,-8.452463657169565,-6.42260170209562
Georgia St,70,Appalachian St,63,-9.841027531814934,-3.019964221943779
Georgia Tech,95,Lafayette,81,4.81995930743693,-12.102088387400759
Grand Canyon,82,Wyoming,70,11.357472832207115,8.357185218844622
Harvard,81,Holy Cross,53,-1.9259472947129983,-13.04688731791795
Houston,94,Arkansas,85,25.82056645334507,21.77145836677927
Howard,67,UNC Wilmington,66,-8.060038874832856,2.413830183033299
Indiana,78,Chicago St,58,18.87384006863379,-16.24969652612226
Iona,83,Vermont,78,-5.622253380566301,-5.418090561445725
Iowa,94,Bucknell,39,21.236487010988846,-13.096288524993339
Jacksonville St,81,ETSU,75,-4.019877384600862,1.9085058569619273
Kansas St,106,South Dakota,76,10.199483531346415,-8.241126626447448
Kent,69,Massachusetts,59,1.3438007614795435,-0.4961988777783989
Kentucky,78,St John's,66,20.62694485238151,22.387807157714732
Liberty,64,Dayton,61,5.976024139614131,7.453720484555427
Longwood,74,NC Central,72,-9.004272423423975,-16.23054921366116
Louisville,94,Montana,54,24.611732488445927,0.4272721445912008
Loyola-Chicago,80,Santa Clara,78,-7.919700317024193,16.697031882728538
Miami OH,86,Ball St,77,6.878792003107033,-11.502717502859307
Michigan St,79,Oakland,70,24.386031921594633,1.2988617496209411
Mississippi St,71,Memphis,66,8.973566181550307,7.369641932350132
Morehead St,64,Southern Indiana,60,-11.585204401367001,-14.295320327497267
N Illinois,74,C Michigan,73,-10.69931700103686,-9.604265919979685
NE Omaha,85,Lamar,82,-6.6809771450146105,-2.214271862878108
Nevada,81,Boise St,66,12.180469852648914,13.415037567503262
New Mexico,88,San Jose St,65,14.880097023188116,-3.069027491311642
North Carolina,71,Ohio St,70,20.177147542199364,16.95643641170654
Pepperdine,84,Rice,62,-5.588454031414728,-4.818057589699624
Purdue,88,Auburn,60,26.152648451209974,19.144250770747117
Richmond,80,Citadel,56,3.374354993392689,-15.588927891729995
Robert Morris,79,St Francis PA,70,-3.837549906546749,-18.95162660287704
Rutgers,70,Penn,69,2.795178359596027,-2.0570696017200927
SE Missouri St,91,Tennessee St,82,-6.757013248262701,-7.984243030172132
St Bonaventure,92,Le Moyne,81,2.3358205694267835,-9.839160736172351
Stanford,77,Colorado,68,11.495746482735854,10.951503521035468
Syracuse,91,Northeastern,83,11.66262825734674,-6.463460575559628
Texas St,67,South Alabama,65,-8.993596293102888,-5.806253567999122
Texas Tech,82,Duke,81,22.11626746517065,30.47631292494664
TN Martin,86,Tennessee Tech,62,-3.7745856292540623,-14.281089336240143
Troy,70,Marshall,63,0.09710533684838424,0.16629603079518857
Tulane,63,Portland St,61,-1.5078676189201856,2.2902438567068213
UCF,102,FGCU,80,15.06572674394935,-4.349217773076286
Louisiana,76,ULM,62,-12.137067018502796,-18.229928278847783
UNLV,84,Fresno St,72,3.1267531403743414,4.073803256746674
Utah,101,E Washington,77,6.364077339194109,-5.263958334345224
Utah St,100,Colorado St,58,19.392266810705305,8.035917066741126
Virginia,80,Maryland,72,20.91879714221833,2.5510536362520244
Virginia Tech,82,Elon,81,13.649896701268442,-1.7109036279344259
Washington St,84,Mercer,78,4.5380550036221035,0.5840288415363489
Xavier,80,Georgetown,77,7.778365709841898,8.097403188054626
Youngstown St,74,SC Upstate,65,-2.8049667940666527,-9.147789259024785
Cal Baptist,74,CS Sacramento,67,2.1953924231003668,-6.393255168038442
Utah Tech,82,Weber St,80,-3.4850425266828218,-2.4753255840285364
St Thomas MN,92,UC Riverside,78,2.882581967815671,-8.761132749466462
Mercyhurst,82,Binghamton,61,-9.513220387331831,-21.707046613042007
Alabama,92,Kennesaw,81,22.89926309681164,0.6339937118072055
Baylor,111,Southern Univ,67,15.872210600276453,-11.076179678502223
Boston Univ,88,MA Lowell,76,-9.831287835150842,-14.238798983700297
Bradley,73,S Illinois,69,3.590955518992814,3.3850180919715123
California,74,Columbia,56,13.447545319841446,-1.1455860463245808
Charlotte,88,IL Chicago,76,1.2042231354891468,1.7665509943221132
Chattanooga,73,Alabama A&M,66,-11.311391432436908,-12.721138316688517
Clemson,68,Cincinnati,65,17.882590338253785,12.416982907123183
Col Charleston,85,N Kentucky,74,-0.4606347634581468,-2.4537270857196694
Connecticut,72,DePaul,54,25.10729111927154,7.564957311061451
Cornell,83,SUNY Albany,75,-2.5897361889852073,-13.163496176751917
Drake,66,Evansville,65,0.7544156025781878,-7.795268693393136
Drexel,74,Maine,56,-3.932084854527281,-16.277077360329795
Florida,90,Colgate,60,26.39081761428366,-3.5300665357659207
Furman,84,Charleston So,76,-2.2995798984529365,-6.340856798534731
George Mason,86,Loyola MD,79,8.095174888899992,-13.377750243521636
Gonzaga,91,Oregon,82,26.12679094319873,8.997587225487342
Hofstra,74,Quinnipiac,66,2.086644182827586,-3.997091735107692
Idaho,83,Cal Poly,80,-0.860099995525089,-6.316796372758351
Illinois St,85,Indiana St,65,8.933861719167899,-2.4581456880249015
Incarnate Word,90,Northern Arizona,66,-5.547585347287668,-9.643076515343548
Iowa St,91,Long Beach St,60,28.277104289911488,-4.652494408015093
PFW,72,Notre Dame,69,-5.625687252766425,10.06327913551909
Manhattan,87,Presbyterian,81,-15.274581333554556,-8.171853518367254
Marist,70,Stony Brook,51,-1.1747337528313329,-4.2986893622781555
Miami FL,105,North Florida,67,17.78517891833293,-15.534483522416355
Michigan,102,La Salle,50,34.00895201746655,-4.388475820600071
Minnesota,78,Campbell,50,10.308552144640325,-4.608704820965019
Monmouth NJ,76,Lehigh,62,-3.848522919496683,-10.370556306684765
Murray St,85,Valparaiso,79,7.098433930540837,0.7826673040916575
NC State,76,Mississippi,62,21.788929391891067,10.46160439503338
Nebraska,78,North Dakota,55,23.21892114201473,-8.39620613812819
New Mexico St,87,Sam Houston St,78,0.004049809068651347,4.794162125506685
Norfolk St,72,UTEP,71,-13.021484758554106,-6.308444347027473
Oklahoma St,94,CS Fullerton,89,13.86708154452552,-2.1915793640363734
Oregon St,78,Arizona St,75,-0.9699153817654318,10.603952967409308
Pacific,95,Nicholls St,82,4.378468361891341,-6.207446160282377
Pittsburgh,80,Penn St,46,8.195075774872146,5.083955436049424
Radford,97,VMI,90,-6.409728237299939,-19.385486784833247
San Francisco,94,Morgan St,64,6.276755571400898,-20.00282080703169
SMU,99,Cent Arkansas,82,18.858138555743015,-1.5873241521362738
South Florida,94,UMBC,69,10.967070575235171,-8.519516689602433
St Louis,93,New Hampshire,79,21.74212133595362,-12.508359622828568
TCU,80,Florida A&M,56,14.466735878512502,-14.958411699952181
Tennessee,94,Gardner Webb,52,22.52532774922322,-24.646235285714415
Texas A&M,118,East Texas A&M,77,19.179102352686098,-10.24868267858815
UAB,72,UNC Asheville,47,4.233612921761928,-4.515129557592766
UC Davis,93,Idaho St,83,-0.8434486910801374,-2.6900359146858124
UC Irvine,74,N Dakota St,73,3.4963503402669383,2.046795939331589
Vanderbilt,98,Wake Forest,67,24.154102986278797,12.26856625050307
WI Milwaukee,81,Cleveland St,71,-6.744387041618924,-10.736414013574178
Wichita St,88,E Kentucky,57,8.433712769495724,-8.312055999179629
Abilene Chr,75,TX Southern,68,-7.721991269551377,-14.284509430349972
Arizona,107,Bethune-Cookman,71,29.622564216561056,-7.810451810139458
Boston College,72,F Dickinson,61,3.54890302348592,-14.479566581615781
Butler,101,NJIT,52,12.436267405379676,-14.80646949052454
BYU,109,E Washington,81,22.96623370113013,-5.263958334345224
Coastal Car,68,St Joseph's PA,62,-7.357081216042199,0.6346552500089729
Creighton,92,Utah Tech,69,10.984102719717837,-3.4850425266828218
CS Northridge,100,CS Sacramento,88,-2.1109082342198446,-6.393255168038442
Duquesne,103,Canisius,59,4.686016814942015,-17.060558122515523
SIUE,66,W Illinois,61,-8.17415727893679,-21.1486742641898
Florida St,87,Jacksonville,63,8.465280031603305,-10.526145762510124
Fordham,65,New Haven,47,-0.05904195752884017,-14.029552843602488
Georgetown,97,Coppin St,67,8.097403188054626,-27.640739737591698
Georgia,103,West Georgia,74,20.02973847054447,-11.903771564516768
Grand Canyon,91,IUPUI,78,11.357472832207115,-12.491570369997088
High Point,93,Bryant,47,7.455157949413491,-15.975655117989465
Illinois,91,Missouri,48,27.558451754312838,11.56899502860914
Indiana,81,Siena,60,18.87384006863379,-3.3587700316394775
Kansas,90,Davidson,61,23.957485614866563,6.002686977751972
LSU,104,Prairie View,90,14.712317974153333,-14.826501312313303
Memphis,88,Alabama St,67,7.369641932350132,-13.932727716177093
North Carolina,99,East Carolina,51,20.177147542199364,-6.938769569086803
Oklahoma,107,Stetson,54,11.432263406894199,-14.070523158103668
Rhode Island,85,Northeastern,77,4.372881568912538,-6.463460575559628
UC Santa Barbara,79,Portland,61,3.2846658019866024,-0.9276049727698782
Seattle,71,UT San Antonio,68,4.296087924139515,-15.648689776756592
South Carolina,95,S Carolina St,70,8.258663769478087,-22.2908843957574
St Mary's CA,63,Northern Iowa,58,16.908220628065287,5.785582448008606
Syracuse,77,Stonehill,48,11.66262825734674,-13.871167902361144
Temple,65,Princeton,61,1.6101601066860876,-5.435545860544262
Texas,94,MD E Shore,71,17.79158970367343,-15.28346349833095
Towson,72,Sacred Heart,47,-0.5464166889081582,-10.913977813629936
Tulsa,90,Denver,85,12.474016558063923,-6.718963056154548
UC Irvine,89,Norfolk St,70,3.4963503402669383,-13.021484758554106
UT Arlington,69,Oral Roberts,57,-0.020907387432929244,-11.75823476123825
UTEP,76,N Dakota St,66,-6.308444347027473,2.046795939331589
VCU,100,Rider,79,12.760710460803173,-17.261706725421675
Virginia,95,American Univ,51,20.91879714221833,-6.396969179237704
Washington,86,San Diego,56,15.817584011338012,-2.184946658816856
West Virginia,86,MS Valley St,51,12.114842312208815,-28.348205063722833
Wisconsin,88,C Michigan,61,16.984647164159234,-9.604265919979685
Wright St,70,E Michigan,64,1.3021861730347852,-3.580139516277849
Army,95,Binghamton,85,-14.42534764296668,-21.707046613042007
Campbell,102,WI Green Bay,79,-4.608704820965019,-5.7700409143629
CS Bakersfield,64,Idaho,63,-10.961124093729158,-0.860099995525089
Kentucky,99,Bellarmine,85,20.62694485238151,-9.739354468795353
Loy Marymount,83,Morgan St,56,1.5500504379175963,-20.00282080703169
Missouri St,70,Lindenwood,65,-2.3667315699870506,-7.15310794555327
Ohio St,89,Grambling,63,16.95643641170654,-10.144108684165358
St John's,85,Harvard,59,22.387807157714732,-1.9259472947129983
UCF,85,FL Atlantic,80,15.06572674394935,6.351804649646517
UCLA,97,UC Riverside,65,17.20134853209326,-8.761132749466462
Villanova,64,Seton Hall,56,18.019965533374403,13.61217858159576
Stanford,88,CS Northridge,80,11.495746482735854,-2.1109082342198446
Boston College,72,Le Moyne,64,3.54890302348592,-9.839160736172351
Charleston So,77,Richmond,72,-6.340856798534731,3.374354993392689
Columbia,90,North Florida,82,-1.1455860463245808,-15.534483522416355
George Mason,83,Penn,79,8.095174888899992,-2.0570696017200927
Georgia Tech,89,Florida A&M,65,4.81995930743693,-14.958411699952181
Gonzaga,96,Pepperdine,56,26.12679094319873,-5.588454031414728
Harvard,78,Colgate,69,-1.9259472947129983,-3.5300665357659207
Kansas St,94,ULM,85,10.199483531346415,-18.229928278847783
Liberty,97,Florida Intl,94,5.976024139614131,-1.0098371649423266
Maryland,73,Old Dominion,58,2.5510536362520244,-8.261680554358493
N Colorado,86,Colorado,81,-1.0823524586851767,10.951503521035468
Oregon,80,NE Omaha,57,8.997587225487342,-6.6809771450146105
San Diego,66,Pacific,54,-2.184946658816856,4.378468361891341
San Francisco,67,Seattle,59,6.276755571400898,4.296087924139515
Santa Clara,102,Oregon St,64,16.697031882728538,-0.9699153817654318
SMU,110,CS Fullerton,63,18.858138555743015,-2.1915793640363734
St Mary's CA,78,Loy Marymount,73,16.908220628065287,1.5500504379175963
Texas Tech,87,Winthrop,57,22.11626746517065,1.3368316881639872
Louisiana,63,Norfolk St,54,-12.137067018502796,-13.021484758554106
Washington St,67,Portland,62,4.5380550036221035,-0.9276049727698782
Alabama,102,Yale,78,22.89926309681164,8.176250244240705
Arizona,99,S Dakota St,71,29.622564216561056,-1.4024499716884644
Arkansas,103,James Madison,74,21.77145836677927,-6.42260170209562
Auburn,106,Queens NC,65,19.144250770747117,-4.175091457795946
Bradley,76,Evansville,68,3.590955518992814,-7.795268693393136
Cincinnati,89,Lipscomb,62,12.416982907123183,-2.2704298007365584
Cleveland St,99,IUPUI,86,-10.736414013574178,-12.491570369997088
Col Charleston,72,Drexel,63,-0.4606347634581468,-3.932084854527281
Detroit,73,Youngstown St,68,-7.342812147525938,-2.8049667940666527
Elon,103,Northeastern,91,-1.7109036279344259,-6.463460575559628
Florida,94,Dartmouth,72,26.39081761428366,-5.458928015720884
Georgia,89,LIU Brooklyn,74,20.02973847054447,-3.546335998209576
Hampton,62,Stony Brook,59,-8.456384002540549,-4.2986893622781555
Hofstra,86,Campbell,72,2.086644182827586,-4.608704820965019
Houston,69,MTSU,60,25.82056645334507,1.2330496506793978
Illinois,90,Southern Univ,55,27.558451754312838,-11.076179678502223
Illinois St,73,Drake,56,8.933861719167899,0.7544156025781878
Indiana St,81,Belmont,80,-2.4581456880249015,10.045584450409333
Iowa,90,MA Lowell,62,21.236487010988846,-14.238798983700297
Iowa St,89,Houston Chr,61,28.277104289911488,-9.978893333224674
Jacksonville St,78,WKU,67,-4.019877384600862,0.4252617180430557
Lamar,76,Northwestern LA,61,-2.214271862878108,-9.19667857822737
Louisiana Tech,75,UTEP,63,-5.691689472397247,-6.308444347027473
LSU,90,Southern Miss,62,14.712317974153333,-6.948449734643707
Manhattan,74,Rider,71,-15.274581333554556,-17.261706725421675
Michigan,112,McNeese St,71,34.00895201746655,8.413093453200572
Michigan St,114,Cornell,97,24.386031921594633,-2.5897361889852073
Minnesota,60,F Dickinson,43,10.308552144640325,-14.479566581615781
Mississippi,79,Alcorn St,43,10.46160439503338,-20.10652752334088
Mississippi St,94,Alabama St,56,8.973566181550307,-13.932727716177093
Missouri St,61,Delaware,43,-2.3667315699870506,-8.317869143575352
Mt St Mary's,66,Iona,59,-11.970313880036324,-5.622253380566301
Murray St,84,S Illinois,81,7.098433930540837,3.3850180919715123
N Kentucky,79,Robert Morris,77,-2.4537270857196694,-3.837549906546749
New Orleans,85,UTRGV,69,-3.575655046476065,-0.22814271103413875
Nicholls St,76,TAM C. Christi,71,-6.207446160282377,-2.5860191794207728
Northern Iowa,58,Valparaiso,48,5.785582448008606,0.7826673040916575
Oklahoma,93,MS Valley St,69,11.432263406894199,-28.348205063722833
Oklahoma St,103,Bethune-Cookman,77,13.86708154452552,-7.810451810139458
Penn St,90,NC Central,67,5.083955436049424,-16.23054921366116
Purdue,101,Kent,60,26.152648451209974,1.3438007614795435
Quinnipiac,64,Marist,58,-3.997091735107692,-1.1747337528313329
Rutgers,65,Delaware St,50,2.795178359596027,-20.10207053375217
SF Austin,75,East Texas A&M,48,6.14950134383293,-10.24868267858815
St Peter's,70,Fairfield,66,-6.3187048872930385,-8.368082465442098
TCU,115,Jackson St,64,14.466735878512502,-19.547308217380763
Texas A&M,111,Prairie View,82,19.179102352686098,-14.826501312313303
UMBC,93,Coppin St,59,-8.519516689602433,-27.640739737591698
UNC Wilmington,87,NC A&T,78,2.413830183033299,-8.135106985044182
Utah Valley,73,Cal Baptist,66,6.639639918156236,2.1953924231003668
Vanderbilt,96,New Haven,53,24.154102986278797,-14.029552843602488
Washington,74,Utah,65,15.817584011338012,6.364077339194109
WI Milwaukee,77,PFW,55,-6.744387041618924,-5.625687252766425
William & Mary,84,Towson,70,1.656572728906202,-0.5464166889081582
Wright St,88,Oakland,73,1.3021861730347852,1.2988617496209411
Merrimack,80,Sacred Heart,72,-5.674283720960461,-10.913977813629936
Utah Tech,80,Southern Utah,66,-3.4850425266828218,-11.107617721609282
Tarleton St,69,UT Arlington,63,-2.827342432024417,-0.020907387432929244
Boise St,62,New Mexico,53,13.415037567503262,14.880097023188116
Creighton,89,Butler,85,10.984102719717837,12.436267405379676
Duquesne,89,Davidson,83,4.686016814942015,6.002686977751972
E Michigan,80,Massachusetts,74,-3.580139516277849,-0.4961988777783989
ETSU,74,Citadel,49,1.9085058569619273,-15.588927891729995
Gonzaga,99,San Diego,93,26.12679094319873,-2.184946658816856
Incarnate Word,79,SE Louisiana,70,-5.547585347287668,-8.378711089435738
Louisville,90,California,70,24.611732488445927,13.447545319841446
Loy Marymount,80,Pacific,71,1.5500504379175963,4.378468361891341
Miami FL,76,Pittsburgh,69,17.78517891833293,8.195075774872146
Miami OH,93,Bowling Green,83,6.878792003107033,3.589447698727336
Nebraska,86,New Hampshire,55,23.21892114201473,-12.508359622828568
Nevada,75,Colorado St,62,12.180469852648914,8.035917066741126
North Carolina,79,Florida St,66,20.177147542199364,8.465280031603305
Northwestern,80,Howard,60,11.78237952913321,-8.060038874832856
Notre Dame,47,Stanford,40,10.06327913551909,11.495746482735854
Ohio,80,C Michigan,64,-2.458559640908652,-9.604265919979685
Oregon St,70,San Francisco,62,-0.9699153817654318,6.276755571400898
Princeton,75,Vermont,69,-5.435545860544262,-5.418090561445725
San Diego St,81,San Jose St,68,14.954913190967044,-3.069027491311642
Santa Clara,92,Portland,85,16.697031882728538,-0.9276049727698782
Seattle,69,Washington St,55,4.296087924139515,4.5380550036221035
Seton Hall,79,Marquette,73,13.61217858159576,6.499579672447203
South Carolina,96,SUNY Albany,67,8.258663769478087,-13.163496176751917
St Mary's CA,72,Pepperdine,45,16.908220628065287,-5.588454031414728
Temple,76,Charlotte,73,1.6101601066860876,1.2042231354891468
Tennessee,105,S Carolina St,54,22.52532774922322,-22.2908843957574
Tennessee St,88,Tennessee Tech,76,-7.984243030172132,-14.281089336240143
Toledo,84,W Michigan,79,0.3389247220623984,-7.971093026343999
Utah St,72,Fresno St,63,19.392266810705305,4.073803256746674
Wisconsin,80,WI Milwaukee,60,16.984647164159234,-6.744387041618924
Wyoming,68,Air Force,56,8.357185218844622,-12.735240615401642
American Univ,84,Loyola MD,69,-6.396969179237704,-13.377750243521636
Appalachian St,81,Old Dominion,73,-3.019964221943779,-8.261680554358493
Army,85,Lehigh,78,-14.42534764296668,-10.370556306684765
Buffalo,81,N Illinois,67,-1.2829899801500664,-10.69931700103686
Campbell,68,Monmouth NJ,65,-4.608704820965019,-3.848522919496683
Charleston So,89,Gardner Webb,79,-6.340856798534731,-24.646235285714415
Clemson,64,Syracuse,61,17.882590338253785,11.66262825734674
Col Charleston,85,Elon,81,-0.4606347634581468,-1.7109036279344259
Colgate,85,Lafayette,77,-3.5300665357659207,-12.102088387400759
Connecticut,90,Xavier,67,25.10729111927154,7.778365709841898
Dayton,63,Fordham,56,7.453720484555427,-0.05904195752884017
Denver,87,Missouri KC,74,-6.718963056154548,-16.661368094073026
Duke,85,Georgia Tech,79,30.47631292494664,4.81995930743693
FL Atlantic,110,UT San Antonio,70,6.351804649646517,-15.648689776756592
Furman,74,Mercer,72,-2.2995798984529365,0.5840288415363489
G Washington,99,Richmond,85,9.857746736889899,3.374354993392689
George Mason,80,La Salle,75,8.095174888899992,-4.388475820600071
Hampton,63,Towson,62,-8.456384002540549,-0.5464166889081582
High Point,87,UNC Asheville,69,7.455157949413491,-4.515129557592766
Holy Cross,65,Bucknell,58,-13.04688731791795,-13.096288524993339
Lamar,69,East Texas A&M,62,-2.214271862878108,-10.24868267858815
Longwood,82,Winthrop,70,-9.004272423423975,1.3368316881639872
Loyola-Chicago,61,Rhode Island,57,-7.919700317024193,4.372881568912538
Marshall,84,Georgia St,80,0.16629603079518857,-9.841027531814934
Memphis,57,North Texas,48,7.369641932350132,0.7410214367989679
N Dakota St,84,South Dakota,61,2.046795939331589,-8.241126626447448
Navy,82,Boston Univ,77,-2.05716253834581,-9.831287835150842
NC State,70,Wake Forest,57,21.788929391891067,12.26856625050307
Nicholls St,71,UTRGV,69,-6.207446160282377,-0.22814271103413875
Northeastern,85,NC A&T,74,-6.463460575559628,-8.135106985044182
Penn,80,NJIT,61,-2.0570696017200927,-14.80646949052454
Radford,76,SC Upstate,69,-6.409728237299939,-9.147789259024785
SF Austin,74,Northwestern LA,64,6.14950134383293,-9.19667857822737
South Alabama,63,Louisiana,58,-5.806253567999122,-12.137067018502796
St John's,95,Georgetown,83,22.387807157714732,8.097403188054626
St Louis,102,St Joseph's PA,79,21.74212133595362,0.6346552500089729
TAM C. Christi,83,New Orleans,69,-2.5860191794207728,-3.575655046476065
Troy,100,Texas St,80,0.09710533684838424,-8.993596293102888
Tulane,79,East Carolina,70,-1.5078676189201856,-6.938769569086803
Tulsa,97,Rice,48,12.474016558063923,-4.818057589699624
UNC Wilmington,65,Drexel,53,2.413830183033299,-3.932084854527281
VCU,89,St Bonaventure,82,12.760710460803173,2.3358205694267835
Villanova,71,DePaul,66,18.019965533374403,7.564957311061451
Virginia Tech,95,Virginia,85,13.649896701268442,20.91879714221833
Wichita St,75,UAB,70,8.433712769495724,4.233612921761928
William & Mary,76,Stony Brook,57,1.656572728906202,-4.2986893622781555
Wofford,79,W Carolina,74,-5.064308768836391,-9.503110725382177
Ark Little Rock,77,Tennessee Tech,58,-13.722529134725532,-14.281089336240143
Austin Peay,102,North Florida,83,-0.6575938360595827,-15.534483522416355
Belmont,88,Bradley,78,10.045584450409333,3.590955518992814
Cal Poly,67,UC San Diego,65,-6.316796372758351,3.4181336664537407
Cent Arkansas,85,FGCU,83,-1.5873241521362738,-4.349217773076286
CS Fullerton,95,UC Santa Barbara,84,-2.1915793640363734,3.2846658019866024
SIUE,59,Southern Indiana,55,-8.17415727893679,-14.295320327497267
Ga Southern,82,Coastal Car,81,-8.452463657169565,-7.357081216042199
Hawaii,88,UC Riverside,45,8.020968123203241,-8.761132749466462
Idaho St,97,CS Sacramento,84,-2.6900359146858124,-6.393255168038442
Illinois St,73,Evansville,47,8.933861719167899,-7.795268693393136
Lipscomb,76,Jacksonville,57,-2.2704298007365584,-10.526145762510124
Montana,78,Northern Arizona,64,0.4272721445912008,-9.643076515343548
Montana St,89,N Colorado,75,1.0473895970912468,-1.0823524586851767
Murray St,81,IL Chicago,77,7.098433930540837,1.7665509943221132
N Kentucky,81,IUPUI,72,-2.4537270857196694,-12.491570369997088
North Dakota,72,Oral Roberts,61,-8.39620613812819,-11.75823476123825
Northern Iowa,75,Indiana St,66,5.785582448008606,-2.4581456880249015
Oakland,85,Youngstown St,83,1.2988617496209411,-2.8049667940666527
Portland St,95,Weber St,90,2.2902438567068213,-2.4753255840285364
S Dakota St,84,NE Omaha,69,-1.4024499716884644,-6.6809771450146105
S Illinois,75,Valparaiso,70,3.3850180919715123,0.7826673040916575
Samford,78,VMI,58,-7.386171296092927,-19.385486784833247
SE Missouri St,68,E Illinois,59,-6.757013248262701,-12.380585287610003
Southern Miss,87,ULM,73,-6.948449734643707,-18.229928278847783
Stetson,70,North Alabama,67,-14.070523158103668,-15.019555502687506
TN Martin,67,W Illinois,60,-3.7745856292540623,-21.1486742641898
UC Davis,89,CS Northridge,80,-0.8434486910801374,-2.1109082342198446
UC Irvine,81,CS Bakersfield,77,3.4963503402669383,-10.961124093729158
UNC Greensboro,77,Chattanooga,72,-12.065434872466879,-11.311391432436908
UT Arlington,63,Cal Baptist,51,-0.020907387432929244,2.1953924231003668
Utah Valley,91,Tarleton St,85,6.639639918156236,-2.827342432024417
WI Green Bay,72,PFW,54,-5.7700409143629,-5.625687252766425
Wright St,76,WI Milwaukee,70,1.3021861730347852,-6.744387041618924
Utah Tech,79,Abilene Chr,64,-3.4850425266828218,-7.721991269551377
Lindenwood,77,Morehead St,64,-7.15310794555327,-11.585204401367001
Queens NC,91,E Kentucky,89,-4.175091457795946,-8.312055999179629
West Georgia,87,Bellarmine,85,-11.903771564516768,-9.739354468795353
California,72,Notre Dame,71,13.447545319841446,10.06327913551909
Canisius,85,Fairfield,81,-17.060558122515523,-8.368082465442098
F Dickinson,74,Mercyhurst,67,-14.479566581615781,-9.513220387331831
Florida Intl,89,New Mexico St,74,-1.0098371649423266,0.004049809068651347
Gonzaga,80,Seattle,72,26.12679094319873,4.296087924139515
Iona,75,Siena,72,-5.622253380566301,-3.3587700316394775
Iowa St,80,West Virginia,59,28.277104289911488,12.114842312208815
Jacksonville St,67,Delaware,64,-4.019877384600862,-8.317869143575352
Liberty,81,Kennesaw,73,5.976024139614131,0.6339937118072055
LIU Brooklyn,84,Central Conn,78,-3.546335998209576,-10.69680210540559
Manhattan,80,Quinnipiac,79,-15.274581333554556,-3.997091735107692
McNeese St,82,Lamar,70,8.413093453200572,-2.214271862878108
Michigan,96,USC,66,34.00895201746655,13.985005389761836
Missouri St,79,UTEP,55,-2.3667315699870506,-6.308444347027473
MTSU,88,Louisiana Tech,51,1.2330496506793978,-5.691689472397247
Nebraska,58,Michigan St,56,23.21892114201473,24.386031921594633
Niagara,64,Sacred Heart,61,-16.995194255109116,-10.913977813629936
Ohio St,80,Rutgers,73,16.95643641170654,2.795178359596027
Oregon,64,Maryland,54,8.997587225487342,2.5510536362520244
Pacific,84,Oregon St,53,4.378468361891341,-0.9699153817654318
Robert Morris,85,Detroit,77,-3.837549906546749,-7.342812147525938
San Francisco,74,San Diego,64,6.276755571400898,-2.184946658816856
Santa Clara,82,Pepperdine,63,16.697031882728538,-5.588454031414728
St Mary's CA,78,Portland,57,16.908220628065287,-0.9276049727698782
St Peter's,69,Marist,59,-6.3187048872930385,-1.1747337528313329
Stanford,80,Louisville,76,11.495746482735854,24.611732488445927
WKU,102,Sam Houston St,91,0.4252617180430557,4.794162125506685
Wagner,79,Chicago St,72,-12.601506934083272,-16.24969652612226
Washington St,78,Loy Marymount,76,4.5380550036221035,1.5500504379175963
Merrimack,75,Mt St Mary's,65,-5.674283720960461,-11.970313880036324
Le Moyne,84,St Francis PA,58,-9.839160736172351,-18.95162660287704
New Haven,70,Stonehill,55,-14.029552843602488,-13.871167902361144
Abilene Chr,85,Utah Valley,68,-7.721991269551377,6.639639918156236
Alabama,89,Kentucky,74,22.89926309681164,20.62694485238151
Alabama St,89,MS Valley St,69,-13.932727716177093,-28.348205063722833
American Univ,64,Boston Univ,62,-6.396969179237704,-9.831287835150842
Arizona,97,Utah,78,29.622564216561056,6.364077339194109
Ark Pine Bluff,95,Alabama A&M,83,-13.668354319462967,-12.721138316688517
Arkansas,86,Tennessee,75,21.77145836677927,22.52532774922322
Austin Peay,71,Jacksonville,68,-0.6575938360595827,-10.526145762510124
Bethune-Cookman,87,Florida A&M,83,-7.810451810139458,-14.958411699952181
Bowling Green,101,Massachusetts,100,3.589447698727336,-0.4961988777783989
Bryant,56,Maine,51,-15.975655117989465,-16.277077360329795
Bucknell,72,Lehigh,65,-13.096288524993339,-10.370556306684765
Buffalo,85,Ball St,72,-1.2829899801500664,-11.502717502859307
BYU,83,Kansas St,73,22.96623370113013,10.199483531346415
Campbell,97,Northeastern,82,-4.608704820965019,-6.463460575559628
Cent Arkansas,93,Stetson,73,-1.5873241521362738,-14.070523158103668
Charleston So,86,UNC Asheville,83,-6.340856798534731,-4.515129557592766
Charlotte,104,Wichita St,100,1.2042231354891468,8.433712769495724
Clemson,73,Pittsburgh,68,17.882590338253785,8.195075774872146
Colgate,76,Army,69,-3.5300665357659207,-14.42534764296668
Colorado,95,Arizona St,89,10.951503521035468,10.603952967409308
Colorado St,70,Grand Canyon,60,8.035917066741126,11.357472832207115
Coppin St,53,Delaware St,51,-27.640739737591698,-20.10207053375217
CS Bakersfield,81,UC Davis,79,-10.961124093729158,-0.8434486910801374
CS Northridge,74,UC Santa Barbara,65,-2.1109082342198446,3.2846658019866024
Davidson,62,St Joseph's PA,56,6.002686977751972,0.6346552500089729
Dayton,70,Loyola-Chicago,68,7.453720484555427,-7.919700317024193
DePaul,86,Xavier,77,7.564957311061451,7.778365709841898
Duke,91,Florida St,87,30.47631292494664,8.465280031603305
ETSU,77,Mercer,71,1.9085058569619273,0.5840288415363489
FGCU,72,North Alabama,55,-4.349217773076286,-15.019555502687506
G Washington,77,La Salle,55,9.857746736889899,-4.388475820600071
Ga Southern,93,Old Dominion,86,-8.452463657169565,-8.261680554358493
George Mason,61,Rhode Island,50,8.095174888899992,4.372881568912538
Georgia,104,Auburn,100,20.02973847054447,19.144250770747117
Georgia St,89,Coastal Car,71,-9.841027531814934,-7.357081216042199
Georgia Tech,65,Boston College,53,4.81995930743693,3.54890302348592
Grambling,76,Prairie View,72,-10.144108684165358,-14.826501312313303
High Point,80,Longwood,67,7.455157949413491,-9.004272423423975
Hofstra,70,Drexel,67,2.086644182827586,-3.932084854527281
Houston,67,Cincinnati,60,25.82056645334507,12.416982907123183
Idaho,84,E Washington,81,-0.860099995525089,-5.263958334345224
Illinois,73,Penn St,65,27.558451754312838,5.083955436049424
Incarnate Word,73,Houston Chr,56,-5.547585347287668,-9.978893333224674
Iowa,74,UCLA,61,21.236487010988846,17.20134853209326
Jackson St,89,Alcorn St,86,-19.547308217380763,-20.10652752334088
James Madison,78,Arkansas St,74,-6.42260170209562,-2.643647731191786
Kent,77,N Illinois,73,1.3438007614795435,-10.69931700103686
Lafayette,79,Loyola MD,64,-12.102088387400759,-13.377750243521636
Lipscomb,82,North Florida,74,-2.2704298007365584,-15.534483522416355
Long Beach St,74,Cal Poly,66,-4.652494408015093,-6.316796372758351
MA Lowell,83,SUNY Albany,71,-14.238798983700297,-13.163496176751917
Marshall,88,Appalachian St,81,0.16629603079518857,-3.019964221943779
MD E Shore,66,Morgan St,49,-15.28346349833095,-20.00282080703169
Memphis,76,Rice,70,7.369641932350132,-4.818057589699624
Miami OH,76,Akron,73,6.878792003107033,11.189246661258986
Minnesota,84,Northwestern,78,10.308552144640325,11.78237952913321
Mississippi St,101,Texas,98,8.973566181550307,17.79158970367343
Missouri,76,Florida,74,11.56899502860914,26.39081761428366
Missouri KC,73,NE Omaha,66,-16.661368094073026,-6.6809771450146105
Monmouth NJ,62,Towson,48,-3.848522919496683,-0.5464166889081582
Montana,88,N Colorado,79,0.4272721445912008,-1.0823524586851767
Montana St,77,Northern Arizona,68,1.0473895970912468,-9.643076515343548
Morehead St,73,SIUE,72,-11.585204401367001,-8.17415727893679
N Dakota St,79,Oral Roberts,77,2.046795939331589,-11.75823476123825
Navy,65,Holy Cross,58,-2.05716253834581,-13.04688731791795
NC Central,69,Norfolk St,67,-16.23054921366116,-13.021484758554106
Nevada,66,Fresno St,65,12.180469852648914,4.073803256746674
New Mexico,78,Wyoming,58,14.880097023188116,8.357185218844622
Nicholls St,80,East Texas A&M,58,-6.207446160282377,-10.24868267858815
NJIT,73,Binghamton,65,-14.80646949052454,-21.707046613042007
North Dakota,90,S Dakota St,87,-8.39620613812819,-1.4024499716884644
Northwestern LA,74,New Orleans,68,-9.19667857822737,-3.575655046476065
Ohio,68,E Michigan,67,-2.458559640908652,-3.580139516277849
Oklahoma,86,Mississippi,70,11.432263406894199,10.46160439503338
Portland St,93,Idaho St,87,2.2902438567068213,-2.6900359146858124
Presbyterian,86,SC Upstate,77,-8.171853518367254,-9.147789259024785
Providence,77,St John's,71,11.241342833123284,22.387807157714732
Purdue,89,Wisconsin,73,26.152648451209974,16.984647164159234
S Carolina St,58,Howard,57,-22.2908843957574,-8.060038874832856
San Diego St,110,Boise St,107,14.954913190967044,13.415037567503262
SE Missouri St,73,W Illinois,50,-6.757013248262701,-21.1486742641898
SF Austin,73,SE Louisiana,63,6.14950134383293,-8.378711089435738
SMU,97,North Carolina,83,18.858138555743015,20.177147542199364
Southern Miss,74,Louisiana,67,-6.948449734643707,-12.137067018502796
Southern Univ,84,TX Southern,73,-11.076179678502223,-14.284509430349972
Stony Brook,81,NC A&T,80,-4.2986893622781555,-8.135106985044182
TAM C. Christi,63,UTRGV,59,-2.5860191794207728,-0.22814271103413875
TCU,69,Baylor,63,14.466735878512502,15.872210600276453
Temple,76,UT San Antonio,57,1.6101601066860876,-15.648689776756592
Tennessee St,84,Ark Little Rock,79,-7.984243030172132,-13.722529134725532
Texas A&M,75,LSU,72,19.179102352686098,14.712317974153333
Texas St,84,ULM,79,-8.993596293102888,-18.229928278847783
Texas Tech,102,Oklahoma St,80,22.11626746517065,13.86708154452552
TN Martin,65,E Illinois,61,-3.7745856292540623,-12.380585287610003
Toledo,78,C Michigan,75,0.3389247220623984,-9.604265919979685
Troy,59,South Alabama,49,0.09710533684838424,-5.806253567999122
UC Irvine,86,CS Fullerton,64,3.4963503402669383,-2.1915793640363734
UCF,81,Kansas,75,15.06572674394935,23.957485614866563
UNC Greensboro,89,Samford,82,-12.065434872466879,-7.386171296092927
UNC Wilmington,49,Hampton,45,2.413830183033299,-8.456384002540549
UNLV,67,Air Force,39,3.1267531403743414,-12.735240615401642
UT Arlington,86,Southern Utah,77,-0.020907387432929244,-11.107617721609282
Utah St,96,San Jose St,78,19.392266810705305,-3.069027491311642
VCU,93,Duquesne,80,12.760710460803173,4.686016814942015
Vanderbilt,83,South Carolina,71,24.154102986278797,8.258663769478087
Vermont,80,New Hampshire,61,-5.418090561445725,-12.508359622828568
Villanova,85,Butler,67,18.019965533374403,12.436267405379676
Virginia,76,NC State,61,20.91879714221833,21.788929391891067
VMI,79,Chattanooga,71,-19.385486784833247,-11.311391432436908
W Carolina,80,Furman,77,-9.503110725382177,-2.2995798984529365
Wake Forest,81,Virginia Tech,78,12.26856625050307,13.649896701268442
Weber St,95,CS Sacramento,82,-2.4753255840285364,-6.393255168038442
Winthrop,88,Gardner Webb,77,1.3368316881639872,-24.646235285714415
Wofford,95,Citadel,86,-5.064308768836391,-15.588927891729995
Tarleton St,81,Cal Baptist,76,-2.827342432024417,2.1953924231003668
UC San Diego,83,Hawaii,73,3.4181336664537407,8.020968123203241
Lindenwood,83,Southern Indiana,80,-7.15310794555327,-14.295320327497267
Queens NC,98,Bellarmine,76,-4.175091457795946,-9.739354468795353
West Georgia,88,E Kentucky,76,-11.903771564516768,-8.312055999179629
Canisius,82,Sacred Heart,78,-17.060558122515523,-10.913977813629936
Central Conn,72,New Haven,61,-10.69680210540559,-14.029552843602488
Connecticut,73,Marquette,57,25.10729111927154,6.499579672447203
Delaware,67,Kennesaw,52,-8.317869143575352,0.6339937118072055
Drake,74,Indiana St,72,0.7544156025781878,-2.4581456880249015
Fairfield,83,Niagara,75,-8.368082465442098,-16.995194255109116
Florida Intl,76,UTEP,64,-1.0098371649423266,-6.308444347027473
Gonzaga,82,Loy Marymount,47,26.12679094319873,1.5500504379175963
Indiana,90,Washington,80,18.87384006863379,15.817584011338012
PFW,74,Cleveland St,71,-5.625687252766425,-10.736414013574178
Liberty,78,Jacksonville St,69,5.976024139614131,-4.019877384600862
LIU Brooklyn,74,Chicago St,55,-3.546335998209576,-16.24969652612226
Marist,83,Iona,38,-1.1747337528313329,-5.622253380566301
Missouri St,89,New Mexico St,82,-2.3667315699870506,0.004049809068651347
MTSU,68,Sam Houston St,67,1.2330496506793978,4.794162125506685
Murray St,86,Bradley,66,7.098433930540837,3.590955518992814
N Kentucky,94,Youngstown St,79,-2.4537270857196694,-2.8049667940666527
North Texas,72,Tulsa,67,0.7410214367989679,12.474016558063923
Northern Iowa,62,Evansville,48,5.785582448008606,-7.795268693393136
Oakland,96,Robert Morris,73,1.2988617496209411,-3.837549906546749
Pacific,74,Pepperdine,69,4.378468361891341,-5.588454031414728
Quinnipiac,80,Mt St Mary's,69,-3.997091735107692,-11.970313880036324
Richmond,83,Fordham,75,3.374354993392689,-0.05904195752884017
S Illinois,68,Belmont,67,3.3850180919715123,10.045584450409333
San Francisco,73,Portland,68,6.276755571400898,-0.9276049727698782
Santa Clara,98,San Diego,70,16.697031882728538,-2.184946658816856
Seton Hall,56,Creighton,54,13.61217858159576,10.984102719717837
Siena,74,Rider,65,-3.3587700316394775,-17.261706725421675
St Francis PA,85,F Dickinson,82,-18.95162660287704,-14.479566581615781
St Mary's CA,93,Seattle,76,16.908220628065287,4.296087924139515
Tulane,69,FL Atlantic,66,-1.5078676189201856,6.351804649646517
UAB,109,South Florida,106,4.233612921761928,10.967070575235171
Valparaiso,66,IL Chicago,59,0.7826673040916575,1.7665509943221132
WKU,66,Louisiana Tech,61,0.4252617180430557,-5.691689472397247
Washington St,81,Oregon St,67,4.5380550036221035,-0.9699153817654318
Wright St,81,IUPUI,77,1.3021861730347852,-12.491570369997088
Merrimack,73,Manhattan,66,-5.674283720960461,-15.274581333554556
St Thomas MN,92,Denver,88,2.882581967815671,-6.718963056154548
Stonehill,69,Wagner,60,-13.871167902361144,-12.601506934083272
Mercyhurst,74,Le Moyne,60,-9.513220387331831,-9.839160736172351
Alabama A&M,71,MS Valley St,51,-12.721138316688517,-28.348205063722833
Ark Pine Bluff,90,Alabama St,79,-13.668354319462967,-13.932727716177093
Col Charleston,88,William & Mary,79,-0.4606347634581468,1.656572728906202
Columbia,104,Cornell,99,-1.1455860463245808,-2.5897361889852073
Dartmouth,76,Harvard,68,-5.458928015720884,-1.9259472947129983
Grambling,84,TX Southern,67,-10.144108684165358,-14.284509430349972
McNeese St,66,SF Austin,64,8.413093453200572,6.14950134383293
Michigan St,80,USC,51,24.386031921594633,13.985005389761836
Nebraska,72,Ohio St,69,23.21892114201473,16.95643641170654
New Orleans,83,East Texas A&M,73,-3.575655046476065,-10.24868267858815
Nicholls St,74,Northwestern LA,72,-6.207446160282377,-9.19667857822737
Prairie View,89,Southern Univ,85,-14.826501312313303,-11.076179678502223
Princeton,78,Penn,76,-5.435545860544262,-2.0570696017200927
Rutgers,88,Oregon,85,2.795178359596027,8.997587225487342
SE Louisiana,60,Lamar,52,-8.378711089435738,-2.214271862878108
TAM C. Christi,81,Houston Chr,65,-2.5860191794207728,-9.978893333224674
UTRGV,80,Incarnate Word,67,-0.22814271103413875,-5.547585347287668
WI Green Bay,79,WI Milwaukee,76,-5.7700409143629,-6.744387041618924
Yale,70,Brown,53,8.176250244240705,-9.277418865214003
Akron,82,C Michigan,69,11.189246661258986,-9.604265919979685
Dayton,79,G Washington,72,7.453720484555427,9.857746736889899
DePaul,56,Georgetown,50,7.564957311061451,8.097403188054626
Duke,84,Louisville,73,30.47631292494664,24.611732488445927
E Michigan,74,Ball St,52,-3.580139516277849,-11.502717502859307
SIUE,66,Lindenwood,62,-8.17415727893679,-7.15310794555327
Florida,92,Georgia,77,26.39081761428366,20.02973847054447
Fresno St,70,San Jose St,55,4.073803256746674,-3.069027491311642
Houston,69,Texas Tech,65,25.82056645334507,22.11626746517065
Kansas,104,TCU,100,23.957485614866563,14.466735878512502
Kent,96,Bowling Green,93,1.3438007614795435,3.589447698727336
Miami OH,87,W Michigan,76,6.878792003107033,-7.971093026343999
Michigan,74,Penn St,72,34.00895201746655,5.083955436049424
Minnesota,70,Iowa,67,10.308552144640325,21.236487010988846
NC State,79,Boston College,71,21.788929391891067,3.54890302348592
New Mexico,80,Colorado St,70,14.880097023188116,8.035917066741126
Ohio,86,Massachusetts,83,-2.458559640908652,-0.4961988777783989
Oklahoma St,87,UCF,76,13.86708154452552,15.06572674394935
San Diego St,73,Nevada,68,14.954913190967044,12.180469852648914
South Carolina,78,LSU,68,8.258663769478087,14.712317974153333
St John's,84,Butler,70,22.387807157714732,12.436267405379676
Syracuse,82,Georgia Tech,72,11.66262825734674,4.81995930743693
Tennessee,85,Texas,71,22.52532774922322,17.79158970367343
Texas A&M,90,Auburn,88,19.179102352686098,19.144250770747117
Toledo,75,N Illinois,61,0.3389247220623984,-10.69931700103686
Utah St,99,Air Force,62,19.392266810705305,-12.735240615401642
West Virginia,62,Cincinnati,60,12.114842312208815,12.416982907123183
Wisconsin,80,UCLA,72,16.984647164159234,17.20134853209326
Wyoming,98,UNLV,66,8.357185218844622,3.1267531403743414
Arizona,101,Kansas St,76,29.622564216561056,10.199483531346415
Arkansas,94,Mississippi,87,21.77145836677927,10.46160439503338
Arkansas St,86,Troy,74,-2.643647731191786,0.09710533684838424
Belmont,78,Northern Iowa,65,10.045584450409333,5.785582448008606
Boston Univ,83,Lafayette,67,-9.831287835150842,-12.102088387400759
Bradley,93,Drake,66,3.590955518992814,0.7544156025781878
BYU,104,Arizona St,76,22.96623370113013,10.603952967409308
Charlotte,74,UT San Antonio,58,1.2042231354891468,-15.648689776756592
Clemson,74,SMU,70,17.882590338253785,18.858138555743015
Colgate,64,American Univ,62,-3.5300665357659207,-6.396969179237704
Colorado,85,Utah,73,10.951503521035468,6.364077339194109
Connecticut,103,Providence,98,25.10729111927154,11.241342833123284
Creighton,76,Villanova,72,10.984102719717837,18.019965533374403
Davidson,79,Loyola-Chicago,64,6.002686977751972,-7.919700317024193
ETSU,81,VMI,67,1.9085058569619273,-19.385486784833247
FL Atlantic,76,UAB,71,6.351804649646517,4.233612921761928
Furman,78,Chattanooga,67,-2.2995798984529365,-11.311391432436908
George Mason,67,Fordham,58,8.095174888899992,-0.05904195752884017
Grand Canyon,75,Boise St,58,11.357472832207115,13.415037567503262
High Point,104,Gardner Webb,49,7.455157949413491,-24.646235285714415
IL Chicago,70,S Illinois,57,1.7665509943221132,3.3850180919715123
Indiana,84,Maryland,66,18.87384006863379,2.5510536362520244
Iowa St,70,Baylor,60,28.277104289911488,15.872210600276453
PFW,71,Youngstown St,69,-5.625687252766425,-2.8049667940666527
Jacksonville St,71,Florida Intl,64,-4.019877384600862,-1.0098371649423266
Kennesaw,90,Missouri St,80,0.6339937118072055,-2.3667315699870506
La Salle,79,Rhode Island,72,-4.388475820600071,4.372881568912538
Lehigh,66,Holy Cross,58,-10.370556306684765,-13.04688731791795
Loyola MD,84,Army,76,-13.377750243521636,-14.42534764296668
Marquette,66,Xavier,65,6.499579672447203,7.778365709841898
Marshall,66,James Madison,64,0.16629603079518857,-6.42260170209562
Mercer,101,Citadel,63,0.5840288415363489,-15.588927891729995
Miami FL,81,Wake Forest,77,17.78517891833293,12.26856625050307
Mississippi St,72,Oklahoma,53,8.973566181550307,11.432263406894199
Missouri,73,Kentucky,68,11.56899502860914,20.62694485238151
Murray St,79,Evansville,69,7.098433930540837,-7.795268693393136
Navy,76,Bucknell,55,-2.05716253834581,-13.096288524993339
Purdue,81,Washington,73,26.152648451209974,15.817584011338012
Radford,80,Presbyterian,61,-6.409728237299939,-8.171853518367254
Rice,66,Wichita St,64,-4.818057589699624,8.433712769495724
Richmond,89,St Bonaventure,80,3.374354993392689,2.3358205694267835
Samford,82,W Carolina,77,-7.386171296092927,-9.503110725382177
South Florida,74,North Texas,70,10.967070575235171,0.7410214367989679
St Joseph's PA,97,Duquesne,90,0.6346552500089729,4.686016814942015
St Louis,71,VCU,62,21.74212133595362,12.760710460803173
Stanford,69,Virginia Tech,68,11.495746482735854,13.649896701268442
Temple,75,East Carolina,67,1.6101601066860876,-6.938769569086803
UNC Asheville,72,Longwood,61,-4.515129557592766,-9.004272423423975
Valparaiso,77,Illinois St,71,0.7826673040916575,8.933861719167899
Vanderbilt,96,Alabama,90,24.154102986278797,22.89926309681164
Virginia,84,California,60,20.91879714221833,13.447545319841446
Winthrop,81,Charleston So,77,1.3368316881639872,-6.340856798534731
Wofford,97,UNC Greensboro,85,-5.064308768836391,-12.065434872466879
St Thomas MN,99,South Dakota,86,2.882581967815671,-8.241126626447448
Abilene Chr,84,Tarleton St,80,-7.721991269551377,-2.827342432024417
Appalachian St,52,Georgia St,50,-3.019964221943779,-9.841027531814934
Ark Little Rock,73,SIUE,70,-13.722529134725532,-8.17415727893679
Austin Peay,82,FGCU,71,-0.6575938360595827,-4.349217773076286
Campbell,86,Hampton,72,-4.608704820965019,-8.456384002540549
Central Conn,76,Stonehill,69,-10.69680210540559,-13.871167902361144
CS Bakersfield,67,UC Riverside,66,-10.961124093729158,-8.761132749466462
CS Fullerton,88,UC San Diego,71,-2.1915793640363734,3.4181336664537407
CS Northridge,95,Cal Poly,90,-2.1109082342198446,-6.316796372758351
Drexel,56,Stony Brook,37,-3.932084854527281,-4.2986893622781555
E Illinois,71,Tennessee Tech,61,-12.380585287610003,-14.281089336240143
E Kentucky,88,North Alabama,80,-8.312055999179629,-15.019555502687506
Elon,69,NC A&T,64,-1.7109036279344259,-8.135106985044182
F Dickinson,70,Chicago St,63,-14.479566581615781,-16.24969652612226
Gonzaga,89,Santa Clara,77,26.12679094319873,16.697031882728538
Hofstra,78,Towson,67,2.086644182827586,-0.5464166889081582
Illinois,81,Rutgers,55,27.558451754312838,2.795178359596027
Liberty,72,Louisiana Tech,56,5.976024139614131,-5.691689472397247
LIU Brooklyn,60,Mercyhurst,58,-3.546335998209576,-9.513220387331831
Loy Marymount,84,San Francisco,82,1.5500504379175963,6.276755571400898
MA Lowell,77,Bryant,63,-14.238798983700297,-15.975655117989465
Michigan St,76,Northwestern,66,24.386031921594633,11.78237952913321
Monmouth NJ,81,William & Mary,70,-3.848522919496683,1.656572728906202
Montana,79,Idaho,73,0.4272721445912008,-0.860099995525089
Montana St,68,E Washington,64,1.0473895970912468,-5.263958334345224
N Colorado,85,Idaho St,72,-1.0823524586851767,-2.6900359146858124
N Dakota St,97,Missouri KC,73,2.046795939331589,-16.661368094073026
NE Omaha,90,North Dakota,79,-6.6809771450146105,-8.39620613812819
New Mexico St,80,WKU,64,0.004049809068651347,0.4252617180430557
NJIT,80,New Hampshire,76,-14.80646949052454,-12.508359622828568
Ohio St,72,Oregon,62,16.95643641170654,8.997587225487342
Old Dominion,70,Coastal Car,66,-8.261680554358493,-7.357081216042199
Oregon St,68,Seattle,55,-0.9699153817654318,4.296087924139515
Portland,90,Pacific,89,-0.9276049727698782,4.378468361891341
S Dakota St,87,Denver,79,-1.4024499716884644,-6.718963056154548
Sam Houston St,72,Delaware,60,4.794162125506685,-8.317869143575352
San Diego,83,Pepperdine,63,-2.184946658816856,-5.588454031414728
SE Missouri St,84,Southern Indiana,76,-6.757013248262701,-14.295320327497267
Southern Miss,80,Texas St,70,-6.948449734643707,-8.993596293102888
St Francis PA,71,Wagner,69,-18.95162660287704,-12.601506934083272
Stetson,91,Lipscomb,83,-14.070523158103668,-2.2704298007365584
Tennessee St,90,W Illinois,68,-7.984243030172132,-21.1486742641898
TN Martin,76,Morehead St,68,-3.7745856292540623,-11.585204401367001
UC Davis,93,UC Santa Barbara,86,-0.8434486910801374,3.2846658019866024
UC Irvine,74,Long Beach St,64,3.4963503402669383,-4.652494408015093
Louisiana,85,ULM,79,-12.137067018502796,-18.229928278847783
UMBC,69,Maine,62,-8.519516689602433,-16.277077360329795
UNC Wilmington,87,Northeastern,78,2.413830183033299,-6.463460575559628
Utah Valley,89,Southern Utah,72,6.639639918156236,-11.107617721609282
UTEP,83,MTSU,80,-6.308444347027473,1.2330496506793978
Vermont,60,Binghamton,59,-5.418090561445725,-21.707046613042007
Weber St,78,Northern Arizona,65,-2.4753255840285364,-9.643076515343548
Cal Baptist,84,Utah Tech,72,2.1953924231003668,-3.4850425266828218
Bellarmine,84,Cent Arkansas,78,-9.739354468795353,-1.5873241521362738
Queens NC,77,Jacksonville,51,-4.175091457795946,-10.526145762510124
Le Moyne,73,New Haven,47,-9.839160736172351,-14.029552843602488
West Georgia,85,North Florida,73,-11.903771564516768,-15.534483522416355
Akron,77,Bowling Green,67,11.189246661258986,3.589447698727336
Canisius,70,Manhattan,64,-17.060558122515523,-15.274581333554556
Colorado St,70,UNLV,62,8.035917066741126,3.1267531403743414
Fairfield,68,Rider,62,-8.368082465442098,-17.261706725421675
Iona,71,Niagara,53,-5.622253380566301,-16.995194255109116
Marist,76,Sacred Heart,72,-1.1747337528313329,-10.913977813629936
Miami OH,87,Toledo,73,6.878792003107033,0.3389247220623984
Mt St Mary's,70,St Peter's,65,-11.970313880036324,-6.3187048872930385
N Kentucky,85,WI Milwaukee,67,-2.4537270857196694,-6.744387041618924
Oakland,97,Cleveland St,74,1.2988617496209411,-10.736414013574178
USC,70,Minnesota,69,13.985005389761836,10.308552144640325
WI Green Bay,75,IUPUI,59,-5.7700409143629,-12.491570369997088
Wright St,84,Detroit,82,1.3021861730347852,-7.342812147525938
Merrimack,63,Siena,59,-5.674283720960461,-3.3587700316394775
SUNY Albany,71,Bryant,46,-13.163496176751917,-15.975655117989465
Alcorn St,64,Alabama A&M,62,-20.10652752334088,-12.721138316688517
Arizona,86,TCU,73,29.622564216561056,14.466735878512502
Arizona St,87,Kansas St,84,10.603952967409308,10.199483531346415
Ark Little Rock,82,Lindenwood,74,-13.722529134725532,-7.15310794555327
Ark Pine Bluff,74,TX Southern,66,-13.668354319462967,-14.284509430349972
Arkansas St,83,Texas St,82,-2.643647731191786,-8.993596293102888
Auburn,95,Arkansas,73,19.144250770747117,21.77145836677927
Austin Peay,81,Stetson,69,-0.6575938360595827,-14.070523158103668
Belmont,78,Drake,76,10.045584450409333,0.7544156025781878
Bethune-Cookman,74,Grambling,65,-7.810451810139458,-10.144108684165358
Boston Univ,100,Army,91,-9.831287835150842,-14.42534764296668
Bradley,75,Northern Iowa,69,3.590955518992814,5.785582448008606
Bucknell,70,Loyola MD,67,-13.096288524993339,-13.377750243521636
BYU,89,Utah,84,22.96623370113013,6.364077339194109
C Michigan,87,Kent,85,-9.604265919979685,1.3438007614795435
Cal Poly,84,UC Davis,78,-6.316796372758351,-0.8434486910801374
Central Conn,69,Le Moyne,59,-10.69680210540559,-9.839160736172351
Chattanooga,88,Samford,79,-11.311391432436908,-7.386171296092927
Citadel,79,W Carolina,77,-15.588927891729995,-9.503110725382177
Clemson,76,Notre Dame,61,17.882590338253785,10.06327913551909
Coastal Car,67,Appalachian St,62,-7.357081216042199,-3.019964221943779
Col Charleston,74,Hampton,70,-0.4606347634581468,-8.456384002540549
Connecticut,72,DePaul,60,25.10729111927154,7.564957311061451
CS Fullerton,86,CS Northridge,79,-2.1915793640363734,-2.1109082342198446
Dartmouth,102,Cornell,91,-5.458928015720884,-2.5897361889852073
Drexel,64,William & Mary,58,-3.932084854527281,1.656572728906202
Duke,82,SMU,75,30.47631292494664,18.858138555743015
E Illinois,74,Tennessee St,70,-12.380585287610003,-7.984243030172132
E Kentucky,79,Cent Arkansas,75,-8.312055999179629,-1.5873241521362738
E Washington,66,Montana,65,-5.263958334345224,0.4272721445912008
Elon,83,Campbell,82,-1.7109036279344259,-4.608704820965019
ETSU,86,UNC Greensboro,60,1.9085058569619273,-12.065434872466879
Evansville,72,Indiana St,69,-7.795268693393136,-2.4581456880249015
Florida,91,Tennessee,67,26.39081761428366,22.52532774922322
Florida A&M,67,Southern Univ,59,-14.958411699952181,-11.076179678502223
Fordham,81,St Bonaventure,77,-0.05904195752884017,2.3358205694267835
Furman,69,VMI,48,-2.2995798984529365,-19.385486784833247
G Washington,101,Loyola-Chicago,66,9.857746736889899,-7.919700317024193
George Mason,86,VCU,80,8.095174888899992,12.760710460803173
Georgia,75,South Carolina,70,20.02973847054447,8.258663769478087
Georgia St,81,Marshall,73,-9.841027531814934,0.16629603079518857
Grand Canyon,76,San Jose St,58,11.357472832207115,-3.069027491311642
Harvard,79,Columbia,54,-1.9259472947129983,-1.1455860463245808
Hawaii,67,UC Irvine,66,8.020968123203241,3.4963503402669383
High Point,84,Charleston So,82,7.455157949413491,-6.340856798534731
Hofstra,67,Monmouth NJ,64,2.086644182827586,-3.848522919496683
Holy Cross,84,American Univ,73,-13.04688731791795,-6.396969179237704
Houston,77,Baylor,55,25.82056645334507,15.872210600276453
Idaho,92,Montana St,89,-0.860099995525089,1.0473895970912468
Idaho St,81,Northern Arizona,79,-2.6900359146858124,-9.643076515343548
IL Chicago,63,Illinois St,59,1.7665509943221132,8.933861719167899
Iowa St,83,Oklahoma St,71,28.277104289911488,13.86708154452552
Jackson St,75,Alabama St,64,-19.547308217380763,-13.932727716177093
Jacksonville,75,West Georgia,43,-10.526145762510124,-11.903771564516768
James Madison,70,Old Dominion,69,-6.42260170209562,-8.261680554358493
Kennesaw,88,Jacksonville St,82,0.6339937118072055,-4.019877384600862
Kentucky,92,Mississippi St,68,20.62694485238151,8.973566181550307
Lamar,63,Incarnate Word,51,-2.214271862878108,-5.547585347287668
Lehigh,78,Colgate,77,-10.370556306684765,-3.5300665357659207
Liberty,82,Sam Houston St,74,5.976024139614131,4.794162125506685
Lipscomb,84,FGCU,77,-2.2704298007365584,-4.349217773076286
Long Beach St,81,CS Bakersfield,75,-4.652494408015093,-10.961124093729158
LIU Brooklyn,67,St Francis PA,63,-3.546335998209576,-18.95162660287704
Longwood,77,Presbyterian,70,-9.004272423423975,-8.171853518367254
Louisiana Tech,70,Delaware,68,-5.691689472397247,-8.317869143575352
Louisville,75,Boston College,62,24.611732488445927,3.54890302348592
MA Lowell,73,Binghamton,68,-14.238798983700297,-21.707046613042007
Maine,74,NJIT,70,-16.277077360329795,-14.80646949052454
Massachusetts,79,Ball St,71,-0.4961988777783989,-11.502717502859307
McNeese St,73,SE Louisiana,61,8.413093453200572,-8.378711089435738
MD E Shore,69,Howard,57,-15.28346349833095,-8.060038874832856
Mercer,109,Wofford,97,0.5840288415363489,-5.064308768836391
Miami FL,91,Georgia Tech,81,17.78517891833293,4.81995930743693
Mississippi,76,Missouri,69,10.46160439503338,11.56899502860914
Missouri St,79,Florida Intl,71,-2.3667315699870506,-1.0098371649423266
Morehead St,71,SE Missouri St,69,-11.585204401367001,-6.757013248262701
Morgan St,72,S Carolina St,67,-20.00282080703169,-22.2908843957574
MTSU,59,New Mexico St,55,1.2330496506793978,0.004049809068651347
Murray St,92,Valparaiso,79,7.098433930540837,0.7826673040916575
N Dakota St,78,NE Omaha,76,2.046795939331589,-6.6809771450146105
Navy,76,Lafayette,50,-2.05716253834581,-12.102088387400759
NC Central,88,Coppin St,77,-16.23054921366116,-27.640739737591698
NC State,113,Florida St,69,21.788929391891067,8.465280031603305
Nebraska,83,Indiana,77,23.21892114201473,18.87384006863379
Nevada,92,Wyoming,83,12.180469852648914,8.357185218844622
New Mexico,91,Air Force,49,14.880097023188116,-12.735240615401642
Nicholls St,90,New Orleans,77,-6.207446160282377,-3.575655046476065
Norfolk St,66,Delaware St,64,-13.021484758554106,-20.10207053375217
North Carolina,87,Wake Forest,84,20.177147542199364,12.26856625050307
North Dakota,81,Missouri KC,79,-8.39620613812819,-16.661368094073026
Northwestern LA,79,TAM C. Christi,78,-9.19667857822737,-2.5860191794207728
Ohio,91,Buffalo,80,-2.458559640908652,-1.2829899801500664
Pacific,77,San Diego,70,4.378468361891341,-2.184946658816856
Penn,81,Brown,73,-2.0570696017200927,-9.277418865214003
Portland,82,Oregon St,76,-0.9276049727698782,-0.9699153817654318
Portland St,96,CS Sacramento,69,2.2902438567068213,-6.393255168038442
Prairie View,70,MS Valley St,69,-14.826501312313303,-28.348205063722833
Princeton,76,Yale,60,-5.435545860544262,8.176250244240705
Purdue,93,Penn St,85,26.152648451209974,5.083955436049424
Rhode Island,70,Davidson,45,4.372881568912538,6.002686977751972
San Diego St,71,Fresno St,52,14.954913190967044,4.073803256746674
San Francisco,80,Pepperdine,60,6.276755571400898,-5.588454031414728
Santa Clara,103,Loy Marymount,72,16.697031882728538,1.5500504379175963
Seton Hall,76,Georgetown,67,13.61217858159576,8.097403188054626
SF Austin,85,Houston Chr,67,6.14950134383293,-9.978893333224674
South Alabama,87,Ga Southern,71,-5.806253567999122,-8.452463657169565
South Dakota,82,Denver,72,-8.241126626447448,-6.718963056154548
South Florida,93,Tulsa,78,10.967070575235171,12.474016558063923
Southern Miss,70,ULM,60,-6.948449734643707,-18.229928278847783
St John's,90,Creighton,73,22.387807157714732,10.984102719717837
St Louis,84,La Salle,72,21.74212133595362,-4.388475820600071
St Mary's CA,88,Washington St,82,16.908220628065287,4.5380550036221035
Syracuse,83,Pittsburgh,72,11.66262825734674,8.195075774872146
Tennessee Tech,59,W Illinois,54,-14.281089336240143,-21.1486742641898
Texas,92,Alabama,88,17.79158970367343,22.89926309681164
Texas A&M,83,Oklahoma,76,19.179102352686098,11.432263406894199
Texas Tech,73,Colorado,71,22.11626746517065,10.951503521035468
TN Martin,73,Southern Indiana,56,-3.7745856292540623,-14.295320327497267
Towson,87,Northeastern,78,-0.5464166889081582,-6.463460575559628
Troy,90,Louisiana,70,0.09710533684838424,-12.137067018502796
Tulane,85,UT San Antonio,52,-1.5078676189201856,-15.648689776756592
UCLA,67,Maryland,55,17.20134853209326,2.5510536362520244
UMBC,75,New Hampshire,74,-8.519516689602433,-12.508359622828568
UNC Asheville,91,Radford,72,-4.515129557592766,-6.409728237299939
UNC Wilmington,75,Stony Brook,71,2.413830183033299,-4.2986893622781555
UT Arlington,82,Abilene Chr,72,-0.020907387432929244,-7.721991269551377
Utah St,93,Boise St,68,19.392266810705305,13.415037567503262
Utah Valley,92,Utah Tech,76,6.639639918156236,-3.4850425266828218
Vanderbilt,84,LSU,73,24.154102986278797,14.712317974153333
Villanova,76,Marquette,73,18.019965533374403,6.499579672447203
Virginia,70,Stanford,55,20.91879714221833,11.495746482735854
Virginia Tech,78,California,75,13.649896701268442,13.447545319841446
WKU,68,UTEP,56,0.4252617180430557,-6.308444347027473
W Michigan,79,E Michigan,62,-7.971093026343999,-3.580139516277849
Weber St,76,N Colorado,71,-2.4753255840285364,-1.0823524586851767
West Virginia,86,Kansas,75,12.114842312208815,23.957485614866563
Winthrop,71,SC Upstate,50,1.3368316881639872,-9.147789259024785
Wisconsin,91,Michigan,88,16.984647164159234,34.00895201746655
Xavier,97,Providence,84,7.778365709841898,11.241342833123284
Cal Baptist,58,Southern Utah,55,2.1953924231003668,-11.107617721609282
North Alabama,82,Bellarmine,73,-15.019555502687506,-9.739354468795353
UC San Diego,69,UC Riverside,66,3.4181336664537407,-8.761132749466462
St Thomas MN,82,Oral Roberts,71,2.882581967815671,-11.75823476123825
Queens NC,89,North Florida,82,-4.175091457795946,-15.534483522416355
Stonehill,85,Chicago St,82,-13.871167902361144,-16.24969652612226
East Texas A&M,77,UTRGV,69,-10.24868267858815,-0.22814271103413875
Mercyhurst,70,Wagner,69,-9.513220387331831,-12.601506934083272
New Haven,65,F Dickinson,55,-14.029552843602488,-14.479566581615781
Charlotte,74,Rice,73,1.2042231354891468,-4.818057589699624
Detroit,94,Cleveland St,84,-7.342812147525938,-10.736414013574178
FL Atlantic,89,Memphis,78,6.351804649646517,7.369641932350132
Illinois,75,Iowa,69,27.558451754312838,21.236487010988846
Iona,74,Canisius,48,-5.622253380566301,-17.060558122515523
PFW,79,Robert Morris,74,-5.625687252766425,-3.837549906546749
Manhattan,79,Niagara,70,-15.274581333554556,-16.995194255109116
Marist,71,Rider,49,-1.1747337528313329,-17.261706725421675
Quinnipiac,70,Sacred Heart,60,-3.997091735107692,-10.913977813629936
Rutgers,77,Northwestern,75,2.795178359596027,11.78237952913321
Siena,67,Mt St Mary's,50,-3.3587700316394775,-11.970313880036324
St Joseph's PA,67,Richmond,65,0.6346552500089729,3.374354993392689
St Peter's,76,Merrimack,63,-6.3187048872930385,-5.674283720960461
UAB,87,East Carolina,85,4.233612921761928,-6.938769569086803
UCF,73,Cincinnati,72,15.06572674394935,12.416982907123183
Washington,81,Ohio St,74,15.817584011338012,16.95643641170654
WI Green Bay,80,N Kentucky,78,-5.7700409143629,-2.4537270857196694
WI Milwaukee,95,IUPUI,83,-6.744387041618924,-12.491570369997088
Wichita St,78,North Texas,67,8.433712769495724,0.7410214367989679
Wright St,94,Oakland,84,1.3021861730347852,1.2988617496209411
Alabama A&M,100,Jackson St,91,-12.721138316688517,-19.547308217380763
Alabama St,81,Alcorn St,66,-13.932727716177093,-20.10652752334088
American Univ,65,Navy,51,-6.396969179237704,-2.05716253834581
Florida A&M,91,Grambling,84,-14.958411699952181,-10.144108684165358
Howard,84,Delaware St,58,-8.060038874832856,-20.10207053375217
Lamar,64,Houston Chr,56,-2.214271862878108,-9.978893333224674
McNeese St,94,Nicholls St,68,8.413093453200572,-6.207446160282377
MD E Shore,74,Norfolk St,70,-15.28346349833095,-13.021484758554106
NC Central,89,Morgan St,78,-16.23054921366116,-20.00282080703169
New Orleans,79,SE Louisiana,76,-3.575655046476065,-8.378711089435738
Northwestern LA,64,UTRGV,63,-9.19667857822737,-0.22814271103413875
Prairie View,73,Ark Pine Bluff,61,-14.826501312313303,-13.668354319462967
S Carolina St,74,Coppin St,72,-22.2908843957574,-27.640739737591698
SF Austin,56,Incarnate Word,46,6.14950134383293,-5.547585347287668
Southern Univ,77,Bethune-Cookman,73,-11.076179678502223,-7.810451810139458
TAM C. Christi,61,East Texas A&M,50,-2.5860191794207728,-10.24868267858815
TX Southern,84,MS Valley St,51,-14.284509430349972,-28.348205063722833
Akron,87,Ball St,77,11.189246661258986,-11.502717502859307
Alabama,97,Mississippi St,82,22.89926309681164,8.973566181550307
Baylor,94,Oklahoma St,79,15.872210600276453,13.86708154452552
Belmont,78,Valparaiso,74,10.045584450409333,0.7826673040916575
Bradley,94,Evansville,90,3.590955518992814,-7.795268693393136
Clemson,74,Boston College,50,17.882590338253785,3.54890302348592
Connecticut,69,Seton Hall,64,25.10729111927154,13.61217858159576
Creighton,86,Georgetown,83,10.984102719717837,8.097403188054626
Dayton,71,Duquesne,65,7.453720484555427,4.686016814942015
E Illinois,57,W Illinois,55,-12.380585287610003,-21.1486742641898
E Michigan,77,N Illinois,59,-3.580139516277849,-10.69931700103686
Florida,96,Oklahoma,79,26.39081761428366,11.432263406894199
Fresno St,79,Colorado St,69,4.073803256746674,8.035917066741126
George Mason,82,Loyola-Chicago,74,8.095174888899992,-7.919700317024193
Houston,77,West Virginia,48,25.82056645334507,12.114842312208815
IL Chicago,69,Northern Iowa,61,1.7665509943221132,5.785582448008606
Kansas,84,Iowa St,63,23.957485614866563,28.277104289911488
Kent,87,Buffalo,81,1.3438007614795435,-1.2829899801500664
Massachusetts,85,W Michigan,82,-0.4961988777783989,-7.971093026343999
Miami FL,81,Notre Dame,69,17.78517891833293,10.06327913551909
Miami OH,100,C Michigan,61,6.878792003107033,-9.604265919979685
Michigan St,81,Indiana,60,24.386031921594633,18.87384006863379
Nebraska,90,Oregon,55,23.21892114201473,8.997587225487342
New Mexico,87,Grand Canyon,64,14.880097023188116,11.357472832207115
San Jose St,70,Air Force,62,-3.069027491311642,-12.735240615401642
St John's,92,Marquette,68,22.387807157714732,6.499579672447203
St Mary's CA,82,San Francisco,68,16.908220628065287,6.276755571400898
Syracuse,94,Florida St,86,11.66262825734674,8.465280031603305
Tennessee,87,Texas A&M,82,22.52532774922322,19.179102352686098
Toledo,101,Ohio,85,0.3389247220623984,-2.458559640908652
UNLV,89,Boise St,85,3.1267531403743414,13.415037567503262
USC,88,Maryland,71,13.985005389761836,2.5510536362520244
Villanova,88,Providence,82,18.019965533374403,11.241342833123284
Virginia,79,Louisville,70,20.91879714221833,24.611732488445927
Wisconsin,78,Minnesota,75,16.984647164159234,10.308552144640325
Arizona,89,Arizona St,82,29.622564216561056,10.603952967409308
Arkansas,108,South Carolina,74,21.77145836677927,8.258663769478087
Bucknell,76,Lafayette,69,-13.096288524993339,-12.102088387400759
BYU,76,TCU,70,22.96623370113013,14.466735878512502
Chattanooga,76,Wofford,67,-11.311391432436908,-5.064308768836391
Cincinnati,77,Colorado,68,12.416982907123183,10.951503521035468
Coastal Car,85,Marshall,83,-7.357081216042199,0.16629603079518857
Colgate,86,Loyola MD,80,-3.5300665357659207,-13.377750243521636
Davidson,84,G Washington,79,6.002686977751972,9.857746736889899
Denver,98,Oral Roberts,87,-6.718963056154548,-11.75823476123825
Drake,76,S Illinois,73,0.7544156025781878,3.3850180919715123
Duke,71,California,56,30.47631292494664,13.447545319841446
Fairfield,98,Manhattan,62,-8.368082465442098,-15.274581333554556
Furman,77,Samford,73,-2.2995798984529365,-7.386171296092927
Holy Cross,82,Army,75,-13.04688731791795,-14.42534764296668
Illinois,79,Northwestern,68,27.558451754312838,11.78237952913321
Indiana St,94,Illinois St,89,-2.4581456880249015,8.933861719167899
Kennesaw,89,Florida Intl,86,0.6339937118072055,-1.0098371649423266
Kentucky,75,LSU,74,20.62694485238151,14.712317974153333
Lehigh,93,Boston Univ,91,-10.370556306684765,-9.831287835150842
Louisiana Tech,59,MTSU,58,-5.691689472397247,1.2330496506793978
Memphis,55,Temple,53,7.369641932350132,1.6101601066860876
Michigan,82,Washington,72,34.00895201746655,15.817584011338012
Mississippi,97,Georgia,95,10.46160439503338,20.02973847054447
Missouri,84,Auburn,74,11.56899502860914,19.144250770747117
N Dakota St,76,S Dakota St,65,2.046795939331589,-1.4024499716884644
Niagara,59,Canisius,54,-16.995194255109116,-17.060558122515523
Oregon St,76,Loy Marymount,70,-0.9699153817654318,1.5500504379175963
Pepperdine,67,Portland,63,-5.588454031414728,-0.9276049727698782
Pittsburgh,89,Georgia Tech,66,8.195075774872146,4.81995930743693
Presbyterian,71,UNC Asheville,70,-8.171853518367254,-4.515129557592766
Purdue,79,Iowa,72,26.152648451209974,21.236487010988846
Radford,89,Gardner Webb,80,-6.409728237299939,-24.646235285714415
Rice,89,UT San Antonio,73,-4.818057589699624,-15.648689776756592
Richmond,74,La Salle,53,3.374354993392689,-4.388475820600071
Rider,72,Iona,68,-17.261706725421675,-5.622253380566301
Sacred Heart,86,Siena,80,-10.913977813629936,-3.3587700316394775
Sam Houston St,77,Jacksonville St,62,4.794162125506685,-4.019877384600862
San Diego St,74,Wyoming,57,14.954913190967044,8.357185218844622
Santa Clara,85,Pacific,69,16.697031882728538,4.378468361891341
SC Upstate,86,Charleston So,81,-9.147789259024785,-6.340856798534731
SMU,77,Virginia Tech,76,18.858138555743015,13.649896701268442
South Florida,82,East Carolina,71,10.967070575235171,-6.938769569086803
St Joseph's PA,68,St Bonaventure,64,0.6346552500089729,2.3358205694267835
St Louis,78,Fordham,56,21.74212133595362,-0.05904195752884017
St Peter's,74,Quinnipiac,70,-6.3187048872930385,-3.997091735107692
Stanford,95,North Carolina,90,11.495746482735854,20.177147542199364
Texas,80,Vanderbilt,64,17.79158970367343,24.154102986278797
Texas St,59,Louisiana,54,-8.993596293102888,-12.137067018502796
Texas Tech,88,Utah,74,22.11626746517065,6.364077339194109
Troy,91,Southern Miss,65,0.09710533684838424,-6.948449734643707
Tulsa,86,Charlotte,74,12.474016558063923,1.2042231354891468
UAB,82,Tulane,69,4.233612921761928,-1.5078676189201856
UCF,82,Kansas St,73,15.06572674394935,10.199483531346415
UCLA,71,Penn St,60,17.20134853209326,5.083955436049424
Utah St,71,Nevada,62,19.392266810705305,12.180469852648914
VCU,84,Rhode Island,75,12.760710460803173,4.372881568912538
W Carolina,72,ETSU,68,-9.503110725382177,1.9085058569619273
WKU,87,Missouri St,72,0.4252617180430557,-2.3667315699870506
Winthrop,92,High Point,75,1.3368316881639872,7.455157949413491
Xavier,89,Butler,75,7.778365709841898,12.436267405379676
SUNY Albany,69,Binghamton,53,-13.163496176751917,-21.707046613042007
Appalachian St,80,James Madison,65,-3.019964221943779,-6.42260170209562
Ark Little Rock,74,E Illinois,63,-13.722529134725532,-12.380585287610003
Austin Peay,74,E Kentucky,72,-0.6575938360595827,-8.312055999179629
Bryant,79,UMBC,74,-15.975655117989465,-8.519516689602433
Cent Arkansas,62,Jacksonville,60,-1.5873241521362738,-10.526145762510124
CS Northridge,84,UC San Diego,79,-2.1109082342198446,3.4181336664537407
CS Sacramento,83,Northern Arizona,69,-6.393255168038442,-9.643076515343548
Drexel,73,Monmouth NJ,51,-3.932084854527281,-3.848522919496683
FL Atlantic,85,Wichita St,67,6.351804649646517,8.433712769495724
Ga Southern,87,Old Dominion,84,-8.452463657169565,-8.261680554358493
Gonzaga,86,Washington St,65,26.12679094319873,4.5380550036221035
Hawaii,86,Cal Poly,66,8.020968123203241,-6.316796372758351
Idaho St,76,Idaho,68,-2.6900359146858124,-0.860099995525089
IUPUI,96,Robert Morris,93,-12.491570369997088,-3.837549906546749
Liberty,73,New Mexico St,71,5.976024139614131,0.004049809068651347
Lipscomb,81,Bellarmine,71,-2.2704298007365584,-9.739354468795353
Long Beach St,88,UC Riverside,73,-4.652494408015093,-8.761132749466462
Mercer,77,VMI,67,0.5840288415363489,-19.385486784833247
N Kentucky,96,Detroit,71,-2.4537270857196694,-7.342812147525938
NJIT,73,MA Lowell,64,-14.80646949052454,-14.238798983700297
North Florida,105,North Alabama,91,-15.534483522416355,-15.019555502687506
Northeastern,85,Elon,78,-6.463460575559628,-1.7109036279344259
Oakland,73,WI Milwaukee,60,1.2988617496209411,-6.744387041618924
Portland St,76,N Colorado,73,2.2902438567068213,-1.0823524586851767
UC Santa Barbara,75,CS Bakersfield,69,3.2846658019866024,-10.961124093729158
Seattle,75,San Diego,64,4.296087924139515,-2.184946658816856
South Alabama,91,Arkansas St,87,-5.806253567999122,-2.643647731191786
South Dakota,99,Missouri KC,83,-8.241126626447448,-16.661368094073026
Southern Utah,106,Tarleton St,105,-11.107617721609282,-2.827342432024417
Stetson,95,West Georgia,86,-14.070523158103668,-11.903771564516768
Stony Brook,76,Hofstra,71,-4.2986893622781555,2.086644182827586
Tennessee St,105,Morehead St,100,-7.984243030172132,-11.585204401367001
TN Martin,65,SIUE,59,-3.7745856292540623,-8.17415727893679
Towson,61,Col Charleston,52,-0.5464166889081582,-0.4606347634581468
UC Davis,74,CS Fullerton,69,-0.8434486910801374,-2.1915793640363734
UNC Greensboro,69,Citadel,66,-12.065434872466879,-15.588927891729995
UT Arlington,56,Utah Tech,52,-0.020907387432929244,-3.4850425266828218
UTEP,70,Delaware,69,-6.308444347027473,-8.317869143575352
Vermont,67,Maine,62,-5.418090561445725,-16.277077360329795
Weber St,91,E Washington,80,-2.4753255840285364,-5.263958334345224
WI Green Bay,88,Cleveland St,73,-5.7700409143629,-10.736414013574178
William & Mary,97,NC A&T,89,1.656572728906202,-8.135106985044182
Wright St,93,Youngstown St,83,1.3021861730347852,-2.8049667940666527
Cal Baptist,74,Abilene Chr,58,2.1953924231003668,-7.721991269551377
St Thomas MN,91,North Dakota,80,2.882581967815671,-8.39620613812819
Lindenwood,88,SE Missouri St,76,-7.15310794555327,-6.757013248262701
Queens NC,85,FGCU,74,-4.175091457795946,-4.349217773076286
Southern Indiana,71,Tennessee Tech,54,-14.295320327497267,-14.281089336240143
Ball St,76,Ohio,71,-11.502717502859307,-2.458559640908652
Boise St,79,Colorado St,73,13.415037567503262,8.035917066741126
Dayton,78,Loyola-Chicago,51,7.453720484555427,-7.919700317024193
DePaul,80,Marquette,75,7.564957311061451,6.499579672447203
Kansas,80,Baylor,62,23.957485614866563,15.872210600276453
Kent,87,Toledo,84,1.3438007614795435,0.3389247220623984
Providence,93,Creighton,88,11.241342833123284,10.984102719717837
Akron,104,W Michigan,89,11.189246661258986,-7.971093026343999
Alabama,83,Oklahoma,81,22.89926309681164,11.432263406894199
Arizona,84,UCF,77,29.622564216561056,15.06572674394935
Ark Little Rock,86,W Illinois,79,-13.722529134725532,-21.1486742641898
Auburn,71,South Carolina,67,19.144250770747117,8.258663769478087
Belmont,73,S Illinois,68,10.045584450409333,3.3850180919715123
Bethune-Cookman,79,MS Valley St,63,-7.810451810139458,-28.348205063722833
Boston College,81,Syracuse,73,3.54890302348592,11.66262825734674
Bowling Green,85,E Michigan,79,3.589447698727336,-3.580139516277849
Brown,86,Columbia,80,-9.277418865214003,-1.1455860463245808
Butler,77,Seton Hall,66,12.436267405379676,13.61217858159576
California,84,North Carolina,78,13.447545319841446,20.177147542199364
Cent Arkansas,98,North Florida,69,-1.5873241521362738,-15.534483522416355
Central Conn,98,St Francis PA,90,-10.69680210540559,-18.95162660287704
Chattanooga,90,W Carolina,82,-11.311391432436908,-9.503110725382177
Cincinnati,79,Iowa St,70,12.416982907123183,28.277104289911488
Citadel,82,VMI,68,-15.588927891729995,-19.385486784833247
Clemson,69,Miami FL,59,17.882590338253785,17.78517891833293
Cleveland St,80,Youngstown St,78,-10.736414013574178,-2.8049667940666527
Coastal Car,79,Ga Southern,75,-7.357081216042199,-8.452463657169565
Colgate,95,Bucknell,76,-3.5300665357659207,-13.096288524993339
Connecticut,64,Georgetown,62,25.10729111927154,8.097403188054626
CS Sacramento,93,N Colorado,89,-6.393255168038442,-1.0823524586851767
Detroit,80,IUPUI,77,-7.342812147525938,-12.491570369997088
Duke,80,Stanford,50,30.47631292494664,11.495746482735854
Duquesne,74,Fordham,63,4.686016814942015,-0.05904195752884017
E Kentucky,89,Bellarmine,69,-8.312055999179629,-9.739354468795353
E Washington,84,Idaho St,66,-5.263958334345224,-2.6900359146858124
SIUE,68,SE Missouri St,55,-8.17415727893679,-6.757013248262701
Elon,89,Hofstra,85,-1.7109036279344259,2.086644182827586
ETSU,76,Samford,75,1.9085058569619273,-7.386171296092927
FGCU,90,West Georgia,72,-4.349217773076286,-11.903771564516768
Florida,98,Vanderbilt,94,26.39081761428366,24.154102986278797
Florida A&M,71,Ark Pine Bluff,67,-14.958411699952181,-13.668354319462967
Fresno St,63,Wyoming,60,4.073803256746674,8.357185218844622
Georgia,90,Arkansas,76,20.02973847054447,21.77145836677927
Georgia St,77,ULM,57,-9.841027531814934,-18.229928278847783
Georgia Tech,78,NC State,74,4.81995930743693,21.788929391891067
Gonzaga,71,Seattle,50,26.12679094319873,4.296087924139515
Grand Canyon,84,Utah St,74,11.357472832207115,19.392266810705305
Harvard,87,Princeton,80,-1.9259472947129983,-5.435545860544262
High Point,89,SC Upstate,69,7.455157949413491,-9.147789259024785
Houston Chr,81,East Texas A&M,70,-9.978893333224674,-10.24868267858815
Howard,83,NC Central,69,-8.060038874832856,-16.23054921366116
Idaho,75,Weber St,67,-0.860099995525089,-2.4753255840285364
IL Chicago,74,Drake,67,1.7665509943221132,0.7544156025781878
Illinois,77,Minnesota,67,27.558451754312838,10.308552144640325
Illinois St,88,Bradley,62,8.933861719167899,3.590955518992814
Incarnate Word,76,Northwestern LA,74,-5.547585347287668,-9.19667857822737
Iowa,74,Indiana,57,21.236487010988846,18.87384006863379
Jackson St,82,Prairie View,78,-19.547308217380763,-14.826501312313303
Jacksonville,90,North Alabama,68,-10.526145762510124,-15.019555502687506
Jacksonville St,64,Louisiana Tech,60,-4.019877384600862,-5.691689472397247
Kennesaw,81,WKU,65,0.6339937118072055,0.4252617180430557
Kentucky,80,Tennessee,78,20.62694485238151,22.52532774922322
La Salle,78,St Bonaventure,74,-4.388475820600071,2.3358205694267835
Lafayette,74,Holy Cross,55,-12.102088387400759,-13.04688731791795
Lamar,90,Nicholls St,80,-2.214271862878108,-6.207446160282377
Liberty,80,UTEP,69,5.976024139614131,-6.308444347027473
Lipscomb,82,Austin Peay,78,-2.2704298007365584,-0.6575938360595827
Long Beach St,87,CS Northridge,80,-4.652494408015093,-2.1109082342198446
LIU Brooklyn,66,F Dickinson,59,-3.546335998209576,-14.479566581615781
Louisville,100,Pittsburgh,59,24.611732488445927,8.195075774872146
Loyola MD,74,Boston Univ,57,-13.377750243521636,-9.831287835150842
LSU,78,Missouri,70,14.712317974153333,11.56899502860914
Marist,82,Fairfield,67,-1.1747337528313329,-8.368082465442098
Marshall,77,James Madison,72,0.16629603079518857,-6.42260170209562
MD E Shore,70,Coppin St,67,-15.28346349833095,-27.640739737591698
Mercer,102,UNC Greensboro,92,0.5840288415363489,-12.065434872466879
Miami OH,105,Buffalo,102,6.878792003107033,-1.2829899801500664
Michigan,81,Oregon,71,34.00895201746655,8.997587225487342
Michigan St,80,Washington,63,24.386031921594633,15.817584011338012
Mississippi,68,Mississippi St,67,10.46160439503338,8.973566181550307
Montana St,76,Montana,67,1.0473895970912468,0.4272721445912008
Morehead St,76,Tennessee Tech,70,-11.585204401367001,-14.281089336240143
Morgan St,80,Delaware St,79,-20.00282080703169,-20.10207053375217
Mt St Mary's,78,Canisius,68,-11.970313880036324,-17.060558122515523
MTSU,90,Missouri St,87,1.2330496506793978,-2.3667315699870506
Murray St,85,Indiana St,81,7.098433930540837,-2.4581456880249015
N Dakota St,68,St Thomas MN,65,2.046795939331589,2.882581967815671
N Illinois,70,Massachusetts,68,-10.69931700103686,-0.4961988777783989
Navy,82,Lehigh,79,-2.05716253834581,-10.370556306684765
NE Omaha,73,Oral Roberts,62,-6.6809771450146105,-11.75823476123825
Nebraska,77,Northwestern,58,23.21892114201473,11.78237952913321
Nevada,81,Air Force,66,12.180469852648914,-12.735240615401642
New Mexico St,97,Delaware,68,0.004049809068651347,-8.317869143575352
Norfolk St,89,S Carolina St,82,-13.021484758554106,-22.2908843957574
North Dakota,96,South Dakota,80,-8.39620613812819,-8.241126626447448
Ohio St,86,UCLA,74,16.95643641170654,17.20134853209326
Oklahoma St,84,Kansas St,83,13.86708154452552,10.199483531346415
Old Dominion,75,Appalachian St,73,-8.261680554358493,-3.019964221943779
Pacific,81,Oregon St,64,4.378468361891341,-0.9699153817654318
Penn,84,Dartmouth,74,-2.0570696017200927,-5.458928015720884
Portland,71,Loy Marymount,58,-0.9276049727698782,1.5500504379175963
Portland St,63,Northern Arizona,52,2.2902438567068213,-9.643076515343548
Presbyterian,92,Gardner Webb,55,-8.171853518367254,-24.646235285714415
Purdue,69,USC,64,26.152648451209974,13.985005389761836
Radford,85,Longwood,83,-6.409728237299939,-9.004272423423975
Robert Morris,92,N Kentucky,89,-3.837549906546749,-2.4537270857196694
S Dakota St,90,Missouri KC,62,-1.4024499716884644,-16.661368094073026
Sam Houston St,76,Florida Intl,63,4.794162125506685,-1.0098371649423266
San Diego St,83,New Mexico,79,14.954913190967044,14.880097023188116
UC Santa Barbara,77,Hawaii,62,3.2846658019866024,8.020968123203241
Santa Clara,62,St Mary's CA,54,16.697031882728538,16.908220628065287
SF Austin,84,New Orleans,79,6.14950134383293,-3.575655046476065
Siena,74,Manhattan,59,-3.3587700316394775,-15.274581333554556
Southern Univ,71,Grambling,53,-11.076179678502223,-10.144108684165358
Southern Utah,74,Abilene Chr,52,-11.107617721609282,-7.721991269551377
St John's,86,Villanova,79,22.387807157714732,18.019965533374403
St Louis,88,Richmond,63,21.74212133595362,3.374354993392689
St Peter's,69,Rider,58,-6.3187048872930385,-17.261706725421675
Stony Brook,112,Col Charleston,106,-4.2986893622781555,-0.4606347634581468
TAM C. Christi,68,SE Louisiana,56,-2.5860191794207728,-8.378711089435738
Tennessee St,73,Southern Indiana,67,-7.984243030172132,-14.295320327497267
Texas A&M,74,Texas,70,19.179102352686098,17.79158970367343
Texas St,74,Southern Miss,67,-8.993596293102888,-6.948449734643707
Texas Tech,84,BYU,71,22.11626746517065,22.96623370113013
TN Martin,69,Lindenwood,55,-3.7745856292540623,-7.15310794555327
Troy,99,Arkansas St,74,0.09710533684838424,-2.643647731191786
UTRGV,79,McNeese St,76,-0.22814271103413875,8.413093453200572
TX Southern,72,Alcorn St,71,-14.284509430349972,-20.10652752334088
UC Davis,75,UC Irvine,72,-0.8434486910801374,3.4963503402669383
UC Riverside,81,CS Fullerton,72,-8.761132749466462,-2.1915793640363734
Louisiana,59,South Alabama,56,-12.137067018502796,-5.806253567999122
UNC Wilmington,78,Campbell,75,2.413830183033299,-4.608704820965019
UNLV,76,San Jose St,62,3.1267531403743414,-3.069027491311642
Utah,82,TCU,79,6.364077339194109,14.466735878512502
Utah Valley,86,UT Arlington,74,6.639639918156236,-0.020907387432929244
Valparaiso,54,Northern Iowa,44,0.7826673040916575,5.785582448008606
Virginia,72,SMU,68,20.91879714221833,18.858138555743015
Virginia Tech,89,Notre Dame,76,13.649896701268442,10.06327913551909
Wake Forest,69,Florida St,68,12.26856625050307,8.465280031603305
West Virginia,72,Colorado,61,12.114842312208815,10.951503521035468
Winthrop,69,UNC Asheville,67,1.3368316881639872,-4.515129557592766
Wisconsin,96,Rutgers,87,16.984647164159234,2.795178359596027
Wofford,74,Furman,70,-5.064308768836391,-2.2995798984529365
Yale,102,Cornell,68,8.176250244240705,-2.5897361889852073
Merrimack,83,Quinnipiac,71,-5.674283720960461,-3.997091735107692
Utah Tech,75,Tarleton St,71,-3.4850425266828218,-2.827342432024417
UC San Diego,83,CS Bakersfield,62,3.4181336664537407,-10.961124093729158
Queens NC,87,Stetson,81,-4.175091457795946,-14.070523158103668
Stonehill,62,Mercyhurst,57,-13.871167902361144,-9.513220387331831
Le Moyne,72,Chicago St,57,-9.839160736172351,-16.24969652612226
New Haven,80,Wagner,74,-14.029552843602488,-12.601506934083272
American Univ,78,Army,67,-6.396969179237704,-14.42534764296668
Charlotte,73,East Carolina,70,1.2042231354891468,-6.938769569086803
FL Atlantic,79,Temple,73,6.351804649646517,1.6101601066860876
Houston,103,Arizona St,73,25.82056645334507,10.603952967409308
PFW,100,WI Milwaukee,82,-5.625687252766425,-6.744387041618924
Maryland,96,Penn St,73,2.5510536362520244,5.083955436049424
Memphis,95,UT San Antonio,69,7.369641932350132,-15.648689776756592
North Texas,71,Tulane,63,0.7410214367989679,-1.5078676189201856
Oakland,88,WI Green Bay,63,1.2988617496209411,-5.7700409143629
San Francisco,85,Washington St,80,6.276755571400898,4.5380550036221035
Tulsa,99,UAB,77,12.474016558063923,4.233612921761928
Wichita St,86,South Florida,85,8.433712769495724,10.967070575235171
Alabama A&M,73,Alabama St,69,-12.721138316688517,-13.932727716177093
SUNY Albany,75,Vermont,68,-13.163496176751917,-5.418090561445725
Alcorn St,76,Prairie View,75,-20.10652752334088,-14.826501312313303
Bethune-Cookman,87,Ark Pine Bluff,82,-7.810451810139458,-13.668354319462967
Cornell,89,Brown,67,-2.5897361889852073,-9.277418865214003
Dartmouth,71,Princeton,69,-5.458928015720884,-5.435545860544262
F Dickinson,68,Wagner,61,-14.479566581615781,-12.601506934083272
Florida A&M,62,MS Valley St,48,-14.958411699952181,-28.348205063722833
George Mason,69,G Washington,64,8.095174888899992,9.857746736889899
Hampton,82,NC A&T,61,-8.456384002540549,-8.135106985044182
Harvard,64,Penn,63,-1.9259472947129983,-2.0570696017200927
Houston Chr,82,Northwestern LA,80,-9.978893333224674,-9.19667857822737
Jackson St,94,TX Southern,89,-19.547308217380763,-14.284509430349972
Lehigh,88,Loyola MD,81,-10.370556306684765,-13.377750243521636
Marquette,105,Providence,104,6.499579672447203,11.241342833123284
McNeese St,69,TAM C. Christi,53,8.413093453200572,-2.5860191794207728
Monmouth NJ,81,Northeastern,68,-3.848522919496683,-6.463460575559628
Montana,98,Northern Arizona,72,0.4272721445912008,-9.643076515343548
Montana St,73,N Colorado,68,1.0473895970912468,-1.0823524586851767
Mt St Mary's,68,Niagara,58,-11.970313880036324,-16.995194255109116
New Hampshire,65,Maine,48,-12.508359622828568,-16.277077360329795
New Orleans,89,Lamar,76,-3.575655046476065,-2.214271862878108
NJIT,79,Bryant,55,-14.80646949052454,-15.975655117989465
Quinnipiac,98,Manhattan,92,-3.997091735107692,-15.274581333554556
Sacred Heart,105,Rider,85,-10.913977813629936,-17.261706725421675
SF Austin,79,Nicholls St,62,6.14950134383293,-6.207446160282377
Siena,85,Fairfield,77,-3.3587700316394775,-8.368082465442098
St Francis PA,63,Stonehill,61,-18.95162660287704,-13.871167902361144
St Peter's,77,Iona,63,-6.3187048872930385,-5.622253380566301
Towson,59,Drexel,58,-0.5464166889081582,-3.932084854527281
UTRGV,68,SE Louisiana,65,-0.22814271103413875,-8.378711089435738
UMBC,78,Binghamton,60,-8.519516689602433,-21.707046613042007
VCU,79,St Joseph's PA,72,12.760710460803173,0.6346552500089729
Yale,91,Columbia,74,8.176250244240705,-1.1455860463245808
Merrimack,68,Marist,55,-5.674283720960461,-1.1747337528313329
East Texas A&M,80,Incarnate Word,58,-10.24868267858815,-5.547585347287668
Le Moyne,83,LIU Brooklyn,77,-9.839160736172351,-3.546335998209576
Mercyhurst,79,Central Conn,61,-9.513220387331831,-10.69680210540559
New Haven,62,Chicago St,56,-14.029552843602488,-16.24969652612226
Akron,82,Buffalo,63,11.189246661258986,-1.2829899801500664
Arkansas,93,Vanderbilt,68,21.77145836677927,24.154102986278797
Auburn,78,Mississippi,66,19.144250770747117,10.46160439503338
Ball St,68,C Michigan,67,-11.502717502859307,-9.604265919979685
Boise St,81,Wyoming,65,13.415037567503262,8.357185218844622
Bowling Green,72,W Michigan,54,3.589447698727336,-7.971093026343999
Butler,87,DePaul,80,12.436267405379676,7.564957311061451
Colorado St,81,Air Force,52,8.035917066741126,-12.735240615401642
Florida,79,LSU,61,26.39081761428366,14.712317974153333
Florida St,65,Miami FL,63,8.465280031603305,17.78517891833293
Georgia,74,Missouri,72,20.02973847054447,11.56899502860914
IL Chicago,76,Evansville,49,1.7665509943221132,-7.795268693393136
Iowa,68,Rutgers,62,21.236487010988846,2.795178359596027
Iowa St,87,UCF,57,28.277104289911488,15.06572674394935
Kansas,75,Colorado,69,23.957485614866563,10.951503521035468
Kansas St,81,Utah,78,10.199483531346415,6.364077339194109
Massachusetts,84,Toledo,82,-0.4961988777783989,0.3389247220623984
Miami OH,107,Kent,101,6.878792003107033,1.3438007614795435
Michigan,86,Indiana,72,34.00895201746655,18.87384006863379
Michigan St,68,Oregon,52,24.386031921594633,8.997587225487342
NC State,80,Clemson,76,21.788929391891067,17.882590338253785
Nevada,87,San Jose St,54,12.180469852648914,-3.069027491311642
Ohio,80,N Illinois,77,-2.458559640908652,-10.69931700103686
Ohio St,82,Minnesota,74,16.95643641170654,10.308552144640325
SE Missouri St,66,TN Martin,50,-6.757013248262701,-3.7745856292540623
SMU,91,Wake Forest,79,18.858138555743015,12.26856625050307
South Carolina,85,Oklahoma,76,8.258663769478087,11.432263406894199
St Bonaventure,84,Loyola-Chicago,70,2.3358205694267835,-7.919700317024193
St John's,65,Seton Hall,60,22.387807157714732,13.61217858159576
St Louis,81,Duquesne,77,21.74212133595362,4.686016814942015
TCU,68,Oklahoma St,65,14.466735878512502,13.86708154452552
Texas Tech,92,Baylor,73,22.11626746517065,15.872210600276453
UCLA,69,Purdue,67,17.20134853209326,26.152648451209974
UNLV,86,Utah St,76,3.1267531403743414,19.392266810705305
American Univ,70,Colgate,66,-6.396969179237704,-3.5300665357659207
Arizona,77,Cincinnati,51,29.622564216561056,12.416982907123183
Army,87,Bucknell,84,-14.42534764296668,-13.096288524993339
Boston College,65,Pittsburgh,62,3.54890302348592,8.195075774872146
Boston Univ,77,Lafayette,73,-9.831287835150842,-12.102088387400759
Bradley,75,Indiana St,68,3.590955518992814,-2.4581456880249015
Citadel,77,Furman,75,-15.588927891729995,-2.2995798984529365
Cleveland St,85,Wright St,79,-10.736414013574178,1.3021861730347852
Creighton,94,Xavier,93,10.984102719717837,7.778365709841898
Davidson,68,Fordham,63,6.002686977751972,-0.05904195752884017
Drake,101,Murray St,90,0.7544156025781878,7.098433930540837
ETSU,67,Chattanooga,66,1.9085058569619273,-11.311391432436908
FL Atlantic,79,Tulane,74,6.351804649646517,-1.5078676189201856
Gonzaga,84,Pepperdine,60,26.12679094319873,-5.588454031414728
Grand Canyon,70,San Diego St,69,11.357472832207115,14.954913190967044
Illinois,89,Maryland,70,27.558451754312838,2.5510536362520244
Illinois St,59,Northern Iowa,54,8.933861719167899,5.785582448008606
PFW,83,Detroit,76,-5.625687252766425,-7.342812147525938
IUPUI,103,Oakland,85,-12.491570369997088,1.2988617496209411
Kentucky,85,Texas,80,20.62694485238151,17.79158970367343
La Salle,67,Dayton,64,-4.388475820600071,7.453720484555427
Liberty,76,WKU,69,5.976024139614131,0.4252617180430557
Longwood,91,Gardner Webb,56,-9.004272423423975,-24.646235285714415
Mercer,88,W Carolina,76,0.5840288415363489,-9.503110725382177
Navy,85,Holy Cross,68,-2.05716253834581,-13.04688731791795
Nebraska,76,Washington,66,23.21892114201473,15.817584011338012
New Mexico,83,Fresno St,74,14.880097023188116,4.073803256746674
North Carolina,91,Notre Dame,69,20.177147542199364,10.06327913551909
North Texas,81,UT San Antonio,62,0.7410214367989679,-15.648689776756592
Northwestern,74,USC,68,11.78237952913321,13.985005389761836
Presbyterian,87,Charleston So,83,-8.171853518367254,-6.340856798534731
Rhode Island,69,Richmond,68,4.372881568912538,3.374354993392689
Sam Houston St,93,Kennesaw,87,4.794162125506685,0.6339937118072055
San Diego,96,Washington St,92,-2.184946658816856,4.5380550036221035
Seattle,69,Loy Marymount,59,4.296087924139515,1.5500504379175963
South Dakota,68,NE Omaha,64,-8.241126626447448,-6.6809771450146105
Southern Utah,84,Utah Valley,70,-11.107617721609282,6.639639918156236
St Mary's CA,81,Oregon St,51,16.908220628065287,-0.9699153817654318
Temple,69,Rice,65,1.6101601066860876,-4.818057589699624
Texas A&M,88,Mississippi St,68,19.179102352686098,8.973566181550307
Troy,83,Old Dominion,77,0.09710533684838424,-8.261680554358493
Tulsa,83,Memphis,66,12.474016558063923,7.369641932350132
UNC Asheville,83,SC Upstate,69,-4.515129557592766,-9.147789259024785
UNC Greensboro,85,VMI,78,-12.065434872466879,-19.385486784833247
UT Arlington,71,Tarleton St,64,-0.020907387432929244,-2.827342432024417
Valparaiso,69,S Illinois,63,0.7826673040916575,3.3850180919715123
Villanova,66,Georgetown,51,18.019965533374403,8.097403188054626
Virginia Tech,76,Syracuse,74,13.649896701268442,11.66262825734674
West Virginia,75,Arizona St,63,12.114842312208815,10.603952967409308
Wichita St,77,East Carolina,60,8.433712769495724,-6.938769569086803
Winthrop,76,Radford,75,1.3368316881639872,-6.409728237299939
Wofford,88,Samford,78,-5.064308768836391,-7.386171296092927
Cal Baptist,73,Utah Tech,64,2.1953924231003668,-3.4850425266828218
Queens NC,87,North Alabama,62,-4.175091457795946,-15.019555502687506
Appalachian St,72,Louisiana,58,-3.019964221943779,-12.137067018502796
Arkansas St,85,Ga Southern,68,-2.643647731191786,-8.452463657169565
Austin Peay,83,FGCU,62,-0.6575938360595827,-4.349217773076286
Cent Arkansas,86,West Georgia,65,-1.5873241521362738,-11.903771564516768
Coastal Car,72,Texas St,70,-7.357081216042199,-8.993596293102888
Col Charleston,87,Campbell,83,-0.4606347634581468,-4.608704820965019
CS Fullerton,71,Long Beach St,61,-2.1915793640363734,-4.652494408015093
E Illinois,59,Southern Indiana,51,-12.380585287610003,-14.295320327497267
SIUE,74,Tennessee St,66,-8.17415727893679,-7.984243030172132
Fairfield,62,Niagara,61,-8.368082465442098,-16.995194255109116
Georgia St,69,Southern Miss,62,-9.841027531814934,-6.948449734643707
Hampton,65,Monmouth NJ,63,-8.456384002540549,-3.848522919496683
Hawaii,98,CS Bakersfield,71,8.020968123203241,-10.961124093729158
Idaho,86,CS Sacramento,76,-0.860099995525089,-6.393255168038442
Iona,61,Merrimack,60,-5.622253380566301,-5.674283720960461
Lipscomb,79,Stetson,74,-2.2704298007365584,-14.070523158103668
Maine,52,SUNY Albany,49,-16.277077360329795,-13.163496176751917
Marshall,115,ULM,60,0.16629603079518857,-18.229928278847783
Missouri St,84,New Mexico St,75,-2.3667315699870506,0.004049809068651347
Montana,81,Weber St,65,0.4272721445912008,-2.4753255840285364
Montana St,74,Idaho St,62,1.0473895970912468,-2.6900359146858124
Morehead St,71,W Illinois,66,-11.585204401367001,-21.1486742641898
N Dakota St,82,Denver,77,2.046795939331589,-6.718963056154548
NC A&T,79,Hofstra,78,-8.135106985044182,2.086644182827586
New Hampshire,88,Binghamton,82,-12.508359622828568,-21.707046613042007
North Dakota,79,Oral Roberts,62,-8.39620613812819,-11.75823476123825
North Florida,87,E Kentucky,85,-15.534483522416355,-8.312055999179629
Portland St,65,E Washington,61,2.2902438567068213,-5.263958334345224
Quinnipiac,77,Mt St Mary's,62,-3.997091735107692,-11.970313880036324
Robert Morris,88,WI Milwaukee,76,-3.837549906546749,-6.744387041618924
Sacred Heart,69,Canisius,66,-10.913977813629936,-17.060558122515523
UC Santa Barbara,107,Cal Poly,67,3.2846658019866024,-6.316796372758351
SE Missouri St,70,Ark Little Rock,65,-6.757013248262701,-13.722529134725532
Siena,69,Marist,50,-3.3587700316394775,-1.1747337528313329
South Alabama,90,James Madison,83,-5.806253567999122,-6.42260170209562
South Florida,82,UAB,69,10.967070575235171,4.233612921761928
Stony Brook,95,Northeastern,80,-4.2986893622781555,-6.463460575559628
Towson,72,Elon,59,-0.5464166889081582,-1.7109036279344259
UC Irvine,80,UC Riverside,66,3.4963503402669383,-8.761132749466462
UMBC,87,NJIT,74,-8.519516689602433,-14.80646949052454
UTEP,83,Florida Intl,77,-6.308444347027473,-1.0098371649423266
Vermont,77,MA Lowell,68,-5.418090561445725,-14.238798983700297
William & Mary,77,UNC Wilmington,70,1.656572728906202,2.413830183033299
Wisconsin,98,Penn St,71,16.984647164159234,5.083955436049424
Youngstown St,88,WI Green Bay,81,-2.8049667940666527,-5.7700409143629
Bellarmine,77,Jacksonville,70,-9.739354468795353,-10.526145762510124
UC San Diego,80,UC Davis,74,3.4181336664537407,-0.8434486910801374
St Thomas MN,74,S Dakota St,69,2.882581967815671,-1.4024499716884644
Lindenwood,89,Tennessee Tech,68,-7.15310794555327,-14.281089336240143
Akron,86,Ohio,65,11.189246661258986,-2.458559640908652
Appalachian St,59,ULM,43,-3.019964221943779,-18.229928278847783
Austin Peay,73,Stetson,65,-0.6575938360595827,-14.070523158103668
Butler,87,Marquette,76,12.436267405379676,6.499579672447203
Charlotte,73,Tulane,70,1.2042231354891468,-1.5078676189201856
East Carolina,63,North Texas,59,-6.938769569086803,0.7410214367989679
ETSU,84,Citadel,55,1.9085058569619273,-15.588927891729995
F Dickinson,76,Central Conn,66,-14.479566581615781,-10.69680210540559
Furman,89,UNC Greensboro,66,-2.2995798984529365,-12.065434872466879
Gardner Webb,67,SC Upstate,65,-24.646235285714415,-9.147789259024785
High Point,93,Radford,83,7.455157949413491,-6.409728237299939
Indiana,82,Rutgers,59,18.87384006863379,2.795178359596027
Jacksonville St,75,MTSU,58,-4.019877384600862,1.2330496506793978
Lipscomb,86,FGCU,71,-2.2704298007365584,-4.349217773076286
LIU Brooklyn,66,Stonehill,63,-3.546335998209576,-13.871167902361144
Longwood,81,Charleston So,79,-9.004272423423975,-6.340856798534731
Louisiana Tech,82,Kennesaw,76,-5.691689472397247,0.6339937118072055
Massachusetts,68,Buffalo,67,-0.4961988777783989,-1.2829899801500664
Michigan,74,Ohio St,62,34.00895201746655,16.95643641170654
St Francis PA,81,Chicago St,60,-18.95162660287704,-16.24969652612226
St Louis,97,St Bonaventure,62,21.74212133595362,2.3358205694267835
Utah St,65,Colorado St,61,19.392266810705305,8.035917066741126
Southern Indiana,96,W Illinois,64,-14.295320327497267,-21.1486742641898
Le Moyne,69,Wagner,67,-9.839160736172351,-12.601506934083272
Mercyhurst,61,New Haven,57,-9.513220387331831,-14.029552843602488
Alabama St,95,Prairie View,80,-13.932727716177093,-14.826501312313303
American Univ,76,Holy Cross,67,-6.396969179237704,-13.04688731791795
Arizona,88,West Virginia,53,29.622564216561056,12.114842312208815
Arizona St,82,Cincinnati,68,10.603952967409308,12.416982907123183
Ark Pine Bluff,75,Southern Univ,74,-13.668354319462967,-11.076179678502223
Arkansas,85,LSU,81,21.77145836677927,14.712317974153333
Auburn,76,Florida,67,19.144250770747117,26.39081761428366
Ball St,58,N Illinois,53,-11.502717502859307,-10.69931700103686
Belmont,80,Illinois St,69,10.045584450409333,8.933861719167899
Bethune-Cookman,85,Jackson St,48,-7.810451810139458,-19.547308217380763
Boise St,96,Air Force,54,13.415037567503262,-12.735240615401642
BYU,91,Utah,78,22.96623370113013,6.364077339194109
California,78,Stanford,66,13.447545319841446,11.495746482735854
Clemson,77,Georgia Tech,63,17.882590338253785,4.81995930743693
Coastal Car,85,Southern Miss,67,-7.357081216042199,-6.948449734643707
Col Charleston,80,Elon,70,-0.4606347634581468,-1.7109036279344259
Colgate,80,Boston Univ,79,-3.5300665357659207,-9.831287835150842
Columbia,79,Dartmouth,69,-1.1455860463245808,-5.458928015720884
Connecticut,75,Villanova,67,25.10729111927154,18.019965533374403
Cornell,86,Harvard,79,-2.5897361889852073,-1.9259472947129983
CS Fullerton,93,Cal Poly,78,-2.1915793640363734,-6.316796372758351
DePaul,67,Seton Hall,60,7.564957311061451,13.61217858159576
Drake,76,Indiana St,62,0.7544156025781878,-2.4581456880249015
Drexel,83,Northeastern,78,-3.932084854527281,-6.463460575559628
Duke,90,Wake Forest,69,30.47631292494664,12.26856625050307
Duquesne,71,Loyola-Chicago,59,4.686016814942015,-7.919700317024193
E Washington,75,CS Sacramento,67,-5.263958334345224,-6.393255168038442
SIUE,62,Tennessee Tech,58,-8.17415727893679,-14.281089336240143
Fairfield,61,Canisius,55,-8.368082465442098,-17.060558122515523
Florida A&M,66,Alcorn St,58,-14.958411699952181,-20.10652752334088
Florida Intl,81,New Mexico St,78,-1.0098371649423266,0.004049809068651347
G Washington,85,Richmond,69,9.857746736889899,3.374354993392689
Georgetown,81,Providence,78,8.097403188054626,11.241342833123284
Georgia St,82,Arkansas St,81,-9.841027531814934,-2.643647731191786
Gonzaga,68,San Francisco,66,26.12679094319873,6.276755571400898
Grand Canyon,68,Fresno St,57,11.357472832207115,4.073803256746674
Hawaii,89,CS Northridge,68,8.020968123203241,-2.1109082342198446
IL Chicago,85,Bradley,70,1.7665509943221132,3.590955518992814
Illinois,88,Purdue,82,27.558451754312838,26.152648451209974
Iona,66,Manhattan,57,-5.622253380566301,-15.274581333554556
Iowa St,84,Oklahoma St,71,28.277104289911488,13.86708154452552
Jacksonville,81,E Kentucky,76,-10.526145762510124,-8.312055999179629
James Madison,82,Texas St,57,-6.42260170209562,-8.993596293102888
Kansas,86,Kansas St,62,23.957485614866563,10.199483531346415
Kent,76,E Michigan,75,1.3438007614795435,-3.580139516277849
Kentucky,72,Mississippi,63,20.62694485238151,10.46160439503338
Lehigh,64,Lafayette,59,-10.370556306684765,-12.102088387400759
Liberty,67,Delaware,51,5.976024139614131,-8.317869143575352
Louisville,85,Virginia Tech,71,24.611732488445927,13.649896701268442
Loyola MD,67,Bucknell,62,-13.377750243521636,-13.096288524993339
Maine,79,Binghamton,63,-16.277077360329795,-21.707046613042007
Marist,71,Quinnipiac,64,-1.1747337528313329,-3.997091735107692
McNeese St,82,New Orleans,63,8.413093453200572,-3.575655046476065
Miami FL,85,Syracuse,76,17.78517891833293,11.66262825734674
Michigan St,91,Maryland,48,24.386031921594633,2.5510536362520244
Missouri,88,Oklahoma,87,11.56899502860914,11.432263406894199
Missouri St,62,UTEP,57,-2.3667315699870506,-6.308444347027473
Monmouth NJ,88,Campbell,73,-3.848522919496683,-4.608704820965019
Montana,69,Idaho St,60,0.4272721445912008,-2.6900359146858124
Montana St,91,Weber St,88,1.0473895970912468,-2.4753255840285364
Morehead St,73,E Illinois,68,-11.585204401367001,-12.380585287610003
Morgan St,78,Howard,77,-20.00282080703169,-8.060038874832856
Mt St Mary's,71,Rider,61,-11.970313880036324,-17.261706725421675
N Dakota St,86,Oral Roberts,58,2.046795939331589,-11.75823476123825
Navy,84,Army,56,-2.05716253834581,-14.42534764296668
NC A&T,80,Towson,73,-8.135106985044182,-0.5464166889081582
NC State,81,Pittsburgh,72,21.788929391891067,8.195075774872146
NE Omaha,77,Missouri KC,60,-6.6809771450146105,-16.661368094073026
Nebraska,76,Minnesota,57,23.21892114201473,10.308552144640325
New Hampshire,80,SUNY Albany,72,-12.508359622828568,-13.163496176751917
New Mexico,80,Nevada,73,14.880097023188116,12.180469852648914
Norfolk St,103,Coppin St,76,-13.021484758554106,-27.640739737591698
North Carolina,85,Virginia,80,20.177147542199364,20.91879714221833
North Dakota,93,Denver,86,-8.39620613812819,-6.718963056154548
North Florida,117,Bellarmine,114,-15.534483522416355,-9.739354468795353
Northern Arizona,81,N Colorado,77,-9.643076515343548,-1.0823524586851767
Northern Iowa,81,Murray St,76,5.785582448008606,7.098433930540837
Notre Dame,68,Boston College,64,10.06327913551909,3.54890302348592
Oakland,95,Detroit,87,1.2988617496209411,-7.342812147525938
Pacific,56,Seattle,54,4.378468361891341,4.296087924139515
Portland St,69,Idaho,66,2.2902438567068213,-0.860099995525089
Princeton,63,Brown,53,-5.435545860544262,-9.277418865214003
Rhode Island,74,George Mason,65,4.372881568912538,8.095174888899992
Sacred Heart,71,Niagara,70,-10.913977813629936,-16.995194255109116
Sam Houston St,73,WKU,58,4.794162125506685,0.4252617180430557
Samford,75,Chattanooga,64,-7.386171296092927,-11.311391432436908
San Diego St,82,UNLV,71,14.954913190967044,3.1267531403743414
UC Santa Barbara,74,Long Beach St,71,3.2846658019866024,-4.652494408015093
Santa Clara,85,San Diego,73,16.697031882728538,-2.184946658816856
SE Louisiana,67,Nicholls St,61,-8.378711089435738,-6.207446160282377
SF Austin,88,Lamar,81,6.14950134383293,-2.214271862878108
SMU,83,Florida St,80,18.858138555743015,8.465280031603305
St John's,88,Xavier,83,22.387807157714732,7.778365709841898
St Joseph's PA,81,Dayton,74,0.6346552500089729,7.453720484555427
St Mary's CA,75,Portland,69,16.908220628065287,-0.9276049727698782
TAM C. Christi,79,Incarnate Word,71,-2.5860191794207728,-5.547585347287668
TCU,97,Baylor,90,14.466735878512502,15.872210600276453
Temple,70,UT San Antonio,64,1.6101601066860876,-15.648689776756592
Tennessee,79,Alabama,73,22.52532774922322,22.89926309681164
Tennessee St,96,Lindenwood,86,-7.984243030172132,-7.15310794555327
Texas,87,Georgia,67,17.79158970367343,20.02973847054447
Texas A&M,92,South Carolina,69,19.179102352686098,8.258663769478087
Texas Tech,90,Houston,86,22.11626746517065,25.82056645334507
Toledo,73,Bowling Green,72,0.3389247220623984,3.589447698727336
Troy,83,Ga Southern,78,0.09710533684838424,-8.452463657169565
Tulsa,87,Rice,81,12.474016558063923,-4.818057589699624
UTRGV,68,Houston Chr,51,-0.22814271103413875,-9.978893333224674
TX Southern,89,Alabama A&M,74,-14.284509430349972,-12.721138316688517
UC Davis,74,UC Riverside,66,-0.8434486910801374,-8.761132749466462
UC Irvine,61,UC San Diego,59,3.4963503402669383,3.4181336664537407
UCF,95,Colorado,86,15.06572674394935,10.951503521035468
UCLA,71,Northwestern,64,17.20134853209326,11.78237952913321
UMBC,79,MA Lowell,56,-8.519516689602433,-14.238798983700297
UNC Wilmington,75,Hampton,67,2.413830183033299,-8.456384002540549
VCU,75,Davidson,69,12.760710460803173,6.002686977751972
Vanderbilt,88,Mississippi St,56,24.154102986278797,8.973566181550307
Vermont,62,Bryant,52,-5.418090561445725,-15.975655117989465
W Carolina,88,VMI,58,-9.503110725382177,-19.385486784833247
W Michigan,77,C Michigan,65,-7.971093026343999,-9.604265919979685
Washington St,95,Pepperdine,79,4.5380550036221035,-5.588454031414728
WI Green Bay,71,Robert Morris,67,-5.7700409143629,-3.837549906546749
WI Milwaukee,65,Youngstown St,64,-6.744387041618924,-2.8049667940666527
Wichita St,74,Memphis,59,8.433712769495724,7.369641932350132
William & Mary,89,Hofstra,82,1.656572728906202,2.086644182827586
Winthrop,82,Presbyterian,72,1.3368316881639872,-8.171853518367254
Wofford,80,Mercer,77,-5.064308768836391,0.5840288415363489
Wright St,88,N Kentucky,80,1.3021861730347852,-2.4537270857196694
Wyoming,66,San Jose St,62,8.357185218844622,-3.069027491311642
Yale,77,Penn,60,8.176250244240705,-2.0570696017200927
Cal Baptist,78,Utah Valley,71,2.1953924231003668,6.639639918156236
Merrimack,67,St Peter's,59,-5.674283720960461,-6.3187048872930385
Utah Tech,102,Southern Utah,91,-3.4850425266828218,-11.107617721609282
St Thomas MN,90,South Dakota,78,2.882581967815671,-8.241126626447448
West Georgia,74,Queens NC,66,-11.903771564516768,-4.175091457795946
South Florida,89,FL Atlantic,75,10.967070575235171,6.351804649646517
USC,73,Wisconsin,71,13.985005389761836,16.984647164159234
Washington,72,Oregon,57,15.817584011338012,8.997587225487342
Mercyhurst,61,Chicago St,59,-9.513220387331831,-16.24969652612226
Arizona,86,BYU,83,29.622564216561056,22.96623370113013
Bethune-Cookman,82,Alcorn St,73,-7.810451810139458,-20.10652752334088
Duke,83,Louisville,52,30.47631292494664,24.611732488445927
Jackson St,66,Florida A&M,65,-19.547308217380763,-14.958411699952181
Morgan St,79,Norfolk St,78,-20.00282080703169,-13.021484758554106
Ohio St,84,Penn St,78,16.95643641170654,5.083955436049424
S Carolina St,70,Delaware St,64,-22.2908843957574,-20.10207053375217
UTRGV,64,TAM C. Christi,55,-0.22814271103413875,-2.5860191794207728
Stonehill,61,Central Conn,59,-13.871167902361144,-10.69680210540559
Le Moyne,87,F Dickinson,74,-9.839160736172351,-14.479566581615781
Akron,91,Toledo,81,11.189246661258986,0.3389247220623984
Alabama,90,Missouri,64,22.89926309681164,11.56899502860914
Alabama A&M,80,Prairie View,60,-12.721138316688517,-14.826501312313303
Arkansas,83,Oklahoma,79,21.77145836677927,11.432263406894199
Boise St,89,San Jose St,58,13.415037567503262,-3.069027491311642
Buffalo,89,Bowling Green,78,-1.2829899801500664,3.589447698727336
C Michigan,100,E Michigan,65,-9.604265919979685,-3.580139516277849
Connecticut,87,Providence,81,25.10729111927154,11.241342833123284
Houston Chr,81,Incarnate Word,75,-9.978893333224674,-5.547585347287668
IL Chicago,76,Indiana St,74,1.7665509943221132,-2.4581456880249015
Indiana,72,Purdue,67,18.87384006863379,26.152648451209974
Kent,72,Ohio,57,1.3438007614795435,-2.458559640908652
Lamar,82,East Texas A&M,61,-2.214271862878108,-10.24868267858815
Marquette,86,Creighton,62,6.499579672447203,10.984102719717837
McNeese St,76,SE Louisiana,66,8.413093453200572,-8.378711089435738
Miami OH,86,Massachusetts,84,6.878792003107033,-0.4961988777783989
Michigan,75,Nebraska,72,34.00895201746655,23.21892114201473
Michigan St,88,Rutgers,79,24.386031921594633,2.795178359596027
N Illinois,85,W Michigan,65,-10.69931700103686,-7.971093026343999
NC State,88,Syracuse,68,21.788929391891067,11.66262825734674
Nevada,66,Grand Canyon,60,12.180469852648914,11.357472832207115
New Mexico,89,UNLV,61,14.880097023188116,3.1267531403743414
New Orleans,80,Nicholls St,62,-3.575655046476065,-6.207446160282377
Pittsburgh,80,Wake Forest,76,8.195075774872146,12.26856625050307
Rhode Island,81,Dayton,76,4.372881568912538,7.453720484555427
SF Austin,69,Northwestern LA,67,6.14950134383293,-9.19667857822737
St Joseph's PA,85,Loyola-Chicago,64,0.6346552500089729,-7.919700317024193
St Louis,79,G Washington,76,21.74212133595362,9.857746736889899
TX Southern,96,Alabama St,64,-14.284509430349972,-13.932727716177093
UCF,79,Arizona St,76,15.06572674394935,10.603952967409308
VCU,77,Richmond,69,12.760710460803173,3.374354993392689
Vanderbilt,80,Kentucky,55,24.154102986278797,20.62694485238151
Virginia,100,Notre Dame,97,20.91879714221833,10.06327913551909
Virginia Tech,71,Georgia Tech,65,13.649896701268442,4.81995930743693
West Virginia,59,Kansas St,54,12.114842312208815,10.199483531346415
Army,67,Lehigh,64,-14.42534764296668,-10.370556306684765
Auburn,88,Texas,82,19.144250770747117,17.79158970367343
Austin Peay,90,E Kentucky,82,-0.6575938360595827,-8.312055999179629
Belmont,78,Valparaiso,77,10.045584450409333,0.7826673040916575
Cent Arkansas,100,Queens NC,90,-1.5873241521362738,-4.175091457795946
Charlotte,80,Temple,76,1.2042231354891468,1.6101601066860876
Cincinnati,67,Baylor,57,12.416982907123183,15.872210600276453
Colgate,79,Holy Cross,74,-3.5300665357659207,-13.04688731791795
Delaware,73,New Mexico St,64,-8.317869143575352,0.004049809068651347
Denver,69,Missouri KC,61,-6.718963056154548,-16.661368094073026
Drake,82,Evansville,78,0.7544156025781878,-7.795268693393136
Florida,95,South Carolina,48,26.39081761428366,8.258663769478087
Florida St,63,California,61,8.465280031603305,13.447545319841446
Fordham,64,La Salle,58,-0.05904195752884017,-4.388475820600071
George Mason,60,Davidson,52,8.095174888899992,6.002686977751972
Georgetown,70,DePaul,61,8.097403188054626,7.564957311061451
Houston,79,TCU,70,25.82056645334507,14.466735878512502
Illinois St,70,Murray St,65,8.933861719167899,7.098433930540837
Iowa,73,USC,72,21.236487010988846,13.985005389761836
Jacksonville St,78,Florida Intl,74,-4.019877384600862,-1.0098371649423266
Kennesaw,72,WKU,69,0.6339937118072055,0.4252617180430557
Lafayette,81,Bucknell,79,-12.102088387400759,-13.096288524993339
Louisiana Tech,69,UTEP,59,-5.691689472397247,-6.308444347027473
Loyola MD,77,American Univ,68,-13.377750243521636,-6.396969179237704
Miami FL,79,Stanford,70,17.78517891833293,11.495746482735854
Mississippi St,80,LSU,66,8.973566181550307,14.712317974153333
Navy,58,Boston Univ,50,-2.05716253834581,-9.831287835150842
NE Omaha,80,S Dakota St,71,-6.6809771450146105,-1.4024499716884644
Oakland,74,PFW,65,1.2988617496209411,-5.625687252766425
Old Dominion,75,Arkansas St,71,-8.261680554358493,-2.643647731191786
Oregon St,72,Loy Marymount,69,-0.9699153817654318,1.5500504379175963
Pacific,74,Portland,51,4.378468361891341,-0.9276049727698782
Rice,83,East Carolina,77,-4.818057589699624,-6.938769569086803
Robert Morris,74,IUPUI,58,-3.837549906546749,-12.491570369997088
S Illinois,65,Northern Iowa,50,3.3850180919715123,5.785582448008606
Sam Houston St,80,Missouri St,71,4.794162125506685,-2.3667315699870506
San Diego,92,Pepperdine,88,-2.184946658816856,-5.588454031414728
San Diego St,73,Colorado St,50,14.954913190967044,8.035917066741126
Santa Clara,88,San Francisco,73,16.697031882728538,6.276755571400898
Seton Hall,86,Xavier,68,13.61217858159576,7.778365709841898
South Florida,97,Tulane,83,10.967070575235171,-1.5078676189201856
Southern Univ,80,MS Valley St,69,-11.076179678502223,-28.348205063722833
St Bonaventure,87,Duquesne,79,2.3358205694267835,4.686016814942015
St John's,92,Butler,70,22.387807157714732,12.436267405379676
Tennessee,86,Georgia,85,22.52532774922322,20.02973847054447
Texas St,72,Marshall,68,-8.993596293102888,0.16629603079518857
Tulsa,82,North Texas,66,12.474016558063923,0.7410214367989679
UAB,83,UT San Antonio,73,4.233612921761928,-15.648689776756592
UCLA,73,Oregon,57,17.20134853209326,8.997587225487342
Utah St,94,Wyoming,62,19.392266810705305,8.357185218844622
Washington St,70,Seattle,58,4.5380550036221035,4.296087924139515
Wisconsin,67,Minnesota,63,16.984647164159234,10.308552144640325
Bellarmine,77,West Georgia,74,-9.739354468795353,-11.903771564516768
Appalachian St,70,Southern Miss,63,-3.019964221943779,-6.948449734643707
Binghamton,63,Bryant,60,-21.707046613042007,-15.975655117989465
Cal Poly,104,CS Bakersfield,79,-6.316796372758351,-10.961124093729158
Central Conn,62,Wagner,55,-10.69680210540559,-12.601506934083272
Citadel,80,VMI,56,-15.588927891729995,-19.385486784833247
Col Charleston,66,Hofstra,64,-0.4606347634581468,2.086644182827586
CS Northridge,94,UC Davis,78,-2.1109082342198446,-0.8434486910801374
CS Sacramento,83,Montana St,80,-6.393255168038442,1.0473895970912468
Drexel,58,Hampton,51,-3.932084854527281,-8.456384002540549
Elon,79,William & Mary,76,-1.7109036279344259,1.656572728906202
FGCU,72,North Alabama,64,-4.349217773076286,-15.019555502687506
Furman,78,Samford,73,-2.2995798984529365,-7.386171296092927
High Point,84,Presbyterian,81,7.455157949413491,-8.171853518367254
Illinois,75,Washington,66,27.558451754312838,15.817584011338012
Iowa St,97,Colorado,67,28.277104289911488,10.951503521035468
Jacksonville,70,Lipscomb,65,-10.526145762510124,-2.2704298007365584
James Madison,73,Troy,64,-6.42260170209562,0.09710533684838424
Liberty,81,MTSU,65,5.976024139614131,1.2330496506793978
LIU Brooklyn,83,Le Moyne,61,-3.546335998209576,-9.839160736172351
Memphis,92,FL Atlantic,65,7.369641932350132,6.351804649646517
Mercer,95,UNC Greensboro,77,0.5840288415363489,-12.065434872466879
Monmouth NJ,83,NC A&T,81,-3.848522919496683,-8.135106985044182
Montana,64,Portland St,60,0.4272721445912008,2.2902438567068213
Morehead St,67,SIUE,65,-11.585204401367001,-8.17415727893679
N Colorado,91,Idaho,83,-1.0823524586851767,-0.860099995525089
New Hampshire,66,MA Lowell,61,-12.508359622828568,-14.238798983700297
NJIT,77,SUNY Albany,68,-14.80646949052454,-13.163496176751917
North Dakota,81,St Thomas MN,80,-8.39620613812819,2.882581967815671
Northern Arizona,92,E Washington,86,-9.643076515343548,-5.263958334345224
Northwestern,94,Penn St,73,11.78237952913321,5.083955436049424
Radford,84,Charleston So,75,-6.409728237299939,-6.340856798534731
UC Santa Barbara,62,UC San Diego,48,3.2846658019866024,3.4181336664537407
SC Upstate,65,Longwood,60,-9.147789259024785,-9.004272423423975
SE Missouri St,78,W Illinois,74,-6.757013248262701,-21.1486742641898
South Alabama,53,Coastal Car,48,-5.806253567999122,-7.357081216042199
South Dakota,77,Oral Roberts,69,-8.241126626447448,-11.75823476123825
Stetson,84,North Florida,77,-14.070523158103668,-15.534483522416355
Stony Brook,81,Campbell,69,-4.2986893622781555,-4.608704820965019
Tennessee St,70,Ark Little Rock,63,-7.984243030172132,-13.722529134725532
TN Martin,76,E Illinois,68,-3.7745856292540623,-12.380585287610003
UC Irvine,87,Hawaii,76,3.4963503402669383,8.020968123203241
UC Riverside,71,Long Beach St,61,-8.761132749466462,-4.652494408015093
Louisiana,82,Georgia St,72,-12.137067018502796,-9.841027531814934
UNC Asheville,69,Gardner Webb,50,-4.515129557592766,-24.646235285714415
UNC Wilmington,82,Towson,73,2.413830183033299,-0.5464166889081582
UT Arlington,80,Southern Utah,61,-0.020907387432929244,-11.107617721609282
Utah Valley,83,Tarleton St,55,6.639639918156236,-2.827342432024417
Vermont,64,UMBC,55,-5.418090561445725,-8.519516689602433
W Carolina,90,ETSU,88,-9.503110725382177,1.9085058569619273
Wofford,81,Chattanooga,55,-5.064308768836391,-11.311391432436908
Utah Tech,76,Abilene Chr,70,-3.4850425266828218,-7.721991269551377
Lindenwood,73,Southern Indiana,60,-7.15310794555327,-14.295320327497267
Stonehill,58,F Dickinson,57,-13.871167902361144,-14.479566581615781
Mercyhurst,70,New Haven,51,-9.513220387331831,-14.029552843602488
Akron,69,Kent,52,11.189246661258986,1.3438007614795435
Charlotte,80,Rice,70,1.2042231354891468,-4.818057589699624
Cleveland St,89,WI Green Bay,82,-10.736414013574178,-5.7700409143629
Columbia,72,Penn,67,-1.1455860463245808,-2.0570696017200927
Cornell,87,Princeton,64,-2.5897361889852073,-5.435545860544262
Detroit,90,N Kentucky,77,-7.342812147525938,-2.4537270857196694
Fairfield,71,Iona,70,-8.368082465442098,-5.622253380566301
Ga Southern,79,ULM,76,-8.452463657169565,-18.229928278847783
Grand Canyon,86,Boise St,69,11.357472832207115,13.415037567503262
Harvard,69,Brown,59,-1.9259472947129983,-9.277418865214003
Manhattan,95,Rider,90,-15.274581333554556,-17.261706725421675
Marist,88,Canisius,86,-1.1747337528313329,-17.060558122515523
Michigan,83,Michigan St,71,34.00895201746655,24.386031921594633
Nevada,89,UNLV,76,12.180469852648914,3.1267531403743414
Sacred Heart,98,Quinnipiac,91,-10.913977813629936,-3.997091735107692
Siena,82,Niagara,79,-3.3587700316394775,-16.995194255109116
St Louis,102,Dayton,71,21.74212133595362,7.453720484555427
St Peter's,66,Mt St Mary's,58,-6.3187048872930385,-11.970313880036324
VCU,89,Loyola-Chicago,75,12.760710460803173,-7.919700317024193
Villanova,87,Providence,73,18.019965533374403,11.241342833123284
Wright St,76,WI Milwaukee,69,1.3021861730347852,-6.744387041618924
Yale,83,Dartmouth,68,8.176250244240705,-5.458928015720884
Youngstown St,85,IUPUI,76,-2.8049667940666527,-12.491570369997088
Alabama A&M,72,Florida A&M,65,-12.721138316688517,-14.958411699952181
Alcorn St,78,Southern Univ,73,-20.10652752334088,-11.076179678502223
Appalachian St,66,Troy,44,-3.019964221943779,0.09710533684838424
Arizona,87,Arizona St,74,29.622564216561056,10.603952967409308
Ark Pine Bluff,78,MS Valley St,70,-13.668354319462967,-28.348205063722833
Army,69,Holy Cross,68,-14.42534764296668,-13.04688731791795
Austin Peay,81,West Georgia,78,-0.6575938360595827,-11.903771564516768
Baylor,63,West Virginia,53,15.872210600276453,12.114842312208815
Belmont,103,Murray St,86,10.045584450409333,7.098433930540837
Bethune-Cookman,69,Alabama St,54,-7.810451810139458,-13.932727716177093
Bradley,87,Drake,73,3.590955518992814,0.7544156025781878
Bryant,92,New Hampshire,84,-15.975655117989465,-12.508359622828568
Bucknell,103,Boston Univ,97,-13.096288524993339,-9.831287835150842
C Michigan,62,Bowling Green,59,-9.604265919979685,3.589447698727336
Cal Poly,94,UC Riverside,87,-6.316796372758351,-8.761132749466462
California,86,Miami FL,85,13.447545319841446,17.78517891833293
Campbell,104,William & Mary,96,-4.608704820965019,1.656572728906202
Cent Arkansas,90,E Kentucky,81,-1.5873241521362738,-8.312055999179629
Chicago St,78,Mercyhurst,74,-16.24969652612226,-9.513220387331831
Citadel,71,UNC Greensboro,66,-15.588927891729995,-12.065434872466879
Clemson,63,Pittsburgh,52,17.882590338253785,8.195075774872146
Col Charleston,89,Northeastern,84,-0.4606347634581468,-6.463460575559628
Connecticut,85,Creighton,58,25.10729111927154,10.984102719717837
CS Northridge,81,UC San Diego,64,-2.1109082342198446,3.4181336664537407
CS Sacramento,86,Montana,79,-6.393255168038442,0.4272721445912008
Dartmouth,77,Brown,70,-5.458928015720884,-9.277418865214003
Davidson,79,Richmond,54,6.002686977751972,3.374354993392689
Delaware St,65,MD E Shore,57,-20.10207053375217,-15.28346349833095
Drexel,61,NC A&T,60,-3.932084854527281,-8.135106985044182
Duke,72,Virginia Tech,58,30.47631292494664,13.649896701268442
SIUE,58,Southern Indiana,46,-8.17415727893679,-14.295320327497267
FGCU,68,Jacksonville,49,-4.349217773076286,-10.526145762510124
Florida St,88,Stanford,80,8.465280031603305,11.495746482735854
Fordham,79,G Washington,65,-0.05904195752884017,9.857746736889899
Fresno St,79,Air Force,62,4.073803256746674,-12.735240615401642
George Mason,77,St Bonaventure,73,8.095174888899992,2.3358205694267835
Georgetown,77,Butler,64,8.097403188054626,12.436267405379676
Gonzaga,73,St Mary's CA,65,26.12679094319873,16.908220628065287
Grambling,69,Jackson St,66,-10.144108684165358,-19.547308217380763
Harvard,67,Yale,65,-1.9259472947129983,8.176250244240705
Hawaii,89,Long Beach St,82,8.020968123203241,-4.652494408015093
High Point,71,Longwood,59,7.455157949413491,-9.004272423423975
Hofstra,73,Monmouth NJ,57,2.086644182827586,-3.848522919496683
Houston,76,Cincinnati,54,25.82056645334507,12.416982907123183
Howard,88,Norfolk St,60,-8.060038874832856,-13.021484758554106
Idaho,79,Northern Arizona,62,-0.860099995525089,-9.643076515343548
IL Chicago,68,S Illinois,66,1.7665509943221132,3.3850180919715123
Indiana,98,UCLA,97,18.87384006863379,17.20134853209326
PFW,83,Robert Morris,71,-5.625687252766425,-3.837549906546749
Kansas,90,BYU,82,23.957485614866563,22.96623370113013
Kennesaw,76,New Mexico St,53,0.6339937118072055,0.004049809068651347
Kentucky,85,Arkansas,77,20.62694485238151,21.77145836677927
Lafayette,67,American Univ,65,-12.102088387400759,-6.396969179237704
Lehigh,77,Colgate,76,-10.370556306684765,-3.5300665357659207
Lipscomb,100,North Florida,94,-2.2704298007365584,-15.534483522416355
LIU Brooklyn,80,Central Conn,59,-3.546335998209576,-10.69680210540559
Louisville,88,SMU,74,24.611732488445927,18.858138555743015
LSU,92,South Carolina,87,14.712317974153333,8.258663769478087
MA Lowell,91,Maine,77,-14.238798983700297,-16.277077360329795
Marshall,70,Arkansas St,61,0.16629603079518857,-2.643647731191786
Massachusetts,70,E Michigan,67,-0.4961988777783989,-3.580139516277849
McNeese St,64,Lamar,63,8.413093453200572,-2.214271862878108
Mercer,95,VMI,81,0.5840288415363489,-19.385486784833247
Miami OH,85,N Illinois,61,6.878792003107033,-10.69931700103686
Missouri,84,Mississippi St,79,11.56899502860914,8.973566181550307
Missouri St,74,Jacksonville St,67,-2.3667315699870506,-4.019877384600862
Morgan St,89,Coppin St,80,-20.00282080703169,-27.640739737591698
N Colorado,74,E Washington,71,-1.0823524586851767,-5.263958334345224
N Dakota St,89,South Dakota,84,2.046795939331589,-8.241126626447448
Navy,87,Loyola MD,71,-2.05716253834581,-13.377750243521636
NC State,96,Wake Forest,78,21.788929391891067,12.26856625050307
NE Omaha,84,Denver,82,-6.6809771450146105,-6.718963056154548
New Mexico,90,San Jose St,80,14.880097023188116,-3.069027491311642
New Orleans,75,Northwestern LA,64,-3.575655046476065,-9.19667857822737
Nicholls St,72,East Texas A&M,68,-6.207446160282377,-10.24868267858815
NJIT,79,Vermont,77,-14.80646949052454,-5.418090561445725
North Carolina,91,Georgia Tech,75,20.177147542199364,4.81995930743693
Northern Iowa,71,Evansville,55,5.785582448008606,-7.795268693393136
Ohio,95,Buffalo,83,-2.458559640908652,-1.2829899801500664
Oklahoma St,81,Utah,69,13.86708154452552,6.364077339194109
Oregon St,78,San Diego,76,-0.9699153817654318,-2.184946658816856
Penn,91,Cornell,81,-2.0570696017200927,-2.5897361889852073
Portland St,63,Montana St,54,2.2902438567068213,1.0473895970912468
Prairie View,85,TX Southern,78,-14.826501312313303,-14.284509430349972
Princeton,80,Columbia,68,-5.435545860544262,-1.1455860463245808
Radford,93,Presbyterian,84,-6.409728237299939,-8.171853518367254
S Dakota St,95,Oral Roberts,72,-1.4024499716884644,-11.75823476123825
Sam Houston St,83,Louisiana Tech,67,4.794162125506685,-5.691689472397247
San Francisco,87,Pacific,82,6.276755571400898,4.378468361891341
UC Santa Barbara,83,CS Fullerton,69,3.2846658019866024,-2.1915793640363734
Santa Clara,104,Loy Marymount,73,16.697031882728538,1.5500504379175963
SE Missouri St,77,E Illinois,59,-6.757013248262701,-12.380585287610003
Seton Hall,69,Marquette,64,13.61217858159576,6.499579672447203
SF Austin,85,SE Louisiana,58,6.14950134383293,-8.378711089435738
South Alabama,69,Georgia St,67,-5.806253567999122,-9.841027531814934
Southern Miss,73,James Madison,65,-6.948449734643707,-6.42260170209562
Southern Utah,79,Abilene Chr,76,-11.107617721609282,-7.721991269551377
St Joseph's PA,67,La Salle,58,0.6346552500089729,-4.388475820600071
Stony Brook,72,Elon,68,-4.2986893622781555,-1.7109036279344259
Syracuse,86,Notre Dame,72,11.66262825734674,10.06327913551909
TAM C. Christi,73,Houston Chr,71,-2.5860191794207728,-9.978893333224674
Temple,79,South Florida,78,1.6101601066860876,10.967070575235171
Tennessee,77,Auburn,69,22.52532774922322,19.144250770747117
Tennessee Tech,87,Ark Little Rock,77,-14.281089336240143,-13.722529134725532
Texas,79,Oklahoma,69,17.79158970367343,11.432263406894199
Texas A&M,92,Georgia,77,19.179102352686098,20.02973847054447
Texas St,81,Old Dominion,64,-8.993596293102888,-8.261680554358493
TN Martin,84,W Illinois,44,-3.7745856292540623,-21.1486742641898
Toledo,73,Ball St,55,0.3389247220623984,-11.502717502859307
Towson,82,Hampton,50,-0.5464166889081582,-8.456384002540549
UTRGV,106,Incarnate Word,93,-0.22814271103413875,-5.547585347287668
UAB,72,North Texas,68,4.233612921761928,0.7410214367989679
UC Davis,80,CS Bakersfield,72,-0.8434486910801374,-10.961124093729158
UCF,88,Texas Tech,80,15.06572674394935,22.11626746517065
Louisiana,69,Ga Southern,60,-12.137067018502796,-8.452463657169565
UMBC,68,SUNY Albany,65,-8.519516689602433,-13.163496176751917
USC,78,Rutgers,75,13.985005389761836,2.795178359596027
Utah St,71,San Diego St,66,19.392266810705305,14.954913190967044
UTEP,70,Delaware,55,-6.308444347027473,-8.317869143575352
Valparaiso,76,Indiana St,72,0.7826673040916575,-2.4581456880249015
Vanderbilt,71,Mississippi,68,24.154102986278797,10.46160439503338
Virginia,73,Boston College,66,20.91879714221833,3.54890302348592
WKU,65,MTSU,60,0.4252617180430557,1.2330496506793978
Wagner,75,F Dickinson,72,-12.601506934083272,-14.479566581615781
Washington,76,Northwestern,62,15.817584011338012,11.78237952913321
Washington St,104,Portland,74,4.5380550036221035,-0.9276049727698782
Weber St,81,Idaho St,79,-2.4753255840285364,-2.6900359146858124
Winthrop,84,UNC Asheville,71,1.3368316881639872,-4.515129557592766
Wisconsin,92,Ohio St,82,16.984647164159234,16.95643641170654
Wyoming,68,Colorado St,57,8.357185218844622,8.035917066741126
Xavier,68,DePaul,66,7.778365709841898,7.564957311061451
Cal Baptist,87,UT Arlington,77,2.1953924231003668,-0.020907387432929244
North Alabama,68,Stetson,66,-15.019555502687506,-14.070523158103668
Bellarmine,78,Queens NC,75,-9.739354468795353,-4.175091457795946
Utah Tech,65,Tarleton St,59,-3.4850425266828218,-2.827342432024417
Lindenwood,79,Morehead St,78,-7.15310794555327,-11.585204401367001
Stonehill,65,Le Moyne,54,-13.871167902361144,-9.839160736172351
New Haven,81,St Francis PA,69,-14.029552843602488,-18.95162660287704
Cleveland St,90,WI Milwaukee,88,-10.736414013574178,-6.744387041618924
Coastal Car,83,ULM,79,-7.357081216042199,-18.229928278847783
Colorado,87,TCU,61,10.951503521035468,14.466735878512502
Duquesne,76,Rhode Island,61,4.686016814942015,4.372881568912538
East Carolina,76,FL Atlantic,75,-6.938769569086803,6.351804649646517
ETSU,86,Wofford,72,1.9085058569619273,-5.064308768836391
Florida,100,Alabama,77,26.39081761428366,22.89926309681164
Furman,75,Chattanooga,70,-2.2995798984529365,-11.311391432436908
Illinois,78,Nebraska,69,27.558451754312838,23.21892114201473
Iowa,84,Oregon,66,21.236487010988846,8.997587225487342
Iowa St,95,Kansas St,61,28.277104289911488,10.199483531346415
Marist,58,Niagara,46,-1.1747337528313329,-16.995194255109116
Mt St Mary's,72,Manhattan,65,-11.970313880036324,-15.274581333554556
Oakland,76,N Kentucky,65,1.2988617496209411,-2.4537270857196694
Penn St,77,Minnesota,75,5.083955436049424,10.308552144640325
Purdue,93,Maryland,63,26.152648451209974,2.5510536362520244
Quinnipiac,72,Fairfield,65,-3.997091735107692,-8.368082465442098
Rider,81,St Peter's,78,-17.261706725421675,-6.3187048872930385
Samford,88,W Carolina,74,-7.386171296092927,-9.503110725382177
Siena,78,Canisius,63,-3.3587700316394775,-17.060558122515523
Tulane,78,Memphis,76,-1.5078676189201856,7.369641932350132
Tulsa,93,Wichita St,83,12.474016558063923,8.433712769495724
Wright St,83,WI Green Bay,75,1.3021861730347852,-5.7700409143629
Merrimack,75,Sacred Heart,58,-5.674283720960461,-10.913977813629936
St Thomas MN,99,Missouri KC,64,2.882581967815671,-16.661368094073026
Alabama St,79,Florida A&M,66,-13.932727716177093,-14.958411699952181
Bethune-Cookman,80,Alabama A&M,62,-7.810451810139458,-12.721138316688517
Boston Univ,72,Holy Cross,64,-9.831287835150842,-13.04688731791795
CS Sacramento,104,Weber St,90,-6.393255168038442,-2.4753255840285364
Grambling,74,Alcorn St,50,-10.144108684165358,-20.10652752334088
Howard,72,Coppin St,53,-8.060038874832856,-27.640739737591698
Incarnate Word,71,TAM C. Christi,69,-5.547585347287668,-2.5860191794207728
Kansas,64,Texas Tech,61,23.957485614866563,22.11626746517065
Lamar,73,SE Louisiana,54,-2.214271862878108,-8.378711089435738
NC Central,65,MD E Shore,63,-16.23054921366116,-15.28346349833095
New Orleans,94,East Texas A&M,85,-3.575655046476065,-10.24868267858815
Nicholls St,61,Northwestern LA,58,-6.207446160282377,-9.19667857822737
North Carolina,87,Syracuse,77,20.177147542199364,11.66262825734674
Portland St,88,Idaho St,65,2.2902438567068213,-2.6900359146858124
SF Austin,67,McNeese St,60,6.14950134383293,8.413093453200572
Southern Univ,96,Jackson St,91,-11.076179678502223,-19.547308217380763
Tennessee Tech,90,Tennessee St,85,-14.281089336240143,-7.984243030172132
UTRGV,74,Houston Chr,57,-0.22814271103413875,-9.978893333224674
Akron,66,E Michigan,64,11.189246661258986,-3.580139516277849
Belmont,103,Drake,90,10.045584450409333,0.7544156025781878
Boise St,91,Nevada,87,13.415037567503262,12.180469852648914
Bowling Green,77,Ball St,52,3.589447698727336,-11.502717502859307
Bradley,72,Valparaiso,65,3.590955518992814,0.7826673040916575
Connecticut,92,Xavier,60,25.10729111927154,7.778365709841898
Dayton,72,St Bonaventure,70,7.453720484555427,2.3358205694267835
Duke,67,Boston College,49,30.47631292494664,3.54890302348592
SIUE,78,Lindenwood,72,-8.17415727893679,-7.15310794555327
Fresno St,98,UNLV,96,4.073803256746674,3.1267531403743414
Grand Canyon,81,Air Force,57,11.357472832207115,-12.735240615401642
Indiana St,84,Evansville,63,-2.4581456880249015,-7.795268693393136
Kent,75,Toledo,72,1.3438007614795435,0.3389247220623984
Loyola-Chicago,71,La Salle,61,-7.919700317024193,-4.388475820600071
Massachusetts,95,C Michigan,89,-0.4961988777783989,-9.604265919979685
Miami OH,73,Buffalo,71,6.878792003107033,-1.2829899801500664
Murray St,81,IL Chicago,74,7.098433930540837,1.7665509943221132
NC State,84,SMU,83,21.788929391891067,18.858138555743015
Niagara,65,Canisius,56,-16.995194255109116,-17.060558122515523
Ohio,91,W Michigan,71,-2.458559640908652,-7.971093026343999
S Illinois,54,Illinois St,50,3.3850180919715123,8.933861719167899
San Diego St,72,Wyoming,63,14.954913190967044,8.357185218844622
St John's,68,DePaul,56,22.387807157714732,7.564957311061451
St Louis,91,Davidson,82,21.74212133595362,6.002686977751972
Tennessee,84,Mississippi,66,22.52532774922322,10.46160439503338
Texas,84,South Carolina,75,17.79158970367343,8.258663769478087
TN Martin,55,Ark Little Rock,52,-3.7745856292540623,-13.722529134725532
UCLA,98,Rutgers,66,17.20134853209326,2.795178359596027
USC,81,Indiana,75,13.985005389761836,18.87384006863379
VCU,63,Fordham,59,12.760710460803173,-0.05904195752884017
Virginia,67,Pittsburgh,47,20.91879714221833,8.195075774872146
Alabama,100,Texas A&M,97,22.89926309681164,19.179102352686098
Appalachian St,65,South Alabama,57,-3.019964221943779,-5.806253567999122
Arizona St,71,Utah,63,10.603952967409308,6.364077339194109
Ark Pine Bluff,67,Grambling,64,-13.668354319462967,-10.144108684165358
Arkansas St,70,Coastal Car,66,-2.643647731191786,-7.357081216042199
Austin Peay,87,Lipscomb,76,-0.6575938360595827,-2.2704298007365584
Baylor,86,Colorado,67,15.872210600276453,10.951503521035468
Bucknell,60,American Univ,59,-13.096288524993339,-6.396969179237704
California,90,Georgia Tech,85,13.447545319841446,4.81995930743693
Cent Arkansas,81,North Alabama,60,-1.5873241521362738,-15.019555502687506
Clemson,66,Stanford,64,17.882590338253785,11.495746482735854
Cleveland St,91,Oakland,78,-10.736414013574178,1.2988617496209411
Colgate,69,Army,55,-3.5300665357659207,-14.42534764296668
Detroit,76,WI Milwaukee,63,-7.342812147525938,-6.744387041618924
Duquesne,71,George Mason,65,4.686016814942015,8.095174888899992
ETSU,75,Furman,71,1.9085058569619273,-2.2995798984529365
Florida Intl,88,MTSU,84,-1.0098371649423266,1.2330496506793978
Georgetown,76,Creighton,68,8.097403188054626,10.984102719717837
High Point,80,Charleston So,55,7.455157949413491,-6.340856798534731
Houston,79,UCF,55,25.82056645334507,15.06572674394935
Illinois,84,Northwestern,44,27.558451754312838,11.78237952913321
Iowa,84,Washington,74,21.236487010988846,15.817584011338012
Kentucky,94,Oklahoma,78,20.62694485238151,11.432263406894199
Liberty,75,Delaware,69,5.976024139614131,-8.317869143575352
Longwood,86,Gardner Webb,66,-9.004272423423975,-24.646235285714415
Louisville,76,Notre Dame,65,24.611732488445927,10.06327913551909
Loy Marymount,84,San Francisco,75,1.5500504379175963,6.276755571400898
Loyola MD,89,Lehigh,84,-13.377750243521636,-10.370556306684765
Marshall,81,Southern Miss,77,0.16629603079518857,-6.948449734643707
Minnesota,76,Michigan St,73,10.308552144640325,24.386031921594633
Navy,65,Lafayette,50,-2.05716253834581,-12.102088387400759
New Mexico St,72,Louisiana Tech,63,0.004049809068651347,-5.691689472397247
Oklahoma St,99,BYU,92,13.86708154452552,22.96623370113013
Oregon St,74,Washington St,64,-0.9699153817654318,4.5380550036221035
Portland,87,Gonzaga,80,-0.9276049727698782,26.12679094319873
Providence,97,Butler,87,11.241342833123284,12.436267405379676
Rice,86,North Texas,83,-4.818057589699624,0.7410214367989679
Robert Morris,72,Wright St,66,-3.837549906546749,1.3021861730347852
S Carolina St,63,MD E Shore,54,-22.2908843957574,-15.28346349833095
Sam Houston St,70,UTEP,66,4.794162125506685,-6.308444347027473
Santa Clara,71,Pacific,56,16.697031882728538,4.378468361891341
Seattle,83,Pepperdine,81,4.296087924139515,-5.588454031414728
South Dakota,82,Missouri KC,75,-8.241126626447448,-16.661368094073026
South Florida,109,UT San Antonio,88,10.967070575235171,-15.648689776756592
St Joseph's PA,76,G Washington,73,0.6346552500089729,9.857746736889899
St Mary's CA,87,San Diego,60,16.908220628065287,-2.184946658816856
Texas St,77,Ga Southern,71,-8.993596293102888,-8.452463657169565
Troy,74,Georgia St,63,0.09710533684838424,-9.841027531814934
Tulsa,78,FL Atlantic,76,12.474016558063923,6.351804649646517
Louisiana,64,James Madison,61,-12.137067018502796,-6.42260170209562
ULM,85,Old Dominion,79,-18.229928278847783,-8.261680554358493
UNC Asheville,76,SC Upstate,67,-4.515129557592766,-9.147789259024785
UNC Greensboro,81,W Carolina,78,-12.065434872466879,-9.503110725382177
Utah St,86,New Mexico,66,19.392266810705305,14.880097023188116
Villanova,72,Seton Hall,60,18.019965533374403,13.61217858159576
WI Green Bay,87,N Kentucky,84,-5.7700409143629,-2.4537270857196694
Wichita St,74,Charlotte,64,8.433712769495724,1.2042231354891468
Winthrop,80,Radford,78,1.3368316881639872,-6.409728237299939
Wofford,81,VMI,67,-5.064308768836391,-19.385486784833247
Youngstown St,90,PFW,61,-2.8049667940666527,-5.625687252766425
St Thomas MN,77,S Dakota St,62,2.882581967815671,-1.4024499716884644
East Texas A&M,74,Northwestern LA,68,-10.24868267858815,-9.19667857822737
James Madison,71,Akron,85,-6.42260170209562,11.189246661258986
North Dakota,62,Alabama,91,-8.39620613812819,22.89926309681164
Florida,87,Arizona,93,26.39081761428366,29.622564216561056
Southern Univ,77,Arkansas,109,-11.076179678502223,21.77145836677927
Ohio,85,Arkansas St,89,-2.458559640908652,-2.643647731191786
Bethune-Cookman,90,Auburn,95,-7.810451810139458,19.144250770747117
Louisiana,64,Ball St,75,-12.137067018502796,-11.502717502859307
UTRGV,81,Baylor,96,-0.22814271103413875,15.872210600276453
Air Force,63,Belmont,79,-12.735240615401642,10.045584450409333
Northeastern,75,Boston Univ,76,-6.463460575559628,-9.831287835150842
Texas St,48,Bowling Green,83,-8.993596293102888,3.589447698727336
Delaware,70,Bucknell,78,-8.317869143575352,-13.096288524993339
Southern Miss,79,Buffalo,85,-6.948449734643707,-1.2829899801500664
Villanova,66,BYU,71,18.019965533374403,22.96623370113013
Appalachian St,66,C Michigan,82,-3.019964221943779,-9.604265919979685
CS Bakersfield,60,California,87,-10.961124093729158,13.447545319841446
Indiana St,76,Charlotte,92,-2.4581456880249015,1.2042231354891468
W Carolina,63,Cincinnati,94,-9.503110725382177,12.416982907123183
New Hampshire,38,Clemson,88,-12.508359622828568,17.882590338253785
Montana St,78,Colorado,84,1.0473895970912468,10.951503521035468
Incarnate Word,64,Colorado St,98,-5.547585347287668,8.035917066741126
New Haven,55,Connecticut,79,-14.029552843602488,25.10729111927154
Canisius,48,Dayton,88,-17.060558122515523,7.453720484555427
Chicago St,62,DePaul,92,-16.24969652612226,7.564957311061451
Northern Arizona,71,Drake,77,-9.643076515343548,0.7544156025781878
Niagara,63,Duquesne,83,-16.995194255109116,4.686016814942015
Georgia St,49,E Michigan,71,-9.841027531814934,-3.580139516277849
Boston College,78,FL Atlantic,83,3.54890302348592,6.351804649646517
Maine,47,G Washington,67,-16.277077360329795,9.857746736889899
Wofford,46,George Mason,70,-5.064308768836391,8.095174888899992
Morgan St,70,Georgetown,87,-20.00282080703169,8.097403188054626
Bellarmine,59,Georgia,104,-9.739354468795353,20.02973847054447
MD E Shore,52,Georgia Tech,56,-15.28346349833095,4.81995930743693
TX Southern,43,Gonzaga,98,-14.284509430349972,26.12679094319873
PFW,71,Grand Canyon,90,-5.625687252766425,11.357472832207115
Furman,71,High Point,97,-2.2995798984529365,7.455157949413491
Lehigh,57,Houston,75,-10.370556306684765,25.82056645334507
Washington St,81,Idaho,83,4.5380550036221035,-0.860099995525089
Detroit,71,IL Chicago,91,-7.342812147525938,1.7665509943221132
Jackson St,55,Illinois,113,-19.547308217380763,27.558451754312838
F Dickinson,50,Iowa St,88,-14.479566581615781,28.277104289911488
WI Green Bay,51,Kansas,94,-5.7700409143629,23.957485614866563
S Carolina St,45,Louisville,104,-22.2908843957574,24.611732488445927
Cleveland St,88,Loyola-Chicago,91,-10.736414013574178,-7.919700317024193
SUNY Albany,53,Marquette,80,-13.163496176751917,6.499579672447203
Massachusetts,72,Marshall,78,-0.4961988777783989,0.16629603079518857
Coppin St,61,Maryland,83,-27.640739737591698,2.5510536362520244
Jacksonville,69,Miami FL,86,-10.526145762510124,17.78517891833293
Old Dominion,72,Miami OH,87,-8.261680554358493,6.878792003107033
Oakland,78,Michigan,121,1.2988617496209411,34.00895201746655
Colgate,69,Michigan St,80,-3.5300665357659207,24.386031921594633
Gardner Webb,60,Minnesota,87,-24.646235285714415,10.308552144640325
SE Louisiana,58,Mississippi,88,-8.378711089435738,10.46160439503338
Howard,67,Missouri,88,-8.060038874832856,11.56899502860914
NE Omaha,77,Murray St,85,-6.6809771450146105,7.098433930540837
ULM,82,N Illinois,102,-18.229928278847783,-10.69931700103686
Presbyterian,55,Navy,76,-8.171853518367254,-2.05716253834581
NC Central,66,NC State,114,-16.23054921366116,21.788929391891067
West Georgia,53,Nebraska,86,-11.903771564516768,23.21892114201473
TCU,74,New Orleans,78,14.466735878512502,-3.575655046476065
Cent Arkansas,54,North Carolina,94,-1.5873241521362738,20.177147542199364
Mercyhurst,47,Northwestern,70,-9.513220387331831,11.78237952913321
LIU Brooklyn,67,Notre Dame,89,-3.546335998209576,10.06327913551909
IUPUI,102,Ohio St,118,-12.491570369997088,16.95643641170654
St Francis PA,66,Oklahoma,102,-18.95162660287704,11.432263406894199
N Dakota St,65,Oregon St,67,2.046795939331589,-0.9699153817654318
Fairfield,68,Penn St,76,-8.368082465442098,5.083955436049424
Youngstown St,59,Pittsburgh,74,-2.8049667940666527,8.195075774872146
Holy Cross,79,Providence,89,-13.04688731791795,11.241342833123284
W Illinois,75,Radford,80,-21.1486742641898,-6.409728237299939
Stetson,62,Rhode Island,93,-14.070523158103668,4.372881568912538
Merrimack,66,S Dakota St,75,-5.674283720960461,-1.4024499716884644
Denver,73,Seattle,84,-6.718963056154548,4.296087924139515
St Peter's,50,Seton Hall,77,-6.3187048872930385,13.61217858159576
Bryant,66,Siena,82,-15.975655117989465,-3.3587700316394775
Tarleton St,76,SMU,96,-2.827342432024417,18.858138555743015
Toledo,74,South Alabama,76,0.3389247220623984,-5.806253567999122
Florida A&M,67,South Florida,102,-14.958411699952181,10.967070575235171
Bradley,63,St Bonaventure,69,3.590955518992814,2.3358205694267835
Quinnipiac,74,St John's,108,-3.997091735107692,22.387807157714732
Lafayette,76,St Joseph's PA,85,-12.102088387400759,0.6346552500089729
SE Missouri St,67,St Louis,92,-6.757013248262701,21.74212133595362
St Thomas MN,58,St Mary's CA,84,2.882581967815671,16.908220628065287
Binghamton,47,Syracuse,85,-21.707046613042007,11.66262825734674
Mercer,61,Tennessee,76,0.5840288415363489,22.52532774922322
Northwestern LA,68,Texas A&M,98,-9.19667857822737,19.179102352686098
Loyola MD,56,Towson,67,-13.377750243521636,-0.5464166889081582
Kent,97,Troy,103,1.3438007614795435,0.09710533684838424
Samford,72,Tulane,85,-7.386171296092927,-1.5078676189201856
MS Valley St,55,UAB,106,-28.348205063722833,4.233612921761928
Hofstra,78,UCF,82,2.086644182827586,15.06572674394935
E Washington,74,UCLA,80,-5.263958334345224,17.20134853209326
Cal Poly,64,USC,94,-6.316796372758351,13.985005389761836
San Jose St,75,Utah,84,-3.069027491311642,6.364077339194109
Wagner,74,VCU,103,-12.601506934083272,12.760710460803173
Lipscomb,61,Vanderbilt,105,-2.2704298007365584,24.154102986278797
Rider,53,Virginia,87,-17.261706725421675,20.91879714221833
Charleston So,67,Virginia Tech,98,-6.340856798534731,13.649896701268442
Tennessee Tech,70,WKU,82,-14.281089336240143,0.4252617180430557
Coastal Car,71,W Michigan,76,-7.357081216042199,-7.971093026343999
American Univ,74,Wake Forest,88,-6.396969179237704,12.26856625050307
Ark Pine Bluff,50,Washington,94,-13.668354319462967,15.817584011338012
Hampton,86,WI Milwaukee,90,-8.456384002540549,-6.744387041618924
Queens NC,74,Winthrop,81,-4.175091457795946,1.3368316881639872
Campbell,64,Wisconsin,96,-4.608704820965019,16.984647164159234
Marist,62,Xavier,66,-1.1747337528313329,7.778365709841898
SC Upstate,75,Cal Baptist,87,-9.147789259024785,2.1953924231003668
South Dakota,79,Utah Tech,81,-8.241126626447448,-3.4850425266828218
Southern Utah,64,Arizona St,81,-11.107617721609282,10.603952967409308
Texas,60,Duke,75,17.79158970367343,30.47631292494664
Ga Southern,89,East Carolina,92,-8.452463657169565,-6.938769569086803
Alcorn St,76,Florida St,108,-20.10652752334088,8.465280031603305
Robert Morris,69,Iowa,101,-3.837549906546749,21.236487010988846
UNC Greensboro,64,Kansas St,93,-12.065434872466879,10.199483531346415
Nicholls St,51,Kentucky,77,-6.207446160282377,20.62694485238151
Louisiana Tech,50,Nevada,77,-5.691689472397247,12.180469852648914
Fordham,61,NJIT,72,-0.05904195752884017,-14.80646949052454
Oral Roberts,71,Oklahoma St,95,-11.75823476123825,13.86708154452552
Hawaii,59,Oregon,60,8.020968123203241,8.997587225487342
Evansville,51,Purdue,82,-7.795268693393136,26.152648451209974
Long Beach St,45,San Diego St,77,-4.652494408015093,14.954913190967044
NC A&T,72,South Carolina,91,-8.135106985044182,8.258663769478087
Portland St,79,Stanford,89,2.2902438567068213,11.495746482735854
Lindenwood,60,Texas Tech,98,-7.15310794555327,22.11626746517065
UNLV,81,TN Martin,86,3.1267531403743414,-3.7745856292540623
E Illinois,63,Valparaiso,66,-12.380585287610003,0.7826673040916575
Mt St Mary's,54,West Virginia,70,-11.970313880036324,12.114842312208815
UNC Asheville,58,Wichita St,75,-4.515129557592766,8.433712769495724
Southern Indiana,58,Butler,88,-14.295320327497267,12.436267405379676
South Dakota,76,Creighton,92,-8.241126626447448,10.984102719717837
MD E Shore,29,Georgia,94,-15.28346349833095,20.02973847054447
Alabama A&M,51,Indiana,98,-12.721138316688517,18.87384006863379
Coppin St,59,La Salle,87,-27.640739737591698,-4.388475820600071
E Washington,62,Loy Marymount,70,-5.263958334345224,1.5500504379175963
Tarleton St,60,LSU,96,-2.827342432024417,14.712317974153333
Southern Univ,82,Marquette,100,-11.076179678502223,6.499579672447203
North Alabama,62,Mississippi St,86,-15.019555502687506,8.973566181550307
East Texas A&M,54,New Mexico,76,-10.24868267858815,14.880097023188116
Rider,53,Rutgers,81,-17.261706725421675,2.795178359596027
Fresno St,66,SC Upstate,67,4.073803256746674,-9.147789259024785
Delaware St,65,Temple,83,-20.10207053375217,1.6101601066860876
N Dakota St,68,UC Davis,80,2.046795939331589,-0.8434486910801374
NE Omaha,71,Abilene Chr,73,-6.6809771450146105,-7.721991269551377
Merrimack,57,Auburn,95,-5.674283720960461,19.144250770747117
Citadel,47,Boston College,76,-15.588927891729995,3.54890302348592
Wright St,67,California,77,1.3021861730347852,13.447545319841446
North Florida,64,Florida,104,-15.534483522416355,26.39081761428366
Grambling,62,Iowa St,102,-10.144108684165358,28.277104289911488
IUPUI,90,LIU Brooklyn,94,-12.491570369997088,-3.546335998209576
Jackson St,70,Louisville,106,-19.547308217380763,24.611732488445927
Bethune-Cookman,61,Miami FL,101,-7.810451810139458,17.78517891833293
Northwestern LA,53,North Texas,80,-9.19667857822737,0.7410214367989679
CS Northridge,57,Northern Iowa,86,-2.1109082342198446,5.785582448008606
Illinois St,68,Ohio,72,8.933861719167899,-2.458559640908652
Ark Pine Bluff,74,Portland,83,-13.668354319462967,-0.9276049727698782
Central Conn,49,Quinnipiac,71,-10.69680210540559,-3.997091735107692
Drake,79,Robert Morris,81,0.7544156025781878,-3.837549906546749
TAM C. Christi,58,SMU,69,-2.5860191794207728,18.858138555743015
Alcorn St,70,South Alabama,76,-20.10652752334088,-5.806253567999122
Chicago St,86,St Louis,108,-16.24969652612226,21.74212133595362
St Francis PA,63,TCU,104,-18.95162660287704,14.466735878512502
TX Southern,70,Texas A&M,104,-14.284509430349972,19.179102352686098
North Dakota,70,UC Riverside,74,-8.39620613812819,-8.761132749466462
Denver,70,Washington,84,-6.718963056154548,15.817584011338012
Campbell,65,West Virginia,73,-4.608704820965019,12.114842312208815
Le Moyne,69,Xavier,74,-9.839160736172351,7.778365709841898
Loyola-Chicago,65,Mercyhurst,73,-7.919700317024193,-9.513220387331831
Utah Tech,67,Arizona,93,-3.4850425266828218,29.622564216561056
Mt St Mary's,62,Bucknell,73,-11.970313880036324,-13.096288524993339
WI Green Bay,76,Buffalo,83,-5.7700409143629,-1.2829899801500664
Tennessee Tech,65,Charlotte,70,-14.281089336240143,1.2042231354891468
Georgia St,64,Cincinnati,74,-9.841027531814934,12.416982907123183
Gardner Webb,59,Clemson,97,-24.646235285714415,17.882590338253785
New Haven,53,Columbia,71,-14.029552843602488,-1.1455860463245808
MA Lowell,47,Connecticut,110,-14.238798983700297,25.10729111927154
Washington St,69,Davidson,85,4.5380550036221035,6.002686977751972
Stonehill,64,DePaul,72,-13.871167902361144,7.564957311061451
Sacred Heart,80,Duquesne,92,-10.913977813629936,4.686016814942015
Nicholls St,57,E Illinois,65,-6.207446160282377,-12.380585287610003
UT San Antonio,60,SIUE,77,-15.648689776756592,-8.17415727893679
Alabama St,64,Florida St,101,-13.932727716177093,8.465280031603305
Winthrop,90,George Mason,96,1.3368316881639872,8.095174888899992
Maryland,60,Georgetown,70,2.5510536362520244,8.097403188054626
Bryant,45,Georgia Tech,74,-15.975655117989465,4.81995930743693
San Diego,68,Idaho St,71,-2.184946658816856,-2.6900359146858124
FGCU,70,Illinois,113,-4.349217773076286,27.558451754312838
Hofstra,73,Iona,81,2.086644182827586,-5.622253380566301
W Illinois,58,Iowa,77,-21.1486742641898,21.236487010988846
Cornell,102,Kent,110,-2.5897361889852073,1.3438007614795435
Valparaiso,59,Kentucky,107,0.7826673040916575,20.62694485238151
Col Charleston,75,Liberty,90,-0.4606347634581468,5.976024139614131
ULM,65,Mississippi,86,-18.229928278847783,10.46160439503338
SE Missouri St,84,Missouri,89,-6.757013248262701,11.56899502860914
MS Valley St,60,Murray St,108,-28.348205063722833,7.098433930540837
UAB,70,NC State,94,4.233612921761928,21.788929391891067
Kansas,74,North Carolina,87,23.957485614866563,20.177147542199364
Colgate,65,Northeastern,68,-3.5300665357659207,-6.463460575559628
Boston Univ,52,Northwestern,76,-9.831287835150842,11.78237952913321
Detroit,70,Notre Dame,102,-7.342812147525938,10.06327913551909
PFW,68,Ohio St,94,-5.625687252766425,16.95643641170654
Rice,63,Oregon,67,-4.818057589699624,8.997587225487342
IL Chicago,73,Oregon St,76,1.7665509943221132,-0.9699153817654318
Longwood,60,Pittsburgh,78,-9.004272423423975,8.195075774872146
Oakland,77,Purdue,87,1.2988617496209411,26.152648451209974
Missouri KC,78,S Illinois,101,-16.661368094073026,3.3850180919715123
S Carolina St,72,Samford,82,-22.2908843957574,-7.386171296092927
McNeese St,67,Santa Clara,79,8.413093453200572,16.697031882728538
Wagner,61,Seton Hall,68,-12.601506934083272,13.61217858159576
Arkansas St,65,SF Austin,90,-2.643647731191786,6.14950134383293
Brown,46,Siena,62,-9.277418865214003,-3.3587700316394775
Chattanooga,66,St Mary's CA,87,-11.311391432436908,16.908220628065287
Sam Houston St,77,Texas Tech,98,4.794162125506685,22.11626746517065
Furman,61,Troy,64,-2.2995798984529365,0.09710533684838424
Rhode Island,65,Tulsa,82,4.372881568912538,12.474016558063923
Pepperdine,63,UCLA,74,-5.588454031414728,17.20134853209326
SE Louisiana,52,Louisiana,58,-8.378711089435738,-12.137067018502796
VCU,77,Utah St,80,12.760710460803173,19.392266810705305
NC Central,62,Virginia,81,-16.23054921366116,20.91879714221833
Southern Indiana,74,VMI,78,-14.295320327497267,-19.385486784833247
Morehead St,65,Wake Forest,81,-11.585204401367001,12.26856625050307
N Illinois,72,Wisconsin,97,-10.69931700103686,16.984647164159234
Navy,68,Yale,97,-2.05716253834581,8.176250244240705
Grand Canyon,81,Youngstown St,90,11.357472832207115,-2.8049667940666527
UC Irvine,61,Cal Baptist,69,3.4963503402669383,2.1953924231003668
Princeton,69,Akron,104,-5.435545860544262,11.189246661258986
St John's,96,Alabama,103,22.387807157714732,22.89926309681164
Air Force,54,Austin Peay,74,-12.735240615401642,-0.6575938360595827
Tennessee St,79,Belmont,87,-7.984243030172132,10.045584450409333
Utah Valley,77,Boise St,101,6.639639918156236,13.415037567503262
C Michigan,54,Bradley,85,-9.604265919979685,3.590955518992814
IUPUI,80,Butler,112,-12.491570369997088,12.436267405379676
Holy Cross,53,BYU,98,-13.04688731791795,22.96623370113013
Seattle,71,Cal Poly,73,4.296087924139515,-6.316796372758351
E Washington,97,Colorado,102,-5.263958334345224,10.951503521035468
UMBC,71,Dayton,77,-8.519516689602433,7.453720484555427
W Carolina,54,Duke,95,-9.503110725382177,30.47631292494664
UNC Greensboro,90,Elon,92,-12.065434872466879,-1.7109036279344259
NJIT,53,Fairfield,74,-14.80646949052454,-8.368082465442098
Col Charleston,77,FL Atlantic,94,-0.4606347634581468,6.351804649646517
Long Beach St,62,Fresno St,82,-4.652494408015093,4.073803256746674
South Florida,95,G Washington,99,10.967070575235171,9.857746736889899
UNC Asheville,90,Ga Southern,93,-4.515129557592766,-8.452463657169565
Oklahoma,68,Gonzaga,83,11.432263406894199,26.12679094319873
Towson,48,Houston,65,-0.5464166889081582,25.82056645334507
Bellarmine,71,Kansas St,98,-9.739354468795353,10.199483531346415
Florida A&M,72,Kennesaw,92,-14.958411699952181,0.6339937118072055
Monmouth NJ,60,La Salle,73,-3.848522919496683,-4.388475820600071
Ark Pine Bluff,72,Loy Marymount,94,-13.668354319462967,1.5500504379175963
Toledo,73,Marshall,85,0.3389247220623984,0.16629603079518857
SUNY Albany,62,Massachusetts,83,-13.163496176751917,-0.4961988777783989
San Francisco,70,Memphis,76,6.276755571400898,7.369641932350132
Arkansas,66,Michigan St,69,21.77145836677927,24.386031921594633
Alcorn St,50,Minnesota,95,-20.10652752334088,10.308552144640325
Florida Intl,66,Nebraska,96,-1.0098371649423266,23.21892114201473
Pacific,77,Nevada,78,4.378468361891341,12.180469852648914
UT Arlington,56,New Mexico,74,-0.020907387432929244,14.880097023188116
Binghamton,59,Niagara,67,-21.707046613042007,-16.995194255109116
New Haven,43,Penn St,87,-14.029552843602488,5.083955436049424
ETSU,64,Presbyterian,68,1.9085058569619273,-8.171853518367254
East Carolina,72,Richmond,87,-6.938769569086803,3.374354993392689
San Jose St,74,UC Santa Barbara,85,-3.069027491311642,3.2846658019866024
Canisius,70,St Bonaventure,89,-17.060558122515523,2.3358205694267835
Drexel,65,St Joseph's PA,76,-3.932084854527281,0.6346552500089729
F Dickinson,83,St Peter's,93,-14.479566581615781,-6.3187048872930385
Montana,68,Stanford,91,0.4272721445912008,11.495746482735854
Maine,60,Stony Brook,71,-16.277077360329795,-4.2986893622781555
Delaware St,43,Syracuse,83,-20.10207053375217,11.66262825734674
N Kentucky,56,Tennessee,95,-2.4537270857196694,22.52532774922322
Lafayette,60,Texas,97,-12.102088387400759,17.79158970367343
Texas St,71,Tulane,79,-8.993596293102888,-1.5078676189201856
Southern Utah,72,UTRGV,95,-11.107617721609282,-0.22814271103413875
Chattanooga,69,UNLV,101,-11.311391432436908,3.1267531403743414
Weber St,89,Utah,92,-2.4753255840285364,6.364077339194109
UCF,93,Vanderbilt,105,15.06572674394935,24.154102986278797
Queens NC,74,Villanova,94,-4.175091457795946,18.019965533374403
Providence,101,Virginia Tech,107,11.241342833123284,13.649896701268442
Prairie View,62,Wichita St,105,-14.826501312313303,8.433712769495724
Norfolk St,78,William & Mary,81,-13.021484758554106,1.656572728906202
WI Milwaukee,76,Wofford,86,-6.744387041618924,-5.064308768836391
CS Fullerton,82,Wyoming,92,-2.1915793640363734,8.357185218844622
TAM C. Christi,77,Tarleton St,85,-2.5860191794207728,-2.827342432024417
Houston Chr,60,UC San Diego,78,-9.978893333224674,3.4181336664537407
Army,76,St Thomas MN,83,-14.42534764296668,2.882581967815671
Penn,78,American Univ,84,-2.0570696017200927,-6.396969179237704
NC Central,54,Appalachian St,76,-16.23054921366116,-3.019964221943779
Utah Tech,66,Arizona St,81,-3.4850425266828218,10.603952967409308
Washington,69,Baylor,78,15.817584011338012,15.872210600276453
Le Moyne,60,Bowling Green,83,-9.839160736172351,3.589447698727336
W Michigan,82,Campbell,91,-7.971093026343999,-4.608704820965019
NE Omaha,74,Colorado St,97,-6.6809771450146105,8.035917066741126
North Dakota,85,CS Northridge,93,-8.39620613812819,-2.1109082342198446
Montana St,73,Denver,75,1.0473895970912468,-6.718963056154548
Morehead St,81,Georgia,120,-11.585204401367001,20.02973847054447
Howard,70,Grambling,73,-8.060038874832856,-10.144108684165358
New Hampshire,75,Harvard,86,-12.508359622828568,-1.9259472947129983
East Texas A&M,74,Hawaii,100,-10.24868267858815,8.020968123203241
Cornell,65,Illinois St,76,-2.5897361889852073,8.933861719167899
Marquette,77,Indiana,100,6.499579672447203,18.87384006863379
Coppin St,70,James Madison,84,-27.640739737591698,-6.42260170209562
FL Atlantic,68,Liberty,88,6.351804649646517,5.976024139614131
Dartmouth,56,Marist,75,-5.458928015720884,-1.1747337528313329
Lipscomb,77,Mercer,92,-2.2704298007365584,0.5840288415363489
VMI,68,Missouri,106,-19.385486784833247,11.56899502860914
Loyola-Chicago,62,North Texas,64,-7.919700317024193,0.7410214367989679
S Dakota St,58,Northern Iowa,65,-1.4024499716884644,5.785582448008606
Texas A&M,63,Oklahoma St,87,19.179102352686098,13.86708154452552
UC Davis,63,Portland,67,-0.8434486910801374,-0.9276049727698782
Idaho St,57,San Diego St,73,-2.6900359146858124,14.954913190967044
Southern Miss,79,South Carolina,83,-6.948449734643707,8.258663769478087
Manhattan,83,USC,114,-15.274581333554556,13.985005389761836
Brown,84,Vermont,89,-9.277418865214003,-5.418090561445725
Lehigh,47,West Virginia,69,-10.370556306684765,12.114842312208815
CS Fullerton,65,California,93,-2.1915793640363734,13.447545319841446
Citadel,86,Charleston So,96,-15.588927891729995,-6.340856798534731
Columbia,62,Connecticut,89,-1.1455860463245808,25.10729111927154
SE Louisiana,60,Georgia Tech,70,-8.378711089435738,4.81995930743693
N Illinois,59,Grand Canyon,88,-10.69931700103686,11.357472832207115
SIUE,55,Indiana St,64,-8.17415727893679,-2.4581456880249015
Mississippi St,80,Iowa St,96,8.973566181550307,28.277104289911488
UNC Wilmington,77,Kent,86,2.413830183033299,1.3438007614795435
New Orleans,58,LSU,93,-3.575655046476065,14.712317974153333
Stetson,61,Miami FL,102,-14.070523158103668,17.78517891833293
S Carolina St,62,NC A&T,85,-22.2908843957574,-8.135106985044182
Delaware St,57,Niagara,68,-20.10207053375217,-16.995194255109116
Cleveland St,63,Northwestern,110,-10.736414013574178,11.78237952913321
E Michigan,66,Pittsburgh,78,-3.580139516277849,8.195075774872146
Georgia St,61,Presbyterian,63,-9.841027531814934,-8.171853518367254
Maine,60,Rutgers,72,-16.277077360329795,2.795178359596027
Xavier,68,Santa Clara,87,7.778365709841898,16.697031882728538
Fairfield,59,Seton Hall,82,-8.368082465442098,13.61217858159576
Lindenwood,66,St Louis,109,-7.15310794555327,21.74212133595362
Lamar,65,TCU,78,-2.214271862878108,14.466735878512502
West Georgia,62,UCLA,83,-11.903771564516768,17.20134853209326
Holy Cross,69,Utah,87,-13.04688731791795,6.364077339194109
E Kentucky,79,WKU,87,-8.312055999179629,0.4252617180430557
St Thomas MN,71,Washington St,81,2.882581967815671,4.5380550036221035
Ark Little Rock,72,WI Milwaukee,92,-13.722529134725532,-6.744387041618924
MA Lowell,67,New Haven,73,-14.238798983700297,-14.029552843602488
UAB,74,Alabama St,77,4.233612921761928,-13.932727716177093
Northern Arizona,49,Arizona,84,-9.643076515343548,29.622564216561056
Cent Arkansas,56,Arkansas,93,-1.5873241521362738,21.77145836677927
Missouri St,85,Arkansas St,86,-2.3667315699870506,-2.643647731191786
Wofford,62,Auburn,93,-5.064308768836391,19.144250770747117
UTRGV,65,Boise St,85,-0.22814271103413875,13.415037567503262
DePaul,53,Buffalo,66,7.564957311061451,-1.2829899801500664
Chicago St,66,Butler,98,-16.24969652612226,12.436267405379676
Delaware,68,BYU,85,-8.317869143575352,22.96623370113013
Boston College,59,Central Conn,60,3.54890302348592,-10.69680210540559
Dayton,62,Cincinnati,74,7.453720484555427,12.416982907123183
Morehead St,56,Clemson,83,-11.585204401367001,17.882590338253785
Winthrop,66,Coastal Car,72,1.3368316881639872,-7.357081216042199
Drexel,83,Colgate,90,-3.932084854527281,-3.5300665357659207
W Illinois,58,CS Bakersfield,74,-21.1486742641898,-10.961124093729158
Charlotte,55,Davidson,62,1.2042231354891468,6.002686977751972
Army,59,Duke,114,-14.42534764296668,30.47631292494664
Queens NC,81,Duquesne,87,-4.175091457795946,4.686016814942015
Florida St,76,Florida,78,8.465280031603305,26.39081761428366
Wagner,61,Fordham,63,-12.601506934083272,-0.05904195752884017
FGCU,94,Ga Southern,95,-4.349217773076286,-8.452463657169565
Creighton,63,Gonzaga,90,10.984102719717837,26.12679094319873
Jacksonville,64,High Point,85,-10.526145762510124,7.455157949413491
Texas Tech,77,Illinois,81,22.11626746517065,27.558451754312838
Missouri KC,91,Iona,105,-16.661368094073026,-5.622253380566301
TAM C. Christi,46,Kansas,77,-2.5860191794207728,23.957485614866563
Air Force,72,LIU Brooklyn,76,-12.735240615401642,-3.546335998209576
Kentucky,88,Louisville,96,20.62694485238151,24.611732488445927
UTEP,58,Loy Marymount,71,-6.308444347027473,1.5500504379175963
Alcorn St,64,Maryland,84,-20.10652752334088,2.5510536362520244
Wake Forest,84,Michigan,85,12.26856625050307,34.00895201746655
Memphis,77,Mississippi,83,7.369641932350132,10.46160439503338
UNLV,93,Montana,102,3.1267531403743414,0.4272721445912008
St Francis PA,66,Mt St Mary's,74,-18.95162660287704,-11.970313880036324
CS Northridge,68,N Dakota St,90,-2.1109082342198446,2.046795939331589
MD E Shore,50,Nebraska,69,-15.28346349833095,23.21892114201473
UC Riverside,68,New Mexico,82,-8.761132749466462,14.880097023188116
Loyola MD,64,NJIT,66,-13.377750243521636,-14.80646949052454
Radford,74,North Carolina,89,-6.409728237299939,20.177147542199364
Harvard,60,Northeastern,77,-1.9259472947129983,-6.463460575559628
E Illinois,58,Notre Dame,78,-12.380585287610003,10.06327913551909
Appalachian St,53,Ohio St,75,-3.019964221943779,16.95643641170654
Ark Pine Bluff,69,Oklahoma,95,-13.668354319462967,11.432263406894199
Norfolk St,57,Old Dominion,60,-13.021484758554106,-8.261680554358493
Navy,71,Penn St,80,-2.05716253834581,5.083955436049424
Bucknell,63,Princeton,73,-13.096288524993339,-5.435545860544262
Penn,81,Providence,106,-2.0570696017200927,11.241342833123284
Stonehill,57,Rhode Island,80,-13.871167902361144,4.372881568912538
William & Mary,86,Richmond,90,1.656572728906202,3.374354993392689
CS Sacramento,87,UC Santa Barbara,92,-6.393255168038442,3.2846658019866024
Rice,69,SF Austin,81,-4.818057589699624,6.14950134383293
Murray St,91,SMU,102,7.098433930540837,18.858138555743015
Ohio,60,St Mary's CA,90,-2.458559640908652,16.908220628065287
La Salle,63,Temple,90,-4.388475820600071,1.6101601066860876
Wright St,71,Toledo,81,1.3021861730347852,0.3389247220623984
Louisiana,62,Tulane,66,-12.137067018502796,-1.5078676189201856
Florida A&M,60,UCF,97,-14.958411699952181,15.06572674394935
Morgan St,79,UMBC,81,-20.00282080703169,-8.519516689602433
Lipscomb,64,UNC Asheville,69,-2.2704298007365584,-4.515129557592766
Sacred Heart,60,Villanova,94,-10.913977813629936,18.019965533374403
Hampton,53,Virginia,91,-8.456384002540549,20.91879714221833
Ball St,55,Wisconsin,86,-11.502717502859307,16.984647164159234
Austin Peay,65,Wyoming,79,-0.6575938360595827,8.357185218844622
Quinnipiac,60,Yale,97,-3.997091735107692,8.176250244240705
Northwestern LA,83,North Alabama,87,-9.19667857822737,-15.019555502687506
Merrimack,62,Tarleton St,76,-5.674283720960461,-2.827342432024417
Brown,77,Boston Univ,90,-9.277418865214003,-9.831287835150842
Dartmouth,75,Bryant,82,-5.458928015720884,-15.975655117989465
Mercyhurst,55,Canisius,58,-9.513220387331831,-17.060558122515523
Cal Poly,79,Colorado St,93,-6.316796372758351,8.035917066741126
N Kentucky,63,ETSU,75,-2.4537270857196694,1.9085058569619273
American Univ,67,G Washington,107,-6.396969179237704,9.857746736889899
Binghamton,70,Georgetown,83,-21.707046613042007,8.097403188054626
MS Valley St,56,Hawaii,88,-28.348205063722833,8.020968123203241
Oakland,45,Houston,78,1.2988617496209411,25.82056645334507
WI Milwaukee,70,Indiana,101,-6.744387041618924,18.87384006863379
James Madison,72,Longwood,82,-6.42260170209562,-9.004272423423975
Utah Tech,75,Manhattan,79,-3.4850425266828218,-15.274581333554556
Ark Little Rock,49,Marquette,89,-13.722529134725532,6.499579672447203
Elon,89,Marshall,96,-1.7109036279344259,0.16629603079518857
Minnesota,60,Missouri,83,10.308552144640325,11.56899502860914
Evansville,72,MTSU,77,-7.795268693393136,1.2330496506793978
UNC Greensboro,64,NC State,110,-12.065434872466879,21.788929391891067
S Illinois,81,Nevada,86,3.3850180919715123,12.180469852648914
Prairie View,67,Oklahoma St,94,-14.826501312313303,13.86708154452552
S Dakota St,69,Oregon,83,-1.4024499716884644,8.997587225487342
North Texas,64,Oregon St,66,0.7410214367989679,-0.9699153817654318
Long Beach St,66,Pacific,69,-4.652494408015093,4.378468361891341
TX Southern,90,Samford,93,-14.284509430349972,-7.386171296092927
Idaho,74,San Diego,78,-0.860099995525089,-2.184946658816856
Portland St,70,San Francisco,80,2.2902438567068213,6.276755571400898
E Washington,67,Seattle,94,-5.263958334345224,4.296087924139515
Presbyterian,61,South Carolina,81,-8.171853518367254,8.258663769478087
Southern Indiana,74,South Dakota,89,-14.295320327497267,-8.241126626447448
Coppin St,50,South Florida,100,-27.640739737591698,10.967070575235171
Siena,66,St Bonaventure,75,-3.3587700316394775,2.3358205694267835
Montana St,68,Stanford,77,1.0473895970912468,11.495746482735854
North Florida,66,Tennessee,99,-15.534483522416355,22.52532774922322
F Dickinson,58,Texas,93,-14.479566581615781,17.79158970367343
UT San Antonio,69,Texas St,80,-15.648689776756592,-8.993596293102888
Bradley,67,TN Martin,78,3.590955518992814,-3.7745856292540623
Oral Roberts,87,Tulsa,88,-11.75823476123825,12.474016558063923
Weber St,73,Utah St,83,-2.4753255840285364,19.392266810705305
St Peter's,61,VCU,78,-6.3187048872930385,12.760710460803173
Nicholls St,63,Valparaiso,68,-6.207446160282377,0.7826673040916575
E Kentucky,62,Vanderbilt,92,-8.312055999179629,24.154102986278797
St Joseph's PA,59,Virginia Tech,94,0.6346552500089729,13.649896701268442
PFW,71,W Michigan,83,-5.625687252766425,-7.971093026343999
Fresno St,73,UC San Diego,78,4.073803256746674,3.4181336664537407
Charleston So,64,Alabama A&M,68,-6.340856798534731,-12.721138316688517
MA Lowell,72,Columbia,86,-14.238798983700297,-1.1455860463245808
Lafayette,78,Cornell,97,-12.102088387400759,-2.5897361889852073
Southern Miss,70,Grambling,75,-6.948449734643707,-10.144108684165358
ULM,61,Houston Chr,72,-18.229928278847783,-9.978893333224674
Alcorn St,64,Howard,72,-20.10652752334088,-8.060038874832856
California,96,Kansas St,99,13.447545319841446,10.199483531346415
Florida Intl,81,LSU,98,-1.0098371649423266,14.712317974153333
Le Moyne,80,Massachusetts,94,-9.839160736172351,-0.4961988777783989
San Jose St,60,Michigan St,79,-3.069027491311642,24.386031921594633
Alabama,80,Purdue,87,22.89926309681164,26.152648451209974
Monmouth NJ,58,Seton Hall,70,-3.848522919496683,13.61217858159576
C Michigan,64,South Alabama,66,-9.604265919979685,-5.806253567999122
Pittsburgh,49,West Virginia,71,8.195075774872146,12.114842312208815
Loyola-Chicago,74,Wichita St,95,-7.919700317024193,8.433712769495724
WI Green Bay,61,St Thomas MN,80,-5.7700409143629,2.882581967815671
UCLA,65,Arizona,69,17.20134853209326,29.622564216561056
Samford,75,Arkansas,79,-7.386171296092927,21.77145836677927
Tarleton St,81,Baylor,94,-2.827342432024417,15.872210600276453
Coppin St,59,C Michigan,82,-27.640739737591698,-9.604265919979685
S Carolina St,61,Col Charleston,88,-22.2908843957574,-0.4606347634581468
Providence,88,Colorado,97,11.241342833123284,10.951503521035468
MD E Shore,45,Creighton,84,-15.28346349833095,10.984102719717837
Indiana St,62,Duke,100,-2.4581456880249015,30.47631292494664
Drake,59,SIUE,61,0.7544156025781878,-8.17415727893679
Stonehill,71,Fairfield,73,-13.871167902361144,-8.368082465442098
Georgia Tech,87,Georgia,92,4.81995930743693,20.02973847054447
Arizona St,65,Gonzaga,77,10.603952967409308,26.12679094319873
Brown,63,Hampton,72,-9.277418865214003,-8.456384002540549
Manhattan,56,Hawaii,86,-15.274581333554556,8.020968123203241
Bucknell,77,Hofstra,83,-13.096288524993339,2.086644182827586
Colgate,65,Illinois,84,-3.5300665357659207,27.558451754312838
Fordham,71,Iona,76,-0.05904195752884017,-5.622253380566301
Xavier,62,Iowa,81,7.778365709841898,21.236487010988846
E Michigan,83,IUPUI,90,-3.580139516277849,-12.491570369997088
Coastal Car,67,Jacksonville St,74,-7.357081216042199,-4.019877384600862
E Illinois,53,Kentucky,99,-12.380585287610003,20.62694485238151
Troy,63,Loy Marymount,74,0.09710533684838424,1.5500504379175963
Louisiana,62,McNeese St,88,-12.137067018502796,8.413093453200572
TCU,63,Michigan,67,14.466735878512502,34.00895201746655
CS Bakersfield,60,Mississippi,82,-10.961124093729158,10.46160439503338
Cal Poly,82,Montana,90,-6.316796372758351,0.4272721445912008
Tulane,63,New Orleans,85,-1.5078676189201856,-3.575655046476065
NC Central,53,North Carolina,97,-16.23054921366116,20.177147542199364
Furman,54,Northern Iowa,70,-2.2995798984529365,5.785582448008606
DePaul,79,Northwestern,81,7.564957311061451,11.78237952913321
SUNY Albany,61,Rhode Island,80,-13.163496176751917,4.372881568912538
East Texas A&M,64,Rice,71,-10.24868267858815,-4.818057589699624
Lehigh,72,Rutgers,84,-10.370556306684765,2.795178359596027
Abilene Chr,66,SF Austin,76,-7.721991269551377,6.14950134383293
North Texas,49,St Mary's CA,80,0.7410214367989679,16.908220628065287
WI Milwaukee,63,Texas Tech,80,-6.744387041618924,22.11626746517065
Norfolk St,41,Towson,51,-13.021484758554106,-0.5464166889081582
High Point,74,UAB,91,7.455157949413491,4.233612921761928
CS Sacramento,73,UC Davis,77,-6.393255168038442,-0.8434486910801374
Texas A&M,74,UCF,86,19.179102352686098,15.06572674394935
Illinois St,67,USC,87,8.933861719167899,13.985005389761836
Washington St,69,Washington,81,4.5380550036221035,15.817584011338012
W Illinois,59,Cal Baptist,69,-21.1486742641898,2.1953924231003668
MS Valley St,75,Utah Tech,81,-28.348205063722833,-3.4850425266828218
Charleston So,77,Lindenwood,83,-6.340856798534731,-7.15310794555327
Citadel,92,West Georgia,100,-15.588927891729995,-11.903771564516768
Ball St,62,Ark Little Rock,68,-11.502717502859307,-13.722529134725532
UNC Greensboro,63,Austin Peay,69,-12.065434872466879,-0.6575938360595827
Oral Roberts,60,Belmont,83,-11.75823476123825,10.045584450409333
Montana St,58,Boise St,62,1.0473895970912468,13.415037567503262
Temple,71,Boston College,76,1.6101601066860876,3.54890302348592
BYU,84,Connecticut,86,22.96623370113013,25.10729111927154
Bowling Green,87,Davidson,91,3.589447698727336,6.002686977751972
Bethune-Cookman,82,Dayton,91,-7.810451810139458,7.453720484555427
Gardner Webb,84,Elon,95,-24.646235285714415,-1.7109036279344259
North Alabama,74,ETSU,78,-15.019555502687506,1.9085058569619273
Chattanooga,73,FGCU,91,-11.311391432436908,-4.349217773076286
Utah Valley,74,Fresno St,75,6.639639918156236,4.073803256746674
Old Dominion,73,G Washington,96,-8.261680554358493,9.857746736889899
New Hampshire,44,George Mason,61,-12.508359622828568,8.095174888899992
Clemson,74,Georgetown,79,17.882590338253785,8.097403188054626
Army,52,Harvard,75,-14.42534764296668,-1.9259472947129983
Utah Tech,62,Hawaii,68,-3.4850425266828218,8.020968123203241
Chicago St,63,IL Chicago,67,-16.24969652612226,1.7665509943221132
VMI,67,Jacksonville,69,-19.385486784833247,-10.526145762510124
Princeton,57,Kansas,76,-5.435545860544262,23.957485614866563
Cleveland St,95,Kent,102,-10.736414013574178,1.3438007614795435
James Madison,79,LIU Brooklyn,88,-6.42260170209562,-3.546335998209576
Binghamton,82,Longwood,90,-21.707046613042007,-9.004272423423975
Jackson St,51,Louisiana Tech,68,-19.547308217380763,-5.691689472397247
Ohio,81,Louisville,106,-2.458559640908652,24.611732488445927
Stonehill,63,Loyola MD,74,-13.871167902361144,-13.377750243521636
MS Valley St,73,Manhattan,80,-28.348205063722833,-15.274581333554556
Marquette,82,Maryland,89,6.499579672447203,2.5510536362520244
Air Force,61,Miami OH,76,-12.735240615401642,6.878792003107033
WI Green Bay,65,Minnesota,72,-5.7700409143629,10.308552144640325
SE Louisiana,68,Mississippi St,75,-8.378711089435738,8.973566181550307
Nicholls St,79,Murray St,99,-6.207446160282377,7.098433930540837
Pepperdine,81,N Colorado,88,-5.588454031414728,-1.0823524586851767
Southern Utah,85,NE Omaha,90,-11.107617721609282,-6.6809771450146105
Oklahoma,99,Nebraska,105,11.432263406894199,23.21892114201473
New Mexico,68,New Mexico St,76,14.880097023188116,0.004049809068651347
F Dickinson,81,NJIT,93,-14.479566581615781,-14.80646949052454
UC Riverside,74,North Dakota,76,-8.761132749466462,-8.39620613812819
CS Fullerton,73,Pacific,85,-2.1915793640363734,4.378468361891341
La Salle,69,Penn St,83,-4.388475820600071,5.083955436049424
Bradley,64,San Francisco,75,3.590955518992814,6.276755571400898
Nevada,83,Santa Clara,98,12.180469852648914,16.697031882728538
Idaho St,74,Seattle,83,-2.6900359146858124,4.296087924139515
Butler,85,SMU,87,12.436267405379676,18.858138555743015
Coppin St,62,South Alabama,72,-27.640739737591698,-5.806253567999122
Youngstown St,80,St Bonaventure,84,-2.8049667940666527,2.3358205694267835
William & Mary,60,St John's,93,1.656572728906202,22.387807157714732
Grand Canyon,64,St Louis,78,11.357472832207115,21.74212133595362
Drexel,50,Syracuse,80,-3.932084854527281,11.66262825734674
Missouri KC,55,Texas,71,-16.661368094073026,17.79158970367343
TX Southern,67,Texas St,77,-14.284509430349972,-8.993596293102888
Detroit,83,Toledo,90,-7.342812147525938,0.3389247220623984
Weber St,70,UC Irvine,79,-2.4753255840285364,3.4963503402669383
SC Upstate,60,UNC Wilmington,73,-9.147789259024785,2.413830183033299
Missouri St,49,UT Arlington,67,-2.3667315699870506,-0.020907387432929244
Denver,79,UT San Antonio,84,-6.718963056154548,-15.648689776756592
Sam Houston St,79,Utah,85,4.794162125506685,6.364077339194109
UTEP,51,Utah St,75,-6.308444347027473,19.392266810705305
Ark Pine Bluff,75,Vanderbilt,104,-13.668354319462967,24.154102986278797
Northeastern,74,Vermont,85,-6.463460575559628,-5.418090561445725
Duquesne,77,Villanova,87,4.686016814942015,18.019965533374403
Marshall,78,Virginia,104,0.16629603079518857,20.91879714221833
Mercer,69,Winthrop,105,0.5840288415363489,1.3368316881639872
Bellarmine,86,Wofford,94,-9.739354468795353,-5.064308768836391
Radford,59,Wright St,92,-6.409728237299939,1.3021861730347852
Portland,56,Wyoming,93,-0.9276049727698782,8.357185218844622
Stony Brook,79,Yale,86,-4.2986893622781555,8.176250244240705
Boston Univ,79,Merrimack,91,-9.831287835150842,-5.674283720960461
Idaho,67,UC San Diego,75,-0.860099995525089,3.4181336664537407
SE Missouri St,72,St Thomas MN,84,-6.757013248262701,2.882581967815671
Sacred Heart,64,Queens NC,81,-10.913977813629936,-4.175091457795946
Morgan St,72,Mercyhurst,86,-20.00282080703169,-9.513220387331831
Delaware St,52,New Haven,65,-20.10207053375217,-14.029552843602488
Lindenwood,65,Alabama A&M,74,-7.15310794555327,-12.721138316688517
Dartmouth,77,Appalachian St,85,-5.458928015720884,-3.019964221943779
Mt St Mary's,55,Cincinnati,72,-11.970313880036324,12.416982907123183
Radford,82,Cleveland St,87,-6.409728237299939,-10.736414013574178
Loyola-Chicago,67,Colorado St,80,-7.919700317024193,8.035917066741126
Troy,85,CS Northridge,94,0.09710533684838424,-2.1109082342198446
Presbyterian,62,CS Sacramento,64,-8.171853518367254,-6.393255168038442
Loyola MD,82,Fairfield,85,-13.377750243521636,-8.368082465442098
Miami FL,68,Florida,82,17.78517891833293,26.39081761428366
Marist,54,Harvard,56,-1.1747337528313329,-1.9259472947129983
Hampton,61,Holy Cross,67,-8.456384002540549,-13.04688731791795
Auburn,72,Houston,73,19.144250770747117,25.82056645334507
Long Beach St,80,Illinois St,82,-4.652494408015093,8.933861719167899
Incarnate Word,61,Indiana,69,-5.547585347287668,18.87384006863379
Wright St,72,Kent,76,1.3021861730347852,1.3438007614795435
Central Conn,77,Massachusetts,84,-10.69680210540559,-0.4961988777783989
Notre Dame,63,Ohio St,64,10.06327913551909,16.95643641170654
TAM C. Christi,69,Oklahoma St,85,-2.5860191794207728,13.86708154452552
Akron,79,Purdue,97,11.189246661258986,26.152648451209974
Maine,64,Quinnipiac,70,-16.277077360329795,-3.997091735107692
Cent Arkansas,77,Samford,84,-1.5873241521362738,-7.386171296092927
W Michigan,78,South Dakota,83,-7.971093026343999,-8.241126626447448
Kennesaw,89,South Florida,108,0.6339937118072055,10.967070575235171
Wagner,70,UMBC,71,-12.601506934083272,-8.519516689602433
Memphis,78,UNLV,92,7.369641932350132,3.1267531403743414
Bryant,50,Valparaiso,68,-15.975655117989465,0.7826673040916575
Charlotte,76,Virginia Tech,84,1.2042231354891468,13.649896701268442
Stetson,65,W Carolina,76,-14.070523158103668,-9.503110725382177
Tennessee St,82,WKU,95,-7.984243030172132,0.4252617180430557
MA Lowell,75,Wake Forest,109,-14.238798983700297,12.26856625050307
Georgia St,62,Arizona St,75,-9.841027531814934,10.603952967409308
North Alabama,61,Clemson,81,-15.019555502687506,17.882590338253785
Siena,69,Colgate,72,-3.3587700316394775,-3.5300665357659207
Alabama St,66,Colorado,94,-13.932727716177093,10.951503521035468
Col Charleston,62,Drake,71,-0.4606347634581468,0.7544156025781878
Florida A&M,57,Georgia,87,-14.958411699952181,20.02973847054447
Southern Utah,50,Gonzaga,122,-11.107617721609282,26.12679094319873
Canisius,50,High Point,93,-17.060558122515523,7.455157949413491
Stonehill,57,Iowa St,96,-13.871167902361144,28.277104289911488
Tulsa,83,Kansas St,84,12.474016558063923,10.199483531346415
ULM,66,Lamar,79,-18.229928278847783,-2.214271862878108
UC Santa Barbara,74,Loy Marymount,78,3.2846658019866024,1.5500504379175963
Prairie View,73,Missouri,91,-14.826501312313303,11.56899502860914
S Illinois,85,N Dakota St,92,3.3850180919715123,2.046795939331589
VCU,79,NC State,85,12.760710460803173,21.788929391891067
Oregon St,75,Oregon,87,-0.9699153817654318,8.997587225487342
St Joseph's PA,74,Penn,83,0.6346552500089729,-2.0570696017200927
Bucknell,50,Pittsburgh,84,-13.096288524993339,8.195075774872146
CS Bakersfield,80,Portland St,93,-10.961124093729158,2.2902438567068213
Rice,66,Tennessee,91,-4.818057589699624,22.52532774922322
Oakland,83,UCF,87,1.2988617496209411,15.06572674394935
Lafayette,59,West Virginia,81,-12.102088387400759,12.114842312208815
SIUE,69,Wisconsin,94,-8.17415727893679,16.984647164159234
Niagara,68,Le Moyne,74,-16.995194255109116,-9.839160736172351
Tennessee Tech,59,West Georgia,61,-14.281089336240143,-11.903771564516768
Winthrop,83,Arkansas,84,1.3368316881639872,21.77145836677927
Wichita St,59,Boise St,62,8.433712769495724,13.415037567503262
Hampton,52,Boston College,63,-8.456384002540549,3.54890302348592
Holy Cross,49,Brown,68,-13.04688731791795,-9.277418865214003
Vermont,90,Buffalo,94,-5.418090561445725,-1.2829899801500664
Presbyterian,57,California,67,-8.171853518367254,13.447545319841446
IUPUI,91,Charleston So,103,-12.491570369997088,-6.340856798534731
Boston Univ,49,Columbia,54,-9.831287835150842,-1.1455860463245808
Army,73,Cornell,86,-14.42534764296668,-2.5897361889852073
St Peter's,70,Delaware,81,-6.3187048872930385,-8.317869143575352
Gardner Webb,62,DePaul,93,-24.646235285714415,7.564957311061451
NJIT,43,Drexel,75,-14.80646949052454,-3.932084854527281
Kansas,66,Duke,78,23.957485614866563,30.47631292494664
Detroit,62,E Michigan,72,-7.342812147525938,-3.580139516277849
TN Martin,73,Florida St,87,-3.7745856292540623,8.465280031603305
SF Austin,78,Fresno St,80,6.14950134383293,4.073803256746674
Jacksonville,57,George Mason,79,-10.526145762510124,8.095174888899992
Ga Southern,66,Georgia Tech,68,-8.452463657169565,4.81995930743693
Princeton,69,Iona,89,-5.435545860544262,-5.622253380566301
SE Missouri St,70,Iowa,99,-6.757013248262701,21.236487010988846
Towson,75,James Madison,81,-0.5464166889081582,-6.42260170209562
E Kentucky,78,Kent,93,-8.312055999179629,1.3438007614795435
St Francis PA,62,Lehigh,79,-18.95162660287704,-10.370556306684765
Alcorn St,81,LSU,107,-20.10652752334088,14.712317974153333
Longwood,82,MD E Shore,83,-9.004272423423975,-15.28346349833095
Kentucky,66,Michigan St,83,20.62694485238151,24.386031921594633
Chicago St,54,Minnesota,66,-16.24969652612226,10.308552144640325
Austin Peay,65,Mississippi,72,-0.6575938360595827,10.46160439503338
Ark Little Rock,68,Murray St,89,-13.722529134725532,7.098433930540837
Morgan St,73,NC A&T,79,-20.00282080703169,-8.135106985044182
Navy,61,North Carolina,73,-2.05716253834581,20.177147542199364
N Illinois,57,Northern Iowa,70,-10.69931700103686,5.785582448008606
New Orleans,79,Pepperdine,90,-3.575655046476065,-5.588454031414728
New Hampshire,66,Providence,98,-12.508359622828568,11.241342833123284
Yale,77,Rhode Island,86,8.176250244240705,4.372881568912538
American Univ,71,Rutgers,80,-6.396969179237704,2.795178359596027
Grambling,68,San Diego,78,-10.144108684165358,-2.184946658816856
Northwestern LA,64,San Francisco,84,-9.19667857822737,6.276755571400898
Idaho St,55,Santa Clara,64,-2.6900359146858124,16.697031882728538
New Haven,45,Seton Hall,68,-14.029552843602488,13.61217858159576
Ark Pine Bluff,60,SMU,106,-13.668354319462967,18.858138555743015
Radford,58,South Carolina,87,-6.409728237299939,8.258663769478087
Louisiana,66,Stanford,93,-12.137067018502796,11.495746482735854
Monmouth NJ,73,Syracuse,78,-3.848522919496683,11.66262825734674
Rider,65,Texas,99,-17.261706725421675,17.79158970367343
Montana,81,Texas A&M,86,0.4272721445912008,19.179102352686098
Abilene Chr,49,Texas St,63,-7.721991269551377,-8.993596293102888
San Diego St,107,Troy,108,14.954913190967044,0.09710533684838424
Nevada,71,UC Davis,75,12.180469852648914,-0.8434486910801374
CS Sacramento,48,UCLA,79,-6.393255168038442,17.20134853209326
East Carolina,60,UNC Wilmington,85,-6.938769569086803,2.413830183033299
Evansville,76,UT Arlington,84,-7.795268693393136,-0.020907387432929244
PFW,77,Utah,85,-5.625687252766425,6.364077339194109
Southern Univ,93,Washington,99,-11.076179678502223,15.817584011338012
Old Dominion,69,Xavier,99,-8.261680554358493,7.778365709841898
UC Riverside,57,Cal Baptist,80,-8.761132749466462,2.1953924231003668
Alabama St,64,Air Force,66,-13.932727716177093,-12.735240615401642
Illinois,86,Alabama,90,27.558451754312838,22.89926309681164
Connecticut,67,Arizona,71,25.10729111927154,29.622564216561056
Jackson St,66,Auburn,112,-19.547308217380763,19.144250770747117
Lipscomb,68,Belmont,75,-2.2704298007365584,10.045584450409333
Ohio,73,Bethune-Cookman,76,-2.458559640908652,-7.810451810139458
MA Lowell,77,Bradley,87,-14.238798983700297,3.590955518992814
S Carolina St,66,Chattanooga,78,-22.2908843957574,-11.311391432436908
North Dakota,60,Creighton,75,-8.39620613812819,10.984102719717837
Marquette,71,Dayton,77,6.499579672447203,7.453720484555427
Loyola MD,78,Duquesne,92,-13.377750243521636,4.686016814942015
Samford,62,FGCU,77,-7.386171296092927,-4.349217773076286
UMBC,52,G Washington,89,-8.519516689602433,9.857746736889899
Louisiana Tech,51,Indiana St,60,-5.691689472397247,-2.4581456880249015
Mt St Mary's,90,Maryland,95,-11.970313880036324,2.5510536362520244
MTSU,61,Michigan,86,1.2330496506793978,34.00895201746655
Bellarmine,79,Notre Dame,86,-9.739354468795353,10.06327913551909
South Florida,95,Oklahoma St,103,10.967070575235171,13.86708154452552
Harvard,80,Penn St,84,-1.9259472947129983,5.083955436049424
VMI,54,Richmond,87,-19.385486784833247,3.374354993392689
Wyoming,70,Sam Houston St,78,8.357185218844622,4.794162125506685
Jacksonville St,65,South Alabama,71,-4.019877384600862,-5.806253567999122
Arkansas St,72,St Mary's CA,85,-2.643647731191786,16.908220628065287
Howard,60,Stetson,64,-8.060038874832856,-14.070523158103668
Missouri KC,45,TCU,81,-16.661368094073026,14.466735878512502
Hofstra,76,Temple,81,2.086644182827586,1.6101601066860876
SC Upstate,84,Tennessee Tech,88,-9.147789259024785,-14.281089336240143
Youngstown St,75,Toledo,92,-2.8049667940666527,0.3389247220623984
UC Irvine,72,Utah Valley,79,3.4963503402669383,6.639639918156236
Cleveland St,75,Valparaiso,90,-10.736414013574178,0.7826673040916575
La Salle,55,Villanova,70,-4.388475820600071,18.019965533374403
Bryant,61,Virginia Tech,78,-15.975655117989465,13.649896701268442
UNC Asheville,73,W Carolina,80,-4.515129557592766,-9.503110725382177
Southern Utah,74,Washington St,98,-11.107617721609282,4.5380550036221035
Campbell,85,Weber St,91,-4.608704820965019,-2.4753255840285364
Bowling Green,74,William & Mary,82,3.589447698727336,1.656572728906202
North Florida,78,Wofford,86,-15.534483522416355,-5.064308768836391
Maine,65,Merrimack,72,-16.277077360329795,-5.674283720960461
Hawaii,76,Arizona St,83,8.020968123203241,10.603952967409308
Utah,85,Cal Poly,92,6.364077339194109,-6.316796372758351
Colgate,94,Cornell,95,-3.5300665357659207,-2.5897361889852073
Pacific,59,FL Atlantic,82,4.378468361891341,6.351804649646517
LIU Brooklyn,53,Fordham,69,-3.546335998209576,-0.05904195752884017
IL Chicago,80,High Point,90,1.7665509943221132,7.455157949413491
Rider,45,Houston,91,-17.261706725421675,25.82056645334507
Southern Indiana,81,Incarnate Word,87,-14.295320327497267,-5.547585347287668
Lindenwood,53,Indiana,73,-7.15310794555327,18.87384006863379
Chicago St,54,Iowa,93,-16.24969652612226,21.236487010988846
Mississippi St,77,Kansas St,98,8.973566181550307,10.199483531346415
Ark Pine Bluff,70,Marshall,98,-13.668354319462967,0.16629603079518857
Elon,72,Miami FL,99,-1.7109036279344259,17.78517891833293
Mercyhurst,71,Miami OH,76,-9.513220387331831,6.878792003107033
South Dakota,68,Missouri,102,-8.241126626447448,11.56899502860914
C Michigan,66,N Kentucky,90,-9.604265919979685,-2.4537270857196694
New Mexico,72,Nebraska,84,14.880097023188116,23.21892114201473
Cent Arkansas,56,North Texas,74,-1.5873241521362738,0.7410214367989679
W Michigan,58,Ohio St,91,-7.971093026343999,16.95643641170654
Oral Roberts,71,Oklahoma,95,-11.75823476123825,11.432263406894199
Northeastern,57,Princeton,70,-6.463460575559628,-5.435545860544262
Memphis,71,Purdue,80,7.369641932350132,26.152648451209974
Robert Morris,61,St Bonaventure,75,-3.837549906546749,2.3358205694267835
Bucknell,49,St John's,97,-13.096288524993339,22.387807157714732
Brown,70,Stony Brook,80,-9.277418865214003,-4.2986893622781555
Tennessee St,60,Tennessee,89,-7.984243030172132,22.52532774922322
Wake Forest,83,Texas Tech,84,12.26856625050307,22.11626746517065
Pittsburgh,67,UCF,77,8.195075774872146,15.06572674394935
St Joseph's PA,85,UNLV,99,0.6346552500089729,3.1267531403743414
Troy,106,USC,107,0.09710533684838424,13.985005389761836
TX Southern,74,Vanderbilt,109,-14.284509430349972,24.154102986278797
Rice,74,Tarleton St,90,-4.818057589699624,-2.827342432024417
UNC Greensboro,94,Queens NC,101,-12.065434872466879,-4.175091457795946
SIUE,63,Air Force,77,-8.17415727893679,-12.735240615401642
Iona,75,Akron,96,-5.622253380566301,11.189246661258986
IUPUI,80,Alabama St,101,-12.491570369997088,-13.932727716177093
Charlotte,63,Appalachian St,65,1.2042231354891468,-3.019964221943779
Jackson St,61,Arkansas,115,-19.547308217380763,21.77145836677927
South Carolina,72,Butler,79,8.258663769478087,12.436267405379676
Wisconsin,70,BYU,98,16.984647164159234,22.96623370113013
CS Sacramento,67,California,91,-6.393255168038442,13.447545319841446
UT Arlington,67,Campbell,71,-0.020907387432929244,-4.608704820965019
MD E Shore,57,Canisius,60,-15.28346349833095,-17.060558122515523
Rutgers,54,Central Conn,67,2.795178359596027,-10.69680210540559
East Carolina,65,Charleston So,77,-6.938769569086803,-6.340856798534731
West Virginia,67,Clemson,70,12.114842312208815,17.882590338253785
W Illinois,64,Coastal Car,84,-21.1486742641898,-7.357081216042199
Massachusetts,65,Col Charleston,69,-0.4961988777783989,-0.4606347634581468
UC Davis,79,Colorado,95,-0.8434486910801374,10.951503521035468
Lehigh,67,Columbia,82,-10.370556306684765,-1.1455860463245808
Boston College,49,Davidson,59,3.54890302348592,6.002686977751972
Colorado St,81,Denver,83,8.035917066741126,-6.718963056154548
Niagara,42,Duke,100,-16.995194255109116,30.47631292494664
Oakland,91,E Michigan,97,1.2988617496209411,-3.580139516277849
Morehead St,62,ETSU,77,-11.585204401367001,1.9085058569619273
Oregon St,69,Evansville,73,-0.9699153817654318,-7.795268693393136
Merrimack,45,Florida,80,-5.674283720960461,26.39081761428366
Ga Southern,72,Florida St,98,-8.452463657169565,8.465280031603305
New Orleans,76,Fresno St,85,-3.575655046476065,4.073803256746674
Xavier,77,Georgia,78,7.778365709841898,20.02973847054447
Northwestern LA,72,Grand Canyon,85,-9.19667857822737,11.357472832207115
Loyola MD,46,Kentucky,88,-13.377750243521636,20.62694485238151
Cincinnati,64,Louisville,74,12.416982907123183,24.611732488445927
NE Omaha,73,LSU,99,-6.6809771450146105,14.712317974153333
Army,65,Marist,76,-14.42534764296668,-1.1747337528313329
Detroit,56,Michigan St,84,-7.342812147525938,24.386031921594633
Long Beach St,72,Montana St,78,-4.652494408015093,1.0473895970912468
Loyola-Chicago,59,N Illinois,76,-7.919700317024193,-10.69931700103686
Kansas St,85,Nebraska,86,10.199483531346415,23.21892114201473
Mississippi St,78,New Mexico,80,8.973566181550307,14.880097023188116
Samford,72,New Mexico St,81,-7.386171296092927,0.004049809068651347
Hampton,60,Norfolk St,62,-8.456384002540549,-13.021484758554106
Morgan St,56,Old Dominion,88,-20.00282080703169,-8.261680554358493
Drexel,68,Penn,84,-3.932084854527281,-2.0570696017200927
CS Fullerton,85,Portland,103,-2.1915793640363734,-0.9276049727698782
Texas Tech,56,Purdue,86,22.11626746517065,26.152648451209974
Georgia St,58,S Dakota St,105,-9.841027531814934,-1.4024499716884644
Holy Cross,66,Sacred Heart,79,-13.04688731791795,-10.913977813629936
Southern Univ,66,San Jose St,80,-11.076179678502223,-3.069027491311642
Louisiana,43,Santa Clara,80,-12.137067018502796,16.697031882728538
Stanford,69,Seattle,77,11.495746482735854,4.296087924139515
Pepperdine,60,SF Austin,63,-5.588454031414728,6.14950134383293
SUNY Albany,63,Siena,73,-13.163496176751917,-3.3587700316394775
Arkansas St,69,SMU,100,-2.643647731191786,18.858138555743015
PFW,60,St Louis,91,-5.625687252766425,21.74212133595362
Manhattan,68,Texas A&M,109,-15.274581333554556,19.179102352686098
Ark Little Rock,56,Texas St,65,-13.722529134725532,-8.993596293102888
Austin Peay,75,Tulsa,84,-0.6575938360595827,12.474016558063923
South Alabama,72,UAB,80,-5.806253567999122,4.233612921761928
San Diego,71,UC Riverside,85,-2.184946658816856,-8.761132749466462
Presbyterian,46,UCLA,86,-8.171853518367254,17.20134853209326
Radford,73,UNC Wilmington,81,-6.409728237299939,2.413830183033299
Tulane,75,Utah St,96,-1.5078676189201856,19.392266810705305
Northwestern,78,Virginia,83,11.78237952913321,20.91879714221833
Memphis,68,Wake Forest,69,7.369641932350132,12.26856625050307
WI Green Bay,67,Yale,73,-5.7700409143629,8.176250244240705
Grambling,59,Cal Baptist,72,-10.144108684165358,2.1953924231003668
N Colorado,72,St Thomas MN,73,-1.0823524586851767,2.882581967815671
Lafayette,70,Stonehill,74,-12.102088387400759,-13.871167902361144
SC Upstate,64,West Georgia,72,-9.147789259024785,-11.903771564516768
Harvard,74,Boston Univ,75,-1.9259472947129983,-9.831287835150842
North Alabama,57,Chattanooga,71,-15.019555502687506,-11.311391432436908
North Dakota,58,Coastal Car,75,-8.39620613812819,-7.357081216042199
MS Valley St,70,CS Bakersfield,86,-28.348205063722833,-10.961124093729158
St Thomas MN,80,CS Fullerton,88,2.882581967815671,-2.1915793640363734
NC Central,55,Dayton,74,-16.23054921366116,7.453720484555427
Le Moyne,83,Fairfield,97,-9.839160736172351,-8.368082465442098
Wagner,75,Georgetown,92,-12.601506934083272,8.097403188054626
Incarnate Word,80,High Point,91,-5.547585347287668,7.455157949413491
Niagara,70,Howard,80,-16.995194255109116,-8.060038874832856
Southern Indiana,73,IL Chicago,84,-14.295320327497267,1.7665509943221132
LIU Brooklyn,58,Illinois,98,-3.546335998209576,27.558451754312838
Ball St,52,Indiana St,70,-11.502717502859307,-2.4581456880249015
Oregon St,84,Iona,91,-0.9699153817654318,-5.622253380566301
Cleveland St,71,Kent,91,-10.736414013574178,1.3438007614795435
W Carolina,62,Lipscomb,83,-9.503110725382177,-2.2704298007365584
C Michigan,71,Marquette,85,-9.604265919979685,6.499579672447203
Binghamton,52,MD E Shore,63,-21.707046613042007,-15.28346349833095
E Kentucky,83,Mercer,95,-8.312055999179629,0.5840288415363489
UTRGV,67,Missouri St,74,-0.22814271103413875,-2.3667315699870506
ULM,80,Morehead St,83,-18.229928278847783,-11.585204401367001
Portland,80,N Colorado,86,-0.9276049727698782,-1.0823524586851767
NJIT,70,Navy,86,-14.80646949052454,-2.05716253834581
UC Santa Barbara,64,Nevada,77,3.2846658019866024,12.180469852648914
Duquesne,86,Northeastern,93,4.686016814942015,-6.463460575559628
UC Irvine,69,Northern Iowa,70,3.4963503402669383,5.785582448008606
Nicholls St,81,Oklahoma St,95,-6.207446160282377,13.86708154452552
Penn St,65,Providence,77,5.083955436049424,11.241342833123284
Gardner Webb,67,Richmond,102,-24.646235285714415,3.374354993392689
Minnesota,65,San Francisco,77,10.308552144640325,6.276755571400898
North Florida,83,Southern Miss,92,-15.534483522416355,-6.948449734643707
MA Lowell,66,St Peter's,68,-14.238798983700297,-6.3187048872930385
VMI,80,Stetson,99,-19.385486784833247,-14.070523158103668
Prairie View,68,TN Martin,69,-14.826501312313303,-3.7745856292540623
Weber St,73,UT Arlington,74,-2.4753255840285364,-0.020907387432929244
Coppin St,58,VCU,101,-27.640739737591698,12.760710460803173
Massachusetts,75,WI Green Bay,79,-0.4961988777783989,-5.7700409143629
WI Milwaukee,58,Wichita St,75,-6.744387041618924,8.433712769495724
IUPUI,85,Air Force,98,-12.491570369997088,-12.735240615401642
Evansville,59,Akron,97,-7.795268693393136,11.189246661258986
Maine,53,Brown,58,-16.277077360329795,-9.277418865214003
Virginia,73,Butler,80,20.91879714221833,12.436267405379676
Binghamton,66,Canisius,75,-21.707046613042007,-17.060558122515523
E Washington,65,Cent Arkansas,92,-5.263958334345224,-1.5873241521362738
Georgia,94,Clemson,97,20.02973847054447,17.882590338253785
Longwood,70,Columbia,95,-9.004272423423975,-1.1455860463245808
Bryant,49,Connecticut,72,-15.975655117989465,25.10729111927154
Detroit,75,DePaul,95,-7.342812147525938,7.564957311061451
Old Dominion,71,Drexel,75,-8.261680554358493,-3.932084854527281
Howard,56,Duke,93,-8.060038874832856,30.47631292494664
Alabama St,68,SIUE,83,-13.932727716177093,-8.17415727893679
ULM,55,ETSU,97,-18.229928278847783,1.9085058569619273
Queens NC,79,Furman,90,-4.175091457795946,-2.2995798984529365
West Georgia,66,Georgia Tech,82,-11.903771564516768,4.81995930743693
Coastal Car,42,Illinois St,94,-7.357081216042199,8.933861719167899
Montana,63,Lamar,68,0.4272721445912008,-2.214271862878108
Mercyhurst,60,Marshall,69,-9.513220387331831,0.16629603079518857
G Washington,86,McNeese St,92,9.857746736889899,8.413093453200572
Delaware St,41,Miami FL,97,-20.10207053375217,17.78517891833293
Ark Pine Bluff,84,Miami OH,111,-13.668354319462967,6.878792003107033
Robert Morris,70,Monmouth NJ,71,-3.837549906546749,-3.848522919496683
Murray St,87,MTSU,90,7.098433930540837,1.2330496506793978
CS Fullerton,93,N Colorado,97,-2.1915793640363734,-1.0823524586851767
W Illinois,69,North Dakota,78,-21.1486742641898,-8.39620613812819
South Carolina,77,Northwestern,79,8.258663769478087,11.78237952913321
Alcorn St,53,Oklahoma,72,-20.10652752334088,11.432263406894199
North Florida,82,Prairie View,85,-15.534483522416355,-14.826501312313303
Pittsburgh,75,Quinnipiac,83,8.195075774872146,-3.997091735107692
Delaware,59,S Illinois,79,-8.317869143575352,3.3850180919715123
S Carolina St,81,South Dakota,82,-22.2908843957574,-8.241126626447448
TN Martin,60,Southern Miss,70,-3.7745856292540623,-6.948449734643707
Boston College,90,Tulane,93,3.54890302348592,-1.5078676189201856
Youngstown St,62,UNC Greensboro,68,-2.8049667940666527,-12.065434872466879
Davidson,60,Utah St,94,6.002686977751972,19.392266810705305
Mt St Mary's,60,W Michigan,83,-11.970313880036324,-7.971093026343999
Jackson St,62,Winthrop,80,-19.547308217380763,1.3368316881639872
Norfolk St,67,Wyoming,75,-13.021484758554106,8.357185218844622
West Virginia,68,Xavier,78,12.114842312208815,7.778365709841898
Col Charleston,63,Yale,74,-0.4606347634581468,8.176250244240705
Portland,66,St Thomas MN,76,-0.9276049727698782,2.882581967815671
UT San Antonio,50,Abilene Chr,61,-15.648689776756592,-7.721991269551377
Denver,73,Arizona,103,-6.718963056154548,29.622564216561056
Texas,86,Arizona St,87,17.79158970367343,10.603952967409308
Jacksonville St,63,Arkansas St,74,-4.019877384600862,-2.643647731191786
Oregon,73,Auburn,84,8.997587225487342,19.144250770747117
Creighton,74,Baylor,81,10.984102719717837,15.872210600276453
St Francis PA,57,Belmont,94,-18.95162660287704,10.045584450409333
Bucknell,66,Bowling Green,71,-13.096288524993339,3.589447698727336
Princeton,64,Bradley,88,-5.435545860544262,3.590955518992814
VMI,70,Buffalo,78,-19.385486784833247,-1.2829899801500664
Sacred Heart,106,Central Conn,108,-10.913977813629936,-10.69680210540559
NJIT,67,Cincinnati,94,-14.80646949052454,12.416982907123183
Evansville,59,Col Charleston,78,-7.795268693393136,-0.4606347634581468
Appalachian St,53,Elon,88,-3.019964221943779,-1.7109036279344259
Loy Marymount,65,FL Atlantic,76,1.5500504379175963,6.351804649646517
Oral Roberts,88,FGCU,93,-11.75823476123825,-4.349217773076286
MTSU,79,G Washington,92,1.2330496506793978,9.857746736889899
Ohio,69,George Mason,92,-2.458559640908652,8.095174888899992
Alabama,85,Gonzaga,95,22.89926309681164,26.12679094319873
Syracuse,74,Houston,78,11.66262825734674,25.82056645334507
UTRGV,73,Illinois,87,-0.22814271103413875,27.558451754312838
St John's,82,Iowa St,83,22.387807157714732,28.277104289911488
Bethune-Cookman,64,Jacksonville,69,-7.810451810139458,-10.526145762510124
Florida Intl,72,James Madison,80,-1.0098371649423266,-6.42260170209562
Notre Dame,61,Kansas,71,10.06327913551909,23.957485614866563
Rice,84,Kennesaw,89,-4.818057589699624,0.6339937118072055
Vermont,73,Liberty,79,-5.418090561445725,5.976024139614131
Missouri St,61,LIU Brooklyn,75,-2.3667315699870506,-3.546335998209576
E Michigan,46,Louisville,87,-3.580139516277849,24.611732488445927
UNLV,67,Maryland,74,3.1267531403743414,2.5510536362520244
Oregon St,65,Massachusetts,73,-0.9699153817654318,-0.4961988777783989
Murray St,60,McNeese St,73,7.098433930540837,8.413093453200572
San Diego St,54,Michigan,94,14.954913190967044,34.00895201746655
New Orleans,78,Mississippi St,81,-3.575655046476065,8.973566181550307
E Kentucky,71,N Kentucky,82,-8.312055999179629,-2.4537270857196694
Cal Poly,87,Northern Arizona,93,-6.316796372758351,-9.643076515343548
Lamar,68,Oakland,83,-2.214271862878108,1.2988617496209411
Stony Brook,58,Pacific,86,-4.2986893622781555,4.378468361891341
NC State,74,Seton Hall,85,21.788929391891067,13.61217858159576
Holy Cross,69,Siena,73,-13.04688731791795,-3.3587700316394775
Radford,72,SMU,89,-6.409728237299939,18.858138555743015
Rutgers,60,Tennessee,85,2.795178359596027,22.52532774922322
Troy,68,Toledo,75,0.09710533684838424,0.3389247220623984
Rhode Island,55,Towson,62,4.372881568912538,-0.5464166889081582
S Illinois,73,UAB,81,3.3850180919715123,4.233612921761928
Louisiana,56,UC Davis,77,-12.137067018502796,-0.8434486910801374
Grambling,74,UC Riverside,83,-10.144108684165358,-8.761132749466462
Boise St,67,USC,70,13.415037567503262,13.985005389761836
Iona,75,WI Green Bay,80,-5.622253380566301,-5.7700409143629
UTEP,63,William & Mary,74,-6.308444347027473,1.656572728906202
Akron,94,Yale,97,11.189246661258986,8.176250244240705
Ga Southern,61,Youngstown St,67,-8.452463657169565,-2.8049667940666527
Citadel,58,Bellarmine,70,-15.588927891729995,-9.739354468795353
Temple,76,UC San Diego,91,1.6101601066860876,3.4181336664537407
Missouri KC,67,Lindenwood,80,-16.661368094073026,-7.15310794555327
F Dickinson,65,East Texas A&M,70,-14.479566581615781,-10.24868267858815
UNLV,76,Alabama,115,3.1267531403743414,22.89926309681164
Washington St,94,Arizona St,100,4.5380550036221035,10.603952967409308
N Illinois,59,Austin Peay,77,-10.69931700103686,-0.6575938360595827
UCLA,72,California,80,17.20134853209326,13.447545319841446
E Illinois,60,Cent Arkansas,81,-12.380585287610003,-1.5873241521362738
Rider,65,Coppin St,68,-17.261706725421675,-27.640739737591698
UNC Greensboro,60,Delaware,73,-12.065434872466879,-8.317869143575352
Morgan St,66,Drexel,71,-20.00282080703169,-3.932084854527281
Rice,63,FGCU,78,-4.818057589699624,-4.349217773076286
CS Bakersfield,59,Florida St,89,-10.961124093729158,8.465280031603305
FL Atlantic,65,George Mason,74,6.351804649646517,8.095174888899992
Maryland,61,Gonzaga,100,2.5510536362520244,26.12679094319873
Utah,58,Grand Canyon,68,6.364077339194109,11.357472832207115
MD E Shore,68,Hampton,74,-15.28346349833095,-8.456384002540549
Kansas St,69,Indiana,86,10.199483531346415,18.87384006863379
Mississippi,69,Iowa,74,10.46160439503338,21.236487010988846
Creighton,60,Iowa St,78,10.984102719717837,28.277104289911488
Chicago St,77,PFW,90,-16.24969652612226,-5.625687252766425
NE Omaha,77,James Madison,88,-6.6809771450146105,-6.42260170209562
Syracuse,60,Kansas,71,11.66262825734674,23.957485614866563
Ohio,58,Loy Marymount,70,-2.458559640908652,1.5500504379175963
Lehigh,55,Marist,78,-10.370556306684765,-1.1747337528313329
MTSU,62,McNeese St,72,1.2330496506793978,8.413093453200572
Auburn,72,Michigan,102,19.144250770747117,34.00895201746655
East Carolina,56,Michigan St,89,-6.938769569086803,24.386031921594633
S Carolina St,66,Missouri,98,-22.2908843957574,11.56899502860914
G Washington,95,Murray St,96,9.857746736889899,7.098433930540837
Boise St,70,NC State,81,13.415037567503262,21.788929391891067
Winthrop,73,Nebraska,80,1.3368316881639872,23.21892114201473
UC Irvine,45,New Mexico St,57,3.4963503402669383,0.004049809068651347
St Bonaventure,70,North Carolina,85,2.3358205694267835,20.177147542199364
E Washington,71,North Texas,79,-5.263958334345224,0.7410214367989679
Loyola-Chicago,51,Northern Iowa,72,-7.919700317024193,5.785582448008606
Rutgers,63,Notre Dame,68,2.795178359596027,10.06327913551909
Montana,87,Oakland,95,0.4272721445912008,1.2988617496209411
Mt St Mary's,60,Ohio St,113,-11.970313880036324,16.95643641170654
Kennesaw,83,Oral Roberts,91,0.6339937118072055,-11.75823476123825
Jacksonville,53,Pacific,68,-10.526145762510124,4.378468361891341
Boston Univ,87,Penn St,96,-9.831287835150842,5.083955436049424
Utah Tech,63,Portland St,68,-3.4850425266828218,2.2902438567068213
Vermont,65,Rhode Island,80,-5.418090561445725,4.372881568912538
Georgia St,63,Samford,78,-9.841027531814934,-7.386171296092927
Oregon,80,San Diego St,97,8.997587225487342,14.954913190967044
NC Central,67,SC Upstate,82,-16.23054921366116,-9.147789259024785
Cal Poly,68,SE Missouri St,84,-6.316796372758351,-6.757013248262701
Baylor,81,St John's,96,15.872210600276453,22.387807157714732
Bethune-Cookman,54,Stony Brook,61,-7.810451810139458,-4.2986893622781555
Princeton,75,Temple,79,-5.435545860544262,1.6101601066860876
Houston,73,Tennessee,76,25.82056645334507,22.52532774922322
UNC Asheville,73,Tennessee St,75,-4.515129557592766,-7.984243030172132
MS Valley St,84,Texas A&M,120,-28.348205063722833,19.179102352686098
Liberty,69,Towson,72,5.976024139614131,-0.5464166889081582
San Jose St,51,Tulsa,81,-3.069027491311642,12.474016558063923
UTEP,59,UAB,75,-6.308444347027473,4.233612921761928
Quinnipiac,91,UCF,102,-3.997091735107692,15.06572674394935
Seton Hall,81,USC,83,13.61217858159576,13.985005389761836
Ga Southern,64,UT San Antonio,77,-8.452463657169565,-15.648689776756592
S Dakota St,52,Utah Valley,75,-1.4024499716884644,6.639639918156236
Old Dominion,75,Villanova,89,-8.261680554358493,18.019965533374403
Campbell,51,Wake Forest,99,-4.608704820965019,12.26856625050307
Abilene Chr,58,William & Mary,92,-7.721991269551377,1.656572728906202
Stetson,62,Wright St,79,-14.070523158103668,1.3021861730347852
San Diego,61,Cal Baptist,76,-2.184946658816856,2.1953924231003668
Houston Chr,69,Bellarmine,74,-9.978893333224674,-9.739354468795353
Bradley,77,UC San Diego,87,3.590955518992814,3.4181336664537407
Army,67,East Texas A&M,84,-14.42534764296668,-10.24868267858815
Maryland,72,Alabama,105,2.5510536362520244,22.89926309681164
F Dickinson,73,Army,81,-14.479566581615781,-14.42534764296668
St John's,74,Auburn,85,22.387807157714732,19.144250770747117
San Diego St,81,Baylor,91,14.954913190967044,15.872210600276453
Toledo,72,Belmont,87,0.3389247220623984,10.045584450409333
Harvard,60,Boston College,73,-1.9259472947129983,3.54890302348592
VMI,48,Bowling Green,81,-19.385486784833247,3.589447698727336
Liberty,64,Bradley,74,5.976024139614131,3.590955518992814
New Hampshire,47,Brown,59,-12.508359622828568,-9.277418865214003
Bucknell,71,Buffalo,73,-13.096288524993339,-1.2829899801500664
Fairfield,77,Columbia,106,-8.368082465442098,-1.1455860463245808
Cincinnati,56,E Michigan,64,12.416982907123183,-3.580139516277849
NE Omaha,61,Florida Intl,74,-6.6809771450146105,-1.0098371649423266
Pepperdine,53,Fresno St,76,-5.588454031414728,4.073803256746674
Notre Dame,56,Houston,66,10.06327913551909,25.82056645334507
Citadel,65,Houston Chr,72,-15.588927891729995,-9.978893333224674
CS Northridge,64,Idaho,78,-2.1109082342198446,-0.860099995525089
Grand Canyon,46,Iowa,59,11.357472832207115,21.236487010988846
Syracuse,64,Iowa St,95,11.66262825734674,28.277104289911488
Tennessee,76,Kansas,81,22.52532774922322,23.957485614866563
FGCU,100,Kennesaw,102,-4.349217773076286,0.6339937118072055
Tennessee Tech,54,Kentucky,104,-14.281089336240143,20.62694485238151
Marshall,67,Lipscomb,90,0.16629603079518857,-2.2704298007365584
Indiana St,73,Louisiana Tech,75,-2.4581456880249015,-5.691689472397247
NJIT,47,Louisville,104,-14.80646949052454,24.611732488445927
Stonehill,64,MA Lowell,75,-13.871167902361144,-14.238798983700297
S Illinois,58,Memphis,74,3.3850180919715123,7.369641932350132
Appalachian St,67,Mercer,75,-3.019964221943779,0.5840288415363489
UNC Greensboro,71,Miami OH,82,-12.065434872466879,6.878792003107033
Gonzaga,61,Michigan,101,26.12679094319873,34.00895201746655
Air Force,53,N Colorado,71,-12.735240615401642,-1.0823524586851767
Jacksonville St,43,N Dakota St,56,-4.019877384600862,2.046795939331589
Wofford,83,N Kentucky,93,-5.064308768836391,-2.4537270857196694
Gardner Webb,51,Navy,84,-24.646235285714415,-2.05716253834581
Alabama St,87,New Mexico,93,-13.932727716177093,14.880097023188116
Georgia St,58,New Mexico St,77,-9.841027531814934,0.004049809068651347
SE Missouri St,72,Northern Arizona,79,-6.757013248262701,-9.643076515343548
Long Beach St,73,Portland,93,-4.652494408015093,-0.9276049727698782
Temple,75,Rhode Island,90,1.6101601066860876,4.372881568912538
Oral Roberts,62,Rice,81,-11.75823476123825,-4.818057589699624
IL Chicago,74,Robert Morris,88,1.7665509943221132,-3.837549906546749
Idaho St,81,Sam Houston St,84,-2.6900359146858124,4.794162125506685
Loyola-Chicago,51,San Jose St,63,-7.919700317024193,-3.069027491311642
Washington St,61,Seton Hall,75,4.5380550036221035,13.61217858159576
Wichita St,65,St Mary's CA,70,8.433712769495724,16.908220628065287
NC State,97,Texas,102,21.788929391891067,17.79158970367343
New Orleans,50,Texas Tech,82,-3.575655046476065,22.11626746517065
St Francis PA,64,Troy,74,-18.95162660287704,0.09710533684838424
Northern Iowa,60,Tulsa,63,5.785582448008606,12.474016558063923
S Dakota St,52,UC Irvine,64,-1.4024499716884644,3.4963503402669383
SE Louisiana,57,UNC Wilmington,70,-8.378711089435738,2.413830183033299
Arizona St,75,USC,88,10.603952967409308,13.985005389761836
Mississippi,74,Utah,75,10.46160439503338,6.364077339194109
Samford,45,Utah Valley,89,-7.386171296092927,6.639639918156236
South Florida,66,VCU,78,10.967070575235171,12.760710460803173
WKU,78,Vanderbilt,83,0.4252617180430557,24.154102986278797
Princeton,74,Vermont,79,-5.435545860544262,-5.418090561445725
Colorado St,64,Virginia Tech,66,8.035917066741126,13.649896701268442
Manhattan,101,Wagner,103,-15.274581333554556,-12.601506934083272
Denver,59,Wyoming,101,-6.718963056154548,8.357185218844622
Towson,73,UC San Diego,87,-0.5464166889081582,3.4181336664537407
Valparaiso,56,Southern Indiana,64,0.7826673040916575,-14.295320327497267
Miami FL,62,BYU,72,17.78517891833293,22.96623370113013
San Francisco,69,Colorado,79,6.276755571400898,10.951503521035468
Wichita St,70,Colorado St,76,8.433712769495724,8.035917066741126
Oregon,66,Creighton,76,8.997587225487342,10.984102719717837
Georgetown,79,Dayton,84,8.097403188054626,7.453720484555427
Arkansas,71,Duke,80,21.77145836677927,30.47631292494664
Richmond,72,Furman,73,3.374354993392689,-2.2995798984529365
Charlotte,69,Illinois St,79,1.2042231354891468,8.933861719167899
North Carolina,58,Michigan St,74,20.177147542199364,24.386031921594633
Northwestern,81,Oklahoma St,86,11.78237952913321,13.86708154452552
UNLV,65,Rutgers,80,3.1267531403743414,2.795178359596027
WKU,91,South Florida,97,0.4252617180430557,10.967070575235171
East Carolina,58,St Bonaventure,67,-6.938769569086803,2.3358205694267835
Santa Clara,70,St Louis,71,16.697031882728538,21.74212133595362
Virginia Tech,66,St Mary's CA,77,13.649896701268442,16.908220628065287
Minnesota,68,Stanford,72,10.308552144640325,11.495746482735854
Florida,80,TCU,84,26.39081761428366,14.466735878512502
VCU,74,Vanderbilt,89,12.760710460803173,24.154102986278797
Nevada,66,Washington,83,12.180469852648914,15.817584011338012
Providence,83,Wisconsin,104,11.241342833123284,16.984647164159234
Indiana St,74,Alcorn St,81,-2.4581456880249015,-20.10652752334088
Maine,61,American Univ,74,-16.277077360329795,-6.396969179237704
N Dakota St,80,Arkansas St,85,2.046795939331589,-2.643647731191786
Wright St,69,Butler,94,1.3021861730347852,12.436267405379676
Dayton,79,BYU,83,7.453720484555427,22.96623370113013
Alabama A&M,56,Clemson,92,-12.721138316688517,17.882590338253785
SUNY Albany,67,Colgate,69,-13.163496176751917,-3.5300665357659207
Washington,68,Colorado,81,15.817584011338012,10.951503521035468
South Florida,68,Colorado St,83,10.967070575235171,8.035917066741126
Illinois,61,Connecticut,74,27.558451754312838,25.10729111927154
NC A&T,74,Davidson,90,-8.135106985044182,6.002686977751972
Georgia Tech,61,DePaul,75,4.81995930743693,7.564957311061451
NJIT,55,E Michigan,73,-14.80646949052454,-3.580139516277849
Providence,78,Florida,90,11.241342833123284,26.39081761428366
North Dakota,55,Hawaii,92,-8.39620613812819,8.020968123203241
La Salle,58,Hofstra,63,-4.388475820600071,2.086644182827586
CS Northridge,50,Idaho St,82,-2.1109082342198446,-2.6900359146858124
Furman,65,Illinois St,72,-2.2995798984529365,8.933861719167899
Louisiana,45,Jackson St,51,-12.137067018502796,-19.547308217380763
Drake,62,LSU,71,0.7544156025781878,14.712317974153333
Georgetown,65,Miami FL,78,8.097403188054626,17.78517891833293
Cleveland St,59,Missouri,86,-10.736414013574178,11.56899502860914
Ball St,73,Monmouth NJ,80,-11.502717502859307,-3.848522919496683
San Francisco,65,Nevada,81,6.276755571400898,12.180469852648914
Marquette,74,Oklahoma,75,6.499579672447203,11.432263406894199
Merrimack,65,Penn,77,-5.674283720960461,-2.0570696017200927
Ohio St,66,Pittsburgh,67,16.95643641170654,8.195075774872146
E Illinois,62,Purdue,109,-12.380585287610003,26.152648451209974
Charlotte,66,Richmond,71,1.2042231354891468,3.374354993392689
Southern Utah,54,Robert Morris,61,-11.107617721609282,-3.837549906546749
Idaho,68,Sam Houston St,94,-0.860099995525089,4.794162125506685
Lehigh,70,UC Santa Barbara,72,-10.370556306684765,3.2846658019866024
Minnesota,75,Santa Clara,86,10.308552144640325,16.697031882728538
Gardner Webb,68,SE Louisiana,76,-24.646235285714415,-8.378711089435738
Texas St,52,Seattle,66,-8.993596293102888,4.296087924139515
Longwood,63,Siena,70,-9.004272423423975,-3.3587700316394775
Mississippi St,81,SMU,87,8.973566181550307,18.858138555743015
Charleston So,62,South Carolina,74,-6.340856798534731,8.258663769478087
St Louis,77,Stanford,78,21.74212133595362,11.495746482735854
Loy Marymount,68,Stony Brook,71,1.5500504379175963,-4.2986893622781555
Wisconsin,63,TCU,74,16.984647164159234,14.466735878512502
Florida St,59,Texas A&M,95,8.465280031603305,19.179102352686098
Nicholls St,72,Tulane,82,-6.207446160282377,-1.5078676189201856
Navy,57,UNC Wilmington,87,-2.05716253834581,2.413830183033299
Virginia Tech,68,VCU,86,13.649896701268442,12.760710460803173
St Mary's CA,71,Vanderbilt,96,16.908220628065287,24.154102986278797
Queens NC,69,Virginia,94,-4.175091457795946,20.91879714221833
Wichita St,70,WKU,75,8.433712769495724,0.4252617180430557
Northeastern,73,Wake Forest,86,-6.463460575559628,12.26856625050307
TAM C. Christi,67,Xavier,88,-2.5860191794207728,7.778365709841898
Chicago St,64,Youngstown St,87,-16.24969652612226,-2.8049667940666527
Lafayette,63,Le Moyne,76,-12.102088387400759,-9.839160736172351
WI Milwaukee,81,Akron,105,-6.744387041618924,11.189246661258986
Norfolk St,61,Arizona,98,-13.021484758554106,29.622564216561056
Manhattan,78,Army,81,-15.274581333554556,-14.42534764296668
Canisius,53,Buffalo,71,-17.060558122515523,-1.2829899801500664
Pepperdine,69,CS Fullerton,83,-5.588454031414728,-2.1915793640363734
St Peter's,61,Dartmouth,87,-6.3187048872930385,-5.458928015720884
Niagara,66,Detroit,70,-16.995194255109116,-7.342812147525938
Georgia Tech,74,Drake,84,4.81995930743693,0.7544156025781878
Cent Arkansas,57,ETSU,80,-1.5873241521362738,1.9085058569619273
SUNY Albany,68,Fordham,88,-13.163496176751917,-0.05904195752884017
Houston Chr,62,Ga Southern,80,-9.978893333224674,-8.452463657169565
James Madison,66,George Mason,82,-6.42260170209562,8.095174888899992
Tennessee Tech,81,Georgia,123,-14.281089336240143,20.02973847054447
Bryant,53,Harvard,56,-15.975655117989465,-1.9259472947129983
W Carolina,73,High Point,93,-9.503110725382177,7.455157949413491
Merrimack,58,Hofstra,78,-5.674283720960461,2.086644182827586
Bethune-Cookman,56,Indiana,100,-7.810451810139458,18.87384006863379
Morehead St,80,IUPUI,85,-11.585204401367001,-12.491570369997088
Ball St,37,Lafayette,55,-11.502717502859307,-12.102088387400759
Texas St,74,Lehigh,78,-8.993596293102888,-10.370556306684765
SE Missouri St,77,Lipscomb,88,-6.757013248262701,-2.2704298007365584
Maine,61,Longwood,65,-16.277077360329795,-9.004272423423975
Alcorn St,58,Louisiana Tech,83,-20.10652752334088,-5.691689472397247
DePaul,63,LSU,96,7.564957311061451,14.712317974153333
Elon,84,Mercer,91,-1.7109036279344259,0.5840288415363489
Howard,75,Mt St Mary's,79,-8.060038874832856,-11.970313880036324
Boston Univ,65,N Kentucky,74,-9.831287835150842,-2.4537270857196694
SC Upstate,63,Nebraska,72,-9.147789259024785,23.21892114201473
CS Sacramento,54,Pacific,68,-6.393255168038442,4.378468361891341
La Salle,71,Penn,73,-4.388475820600071,-2.0570696017200927
Sacred Heart,59,Penn St,90,-10.913977813629936,5.083955436049424
Ark Little Rock,65,S Illinois,74,-13.722529134725532,3.3850180919715123
Seattle,71,UC Santa Barbara,74,4.296087924139515,3.2846658019866024
Navy,65,SE Louisiana,69,-2.05716253834581,-8.378711089435738
American Univ,55,Siena,59,-6.396969179237704,-3.3587700316394775
Air Force,63,South Dakota,80,-12.735240615401642,-8.241126626447448
Northwestern LA,73,Southern Univ,75,-9.19667857822737,-11.076179678502223
Stetson,68,Southern Utah,70,-14.070523158103668,-11.107617721609282
VMI,57,UCF,82,-19.385486784833247,15.06572674394935
Delaware St,57,UMBC,71,-20.10207053375217,-8.519516689602433
Gardner Webb,62,UNC Wilmington,88,-24.646235285714415,2.413830183033299
SF Austin,61,UT Arlington,66,6.14950134383293,-0.020907387432929244
Montana St,81,Utah St,84,1.0473895970912468,19.392266810705305
W Michigan,55,Valparaiso,84,-7.971093026343999,0.7826673040916575
Missouri KC,61,Weber St,82,-16.661368094073026,-2.4753255840285364
S Carolina St,79,Winthrop,101,-22.2908843957574,1.3368316881639872
E Kentucky,77,Wofford,83,-8.312055999179629,-5.064308768836391
Oregon St,69,Cal Baptist,75,-0.9699153817654318,2.1953924231003668
UC Riverside,69,Utah Tech,77,-8.761132749466462,-3.4850425266828218
Monmouth NJ,79,Le Moyne,83,-3.848522919496683,-9.839160736172351
Longwood,66,American Univ,92,-9.004272423423975,-6.396969179237704
Le Moyne,85,Ball St,96,-9.839160736172351,-11.502717502859307
Col Charleston,73,Belmont,96,-0.4606347634581468,10.045584450409333
Alabama A&M,60,Coastal Car,67,-12.721138316688517,-7.357081216042199
Fordham,62,Colgate,72,-0.05904195752884017,-3.5300665357659207
Bucknell,72,Cornell,101,-13.096288524993339,-2.5897361889852073
Fresno St,71,CS Bakersfield,76,4.073803256746674,-10.961124093729158
New Hampshire,68,Fairfield,72,-12.508359622828568,-8.368082465442098
Penn,60,Hofstra,77,-2.0570696017200927,2.086644182827586
San Diego,72,Long Beach St,76,-2.184946658816856,-4.652494408015093
Coppin St,84,Loyola MD,95,-27.640739737591698,-13.377750243521636
Lafayette,74,Monmouth NJ,88,-12.102088387400759,-3.848522919496683
Prairie View,69,North Texas,72,-14.826501312313303,0.7410214367989679
Citadel,41,Presbyterian,69,-15.588927891729995,-8.171853518367254
Stonehill,62,Quinnipiac,76,-13.871167902361144,-3.997091735107692
Stetson,62,Robert Morris,80,-14.070523158103668,-3.837549906546749
Maine,60,Siena,64,-16.277077360329795,-3.3587700316394775
UT San Antonio,58,South Alabama,82,-15.648689776756592,-5.806253567999122
FL Atlantic,65,St Bonaventure,70,6.351804649646517,2.3358205694267835
Princeton,58,St Joseph's PA,60,-5.435545860544262,0.6346552500089729
Chattanooga,64,Tennessee St,70,-11.311391432436908,-7.984243030172132
Wyoming,72,Texas Tech,76,8.357185218844622,22.11626746517065
San Jose St,63,UC Irvine,72,-3.069027491311642,3.4963503402669383
Appalachian St,55,UNC Asheville,67,-3.019964221943779,-4.515129557592766
Mercyhurst,38,West Virginia,70,-9.513220387331831,12.114842312208815
Old Dominion,75,William & Mary,88,-8.261680554358493,1.656572728906202
Vermont,74,Yale,77,-5.418090561445725,8.176250244240705
La Salle,60,Merrimack,66,-4.388475820600071,-5.674283720960461
Kansas St,66,Bowling Green,82,10.199483531346415,3.589447698727336
Tarleton St,58,Cincinnati,76,-2.827342432024417,12.416982907123183
Cal Baptist,70,Colorado,78,2.1953924231003668,10.951503521035468
McNeese St,67,Incarnate Word,71,8.413093453200572,-5.547585347287668
Delaware,66,Iona,89,-8.317869143575352,-5.622253380566301
UAB,61,MTSU,76,4.233612921761928,1.2330496506793978
Portland,72,Stanford,94,-0.9276049727698782,11.495746482735854
Temple,56,Villanova,74,1.6101601066860876,18.019965533374403
St Francis PA,74,Xavier,96,-18.95162660287704,7.778365709841898
Jacksonville St,66,North Alabama,73,-4.019877384600862,-15.019555502687506
Troy,89,West Georgia,93,0.09710533684838424,-11.903771564516768
Pepperdine,63,Abilene Chr,71,-5.588454031414728,-7.721991269551377
UT Arlington,63,Arkansas St,83,-0.020907387432929244,-2.643647731191786
CS Sacramento,88,Baylor,110,-6.393255168038442,15.872210600276453
Lehigh,71,Binghamton,80,-10.370556306684765,-21.707046613042007
Washington St,60,Bradley,64,4.5380550036221035,3.590955518992814
Stonehill,65,Bryant,77,-13.871167902361144,-15.975655117989465
E Michigan,68,Butler,84,-3.580139516277849,12.436267405379676
Utah,72,California,79,6.364077339194109,13.447545319841446
NC A&T,57,Charlotte,74,-8.135106985044182,1.2042231354891468
Kansas,56,Connecticut,61,23.957485614866563,25.10729111927154
Nicholls St,76,Creighton,96,-6.207446160282377,10.984102719717837
ETSU,71,Dayton,88,1.9085058569619273,7.453720484555427
W Illinois,57,Drake,108,-21.1486742641898,0.7544156025781878
Florida,66,Duke,67,26.39081761428366,30.47631292494664
MD E Shore,56,East Carolina,68,-15.28346349833095,-6.938769569086803
North Florida,63,SIUE,72,-15.534483522416355,-8.17415727893679
Army,70,G Washington,84,-14.42534764296668,9.857746736889899
Cornell,81,George Mason,99,-2.5897361889852073,8.095174888899992
Florida St,73,Georgia,107,8.465280031603305,20.02973847054447
Stetson,45,Grand Canyon,67,-14.070523158103668,11.357472832207115
Florida A&M,82,Jacksonville,85,-14.958411699952181,-10.526145762510124
Jackson St,73,Kennesaw,88,-19.547308217380763,0.6339937118072055
C Michigan,72,Loyola-Chicago,83,-9.604265919979685,-7.919700317024193
Valparaiso,72,Marquette,75,0.7826673040916575,6.499579672447203
Wagner,63,Maryland,89,-12.601506934083272,2.5510536362520244
Georgia St,67,Mercer,78,-9.841027531814934,0.5840288415363489
Mississippi,66,Miami FL,75,10.46160439503338,17.78517891833293
Iowa,52,Michigan St,71,21.236487010988846,24.386031921594633
Morehead St,52,Murray St,84,-11.585204401367001,7.098433930540837
UC San Diego,70,Nevada,76,3.4181336664537407,12.180469852648914
Kentucky,64,North Carolina,67,20.62694485238151,20.177147542199364
Houston Chr,75,North Texas,77,-9.978893333224674,0.7410214367989679
Missouri,71,Notre Dame,76,11.56899502860914,10.06327913551909
Wake Forest,68,Oklahoma,86,12.26856625050307,11.432263406894199
Sam Houston St,83,Oklahoma St,93,4.794162125506685,13.86708154452552
Campbell,76,Penn St,87,-4.608704820965019,5.083955436049424
F Dickinson,64,Providence,94,-14.479566581615781,11.241342833123284
Rutgers,65,Purdue,81,2.795178359596027,26.152648451209974
Brown,56,Rhode Island,66,-9.277418865214003,4.372881568912538
New Mexico St,75,South Alabama,77,0.004049809068651347,-5.806253567999122
Loy Marymount,70,St Louis,91,1.5500504379175963,21.74212133595362
Tennessee,60,Syracuse,62,22.52532774922322,11.66262825734674
Pittsburgh,73,Texas A&M,81,8.195075774872146,19.179102352686098
Charleston So,56,TN Martin,73,-6.340856798534731,-3.7745856292540623
Grambling,63,Tulane,65,-10.144108684165358,-1.5078676189201856
UNC Greensboro,77,UNC Asheville,82,-12.065434872466879,-4.515129557592766
Oregon,77,USC,82,8.997587225487342,13.985005389761836
South Carolina,83,Virginia Tech,86,8.258663769478087,13.649896701268442
Duquesne,79,William & Mary,83,4.686016814942015,1.656572728906202
LIU Brooklyn,92,Winthrop,94,-3.546335998209576,1.3368316881639872
N Illinois,64,Lindenwood,99,-10.69931700103686,-7.15310794555327
Bucknell,77,Akron,97,-13.096288524993339,11.189246661258986
Clemson,84,Alabama,90,17.882590338253785,22.89926309681164
Tennessee St,53,Alabama A&M,80,-7.984243030172132,-12.721138316688517
Drexel,73,American Univ,75,-3.932084854527281,-6.396969179237704
IL Chicago,62,Ark Pine Bluff,63,1.7665509943221132,-13.668354319462967
Louisville,80,Arkansas,89,24.611732488445927,21.77145836677927
NC State,73,Auburn,83,21.788929391891067,19.144250770747117
Cal Baptist,60,BYU,91,2.1953924231003668,22.96623370113013
Ark Little Rock,47,Cent Arkansas,85,-13.722529134725532,-1.5873241521362738
Hofstra,70,Columbia,72,2.086644182827586,-1.1455860463245808
New Hampshire,68,Dartmouth,69,-12.508359622828568,-5.458928015720884
E Washington,89,Denver,93,-5.263958334345224,-6.718963056154548
IUPUI,78,Detroit,92,-12.491570369997088,-7.342812147525938
Ball St,52,Evansville,64,-11.502717502859307,-7.795268693393136
FGCU,83,Florida Intl,89,-4.349217773076286,-1.0098371649423266
Elon,88,Furman,97,-1.7109036279344259,-2.2995798984529365
Louisiana Tech,69,Ga Southern,77,-5.691689472397247,-8.452463657169565
UMBC,81,Georgetown,90,-8.519516689602433,8.097403188054626
Loyola MD,71,Hampton,93,-13.377750243521636,-8.456384002540549
Northeastern,59,Holy Cross,76,-6.463460575559628,-13.04688731791795
North Dakota,58,Idaho,90,-8.39620613812819,-0.860099995525089
Missouri KC,59,Idaho St,68,-16.661368094073026,-2.6900359146858124
E Kentucky,78,Illinois St,89,-8.312055999179629,8.933861719167899
Alcorn St,68,Iowa St,132,-20.10652752334088,28.277104289911488
NC Central,62,James Madison,67,-16.23054921366116,-6.42260170209562
Austin Peay,84,Kent,96,-0.6575938360595827,1.3438007614795435
Louisiana,55,Lamar,65,-12.137067018502796,-2.214271862878108
Tennessee Tech,80,Lipscomb,83,-14.281089336240143,-2.2704298007365584
Boston College,69,LSU,78,3.54890302348592,14.712317974153333
Harvard,71,Massachusetts,78,-1.9259472947129983,-0.4961988777783989
New Orleans,70,Memphis,86,-3.575655046476065,7.369641932350132
Indiana,64,Minnesota,73,18.87384006863379,10.308552144640325
Georgia Tech,73,Mississippi St,85,4.81995930743693,8.973566181550307
Princeton,58,Monmouth NJ,63,-5.435545860544262,-3.848522919496683
St Thomas MN,74,Montana St,82,2.882581967815671,1.0473895970912468
NE Omaha,70,N Colorado,75,-6.6809771450146105,-1.0823524586851767
Montana,72,N Dakota St,81,0.4272721445912008,2.046795939331589
Cleveland St,80,N Kentucky,95,-10.736414013574178,-2.4537270857196694
Delaware St,59,Navy,66,-20.10207053375217,-2.05716253834581
PFW,92,Oakland,101,-5.625687252766425,1.2988617496209411
Maine,57,Ohio,79,-16.277077360329795,-2.458559640908652
Vermont,58,Oregon St,80,-5.418090561445725,-0.9699153817654318
Air Force,65,Pacific,80,-12.735240615401642,4.378468361891341
South Dakota,71,Portland St,77,-8.241126626447448,2.2902438567068213
Texas St,72,Rice,77,-8.993596293102888,-4.818057589699624
Belmont,76,Richmond,84,10.045584450409333,3.374354993392689
Northern Arizona,62,S Dakota St,75,-9.643076515343548,-1.4024499716884644
High Point,84,S Illinois,86,7.455157949413491,3.3850180919715123
Mt St Mary's,80,Sacred Heart,87,-11.970313880036324,-10.913977813629936
Utah Valley,66,San Diego St,77,6.639639918156236,14.954913190967044
Utah Tech,80,Santa Clara,90,-3.4850425266828218,16.697031882728538
Coastal Car,78,SC Upstate,85,-7.357081216042199,-9.147789259024785
Central Conn,61,Seton Hall,77,-10.69680210540559,13.61217858159576
UTRGV,60,SF Austin,73,-0.22814271103413875,6.14950134383293
Radford,75,Southern Miss,82,-6.409728237299939,-6.948449734643707
Cornell,80,Towson,93,-2.5897361889852073,-0.5464166889081582
Washington,80,UCLA,82,15.817584011338012,17.20134853209326
MS Valley St,52,ULM,66,-28.348205063722833,-18.229928278847783
Marshall,69,UNC Wilmington,70,0.16629603079518857,2.413830183033299
SMU,69,Vanderbilt,88,18.858138555743015,24.154102986278797
Texas,69,Virginia,88,17.79158970367343,20.91879714221833
Southern Indiana,74,W Michigan,88,-14.295320327497267,-7.971093026343999
Oral Roberts,66,Weber St,92,-11.75823476123825,-2.4753255840285364
Coppin St,49,West Virginia,91,-27.640739737591698,12.114842312208815
Northwestern,73,Wisconsin,85,11.78237952913321,16.984647164159234
Presbyterian,56,Wofford,63,-8.171853518367254,-5.064308768836391
Wright St,68,Youngstown St,69,1.3021861730347852,-2.8049667940666527
San Francisco,63,North Alabama,65,6.276755571400898,-15.019555502687506
Gardner Webb,74,Queens NC,107,-24.646235285714415,-4.175091457795946
CS Fullerton,91,Cal Poly,94,-2.1915793640363734,-6.316796372758351
CS Bakersfield,66,CS Northridge,87,-10.961124093729158,-2.1109082342198446
Citadel,63,Davidson,79,-15.588927891729995,6.002686977751972
UC Davis,69,Hawaii,75,-0.8434486910801374,8.020968123203241
WI Green Bay,78,Robert Morris,80,-5.7700409143629,-3.837549906546749
Long Beach St,77,UC Santa Barbara,84,-4.652494408015093,3.2846658019866024
Utah St,61,South Florida,74,19.392266810705305,10.967070575235171
UC Riverside,60,UC Irvine,73,-8.761132749466462,3.4963503402669383
Rider,66,Merrimack,68,-17.261706725421675,-5.674283720960461
S Carolina St,59,Bethune-Cookman,80,-22.2908843957574,-7.810451810139458
Bryant,56,Brown,75,-15.975655117989465,-9.277418865214003
East Texas A&M,59,Connecticut,83,-10.24868267858815,25.10729111927154
South Alabama,65,ETSU,91,-5.806253567999122,1.9085058569619273
Kentucky,59,Gonzaga,94,20.62694485238151,26.12679094319873
NJIT,72,High Point,89,-14.80646949052454,7.455157949413491
Mercyhurst,71,Lafayette,79,-9.513220387331831,-12.102088387400759
Fairfield,66,Manhattan,70,-8.368082465442098,-15.274581333554556
Mt St Mary's,56,Marist,64,-11.970313880036324,-1.1747337528313329
Northwestern LA,54,McNeese St,92,-9.19667857822737,8.413093453200572
TCU,85,Notre Dame,87,14.466735878512502,10.06327913551909
Iona,68,Quinnipiac,89,-5.622253380566301,-3.997091735107692
San Diego,69,San Jose St,86,-2.184946658816856,-3.069027491311642
Niagara,54,Siena,83,-16.995194255109116,-3.3587700316394775
Canisius,57,St Peter's,69,-17.060558122515523,-6.3187048872930385
Drake,69,UAB,74,0.7544156025781878,4.233612921761928
Samford,57,VCU,83,-7.386171296092927,12.760710460803173
Cincinnati,74,Xavier,79,12.416982907123183,7.778365709841898
New Mexico St,69,Abilene Chr,77,0.004049809068651347,-7.721991269551377
Tulane,71,Akron,88,-1.5078676189201856,11.189246661258986
MD E Shore,60,American Univ,78,-15.28346349833095,-6.396969179237704
Auburn,68,Arizona,97,19.144250770747117,29.622564216561056
Oklahoma,70,Arizona St,86,11.432263406894199,10.603952967409308
Fresno St,58,Arkansas,82,4.073803256746674,21.77145836677927
Ark Little Rock,78,Arkansas St,90,-13.722529134725532,-2.643647731191786
Butler,68,Boise St,77,12.436267405379676,13.415037567503262
New Haven,63,Boston College,67,-14.029552843602488,3.54890302348592
N Illinois,55,Bradley,84,-10.69931700103686,3.590955518992814
Pacific,61,California,67,4.378468361891341,13.447545319841446
Winthrop,84,Coastal Car,88,1.3368316881639872,-7.357081216042199
Colorado,86,Colorado St,91,10.951503521035468,8.035917066741126
SUNY Albany,65,Columbia,93,-13.163496176751917,-1.1455860463245808
Delaware,72,Delaware St,75,-8.317869143575352,-20.10207053375217
Ark Pine Bluff,72,DePaul,76,-13.668354319462967,7.564957311061451
Cleveland St,59,Detroit,71,-10.736414013574178,-7.342812147525938
Michigan St,60,Duke,66,24.386031921594633,30.47631292494664
Stony Brook,75,Duquesne,84,-4.2986893622781555,4.686016814942015
Missouri KC,66,E Washington,90,-16.661368094073026,-5.263958334345224
Wofford,52,Elon,73,-5.064308768836391,-1.7109036279344259
Jacksonville,65,Florida Intl,88,-10.526145762510124,-1.0098371649423266
Harvard,69,Furman,79,-1.9259472947129983,-2.2995798984529365
William & Mary,86,G Washington,99,1.656572728906202,9.857746736889899
Gardner Webb,84,Ga Southern,88,-24.646235285714415,-8.452463657169565
Monmouth NJ,67,Georgia Tech,79,-3.848522919496683,4.81995930743693
CS Fullerton,59,Hawaii,69,-2.1915793640363734,8.020968123203241
Fordham,69,Holy Cross,70,-0.05904195752884017,-13.04688731791795
Florida St,67,Houston,82,8.465280031603305,25.82056645334507
New Orleans,76,Houston Chr,85,-3.575655046476065,-9.978893333224674
S Dakota St,81,Idaho,84,-1.4024499716884644,-0.860099995525089
Denver,79,Idaho St,93,-6.718963056154548,-2.6900359146858124
Tennessee,62,Illinois,75,22.52532774922322,27.558451754312838
Chicago St,53,Illinois St,95,-16.24969652612226,8.933861719167899
Maryland,64,Iowa,83,2.5510536362520244,21.236487010988846
Purdue,58,Iowa St,81,26.152648451209974,28.277104289911488
N Kentucky,77,PFW,79,-2.4537270857196694,-5.625687252766425
Norfolk St,67,James Madison,68,-13.021484758554106,-6.42260170209562
Georgia St,69,Kennesaw,92,-9.841027531814934,0.6339937118072055
Drexel,64,La Salle,69,-3.932084854527281,-4.388475820600071
Coppin St,50,Liberty,92,-27.640739737591698,5.976024139614131
Lehigh,82,LIU Brooklyn,87,-10.370556306684765,-3.546335998209576
Morgan St,80,Longwood,84,-20.00282080703169,-9.004272423423975
Indiana,78,Louisville,87,18.87384006863379,24.611732488445927
Princeton,68,Loyola-Chicago,73,-5.435545860544262,-7.919700317024193
MA Lowell,60,Massachusetts,80,-14.238798983700297,-0.4961988777783989
Baylor,71,Memphis,78,15.872210600276453,7.369641932350132
Southern Miss,64,Miami FL,88,-6.948449734643707,17.78517891833293
Maine,61,Miami OH,93,-16.277077360329795,6.878792003107033
Rutgers,60,Michigan,101,2.795178359596027,34.00895201746655
North Dakota,75,Montana,79,-8.39620613812819,0.4272721445912008
Bellarmine,68,Murray St,81,-9.739354468795353,7.098433930540837
South Dakota,87,N Colorado,89,-8.241126626447448,-1.0823524586851767
Northern Arizona,68,N Dakota St,69,-9.643076515343548,2.046795939331589
NC Central,54,NC A&T,69,-16.23054921366116,-8.135106985044182
UNC Asheville,63,NC State,75,-4.515129557592766,21.788929391891067
Portland St,55,NE Omaha,60,2.2902438567068213,-6.6809771450146105
Boston Univ,82,New Hampshire,88,-9.831287835150842,-12.508359622828568
Santa Clara,71,New Mexico,98,16.697031882728538,14.880097023188116
Incarnate Word,67,Nicholls St,74,-5.547585347287668,-6.207446160282377
Toledo,97,Oakland,98,0.3389247220623984,1.2988617496209411
Marshall,81,Ohio,88,0.16629603079518857,-2.458559640908652
Northwestern,82,Ohio St,86,11.78237952913321,16.95643641170654
Grand Canyon,78,Oklahoma St,84,11.357472832207115,13.86708154452552
Montana St,68,Oral Roberts,72,1.0473895970912468,-11.75823476123825
Southern Utah,70,Oregon St,81,-11.107617721609282,-0.9699153817654318
Morehead St,72,Presbyterian,80,-11.585204401367001,-8.171853518367254
Rhode Island,71,Providence,90,4.372881568912538,11.241342833123284
Old Dominion,77,Richmond,86,-8.261680554358493,3.374354993392689
TX Southern,70,Sam Houston St,82,-14.284509430349972,4.794162125506685
CS Bakersfield,84,UC Santa Barbara,109,-10.961124093729158,3.2846658019866024
W Carolina,67,SC Upstate,78,-9.503110725382177,-9.147789259024785
Chattanooga,70,SE Missouri St,74,-11.311391432436908,-6.757013248262701
Kansas St,67,Seton Hall,78,10.199483531346415,13.61217858159576
Stetson,51,South Carolina,82,-14.070523158103668,8.258663769478087
Buffalo,69,St Bonaventure,77,-1.2829899801500664,2.3358205694267835
Mississippi,58,St John's,63,10.46160439503338,22.387807157714732
Temple,69,St Joseph's PA,70,1.6101601066860876,0.6346552500089729
Lamar,49,TAM C. Christi,57,-2.214271862878108,-2.5860191794207728
West Georgia,59,Tennessee Tech,87,-11.903771564516768,-14.281089336240143
Missouri St,74,Tulsa,98,-2.3667315699870506,12.474016558063923
CS Northridge,71,UC Irvine,85,-2.1109082342198446,3.4963503402669383
Cal Poly,84,UC Riverside,88,-6.316796372758351,-8.761132749466462
Oregon,63,UCLA,74,8.997587225487342,17.20134853209326
Bucknell,66,UMBC,73,-13.096288524993339,-8.519516689602433
East Carolina,78,UNC Greensboro,82,-6.938769569086803,-12.065434872466879
Louisiana,63,UNC Wilmington,70,-12.137067018502796,2.413830183033299
Cal Baptist,85,Utah,91,2.1953924231003668,6.364077339194109
Bowling Green,71,Utah Valley,82,3.589447698727336,6.639639918156236
Pepperdine,56,Vermont,65,-5.588454031414728,-5.418090561445725
Penn,63,Villanova,90,-2.0570696017200927,18.019965533374403
Dayton,73,Virginia,86,7.453720484555427,20.91879714221833
George Mason,62,Virginia Tech,73,8.095174888899992,13.649896701268442
Evansville,79,WKU,80,-7.795268693393136,0.4252617180430557
SIUE,73,W Michigan,83,-8.17415727893679,-7.971093026343999
West Virginia,66,Wake Forest,75,12.114842312208815,12.26856625050307
USC,76,Washington,84,13.985005389761836,15.817584011338012
Robert Morris,72,WI Milwaukee,74,-3.837549906546749,-6.744387041618924
Northern Iowa,69,Wichita St,74,5.785582448008606,8.433712769495724
Marquette,76,Wisconsin,96,6.499579672447203,16.984647164159234
Dartmouth,80,Wyoming,93,-5.458928015720884,8.357185218844622
IUPUI,55,Youngstown St,78,-12.491570369997088,-2.8049667940666527
Long Beach St,74,UC San Diego,80,-4.652494408015093,3.4181336664537407
E Illinois,74,Lindenwood,82,-12.380585287610003,-7.15310794555327
Binghamton,63,Le Moyne,78,-21.707046613042007,-9.839160736172351
UT San Antonio,55,Alabama,97,-15.648689776756592,22.89926309681164
MTSU,62,Belmont,83,1.2330496506793978,10.045584450409333
FGCU,76,FL Atlantic,81,-4.349217773076286,6.351804649646517
North Florida,58,Gonzaga,109,-15.534483522416355,26.12679094319873
Pittsburgh,73,Hofstra,80,8.195075774872146,2.086644182827586
Southern Indiana,55,Indiana St,77,-14.295320327497267,-2.4581456880249015
Sacred Heart,69,Iona,81,-10.913977813629936,-5.622253380566301
Missouri,60,Kansas,80,11.56899502860914,23.957485614866563
Alabama A&M,58,Lipscomb,92,-12.721138316688517,-2.2704298007365584
Manhattan,68,Marist,80,-15.274581333554556,-1.1747337528313329
Air Force,56,Navy,61,-12.735240615401642,-2.05716253834581
Creighton,50,Nebraska,71,10.984102719717837,23.21892114201473
Washington St,64,Nevada,78,4.5380550036221035,12.180469852648914
Georgetown,61,North Carolina,81,8.097403188054626,20.177147542199364
Central Conn,56,Northeastern,73,-10.69680210540559,-6.463460575559628
SE Louisiana,68,Northwestern LA,76,-8.378711089435738,-9.19667857822737
Rider,58,Quinnipiac,72,-17.261706725421675,-3.997091735107692
St Francis PA,56,Radford,89,-18.95162660287704,-6.409728237299939
Cornell,90,Samford,93,-2.5897361889852073,-7.386171296092927
Mississippi St,62,San Francisco,65,8.973566181550307,6.276755571400898
UTEP,68,Seattle,75,-6.308444347027473,4.296087924139515
ULM,76,SF Austin,96,-18.229928278847783,6.14950134383293
Canisius,52,Siena,74,-17.060558122515523,-3.3587700316394775
Texas A&M,80,SMU,93,19.179102352686098,18.858138555743015
C Michigan,65,St Louis,107,-9.604265919979685,21.74212133595362
Davidson,61,St Mary's CA,70,6.002686977751972,16.908220628065287
Niagara,43,St Peter's,71,-16.995194255109116,-6.3187048872930385
North Texas,55,TCU,65,0.7410214367989679,14.466735878512502
LSU,58,Texas Tech,82,14.712317974153333,22.11626746517065
Alabama St,64,TN Martin,74,-13.932727716177093,-3.7745856292540623
Austin Peay,50,UTRGV,63,-0.6575938360595827,-0.22814271103413875
Towson,61,UCF,86,-0.5464166889081582,15.06572674394935
Stanford,74,UNLV,75,11.495746482735854,3.1267531403743414
Charlotte,53,Utah St,79,1.2042231354891468,19.392266810705305
WI Green Bay,58,Wright St,86,-5.7700409143629,1.3021861730347852
IL Chicago,66,Yale,80,1.7665509943221132,8.176250244240705
Fairfield,63,Merrimack,74,-8.368082465442098,-5.674283720960461
Weber St,65,St Thomas MN,88,-2.4753255840285364,2.882581967815671
Cent Arkansas,68,East Texas A&M,75,-1.5873241521362738,-10.24868267858815
S Carolina St,44,Charleston So,84,-22.2908843957574,-6.340856798534731
MS Valley St,49,Kansas St,108,-28.348205063722833,10.199483531346415
Incarnate Word,83,New Orleans,84,-5.547585347287668,-3.575655046476065
Lafayette,72,Penn,74,-12.102088387400759,-2.0570696017200927
Grambling,60,Southern Miss,68,-10.144108684165358,-6.948449734643707
Southern Univ,69,Texas,95,-11.076179678502223,17.79158970367343
Northern Arizona,48,Arizona St,73,-9.643076515343548,10.603952967409308
Rider,38,Bucknell,51,-17.261706725421675,-13.096288524993339
UMBC,79,Buffalo,83,-8.519516689602433,-1.2829899801500664
Clemson,64,BYU,67,17.882590338253785,22.96623370113013
Dartmouth,55,Colorado St,76,-5.458928015720884,8.035917066741126
Florida,73,Connecticut,77,26.39081761428366,25.10729111927154
Morgan St,49,DePaul,92,-20.00282080703169,7.564957311061451
NC A&T,69,Howard,73,-8.135106985044182,-8.060038874832856
Ohio St,80,Illinois,88,16.95643641170654,27.558451754312838
Penn St,72,Indiana,113,5.083955436049424,18.87384006863379
NC Central,67,Kentucky,103,-16.23054921366116,20.62694485238151
Rhode Island,64,McNeese St,66,4.372881568912538,8.413093453200572
Villanova,61,Michigan,89,18.019965533374403,34.00895201746655
Brown,79,Providence,86,-9.277418865214003,11.241342833123284
Ball St,64,S Dakota St,68,-11.502717502859307,-1.4024499716884644
Long Beach St,83,San Jose St,89,-4.652494408015093,-3.069027491311642
Coppin St,65,St Joseph's PA,87,-27.640739737591698,0.6346552500089729
Columbia,73,Stony Brook,77,-1.1455860463245808,-4.2986893622781555
San Diego,81,USC,94,-2.184946658816856,13.985005389761836
MD E Shore,60,Virginia,84,-15.28346349833095,20.91879714221833
Loyola MD,70,VMI,86,-13.377750243521636,-19.385486784833247
Ark Little Rock,58,West Virginia,90,-13.722529134725532,12.114842312208815
South Dakota,79,Wyoming,106,-8.241126626447448,8.357185218844622
Norfolk St,67,Baylor,97,-13.021484758554106,15.872210600276453
Duquesne,64,Boise St,86,4.686016814942015,13.415037567503262
Fresno St,87,CS Northridge,89,4.073803256746674,-2.1109082342198446
G Washington,58,Delaware,70,9.857746736889899,-8.317869143575352
E Illinois,59,E Kentucky,68,-12.380585287610003,-8.312055999179629
F Dickinson,54,Fordham,75,-14.479566581615781,-0.05904195752884017
Jackson St,38,Houston,80,-19.547308217380763,25.82056645334507
Bryant,63,Iona,69,-15.975655117989465,-5.622253380566301
E Michigan,65,PFW,80,-3.580139516277849,-5.625687252766425
Boston Univ,59,Maine,69,-9.831287835150842,-16.277077360329795
WKU,61,Marshall,77,0.4252617180430557,0.16629603079518857
Boston College,74,Massachusetts,76,3.54890302348592,-0.4961988777783989
UNC Asheville,87,Miami OH,90,-4.515129557592766,6.878792003107033
Liberty,45,NC State,85,5.976024139614131,21.788929391891067
Wisconsin,60,Nebraska,90,16.984647164159234,23.21892114201473
VCU,78,New Mexico,81,12.760710460803173,14.880097023188116
New Haven,64,NJIT,70,-14.029552843602488,-14.80646949052454
Idaho,65,Notre Dame,80,-0.860099995525089,10.06327913551909
Minnesota,57,Purdue,85,10.308552144640325,26.152648451209974
TN Martin,54,S Illinois,83,-3.7745856292540623,3.3850180919715123
Lamar,71,San Diego St,89,-2.214271862878108,14.954913190967044
Col Charleston,75,South Florida,81,-0.4606347634581468,10.967070575235171
Colgate,77,St Bonaventure,85,-3.5300665357659207,2.3358205694267835
Southern Univ,83,Texas St,86,-11.076179678502223,-8.993596293102888
Ark Pine Bluff,84,Tulsa,117,-13.668354319462967,12.474016558063923
Idaho St,69,Utah Valley,73,-2.6900359146858124,6.639639918156236
Missouri KC,60,Weber St,64,-16.661368094073026,-2.4753255840285364
SUNY Albany,82,Yale,93,-13.163496176751917,8.176250244240705
Princeton,56,Merrimack,59,-5.435545860544262,-5.674283720960461
East Carolina,54,Appalachian St,67,-6.938769569086803,-3.019964221943779
Iowa,62,Iowa St,66,21.236487010988846,28.277104289911488
Alabama St,77,Missouri,85,-13.932727716177093,11.56899502860914
CS Bakersfield,69,N Dakota St,80,-10.961124093729158,2.046795939331589
St Joseph's PA,63,Syracuse,71,0.6346552500089729,11.66262825734674
UTRGV,50,UT Arlington,58,-0.22814271103413875,-0.020907387432929244
W Carolina,74,Virginia Tech,96,-9.503110725382177,13.649896701268442
IUPUI,75,WI Green Bay,85,-12.491570369997088,-5.7700409143629
UMBC,60,Army,63,-8.519516689602433,-14.42534764296668
ETSU,75,Austin Peay,76,1.9085058569619273,-0.6575938360595827
Texas,63,Connecticut,71,17.79158970367343,25.10729111927154
East Texas A&M,66,McNeese St,102,-10.24868267858815,8.413093453200572
MD E Shore,79,NC A&T,82,-15.28346349833095,-8.135106985044182
Missouri St,57,Xavier,75,-2.3667315699870506,7.778365709841898
E Washington,83,Cal Baptist,88,-5.263958334345224,2.1953924231003668
S Carolina St,78,Queens NC,102,-22.2908843957574,-4.175091457795946
Alabama,75,Arizona,96,22.89926309681164,29.622564216561056
Santa Clara,79,Arizona St,82,16.697031882728538,10.603952967409308
Texas Tech,86,Arkansas,93,22.11626746517065,21.77145836677927
Chattanooga,78,Auburn,92,-11.311391432436908,19.144250770747117
IL Chicago,84,Belmont,87,1.7665509943221132,10.045584450409333
Providence,110,Butler,113,11.241342833123284,12.436267405379676
UC Riverside,53,BYU,100,-8.761132749466462,22.96623370113013
Northwestern LA,70,California,79,-9.19667857822737,13.447545319841446
Maine,43,Canisius,70,-16.277077360329795,-17.060558122515523
Binghamton,67,Central Conn,84,-21.707046613042007,-10.69680210540559
Mercer,63,Clemson,70,0.5840288415363489,17.882590338253785
UT San Antonio,64,Colorado,88,-15.648689776756592,10.951503521035468
Denver,86,CS Fullerton,105,-6.718963056154548,-2.1915793640363734
Delaware,66,CS Northridge,88,-8.317869143575352,-2.1109082342198446
Boston Univ,64,Dartmouth,77,-9.831287835150842,-5.458928015720884
Mercyhurst,47,Davidson,80,-9.513220387331831,6.002686977751972
North Florida,61,Dayton,84,-15.534483522416355,7.453720484555427
Longwood,76,Delaware St,81,-9.004272423423975,-20.10207053375217
Wichita St,58,DePaul,61,8.433712769495724,7.564957311061451
N Illinois,79,Elon,85,-10.69931700103686,-1.7109036279344259
SUNY Albany,79,FL Atlantic,105,-13.163496176751917,6.351804649646517
G Washington,70,Florida,80,9.857746736889899,26.39081761428366
Manhattan,53,Fordham,82,-15.274581333554556,-0.05904195752884017
West Georgia,85,Ga Southern,91,-11.903771564516768,-8.452463657169565
Old Dominion,61,George Mason,73,-8.261680554358493,8.095174888899992
St Peter's,68,Georgetown,76,-6.3187048872930385,8.097403188054626
Cincinnati,65,Georgia,84,12.416982907123183,20.02973847054447
Jacksonville St,73,Georgia St,77,-4.019877384600862,-9.841027531814934
UCLA,72,Gonzaga,82,17.20134853209326,26.12679094319873
Coastal Car,61,Grand Canyon,82,-7.357081216042199,11.357472832207115
UTEP,61,Hawaii,66,-6.308444347027473,8.020968123203241
Syracuse,69,Hofstra,70,11.66262825734674,2.086644182827586
New Orleans,57,Houston,99,-3.575655046476065,25.82056645334507
Hampton,57,Howard,61,-8.456384002540549,-8.060038874832856
NC State,76,Kansas,77,21.788929391891067,23.957485614866563
Creighton,76,Kansas St,83,10.984102719717837,10.199483531346415
Indiana,60,Kentucky,72,18.87384006863379,20.62694485238151
La Salle,60,LIU Brooklyn,70,-4.388475820600071,-3.546335998209576
Louisiana,44,Louisiana Tech,65,-12.137067018502796,-5.691689472397247
Memphis,73,Louisville,99,7.369641932350132,24.611732488445927
SMU,77,LSU,89,18.858138555743015,14.712317974153333
Bryant,74,Marist,82,-15.975655117989465,-1.1747337528313329
Wright St,74,Marshall,76,1.3021861730347852,0.16629603079518857
Florida St,95,Massachusetts,103,8.465280031603305,-0.4961988777783989
ULM,79,Miami FL,104,-18.229928278847783,17.78517891833293
E Kentucky,69,Miami OH,79,-8.312055999179629,6.878792003107033
Maryland,83,Michigan,101,2.5510536362520244,34.00895201746655
Penn St,72,Michigan St,76,5.083955436049424,24.386031921594633
Southern Miss,67,Mississippi,71,-6.948449734643707,10.46160439503338
Utah,74,Mississippi St,82,6.364077339194109,8.973566181550307
Niagara,73,Morgan St,81,-16.995194255109116,-20.00282080703169
Loyola MD,73,Mt St Mary's,81,-13.377750243521636,-11.970313880036324
Akron,100,Murray St,115,11.189246661258986,7.098433930540837
Drake,94,N Dakota St,99,0.7544156025781878,2.046795939331589
Bellarmine,76,N Kentucky,80,-9.739354468795353,-2.4537270857196694
Illinois,80,Nebraska,83,27.558451754312838,23.21892114201473
Duquesne,75,Nevada,78,4.686016814942015,12.180469852648914
SC Upstate,62,North Carolina,80,-9.147789259024785,20.177147542199364
Oakland,63,Northern Iowa,75,1.2988617496209411,5.785582448008606
Jackson St,53,Northwestern,93,-19.547308217380763,11.78237952913321
Evansville,58,Notre Dame,82,-7.795268693393136,10.06327913551909
St Bonaventure,83,Ohio,88,2.3358205694267835,-2.458559640908652
West Virginia,88,Ohio St,89,12.114842312208815,16.95643641170654
Oklahoma St,76,Oklahoma,85,13.86708154452552,11.432263406894199
UC Davis,62,Oregon,104,-0.8434486910801374,8.997587225487342
Montana St,57,Oregon St,67,1.0473895970912468,-0.9699153817654318
CS Bakersfield,62,Pepperdine,70,-10.961124093729158,-5.588454031414728
Marquette,59,Purdue,79,6.499579672447203,26.152648451209974
MA Lowell,71,Quinnipiac,75,-14.238798983700297,-3.997091735107692
Arkansas St,76,Rice,77,-2.643647731191786,-4.818057589699624
S Illinois,84,Richmond,93,3.3850180919715123,3.374354993392689
Toledo,70,Robert Morris,75,0.3389247220623984,-3.837549906546749
NJIT,49,Sacred Heart,65,-14.80646949052454,-10.913977813629936
Northern Arizona,69,San Diego,78,-9.643076515343548,-2.184946658816856
Houston Chr,71,SE Louisiana,74,-9.978893333224674,-8.378711089435738
Rutgers,59,Seton Hall,81,2.795178359596027,13.61217858159576
Citadel,55,South Carolina,71,-15.588927891729995,8.258663769478087
Prairie View,85,South Dakota,97,-14.826501312313303,-8.241126626447448
Iona,64,St John's,91,-5.622253380566301,22.387807157714732
San Francisco,75,St Louis,85,6.276755571400898,21.74212133595362
San Jose St,82,Stanford,86,-3.069027491311642,11.495746482735854
C Michigan,55,Stony Brook,78,-9.604265919979685,-4.2986893622781555
UNLV,60,Tennessee St,63,3.1267531403743414,-7.984243030172132
New Mexico St,70,Tulsa,83,0.004049809068651347,12.474016558063923
Valparaiso,70,UNC Wilmington,73,0.7826673040916575,2.413830183033299
Illinois St,78,Utah St,83,8.933861719167899,19.392266810705305
UC Santa Barbara,53,Utah Valley,68,3.2846658019866024,6.639639918156236
Cent Arkansas,72,Vanderbilt,83,-1.5873241521362738,24.154102986278797
Pittsburgh,61,Villanova,79,8.195075774872146,18.019965533374403
North Dakota,66,W Illinois,69,-8.39620613812819,-21.1486742641898
Southern Utah,69,Washington,105,-11.107617721609282,15.817584011338012
Tulane,67,UC San Diego,93,-1.5078676189201856,3.4181336664537407
UNC Asheville,59,St Thomas MN,80,-4.515129557592766,2.882581967815671
High Point,78,Appalachian St,86,7.455157949413491,-3.019964221943779
St Mary's CA,67,Boise St,68,16.908220628065287,13.415037567503262
Ball St,64,Campbell,69,-11.502717502859307,-4.608704820965019
Loyola-Chicago,75,Chicago St,84,-7.919700317024193,-16.24969652612226
Charlotte,67,Col Charleston,74,1.2042231354891468,-0.4606347634581468
Buffalo,70,East Carolina,73,-1.2829899801500664,-6.938769569086803
Monmouth NJ,65,Fairfield,73,-3.848522919496683,-8.368082465442098
WI Milwaukee,68,Indiana St,70,-6.744387041618924,-2.4581456880249015
W Michigan,51,Iowa,91,-7.971093026343999,21.236487010988846
E Illinois,53,Iowa St,78,-12.380585287610003,28.277104289911488
Detroit,77,PFW,81,-7.342812147525938,-5.625687252766425
TX Southern,53,Minnesota,89,-14.284509430349972,10.308552144640325
Bethune-Cookman,60,Missouri,82,-7.810451810139458,11.56899502860914
FGCU,59,New Mexico,75,-4.349217773076286,14.880097023188116
South Alabama,57,North Texas,58,-5.806253567999122,0.7410214367989679
Kent,78,Portland,88,1.3438007614795435,-0.9276049727698782
Coppin St,77,Radford,107,-27.640739737591698,-6.409728237299939
St Francis PA,67,Temple,95,-18.95162660287704,1.6101601066860876
Jacksonville,75,Texas A&M,112,-10.526145762510124,19.179102352686098
UAB,85,Troy,86,4.233612921761928,0.09710533684838424
Washington St,61,USC,68,4.5380550036221035,13.985005389761836
Merrimack,59,Vermont,66,-5.674283720960461,-5.418090561445725
MD E Shore,53,Virginia Tech,82,-15.28346349833095,13.649896701268442
Queens NC,73,Wake Forest,111,-4.175091457795946,12.26856625050307
North Alabama,60,Alabama A&M,68,-15.019555502687506,-12.721138316688517
Houston Chr,68,McNeese St,78,-9.978893333224674,8.413093453200572
Incarnate Word,65,TCU,69,-5.547585347287668,14.466735878512502
Niagara,58,VCU,84,-16.995194255109116,12.760710460803173
Gardner Webb,57,Wofford,83,-24.646235285714415,-5.064308768836391
S Dakota St,72,Wyoming,87,-1.4024499716884644,8.357185218844622
SE Louisiana,69,East Texas A&M,70,-8.378711089435738,-10.24868267858815
Abilene Chr,62,Arizona,96,-7.721991269551377,29.622564216561056
Queens NC,80,Arkansas,108,-4.175091457795946,21.77145836677927
Evansville,78,Belmont,83,-7.795268693393136,10.045584450409333
Chicago St,55,Bowling Green,76,-16.24969652612226,3.589447698727336
Pacific,57,BYU,93,4.378468361891341,22.96623370113013
South Carolina,61,Clemson,68,8.258663769478087,17.882590338253785
Butler,60,Connecticut,79,12.436267405379676,25.10729111927154
Holy Cross,64,Dartmouth,89,-13.04688731791795,-5.458928015720884
Florida St,69,Dayton,97,8.465280031603305,7.453720484555427
Rider,57,Delaware,65,-17.261706725421675,-8.317869143575352
Lipscomb,73,Duke,97,-2.2704298007365584,30.47631292494664
Marist,76,Georgia Tech,87,-1.1747337528313329,4.81995930743693
Drexel,66,Howard,74,-3.932084854527281,-8.060038874832856
Towson,49,Kansas,73,-0.5464166889081582,23.957485614866563
Sacred Heart,82,MA Lowell,87,-10.913977813629936,-14.238798983700297
Florida Intl,81,Miami FL,98,-1.0098371649423266,17.78517891833293
Wright St,76,Miami OH,83,1.3021861730347852,6.878792003107033
Toledo,69,Michigan St,92,0.3389247220623984,24.386031921594633
LIU Brooklyn,83,Mississippi St,87,-3.546335998209576,8.973566181550307
Oral Roberts,62,Missouri St,63,-11.75823476123825,-2.3667315699870506
Cal Poly,80,Montana St,83,-6.316796372758351,1.0473895970912468
Ark Little Rock,64,Morehead St,78,-13.722529134725532,-11.585204401367001
UNC Greensboro,65,NC A&T,71,-12.065434872466879,-8.135106985044182
ETSU,58,North Carolina,77,1.9085058569619273,20.177147542199364
Valparaiso,70,Northwestern,86,0.7826673040916575,11.78237952913321
Missouri KC,67,Oklahoma,89,-16.661368094073026,11.432263406894199
Canisius,45,Rhode Island,62,-17.060558122515523,4.372881568912538
S Carolina St,72,SC Upstate,78,-22.2908843957574,-9.147789259024785
DePaul,66,St John's,79,7.564957311061451,22.387807157714732
Louisville,62,Tennessee,83,24.611732488445927,22.52532774922322
Le Moyne,53,Texas,95,-9.839160736172351,17.79158970367343
N Colorado,90,Texas Tech,101,-1.0823524586851767,22.11626746517065
Lamar,72,UTRGV,83,-2.214271862878108,-0.22814271103413875
Southern Univ,67,Cal Baptist,75,-11.076179678502223,2.1953924231003668
MS Valley St,64,Tarleton St,88,-28.348205063722833,-2.827342432024417
Loy Marymount,57,UC San Diego,67,1.5500504379175963,3.4181336664537407
South Florida,93,Alabama,104,10.967070575235171,22.89926309681164
Stony Brook,55,SUNY Albany,71,-4.2986893622781555,-13.163496176751917
Texas St,70,Arkansas St,89,-8.993596293102888,-2.643647731191786
Alabama St,51,Cincinnati,88,-13.932727716177093,12.416982907123183
Citadel,78,Col Charleston,82,-15.588927891729995,-0.4606347634581468
Portland St,73,Colorado,84,2.2902438567068213,10.951503521035468
Xavier,57,Creighton,98,7.778365709841898,10.984102719717837
Jacksonville St,59,E Kentucky,62,-4.019877384600862,-8.312055999179629
Presbyterian,53,East Carolina,74,-8.171853518367254,-6.938769569086803
Richmond,70,Elon,73,3.374354993392689,-1.7109036279344259
St Francis PA,61,Florida,102,-18.95162660287704,26.39081761428366
Jacksonville,65,Florida A&M,72,-10.526145762510124,-14.958411699952181
Marquette,69,Georgetown,78,6.499579672447203,8.097403188054626
Campbell,70,Gonzaga,98,-4.608704820965019,26.12679094319873
Alabama A&M,66,Mississippi,80,-12.721138316688517,10.46160439503338
Kennesaw,67,MTSU,68,0.6339937118072055,1.2330496506793978
TX Southern,72,NC State,108,-14.284509430349972,21.788929391891067
Stonehill,58,New Hampshire,59,-13.871167902361144,-12.508359622828568
Houston Chr,64,Nicholls St,79,-9.978893333224674,-6.207446160282377
IL Chicago,54,Northern Iowa,60,1.7665509943221132,5.785582448008606
N Kentucky,77,Oakland,82,-2.4537270857196694,1.2988617496209411
James Madison,68,Old Dominion,77,-6.42260170209562,-8.261680554358493
Portland,69,Oregon,94,-0.9276049727698782,8.997587225487342
Binghamton,63,Pittsburgh,103,-21.707046613042007,8.195075774872146
Monmouth NJ,75,Quinnipiac,85,-3.848522919496683,-3.997091735107692
Youngstown St,77,Robert Morris,80,-2.8049667940666527,-3.837549906546749
Oregon St,75,Sam Houston St,85,-0.9699153817654318,4.794162125506685
Air Force,58,San Diego St,81,-12.735240615401642,14.954913190967044
Loyola-Chicago,71,San Francisco,85,-7.919700317024193,6.276755571400898
North Texas,60,Santa Clara,63,0.7410214367989679,16.697031882728538
UC Davis,78,Seattle,79,-0.8434486910801374,4.296087924139515
TAM C. Christi,60,SF Austin,69,-2.5860191794207728,6.14950134383293
ULM,92,South Alabama,96,-18.229928278847783,-5.806253567999122
Bethune-Cookman,53,St Louis,112,-7.810451810139458,21.74212133595362
UT Arlington,60,Stanford,76,-0.020907387432929244,11.495746482735854
Mercyhurst,62,Syracuse,76,-9.513220387331831,11.66262825734674
Louisiana Tech,53,Tulane,61,-5.691689472397247,-1.5078676189201856
Cleveland St,77,UAB,101,-10.736414013574178,4.233612921761928
Mercer,63,UCF,81,0.5840288415363489,15.06572674394935
Arizona St,77,UCLA,90,10.603952967409308,17.20134853209326
UT San Antonio,70,USC,97,-15.648689776756592,13.985005389761836
Weber St,74,Utah Valley,90,-2.4753255840285364,6.639639918156236
Memphis,70,Vanderbilt,77,7.369641932350132,24.154102986278797
Siena,69,Vermont,83,-3.3587700316394775,-5.418090561445725
MD E Shore,64,Wagner,78,-15.28346349833095,-12.601506934083272
Longwood,68,Wake Forest,71,-9.004272423423975,12.26856625050307
E Washington,63,Washington St,78,-5.263958334345224,4.5380550036221035
UC Santa Barbara,64,WI Green Bay,67,3.2846658019866024,-5.7700409143629
Wofford,73,Wichita St,84,-5.064308768836391,8.433712769495724
Chattanooga,64,Bellarmine,79,-11.311391432436908,-9.739354468795353
Coastal Car,49,Appalachian St,67,-7.357081216042199,-3.019964221943779
Southern Indiana,62,Ark Little Rock,77,-14.295320327497267,-13.722529134725532
Indiana St,99,Bradley,108,-2.4581456880249015,3.590955518992814
North Florida,90,Charleston So,113,-15.534483522416355,-6.340856798534731
Lafayette,67,Charlotte,81,-12.102088387400759,1.2042231354891468
SIUE,72,E Illinois,76,-8.17415727893679,-12.380585287610003
Central Conn,70,Fairfield,84,-10.69680210540559,-8.368082465442098
Manhattan,68,Furman,75,-15.274581333554556,-2.2995798984529365
Georgia St,67,Ga Southern,90,-9.841027531814934,-8.452463657169565
W Carolina,82,Georgia,112,-9.503110725382177,20.02973847054447
Norfolk St,68,Grambling,80,-13.021484758554106,-10.144108684165358
Jackson St,77,Hampton,84,-19.547308217380763,-8.456384002540549
S Illinois,68,Illinois St,75,3.3850180919715123,8.933861719167899
Pepperdine,78,Long Beach St,81,-5.588454031414728,-4.652494408015093
Drake,72,Murray St,81,0.7544156025781878,7.098433930540837
Winthrop,88,North Dakota,90,1.3368316881639872,-8.39620613812819
Southern Utah,57,Northern Arizona,65,-11.107617721609282,-9.643076515343548
Missouri KC,79,Oklahoma St,91,-16.661368094073026,13.86708154452552
Louisiana,54,Southern Miss,62,-12.137067018502796,-6.948449734643707
Delaware St,51,St Joseph's PA,67,-20.10207053375217,0.6346552500089729
Oral Roberts,53,TCU,72,-11.75823476123825,14.466735878512502
Davidson,63,Temple,68,6.002686977751972,1.6101601066860876
TN Martin,71,Tennessee St,78,-3.7745856292540623,-7.984243030172132
SE Missouri St,74,Tennessee Tech,85,-6.757013248262701,-14.281089336240143
American Univ,83,VCU,105,-6.396969179237704,12.760710460803173
Radford,83,William & Mary,96,-6.409728237299939,1.656572728906202
W Illinois,76,Lindenwood,92,-21.1486742641898,-7.15310794555327
E Michigan,72,Akron,93,-3.580139516277849,11.189246661258986
Alcorn St,56,Baylor,113,-20.10652752334088,15.872210600276453
UC Irvine,58,Belmont,84,3.4963503402669383,10.045584450409333
Abilene Chr,67,BYU,85,-7.721991269551377,22.96623370113013
Morgan St,50,California,97,-20.00282080703169,13.447545319841446
Mt St Mary's,67,Drexel,75,-11.970313880036324,-3.932084854527281
MS Valley St,49,Florida St,96,-28.348205063722833,8.465280031603305
Hampton,72,Grambling,81,-8.456384002540549,-10.144108684165358
La Salle,72,High Point,84,-4.388475820600071,7.455157949413491
North Alabama,57,Loy Marymount,91,-15.019555502687506,1.5500504379175963
SE Louisiana,65,LSU,78,-8.378711089435738,14.712317974153333
Coppin St,55,Navy,88,-27.640739737591698,-2.05716253834581
Jackson St,72,Norfolk St,82,-19.547308217380763,-13.021484758554106
Dartmouth,63,Sacred Heart,85,-5.458928015720884,-10.913977813629936
UC San Diego,80,San Diego,82,3.4181336664537407,-2.184946658816856
Washington,66,Seattle,70,15.817584011338012,4.296087924139515
Providence,67,Seton Hall,72,11.241342833123284,13.61217858159576
FL Atlantic,75,St Mary's CA,88,6.351804649646517,16.908220628065287
WKU,81,Tulsa,82,0.4252617180430557,12.474016558063923
Cal Poly,87,UCLA,108,-6.316796372758351,17.20134853209326
Wisconsin,66,Villanova,76,16.984647164159234,18.019965533374403
S Dakota St,87,WI Milwaukee,88,-1.4024499716884644,-6.744387041618924
Florida A&M,54,Tarleton St,78,-14.958411699952181,-2.827342432024417
San Diego St,45,Arizona,68,14.954913190967044,29.622564216561056
Southern Miss,86,Arkansas St,93,-6.948449734643707,-2.643647731191786
Ohio,58,Bowling Green,68,-2.458559640908652,3.589447698727336
W Michigan,71,Buffalo,88,-7.971093026343999,-1.2829899801500664
Northwestern,58,Butler,61,11.78237952913321,12.436267405379676
Old Dominion,74,Coastal Car,76,-8.261680554358493,-7.357081216042199
Marquette,63,Creighton,84,6.499579672447203,10.984102719717837
N Colorado,79,Denver,86,-1.0823524586851767,-6.718963056154548
LIU Brooklyn,79,Florida Intl,86,-3.546335998209576,-1.0098371649423266
James Madison,92,Ga Southern,96,-6.42260170209562,-8.452463657169565
Appalachian St,63,Georgia St,70,-3.019964221943779,-9.841027531814934
Lafayette,81,Georgia Tech,95,-12.102088387400759,4.81995930743693
Wyoming,70,Grand Canyon,82,8.357185218844622,11.357472832207115
Holy Cross,53,Harvard,81,-13.04688731791795,-1.9259472947129983
Arkansas,85,Houston,94,21.77145836677927,25.82056645334507
UNC Wilmington,66,Howard,67,2.413830183033299,-8.060038874832856
Chicago St,58,Indiana,78,-16.24969652612226,18.87384006863379
Vermont,78,Iona,83,-5.418090561445725,-5.622253380566301
Bucknell,39,Iowa,94,-13.096288524993339,21.236487010988846
ETSU,75,Jacksonville St,81,1.9085058569619273,-4.019877384600862
South Dakota,76,Kansas St,106,-8.241126626447448,10.199483531346415
Massachusetts,59,Kent,69,-0.4961988777783989,1.3438007614795435
St John's,66,Kentucky,78,22.387807157714732,20.62694485238151
Dayton,61,Liberty,64,7.453720484555427,5.976024139614131
NC Central,72,Longwood,74,-16.23054921366116,-9.004272423423975
Montana,54,Louisville,94,0.4272721445912008,24.611732488445927
Santa Clara,78,Loyola-Chicago,80,16.697031882728538,-7.919700317024193
Ball St,77,Miami OH,86,-11.502717502859307,6.878792003107033
Oakland,70,Michigan St,79,1.2988617496209411,24.386031921594633
Memphis,66,Mississippi St,71,7.369641932350132,8.973566181550307
Southern Indiana,60,Morehead St,64,-14.295320327497267,-11.585204401367001
C Michigan,73,N Illinois,74,-9.604265919979685,-10.69931700103686
Lamar,82,NE Omaha,85,-2.214271862878108,-6.6809771450146105
Boise St,66,Nevada,81,13.415037567503262,12.180469852648914
San Jose St,65,New Mexico,88,-3.069027491311642,14.880097023188116
Ohio St,70,North Carolina,71,16.95643641170654,20.177147542199364
Rice,62,Pepperdine,84,-4.818057589699624,-5.588454031414728
Auburn,60,Purdue,88,19.144250770747117,26.152648451209974
Citadel,56,Richmond,80,-15.588927891729995,3.374354993392689
St Francis PA,70,Robert Morris,79,-18.95162660287704,-3.837549906546749
Penn,69,Rutgers,70,-2.0570696017200927,2.795178359596027
Tennessee St,82,SE Missouri St,91,-7.984243030172132,-6.757013248262701
Le Moyne,81,St Bonaventure,92,-9.839160736172351,2.3358205694267835
Colorado,68,Stanford,77,10.951503521035468,11.495746482735854
Northeastern,83,Syracuse,91,-6.463460575559628,11.66262825734674
South Alabama,65,Texas St,67,-5.806253567999122,-8.993596293102888
Duke,81,Texas Tech,82,30.47631292494664,22.11626746517065
Tennessee Tech,62,TN Martin,86,-14.281089336240143,-3.7745856292540623
Marshall,63,Troy,70,0.16629603079518857,0.09710533684838424
Portland St,61,Tulane,63,2.2902438567068213,-1.5078676189201856
FGCU,80,UCF,102,-4.349217773076286,15.06572674394935
ULM,62,Louisiana,76,-18.229928278847783,-12.137067018502796
Fresno St,72,UNLV,84,4.073803256746674,3.1267531403743414
E Washington,77,Utah,101,-5.263958334345224,6.364077339194109
Colorado St,58,Utah St,100,8.035917066741126,19.392266810705305
Maryland,72,Virginia,80,2.5510536362520244,20.91879714221833
Elon,81,Virginia Tech,82,-1.7109036279344259,13.649896701268442
Mercer,78,Washington St,84,0.5840288415363489,4.5380550036221035
Georgetown,77,Xavier,80,8.097403188054626,7.778365709841898
SC Upstate,65,Youngstown St,74,-9.147789259024785,-2.8049667940666527
CS Sacramento,67,Cal Baptist,74,-6.393255168038442,2.1953924231003668
Weber St,80,Utah Tech,82,-2.4753255840285364,-3.4850425266828218
UC Riverside,78,St Thomas MN,92,-8.761132749466462,2.882581967815671
Binghamton,61,Mercyhurst,82,-21.707046613042007,-9.513220387331831
Kennesaw,81,Alabama,92,0.6339937118072055,22.89926309681164
Southern Univ,67,Baylor,111,-11.076179678502223,15.872210600276453
MA Lowell,76,Boston Univ,88,-14.238798983700297,-9.831287835150842
S Illinois,69,Bradley,73,3.3850180919715123,3.590955518992814
Columbia,56,California,74,-1.1455860463245808,13.447545319841446
IL Chicago,76,Charlotte,88,1.7665509943221132,1.2042231354891468
Alabama A&M,66,Chattanooga,73,-12.721138316688517,-11.311391432436908
Cincinnati,65,Clemson,68,12.416982907123183,17.882590338253785
N Kentucky,74,Col Charleston,85,-2.4537270857196694,-0.4606347634581468
DePaul,54,Connecticut,72,7.564957311061451,25.10729111927154
SUNY Albany,75,Cornell,83,-13.163496176751917,-2.5897361889852073
Evansville,65,Drake,66,-7.795268693393136,0.7544156025781878
Maine,56,Drexel,74,-16.277077360329795,-3.932084854527281
Colgate,60,Florida,90,-3.5300665357659207,26.39081761428366
Charleston So,76,Furman,84,-6.340856798534731,-2.2995798984529365
Loyola MD,79,George Mason,86,-13.377750243521636,8.095174888899992
Oregon,82,Gonzaga,91,8.997587225487342,26.12679094319873
Quinnipiac,66,Hofstra,74,-3.997091735107692,2.086644182827586
Cal Poly,80,Idaho,83,-6.316796372758351,-0.860099995525089
Indiana St,65,Illinois St,85,-2.4581456880249015,8.933861719167899
Northern Arizona,66,Incarnate Word,90,-9.643076515343548,-5.547585347287668
Long Beach St,60,Iowa St,91,-4.652494408015093,28.277104289911488
Notre Dame,69,PFW,72,10.06327913551909,-5.625687252766425
Presbyterian,81,Manhattan,87,-8.171853518367254,-15.274581333554556
Stony Brook,51,Marist,70,-4.2986893622781555,-1.1747337528313329
North Florida,67,Miami FL,105,-15.534483522416355,17.78517891833293
La Salle,50,Michigan,102,-4.388475820600071,34.00895201746655
Campbell,50,Minnesota,78,-4.608704820965019,10.308552144640325
Lehigh,62,Monmouth NJ,76,-10.370556306684765,-3.848522919496683
Valparaiso,79,Murray St,85,0.7826673040916575,7.098433930540837
Mississippi,62,NC State,76,10.46160439503338,21.788929391891067
North Dakota,55,Nebraska,78,-8.39620613812819,23.21892114201473
Sam Houston St,78,New Mexico St,87,4.794162125506685,0.004049809068651347
UTEP,71,Norfolk St,72,-6.308444347027473,-13.021484758554106
CS Fullerton,89,Oklahoma St,94,-2.1915793640363734,13.86708154452552
Arizona St,75,Oregon St,78,10.603952967409308,-0.9699153817654318
Nicholls St,82,Pacific,95,-6.207446160282377,4.378468361891341
Penn St,46,Pittsburgh,80,5.083955436049424,8.195075774872146
VMI,90,Radford,97,-19.385486784833247,-6.409728237299939
Morgan St,64,San Francisco,94,-20.00282080703169,6.276755571400898
Cent Arkansas,82,SMU,99,-1.5873241521362738,18.858138555743015
UMBC,69,South Florida,94,-8.519516689602433,10.967070575235171
New Hampshire,79,St Louis,93,-12.508359622828568,21.74212133595362
Florida A&M,56,TCU,80,-14.958411699952181,14.466735878512502
Gardner Webb,52,Tennessee,94,-24.646235285714415,22.52532774922322
East Texas A&M,77,Texas A&M,118,-10.24868267858815,19.179102352686098
UNC Asheville,47,UAB,72,-4.515129557592766,4.233612921761928
Idaho St,83,UC Davis,93,-2.6900359146858124,-0.8434486910801374
N Dakota St,73,UC Irvine,74,2.046795939331589,3.4963503402669383
Wake Forest,67,Vanderbilt,98,12.26856625050307,24.154102986278797
Cleveland St,71,WI Milwaukee,81,-10.736414013574178,-6.744387041618924
E Kentucky,57,Wichita St,88,-8.312055999179629,8.433712769495724
TX Southern,68,Abilene Chr,75,-14.284509430349972,-7.721991269551377
Bethune-Cookman,71,Arizona,107,-7.810451810139458,29.622564216561056
F Dickinson,61,Boston College,72,-14.479566581615781,3.54890302348592
NJIT,52,Butler,101,-14.80646949052454,12.436267405379676
E Washington,81,BYU,109,-5.263958334345224,22.96623370113013
St Joseph's PA,62,Coastal Car,68,0.6346552500089729,-7.357081216042199
Utah Tech,69,Creighton,92,-3.4850425266828218,10.984102719717837
CS Sacramento,88,CS Northridge,100,-6.393255168038442,-2.1109082342198446
Canisius,59,Duquesne,103,-17.060558122515523,4.686016814942015
W Illinois,61,SIUE,66,-21.1486742641898,-8.17415727893679
Jacksonville,63,Florida St,87,-10.526145762510124,8.465280031603305
New Haven,47,Fordham,65,-14.029552843602488,-0.05904195752884017
Coppin St,67,Georgetown,97,-27.640739737591698,8.097403188054626
West Georgia,74,Georgia,103,-11.903771564516768,20.02973847054447
IUPUI,78,Grand Canyon,91,-12.491570369997088,11.357472832207115
Bryant,47,High Point,93,-15.975655117989465,7.455157949413491
Missouri,48,Illinois,91,11.56899502860914,27.558451754312838
Siena,60,Indiana,81,-3.3587700316394775,18.87384006863379
Davidson,61,Kansas,90,6.002686977751972,23.957485614866563
Prairie View,90,LSU,104,-14.826501312313303,14.712317974153333
Alabama St,67,Memphis,88,-13.932727716177093,7.369641932350132
East Carolina,51,North Carolina,99,-6.938769569086803,20.177147542199364
Stetson,54,Oklahoma,107,-14.070523158103668,11.432263406894199
Northeastern,77,Rhode Island,85,-6.463460575559628,4.372881568912538
Portland,61,UC Santa Barbara,79,-0.9276049727698782,3.2846658019866024
UT San Antonio,68,Seattle,71,-15.648689776756592,4.296087924139515
S Carolina St,70,South Carolina,95,-22.2908843957574,8.258663769478087
Northern Iowa,58,St Mary's CA,63,5.785582448008606,16.908220628065287
Stonehill,48,Syracuse,77,-13.871167902361144,11.66262825734674
Princeton,61,Temple,65,-5.435545860544262,1.6101601066860876
MD E Shore,71,Texas,94,-15.28346349833095,17.79158970367343
Sacred Heart,47,Towson,72,-10.913977813629936,-0.5464166889081582
Denver,85,Tulsa,90,-6.718963056154548,12.474016558063923
Norfolk St,70,UC Irvine,89,-13.021484758554106,3.4963503402669383
Oral Roberts,57,UT Arlington,69,-11.75823476123825,-0.020907387432929244
N Dakota St,66,UTEP,76,2.046795939331589,-6.308444347027473
Rider,79,VCU,100,-17.261706725421675,12.760710460803173
American Univ,51,Virginia,95,-6.396969179237704,20.91879714221833
San Diego,56,Washington,86,-2.184946658816856,15.817584011338012
MS Valley St,51,West Virginia,86,-28.348205063722833,12.114842312208815
C Michigan,61,Wisconsin,88,-9.604265919979685,16.984647164159234
E Michigan,64,Wright St,70,-3.580139516277849,1.3021861730347852
Binghamton,85,Army,95,-21.707046613042007,-14.42534764296668
WI Green Bay,79,Campbell,102,-5.7700409143629,-4.608704820965019
Idaho,63,CS Bakersfield,64,-0.860099995525089,-10.961124093729158
Bellarmine,85,Kentucky,99,-9.739354468795353,20.62694485238151
Morgan St,56,Loy Marymount,83,-20.00282080703169,1.5500504379175963
Lindenwood,65,Missouri St,70,-7.15310794555327,-2.3667315699870506
Grambling,63,Ohio St,89,-10.144108684165358,16.95643641170654
Harvard,59,St John's,85,-1.9259472947129983,22.387807157714732
FL Atlantic,80,UCF,85,6.351804649646517,15.06572674394935
UC Riverside,65,UCLA,97,-8.761132749466462,17.20134853209326
Seton Hall,56,Villanova,64,13.61217858159576,18.019965533374403
CS Northridge,80,Stanford,88,-2.1109082342198446,11.495746482735854
Le Moyne,64,Boston College,72,-9.839160736172351,3.54890302348592
Richmond,72,Charleston So,77,3.374354993392689,-6.340856798534731
North Florida,82,Columbia,90,-15.534483522416355,-1.1455860463245808
Penn,79,George Mason,83,-2.0570696017200927,8.095174888899992
Florida A&M,65,Georgia Tech,89,-14.958411699952181,4.81995930743693
Pepperdine,56,Gonzaga,96,-5.588454031414728,26.12679094319873
Colgate,69,Harvard,78,-3.5300665357659207,-1.9259472947129983
ULM,85,Kansas St,94,-18.229928278847783,10.199483531346415
Florida Intl,94,Liberty,97,-1.0098371649423266,5.976024139614131
Old Dominion,58,Maryland,73,-8.261680554358493,2.5510536362520244
Colorado,81,N Colorado,86,10.951503521035468,-1.0823524586851767
NE Omaha,57,Oregon,80,-6.6809771450146105,8.997587225487342
Pacific,54,San Diego,66,4.378468361891341,-2.184946658816856
Seattle,59,San Francisco,67,4.296087924139515,6.276755571400898
Oregon St,64,Santa Clara,102,-0.9699153817654318,16.697031882728538
CS Fullerton,63,SMU,110,-2.1915793640363734,18.858138555743015
Loy Marymount,73,St Mary's CA,78,1.5500504379175963,16.908220628065287
Winthrop,57,Texas Tech,87,1.3368316881639872,22.11626746517065
Norfolk St,54,Louisiana,63,-13.021484758554106,-12.137067018502796
Portland,62,Washington St,67,-0.9276049727698782,4.5380550036221035
Yale,78,Alabama,102,8.176250244240705,22.89926309681164
S Dakota St,71,Arizona,99,-1.4024499716884644,29.622564216561056
James Madison,74,Arkansas,103,-6.42260170209562,21.77145836677927
Queens NC,65,Auburn,106,-4.175091457795946,19.144250770747117
Evansville,68,Bradley,76,-7.795268693393136,3.590955518992814
Lipscomb,62,Cincinnati,89,-2.2704298007365584,12.416982907123183
IUPUI,86,Cleveland St,99,-12.491570369997088,-10.736414013574178
Drexel,63,Col Charleston,72,-3.932084854527281,-0.4606347634581468
Youngstown St,68,Detroit,73,-2.8049667940666527,-7.342812147525938
Northeastern,91,Elon,103,-6.463460575559628,-1.7109036279344259
Dartmouth,72,Florida,94,-5.458928015720884,26.39081761428366
LIU Brooklyn,74,Georgia,89,-3.546335998209576,20.02973847054447
Stony Brook,59,Hampton,62,-4.2986893622781555,-8.456384002540549
Campbell,72,Hofstra,86,-4.608704820965019,2.086644182827586
MTSU,60,Houston,69,1.2330496506793978,25.82056645334507
Southern Univ,55,Illinois,90,-11.076179678502223,27.558451754312838
Drake,56,Illinois St,73,0.7544156025781878,8.933861719167899
Belmont,80,Indiana St,81,10.045584450409333,-2.4581456880249015
MA Lowell,62,Iowa,90,-14.238798983700297,21.236487010988846
Houston Chr,61,Iowa St,89,-9.978893333224674,28.277104289911488
WKU,67,Jacksonville St,78,0.4252617180430557,-4.019877384600862
Northwestern LA,61,Lamar,76,-9.19667857822737,-2.214271862878108
UTEP,63,Louisiana Tech,75,-6.308444347027473,-5.691689472397247
Southern Miss,62,LSU,90,-6.948449734643707,14.712317974153333
Rider,71,Manhattan,74,-17.261706725421675,-15.274581333554556
McNeese St,71,Michigan,112,8.413093453200572,34.00895201746655
Cornell,97,Michigan St,114,-2.5897361889852073,24.386031921594633
F Dickinson,43,Minnesota,60,-14.479566581615781,10.308552144640325
Alcorn St,43,Mississippi,79,-20.10652752334088,10.46160439503338
Alabama St,56,Mississippi St,94,-13.932727716177093,8.973566181550307
Delaware,43,Missouri St,61,-8.317869143575352,-2.3667315699870506
Iona,59,Mt St Mary's,66,-5.622253380566301,-11.970313880036324
S Illinois,81,Murray St,84,3.3850180919715123,7.098433930540837
Robert Morris,77,N Kentucky,79,-3.837549906546749,-2.4537270857196694
UTRGV,69,New Orleans,85,-0.22814271103413875,-3.575655046476065
TAM C. Christi,71,Nicholls St,76,-2.5860191794207728,-6.207446160282377
Valparaiso,48,Northern Iowa,58,0.7826673040916575,5.785582448008606
MS Valley St,69,Oklahoma,93,-28.348205063722833,11.432263406894199
Bethune-Cookman,77,Oklahoma St,103,-7.810451810139458,13.86708154452552
NC Central,67,Penn St,90,-16.23054921366116,5.083955436049424
Kent,60,Purdue,101,1.3438007614795435,26.152648451209974
Marist,58,Quinnipiac,64,-1.1747337528313329,-3.997091735107692
Delaware St,50,Rutgers,65,-20.10207053375217,2.795178359596027
East Texas A&M,48,SF Austin,75,-10.24868267858815,6.14950134383293
Fairfield,66,St Peter's,70,-8.368082465442098,-6.3187048872930385
Jackson St,64,TCU,115,-19.547308217380763,14.466735878512502
Prairie View,82,Texas A&M,111,-14.826501312313303,19.179102352686098
Coppin St,59,UMBC,93,-27.640739737591698,-8.519516689602433
NC A&T,78,UNC Wilmington,87,-8.135106985044182,2.413830183033299
Cal Baptist,66,Utah Valley,73,2.1953924231003668,6.639639918156236
New Haven,53,Vanderbilt,96,-14.029552843602488,24.154102986278797
Utah,65,Washington,74,6.364077339194109,15.817584011338012
PFW,55,WI Milwaukee,77,-5.625687252766425,-6.744387041618924
Towson,70,William & Mary,84,-0.5464166889081582,1.656572728906202
Oakland,73,Wright St,88,1.2988617496209411,1.3021861730347852
Sacred Heart,72,Merrimack,80,-10.913977813629936,-5.674283720960461
Southern Utah,66,Utah Tech,80,-11.107617721609282,-3.4850425266828218
UT Arlington,63,Tarleton St,69,-0.020907387432929244,-2.827342432024417
New Mexico,53,Boise St,62,14.880097023188116,13.415037567503262
Butler,85,Creighton,89,12.436267405379676,10.984102719717837
Davidson,83,Duquesne,89,6.002686977751972,4.686016814942015
Massachusetts,74,E Michigan,80,-0.4961988777783989,-3.580139516277849
Citadel,49,ETSU,74,-15.588927891729995,1.9085058569619273
San Diego,93,Gonzaga,99,-2.184946658816856,26.12679094319873
SE Louisiana,70,Incarnate Word,79,-8.378711089435738,-5.547585347287668
California,70,Louisville,90,13.447545319841446,24.611732488445927
Pacific,71,Loy Marymount,80,4.378468361891341,1.5500504379175963
Pittsburgh,69,Miami FL,76,8.195075774872146,17.78517891833293
Bowling Green,83,Miami OH,93,3.589447698727336,6.878792003107033
New Hampshire,55,Nebraska,86,-12.508359622828568,23.21892114201473
Colorado St,62,Nevada,75,8.035917066741126,12.180469852648914
Florida St,66,North Carolina,79,8.465280031603305,20.177147542199364
Howard,60,Northwestern,80,-8.060038874832856,11.78237952913321
Stanford,40,Notre Dame,47,11.495746482735854,10.06327913551909
C Michigan,64,Ohio,80,-9.604265919979685,-2.458559640908652
San Francisco,62,Oregon St,70,6.276755571400898,-0.9699153817654318
Vermont,69,Princeton,75,-5.418090561445725,-5.435545860544262
San Jose St,68,San Diego St,81,-3.069027491311642,14.954913190967044
Portland,85,Santa Clara,92,-0.9276049727698782,16.697031882728538
Washington St,55,Seattle,69,4.5380550036221035,4.296087924139515
Marquette,73,Seton Hall,79,6.499579672447203,13.61217858159576
SUNY Albany,67,South Carolina,96,-13.163496176751917,8.258663769478087
Pepperdine,45,St Mary's CA,72,-5.588454031414728,16.908220628065287
Charlotte,73,Temple,76,1.2042231354891468,1.6101601066860876
S Carolina St,54,Tennessee,105,-22.2908843957574,22.52532774922322
Tennessee Tech,76,Tennessee St,88,-14.281089336240143,-7.984243030172132
W Michigan,79,Toledo,84,-7.971093026343999,0.3389247220623984
Fresno St,63,Utah St,72,4.073803256746674,19.392266810705305
WI Milwaukee,60,Wisconsin,80,-6.744387041618924,16.984647164159234
Air Force,56,Wyoming,68,-12.735240615401642,8.357185218844622
Loyola MD,69,American Univ,84,-13.377750243521636,-6.396969179237704
Old Dominion,73,Appalachian St,81,-8.261680554358493,-3.019964221943779
Lehigh,78,Army,85,-10.370556306684765,-14.42534764296668
N Illinois,67,Buffalo,81,-10.69931700103686,-1.2829899801500664
Monmouth NJ,65,Campbell,68,-3.848522919496683,-4.608704820965019
Gardner Webb,79,Charleston So,89,-24.646235285714415,-6.340856798534731
Syracuse,61,Clemson,64,11.66262825734674,17.882590338253785
Elon,81,Col Charleston,85,-1.7109036279344259,-0.4606347634581468
Lafayette,77,Colgate,85,-12.102088387400759,-3.5300665357659207
Xavier,67,Connecticut,90,7.778365709841898,25.10729111927154
Fordham,56,Dayton,63,-0.05904195752884017,7.453720484555427
Missouri KC,74,Denver,87,-16.661368094073026,-6.718963056154548
Georgia Tech,79,Duke,85,4.81995930743693,30.47631292494664
UT San Antonio,70,FL Atlantic,110,-15.648689776756592,6.351804649646517
Mercer,72,Furman,74,0.5840288415363489,-2.2995798984529365
Richmond,85,G Washington,99,3.374354993392689,9.857746736889899
La Salle,75,George Mason,80,-4.388475820600071,8.095174888899992
Towson,62,Hampton,63,-0.5464166889081582,-8.456384002540549
UNC Asheville,69,High Point,87,-4.515129557592766,7.455157949413491
Bucknell,58,Holy Cross,65,-13.096288524993339,-13.04688731791795
East Texas A&M,62,Lamar,69,-10.24868267858815,-2.214271862878108
Winthrop,70,Longwood,82,1.3368316881639872,-9.004272423423975
Rhode Island,57,Loyola-Chicago,61,4.372881568912538,-7.919700317024193
Georgia St,80,Marshall,84,-9.841027531814934,0.16629603079518857
North Texas,48,Memphis,57,0.7410214367989679,7.369641932350132
South Dakota,61,N Dakota St,84,-8.241126626447448,2.046795939331589
Boston Univ,77,Navy,82,-9.831287835150842,-2.05716253834581
Wake Forest,57,NC State,70,12.26856625050307,21.788929391891067
UTRGV,69,Nicholls St,71,-0.22814271103413875,-6.207446160282377
NC A&T,74,Northeastern,85,-8.135106985044182,-6.463460575559628
NJIT,61,Penn,80,-14.80646949052454,-2.0570696017200927
SC Upstate,69,Radford,76,-9.147789259024785,-6.409728237299939
Northwestern LA,64,SF Austin,74,-9.19667857822737,6.14950134383293
Louisiana,58,South Alabama,63,-12.137067018502796,-5.806253567999122
Georgetown,83,St John's,95,8.097403188054626,22.387807157714732
St Joseph's PA,79,St Louis,102,0.6346552500089729,21.74212133595362
New Orleans,69,TAM C. Christi,83,-3.575655046476065,-2.5860191794207728
Texas St,80,Troy,100,-8.993596293102888,0.09710533684838424
East Carolina,70,Tulane,79,-6.938769569086803,-1.5078676189201856
Rice,48,Tulsa,97,-4.818057589699624,12.474016558063923
Drexel,53,UNC Wilmington,65,-3.932084854527281,2.413830183033299
St Bonaventure,82,VCU,89,2.3358205694267835,12.760710460803173
DePaul,66,Villanova,71,7.564957311061451,18.019965533374403
Virginia,85,Virginia Tech,95,20.91879714221833,13.649896701268442
UAB,70,Wichita St,75,4.233612921761928,8.433712769495724
Stony Brook,57,William & Mary,76,-4.2986893622781555,1.656572728906202
W Carolina,74,Wofford,79,-9.503110725382177,-5.064308768836391
Tennessee Tech,58,Ark Little Rock,77,-14.281089336240143,-13.722529134725532
North Florida,83,Austin Peay,102,-15.534483522416355,-0.6575938360595827
Bradley,78,Belmont,88,3.590955518992814,10.045584450409333
UC San Diego,65,Cal Poly,67,3.4181336664537407,-6.316796372758351
FGCU,83,Cent Arkansas,85,-4.349217773076286,-1.5873241521362738
UC Santa Barbara,84,CS Fullerton,95,3.2846658019866024,-2.1915793640363734
Southern Indiana,55,SIUE,59,-14.295320327497267,-8.17415727893679
Coastal Car,81,Ga Southern,82,-7.357081216042199,-8.452463657169565
UC Riverside,45,Hawaii,88,-8.761132749466462,8.020968123203241
CS Sacramento,84,Idaho St,97,-6.393255168038442,-2.6900359146858124
Evansville,47,Illinois St,73,-7.795268693393136,8.933861719167899
Jacksonville,57,Lipscomb,76,-10.526145762510124,-2.2704298007365584
Northern Arizona,64,Montana,78,-9.643076515343548,0.4272721445912008
N Colorado,75,Montana St,89,-1.0823524586851767,1.0473895970912468
IL Chicago,77,Murray St,81,1.7665509943221132,7.098433930540837
IUPUI,72,N Kentucky,81,-12.491570369997088,-2.4537270857196694
Oral Roberts,61,North Dakota,72,-11.75823476123825,-8.39620613812819
Indiana St,66,Northern Iowa,75,-2.4581456880249015,5.785582448008606
Youngstown St,83,Oakland,85,-2.8049667940666527,1.2988617496209411
Weber St,90,Portland St,95,-2.4753255840285364,2.2902438567068213
NE Omaha,69,S Dakota St,84,-6.6809771450146105,-1.4024499716884644
Valparaiso,70,S Illinois,75,0.7826673040916575,3.3850180919715123
VMI,58,Samford,78,-19.385486784833247,-7.386171296092927
E Illinois,59,SE Missouri St,68,-12.380585287610003,-6.757013248262701
ULM,73,Southern Miss,87,-18.229928278847783,-6.948449734643707
North Alabama,67,Stetson,70,-15.019555502687506,-14.070523158103668
W Illinois,60,TN Martin,67,-21.1486742641898,-3.7745856292540623
CS Northridge,80,UC Davis,89,-2.1109082342198446,-0.8434486910801374
CS Bakersfield,77,UC Irvine,81,-10.961124093729158,3.4963503402669383
Chattanooga,72,UNC Greensboro,77,-11.311391432436908,-12.065434872466879
Cal Baptist,51,UT Arlington,63,2.1953924231003668,-0.020907387432929244
Tarleton St,85,Utah Valley,91,-2.827342432024417,6.639639918156236
PFW,54,WI Green Bay,72,-5.625687252766425,-5.7700409143629
WI Milwaukee,70,Wright St,76,-6.744387041618924,1.3021861730347852
Abilene Chr,64,Utah Tech,79,-7.721991269551377,-3.4850425266828218
Morehead St,64,Lindenwood,77,-11.585204401367001,-7.15310794555327
E Kentucky,89,Queens NC,91,-8.312055999179629,-4.175091457795946
Bellarmine,85,West Georgia,87,-9.739354468795353,-11.903771564516768
Notre Dame,71,California,72,10.06327913551909,13.447545319841446
Fairfield,81,Canisius,85,-8.368082465442098,-17.060558122515523
Mercyhurst,67,F Dickinson,74,-9.513220387331831,-14.479566581615781
New Mexico St,74,Florida Intl,89,0.004049809068651347,-1.0098371649423266
Seattle,72,Gonzaga,80,4.296087924139515,26.12679094319873
Siena,72,Iona,75,-3.3587700316394775,-5.622253380566301
West Virginia,59,Iowa St,80,12.114842312208815,28.277104289911488
Delaware,64,Jacksonville St,67,-8.317869143575352,-4.019877384600862
Kennesaw,73,Liberty,81,0.6339937118072055,5.976024139614131
Central Conn,78,LIU Brooklyn,84,-10.69680210540559,-3.546335998209576
Quinnipiac,79,Manhattan,80,-3.997091735107692,-15.274581333554556
Lamar,70,McNeese St,82,-2.214271862878108,8.413093453200572
USC,66,Michigan,96,13.985005389761836,34.00895201746655
UTEP,55,Missouri St,79,-6.308444347027473,-2.3667315699870506
Louisiana Tech,51,MTSU,88,-5.691689472397247,1.2330496506793978
Michigan St,56,Nebraska,58,24.386031921594633,23.21892114201473
Sacred Heart,61,Niagara,64,-10.913977813629936,-16.995194255109116
Rutgers,73,Ohio St,80,2.795178359596027,16.95643641170654
Maryland,54,Oregon,64,2.5510536362520244,8.997587225487342
Oregon St,53,Pacific,84,-0.9699153817654318,4.378468361891341
Detroit,77,Robert Morris,85,-7.342812147525938,-3.837549906546749
San Diego,64,San Francisco,74,-2.184946658816856,6.276755571400898
Pepperdine,63,Santa Clara,82,-5.588454031414728,16.697031882728538
Portland,57,St Mary's CA,78,-0.9276049727698782,16.908220628065287
Marist,59,St Peter's,69,-1.1747337528313329,-6.3187048872930385
Louisville,76,Stanford,80,24.611732488445927,11.495746482735854
Sam Houston St,91,WKU,102,4.794162125506685,0.4252617180430557
Chicago St,72,Wagner,79,-16.24969652612226,-12.601506934083272
Loy Marymount,76,Washington St,78,1.5500504379175963,4.5380550036221035
Mt St Mary's,65,Merrimack,75,-11.970313880036324,-5.674283720960461
St Francis PA,58,Le Moyne,84,-18.95162660287704,-9.839160736172351
Stonehill,55,New Haven,70,-13.871167902361144,-14.029552843602488
Utah Valley,68,Abilene Chr,85,6.639639918156236,-7.721991269551377
Kentucky,74,Alabama,89,20.62694485238151,22.89926309681164
MS Valley St,69,Alabama St,89,-28.348205063722833,-13.932727716177093
Boston Univ,62,American Univ,64,-9.831287835150842,-6.396969179237704
Utah,78,Arizona,97,6.364077339194109,29.622564216561056
Alabama A&M,83,Ark Pine Bluff,95,-12.721138316688517,-13.668354319462967
Tennessee,75,Arkansas,86,22.52532774922322,21.77145836677927
Jacksonville,68,Austin Peay,71,-10.526145762510124,-0.6575938360595827
Florida A&M,83,Bethune-Cookman,87,-14.958411699952181,-7.810451810139458
Massachusetts,100,Bowling Green,101,-0.4961988777783989,3.589447698727336
Maine,51,Bryant,56,-16.277077360329795,-15.975655117989465
Lehigh,65,Bucknell,72,-10.370556306684765,-13.096288524993339
Ball St,72,Buffalo,85,-11.502717502859307,-1.2829899801500664
Kansas St,73,BYU,83,10.199483531346415,22.96623370113013
Northeastern,82,Campbell,97,-6.463460575559628,-4.608704820965019
Stetson,73,Cent Arkansas,93,-14.070523158103668,-1.5873241521362738
UNC Asheville,83,Charleston So,86,-4.515129557592766,-6.340856798534731
Wichita St,100,Charlotte,104,8.433712769495724,1.2042231354891468
Pittsburgh,68,Clemson,73,8.195075774872146,17.882590338253785
Army,69,Colgate,76,-14.42534764296668,-3.5300665357659207
Arizona St,89,Colorado,95,10.603952967409308,10.951503521035468
Grand Canyon,60,Colorado St,70,11.357472832207115,8.035917066741126
Delaware St,51,Coppin St,53,-20.10207053375217,-27.640739737591698
UC Davis,79,CS Bakersfield,81,-0.8434486910801374,-10.961124093729158
UC Santa Barbara,65,CS Northridge,74,3.2846658019866024,-2.1109082342198446
St Joseph's PA,56,Davidson,62,0.6346552500089729,6.002686977751972
Loyola-Chicago,68,Dayton,70,-7.919700317024193,7.453720484555427
Xavier,77,DePaul,86,7.778365709841898,7.564957311061451
Florida St,87,Duke,91,8.465280031603305,30.47631292494664
Mercer,71,ETSU,77,0.5840288415363489,1.9085058569619273
North Alabama,55,FGCU,72,-15.019555502687506,-4.349217773076286
La Salle,55,G Washington,77,-4.388475820600071,9.857746736889899
Old Dominion,86,Ga Southern,93,-8.261680554358493,-8.452463657169565
Rhode Island,50,George Mason,61,4.372881568912538,8.095174888899992
Auburn,100,Georgia,104,19.144250770747117,20.02973847054447
Coastal Car,71,Georgia St,89,-7.357081216042199,-9.841027531814934
Boston College,53,Georgia Tech,65,3.54890302348592,4.81995930743693
Prairie View,72,Grambling,76,-14.826501312313303,-10.144108684165358
Longwood,67,High Point,80,-9.004272423423975,7.455157949413491
Drexel,67,Hofstra,70,-3.932084854527281,2.086644182827586
Cincinnati,60,Houston,67,12.416982907123183,25.82056645334507
E Washington,81,Idaho,84,-5.263958334345224,-0.860099995525089
Penn St,65,Illinois,73,5.083955436049424,27.558451754312838
Houston Chr,56,Incarnate Word,73,-9.978893333224674,-5.547585347287668
UCLA,61,Iowa,74,17.20134853209326,21.236487010988846
Alcorn St,86,Jackson St,89,-20.10652752334088,-19.547308217380763
Arkansas St,74,James Madison,78,-2.643647731191786,-6.42260170209562
N Illinois,73,Kent,77,-10.69931700103686,1.3438007614795435
Loyola MD,64,Lafayette,79,-13.377750243521636,-12.102088387400759
North Florida,74,Lipscomb,82,-15.534483522416355,-2.2704298007365584
Cal Poly,66,Long Beach St,74,-6.316796372758351,-4.652494408015093
SUNY Albany,71,MA Lowell,83,-13.163496176751917,-14.238798983700297
Appalachian St,81,Marshall,88,-3.019964221943779,0.16629603079518857
Morgan St,49,MD E Shore,66,-20.00282080703169,-15.28346349833095
Rice,70,Memphis,76,-4.818057589699624,7.369641932350132
Akron,73,Miami OH,76,11.189246661258986,6.878792003107033
Northwestern,78,Minnesota,84,11.78237952913321,10.308552144640325
Texas,98,Mississippi St,101,17.79158970367343,8.973566181550307
Florida,74,Missouri,76,26.39081761428366,11.56899502860914
NE Omaha,66,Missouri KC,73,-6.6809771450146105,-16.661368094073026
Towson,48,Monmouth NJ,62,-0.5464166889081582,-3.848522919496683
N Colorado,79,Montana,88,-1.0823524586851767,0.4272721445912008
Northern Arizona,68,Montana St,77,-9.643076515343548,1.0473895970912468
SIUE,72,Morehead St,73,-8.17415727893679,-11.585204401367001
Oral Roberts,77,N Dakota St,79,-11.75823476123825,2.046795939331589
Holy Cross,58,Navy,65,-13.04688731791795,-2.05716253834581
Norfolk St,67,NC Central,69,-13.021484758554106,-16.23054921366116
Fresno St,65,Nevada,66,4.073803256746674,12.180469852648914
Wyoming,58,New Mexico,78,8.357185218844622,14.880097023188116
East Texas A&M,58,Nicholls St,80,-10.24868267858815,-6.207446160282377
Binghamton,65,NJIT,73,-21.707046613042007,-14.80646949052454
S Dakota St,87,North Dakota,90,-1.4024499716884644,-8.39620613812819
New Orleans,68,Northwestern LA,74,-3.575655046476065,-9.19667857822737
E Michigan,67,Ohio,68,-3.580139516277849,-2.458559640908652
Mississippi,70,Oklahoma,86,10.46160439503338,11.432263406894199
Idaho St,87,Portland St,93,-2.6900359146858124,2.2902438567068213
SC Upstate,77,Presbyterian,86,-9.147789259024785,-8.171853518367254
St John's,71,Providence,77,22.387807157714732,11.241342833123284
Wisconsin,73,Purdue,89,16.984647164159234,26.152648451209974
Howard,57,S Carolina St,58,-8.060038874832856,-22.2908843957574
Boise St,107,San Diego St,110,13.415037567503262,14.954913190967044
W Illinois,50,SE Missouri St,73,-21.1486742641898,-6.757013248262701
SE Louisiana,63,SF Austin,73,-8.378711089435738,6.14950134383293
North Carolina,83,SMU,97,20.177147542199364,18.858138555743015
Louisiana,67,Southern Miss,74,-12.137067018502796,-6.948449734643707
TX Southern,73,Southern Univ,84,-14.284509430349972,-11.076179678502223
NC A&T,80,Stony Brook,81,-8.135106985044182,-4.2986893622781555
UTRGV,59,TAM C. Christi,63,-0.22814271103413875,-2.5860191794207728
Baylor,63,TCU,69,15.872210600276453,14.466735878512502
UT San Antonio,57,Temple,76,-15.648689776756592,1.6101601066860876
Ark Little Rock,79,Tennessee St,84,-13.722529134725532,-7.984243030172132
LSU,72,Texas A&M,75,14.712317974153333,19.179102352686098
ULM,79,Texas St,84,-18.229928278847783,-8.993596293102888
Oklahoma St,80,Texas Tech,102,13.86708154452552,22.11626746517065
E Illinois,61,TN Martin,65,-12.380585287610003,-3.7745856292540623
C Michigan,75,Toledo,78,-9.604265919979685,0.3389247220623984
South Alabama,49,Troy,59,-5.806253567999122,0.09710533684838424
CS Fullerton,64,UC Irvine,86,-2.1915793640363734,3.4963503402669383
Kansas,75,UCF,81,23.957485614866563,15.06572674394935
Samford,82,UNC Greensboro,89,-7.386171296092927,-12.065434872466879
Hampton,45,UNC Wilmington,49,-8.456384002540549,2.413830183033299
Air Force,39,UNLV,67,-12.735240615401642,3.1267531403743414
Southern Utah,77,UT Arlington,86,-11.107617721609282,-0.020907387432929244
San Jose St,78,Utah St,96,-3.069027491311642,19.392266810705305
Duquesne,80,VCU,93,4.686016814942015,12.760710460803173
South Carolina,71,Vanderbilt,83,8.258663769478087,24.154102986278797
New Hampshire,61,Vermont,80,-12.508359622828568,-5.418090561445725
Butler,67,Villanova,85,12.436267405379676,18.019965533374403
NC State,61,Virginia,76,21.788929391891067,20.91879714221833
Chattanooga,71,VMI,79,-11.311391432436908,-19.385486784833247
Furman,77,W Carolina,80,-2.2995798984529365,-9.503110725382177
Virginia Tech,78,Wake Forest,81,13.649896701268442,12.26856625050307
CS Sacramento,82,Weber St,95,-6.393255168038442,-2.4753255840285364
Gardner Webb,77,Winthrop,88,-24.646235285714415,1.3368316881639872
Citadel,86,Wofford,95,-15.588927891729995,-5.064308768836391
Cal Baptist,76,Tarleton St,81,2.1953924231003668,-2.827342432024417
Hawaii,73,UC San Diego,83,8.020968123203241,3.4181336664537407
Southern Indiana,80,Lindenwood,83,-14.295320327497267,-7.15310794555327
Bellarmine,76,Queens NC,98,-9.739354468795353,-4.175091457795946
E Kentucky,76,West Georgia,88,-8.312055999179629,-11.903771564516768
Sacred Heart,78,Canisius,82,-10.913977813629936,-17.060558122515523
New Haven,61,Central Conn,72,-14.029552843602488,-10.69680210540559
Marquette,57,Connecticut,73,6.499579672447203,25.10729111927154
Kennesaw,52,Delaware,67,0.6339937118072055,-8.317869143575352
Indiana St,72,Drake,74,-2.4581456880249015,0.7544156025781878
Niagara,75,Fairfield,83,-16.995194255109116,-8.368082465442098
UTEP,64,Florida Intl,76,-6.308444347027473,-1.0098371649423266
Loy Marymount,47,Gonzaga,82,1.5500504379175963,26.12679094319873
Washington,80,Indiana,90,15.817584011338012,18.87384006863379
Cleveland St,71,PFW,74,-10.736414013574178,-5.625687252766425
Jacksonville St,69,Liberty,78,-4.019877384600862,5.976024139614131
Chicago St,55,LIU Brooklyn,74,-16.24969652612226,-3.546335998209576
Iona,38,Marist,83,-5.622253380566301,-1.1747337528313329
New Mexico St,82,Missouri St,89,0.004049809068651347,-2.3667315699870506
Sam Houston St,67,MTSU,68,4.794162125506685,1.2330496506793978
Bradley,66,Murray St,86,3.590955518992814,7.098433930540837
Youngstown St,79,N Kentucky,94,-2.8049667940666527,-2.4537270857196694
Tulsa,67,North Texas,72,12.474016558063923,0.7410214367989679
Evansville,48,Northern Iowa,62,-7.795268693393136,5.785582448008606
Robert Morris,73,Oakland,96,-3.837549906546749,1.2988617496209411
Pepperdine,69,Pacific,74,-5.588454031414728,4.378468361891341
Mt St Mary's,69,Quinnipiac,80,-11.970313880036324,-3.997091735107692
Fordham,75,Richmond,83,-0.05904195752884017,3.374354993392689
Belmont,67,S Illinois,68,10.045584450409333,3.3850180919715123
Portland,68,San Francisco,73,-0.9276049727698782,6.276755571400898
San Diego,70,Santa Clara,98,-2.184946658816856,16.697031882728538
Creighton,54,Seton Hall,56,10.984102719717837,13.61217858159576
Rider,65,Siena,74,-17.261706725421675,-3.3587700316394775
F Dickinson,82,St Francis PA,85,-14.479566581615781,-18.95162660287704
Seattle,76,St Mary's CA,93,4.296087924139515,16.908220628065287
FL Atlantic,66,Tulane,69,6.351804649646517,-1.5078676189201856
South Florida,106,UAB,109,10.967070575235171,4.233612921761928
IL Chicago,59,Valparaiso,66,1.7665509943221132,0.7826673040916575
Louisiana Tech,61,WKU,66,-5.691689472397247,0.4252617180430557
Oregon St,67,Washington St,81,-0.9699153817654318,4.5380550036221035
IUPUI,77,Wright St,81,-12.491570369997088,1.3021861730347852
Manhattan,66,Merrimack,73,-15.274581333554556,-5.674283720960461
Denver,88,St Thomas MN,92,-6.718963056154548,2.882581967815671
Wagner,60,Stonehill,69,-12.601506934083272,-13.871167902361144
Le Moyne,60,Mercyhurst,74,-9.839160736172351,-9.513220387331831
MS Valley St,51,Alabama A&M,71,-28.348205063722833,-12.721138316688517
Alabama St,79,Ark Pine Bluff,90,-13.932727716177093,-13.668354319462967
William & Mary,79,Col Charleston,88,1.656572728906202,-0.4606347634581468
Cornell,99,Columbia,104,-2.5897361889852073,-1.1455860463245808
Harvard,68,Dartmouth,76,-1.9259472947129983,-5.458928015720884
TX Southern,67,Grambling,84,-14.284509430349972,-10.144108684165358
SF Austin,64,McNeese St,66,6.14950134383293,8.413093453200572
USC,51,Michigan St,80,13.985005389761836,24.386031921594633
Ohio St,69,Nebraska,72,16.95643641170654,23.21892114201473
East Texas A&M,73,New Orleans,83,-10.24868267858815,-3.575655046476065
Northwestern LA,72,Nicholls St,74,-9.19667857822737,-6.207446160282377
Southern Univ,85,Prairie View,89,-11.076179678502223,-14.826501312313303
Penn,76,Princeton,78,-2.0570696017200927,-5.435545860544262
Oregon,85,Rutgers,88,8.997587225487342,2.795178359596027
Lamar,52,SE Louisiana,60,-2.214271862878108,-8.378711089435738
Houston Chr,65,TAM C. Christi,81,-9.978893333224674,-2.5860191794207728
Incarnate Word,67,UTRGV,80,-5.547585347287668,-0.22814271103413875
WI Milwaukee,76,WI Green Bay,79,-6.744387041618924,-5.7700409143629
Brown,53,Yale,70,-9.277418865214003,8.176250244240705
C Michigan,69,Akron,82,-9.604265919979685,11.189246661258986
G Washington,72,Dayton,79,9.857746736889899,7.453720484555427
Georgetown,50,DePaul,56,8.097403188054626,7.564957311061451
Louisville,73,Duke,84,24.611732488445927,30.47631292494664
Ball St,52,E Michigan,74,-11.502717502859307,-3.580139516277849
Lindenwood,62,SIUE,66,-7.15310794555327,-8.17415727893679
Georgia,77,Florida,92,20.02973847054447,26.39081761428366
San Jose St,55,Fresno St,70,-3.069027491311642,4.073803256746674
Texas Tech,65,Houston,69,22.11626746517065,25.82056645334507
TCU,100,Kansas,104,14.466735878512502,23.957485614866563
Bowling Green,93,Kent,96,3.589447698727336,1.3438007614795435
W Michigan,76,Miami OH,87,-7.971093026343999,6.878792003107033
Penn St,72,Michigan,74,5.083955436049424,34.00895201746655
Iowa,67,Minnesota,70,21.236487010988846,10.308552144640325
Boston College,71,NC State,79,3.54890302348592,21.788929391891067
Colorado St,70,New Mexico,80,8.035917066741126,14.880097023188116
Massachusetts,83,Ohio,86,-0.4961988777783989,-2.458559640908652
UCF,76,Oklahoma St,87,15.06572674394935,13.86708154452552
Nevada,68,San Diego St,73,12.180469852648914,14.954913190967044
LSU,68,South Carolina,78,14.712317974153333,8.258663769478087
Butler,70,St John's,84,12.436267405379676,22.387807157714732
Georgia Tech,72,Syracuse,82,4.81995930743693,11.66262825734674
Texas,71,Tennessee,85,17.79158970367343,22.52532774922322
Auburn,88,Texas A&M,90,19.144250770747117,19.179102352686098
N Illinois,61,Toledo,75,-10.69931700103686,0.3389247220623984
Air Force,62,Utah St,99,-12.735240615401642,19.392266810705305
Cincinnati,60,West Virginia,62,12.416982907123183,12.114842312208815
UCLA,72,Wisconsin,80,17.20134853209326,16.984647164159234
UNLV,66,Wyoming,98,3.1267531403743414,8.357185218844622
Kansas St,76,Arizona,101,10.199483531346415,29.622564216561056
Mississippi,87,Arkansas,94,10.46160439503338,21.77145836677927
Troy,74,Arkansas St,86,0.09710533684838424,-2.643647731191786
Northern Iowa,65,Belmont,78,5.785582448008606,10.045584450409333
Lafayette,67,Boston Univ,83,-12.102088387400759,-9.831287835150842
Drake,66,Bradley,93,0.7544156025781878,3.590955518992814
Arizona St,76,BYU,104,10.603952967409308,22.96623370113013
UT San Antonio,58,Charlotte,74,-15.648689776756592,1.2042231354891468
SMU,70,Clemson,74,18.858138555743015,17.882590338253785
American Univ,62,Colgate,64,-6.396969179237704,-3.5300665357659207
Utah,73,Colorado,85,6.364077339194109,10.951503521035468
Providence,98,Connecticut,103,11.241342833123284,25.10729111927154
Villanova,72,Creighton,76,18.019965533374403,10.984102719717837
Loyola-Chicago,64,Davidson,79,-7.919700317024193,6.002686977751972
VMI,67,ETSU,81,-19.385486784833247,1.9085058569619273
UAB,71,FL Atlantic,76,4.233612921761928,6.351804649646517
Chattanooga,67,Furman,78,-11.311391432436908,-2.2995798984529365
Fordham,58,George Mason,67,-0.05904195752884017,8.095174888899992
Boise St,58,Grand Canyon,75,13.415037567503262,11.357472832207115
Gardner Webb,49,High Point,104,-24.646235285714415,7.455157949413491
S Illinois,57,IL Chicago,70,3.3850180919715123,1.7665509943221132
Maryland,66,Indiana,84,2.5510536362520244,18.87384006863379
Baylor,60,Iowa St,70,15.872210600276453,28.277104289911488
Youngstown St,69,PFW,71,-2.8049667940666527,-5.625687252766425
Florida Intl,64,Jacksonville St,71,-1.0098371649423266,-4.019877384600862
Missouri St,80,Kennesaw,90,-2.3667315699870506,0.6339937118072055
Rhode Island,72,La Salle,79,4.372881568912538,-4.388475820600071
Holy Cross,58,Lehigh,66,-13.04688731791795,-10.370556306684765
Army,76,Loyola MD,84,-14.42534764296668,-13.377750243521636
Xavier,65,Marquette,66,7.778365709841898,6.499579672447203
James Madison,64,Marshall,66,-6.42260170209562,0.16629603079518857
Citadel,63,Mercer,101,-15.588927891729995,0.5840288415363489
Wake Forest,77,Miami FL,81,12.26856625050307,17.78517891833293
Oklahoma,53,Mississippi St,72,11.432263406894199,8.973566181550307
Kentucky,68,Missouri,73,20.62694485238151,11.56899502860914
Evansville,69,Murray St,79,-7.795268693393136,7.098433930540837
Bucknell,55,Navy,76,-13.096288524993339,-2.05716253834581
Washington,73,Purdue,81,15.817584011338012,26.152648451209974
Presbyterian,61,Radford,80,-8.171853518367254,-6.409728237299939
Wichita St,64,Rice,66,8.433712769495724,-4.818057589699624
St Bonaventure,80,Richmond,89,2.3358205694267835,3.374354993392689
W Carolina,77,Samford,82,-9.503110725382177,-7.386171296092927
North Texas,70,South Florida,74,0.7410214367989679,10.967070575235171
Duquesne,90,St Joseph's PA,97,4.686016814942015,0.6346552500089729
VCU,62,St Louis,71,12.760710460803173,21.74212133595362
Virginia Tech,68,Stanford,69,13.649896701268442,11.495746482735854
East Carolina,67,Temple,75,-6.938769569086803,1.6101601066860876
Longwood,61,UNC Asheville,72,-9.004272423423975,-4.515129557592766
Illinois St,71,Valparaiso,77,8.933861719167899,0.7826673040916575
Alabama,90,Vanderbilt,96,22.89926309681164,24.154102986278797
California,60,Virginia,84,13.447545319841446,20.91879714221833
Charleston So,77,Winthrop,81,-6.340856798534731,1.3368316881639872
UNC Greensboro,85,Wofford,97,-12.065434872466879,-5.064308768836391
South Dakota,86,St Thomas MN,99,-8.241126626447448,2.882581967815671
Tarleton St,80,Abilene Chr,84,-2.827342432024417,-7.721991269551377
Georgia St,50,Appalachian St,52,-9.841027531814934,-3.019964221943779
SIUE,70,Ark Little Rock,73,-8.17415727893679,-13.722529134725532
FGCU,71,Austin Peay,82,-4.349217773076286,-0.6575938360595827
Hampton,72,Campbell,86,-8.456384002540549,-4.608704820965019
Stonehill,69,Central Conn,76,-13.871167902361144,-10.69680210540559
UC Riverside,66,CS Bakersfield,67,-8.761132749466462,-10.961124093729158
UC San Diego,71,CS Fullerton,88,3.4181336664537407,-2.1915793640363734
Cal Poly,90,CS Northridge,95,-6.316796372758351,-2.1109082342198446
Stony Brook,37,Drexel,56,-4.2986893622781555,-3.932084854527281
Tennessee Tech,61,E Illinois,71,-14.281089336240143,-12.380585287610003
North Alabama,80,E Kentucky,88,-15.019555502687506,-8.312055999179629
NC A&T,64,Elon,69,-8.135106985044182,-1.7109036279344259
Chicago St,63,F Dickinson,70,-16.24969652612226,-14.479566581615781
Santa Clara,77,Gonzaga,89,16.697031882728538,26.12679094319873
Towson,67,Hofstra,78,-0.5464166889081582,2.086644182827586
Rutgers,55,Illinois,81,2.795178359596027,27.558451754312838
Louisiana Tech,56,Liberty,72,-5.691689472397247,5.976024139614131
Mercyhurst,58,LIU Brooklyn,60,-9.513220387331831,-3.546335998209576
San Francisco,82,Loy Marymount,84,6.276755571400898,1.5500504379175963
Bryant,63,MA Lowell,77,-15.975655117989465,-14.238798983700297
Northwestern,66,Michigan St,76,11.78237952913321,24.386031921594633
William & Mary,70,Monmouth NJ,81,1.656572728906202,-3.848522919496683
Idaho,73,Montana,79,-0.860099995525089,0.4272721445912008
E Washington,64,Montana St,68,-5.263958334345224,1.0473895970912468
Idaho St,72,N Colorado,85,-2.6900359146858124,-1.0823524586851767
Missouri KC,73,N Dakota St,97,-16.661368094073026,2.046795939331589
North Dakota,79,NE Omaha,90,-8.39620613812819,-6.6809771450146105
WKU,64,New Mexico St,80,0.4252617180430557,0.004049809068651347
New Hampshire,76,NJIT,80,-12.508359622828568,-14.80646949052454
Oregon,62,Ohio St,72,8.997587225487342,16.95643641170654
Coastal Car,66,Old Dominion,70,-7.357081216042199,-8.261680554358493
Seattle,55,Oregon St,68,4.296087924139515,-0.9699153817654318
Pacific,89,Portland,90,4.378468361891341,-0.9276049727698782
Denver,79,S Dakota St,87,-6.718963056154548,-1.4024499716884644
Delaware,60,Sam Houston St,72,-8.317869143575352,4.794162125506685
Pepperdine,63,San Diego,83,-5.588454031414728,-2.184946658816856
Southern Indiana,76,SE Missouri St,84,-14.295320327497267,-6.757013248262701
Texas St,70,Southern Miss,80,-8.993596293102888,-6.948449734643707
Wagner,69,St Francis PA,71,-12.601506934083272,-18.95162660287704
Lipscomb,83,Stetson,91,-2.2704298007365584,-14.070523158103668
W Illinois,68,Tennessee St,90,-21.1486742641898,-7.984243030172132
Morehead St,68,TN Martin,76,-11.585204401367001,-3.7745856292540623
UC Santa Barbara,86,UC Davis,93,3.2846658019866024,-0.8434486910801374
Long Beach St,64,UC Irvine,74,-4.652494408015093,3.4963503402669383
ULM,79,Louisiana,85,-18.229928278847783,-12.137067018502796
Maine,62,UMBC,69,-16.277077360329795,-8.519516689602433
Northeastern,78,UNC Wilmington,87,-6.463460575559628,2.413830183033299
Southern Utah,72,Utah Valley,89,-11.107617721609282,6.639639918156236
MTSU,80,UTEP,83,1.2330496506793978,-6.308444347027473
Binghamton,59,Vermont,60,-21.707046613042007,-5.418090561445725
Northern Arizona,65,Weber St,78,-9.643076515343548,-2.4753255840285364
Utah Tech,72,Cal Baptist,84,-3.4850425266828218,2.1953924231003668
Cent Arkansas,78,Bellarmine,84,-1.5873241521362738,-9.739354468795353
Jacksonville,51,Queens NC,77,-10.526145762510124,-4.175091457795946
New Haven,47,Le Moyne,73,-14.029552843602488,-9.839160736172351
North Florida,73,West Georgia,85,-15.534483522416355,-11.903771564516768
Bowling Green,67,Akron,77,3.589447698727336,11.189246661258986
Manhattan,64,Canisius,70,-15.274581333554556,-17.060558122515523
UNLV,62,Colorado St,70,3.1267531403743414,8.035917066741126
Rider,62,Fairfield,68,-17.261706725421675,-8.368082465442098
Niagara,53,Iona,71,-16.995194255109116,-5.622253380566301
Sacred Heart,72,Marist,76,-10.913977813629936,-1.1747337528313329
Toledo,73,Miami OH,87,0.3389247220623984,6.878792003107033
St Peter's,65,Mt St Mary's,70,-6.3187048872930385,-11.970313880036324
WI Milwaukee,67,N Kentucky,85,-6.744387041618924,-2.4537270857196694
Cleveland St,74,Oakland,97,-10.736414013574178,1.2988617496209411
Minnesota,69,USC,70,10.308552144640325,13.985005389761836
IUPUI,59,WI Green Bay,75,-12.491570369997088,-5.7700409143629
Detroit,82,Wright St,84,-7.342812147525938,1.3021861730347852
Siena,59,Merrimack,63,-3.3587700316394775,-5.674283720960461
Bryant,46,SUNY Albany,71,-15.975655117989465,-13.163496176751917
Alabama A&M,62,Alcorn St,64,-12.721138316688517,-20.10652752334088
TCU,73,Arizona,86,14.466735878512502,29.622564216561056
Kansas St,84,Arizona St,87,10.199483531346415,10.603952967409308
Lindenwood,74,Ark Little Rock,82,-7.15310794555327,-13.722529134725532
TX Southern,66,Ark Pine Bluff,74,-14.284509430349972,-13.668354319462967
Texas St,82,Arkansas St,83,-8.993596293102888,-2.643647731191786
Arkansas,73,Auburn,95,21.77145836677927,19.144250770747117
Stetson,69,Austin Peay,81,-14.070523158103668,-0.6575938360595827
Drake,76,Belmont,78,0.7544156025781878,10.045584450409333
Grambling,65,Bethune-Cookman,74,-10.144108684165358,-7.810451810139458
Army,91,Boston Univ,100,-14.42534764296668,-9.831287835150842
Northern Iowa,69,Bradley,75,5.785582448008606,3.590955518992814
Loyola MD,67,Bucknell,70,-13.377750243521636,-13.096288524993339
Utah,84,BYU,89,6.364077339194109,22.96623370113013
Kent,85,C Michigan,87,1.3438007614795435,-9.604265919979685
UC Davis,78,Cal Poly,84,-0.8434486910801374,-6.316796372758351
Le Moyne,59,Central Conn,69,-9.839160736172351,-10.69680210540559
Samford,79,Chattanooga,88,-7.386171296092927,-11.311391432436908
W Carolina,77,Citadel,79,-9.503110725382177,-15.588927891729995
Notre Dame,61,Clemson,76,10.06327913551909,17.882590338253785
Appalachian St,62,Coastal Car,67,-3.019964221943779,-7.357081216042199
Hampton,70,Col Charleston,74,-8.456384002540549,-0.4606347634581468
DePaul,60,Connecticut,72,7.564957311061451,25.10729111927154
CS Northridge,79,CS Fullerton,86,-2.1109082342198446,-2.1915793640363734
Cornell,91,Dartmouth,102,-2.5897361889852073,-5.458928015720884
William & Mary,58,Drexel,64,1.656572728906202,-3.932084854527281
SMU,75,Duke,82,18.858138555743015,30.47631292494664
Tennessee St,70,E Illinois,74,-7.984243030172132,-12.380585287610003
Cent Arkansas,75,E Kentucky,79,-1.5873241521362738,-8.312055999179629
Montana,65,E Washington,66,0.4272721445912008,-5.263958334345224
Campbell,82,Elon,83,-4.608704820965019,-1.7109036279344259
UNC Greensboro,60,ETSU,86,-12.065434872466879,1.9085058569619273
Indiana St,69,Evansville,72,-2.4581456880249015,-7.795268693393136
Tennessee,67,Florida,91,22.52532774922322,26.39081761428366
Southern Univ,59,Florida A&M,67,-11.076179678502223,-14.958411699952181
St Bonaventure,77,Fordham,81,2.3358205694267835,-0.05904195752884017
VMI,48,Furman,69,-19.385486784833247,-2.2995798984529365
Loyola-Chicago,66,G Washington,101,-7.919700317024193,9.857746736889899
VCU,80,George Mason,86,12.760710460803173,8.095174888899992
South Carolina,70,Georgia,75,8.258663769478087,20.02973847054447
Marshall,73,Georgia St,81,0.16629603079518857,-9.841027531814934
San Jose St,58,Grand Canyon,76,-3.069027491311642,11.357472832207115
Columbia,54,Harvard,79,-1.1455860463245808,-1.9259472947129983
UC Irvine,66,Hawaii,67,3.4963503402669383,8.020968123203241
Charleston So,82,High Point,84,-6.340856798534731,7.455157949413491
Monmouth NJ,64,Hofstra,67,-3.848522919496683,2.086644182827586
American Univ,73,Holy Cross,84,-6.396969179237704,-13.04688731791795
Baylor,55,Houston,77,15.872210600276453,25.82056645334507
Montana St,89,Idaho,92,1.0473895970912468,-0.860099995525089
Northern Arizona,79,Idaho St,81,-9.643076515343548,-2.6900359146858124
Illinois St,59,IL Chicago,63,8.933861719167899,1.7665509943221132
Oklahoma St,71,Iowa St,83,13.86708154452552,28.277104289911488
Alabama St,64,Jackson St,75,-13.932727716177093,-19.547308217380763
West Georgia,43,Jacksonville,75,-11.903771564516768,-10.526145762510124
Old Dominion,69,James Madison,70,-8.261680554358493,-6.42260170209562
Jacksonville St,82,Kennesaw,88,-4.019877384600862,0.6339937118072055
Mississippi St,68,Kentucky,92,8.973566181550307,20.62694485238151
Incarnate Word,51,Lamar,63,-5.547585347287668,-2.214271862878108
Colgate,77,Lehigh,78,-3.5300665357659207,-10.370556306684765
Sam Houston St,74,Liberty,82,4.794162125506685,5.976024139614131
FGCU,77,Lipscomb,84,-4.349217773076286,-2.2704298007365584
CS Bakersfield,75,Long Beach St,81,-10.961124093729158,-4.652494408015093
St Francis PA,63,LIU Brooklyn,67,-18.95162660287704,-3.546335998209576
Presbyterian,70,Longwood,77,-8.171853518367254,-9.004272423423975
Delaware,68,Louisiana Tech,70,-8.317869143575352,-5.691689472397247
Boston College,62,Louisville,75,3.54890302348592,24.611732488445927
Binghamton,68,MA Lowell,73,-21.707046613042007,-14.238798983700297
NJIT,70,Maine,74,-14.80646949052454,-16.277077360329795
Ball St,71,Massachusetts,79,-11.502717502859307,-0.4961988777783989
SE Louisiana,61,McNeese St,73,-8.378711089435738,8.413093453200572
Howard,57,MD E Shore,69,-8.060038874832856,-15.28346349833095
Wofford,97,Mercer,109,-5.064308768836391,0.5840288415363489
Georgia Tech,81,Miami FL,91,4.81995930743693,17.78517891833293
Missouri,69,Mississippi,76,11.56899502860914,10.46160439503338
Florida Intl,71,Missouri St,79,-1.0098371649423266,-2.3667315699870506
SE Missouri St,69,Morehead St,71,-6.757013248262701,-11.585204401367001
S Carolina St,67,Morgan St,72,-22.2908843957574,-20.00282080703169
New Mexico St,55,MTSU,59,0.004049809068651347,1.2330496506793978
Valparaiso,79,Murray St,92,0.7826673040916575,7.098433930540837
NE Omaha,76,N Dakota St,78,-6.6809771450146105,2.046795939331589
Lafayette,50,Navy,76,-12.102088387400759,-2.05716253834581
Coppin St,77,NC Central,88,-27.640739737591698,-16.23054921366116
Florida St,69,NC State,113,8.465280031603305,21.788929391891067
Indiana,77,Nebraska,83,18.87384006863379,23.21892114201473
Wyoming,83,Nevada,92,8.357185218844622,12.180469852648914
Air Force,49,New Mexico,91,-12.735240615401642,14.880097023188116
New Orleans,77,Nicholls St,90,-3.575655046476065,-6.207446160282377
Delaware St,64,Norfolk St,66,-20.10207053375217,-13.021484758554106
Wake Forest,84,North Carolina,87,12.26856625050307,20.177147542199364
Missouri KC,79,North Dakota,81,-16.661368094073026,-8.39620613812819
TAM C. Christi,78,Northwestern LA,79,-2.5860191794207728,-9.19667857822737
Buffalo,80,Ohio,91,-1.2829899801500664,-2.458559640908652
San Diego,70,Pacific,77,-2.184946658816856,4.378468361891341
Brown,73,Penn,81,-9.277418865214003,-2.0570696017200927
Oregon St,76,Portland,82,-0.9699153817654318,-0.9276049727698782
CS Sacramento,69,Portland St,96,-6.393255168038442,2.2902438567068213
MS Valley St,69,Prairie View,70,-28.348205063722833,-14.826501312313303
Yale,60,Princeton,76,8.176250244240705,-5.435545860544262
Penn St,85,Purdue,93,5.083955436049424,26.152648451209974
Davidson,45,Rhode Island,70,6.002686977751972,4.372881568912538
Fresno St,52,San Diego St,71,4.073803256746674,14.954913190967044
Pepperdine,60,San Francisco,80,-5.588454031414728,6.276755571400898
Loy Marymount,72,Santa Clara,103,1.5500504379175963,16.697031882728538
Georgetown,67,Seton Hall,76,8.097403188054626,13.61217858159576
Houston Chr,67,SF Austin,85,-9.978893333224674,6.14950134383293
Ga Southern,71,South Alabama,87,-8.452463657169565,-5.806253567999122
Denver,72,South Dakota,82,-6.718963056154548,-8.241126626447448
Tulsa,78,South Florida,93,12.474016558063923,10.967070575235171
ULM,60,Southern Miss,70,-18.229928278847783,-6.948449734643707
Creighton,73,St John's,90,10.984102719717837,22.387807157714732
La Salle,72,St Louis,84,-4.388475820600071,21.74212133595362
Washington St,82,St Mary's CA,88,4.5380550036221035,16.908220628065287
Pittsburgh,72,Syracuse,83,8.195075774872146,11.66262825734674
W Illinois,54,Tennessee Tech,59,-21.1486742641898,-14.281089336240143
Alabama,88,Texas,92,22.89926309681164,17.79158970367343
Oklahoma,76,Texas A&M,83,11.432263406894199,19.179102352686098
Colorado,71,Texas Tech,73,10.951503521035468,22.11626746517065
Southern Indiana,56,TN Martin,73,-14.295320327497267,-3.7745856292540623
Northeastern,78,Towson,87,-6.463460575559628,-0.5464166889081582
Louisiana,70,Troy,90,-12.137067018502796,0.09710533684838424
UT San Antonio,52,Tulane,85,-15.648689776756592,-1.5078676189201856
Maryland,55,UCLA,67,2.5510536362520244,17.20134853209326
New Hampshire,74,UMBC,75,-12.508359622828568,-8.519516689602433
Radford,72,UNC Asheville,91,-6.409728237299939,-4.515129557592766
Stony Brook,71,UNC Wilmington,75,-4.2986893622781555,2.413830183033299
Abilene Chr,72,UT Arlington,82,-7.721991269551377,-0.020907387432929244
Boise St,68,Utah St,93,13.415037567503262,19.392266810705305
Utah Tech,76,Utah Valley,92,-3.4850425266828218,6.639639918156236
LSU,73,Vanderbilt,84,14.712317974153333,24.154102986278797
Marquette,73,Villanova,76,6.499579672447203,18.019965533374403
Stanford,55,Virginia,70,11.495746482735854,20.91879714221833
California,75,Virginia Tech,78,13.447545319841446,13.649896701268442
UTEP,56,WKU,68,-6.308444347027473,0.4252617180430557
E Michigan,62,W Michigan,79,-3.580139516277849,-7.971093026343999
N Colorado,71,Weber St,76,-1.0823524586851767,-2.4753255840285364
Kansas,75,West Virginia,86,23.957485614866563,12.114842312208815
SC Upstate,50,Winthrop,71,-9.147789259024785,1.3368316881639872
Michigan,88,Wisconsin,91,34.00895201746655,16.984647164159234
Providence,84,Xavier,97,11.241342833123284,7.778365709841898
Southern Utah,55,Cal Baptist,58,-11.107617721609282,2.1953924231003668
Bellarmine,73,North Alabama,82,-9.739354468795353,-15.019555502687506
UC Riverside,66,UC San Diego,69,-8.761132749466462,3.4181336664537407
Oral Roberts,71,St Thomas MN,82,-11.75823476123825,2.882581967815671
North Florida,82,Queens NC,89,-15.534483522416355,-4.175091457795946
Chicago St,82,Stonehill,85,-16.24969652612226,-13.871167902361144
UTRGV,69,East Texas A&M,77,-0.22814271103413875,-10.24868267858815
Wagner,69,Mercyhurst,70,-12.601506934083272,-9.513220387331831
F Dickinson,55,New Haven,65,-14.479566581615781,-14.029552843602488
Rice,73,Charlotte,74,-4.818057589699624,1.2042231354891468
Cleveland St,84,Detroit,94,-10.736414013574178,-7.342812147525938
Memphis,78,FL Atlantic,89,7.369641932350132,6.351804649646517
Iowa,69,Illinois,75,21.236487010988846,27.558451754312838
Canisius,48,Iona,74,-17.060558122515523,-5.622253380566301
Robert Morris,74,PFW,79,-3.837549906546749,-5.625687252766425
Niagara,70,Manhattan,79,-16.995194255109116,-15.274581333554556
Rider,49,Marist,71,-17.261706725421675,-1.1747337528313329
Sacred Heart,60,Quinnipiac,70,-10.913977813629936,-3.997091735107692
Northwestern,75,Rutgers,77,11.78237952913321,2.795178359596027
Mt St Mary's,50,Siena,67,-11.970313880036324,-3.3587700316394775
Richmond,65,St Joseph's PA,67,3.374354993392689,0.6346552500089729
Merrimack,63,St Peter's,76,-5.674283720960461,-6.3187048872930385
East Carolina,85,UAB,87,-6.938769569086803,4.233612921761928
Cincinnati,72,UCF,73,12.416982907123183,15.06572674394935
Ohio St,74,Washington,81,16.95643641170654,15.817584011338012
N Kentucky,78,WI Green Bay,80,-2.4537270857196694,-5.7700409143629
IUPUI,83,WI Milwaukee,95,-12.491570369997088,-6.744387041618924
North Texas,67,Wichita St,78,0.7410214367989679,8.433712769495724
Oakland,84,Wright St,94,1.2988617496209411,1.3021861730347852
Jackson St,91,Alabama A&M,100,-19.547308217380763,-12.721138316688517
Alcorn St,66,Alabama St,81,-20.10652752334088,-13.932727716177093
Navy,51,American Univ,65,-2.05716253834581,-6.396969179237704
Grambling,84,Florida A&M,91,-10.144108684165358,-14.958411699952181
Delaware St,58,Howard,84,-20.10207053375217,-8.060038874832856
Houston Chr,56,Lamar,64,-9.978893333224674,-2.214271862878108
Nicholls St,68,McNeese St,94,-6.207446160282377,8.413093453200572
Norfolk St,70,MD E Shore,74,-13.021484758554106,-15.28346349833095
Morgan St,78,NC Central,89,-20.00282080703169,-16.23054921366116
SE Louisiana,76,New Orleans,79,-8.378711089435738,-3.575655046476065
UTRGV,63,Northwestern LA,64,-0.22814271103413875,-9.19667857822737
Ark Pine Bluff,61,Prairie View,73,-13.668354319462967,-14.826501312313303
Coppin St,72,S Carolina St,74,-27.640739737591698,-22.2908843957574
Incarnate Word,46,SF Austin,56,-5.547585347287668,6.14950134383293
Bethune-Cookman,73,Southern Univ,77,-7.810451810139458,-11.076179678502223
East Texas A&M,50,TAM C. Christi,61,-10.24868267858815,-2.5860191794207728
MS Valley St,51,TX Southern,84,-28.348205063722833,-14.284509430349972
Ball St,77,Akron,87,-11.502717502859307,11.189246661258986
Mississippi St,82,Alabama,97,8.973566181550307,22.89926309681164
Oklahoma St,79,Baylor,94,13.86708154452552,15.872210600276453
Valparaiso,74,Belmont,78,0.7826673040916575,10.045584450409333
Evansville,90,Bradley,94,-7.795268693393136,3.590955518992814
Boston College,50,Clemson,74,3.54890302348592,17.882590338253785
Seton Hall,64,Connecticut,69,13.61217858159576,25.10729111927154
Georgetown,83,Creighton,86,8.097403188054626,10.984102719717837
Duquesne,65,Dayton,71,4.686016814942015,7.453720484555427
W Illinois,55,E Illinois,57,-21.1486742641898,-12.380585287610003
N Illinois,59,E Michigan,77,-10.69931700103686,-3.580139516277849
Oklahoma,79,Florida,96,11.432263406894199,26.39081761428366
Colorado St,69,Fresno St,79,8.035917066741126,4.073803256746674
Loyola-Chicago,74,George Mason,82,-7.919700317024193,8.095174888899992
West Virginia,48,Houston,77,12.114842312208815,25.82056645334507
Northern Iowa,61,IL Chicago,69,5.785582448008606,1.7665509943221132
Iowa St,63,Kansas,84,28.277104289911488,23.957485614866563
Buffalo,81,Kent,87,-1.2829899801500664,1.3438007614795435
W Michigan,82,Massachusetts,85,-7.971093026343999,-0.4961988777783989
Notre Dame,69,Miami FL,81,10.06327913551909,17.78517891833293
C Michigan,61,Miami OH,100,-9.604265919979685,6.878792003107033
Indiana,60,Michigan St,81,18.87384006863379,24.386031921594633
Oregon,55,Nebraska,90,8.997587225487342,23.21892114201473
Grand Canyon,64,New Mexico,87,11.357472832207115,14.880097023188116
Air Force,62,San Jose St,70,-12.735240615401642,-3.069027491311642
Marquette,68,St John's,92,6.499579672447203,22.387807157714732
San Francisco,68,St Mary's CA,82,6.276755571400898,16.908220628065287
Florida St,86,Syracuse,94,8.465280031603305,11.66262825734674
Texas A&M,82,Tennessee,87,19.179102352686098,22.52532774922322
Ohio,85,Toledo,101,-2.458559640908652,0.3389247220623984
Boise St,85,UNLV,89,13.415037567503262,3.1267531403743414
Maryland,71,USC,88,2.5510536362520244,13.985005389761836
Providence,82,Villanova,88,11.241342833123284,18.019965533374403
Louisville,70,Virginia,79,24.611732488445927,20.91879714221833
Minnesota,75,Wisconsin,78,10.308552144640325,16.984647164159234
Arizona St,82,Arizona,89,10.603952967409308,29.622564216561056
South Carolina,74,Arkansas,108,8.258663769478087,21.77145836677927
Lafayette,69,Bucknell,76,-12.102088387400759,-13.096288524993339
TCU,70,BYU,76,14.466735878512502,22.96623370113013
Wofford,67,Chattanooga,76,-5.064308768836391,-11.311391432436908
Colorado,68,Cincinnati,77,10.951503521035468,12.416982907123183
Marshall,83,Coastal Car,85,0.16629603079518857,-7.357081216042199
Loyola MD,80,Colgate,86,-13.377750243521636,-3.5300665357659207
G Washington,79,Davidson,84,9.857746736889899,6.002686977751972
Oral Roberts,87,Denver,98,-11.75823476123825,-6.718963056154548
S Illinois,73,Drake,76,3.3850180919715123,0.7544156025781878
California,56,Duke,71,13.447545319841446,30.47631292494664
Manhattan,62,Fairfield,98,-15.274581333554556,-8.368082465442098
Samford,73,Furman,77,-7.386171296092927,-2.2995798984529365
Army,75,Holy Cross,82,-14.42534764296668,-13.04688731791795
Northwestern,68,Illinois,79,11.78237952913321,27.558451754312838
Illinois St,89,Indiana St,94,8.933861719167899,-2.4581456880249015
Florida Intl,86,Kennesaw,89,-1.0098371649423266,0.6339937118072055
LSU,74,Kentucky,75,14.712317974153333,20.62694485238151
Boston Univ,91,Lehigh,93,-9.831287835150842,-10.370556306684765
MTSU,58,Louisiana Tech,59,1.2330496506793978,-5.691689472397247
Temple,53,Memphis,55,1.6101601066860876,7.369641932350132
Washington,72,Michigan,82,15.817584011338012,34.00895201746655
Georgia,95,Mississippi,97,20.02973847054447,10.46160439503338
Auburn,74,Missouri,84,19.144250770747117,11.56899502860914
S Dakota St,65,N Dakota St,76,-1.4024499716884644,2.046795939331589
Canisius,54,Niagara,59,-17.060558122515523,-16.995194255109116
Loy Marymount,70,Oregon St,76,1.5500504379175963,-0.9699153817654318
Portland,63,Pepperdine,67,-0.9276049727698782,-5.588454031414728
Georgia Tech,66,Pittsburgh,89,4.81995930743693,8.195075774872146
UNC Asheville,70,Presbyterian,71,-4.515129557592766,-8.171853518367254
Iowa,72,Purdue,79,21.236487010988846,26.152648451209974
Gardner Webb,80,Radford,89,-24.646235285714415,-6.409728237299939
UT San Antonio,73,Rice,89,-15.648689776756592,-4.818057589699624
La Salle,53,Richmond,74,-4.388475820600071,3.374354993392689
Iona,68,Rider,72,-5.622253380566301,-17.261706725421675
Siena,80,Sacred Heart,86,-3.3587700316394775,-10.913977813629936
Jacksonville St,62,Sam Houston St,77,-4.019877384600862,4.794162125506685
Wyoming,57,San Diego St,74,8.357185218844622,14.954913190967044
Pacific,69,Santa Clara,85,4.378468361891341,16.697031882728538
Charleston So,81,SC Upstate,86,-6.340856798534731,-9.147789259024785
Virginia Tech,76,SMU,77,13.649896701268442,18.858138555743015
East Carolina,71,South Florida,82,-6.938769569086803,10.967070575235171
St Bonaventure,64,St Joseph's PA,68,2.3358205694267835,0.6346552500089729
Fordham,56,St Louis,78,-0.05904195752884017,21.74212133595362
Quinnipiac,70,St Peter's,74,-3.997091735107692,-6.3187048872930385
North Carolina,90,Stanford,95,20.177147542199364,11.495746482735854
Vanderbilt,64,Texas,80,24.154102986278797,17.79158970367343
Louisiana,54,Texas St,59,-12.137067018502796,-8.993596293102888
Utah,74,Texas Tech,88,6.364077339194109,22.11626746517065
Southern Miss,65,Troy,91,-6.948449734643707,0.09710533684838424
Charlotte,74,Tulsa,86,1.2042231354891468,12.474016558063923
Tulane,69,UAB,82,-1.5078676189201856,4.233612921761928
Kansas St,73,UCF,82,10.199483531346415,15.06572674394935
Penn St,60,UCLA,71,5.083955436049424,17.20134853209326
Nevada,62,Utah St,71,12.180469852648914,19.392266810705305
Rhode Island,75,VCU,84,4.372881568912538,12.760710460803173
ETSU,68,W Carolina,72,1.9085058569619273,-9.503110725382177
Missouri St,72,WKU,87,-2.3667315699870506,0.4252617180430557
High Point,75,Winthrop,92,7.455157949413491,1.3368316881639872
Butler,75,Xavier,89,12.436267405379676,7.778365709841898
Binghamton,53,SUNY Albany,69,-21.707046613042007,-13.163496176751917
James Madison,65,Appalachian St,80,-6.42260170209562,-3.019964221943779
E Illinois,63,Ark Little Rock,74,-12.380585287610003,-13.722529134725532
E Kentucky,72,Austin Peay,74,-8.312055999179629,-0.6575938360595827
UMBC,74,Bryant,79,-8.519516689602433,-15.975655117989465
Jacksonville,60,Cent Arkansas,62,-10.526145762510124,-1.5873241521362738
UC San Diego,79,CS Northridge,84,3.4181336664537407,-2.1109082342198446
Northern Arizona,69,CS Sacramento,83,-9.643076515343548,-6.393255168038442
Monmouth NJ,51,Drexel,73,-3.848522919496683,-3.932084854527281
Wichita St,67,FL Atlantic,85,8.433712769495724,6.351804649646517
Old Dominion,84,Ga Southern,87,-8.261680554358493,-8.452463657169565
Washington St,65,Gonzaga,86,4.5380550036221035,26.12679094319873
Cal Poly,66,Hawaii,86,-6.316796372758351,8.020968123203241
Idaho,68,Idaho St,76,-0.860099995525089,-2.6900359146858124
Robert Morris,93,IUPUI,96,-3.837549906546749,-12.491570369997088
New Mexico St,71,Liberty,73,0.004049809068651347,5.976024139614131
Bellarmine,71,Lipscomb,81,-9.739354468795353,-2.2704298007365584
UC Riverside,73,Long Beach St,88,-8.761132749466462,-4.652494408015093
VMI,67,Mercer,77,-19.385486784833247,0.5840288415363489
Detroit,71,N Kentucky,96,-7.342812147525938,-2.4537270857196694
MA Lowell,64,NJIT,73,-14.238798983700297,-14.80646949052454
North Alabama,91,North Florida,105,-15.019555502687506,-15.534483522416355
Elon,78,Northeastern,85,-1.7109036279344259,-6.463460575559628
WI Milwaukee,60,Oakland,73,-6.744387041618924,1.2988617496209411
N Colorado,73,Portland St,76,-1.0823524586851767,2.2902438567068213
CS Bakersfield,69,UC Santa Barbara,75,-10.961124093729158,3.2846658019866024
San Diego,64,Seattle,75,-2.184946658816856,4.296087924139515
Arkansas St,87,South Alabama,91,-2.643647731191786,-5.806253567999122
Missouri KC,83,South Dakota,99,-16.661368094073026,-8.241126626447448
Tarleton St,105,Southern Utah,106,-2.827342432024417,-11.107617721609282
West Georgia,86,Stetson,95,-11.903771564516768,-14.070523158103668
Hofstra,71,Stony Brook,76,2.086644182827586,-4.2986893622781555
Morehead St,100,Tennessee St,105,-11.585204401367001,-7.984243030172132
SIUE,59,TN Martin,65,-8.17415727893679,-3.7745856292540623
Col Charleston,52,Towson,61,-0.4606347634581468,-0.5464166889081582
CS Fullerton,69,UC Davis,74,-2.1915793640363734,-0.8434486910801374
Citadel,66,UNC Greensboro,69,-15.588927891729995,-12.065434872466879
Utah Tech,52,UT Arlington,56,-3.4850425266828218,-0.020907387432929244
Delaware,69,UTEP,70,-8.317869143575352,-6.308444347027473
Maine,62,Vermont,67,-16.277077360329795,-5.418090561445725
E Washington,80,Weber St,91,-5.263958334345224,-2.4753255840285364
Cleveland St,73,WI Green Bay,88,-10.736414013574178,-5.7700409143629
NC A&T,89,William & Mary,97,-8.135106985044182,1.656572728906202
Youngstown St,83,Wright St,93,-2.8049667940666527,1.3021861730347852
Abilene Chr,58,Cal Baptist,74,-7.721991269551377,2.1953924231003668
North Dakota,80,St Thomas MN,91,-8.39620613812819,2.882581967815671
SE Missouri St,76,Lindenwood,88,-6.757013248262701,-7.15310794555327
FGCU,74,Queens NC,85,-4.349217773076286,-4.175091457795946
Tennessee Tech,54,Southern Indiana,71,-14.281089336240143,-14.295320327497267
Ohio,71,Ball St,76,-2.458559640908652,-11.502717502859307
Colorado St,73,Boise St,79,8.035917066741126,13.415037567503262
Loyola-Chicago,51,Dayton,78,-7.919700317024193,7.453720484555427
Marquette,75,DePaul,80,6.499579672447203,7.564957311061451
Baylor,62,Kansas,80,15.872210600276453,23.957485614866563
Toledo,84,Kent,87,0.3389247220623984,1.3438007614795435
Creighton,88,Providence,93,10.984102719717837,11.241342833123284
W Michigan,89,Akron,104,-7.971093026343999,11.189246661258986
Oklahoma,81,Alabama,83,11.432263406894199,22.89926309681164
UCF,77,Arizona,84,15.06572674394935,29.622564216561056
W Illinois,79,Ark Little Rock,86,-21.1486742641898,-13.722529134725532
South Carolina,67,Auburn,71,8.258663769478087,19.144250770747117
S Illinois,68,Belmont,73,3.3850180919715123,10.045584450409333
MS Valley St,63,Bethune-Cookman,79,-28.348205063722833,-7.810451810139458
Syracuse,73,Boston College,81,11.66262825734674,3.54890302348592
E Michigan,79,Bowling Green,85,-3.580139516277849,3.589447698727336
Columbia,80,Brown,86,-1.1455860463245808,-9.277418865214003
Seton Hall,66,Butler,77,13.61217858159576,12.436267405379676
North Carolina,78,California,84,20.177147542199364,13.447545319841446
North Florida,69,Cent Arkansas,98,-15.534483522416355,-1.5873241521362738
St Francis PA,90,Central Conn,98,-18.95162660287704,-10.69680210540559
W Carolina,82,Chattanooga,90,-9.503110725382177,-11.311391432436908
Iowa St,70,Cincinnati,79,28.277104289911488,12.416982907123183
VMI,68,Citadel,82,-19.385486784833247,-15.588927891729995
Miami FL,59,Clemson,69,17.78517891833293,17.882590338253785
Youngstown St,78,Cleveland St,80,-2.8049667940666527,-10.736414013574178
Ga Southern,75,Coastal Car,79,-8.452463657169565,-7.357081216042199
Bucknell,76,Colgate,95,-13.096288524993339,-3.5300665357659207
Georgetown,62,Connecticut,64,8.097403188054626,25.10729111927154
N Colorado,89,CS Sacramento,93,-1.0823524586851767,-6.393255168038442
IUPUI,77,Detroit,80,-12.491570369997088,-7.342812147525938
Stanford,50,Duke,80,11.495746482735854,30.47631292494664
Fordham,63,Duquesne,74,-0.05904195752884017,4.686016814942015
Bellarmine,69,E Kentucky,89,-9.739354468795353,-8.312055999179629
Idaho St,66,E Washington,84,-2.6900359146858124,-5.263958334345224
SE Missouri St,55,SIUE,68,-6.757013248262701,-8.17415727893679
Hofstra,85,Elon,89,2.086644182827586,-1.7109036279344259
Samford,75,ETSU,76,-7.386171296092927,1.9085058569619273
West Georgia,72,FGCU,90,-11.903771564516768,-4.349217773076286
Vanderbilt,94,Florida,98,24.154102986278797,26.39081761428366
Ark Pine Bluff,67,Florida A&M,71,-13.668354319462967,-14.958411699952181
Wyoming,60,Fresno St,63,8.357185218844622,4.073803256746674
Arkansas,76,Georgia,90,21.77145836677927,20.02973847054447
ULM,57,Georgia St,77,-18.229928278847783,-9.841027531814934
NC State,74,Georgia Tech,78,21.788929391891067,4.81995930743693
Seattle,50,Gonzaga,71,4.296087924139515,26.12679094319873
Utah St,74,Grand Canyon,84,19.392266810705305,11.357472832207115
Princeton,80,Harvard,87,-5.435545860544262,-1.9259472947129983
SC Upstate,69,High Point,89,-9.147789259024785,7.455157949413491
East Texas A&M,70,Houston Chr,81,-10.24868267858815,-9.978893333224674
NC Central,69,Howard,83,-16.23054921366116,-8.060038874832856
Weber St,67,Idaho,75,-2.4753255840285364,-0.860099995525089
Drake,67,IL Chicago,74,0.7544156025781878,1.7665509943221132
Minnesota,67,Illinois,77,10.308552144640325,27.558451754312838
Bradley,62,Illinois St,88,3.590955518992814,8.933861719167899
Northwestern LA,74,Incarnate Word,76,-9.19667857822737,-5.547585347287668
Indiana,57,Iowa,74,18.87384006863379,21.236487010988846
Prairie View,78,Jackson St,82,-14.826501312313303,-19.547308217380763
North Alabama,68,Jacksonville,90,-15.019555502687506,-10.526145762510124
Louisiana Tech,60,Jacksonville St,64,-5.691689472397247,-4.019877384600862
WKU,65,Kennesaw,81,0.4252617180430557,0.6339937118072055
Tennessee,78,Kentucky,80,22.52532774922322,20.62694485238151
St Bonaventure,74,La Salle,78,2.3358205694267835,-4.388475820600071
Holy Cross,55,Lafayette,74,-13.04688731791795,-12.102088387400759
Nicholls St,80,Lamar,90,-6.207446160282377,-2.214271862878108
UTEP,69,Liberty,80,-6.308444347027473,5.976024139614131
Austin Peay,78,Lipscomb,82,-0.6575938360595827,-2.2704298007365584
CS Northridge,80,Long Beach St,87,-2.1109082342198446,-4.652494408015093
F Dickinson,59,LIU Brooklyn,66,-14.479566581615781,-3.546335998209576
Pittsburgh,59,Louisville,100,8.195075774872146,24.611732488445927
Boston Univ,57,Loyola MD,74,-9.831287835150842,-13.377750243521636
Missouri,70,LSU,78,11.56899502860914,14.712317974153333
Fairfield,67,Marist,82,-8.368082465442098,-1.1747337528313329
James Madison,72,Marshall,77,-6.42260170209562,0.16629603079518857
Coppin St,67,MD E Shore,70,-27.640739737591698,-15.28346349833095
UNC Greensboro,92,Mercer,102,-12.065434872466879,0.5840288415363489
Buffalo,102,Miami OH,105,-1.2829899801500664,6.878792003107033
Oregon,71,Michigan,81,8.997587225487342,34.00895201746655
Washington,63,Michigan St,80,15.817584011338012,24.386031921594633
Mississippi St,67,Mississippi,68,8.973566181550307,10.46160439503338
Montana,67,Montana St,76,0.4272721445912008,1.0473895970912468
Tennessee Tech,70,Morehead St,76,-14.281089336240143,-11.585204401367001
Delaware St,79,Morgan St,80,-20.10207053375217,-20.00282080703169
Canisius,68,Mt St Mary's,78,-17.060558122515523,-11.970313880036324
Missouri St,87,MTSU,90,-2.3667315699870506,1.2330496506793978
Indiana St,81,Murray St,85,-2.4581456880249015,7.098433930540837
St Thomas MN,65,N Dakota St,68,2.882581967815671,2.046795939331589
Massachusetts,68,N Illinois,70,-0.4961988777783989,-10.69931700103686
Lehigh,79,Navy,82,-10.370556306684765,-2.05716253834581
Oral Roberts,62,NE Omaha,73,-11.75823476123825,-6.6809771450146105
Northwestern,58,Nebraska,77,11.78237952913321,23.21892114201473
Air Force,66,Nevada,81,-12.735240615401642,12.180469852648914
Delaware,68,New Mexico St,97,-8.317869143575352,0.004049809068651347
S Carolina St,82,Norfolk St,89,-22.2908843957574,-13.021484758554106
South Dakota,80,North Dakota,96,-8.241126626447448,-8.39620613812819
UCLA,74,Ohio St,86,17.20134853209326,16.95643641170654
Kansas St,83,Oklahoma St,84,10.199483531346415,13.86708154452552
Appalachian St,73,Old Dominion,75,-3.019964221943779,-8.261680554358493
Oregon St,64,Pacific,81,-0.9699153817654318,4.378468361891341
Dartmouth,74,Penn,84,-5.458928015720884,-2.0570696017200927
Loy Marymount,58,Portland,71,1.5500504379175963,-0.9276049727698782
Northern Arizona,52,Portland St,63,-9.643076515343548,2.2902438567068213
Gardner Webb,55,Presbyterian,92,-24.646235285714415,-8.171853518367254
USC,64,Purdue,69,13.985005389761836,26.152648451209974
Longwood,83,Radford,85,-9.004272423423975,-6.409728237299939
N Kentucky,89,Robert Morris,92,-2.4537270857196694,-3.837549906546749
Missouri KC,62,S Dakota St,90,-16.661368094073026,-1.4024499716884644
Florida Intl,63,Sam Houston St,76,-1.0098371649423266,4.794162125506685
New Mexico,79,San Diego St,83,14.880097023188116,14.954913190967044
Hawaii,62,UC Santa Barbara,77,8.020968123203241,3.2846658019866024
St Mary's CA,54,Santa Clara,62,16.908220628065287,16.697031882728538
New Orleans,79,SF Austin,84,-3.575655046476065,6.14950134383293
Manhattan,59,Siena,74,-15.274581333554556,-3.3587700316394775
Grambling,53,Southern Univ,71,-10.144108684165358,-11.076179678502223
Abilene Chr,52,Southern Utah,74,-7.721991269551377,-11.107617721609282
Villanova,79,St John's,86,18.019965533374403,22.387807157714732
Richmond,63,St Louis,88,3.374354993392689,21.74212133595362
Rider,58,St Peter's,69,-17.261706725421675,-6.3187048872930385
Col Charleston,106,Stony Brook,112,-0.4606347634581468,-4.2986893622781555
SE Louisiana,56,TAM C. Christi,68,-8.378711089435738,-2.5860191794207728
Southern Indiana,67,Tennessee St,73,-14.295320327497267,-7.984243030172132
Texas,70,Texas A&M,74,17.79158970367343,19.179102352686098
Southern Miss,67,Texas St,74,-6.948449734643707,-8.993596293102888
BYU,71,Texas Tech,84,22.96623370113013,22.11626746517065
Lindenwood,55,TN Martin,69,-7.15310794555327,-3.7745856292540623
Arkansas St,74,Troy,99,-2.643647731191786,0.09710533684838424
McNeese St,76,UTRGV,79,8.413093453200572,-0.22814271103413875
Alcorn St,71,TX Southern,72,-20.10652752334088,-14.284509430349972
UC Irvine,72,UC Davis,75,3.4963503402669383,-0.8434486910801374
CS Fullerton,72,UC Riverside,81,-2.1915793640363734,-8.761132749466462
South Alabama,56,Louisiana,59,-5.806253567999122,-12.137067018502796
Campbell,75,UNC Wilmington,78,-4.608704820965019,2.413830183033299
San Jose St,62,UNLV,76,-3.069027491311642,3.1267531403743414
TCU,79,Utah,82,14.466735878512502,6.364077339194109
UT Arlington,74,Utah Valley,86,-0.020907387432929244,6.639639918156236
Northern Iowa,44,Valparaiso,54,5.785582448008606,0.7826673040916575
SMU,68,Virginia,72,18.858138555743015,20.91879714221833
Notre Dame,76,Virginia Tech,89,10.06327913551909,13.649896701268442
Florida St,68,Wake Forest,69,8.465280031603305,12.26856625050307
Colorado,61,West Virginia,72,10.951503521035468,12.114842312208815
UNC Asheville,67,Winthrop,69,-4.515129557592766,1.3368316881639872
Rutgers,87,Wisconsin,96,2.795178359596027,16.984647164159234
Furman,70,Wofford,74,-2.2995798984529365,-5.064308768836391
Cornell,68,Yale,102,-2.5897361889852073,8.176250244240705
Quinnipiac,71,Merrimack,83,-3.997091735107692,-5.674283720960461
Tarleton St,71,Utah Tech,75,-2.827342432024417,-3.4850425266828218
CS Bakersfield,62,UC San Diego,83,-10.961124093729158,3.4181336664537407
Stetson,81,Queens NC,87,-14.070523158103668,-4.175091457795946
Mercyhurst,57,Stonehill,62,-9.513220387331831,-13.871167902361144
Chicago St,57,Le Moyne,72,-16.24969652612226,-9.839160736172351
Wagner,74,New Haven,80,-12.601506934083272,-14.029552843602488
Army,67,American Univ,78,-14.42534764296668,-6.396969179237704
East Carolina,70,Charlotte,73,-6.938769569086803,1.2042231354891468
Temple,73,FL Atlantic,79,1.6101601066860876,6.351804649646517
Arizona St,73,Houston,103,10.603952967409308,25.82056645334507
WI Milwaukee,82,PFW,100,-6.744387041618924,-5.625687252766425
Penn St,73,Maryland,96,5.083955436049424,2.5510536362520244
UT San Antonio,69,Memphis,95,-15.648689776756592,7.369641932350132
Tulane,63,North Texas,71,-1.5078676189201856,0.7410214367989679
WI Green Bay,63,Oakland,88,-5.7700409143629,1.2988617496209411
Washington St,80,San Francisco,85,4.5380550036221035,6.276755571400898
UAB,77,Tulsa,99,4.233612921761928,12.474016558063923
South Florida,85,Wichita St,86,10.967070575235171,8.433712769495724
Alabama St,69,Alabama A&M,73,-13.932727716177093,-12.721138316688517
Vermont,68,SUNY Albany,75,-5.418090561445725,-13.163496176751917
Prairie View,75,Alcorn St,76,-14.826501312313303,-20.10652752334088
Ark Pine Bluff,82,Bethune-Cookman,87,-13.668354319462967,-7.810451810139458
Brown,67,Cornell,89,-9.277418865214003,-2.5897361889852073
Princeton,69,Dartmouth,71,-5.435545860544262,-5.458928015720884
Wagner,61,F Dickinson,68,-12.601506934083272,-14.479566581615781
MS Valley St,48,Florida A&M,62,-28.348205063722833,-14.958411699952181
G Washington,64,George Mason,69,9.857746736889899,8.095174888899992
NC A&T,61,Hampton,82,-8.135106985044182,-8.456384002540549
Penn,63,Harvard,64,-2.0570696017200927,-1.9259472947129983
Northwestern LA,80,Houston Chr,82,-9.19667857822737,-9.978893333224674
TX Southern,89,Jackson St,94,-14.284509430349972,-19.547308217380763
Loyola MD,81,Lehigh,88,-13.377750243521636,-10.370556306684765
Providence,104,Marquette,105,11.241342833123284,6.499579672447203
TAM C. Christi,53,McNeese St,69,-2.5860191794207728,8.413093453200572
Northeastern,68,Monmouth NJ,81,-6.463460575559628,-3.848522919496683
Northern Arizona,72,Montana,98,-9.643076515343548,0.4272721445912008
N Colorado,68,Montana St,73,-1.0823524586851767,1.0473895970912468
Niagara,58,Mt St Mary's,68,-16.995194255109116,-11.970313880036324
Maine,48,New Hampshire,65,-16.277077360329795,-12.508359622828568
Lamar,76,New Orleans,89,-2.214271862878108,-3.575655046476065
Bryant,55,NJIT,79,-15.975655117989465,-14.80646949052454
Manhattan,92,Quinnipiac,98,-15.274581333554556,-3.997091735107692
Rider,85,Sacred Heart,105,-17.261706725421675,-10.913977813629936
Nicholls St,62,SF Austin,79,-6.207446160282377,6.14950134383293
Fairfield,77,Siena,85,-8.368082465442098,-3.3587700316394775
Stonehill,61,St Francis PA,63,-13.871167902361144,-18.95162660287704
Iona,63,St Peter's,77,-5.622253380566301,-6.3187048872930385
Drexel,58,Towson,59,-3.932084854527281,-0.5464166889081582
SE Louisiana,65,UTRGV,68,-8.378711089435738,-0.22814271103413875
Binghamton,60,UMBC,78,-21.707046613042007,-8.519516689602433
St Joseph's PA,72,VCU,79,0.6346552500089729,12.760710460803173
Columbia,74,Yale,91,-1.1455860463245808,8.176250244240705
Marist,55,Merrimack,68,-1.1747337528313329,-5.674283720960461
Incarnate Word,58,East Texas A&M,80,-5.547585347287668,-10.24868267858815
LIU Brooklyn,77,Le Moyne,83,-3.546335998209576,-9.839160736172351
Central Conn,61,Mercyhurst,79,-10.69680210540559,-9.513220387331831
Chicago St,56,New Haven,62,-16.24969652612226,-14.029552843602488
Buffalo,63,Akron,82,-1.2829899801500664,11.189246661258986
Vanderbilt,68,Arkansas,93,24.154102986278797,21.77145836677927
Mississippi,66,Auburn,78,10.46160439503338,19.144250770747117
C Michigan,67,Ball St,68,-9.604265919979685,-11.502717502859307
Wyoming,65,Boise St,81,8.357185218844622,13.415037567503262
W Michigan,54,Bowling Green,72,-7.971093026343999,3.589447698727336
DePaul,80,Butler,87,7.564957311061451,12.436267405379676
Air Force,52,Colorado St,81,-12.735240615401642,8.035917066741126
LSU,61,Florida,79,14.712317974153333,26.39081761428366
Miami FL,63,Florida St,65,17.78517891833293,8.465280031603305
Missouri,72,Georgia,74,11.56899502860914,20.02973847054447
Evansville,49,IL Chicago,76,-7.795268693393136,1.7665509943221132
Rutgers,62,Iowa,68,2.795178359596027,21.236487010988846
UCF,57,Iowa St,87,15.06572674394935,28.277104289911488
Colorado,69,Kansas,75,10.951503521035468,23.957485614866563
Utah,78,Kansas St,81,6.364077339194109,10.199483531346415
Toledo,82,Massachusetts,84,0.3389247220623984,-0.4961988777783989
Kent,101,Miami OH,107,1.3438007614795435,6.878792003107033
Indiana,72,Michigan,86,18.87384006863379,34.00895201746655
Oregon,52,Michigan St,68,8.997587225487342,24.386031921594633
Clemson,76,NC State,80,17.882590338253785,21.788929391891067
San Jose St,54,Nevada,87,-3.069027491311642,12.180469852648914
N Illinois,77,Ohio,80,-10.69931700103686,-2.458559640908652
Minnesota,74,Ohio St,82,10.308552144640325,16.95643641170654
TN Martin,50,SE Missouri St,66,-3.7745856292540623,-6.757013248262701
Wake Forest,79,SMU,91,12.26856625050307,18.858138555743015
Oklahoma,76,South Carolina,85,11.432263406894199,8.258663769478087
Loyola-Chicago,70,St Bonaventure,84,-7.919700317024193,2.3358205694267835
Seton Hall,60,St John's,65,13.61217858159576,22.387807157714732
Duquesne,77,St Louis,81,4.686016814942015,21.74212133595362
Oklahoma St,65,TCU,68,13.86708154452552,14.466735878512502
Baylor,73,Texas Tech,92,15.872210600276453,22.11626746517065
Purdue,67,UCLA,69,26.152648451209974,17.20134853209326
Utah St,76,UNLV,86,19.392266810705305,3.1267531403743414
Colgate,66,American Univ,70,-3.5300665357659207,-6.396969179237704
Cincinnati,51,Arizona,77,12.416982907123183,29.622564216561056
Bucknell,84,Army,87,-13.096288524993339,-14.42534764296668
Pittsburgh,62,Boston College,65,8.195075774872146,3.54890302348592
Lafayette,73,Boston Univ,77,-12.102088387400759,-9.831287835150842
Indiana St,68,Bradley,75,-2.4581456880249015,3.590955518992814
Furman,75,Citadel,77,-2.2995798984529365,-15.588927891729995
Wright St,79,Cleveland St,85,1.3021861730347852,-10.736414013574178
Xavier,93,Creighton,94,7.778365709841898,10.984102719717837
Fordham,63,Davidson,68,-0.05904195752884017,6.002686977751972
Murray St,90,Drake,101,7.098433930540837,0.7544156025781878
Chattanooga,66,ETSU,67,-11.311391432436908,1.9085058569619273
Tulane,74,FL Atlantic,79,-1.5078676189201856,6.351804649646517
Pepperdine,60,Gonzaga,84,-5.588454031414728,26.12679094319873
San Diego St,69,Grand Canyon,70,14.954913190967044,11.357472832207115
Maryland,70,Illinois,89,2.5510536362520244,27.558451754312838
Northern Iowa,54,Illinois St,59,5.785582448008606,8.933861719167899
Detroit,76,PFW,83,-7.342812147525938,-5.625687252766425
Oakland,85,IUPUI,103,1.2988617496209411,-12.491570369997088
Texas,80,Kentucky,85,17.79158970367343,20.62694485238151
Dayton,64,La Salle,67,7.453720484555427,-4.388475820600071
WKU,69,Liberty,76,0.4252617180430557,5.976024139614131
Gardner Webb,56,Longwood,91,-24.646235285714415,-9.004272423423975
W Carolina,76,Mercer,88,-9.503110725382177,0.5840288415363489
Holy Cross,68,Navy,85,-13.04688731791795,-2.05716253834581
Washington,66,Nebraska,76,15.817584011338012,23.21892114201473
Fresno St,74,New Mexico,83,4.073803256746674,14.880097023188116
Notre Dame,69,North Carolina,91,10.06327913551909,20.177147542199364
UT San Antonio,62,North Texas,81,-15.648689776756592,0.7410214367989679
USC,68,Northwestern,74,13.985005389761836,11.78237952913321
Charleston So,83,Presbyterian,87,-6.340856798534731,-8.171853518367254
Richmond,68,Rhode Island,69,3.374354993392689,4.372881568912538
Kennesaw,87,Sam Houston St,93,0.6339937118072055,4.794162125506685
Washington St,92,San Diego,96,4.5380550036221035,-2.184946658816856
Loy Marymount,59,Seattle,69,1.5500504379175963,4.296087924139515
NE Omaha,64,South Dakota,68,-6.6809771450146105,-8.241126626447448
Utah Valley,70,Southern Utah,84,6.639639918156236,-11.107617721609282
Oregon St,51,St Mary's CA,81,-0.9699153817654318,16.908220628065287
Rice,65,Temple,69,-4.818057589699624,1.6101601066860876
Mississippi St,68,Texas A&M,88,8.973566181550307,19.179102352686098
Old Dominion,77,Troy,83,-8.261680554358493,0.09710533684838424
Memphis,66,Tulsa,83,7.369641932350132,12.474016558063923
SC Upstate,69,UNC Asheville,83,-9.147789259024785,-4.515129557592766
VMI,78,UNC Greensboro,85,-19.385486784833247,-12.065434872466879
Tarleton St,64,UT Arlington,71,-2.827342432024417,-0.020907387432929244
S Illinois,63,Valparaiso,69,3.3850180919715123,0.7826673040916575
Georgetown,51,Villanova,66,8.097403188054626,18.019965533374403
Syracuse,74,Virginia Tech,76,11.66262825734674,13.649896701268442
Arizona St,63,West Virginia,75,10.603952967409308,12.114842312208815
East Carolina,60,Wichita St,77,-6.938769569086803,8.433712769495724
Radford,75,Winthrop,76,-6.409728237299939,1.3368316881639872
Samford,78,Wofford,88,-7.386171296092927,-5.064308768836391
Utah Tech,64,Cal Baptist,73,-3.4850425266828218,2.1953924231003668
North Alabama,62,Queens NC,87,-15.019555502687506,-4.175091457795946
Louisiana,58,Appalachian St,72,-12.137067018502796,-3.019964221943779
Ga Southern,68,Arkansas St,85,-8.452463657169565,-2.643647731191786
FGCU,62,Austin Peay,83,-4.349217773076286,-0.6575938360595827
West Georgia,65,Cent Arkansas,86,-11.903771564516768,-1.5873241521362738
Texas St,70,Coastal Car,72,-8.993596293102888,-7.357081216042199
Campbell,83,Col Charleston,87,-4.608704820965019,-0.4606347634581468
Long Beach St,61,CS Fullerton,71,-4.652494408015093,-2.1915793640363734
Southern Indiana,51,E Illinois,59,-14.295320327497267,-12.380585287610003
Tennessee St,66,SIUE,74,-7.984243030172132,-8.17415727893679
Niagara,61,Fairfield,62,-16.995194255109116,-8.368082465442098
Southern Miss,62,Georgia St,69,-6.948449734643707,-9.841027531814934
Monmouth NJ,63,Hampton,65,-3.848522919496683,-8.456384002540549
CS Bakersfield,71,Hawaii,98,-10.961124093729158,8.020968123203241
CS Sacramento,76,Idaho,86,-6.393255168038442,-0.860099995525089
Merrimack,60,Iona,61,-5.674283720960461,-5.622253380566301
Stetson,74,Lipscomb,79,-14.070523158103668,-2.2704298007365584
SUNY Albany,49,Maine,52,-13.163496176751917,-16.277077360329795
ULM,60,Marshall,115,-18.229928278847783,0.16629603079518857
New Mexico St,75,Missouri St,84,0.004049809068651347,-2.3667315699870506
Weber St,65,Montana,81,-2.4753255840285364,0.4272721445912008
Idaho St,62,Montana St,74,-2.6900359146858124,1.0473895970912468
W Illinois,66,Morehead St,71,-21.1486742641898,-11.585204401367001
Denver,77,N Dakota St,82,-6.718963056154548,2.046795939331589
Hofstra,78,NC A&T,79,2.086644182827586,-8.135106985044182
Binghamton,82,New Hampshire,88,-21.707046613042007,-12.508359622828568
Oral Roberts,62,North Dakota,79,-11.75823476123825,-8.39620613812819
E Kentucky,85,North Florida,87,-8.312055999179629,-15.534483522416355
E Washington,61,Portland St,65,-5.263958334345224,2.2902438567068213
Mt St Mary's,62,Quinnipiac,77,-11.970313880036324,-3.997091735107692
WI Milwaukee,76,Robert Morris,88,-6.744387041618924,-3.837549906546749
Canisius,66,Sacred Heart,69,-17.060558122515523,-10.913977813629936
Cal Poly,67,UC Santa Barbara,107,-6.316796372758351,3.2846658019866024
Ark Little Rock,65,SE Missouri St,70,-13.722529134725532,-6.757013248262701
Marist,50,Siena,69,-1.1747337528313329,-3.3587700316394775
James Madison,83,South Alabama,90,-6.42260170209562,-5.806253567999122
UAB,69,South Florida,82,4.233612921761928,10.967070575235171
Northeastern,80,Stony Brook,95,-6.463460575559628,-4.2986893622781555
Elon,59,Towson,72,-1.7109036279344259,-0.5464166889081582
UC Riverside,66,UC Irvine,80,-8.761132749466462,3.4963503402669383
NJIT,74,UMBC,87,-14.80646949052454,-8.519516689602433
Florida Intl,77,UTEP,83,-1.0098371649423266,-6.308444347027473
MA Lowell,68,Vermont,77,-14.238798983700297,-5.418090561445725
UNC Wilmington,70,William & Mary,77,2.413830183033299,1.656572728906202
Penn St,71,Wisconsin,98,5.083955436049424,16.984647164159234
WI Green Bay,81,Youngstown St,88,-5.7700409143629,-2.8049667940666527
Jacksonville,70,Bellarmine,77,-10.526145762510124,-9.739354468795353
UC Davis,74,UC San Diego,80,-0.8434486910801374,3.4181336664537407
S Dakota St,69,St Thomas MN,74,-1.4024499716884644,2.882581967815671
Tennessee Tech,68,Lindenwood,89,-14.281089336240143,-7.15310794555327
Ohio,65,Akron,86,-2.458559640908652,11.189246661258986
ULM,43,Appalachian St,59,-18.229928278847783,-3.019964221943779
Stetson,65,Austin Peay,73,-14.070523158103668,-0.6575938360595827
Marquette,76,Butler,87,6.499579672447203,12.436267405379676
Tulane,70,Charlotte,73,-1.5078676189201856,1.2042231354891468
North Texas,59,East Carolina,63,0.7410214367989679,-6.938769569086803
Citadel,55,ETSU,84,-15.588927891729995,1.9085058569619273
Central Conn,66,F Dickinson,76,-10.69680210540559,-14.479566581615781
UNC Greensboro,66,Furman,89,-12.065434872466879,-2.2995798984529365
SC Upstate,65,Gardner Webb,67,-9.147789259024785,-24.646235285714415
Radford,83,High Point,93,-6.409728237299939,7.455157949413491
Rutgers,59,Indiana,82,2.795178359596027,18.87384006863379
MTSU,58,Jacksonville St,75,1.2330496506793978,-4.019877384600862
FGCU,71,Lipscomb,86,-4.349217773076286,-2.2704298007365584
Stonehill,63,LIU Brooklyn,66,-13.871167902361144,-3.546335998209576
Charleston So,79,Longwood,81,-6.340856798534731,-9.004272423423975
Kennesaw,76,Louisiana Tech,82,0.6339937118072055,-5.691689472397247
Buffalo,67,Massachusetts,68,-1.2829899801500664,-0.4961988777783989
Ohio St,62,Michigan,74,16.95643641170654,34.00895201746655
Chicago St,60,St Francis PA,81,-16.24969652612226,-18.95162660287704
St Bonaventure,62,St Louis,97,2.3358205694267835,21.74212133595362
Colorado St,61,Utah St,65,8.035917066741126,19.392266810705305
W Illinois,64,Southern Indiana,96,-21.1486742641898,-14.295320327497267
Wagner,67,Le Moyne,69,-12.601506934083272,-9.839160736172351
New Haven,57,Mercyhurst,61,-14.029552843602488,-9.513220387331831
Prairie View,80,Alabama St,95,-14.826501312313303,-13.932727716177093
Holy Cross,67,American Univ,76,-13.04688731791795,-6.396969179237704
West Virginia,53,Arizona,88,12.114842312208815,29.622564216561056
Cincinnati,68,Arizona St,82,12.416982907123183,10.603952967409308
Southern Univ,74,Ark Pine Bluff,75,-11.076179678502223,-13.668354319462967
LSU,81,Arkansas,85,14.712317974153333,21.77145836677927
Florida,67,Auburn,76,26.39081761428366,19.144250770747117
N Illinois,53,Ball St,58,-10.69931700103686,-11.502717502859307
Illinois St,69,Belmont,80,8.933861719167899,10.045584450409333
Jackson St,48,Bethune-Cookman,85,-19.547308217380763,-7.810451810139458
Air Force,54,Boise St,96,-12.735240615401642,13.415037567503262
Utah,78,BYU,91,6.364077339194109,22.96623370113013
Stanford,66,California,78,11.495746482735854,13.447545319841446
Georgia Tech,63,Clemson,77,4.81995930743693,17.882590338253785
Southern Miss,67,Coastal Car,85,-6.948449734643707,-7.357081216042199
Elon,70,Col Charleston,80,-1.7109036279344259,-0.4606347634581468
Boston Univ,79,Colgate,80,-9.831287835150842,-3.5300665357659207
Dartmouth,69,Columbia,79,-5.458928015720884,-1.1455860463245808
Villanova,67,Connecticut,75,18.019965533374403,25.10729111927154
Harvard,79,Cornell,86,-1.9259472947129983,-2.5897361889852073
Cal Poly,78,CS Fullerton,93,-6.316796372758351,-2.1915793640363734
Seton Hall,60,DePaul,67,13.61217858159576,7.564957311061451
Indiana St,62,Drake,76,-2.4581456880249015,0.7544156025781878
Northeastern,78,Drexel,83,-6.463460575559628,-3.932084854527281
Wake Forest,69,Duke,90,12.26856625050307,30.47631292494664
Loyola-Chicago,59,Duquesne,71,-7.919700317024193,4.686016814942015
CS Sacramento,67,E Washington,75,-6.393255168038442,-5.263958334345224
Tennessee Tech,58,SIUE,62,-14.281089336240143,-8.17415727893679
Canisius,55,Fairfield,61,-17.060558122515523,-8.368082465442098
Alcorn St,58,Florida A&M,66,-20.10652752334088,-14.958411699952181
New Mexico St,78,Florida Intl,81,0.004049809068651347,-1.0098371649423266
Richmond,69,G Washington,85,3.374354993392689,9.857746736889899
Providence,78,Georgetown,81,11.241342833123284,8.097403188054626
Arkansas St,81,Georgia St,82,-2.643647731191786,-9.841027531814934
San Francisco,66,Gonzaga,68,6.276755571400898,26.12679094319873
Fresno St,57,Grand Canyon,68,4.073803256746674,11.357472832207115
CS Northridge,68,Hawaii,89,-2.1109082342198446,8.020968123203241
Bradley,70,IL Chicago,85,3.590955518992814,1.7665509943221132
Purdue,82,Illinois,88,26.152648451209974,27.558451754312838
Manhattan,57,Iona,66,-15.274581333554556,-5.622253380566301
Oklahoma St,71,Iowa St,84,13.86708154452552,28.277104289911488
E Kentucky,76,Jacksonville,81,-8.312055999179629,-10.526145762510124
Texas St,57,James Madison,82,-8.993596293102888,-6.42260170209562
Kansas St,62,Kansas,86,10.199483531346415,23.957485614866563
E Michigan,75,Kent,76,-3.580139516277849,1.3438007614795435
Mississippi,63,Kentucky,72,10.46160439503338,20.62694485238151
Lafayette,59,Lehigh,64,-12.102088387400759,-10.370556306684765
Delaware,51,Liberty,67,-8.317869143575352,5.976024139614131
Virginia Tech,71,Louisville,85,13.649896701268442,24.611732488445927
Bucknell,62,Loyola MD,67,-13.096288524993339,-13.377750243521636
Binghamton,63,Maine,79,-21.707046613042007,-16.277077360329795
Quinnipiac,64,Marist,71,-3.997091735107692,-1.1747337528313329
New Orleans,63,McNeese St,82,-3.575655046476065,8.413093453200572
Syracuse,76,Miami FL,85,11.66262825734674,17.78517891833293
Maryland,48,Michigan St,91,2.5510536362520244,24.386031921594633
Oklahoma,87,Missouri,88,11.432263406894199,11.56899502860914
UTEP,57,Missouri St,62,-6.308444347027473,-2.3667315699870506
Campbell,73,Monmouth NJ,88,-4.608704820965019,-3.848522919496683
Idaho St,60,Montana,69,-2.6900359146858124,0.4272721445912008
Weber St,88,Montana St,91,-2.4753255840285364,1.0473895970912468
E Illinois,68,Morehead St,73,-12.380585287610003,-11.585204401367001
Howard,77,Morgan St,78,-8.060038874832856,-20.00282080703169
Rider,61,Mt St Mary's,71,-17.261706725421675,-11.970313880036324
Oral Roberts,58,N Dakota St,86,-11.75823476123825,2.046795939331589
Army,56,Navy,84,-14.42534764296668,-2.05716253834581
Towson,73,NC A&T,80,-0.5464166889081582,-8.135106985044182
Pittsburgh,72,NC State,81,8.195075774872146,21.788929391891067
Missouri KC,60,NE Omaha,77,-16.661368094073026,-6.6809771450146105
Minnesota,57,Nebraska,76,10.308552144640325,23.21892114201473
SUNY Albany,72,New Hampshire,80,-13.163496176751917,-12.508359622828568
Nevada,73,New Mexico,80,12.180469852648914,14.880097023188116
Coppin St,76,Norfolk St,103,-27.640739737591698,-13.021484758554106
Virginia,80,North Carolina,85,20.91879714221833,20.177147542199364
Denver,86,North Dakota,93,-6.718963056154548,-8.39620613812819
Bellarmine,114,North Florida,117,-9.739354468795353,-15.534483522416355
N Colorado,77,Northern Arizona,81,-1.0823524586851767,-9.643076515343548
Murray St,76,Northern Iowa,81,7.098433930540837,5.785582448008606
Boston College,64,Notre Dame,68,3.54890302348592,10.06327913551909
Detroit,87,Oakland,95,-7.342812147525938,1.2988617496209411
Seattle,54,Pacific,56,4.296087924139515,4.378468361891341
Idaho,66,Portland St,69,-0.860099995525089,2.2902438567068213
Brown,53,Princeton,63,-9.277418865214003,-5.435545860544262
George Mason,65,Rhode Island,74,8.095174888899992,4.372881568912538
Niagara,70,Sacred Heart,71,-16.995194255109116,-10.913977813629936
WKU,58,Sam Houston St,73,0.4252617180430557,4.794162125506685
Chattanooga,64,Samford,75,-11.311391432436908,-7.386171296092927
UNLV,71,San Diego St,82,3.1267531403743414,14.954913190967044
Long Beach St,71,UC Santa Barbara,74,-4.652494408015093,3.2846658019866024
San Diego,73,Santa Clara,85,-2.184946658816856,16.697031882728538
Nicholls St,61,SE Louisiana,67,-6.207446160282377,-8.378711089435738
Lamar,81,SF Austin,88,-2.214271862878108,6.14950134383293
Florida St,80,SMU,83,8.465280031603305,18.858138555743015
Xavier,83,St John's,88,7.778365709841898,22.387807157714732
Dayton,74,St Joseph's PA,81,7.453720484555427,0.6346552500089729
Portland,69,St Mary's CA,75,-0.9276049727698782,16.908220628065287
Incarnate Word,71,TAM C. Christi,79,-5.547585347287668,-2.5860191794207728
Baylor,90,TCU,97,15.872210600276453,14.466735878512502
UT San Antonio,64,Temple,70,-15.648689776756592,1.6101601066860876
Alabama,73,Tennessee,79,22.89926309681164,22.52532774922322
Lindenwood,86,Tennessee St,96,-7.15310794555327,-7.984243030172132
Georgia,67,Texas,87,20.02973847054447,17.79158970367343
South Carolina,69,Texas A&M,92,8.258663769478087,19.179102352686098
Houston,86,Texas Tech,90,25.82056645334507,22.11626746517065
Bowling Green,72,Toledo,73,3.589447698727336,0.3389247220623984
Ga Southern,78,Troy,83,-8.452463657169565,0.09710533684838424
Rice,81,Tulsa,87,-4.818057589699624,12.474016558063923
Houston Chr,51,UTRGV,68,-9.978893333224674,-0.22814271103413875
Alabama A&M,74,TX Southern,89,-12.721138316688517,-14.284509430349972
UC Riverside,66,UC Davis,74,-8.761132749466462,-0.8434486910801374
UC San Diego,59,UC Irvine,61,3.4181336664537407,3.4963503402669383
Colorado,86,UCF,95,10.951503521035468,15.06572674394935
Northwestern,64,UCLA,71,11.78237952913321,17.20134853209326
MA Lowell,56,UMBC,79,-14.238798983700297,-8.519516689602433
Hampton,67,UNC Wilmington,75,-8.456384002540549,2.413830183033299
Davidson,69,VCU,75,6.002686977751972,12.760710460803173
Mississippi St,56,Vanderbilt,88,8.973566181550307,24.154102986278797
Bryant,52,Vermont,62,-15.975655117989465,-5.418090561445725
VMI,58,W Carolina,88,-19.385486784833247,-9.503110725382177
C Michigan,65,W Michigan,77,-9.604265919979685,-7.971093026343999
Pepperdine,79,Washington St,95,-5.588454031414728,4.5380550036221035
Robert Morris,67,WI Green Bay,71,-3.837549906546749,-5.7700409143629
Youngstown St,64,WI Milwaukee,65,-2.8049667940666527,-6.744387041618924
Memphis,59,Wichita St,74,7.369641932350132,8.433712769495724
Hofstra,82,William & Mary,89,2.086644182827586,1.656572728906202
Presbyterian,72,Winthrop,82,-8.171853518367254,1.3368316881639872
Mercer,77,Wofford,80,0.5840288415363489,-5.064308768836391
N Kentucky,80,Wright St,88,-2.4537270857196694,1.3021861730347852
San Jose St,62,Wyoming,66,-3.069027491311642,8.357185218844622
Penn,60,Yale,77,-2.0570696017200927,8.176250244240705
Utah Valley,71,Cal Baptist,78,6.639639918156236,2.1953924231003668
St Peter's,59,Merrimack,67,-6.3187048872930385,-5.674283720960461
Southern Utah,91,Utah Tech,102,-11.107617721609282,-3.4850425266828218
South Dakota,78,St Thomas MN,90,-8.241126626447448,2.882581967815671
Queens NC,66,West Georgia,74,-4.175091457795946,-11.903771564516768
FL Atlantic,75,South Florida,89,6.351804649646517,10.967070575235171
Wisconsin,71,USC,73,16.984647164159234,13.985005389761836
Oregon,57,Washington,72,8.997587225487342,15.817584011338012
Chicago St,59,Mercyhurst,61,-16.24969652612226,-9.513220387331831
BYU,83,Arizona,86,22.96623370113013,29.622564216561056
Alcorn St,73,Bethune-Cookman,82,-20.10652752334088,-7.810451810139458
Louisville,52,Duke,83,24.611732488445927,30.47631292494664
Florida A&M,65,Jackson St,66,-14.958411699952181,-19.547308217380763
Norfolk St,78,Morgan St,79,-13.021484758554106,-20.00282080703169
Penn St,78,Ohio St,84,5.083955436049424,16.95643641170654
Delaware St,64,S Carolina St,70,-20.10207053375217,-22.2908843957574
TAM C. Christi,55,UTRGV,64,-2.5860191794207728,-0.22814271103413875
Central Conn,59,Stonehill,61,-10.69680210540559,-13.871167902361144
F Dickinson,74,Le Moyne,87,-14.479566581615781,-9.839160736172351
Toledo,81,Akron,91,0.3389247220623984,11.189246661258986
Missouri,64,Alabama,90,11.56899502860914,22.89926309681164
Prairie View,60,Alabama A&M,80,-14.826501312313303,-12.721138316688517
Oklahoma,79,Arkansas,83,11.432263406894199,21.77145836677927
San Jose St,58,Boise St,89,-3.069027491311642,13.415037567503262
Bowling Green,78,Buffalo,89,3.589447698727336,-1.2829899801500664
E Michigan,65,C Michigan,100,-3.580139516277849,-9.604265919979685
Providence,81,Connecticut,87,11.241342833123284,25.10729111927154
Incarnate Word,75,Houston Chr,81,-5.547585347287668,-9.978893333224674
Indiana St,74,IL Chicago,76,-2.4581456880249015,1.7665509943221132
Purdue,67,Indiana,72,26.152648451209974,18.87384006863379
Ohio,57,Kent,72,-2.458559640908652,1.3438007614795435
East Texas A&M,61,Lamar,82,-10.24868267858815,-2.214271862878108
Creighton,62,Marquette,86,10.984102719717837,6.499579672447203
SE Louisiana,66,McNeese St,76,-8.378711089435738,8.413093453200572
Massachusetts,84,Miami OH,86,-0.4961988777783989,6.878792003107033
Nebraska,72,Michigan,75,23.21892114201473,34.00895201746655
Rutgers,79,Michigan St,88,2.795178359596027,24.386031921594633
W Michigan,65,N Illinois,85,-7.971093026343999,-10.69931700103686
Syracuse,68,NC State,88,11.66262825734674,21.788929391891067
Grand Canyon,60,Nevada,66,11.357472832207115,12.180469852648914
UNLV,61,New Mexico,89,3.1267531403743414,14.880097023188116
Nicholls St,62,New Orleans,80,-6.207446160282377,-3.575655046476065
Wake Forest,76,Pittsburgh,80,12.26856625050307,8.195075774872146
Dayton,76,Rhode Island,81,7.453720484555427,4.372881568912538
Northwestern LA,67,SF Austin,69,-9.19667857822737,6.14950134383293
Loyola-Chicago,64,St Joseph's PA,85,-7.919700317024193,0.6346552500089729
G Washington,76,St Louis,79,9.857746736889899,21.74212133595362
Alabama St,64,TX Southern,96,-13.932727716177093,-14.284509430349972
Arizona St,76,UCF,79,10.603952967409308,15.06572674394935
Richmond,69,VCU,77,3.374354993392689,12.760710460803173
Kentucky,55,Vanderbilt,80,20.62694485238151,24.154102986278797
Notre Dame,97,Virginia,100,10.06327913551909,20.91879714221833
Georgia Tech,65,Virginia Tech,71,4.81995930743693,13.649896701268442
Kansas St,54,West Virginia,59,10.199483531346415,12.114842312208815
Lehigh,64,Army,67,-10.370556306684765,-14.42534764296668
Texas,82,Auburn,88,17.79158970367343,19.144250770747117
E Kentucky,82,Austin Peay,90,-8.312055999179629,-0.6575938360595827
Valparaiso,77,Belmont,78,0.7826673040916575,10.045584450409333
Queens NC,90,Cent Arkansas,100,-4.175091457795946,-1.5873241521362738
Temple,76,Charlotte,80,1.6101601066860876,1.2042231354891468
Baylor,57,Cincinnati,67,15.872210600276453,12.416982907123183
Holy Cross,74,Colgate,79,-13.04688731791795,-3.5300665357659207
New Mexico St,64,Delaware,73,0.004049809068651347,-8.317869143575352
Missouri KC,61,Denver,69,-16.661368094073026,-6.718963056154548
Evansville,78,Drake,82,-7.795268693393136,0.7544156025781878
South Carolina,48,Florida,95,8.258663769478087,26.39081761428366
California,61,Florida St,63,13.447545319841446,8.465280031603305
La Salle,58,Fordham,64,-4.388475820600071,-0.05904195752884017
Davidson,52,George Mason,60,6.002686977751972,8.095174888899992
DePaul,61,Georgetown,70,7.564957311061451,8.097403188054626
TCU,70,Houston,79,14.466735878512502,25.82056645334507
Murray St,65,Illinois St,70,7.098433930540837,8.933861719167899
USC,72,Iowa,73,13.985005389761836,21.236487010988846
Florida Intl,74,Jacksonville St,78,-1.0098371649423266,-4.019877384600862
WKU,69,Kennesaw,72,0.4252617180430557,0.6339937118072055
Bucknell,79,Lafayette,81,-13.096288524993339,-12.102088387400759
UTEP,59,Louisiana Tech,69,-6.308444347027473,-5.691689472397247
American Univ,68,Loyola MD,77,-6.396969179237704,-13.377750243521636
Stanford,70,Miami FL,79,11.495746482735854,17.78517891833293
LSU,66,Mississippi St,80,14.712317974153333,8.973566181550307
Boston Univ,50,Navy,58,-9.831287835150842,-2.05716253834581
S Dakota St,71,NE Omaha,80,-1.4024499716884644,-6.6809771450146105
PFW,65,Oakland,74,-5.625687252766425,1.2988617496209411
Arkansas St,71,Old Dominion,75,-2.643647731191786,-8.261680554358493
Loy Marymount,69,Oregon St,72,1.5500504379175963,-0.9699153817654318
Portland,51,Pacific,74,-0.9276049727698782,4.378468361891341
East Carolina,77,Rice,83,-6.938769569086803,-4.818057589699624
IUPUI,58,Robert Morris,74,-12.491570369997088,-3.837549906546749
Northern Iowa,50,S Illinois,65,5.785582448008606,3.3850180919715123
Missouri St,71,Sam Houston St,80,-2.3667315699870506,4.794162125506685
Pepperdine,88,San Diego,92,-5.588454031414728,-2.184946658816856
Colorado St,50,San Diego St,73,8.035917066741126,14.954913190967044
San Francisco,73,Santa Clara,88,6.276755571400898,16.697031882728538
Xavier,68,Seton Hall,86,7.778365709841898,13.61217858159576
Tulane,83,South Florida,97,-1.5078676189201856,10.967070575235171
MS Valley St,69,Southern Univ,80,-28.348205063722833,-11.076179678502223
Duquesne,79,St Bonaventure,87,4.686016814942015,2.3358205694267835
Butler,70,St John's,92,12.436267405379676,22.387807157714732
Georgia,85,Tennessee,86,20.02973847054447,22.52532774922322
Marshall,68,Texas St,72,0.16629603079518857,-8.993596293102888
North Texas,66,Tulsa,82,0.7410214367989679,12.474016558063923
UT San Antonio,73,UAB,83,-15.648689776756592,4.233612921761928
Oregon,57,UCLA,73,8.997587225487342,17.20134853209326
Wyoming,62,Utah St,94,8.357185218844622,19.392266810705305
Seattle,58,Washington St,70,4.296087924139515,4.5380550036221035
Minnesota,63,Wisconsin,67,10.308552144640325,16.984647164159234
West Georgia,74,Bellarmine,77,-11.903771564516768,-9.739354468795353
Southern Miss,63,Appalachian St,70,-6.948449734643707,-3.019964221943779
Bryant,60,Binghamton,63,-15.975655117989465,-21.707046613042007
CS Bakersfield,79,Cal Poly,104,-10.961124093729158,-6.316796372758351
Wagner,55,Central Conn,62,-12.601506934083272,-10.69680210540559
VMI,56,Citadel,80,-19.385486784833247,-15.588927891729995
Hofstra,64,Col Charleston,66,2.086644182827586,-0.4606347634581468
UC Davis,78,CS Northridge,94,-0.8434486910801374,-2.1109082342198446
Montana St,80,CS Sacramento,83,1.0473895970912468,-6.393255168038442
Hampton,51,Drexel,58,-8.456384002540549,-3.932084854527281
William & Mary,76,Elon,79,1.656572728906202,-1.7109036279344259
North Alabama,64,FGCU,72,-15.019555502687506,-4.349217773076286
Samford,73,Furman,78,-7.386171296092927,-2.2995798984529365
Presbyterian,81,High Point,84,-8.171853518367254,7.455157949413491
Washington,66,Illinois,75,15.817584011338012,27.558451754312838
Colorado,67,Iowa St,97,10.951503521035468,28.277104289911488
Lipscomb,65,Jacksonville,70,-2.2704298007365584,-10.526145762510124
Troy,64,James Madison,73,0.09710533684838424,-6.42260170209562
MTSU,65,Liberty,81,1.2330496506793978,5.976024139614131
Le Moyne,61,LIU Brooklyn,83,-9.839160736172351,-3.546335998209576
FL Atlantic,65,Memphis,92,6.351804649646517,7.369641932350132
UNC Greensboro,77,Mercer,95,-12.065434872466879,0.5840288415363489
NC A&T,81,Monmouth NJ,83,-8.135106985044182,-3.848522919496683
Portland St,60,Montana,64,2.2902438567068213,0.4272721445912008
SIUE,65,Morehead St,67,-8.17415727893679,-11.585204401367001
Idaho,83,N Colorado,91,-0.860099995525089,-1.0823524586851767
MA Lowell,61,New Hampshire,66,-14.238798983700297,-12.508359622828568
SUNY Albany,68,NJIT,77,-13.163496176751917,-14.80646949052454
St Thomas MN,80,North Dakota,81,2.882581967815671,-8.39620613812819
E Washington,86,Northern Arizona,92,-5.263958334345224,-9.643076515343548
Penn St,73,Northwestern,94,5.083955436049424,11.78237952913321
Charleston So,75,Radford,84,-6.340856798534731,-6.409728237299939
UC San Diego,48,UC Santa Barbara,62,3.4181336664537407,3.2846658019866024
Longwood,60,SC Upstate,65,-9.004272423423975,-9.147789259024785
W Illinois,74,SE Missouri St,78,-21.1486742641898,-6.757013248262701
Coastal Car,48,South Alabama,53,-7.357081216042199,-5.806253567999122
Oral Roberts,69,South Dakota,77,-11.75823476123825,-8.241126626447448
North Florida,77,Stetson,84,-15.534483522416355,-14.070523158103668
Campbell,69,Stony Brook,81,-4.608704820965019,-4.2986893622781555
Ark Little Rock,63,Tennessee St,70,-13.722529134725532,-7.984243030172132
E Illinois,68,TN Martin,76,-12.380585287610003,-3.7745856292540623
Hawaii,76,UC Irvine,87,8.020968123203241,3.4963503402669383
Long Beach St,61,UC Riverside,71,-4.652494408015093,-8.761132749466462
Georgia St,72,Louisiana,82,-9.841027531814934,-12.137067018502796
Gardner Webb,50,UNC Asheville,69,-24.646235285714415,-4.515129557592766
Towson,73,UNC Wilmington,82,-0.5464166889081582,2.413830183033299
Southern Utah,61,UT Arlington,80,-11.107617721609282,-0.020907387432929244
Tarleton St,55,Utah Valley,83,-2.827342432024417,6.639639918156236
UMBC,55,Vermont,64,-8.519516689602433,-5.418090561445725
ETSU,88,W Carolina,90,1.9085058569619273,-9.503110725382177
Chattanooga,55,Wofford,81,-11.311391432436908,-5.064308768836391
Abilene Chr,70,Utah Tech,76,-7.721991269551377,-3.4850425266828218
Southern Indiana,60,Lindenwood,73,-14.295320327497267,-7.15310794555327
F Dickinson,57,Stonehill,58,-14.479566581615781,-13.871167902361144
New Haven,51,Mercyhurst,70,-14.029552843602488,-9.513220387331831
Kent,52,Akron,69,1.3438007614795435,11.189246661258986
Rice,70,Charlotte,80,-4.818057589699624,1.2042231354891468
WI Green Bay,82,Cleveland St,89,-5.7700409143629,-10.736414013574178
Penn,67,Columbia,72,-2.0570696017200927,-1.1455860463245808
Princeton,64,Cornell,87,-5.435545860544262,-2.5897361889852073
N Kentucky,77,Detroit,90,-2.4537270857196694,-7.342812147525938
Iona,70,Fairfield,71,-5.622253380566301,-8.368082465442098
ULM,76,Ga Southern,79,-18.229928278847783,-8.452463657169565
Boise St,69,Grand Canyon,86,13.415037567503262,11.357472832207115
Brown,59,Harvard,69,-9.277418865214003,-1.9259472947129983
Rider,90,Manhattan,95,-17.261706725421675,-15.274581333554556
Canisius,86,Marist,88,-17.060558122515523,-1.1747337528313329
Michigan St,71,Michigan,83,24.386031921594633,34.00895201746655
UNLV,76,Nevada,89,3.1267531403743414,12.180469852648914
Quinnipiac,91,Sacred Heart,98,-3.997091735107692,-10.913977813629936
Niagara,79,Siena,82,-16.995194255109116,-3.3587700316394775
Dayton,71,St Louis,102,7.453720484555427,21.74212133595362
Mt St Mary's,58,St Peter's,66,-11.970313880036324,-6.3187048872930385
Loyola-Chicago,75,VCU,89,-7.919700317024193,12.760710460803173
Providence,73,Villanova,87,11.241342833123284,18.019965533374403
WI Milwaukee,69,Wright St,76,-6.744387041618924,1.3021861730347852
Dartmouth,68,Yale,83,-5.458928015720884,8.176250244240705
IUPUI,76,Youngstown St,85,-12.491570369997088,-2.8049667940666527
Florida A&M,65,Alabama A&M,72,-14.958411699952181,-12.721138316688517
Southern Univ,73,Alcorn St,78,-11.076179678502223,-20.10652752334088
Troy,44,Appalachian St,66,0.09710533684838424,-3.019964221943779
Arizona St,74,Arizona,87,10.603952967409308,29.622564216561056
MS Valley St,70,Ark Pine Bluff,78,-28.348205063722833,-13.668354319462967
Holy Cross,68,Army,69,-13.04688731791795,-14.42534764296668
West Georgia,78,Austin Peay,81,-11.903771564516768,-0.6575938360595827
West Virginia,53,Baylor,63,12.114842312208815,15.872210600276453
Murray St,86,Belmont,103,7.098433930540837,10.045584450409333
Alabama St,54,Bethune-Cookman,69,-13.932727716177093,-7.810451810139458
Drake,73,Bradley,87,0.7544156025781878,3.590955518992814
New Hampshire,84,Bryant,92,-12.508359622828568,-15.975655117989465
Boston Univ,97,Bucknell,103,-9.831287835150842,-13.096288524993339
Bowling Green,59,C Michigan,62,3.589447698727336,-9.604265919979685
UC Riverside,87,Cal Poly,94,-8.761132749466462,-6.316796372758351
Miami FL,85,California,86,17.78517891833293,13.447545319841446
William & Mary,96,Campbell,104,1.656572728906202,-4.608704820965019
E Kentucky,81,Cent Arkansas,90,-8.312055999179629,-1.5873241521362738
Mercyhurst,74,Chicago St,78,-9.513220387331831,-16.24969652612226
UNC Greensboro,66,Citadel,71,-12.065434872466879,-15.588927891729995
Pittsburgh,52,Clemson,63,8.195075774872146,17.882590338253785
Northeastern,84,Col Charleston,89,-6.463460575559628,-0.4606347634581468
Creighton,58,Connecticut,85,10.984102719717837,25.10729111927154
UC San Diego,64,CS Northridge,81,3.4181336664537407,-2.1109082342198446
Montana,79,CS Sacramento,86,0.4272721445912008,-6.393255168038442
Brown,70,Dartmouth,77,-9.277418865214003,-5.458928015720884
Richmond,54,Davidson,79,3.374354993392689,6.002686977751972
MD E Shore,57,Delaware St,65,-15.28346349833095,-20.10207053375217
NC A&T,60,Drexel,61,-8.135106985044182,-3.932084854527281
Virginia Tech,58,Duke,72,13.649896701268442,30.47631292494664
Southern Indiana,46,SIUE,58,-14.295320327497267,-8.17415727893679
Jacksonville,49,FGCU,68,-10.526145762510124,-4.349217773076286
Stanford,80,Florida St,88,11.495746482735854,8.465280031603305
G Washington,65,Fordham,79,9.857746736889899,-0.05904195752884017
Air Force,62,Fresno St,79,-12.735240615401642,4.073803256746674
St Bonaventure,73,George Mason,77,2.3358205694267835,8.095174888899992
Butler,64,Georgetown,77,12.436267405379676,8.097403188054626
St Mary's CA,65,Gonzaga,73,16.908220628065287,26.12679094319873
Jackson St,66,Grambling,69,-19.547308217380763,-10.144108684165358
Yale,65,Harvard,67,8.176250244240705,-1.9259472947129983
Long Beach St,82,Hawaii,89,-4.652494408015093,8.020968123203241
Longwood,59,High Point,71,-9.004272423423975,7.455157949413491
Monmouth NJ,57,Hofstra,73,-3.848522919496683,2.086644182827586
Cincinnati,54,Houston,76,12.416982907123183,25.82056645334507
Norfolk St,60,Howard,88,-13.021484758554106,-8.060038874832856
Northern Arizona,62,Idaho,79,-9.643076515343548,-0.860099995525089
S Illinois,66,IL Chicago,68,3.3850180919715123,1.7665509943221132
UCLA,97,Indiana,98,17.20134853209326,18.87384006863379
Robert Morris,71,PFW,83,-3.837549906546749,-5.625687252766425
BYU,82,Kansas,90,22.96623370113013,23.957485614866563
New Mexico St,53,Kennesaw,76,0.004049809068651347,0.6339937118072055
Arkansas,77,Kentucky,85,21.77145836677927,20.62694485238151
American Univ,65,Lafayette,67,-6.396969179237704,-12.102088387400759
Colgate,76,Lehigh,77,-3.5300665357659207,-10.370556306684765
North Florida,94,Lipscomb,100,-15.534483522416355,-2.2704298007365584
Central Conn,59,LIU Brooklyn,80,-10.69680210540559,-3.546335998209576
SMU,74,Louisville,88,18.858138555743015,24.611732488445927
South Carolina,87,LSU,92,8.258663769478087,14.712317974153333
Maine,77,MA Lowell,91,-16.277077360329795,-14.238798983700297
Arkansas St,61,Marshall,70,-2.643647731191786,0.16629603079518857
E Michigan,67,Massachusetts,70,-3.580139516277849,-0.4961988777783989
Lamar,63,McNeese St,64,-2.214271862878108,8.413093453200572
VMI,81,Mercer,95,-19.385486784833247,0.5840288415363489
N Illinois,61,Miami OH,85,-10.69931700103686,6.878792003107033
Mississippi St,79,Missouri,84,8.973566181550307,11.56899502860914
Jacksonville St,67,Missouri St,74,-4.019877384600862,-2.3667315699870506
Coppin St,80,Morgan St,89,-27.640739737591698,-20.00282080703169
E Washington,71,N Colorado,74,-5.263958334345224,-1.0823524586851767
South Dakota,84,N Dakota St,89,-8.241126626447448,2.046795939331589
Loyola MD,71,Navy,87,-13.377750243521636,-2.05716253834581
Wake Forest,78,NC State,96,12.26856625050307,21.788929391891067
Denver,82,NE Omaha,84,-6.718963056154548,-6.6809771450146105
San Jose St,80,New Mexico,90,-3.069027491311642,14.880097023188116
Northwestern LA,64,New Orleans,75,-9.19667857822737,-3.575655046476065
East Texas A&M,68,Nicholls St,72,-10.24868267858815,-6.207446160282377
Vermont,77,NJIT,79,-5.418090561445725,-14.80646949052454
Georgia Tech,75,North Carolina,91,4.81995930743693,20.177147542199364
Evansville,55,Northern Iowa,71,-7.795268693393136,5.785582448008606
Buffalo,83,Ohio,95,-1.2829899801500664,-2.458559640908652
Utah,69,Oklahoma St,81,6.364077339194109,13.86708154452552
San Diego,76,Oregon St,78,-2.184946658816856,-0.9699153817654318
Cornell,81,Penn,91,-2.5897361889852073,-2.0570696017200927
Montana St,54,Portland St,63,1.0473895970912468,2.2902438567068213
TX Southern,78,Prairie View,85,-14.284509430349972,-14.826501312313303
Columbia,68,Princeton,80,-1.1455860463245808,-5.435545860544262
Presbyterian,84,Radford,93,-8.171853518367254,-6.409728237299939
Oral Roberts,72,S Dakota St,95,-11.75823476123825,-1.4024499716884644
Louisiana Tech,67,Sam Houston St,83,-5.691689472397247,4.794162125506685
Pacific,82,San Francisco,87,4.378468361891341,6.276755571400898
CS Fullerton,69,UC Santa Barbara,83,-2.1915793640363734,3.2846658019866024
Loy Marymount,73,Santa Clara,104,1.5500504379175963,16.697031882728538
E Illinois,59,SE Missouri St,77,-12.380585287610003,-6.757013248262701
Marquette,64,Seton Hall,69,6.499579672447203,13.61217858159576
SE Louisiana,58,SF Austin,85,-8.378711089435738,6.14950134383293
Georgia St,67,South Alabama,69,-9.841027531814934,-5.806253567999122
James Madison,65,Southern Miss,73,-6.42260170209562,-6.948449734643707
Abilene Chr,76,Southern Utah,79,-7.721991269551377,-11.107617721609282
La Salle,58,St Joseph's PA,67,-4.388475820600071,0.6346552500089729
Elon,68,Stony Brook,72,-1.7109036279344259,-4.2986893622781555
Notre Dame,72,Syracuse,86,10.06327913551909,11.66262825734674
Houston Chr,71,TAM C. Christi,73,-9.978893333224674,-2.5860191794207728
South Florida,78,Temple,79,10.967070575235171,1.6101601066860876
Auburn,69,Tennessee,77,19.144250770747117,22.52532774922322
Ark Little Rock,77,Tennessee Tech,87,-13.722529134725532,-14.281089336240143
Oklahoma,69,Texas,79,11.432263406894199,17.79158970367343
Georgia,77,Texas A&M,92,20.02973847054447,19.179102352686098
Old Dominion,64,Texas St,81,-8.261680554358493,-8.993596293102888
W Illinois,44,TN Martin,84,-21.1486742641898,-3.7745856292540623
Ball St,55,Toledo,73,-11.502717502859307,0.3389247220623984
Hampton,50,Towson,82,-8.456384002540549,-0.5464166889081582
Incarnate Word,93,UTRGV,106,-5.547585347287668,-0.22814271103413875
North Texas,68,UAB,72,0.7410214367989679,4.233612921761928
CS Bakersfield,72,UC Davis,80,-10.961124093729158,-0.8434486910801374
Texas Tech,80,UCF,88,22.11626746517065,15.06572674394935
Ga Southern,60,Louisiana,69,-8.452463657169565,-12.137067018502796
SUNY Albany,65,UMBC,68,-13.163496176751917,-8.519516689602433
Rutgers,75,USC,78,2.795178359596027,13.985005389761836
San Diego St,66,Utah St,71,14.954913190967044,19.392266810705305
Delaware,55,UTEP,70,-8.317869143575352,-6.308444347027473
Indiana St,72,Valparaiso,76,-2.4581456880249015,0.7826673040916575
Mississippi,68,Vanderbilt,71,10.46160439503338,24.154102986278797
Boston College,66,Virginia,73,3.54890302348592,20.91879714221833
MTSU,60,WKU,65,1.2330496506793978,0.4252617180430557
F Dickinson,72,Wagner,75,-14.479566581615781,-12.601506934083272
Northwestern,62,Washington,76,11.78237952913321,15.817584011338012
Portland,74,Washington St,104,-0.9276049727698782,4.5380550036221035
Idaho St,79,Weber St,81,-2.6900359146858124,-2.4753255840285364
UNC Asheville,71,Winthrop,84,-4.515129557592766,1.3368316881639872
Ohio St,82,Wisconsin,92,16.95643641170654,16.984647164159234
Colorado St,57,Wyoming,68,8.035917066741126,8.357185218844622
DePaul,66,Xavier,68,7.564957311061451,7.778365709841898
UT Arlington,77,Cal Baptist,87,-0.020907387432929244,2.1953924231003668
Stetson,66,North Alabama,68,-14.070523158103668,-15.019555502687506
Queens NC,75,Bellarmine,78,-4.175091457795946,-9.739354468795353
Tarleton St,59,Utah Tech,65,-2.827342432024417,-3.4850425266828218
Morehead St,78,Lindenwood,79,-11.585204401367001,-7.15310794555327
Le Moyne,54,Stonehill,65,-9.839160736172351,-13.871167902361144
St Francis PA,69,New Haven,81,-18.95162660287704,-14.029552843602488
WI Milwaukee,88,Cleveland St,90,-6.744387041618924,-10.736414013574178
ULM,79,Coastal Car,83,-18.229928278847783,-7.357081216042199
TCU,61,Colorado,87,14.466735878512502,10.951503521035468
Rhode Island,61,Duquesne,76,4.372881568912538,4.686016814942015
FL Atlantic,75,East Carolina,76,6.351804649646517,-6.938769569086803
Wofford,72,ETSU,86,-5.064308768836391,1.9085058569619273
Alabama,77,Florida,100,22.89926309681164,26.39081761428366
Chattanooga,70,Furman,75,-11.311391432436908,-2.2995798984529365
Nebraska,69,Illinois,78,23.21892114201473,27.558451754312838
Oregon,66,Iowa,84,8.997587225487342,21.236487010988846
Kansas St,61,Iowa St,95,10.199483531346415,28.277104289911488
Niagara,46,Marist,58,-16.995194255109116,-1.1747337528313329
Manhattan,65,Mt St Mary's,72,-15.274581333554556,-11.970313880036324
N Kentucky,65,Oakland,76,-2.4537270857196694,1.2988617496209411
Minnesota,75,Penn St,77,10.308552144640325,5.083955436049424
Maryland,63,Purdue,93,2.5510536362520244,26.152648451209974
Fairfield,65,Quinnipiac,72,-8.368082465442098,-3.997091735107692
St Peter's,78,Rider,81,-6.3187048872930385,-17.261706725421675
W Carolina,74,Samford,88,-9.503110725382177,-7.386171296092927
Canisius,63,Siena,78,-17.060558122515523,-3.3587700316394775
Memphis,76,Tulane,78,7.369641932350132,-1.5078676189201856
Wichita St,83,Tulsa,93,8.433712769495724,12.474016558063923
WI Green Bay,75,Wright St,83,-5.7700409143629,1.3021861730347852
Sacred Heart,58,Merrimack,75,-10.913977813629936,-5.674283720960461
Missouri KC,64,St Thomas MN,99,-16.661368094073026,2.882581967815671
Florida A&M,66,Alabama St,79,-14.958411699952181,-13.932727716177093
Alabama A&M,62,Bethune-Cookman,80,-12.721138316688517,-7.810451810139458
Holy Cross,64,Boston Univ,72,-13.04688731791795,-9.831287835150842
Weber St,90,CS Sacramento,104,-2.4753255840285364,-6.393255168038442
Alcorn St,50,Grambling,74,-20.10652752334088,-10.144108684165358
Coppin St,53,Howard,72,-27.640739737591698,-8.060038874832856
TAM C. Christi,69,Incarnate Word,71,-2.5860191794207728,-5.547585347287668
Texas Tech,61,Kansas,64,22.11626746517065,23.957485614866563
SE Louisiana,54,Lamar,73,-8.378711089435738,-2.214271862878108
MD E Shore,63,NC Central,65,-15.28346349833095,-16.23054921366116
East Texas A&M,85,New Orleans,94,-10.24868267858815,-3.575655046476065
Northwestern LA,58,Nicholls St,61,-9.19667857822737,-6.207446160282377
Syracuse,77,North Carolina,87,11.66262825734674,20.177147542199364
Idaho St,65,Portland St,88,-2.6900359146858124,2.2902438567068213
McNeese St,60,SF Austin,67,8.413093453200572,6.14950134383293
Jackson St,91,Southern Univ,96,-19.547308217380763,-11.076179678502223
Tennessee St,85,Tennessee Tech,90,-7.984243030172132,-14.281089336240143
Houston Chr,57,UTRGV,74,-9.978893333224674,-0.22814271103413875
E Michigan,64,Akron,66,-3.580139516277849,11.189246661258986
Drake,90,Belmont,103,0.7544156025781878,10.045584450409333
Nevada,87,Boise St,91,12.180469852648914,13.415037567503262
Ball St,52,Bowling Green,77,-11.502717502859307,3.589447698727336
Valparaiso,65,Bradley,72,0.7826673040916575,3.590955518992814
Xavier,60,Connecticut,92,7.778365709841898,25.10729111927154
St Bonaventure,70,Dayton,72,2.3358205694267835,7.453720484555427
Boston College,49,Duke,67,3.54890302348592,30.47631292494664
Lindenwood,72,SIUE,78,-7.15310794555327,-8.17415727893679
UNLV,96,Fresno St,98,3.1267531403743414,4.073803256746674
Air Force,57,Grand Canyon,81,-12.735240615401642,11.357472832207115
Evansville,63,Indiana St,84,-7.795268693393136,-2.4581456880249015
Toledo,72,Kent,75,0.3389247220623984,1.3438007614795435
La Salle,61,Loyola-Chicago,71,-4.388475820600071,-7.919700317024193
C Michigan,89,Massachusetts,95,-9.604265919979685,-0.4961988777783989
Buffalo,71,Miami OH,73,-1.2829899801500664,6.878792003107033
IL Chicago,74,Murray St,81,1.7665509943221132,7.098433930540837
SMU,83,NC State,84,18.858138555743015,21.788929391891067
Canisius,56,Niagara,65,-17.060558122515523,-16.995194255109116
W Michigan,71,Ohio,91,-7.971093026343999,-2.458559640908652
Illinois St,50,S Illinois,54,8.933861719167899,3.3850180919715123
Wyoming,63,San Diego St,72,8.357185218844622,14.954913190967044
DePaul,56,St John's,68,7.564957311061451,22.387807157714732
Davidson,82,St Louis,91,6.002686977751972,21.74212133595362
Mississippi,66,Tennessee,84,10.46160439503338,22.52532774922322
South Carolina,75,Texas,84,8.258663769478087,17.79158970367343
Ark Little Rock,52,TN Martin,55,-13.722529134725532,-3.7745856292540623
Rutgers,66,UCLA,98,2.795178359596027,17.20134853209326
Indiana,75,USC,81,18.87384006863379,13.985005389761836
Fordham,59,VCU,63,-0.05904195752884017,12.760710460803173
Pittsburgh,47,Virginia,67,8.195075774872146,20.91879714221833
Texas A&M,97,Alabama,100,19.179102352686098,22.89926309681164
South Alabama,57,Appalachian St,65,-5.806253567999122,-3.019964221943779
Utah,63,Arizona St,71,6.364077339194109,10.603952967409308
Grambling,64,Ark Pine Bluff,67,-10.144108684165358,-13.668354319462967
Coastal Car,66,Arkansas St,70,-7.357081216042199,-2.643647731191786
Lipscomb,76,Austin Peay,87,-2.2704298007365584,-0.6575938360595827
Colorado,67,Baylor,86,10.951503521035468,15.872210600276453
American Univ,59,Bucknell,60,-6.396969179237704,-13.096288524993339
Georgia Tech,85,California,90,4.81995930743693,13.447545319841446
North Alabama,60,Cent Arkansas,81,-15.019555502687506,-1.5873241521362738
Stanford,64,Clemson,66,11.495746482735854,17.882590338253785
Oakland,78,Cleveland St,91,1.2988617496209411,-10.736414013574178
Army,55,Colgate,69,-14.42534764296668,-3.5300665357659207
WI Milwaukee,63,Detroit,76,-6.744387041618924,-7.342812147525938
George Mason,65,Duquesne,71,8.095174888899992,4.686016814942015
Furman,71,ETSU,75,-2.2995798984529365,1.9085058569619273
MTSU,84,Florida Intl,88,1.2330496506793978,-1.0098371649423266
Creighton,68,Georgetown,76,10.984102719717837,8.097403188054626
Charleston So,55,High Point,80,-6.340856798534731,7.455157949413491
UCF,55,Houston,79,15.06572674394935,25.82056645334507
Northwestern,44,Illinois,84,11.78237952913321,27.558451754312838
Washington,74,Iowa,84,15.817584011338012,21.236487010988846
Oklahoma,78,Kentucky,94,11.432263406894199,20.62694485238151
Delaware,69,Liberty,75,-8.317869143575352,5.976024139614131
Gardner Webb,66,Longwood,86,-24.646235285714415,-9.004272423423975
Notre Dame,65,Louisville,76,10.06327913551909,24.611732488445927
San Francisco,75,Loy Marymount,84,6.276755571400898,1.5500504379175963
Lehigh,84,Loyola MD,89,-10.370556306684765,-13.377750243521636
Southern Miss,77,Marshall,81,-6.948449734643707,0.16629603079518857
Michigan St,73,Minnesota,76,24.386031921594633,10.308552144640325
Lafayette,50,Navy,65,-12.102088387400759,-2.05716253834581
Louisiana Tech,63,New Mexico St,72,-5.691689472397247,0.004049809068651347
BYU,92,Oklahoma St,99,22.96623370113013,13.86708154452552
Washington St,64,Oregon St,74,4.5380550036221035,-0.9699153817654318
Gonzaga,80,Portland,87,26.12679094319873,-0.9276049727698782
Butler,87,Providence,97,12.436267405379676,11.241342833123284
North Texas,83,Rice,86,0.7410214367989679,-4.818057589699624
Wright St,66,Robert Morris,72,1.3021861730347852,-3.837549906546749
MD E Shore,54,S Carolina St,63,-15.28346349833095,-22.2908843957574
UTEP,66,Sam Houston St,70,-6.308444347027473,4.794162125506685
Pacific,56,Santa Clara,71,4.378468361891341,16.697031882728538
Pepperdine,81,Seattle,83,-5.588454031414728,4.296087924139515
Missouri KC,75,South Dakota,82,-16.661368094073026,-8.241126626447448
UT San Antonio,88,South Florida,109,-15.648689776756592,10.967070575235171
G Washington,73,St Joseph's PA,76,9.857746736889899,0.6346552500089729
San Diego,60,St Mary's CA,87,-2.184946658816856,16.908220628065287
Ga Southern,71,Texas St,77,-8.452463657169565,-8.993596293102888
Georgia St,63,Troy,74,-9.841027531814934,0.09710533684838424
FL Atlantic,76,Tulsa,78,6.351804649646517,12.474016558063923
James Madison,61,Louisiana,64,-6.42260170209562,-12.137067018502796
Old Dominion,79,ULM,85,-8.261680554358493,-18.229928278847783
SC Upstate,67,UNC Asheville,76,-9.147789259024785,-4.515129557592766
W Carolina,78,UNC Greensboro,81,-9.503110725382177,-12.065434872466879
New Mexico,66,Utah St,86,14.880097023188116,19.392266810705305
Seton Hall,60,Villanova,72,13.61217858159576,18.019965533374403
N Kentucky,84,WI Green Bay,87,-2.4537270857196694,-5.7700409143629
Charlotte,64,Wichita St,74,1.2042231354891468,8.433712769495724
Radford,78,Winthrop,80,-6.409728237299939,1.3368316881639872
VMI,67,Wofford,81,-19.385486784833247,-5.064308768836391
PFW,61,Youngstown St,90,-5.625687252766425,-2.8049667940666527
S Dakota St,62,St Thomas MN,77,-1.4024499716884644,2.882581967815671
Northwestern LA,68,East Texas A&M,74,-9.19667857822737,-10.24868267858815
