Season,Team1,Team2,RatingDiff,Team1Win
2003,Alabama,Indiana,1.027994051597375,0
2003,Arizona,Gonzaga,11.700246564359091,1
2003,Arizona,Kansas,-0.9994267257252218,0
2003,Arizona,Notre Dame,6.058860767507426,1
2003,Arizona,Vermont,24.71522043339652,1
2003,Arizona St,Kansas,-8.941538835252477,0
2003,Arizona St,Memphis,1.660954673494981,1
2003,Auburn,St Joseph's PA,-2.535582308044587,1
2003,Auburn,Syracuse,-5.2615589714988875,0
2003,Auburn,Wake Forest,-5.3992530276691415,1
2003,Austin Peay,Louisville,-21.260452208470035,0
2003,Butler,Louisville,-12.613003048420852,1
2003,Butler,Mississippi St,-10.230613908317592,1
2003,Butler,Oklahoma,-11.715781351872314,0
2003,BYU,Connecticut,-1.433529926087953,0
2003,C Michigan,Creighton,-8.963163043242362,1
2003,C Michigan,Duke,-12.502949571550472,0
2003,California,NC State,0.15657098832905447,1
2003,California,Oklahoma,-7.844886933883156,0
2003,Cincinnati,Gonzaga,1.615983492138886,0
2003,Colorado,Michigan St,-1.688514498102375,0
2003,Colorado St,Duke,-13.953806038307823,0
2003,Connecticut,BYU,1.433529926087953,1
2003,Connecticut,Stanford,1.643312866282157,1
2003,Connecticut,Texas,-4.047505562212432,0
2003,Creighton,C Michigan,8.963163043242362,0
2003,Dayton,Tulsa,1.9026318470251127,0
2003,Duke,C Michigan,12.502949571550472,1
2003,Duke,Colorado St,13.953806038307823,1
2003,Duke,Kansas,-5.082921570054303,0
2003,ETSU,Wake Forest,-19.342005104392204,0
2003,Florida,Michigan St,4.229351575903703,0
2003,Florida,Sam Houston St,20.21834690242485,1
2003,Gonzaga,Arizona,-11.700246564359091,0
2003,Gonzaga,Cincinnati,-1.615983492138886,1
2003,Holy Cross,Marquette,-11.54424473824249,0
2003,Illinois,Notre Dame,2.9506310252097627,0
2003,Illinois,WKU,13.025798345300895,1
2003,Indiana,Alabama,-1.027994051597375,1
2003,Indiana,Pittsburgh,-8.27443159518995,0
2003,IUPUI,Kentucky,-24.790429455721608,0
2003,Kansas,Arizona,0.9994267257252218,1
2003,Kansas,Arizona St,8.941538835252477,1
2003,Kansas,Duke,5.082921570054303,1
2003,Kansas,Marquette,8.026176319634505,1
2003,Kansas,Syracuse,6.944514489784773,0
2003,Kansas,Utah St,20.922813954119675,1
2003,Kentucky,IUPUI,24.790429455721608,1
2003,Kentucky,Marquette,6.355692024400792,0
2003,Kentucky,Utah,11.488821874521916,1
2003,Kentucky,Wisconsin,4.854090120339517,1
2003,Louisville,Austin Peay,21.260452208470035,1
2003,Louisville,Butler,12.613003048420852,0
2003,LSU,Purdue,1.7514273384487247,0
2003,Manhattan,Syracuse,-12.235653549035579,0
2003,Marquette,Holy Cross,11.54424473824249,1
2003,Marquette,Kansas,-8.026176319634505,0
2003,Marquette,Kentucky,-6.355692024400792,1
2003,Marquette,Missouri,1.0690596236116754,1
2003,Marquette,Pittsburgh,-4.648615255948165,1
2003,Maryland,Michigan St,5.806698168084889,0
2003,Maryland,UNC Wilmington,12.72421930144737,1
2003,Maryland,Xavier,4.265680882694177,1
2003,Memphis,Arizona St,-1.660954673494981,0
2003,Michigan St,Colorado,1.688514498102375,1
2003,Michigan St,Florida,-4.229351575903703,1
2003,Michigan St,Maryland,-5.806698168084889,1
2003,Michigan St,Texas,-4.414986320897434,0
2003,Mississippi St,Butler,10.230613908317592,0
2003,Missouri,Marquette,-1.0690596236116754,0
2003,Missouri,S Illinois,6.892350219981218,1
2003,NC State,California,-0.15657098832905447,0
2003,Notre Dame,Arizona,-6.058860767507426,0
2003,Notre Dame,Illinois,-2.9506310252097627,1
2003,Notre Dame,WI Milwaukee,10.142328299876525,1
2003,Oklahoma,Butler,11.715781351872314,1
2003,Oklahoma,California,7.844886933883156,1
2003,Oklahoma,S Carolina St,29.31947593532543,1
2003,Oklahoma,Syracuse,2.213388011786172,0
2003,Oklahoma St,Penn,6.006598287675436,1
2003,Oklahoma St,Syracuse,-2.760303418821538,0
2003,Oregon,Utah,3.0308151850232683,0
2003,Penn,Oklahoma St,-6.006598287675436,0
2003,Pittsburgh,Indiana,8.27443159518995,1
2003,Pittsburgh,Marquette,4.648615255948165,0
2003,Pittsburgh,Wagner,24.49040798115199,1
2003,Purdue,LSU,-1.7514273384487247,1
2003,Purdue,Texas,-4.026171007674353,0
2003,S Carolina St,Oklahoma,-29.31947593532543,0
2003,S Illinois,Missouri,-6.892350219981218,0
2003,Sam Houston St,Florida,-20.21834690242485,0
2003,San Diego,Stanford,-8.25493485851311,0
2003,St Joseph's PA,Auburn,2.535582308044587,0
2003,Stanford,Connecticut,-1.643312866282157,0
2003,Stanford,San Diego,8.25493485851311,1
2003,Syracuse,Auburn,5.2615589714988875,1
2003,Syracuse,Kansas,-6.944514489784773,1
2003,Syracuse,Manhattan,12.235653549035579,1
2003,Syracuse,Oklahoma,-2.213388011786172,1
2003,Syracuse,Oklahoma St,2.760303418821538,1
2003,Syracuse,Texas,-1.8391185682190496,1
2003,Texas,Connecticut,4.047505562212432,1
2003,Texas,Michigan St,4.414986320897434,1
2003,Texas,Purdue,4.026171007674353,1
2003,Texas,Syracuse,1.8391185682190496,0
2003,Texas,UNC Asheville,33.274432300407675,1
2003,Troy,Xavier,-13.7782629411047,0
2003,Tulsa,Dayton,-1.9026318470251127,1
2003,Tulsa,Wisconsin,-8.297427986991254,0
2003,TX Southern,UNC Asheville,5.001604716728622,0
2003,UNC Asheville,Texas,-33.274432300407675,0
2003,UNC Asheville,TX Southern,-5.001604716728622,1
2003,UNC Wilmington,Maryland,-12.72421930144737,0
2003,Utah,Kentucky,-11.488821874521916,0
2003,Utah,Oregon,-3.0308151850232683,1
2003,Utah St,Kansas,-20.922813954119675,0
2003,Vermont,Arizona,-24.71522043339652,0
2003,WKU,Illinois,-13.025798345300895,0
2003,Wagner,Pittsburgh,-24.49040798115199,0
2003,Wake Forest,Auburn,5.3992530276691415,0
2003,Wake Forest,ETSU,19.342005104392204,1
2003,Weber St,Wisconsin,-13.541812010323763,0
2003,WI Milwaukee,Notre Dame,-10.142328299876525,0
2003,Wisconsin,Kentucky,-4.854090120339517,0
2003,Wisconsin,Tulsa,8.297427986991254,1
2003,Wisconsin,Weber St,13.541812010323763,1
2003,Xavier,Maryland,-4.265680882694177,0
2003,Xavier,Troy,13.7782629411047,1
2004,Air Force,North Carolina,-10.455109097585,0
2004,Alabama,Connecticut,-7.161052181876034,0
2004,Alabama,S Illinois,4.027118702428352,1
2004,Alabama,Stanford,-3.2604009324989605,1
2004,Alabama,Syracuse,1.9032778245651478,1
2004,Alabama St,Duke,-37.031290407126264,0
2004,Arizona,Seton Hall,1.192891830300935,0
2004,Boston College,Georgia Tech,-9.863752548921088,0
2004,Boston College,Utah,-0.2515800090182374,1
2004,BYU,Syracuse,0.4612944438536779,0
2004,Charlotte,Texas Tech,-2.0424856255903503,0
2004,Cincinnati,ETSU,16.411821353286022,1
2004,Cincinnati,Illinois,4.665880647178401,0
2004,Connecticut,Alabama,7.161052181876034,1
2004,Connecticut,DePaul,12.433218081111464,1
2004,Connecticut,Duke,-4.154156510961837,1
2004,Connecticut,Georgia Tech,0.31054214872944996,1
2004,Connecticut,Vanderbilt,5.589513010820607,1
2004,Connecticut,Vermont,24.72151805469729,1
2004,Dayton,DePaul,-2.1674132986371255,0
2004,DePaul,Connecticut,-12.433218081111464,0
2004,DePaul,Dayton,2.1674132986371255,1
2004,Duke,Alabama St,37.031290407126264,1
2004,Duke,Connecticut,4.154156510961837,0
2004,Duke,Illinois,10.31593834257528,1
2004,Duke,Seton Hall,11.391931045044027,1
2004,Duke,Xavier,13.707724478559259,1
2004,E Washington,Oklahoma St,-19.27073670689188,0
2004,ETSU,Cincinnati,-16.411821353286022,0
2004,Florida,Manhattan,9.42172409448672,0
2004,Florida A&M,Kentucky,-30.64947290588854,0
2004,Florida A&M,Lehigh,-4.161295096971844,1
2004,Georgia Tech,Boston College,9.863752548921088,1
2004,Georgia Tech,Connecticut,-0.31054214872944996,0
2004,Georgia Tech,Kansas,5.66495111066191,1
2004,Georgia Tech,Nevada,7.393900339514529,1
2004,Georgia Tech,Northern Iowa,14.97539180232162,1
2004,Georgia Tech,Oklahoma St,1.2209911716868262,1
2004,Gonzaga,Nevada,5.618722873415189,0
2004,Gonzaga,Valparaiso,19.395636704186867,1
2004,IL Chicago,Kansas,-9.48050436121709,0
2004,Illinois,Cincinnati,-4.665880647178401,1
2004,Illinois,Duke,-10.31593834257528,0
2004,Illinois,Murray St,7.884707278846507,1
2004,Kansas,Georgia Tech,-5.66495111066191,0
2004,Kansas,IL Chicago,9.48050436121709,1
2004,Kansas,Pacific,10.350492516592244,1
2004,Kansas,UAB,3.2721546797439363,1
2004,Kentucky,Florida A&M,30.64947290588854,1
2004,Kentucky,UAB,7.412655927967714,0
2004,Lehigh,Florida A&M,4.161295096971844,0
2004,Liberty,St Joseph's PA,-23.166685459499178,0
2004,Louisville,Xavier,7.32653622966958,0
2004,Manhattan,Florida,-9.42172409448672,1
2004,Manhattan,Wake Forest,-11.378770666293182,0
2004,Maryland,Syracuse,4.941927807326529,0
2004,Maryland,UTEP,6.323814780243881,1
2004,Memphis,Oklahoma St,-7.118200709026469,0
2004,Memphis,South Carolina,-0.6234962452013342,1
2004,Michigan St,Nevada,-2.0679378574710814,0
2004,Mississippi St,Monmouth NJ,21.901105050155277,1
2004,Mississippi St,Xavier,5.226672508604123,0
2004,Monmouth NJ,Mississippi St,-21.901105050155277,0
2004,Murray St,Illinois,-7.884707278846507,0
2004,NC State,Louisiana,12.71185476241974,1
2004,NC State,Vanderbilt,2.8259150447931134,0
2004,Nevada,Georgia Tech,-7.393900339514529,0
2004,Nevada,Gonzaga,-5.618722873415189,1
2004,Nevada,Michigan St,2.0679378574710814,1
2004,North Carolina,Air Force,10.455109097585,1
2004,North Carolina,Texas,1.1276712336187877,0
2004,Northern Iowa,Georgia Tech,-14.97539180232162,0
2004,Oklahoma St,E Washington,19.27073670689188,1
2004,Oklahoma St,Georgia Tech,-1.2209911716868262,0
2004,Oklahoma St,Memphis,7.118200709026469,1
2004,Oklahoma St,Pittsburgh,1.8133609115382363,1
2004,Oklahoma St,St Joseph's PA,0.2394538192181095,1
2004,Pacific,Kansas,-10.350492516592244,0
2004,Pacific,Providence,-9.824938055736274,1
2004,Pittsburgh,Oklahoma St,-1.8133609115382363,0
2004,Pittsburgh,UCF,16.541502472506885,1
2004,Pittsburgh,Wisconsin,-0.23200300770400517,1
2004,Princeton,Texas,-17.147526731901117,0
2004,Providence,Pacific,9.824938055736274,0
2004,Richmond,Wisconsin,-8.601357578916895,0
2004,S Illinois,Alabama,-4.027118702428352,0
2004,Seton Hall,Arizona,-1.192891830300935,1
2004,Seton Hall,Duke,-11.391931045044027,0
2004,South Carolina,Memphis,0.6234962452013342,0
2004,St Joseph's PA,Liberty,23.166685459499178,1
2004,St Joseph's PA,Oklahoma St,-0.2394538192181095,0
2004,St Joseph's PA,Texas Tech,5.406159606017889,1
2004,St Joseph's PA,Wake Forest,0.5133935772406879,1
2004,Stanford,Alabama,3.2604009324989605,0
2004,Stanford,UT San Antonio,24.92556996118354,1
2004,Syracuse,Alabama,-1.9032778245651478,0
2004,Syracuse,BYU,-0.4612944438536779,1
2004,Syracuse,Maryland,-4.941927807326529,1
2004,Texas,North Carolina,-1.1276712336187877,1
2004,Texas,Princeton,17.147526731901117,1
2004,Texas,Xavier,6.50738589503157,0
2004,Texas Tech,Charlotte,2.0424856255903503,1
2004,Texas Tech,St Joseph's PA,-5.406159606017889,0
2004,UAB,Kansas,-3.2721546797439363,0
2004,UAB,Kentucky,-7.412655927967714,1
2004,UAB,Washington,2.78540079048501,1
2004,UCF,Pittsburgh,-16.541502472506885,0
2004,Louisiana,NC State,-12.71185476241974,0
2004,UT San Antonio,Stanford,-24.92556996118354,0
2004,Utah,Boston College,0.2515800090182374,0
2004,UTEP,Maryland,-6.323814780243881,0
2004,VCU,Wake Forest,-12.936163443035554,0
2004,Valparaiso,Gonzaga,-19.395636704186867,0
2004,Vanderbilt,Connecticut,-5.589513010820607,0
2004,Vanderbilt,NC State,-2.8259150447931134,1
2004,Vanderbilt,W Michigan,3.315291610285522,1
2004,Vermont,Connecticut,-24.72151805469729,0
2004,W Michigan,Vanderbilt,-3.315291610285522,0
2004,Wake Forest,Manhattan,11.378770666293182,1
2004,Wake Forest,St Joseph's PA,-0.5133935772406879,0
2004,Wake Forest,VCU,12.936163443035554,1
2004,Washington,UAB,-2.78540079048501,0
2004,Wisconsin,Pittsburgh,0.23200300770400517,0
2004,Wisconsin,Richmond,8.601357578916895,1
2004,Xavier,Duke,-13.707724478559259,0
2004,Xavier,Louisville,-7.32653622966958,1
2004,Xavier,Mississippi St,-5.226672508604123,1
2004,Xavier,Texas,-6.50738589503157,1
2005,Alabama,WI Milwaukee,8.386501952450741,0
2005,Alabama A&M,Oakland,-9.319717415911965,0
2005,Arizona,Illinois,-6.590140701547476,0
2005,Arizona,Oklahoma St,-4.985137628313499,1
2005,Arizona,UAB,6.818966146757777,1
2005,Arizona,Utah St,4.20082283228756,1
2005,Boston College,Penn,9.385945623727903,1
2005,Boston College,WI Milwaukee,5.4648450787727825,0
2005,Bucknell,Kansas,-20.328555688716527,1
2005,Bucknell,Wisconsin,-15.397158001010464,0
2005,Charlotte,NC State,-6.727340751624059,0
2005,Chattanooga,Wake Forest,-22.805170463911914,0
2005,Cincinnati,Iowa,1.7758761664431617,1
2005,Cincinnati,Kentucky,-2.5405064884016078,0
2005,Connecticut,NC State,3.3913487176572232,0
2005,Connecticut,UCF,25.43764514670373,1
2005,Creighton,West Virginia,-1.0640732530252954,0
2005,Delaware St,Duke,-31.74220894803042,0
2005,Duke,Delaware St,31.74220894803042,1
2005,Duke,Michigan St,3.853872706493913,0
2005,Duke,Mississippi St,12.35042289166682,1
2005,E Kentucky,Kentucky,-22.79968340976258,0
2005,F Dickinson,Illinois,-28.24782763405906,0
2005,Florida,Ohio,16.06241588478679,1
2005,Florida,Villanova,2.630039781537853,0
2005,G Washington,Georgia Tech,-7.168792323916108,0
2005,Georgia Tech,G Washington,7.168792323916108,1
2005,Georgia Tech,Louisville,-4.508176680692589,0
2005,Gonzaga,Texas Tech,-2.8544564111526647,0
2005,Gonzaga,Winthrop,13.048187235844363,1
2005,Illinois,Arizona,6.590140701547476,1
2005,Illinois,F Dickinson,28.24782763405906,1
2005,Illinois,Louisville,1.3724227259452064,1
2005,Illinois,Nevada,15.541866472487452,1
2005,Illinois,North Carolina,-4.9026262690746485,0
2005,Illinois,WI Milwaukee,14.841745779302437,1
2005,Iowa,Cincinnati,-1.7758761664431617,0
2005,Iowa St,Minnesota,-1.2429362336261445,1
2005,Iowa St,North Carolina,-17.417438148005605,0
2005,Kansas,Bucknell,20.328555688716527,0
2005,Kentucky,Cincinnati,2.5405064884016078,1
2005,Kentucky,E Kentucky,22.79968340976258,1
2005,Kentucky,Michigan St,-0.9607686408608593,0
2005,Kentucky,Utah,6.600889093169421,1
2005,Louisville,Georgia Tech,4.508176680692589,1
2005,Louisville,Illinois,-1.3724227259452064,0
2005,Louisville,Louisiana,17.138393781022877,1
2005,Louisville,Washington,1.9608781223480065,1
2005,Louisville,West Virginia,11.465116113478102,1
2005,LSU,UAB,1.7336469586612697,0
2005,Michigan St,Duke,-3.853872706493913,1
2005,Michigan St,Kentucky,0.9607686408608593,1
2005,Michigan St,North Carolina,-8.194514450577831,0
2005,Michigan St,Old Dominion,14.475479885340686,1
2005,Michigan St,Vermont,12.961917149827375,1
2005,Minnesota,Iowa St,1.2429362336261445,0
2005,Mississippi St,Duke,-12.35042289166682,0
2005,Mississippi St,Stanford,2.375261698519397,1
2005,Montana,Washington,-24.52759519874665,0
2005,NC State,Charlotte,6.727340751624059,1
2005,NC State,Connecticut,-3.3913487176572232,1
2005,NC State,Wisconsin,-0.16191228456596818,0
2005,Nevada,Illinois,-15.541866472487452,0
2005,Nevada,Texas,-7.8388330328532305,1
2005,New Mexico,Villanova,-7.252193150656607,0
2005,Niagara,Oklahoma,-17.767719206484152,0
2005,North Carolina,Illinois,4.9026262690746485,1
2005,North Carolina,Iowa St,17.417438148005605,1
2005,North Carolina,Michigan St,8.194514450577831,1
2005,North Carolina,Oakland,31.361880598259436,1
2005,North Carolina,Villanova,10.373883722558428,1
2005,North Carolina,Wisconsin,12.184213976683186,1
2005,Northern Iowa,Wisconsin,-7.135739992930787,0
2005,Oakland,Alabama A&M,9.319717415911965,1
2005,Oakland,North Carolina,-31.361880598259436,0
2005,Ohio,Florida,-16.06241588478679,0
2005,Oklahoma,Niagara,17.767719206484152,1
2005,Oklahoma,Utah,7.887639840725004,0
2005,Oklahoma St,Arizona,4.985137628313499,0
2005,Oklahoma St,S Illinois,11.15859754177149,1
2005,Oklahoma St,SE Louisiana,23.51773294194925,1
2005,Old Dominion,Michigan St,-14.475479885340686,0
2005,Pacific,Pittsburgh,-6.630989011359242,1
2005,Pacific,Washington,-12.150809680790934,0
2005,Penn,Boston College,-9.385945623727903,0
2005,Pittsburgh,Pacific,6.630989011359242,0
2005,S Illinois,Oklahoma St,-11.15859754177149,0
2005,S Illinois,St Mary's CA,4.1361399384983395,1
2005,SE Louisiana,Oklahoma St,-23.51773294194925,0
2005,St Mary's CA,S Illinois,-4.1361399384983395,0
2005,Stanford,Mississippi St,-2.375261698519397,0
2005,Syracuse,Vermont,9.398774015754174,0
2005,Texas,Nevada,7.8388330328532305,0
2005,Texas Tech,Gonzaga,2.8544564111526647,1
2005,Texas Tech,UCLA,6.9404736824635105,1
2005,Texas Tech,West Virginia,5.480430263011057,0
2005,UAB,Arizona,-6.818966146757777,0
2005,UAB,LSU,-1.7336469586612697,1
2005,UCF,Connecticut,-25.43764514670373,0
2005,UCLA,Texas Tech,-6.9404736824635105,0
2005,Louisiana,Louisville,-17.138393781022877,0
2005,Utah,Kentucky,-6.600889093169421,0
2005,Utah,Oklahoma,-7.887639840725004,1
2005,Utah,UTEP,3.5801639385320616,1
2005,Utah St,Arizona,-4.20082283228756,0
2005,UTEP,Utah,-3.5801639385320616,0
2005,Vermont,Michigan St,-12.961917149827375,0
2005,Vermont,Syracuse,-9.398774015754174,1
2005,Villanova,Florida,-2.630039781537853,1
2005,Villanova,New Mexico,7.252193150656607,1
2005,Villanova,North Carolina,-10.373883722558428,0
2005,Wake Forest,Chattanooga,22.805170463911914,1
2005,Wake Forest,West Virginia,10.110135513962542,0
2005,Washington,Louisville,-1.9608781223480065,0
2005,Washington,Montana,24.52759519874665,1
2005,Washington,Pacific,12.150809680790934,1
2005,West Virginia,Creighton,1.0640732530252954,1
2005,West Virginia,Louisville,-11.465116113478102,0
2005,West Virginia,Texas Tech,-5.480430263011057,1
2005,West Virginia,Wake Forest,-10.110135513962542,1
2005,WI Milwaukee,Alabama,-8.386501952450741,1
2005,WI Milwaukee,Boston College,-5.4648450787727825,1
2005,WI Milwaukee,Illinois,-14.841745779302437,0
2005,Winthrop,Gonzaga,-13.048187235844363,0
2005,Wisconsin,Bucknell,15.397158001010464,1
2005,Wisconsin,NC State,0.16191228456596818,1
2005,Wisconsin,North Carolina,-12.184213976683186,0
2005,Wisconsin,Northern Iowa,7.135739992930787,1
2006,Air Force,Illinois,-6.73324052149615,0
2006,Alabama,Marquette,-1.6401747168516518,1
2006,Alabama,UCLA,-6.317843852908615,0
2006,SUNY Albany,Connecticut,-22.595428938101126,0
2006,Arizona,Villanova,-5.548336334332635,0
2006,Arizona,Wisconsin,0.9301351696876434,1
2006,Arkansas,Bucknell,7.836027060166785,0
2006,Belmont,UCLA,-18.75796696822531,0
2006,Boston College,Montana,8.935594648765907,1
2006,Boston College,Pacific,6.1107034340582835,1
2006,Boston College,Villanova,-6.013778853652074,0
2006,Bradley,Kansas,-9.057690738587214,1
2006,Bradley,Memphis,-7.034412634690293,0
2006,Bradley,Pittsburgh,-5.1557642526192335,1
2006,Bucknell,Arkansas,-7.836027060166785,1
2006,Bucknell,Memphis,-11.158336417645362,0
2006,California,NC State,-1.3175825496456142,0
2006,Connecticut,SUNY Albany,22.595428938101126,1
2006,Connecticut,George Mason,11.122382578426013,0
2006,Connecticut,Kentucky,9.480319325344539,1
2006,Connecticut,Washington,4.231502639067006,1
2006,Davidson,Ohio St,-15.129238430358848,0
2006,Duke,G Washington,12.393102011752381,1
2006,Duke,LSU,6.158237316979616,0
2006,Duke,Southern Univ,29.355646007548618,1
2006,Florida,George Mason,7.697558645228,1
2006,Florida,Georgetown,5.184286663334181,1
2006,Florida,South Alabama,13.43753277155251,1
2006,Florida,UCLA,1.9517732290494045,1
2006,Florida,Villanova,-1.352327010053802,1
2006,Florida,WI Milwaukee,10.542325701417854,1
2006,G Washington,Duke,-12.393102011752381,0
2006,G Washington,UNC Wilmington,1.6301170815996056,1
2006,George Mason,Connecticut,-11.122382578426013,1
2006,George Mason,Florida,-7.697558645228,0
2006,George Mason,Michigan St,-2.038285272993141,1
2006,George Mason,North Carolina,-8.898841754104549,1
2006,George Mason,Wichita St,0.010507316965499669,1
2006,Georgetown,Florida,-5.184286663334181,0
2006,Georgetown,Northern Iowa,1.6429815032279986,1
2006,Georgetown,Ohio St,-4.000450776431389,1
2006,Gonzaga,Indiana,-0.6207991930986214,1
2006,Gonzaga,UCLA,-4.541473841878313,0
2006,Gonzaga,Xavier,1.758237533719159,1
2006,Hampton,Monmouth NJ,-5.7589813884390555,0
2006,Illinois,Air Force,6.73324052149615,1
2006,Illinois,Washington,-0.3988179293598044,0
2006,Indiana,Gonzaga,0.6207991930986214,0
2006,Indiana,San Diego St,2.4765123181647315,1
2006,Iona,LSU,-9.712657238175996,0
2006,Iowa,Northwestern LA,11.619175745740684,0
2006,Kansas,Bradley,9.057690738587214,0
2006,Kent,Pittsburgh,-10.147951434014429,0
2006,Kentucky,Connecticut,-9.480319325344539,0
2006,Kentucky,UAB,2.9386560947538616,1
2006,LSU,Duke,-6.158237316979616,1
2006,LSU,Iona,9.712657238175996,1
2006,LSU,Texas,-5.76305711374868,1
2006,LSU,Texas A&M,3.532487612685369,1
2006,LSU,UCLA,0.18529260223395383,0
2006,Marquette,Alabama,1.6401747168516518,0
2006,Memphis,Bradley,7.034412634690293,1
2006,Memphis,Bucknell,11.158336417645362,1
2006,Memphis,Oral Roberts,15.253034180796035,1
2006,Memphis,UCLA,1.852032958383358,0
2006,Michigan St,George Mason,2.038285272993141,0
2006,Monmouth NJ,Hampton,5.7589813884390555,1
2006,Monmouth NJ,Villanova,-23.878130948065618,0
2006,Montana,Boston College,-8.935594648765907,0
2006,Montana,Nevada,-6.207344567903474,1
2006,Murray St,North Carolina,-15.774322075471922,0
2006,NC State,California,1.3175825496456142,1
2006,NC State,Texas,-9.102519975358897,0
2006,Nevada,Montana,6.207344567903474,0
2006,North Carolina,George Mason,8.898841754104549,0
2006,North Carolina,Murray St,15.774322075471922,1
2006,Northern Iowa,Georgetown,-1.6429815032279986,0
2006,Northwestern LA,Iowa,-11.619175745740684,1
2006,Northwestern LA,West Virginia,-10.647405472353704,0
2006,Ohio St,Davidson,15.129238430358848,1
2006,Ohio St,Georgetown,4.000450776431389,0
2006,Oklahoma,WI Milwaukee,4.607672567250104,0
2006,Oral Roberts,Memphis,-15.253034180796035,0
2006,Pacific,Boston College,-6.1107034340582835,0
2006,Penn,Texas,-16.555060566485533,0
2006,Pittsburgh,Bradley,5.1557642526192335,0
2006,Pittsburgh,Kent,10.147951434014429,1
2006,S Illinois,West Virginia,-4.547848854587219,0
2006,San Diego St,Indiana,-2.4765123181647315,0
2006,Seton Hall,Wichita St,-3.337496513692125,0
2006,South Alabama,Florida,-13.43753277155251,0
2006,Southern Univ,Duke,-29.355646007548618,0
2006,Syracuse,Texas A&M,-1.2871230317722215,0
2006,Tennessee,Wichita St,4.223463662026331,0
2006,Tennessee,Winthrop,8.780122494354156,1
2006,Texas,LSU,5.76305711374868,0
2006,Texas,NC State,9.102519975358897,1
2006,Texas,Penn,16.555060566485533,1
2006,Texas,West Virginia,8.659561745710715,1
2006,Texas A&M,LSU,-3.532487612685369,0
2006,Texas A&M,Syracuse,1.2871230317722215,1
2006,UAB,Kentucky,-2.9386560947538616,0
2006,UCLA,Alabama,6.317843852908615,1
2006,UCLA,Belmont,18.75796696822531,1
2006,UCLA,Florida,-1.9517732290494045,0
2006,UCLA,Gonzaga,4.541473841878313,1
2006,UCLA,LSU,-0.18529260223395383,1
2006,UCLA,Memphis,-1.852032958383358,1
2006,UNC Wilmington,G Washington,-1.6301170815996056,0
2006,Utah St,Washington,-9.477674223740065,0
2006,Villanova,Arizona,5.548336334332635,1
2006,Villanova,Boston College,6.013778853652074,1
2006,Villanova,Florida,1.352327010053802,0
2006,Villanova,Monmouth NJ,23.878130948065618,1
2006,Washington,Connecticut,-4.231502639067006,0
2006,Washington,Illinois,0.3988179293598044,1
2006,Washington,Utah St,9.477674223740065,1
2006,West Virginia,Northwestern LA,10.647405472353704,1
2006,West Virginia,S Illinois,4.547848854587219,1
2006,West Virginia,Texas,-8.659561745710715,0
2006,WI Milwaukee,Florida,-10.542325701417854,0
2006,WI Milwaukee,Oklahoma,-4.607672567250104,1
2006,Wichita St,George Mason,-0.010507316965499669,0
2006,Wichita St,Seton Hall,3.337496513692125,1
2006,Wichita St,Tennessee,-4.223463662026331,1
2006,Winthrop,Tennessee,-8.780122494354156,0
2006,Wisconsin,Arizona,-0.9301351696876434,0
2006,Xavier,Gonzaga,-1.758237533719159,0
2007,SUNY Albany,Virginia,-14.39418541707086,0
2007,Arizona,Purdue,1.9013469690721365,0
2007,Arkansas,USC,1.5447730684415646,0
2007,Belmont,Georgetown,-18.066499756561235,0
2007,Boston College,Georgetown,-5.45161642950416,0
2007,Boston College,Texas Tech,3.919497850933107,1
2007,Butler,Florida,-9.72486575347407,0
2007,Butler,Maryland,-5.8313194367732635,1
2007,Butler,Old Dominion,5.659381725861962,1
2007,BYU,Xavier,-3.140198756404553,0
2007,Central Conn,Ohio St,-25.2701788914844,0
2007,Creighton,Nevada,2.262030130715706,0
2007,Davidson,Maryland,-10.519092592457481,0
2007,Duke,VCU,10.790119494409298,0
2007,E Kentucky,North Carolina,-31.882108745893145,0
2007,Florida,Butler,9.72486575347407,1
2007,Florida,Jackson St,35.34442036949262,1
2007,Florida,Ohio St,1.652149823503052,1
2007,Florida,Oregon,7.453479883812214,1
2007,Florida,Purdue,8.80604739691151,1
2007,Florida,UCLA,3.0647676540451876,1
2007,Florida A&M,Niagara,-6.79018855763271,0
2007,G Washington,Vanderbilt,-5.1055058184985755,0
2007,Georgetown,Belmont,18.066499756561235,1
2007,Georgetown,Boston College,5.45161642950416,1
2007,Georgetown,North Carolina,-7.985887963386645,1
2007,Georgetown,Ohio St,-2.25518327325344,0
2007,Georgetown,Vanderbilt,7.938615176523626,1
2007,Georgia Tech,UNLV,5.812314961740892,0
2007,Gonzaga,Indiana,-4.184676867101231,0
2007,Holy Cross,S Illinois,-9.727192676041813,0
2007,Illinois,Virginia Tech,-0.5924087563519045,0
2007,Indiana,Gonzaga,4.184676867101231,1
2007,Indiana,UCLA,-3.4736971246720785,0
2007,Jackson St,Florida,-35.34442036949262,0
2007,Kansas,Kentucky,6.2609621782021065,1
2007,Kansas,Niagara,26.283218010063603,1
2007,Kansas,S Illinois,10.107493080643804,1
2007,Kansas,UCLA,2.9330372705516297,0
2007,Kentucky,Kansas,-6.2609621782021065,0
2007,Kentucky,Villanova,0.39381881246828243,1
2007,Long Beach St,Tennessee,-11.148063014904363,0
2007,Louisville,Stanford,4.77398120751052,1
2007,Louisville,Texas A&M,-6.175769907640227,0
2007,Marquette,Michigan St,-2.200393878204192,0
2007,Maryland,Butler,5.8313194367732635,0
2007,Maryland,Davidson,10.519092592457481,1
2007,Memphis,Nevada,9.476633579996346,1
2007,Memphis,North Texas,23.404879462531948,1
2007,Memphis,Ohio St,-1.5661265750810465,0
2007,Memphis,Texas A&M,-1.7475918511791306,1
2007,Miami OH,Oregon,-11.10383659565696,0
2007,Michigan St,Marquette,2.200393878204192,1
2007,Michigan St,North Carolina,-10.991718137353669,0
2007,Nevada,Creighton,-2.262030130715706,1
2007,Nevada,Memphis,-9.476633579996346,0
2007,New Mexico St,Texas,-11.395132088679278,0
2007,Niagara,Florida A&M,6.79018855763271,1
2007,Niagara,Kansas,-26.283218010063603,0
2007,North Carolina,E Kentucky,31.882108745893145,1
2007,North Carolina,Georgetown,7.985887963386645,0
2007,North Carolina,Michigan St,10.991718137353669,1
2007,North Carolina,USC,14.853211671579118,1
2007,North Texas,Memphis,-23.404879462531948,0
2007,Notre Dame,Winthrop,9.131002110200129,0
2007,Ohio St,Central Conn,25.2701788914844,1
2007,Ohio St,Florida,-1.652149823503052,0
2007,Ohio St,Georgetown,2.25518327325344,1
2007,Ohio St,Memphis,1.5661265750810465,1
2007,Ohio St,Tennessee,7.63142383664057,1
2007,Ohio St,Xavier,7.285671868905478,1
2007,Old Dominion,Butler,-5.659381725861962,0
2007,Oral Roberts,Washington St,-8.005111671281394,0
2007,Oregon,Florida,-7.453479883812214,0
2007,Oregon,Miami OH,11.10383659565696,1
2007,Oregon,UNLV,3.6448681411242525,1
2007,Oregon,Winthrop,7.178559236967526,1
2007,Penn,Texas A&M,-17.638783549183913,0
2007,Pittsburgh,UCLA,-3.1415988148524256,0
2007,Pittsburgh,VCU,8.356259329936373,1
2007,Pittsburgh,Wright St,14.938270319430629,1
2007,Purdue,Arizona,-1.9013469690721365,1
2007,Purdue,Florida,-8.80604739691151,0
2007,S Illinois,Holy Cross,9.727192676041813,1
2007,S Illinois,Kansas,-10.107493080643804,0
2007,S Illinois,Virginia Tech,-2.086624553561082,1
2007,Stanford,Louisville,-4.77398120751052,0
2007,TAM C. Christi,Wisconsin,-16.963130359169394,0
2007,Tennessee,Long Beach St,11.148063014904363,1
2007,Tennessee,Ohio St,-7.63142383664057,0
2007,Tennessee,Virginia,0.9195592241249813,1
2007,Texas,New Mexico St,11.395132088679278,1
2007,Texas,USC,4.020629746363166,0
2007,Texas A&M,Louisville,6.175769907640227,1
2007,Texas A&M,Memphis,1.7475918511791306,0
2007,Texas A&M,Penn,17.638783549183913,1
2007,Texas Tech,Boston College,-3.919497850933107,0
2007,UCLA,Florida,-3.0647676540451876,0
2007,UCLA,Indiana,3.4736971246720785,1
2007,UCLA,Kansas,-2.9330372705516297,1
2007,UCLA,Pittsburgh,3.1415988148524256,1
2007,UCLA,Weber St,23.780421533936387,1
2007,UNLV,Georgia Tech,-5.812314961740892,1
2007,UNLV,Oregon,-3.6448681411242525,0
2007,UNLV,Wisconsin,-7.666097295529983,1
2007,USC,Arkansas,-1.5447730684415646,1
2007,USC,North Carolina,-14.853211671579118,0
2007,USC,Texas,-4.020629746363166,1
2007,VCU,Duke,-10.790119494409298,1
2007,VCU,Pittsburgh,-8.356259329936373,0
2007,Vanderbilt,G Washington,5.1055058184985755,1
2007,Vanderbilt,Georgetown,-7.938615176523626,0
2007,Vanderbilt,Washington St,-1.6210734964633797,1
2007,Villanova,Kentucky,-0.39381881246828243,0
2007,Virginia,SUNY Albany,14.39418541707086,1
2007,Virginia,Tennessee,-0.9195592241249813,0
2007,Virginia Tech,Illinois,0.5924087563519045,1
2007,Virginia Tech,S Illinois,2.086624553561082,0
2007,Washington St,Oral Roberts,8.005111671281394,1
2007,Washington St,Vanderbilt,1.6210734964633797,0
2007,Weber St,UCLA,-23.780421533936387,0
2007,Winthrop,Notre Dame,-9.131002110200129,1
2007,Winthrop,Oregon,-7.178559236967526,0
2007,Wisconsin,TAM C. Christi,16.963130359169394,1
2007,Wisconsin,UNLV,7.666097295529983,0
2007,Wright St,Pittsburgh,-14.938270319430629,0
2007,Xavier,BYU,3.140198756404553,1
2007,Xavier,Ohio St,-7.285671868905478,0
2008,American Univ,Tennessee,-21.380693373699312,0
2008,Arizona,West Virginia,-2.3388311130523114,0
2008,Arkansas,Indiana,-3.848149712349569,1
2008,Arkansas,North Carolina,-10.403706244214403,0
2008,Austin Peay,Texas,-21.253927579772306,0
2008,Baylor,Purdue,-0.8426399208360031,0
2008,Belmont,Duke,-23.881156678292907,0
2008,Boise St,Louisville,-15.93791327266462,0
2008,Butler,South Alabama,5.112795206630773,1
2008,Butler,Tennessee,-7.064181659130144,0
2008,BYU,Texas A&M,-4.412881343964999,0
2008,Clemson,Villanova,7.3372229038729895,0
2008,Connecticut,San Diego,13.380202422689532,0
2008,Coppin St,Mt St Mary's,-11.266700643470609,0
2008,Cornell,Stanford,-16.0943390415773,0
2008,CS Fullerton,Wisconsin,-14.827358678123549,0
2008,Davidson,Georgetown,-6.446836753624865,1
2008,Davidson,Gonzaga,-2.550095064240921,1
2008,Davidson,Kansas,-14.481846256653235,0
2008,Davidson,Wisconsin,-7.645998466602702,1
2008,Drake,WKU,5.440014385698575,0
2008,Duke,Belmont,23.881156678292907,1
2008,Duke,West Virginia,5.043161601205927,0
2008,George Mason,Notre Dame,-9.62628501025651,0
2008,Georgetown,Davidson,6.446836753624865,0
2008,Georgetown,UMBC,18.84504270389604,1
2008,Georgia,Xavier,-10.546262772434313,0
2008,Gonzaga,Davidson,2.550095064240921,0
2008,Indiana,Arkansas,3.848149712349569,0
2008,Kansas,Davidson,14.481846256653235,1
2008,Kansas,Memphis,4.049184588268421,1
2008,Kansas,North Carolina,3.9395721124693424,1
2008,Kansas,Portland St,24.891570825738032,1
2008,Kansas,UNLV,16.676762796843775,1
2008,Kansas,Villanova,16.609559697910484,1
2008,Kansas St,USC,1.9169273726541185,1
2008,Kansas St,Wisconsin,-3.4831110967029417,0
2008,Kent,UNLV,-2.2433712333074887,0
2008,Kentucky,Marquette,-9.133220683207108,0
2008,Louisville,Boise St,15.93791327266462,1
2008,Louisville,North Carolina,-5.171775396237177,0
2008,Louisville,Oklahoma,5.137069830004545,1
2008,Louisville,Tennessee,-1.3240852287790403,1
2008,Marquette,Kentucky,9.133220683207108,1
2008,Marquette,Stanford,1.3043939115152945,0
2008,Memphis,Kansas,-4.049184588268421,0
2008,Memphis,Michigan St,6.438927535395731,1
2008,Memphis,Mississippi St,9.9877882826999,1
2008,Memphis,Texas,4.383509007552206,1
2008,Memphis,UCLA,0.546411109069247,1
2008,Memphis,UT Arlington,25.8286690484749,1
2008,Miami FL,St Mary's CA,-0.6715824688355667,1
2008,Miami FL,Texas,-7.1994742728523775,0
2008,Michigan St,Memphis,-6.438927535395731,0
2008,Michigan St,Pittsburgh,0.6552895098019285,1
2008,Michigan St,Temple,8.1163796691276,1
2008,Mississippi St,Memphis,-9.9877882826999,0
2008,Mississippi St,Oregon,0.4232433531127828,1
2008,MS Valley St,UCLA,-37.48338885198317,0
2008,Mt St Mary's,Coppin St,11.266700643470609,1
2008,Mt St Mary's,North Carolina,-26.13639778266474,0
2008,North Carolina,Arkansas,10.403706244214403,1
2008,North Carolina,Kansas,-3.9395721124693424,0
2008,North Carolina,Louisville,5.171775396237177,1
2008,North Carolina,Mt St Mary's,26.13639778266474,1
2008,North Carolina,Washington St,6.753207413956339,1
2008,Notre Dame,George Mason,9.62628501025651,1
2008,Notre Dame,Washington St,-0.2744484397432281,0
2008,Oklahoma,Louisville,-5.137069830004545,0
2008,Oklahoma,St Joseph's PA,2.8793045881013786,1
2008,Oral Roberts,Pittsburgh,-9.014934584365527,0
2008,Oregon,Mississippi St,-0.4232433531127828,0
2008,Pittsburgh,Michigan St,-0.6552895098019285,0
2008,Pittsburgh,Oral Roberts,9.014934584365527,1
2008,Portland St,Kansas,-24.891570825738032,0
2008,Purdue,Baylor,0.8426399208360031,1
2008,Purdue,Xavier,-4.544804697851555,0
2008,San Diego,Connecticut,-13.380202422689532,1
2008,San Diego,WKU,-6.3895811990942235,0
2008,Siena,Vanderbilt,-8.260615899803863,1
2008,Siena,Villanova,-6.966544597428294,0
2008,South Alabama,Butler,-5.112795206630773,0
2008,St Joseph's PA,Oklahoma,-2.8793045881013786,0
2008,St Mary's CA,Miami FL,0.6715824688355667,0
2008,Stanford,Cornell,16.0943390415773,1
2008,Stanford,Marquette,-1.3043939115152945,1
2008,Stanford,Texas,-1.4507201032860984,0
2008,Temple,Michigan St,-8.1163796691276,0
2008,Tennessee,American Univ,21.380693373699312,1
2008,Tennessee,Butler,7.064181659130144,1
2008,Tennessee,Louisville,1.3240852287790403,0
2008,Texas,Austin Peay,21.253927579772306,1
2008,Texas,Memphis,-4.383509007552206,0
2008,Texas,Miami FL,7.1994742728523775,1
2008,Texas,Stanford,1.4507201032860984,1
2008,Texas A&M,BYU,4.412881343964999,1
2008,Texas A&M,UCLA,-5.851576043675845,0
2008,UCLA,Memphis,-0.546411109069247,0
2008,UCLA,MS Valley St,37.48338885198317,1
2008,UCLA,Texas A&M,5.851576043675845,1
2008,UCLA,WKU,13.429986120555903,1
2008,UCLA,Xavier,4.848166481974189,1
2008,UMBC,Georgetown,-18.84504270389604,0
2008,UNLV,Kansas,-16.676762796843775,0
2008,UNLV,Kent,2.2433712333074887,1
2008,USC,Kansas St,-1.9169273726541185,0
2008,UT Arlington,Memphis,-25.8286690484749,0
2008,Vanderbilt,Siena,8.260615899803863,0
2008,Villanova,Clemson,-7.3372229038729895,1
2008,Villanova,Kansas,-16.609559697910484,0
2008,Villanova,Siena,6.966544597428294,1
2008,WKU,Drake,-5.440014385698575,1
2008,WKU,San Diego,6.3895811990942235,1
2008,WKU,UCLA,-13.429986120555903,0
2008,Washington St,North Carolina,-6.753207413956339,0
2008,Washington St,Notre Dame,0.2744484397432281,1
2008,Washington St,Winthrop,12.194569614920837,1
2008,West Virginia,Arizona,2.3388311130523114,1
2008,West Virginia,Duke,-5.043161601205927,1
2008,West Virginia,Xavier,0.16752280016142151,0
2008,Winthrop,Washington St,-12.194569614920837,0
2008,Wisconsin,CS Fullerton,14.827358678123549,1
2008,Wisconsin,Davidson,7.645998466602702,0
2008,Wisconsin,Kansas St,3.4831110967029417,1
2008,Xavier,Georgia,10.546262772434313,1
2008,Xavier,Purdue,4.544804697851555,1
2008,Xavier,UCLA,-4.848166481974189,0
2008,Xavier,West Virginia,-0.16752280016142151,1
2009,Akron,Gonzaga,-16.604643803398723,0
2009,Alabama St,Morehead St,-1.8071342612693067,0
2009,American Univ,Villanova,-16.761551323572355,0
2009,Arizona,Cleveland St,5.944102415302206,1
2009,Arizona,Louisville,-8.202833691026807,0
2009,Arizona,Utah,-0.869086498933024,1
2009,Arizona St,Syracuse,0.007685227010142626,0
2009,Arizona St,Temple,8.532089638716922,1
2009,Binghamton,Duke,-24.391366459309012,0
2009,Boston College,USC,-3.7265051452162172,0
2009,Butler,LSU,-1.8948758108804302,0
2009,BYU,Texas A&M,5.959758722364677,0
2009,California,Maryland,3.154577295639829,0
2009,Chattanooga,Connecticut,-26.453395369902225,0
2009,Clemson,Michigan,4.993851608315753,0
2009,Cleveland St,Arizona,-5.944102415302206,0
2009,Cleveland St,Wake Forest,-10.004568649136337,1
2009,Connecticut,Chattanooga,26.453395369902225,1
2009,Connecticut,Michigan St,3.9331256700979793,0
2009,Connecticut,Missouri,1.1829347421332486,1
2009,Connecticut,Purdue,4.23759999066694,1
2009,Connecticut,Texas A&M,10.706738316731263,1
2009,Cornell,Missouri,-16.786216985234507,0
2009,CS Northridge,Memphis,-19.23100192886138,0
2009,Dayton,Kansas,-11.791362640301992,0
2009,Dayton,West Virginia,-12.630279969012095,1
2009,Duke,Binghamton,24.391366459309012,1
2009,Duke,Texas,6.483446538872164,1
2009,Duke,Villanova,4.653558813706134,0
2009,ETSU,Pittsburgh,-20.628903559163106,0
2009,Florida St,Wisconsin,-1.077405814189861,0
2009,Gonzaga,Akron,16.604643803398723,1
2009,Gonzaga,North Carolina,-4.394926257997156,0
2009,Gonzaga,WKU,16.995458047293578,1
2009,Illinois,WKU,11.997517824155914,0
2009,Kansas,Dayton,11.791362640301992,1
2009,Kansas,Michigan St,1.481701940302262,0
2009,Kansas,N Dakota St,11.825043060045214,1
2009,Louisville,Arizona,8.202833691026807,1
2009,Louisville,Michigan St,3.8730953753946977,0
2009,Louisville,Morehead St,24.56885413043467,1
2009,Louisville,Siena,13.145062451708213,1
2009,LSU,Butler,1.8948758108804302,1
2009,LSU,North Carolina,-12.20582763406252,0
2009,Marquette,Missouri,-4.050608022269721,0
2009,Marquette,Utah St,5.905217474192183,1
2009,Maryland,California,-3.154577295639829,1
2009,Maryland,Memphis,-10.640131448472365,0
2009,Memphis,CS Northridge,19.23100192886138,1
2009,Memphis,Maryland,10.640131448472365,1
2009,Memphis,Missouri,1.8786740842512657,0
2009,Michigan,Clemson,-4.993851608315753,1
2009,Michigan,Oklahoma,-6.436714090820269,0
2009,Michigan St,Connecticut,-3.9331256700979793,1
2009,Michigan St,Kansas,-1.481701940302262,1
2009,Michigan St,Louisville,-3.8730953753946977,1
2009,Michigan St,North Carolina,-7.297306367992338,0
2009,Michigan St,Robert Morris,17.581282180135084,1
2009,Michigan St,USC,2.728480605104876,1
2009,Minnesota,Texas,-2.8460673159758514,0
2009,Mississippi St,Washington,-7.832184243527985,0
2009,Missouri,Connecticut,-1.1829347421332486,0
2009,Missouri,Cornell,16.786216985234507,1
2009,Missouri,Marquette,4.050608022269721,1
2009,Missouri,Memphis,-1.8786740842512657,1
2009,Morehead St,Alabama St,1.8071342612693067,1
2009,Morehead St,Louisville,-24.56885413043467,0
2009,Morgan St,Oklahoma,-19.898912072978444,0
2009,N Dakota St,Kansas,-11.825043060045214,0
2009,North Carolina,Gonzaga,4.394926257997156,1
2009,North Carolina,LSU,12.20582763406252,1
2009,North Carolina,Michigan St,7.297306367992338,1
2009,North Carolina,Oklahoma,6.686529465113281,1
2009,North Carolina,Radford,27.432746009901432,1
2009,North Carolina,Villanova,7.924358072102816,1
2009,Northern Iowa,Purdue,-11.113173777000483,0
2009,Ohio St,Siena,4.870638274406611,0
2009,Oklahoma,Michigan,6.436714090820269,1
2009,Oklahoma,Morgan St,19.898912072978444,1
2009,Oklahoma,North Carolina,-6.686529465113281,0
2009,Oklahoma,Syracuse,0.1868702955142041,1
2009,Oklahoma St,Pittsburgh,-7.910600580132803,0
2009,Oklahoma St,Tennessee,-0.14358336378229453,1
2009,Pittsburgh,ETSU,20.628903559163106,1
2009,Pittsburgh,Oklahoma St,7.910600580132803,1
2009,Pittsburgh,Villanova,5.4284466195145455,0
2009,Pittsburgh,Xavier,7.8219632222310835,1
2009,Portland St,Xavier,-11.793674933338606,0
2009,Purdue,Connecticut,-4.23759999066694,0
2009,Purdue,Northern Iowa,11.113173777000483,1
2009,Purdue,Washington,-0.6668194763550765,1
2009,Radford,North Carolina,-27.432746009901432,0
2009,Robert Morris,Michigan St,-17.581282180135084,0
2009,SF Austin,Syracuse,-15.82521024547506,0
2009,Siena,Louisville,-13.145062451708213,0
2009,Siena,Ohio St,-4.870638274406611,1
2009,Syracuse,Arizona St,-0.007685227010142626,1
2009,Syracuse,Oklahoma,-0.1868702955142041,0
2009,Syracuse,SF Austin,15.82521024547506,1
2009,Temple,Arizona St,-8.532089638716922,0
2009,Tennessee,Oklahoma St,0.14358336378229453,0
2009,Texas,Duke,-6.483446538872164,0
2009,Texas,Minnesota,2.8460673159758514,1
2009,Texas A&M,BYU,-5.959758722364677,1
2009,Texas A&M,Connecticut,-10.706738316731263,0
2009,UCLA,VCU,12.831801214262873,1
2009,UCLA,Villanova,3.61482812177897,0
2009,USC,Boston College,3.7265051452162172,1
2009,USC,Michigan St,-2.728480605104876,0
2009,Utah,Arizona,0.869086498933024,0
2009,Utah St,Marquette,-5.905217474192183,0
2009,VCU,UCLA,-12.831801214262873,0
2009,Villanova,American Univ,16.761551323572355,1
2009,Villanova,Duke,-4.653558813706134,1
2009,Villanova,North Carolina,-7.924358072102816,0
2009,Villanova,Pittsburgh,-5.4284466195145455,1
2009,Villanova,UCLA,-3.61482812177897,1
2009,WKU,Gonzaga,-16.995458047293578,0
2009,WKU,Illinois,-11.997517824155914,1
2009,Wake Forest,Cleveland St,10.004568649136337,0
2009,Washington,Mississippi St,7.832184243527985,1
2009,Washington,Purdue,0.6668194763550765,0
2009,West Virginia,Dayton,12.630279969012095,0
2009,Wisconsin,Florida St,1.077405814189861,1
2009,Wisconsin,Xavier,-1.2732204029315888,0
2009,Xavier,Pittsburgh,-7.8219632222310835,0
2009,Xavier,Portland St,11.793674933338606,1
2009,Xavier,Wisconsin,1.2732204029315888,1
2010,Ark Pine Bluff,Duke,-34.097974046763014,0
2010,Ark Pine Bluff,Winthrop,-1.4777852139619494,1
2010,Baylor,Duke,-7.67810795259178,0
2010,Baylor,Old Dominion,6.1834896065396965,1
2010,Baylor,Sam Houston St,14.57073526408405,1
2010,Baylor,St Mary's CA,3.887249406793389,1
2010,Butler,Duke,-12.67687330254444,0
2010,Butler,Kansas St,-7.3125976879744385,1
2010,Butler,Michigan St,-3.6081759623621927,1
2010,Butler,Murray St,4.272461325758567,1
2010,Butler,Syracuse,-9.3077083129986,1
2010,Butler,UTEP,-0.7810891140431071,1
2010,BYU,Florida,7.063289616838425,1
2010,BYU,Kansas St,-0.5388528197176434,0
2010,California,Duke,-7.895343656330848,0
2010,California,Louisville,2.7519091677381162,1
2010,Clemson,Missouri,-1.2483039716292375,0
2010,Cornell,Kentucky,-14.038842230513747,0
2010,Cornell,Temple,-6.329381646939662,1
2010,Cornell,Wisconsin,-12.926953413551217,1
2010,Duke,Ark Pine Bluff,34.097974046763014,1
2010,Duke,Baylor,7.67810795259178,1
2010,Duke,Butler,12.67687330254444,1
2010,Duke,California,7.895343656330848,1
2010,Duke,Purdue,7.503678953168528,1
2010,Duke,West Virginia,6.354738017135485,1
2010,ETSU,Kentucky,-21.685548263199355,0
2010,Florida,BYU,-7.063289616838425,0
2010,Florida St,Gonzaga,2.694726197256843,0
2010,Georgetown,Ohio,14.262359294852136,0
2010,Georgia Tech,Ohio St,-5.256533720053543,0
2010,Georgia Tech,Oklahoma St,1.7798283778667638,1
2010,Gonzaga,Florida St,-2.694726197256843,1
2010,Gonzaga,Syracuse,-9.371848623623572,0
2010,Houston,Maryland,-11.396275926151905,0
2010,Kansas,Lehigh,30.064117819366015,1
2010,Kansas,Northern Iowa,14.944114615646601,0
2010,Kansas St,Butler,7.3125976879744385,0
2010,Kansas St,BYU,0.5388528197176434,1
2010,Kansas St,North Texas,22.13938625422565,1
2010,Kansas St,Xavier,4.248059962285019,1
2010,Kentucky,Cornell,14.038842230513747,1
2010,Kentucky,ETSU,21.685548263199355,1
2010,Kentucky,Wake Forest,8.523441632462257,1
2010,Kentucky,West Virginia,1.641673983796064,0
2010,Lehigh,Kansas,-30.064117819366015,0
2010,Louisville,California,-2.7519091677381162,0
2010,Marquette,Washington,-0.6438742950479792,0
2010,Maryland,Houston,11.396275926151905,1
2010,Maryland,Michigan St,2.309824048409393,0
2010,Michigan St,Butler,3.6081759623621927,0
2010,Michigan St,Maryland,-2.309824048409393,1
2010,Michigan St,New Mexico St,14.264158417605852,1
2010,Michigan St,Northern Iowa,5.22341031805275,1
2010,Michigan St,Tennessee,0.2280977903585466,1
2010,Minnesota,Xavier,0.580613960030707,0
2010,Missouri,Clemson,1.2483039716292375,1
2010,Missouri,West Virginia,-1.2522438475310729,0
2010,Montana,New Mexico,-9.407587118251755,0
2010,Morgan St,West Virginia,-20.398534979409924,0
2010,Murray St,Butler,-4.272461325758567,0
2010,Murray St,Vanderbilt,-7.25588538056309,1
2010,New Mexico,Montana,9.407587118251755,1
2010,New Mexico,Washington,-3.167848483740368,0
2010,New Mexico St,Michigan St,-14.264158417605852,0
2010,North Texas,Kansas St,-22.13938625422565,0
2010,Northern Iowa,Kansas,-14.944114615646601,1
2010,Northern Iowa,Michigan St,-5.22341031805275,0
2010,Northern Iowa,UNLV,-2.1226921080882377,1
2010,Notre Dame,Old Dominion,2.0283973525576755,0
2010,Oakland,Pittsburgh,-13.714715548333817,0
2010,Ohio,Georgetown,-14.262359294852136,1
2010,Ohio,Tennessee,-12.22450493680897,0
2010,Ohio St,Georgia Tech,5.256533720053543,1
2010,Ohio St,UC Santa Barbara,20.133253783923806,1
2010,Ohio St,Tennessee,3.725514900217135,0
2010,Oklahoma St,Georgia Tech,-1.7798283778667638,0
2010,Old Dominion,Baylor,-6.1834896065396965,0
2010,Old Dominion,Notre Dame,-2.0283973525576755,1
2010,Pittsburgh,Oakland,13.714715548333817,1
2010,Pittsburgh,Xavier,-1.4600850142571087,0
2010,Purdue,Duke,-7.503678953168528,0
2010,Purdue,Siena,9.531606988503535,1
2010,Purdue,Texas A&M,2.4759814679321934,1
2010,Richmond,St Mary's CA,-3.6071677054375773,0
2010,Robert Morris,Villanova,-22.570313400868116,0
2010,Sam Houston St,Baylor,-14.57073526408405,0
2010,San Diego St,Tennessee,-4.485503277149702,0
2010,UC Santa Barbara,Ohio St,-20.133253783923806,0
2010,Siena,Purdue,-9.531606988503535,0
2010,St Mary's CA,Baylor,-3.887249406793389,0
2010,St Mary's CA,Richmond,3.6071677054375773,1
2010,St Mary's CA,Villanova,-4.040685439957047,1
2010,Syracuse,Butler,9.3077083129986,0
2010,Syracuse,Gonzaga,9.371848623623572,1
2010,Syracuse,Vermont,23.614467139495375,1
2010,Temple,Cornell,6.329381646939662,0
2010,Tennessee,Michigan St,-0.2280977903585466,0
2010,Tennessee,Ohio,12.22450493680897,1
2010,Tennessee,Ohio St,-3.725514900217135,1
2010,Tennessee,San Diego St,4.485503277149702,1
2010,Texas,Wake Forest,6.925222364226835,0
2010,Texas A&M,Purdue,-2.4759814679321934,0
2010,Texas A&M,Utah St,1.3749466379578354,1
2010,UNLV,Northern Iowa,2.1226921080882377,0
2010,Utah St,Texas A&M,-1.3749466379578354,0
2010,UTEP,Butler,0.7810891140431071,0
2010,Vanderbilt,Murray St,7.25588538056309,0
2010,Vermont,Syracuse,-23.614467139495375,0
2010,Villanova,Robert Morris,22.570313400868116,1
2010,Villanova,St Mary's CA,4.040685439957047,0
2010,Wake Forest,Kentucky,-8.523441632462257,0
2010,Wake Forest,Texas,-6.925222364226835,1
2010,Washington,Marquette,0.6438742950479792,1
2010,Washington,New Mexico,3.167848483740368,1
2010,Washington,West Virginia,-2.5251855835860297,0
2010,West Virginia,Duke,-6.354738017135485,0
2010,West Virginia,Kentucky,-1.641673983796064,1
2010,West Virginia,Missouri,1.2522438475310729,1
2010,West Virginia,Morgan St,20.398534979409924,1
2010,West Virginia,Washington,2.5251855835860297,1
2010,Winthrop,Ark Pine Bluff,1.4777852139619494,0
2010,Wisconsin,Cornell,12.926953413551217,0
2010,Wisconsin,Wofford,15.779977455514155,1
2010,Wofford,Wisconsin,-15.779977455514155,0
2010,Xavier,Kansas St,-4.248059962285019,0
2010,Xavier,Minnesota,-0.580613960030707,1
2010,Xavier,Pittsburgh,1.4600850142571087,1
2011,Akron,Notre Dame,-16.940607027071827,0
2011,Alabama St,UT San Antonio,-7.4962801678082185,0
2011,Arizona,Connecticut,-0.851707134077877,0
2011,Arizona,Duke,-8.799750855654707,1
2011,Arizona,Memphis,9.344646929787604,1
2011,Arizona,Texas,-5.226702731068922,1
2011,Ark Little Rock,UNC Asheville,-3.646122400436497,0
2011,Belmont,Wisconsin,-5.668074739602343,0
2011,Boston Univ,Kansas,-27.538405997614735,0
2011,Bucknell,Connecticut,-14.141605210715488,0
2011,Butler,Connecticut,-6.52274492385035,0
2011,Butler,Florida,-5.062961365910457,1
2011,Butler,Old Dominion,1.7476533929100935,1
2011,Butler,Pittsburgh,-10.749146826248765,1
2011,Butler,VCU,4.94452370210875,1
2011,Butler,Wisconsin,-8.306654230183902,1
2011,BYU,Florida,3.2423085604655704,0
2011,BYU,Gonzaga,4.800659791646256,1
2011,BYU,Wofford,14.926313264003937,1
2011,Cincinnati,Connecticut,-1.592683941945051,0
2011,Cincinnati,Missouri,-0.0036674583122326965,1
2011,Clemson,UAB,4.41923319147862,1
2011,Clemson,West Virginia,-2.8844840273077406,0
2011,Connecticut,Arizona,0.851707134077877,1
2011,Connecticut,Bucknell,14.141605210715488,1
2011,Connecticut,Butler,6.52274492385035,1
2011,Connecticut,Cincinnati,1.592683941945051,1
2011,Connecticut,Kentucky,-3.1784081420908414,1
2011,Connecticut,San Diego St,-1.2291143002426068,1
2011,Duke,Arizona,8.799750855654707,0
2011,Duke,Hampton,29.792125867402184,1
2011,Duke,Michigan,11.965638738198956,1
2011,Florida,Butler,5.062961365910457,0
2011,Florida,BYU,-3.2423085604655704,1
2011,Florida,UC Santa Barbara,13.737453078536214,1
2011,Florida,UCLA,3.708938109854664,1
2011,Florida St,Notre Dame,-6.221084014359748,1
2011,Florida St,Texas A&M,-0.3673997424750297,1
2011,Florida St,VCU,7.145996913768505,0
2011,George Mason,Ohio St,-13.641785524031656,0
2011,George Mason,Villanova,-3.7434111487496313,1
2011,Georgetown,VCU,9.936085511130976,0
2011,Georgia,Washington,-10.504681945295385,0
2011,Gonzaga,BYU,-4.800659791646256,0
2011,Gonzaga,St John's,0.31295507081451923,1
2011,Hampton,Duke,-29.792125867402184,0
2011,Illinois,Kansas,-8.37557160616176,0
2011,Illinois,UNLV,1.3310302953822912,1
2011,Indiana St,Syracuse,-16.377765047393808,0
2011,Kansas,Boston Univ,27.538405997614735,1
2011,Kansas,Illinois,8.37557160616176,1
2011,Kansas,Richmond,13.92253776343675,1
2011,Kansas,VCU,19.309987266512017,0
2011,Kansas St,Utah St,1.2525110458647823,1
2011,Kansas St,Wisconsin,-4.058034451890418,0
2011,Kentucky,Connecticut,3.1784081420908414,0
2011,Kentucky,North Carolina,1.7555892180553307,1
2011,Kentucky,Ohio St,-5.145623591728516,1
2011,Kentucky,Princeton,16.870956375077924,1
2011,Kentucky,West Virginia,3.95934005604013,1
2011,LIU Brooklyn,North Carolina,-16.25001783098901,0
2011,Louisville,Morehead St,16.86892719011621,0
2011,Marquette,North Carolina,-3.4633193357330185,0
2011,Marquette,Syracuse,-4.0987428865470505,1
2011,Marquette,Xavier,2.886825350944939,1
2011,Memphis,Arizona,-9.344646929787604,0
2011,Michigan,Duke,-11.965638738198956,0
2011,Michigan,Tennessee,1.3801831714724493,1
2011,Michigan St,UCLA,1.8327512592675816,0
2011,Missouri,Cincinnati,0.0036674583122326965,0
2011,Morehead St,Louisville,-16.86892719011621,1
2011,Morehead St,Richmond,-8.671923413280405,0
2011,N Colorado,San Diego St,-16.7599846073534,0
2011,North Carolina,Kentucky,-1.7555892180553307,0
2011,North Carolina,LIU Brooklyn,16.25001783098901,1
2011,North Carolina,Marquette,3.4633193357330185,1
2011,North Carolina,Washington,-2.209335796067677,1
2011,Notre Dame,Akron,16.940607027071827,1
2011,Notre Dame,Florida St,6.221084014359748,0
2011,Oakland,Texas,-13.43454552684418,0
2011,Ohio St,George Mason,13.641785524031656,1
2011,Ohio St,Kentucky,5.145623591728516,0
2011,Ohio St,UT San Antonio,31.29485796106622,1
2011,Old Dominion,Butler,-1.7476533929100935,0
2011,Penn St,Temple,-0.5769897752847939,0
2011,Pittsburgh,Butler,10.749146826248765,0
2011,Pittsburgh,UNC Asheville,21.91041335318614,1
2011,Princeton,Kentucky,-16.870956375077924,0
2011,Purdue,St Peter's,20.037838708066857,1
2011,Purdue,VCU,14.384673879673162,0
2011,Richmond,Kansas,-13.92253776343675,0
2011,Richmond,Morehead St,8.671923413280405,1
2011,Richmond,Vanderbilt,-4.2643238857700325,1
2011,San Diego St,Connecticut,1.2291143002426068,0
2011,San Diego St,N Colorado,16.7599846073534,1
2011,San Diego St,Temple,5.8018544947795245,1
2011,UC Santa Barbara,Florida,-13.737453078536214,0
2011,St John's,Gonzaga,-0.31295507081451923,0
2011,St Peter's,Purdue,-20.037838708066857,0
2011,Syracuse,Indiana St,16.377765047393808,1
2011,Syracuse,Marquette,4.0987428865470505,0
2011,Temple,Penn St,0.5769897752847939,1
2011,Temple,San Diego St,-5.8018544947795245,0
2011,Tennessee,Michigan,-1.3801831714724493,0
2011,Texas,Arizona,5.226702731068922,0
2011,Texas,Oakland,13.43454552684418,1
2011,Texas A&M,Florida St,0.3673997424750297,0
2011,UAB,Clemson,-4.41923319147862,0
2011,UCLA,Florida,-3.708938109854664,0
2011,UCLA,Michigan St,-1.8327512592675816,1
2011,UNC Asheville,Ark Little Rock,3.646122400436497,1
2011,UNC Asheville,Pittsburgh,-21.91041335318614,0
2011,UNLV,Illinois,-1.3310302953822912,0
2011,USC,VCU,6.680397687503266,0
2011,UT San Antonio,Alabama St,7.4962801678082185,1
2011,UT San Antonio,Ohio St,-31.29485796106622,0
2011,Utah St,Kansas St,-1.2525110458647823,0
2011,VCU,Butler,-4.94452370210875,0
2011,VCU,Florida St,-7.145996913768505,1
2011,VCU,Georgetown,-9.936085511130976,1
2011,VCU,Kansas,-19.309987266512017,1
2011,VCU,Purdue,-14.384673879673162,1
2011,VCU,USC,-6.680397687503266,1
2011,Vanderbilt,Richmond,4.2643238857700325,0
2011,Villanova,George Mason,3.7434111487496313,0
2011,Washington,Georgia,10.504681945295385,1
2011,Washington,North Carolina,2.209335796067677,0
2011,West Virginia,Clemson,2.8844840273077406,1
2011,West Virginia,Kentucky,-3.95934005604013,0
2011,Wisconsin,Belmont,5.668074739602343,1
2011,Wisconsin,Butler,8.306654230183902,0
2011,Wisconsin,Kansas St,4.058034451890418,1
2011,Wofford,BYU,-14.926313264003937,0
2011,Xavier,Marquette,-2.886825350944939,0
2012,Alabama,Creighton,0.4446747958814665,0
2012,Baylor,Colorado,9.326794534792876,1
2012,Baylor,Kentucky,-7.666935865661522,0
2012,Baylor,S Dakota St,9.608692961012942,1
2012,Baylor,Xavier,7.743044590157343,1
2012,Belmont,Georgetown,-4.619605856601506,0
2012,BYU,Iona,3.1434259073938264,1
2012,BYU,Marquette,-5.209193365147412,0
2012,California,South Florida,5.445499114173588,0
2012,Cincinnati,Florida St,-2.565322308652581,1
2012,Cincinnati,Ohio St,-11.754354869787283,0
2012,Cincinnati,Texas,-1.8812123542579382,1
2012,Colorado,Baylor,-9.326794534792876,0
2012,Colorado,UNLV,-6.6832607600770135,1
2012,Colorado St,Murray St,-1.0791163454090293,0
2012,Connecticut,Iowa St,-0.7323217433856453,0
2012,Creighton,Alabama,-0.4446747958814665,1
2012,Creighton,North Carolina,-8.60244443234793,0
2012,Davidson,Louisville,-8.169490611132414,0
2012,Detroit,Kansas,-19.63333028784414,0
2012,Duke,Lehigh,13.995694106358432,0
2012,Florida,Louisville,1.835797512393615,0
2012,Florida,Marquette,0.6223477056774058,1
2012,Florida,Norfolk St,21.38744317748712,1
2012,Florida,Virginia,3.9285046850706724,1
2012,Florida St,Cincinnati,2.565322308652581,0
2012,Florida St,St Bonaventure,7.068908350538139,1
2012,Georgetown,Belmont,4.619605856601506,1
2012,Georgetown,NC State,5.160418929446106,0
2012,Gonzaga,Ohio St,-11.329088975655848,0
2012,Gonzaga,West Virginia,0.11730444278752117,1
2012,Harvard,Vanderbilt,-7.592778857073668,0
2012,Indiana,Kentucky,-5.414002530421328,0
2012,Indiana,New Mexico St,10.269685691607869,1
2012,Indiana,VCU,11.031926653523694,1
2012,Iona,BYU,-3.1434259073938264,0
2012,Iowa St,Connecticut,0.7323217433856453,1
2012,Iowa St,Kentucky,-11.131009724671065,0
2012,Kansas,Detroit,19.63333028784414,1
2012,Kansas,Kentucky,-2.488566363529266,0
2012,Kansas,NC State,10.484278438802846,1
2012,Kansas,North Carolina,0.021294668652302562,1
2012,Kansas,Ohio St,-2.3011010570646953,1
2012,Kansas,Purdue,8.05517120192025,1
2012,Kansas St,Southern Miss,7.050384969575317,1
2012,Kansas St,Syracuse,-6.140414207964586,0
2012,Kentucky,Baylor,7.666935865661522,1
2012,Kentucky,Indiana,5.414002530421328,1
2012,Kentucky,Iowa St,11.131009724671065,1
2012,Kentucky,Kansas,2.488566363529266,1
2012,Kentucky,Louisville,9.094484278690057,1
2012,Kentucky,WKU,27.423747929137,1
2012,Lamar,Vermont,2.6165045441560233,0
2012,Lehigh,Duke,-13.995694106358432,1
2012,Lehigh,Xavier,-5.24248424050811,0
2012,Long Beach St,New Mexico,-6.218287646393849,0
2012,LIU Brooklyn,Michigan St,-23.710036652830258,0
2012,Louisville,Davidson,8.169490611132414,1
2012,Louisville,Florida,-1.835797512393615,1
2012,Louisville,Kentucky,-9.094484278690057,0
2012,Louisville,Michigan St,-6.796161451593441,1
2012,Louisville,New Mexico,-0.4722767449178278,1
2012,Loyola MD,Ohio St,-24.29112210430664,0
2012,Marquette,BYU,5.209193365147412,1
2012,Marquette,Florida,-0.6223477056774058,0
2012,Marquette,Murray St,8.221776829358808,1
2012,Memphis,St Louis,2.5824414123786674,0
2012,Michigan,Ohio,7.329463087482618,0
2012,Michigan St,LIU Brooklyn,23.710036652830258,1
2012,Michigan St,Louisville,6.796161451593441,0
2012,Michigan St,St Louis,7.485494042078674,1
2012,Missouri,Norfolk St,24.81773993931188,0
2012,Montana,Wisconsin,-14.076008194463672,0
2012,MS Valley St,WKU,-5.160341152628348,0
2012,Murray St,Colorado St,1.0791163454090293,1
2012,Murray St,Marquette,-8.221776829358808,0
2012,NC State,Georgetown,-5.160418929446106,1
2012,NC State,Kansas,-10.484278438802846,0
2012,NC State,San Diego St,1.8112440077238379,1
2012,New Mexico,Long Beach St,6.218287646393849,1
2012,New Mexico,Louisville,0.4722767449178278,0
2012,New Mexico St,Indiana,-10.269685691607869,0
2012,Norfolk St,Florida,-21.38744317748712,0
2012,Norfolk St,Missouri,-24.81773993931188,1
2012,North Carolina,Creighton,8.60244443234793,1
2012,North Carolina,Kansas,-0.021294668652302562,0
2012,North Carolina,Ohio,15.517068182133368,1
2012,North Carolina,Vermont,21.620128791494214,1
2012,Notre Dame,Xavier,2.2023993657722727,0
2012,Ohio,Michigan,-7.329463087482618,1
2012,Ohio,North Carolina,-15.517068182133368,0
2012,Ohio,South Florida,-1.9447273675676167,1
2012,Ohio St,Cincinnati,11.754354869787283,1
2012,Ohio St,Gonzaga,11.329088975655848,1
2012,Ohio St,Kansas,2.3011010570646953,0
2012,Ohio St,Loyola MD,24.29112210430664,1
2012,Ohio St,Syracuse,3.133631205830639,1
2012,Purdue,Kansas,-8.05517120192025,0
2012,Purdue,St Mary's CA,2.7729731550590007,1
2012,S Dakota St,Baylor,-9.608692961012942,0
2012,San Diego St,NC State,-1.8112440077238379,0
2012,South Florida,California,-5.445499114173588,1
2012,South Florida,Ohio,1.9447273675676167,0
2012,South Florida,Temple,-2.5777402364423434,1
2012,Southern Miss,Kansas St,-7.050384969575317,0
2012,St Bonaventure,Florida St,-7.068908350538139,0
2012,St Louis,Memphis,-2.5824414123786674,1
2012,St Louis,Michigan St,-7.485494042078674,0
2012,St Mary's CA,Purdue,-2.7729731550590007,0
2012,Syracuse,Kansas St,6.140414207964586,1
2012,Syracuse,Ohio St,-3.133631205830639,0
2012,Syracuse,UNC Asheville,18.571141901703783,1
2012,Syracuse,Wisconsin,2.1640041539861414,1
2012,Temple,South Florida,2.5777402364423434,0
2012,Texas,Cincinnati,1.8812123542579382,0
2012,UNC Asheville,Syracuse,-18.571141901703783,0
2012,UNLV,Colorado,6.6832607600770135,0
2012,VCU,Indiana,-11.031926653523694,0
2012,VCU,Wichita St,-10.00748391692381,1
2012,Vanderbilt,Harvard,7.592778857073668,1
2012,Vanderbilt,Wisconsin,-3.5122670119848287,0
2012,Vermont,Lamar,-2.6165045441560233,1
2012,Vermont,North Carolina,-21.620128791494214,0
2012,Virginia,Florida,-3.9285046850706724,0
2012,WKU,Kentucky,-27.423747929137,0
2012,WKU,MS Valley St,5.160341152628348,1
2012,West Virginia,Gonzaga,-0.11730444278752117,0
2012,Wichita St,VCU,10.00748391692381,0
2012,Wisconsin,Montana,14.076008194463672,1
2012,Wisconsin,Syracuse,-2.1640041539861414,0
2012,Wisconsin,Vanderbilt,3.5122670119848287,1
2012,Xavier,Baylor,-7.743044590157343,0
2012,Xavier,Lehigh,5.24248424050811,1
2012,Xavier,Notre Dame,-2.2023993657722727,1
2013,Akron,VCU,-6.774731618547063,0
2013,SUNY Albany,Duke,-22.954004182619943,0
2013,Arizona,Belmont,6.022819985212244,1
2013,Arizona,Harvard,13.05715671397772,1
2013,Arizona,Ohio St,-3.466751674789993,0
2013,Belmont,Arizona,-6.022819985212244,0
2013,Boise St,La Salle,0.5376775688679558,0
2013,Bucknell,Butler,-3.542576724425433,0
2013,Butler,Bucknell,3.542576724425433,1
2013,Butler,Marquette,-3.4921193294713557,0
2013,California,Syracuse,-8.680341885084042,0
2013,California,UNLV,-3.074840806977871,1
2013,Cincinnati,Creighton,-2.07977630929191,0
2013,Colorado,Illinois,-0.8709560973388513,0
2013,Colorado St,Louisville,-9.835243706320432,0
2013,Colorado St,Missouri,-1.6841342245065345,1
2013,Creighton,Cincinnati,2.07977630929191,1
2013,Creighton,Duke,-5.081201530828043,0
2013,Davidson,Marquette,-7.091488827907715,0
2013,Duke,SUNY Albany,22.954004182619943,1
2013,Duke,Creighton,5.081201530828043,1
2013,Duke,Louisville,-2.377080411704192,0
2013,Duke,Michigan St,3.294991517052111,1
2013,FGCU,Florida,-23.651955994832754,0
2013,FGCU,Georgetown,-15.764546515049407,1
2013,FGCU,San Diego St,-12.934429403674361,1
2013,Florida,FGCU,23.651955994832754,1
2013,Florida,Michigan,4.483130279643525,0
2013,Florida,Minnesota,7.893796712455778,1
2013,Florida,Northwestern LA,23.780970693354767,1
2013,Georgetown,FGCU,15.764546515049407,0
2013,Gonzaga,Southern Univ,24.57330466491923,1
2013,Gonzaga,Wichita St,8.361469270333867,0
2013,Harvard,Arizona,-13.05715671397772,0
2013,Harvard,New Mexico,-10.47515061998463,1
2013,Illinois,Colorado,0.8709560973388513,1
2013,Illinois,Miami FL,-3.9317350152977966,0
2013,Indiana,James Madison,28.043263580500756,1
2013,Indiana,Syracuse,6.549473631688805,0
2013,Indiana,Temple,16.79916543604532,1
2013,Iona,Ohio St,-15.965775628513098,0
2013,Iowa St,Notre Dame,-0.4531425807183709,1
2013,Iowa St,Ohio St,-6.502365354182707,0
2013,James Madison,Indiana,-28.043263580500756,0
2013,James Madison,LIU Brooklyn,0.5954643475130807,1
2013,Kansas,Michigan,0.9972838374546988,0
2013,Kansas,North Carolina,6.304968837376064,1
2013,Kansas,WKU,22.054937720208063,1
2013,Kansas St,La Salle,3.8398058764932426,0
2013,La Salle,Boise St,-0.5376775688679558,1
2013,La Salle,Kansas St,-3.8398058764932426,1
2013,La Salle,Mississippi,-4.5688908627257625,1
2013,La Salle,Wichita St,-3.213169205220149,0
2013,Liberty,NC A&T,-2.0928960276611868,0
2013,LIU Brooklyn,James Madison,-0.5954643475130807,0
2013,Louisville,Colorado St,9.835243706320432,1
2013,Louisville,Duke,2.377080411704192,1
2013,Louisville,Michigan,4.076004986554338,1
2013,Louisville,NC A&T,31.097883648156284,1
2013,Louisville,Oregon,11.174300637079487,1
2013,Louisville,Wichita St,11.095299785553898,1
2013,Marquette,Butler,3.4921193294713557,1
2013,Marquette,Davidson,7.091488827907715,1
2013,Marquette,Miami FL,-2.702431993087016,1
2013,Marquette,Syracuse,-4.920966623544535,0
2013,Memphis,Michigan St,-6.003248160192214,0
2013,Memphis,St Mary's CA,-2.118591932928119,1
2013,Miami FL,Illinois,3.9317350152977966,1
2013,Miami FL,Marquette,2.702431993087016,0
2013,Miami FL,Pacific,13.85888936761055,1
2013,Michigan,Florida,-4.483130279643525,1
2013,Michigan,Kansas,-0.9972838374546988,1
2013,Michigan,Louisville,-4.076004986554338,0
2013,Michigan,S Dakota St,17.620501086998893,1
2013,Michigan,Syracuse,0.8169062744069997,1
2013,Michigan,VCU,3.7185840480384336,1
2013,Michigan St,Duke,-3.294991517052111,0
2013,Michigan St,Memphis,6.003248160192214,1
2013,Michigan St,Valparaiso,11.21140855051394,1
2013,Minnesota,Florida,-7.893796712455778,0
2013,Minnesota,UCLA,3.069591879478555,1
2013,Mississippi,La Salle,4.5688908627257625,0
2013,Mississippi,Wisconsin,-4.828751841722495,1
2013,Missouri,Colorado St,1.6841342245065345,0
2013,Montana,Syracuse,-19.74111833657582,0
2013,MTSU,St Mary's CA,-2.9964597372872053,0
2013,NC A&T,Liberty,2.0928960276611868,1
2013,NC A&T,Louisville,-31.097883648156284,0
2013,NC State,Temple,5.702143878084664,0
2013,New Mexico,Harvard,10.47515061998463,0
2013,New Mexico St,St Louis,-8.801494250781396,0
2013,North Carolina,Kansas,-6.304968837376064,0
2013,North Carolina,Villanova,3.915171806506054,1
2013,Northwestern LA,Florida,-23.780970693354767,0
2013,Notre Dame,Iowa St,0.4531425807183709,0
2013,Ohio St,Arizona,3.466751674789993,1
2013,Ohio St,Iona,15.965775628513098,1
2013,Ohio St,Iowa St,6.502365354182707,1
2013,Ohio St,Wichita St,7.295365657900213,0
2013,Oklahoma,San Diego St,-2.0212718997223362,0
2013,Oklahoma St,Oregon,3.106318332281198,0
2013,Oregon,Louisville,-11.174300637079487,0
2013,Oregon,Oklahoma St,-3.106318332281198,1
2013,Oregon,St Louis,-1.6044139621978637,1
2013,Pacific,Miami FL,-13.85888936761055,0
2013,Pittsburgh,Wichita St,6.454504923617353,0
2013,S Dakota St,Michigan,-17.620501086998893,0
2013,San Diego St,FGCU,12.934429403674361,0
2013,San Diego St,Oklahoma,2.0212718997223362,1
2013,Southern Univ,Gonzaga,-24.57330466491923,0
2013,St Louis,New Mexico St,8.801494250781396,1
2013,St Louis,Oregon,1.6044139621978637,0
2013,St Mary's CA,Memphis,2.118591932928119,0
2013,St Mary's CA,MTSU,2.9964597372872053,1
2013,Syracuse,California,8.680341885084042,1
2013,Syracuse,Indiana,-6.549473631688805,1
2013,Syracuse,Marquette,4.920966623544535,1
2013,Syracuse,Michigan,-0.8169062744069997,0
2013,Syracuse,Montana,19.74111833657582,1
2013,Temple,Indiana,-16.79916543604532,0
2013,Temple,NC State,-5.702143878084664,1
2013,UCLA,Minnesota,-3.069591879478555,0
2013,UNLV,California,3.074840806977871,0
2013,VCU,Akron,6.774731618547063,1
2013,VCU,Michigan,-3.7185840480384336,0
2013,Valparaiso,Michigan St,-11.21140855051394,0
2013,Villanova,North Carolina,-3.915171806506054,0
2013,WKU,Kansas,-22.054937720208063,0
2013,Wichita St,Gonzaga,-8.361469270333867,1
2013,Wichita St,La Salle,3.213169205220149,1
2013,Wichita St,Louisville,-11.095299785553898,0
2013,Wichita St,Ohio St,-7.295365657900213,1
2013,Wichita St,Pittsburgh,-6.454504923617353,1
2013,Wisconsin,Mississippi,4.828751841722495,0
2014,SUNY Albany,Florida,-24.48859365179526,0
2014,SUNY Albany,Mt St Mary's,2.251574889442345,1
2014,American Univ,Wisconsin,-17.32199826812274,0
2014,Arizona,Gonzaga,8.083696497973989,1
2014,Arizona,San Diego St,8.943407905726314,1
2014,Arizona,Weber St,24.946253673135455,1
2014,Arizona,Wisconsin,5.214945331816512,0
2014,Arizona St,Texas,0.7575876548928591,0
2014,Baylor,Creighton,-4.405355768771454,1
2014,Baylor,Nebraska,4.637360703887138,1
2014,Baylor,Wisconsin,-3.487199962502011,0
2014,BYU,Oregon,-3.4968228535101247,0
2014,Cal Poly,TX Southern,7.085406206136271,1
2014,Cal Poly,Wichita St,-17.323359698332563,0
2014,Cincinnati,Harvard,4.875931994578266,0
2014,Coastal Car,Virginia,-24.30102239503784,0
2014,Colorado,Pittsburgh,-5.398965438203302,0
2014,Connecticut,Florida,-4.79604706486068,1
2014,Connecticut,Iowa St,-3.1609438814119777,1
2014,Connecticut,Kentucky,-1.8316542325311609,1
2014,Connecticut,Michigan St,-4.018248805044934,1
2014,Connecticut,St Joseph's PA,6.784825936019212,1
2014,Connecticut,Villanova,-4.119819070651797,1
2014,Creighton,Baylor,4.405355768771454,0
2014,Creighton,Louisiana,16.91135903043445,1
2014,Dayton,Florida,-11.03437237822845,0
2014,Dayton,Ohio St,-8.75632895886758,1
2014,Dayton,Stanford,-4.124270730923945,1
2014,Dayton,Syracuse,-6.420453940207889,1
2014,Delaware,Michigan St,-17.1646916676281,0
2014,Duke,Mercer,15.439560480880436,0
2014,E Kentucky,Kansas,-21.35689018349875,0
2014,Florida,SUNY Albany,24.48859365179526,1
2014,Florida,Connecticut,4.79604706486068,0
2014,Florida,Dayton,11.03437237822845,1
2014,Florida,Pittsburgh,3.427881184084427,1
2014,Florida,UCLA,1.8382499068690237,1
2014,G Washington,Memphis,-2.4378844731860205,0
2014,Gonzaga,Arizona,-8.083696497973989,0
2014,Gonzaga,Oklahoma St,-3.770245734403744,1
2014,Harvard,Cincinnati,-4.875931994578266,1
2014,Harvard,Michigan St,-9.350329275014888,0
2014,Iowa,Tennessee,3.012590109449256,0
2014,Iowa St,Connecticut,3.1609438814119777,0
2014,Iowa St,NC Central,15.025318633868768,1
2014,Iowa St,North Carolina,3.76902374722526,1
2014,Kansas,E Kentucky,21.35689018349875,1
2014,Kansas,Stanford,7.4544955939432125,0
2014,Kansas St,Kentucky,-5.160274169174976,0
2014,Kentucky,Connecticut,1.8316542325311609,0
2014,Kentucky,Kansas St,5.160274169174976,1
2014,Kentucky,Louisville,-7.466512229001864,1
2014,Kentucky,Michigan,-1.1047567821588196,1
2014,Kentucky,Wichita St,1.2549964102567657,1
2014,Kentucky,Wisconsin,-1.1107975505050725,1
2014,Louisville,Kentucky,7.466512229001864,0
2014,Louisville,Manhattan,19.708871160009522,1
2014,Louisville,St Louis,13.59015987948816,1
2014,Manhattan,Louisville,-19.708871160009522,0
2014,Massachusetts,Tennessee,-5.151108114315175,0
2014,Memphis,G Washington,2.4378844731860205,1
2014,Memphis,Virginia,-5.157481570305283,0
2014,Mercer,Duke,-15.439560480880436,1
2014,Mercer,Tennessee,-11.546183935092822,0
2014,Michigan,Kentucky,1.1047567821588196,0
2014,Michigan,Tennessee,2.513780128413412,1
2014,Michigan,Texas,5.672095658162,1
2014,Michigan,Wofford,23.45100297993168,1
2014,Michigan St,Connecticut,4.018248805044934,0
2014,Michigan St,Delaware,17.1646916676281,1
2014,Michigan St,Harvard,9.350329275014888,1
2014,Michigan St,Virginia,1.5143270192319385,1
2014,Mt St Mary's,SUNY Albany,-2.251574889442345,0
2014,N Dakota St,Oklahoma,-9.103513199308063,1
2014,N Dakota St,San Diego St,-8.567014136362,0
2014,NC Central,Iowa St,-15.025318633868768,0
2014,NC State,St Louis,-3.074711214115494,0
2014,NC State,Xavier,-4.387164169777041,1
2014,Nebraska,Baylor,-4.637360703887138,0
2014,New Mexico,Stanford,-0.6224413896737584,0
2014,New Mexico St,San Diego St,-8.796814283223998,0
2014,North Carolina,Iowa St,-3.76902374722526,0
2014,North Carolina,Providence,3.3955898058714435,1
2014,Ohio St,Dayton,8.75632895886758,0
2014,Oklahoma,N Dakota St,9.103513199308063,0
2014,Oklahoma St,Gonzaga,3.770245734403744,0
2014,Oregon,BYU,3.4968228535101247,1
2014,Oregon,Wisconsin,-2.9204380341978506,0
2014,Pittsburgh,Colorado,5.398965438203302,1
2014,Pittsburgh,Florida,-3.427881184084427,0
2014,Providence,North Carolina,-3.3955898058714435,0
2014,San Diego St,Arizona,-8.943407905726314,0
2014,San Diego St,N Dakota St,8.567014136362,1
2014,San Diego St,New Mexico St,8.796814283223998,1
2014,SF Austin,UCLA,-14.293472572288334,0
2014,SF Austin,VCU,-10.308973001434477,1
2014,St Joseph's PA,Connecticut,-6.784825936019212,0
2014,St Louis,Louisville,-13.59015987948816,0
2014,St Louis,NC State,3.074711214115494,1
2014,Stanford,Dayton,4.124270730923945,0
2014,Stanford,Kansas,-7.4544955939432125,1
2014,Stanford,New Mexico,0.6224413896737584,1
2014,Syracuse,Dayton,6.420453940207889,0
2014,Syracuse,W Michigan,13.648965099707617,1
2014,Tennessee,Iowa,-3.012590109449256,1
2014,Tennessee,Massachusetts,5.151108114315175,1
2014,Tennessee,Mercer,11.546183935092822,1
2014,Tennessee,Michigan,-2.513780128413412,0
2014,Texas,Arizona St,-0.7575876548928591,1
2014,Texas,Michigan,-5.672095658162,0
2014,Tulsa,UCLA,-12.321163422152342,0
2014,TX Southern,Cal Poly,-7.085406206136271,0
2014,UCLA,Florida,-1.8382499068690237,0
2014,UCLA,SF Austin,14.293472572288334,1
2014,UCLA,Tulsa,12.321163422152342,1
2014,Louisiana,Creighton,-16.91135903043445,0
2014,VCU,SF Austin,10.308973001434477,0
2014,Villanova,Connecticut,4.119819070651797,0
2014,Villanova,WI Milwaukee,21.38313493160698,1
2014,Virginia,Coastal Car,24.30102239503784,1
2014,Virginia,Memphis,5.157481570305283,1
2014,Virginia,Michigan St,-1.5143270192319385,0
2014,W Michigan,Syracuse,-13.648965099707617,0
2014,Weber St,Arizona,-24.946253673135455,0
2014,WI Milwaukee,Villanova,-21.38313493160698,0
2014,Wichita St,Cal Poly,17.323359698332563,1
2014,Wichita St,Kentucky,-1.2549964102567657,0
2014,Wisconsin,American Univ,17.32199826812274,1
2014,Wisconsin,Arizona,-5.214945331816512,1
2014,Wisconsin,Baylor,3.487199962502011,1
2014,Wisconsin,Kentucky,1.1107975505050725,0
2014,Wisconsin,Oregon,2.9204380341978506,1
2014,Wofford,Michigan,-23.45100297993168,0
2014,Xavier,NC State,4.387164169777041,0
2015,SUNY Albany,Oklahoma,-20.35495598016689,0
2015,Arizona,Ohio St,4.375679127766759,1
2015,Arizona,TX Southern,30.792045765887284,1
2015,Arizona,Wisconsin,-0.19238497151405554,0
2015,Arizona,Xavier,9.529898211534897,1
2015,Arkansas,North Carolina,-6.573749767811739,0
2015,Arkansas,Wofford,12.359480942091624,1
2015,Baylor,Georgia St,14.04324310913043,0
2015,Belmont,Virginia,-22.685090490586063,0
2015,Boise St,Dayton,-0.478195022261529,0
2015,Buffalo,West Virginia,-7.975584453115287,0
2015,Butler,Notre Dame,-2.717650503773747,0
2015,Butler,Texas,-0.3416879826082635,1
2015,BYU,Mississippi,2.4068978186402212,0
2015,Cincinnati,Kentucky,-18.809719793450498,0
2015,Cincinnati,Purdue,-2.746546120601593,1
2015,Coastal Car,Wisconsin,-26.451255007623146,0
2015,Davidson,Iowa,-2.6736488185525715,0
2015,Dayton,Boise St,0.478195022261529,1
2015,Dayton,Oklahoma,-9.098951984055287,0
2015,Dayton,Providence,-3.6509919077196287,1
2015,Duke,Gonzaga,2.2444334678339573,1
2015,Duke,Michigan St,6.617233693445801,1
2015,Duke,Robert Morris,27.120778088684382,1
2015,Duke,San Diego St,12.12264353706392,1
2015,Duke,Utah,2.8419958805384304,1
2015,Duke,Wisconsin,-0.852650785385844,1
2015,E Washington,Georgetown,-15.446575298088957,0
2015,Georgetown,E Washington,15.446575298088957,1
2015,Georgetown,Utah,-5.243489478863232,0
2015,Georgia,Michigan St,-4.671688681443321,0
2015,Georgia St,Baylor,-14.04324310913043,1
2015,Georgia St,Xavier,-10.31231237901386,0
2015,Gonzaga,Duke,-2.2444334678339573,0
2015,Gonzaga,Iowa,6.07960809726346,1
2015,Gonzaga,N Dakota St,24.079006160770405,1
2015,Gonzaga,UCLA,9.683943874460539,1
2015,Hampton,Kentucky,-38.510753553959795,0
2015,Hampton,Manhattan,-8.42925174546943,1
2015,Harvard,North Carolina,-17.1139598199894,0
2015,Indiana,Wichita St,-1.7819544628684376,0
2015,Iowa,Davidson,2.6736488185525715,1
2015,Iowa,Gonzaga,-6.07960809726346,0
2015,Iowa St,UAB,17.37887845366994,0
2015,Kansas,New Mexico St,15.677566977246219,1
2015,Kansas,Wichita St,4.395651927919854,0
2015,Kentucky,Cincinnati,18.809719793450498,1
2015,Kentucky,Hampton,38.510753553959795,1
2015,Kentucky,Notre Dame,10.027037909859,1
2015,Kentucky,West Virginia,13.057806302484586,1
2015,Kentucky,Wisconsin,4.45200433125067,0
2015,Lafayette,Villanova,-25.983128705609992,0
2015,Louisville,Michigan St,1.1234502669924424,0
2015,Louisville,NC State,4.393750880903461,1
2015,Louisville,Northern Iowa,6.249784457076716,1
2015,Louisville,UC Irvine,15.14198914568998,1
2015,LSU,NC State,-2.5795585599204696,0
2015,Manhattan,Hampton,8.42925174546943,0
2015,Maryland,Valparaiso,7.751863273008306,1
2015,Maryland,West Virginia,-2.3092833352207744,0
2015,Michigan St,Duke,-6.617233693445801,0
2015,Michigan St,Georgia,4.671688681443321,1
2015,Michigan St,Louisville,-1.1234502669924424,1
2015,Michigan St,Oklahoma,-2.3938696116344254,1
2015,Michigan St,Virginia,-5.09709023326478,1
2015,Mississippi,BYU,-2.4068978186402212,1
2015,Mississippi,Xavier,-3.3890073166572634,0
2015,N Dakota St,Gonzaga,-24.079006160770405,0
2015,NC State,Louisville,-4.393750880903461,0
2015,NC State,LSU,2.5795585599204696,1
2015,NC State,Villanova,-9.065537366141893,1
2015,New Mexico St,Kansas,-15.677566977246219,0
2015,North Carolina,Arkansas,6.573749767811739,1
2015,North Carolina,Harvard,17.1139598199894,1
2015,North Carolina,Wisconsin,-3.6716258558348294,0
2015,North Florida,Robert Morris,2.6390061260833355,0
2015,Northeastern,Notre Dame,-17.436129502127645,0
2015,Northern Iowa,Louisville,-6.249784457076716,0
2015,Northern Iowa,Wyoming,8.017703591853618,1
2015,Notre Dame,Butler,2.717650503773747,1
2015,Notre Dame,Kentucky,-10.027037909859,0
2015,Notre Dame,Northeastern,17.436129502127645,1
2015,Notre Dame,Wichita St,4.259420090849222,1
2015,Ohio St,Arizona,-4.375679127766759,0
2015,Ohio St,VCU,7.5113632288830505,1
2015,Oklahoma,SUNY Albany,20.35495598016689,1
2015,Oklahoma,Dayton,9.098951984055287,1
2015,Oklahoma,Michigan St,2.3938696116344254,0
2015,Oklahoma St,Oregon,2.640305070362013,0
2015,Oregon,Oklahoma St,-2.640305070362013,1
2015,Oregon,Wisconsin,-13.6426505209508,0
2015,Providence,Dayton,3.6509919077196287,0
2015,Purdue,Cincinnati,2.746546120601593,0
2015,Robert Morris,Duke,-27.120778088684382,0
2015,Robert Morris,North Florida,-2.6390061260833355,1
2015,San Diego St,Duke,-12.12264353706392,0
2015,San Diego St,St John's,-0.47457993080987926,1
2015,SF Austin,Utah,-12.59561722136804,0
2015,SMU,UCLA,1.021170059888048,0
2015,St John's,San Diego St,0.47457993080987926,0
2015,Texas,Butler,0.3416879826082635,0
2015,TX Southern,Arizona,-30.792045765887284,0
2015,UAB,Iowa St,-17.37887845366994,1
2015,UAB,UCLA,-10.428730232683305,0
2015,UC Irvine,Louisville,-15.14198914568998,0
2015,UCLA,Gonzaga,-9.683943874460539,0
2015,UCLA,SMU,-1.021170059888048,1
2015,UCLA,UAB,10.428730232683305,1
2015,Utah,Duke,-2.8419958805384304,0
2015,Utah,Georgetown,5.243489478863232,1
2015,Utah,SF Austin,12.59561722136804,1
2015,VCU,Ohio St,-7.5113632288830505,0
2015,Valparaiso,Maryland,-7.751863273008306,0
2015,Villanova,Lafayette,25.983128705609992,1
2015,Villanova,NC State,9.065537366141893,0
2015,Virginia,Belmont,22.685090490586063,1
2015,Virginia,Michigan St,5.09709023326478,0
2015,West Virginia,Buffalo,7.975584453115287,1
2015,West Virginia,Kentucky,-13.057806302484586,0
2015,West Virginia,Maryland,2.3092833352207744,1
2015,Wichita St,Indiana,1.7819544628684376,1
2015,Wichita St,Kansas,-4.395651927919854,1
2015,Wichita St,Notre Dame,-4.259420090849222,0
2015,Wisconsin,Arizona,0.19238497151405554,1
2015,Wisconsin,Coastal Car,26.451255007623146,1
2015,Wisconsin,Duke,0.852650785385844,0
2015,Wisconsin,Kentucky,-4.45200433125067,1
2015,Wisconsin,North Carolina,3.6716258558348294,1
2015,Wisconsin,Oregon,13.6426505209508,1
2015,Wofford,Arkansas,-12.359480942091624,0
2015,Wyoming,Northern Iowa,-8.017703591853618,0
2015,Xavier,Arizona,-9.529898211534897,0
2015,Xavier,Georgia St,10.31231237901386,1
2015,Xavier,Mississippi,3.3890073166572634,1
2016,Arizona,Wichita St,2.872565048317096,0
2016,Ark Little Rock,Iowa St,-10.581685731080166,0
2016,Ark Little Rock,Purdue,-13.990891551404582,1
2016,Austin Peay,Kansas,-30.32395568452547,0
2016,Baylor,Yale,8.427248016133493,0
2016,Buffalo,Miami FL,-18.041030337273796,0
2016,Butler,Texas Tech,3.018019844951734,1
2016,Butler,Virginia,-5.835998854920206,0
2016,California,Hawaii,7.457642222902484,0
2016,Chattanooga,Indiana,-15.897653319412699,0
2016,Cincinnati,St Joseph's PA,3.662126460501881,0
2016,Colorado,Connecticut,-3.5255584764876566,0
2016,Connecticut,Colorado,3.5255584764876566,1
2016,Connecticut,Kansas,-8.27933154133527,0
2016,CS Bakersfield,Oklahoma,-18.177856608230382,0
2016,Dayton,Syracuse,-1.477075119209717,0
2016,Duke,Oregon,1.9235720093849835,0
2016,Duke,UNC Wilmington,13.69776645640869,1
2016,Duke,Yale,11.442604326395294,1
2016,F Dickinson,FGCU,-8.30329075564324,0
2016,FGCU,F Dickinson,8.30329075564324,1
2016,FGCU,North Carolina,-24.73210594177432,0
2016,Fresno St,Utah,-11.292249675580951,0
2016,Gonzaga,Seton Hall,1.4991847487777346,1
2016,Gonzaga,Syracuse,2.695112391720583,0
2016,Gonzaga,Utah,-0.28912852545463963,1
2016,Hampton,Virginia,-30.284658157787394,0
2016,Hawaii,California,-7.457642222902484,1
2016,Hawaii,Maryland,-8.482997485783278,0
2016,Holy Cross,Oregon,-28.99856159689466,0
2016,Holy Cross,Southern Univ,-3.665112814935906,1
2016,Indiana,Chattanooga,15.897653319412699,1
2016,Indiana,Kentucky,-0.696545093072455,1
2016,Indiana,North Carolina,-3.227190855638259,0
2016,Iona,Iowa St,-13.618365213188905,0
2016,Iowa,Temple,10.409589038775959,1
2016,Iowa,Villanova,-3.598963572705248,0
2016,Iowa St,Ark Little Rock,10.581685731080166,1
2016,Iowa St,Iona,13.618365213188905,1
2016,Iowa St,Virginia,-4.4554486218819385,0
2016,Kansas,Austin Peay,30.32395568452547,1
2016,Kansas,Connecticut,8.27933154133527,1
2016,Kansas,Maryland,7.022068739352164,1
2016,Kansas,Villanova,2.7685103676564182,0
2016,Kentucky,Indiana,0.696545093072455,0
2016,Kentucky,Stony Brook,16.264252951984407,1
2016,Maryland,Hawaii,8.482997485783278,1
2016,Maryland,Kansas,-7.022068739352164,0
2016,Maryland,S Dakota St,11.91072876388792,1
2016,Miami FL,Buffalo,18.041030337273796,1
2016,Miami FL,Villanova,-2.3258659909517405,0
2016,Miami FL,Wichita St,2.7035898984290654,1
2016,Michigan,Notre Dame,0.10298962707438086,0
2016,Michigan,Tulsa,4.286746460390965,1
2016,Michigan St,MTSU,21.543652011313558,0
2016,MTSU,Michigan St,-21.543652011313558,1
2016,MTSU,Syracuse,-11.309296757672538,0
2016,North Carolina,FGCU,24.73210594177432,1
2016,North Carolina,Indiana,3.227190855638259,1
2016,North Carolina,Notre Dame,8.783726458190454,1
2016,North Carolina,Providence,11.168649283495256,1
2016,North Carolina,Syracuse,9.468653173602794,1
2016,North Carolina,Villanova,1.3934101833423895,0
2016,Northern Iowa,Texas,-7.534822905851163,1
2016,Northern Iowa,Texas A&M,-10.868760181992984,0
2016,Notre Dame,Michigan,-0.10298962707438086,1
2016,Notre Dame,North Carolina,-8.783726458190454,0
2016,Notre Dame,SF Austin,5.802210214215988,1
2016,Notre Dame,Wisconsin,0.7666966931510721,1
2016,Oklahoma,CS Bakersfield,18.177856608230382,1
2016,Oklahoma,Oregon,2.7718538915944144,1
2016,Oklahoma,Texas A&M,1.8172145348164364,1
2016,Oklahoma,VCU,7.175671815223401,1
2016,Oklahoma,Villanova,-0.7369978497878762,0
2016,Oregon,Duke,-1.9235720093849835,1
2016,Oregon,Holy Cross,28.99856159689466,1
2016,Oregon,Oklahoma,-2.7718538915944144,0
2016,Oregon,St Joseph's PA,6.217672797682653,1
2016,Oregon St,VCU,-2.7423300569215634,0
2016,Pittsburgh,Wisconsin,2.221952497066521,0
2016,Providence,North Carolina,-11.168649283495256,0
2016,Providence,USC,-2.150480178705582,1
2016,Purdue,Ark Little Rock,13.990891551404582,0
2016,S Dakota St,Maryland,-11.91072876388792,0
2016,Seton Hall,Gonzaga,-1.4991847487777346,0
2016,SF Austin,Notre Dame,-5.802210214215988,0
2016,SF Austin,West Virginia,-14.444195177718703,1
2016,Southern Univ,Holy Cross,3.665112814935906,0
2016,St Joseph's PA,Cincinnati,-3.662126460501881,1
2016,St Joseph's PA,Oregon,-6.217672797682653,0
2016,Stony Brook,Kentucky,-16.264252951984407,0
2016,Syracuse,Dayton,1.477075119209717,1
2016,Syracuse,Gonzaga,-2.695112391720583,1
2016,Syracuse,MTSU,11.309296757672538,1
2016,Syracuse,North Carolina,-9.468653173602794,0
2016,Syracuse,Virginia,-8.488472143213182,1
2016,Temple,Iowa,-10.409589038775959,0
2016,Texas,Northern Iowa,7.534822905851163,0
2016,Texas A&M,Northern Iowa,10.868760181992984,1
2016,Texas A&M,Oklahoma,-1.8172145348164364,0
2016,Texas A&M,WI Green Bay,17.658435926128647,1
2016,Texas Tech,Butler,-3.018019844951734,0
2016,Tulsa,Michigan,-4.286746460390965,0
2016,UNC Asheville,Villanova,-20.005284157042677,0
2016,UNC Wilmington,Duke,-13.69776645640869,0
2016,USC,Providence,2.150480178705582,0
2016,Utah,Fresno St,11.292249675580951,1
2016,Utah,Gonzaga,0.28912852545463963,0
2016,VCU,Oklahoma,-7.175671815223401,0
2016,VCU,Oregon St,2.7423300569215634,1
2016,Vanderbilt,Wichita St,1.6367073609985319,0
2016,Villanova,Iowa,3.598963572705248,1
2016,Villanova,Kansas,-2.7685103676564182,1
2016,Villanova,Miami FL,2.3258659909517405,1
2016,Villanova,North Carolina,-1.3934101833423895,1
2016,Villanova,Oklahoma,0.7369978497878762,1
2016,Villanova,UNC Asheville,20.005284157042677,1
2016,Virginia,Butler,5.835998854920206,1
2016,Virginia,Hampton,30.284658157787394,1
2016,Virginia,Iowa St,4.4554486218819385,1
2016,Virginia,Syracuse,8.488472143213182,0
2016,Weber St,Xavier,-18.432679682981163,0
2016,West Virginia,SF Austin,14.444195177718703,0
2016,WI Green Bay,Texas A&M,-17.658435926128647,0
2016,Wichita St,Arizona,-2.872565048317096,1
2016,Wichita St,Miami FL,-2.7035898984290654,0
2016,Wichita St,Vanderbilt,-1.6367073609985319,1
2016,Wisconsin,Notre Dame,-0.7666966931510721,0
2016,Wisconsin,Pittsburgh,-2.221952497066521,1
2016,Wisconsin,Xavier,-5.246582195484262,1
2016,Xavier,Weber St,18.432679682981163,1
2016,Xavier,Wisconsin,5.246582195484262,0
2016,Yale,Baylor,-8.427248016133493,1
2016,Yale,Duke,-11.442604326395294,0
2017,Arizona,North Dakota,20.265353840158056,1
2017,Arizona,St Mary's CA,1.260185963620696,1
2017,Arizona,Xavier,3.9596834553096514,0
2017,Arkansas,North Carolina,-11.203971439297689,0
2017,Arkansas,Seton Hall,1.2891682472016353,1
2017,Baylor,New Mexico St,16.009051185370716,1
2017,Baylor,South Carolina,5.00741458912402,0
2017,Baylor,USC,9.387280560535013,1
2017,Bucknell,West Virginia,-19.2136859898461,0
2017,Butler,MTSU,8.807611836220817,1
2017,Butler,North Carolina,-6.751541381869757,0
2017,Butler,Winthrop,16.985548647505393,1
2017,Cincinnati,Kansas St,3.5825855966392677,1
2017,Cincinnati,UCLA,-2.2074049798742728,0
2017,Creighton,Rhode Island,5.587940433130775,0
2017,Dayton,Wichita St,-8.365356497232245,0
2017,Duke,South Carolina,6.916911448394659,0
2017,Duke,Troy,22.760138601270825,1
2017,ETSU,Florida,-14.595862511607592,0
2017,FGCU,Florida St,-18.57074016883849,0
2017,Florida,ETSU,14.595862511607592,1
2017,Florida,South Carolina,6.674836553356231,0
2017,Florida,Virginia,-0.07279381810007735,1
2017,Florida,Wisconsin,2.8215244004188946,1
2017,Florida St,FGCU,18.57074016883849,1
2017,Florida St,Xavier,6.244300818521985,0
2017,Gonzaga,North Carolina,0.663411191995916,0
2017,Gonzaga,Northwestern,11.573356285645177,1
2017,Gonzaga,S Dakota St,28.14346720055609,1
2017,Gonzaga,South Carolina,10.21515433349188,1
2017,Gonzaga,West Virginia,0.9636633557831971,1
2017,Gonzaga,Xavier,11.307431068073484,1
2017,Iona,Oregon,-19.671889373614693,0
2017,Iowa St,Nevada,10.090218216654062,1
2017,Iowa St,Purdue,-0.6442216881528751,0
2017,Jacksonville St,Louisville,-26.777477964130927,0
2017,Kansas,Michigan St,9.00368595578306,1
2017,Kansas,Oregon,1.951737381205369,0
2017,Kansas,Purdue,1.367571224679775,1
2017,Kansas,UC Davis,27.73713805999028,1
2017,Kansas St,Cincinnati,-3.5825855966392677,0
2017,Kansas St,Wake Forest,0.08148678111144214,1
2017,Kent,UCLA,-19.793514943029248,0
2017,Kentucky,N Kentucky,24.694737384505125,1
2017,Kentucky,North Carolina,-0.8666402377536961,0
2017,Kentucky,UCLA,3.3705460146001123,1
2017,Kentucky,Wichita St,2.707828754099335,1
2017,Louisville,Jacksonville St,26.777477964130927,1
2017,Louisville,Michigan,4.9438543736134335,0
2017,Marquette,South Carolina,0.6993454137952906,0
2017,Maryland,Xavier,-1.1259135379066283,0
2017,Miami FL,Michigan St,2.0635498054240546,0
2017,Michigan,Louisville,-4.9438543736134335,1
2017,Michigan,Oklahoma St,-0.40910483789731344,1
2017,Michigan,Oregon,-1.9687362954069911,0
2017,Michigan St,Kansas,-9.00368595578306,0
2017,Michigan St,Miami FL,-2.0635498054240546,1
2017,Minnesota,MTSU,5.714025928468505,0
2017,Mt St Mary's,New Orleans,-0.3240773830475252,1
2017,Mt St Mary's,Villanova,-29.161287396960724,0
2017,MTSU,Butler,-8.807611836220817,0
2017,MTSU,Minnesota,-5.714025928468505,1
2017,N Kentucky,Kentucky,-24.694737384505125,0
2017,NC Central,UC Davis,2.3758909691116723,0
2017,Nevada,Iowa St,-10.090218216654062,0
2017,New Mexico St,Baylor,-16.009051185370716,0
2017,New Orleans,Mt St Mary's,0.3240773830475252,0
2017,North Carolina,Arkansas,11.203971439297689,1
2017,North Carolina,Butler,6.751541381869757,1
2017,North Carolina,Gonzaga,-0.663411191995916,1
2017,North Carolina,Kentucky,0.8666402377536961,1
2017,North Carolina,Oregon,4.337539506391764,1
2017,North Carolina,TX Southern,31.05183071339834,1
2017,North Dakota,Arizona,-20.265353840158056,0
2017,Northwestern,Gonzaga,-11.573356285645177,0
2017,Northwestern,Vanderbilt,0.3784730762784516,1
2017,Notre Dame,Princeton,12.473481331227216,1
2017,Notre Dame,West Virginia,-5.883038929413502,0
2017,Oklahoma St,Michigan,0.40910483789731344,0
2017,Oregon,Iona,19.671889373614693,1
2017,Oregon,Kansas,-1.951737381205369,1
2017,Oregon,Michigan,1.9687362954069911,1
2017,Oregon,North Carolina,-4.337539506391764,0
2017,Oregon,Rhode Island,8.228735618121323,1
2017,Princeton,Notre Dame,-12.473481331227216,0
2017,Providence,USC,0.6414411522561121,0
2017,Purdue,Iowa St,0.6442216881528751,1
2017,Purdue,Kansas,-1.367571224679775,0
2017,Purdue,Vermont,14.611936198427767,1
2017,Rhode Island,Creighton,-5.587940433130775,1
2017,Rhode Island,Oregon,-8.228735618121323,0
2017,S Dakota St,Gonzaga,-28.14346720055609,0
2017,Seton Hall,Arkansas,-1.2891682472016353,0
2017,SMU,USC,7.9268375092921435,0
2017,South Carolina,Baylor,-5.00741458912402,1
2017,South Carolina,Duke,-6.916911448394659,1
2017,South Carolina,Florida,-6.674836553356231,1
2017,South Carolina,Gonzaga,-10.21515433349188,0
2017,South Carolina,Marquette,-0.6993454137952906,1
2017,St Mary's CA,Arizona,-1.260185963620696,0
2017,St Mary's CA,VCU,5.234034598326797,1
2017,Troy,Duke,-22.760138601270825,0
2017,TX Southern,North Carolina,-31.05183071339834,0
2017,UC Davis,Kansas,-27.73713805999028,0
2017,UC Davis,NC Central,-2.3758909691116723,1
2017,UCLA,Cincinnati,2.2074049798742728,1
2017,UCLA,Kent,19.793514943029248,1
2017,UCLA,Kentucky,-3.3705460146001123,0
2017,UNC Wilmington,Virginia,-14.275967385842073,0
2017,USC,Baylor,-9.387280560535013,0
2017,USC,Providence,-0.6414411522561121,1
2017,USC,SMU,-7.9268375092921435,1
2017,VCU,St Mary's CA,-5.234034598326797,0
2017,Vanderbilt,Northwestern,-0.3784730762784516,0
2017,Vermont,Purdue,-14.611936198427767,0
2017,Villanova,Mt St Mary's,29.161287396960724,1
2017,Villanova,Wisconsin,5.3679656802315066,0
2017,Virginia,Florida,0.07279381810007735,0
2017,Virginia,UNC Wilmington,14.275967385842073,1
2017,Virginia Tech,Wisconsin,-5.840316229137256,0
2017,Wake Forest,Kansas St,-0.08148678111144214,0
2017,West Virginia,Bucknell,19.2136859898461,1
2017,West Virginia,Gonzaga,-0.9636633557831971,0
2017,West Virginia,Notre Dame,5.883038929413502,1
2017,Wichita St,Dayton,8.365356497232245,1
2017,Wichita St,Kentucky,-2.707828754099335,0
2017,Winthrop,Butler,-16.985548647505393,0
2017,Wisconsin,Florida,-2.8215244004188946,0
2017,Wisconsin,Villanova,-5.3679656802315066,1
2017,Wisconsin,Virginia Tech,5.840316229137256,1
2017,Xavier,Arizona,-3.9596834553096514,1
2017,Xavier,Florida St,-6.244300818521985,1
2017,Xavier,Gonzaga,-11.307431068073484,0
2017,Xavier,Maryland,1.1259135379066283,1
2018,Alabama,Villanova,-12.742248393830298,0
2018,Alabama,Virginia Tech,-1.9339570525096157,1
2018,Arizona,Buffalo,9.292483375385537,0
2018,Arizona St,Syracuse,2.759483224186715,0
2018,Arkansas,Butler,-0.759416350050337,0
2018,Auburn,Clemson,1.0268561373270195,0
2018,Auburn,Col Charleston,15.915351904704885,1
2018,Bucknell,Michigan St,-19.18496609472485,0
2018,Buffalo,Arizona,-9.292483375385537,1
2018,Buffalo,Kentucky,-9.976075411280437,0
2018,Butler,Arkansas,0.759416350050337,1
2018,Butler,Purdue,-7.700951239697861,0
2018,Cincinnati,Georgia St,17.446688837161254,1
2018,Cincinnati,Nevada,6.314540398786546,0
2018,Clemson,Auburn,-1.0268561373270195,1
2018,Clemson,Kansas,-5.502634545227092,0
2018,Clemson,New Mexico St,7.028634337541208,1
2018,Col Charleston,Auburn,-15.915351904704885,0
2018,Creighton,Kansas St,3.4535959697017606,0
2018,CS Fullerton,Purdue,-24.67042222932289,0
2018,Davidson,Kentucky,-6.355963266389654,0
2018,Duke,Iona,24.038555494937043,1
2018,Duke,Kansas,2.988673590279703,0
2018,Duke,Rhode Island,12.818702548776217,1
2018,Duke,Syracuse,12.752658519530769,1
2018,Florida,St Bonaventure,7.823478095409435,1
2018,Florida,Texas Tech,-2.7590995286795277,0
2018,Florida St,Gonzaga,-4.463018772107645,1
2018,Florida St,Michigan,-3.927545245635759,0
2018,Florida St,Missouri,0.42173194060050356,1
2018,Florida St,Xavier,-4.646048050985009,1
2018,Georgia St,Cincinnati,-17.446688837161254,0
2018,Gonzaga,Florida St,4.463018772107645,0
2018,Gonzaga,Ohio St,1.3335817096654843,1
2018,Gonzaga,UNC Greensboro,14.948242835169308,1
2018,Houston,Michigan,-2.5133166788181107,0
2018,Houston,San Diego St,3.8960463719773024,1
2018,Iona,Duke,-24.038555494937043,0
2018,Kansas,Clemson,5.502634545227092,1
2018,Kansas,Duke,-2.988673590279703,1
2018,Kansas,Penn,19.752246778428713,1
2018,Kansas,Seton Hall,6.5168659222534995,1
2018,Kansas,Villanova,-3.6778248313001676,0
2018,Kansas St,Creighton,-3.4535959697017606,1
2018,Kansas St,Kentucky,-4.161684507923253,1
2018,Kansas St,Loyola-Chicago,4.066890098157469,0
2018,Kansas St,UMBC,16.90337125171385,1
2018,Kentucky,Buffalo,9.976075411280437,1
2018,Kentucky,Davidson,6.355963266389654,1
2018,Kentucky,Kansas St,4.161684507923253,0
2018,Lipscomb,North Carolina,-23.31872211770777,0
2018,LIU Brooklyn,Radford,-5.2651539404538745,0
2018,Loyola-Chicago,Kansas St,-4.066890098157469,1
2018,Loyola-Chicago,Miami FL,-3.903273567428501,1
2018,Loyola-Chicago,Michigan,-9.525215770866447,0
2018,Loyola-Chicago,Nevada,-5.179668822530399,1
2018,Loyola-Chicago,Tennessee,-9.248729161551308,1
2018,Marshall,West Virginia,-16.574236687966334,0
2018,Marshall,Wichita St,-13.922585181405145,1
2018,Miami FL,Loyola-Chicago,3.903273567428501,0
2018,Michigan,Florida St,3.927545245635759,1
2018,Michigan,Houston,2.5133166788181107,1
2018,Michigan,Loyola-Chicago,9.525215770866447,1
2018,Michigan,Montana,12.331935574173968,1
2018,Michigan,Texas A&M,3.1830670574580644,1
2018,Michigan,Villanova,-6.79213265490835,0
2018,Michigan St,Bucknell,19.18496609472485,1
2018,Michigan St,Syracuse,11.218197674886966,0
2018,Missouri,Florida St,-0.42173194060050356,0
2018,Montana,Michigan,-12.331935574173968,0
2018,Murray St,West Virginia,-12.992656244294592,0
2018,NC Central,TX Southern,-4.689764097928056,0
2018,NC State,Seton Hall,-1.9994498254564466,0
2018,Nevada,Cincinnati,-6.314540398786546,1
2018,Nevada,Loyola-Chicago,5.179668822530399,0
2018,Nevada,Texas,0.11152745963026156,1
2018,New Mexico St,Clemson,-7.028634337541208,0
2018,North Carolina,Lipscomb,23.31872211770777,1
2018,North Carolina,Texas A&M,5.580826825290153,0
2018,Ohio St,Gonzaga,-1.3335817096654843,0
2018,Ohio St,S Dakota St,10.953263609446463,1
2018,Oklahoma,Rhode Island,2.2306356267036804,0
2018,Penn,Kansas,-19.752246778428713,0
2018,Providence,Texas A&M,-4.491093304643563,0
2018,Purdue,Butler,7.700951239697861,1
2018,Purdue,CS Fullerton,24.67042222932289,1
2018,Purdue,Texas Tech,4.57336573446532,0
2018,Radford,LIU Brooklyn,5.2651539404538745,1
2018,Radford,Villanova,-28.488345457360566,0
2018,Rhode Island,Duke,-12.818702548776217,0
2018,Rhode Island,Oklahoma,-2.2306356267036804,1
2018,S Dakota St,Ohio St,-10.953263609446463,0
2018,San Diego St,Houston,-3.8960463719773024,0
2018,Seton Hall,Kansas,-6.5168659222534995,0
2018,Seton Hall,NC State,1.9994498254564466,1
2018,SF Austin,Texas Tech,-16.81125409553245,0
2018,St Bonaventure,Florida,-7.823478095409435,0
2018,St Bonaventure,UCLA,-3.8670129333051886,1
2018,Syracuse,Arizona St,-2.759483224186715,1
2018,Syracuse,Duke,-12.752658519530769,0
2018,Syracuse,Michigan St,-11.218197674886966,1
2018,Syracuse,TCU,-4.788488667145838,1
2018,TCU,Syracuse,4.788488667145838,0
2018,Tennessee,Loyola-Chicago,9.248729161551308,0
2018,Tennessee,Wright St,17.88286920465213,1
2018,Texas,Nevada,-0.11152745963026156,0
2018,Texas A&M,Michigan,-3.1830670574580644,0
2018,Texas A&M,North Carolina,-5.580826825290153,1
2018,Texas A&M,Providence,4.491093304643563,1
2018,Texas Tech,Florida,2.7590995286795277,1
2018,Texas Tech,Purdue,-4.57336573446532,1
2018,Texas Tech,SF Austin,16.81125409553245,1
2018,Texas Tech,Villanova,-6.117657436043075,0
2018,TX Southern,NC Central,4.689764097928056,1
2018,TX Southern,Xavier,-27.53957430357539,0
2018,UCLA,St Bonaventure,3.8670129333051886,0
2018,UMBC,Kansas St,-16.90337125171385,0
2018,UMBC,Virginia,-27.297054382651055,1
2018,UNC Greensboro,Gonzaga,-14.948242835169308,0
2018,Villanova,Alabama,12.742248393830298,1
2018,Villanova,Kansas,3.6778248313001676,1
2018,Villanova,Michigan,6.79213265490835,1
2018,Villanova,Radford,28.488345457360566,1
2018,Villanova,Texas Tech,6.117657436043075,1
2018,Villanova,West Virginia,5.508270101834036,1
2018,Virginia,UMBC,27.297054382651055,0
2018,Virginia Tech,Alabama,1.9339570525096157,0
2018,West Virginia,Marshall,16.574236687966334,1
2018,West Virginia,Murray St,12.992656244294592,1
2018,West Virginia,Villanova,-5.508270101834036,0
2018,Wichita St,Marshall,13.922585181405145,0
2018,Wright St,Tennessee,-17.88286920465213,0
2018,Xavier,Florida St,4.646048050985009,0
2018,Xavier,TX Southern,27.53957430357539,1
2019,Abilene Chr,Kentucky,-23.02109220713787,0
2019,Arizona St,Buffalo,-5.5400330157290725,0
2019,Arizona St,St John's,1.6959585557031893,1
2019,Auburn,Kansas,2.2549497880179246,1
2019,Auburn,Kentucky,-1.3853894705567313,1
2019,Auburn,New Mexico St,10.225693335177464,1
2019,Auburn,North Carolina,-4.967783703720865,1
2019,Auburn,Virginia,-6.311208498028975,0
2019,Baylor,Gonzaga,-15.405772549486638,0
2019,Baylor,Syracuse,-1.8021296849932753,1
2019,Belmont,Maryland,-8.170334780302245,0
2019,Belmont,Temple,0.15091401266868765,1
2019,Bradley,Michigan St,-25.88326190780788,0
2019,Buffalo,Arizona St,5.5400330157290725,1
2019,Buffalo,Texas Tech,-5.421383322116007,0
2019,Cincinnati,Iowa,0.13022863528360595,0
2019,Colgate,Tennessee,-21.44664507639075,0
2019,Duke,Michigan St,2.7893729523223207,0
2019,Duke,N Dakota St,32.346173799399956,1
2019,Duke,UCF,15.902938112087478,1
2019,Duke,Virginia Tech,8.511829121600936,1
2019,F Dickinson,Gonzaga,-34.20892607473759,0
2019,F Dickinson,Prairie View,1.2433019981540694,1
2019,Florida,Michigan,-6.9839783932590755,0
2019,Florida,Nevada,-0.8673643344685615,1
2019,Florida St,Gonzaga,-9.859684806811117,0
2019,Florida St,Murray St,9.66216063810758,1
2019,Florida St,Vermont,13.521347790815032,1
2019,Gardner Webb,Virginia,-29.673131117297107,0
2019,Georgia St,Houston,-15.133539222738888,0
2019,Gonzaga,Baylor,15.405772549486638,1
2019,Gonzaga,F Dickinson,34.20892607473759,1
2019,Gonzaga,Florida St,9.859684806811117,1
2019,Gonzaga,Texas Tech,6.856887127396025,0
2019,Houston,Georgia St,15.133539222738888,1
2019,Houston,Kentucky,-3.504121852633432,0
2019,Houston,Ohio St,3.7855048150193173,1
2019,Iona,North Carolina,-30.301422235326825,0
2019,Iowa,Cincinnati,-0.13022863528360595,1
2019,Iowa,Tennessee,-8.005058166277768,0
2019,Iowa St,Ohio St,3.7052316395854437,0
2019,Kansas,Auburn,-2.2549497880179246,0
2019,Kansas,Northeastern,13.237039415411015,1
2019,Kansas St,UC Irvine,9.937677224103279,0
2019,Kentucky,Abilene Chr,23.02109220713787,1
2019,Kentucky,Auburn,1.3853894705567313,0
2019,Kentucky,Houston,3.504121852633432,1
2019,Kentucky,Wofford,7.97787133277639,1
2019,Liberty,Mississippi St,-12.056048437182614,1
2019,Liberty,Virginia Tech,-15.183717873609265,0
2019,Louisville,Minnesota,5.674259233967259,0
2019,LSU,Maryland,0.4726901864441011,1
2019,LSU,Michigan St,-8.39574595643898,0
2019,LSU,Yale,11.676155913569792,1
2019,Marquette,Murray St,7.424854532062334,0
2019,Maryland,Belmont,8.170334780302245,1
2019,Maryland,LSU,-0.4726901864441011,0
2019,Michigan,Florida,6.9839783932590755,1
2019,Michigan,Montana,21.187600530926268,1
2019,Michigan,Texas Tech,1.2875357362015478,0
2019,Michigan St,Bradley,25.88326190780788,1
2019,Michigan St,Duke,-2.7893729523223207,1
2019,Michigan St,LSU,8.39574595643898,1
2019,Michigan St,Minnesota,12.800024968117107,1
2019,Michigan St,Texas Tech,4.180699409945365,0
2019,Minnesota,Louisville,-5.674259233967259,1
2019,Minnesota,Michigan St,-12.800024968117107,0
2019,Mississippi,Oklahoma,-1.4762189927347436,0
2019,Mississippi St,Liberty,12.056048437182614,0
2019,Montana,Michigan,-21.187600530926268,0
2019,Murray St,Florida St,-9.66216063810758,0
2019,Murray St,Marquette,-7.424854532062334,1
2019,N Dakota St,Duke,-32.346173799399956,0
2019,N Dakota St,NC Central,7.58586347009245,1
2019,N Kentucky,Texas Tech,-16.901689269792303,0
2019,NC Central,N Dakota St,-7.58586347009245,0
2019,Nevada,Florida,0.8673643344685615,0
2019,New Mexico St,Auburn,-10.225693335177464,0
2019,North Carolina,Auburn,4.967783703720865,0
2019,North Carolina,Iona,30.301422235326825,1
2019,North Carolina,Washington,13.476474976462569,1
2019,Northeastern,Kansas,-13.237039415411015,0
2019,Ohio St,Houston,-3.7855048150193173,0
2019,Ohio St,Iowa St,-3.7052316395854437,1
2019,Oklahoma,Mississippi,1.4762189927347436,1
2019,Oklahoma,Virginia,-11.943252744481729,0
2019,Old Dominion,Purdue,-17.49451358792857,0
2019,Oregon,UC Irvine,6.934579112773615,1
2019,Oregon,Virginia,-13.870353643880529,0
2019,Oregon,Wisconsin,-6.29316375509004,1
2019,Prairie View,F Dickinson,-1.2433019981540694,0
2019,Purdue,Old Dominion,17.49451358792857,1
2019,Purdue,Tennessee,-1.1559660764436437,1
2019,Purdue,Villanova,5.920935236935938,1
2019,Purdue,Virginia,-5.340280897981081,0
2019,Seton Hall,Wofford,-2.4066854947246856,0
2019,St John's,Arizona St,-1.6959585557031893,0
2019,St Louis,Virginia Tech,-14.511465431283948,0
2019,St Mary's CA,Villanova,-2.423429922288676,0
2019,Syracuse,Baylor,1.8021296849932753,0
2019,Temple,Belmont,-0.15091401266868765,0
2019,Tennessee,Colgate,21.44664507639075,1
2019,Tennessee,Iowa,8.005058166277768,1
2019,Tennessee,Purdue,1.1559660764436437,0
2019,Texas Tech,Buffalo,5.421383322116007,1
2019,Texas Tech,Gonzaga,-6.856887127396025,1
2019,Texas Tech,Michigan,-1.2875357362015478,1
2019,Texas Tech,Michigan St,-4.180699409945365,1
2019,Texas Tech,N Kentucky,16.901689269792303,1
2019,Texas Tech,Virginia,-5.248692977481216,0
2019,UC Irvine,Kansas St,-9.937677224103279,1
2019,UC Irvine,Oregon,-6.934579112773615,0
2019,UCF,Duke,-15.902938112087478,0
2019,UCF,VCU,-0.10321549518924655,1
2019,Utah St,Washington,0.9129794659985766,0
2019,VCU,UCF,0.10321549518924655,0
2019,Vermont,Florida St,-13.521347790815032,0
2019,Villanova,Purdue,-5.920935236935938,0
2019,Villanova,St Mary's CA,2.423429922288676,1
2019,Virginia,Auburn,6.311208498028975,1
2019,Virginia,Gardner Webb,29.673131117297107,1
2019,Virginia,Oklahoma,11.943252744481729,1
2019,Virginia,Oregon,13.870353643880529,1
2019,Virginia,Purdue,5.340280897981081,1
2019,Virginia,Texas Tech,5.248692977481216,1
2019,Virginia Tech,Duke,-8.511829121600936,0
2019,Virginia Tech,Liberty,15.183717873609265,1
2019,Virginia Tech,St Louis,14.511465431283948,1
2019,Washington,North Carolina,-13.476474976462569,0
2019,Washington,Utah St,-0.9129794659985766,1
2019,Wisconsin,Oregon,6.29316375509004,0
2019,Wofford,Kentucky,-7.97787133277639,0
2019,Wofford,Seton Hall,2.4066854947246856,1
2019,Yale,LSU,-11.676155913569792,0
2021,Abilene Chr,Texas,-10.128733326423168,1
2021,Abilene Chr,UCLA,-6.31818479938303,0
2021,Alabama,Iona,21.151709333174885,1
2021,Alabama,Maryland,4.832722207853642,1
2021,Alabama,UCLA,7.73023682196539,0
2021,Appalachian St,Norfolk St,-0.4507775529842615,0
2021,Arkansas,Baylor,-5.262271263414995,0
2021,Arkansas,Colgate,-1.4423640125845054,1
2021,Arkansas,Oral Roberts,18.80369276047662,1
2021,Arkansas,Texas Tech,1.5127799035841392,1
2021,Baylor,Arkansas,5.262271263414995,1
2021,Baylor,Gonzaga,-3.1212353351334094,1
2021,Baylor,Hartford,26.182909626311258,1
2021,Baylor,Houston,1.1818207114140193,1
2021,Baylor,Villanova,5.26596984838789,1
2021,Baylor,Wisconsin,5.502600647402023,1
2021,BYU,UCLA,2.174974510455451,0
2021,Clemson,Rutgers,-1.6920741625753895,0
2021,Cleveland St,Houston,-26.223491393613752,0
2021,Colgate,Arkansas,1.4423640125845054,0
2021,Colorado,Florida St,-1.1742701273944434,0
2021,Colorado,Georgetown,5.070742621705888,1
2021,Connecticut,Maryland,1.7792006308250876,0
2021,Creighton,Gonzaga,-8.86685571398942,0
2021,Creighton,Ohio,11.678814227944752,1
2021,Creighton,UC Santa Barbara,11.559074240264469,1
2021,Drake,USC,-7.726475891377623,0
2021,Drake,Wichita St,0.13090751280942037,1
2021,Drexel,Illinois,-24.657846098365265,0
2021,E Washington,Kansas,-14.105203046613392,0
2021,Florida,Oral Roberts,15.642562760070259,0
2021,Florida,Virginia Tech,1.24231236802202,1
2021,Florida St,Colorado,1.1742701273944434,1
2021,Florida St,Michigan,-5.408805051787677,0
2021,Florida St,UNC Greensboro,14.099594012459605,1
2021,Georgetown,Colorado,-5.070742621705888,0
2021,Georgia Tech,Loyola-Chicago,-0.5686073627979837,0
2021,Gonzaga,Baylor,3.1212353351334094,0
2021,Gonzaga,Creighton,8.86685571398942,1
2021,Gonzaga,Norfolk St,31.327156495033936,1
2021,Gonzaga,Oklahoma,12.704330575421345,1
2021,Gonzaga,UCLA,14.013398653840325,1
2021,Gonzaga,USC,9.155669502300015,1
2021,Grand Canyon,Iowa,-19.355762380700746,0
2021,Hartford,Baylor,-26.182909626311258,0
2021,Houston,Baylor,-1.1818207114140193,0
2021,Houston,Cleveland St,26.223491393613752,1
2021,Houston,Oregon St,14.567095843027007,1
2021,Houston,Rutgers,6.969754392463624,1
2021,Houston,Syracuse,8.420737778438355,1
2021,Illinois,Drexel,24.657846098365265,1
2021,Illinois,Loyola-Chicago,10.227816907869657,0
2021,Iona,Alabama,-21.151709333174885,0
2021,Iowa,Grand Canyon,19.355762380700746,1
2021,Iowa,Oregon,9.570527763846599,0
2021,Kansas,E Washington,14.105203046613392,1
2021,Kansas,USC,-0.6873762724117327,0
2021,Liberty,Oklahoma St,-9.86218848061652,0
2021,Loyola-Chicago,Georgia Tech,0.5686073627979837,1
2021,Loyola-Chicago,Illinois,-10.227816907869657,1
2021,Loyola-Chicago,Oregon St,7.0357391325836005,0
2021,LSU,Michigan,-7.706600547442228,0
2021,LSU,St Bonaventure,0.5282564140046802,1
2021,Maryland,Alabama,-4.832722207853642,0
2021,Maryland,Connecticut,-1.7792006308250876,1
2021,Michigan,Florida St,5.408805051787677,1
2021,Michigan,LSU,7.706600547442228,1
2021,Michigan,TX Southern,30.834320248689124,1
2021,Michigan,UCLA,10.938813239556309,0
2021,Michigan St,UCLA,-1.414193542730949,0
2021,Missouri,Oklahoma,-1.0024329156793712,0
2021,Morehead St,West Virginia,-16.31212620442255,0
2021,Mt St Mary's,TX Southern,4.0679034796671365,0
2021,Norfolk St,Appalachian St,0.4507775529842615,1
2021,Norfolk St,Gonzaga,-31.327156495033936,0
2021,North Carolina,Wisconsin,-1.5407586485983131,0
2021,North Texas,Purdue,-9.883263812110473,1
2021,North Texas,Villanova,-10.655472983175782,0
2021,Ohio,Creighton,-11.678814227944752,0
2021,Ohio,Virginia,-10.741752575243279,1
2021,Ohio St,Oral Roberts,20.687808788107287,0
2021,Oklahoma,Gonzaga,-12.704330575421345,0
2021,Oklahoma,Missouri,1.0024329156793712,1
2021,Oklahoma St,Liberty,9.86218848061652,1
2021,Oklahoma St,Oregon St,6.575929365503605,0
2021,Oral Roberts,Arkansas,-18.80369276047662,0
2021,Oral Roberts,Florida,-15.642562760070259,1
2021,Oral Roberts,Ohio St,-20.687808788107287,1
2021,Oregon,Iowa,-9.570527763846599,1
2021,Oregon,USC,-3.6495411048574695,0
2021,Oregon St,Houston,-14.567095843027007,0
2021,Oregon St,Loyola-Chicago,-7.0357391325836005,1
2021,Oregon St,Oklahoma St,-6.575929365503605,1
2021,Oregon St,Tennessee,-10.487713477474626,1
2021,Purdue,North Texas,9.883263812110473,0
2021,Rutgers,Clemson,1.6920741625753895,1
2021,Rutgers,Houston,-6.969754392463624,0
2021,San Diego St,Syracuse,0.9730905262148042,0
2021,UC Santa Barbara,Creighton,-11.559074240264469,0
2021,St Bonaventure,LSU,-0.5282564140046802,0
2021,Syracuse,Houston,-8.420737778438355,0
2021,Syracuse,San Diego St,-0.9730905262148042,1
2021,Syracuse,West Virginia,-2.1431684097097055,1
2021,Tennessee,Oregon St,10.487713477474626,0
2021,Texas,Abilene Chr,10.128733326423168,0
2021,Texas Tech,Arkansas,-1.5127799035841392,0
2021,Texas Tech,Utah St,5.233220340119065,1
2021,TX Southern,Michigan,-30.834320248689124,0
2021,TX Southern,Mt St Mary's,-4.0679034796671365,1
2021,UCLA,Abilene Chr,6.31818479938303,1
2021,UCLA,Alabama,-7.73023682196539,1
2021,UCLA,BYU,-2.174974510455451,1
2021,UCLA,Gonzaga,-14.013398653840325,0
2021,UCLA,Michigan,-10.938813239556309,1
2021,UCLA,Michigan St,1.414193542730949,1
2021,UNC Greensboro,Florida St,-14.099594012459605,0
2021,USC,Drake,7.726475891377623,1
2021,USC,Gonzaga,-9.155669502300015,0
2021,USC,Kansas,0.6873762724117327,1
2021,USC,Oregon,3.6495411048574695,1
2021,Utah St,Texas Tech,-5.233220340119065,0
2021,Villanova,Baylor,-5.26596984838789,0
2021,Villanova,North Texas,10.655472983175782,1
2021,Villanova,Winthrop,12.979377045466673,1
2021,Virginia,Ohio,10.741752575243279,0
2021,Virginia Tech,Florida,-1.24231236802202,0
2021,West Virginia,Morehead St,16.31212620442255,1
2021,West Virginia,Syracuse,2.1431684097097055,0
2021,Wichita St,Drake,-0.13090751280942037,0
2021,Winthrop,Villanova,-12.979377045466673,0
2021,Wisconsin,Baylor,-5.502600647402023,0
2021,Wisconsin,North Carolina,1.5407586485983131,1
2022,Akron,UCLA,-19.50525124335929,0
2022,Alabama,Notre Dame,4.396892824830157,0
2022,Arizona,Houston,1.7215470888057496,0
2022,Arizona,TCU,11.123304833743422,1
2022,Arizona,Wright St,26.19998094140369,1
2022,Arkansas,Duke,-2.6407523724553634,0
2022,Arkansas,Gonzaga,-10.253067609616306,1
2022,Arkansas,New Mexico St,9.72830260865023,1
2022,Arkansas,Vermont,8.728470916217667,1
2022,Auburn,Jacksonville St,20.373855366660123,1
2022,Auburn,Miami FL,10.296738442523134,0
2022,Baylor,Norfolk St,25.26758689351228,1
2022,Baylor,North Carolina,8.764849035168632,0
2022,Boise St,Memphis,-1.689221084507297,0
2022,Bryant,Wright St,-2.196622454433314,0
2022,Chattanooga,Illinois,-11.829355047124729,0
2022,Colgate,Wisconsin,-13.02186510134855,0
2022,Colorado St,Michigan,-1.7183289125184391,0
2022,Connecticut,New Mexico St,10.476825137737533,0
2022,Creighton,Kansas,-10.337098501351191,0
2022,Creighton,San Diego St,-2.363955248268189,1
2022,CS Fullerton,Duke,-18.774839792479547,0
2022,Davidson,Michigan St,-3.2712735022918,0
2022,Delaware,Villanova,-19.38879205558187,0
2022,Duke,Arkansas,2.6407523724553634,1
2022,Duke,CS Fullerton,18.774839792479547,1
2022,Duke,Michigan St,5.393154029014383,1
2022,Duke,North Carolina,6.037558240167725,0
2022,Duke,Texas Tech,-0.7706820110256878,1
2022,Georgia St,Gonzaga,-27.892227987695257,0
2022,Gonzaga,Arkansas,10.253067609616306,0
2022,Gonzaga,Georgia St,27.892227987695257,1
2022,Gonzaga,Memphis,12.377295083791322,1
2022,Houston,Arizona,-1.7215470888057496,1
2022,Houston,Illinois,4.513184094770679,1
2022,Houston,UAB,11.144675359706532,1
2022,Houston,Villanova,2.760464316208161,0
2022,Illinois,Chattanooga,11.829355047124729,1
2022,Illinois,Houston,-4.513184094770679,0
2022,Indiana,St Mary's CA,-1.0551567127607928,0
2022,Indiana,Wyoming,3.6845223986597464,1
2022,Iowa,Richmond,12.442563073245097,0
2022,Iowa St,LSU,-5.679452021897671,1
2022,Iowa St,Miami FL,2.2896603973833773,0
2022,Iowa St,Wisconsin,-1.4652495345217744,1
2022,Jacksonville St,Auburn,-20.373855366660123,0
2022,Kansas,Creighton,10.337098501351191,1
2022,Kansas,Miami FL,11.709847668731511,1
2022,Kansas,North Carolina,8.696730173302202,1
2022,Kansas,Providence,9.487892304357535,1
2022,Kansas,TX Southern,25.0471084788895,1
2022,Kansas,Villanova,2.299699203984286,1
2022,Kentucky,St Peter's,21.008546599528472,0
2022,Longwood,Tennessee,-20.725103678317726,0
2022,Loyola-Chicago,Ohio St,-0.12259957115825948,0
2022,LSU,Iowa St,5.679452021897671,0
2022,Marquette,North Carolina,-0.5382387610672215,0
2022,Memphis,Boise St,1.689221084507297,1
2022,Memphis,Gonzaga,-12.377295083791322,0
2022,Miami FL,Auburn,-10.296738442523134,1
2022,Miami FL,Iowa St,-2.2896603973833773,1
2022,Miami FL,Kansas,-11.709847668731511,0
2022,Miami FL,USC,-3.002799195339522,1
2022,Michigan,Colorado St,1.7183289125184391,1
2022,Michigan,Tennessee,-6.76058846190206,1
2022,Michigan,Villanova,-5.433640514720686,0
2022,Michigan St,Davidson,3.2712735022918,1
2022,Michigan St,Duke,-5.393154029014383,0
2022,Montana St,Texas Tech,-19.392268373979874,0
2022,Murray St,San Francisco,-4.388902404040529,1
2022,Murray St,St Peter's,9.618899742724722,0
2022,New Mexico St,Arkansas,-9.72830260865023,0
2022,New Mexico St,Connecticut,-10.476825137737533,1
2022,Norfolk St,Baylor,-25.26758689351228,0
2022,North Carolina,Baylor,-8.764849035168632,1
2022,North Carolina,Duke,-6.037558240167725,1
2022,North Carolina,Kansas,-8.696730173302202,0
2022,North Carolina,Marquette,0.5382387610672215,1
2022,North Carolina,St Peter's,12.282527981082065,1
2022,North Carolina,UCLA,-7.221697492223617,1
2022,Notre Dame,Alabama,-4.396892824830157,1
2022,Notre Dame,Rutgers,1.9214845909954938,1
2022,Notre Dame,Texas Tech,-8.814623215888643,0
2022,Ohio St,Loyola-Chicago,0.12259957115825948,1
2022,Ohio St,Villanova,-5.150731700117374,0
2022,Providence,Kansas,-9.487892304357535,0
2022,Providence,Richmond,4.949548104178878,1
2022,Providence,S Dakota St,5.085723239292042,1
2022,Purdue,St Peter's,18.92820833658086,0
2022,Purdue,Texas,2.572875991439332,1
2022,Purdue,Yale,19.653941106377136,1
2022,Richmond,Iowa,-12.442563073245097,1
2022,Richmond,Providence,-4.949548104178878,0
2022,Rutgers,Notre Dame,-1.9214845909954938,0
2022,S Dakota St,Providence,-5.085723239292042,0
2022,San Diego St,Creighton,2.363955248268189,0
2022,San Francisco,Murray St,4.388902404040529,0
2022,Seton Hall,TCU,1.062604946041093,0
2022,St Mary's CA,Indiana,1.0551567127607928,1
2022,St Mary's CA,UCLA,-5.509988407995765,0
2022,St Peter's,Kentucky,-21.008546599528472,1
2022,St Peter's,Murray St,-9.618899742724722,1
2022,St Peter's,North Carolina,-12.282527981082065,0
2022,St Peter's,Purdue,-18.92820833658086,1
2022,TAM C. Christi,TX Southern,-3.0953182242963,0
2022,TCU,Arizona,-11.123304833743422,0
2022,TCU,Seton Hall,-1.062604946041093,1
2022,Tennessee,Longwood,20.725103678317726,1
2022,Tennessee,Michigan,6.76058846190206,0
2022,Texas,Purdue,-2.572875991439332,0
2022,Texas,Virginia Tech,3.0260844411865193,1
2022,Texas Tech,Duke,0.7706820110256878,0
2022,Texas Tech,Montana St,19.392268373979874,1
2022,Texas Tech,Notre Dame,8.814623215888643,1
2022,TX Southern,Kansas,-25.0471084788895,0
2022,TX Southern,TAM C. Christi,3.0953182242963,1
2022,UAB,Houston,-11.144675359706532,0
2022,UCLA,Akron,19.50525124335929,1
2022,UCLA,North Carolina,7.221697492223617,0
2022,UCLA,St Mary's CA,5.509988407995765,1
2022,USC,Miami FL,3.002799195339522,0
2022,Vermont,Arkansas,-8.728470916217667,0
2022,Villanova,Delaware,19.38879205558187,1
2022,Villanova,Houston,-2.760464316208161,1
2022,Villanova,Kansas,-2.299699203984286,0
2022,Villanova,Michigan,5.433640514720686,1
2022,Villanova,Ohio St,5.150731700117374,1
2022,Virginia Tech,Texas,-3.0260844411865193,0
2022,Wisconsin,Colgate,13.02186510134855,1
2022,Wisconsin,Iowa St,1.4652495345217744,0
2022,Wright St,Arizona,-26.19998094140369,0
2022,Wright St,Bryant,2.196622454433314,1
2022,Wyoming,Indiana,-3.6845223986597464,0
2022,Yale,Purdue,-19.653941106377136,0
2023,Alabama,Maryland,8.733405035433924,1
2023,Alabama,San Diego St,7.863830091308422,0
2023,Alabama,TAM C. Christi,26.159757270222013,1
2023,Arizona,Princeton,16.855816776715574,0
2023,Arizona St,Nevada,-0.3366456891903251,1
2023,Arizona St,TCU,-5.244520870759784,0
2023,Arkansas,Connecticut,-4.246964832324146,0
2023,Arkansas,Illinois,1.2854270826568683,1
2023,Arkansas,Kansas,-3.171567347921883,1
2023,Auburn,Houston,-8.355720214757595,0
2023,Auburn,Iowa,0.3476321698093514,1
2023,Baylor,Creighton,0.38939136998514456,0
2023,Baylor,UC Santa Barbara,14.185461881371317,1
2023,Boise St,Northwestern,0.010306248532167217,0
2023,Col Charleston,San Diego St,-7.508468831928038,0
2023,Colgate,Texas,-19.089320984301864,0
2023,Connecticut,Arkansas,4.246964832324146,1
2023,Connecticut,Gonzaga,0.7352088816102302,1
2023,Connecticut,Iona,12.931186647759622,1
2023,Connecticut,Miami FL,8.444241695104617,1
2023,Connecticut,San Diego St,4.913664503105931,1
2023,Connecticut,St Mary's CA,2.7950576490882533,1
2023,Creighton,Baylor,-0.38939136998514456,1
2023,Creighton,NC State,5.052333289044739,1
2023,Creighton,Princeton,14.569235976195987,1
2023,Creighton,San Diego St,1.7143263740611907,0
2023,Drake,Miami FL,-4.106542709861021,0
2023,Duke,Oral Roberts,6.02272127245347,1
2023,Duke,Tennessee,-6.31460030747313,0
2023,F Dickinson,FL Atlantic,-24.873339088517312,0
2023,F Dickinson,Purdue,-30.81337360613916,1
2023,F Dickinson,TX Southern,-1.9345039381375582,1
2023,FL Atlantic,F Dickinson,24.873339088517312,1
2023,FL Atlantic,Kansas St,-2.8308823549420907,1
2023,FL Atlantic,Memphis,-1.4957755773749941,1
2023,FL Atlantic,San Diego St,-2.490658164517832,0
2023,FL Atlantic,Tennessee,-8.446296248626972,1
2023,Furman,San Diego St,-10.855933017999043,0
2023,Furman,Virginia,-8.556312732814373,1
2023,Gonzaga,Connecticut,-0.7352088816102302,0
2023,Gonzaga,Grand Canyon,15.522721387159665,1
2023,Gonzaga,TCU,3.8967828861425957,1
2023,Gonzaga,UCLA,-2.4209403905953017,1
2023,Grand Canyon,Gonzaga,-15.522721387159665,0
2023,Houston,Auburn,8.355720214757595,1
2023,Houston,Miami FL,10.871461402902474,0
2023,Houston,N Kentucky,24.298268735175753,1
2023,Howard,Kansas,-24.558738057138132,0
2023,Illinois,Arkansas,-1.2854270826568683,0
2023,Indiana,Kent,7.6189710986083305,1
2023,Indiana,Miami FL,3.1916803641046236,0
2023,Iona,Connecticut,-12.931186647759622,0
2023,Iowa,Auburn,-0.3476321698093514,0
2023,Iowa St,Pittsburgh,6.573317477145768,0
2023,Kansas,Arkansas,3.171567347921883,0
2023,Kansas,Howard,24.558738057138132,1
2023,Kansas St,FL Atlantic,2.8308823549420907,0
2023,Kansas St,Kentucky,1.0726693301306547,1
2023,Kansas St,Michigan St,2.250410967301617,1
2023,Kansas St,Montana St,13.936784232219598,1
2023,Kennesaw,Xavier,-16.070914346860985,0
2023,Kent,Indiana,-7.6189710986083305,0
2023,Kentucky,Kansas St,-1.0726693301306547,0
2023,Kentucky,Providence,2.3588825545893766,1
2023,Marquette,Michigan St,3.220493371730777,0
2023,Marquette,Vermont,15.554071229692816,1
2023,Maryland,Alabama,-8.733405035433924,0
2023,Maryland,West Virginia,-1.437490638431834,1
2023,Memphis,FL Atlantic,1.4957755773749941,0
2023,Miami FL,Connecticut,-8.444241695104617,0
2023,Miami FL,Drake,4.106542709861021,1
2023,Miami FL,Houston,-10.871461402902474,1
2023,Miami FL,Indiana,-3.1916803641046236,1
2023,Miami FL,Texas,-8.871129561243462,1
2023,Michigan St,Kansas St,-2.250410967301617,0
2023,Michigan St,Marquette,-3.220493371730777,1
2023,Michigan St,USC,0.3249180945813741,1
2023,Mississippi St,Pittsburgh,2.1129048633314973,0
2023,Missouri,Princeton,9.088009774217525,0
2023,Missouri,Utah St,-3.0496619198424852,1
2023,Montana St,Kansas St,-13.936784232219598,0
2023,N Kentucky,Houston,-24.298268735175753,0
2023,NC State,Creighton,-5.052333289044739,0
2023,Nevada,Arizona St,0.3366456891903251,0
2023,Northwestern,Boise St,-0.010306248532167217,1
2023,Northwestern,UCLA,-8.968357309633486,0
2023,Oral Roberts,Duke,-6.02272127245347,0
2023,Penn St,Texas,-8.5126388038461,0
2023,Penn St,Texas A&M,-2.029897343122334,1
2023,Pittsburgh,Iowa St,-6.573317477145768,1
2023,Pittsburgh,Mississippi St,-2.1129048633314973,1
2023,Pittsburgh,Xavier,-6.467116588490331,0
2023,Princeton,Arizona,-16.855816776715574,1
2023,Princeton,Creighton,-14.569235976195987,0
2023,Princeton,Missouri,-9.088009774217525,1
2023,Providence,Kentucky,-2.3588825545893766,0
2023,Purdue,F Dickinson,30.81337360613916,0
2023,San Diego St,Alabama,-7.863830091308422,1
2023,San Diego St,Col Charleston,7.508468831928038,1
2023,San Diego St,Connecticut,-4.913664503105931,0
2023,San Diego St,Creighton,-1.7143263740611907,1
2023,San Diego St,FL Atlantic,2.490658164517832,1
2023,San Diego St,Furman,10.855933017999043,1
2023,UC Santa Barbara,Baylor,-14.185461881371317,0
2023,SE Missouri St,TAM C. Christi,-4.861532551059378,0
2023,St Mary's CA,Connecticut,-2.7950576490882533,0
2023,St Mary's CA,VCU,7.926367684992744,1
2023,TAM C. Christi,Alabama,-26.159757270222013,0
2023,TAM C. Christi,SE Missouri St,4.861532551059378,1
2023,TCU,Arizona St,5.244520870759784,1
2023,TCU,Gonzaga,-3.8967828861425957,0
2023,Tennessee,Duke,6.31460030747313,1
2023,Tennessee,FL Atlantic,8.446296248626972,0
2023,Tennessee,Louisiana,17.804151674012772,1
2023,Texas,Colgate,19.089320984301864,1
2023,Texas,Miami FL,8.871129561243462,0
2023,Texas,Penn St,8.5126388038461,1
2023,Texas,Xavier,4.89198306449768,1
2023,Texas A&M,Penn St,2.029897343122334,0
2023,TX Southern,F Dickinson,1.9345039381375582,0
2023,UCLA,Gonzaga,2.4209403905953017,0
2023,UCLA,Northwestern,8.968357309633486,1
2023,UCLA,UNC Asheville,24.018126978686436,1
2023,Louisiana,Tennessee,-17.804151674012772,0
2023,UNC Asheville,UCLA,-24.018126978686436,0
2023,USC,Michigan St,-0.3249180945813741,0
2023,Utah St,Missouri,3.0496619198424852,0
2023,VCU,St Mary's CA,-7.926367684992744,0
2023,Vermont,Marquette,-15.554071229692816,0
2023,Virginia,Furman,8.556312732814373,0
2023,West Virginia,Maryland,1.437490638431834,0
2023,Xavier,Kennesaw,16.070914346860985,1
2023,Xavier,Pittsburgh,6.467116588490331,1
2023,Xavier,Texas,-4.89198306449768,0
2024,Akron,Creighton,-17.002652835954027,0
2024,Alabama,Clemson,6.183406396329525,1
2024,Alabama,Col Charleston,16.896883536636246,1
2024,Alabama,Connecticut,-3.6112588579818556,0
2024,Alabama,Grand Canyon,11.078793074545832,1
2024,Alabama,North Carolina,0.10997898780917481,1
2024,Arizona,Clemson,10.42243616259543,0
2024,Arizona,Dayton,11.781678072408496,1
2024,Arizona,Long Beach St,26.319505072080453,1
2024,Auburn,Yale,18.476584074002588,0
2024,Baylor,Clemson,5.2993222338612735,0
2024,Baylor,Colgate,20.14506218278317,1
2024,Boise St,Colorado,-2.1864135744214455,0
2024,BYU,Duquesne,12.822127212548349,0
2024,Clemson,Alabama,-6.183406396329525,0
2024,Clemson,Arizona,-10.42243616259543,1
2024,Clemson,Baylor,-5.2993222338612735,1
2024,Clemson,New Mexico,-1.0944784132111263,1
2024,Col Charleston,Alabama,-16.896883536636246,0
2024,Colgate,Baylor,-20.14506218278317,0
2024,Colorado,Boise St,2.1864135744214455,1
2024,Colorado,Florida,0.5380961183042601,1
2024,Colorado,Marquette,-3.5540375781225535,0
2024,Colorado St,Texas,-2.5782868803376466,0
2024,Colorado St,Virginia,2.48994579375635,1
2024,Connecticut,Alabama,3.6112588579818556,1
2024,Connecticut,Illinois,4.846472185443808,1
2024,Connecticut,Northwestern,11.968335944788645,1
2024,Connecticut,Purdue,-0.05784427695114047,1
2024,Connecticut,San Diego St,9.404345980511232,1
2024,Connecticut,Stetson,29.213491512387577,1
2024,Creighton,Akron,17.002652835954027,1
2024,Creighton,Oregon,7.770507348464752,1
2024,Creighton,Tennessee,-1.7631016927165746,0
2024,Dayton,Arizona,-11.781678072408496,0
2024,Dayton,Nevada,0.18998654320626507,1
2024,Drake,Washington St,-3.0827987079548684,0
2024,Duke,Houston,-6.1144976112715845,1
2024,Duke,James Madison,11.562627011394486,1
2024,Duke,NC State,8.669892382494117,0
2024,Duke,Vermont,17.30731631653077,1
2024,Duquesne,BYU,-12.822127212548349,1
2024,Duquesne,Illinois,-12.329689071108035,0
2024,FL Atlantic,Northwestern,1.1471711238423232,0
2024,Florida,Colorado,-0.5380961183042601,0
2024,Gonzaga,Kansas,-0.31336983689197595,1
2024,Gonzaga,McNeese St,10.150773444370241,1
2024,Gonzaga,Purdue,-7.4628572429820785,0
2024,Grambling,Montana St,-5.594803991850875,1
2024,Grambling,Purdue,-34.93837089594838,0
2024,Grand Canyon,Alabama,-11.078793074545832,0
2024,Grand Canyon,St Mary's CA,-6.932300659668432,1
2024,Houston,Duke,6.1144976112715845,0
2024,Houston,Longwood,27.83307943569104,1
2024,Houston,Texas A&M,13.318240722280677,1
2024,Howard,Wagner,2.3193234854764437,0
2024,Illinois,Connecticut,-4.846472185443808,0
2024,Illinois,Duquesne,12.329689071108035,1
2024,Illinois,Iowa St,-3.14683164404752,1
2024,Illinois,Morehead St,19.170240608547218,1
2024,Iowa St,Illinois,3.14683164404752,0
2024,Iowa St,S Dakota St,22.300466726214147,1
2024,Iowa St,Washington St,8.731302201144574,1
2024,James Madison,Duke,-11.562627011394486,0
2024,James Madison,Wisconsin,-8.125232903327237,1
2024,Kansas,Gonzaga,0.31336983689197595,0
2024,Kansas,Samford,11.363428181748318,1
2024,Kentucky,Oakland,16.003726470799634,0
2024,Long Beach St,Arizona,-26.319505072080453,0
2024,Longwood,Houston,-27.83307943569104,0
2024,Marquette,Colorado,3.5540375781225535,1
2024,Marquette,NC State,8.002529601290584,0
2024,Marquette,WKU,18.13427934256411,1
2024,McNeese St,Gonzaga,-10.150773444370241,0
2024,Michigan St,Mississippi St,2.9618079709644167,1
2024,Michigan St,North Carolina,-3.100962128260104,0
2024,Mississippi St,Michigan St,-2.9618079709644167,0
2024,Montana St,Grambling,5.594803991850875,0
2024,Morehead St,Illinois,-19.170240608547218,0
2024,NC State,Duke,-8.669892382494117,1
2024,NC State,Marquette,-8.002529601290584,1
2024,NC State,Oakland,9.960073936107067,1
2024,NC State,Purdue,-13.203106906022166,0
2024,NC State,Texas Tech,-4.410240149145531,1
2024,Nebraska,Texas A&M,2.0884490771818545,0
2024,Nevada,Dayton,-0.18998654320626507,0
2024,New Mexico,Clemson,1.0944784132111263,0
2024,North Carolina,Alabama,-0.10997898780917481,0
2024,North Carolina,Michigan St,3.100962128260104,1
2024,North Carolina,Wagner,31.790756901384192,1
2024,Northwestern,Connecticut,-11.968335944788645,0
2024,Northwestern,FL Atlantic,-1.1471711238423232,1
2024,Oakland,Kentucky,-16.003726470799634,1
2024,Oakland,NC State,-9.960073936107067,0
2024,Oregon,Creighton,-7.770507348464752,0
2024,Oregon,South Carolina,0.7008680440765147,1
2024,Purdue,Connecticut,0.05784427695114047,0
2024,Purdue,Gonzaga,7.4628572429820785,1
2024,Purdue,Grambling,34.93837089594838,1
2024,Purdue,NC State,13.203106906022166,1
2024,Purdue,Tennessee,2.9861302442942197,1
2024,Purdue,Utah St,12.60735070076048,1
2024,S Dakota St,Iowa St,-22.300466726214147,0
2024,Samford,Kansas,-11.363428181748318,0
2024,San Diego St,Connecticut,-9.404345980511232,0
2024,San Diego St,UAB,10.105128592371734,1
2024,San Diego St,Yale,10.461412421496014,1
2024,South Carolina,Oregon,-0.7008680440765147,0
2024,St Mary's CA,Grand Canyon,6.932300659668432,0
2024,St Peter's,Tennessee,-25.85434471793249,0
2024,Stetson,Connecticut,-29.213491512387577,0
2024,TCU,Utah St,3.4984255741936945,0
2024,Tennessee,Creighton,1.7631016927165746,1
2024,Tennessee,Purdue,-2.9861302442942197,0
2024,Tennessee,St Peter's,25.85434471793249,1
2024,Tennessee,Texas,5.737057529763764,1
2024,Texas,Colorado St,2.5782868803376466,1
2024,Texas,Tennessee,-5.737057529763764,0
2024,Texas A&M,Houston,-13.318240722280677,0
2024,Texas A&M,Nebraska,-2.0884490771818545,1
2024,Texas Tech,NC State,4.410240149145531,0
2024,UAB,San Diego St,-10.105128592371734,0
2024,Utah St,Purdue,-12.60735070076048,0
2024,Utah St,TCU,-3.4984255741936945,1
2024,Vermont,Duke,-17.30731631653077,0
2024,Virginia,Colorado St,-2.48994579375635,0
2024,WKU,Marquette,-18.13427934256411,0
2024,Wagner,Howard,-2.3193234854764437,1
2024,Wagner,North Carolina,-31.790756901384192,0
2024,Washington St,Drake,3.0827987079548684,1
2024,Washington St,Iowa St,-8.731302201144574,0
2024,Wisconsin,James Madison,8.125232903327237,0
2024,Yale,Auburn,-18.476584074002588,1
2024,Yale,San Diego St,-10.461412421496014,0
2025,Akron,Arizona,-19.575572356579176,0
2025,Alabama,BYU,6.157277938576986,1
2025,Alabama,Duke,-4.348427669823739,0
2025,Alabama,Robert Morris,26.011111362411476,1
2025,Alabama,St Mary's CA,8.222565772229906,1
2025,Alabama St,Auburn,-38.80034436073518,0
2025,Alabama St,St Francis PA,3.3057604075563063,1
2025,American Univ,Mt St Mary's,0.7841221481719085,0
2025,Arizona,Akron,19.575572356579176,1
2025,Arizona,Duke,-7.190518112431622,0
2025,Arizona,Oregon,5.6303374762316665,1
2025,Arkansas,Kansas,-4.066608136232858,1
2025,Arkansas,St John's,-5.115634240172852,1
2025,Arkansas,Texas Tech,-7.261433872085078,0
2025,Auburn,Alabama St,38.80034436073518,1
2025,Auburn,Creighton,13.221208340336648,1
2025,Auburn,Florida,1.5883058855593966,0
2025,Auburn,Michigan,9.413144334764414,1
2025,Auburn,Michigan St,7.1067025493809375,1
2025,Baylor,Duke,-10.893535049280018,0
2025,Baylor,Mississippi St,1.888347741586319,1
2025,Bryant,Michigan St,-24.200876004383368,0
2025,BYU,Alabama,-6.157277938576986,0
2025,BYU,VCU,4.6330249061511175,1
2025,BYU,Wisconsin,-1.1368630971362883,1
2025,Clemson,McNeese St,9.625575671324658,0
2025,Colorado St,Maryland,-9.62684399008484,0
2025,Colorado St,Memphis,1.2954418740818685,1
2025,Connecticut,Florida,-10.149420595704328,0
2025,Connecticut,Oklahoma,2.4129543311175237,1
2025,Creighton,Auburn,-13.221208340336648,0
2025,Creighton,Louisville,-2.936053669128583,1
2025,Drake,Missouri,-11.364172361406503,1
2025,Drake,Texas Tech,-14.873033941284877,0
2025,Duke,Alabama,4.348427669823739,1
2025,Duke,Arizona,7.190518112431622,1
2025,Duke,Baylor,10.893535049280018,1
2025,Duke,Houston,1.8698013488163383,0
2025,Duke,Mt St Mary's,38.10205546019004,1
2025,SIUE,Houston,-34.28584383110187,0
2025,Florida,Auburn,-1.5883058855593966,1
2025,Florida,Connecticut,10.149420595704328,1
2025,Florida,Houston,-0.45625945836718174,1
2025,Florida,Maryland,4.454119594549571,1
2025,Florida,Norfolk St,31.613400545386362,1
2025,Florida,Texas Tech,4.083202945892477,1
2025,Georgia,Gonzaga,-6.3895715057849465,0
2025,Gonzaga,Georgia,6.3895715057849465,1
2025,Gonzaga,Houston,-4.819635733525914,0
2025,Grand Canyon,Maryland,-17.721531547813896,0
2025,High Point,Purdue,-15.290836145631019,0
2025,Houston,Duke,-1.8698013488163383,1
2025,Houston,SIUE,34.28584383110187,1
2025,Houston,Florida,0.45625945836718174,0
2025,Houston,Gonzaga,4.819635733525914,1
2025,Houston,Purdue,7.757938627217136,1
2025,Houston,Tennessee,3.5818282492883107,1
2025,Illinois,Kentucky,0.09411480877980694,0
2025,Illinois,Xavier,6.138230735766937,1
2025,Iowa St,Lipscomb,17.979244806752842,1
2025,Iowa St,Mississippi,5.113625696575575,0
2025,Kansas,Arkansas,4.066608136232858,0
2025,Kentucky,Illinois,-0.09411480877980694,1
2025,Kentucky,Tennessee,-3.251245345751265,0
2025,Kentucky,Troy,17.998697539227063,1
2025,Liberty,Oregon,-9.2631488512273,0
2025,Lipscomb,Iowa St,-17.979244806752842,0
2025,Louisville,Creighton,2.936053669128583,0
2025,Marquette,New Mexico,3.7320899069746822,0
2025,Maryland,Colorado St,9.62684399008484,1
2025,Maryland,Florida,-4.454119594549571,0
2025,Maryland,Grand Canyon,17.721531547813896,1
2025,McNeese St,Clemson,-9.625575671324658,1
2025,McNeese St,Purdue,-11.803103097824568,0
2025,Memphis,Colorado St,-1.2954418740818685,0
2025,Michigan,Auburn,-9.413144334764414,0
2025,Michigan,Texas A&M,0.12047328734319862,1
2025,Michigan,UC San Diego,7.1344720533318675,1
2025,Michigan St,Auburn,-7.1067025493809375,0
2025,Michigan St,Bryant,24.200876004383368,1
2025,Michigan St,Mississippi,4.5421411993105245,1
2025,Michigan St,New Mexico,7.318269894217625,1
2025,Mississippi,Iowa St,-5.113625696575575,1
2025,Mississippi,Michigan St,-4.5421411993105245,0
2025,Mississippi,North Carolina,0.7615467093895951,1
2025,Mississippi St,Baylor,-1.888347741586319,0
2025,Missouri,Drake,11.364172361406503,0
2025,Montana,Wisconsin,-22.081256469524963,0
2025,Mt St Mary's,American Univ,-0.7841221481719085,1
2025,Mt St Mary's,Duke,-38.10205546019004,0
2025,NE Omaha,St John's,-22.83127623888329,0
2025,New Mexico,Marquette,-3.7320899069746822,1
2025,New Mexico,Michigan St,-7.318269894217625,0
2025,Norfolk St,Florida,-31.613400545386362,0
2025,North Carolina,Mississippi,-0.7615467093895951,0
2025,North Carolina,San Diego St,3.3930349830987723,1
2025,Oklahoma,Connecticut,-2.4129543311175237,0
2025,Oregon,Arizona,-5.6303374762316665,0
2025,Oregon,Liberty,9.2631488512273,1
2025,Purdue,High Point,15.290836145631019,1
2025,Purdue,Houston,-7.757938627217136,0
2025,Purdue,McNeese St,11.803103097824568,1
2025,Robert Morris,Alabama,-26.011111362411476,0
2025,San Diego St,North Carolina,-3.3930349830987723,0
2025,St Francis PA,Alabama St,-3.3057604075563063,0
2025,St John's,Arkansas,5.115634240172852,0
2025,St John's,NE Omaha,22.83127623888329,1
2025,St Mary's CA,Alabama,-8.222565772229906,0
2025,St Mary's CA,Vanderbilt,2.7188892333458714,1
2025,Tennessee,Houston,-3.5818282492883107,0
2025,Tennessee,Kentucky,3.251245345751265,1
2025,Tennessee,UCLA,5.634638293998375,1
2025,Tennessee,Wofford,25.138457927776866,1
2025,Texas,Xavier,0.6203992349956469,0
2025,Texas A&M,Michigan,-0.12047328734319862,0
2025,Texas A&M,Yale,13.256828986966472,1
2025,Texas Tech,Arkansas,7.261433872085078,1
2025,Texas Tech,Drake,14.873033941284877,1
2025,Texas Tech,Florida,-4.083202945892477,0
2025,Texas Tech,UNC Wilmington,21.591254098521457,1
2025,Troy,Kentucky,-17.998697539227063,0
2025,UCLA,Tennessee,-5.634638293998375,0
2025,UCLA,Utah St,4.76035318794162,1
2025,UNC Wilmington,Texas Tech,-21.591254098521457,0
2025,Utah St,UCLA,-4.76035318794162,0
2025,VCU,BYU,-4.6330249061511175,0
2025,Vanderbilt,St Mary's CA,-2.7188892333458714,0
2025,Wisconsin,BYU,1.1368630971362883,0
2025,Wisconsin,Montana,22.081256469524963,1
2025,Wofford,Tennessee,-25.138457927776866,0
2025,Xavier,Illinois,-6.138230735766937,0
2025,Xavier,Texas,-0.6203992349956469,1
2025,Yale,Texas A&M,-13.256828986966472,0
2025,UC San Diego,Michigan,-7.1344720533318675,0
