UnitID,Institution Name,Sector of institution (HD2024),State abbreviation (HD2024),Carnegie Classification 2021: Basic (HD2024),Average salary for instructional staff equated to a 9-month contract-total (SAL2024_IS  Professor),Average salary for instructional staff equated to a 9-month contract-total (SAL2024_IS  Assistant professor),Total  enrollment (DRVEF2024),
177834,A T Still University of Health Sciences,2,MO,25,122621,92847,3466,
180203,Aaniiih Nakoda College,1,MT,33,,,120,
222178,Abilene Christian University,2,TX,17,103820,75882,5219,
497037,Abilene Christian University-Undergraduate Online,2,TX,-2,,,1224,
138558,Abraham Baldwin Agricultural College,1,GA,23,76050,65819,3825,
451079,Academy for Five Element Acupuncture,2,FL,26,,,39,
497718,Academy for Jewish Religion,2,NY,-2,,,82,
457271,Academy for Jewish Religion California,2,CA,24,,,58,
108269,Academy of Chinese Culture and Health Sciences,2,CA,26,,,114,
210508,Academy of Vocal Arts,2,PA,-2,,,,
384306,Acupuncture and Integrative Medicine College-Berkeley,2,CA,26,52500,,115,
126182,Adams State University,1,CO,18,89245,54617,2901,
188429,Adelphi University,2,NY,17,150525,96296,7603,
374024,Adler Graduate School,2,MN,26,,61250,275,
142832,Adler University,2,IL,26,95816,60005,1631,
168528,Adrian College,2,MI,22,67281,49548,1765,
133872,AdventHealth University,2,FL,26,94211,75236,1861,
496399,Agape College of Business and Science,2,CA,-2,,,43,
138600,Agnes Scott College,2,GA,21,105740,73889,1079,
498915,Agora University,2,VA,-2,,,,
126207,Aims Community College,1,CO,3,80570,60700,8542,
200697,Air Force Institute of Technology-Graduate School of Engineering & Management,1,OH,16,,,1070,
100654,Alabama A & M University,1,AL,18,106841,74640,7295,
483975,Alabama College of Osteopathic Medicine,2,AL,25,,,778,
100724,Alabama State University,1,AL,17,89445,67619,4081,
102580,Alaska Bible College,2,AK,24,65826,,38,
102669,Alaska Pacific University,2,AK,22,81404,61510,593,
188526,Albany College of Pharmacy and Health Sciences,2,NY,26,116941,82799,908,
188535,Albany Law School,2,NY,31,115195,78856,670,
188580,Albany Medical College,2,NY,25,,,814,
138716,Albany State University,1,GA,19,81297,62001,6768,
385415,Albert Einstein College of Medicine,2,NY,27,,,1424,
128498,Albertus Magnus College,2,CT,19,78500,71097,1239,
168546,Albion College,2,MI,21,81859,55876,1308,
132842,Albizu University-Miami,2,FL,17,75109,56369,818,
241331,Albizu University-San Juan,2,PR,26,48779,31904,2504,
210571,Albright College,2,PA,21,71002,54390,1380,
175342,Alcorn State University,1,MS,20,86003,60607,2995,
495192,Alder Graduate School of Education,2,CA,-2,,,558,
188641,Alfred University,2,NY,18,77740,60237,2007,
156189,Alice Lloyd College,2,KY,22,60497,41998,589,
210669,Allegheny College,2,PA,21,91732,71140,1171,
200873,Allegheny Wesleyan College,2,OH,24,25063,19697,60,
152798,Allen College,2,IA,26,85873,66337,483,
217624,Allen University,2,SC,21,,49279,610,
168591,Alma College,2,MI,22,87353,65298,1197,
168607,Alpena Community College,1,MI,14,,,1581,
210775,Alvernia University,2,PA,17,85529,72221,2796,
238193,Alverno College,2,WI,18,57560,55102,1317,
222567,Alvin Community College,1,TX,9,,,5872,
222628,Amberton University,2,TX,18,64275,57375,892,
490081,America Evangelical University,2,CA,24,18000,,307,
219505,American Baptist College,2,TN,22,,,46,
210809,American College of Financial Services,2,PA,29,198750,83846,5514,
485698,American College of the Building Arts,2,SC,32,79615,,155,
108870,American Film Institute Conservatory,2,CA,30,108316,,379,
164447,American International College,2,MA,17,72891,71353,2037,
142957,American Islamic College,2,IL,-2,,79815,29,
116846,American Jewish University,2,CA,21,125813,,424,
188854,American Musical and Dramatic Academy,2,NY,30,,,1452,
240736,American Samoa Community College,1,AS,14,,,843,
131159,American University,2,DC,16,181960,114461,12321,
241100,American University of Puerto Rico,2,PR,22,,,,
164465,Amherst College,2,MA,21,185533,101941,1914,
100690,Amridge University,2,AL,20,57436,50340,639,
483595,Ana G. Mendez University,2,FL,32,52969,52081,8378,
151865,Anabaptist Mennonite Biblical Seminary,2,IN,24,69989,58159,145,
150066,Anderson University,2,IN,20,67454,57444,1228,
217633,Anderson University,2,SC,18,84860,69241,4710,
138761,Andrew College,2,GA,14,48750,47547,496,
168740,Andrews University,2,MI,17,70703,54800,2940,
222831,Angelo State University,1,TX,18,92006,67119,11542,
164492,Anna Maria College,2,MA,19,66290,62865,1202,
109350,Antelope Valley Community College District,1,CA,14,,,13532,
483018,Antioch College,2,OH,21,,52574,121,
245892,Antioch University,2,OH,-2,,,486,
245838,Antioch University-Los Angeles,2,CA,18,,,910,
245865,Antioch University-New England,2,NH,18,,,992,
245847,Antioch University-Santa Barbara,2,CA,20,,,263,
245883,Antioch University-Seattle,2,WA,19,,,771,
237136,Appalachian Bible College,2,WV,24,33451,27395,223,
449922,Appalachian College of Pharmacy,2,VA,26,112500,83979,113,
432348,Appalachian School of Law,2,VA,31,93750,79760,154,
197869,Appalachian State University,1,NC,18,107423,80906,21570,
168786,Aquinas College,2,MI,21,64411,58595,1157,
176600,Aquinas Institute of Theology,2,MO,24,50562,33270,110,
126289,Arapahoe Community College,1,CO,6,82001,,15012,
211088,Arcadia University,2,PA,18,96772,71845,3404,
105899,Arizona Christian University,2,AZ,22,58650,44768,1421,
104151,Arizona State University Campus Immersion,1,AZ,15,171311,96080,79818,
483124,Arizona State University Digital Immersion,1,AZ,16,157591,93627,72994,
106306,Arkansas Baptist College,2,AR,23,,45245,342,
488527,Arkansas Colleges of Health Education,2,AR,25,,69670,870,
106458,Arkansas State University,1,AR,16,89314,64701,15726,
106467,Arkansas Tech University,1,AR,18,80623,62340,8746,
222877,Arlington Baptist University,2,TX,22,,,302,
201061,Art Academy of Cincinnati,2,OH,30,58790,45928,213,
109651,Art Center College of Design,2,CA,20,94292,64478,2308,
156222,Asbury Theological Seminary,2,KY,24,83014,67436,1689,
156213,Asbury University,2,KY,20,70254,58507,2100,
458113,Ascent College,2,VA,24,,,83,
201104,Ashland University,2,OH,18,75661,63433,4106,
188942,Associated Beth Rivkah Schools,2,NY,13,,,254,
164562,Assumption University,2,MA,19,102544,82483,2037,
440651,Atenas College,2,PR,26,,,622,
201140,Athenaeum of Ohio,2,OH,24,67037,70070,156,
100812,Athens State University,1,AL,22,101739,77437,2986,
138901,Atlanta Metropolitan State College,1,GA,23,76496,63709,1549,
138929,Atlanta's John Marshall Law School,2,GA,31,91500,,379,
439446,Atlantic Institute of Oriental Medicine,2,FL,26,,,89,
241216,Atlantic University,2,PR,20,25736,,1540,
100858,Auburn University,1,AL,15,152595,92930,34145,
100830,Auburn University at Montgomery,1,AL,18,102680,75892,5217,
173045,Augsburg University,2,MN,18,87322,72089,3249,
482149,Augusta University,1,GA,16,119417,79942,10900,
143084,Augustana College,2,IL,21,93004,66669,2570,
219000,Augustana University,2,SD,19,70922,47589,2390,
201177,Aultman College of Nursing and Health Sciences,2,OH,26,,64524,286,
143118,Aurora University,2,IL,17,97511,76382,5923,
222983,Austin College,2,TX,21,93583,70506,1217,
222992,Austin Community College District,1,TX,14,85421,72397,39727,
219602,Austin Peay State University,1,TN,18,97695,70219,10439,
223001,Austin Presbyterian Theological Seminary,2,TX,24,111014,83263,155,
442295,Ave Maria School of Law,2,FL,31,118099,56446,299,
446048,Ave Maria University,2,FL,21,100152,70701,1423,
231420,Averett University,2,VA,19,64368,52722,1476,
176628,Avila University,2,MO,19,74671,58089,2768,
109785,Azusa Pacific University,2,CA,16,104624,84997,6272,
164580,Babson College,2,MA,29,234788,149243,3932,
206817,Bacone College,2,OK,22,,,,
128586,Bais Binyomin Academy,2,NY,-2,,,46,
476601,Bais HaMedrash and Mesivta of Baltimore,2,MD,24,49949,,87,
245777,Bais Medrash Elyon,2,NY,24,,,61,
490513,Bais Medrash Mayan Hatorah,2,NJ,24,,,38,
495031,Bais Medrash of Dexter Park,2,NY,24,,,51,
449658,Bais Medrash Toras Chesed,2,NJ,24,54000,,132,
168847,Baker College,2,MI,19,63792,56419,3955,
154688,Baker University,2,KS,17,64774,53409,2017,
109819,Bakersfield College,1,CA,14,,,30746,
420705,Bakke Graduate University,2,TX,24,,,118,
201195,Baldwin Wallace University,2,OH,18,89111,65348,3305,
150136,Ball State University,1,IN,16,101594,78910,21089,
189015,Bank Street College of Education,2,NY,32,,,719,
219639,Baptist Health Sciences University,2,TN,26,105673,90815,891,
223117,Baptist Missionary Association Theological Seminary,2,TX,24,42454,,75,
132408,Baptist University of Florida,2,FL,22,69675,38723,717,
444398,Baptist University of the Americas,2,TX,22,38203,,104,
155070,Barclay College,2,KS,22,56474,,219,
189088,Bard College,2,NY,21,154078,90049,2911,
167792,Bard College at Simon's Rock,2,MA,23,,,314,
189097,Barnard College,2,NY,21,211842,110856,3487,
177719,Barnes-Jewish College Goldfarb School of Nursing,2,MO,26,,72843,539,
132471,Barry University,2,FL,17,95312,72551,6825,
197911,Barton College,2,NC,22,69960,56563,1235,
235547,Bastyr University,2,WA,17,76089,52713,734,
160977,Bates College,2,ME,21,145580,79458,1760,
235671,Bates Technical College,1,WA,9,,,4083,
380359,Bay Mills Community College,1,MI,33,,,698,
164632,Bay Path University,2,MA,18,102037,76087,2605,
223223,Baylor College of Medicine,2,TX,27,235314,98481,1774,
223232,Baylor University,2,TX,15,149855,95220,20626,
476717,Be'er Yaakov Talmudic Seminary,2,NY,24,,,765,
384254,Beacon College,2,FL,22,69557,52292,531,
444413,Beis Medrash Heichal Dovid,2,NY,24,,,206,
175421,Belhaven University,2,MS,17,58179,48385,4213,
156286,Bellarmine University,2,KY,17,100575,69455,2886,
234669,Bellevue College,1,WA,23,117810,91095,12485,
180814,Bellevue University,2,NE,18,70820,57180,14667,
238324,Bellin College,2,WI,26,93642,76259,927,
234696,Bellingham Technical College,1,WA,14,,,2047,
197984,Belmont Abbey College,2,NC,22,73696,65443,1388,
219709,Belmont University,2,TN,17,138214,79599,8803,
238333,Beloit College,2,WI,21,79753,60249,1004,
173124,Bemidji State University,1,MN,20,108715,78176,4072,
217721,Benedict College,2,SC,22,70488,61980,1691,
154712,Benedictine College,2,KS,22,82576,71082,2535,
145619,Benedictine University,2,IL,18,89210,63469,2917,
165884,Benjamin Franklin Cummings Institute of Technology,2,MA,23,77818,70100,744,
197993,Bennett College,2,NC,21,,59065,180,
230816,Bennington College,2,VT,21,,,927,
164739,Bentley University,2,MA,18,194480,141591,5333,
156295,Berea College,2,KY,21,105301,71906,1527,
108861,Berkeley School of Theology,2,CA,24,77157,53517,108,
164748,Berklee College of Music,2,MA,18,107764,84851,8369,
139144,Berry College,2,GA,20,107995,72901,2484,
485999,Bet Medrash Gadol Ateret Torah,2,NY,24,,,112,
189273,Beth Hamedrash Shaarei Yosher Institute,2,NY,-2,,,91,
183804,Beth Medrash Govoha,2,NJ,24,88383,67756,9657,
486196,Beth Medrash Meor Yitzchok,2,NY,24,,,226,
488314,Beth Medrash of Asbury Park,2,NJ,24,,,124,
237181,Bethany College,2,WV,21,56802,55407,640,
154721,Bethany College,2,KS,22,50741,37406,615,
486284,Bethany Global University,2,MN,24,,,100,
173142,Bethany Lutheran College,2,MN,21,69807,62473,899,
143233,Bethany Theological Seminary,2,IN,24,70825,51222,61,
154749,Bethel College-North Newton,2,KS,22,62573,49675,509,
150145,Bethel University,2,IN,20,68520,48992,1167,
173160,Bethel University,2,MN,17,82700,64295,3603,
219718,Bethel University,2,TN,18,44612,33292,2936,
110060,Bethesda University,2,CA,22,35685,,263,
486053,Bethlehem College & Seminary,2,MN,24,55007,49413,200,
132602,Bethune-Cookman University,2,FL,21,87003,60610,2853,
139153,Beulah Heights University,2,GA,21,62276,44474,359,
443702,Bexley Hall Seabury Western Theological Seminary Federation  Inc.,2,IL,24,,42877,80,
234711,Big Bend Community College,1,WA,5,,,1857,
196079,Binghamton University,1,NY,15,145118,89696,18816,
110097,Biola University,2,CA,17,106755,74929,5434,
100937,Birmingham-Southern College,2,AL,21,,,,
200022,Bismarck State College,1,ND,14,89403,52750,4206,
219046,Black Hills State University,1,SD,20,95110,70795,3346,
143288,Blackburn College,2,IL,22,78094,,513,
180054,Blackfeet Community College,2,MT,33,,,318,
143297,Blessing Rieman College of Nursing and Health Sciences,2,IL,26,75395,61957,193,
183822,Bloomfield College,1,NJ,21,105069,72686,799,
175430,Blue Mountain Christian University,2,MS,22,66758,57327,968,
237215,Bluefield State University,1,WV,22,76174,62553,1141,
231554,Bluefield University,2,VA,19,59107,47137,959,
201371,Bluffton University,2,OH,22,57663,45567,646,
217749,Bob Jones University,2,SC,20,73927,46262,2734,
142090,Boise Bible College,2,ID,24,55358,,94,
142115,Boise State University,1,ID,16,111874,79582,27198,
490203,Bolivar Technical College,2,MO,10,,,144,
233356,Bon Secours Memorial College of Nursing,2,VA,26,,78246,591,
189413,Boricua College,2,NY,22,56678,42775,516,
164872,Boston Architectural College,2,MA,30,,,853,
164614,Boston Baptist College,2,MA,24,14000,,43,
164924,Boston College,2,MA,15,214220,131884,15432,
164915,Boston Graduate School of Psychoanalysis Inc,2,MA,26,38025,,169,
164988,Boston University,2,MA,15,225086,130212,37737,
161004,Bowdoin College,2,ME,21,172332,96033,1881,
162007,Bowie State University,1,MD,18,128159,91259,6353,
201432,Bowling Green State University-Firelands,1,OH,5,101913,,2097,
201441,Bowling Green State University-Main Campus,1,OH,16,126894,83709,17594,
143358,Bradley University,2,IL,17,109269,76112,4777,
165015,Brandeis University,2,MA,15,173378,107689,5205,
223506,Brazosport College,1,TX,14,92100,69800,3812,
139199,Brenau University,2,GA,17,85964,65422,2436,
156356,Brescia University,2,KY,22,64893,52850,690,
198066,Brevard College,2,NC,22,62269,52308,875,
139205,Brewton-Parker College,2,GA,22,58950,45833,1338,
152992,Briar Cliff University,2,IA,17,77268,58857,947,
497408,Bridges Christian College,2,LA,-2,,,204,
231581,Bridgewater College,2,VA,21,82615,62928,1448,
165024,Bridgewater State University,1,MA,18,117226,75785,9727,
230038,Brigham Young University,2,UT,16,157171,99587,35873,
230047,Brigham Young University-Hawaii,2,HI,22,109285,88741,2906,
142522,Brigham Young University-Idaho,2,ID,22,,,45585,
450304,Brite Divinity School,2,TX,24,110470,78894,153,
189501,Brooklyn Law School,2,NY,31,156765,107993,1125,
132709,Broward College,1,FL,14,74456,55761,30728,
217156,Brown University,2,RI,15,218561,121652,11956,
180878,Bryan College of Health Sciences,2,NE,26,95213,70976,765,
219790,Bryan College-Dayton,2,TN,20,55089,49834,1701,
188517,Bryant & Stratton College-Albany,2,NY,14,,,249,
189583,Bryant & Stratton College-Buffalo,2,NY,23,,,2086,
189592,Bryant & Stratton College-Greece,2,NY,14,,,367,
480091,Bryant & Stratton College-Online,2,NY,23,,,10343,
201469,Bryant & Stratton College-Parma,2,OH,14,,,624,
189565,Bryant & Stratton College-Syracuse North,2,NY,14,,,462,
231785,Bryant & Stratton College-Virginia Beach,2,VA,14,,,1717,
451750,Bryant & Stratton College-Wauwatosa,2,WI,23,,,1037,
217165,Bryant University,2,RI,18,184427,125306,3636,
210492,Bryn Athyn College of the New Church,2,PA,21,83046,65309,255,
211273,Bryn Mawr College,2,PA,21,157123,96394,1679,
211291,Bucknell University,2,PA,21,141382,99779,3969,
153001,Buena Vista University,2,IA,19,74283,57644,1890,
209409,Bushnell University,2,OR,20,61262,51856,761,
150163,Butler University,2,IN,18,106785,82793,5746,
444103,Byzantine Catholic Seminary of Saints Cyril and Methodius,2,PA,24,15840,,24,
198109,Cabarrus College of Health Sciences,2,NC,26,,76848,924,
211352,Cabrini University,2,PA,19,,,,
215114,Cairn University-Langhorne,2,PA,19,62631,51760,1097,
183910,Caldwell University,2,NJ,19,84081,64741,2005,
110361,California Baptist University,2,CA,18,111417,90150,11902,
112570,California College of ASU,2,CA,30,,,71,
110370,California College of the Arts,2,CA,30,100372,75455,1308,
487649,California Institute of Advanced Management,2,CA,29,88019,,344,
110316,California Institute of Integral Studies,2,CA,17,107720,75429,1874,
110404,California Institute of Technology,2,CA,15,236123,161024,2430,
111081,California Institute of the Arts,2,CA,19,,,1277,
486488,California Jazz Conservatory,2,CA,30,108724,,6,
110413,California Lutheran University,2,CA,18,115196,83318,3351,
110422,California Polytechnic State University-San Luis Obispo,1,CA,18,134991,106419,23069,
115755,California State Polytechnic University-Humboldt,1,CA,18,124881,91534,6237,
110529,California State Polytechnic University-Pomona,1,CA,18,138210,101981,27636,
111188,California State University Maritime Academy,1,CA,22,140722,95494,837,
110486,California State University-Bakersfield,1,CA,18,133272,93502,10419,
441937,California State University-Channel Islands,1,CA,20,143244,100389,5592,
110538,California State University-Chico,1,CA,18,124448,91034,15257,
110547,California State University-Dominguez Hills,1,CA,18,138319,92950,15182,
110574,California State University-East Bay,1,CA,16,137170,97356,12326,
110556,California State University-Fresno,1,CA,16,129153,89943,24427,
110565,California State University-Fullerton,1,CA,16,132837,103734,43662,
110583,California State University-Long Beach,1,CA,16,134786,99564,42003,
110592,California State University-Los Angeles,1,CA,18,132636,102870,23163,
409698,California State University-Monterey Bay,1,CA,18,138237,97304,7713,
110608,California State University-Northridge,1,CA,18,126974,101470,38313,
110617,California State University-Sacramento,1,CA,18,127466,92714,31943,
110510,California State University-San Bernardino,1,CA,16,130525,94334,18492,
366711,California State University-San Marcos,1,CA,18,135326,103820,16237,
110495,California State University-Stanislaus,1,CA,18,128541,92610,9724,
496043,California University of Science and Medicine,2,CA,25,,,590,
111391,California Western School of Law,2,CA,31,130632,,650,
150172,Calumet College of Saint Joseph,2,IN,20,58593,59616,658,
176789,Calvary University,2,MO,22,39850,32850,244,
169099,Calvin Theological Seminary,2,MI,24,82383,66143,367,
169080,Calvin University,2,MI,20,96008,77417,3681,
165167,Cambridge College,2,MA,18,,,1835,
206914,Cameron University,1,OK,20,79752,55803,3696,
198136,Campbell University,2,NC,17,104055,78350,4963,
156365,Campbellsville University,2,KY,18,73433,57979,10836,
189705,Canisius University,2,NY,18,87383,74410,2451,
201548,Capital University,2,OH,18,104443,64649,2263,
162061,Capitol Technology University,2,MD,17,47143,,1065,
241377,Caribbean University-Bayamon,2,PR,20,26640,21375,957,
241386,Caribbean University-Carolina,2,PR,22,,18000,127,
363907,Caribbean University-Ponce,2,PR,22,,21000,591,
363916,Caribbean University-Vega Baja,2,PR,22,,,192,
173258,Carleton College,2,MN,21,154884,94160,2128,
211431,Carlow University,2,PA,18,86052,61836,2416,
211440,Carnegie Mellon University,2,PA,15,191594,123195,15888,
199971,Carolina Christian College,2,NC,24,22500,,71,
461032,Carolina College of Biblical Studies,2,NC,24,,,212,
489937,Carolina University,2,NC,20,63000,46569,880,
433174,Carolinas College of Health Sciences,1,NC,26,,,632,
180106,Carroll College,2,MT,22,79693,57377,1156,
238458,Carroll University,2,WI,18,91263,72806,3138,
219806,Carson-Newman University,2,TN,17,63801,50956,2669,
238476,Carthage College,2,WI,20,95442,71175,2844,
111638,Casa Loma College-Los Angeles,2,CA,10,69329,53928,759,
439190,Cascadia College,1,WA,14,,,2380,
201645,Case Western Reserve University,2,OH,15,168718,105305,12475,
198215,Catawba College,2,NC,22,93654,72002,1376,
475398,Catholic Distance University,2,WV,24,,,230,
143659,Catholic Theological Union at Chicago,2,IL,24,87409,65656,210,
439367,CBD College,2,CA,10,,,1581,
211468,Cedar Crest College,2,PA,20,84757,60541,1290,
201654,Cedarville University,2,OH,19,88874,66093,6318,
158477,Centenary College of Louisiana,2,LA,21,91661,64815,712,
183974,Centenary University,2,NJ,19,87383,65125,1398,
241793,Center for Advanced Studies On Puerto Rico and the Caribbean,2,PR,20,,,358,
232618,Centra College,2,VA,26,,,219,
106713,Central Baptist College,2,AR,22,54475,44008,547,
154855,Central Christian College of Kansas,2,KS,22,,,469,
176910,Central Christian College of the Bible,2,MO,24,41017,,189,
153108,Central College,2,IA,21,81306,58433,1084,
128771,Central Connecticut State University,1,CT,18,117347,72706,9997,
445267,Central Methodist University-College of Graduate and Extended Studies,2,MO,20,64807,45869,3802,
176947,Central Methodist University-College of Liberal Arts and Sciences,2,MO,22,74861,55008,1041,
169248,Central Michigan University,1,MI,16,115062,92542,14488,
201672,Central Ohio Technical College,1,OH,9,79542,64128,3182,
201690,Central State University,1,OH,22,88463,57739,2708,
234827,Central Washington University,1,WA,18,115441,76065,10811,
240514,Central Wyoming College,1,WY,5,68493,62756,2205,
488004,Central Yeshiva Beth Joseph,2,NY,24,,,15,
189857,Central Yeshiva Tomchei Tmimim Lubavitz,2,NY,24,,,986,
234845,Centralia College,1,WA,23,,,2244,
156408,Centre College,2,KY,21,111355,67997,1404,
180948,Chadron State College,1,NE,19,89123,60112,2098,
141486,Chaminade University of Honolulu,2,HI,19,93544,77466,2709,
492069,Champion Christian College,2,AR,23,22200,,146,
230852,Champlain College,2,VT,18,101512,79554,3259,
111948,Chapman University,2,CA,16,169829,95091,9760,
111966,Charles R Drew University of Medicine and Science,2,CA,26,117663,80612,852,
217688,Charleston Southern University,2,SC,19,68108,59266,3832,
444778,Charlotte Christian College and Theological Seminary,2,NC,24,27053,,58,
128780,Charter Oak State College,1,CT,21,,,2012,
211556,Chatham University,2,PA,17,98079,65853,2309,
208390,Chemeketa Community College,1,OR,2,,,8098,
211583,Chestnut Hill College,2,PA,19,75921,47301,1288,
211608,Cheyney University of Pennsylvania,1,PA,21,128779,77140,617,
181145,CHI Health School of Radiologic Technology,2,NE,10,,,29,
144005,Chicago State University,1,IL,18,99334,72869,2238,
144014,Chicago Theological Seminary,2,IL,24,110518,75544,215,
133021,Chipola College,1,FL,23,70652,59439,1934,
198303,Chowan University,2,NC,22,73292,53986,675,
494630,Christ Mission College,2,TX,24,,,32,
219833,Christian Brothers University,2,TN,19,85460,60846,1772,
150215,Christian Theological Seminary,2,IN,24,77602,55958,151,
231712,Christopher Newport University,1,VA,20,124125,89465,4454,
112127,Church Divinity School of the Pacific,2,CA,24,193950,,40,
201867,Cincinnati College of Mortuary Science,2,OH,30,,,107,
201928,Cincinnati State Technical and Community College,1,OH,8,,,9683,
217864,Citadel Military College of South Carolina,1,SC,18,107397,82749,3793,
234915,City University of Seattle,2,WA,17,,,2007,
457697,City Vision University,2,MO,22,,,296,
217873,Claflin University,2,SC,21,85569,62405,1852,
112251,Claremont Graduate University,2,CA,16,149733,85802,1771,
488387,Claremont Lincoln University,2,CA,29,,,271,
112260,Claremont McKenna College,2,CA,21,192382,100426,1393,
124283,Claremont School of Theology,2,CA,24,52205,,213,
138947,Clark Atlanta University,2,GA,16,91521,70029,4252,
234933,Clark College,1,WA,14,,,7463,
201973,Clark State College,1,OH,9,77491,61681,5077,
165334,Clark University,2,MA,16,148052,104907,3925,
153126,Clarke University,2,IA,17,68580,58305,962,
211024,Clarks Summit University,2,PA,20,,,,
180832,Clarkson College,2,NE,26,81201,53791,1121,
190044,Clarkson University,2,NY,16,139679,93467,3348,
139311,Clayton  State University,1,GA,19,87848,72058,6163,
156417,Clear Creek Baptist Bible College,2,KY,24,44462,40523,183,
169327,Cleary University,2,MI,29,,,1004,
217882,Clemson University,1,SC,15,160372,99792,29077,
202046,Cleveland Institute of Art,2,OH,30,81508,58451,545,
202073,Cleveland Institute of Music,2,OH,30,,,293,
202134,Cleveland State University,1,OH,16,104420,83941,14074,
177038,Cleveland University-Kansas City,2,KS,26,71553,39777,588,
217891,Clinton College,2,SC,23,47640,,126,
234951,Clover Park Technical College,1,WA,14,,,3408,
218724,Coastal Carolina University,1,SC,18,105821,77719,11348,
104425,Cochise County Community College District,1,AZ,9,,,3905,
153144,Coe College,2,IA,21,85043,55362,1195,
217907,Coker University,2,SC,20,58509,52957,1325,
161086,Colby College,2,ME,21,165647,99884,2412,
182634,Colby-Sawyer College,2,NH,22,72745,61316,972,
241720,Colegio Universitario de San Juan,1,PR,22,,32175,491,
190080,Colgate Rochester Crozer Divinity School,2,NY,24,47438,57041,78,
190099,Colgate University,2,NY,21,165404,93488,3211,
169442,College for Creative Studies,2,MI,30,126734,89612,1433,
493974,College of Athens,2,GA,-2,28425,,57,
388520,College of Biblical Studies-Houston,2,TX,24,50302,44080,419,
132851,College of Central Florida,1,FL,23,88960,66764,5928,
217819,College of Charleston,1,SC,19,113868,81141,11926,
139250,College of Coastal Georgia,1,GA,22,85115,66378,3468,
413617,College of Menominee Nation,2,WI,33,,,300,
243638,College of Micronesia-FSM,1,FM,14,35080,23496,1729,
167394,College of Our Lady of the Elms,2,MA,19,80031,65061,1268,
174747,College of Saint Benedict,2,MN,21,94642,71124,1429,
181604,College of Saint Mary,2,NE,19,79981,69610,786,
142559,College of Southern Idaho,1,ID,6,72380,56799,10176,
182005,College of Southern Nevada,1,NV,14,103856,,28313,
190558,College of Staten Island CUNY,1,NY,18,133081,95995,11033,
160959,College of the Atlantic,2,ME,21,80817,,358,
166124,College of the Holy Cross,2,MA,21,148514,86080,3126,
226408,College of the Mainland,1,TX,6,77151,67063,5127,
376695,College of the Marshall Islands,1,MH,14,,,1011,
178697,College of the Ozarks,2,MO,22,87527,64069,1454,
493822,College Unbound,2,RI,32,,,494,
247834,Collin County Community College District,1,TX,14,,,39548,
126669,Colorado Christian University,2,CO,18,83091,58700,9951,
126678,Colorado College,2,CO,21,153484,88240,2056,
127556,Colorado Mesa University,1,CO,22,90450,72913,9785,
126711,Colorado Mountain College,1,CO,23,99620,67450,5494,
126748,Colorado Northwestern Community College,1,CO,5,,,1271,
126775,Colorado School of Mines,1,CO,15,169733,107121,8044,
476975,Colorado State University Global,1,CO,18,,,10257,
128106,Colorado State University Pueblo,1,CO,19,101426,71151,6851,
126818,Colorado State University-Fort Collins,1,CO,15,150762,92045,34096,
234979,Columbia Basin College,1,WA,23,,,7510,
217934,Columbia College,2,SC,20,70765,51895,1725,
177065,Columbia College,2,MO,18,84561,70619,5689,
144281,Columbia College Chicago,2,IL,19,108084,73335,5570,
217925,Columbia International University,2,SC,19,59973,54900,2914,
139348,Columbia Theological Seminary,2,GA,24,75268,47509,127,
190150,Columbia University in the City of New York,2,NY,15,254478,149416,35173,
202170,Columbus College of Art & Design,2,OH,30,59209,42725,916,
202222,Columbus State Community College,1,OH,6,85696,60619,28081,
139366,Columbus State University,1,GA,18,94024,70352,7913,
498562,Commonwealth University of Pennsylvania,1,PA,-2,124527,82964,11092,
126942,Community College of Denver,1,CO,14,85575,67346,7965,
177083,Conception Seminary College,2,MO,24,55072,41927,63,
237330,Concord University,1,WV,19,74216,62159,1943,
173300,Concordia College at Moorhead,2,MN,21,77501,67105,1935,
177092,Concordia Seminary,2,MO,24,90072,67384,589,
150288,Concordia Theological Seminary,2,IN,24,72506,61206,279,
169363,Concordia University Ann Arbor,2,MI,20,59625,61788,1135,
224004,Concordia University Texas,2,TX,18,60406,52185,1396,
144351,Concordia University-Chicago,2,IL,18,69436,53342,4770,
112075,Concordia University-Irvine,2,CA,17,83646,65594,3658,
180984,Concordia University-Nebraska,2,NE,18,65571,53948,3479,
173328,Concordia University-Saint Paul,2,MN,18,77892,64876,6003,
238616,Concordia University-Wisconsin,2,WI,17,73678,58625,5253,
493600,Congregation Talmidei Mesivta Tiferes Shmiel Aleksander,2,NY,24,,,168,
128902,Connecticut College,2,CT,21,84715,,1990,
217961,Converse University,2,SC,20,67958,55306,1787,
165495,Conway School of Landscape Design,2,MA,32,54504,,17,
162283,Coppin State University,1,MD,20,110158,84216,2210,
210331,Corban University,2,OR,20,62472,50686,1029,
153162,Cornell College,2,IA,21,81723,65628,1094,
190415,Cornell University,2,NY,15,216085,133443,26793,
170037,Cornerstone University,2,MI,18,71983,60923,1695,
235024,Cornish College of the Arts,2,WA,30,71741,62759,505,
177117,Cottey College,2,MO,23,57277,46511,254,
139393,Covenant College,2,GA,21,83267,71986,1100,
177126,Covenant Theological Seminary,2,MO,24,66405,52101,550,
176770,Cox College,2,MO,26,85647,71566,724,
113111,Crafton Hills College,1,CA,1,,,6768,
169424,Cranbrook Academy of Art,2,MI,30,,,113,
181002,Creighton University,2,NE,16,129507,80270,8581,
475608,Criswell College,2,TX,22,73056,51540,160,
106810,Crowley's Ridge College,2,AR,22,,53508,241,
174862,Crown College,2,MN,19,57500,44113,1846,
190503,Culinary Institute of America,2,NY,30,115490,80748,3147,
177144,Culver-Stockton College,2,MO,22,66983,51157,1028,
219949,Cumberland University,2,TN,19,67711,56552,3457,
190512,CUNY Bernard M Baruch College,1,NY,18,137608,97105,20081,
190549,CUNY Brooklyn College,1,NY,18,132594,93758,14390,
190567,CUNY City College,1,NY,16,136104,95785,15544,
190576,CUNY Graduate School and University Center,1,NY,15,136266,97567,9536,
190594,CUNY Hunter College,1,NY,18,132274,95413,22538,
190600,CUNY John Jay College of Criminal Justice,1,NY,18,133610,92138,13763,
190637,CUNY Lehman College,1,NY,18,132021,96242,13324,
190646,CUNY Medgar Evers College,1,NY,21,132514,91698,3736,
190655,CUNY New York City College of Technology,1,NY,22,130136,95322,14486,
190664,CUNY Queens College,1,NY,18,133682,92550,15965,
190682,CUNY School of Law,1,NY,31,175902,120494,669,
190691,CUNY York College,1,NY,20,126736,92167,6174,
165529,Curry College,2,MA,20,115529,82738,1994,
211893,Curtis Institute of Music,2,PA,30,,,161,
113236,Cypress College,1,CA,14,,,15924,
190716,D'Youville  University,2,NY,17,94622,77966,2556,
190725,Daemen University,2,NY,17,81876,56851,2540,
219082,Dakota State University,1,SD,19,125836,79380,3774,
219091,Dakota Wesleyan University,2,SD,22,67197,61513,892,
224226,Dallas Baptist University,2,TX,17,81359,72101,4124,
224244,Dallas Christian College,2,TX,22,53269,,248,
224615,Dallas College,1,TX,6,,,69749,
224305,Dallas Theological Seminary,2,TX,24,91638,76215,2589,
139463,Dalton State College,1,GA,22,74872,64582,5135,
182670,Dartmouth College,2,NH,15,248925,125988,6938,
169479,Davenport University,2,MI,18,76322,65373,4815,
198385,Davidson College,2,NC,21,155640,87955,1869,
237358,Davis & Elkins College,2,WV,22,60217,50998,661,
194569,Davis College,2,NY,24,,,156,
496469,Daybreak University,2,CA,-2,,53000,145,
133386,Daytona State College,1,FL,23,76408,57578,12820,
165574,Dean College,2,MA,22,75411,61946,1092,
202514,Defiance College,2,OH,22,72100,58645,568,
224350,Del Mar College,1,TX,7,94700,69382,10256,
130934,Delaware State University,1,DE,19,95984,71644,5327,
130907,Delaware Technical Community College-Terry,1,DE,14,,,13337,
211981,Delaware Valley University,2,PA,20,95684,71435,2199,
175616,Delta State University,1,MS,18,78568,64554,2654,
202523,Denison University,2,OH,21,142117,80048,2394,
126979,Denver Seminary,2,CO,19,48441,47695,847,
144740,DePaul University,2,IL,16,148103,103050,21210,
150400,DePauw University,2,IN,21,109458,75324,1917,
154156,Des Moines University-Osteopathic Medical Center,2,IA,25,110652,69956,1534,
210739,DeSales University,2,PA,17,93407,70859,2972,
434900,Dewey University-Carolina,2,PR,23,24917,,292,
443562,Dewey University-Hato Rey,2,PR,26,18364,,386,
449135,Dewey University-Juana Díaz,2,PR,26,24625,,265,
469416,Dewey University-Manati,2,PR,26,23850,,221,
113616,Dharma Realm Buddhist University,2,CA,-2,,,52,
212009,Dickinson College,2,PA,21,108640,78673,2314,
200059,Dickinson State University,1,ND,22,90729,60014,1410,
158802,Dillard University,2,LA,21,77652,62978,1080,
105297,Dine College,1,AZ,33,70571,58635,1434,
445869,Divine Mercy University,2,VA,26,86550,62259,463,
153241,Divine Word College,2,IA,21,84050,67304,64,
181020,Doane University,2,NE,18,87653,62989,1985,
113704,Dominican School of Philosophy & Theology,2,CA,20,34566,19500,55,
148496,Dominican University,2,IL,18,81590,68656,3803,
190761,Dominican University New York,2,NY,17,78996,76983,1396,
113698,Dominican University of California,2,CA,19,100509,81796,1900,
122117,Dongguk University Los Angeles,2,CA,26,54000,,102,
155007,Donnelly College,2,KS,23,,40233,395,
500087,Doral College,2,FL,-2,,,569,
153250,Dordt University,2,IA,20,71429,61070,1952,
449481,Dragon Rises College of Oriental Medicine,2,FL,26,,,71,
153269,Drake University,2,IA,17,108249,74775,4345,
184348,Drew University,2,NJ,21,99442,71447,2232,
212054,Drexel University,2,PA,15,168789,103570,21153,
177214,Drury University,2,MO,20,73743,69080,1615,
492801,Drury University-College of Continuing Professional Studies,2,MO,22,68476,,659,
198419,Duke University,2,NC,15,235456,117997,17499,
175227,Dunwoody College of Technology,2,MN,23,82610,68238,1537,
212106,Duquesne University,2,PA,16,119004,76179,8234,
150455,Earlham College,2,IN,21,90834,66073,753,
198464,East Carolina University,1,NC,16,109132,78448,26940,
207041,East Central University,1,OK,18,58718,45028,3377,
139621,East Georgia State College,1,GA,14,68694,54347,1820,
212115,East Stroudsburg University of Pennsylvania,1,PA,18,124961,78263,5633,
220075,East Tennessee State University,1,TN,16,92036,71993,13728,
224527,East Texas Baptist University,2,TX,20,70460,64858,1813,
144883,East-West University,2,IL,21,,63086,468,
104577,Eastern Arizona College,1,AZ,6,91910,,5213,
129215,Eastern Connecticut State University,1,CT,20,112486,79088,4355,
132693,Eastern Florida State College,1,FL,23,72494,56913,14053,
144892,Eastern Illinois University,1,IL,18,105601,74808,8505,
156620,Eastern Kentucky University,1,KY,17,77253,67816,15673,
232043,Eastern Mennonite University,2,VA,19,66487,52959,1154,
169798,Eastern Michigan University,1,MI,16,109604,77066,12631,
165644,Eastern Nazarene College,2,MA,20,77766,50746,60,
187648,Eastern New Mexico University-Main Campus,1,NM,18,101840,69883,5725,
208646,Eastern Oregon University,1,OR,20,95931,69342,2894,
212133,Eastern University,2,PA,18,68749,51209,8727,
231970,Eastern Virginia Medical School,1,VA,27,,,1216,
235097,Eastern Washington University,1,WA,18,124252,90293,10492,
446233,Ecclesia College,2,AR,22,,,111,
133492,Eckerd College,2,FL,21,102584,70785,1893,
247162,Ecumenical Theological Seminary,2,MI,24,36000,,63,
177278,Eden Theological Seminary,2,MO,24,69728,67568,72,
238661,Edgewood College,2,WI,17,77490,60567,2459,
202648,Edison State Community College,1,OH,6,66007,53460,4624,
235103,Edmonds College,1,WA,14,,,6549,
243832,EDP University of Puerto Rico Inc-San Juan,2,PR,23,,,1513,
241836,EDP University of Puerto Rico Inc-San Sebastian,2,PR,26,,,1065,
499635,EDP University of Puerto Rico-Caguas,2,PR,-2,,,414,
494278,EDP University of Puerto Rico-Humacao,2,PR,13,,,325,
494287,EDP University of Puerto Rico-Manati,2,PR,26,,,468,
492476,EDP University of Puerto Rico-Villalba,2,PR,13,,,379,
500342,EDvance College,2,CA,-2,,,201,
442806,Edward Via College of Osteopathic Medicine,2,VA,25,,,2617,
133526,Edward Waters University,2,FL,22,54303,51973,1177,
488305,Elim Bible Institute and College,2,NY,13,,,118,
198507,Elizabeth City State University,1,NC,22,95529,72820,2258,
212197,Elizabethtown College,2,PA,20,99461,71170,2283,
486080,Elmezzi Graduate School of Molecular Medicine,2,NY,26,182500,131250,12,
144962,Elmhurst University,2,IL,18,95987,75127,3997,
190983,Elmira College,2,NY,22,53773,43445,786,
198516,Elon University,2,NC,17,122047,85374,7239,
133553,Embry-Riddle Aeronautical University-Daytona Beach,2,FL,18,137353,81376,11426,
104586,Embry-Riddle Aeronautical University-Prescott,2,AZ,22,119267,80125,3264,
426314,Embry-Riddle Aeronautical University-Worldwide,2,FL,18,106640,72508,12770,
165662,Emerson College,2,MA,18,133049,90484,5263,
165671,Emmanuel College,2,MA,21,124416,91386,1983,
139630,Emmanuel University,2,GA,22,51549,41767,950,
153302,Emmaus Bible College,2,IA,22,,,234,
232025,Emory & Henry University,2,VA,19,77253,64345,1311,
139658,Emory University,2,GA,15,205873,104843,15175,
196264,Empire State University,1,NY,18,87283,64130,10469,
155025,Emporia State University,1,KS,18,77713,62228,4557,
165699,Endicott College,2,MA,18,122554,84296,4394,
230418,Ensign College,2,UT,1,,,7594,
124487,Epic Bible College & Graduate School,2,CA,-2,,,98,
224712,Episcopal Theological Seminary of the Southwest,2,TX,24,96385,64500,109,
409254,Erikson Institute,2,IL,19,88964,74660,297,
217998,Erskine College,2,SC,17,54450,46636,912,
241951,Escuela de Artes Plasticas y Diseno de Puerto Rico,1,PR,30,40941,,466,
144971,Eureka College,2,IL,22,65333,48919,527,
177339,Evangel University,2,MO,19,44981,51619,2289,
497824,Evangel University-College of Online Learning,2,MO,-2,,,242,
235149,Everett Community College,1,WA,3,,,6698,
385619,Everglades University,2,FL,20,,,3242,
196680,Excelsior University,2,NY,18,,,12941,
129242,Fairfield University,2,CT,17,157862,104404,6864,
184694,Fairleigh Dickinson University-Florham Campus,2,NJ,18,102494,76289,2885,
184603,Fairleigh Dickinson University-Metropolitan Campus,2,NJ,18,105383,81078,8045,
237367,Fairmont State University,1,WV,20,80178,60354,3305,
153320,Faith Baptist Bible College and Theological Seminary,2,IA,22,59336,49440,611,
443049,Faith International University,2,WA,20,28813,,464,
494597,Faith Theological Seminary and Christian College,2,FL,-2,,,,
443058,Family of Faith Christian University,2,OK,24,,,320,
196042,Farmingdale State College,1,NY,22,107409,74952,10039,
191126,Fashion Institute of Technology,1,NY,20,116808,75135,8206,
101189,Faulkner University,2,AL,18,79193,60445,3086,
198543,Fayetteville State University,1,NC,19,96463,90814,7107,
114433,Feather River Community College District,1,CA,14,,,2055,
184612,Felician University,2,NJ,19,71127,70564,2427,
169910,Ferris State University,1,MI,17,115287,79664,9959,
232089,Ferrum College,2,VA,22,59246,50056,763,
114549,Fielding Graduate University,2,CA,17,,,915,
165802,Fisher College,2,MA,22,,69449,1652,
220181,Fisk University,2,TN,21,90936,61840,1059,
165820,Fitchburg State University,1,MA,18,114976,77924,5892,
133711,Flagler College,2,FL,22,57962,82770,2425,
133650,Florida Agricultural and Mechanical University,1,FL,16,113110,77963,9313,
133669,Florida Atlantic University,1,FL,16,128545,86036,31607,
133809,Florida College,2,FL,23,83843,52987,728,
135160,Florida Gateway College,1,FL,23,,,2921,
433660,Florida Gulf Coast University,1,FL,17,117041,79910,16612,
133881,Florida Institute of Technology,2,FL,16,133074,89420,8992,
480569,Florida Institute of Technology-Online,2,FL,18,,84238,815,
133951,Florida International University,1,FL,15,151623,95760,54723,
133979,Florida Memorial University,2,FL,22,82565,67533,1277,
482936,Florida Polytechnic University,1,FL,22,187235,87190,1769,
134079,Florida Southern College,2,FL,19,102637,76153,3211,
133508,Florida SouthWestern State College,1,FL,23,,,14301,
133702,Florida State College at Jacksonville,1,FL,23,,,23556,
134097,Florida State University,1,FL,15,161366,100902,43889,
380368,Fond du Lac Tribal and Community College,1,MN,33,,,1789,
177418,Fontbonne University,2,MO,19,76578,64453,332,
114716,Foothill College,1,CA,14,,,12949,
191241,Fordham University,2,NY,16,196503,122369,16150,
155061,Fort Hays State University,1,KS,18,95101,66411,12878,
127185,Fort Lewis College,1,CO,22,87679,63237,3544,
139719,Fort Valley State University,1,GA,20,78507,67299,2897,
165866,Framingham State University,1,MA,18,112565,82694,4002,
218061,Francis Marion University,1,SC,19,91452,66759,4112,
160074,Franciscan Missionaries of Our Lady University,2,LA,26,80855,74189,1191,
114734,Franciscan School of Theology,2,CA,24,,62930,89,
205957,Franciscan University of Steubenville,2,OH,19,69974,45381,3976,
212577,Franklin and Marshall College,2,PA,21,117126,82544,1808,
150604,Franklin College,2,IN,21,74952,57027,985,
182795,Franklin Pierce University,2,NH,19,86034,71198,1654,
202806,Franklin University,2,OH,18,,,9457,
441982,Franklin W Olin College of Engineering,2,MA,28,143025,130731,405,
220215,Freed-Hardeman University,2,TN,19,76617,60339,2306,
114789,Fresno City College,1,CA,5,,,28071,
114813,Fresno Pacific University,2,CA,18,88102,72397,2879,
155089,Friends University,2,KS,18,72847,57561,1961,
127200,Front Range Community College,1,CO,6,71866,,21970,
156727,Frontier Nursing University,2,KY,26,70649,81738,2664,
162584,Frostburg State University,1,MD,18,99428,77741,4104,
114840,Fuller Theological Seminary,2,CA,24,82368,64512,1890,
218070,Furman University,2,SC,21,111142,73417,2554,
481030,Future Generations University,2,WV,32,56250,56063,48,
131450,Gallaudet University,2,DC,17,118836,80202,1335,
224961,Galveston College,1,TX,8,87492,71428,2405,
212601,Gannon University,2,PA,17,102042,71636,4189,
198561,Gardner-Webb University,2,NC,17,74133,58377,3104,
145275,Garrett-Evangelical Theological Seminary,2,IL,24,112907,77931,313,
105145,GateWay Community College,1,AZ,8,,,5553,
456542,Geisinger Commonwealth School of Medicine,2,PA,25,,75605,665,
212656,Geneva College,2,PA,20,74399,57548,1366,
208822,George Fox University,2,OR,17,91684,70765,4916,
232186,George Mason University,1,VA,15,172148,106190,39766,
131469,George Washington University,2,DC,15,203934,112706,25374,
156745,Georgetown College,2,KY,21,67426,48848,1345,
131496,Georgetown University,2,DC,15,233170,135273,20031,
139861,Georgia College & State University,1,GA,18,96069,75448,7097,
447689,Georgia Gwinnett College,1,GA,22,84472,69513,12230,
139700,Georgia Highlands College,1,GA,23,67566,54976,5382,
139755,Georgia Institute of Technology-Main Campus,1,GA,15,182637,126189,53363,
485111,Georgia Military College,1,GA,14,53628,45977,6575,
139931,Georgia Southern University,1,GA,16,100639,85353,27423,
139764,Georgia Southwestern State University,1,GA,19,80793,68347,3700,
139940,Georgia State University,1,GA,15,134743,91789,34944,
184773,Georgian Court University,2,NJ,18,93163,70677,2013,
212674,Gettysburg College,2,PA,21,112386,74380,2812,
104708,Glendale Community College,1,AZ,2,,,13914,
237385,Glenville State University,1,WV,22,70777,51680,1765,
230889,Goddard College,2,VT,20,,,,
202903,Gods Bible School and College,2,OH,22,12099,8647,431,
115083,Golden Gate University,2,CA,18,92008,61812,3098,
130989,Goldey-Beacom College,2,DE,18,95123,72234,1001,
235316,Gonzaga University,2,WA,17,132371,78329,7470,
202912,Good Samaritan College of Nursing and Health Science,2,OH,26,94850,55374,690,
129154,Goodwin University,2,CT,23,63349,57166,2970,
165936,Gordon College,2,MA,21,81525,58618,1595,
139968,Gordon State College,1,GA,23,75908,66882,3179,
165945,Gordon-Conwell Theological Seminary,2,MA,24,71229,45849,1352,
150668,Goshen College,2,IN,22,67712,49789,847,
162654,Goucher College,2,MD,21,92551,63376,1459,
145336,Governors State University,1,IL,18,98460,77224,4397,
170000,Grace Christian University,2,MI,22,61173,41853,1017,
150677,Grace College and Theological Seminary,2,IN,19,77811,56097,2304,
481058,Grace Mission University,2,CA,24,39750,,301,
481401,Grace School of Theology,2,TX,24,66603,54333,568,
153366,Graceland University-Lamoni,2,IA,18,70605,58200,1102,
115214,Graduate Theological Union,2,CA,24,122957,69739,150,
159009,Grambling State University,1,LA,18,76403,61309,5150,
170082,Grand Valley State University,1,MI,17,122853,89335,22011,
153375,Grand View University,2,IA,20,73012,69225,1856,
212771,Gratz College,2,PA,20,60884,66375,449,
235334,Grays Harbor College,1,WA,14,,,1577,
225070,Grayson College,1,TX,8,72948,,4324,
182306,Great Basin College,1,NV,23,95139,,3320,
170091,Great Lakes Christian College,2,MI,22,43451,,210,
497213,Great Northern University,2,WA,-2,50000,52000,48,
235343,Green River College,1,WA,23,,,7967,
198598,Greensboro College,2,NC,20,62059,53743,967,
218113,Greenville Technical College,1,SC,7,,,11999,
145372,Greenville University,2,IL,20,85526,55860,1104,
153384,Grinnell College,2,IA,21,149763,86680,1788,
212805,Grove City College,2,PA,22,,,2383,
240745,Guam Community College,1,GU,4,102108,65757,1430,
198613,Guilford College,2,NC,21,76251,52852,1180,
134343,Gulf Coast State College,1,FL,14,67288,52456,5426,
173647,Gustavus Adolphus College,2,MN,21,87781,63864,1906,
212832,Gwynedd Mercy University,2,PA,17,84825,64565,2017,
495314,Hackensack Meridian School of Medicine,2,NJ,-2,,,610,
225201,Hallmark University,2,TX,22,,,836,
191515,Hamilton College,2,NY,21,154633,95865,2031,
173665,Hamline University,2,MN,18,86735,66945,2565,
232256,Hampden-Sydney College,2,VA,21,106799,75070,946,
166018,Hampshire College,2,MA,21,111823,72335,844,
232265,Hampton University,2,VA,17,105697,69803,4244,
177542,Hannibal-LaGrange University,2,MO,22,49725,35462,499,
150756,Hanover College,2,IN,21,84775,72328,1243,
225247,Hardin-Simmons University,2,TX,17,80794,65295,1665,
107044,Harding University,2,AR,17,81119,66102,4696,
177551,Harris-Stowe State University,1,MO,22,61637,45141,1002,
446640,Harrisburg University of Science and Technology,2,PA,18,110789,80491,3650,
129491,Hartford International University for Religion and Peace,2,CT,20,93549,,109,
191533,Hartwick College,2,NY,21,80102,66245,1097,
166027,Harvard University,2,MA,15,293619,160116,30259,
115409,Harvey Mudd College,2,CA,21,166170,117064,951,
155140,Haskell Indian Nations University,1,KS,33,,,978,
181127,Hastings College,2,NE,22,74755,57818,956,
111045,Haven University,2,CA,24,13500,,123,
212911,Haverford College,2,PA,21,145278,77916,1431,
141644,Hawaii Pacific University,2,HI,18,102804,84136,4921,
173683,Hazelden Betty Ford Graduate School,2,MN,26,80778,63855,192,
166045,Hebrew College,2,MA,24,78750,78750,163,
145497,Hebrew Theological College,2,IL,21,42323,39358,182,
203067,Hebrew Union College-Jewish Institute of Religion,2,NY,24,101026,74136,240,
203085,Heidelberg University,2,OH,20,65499,62049,1091,
191597,Helene Fuld College of Nursing,2,NY,26,122746,99853,914,
166054,Hellenic College-Holy Cross Greek Orthodox School of Theology,2,MA,21,79037,64331,274,
107071,Henderson State University,1,AR,19,65362,60551,2055,
107080,Hendrix College,2,AR,21,81292,62277,1110,
170240,Henry Ford College,1,MI,14,,,11410,
198677,Heritage Bible College,2,NC,24,16875,,26,
101453,Heritage Christian University,2,AL,24,50898,,178,
235422,Heritage University,2,WA,20,89993,71244,937,
200785,Herzing University-Akron,2,OH,23,,64760,393,
140340,Herzing University-Atlanta,2,GA,22,71998,66143,435,
101365,Herzing University-Birmingham,2,AL,26,111678,,444,
459851,Herzing University-Brookfield,2,WI,26,73028,66737,385,
459842,Herzing University-Kenosha,2,WI,26,85183,66188,526,
240392,Herzing University-Madison,2,WI,18,65513,59494,5274,
174154,Herzing University-Minneapolis,2,MN,26,90000,66847,748,
499149,Herzing University-Nashville,2,TN,-2,,63750,201,
433536,Herzing University-New Orleans,2,LA,23,77910,,351,
386472,Herzing University-Orlando,2,FL,26,81605,66019,717,
496973,Herzing University-Tampa,2,FL,-2,,72791,251,
155177,Hesston College,2,KS,23,49833,,373,
198695,High Point University,2,NC,22,115368,75767,6331,
485403,High Tech High Graduate School of Education,2,CA,32,,,99,
235431,Highline College,1,WA,14,,,5592,
191621,Hilbert College,2,NY,22,68067,50556,968,
134495,Hillsborough Community College,1,FL,2,78791,69354,21483,
170286,Hillsdale College,2,MI,21,95668,59561,1792,
203128,Hiram College,2,OH,22,65502,60828,1061,
246789,HJ International Graduate School for Peace and Public Leadership,2,NY,24,55234,,155,
191630,Hobart William Smith Colleges,2,NY,21,98866,70683,1841,
134510,Hobe Sound Bible College,2,FL,22,30555,,152,
367884,Hodges University,2,FL,20,,,,
191649,Hofstra University,2,NY,17,157818,113711,10685,
232308,Hollins University,2,VA,21,86003,60473,761,
129534,Holy Apostles College and Seminary,2,CT,19,,73871,719,
150774,Holy Cross College,2,IN,21,81969,60532,661,
212984,Holy Family University,2,PA,18,90757,66500,3225,
457086,Homestead Schools,2,CA,26,,,158,
162760,Hood College,2,MD,18,87651,68862,2101,
443076,Hood Theological Seminary,2,NC,24,65885,,115,
170301,Hope College,2,MI,21,100520,65227,3395,
120537,Hope International University,2,CA,19,76759,66362,1025,
457226,Horizon University,2,IN,24,,,70,
191676,Houghton University,2,NY,21,66371,51718,1200,
225399,Houston Christian University,2,TX,18,82581,71749,4276,
225423,Houston Community College,1,TX,1,,,53253,
225548,Howard Payne University,2,TX,22,69331,58094,809,
131520,Howard University,2,DC,16,153368,94799,14890,
164368,Hult International Business School,2,MA,29,106120,,2008,
242121,Humacao Community College,2,PR,23,22050,,173,
115773,Humphreys University-Stockton and Modesto Campuses,2,CA,20,62353,63121,699,
101435,Huntingdon College,2,AL,22,89281,66859,892,
150941,Huntington University,2,IN,20,73055,53872,1776,
449348,Huntsville Bible College,2,AL,24,,,98,
487524,Husson University,2,ME,17,89397,67909,3367,
225575,Huston-Tillotson University,2,TX,22,59375,57645,1059,
193405,Icahn School of Medicine at Mount Sinai,2,NY,27,,,1261,
142276,Idaho State University,1,ID,16,98348,78521,13061,
494551,IE New York College,2,NY,20,,,4,
127273,Iliff School of Theology,2,CO,24,84350,55509,166,
434584,Ilisagvik College,1,AK,33,96482,69959,256,
145691,Illinois College,2,IL,21,81375,61369,942,
145628,Illinois College of Optometry,2,IL,26,120779,83259,474,
145725,Illinois Institute of Technology,2,IL,16,156132,112010,8834,
145813,Illinois State University,1,IL,16,107192,80752,21546,
145646,Illinois Wesleyan University,2,IL,22,97102,68362,1582,
213011,Immaculata University,2,PA,17,50498,40228,2512,
495280,Indian Bible College,2,AZ,13,,,38,
134608,Indian River State College,1,FL,23,94158,74154,15429,
151290,Indiana Institute of Technology,2,IN,18,89138,85569,2770,
492962,Indiana Institute of Technology-College of Professional Studies,2,IN,22,,,2779,
151324,Indiana State University,1,IN,17,94103,62967,7895,
213020,Indiana University of Pennsylvania-Main Campus,1,PA,16,121073,78448,9073,
151351,Indiana University-Bloomington,1,IN,15,140655,102525,48424,
151388,Indiana University-East,1,IN,20,86228,71571,3203,
151111,Indiana University-Indianapolis,1,IN,16,112697,80945,22534,
151333,Indiana University-Kokomo,1,IN,20,79872,64317,2921,
151360,Indiana University-Northwest,1,IN,20,87274,63073,3041,
151342,Indiana University-South Bend,1,IN,19,70256,61922,4631,
151379,Indiana University-Southeast,1,IN,19,79233,68926,3736,
151801,Indiana Wesleyan University-Marion,2,IN,20,83402,65964,2204,
488679,Indiana Wesleyan University-National & Global,2,IN,17,,,14331,
145886,Institute for Clinical Social Work,2,IL,26,,,121,
462044,Institute for Doctoral Studies in the Visual Arts,2,ME,20,,65092,99,
187745,Institute of American Indian and Alaska Native Culture and Arts Development,1,NM,33,87834,67067,947,
489335,Institute of Buddhist Studies,2,CA,-2,97614,,65,
493363,Institute of Lutheran Theology,2,SD,-2,,,,
454838,Institute of Taoist Education and Acupuncture,2,CO,26,,,32,
455804,Institute of World Politics,2,DC,32,104531,,173,
242626,Inter American University of Puerto Rico-Aguadilla,2,PR,20,65320,43120,3161,
242635,Inter American University of Puerto Rico-Arecibo,2,PR,19,62826,48131,2624,
242644,Inter American University of Puerto Rico-Barranquitas,2,PR,22,64757,44315,1020,
242705,Inter American University of Puerto Rico-Bayamon,2,PR,22,57847,45192,3556,
242680,Inter American University of Puerto Rico-Fajardo,2,PR,22,64816,42931,1197,
242699,Inter American University of Puerto Rico-Guayama,2,PR,22,62932,44817,2487,
242653,Inter American University of Puerto Rico-Metro,2,PR,18,65574,45139,4101,
242662,Inter American University of Puerto Rico-Ponce,2,PR,22,64050,43259,2925,
242617,Inter American University of Puerto Rico-San German,2,PR,20,65741,44872,3114,
242723,Inter American University of Puerto Rico-School of Law,2,PR,31,96153,64184,692,
404222,Inter American University of Puerto Rico-School of Optometry,2,PR,26,96204,62943,213,
140146,Interdenominational Theological Center,2,GA,24,60000,47692,60,
436614,International Baptist College and Seminary,2,AZ,24,46468,,78,
448691,International Institute for Restorative Practices,2,PA,32,69413,39829,110,
191931,Iona University,2,NY,18,107422,76505,3958,
153603,Iowa State University,1,IA,15,138313,92515,30380,
191968,Ithaca College,2,NY,18,108630,71674,4767,
170444,Jackson College,1,MI,14,75647,63382,5086,
175856,Jackson State University,1,MS,16,91165,66759,6326,
497453,Jackson Theological Seminary,2,AR,-2,,,7,
101480,Jacksonville State University,1,AL,18,90918,66631,9955,
134945,Jacksonville University,2,FL,18,94025,71500,4247,
203678,James A. Rhodes State College,1,OH,9,64666,56071,4124,
232423,James Madison University,1,VA,16,115481,84621,22740,
225885,Jarvis Christian University,2,TX,22,69250,62224,622,
192040,Jewish Theological Seminary of America,2,NY,24,133862,88660,316,
107141,John Brown University,2,AR,19,76103,60755,2350,
203368,John Carroll University,2,OH,18,101184,86575,2864,
462354,John Paul the Great Catholic University,2,CA,22,68063,,286,
162928,Johns Hopkins University,2,MD,15,225930,129449,30210,
445708,Johnson & Wales University-Charlotte,2,NC,22,117276,82776,1184,
460349,Johnson & Wales University-Online,2,RI,18,101880,,2839,
217235,Johnson & Wales University-Providence,2,RI,18,116940,84264,4303,
198756,Johnson C Smith University,2,NC,21,79171,70084,1302,
220473,Johnson University,2,TN,19,57933,34666,978,
132879,Johnson University Florida,2,FL,24,,,,
146339,Judson University,2,IL,20,55429,46812,960,
461139,Jung Tao School of Classical Chinese Medicine,2,NC,26,,,69,
213251,Juniata College,2,PA,21,95265,67366,1321,
498623,Justice University,2,AZ,-2,36000,,124,
219240,Kairos University,2,SD,24,57083,,1239,
170532,Kalamazoo College,2,MI,21,100298,67167,1166,
155308,Kansas Christian College,2,KS,23,23790,,145,
177746,Kansas City Art Institute,2,MO,30,85527,58007,813,
179812,Kansas City University,2,MO,25,117309,100193,2109,
497693,Kansas Health Science Center,2,KS,-2,,,401,
155399,Kansas State University,1,KS,15,129018,84335,20295,
155414,Kansas Wesleyan University,2,KS,22,70379,53597,1021,
185262,Kean University,1,NJ,17,129852,90375,13905,
440031,Keck Graduate Institute,2,CA,18,133269,92649,622,
183062,Keene State College,1,NH,22,105271,73864,2848,
192165,Kehilath Yakov Rabbinical Seminary,2,NY,24,25161,,205,
135081,Keiser University-Ft Lauderdale,2,FL,17,,,20888,
500041,Kennedy University of Baptist,2,FL,-2,15000,,10,
486840,Kennesaw State University,1,GA,16,108886,86404,47764,
177816,Kenrick Glennon Seminary,2,MO,24,68204,26361,84,
203447,Kent State University at Ashtabula,1,OH,14,98420,,1739,
203456,Kent State University at East Liverpool,1,OH,14,,,1196,
203526,Kent State University at Geauga,1,OH,14,92336,48931,2204,
203517,Kent State University at Kent,1,OH,15,120225,79275,26374,
203492,Kent State University at Salem,1,OH,23,93454,54236,1633,
203465,Kent State University at Stark,1,OH,14,97450,62009,3569,
203474,Kent State University at Trumbull,1,OH,23,98122,47123,2148,
203483,Kent State University at Tuscarawas,1,OH,23,113103,71150,2099,
157100,Kentucky Christian University,2,KY,22,50023,41735,550,
157030,Kentucky Mountain Bible College,2,KY,21,9450,,94,
157058,Kentucky State University,1,KY,22,71824,62092,2020,
157076,Kentucky Wesleyan College,2,KY,22,64967,52805,887,
203535,Kenyon College,2,OH,21,115771,70447,2249,
461847,Keser Torah-Mayan Hatalmud,2,NJ,24,,,57,
203544,Kettering College,2,OH,26,91246,66964,757,
169983,Kettering University,2,MI,19,95120,84408,1466,
192192,Keuka College,2,NY,19,75431,62868,1366,
213303,Keystone College,2,PA,22,61062,47414,952,
220516,King University,2,TN,18,50684,46334,1157,
213321,King's College,2,PA,19,91344,73750,1939,
146427,Knox College,2,IL,21,74959,55588,1136,
213349,Kutztown University of Pennsylvania,1,PA,18,120456,74029,7467,
171881,Kuyper College,2,MI,22,58850,45151,161,
213358,La Roche University,2,PA,20,75653,55501,2153,
213367,La Salle University,2,PA,17,109873,74392,3153,
117627,La Sierra University,2,CA,19,85125,68051,1574,
165264,Laboure College of Healthcare,2,MA,26,82812,63300,530,
260372,Lac Courte Oreilles Ojibwe University,1,WI,33,,,204,
213376,Lackawanna College,2,PA,23,54031,41649,2211,
213385,Lafayette College,2,PA,21,156818,88567,2775,
140234,LaGrange College,2,GA,22,67763,55993,813,
117168,Laguna College of Art and Design,2,CA,30,83719,76151,775,
203580,Lake Erie College,2,OH,20,62756,60748,1108,
407629,Lake Erie College of Osteopathic Medicine,2,PA,25,108675,92326,4133,
146481,Lake Forest College,2,IL,21,101987,67545,1837,
146490,Lake Forest Graduate School of Management,2,IL,29,,,196,
170639,Lake Superior State University,1,MI,22,84269,65188,1567,
235699,Lake Washington Institute of Technology,1,WA,23,,,3564,
135188,Lake-Sumter State College,1,FL,14,76366,61054,5810,
238980,Lakeland University,2,WI,18,73473,60803,2813,
146533,Lakeview College of Nursing,2,IL,26,,64490,66,
496706,Lakewood University,2,OH,-2,,,103,
226091,Lamar University,1,TX,17,113402,76764,17772,
213400,Lancaster Bible College,2,PA,20,65095,43452,2519,
213446,Lancaster Theological Seminary,2,PA,24,82351,,66,
218229,Lander University,1,SC,22,78837,67576,4378,
247649,Landmark College,2,VT,23,76786,59566,672,
220598,Lane College,2,TN,21,56733,48022,738,
209038,Lane Community College,1,OR,3,,,6810,
207209,Langston University,1,OK,20,86879,54678,1937,
240620,Laramie County Community College,1,WY,8,,,4193,
226134,Laredo College,1,TX,14,73203,62672,11029,
498234,Larkin University,2,FL,-2,,,127,
166391,Lasell University,2,MA,18,90429,73495,1668,
117283,Latin American Bible Institute,2,CA,24,,,112,
170675,Lawrence Technological University,2,MI,18,130920,87545,3693,
239017,Lawrence University,2,WI,21,96296,68423,1417,
192323,Le Moyne College,2,NY,18,91816,80037,3091,
220604,Le Moyne-Owen College,2,TN,22,61876,43929,659,
213507,Lebanon Valley College,2,PA,20,87385,67219,2146,
220613,Lee University,2,TN,19,75848,65469,3714,
198808,Lees-McRae College,2,NC,22,66506,53425,910,
213543,Lehigh University,2,PA,16,178559,106528,7692,
198835,Lenoir-Rhyne University,2,NC,18,80231,64292,2256,
166452,Lesley University,2,MA,17,93090,73604,2557,
226231,LeTourneau University,2,TX,19,82471,66607,3330,
209056,Lewis & Clark College,2,OR,21,137189,82576,3504,
146612,Lewis University,2,IL,18,115898,85718,7011,
142328,Lewis-Clark State College,1,ID,22,83712,59822,3801,
157207,Lexington Theological Seminary,2,KY,24,70760,53948,82,
232557,Liberty University,2,VA,17,102845,68525,104327,
117520,Life Chiropractic College West,2,CA,26,81469,57200,618,
117104,Life Pacific University,2,CA,22,61052,56576,621,
140252,Life University,2,GA,18,85045,68872,2714,
218238,Limestone University,2,SC,22,68788,48150,1807,
146667,Lincoln Christian University,2,IL,20,,,,
220631,Lincoln Memorial University,2,TN,17,91062,67630,6081,
213598,Lincoln University,1,PA,19,108417,78083,1670,
117557,Lincoln University,2,CA,29,70500,35250,436,
177940,Lincoln University,1,MO,22,61602,46532,2054,
177968,Lindenwood University,2,MO,18,98198,63615,6826,
157216,Lindsey Wilson College,2,KY,18,68582,56333,4193,
209065,Linfield University,2,OR,21,80176,61117,1709,
219976,Lipscomb University,2,TN,17,89943,71145,5017,
198862,Livingstone College,2,NC,22,56515,52789,936,
177986,Logan University,2,MO,26,81294,60315,1406,
117636,Loma Linda University,2,CA,16,131238,102363,4210,
227182,Lone Star College System,1,TX,2,81420,58811,73077,
192448,Long Island University,2,NY,16,136823,109019,16689,
232566,Longwood University,1,VA,19,98443,79761,4612,
166489,Longy School of Music of Bard College,2,MA,30,51477,,317,
203748,Lorain County Community College,1,OH,2,87963,68219,9350,
153825,Loras College,2,IA,22,68188,61712,1189,
117867,Los Angeles Mission College,1,CA,3,,,10690,
474863,Los Angeles Pacific University,2,CA,19,,,1881,
117733,Los Angeles Valley College,1,CA,2,,,15999,
159568,Louisiana Christian University,2,LA,20,60285,52543,936,
159391,Louisiana State University and Agricultural & Mechanical College,1,LA,15,145739,93263,41705,
159373,Louisiana State University Health Sciences Center-New Orleans,1,LA,25,130072,89029,2750,
435000,Louisiana State University Health Sciences Center-Shreveport,1,LA,25,87173,73232,1103,
159382,Louisiana State University-Alexandria,1,LA,22,71445,65184,6815,
159416,Louisiana State University-Shreveport,1,LA,18,92664,89134,10749,
159647,Louisiana Tech University,1,LA,16,109500,79481,11873,
157298,Louisville Presbyterian Theological Seminary,2,KY,24,68818,,103,
203757,Lourdes University,2,OH,20,68770,53700,964,
235750,Lower Columbia College,1,WA,4,,,2724,
117946,Loyola Marymount University,2,CA,16,162575,96191,10179,
146719,Loyola University Chicago,2,IL,16,159376,102353,17384,
163046,Loyola University Maryland,2,MD,18,120955,65864,4897,
159656,Loyola University New Orleans,2,LA,17,113421,77790,4250,
226383,Lubbock Christian University,2,TX,19,67346,57248,1595,
153834,Luther College,2,IA,21,83410,61069,1384,
135364,Luther Rice College & Seminary,2,GA,24,49886,24863,508,
173896,Luther Seminary,2,MN,24,74224,50268,371,
146728,Lutheran School of Theology at Chicago,2,IL,24,70411,59019,101,
213668,Lycoming College,2,PA,21,95703,65269,1012,
132657,Lynn University,2,FL,18,76844,51078,3514,
106342,Lyon College,2,AR,21,65315,53388,659,
173902,Macalester College,2,MN,21,137679,86482,2138,
192624,Machzikei Hadath Rabbinical College,2,NY,24,,,131,
238263,Madison Area Technical College,1,WI,8,,,13641,
170806,Madonna University,2,MI,19,71766,67062,2124,
182917,Magdalen College,2,NH,21,,,,
153861,Maharishi International University,2,IA,18,45058,38023,2592,
161509,Maine College of Art & Design,2,ME,30,74614,57823,475,
161022,Maine College of Health Professions,2,ME,26,65316,54499,239,
161299,Maine Maritime Academy,1,ME,22,,,971,
490753,Maine Media College,2,ME,30,,,42,
203775,Malone University,2,OH,19,70351,54477,1256,
151777,Manchester University,2,IN,20,83038,62015,1276,
155496,Manhattan Christian College,2,KS,24,51939,40185,160,
192703,Manhattan College,2,NY,18,128524,92354,3225,
192712,Manhattan School of Music,2,NY,30,,,1084,
192749,Manhattanville College,2,NY,18,97571,62766,2512,
461528,Manna University,2,NC,22,9482,,268,
213774,Manor College,2,PA,14,54627,48956,567,
239071,Maranatha Baptist University,2,WI,20,48860,36716,960,
192785,Maria College of Albany,2,NY,26,80362,67138,722,
151786,Marian University,2,IN,17,80185,66834,3486,
239080,Marian University,2,WI,19,91865,71373,1246,
497833,Marian University-Ancilla,2,IN,-2,,,230,
203845,Marietta College,2,OH,22,77709,61350,1109,
203881,Marion Technical College,1,OH,9,67093,57899,3346,
192819,Marist College,2,NY,18,130052,94016,6356,
239105,Marquette University,2,WI,16,135083,81228,11746,
198899,Mars Hill University,2,NC,22,58244,51703,1110,
123943,Marshall B Ketchum University,2,CA,26,113164,93851,653,
237525,Marshall University,1,WV,16,91346,69359,11958,
173452,Martin Luther College,2,MN,32,45794,,878,
151810,Martin University,2,IN,21,,46125,198,
232672,Mary Baldwin University,2,VA,17,71310,67786,1772,
163295,Maryland Institute College of Art,2,MD,30,,,1687,
164085,Maryland University of Integrative Health,2,MD,26,28699,33850,544,
192864,Marymount Manhattan College,2,NY,21,96518,64350,1601,
232706,Marymount University,2,VA,17,99835,78399,4060,
220710,Maryville College,2,TN,21,71542,54036,1136,
178059,Maryville University of Saint Louis,2,MO,17,99898,76825,9261,
213826,Marywood University,2,PA,18,86911,65763,2530,
166674,Massachusetts College of Art and Design,1,MA,30,118239,70823,1989,
167288,Massachusetts College of Liberal Arts,1,MA,21,108325,73527,896,
166683,Massachusetts Institute of Technology,2,MA,15,294972,165704,11886,
166692,Massachusetts Maritime Academy,1,MA,20,109905,68852,1488,
369002,Massachusetts School of Law,2,MA,31,163581,80520,273,
173957,Mayo Clinic College of Medicine and Science,2,MN,27,,,1439,
200226,Mayville State University,1,ND,22,75372,61262,1134,
146977,McCormick Theological Seminary,2,IL,24,81704,65092,125,
164270,McDaniel College,2,MD,18,92768,71764,2868,
147013,McKendree University,2,IL,19,72949,60287,2392,
226587,McMurry University,2,TX,22,76441,72849,3175,
159717,McNeese State University,1,LA,18,91554,63957,6241,
155511,McPherson College,2,KS,22,75893,62339,878,
166656,MCPHS University,2,MA,26,133940,91592,5945,
147031,Meadville Theological School of Lombard College,2,IL,24,103619,62118,62,
490328,Mechon L'hoyroa,2,NY,24,,,122,
239169,Medical College of Wisconsin,2,WI,27,,,1677,
218335,Medical University of South Carolina,1,SC,27,132703,89785,3246,
220792,Meharry Medical College,2,TN,25,,,1226,
220871,Memphis Theological Seminary,2,TN,24,52733,44921,157,
118693,Menlo College,2,CA,29,142313,77264,810,
140447,Mercer University,2,GA,16,101669,77300,9196,
153977,Mercy College of Health Sciences,2,IA,26,70020,56635,869,
203960,Mercy College of Ohio,2,OH,26,85297,64914,1096,
193016,Mercy University,2,NY,18,101995,81556,8991,
213987,Mercyhurst University,2,PA,19,82529,57913,2632,
198950,Meredith College,2,NC,21,78343,61532,1465,
166850,Merrimack College,2,MA,18,139838,95412,5862,
105154,Mesa Community College,1,AZ,2,,,17077,
193061,Mesivta of Eastern Parkway-Yeshiva Zichron Meilech,2,NY,13,,,39,
193052,Mesivta Torah Vodaath Rabbinical Seminary,2,NY,24,22800,,593,
193070,Mesivtha Tifereth Jerusalem of America,2,NY,24,44555,28080,72,
417752,Messenger College,2,TX,24,18533,,24,
213996,Messiah University,2,PA,18,96127,70114,3373,
147129,Methodist College,2,IL,26,67213,67787,267,
203997,Methodist Theological School in Ohio,2,OH,24,76004,60868,186,
198969,Methodist University,2,NC,20,92371,69536,1822,
190114,Metropolitan College of New York,2,NY,19,69424,51762,683,
174020,Metropolitan State University,1,MN,19,113690,90975,6660,
127565,Metropolitan State University of Denver,1,CO,18,109120,79757,18453,
166869,MGH Institute of Health Professions,2,MA,26,139225,87199,1672,
135717,Miami Dade College,1,FL,14,85998,63811,58941,
204006,Miami University-Hamilton,1,OH,22,109051,70676,2480,
204015,Miami University-Middletown,1,OH,22,105532,61822,1190,
204024,Miami University-Oxford,1,OH,16,131457,92884,18838,
169220,Michigan School of Psychology,2,MI,26,82455,,190,
171100,Michigan State University,1,MI,15,178665,94984,52089,
171128,Michigan Technological University,1,MI,16,136957,100221,7403,
245953,Mid-America Christian University,2,OK,19,57694,46770,2397,
151962,Mid-America College of Funeral Service,2,IN,30,,,279,
199458,Mid-Atlantic Christian University,2,NC,22,51205,43273,140,
481225,Mid-South Christian College,2,TN,24,43667,,32,
155520,MidAmerica Nazarene University,2,KS,19,69192,50901,1538,
482158,Middle Georgia State University,1,GA,19,90819,69104,8363,
220996,Middle Tennessee School of Anesthesia Inc,2,TN,26,189209,,319,
220978,Middle Tennessee State University,1,TN,16,111756,81164,20488,
230959,Middlebury College,2,VT,21,157032,102691,2803,
119058,Middlebury Institute of International Studies at Monterey,2,CA,18,122149,89297,526,
226806,Midland College,1,TX,14,79190,62984,5690,
181330,Midland University,2,NE,20,64926,61020,1558,
157377,Midway University,2,KY,20,75331,64665,2003,
178208,Midwestern Baptist Theological Seminary,2,MO,24,90686,57581,3945,
226833,Midwestern State University,1,TX,18,93036,65594,5324,
143853,Midwestern University-Downers Grove,2,IL,25,138833,121057,2567,
423643,Midwestern University-Glendale,2,AZ,25,124490,124617,3738,
480985,Midwives College of Utah,2,UT,26,48269,,239,
101675,Miles College,2,AL,22,56924,45960,1180,
214041,Millersville University of Pennsylvania,1,PA,18,124232,80526,6975,
486901,Milligan University,2,TN,19,66310,60859,1240,
147244,Millikin University,2,IL,22,71338,56777,1586,
175980,Millsaps College,2,MS,21,86013,71896,593,
239309,Milwaukee Institute of Art & Design,2,WI,30,69326,49926,838,
239318,Milwaukee School of Engineering,2,WI,19,104387,86556,2953,
484844,Minerva University,2,CA,-2,123277,123487,669,
174127,Minneapolis College of Art and Design,2,MN,30,85252,62138,831,
174358,Minnesota State University Moorhead,1,MN,18,107471,79415,4386,
173920,Minnesota State University-Mankato,1,MN,18,115739,85052,15271,
200253,Minot State University,1,ND,19,94010,74725,2751,
118912,MiraCosta College,1,CA,14,,,11478,
193247,Mirrer Yeshiva Cent Institute,2,NY,24,38345,28250,139,
214069,Misericordia University,2,PA,17,99226,67914,2200,
211130,Missio Theological Seminary,2,PA,24,,,20,
176664,Mission University,2,MO,24,,,434,
176053,Mississippi College,2,MS,17,86893,62707,4164,
176080,Mississippi State University,1,MS,15,125605,84763,23150,
176035,Mississippi University for Women,1,MS,20,72821,54793,2193,
176044,Mississippi Valley State University,1,MS,20,74040,59806,2205,
178244,Missouri Baptist University,2,MO,18,69316,59675,5699,
178341,Missouri Southern State University,1,MO,20,72654,57853,4147,
179566,Missouri State University-Springfield,1,MO,17,99209,77509,24360,
178411,Missouri University of Science and Technology,1,MO,16,145653,86221,7154,
178369,Missouri Valley College,2,MO,22,66493,46085,1770,
178387,Missouri Western State University,1,MO,20,87479,66291,3716,
129774,Mitchell College,2,CT,22,80322,60578,442,
175281,Mitchell Hamline School of Law,2,MN,31,98895,78594,1163,
118976,Modesto Junior College,1,CA,14,,,18258,
193292,Molloy College,2,NY,18,122015,88894,5005,
147341,Monmouth College,2,IL,21,70677,57641,713,
185572,Monmouth University,2,NJ,18,126610,88175,4767,
262165,Montana Bible College,2,MT,-2,,,36,
180461,Montana State University,1,MT,15,115909,75761,17135,
180179,Montana State University Billings,1,MT,19,91600,64242,4129,
180522,Montana State University-Northern,1,MT,22,65191,48988,966,
180416,Montana Technological University,1,MT,20,98875,72973,1702,
185590,Montclair State University,1,NJ,16,141811,96361,23375,
127954,Montessori Education Center of the Rockies,2,CO,-2,,,43,
199032,Montreat College,2,NC,22,55478,57033,962,
166911,Montserrat College of Art,2,MA,22,64339,53250,227,
147369,Moody Bible Institute,2,IL,24,94510,69024,2202,
214148,Moore College of Art and Design,2,PA,30,81851,67397,549,
119137,Moorpark College,1,CA,1,,,14583,
214157,Moravian University,2,PA,20,84788,68231,2745,
157386,Morehead State University,1,KY,18,85268,68944,8791,
140553,Morehouse College,2,GA,21,95347,66356,2847,
140562,Morehouse School of Medicine,2,GA,25,,,967,
127617,Morgan Community College,1,CO,9,,,1626,
163453,Morgan State University,1,MD,16,142019,95863,10739,
154004,Morningside University,2,IA,18,78041,65400,2056,
140571,Morris Brown College,2,GA,-2,55044,,432,
218399,Morris College,2,SC,22,53889,57659,383,
499875,Mosdos Yaakov V'Yisroel,2,NJ,-2,,,679,
214166,Mount Aloysius College,2,PA,22,79194,70749,2955,
209241,Mount Angel Seminary,2,OR,24,91425,61200,127,
204176,Mount Carmel College of Nursing,2,OH,26,97115,80628,670,
166939,Mount Holyoke College,2,MA,21,154948,91950,2275,
219198,Mount Marty University,2,SD,20,74420,63041,1284,
239390,Mount Mary University,2,WI,18,70811,58734,1182,
154013,Mount Mercy University,2,IA,19,75069,54158,1417,
193353,Mount Saint Mary College,2,NY,19,102530,77226,2491,
119173,Mount Saint Mary's University,2,CA,18,97813,79394,2312,
189282,Mount Sinai Phillips School of Nursing,2,NY,26,131250,95218,311,
204200,Mount St. Joseph University,2,OH,17,87603,68908,2265,
163462,Mount St. Mary's University,2,MD,19,81247,59936,2408,
204194,Mount Vernon Nazarene University,2,OH,19,57235,44059,1671,
209250,Mt Hood Community College,1,OR,3,,,6476,
214175,Muhlenberg College,2,PA,21,103563,73377,1788,
209287,Multnomah University,2,OR,20,,,,
207236,Murray State College,1,OK,1,56250,46864,2949,
157401,Murray State University,1,KY,18,88982,69158,10020,
204264,Muskingum University,2,OH,20,81414,59908,1751,
127653,Naropa University,2,CO,19,67422,60191,1094,
239424,Nashotah House,2,WI,24,59344,36938,143,
147536,National Louis University,2,IL,17,71197,59588,8915,
119605,National University,2,CA,18,93241,74321,22115,
147590,National University of Health Sciences,2,IL,26,59504,51549,511,
209296,National University of Natural Medicine,2,OR,26,85779,69259,414,
488721,NationsUniversity,2,LA,-2,,,1077,
187596,Navajo Technical University,1,NM,33,95247,50524,1704,
119678,Naval Postgraduate School,1,CA,18,152620,135579,2441,
227146,Navarro College,1,TX,4,68108,50368,6557,
127714,Nazarene Bible College,2,CO,24,,,527,
178518,Nazarene Theological Seminary,2,MO,24,54034,,168,
193584,Nazareth University,2,NY,18,89319,66455,2401,
181419,Nebraska Indian Community College,1,NE,33,,,620,
181297,Nebraska Methodist College of Nursing & Allied Health,2,NE,26,74444,56667,1067,
181446,Nebraska Wesleyan University,2,NE,20,74343,50857,1654,
228325,Nelson University,2,TX,20,63908,57794,1794,
163532,Ner Israel Rabbinical College,2,MD,24,69401,,449,
214272,Neumann University,2,PA,19,73078,67573,2244,
441900,Nevada State University,1,NV,22,128419,86929,7549,
185758,New Brunswick Theological Seminary,2,NJ,24,65198,50733,129,
262129,New College of Florida,1,FL,21,115626,79888,881,
182980,New England College,2,NH,18,77309,60837,3275,
167093,New England College of Optometry,2,MA,26,117516,90109,515,
217305,New England Institute of Technology,2,RI,20,78455,68800,1922,
167215,New England Law-Boston,2,MA,31,117702,97307,1131,
208725,New Hope Christian College-Eugene,2,OR,24,,,56,
185129,New Jersey City University,1,NJ,18,136946,95015,5429,
185828,New Jersey Institute of Technology,1,NJ,15,189141,110232,13247,
187897,New Mexico Highlands University,1,NM,18,95015,33969,2704,
187967,New Mexico Institute of Mining and Technology,1,NM,20,125556,82716,1622,
188030,New Mexico State University-Main Campus,1,NM,16,116559,78401,15408,
159948,New Orleans Baptist Theological Seminary,2,LA,24,66235,51320,2349,
440396,New Saint Andrews College,2,ID,21,53017,,413,
366368,New York Academy of Art,2,NY,30,56250,,106,
418126,New York College of Health Professions,2,NY,26,,,96,
194073,New York College of Podiatric Medicine,2,NY,26,109832,133875,339,
439783,New York College of Traditional Chinese Medicine,2,NY,26,,,172,
194091,New York Institute of Technology,2,NY,18,159208,101990,6877,
193821,New York Law School,2,NY,31,142624,92236,1062,
193830,New York Medical College,2,NY,25,72252,79422,1471,
194116,New York School of Interior Design,2,NY,30,,,573,
193894,New York Theological Seminary,2,NY,24,,,,
193900,New York University,2,NY,15,277104,130842,56832,
218414,Newberry College,2,SC,22,72984,63153,1536,
155335,Newman University,2,KS,19,61514,59376,2939,
496803,NewU University,2,DC,-2,,,34,
193973,Niagara University,2,NY,18,99462,84340,4033,
159966,Nicholls State University,1,LA,19,83797,61381,6043,
167260,Nichols College,2,MA,19,102303,85870,1392,
232937,Norfolk State University,1,VA,19,99901,63569,6053,
461795,North American University,2,TX,19,58725,47458,983,
199102,North Carolina A & T State University,1,NC,16,121631,88942,14311,
199157,North Carolina Central University,1,NC,18,115111,82020,8579,
199193,North Carolina State University at Raleigh,1,NC,15,149485,93678,38464,
199209,North Carolina Wesleyan University,2,NC,22,63502,56427,1419,
147660,North Central College,2,IL,20,99239,71519,3003,
204422,North Central State College,1,OH,9,,50150,2553,
174437,North Central University,2,MN,22,72900,54629,852,
200332,North Dakota State University-Main Campus,1,ND,15,119787,82063,11952,
136145,North Florida College,1,FL,14,,,1268,
218441,North Greenville University,2,SC,20,59770,58963,2304,
147679,North Park University,2,IL,18,82596,67395,2557,
236072,North Seattle College,1,WA,23,,,5569,
444130,Northcentral University,2,CA,17,,,9489,
193751,Northeast College of Health Sciences,2,NY,26,73793,66776,564,
204477,Northeast Ohio Medical University,1,OH,25,116693,92886,1029,
147776,Northeastern Illinois University,1,IL,18,105973,91398,5734,
439817,Northeastern Seminary,2,NY,24,75083,57312,218,
207263,Northeastern State University,1,OK,18,87189,67628,6751,
167358,Northeastern University,2,MA,15,190951,120046,32553,
118888,Northeastern University Oakland,2,CA,19,148796,108395,640,
482705,Northeastern University Professional Programs,2,MA,17,99036,72544,7411,
105330,Northern Arizona University,1,AZ,16,116587,74783,28467,
147697,Northern Baptist Theological Seminary,2,IL,24,77813,,315,
147703,Northern Illinois University,1,IL,16,129870,93860,15414,
157447,Northern Kentucky University,1,KY,17,102622,86331,15347,
240790,Northern Marianas College,1,MP,23,49685,43935,1239,
171456,Northern Michigan University,1,MI,19,101184,76529,7409,
188058,Northern New Mexico College,1,NM,23,,72294,1425,
219259,Northern State University,1,SD,20,99262,74287,3708,
239512,Northland College,2,WI,22,72269,52158,286,
105349,Northland Pioneer College,1,AZ,9,,,3158,
217606,Northpoint Bible College,2,MA,24,45938,21113,122,
443030,NorthShore University HealthSystem School of Nurse Anesthesia,2,IL,-2,,,80,
240657,Northwest College,1,WY,5,81373,69297,1486,
136233,Northwest Florida State College,1,FL,23,67821,58843,4752,
380377,Northwest Indian College,1,WA,33,,,636,
178624,Northwest Missouri State University,1,MO,18,92709,69965,9152,
142461,Northwest Nazarene University,2,ID,18,66659,51674,1635,
236133,Northwest University,2,WA,19,84009,75422,1053,
487603,Northwest University-Center for Online and Extended Education,2,WA,22,,,1352,
420398,Northwest Vista College,1,TX,2,82117,68574,20060,
154101,Northwestern College,2,IA,19,77405,58574,1705,
174507,Northwestern Health Sciences University,2,MN,26,82743,61602,1101,
171483,Northwestern Michigan College,1,MI,14,,,3253,
207306,Northwestern Oklahoma State University,1,OK,20,80585,62426,2079,
160038,Northwestern State University of Louisiana,1,LA,18,77259,60836,8523,
147767,Northwestern University,2,IL,15,240495,119619,23856,
171492,Northwood University,2,MI,29,100179,82950,2409,
230995,Norwich University,2,VT,18,93412,69244,3149,
204468,Notre Dame College,2,OH,22,,,,
120184,Notre Dame de Namur University,2,CA,19,87963,70404,306,
163578,Notre Dame of Maryland University,2,MD,18,84306,66022,1788,
136215,Nova Southeastern University,2,FL,16,126294,82291,20910,
200086,Nueta Hidatsa Sahnish College,1,ND,33,,,233,
174525,Oak Hills Christian College,2,MN,22,,,95,
495059,Oak Valley College,2,CA,29,67500,,75,
152099,Oakland City University,2,IN,17,68001,49417,640,
171571,Oakland University,1,MI,16,119290,78502,15768,
101912,Oakwood University,2,AL,21,57982,45185,1226,
204501,Oberlin College,2,OH,21,139073,75728,2909,
227289,Oblate School of Theology,2,TX,24,57371,50223,173,
120254,Occidental College,2,CA,21,148647,93493,1881,
227304,Odessa College,1,TX,6,98300,68660,9981,
219277,Oglala Lakota College,1,SD,33,71734,61603,1188,
140696,Oglethorpe University,2,GA,21,89731,69597,1425,
201964,Ohio Christian University,2,OH,19,41250,38041,1431,
204617,Ohio Dominican University,2,OH,19,76415,76445,1209,
204635,Ohio Northern University,2,OH,22,94851,72367,3140,
204671,Ohio State University-Lima Campus,1,OH,22,115061,78095,723,
204796,Ohio State University-Main Campus,1,OH,15,167266,100396,61443,
204680,Ohio State University-Mansfield Campus,1,OH,23,104201,70000,849,
204699,Ohio State University-Marion Campus,1,OH,23,118734,82763,849,
204705,Ohio State University-Newark Campus,1,OH,23,121666,82096,2544,
204820,Ohio University-Chillicothe Campus,1,OH,6,71246,59891,2170,
204802,Ohio University-Eastern Campus,1,OH,3,,62420,1235,
204848,Ohio University-Lancaster Campus,1,OH,6,91303,62992,2127,
204857,Ohio University-Main Campus,1,OH,15,108717,70684,26323,
204839,Ohio University-Southern Campus,1,OH,9,90749,59011,1716,
204866,Ohio University-Zanesville Campus,1,OH,6,92602,60013,2009,
204909,Ohio Wesleyan University,2,OH,21,95227,64552,1525,
194189,Ohr Hameir Theological Seminary,2,NY,-2,,,100,
207403,Oklahoma Baptist University,2,OK,20,75227,99120,1569,
207324,Oklahoma Christian University,2,OK,19,68731,57352,2851,
207458,Oklahoma City University,2,OK,17,79434,66556,2966,
207351,Oklahoma Panhandle State University,1,OK,22,58332,47625,1021,
207315,Oklahoma State University Center for Health Sciences,1,OK,25,,,2256,
207564,Oklahoma State University Institute of Technology,1,OK,23,,,2396,
207388,Oklahoma State University-Main Campus,1,OK,15,131740,86102,27278,
207397,Oklahoma State University-Oklahoma City,1,OK,14,80174,59504,3959,
206835,Oklahoma Wesleyan University,2,OK,20,51216,50457,880,
232982,Old Dominion University,1,VA,15,138818,84593,23743,
147828,Olivet Nazarene University,2,IL,18,77165,56080,3339,
236188,Olympic College,1,WA,14,,,5784,
461120,Omega Graduate School,2,TN,20,6885,,69,
207582,Oral Roberts University,2,OK,19,83771,61962,5936,
369659,Oregon College of Oriental Medicine,2,OR,26,,,,
209490,Oregon Health & Science University,1,OR,27,186585,103486,2942,
209506,Oregon Institute of Technology,1,OR,22,97010,68431,5299,
209542,Oregon State University,1,OR,15,151573,92841,37163,
440828,Oregon State University-Cascades Campus,1,OR,-2,,,1296,
120403,Otis College of Art and Design,2,CA,30,91059,80325,1267,
155636,Ottawa University-Kansas City,2,KS,20,65409,68946,528,
428259,Ottawa University-Milwaukee,2,WI,22,,,116,
454582,Ottawa University-Online,2,KS,22,,,810,
155627,Ottawa University-Ottawa,2,KS,22,69656,58074,999,
464226,Ottawa University-Surprise,2,AZ,22,,59680,912,
204936,Otterbein University,2,OH,19,85150,69424,2332,
107512,Ouachita Baptist University,2,AR,21,77291,61831,1858,
227331,Our Lady of the Lake University,2,TX,17,81717,62583,1968,
178679,Ozark Christian College,2,MO,24,52248,,736,
177472,Ozarks Technical Community College,1,MO,7,,,11380,
194310,Pace University,2,NY,17,151778,89780,13634,
407610,Pacific Bible College,2,OR,13,,,22,
439862,Pacific Islands University,2,GU,21,,,62,
236230,Pacific Lutheran University,2,WA,19,85505,70613,2797,
209603,Pacific Northwest College of Art,2,OR,-2,88414,68432,466,
455406,Pacific Northwest University of Health Sciences,2,WA,25,129465,90158,665,
120768,Pacific Oaks College,2,CA,19,,,1068,
457484,Pacific Rim Christian University,2,HI,22,,,187,
120795,Pacific School of Religion,2,CA,24,93715,72192,124,
120838,Pacific States University,2,CA,29,21442,,101,
120865,Pacific Union College,2,CA,22,66032,55449,974,
209612,Pacific University,2,OR,17,90543,74521,3427,
140720,Paine College,2,GA,21,35046,34981,390,
136330,Palm Beach Atlantic University,2,FL,17,98454,74715,4147,
136358,Palm Beach State College,1,FL,14,72084,63380,25916,
154174,Palmer College of Chiropractic,2,IA,26,74418,51052,2161,
246354,Palo Alto College,1,TX,3,88758,73679,12395,
120698,Palo Alto University,2,CA,26,174360,126934,1065,
364016,Paradise Valley Community College,1,AZ,2,,,6148,
121628,Pardee RAND Graduate School,2,CA,32,,,230,
178721,Park University,2,MO,18,78869,52797,5736,
243823,Parker University,2,TX,18,82756,61849,2308,
136400,Pasco-Hernando State College,1,FL,23,63127,,9410,
495916,Pathways College,2,AZ,-2,37500,,196,
451927,Patrick Henry College,2,VA,21,70770,56945,425,
227429,Paul Quinn College,2,TX,22,,,628,
194392,Paul Smiths College of Arts and Science,2,NY,22,64283,55518,948,
204990,Payne Theological Seminary,2,OH,24,52313,37500,124,
214883,Peirce College,2,PA,22,77453,,929,
236258,Peninsula College,1,WA,14,,,2153,
214971,Pennsylvania Academy of the Fine Arts,2,PA,30,39937,62455,41,
215053,Pennsylvania College of Art and Design,2,PA,30,,40702,414,
366252,Pennsylvania College of Technology,1,PA,23,114258,91465,4575,
214582,Pennsylvania Institute of Technology,2,PA,10,,,810,
214777,Pennsylvania State University-Main Campus,1,PA,15,175813,113421,50737,
214801,Pennsylvania State University-Penn State Abington,1,PA,-2,116757,83565,2885,
214689,Pennsylvania State University-Penn State Altoona,1,PA,-2,117034,78393,2371,
214698,Pennsylvania State University-Penn State Beaver,1,PA,-2,132030,88255,482,
214704,Pennsylvania State University-Penn State Berks,1,PA,-2,118324,92569,1884,
214731,Pennsylvania State University-Penn State Brandywine,1,PA,-2,126051,91157,1236,
214740,Pennsylvania State University-Penn State DuBois,1,PA,-2,129036,61160,350,
214591,Pennsylvania State University-Penn State Erie-Behrend College,1,PA,-2,132151,100048,3336,
214759,Pennsylvania State University-Penn State Fayette- Eberly,1,PA,-2,108457,68340,405,
214607,Pennsylvania State University-Penn State Great Valley,1,PA,-2,158924,105836,212,
214786,Pennsylvania State University-Penn State Greater Allegheny,1,PA,-2,113623,90353,352,
214713,Pennsylvania State University-Penn State Harrisburg,1,PA,-2,137718,94740,4478,
214768,Pennsylvania State University-Penn State Hazleton,1,PA,-2,113051,82600,502,
214670,Pennsylvania State University-Penn State Lehigh Valley,1,PA,-2,116278,79978,867,
214795,Pennsylvania State University-Penn State Mont Alto,1,PA,-2,100836,83205,582,
214625,Pennsylvania State University-Penn State New Kensington,1,PA,-2,115146,85969,421,
214810,Pennsylvania State University-Penn State Schuylkill,1,PA,-2,123717,70628,624,
214652,Pennsylvania State University-Penn State Scranton,1,PA,-2,149688,86730,800,
214634,Pennsylvania State University-Penn State Shenango,1,PA,-2,119400,90559,265,
214643,Pennsylvania State University-Penn State Wilkes-Barre,1,PA,-2,123365,80375,315,
214829,Pennsylvania State University-Penn State York,1,PA,-2,128756,82644,677,
479956,Pennsylvania State University-World Campus,1,PA,-2,,,13774,
498571,Pennsylvania Western University,1,PA,18,124167,84101,10834,
136473,Pensacola State College,1,FL,23,64806,52424,9491,
219842,Pentecostal Theological Seminary,2,TN,24,70772,52769,517,
121150,Pepperdine University,2,CA,17,166350,103911,8976,
181534,Peru State College,1,NE,19,89829,66006,1492,
199306,Pfeiffer University,2,NC,19,82081,63599,889,
215123,Philadelphia College of Osteopathic Medicine,2,PA,25,,,2901,
107600,Philander Smith University,2,AR,22,66834,60982,780,
414966,Phillips Theological Seminary,2,OK,24,82387,61671,103,
105428,Phoenix College,1,AZ,2,,,10660,
381459,Phoenix Seminary,2,AZ,24,72761,,296,
140818,Piedmont University,2,GA,18,75130,63071,1857,
235237,Pierce College District,1,WA,14,,,8137,
127820,Pikes Peak State College,1,CO,14,,,12556,
440794,Pillar College,2,NJ,21,48560,42300,556,
155681,Pittsburg State University,1,KS,18,85787,61678,5755,
215415,Pittsburgh Technical College,2,PA,14,,,,
215424,Pittsburgh Theological Seminary,2,PA,24,112229,64722,202,
121257,Pitzer College,2,CA,21,141685,96352,1242,
183080,Plymouth State University,1,NH,18,99923,70609,3707,
121309,Point Loma Nazarene University,2,CA,18,120344,79269,4757,
215442,Point Park University,2,PA,17,100365,68804,3448,
138868,Point University,2,GA,22,67791,47244,2260,
136516,Polk State College,1,FL,23,,,10318,
456481,Polytechnic University of Puerto Rico-Miami,2,FL,22,54000,,32,
456490,Polytechnic University of Puerto Rico-Orlando,2,FL,22,54000,,127,
121345,Pomona College,2,CA,21,183711,107364,1700,
498289,Pontifex University,2,GA,-2,,,,
241395,Pontifical Catholic University of Puerto Rico-Arecibo,2,PR,17,47673,32559,640,
243586,Pontifical Catholic University of Puerto Rico-Mayaguez,2,PR,22,48302,31993,679,
241410,Pontifical Catholic University of Puerto Rico-Ponce,2,PR,17,51402,33253,5568,
205027,Pontifical College Josephinum,2,OH,21,67855,46693,88,
131405,Pontifical Faculty of the Immaculate Conception at the Dominican House of Studies,2,DC,24,62625,45083,74,
455813,Pontifical John Paul II Institute for Studies on Marriage and Family,2,DC,24,105538,65741,65,
167464,Pope St John XXIII National Seminary,2,MA,24,,,,
209807,Portland State University,1,OR,16,134732,86263,19951,
237701,Potomac State College of West Virginia University,1,WV,23,75621,55757,1077,
227526,Prairie View A & M University,1,TX,16,122734,70887,9922,
194578,Pratt Institute-Main,2,NY,30,132045,88687,5356,
218539,Presbyterian College,2,SC,21,74287,74146,1095,
490045,Presbyterian Theological Seminary in America,2,CA,24,,,223,
105589,Prescott College,2,AZ,19,,42908,867,
486433,Presidio Graduate School,2,CA,29,,,74,
186122,Princeton Theological Seminary,2,NJ,24,120806,73276,302,
186131,Princeton University,2,NJ,15,314734,150135,9137,
148016,Principia College,2,IL,21,95758,74216,339,
455770,Providence Christian College,2,CA,21,83250,54600,168,
217402,Providence College,2,RI,18,140511,90958,4666,
127884,Pueblo Community College,1,CO,14,,,7284,
241766,Puerto Rico Conservatory of Music,1,PR,30,47868,41412,347,
151102,Purdue University Fort Wayne,1,IN,19,93672,78728,7206,
489779,Purdue University Global,1,IN,17,,,45588,
490805,Purdue University Northwest,1,IN,18,111728,85676,9051,
243780,Purdue University-Main Campus,1,IN,15,170959,111314,58658,
199412,Queens University of Charlotte,2,NC,18,98154,69788,1599,
167525,Quincy College,1,MA,3,96691,77117,3022,
148131,Quincy University,2,IL,22,72538,55327,1210,
130226,Quinnipiac University,2,CT,17,127323,84798,9424,
384421,Rabbi Jacob Joseph School,2,NJ,24,,,115,
194657,Rabbinical Academy Mesivta Rabbi Chaim Berlin,2,NY,24,,,264,
194693,Rabbinical College Beth Shraga,2,NY,13,,,53,
194666,Rabbinical College Bobover Yeshiva Bnei Zion,2,NY,24,,,548,
186186,Rabbinical College of America,2,NJ,24,,,194,
194736,Rabbinical College of Long Island,2,NY,24,,,159,
405854,Rabbinical College of Ohr Shimon Yisroel,2,NY,24,27379,,232,
484871,Rabbinical College Ohr Yisroel,2,NY,24,,,114,
205124,Rabbinical College Telshe,2,OH,24,42783,,64,
194718,Rabbinical Seminary Mkor Chaim,2,NJ,-2,,,96,
194763,Rabbinical Seminary of America,2,NY,24,21805,23302,611,
233277,Radford University,1,VA,17,104974,83122,7812,
186201,Ramapo College of New Jersey,1,NJ,18,132699,90954,5981,
207157,Randall University,2,OK,21,37119,27686,298,
233301,Randolph College,2,VA,21,92056,70201,816,
233295,Randolph-Macon College,2,VA,21,93522,81267,1687,
178891,Ranken Technical College,2,MO,14,,,1784,
497480,Reach University,2,CA,-2,,,2230,
215619,Reconstructionist Rabbinical College,2,PA,24,73662,47813,46,
127909,Red Rocks Community College,1,CO,14,,,8419,
497462,Redeemers University North America,2,TX,-2,52500,,23,
209922,Reed College,2,OR,21,135844,88529,1358,
490230,Reformed University,2,GA,24,,22500,294,
231651,Regent University,2,VA,17,102329,64318,10657,
167598,Regis College,2,MA,18,107717,74571,2517,
127918,Regis University,2,CO,17,99650,68268,4605,
140872,Reinhardt University,2,GA,22,64040,52581,1233,
492209,Reiss-Davis Graduate School,2,CA,-2,,,35,
475033,Relay Graduate School of Education,2,NY,32,78706,59821,1324,
497000,Remington College-Online Dallas,2,TX,-2,,,178,
451866,Remington College-Shreveport Campus,2,LA,14,,,315,
129428,Rensselaer at Hartford,2,CT,28,,,,
194824,Rensselaer Polytechnic Institute,2,NY,15,168038,114895,7040,
236382,Renton Technical College,1,WA,14,,,2824,
217420,Rhode Island College,1,RI,18,121258,80613,6155,
217493,Rhode Island School of Design,2,RI,18,135567,70658,2520,
221351,Rhodes College,2,TN,21,106281,68337,1861,
227757,Rice University,2,TX,15,235266,130801,8961,
441104,Richmont Graduate University,2,TN,26,92054,48668,329,
186283,Rider University,2,NJ,18,115169,84212,4003,
136774,Ringling College of Art and Design,2,FL,30,,,1666,
121886,Rio Hondo College,1,CA,14,,,17441,
105668,Rio Salado College,1,AZ,6,,,18841,
239628,Ripon College,2,WI,21,84747,58732,709,
233408,Riverside College of Health Careers,2,VA,10,98159,74068,350,
183211,Rivier University,2,NH,19,92304,69561,2777,
233426,Roanoke College,2,VA,21,82160,67881,1804,
215655,Robert Morris University,2,PA,17,140895,98385,5275,
194958,Roberts Wesleyan University,2,NY,18,73497,57476,1960,
195003,Rochester Institute of Technology,2,NY,16,145950,94755,17098,
170967,Rochester University,2,MI,22,60028,55228,1193,
148405,Rockford University,2,IL,20,62712,56956,1241,
179043,Rockhurst University,2,MO,18,81104,69116,3577,
180595,Rocky Mountain College,2,MT,20,72529,64038,1032,
217518,Roger Williams University,2,RI,19,136397,94526,4350,
409616,Roger Williams University School of Law,2,RI,31,100960,,484,
207661,Rogers State University,1,OK,22,67457,53343,3272,
136950,Rollins College,2,FL,18,119355,78902,3046,
148487,Roosevelt University,2,IL,17,98409,78673,4281,
145558,Rosalind Franklin University of Medicine and Science,2,IL,25,123572,91824,2021,
207670,Rose State College,1,OK,4,51306,,7758,
152318,Rose-Hulman Institute of Technology,2,IN,28,124906,85112,2334,
445735,Roseman University of Health Sciences,2,NV,26,136177,98707,1367,
215691,Rosemont College,2,PA,19,59254,53326,781,
184782,Rowan University,1,NJ,16,136221,90384,21026,
148511,Rush University,2,IL,25,234200,106511,2769,
195128,Russell Sage College,2,NY,17,68871,56824,2790,
176318,Rust College,2,MS,21,,44725,467,
186371,Rutgers University-Camden,1,NJ,16,171201,97890,5675,
186380,Rutgers University-New Brunswick,1,NJ,15,181538,94143,52269,
186399,Rutgers University-Newark,1,NJ,16,194358,109226,11315,
172033,Sacred Heart Major Seminary,2,MI,21,74220,34886,351,
239637,Sacred Heart Seminary and School of Theology,2,WI,24,86987,65389,128,
130253,Sacred Heart University,2,CT,17,125535,89394,11022,
172051,Saginaw Valley State University,1,MI,18,94364,74377,6822,
154235,Saint Ambrose University,2,IA,17,82929,57954,2498,
183239,Saint Anselm College,2,NH,21,99509,72748,2111,
149028,Saint Anthony College of Nursing,2,IL,26,100136,72408,263,
199582,Saint Augustine's University,2,NC,22,59983,59240,175,
216047,Saint Charles Borromeo Seminary-Overbrook,2,PA,24,54286,62528,170,
174783,Saint Cloud State University,1,MN,18,120590,83020,10732,
227845,Saint Edward's University,2,TX,18,103539,75515,3033,
186618,Saint Elizabeth University,2,NJ,19,77187,70367,871,
148575,Saint Francis Medical Center College of Nursing,2,IL,26,122783,76576,605,
215743,Saint Francis University,2,PA,18,83278,59409,2963,
167677,Saint John's Seminary,2,MA,24,,,86,
137281,Saint Johns River State College,1,FL,23,59187,,7927,
174792,Saint Johns University,2,MN,21,101440,69341,1572,
160409,Saint Joseph Seminary College,2,LA,24,52895,,95,
161518,Saint Joseph's College of Maine,2,ME,18,63481,55767,1454,
215770,Saint Joseph's University,2,PA,18,126510,84665,7159,
442356,Saint Joseph's University - Lancaster,2,PA,26,88763,77050,1439,
137032,Saint Leo University,2,FL,17,92844,71373,9692,
179308,Saint Louis Community College,1,MO,2,88170,70520,15649,
179159,Saint Louis University,2,MO,16,129634,84671,17059,
236452,Saint Martin's University,2,WA,20,76656,62908,1390,
152390,Saint Mary's College,2,IN,21,92107,67907,1601,
123554,Saint Mary's College of California,2,CA,18,119816,87914,2734,
174817,Saint Mary's University of Minnesota,2,MN,17,67137,65528,4505,
152381,Saint Mary-of-the-Woods College,2,IN,20,54160,54999,1159,
152451,Saint Meinrad School of Theology,2,IN,24,100787,73304,183,
231059,Saint Michael's College,2,VT,21,100987,73968,1323,
239716,Saint Norbert College,2,WI,21,103147,79867,2032,
179317,Saint Paul School of Theology,2,KS,24,64611,46125,91,
186432,Saint Peter's University,2,NJ,18,109879,76026,3572,
215798,Saint Vincent College,2,PA,21,89450,66508,1440,
136701,Saint Vincent de Paul Regional Seminary,2,FL,24,76042,41308,143,
215813,Saint Vincent Seminary,2,PA,24,0,0,79,
195580,Saint Vladimirs Orthodox Theological Seminary,2,NY,24,84941,64051,90,
148627,Saint Xavier University,2,IL,18,87167,72703,3485,
199607,Salem College,2,NC,21,60022,60803,549,
167729,Salem State University,1,MA,18,109381,76047,6230,
163851,Salisbury University,1,MD,18,110873,83006,7025,
180647,Salish Kootenai College,1,MT,33,,,671,
214564,Salus University,2,PA,26,118137,76639,1106,
217536,Salve Regina University,2,RI,18,106571,79131,2791,
227881,Sam Houston State University,1,TX,16,102006,74402,21039,
102049,Samford University,2,AL,17,109644,78221,6097,
122296,Samuel Merritt University,2,CA,26,128404,102622,1926,
227924,San Antonio College,1,TX,2,88449,71351,19901,
112084,San Diego Christian College,2,CA,20,,68040,96,
122375,San Diego Mesa College,1,CA,14,,,19212,
122409,San Diego State University,1,CA,16,145590,107966,41137,
120166,San Francisco Bay University,2,CA,28,89250,,389,
122506,San Francisco Conservatory of Music,2,CA,30,,,439,
122597,San Francisco State University,1,CA,16,137727,104567,22563,
227979,San Jacinto Community College,1,TX,8,,,31812,
122649,San Joaquin College of Law,2,CA,31,90043,,154,
122755,San Jose State University,1,CA,18,139682,105718,37661,
430670,San Juan Bautista School of Medicine,2,PR,25,,,425,
481535,Sanford Burnham Prebys Medical Discovery Institute,2,CA,26,214567,104778,52,
121619,Santa Ana College,1,CA,14,,,27248,
122931,Santa Clara University,2,CA,17,190994,122459,9728,
137096,Santa Fe College,1,FL,14,78247,51637,12758,
122977,Santa Monica College,1,CA,14,,,23453,
195304,Sarah Lawrence College,2,NY,21,,,1798,
494542,Sattler College,2,MA,-2,98280,59390,57,
140951,Savannah College of Art and Design,2,GA,18,98547,,18550,
140960,Savannah State University,1,GA,20,90414,75944,3193,
123095,Saybrook University,2,CA,17,,,1057,
143048,School of the Art Institute of Chicago,2,IL,30,129828,82296,3394,
172200,Schoolcraft Community College District,1,MI,14,,,8587,
228042,Schreiner University,2,TX,20,80069,66302,1326,
105747,Scottsdale Community College,1,AZ,3,,,7065,
123165,Scripps College,2,CA,21,155859,88924,1137,
236513,Seattle Central College,1,WA,14,,,5396,
439914,Seattle Institute of East Asian Medicine,2,WA,26,,,50,
236577,Seattle Pacific University,2,WA,17,95771,79488,2261,
236595,Seattle University,2,WA,17,92945,69927,7189,
102058,Selma University,2,AL,-2,,,95,
243498,Seminario Evangelico de Puerto Rico,2,PR,24,42358,,135,
137209,Seminole State College of Florida,1,FL,23,,,15390,
232885,Sentara College of Health Sciences,2,VA,26,101832,77111,312,
186584,Seton Hall University,2,NJ,16,144037,90762,9571,
215947,Seton Hill University,2,PA,19,89942,67920,1927,
195438,Sh'or Yoshuv Rabbinical College,2,NY,24,,,156,
123280,Shasta Bible College and Graduate School,2,CA,24,17476,,25,
123299,Shasta College,1,CA,14,,,9073,
199643,Shaw University,2,NC,22,,45234,964,
205443,Shawnee State University,1,OH,20,79410,54052,3231,
233541,Shenandoah University,2,VA,17,84708,65373,4454,
237792,Shepherd University,1,WV,20,79435,65541,3339,
461485,Shepherds Theological Seminary,2,NC,24,81202,55366,201,
218751,Sherman College of Chiropractic,2,SC,26,79599,62601,387,
216010,Shippensburg University of Pennsylvania,1,PA,18,126861,84758,5161,
236610,Shoreline Community College,1,WA,3,,,4477,
140988,Shorter University,2,GA,20,36248,46664,1318,
195474,Siena College,2,NY,20,101508,76275,3720,
172264,Siena Heights University,2,MI,19,72165,58261,1781,
461759,Simmons College of Kentucky,2,KY,21,38352,,506,
167783,Simmons University,2,MA,17,91932,66503,4666,
154350,Simpson College,2,IA,22,65181,60592,1251,
123457,Simpson University,2,CA,21,77182,69290,992,
205470,Sinclair Community College,1,OH,6,90486,61652,19415,
219374,Sinte Gleska University,1,SD,33,,,592,
219408,Sisseton Wahpeton College,1,SD,33,,,206,
231068,SIT Graduate Institute,2,VT,20,63353,,644,
200466,Sitting Bull College,1,ND,33,,,309,
236638,Skagit Valley College,1,WA,14,,,4028,
195526,Skidmore College,2,NY,21,137328,87836,2704,
123509,Skyline College,1,CA,14,,,9572,
216038,Slippery Rock University of Pennsylvania,1,PA,18,123817,81780,8376,
167835,Smith College,2,MA,21,157210,98078,2857,
230597,Snow College,1,UT,14,84142,63615,5577,
399911,Soka University of America,2,CA,21,165107,94534,495,
123563,Solano Community College,1,CA,14,,,9282,
123572,Sonoma State University,1,CA,18,129283,94391,5891,
420246,Sonoran University of Health Sciences,2,AZ,26,74168,50494,516,
123633,South Baylo University,2,CA,26,,,198,
218733,South Carolina State University,1,SC,20,87175,70173,3242,
219347,South Dakota School of Mines and Technology,1,SD,19,134132,85706,2576,
219356,South Dakota State University,1,SD,16,119069,86970,12056,
366003,South Florida Bible College and Theological Seminary,2,FL,22,29682,39423,471,
137315,South Florida State College,1,FL,23,,,2880,
482699,South Georgia State College,1,GA,23,67498,60783,1893,
105792,South Mountain Community College,1,AZ,2,,,4516,
236656,South Puget Sound Community College,1,WA,2,,,4871,
236504,South Seattle College,1,WA,14,,,5210,
409315,South Texas College,1,TX,14,83161,74019,27431,
228194,South Texas College of Law Houston,2,TX,31,176011,104232,1089,
417734,Southeast Missouri Hospital College of Nursing and Health Sciences,2,MO,26,50175,60869,202,
179557,Southeast Missouri State University,1,MO,18,101226,68423,9501,
176336,Southeastern Baptist College,2,MS,23,,,93,
199759,Southeastern Baptist Theological Seminary,2,NC,17,90327,56161,3220,
233602,Southeastern Free Will Baptist Bible College,2,NC,24,50902,,64,
160612,Southeastern Louisiana University,1,LA,18,92675,70606,14426,
207847,Southeastern Oklahoma State University,1,OK,18,81789,58428,5851,
137564,Southeastern University,2,FL,17,74078,56011,11510,
221661,Southern Adventist University,2,TN,19,67194,50051,3229,
107983,Southern Arkansas University Main Campus,1,AR,18,88428,66989,4732,
123952,Southern California Institute of Architecture,2,CA,32,,,418,
117575,Southern California Seminary,2,CA,22,56275,,161,
117672,Southern California University of Health Sciences,2,CA,26,87069,81636,2008,
221670,Southern College of Optometry,2,TN,26,122124,84409,530,
130493,Southern Connecticut State University,1,CT,18,115453,79201,9377,
149222,Southern Illinois University-Carbondale,1,IL,16,104333,70319,11790,
149231,Southern Illinois University-Edwardsville,1,IL,17,102274,78742,11893,
228246,Southern Methodist University,2,TX,16,195309,137567,12116,
206862,Southern Nazarene University,2,OK,18,68417,58583,2198,
183026,Southern New Hampshire University,2,NH,18,111727,75982,189531,
210146,Southern Oregon University,1,OR,18,108288,77433,5113,
160621,Southern University and A & M College,1,LA,16,95439,69525,7452,
160630,Southern University at New Orleans,1,LA,19,75533,56316,2468,
440916,Southern University Law Center,1,LA,31,111961,55681,827,
230603,Southern Utah University,1,UT,18,103713,73096,15444,
233611,Southern Virginia University,2,VA,21,64465,56144,936,
217776,Southern Wesleyan University,2,SC,20,56364,49550,980,
179326,Southwest Baptist University,2,MO,18,65116,53671,2199,
175078,Southwest Minnesota State University,1,MN,18,115654,80851,8214,
228468,Southwestern Adventist University,2,TX,22,68822,51055,764,
228486,Southwestern Christian College,2,TX,14,26248,,110,
207856,Southwestern Christian University,2,OK,22,,,399,
155900,Southwestern College,2,KS,22,70291,57039,1041,
188207,Southwestern College,2,NM,26,,,289,
123970,Southwestern Law School,2,CA,31,157977,,1006,
207865,Southwestern Oklahoma State University,1,OK,18,87107,65666,5186,
228343,Southwestern University,2,TX,21,98474,69799,1440,
157757,Spalding University,2,KY,18,88742,66586,1553,
218821,Spartanburg Methodist College,2,SC,1,66797,41119,1119,
141060,Spelman College,2,GA,21,114528,76220,3417,
148982,Spertus College,2,IL,24,181500,,89,
236692,Spokane Community College,1,WA,14,,,6813,
236708,Spokane Falls Community College,1,WA,14,,,4319,
172334,Spring Arbor University,2,MI,18,69143,50614,2441,
102234,Spring Hill College,2,AL,22,95769,62734,919,
167899,Springfield College,2,MA,17,104477,58725,2599,
475273,Springfield College-Regional  Online  and Continuing Education,2,MA,20,75141,46002,380,
195155,St Bernard's School of Theology and Ministry,2,NY,24,87996,63305,144,
195164,St Bonaventure University,2,NY,19,80708,67501,2752,
175005,St Catherine University,2,MN,17,84204,62841,3651,
195216,St Lawrence University,2,NY,21,115381,73625,1991,
154262,St Luke's College,2,IA,26,,58383,176,
174844,St Olaf College,2,MN,21,105387,69621,3124,
137078,St Petersburg College,1,FL,23,,,23936,
227854,St Philip's College,1,TX,6,82047,68867,17299,
199698,St. Andrews University,2,NC,22,63750,44850,676,
148876,St. Augustine College,2,IL,23,,,810,
195173,St. Francis College,2,NY,22,112944,67912,4567,
195720,St. John Fisher University,2,NY,17,113474,76873,3693,
137272,St. John Vianney College Seminary,2,FL,24,33310,,79,
163976,St. John's College,2,MD,21,,,583,
245652,St. John's College,2,NM,21,,,467,
148593,St. John's College-Department of Nursing,2,IL,26,90012,67454,132,
195809,St. John's University-New York,2,NY,17,151900,88319,19389,
195544,St. Joseph's University-New York,2,NY,18,109136,70561,3899,
163912,St. Mary's College of Maryland,1,MD,21,103604,67628,1630,
228149,St. Mary's University,2,TX,18,124701,76771,3456,
195243,St. Thomas Aquinas College,2,NY,20,105591,67408,2037,
137476,St. Thomas University,2,FL,17,111754,73358,7652,
243744,Stanford University,2,CA,15,320529,164411,18625,
123916,Starr King School for the Ministry,2,CA,24,94697,38716,77,
135391,State College of Florida-Manatee-Sarasota,1,FL,23,76389,60685,8750,
196149,State University of New York at Cortland,1,NY,19,88869,58537,6938,
196176,State University of New York at New Paltz,1,NY,18,96672,70835,7898,
196194,State University of New York at Oswego,1,NY,18,96346,63638,6715,
196246,State University of New York at Plattsburgh,1,NY,19,89483,64883,4540,
228431,Stephen F Austin State University,1,TX,18,95546,72884,10472,
179548,Stephens College,2,MO,20,68360,63343,568,
155937,Sterling College,2,KS,22,53767,42998,694,
231095,Sterling College,2,VT,22,,,57,
137546,Stetson University,2,FL,18,134981,73083,3775,
186867,Stevens Institute of Technology,2,NJ,16,217046,145385,8469,
164173,Stevenson University,2,MD,18,90038,77601,3684,
102270,Stillman College,2,AL,22,42975,48118,731,
186876,Stockton University,1,NJ,17,132450,80831,8631,
366340,Stone Child College,1,MT,33,,,292,
167996,Stonehill College,2,MA,21,113880,81984,2674,
196097,Stony Brook University,1,NY,15,173872,96994,26689,
168005,Suffolk University,2,MA,17,147285,106227,6356,
228501,Sul Ross State University,1,TX,18,85583,58757,2384,
447953,SUM Bible College and Theological Seminary,2,CA,24,45000,,319,
181543,Summit Christian College,2,NE,24,36322,,32,
196158,SUNY at Fredonia,1,NY,20,93464,61457,3179,
196219,SUNY at Purchase College,1,NY,21,99592,60749,3333,
196121,SUNY Brockport,1,NY,18,94618,69336,7482,
196130,SUNY Buffalo State University,1,NY,18,98841,67673,6188,
196167,SUNY College at Geneseo,1,NY,20,98519,70103,3945,
196200,SUNY College at Potsdam,1,NY,19,83959,53556,2832,
196033,SUNY College of Agriculture and Technology at Cobleskill,1,NY,22,84662,55745,1988,
196103,SUNY College of Environmental Science and Forestry,1,NY,16,114539,72441,2757,
196228,SUNY College of Optometry,1,NY,26,158269,96002,400,
196006,SUNY College of Technology at Alfred,1,NY,23,86154,58890,3781,
196015,SUNY College of Technology at Canton,1,NY,22,94282,66805,3459,
196024,SUNY College of Technology at Delhi,1,NY,22,75543,54922,3056,
196255,SUNY Downstate Health Sciences University,1,NY,25,122072,96850,2220,
196291,SUNY Maritime College,1,NY,20,102809,71181,1413,
196051,SUNY Morrisville,1,NY,23,80399,59000,2186,
196237,SUNY Old Westbury,1,NY,19,111757,82036,4709,
196185,SUNY Oneonta,1,NY,19,87657,61947,5337,
196112,SUNY Polytechnic Institute,1,NY,18,115528,84124,2733,
216278,Susquehanna University,2,PA,21,90093,79394,2255,
216287,Swarthmore College,2,PA,21,179589,107116,1623,
233718,Sweet Briar College,2,VA,21,96032,60820,444,
196413,Syracuse University,2,NY,15,149188,93251,22589,
155973,Tabor College,2,KS,22,59630,52299,621,
236753,Tacoma Community College,1,WA,14,,,6199,
124113,Taft College,1,CA,3,124185,,4464,
102298,Talladega College,2,AL,22,62000,59663,760,
137759,Tallahassee Community College,1,FL,14,69052,57101,12455,
137777,Talmudic College of Florida,2,FL,24,45107,,28,
186900,Talmudical Academy-New Jersey,2,NJ,24,,,72,
196440,Talmudical Institute of Upstate New York,2,NY,-2,,,17,
451404,Talmudical Seminary of Bobov,2,NY,24,,,602,
196431,Talmudical Seminary Oholei Torah,2,NY,24,,,400,
216311,Talmudical Yeshiva of Philadelphia,2,PA,24,51335,,112,
228529,Tarleton State University,1,TX,16,103109,73778,17433,
152530,Taylor University,2,IN,22,77623,64049,2548,
196468,Teachers College at Columbia University,2,NY,16,197628,124330,4401,
488800,Teachers College of San Joaquin,1,CA,32,,,974,
149329,Telshe Yeshiva-Chicago,2,IL,-2,,,91,
216339,Temple University,1,PA,15,152634,83975,29640,
221838,Tennessee State University,1,TN,16,100045,73809,6310,
221847,Tennessee Technological University,1,TN,16,106507,82737,10511,
221731,Tennessee Wesleyan University,2,TN,22,57646,50089,1198,
226152,Texas A & M International University,1,TX,18,119182,80014,8991,
228723,Texas A & M University-College Station,1,TX,15,187611,116013,78321,
224554,Texas A & M University-Commerce,1,TX,17,97995,68835,13252,
224147,Texas A & M University-Corpus Christi,1,TX,16,114215,77121,11266,
228705,Texas A & M University-Kingsville,1,TX,16,99700,69727,6864,
483036,Texas A&M University-Central Texas,1,TX,19,101985,82641,2403,
459949,Texas A&M University-San Antonio,1,TX,18,101827,83278,7956,
224545,Texas A&M University-Texarkana,1,TX,19,94842,77853,2412,
228866,Texas Chiropractic College Foundation Inc,2,TX,26,80232,54183,261,
228875,Texas Christian University,2,TX,16,168828,103969,12938,
228884,Texas College,2,TX,22,56331,47091,614,
228981,Texas Lutheran University,2,TX,22,77609,64602,1423,
229063,Texas Southern University,1,TX,16,113700,76491,8704,
228459,Texas State University,1,TX,16,102209,71761,40674,
229115,Texas Tech University,1,TX,15,153333,92847,40757,
229337,Texas Tech University Health Sciences Center,1,TX,27,132997,76329,5098,
492689,Texas Tech University Health Sciences Center-El Paso,1,TX,25,137415,98086,997,
229160,Texas Wesleyan University,2,TX,17,83224,79293,2487,
229179,Texas Woman's University,1,TX,17,107730,73549,15361,
131283,The Catholic University of America,2,DC,16,126873,88323,5243,
455433,The Chicago School at Anaheim,2,CA,26,84631,60300,523,
143978,The Chicago School at Chicago,2,IL,26,77348,69372,1100,
492607,The Chicago School at Dallas,2,TX,26,92438,65598,219,
455664,The Chicago School at Los Angeles,2,CA,26,88716,63024,3344,
491190,The Chicago School at San Diego,2,CA,26,,69829,112,
459745,The Chicago School at Washington DC,2,DC,26,67709,58706,564,
487153,The Chicago School at Xavier University of Louisiana,2,LA,-2,,65148,20,
201821,The Christ College of Nursing and Health Sciences,2,OH,26,92714,64501,717,
142294,The College of Idaho,2,ID,22,81101,62637,1090,
187134,The College of New Jersey,1,NJ,18,132272,88898,8141,
195234,The College of Saint Rose,2,NY,18,,,,
174899,The College of Saint Scholastica,2,MN,17,82524,64228,2930,
133960,The College of the Florida Keys,1,FL,14,75335,66959,1025,
206589,The College of Wooster,2,OH,21,98554,66048,1738,
475228,The Colleges of Law at Santa Barbara,2,CA,31,,,78,
125037,The Colleges of Law at Ventura,2,CA,31,71611,,288,
190372,The Cooper Union for the Advancement of Science and Art,2,NY,22,151120,102692,933,
235167,The Evergreen State College,1,WA,19,,,2490,
192110,The Juilliard School,2,NY,30,,,1073,
439701,The King's University,2,TX,24,79875,65138,540,
117751,The Master's University and Seminary,2,CA,17,73065,71568,2860,
167057,The New England Conservatory of Music,2,MA,30,,,853,
193654,The New School,2,NY,16,161572,98644,9068,
195049,The Rockefeller University,2,NY,27,283086,113973,281,
104665,The School of Architecture,2,AZ,32,,,8,
441131,The Seattle School of Theology & Psychology,2,WA,26,100577,52890,243,
157748,The Southern Baptist Theological Seminary,2,KY,24,83503,56838,4298,
494603,The Southwestern Baptist Theological Seminary,2,TX,-2,,,2850,
100751,The University of Alabama,1,AL,15,167053,84306,40846,
475237,The University of America,2,CA,-2,,,,
202763,The University of Findlay,2,OH,17,82949,66878,5016,
180489,The University of Montana,1,MT,15,100075,67797,10811,
180692,The University of Montana-Western,1,MT,22,80230,87969,1358,
171599,The University of Olivet,2,MI,22,68588,47819,979,
137847,The University of Tampa,2,FL,18,129731,92471,11433,
487010,The University of Tennessee Health Science Center,1,TN,27,158124,96061,3101,
220701,The University of Tennessee Southern,1,TN,22,64267,58636,1046,
221740,The University of Tennessee-Chattanooga,1,TN,17,130780,78823,11775,
221759,The University of Tennessee-Knoxville,1,TN,15,169285,96691,38728,
221768,The University of Tennessee-Martin,1,TN,19,90627,72539,7499,
228769,The University of Texas at Arlington,1,TX,15,149778,88010,44956,
228778,The University of Texas at Austin,1,TX,15,204231,124880,53864,
228787,The University of Texas at Dallas,1,TX,15,201928,134081,29886,
228796,The University of Texas at El Paso,1,TX,15,132430,91299,25039,
229027,The University of Texas at San Antonio,1,TX,15,123796,77802,35770,
228802,The University of Texas at Tyler,1,TX,16,138031,80469,10362,
229300,The University of Texas Health Science Center at Houston,1,TX,27,144795,92726,4938,
228644,The University of Texas Health Science Center at San Antonio,1,TX,27,162617,85078,3786,
416801,The University of Texas MD Anderson Cancer Center,1,TX,26,256557,,359,
228653,The University of Texas Medical Branch at Galveston,1,TX,27,147896,86261,3241,
229018,The University of Texas Permian Basin,1,TX,18,105974,81610,5585,
227368,The University of Texas Rio Grande Valley,1,TX,16,107034,85574,33881,
221519,The University of the South,2,TN,21,117941,69500,1724,
126012,The Wright Institute,2,CA,26,111308,124648,518,
216348,Theological Seminary of the Reformed Episcopal Church,2,PA,24,17175,21250,12,
216357,Thiel College,2,PA,22,73435,61738,950,
124292,Thomas Aquinas College,2,CA,21,,,566,
161563,Thomas College,2,ME,20,80788,58169,1635,
187046,Thomas Edison State University,1,NJ,19,,,7544,
126049,Thomas Jefferson School of Law,2,CA,31,117019,85000,262,
216366,Thomas Jefferson University,2,PA,16,134829,84249,8238,
172477,Thomas M Cooley Law School,2,MI,31,119095,,420,
183275,Thomas More College of Liberal Arts,2,NH,21,,,97,
157809,Thomas More University,2,KY,20,72677,54576,2350,
141167,Thomas University,2,GA,19,73980,43483,1471,
206048,Tiffin University,2,OH,18,76279,59979,3831,
141185,Toccoa Falls College,2,GA,22,57905,53759,3067,
196583,Torah Temimah Talmudical Seminary,2,NY,24,,,82,
176406,Tougaloo College,2,MS,21,42652,35958,1301,
196592,Touro University,2,NY,17,125430,86886,11937,
459736,Touro University California,2,CA,25,115765,90244,1144,
459824,Touro University Nevada,2,NV,25,94201,86075,1600,
459727,Touro University Worldwide,2,CA,18,71987,55680,2358,
164076,Towson University,1,MD,18,115714,82876,19401,
445054,Toyota Technological Institute at Chicago,2,IL,28,,,39,
157818,Transylvania University,2,KY,21,105892,66068,1006,
221892,Trevecca Nazarene University,2,TN,17,73716,64500,3195,
206154,Tri-State Bible College,2,OH,24,,,21,
152567,Trine University,2,IN,22,108854,63184,4646,
414878,Trine University-Regional/Non-Traditional Campuses,2,IN,19,,,9868,
128258,Trinidad State College,1,CO,5,56497,,1613,
137953,Trinity Baptist College,2,FL,22,55720,42766,427,
200484,Trinity Bible College and Graduate School,2,ND,24,61737,39205,275,
149505,Trinity Christian College,2,IL,22,75099,62189,854,
130590,Trinity College,2,CT,21,149182,92235,2238,
137962,Trinity College of Florida,2,FL,22,53550,50963,152,
146755,Trinity College of Nursing & Health Sciences,2,IL,26,67354,62649,65,
216463,Trinity Episcopal School for Ministry,2,PA,24,80672,60651,169,
135610,Trinity International University-Florida,2,FL,22,,,,
149514,Trinity International University-Illinois,2,IL,17,69787,50224,869,
123448,Trinity Law School,2,CA,31,150000,90000,273,
229267,Trinity University,2,TX,21,137200,90525,2687,
225308,Trinity Valley Community College,1,TX,4,,,5961,
131876,Trinity Washington University,2,DC,19,82970,73502,1948,
196653,Trocaire College,2,NY,26,93811,69334,1069,
102368,Troy University,1,AL,18,83182,70168,13658,
182500,Truckee Meadows Community College,1,NV,14,101206,,10885,
141237,Truett McConnell University,2,GA,22,45931,41517,2615,
178615,Truman State University,1,MO,19,79225,61643,3664,
168148,Tufts University,2,MA,15,177792,106998,13599,
160755,Tulane University of Louisiana,2,LA,15,170862,106823,13310,
200527,Turtle Mountain Community College,2,ND,33,,,872,
221953,Tusculum University,2,TN,19,50743,43013,1103,
102377,Tuskegee University,2,AL,19,89304,48315,3121,
229355,Tyler Junior College,1,TX,14,56833,,11885,
181738,Union Adventist University,2,NE,22,62030,59991,729,
491525,Union Bible College,2,IN,24,11790,,218,
196866,Union College,2,NY,21,140328,87212,2065,
157863,Union College,2,KY,20,55577,49679,1324,
233842,Union Presbyterian Seminary,2,VA,24,95991,61485,159,
196884,Union Theological Seminary in the City of New York,2,NY,24,124793,66976,234,
221971,Union University,2,TN,17,84671,64727,2713,
213631,United Lutheran Seminary,2,PA,24,75034,73152,254,
128328,United States Air Force Academy,1,CO,22,125028,95345,4114,
130624,United States Coast Guard Academy,1,CT,22,95543,63739,1108,
197027,United States Merchant Marine Academy,1,NY,22,143124,97999,976,
197036,United States Military Academy,1,NY,21,136804,95803,4473,
164155,United States Naval Academy,1,MD,21,149311,103683,4474,
102395,United States Sports Academy,2,AL,32,83536,49125,367,
197018,United Talmudical Seminary,2,NY,24,48357,23313,2241,
206288,United Theological Seminary,2,OH,24,73663,59363,510,
175139,United Theological Seminary of the Twin Cities,2,MN,24,78647,47432,226,
200554,United Tribes Technical College,2,ND,33,,,576,
161572,Unity Environmental University,2,ME,20,54209,44454,7165,
376385,Universal Technology College of Puerto Rico,2,PR,26,28191,,149,
241191,Universidad Adventista de las Antillas,2,PR,20,35738,28941,939,
243346,Universidad Ana G. Mendez-Carolina Campus,2,PR,18,46115,36781,5185,
241739,Universidad Ana G. Mendez-Cupey Campus,2,PR,18,50555,41126,6097,
243601,Universidad Ana G. Mendez-Gurabo Campus,2,PR,17,53297,39106,9909,
241225,Universidad Central de Bayamon,2,PR,20,33053,22320,698,
243568,Universidad Central Del Caribe,2,PR,25,34200,38080,604,
243443,Universidad del Sagrado Corazon,2,PR,19,42231,46811,5037,
441690,Universidad Pentecostal Mizpa,2,PR,24,7627,,225,
243577,Universidad Politecnica de Puerto Rico,2,PR,19,46328,30758,4223,
241614,Universidad Teologica del Caribe,2,PR,24,22843,,266,
196060,University at Albany,1,NY,15,135757,81218,17560,
196088,University at Buffalo,1,NY,15,156544,85647,31903,
200800,University of Akron Main Campus,1,OH,16,108338,85849,13332,
200846,University of Akron Wayne College,1,OH,3,81431,,1411,
100663,University of Alabama at Birmingham,1,AL,15,160333,88941,20905,
100706,University of Alabama in Huntsville,1,AL,15,139459,90664,8564,
102553,University of Alaska Anchorage,1,AK,18,112325,80152,10493,
102614,University of Alaska Fairbanks,1,AK,16,113962,81107,6893,
102632,University of Alaska Southeast,1,AK,19,95879,74807,2000,
104179,University of Arizona,1,AZ,15,149081,90846,56365,
106397,University of Arkansas,1,AR,15,143695,85722,33610,
106245,University of Arkansas at Little Rock,1,AR,16,93136,72033,8216,
106485,University of Arkansas at Monticello,1,AR,19,71721,55689,2856,
106412,University of Arkansas at Pine Bluff,1,AR,22,65912,57083,2005,
106263,University of Arkansas for Medical Sciences,1,AR,27,165253,75469,3485,
442569,University of Arkansas Grantham,1,AR,18,,,5646,
108092,University of Arkansas-Fort Smith,1,AR,22,78697,61421,5496,
161873,University of Baltimore,1,MD,18,160734,118360,3187,
128744,University of Bridgeport,2,CT,17,85729,60874,3838,
110398,University of California College of the Law-San Francisco,1,CA,31,200422,,1195,
110635,University of California-Berkeley,1,CA,15,255644,140525,45882,
110644,University of California-Davis,1,CA,15,212624,126496,40065,
110653,University of California-Irvine,1,CA,15,221991,125375,37297,
110662,University of California-Los Angeles,1,CA,15,279180,132775,47335,
445188,University of California-Merced,1,CA,16,185695,118602,9110,
110671,University of California-Riverside,1,CA,15,207654,118147,26384,
110680,University of California-San Diego,1,CA,15,230298,131849,44256,
110699,University of California-San Francisco,1,CA,27,172176,96631,3007,
110705,University of California-Santa Barbara,1,CA,15,247579,127952,26133,
110714,University of California-Santa Cruz,1,CA,15,217542,126404,19938,
106704,University of Central Arkansas,1,AR,17,83762,66905,10112,
132903,University of Central Florida,1,FL,15,157157,91745,69713,
176965,University of Central Missouri,1,MO,18,99965,76375,12857,
206941,University of Central Oklahoma,1,OK,18,92280,66545,12554,
237312,University of Charleston,2,WV,17,72015,59905,3062,
144050,University of Chicago,2,IL,15,274986,144952,18566,
201955,University of Cincinnati-Blue Ash College,1,OH,14,107258,61822,7787,
201946,University of Cincinnati-Clermont College,1,OH,14,111064,67910,9479,
201885,University of Cincinnati-Main Campus,1,OH,15,139116,83309,45026,
126614,University of Colorado Boulder,1,CO,15,165206,117345,38799,
126580,University of Colorado Colorado Springs,1,CO,16,123613,83553,11354,
126562,University of Colorado Denver/Anschutz Medical Campus,1,CO,15,144435,96883,23124,
129020,University of Connecticut,1,CT,15,178179,100472,28306,
436827,University of Connecticut-Avery Point,1,CT,-2,,,477,
463056,University of Connecticut-Hartford Campus,1,CT,-2,,,1544,
436836,University of Connecticut-Stamford,1,CT,-2,,,2482,
436818,University of Connecticut-Waterbury Campus,1,CT,-2,,,745,
224323,University of Dallas,2,TX,18,107274,75124,2078,
202480,University of Dayton,2,OH,16,121661,86785,10506,
130943,University of Delaware,1,DE,15,172130,109966,24412,
127060,University of Denver,2,CO,15,154072,99935,12813,
169716,University of Detroit Mercy,2,MI,17,128005,80625,5587,
153278,University of Dubuque,2,IA,19,84580,61722,1757,
150534,University of Evansville,2,IN,19,89814,75228,2114,
134130,University of Florida,1,FL,15,176202,100326,56311,
484473,University of Florida-Online,1,FL,22,,,5655,
457402,University of Fort Lauderdale,2,FL,32,48750,,368,
139959,University of Georgia,1,GA,15,148120,105221,43146,
240754,University of Guam,1,GU,19,120979,79954,2896,
129525,University of Hartford,2,CT,17,88915,69536,6015,
141565,University of Hawaii at Hilo,1,HI,17,123852,90906,2668,
141574,University of Hawaii at Manoa,1,HI,15,161083,106832,20028,
141839,University of Hawaii Maui College,1,HI,14,113970,83922,2792,
141981,University of Hawaii-West Oahu,1,HI,22,123690,87528,2814,
179265,University of Health Sciences and Pharmacy in St. Louis,2,MO,26,121092,73011,648,
160065,University of Holy Cross,2,LA,20,70509,71496,802,
225511,University of Houston,1,TX,15,169582,104774,47980,
225414,University of Houston-Clear Lake,1,TX,17,109764,81379,8137,
225432,University of Houston-Downtown,1,TX,18,106898,85741,13730,
225502,University of Houston-Victoria,1,TX,18,101586,66976,3586,
142285,University of Idaho,1,ID,16,113960,76336,12286,
145600,University of Illinois Chicago,1,IL,15,181486,114364,33906,
148654,University of Illinois Springfield,1,IL,18,111337,84062,4628,
145637,University of Illinois Urbana-Champaign,1,IL,15,176431,108510,59238,
151263,University of Indianapolis,2,IN,17,89115,67420,5000,
153658,University of Iowa,1,IA,15,156051,90035,30779,
200156,University of Jamestown,2,ND,20,74047,60395,1376,
155317,University of Kansas,1,KS,15,134087,87196,29792,
157085,University of Kentucky,1,KY,15,142408,95718,34709,
117140,University of La Verne,2,CA,17,111953,68979,5021,
160658,University of Louisiana at Lafayette,1,LA,15,114378,76942,15665,
159993,University of Louisiana at Monroe,1,LA,17,87601,63662,8601,
157289,University of Louisville,1,KY,15,115212,71979,23065,
232609,University of Lynchburg,2,VA,17,80535,71104,2316,
161253,University of Maine,1,ME,15,139121,81108,12029,
161217,University of Maine at Augusta,1,ME,22,90295,63882,4412,
161226,University of Maine at Farmington,1,ME,22,90663,59969,2100,
161235,University of Maine at Fort Kent,1,ME,22,95470,59836,1562,
161341,University of Maine at Presque Isle,1,ME,22,90690,61059,2873,
200217,University of Mary,2,ND,17,87709,72361,3861,
226471,University of Mary Hardin-Baylor,2,TX,17,95596,70204,3321,
232681,University of Mary Washington,1,VA,21,101775,73234,3826,
163338,University of Maryland Eastern Shore,1,MD,16,116950,85953,3177,
163204,University of Maryland Global Campus,1,MD,18,93153,76880,63012,
163259,University of Maryland  Baltimore,1,MD,27,187901,107921,6636,
163268,University of Maryland-Baltimore County,1,MD,15,156379,100273,13906,
163286,University of Maryland-College Park,1,MD,15,210639,128507,41725,
166708,University of Massachusetts Chan Medical School,1,MA,27,139316,90003,1489,
262086,University of Massachusetts Global,1,CA,17,96039,83557,8996,
166629,University of Massachusetts-Amherst,1,MA,15,176850,114223,31726,
166638,University of Massachusetts-Boston,1,MA,16,164711,99362,15575,
167987,University of Massachusetts-Dartmouth,1,MA,16,150162,87534,7968,
166513,University of Massachusetts-Lowell,1,MA,16,171583,105789,16598,
220862,University of Memphis,1,TN,15,119674,81567,20276,
135726,University of Miami,2,FL,15,208497,117013,19852,
170976,University of Michigan-Ann Arbor,1,MI,15,200388,113919,52855,
171137,University of Michigan-Dearborn,1,MI,18,129551,99519,8104,
171146,University of Michigan-Flint,1,MI,17,121587,86381,6529,
174075,University of Minnesota-Crookston,1,MN,22,110424,76818,2612,
174233,University of Minnesota-Duluth,1,MN,18,110042,72132,9253,
174251,University of Minnesota-Morris,1,MN,21,95440,63739,981,
456959,University of Minnesota-Rochester,1,MN,26,107305,74666,578,
174066,University of Minnesota-Twin Cities,1,MN,15,162404,98946,56666,
176017,University of Mississippi,1,MS,15,126162,88641,26449,
178396,University of Missouri-Columbia,1,MO,15,146069,89757,31543,
178402,University of Missouri-Kansas City,1,MO,16,128146,81278,14732,
178420,University of Missouri-St Louis,1,MO,16,107402,82003,14736,
101693,University of Mobile,2,AL,20,55334,50576,1545,
101709,University of Montevallo,1,AL,19,94343,75306,3088,
199069,University of Mount Olive,2,NC,20,72092,61206,2109,
193399,University of Mount Saint Vincent,2,NY,22,101545,95785,3774,
204185,University of Mount Union,2,OH,20,81638,64696,2461,
181215,University of Nebraska at Kearney,1,NE,18,92053,66007,5881,
181394,University of Nebraska at Omaha,1,NE,16,106082,81764,14972,
181428,University of Nebraska Medical Center,1,NE,27,120650,78657,3988,
181464,University of Nebraska-Lincoln,1,NE,15,146800,95726,24393,
182281,University of Nevada-Las Vegas,1,NV,15,169990,102738,32911,
182290,University of Nevada-Reno,1,NV,15,165608,107809,23024,
161457,University of New England,2,ME,16,106129,80717,6573,
183071,University of New Hampshire at Manchester,1,NH,21,129594,87956,663,
183257,University of New Hampshire College of Professional Studies Online,1,NH,20,,,1478,
182829,University of New Hampshire-Franklin Pierce School of Law,1,NH,31,155023,94854,718,
183044,University of New Hampshire-Main Campus,1,NH,15,146669,96645,13554,
129941,University of New Haven,2,CT,18,143135,100937,9229,
187985,University of New Mexico-Main Campus,1,NM,15,138183,88508,23124,
159939,University of New Orleans,1,LA,16,100708,88202,6501,
101879,University of North Alabama,1,AL,18,102462,74095,10204,
199111,University of North Carolina Asheville,1,NC,21,98286,79852,3056,
199120,University of North Carolina at Chapel Hill,1,NC,15,176707,100273,32438,
199139,University of North Carolina at Charlotte,1,NC,16,137471,95098,31091,
199148,University of North Carolina at Greensboro,1,NC,16,114924,83268,18012,
199281,University of North Carolina at Pembroke,1,NC,18,97339,76640,7674,
199184,University of North Carolina School of the Arts,1,NC,30,93094,73964,1111,
199218,University of North Carolina Wilmington,1,NC,16,114632,87885,18848,
200280,University of North Dakota,1,ND,16,125101,84001,15019,
136172,University of North Florida,1,FL,16,121418,83815,16154,
482680,University of North Georgia,1,GA,18,90457,74446,19291,
227216,University of North Texas,1,TX,15,133755,92539,46864,
484905,University of North Texas at Dallas,1,TX,18,113251,92917,3794,
228909,University of North Texas Health Science Center,1,TX,25,153169,89623,2332,
127741,University of Northern Colorado,1,CO,17,96417,70324,8869,
154095,University of Northern Iowa,1,IA,18,91112,70554,9278,
204486,University of Northwestern Ohio,2,OH,23,57417,46282,2525,
174491,University of Northwestern-St Paul,2,MN,20,66000,57922,3234,
152080,University of Notre Dame,2,IN,15,219254,135028,13042,
207342,University of Oklahoma-Health Sciences Center,1,OK,27,123729,81270,3680,
207500,University of Oklahoma-Norman Campus,1,OK,15,149306,94902,30851,
209551,University of Oregon,1,OR,15,150971,100513,24404,
215062,University of Pennsylvania,2,PA,15,280736,163478,29109,
157535,University of Pikeville,2,KY,17,76371,58262,2547,
215266,University of Pittsburgh-Bradford,1,PA,22,100183,75075,1009,
215275,University of Pittsburgh-Greensburg,1,PA,21,97419,70740,1321,
215284,University of Pittsburgh-Johnstown,1,PA,22,95501,68245,1813,
215293,University of Pittsburgh-Pittsburgh Campus,1,PA,15,156199,87811,35724,
209825,University of Portland,2,OR,19,122729,91782,3285,
180258,University of Providence,2,MT,20,66167,55606,763,
243151,University of Puerto Rico at Cayey,1,PR,21,61214,45299,2093,
243212,University of Puerto Rico at Ponce,1,PR,22,60368,49070,2373,
243106,University of Puerto Rico-Aguadilla,1,PR,22,59772,46977,1928,
243115,University of Puerto Rico-Arecibo,1,PR,22,77648,57418,2704,
243133,University of Puerto Rico-Bayamon,1,PR,22,62384,47726,2851,
243142,University of Puerto Rico-Carolina,1,PR,22,86078,64654,2576,
243179,University of Puerto Rico-Humacao,1,PR,22,60893,47892,2577,
243197,University of Puerto Rico-Mayaguez,1,PR,19,84692,63302,10618,
243203,University of Puerto Rico-Medical Sciences,1,PR,25,76930,54084,1944,
243221,University of Puerto Rico-Rio Piedras,1,PR,16,62568,50697,11312,
243188,University of Puerto Rico-Utuado,1,PR,23,79815,61623,334,
236328,University of Puget Sound,2,WA,21,109431,73576,1864,
121691,University of Redlands,2,CA,18,109727,75645,3087,
217484,University of Rhode Island,1,RI,16,123694,82085,17210,
233374,University of Richmond,2,VA,21,184275,115901,3722,
205203,University of Rio Grande,2,OH,23,82249,60218,2258,
195030,University of Rochester,2,NY,15,185289,100876,11946,
152336,University of Saint Francis-Fort Wayne,2,IN,19,75616,63610,1763,
130314,University of Saint Joseph,2,CT,18,92881,70054,1952,
488785,University of Saint Katherine,2,CA,22,,,,
155812,University of Saint Mary,2,KS,19,72726,58394,1462,
148885,University of Saint Mary of the Lake,2,IL,24,109446,66821,200,
122436,University of San Diego,2,CA,16,141243,95893,9714,
122612,University of San Francisco,2,CA,17,161852,103915,8913,
207722,University of Science and Arts of Oklahoma,1,OK,21,64595,50936,1027,
215929,University of Scranton,2,PA,18,126293,90401,4724,
497107,University of Silicon Andhra,2,CA,-2,157500,,238,
219383,University of Sioux Falls,2,SD,19,71789,59464,1450,
102094,University of South Alabama,1,AL,16,92452,66315,14003,
218645,University of South Carolina Aiken,1,SC,20,96494,76535,4022,
218654,University of South Carolina Beaufort,1,SC,22,94939,68480,2208,
218663,University of South Carolina-Columbia,1,SC,15,155170,96678,38532,
218742,University of South Carolina-Upstate,1,SC,22,89534,70561,4916,
219471,University of South Dakota,1,SD,16,115317,81380,10619,
137351,University of South Florida,1,FL,15,144256,98712,49622,
123961,University of Southern California,2,CA,15,210592,124503,46566,
151306,University of Southern Indiana,1,IN,18,92007,66136,9488,
161554,University of Southern Maine,1,ME,18,120200,74677,7604,
176372,University of Southern Mississippi,1,MS,15,99284,71397,13170,
148584,University of St Francis,2,IL,17,89358,65542,3074,
174914,University of St Thomas,2,MN,17,126206,96224,9410,
227863,University of St Thomas,2,TX,17,83439,62288,4301,
228635,University of Texas Southwestern Medical Center,1,TX,27,210867,86933,2549,
215105,University of the Arts,2,PA,30,,,,
156541,University of the Cumberlands,2,KY,17,64768,56187,22120,
131399,University of the District of Columbia,1,DC,19,89345,67049,4202,
225627,University of the Incarnate Word,2,TX,17,94142,74582,7047,
107558,University of the Ozarks,2,AR,22,63804,56281,778,
120883,University of the Pacific,2,CA,17,125432,92595,6944,
488846,University of the People,2,CA,18,,,41961,
188182,University of the Southwest,2,NM,18,43275,30275,1130,
243665,University of the Virgin Islands,1,VI,20,87127,58471,1792,
449870,University of the West,2,CA,21,73647,44405,138,
206084,University of Toledo,1,OH,16,115666,88012,14358,
207971,University of Tulsa,2,OK,16,134615,120611,3914,
230764,University of Utah,1,UT,15,169178,101590,36894,
216542,University of Valley Forge,2,PA,22,66521,48932,589,
231174,University of Vermont,1,VT,16,127296,79290,14476,
233897,University of Virginia's College at Wise,1,VA,21,110435,70096,2167,
234076,University of Virginia-Main Campus,1,VA,15,213942,110226,26409,
377555,University of Washington-Bothell Campus,1,WA,18,141012,111021,6058,
236948,University of Washington-Seattle Campus,1,WA,15,168660,109817,56997,
377564,University of Washington-Tacoma Campus,1,WA,18,133891,96304,4965,
101587,University of West Alabama,1,AL,18,89980,63161,6820,
138354,University of West Florida,1,FL,18,125683,87030,14822,
141334,University of West Georgia,1,GA,17,93293,73367,14337,
210438,University of Western States,2,OR,17,96164,65277,959,
240268,University of Wisconsin-Eau Claire,1,WI,19,92415,79676,10049,
240277,University of Wisconsin-Green Bay,1,WI,19,82380,72961,11174,
240329,University of Wisconsin-La Crosse,1,WI,18,85593,67078,10446,
240444,University of Wisconsin-Madison,1,WI,15,191561,115593,51044,
240453,University of Wisconsin-Milwaukee,1,WI,15,121777,89094,22450,
491288,University of Wisconsin-Milwaukee Flex,1,WI,22,,,551,
240365,University of Wisconsin-Oshkosh,1,WI,17,95224,72188,12953,
240374,University of Wisconsin-Parkside,1,WI,19,87564,78400,3925,
491297,University of Wisconsin-Parkside Flex,1,WI,29,,,173,
240462,University of Wisconsin-Platteville,1,WI,18,83998,70219,6389,
240471,University of Wisconsin-River Falls,1,WI,19,89244,73616,5243,
240480,University of Wisconsin-Stevens Point,1,WI,19,79902,69381,8233,
240417,University of Wisconsin-Stout,1,WI,18,84871,72877,6926,
240426,University of Wisconsin-Superior,1,WI,19,70975,61474,2833,
240189,University of Wisconsin-Whitewater,1,WI,18,94259,79313,11746,
240727,University of Wyoming,1,WY,16,126323,89302,10813,
154493,Upper Iowa University,2,IA,18,68492,52824,3941,
440004,Upper Valley Educators Institute,2,NH,-2,,,51,
196307,Upstate Medical University,1,NY,25,123561,50832,1341,
494685,Urshan College,2,MO,22,40028,42455,474,
455099,Urshan Graduate School of Theology,2,MO,24,50852,51970,116,
216524,Ursinus College,2,PA,21,103257,76685,1502,
206349,Ursuline College,2,OH,19,66652,57634,970,
446604,Uta Mesivta of Kiryas Joel,2,NY,24,53247,,2957,
230728,Utah State University,1,UT,15,134376,81718,28904,
230171,Utah Tech University,1,UT,22,100120,70820,13167,
230737,Utah Valley University,1,UT,18,114131,85244,46807,
197045,Utica University,2,NY,18,105740,84179,3627,
141264,Valdosta State University,1,GA,17,95184,70899,10262,
138187,Valencia College,1,FL,14,,,47425,
200572,Valley City State University,1,ND,22,81009,55134,1806,
486257,Valor Christian College,2,OH,13,,,414,
152600,Valparaiso University,2,IN,17,86130,67342,2579,
221999,Vanderbilt University,2,TN,15,221801,111831,13575,
149639,VanderCook College of Music,2,IL,32,68420,57910,323,
123651,Vanguard University of Southern California,2,CA,19,97678,71733,2246,
197133,Vassar College,2,NY,21,169579,100245,2462,
188340,Vaughn College of Aeronautics and Technology,2,NY,22,113804,79611,1405,
482228,Veritas Baptist College,2,IN,24,34952,,211,
455992,Vermont College of Fine Arts,2,VT,19,,,190,
231147,Vermont Law and Graduate School,2,VT,31,92358,69694,722,
231165,Vermont State University,1,VT,23,78865,57505,5093,
197142,Villa Maria College,2,NY,22,60318,44110,611,
216597,Villanova University,2,PA,16,166637,93846,10041,
152637,Vincennes University,1,IN,23,74231,56516,19795,
449834,Virginia Beach Theological Seminary,2,VA,24,46015,,33,
234030,Virginia Commonwealth University,1,VA,15,157535,86300,28464,
234085,Virginia Military Institute,1,VA,21,99655,68406,1527,
233921,Virginia Polytechnic Institute and State University,1,VA,15,174077,107820,38857,
234155,Virginia State University,1,VA,19,108453,78973,5605,
234164,Virginia Union University,2,VA,21,60000,51000,1646,
490106,Virginia University of Integrative Medicine,2,VA,26,54830,,457,
234137,Virginia University of Lynchburg,2,VA,23,,,581,
234173,Virginia Wesleyan University,2,VA,21,90491,71505,1853,
449764,Visible Music College,2,TN,30,18131,21808,89,
240107,Viterbo University,2,WI,18,73218,62287,2094,
218919,Voorhees University,2,SC,22,62638,45008,578,
152673,Wabash College,2,IN,21,108478,68409,866,
197197,Wagner College,2,NY,19,101239,78369,2001,
199847,Wake Forest University,2,NC,16,153302,79266,9322,
236887,Walla Walla Community College,1,WA,14,,,2967,
236896,Walla Walla University,2,WA,20,73084,60081,1426,
172608,Walsh College,2,MI,29,107246,83250,908,
206437,Walsh University,2,OH,17,59147,49497,2192,
210304,Warner Pacific University,2,OR,22,72310,71949,378,
480198,Warner Pacific University Professional and Graduate Studies,2,OR,22,,,257,
138275,Warner University,2,FL,20,50135,45599,900,
199865,Warren Wilson College,2,NC,21,61226,54479,791,
154527,Wartburg College,2,IA,21,77264,58113,1483,
154536,Wartburg Theological Seminary,2,IA,24,74177,49229,161,
156082,Washburn University,1,KS,19,112247,71793,6033,
216667,Washington & Jefferson College,2,PA,21,86145,63761,1309,
162210,Washington Adventist University,2,MD,20,59441,50592,612,
234207,Washington and Lee University,2,VA,21,167611,99676,2241,
164216,Washington College,2,MD,21,73627,49107,923,
206446,Washington State Community College,1,OH,9,61858,63655,2025,
236939,Washington State University,1,WA,15,127297,83005,25685,
179867,Washington University in St Louis,2,MO,15,208805,122979,16357,
199883,Watts College of Nursing,2,NC,-2,,,124,
229780,Wayland Baptist University,2,TX,18,56533,52412,2809,
181783,Wayne State College,1,NE,18,88995,65096,4666,
172644,Wayne State University,1,MI,15,143302,87875,23803,
216694,Waynesburg University,2,PA,19,74803,57780,1231,
229799,Weatherford College,1,TX,4,,,6520,
197221,Webb Institute,2,NY,28,131286,99266,106,
138293,Webber International University,2,FL,22,46895,42780,878,
230782,Weber State University,1,UT,18,110653,77215,32701,
179894,Webster University,2,MO,18,91621,78320,8260,
190424,Weill Medical College of Cornell University,2,NY,27,,,1474,
220206,Welch College,2,TN,22,46204,31792,389,
168218,Wellesley College,2,MA,21,170507,105172,2407,
197230,Wells College,2,NY,21,,,,
236975,Wenatchee Valley College,1,WA,14,,,3067,
168227,Wentworth Institute of Technology,2,MA,20,128100,86994,4191,
176451,Wesley Biblical Seminary,2,MS,24,60000,45000,170,
131973,Wesley Theological Seminary,2,DC,24,87987,72458,374,
141325,Wesleyan College,2,GA,22,62441,48787,531,
130697,Wesleyan University,2,CT,21,173994,100620,4011,
216764,West Chester University of Pennsylvania,1,PA,16,122870,85066,17171,
237932,West Liberty University,1,WV,19,76399,57319,2299,
125471,West Los Angeles College,1,CA,14,,,9255,
229814,West Texas A & M University,1,TX,18,91992,78147,9045,
237880,West Virginia School of Osteopathic Medicine,1,WV,25,,,835,
237899,West Virginia State University,1,WV,20,71188,60194,3246,
238032,West Virginia University,1,WV,15,136459,82930,23643,
237686,West Virginia University at Parkersburg,1,WV,23,73930,53353,2728,
237905,West Virginia University Hospital Departments of Rad Tech and Nutrition,2,WV,-2,,,64,
237950,West Virginia University Institute of Technology,1,WV,22,91112,65177,1278,
237969,West Virginia Wesleyan College,2,WV,22,67885,50059,1055,
200004,Western Carolina University,1,NC,17,109028,77595,11686,
128391,Western Colorado University,1,CO,19,84908,68977,3568,
130776,Western Connecticut State University,1,CT,19,111567,79302,4169,
433387,Western Governors University,2,UT,18,,,210208,
149772,Western Illinois University,1,IL,18,108288,71593,6332,
157951,Western Kentucky University,1,KY,17,89740,68205,16291,
172699,Western Michigan University,1,MI,16,119970,79312,16744,
490373,Western Michigan University Homer Stryker M.D. School of Medicine,2,MI,25,,,346,
182564,Western Nevada College,1,NV,14,94431,,4284,
168254,Western New England University,2,MA,17,110565,87375,3674,
188304,Western New Mexico University,1,NM,18,89633,68825,3531,
210429,Western Oregon University,1,OR,18,83515,58773,3722,
210368,Western Seminary,2,OR,24,66437,60031,755,
172705,Western Theological Seminary,2,MI,24,86486,64067,397,
112525,Western University of Health Sciences,2,CA,25,129836,95731,3665,
237011,Western Washington University,1,WA,18,137510,84927,14710,
240693,Western Wyoming Community College,1,WY,9,81668,61688,2653,
168263,Westfield State University,1,MA,18,115812,80421,4588,
179946,Westminster College,2,MO,21,76451,63377,640,
216807,Westminster College,2,PA,21,80475,60225,1191,
216816,Westminster Theological Seminary,2,PA,24,70096,,1183,
125718,Westminster Theological Seminary in California,2,CA,24,85337,60703,108,
230807,Westminster University,2,UT,19,89712,71412,1155,
125727,Westmont College,2,CA,21,107109,76411,1310,
237039,Whatcom Community College,1,WA,14,,,3674,
149781,Wheaton College,2,IL,21,110350,72203,2874,
168281,Wheaton College (Massachusetts),2,MA,21,100661,72993,1785,
238078,Wheeling University,2,WV,19,45260,53755,774,
237057,Whitman College,2,WA,21,124655,84094,1561,
125763,Whittier College,2,CA,21,95971,70813,795,
237066,Whitworth University,2,WA,19,90626,75415,2314,
475200,Whitworth University-Adult Degree Programs,2,WA,22,,,145,
156125,Wichita State University,1,KS,16,104016,69600,16689,
216852,Widener University,2,PA,17,107092,73891,5713,
206491,Wilberforce University,2,OH,22,85500,62509,838,
229887,Wiley University,2,TX,22,91875,50082,783,
216931,Wilkes University,2,PA,17,112329,76684,5381,
210401,Willamette University,2,OR,21,116151,98787,2180,
231624,William & Mary,1,VA,16,144138,91761,9818,
176479,William Carey University,2,MS,17,85777,72327,5321,
166717,William James College,2,MA,26,113813,82086,967,
122728,William Jessup University,2,CA,19,83882,64975,1865,
179955,William Jewell College,2,MO,22,77481,55518,959,
187444,William Paterson University of New Jersey,1,NJ,18,138765,87394,9942,
199272,William Peace University,2,NC,22,71777,58338,722,
154590,William Penn University,2,IA,22,65391,55885,1425,
179964,William Woods University,2,MO,17,56930,48477,2046,
107877,Williams Baptist University,2,AR,22,58731,49209,517,
168342,Williams College,2,MA,21,178524,113622,2164,
443340,Williamson Christian College,2,TN,29,12210,,64,
206507,Wilmington College,2,OH,22,68474,54449,1040,
131113,Wilmington University,2,DE,17,132170,68287,13746,
217013,Wilson College,2,PA,19,77806,62167,1907,
206516,Winebrenner Theological Seminary,2,OH,24,45638,43001,122,
199962,Wingate University,2,NC,17,87950,71585,3458,
175272,Winona State University,1,MN,19,110569,82499,6045,
199999,Winston-Salem State University,1,NC,17,101107,75256,4782,
218964,Winthrop University,1,SC,18,94200,73230,4894,
240338,Wisconsin Lutheran College,2,WI,22,71646,67528,1027,
240213,Wisconsin School of Professional Psychology,2,WI,26,,,78,
206525,Wittenberg University,2,OH,21,77439,62932,1285,
218973,Wofford College,2,SC,21,89349,75351,1817,
491631,Women's Institute of Torah Seminary and College,2,MD,24,,,161,
442064,Won Institute of Graduate Studies,2,PA,26,,34485,118,
488907,Wongu University of Oriental Medicine,2,NV,26,,,29,
125897,Woodbury University,2,CA,20,,,849,
168421,Worcester Polytechnic Institute,2,MA,16,162202,109011,7584,
168430,Worcester State University,1,MA,18,112723,70873,5745,
401223,World Mission University,2,CA,24,63360,,510,
206613,Wright State University-Lake Campus,1,OH,22,,,1356,
206604,Wright State University-Main Campus,1,OH,16,117988,102866,10603,
206622,Xavier University,2,OH,17,106629,85875,5501,
160904,Xavier University of Louisiana,2,LA,19,110061,78639,3218,
237109,Yakima Valley College,1,WA,14,,,3809,
130794,Yale University,2,CT,15,288239,146018,15564,
106148,Yavapai College,1,AZ,2,,,7428,
490319,Yeshiva Bais Aharon,2,NJ,24,,,25,
491622,Yeshiva Chemdas Hatorah,2,NJ,24,,,72,
434937,Yeshiva College of the Nations Capital,2,MD,24,,,56,
420325,Yeshiva D'monsey Rabbinical College,2,NY,24,,,84,
197647,Yeshiva Derech Chaim,2,NY,24,,,147,
493716,Yeshiva Gedola Tiferes Yaakov Yitzchok,2,NJ,24,,,72,
491914,Yeshiva Gedola Tiferes Yerachmiel,2,NJ,13,,,177,
375230,Yeshiva Gedolah Imrei Yosef D'spinka,2,NY,24,,,226,
491640,Yeshiva Gedolah Keren Hatorah,2,NJ,13,,,181,
481410,Yeshiva Gedolah Kesser Torah,2,NY,24,,,84,
491710,Yeshiva Gedolah of Cliffwood,2,NJ,24,,,30,
247773,Yeshiva Gedolah of Greater Detroit,2,MI,24,,,75,
493707,Yeshiva Gedolah of Woodlake Village,2,NJ,24,,,87,
488350,Yeshiva Gedolah Shaarei Shmuel,2,NJ,24,,,150,
491613,Yeshiva Gedolah Tiferes Boruch,2,NJ,-2,,,81,
476692,Yeshiva Gedolah Zichron Leyma,2,NJ,24,,,47,
197601,Yeshiva Karlin Stolin,2,NY,24,,,164,
491057,Yeshiva Kollel Tifereth Elizer,2,NY,24,,,499,
190752,Yeshiva of Far Rockaway Derech Ayson Rabbinical Seminary,2,NY,24,,,86,
498809,Yeshiva of Kasho,2,NY,-2,49505,27082,185,
455257,Yeshiva of Machzikai Hadas,2,NY,24,,,515,
197674,Yeshiva of Nitra Rabbinical College,2,NY,24,31053,,264,
493594,Yeshiva of Ocean,2,NY,24,,,63,
431983,Yeshiva of the Telshe Alumni,2,NY,24,,,73,
126076,Yeshiva Ohr Elchonon Chabad West Coast Talmudical Seminary,2,CA,24,,,163,
490504,Yeshiva Ohr Naftoli,2,NY,24,,,49,
486017,Yeshiva Ohr Yisrael,2,NY,24,44700,,23,
490276,Yeshiva Shaar Ephraim,2,NY,24,56035,,113,
441609,Yeshiva Shaarei Torah of Rockland,2,NY,24,,,152,
486026,Yeshiva Sholom Shachna,2,NY,24,,,132,
451398,Yeshiva Toras Chaim,2,NJ,24,,,227,
197708,Yeshiva University,2,NY,17,178679,122632,6965,
494737,Yeshiva Yesoda Hatorah Vetz Chaim,2,NY,24,,,223,
481438,Yeshiva Yesodei Hatorah,2,NJ,24,,,76,
487746,Yeshiva Zichron Aryeh,2,NY,24,,,41,
363712,Yeshivah Gedolah Rabbinical College,2,FL,24,58007,,60,
451370,Yeshivas Be'er Yitzchok,2,NJ,24,,,90,
491765,Yeshivas Emek Hatorah,2,NJ,-2,,,101,
405058,Yeshivas Novominsk,2,NY,-2,,,157,
498906,Yeshivas Sanz Klauzenburg,2,NY,-2,35448,13781,98,
493664,Yeshivat Hechal Shemuel,2,NY,24,,,65,
217040,Yeshivath Beth Moshe,2,PA,24,,,34,
197692,Yeshivath Shaar Hatorah,2,NY,24,84150,,87,
197735,Yeshivath Viznitz,2,NY,24,,,1389,
197744,Yeshivath Zichron Moshe,2,NY,24,,,243,
401250,Yo San University of Traditional Chinese Medicine,2,CA,26,75660,,166,
217059,York College of Pennsylvania,2,PA,20,100222,75428,3825,
181853,York University,2,NE,22,58860,46965,532,
141361,Young Harris College,2,GA,21,64888,60961,1457,
206695,Youngstown State University,1,OH,18,94277,76214,12204,
204255,Zane State College,1,OH,6,58788,45535,1769,