UnitID,School,Rank,AvgSalary,Classification,Enrollment,State,Sector
177834,A T Still University of Health Sciences,Full Professor,122621,Special Focus Four-Year: Medical Schools & Centers,3466,MO,"Private not-for-profit, 4-year or above"
177834,A T Still University of Health Sciences,Assistant Professor,92847,Special Focus Four-Year: Medical Schools & Centers,3466,MO,"Private not-for-profit, 4-year or above"
222178,Abilene Christian University,Full Professor,103820,"Doctoral/Professional Universities
",5219,TX,"Private not-for-profit, 4-year or above"
222178,Abilene Christian University,Assistant Professor,75882,"Doctoral/Professional Universities
",5219,TX,"Private not-for-profit, 4-year or above"
138558,Abraham Baldwin Agricultural College,Full Professor,76050,Baccalaureate/Associate's Colleges: Mixed Baccalaureate/Associate's,3825,GA,"Public, 4-year or above"
138558,Abraham Baldwin Agricultural College,Assistant Professor,65819,Baccalaureate/Associate's Colleges: Mixed Baccalaureate/Associate's,3825,GA,"Public, 4-year or above"
384306,Acupuncture and Integrative Medicine College-Berkeley,Full Professor,52500,Special Focus Four-Year: Other Health Professions Schools,115,CA,"Private not-for-profit, 4-year or above"
126182,Adams State University,Full Professor,89245,Master's Colleges & Universities: Larger Programs,2901,CO,"Public, 4-year or above"
126182,Adams State University,Assistant Professor,54617,Master's Colleges & Universities: Larger Programs,2901,CO,"Public, 4-year or above"
188429,Adelphi University,Full Professor,150525,"Doctoral/Professional Universities
",7603,NY,"Private not-for-profit, 4-year or above"
188429,Adelphi University,Assistant Professor,96296,"Doctoral/Professional Universities
",7603,NY,"Private not-for-profit, 4-year or above"
374024,Adler Graduate School,Assistant Professor,61250,Special Focus Four-Year: Other Health Professions Schools,275,MN,"Private not-for-profit, 4-year or above"
142832,Adler University,Full Professor,95816,Special Focus Four-Year: Other Health Professions Schools,1631,IL,"Private not-for-profit, 4-year or above"
142832,Adler University,Assistant Professor,60005,Special Focus Four-Year: Other Health Professions Schools,1631,IL,"Private not-for-profit, 4-year or above"
168528,Adrian College,Full Professor,67281,Baccalaureate Colleges: Diverse Fields,1765,MI,"Private not-for-profit, 4-year or above"
168528,Adrian College,Assistant Professor,49548,Baccalaureate Colleges: Diverse Fields,1765,MI,"Private not-for-profit, 4-year or above"
133872,AdventHealth University,Full Professor,94211,Special Focus Four-Year: Other Health Professions Schools,1861,FL,"Private not-for-profit, 4-year or above"
133872,AdventHealth University,Assistant Professor,75236,Special Focus Four-Year: Other Health Professions Schools,1861,FL,"Private not-for-profit, 4-year or above"
138600,Agnes Scott College,Full Professor,105740,Baccalaureate Colleges: Arts & Sciences Focus,1079,GA,"Private not-for-profit, 4-year or above"
138600,Agnes Scott College,Assistant Professor,73889,Baccalaureate Colleges: Arts & Sciences Focus,1079,GA,"Private not-for-profit, 4-year or above"
126207,Aims Community College,Full Professor,80570,Associate's Colleges: High Transfer-High Nontraditional,8542,CO,"Public, 4-year or above"
126207,Aims Community College,Assistant Professor,60700,Associate's Colleges: High Transfer-High Nontraditional,8542,CO,"Public, 4-year or above"
100654,Alabama A & M University,Full Professor,106841,Master's Colleges & Universities: Larger Programs,7295,AL,"Public, 4-year or above"
100654,Alabama A & M University,Assistant Professor,74640,Master's Colleges & Universities: Larger Programs,7295,AL,"Public, 4-year or above"
100724,Alabama State University,Full Professor,89445,"Doctoral/Professional Universities
",4081,AL,"Public, 4-year or above"
100724,Alabama State University,Assistant Professor,67619,"Doctoral/Professional Universities
",4081,AL,"Public, 4-year or above"
102580,Alaska Bible College,Full Professor,65826,Special Focus Four-Year: Faith-Related Institutions,38,AK,"Private not-for-profit, 4-year or above"
102669,Alaska Pacific University,Full Professor,81404,Baccalaureate Colleges: Diverse Fields,593,AK,"Private not-for-profit, 4-year or above"
102669,Alaska Pacific University,Assistant Professor,61510,Baccalaureate Colleges: Diverse Fields,593,AK,"Private not-for-profit, 4-year or above"
188526,Albany College of Pharmacy and Health Sciences,Full Professor,116941,Special Focus Four-Year: Other Health Professions Schools,908,NY,"Private not-for-profit, 4-year or above"
188526,Albany College of Pharmacy and Health Sciences,Assistant Professor,82799,Special Focus Four-Year: Other Health Professions Schools,908,NY,"Private not-for-profit, 4-year or above"
188535,Albany Law School,Full Professor,115195,Special Focus Four-Year: Law Schools,670,NY,"Private not-for-profit, 4-year or above"
188535,Albany Law School,Assistant Professor,78856,Special Focus Four-Year: Law Schools,670,NY,"Private not-for-profit, 4-year or above"
138716,Albany State University,Full Professor,81297,Master's Colleges & Universities: Medium Programs,6768,GA,"Public, 4-year or above"
138716,Albany State University,Assistant Professor,62001,Master's Colleges & Universities: Medium Programs,6768,GA,"Public, 4-year or above"
128498,Albertus Magnus College,Full Professor,78500,Master's Colleges & Universities: Medium Programs,1239,CT,"Private not-for-profit, 4-year or above"
128498,Albertus Magnus College,Assistant Professor,71097,Master's Colleges & Universities: Medium Programs,1239,CT,"Private not-for-profit, 4-year or above"
168546,Albion College,Full Professor,81859,Baccalaureate Colleges: Arts & Sciences Focus,1308,MI,"Private not-for-profit, 4-year or above"
168546,Albion College,Assistant Professor,55876,Baccalaureate Colleges: Arts & Sciences Focus,1308,MI,"Private not-for-profit, 4-year or above"
132842,Albizu University-Miami,Full Professor,75109,"Doctoral/Professional Universities
",818,FL,"Private not-for-profit, 4-year or above"
132842,Albizu University-Miami,Assistant Professor,56369,"Doctoral/Professional Universities
",818,FL,"Private not-for-profit, 4-year or above"
241331,Albizu University-San Juan,Full Professor,48779,Special Focus Four-Year: Other Health Professions Schools,2504,PR,"Private not-for-profit, 4-year or above"
241331,Albizu University-San Juan,Assistant Professor,31904,Special Focus Four-Year: Other Health Professions Schools,2504,PR,"Private not-for-profit, 4-year or above"
210571,Albright College,Full Professor,71002,Baccalaureate Colleges: Arts & Sciences Focus,1380,PA,"Private not-for-profit, 4-year or above"
210571,Albright College,Assistant Professor,54390,Baccalaureate Colleges: Arts & Sciences Focus,1380,PA,"Private not-for-profit, 4-year or above"
175342,Alcorn State University,Full Professor,86003,Master's Colleges & Universities: Small Programs,2995,MS,"Public, 4-year or above"
175342,Alcorn State University,Assistant Professor,60607,Master's Colleges & Universities: Small Programs,2995,MS,"Public, 4-year or above"
188641,Alfred University,Full Professor,77740,Master's Colleges & Universities: Larger Programs,2007,NY,"Private not-for-profit, 4-year or above"
188641,Alfred University,Assistant Professor,60237,Master's Colleges & Universities: Larger Programs,2007,NY,"Private not-for-profit, 4-year or above"
156189,Alice Lloyd College,Full Professor,60497,Baccalaureate Colleges: Diverse Fields,589,KY,"Private not-for-profit, 4-year or above"
156189,Alice Lloyd College,Assistant Professor,41998,Baccalaureate Colleges: Diverse Fields,589,KY,"Private not-for-profit, 4-year or above"
210669,Allegheny College,Full Professor,91732,Baccalaureate Colleges: Arts & Sciences Focus,1171,PA,"Private not-for-profit, 4-year or above"
210669,Allegheny College,Assistant Professor,71140,Baccalaureate Colleges: Arts & Sciences Focus,1171,PA,"Private not-for-profit, 4-year or above"
200873,Allegheny Wesleyan College,Full Professor,25063,Special Focus Four-Year: Faith-Related Institutions,60,OH,"Private not-for-profit, 4-year or above"
200873,Allegheny Wesleyan College,Assistant Professor,19697,Special Focus Four-Year: Faith-Related Institutions,60,OH,"Private not-for-profit, 4-year or above"
152798,Allen College,Full Professor,85873,Special Focus Four-Year: Other Health Professions Schools,483,IA,"Private not-for-profit, 4-year or above"
152798,Allen College,Assistant Professor,66337,Special Focus Four-Year: Other Health Professions Schools,483,IA,"Private not-for-profit, 4-year or above"
217624,Allen University,Assistant Professor,49279,Baccalaureate Colleges: Arts & Sciences Focus,610,SC,"Private not-for-profit, 4-year or above"
168591,Alma College,Full Professor,87353,Baccalaureate Colleges: Diverse Fields,1197,MI,"Private not-for-profit, 4-year or above"
168591,Alma College,Assistant Professor,65298,Baccalaureate Colleges: Diverse Fields,1197,MI,"Private not-for-profit, 4-year or above"
210775,Alvernia University,Full Professor,85529,"Doctoral/Professional Universities
",2796,PA,"Private not-for-profit, 4-year or above"
210775,Alvernia University,Assistant Professor,72221,"Doctoral/Professional Universities
",2796,PA,"Private not-for-profit, 4-year or above"
238193,Alverno College,Full Professor,57560,Master's Colleges & Universities: Larger Programs,1317,WI,"Private not-for-profit, 4-year or above"
238193,Alverno College,Assistant Professor,55102,Master's Colleges & Universities: Larger Programs,1317,WI,"Private not-for-profit, 4-year or above"
222628,Amberton University,Full Professor,64275,Master's Colleges & Universities: Larger Programs,892,TX,"Private not-for-profit, 4-year or above"
222628,Amberton University,Assistant Professor,57375,Master's Colleges & Universities: Larger Programs,892,TX,"Private not-for-profit, 4-year or above"
490081,America Evangelical University,Full Professor,18000,Special Focus Four-Year: Faith-Related Institutions,307,CA,"Private not-for-profit, 4-year or above"
210809,American College of Financial Services,Full Professor,198750,Special Focus Four-Year: Business & Management Schools,5514,PA,"Private not-for-profit, 4-year or above"
210809,American College of Financial Services,Assistant Professor,83846,Special Focus Four-Year: Business & Management Schools,5514,PA,"Private not-for-profit, 4-year or above"
485698,American College of the Building Arts,Full Professor,79615,Special Focus Four-Year: Other Special Focus Institutions,155,SC,"Private not-for-profit, 4-year or above"
108870,American Film Institute Conservatory,Full Professor,108316,"Special Focus Four-Year: Arts, Music & Design Schools",379,CA,"Private not-for-profit, 4-year or above"
164447,American International College,Full Professor,72891,"Doctoral/Professional Universities
",2037,MA,"Private not-for-profit, 4-year or above"
164447,American International College,Assistant Professor,71353,"Doctoral/Professional Universities
",2037,MA,"Private not-for-profit, 4-year or above"
142957,American Islamic College,Assistant Professor,79815,"Not applicable, not in Carnegie universe (not accredited or nondegree-granting)",29,IL,"Private not-for-profit, 4-year or above"
116846,American Jewish University,Full Professor,125813,Baccalaureate Colleges: Arts & Sciences Focus,424,CA,"Private not-for-profit, 4-year or above"
131159,American University,Full Professor,181960,"Doctoral Universities: High Research Activity
",12321,DC,"Private not-for-profit, 4-year or above"
131159,American University,Assistant Professor,114461,"Doctoral Universities: High Research Activity
",12321,DC,"Private not-for-profit, 4-year or above"
164465,Amherst College,Full Professor,185533,Baccalaureate Colleges: Arts & Sciences Focus,1914,MA,"Private not-for-profit, 4-year or above"
164465,Amherst College,Assistant Professor,101941,Baccalaureate Colleges: Arts & Sciences Focus,1914,MA,"Private not-for-profit, 4-year or above"
100690,Amridge University,Full Professor,57436,Master's Colleges & Universities: Small Programs,639,AL,"Private not-for-profit, 4-year or above"
100690,Amridge University,Assistant Professor,50340,Master's Colleges & Universities: Small Programs,639,AL,"Private not-for-profit, 4-year or above"
483595,Ana G. Mendez University,Full Professor,52969,Special Focus Four-Year: Other Special Focus Institutions,8378,FL,"Private not-for-profit, 4-year or above"
483595,Ana G. Mendez University,Assistant Professor,52081,Special Focus Four-Year: Other Special Focus Institutions,8378,FL,"Private not-for-profit, 4-year or above"
151865,Anabaptist Mennonite Biblical Seminary,Full Professor,69989,Special Focus Four-Year: Faith-Related Institutions,145,IN,"Private not-for-profit, 4-year or above"
151865,Anabaptist Mennonite Biblical Seminary,Assistant Professor,58159,Special Focus Four-Year: Faith-Related Institutions,145,IN,"Private not-for-profit, 4-year or above"
150066,Anderson University,Full Professor,67454,Master's Colleges & Universities: Small Programs,1228,IN,"Private not-for-profit, 4-year or above"
217633,Anderson University,Full Professor,84860,Master's Colleges & Universities: Larger Programs,4710,SC,"Private not-for-profit, 4-year or above"
150066,Anderson University,Assistant Professor,57444,Master's Colleges & Universities: Small Programs,1228,IN,"Private not-for-profit, 4-year or above"
217633,Anderson University,Assistant Professor,69241,Master's Colleges & Universities: Larger Programs,4710,SC,"Private not-for-profit, 4-year or above"
138761,Andrew College,Full Professor,48750,Baccalaureate/Associate's Colleges: Associate's Dominant,496,GA,"Private not-for-profit, 4-year or above"
138761,Andrew College,Assistant Professor,47547,Baccalaureate/Associate's Colleges: Associate's Dominant,496,GA,"Private not-for-profit, 4-year or above"
168740,Andrews University,Full Professor,70703,"Doctoral/Professional Universities
",2940,MI,"Private not-for-profit, 4-year or above"
168740,Andrews University,Assistant Professor,54800,"Doctoral/Professional Universities
",2940,MI,"Private not-for-profit, 4-year or above"
222831,Angelo State University,Full Professor,92006,Master's Colleges & Universities: Larger Programs,11542,TX,"Public, 4-year or above"
222831,Angelo State University,Assistant Professor,67119,Master's Colleges & Universities: Larger Programs,11542,TX,"Public, 4-year or above"
164492,Anna Maria College,Full Professor,66290,Master's Colleges & Universities: Medium Programs,1202,MA,"Private not-for-profit, 4-year or above"
164492,Anna Maria College,Assistant Professor,62865,Master's Colleges & Universities: Medium Programs,1202,MA,"Private not-for-profit, 4-year or above"
483018,Antioch College,Assistant Professor,52574,Baccalaureate Colleges: Arts & Sciences Focus,121,OH,"Private not-for-profit, 4-year or above"
237136,Appalachian Bible College,Full Professor,33451,Special Focus Four-Year: Faith-Related Institutions,223,WV,"Private not-for-profit, 4-year or above"
237136,Appalachian Bible College,Assistant Professor,27395,Special Focus Four-Year: Faith-Related Institutions,223,WV,"Private not-for-profit, 4-year or above"
449922,Appalachian College of Pharmacy,Full Professor,112500,Special Focus Four-Year: Other Health Professions Schools,113,VA,"Private not-for-profit, 4-year or above"
449922,Appalachian College of Pharmacy,Assistant Professor,83979,Special Focus Four-Year: Other Health Professions Schools,113,VA,"Private not-for-profit, 4-year or above"
432348,Appalachian School of Law,Full Professor,93750,Special Focus Four-Year: Law Schools,154,VA,"Private not-for-profit, 4-year or above"
432348,Appalachian School of Law,Assistant Professor,79760,Special Focus Four-Year: Law Schools,154,VA,"Private not-for-profit, 4-year or above"
197869,Appalachian State University,Full Professor,107423,Master's Colleges & Universities: Larger Programs,21570,NC,"Public, 4-year or above"
197869,Appalachian State University,Assistant Professor,80906,Master's Colleges & Universities: Larger Programs,21570,NC,"Public, 4-year or above"
168786,Aquinas College,Full Professor,64411,Baccalaureate Colleges: Arts & Sciences Focus,1157,MI,"Private not-for-profit, 4-year or above"
168786,Aquinas College,Assistant Professor,58595,Baccalaureate Colleges: Arts & Sciences Focus,1157,MI,"Private not-for-profit, 4-year or above"
176600,Aquinas Institute of Theology,Full Professor,50562,Special Focus Four-Year: Faith-Related Institutions,110,MO,"Private not-for-profit, 4-year or above"
176600,Aquinas Institute of Theology,Assistant Professor,33270,Special Focus Four-Year: Faith-Related Institutions,110,MO,"Private not-for-profit, 4-year or above"
126289,Arapahoe Community College,Full Professor,82001,Associate's Colleges: Mixed Transfer/Career & Technical-High Nontraditional,15012,CO,"Public, 4-year or above"
211088,Arcadia University,Full Professor,96772,Master's Colleges & Universities: Larger Programs,3404,PA,"Private not-for-profit, 4-year or above"
211088,Arcadia University,Assistant Professor,71845,Master's Colleges & Universities: Larger Programs,3404,PA,"Private not-for-profit, 4-year or above"
105899,Arizona Christian University,Full Professor,58650,Baccalaureate Colleges: Diverse Fields,1421,AZ,"Private not-for-profit, 4-year or above"
105899,Arizona Christian University,Assistant Professor,44768,Baccalaureate Colleges: Diverse Fields,1421,AZ,"Private not-for-profit, 4-year or above"
104151,Arizona State University Campus Immersion,Full Professor,171311,"Doctoral Universities: Very High Research Activity
",79818,AZ,"Public, 4-year or above"
104151,Arizona State University Campus Immersion,Assistant Professor,96080,"Doctoral Universities: Very High Research Activity
",79818,AZ,"Public, 4-year or above"
483124,Arizona State University Digital Immersion,Full Professor,157591,"Doctoral Universities: High Research Activity
",72994,AZ,"Public, 4-year or above"
483124,Arizona State University Digital Immersion,Assistant Professor,93627,"Doctoral Universities: High Research Activity
",72994,AZ,"Public, 4-year or above"
106306,Arkansas Baptist College,Assistant Professor,45245,Baccalaureate/Associate's Colleges: Mixed Baccalaureate/Associate's,342,AR,"Private not-for-profit, 4-year or above"
488527,Arkansas Colleges of Health Education,Assistant Professor,69670,Special Focus Four-Year: Medical Schools & Centers,870,AR,"Private not-for-profit, 4-year or above"
106458,Arkansas State University,Full Professor,89314,"Doctoral Universities: High Research Activity
",15726,AR,"Public, 4-year or above"
106458,Arkansas State University,Assistant Professor,64701,"Doctoral Universities: High Research Activity
",15726,AR,"Public, 4-year or above"
106467,Arkansas Tech University,Full Professor,80623,Master's Colleges & Universities: Larger Programs,8746,AR,"Public, 4-year or above"
106467,Arkansas Tech University,Assistant Professor,62340,Master's Colleges & Universities: Larger Programs,8746,AR,"Public, 4-year or above"
201061,Art Academy of Cincinnati,Full Professor,58790,"Special Focus Four-Year: Arts, Music & Design Schools",213,OH,"Private not-for-profit, 4-year or above"
201061,Art Academy of Cincinnati,Assistant Professor,45928,"Special Focus Four-Year: Arts, Music & Design Schools",213,OH,"Private not-for-profit, 4-year or above"
109651,Art Center College of Design,Full Professor,94292,Master's Colleges & Universities: Small Programs,2308,CA,"Private not-for-profit, 4-year or above"
109651,Art Center College of Design,Assistant Professor,64478,Master's Colleges & Universities: Small Programs,2308,CA,"Private not-for-profit, 4-year or above"
156222,Asbury Theological Seminary,Full Professor,83014,Special Focus Four-Year: Faith-Related Institutions,1689,KY,"Private not-for-profit, 4-year or above"
156222,Asbury Theological Seminary,Assistant Professor,67436,Special Focus Four-Year: Faith-Related Institutions,1689,KY,"Private not-for-profit, 4-year or above"
156213,Asbury University,Full Professor,70254,Master's Colleges & Universities: Small Programs,2100,KY,"Private not-for-profit, 4-year or above"
156213,Asbury University,Assistant Professor,58507,Master's Colleges & Universities: Small Programs,2100,KY,"Private not-for-profit, 4-year or above"
201104,Ashland University,Full Professor,75661,Master's Colleges & Universities: Larger Programs,4106,OH,"Private not-for-profit, 4-year or above"
201104,Ashland University,Assistant Professor,63433,Master's Colleges & Universities: Larger Programs,4106,OH,"Private not-for-profit, 4-year or above"
164562,Assumption University,Full Professor,102544,Master's Colleges & Universities: Medium Programs,2037,MA,"Private not-for-profit, 4-year or above"
164562,Assumption University,Assistant Professor,82483,Master's Colleges & Universities: Medium Programs,2037,MA,"Private not-for-profit, 4-year or above"
201140,Athenaeum of Ohio,Full Professor,67037,Special Focus Four-Year: Faith-Related Institutions,156,OH,"Private not-for-profit, 4-year or above"
201140,Athenaeum of Ohio,Assistant Professor,70070,Special Focus Four-Year: Faith-Related Institutions,156,OH,"Private not-for-profit, 4-year or above"
100812,Athens State University,Full Professor,101739,Baccalaureate Colleges: Diverse Fields,2986,AL,"Public, 4-year or above"
100812,Athens State University,Assistant Professor,77437,Baccalaureate Colleges: Diverse Fields,2986,AL,"Public, 4-year or above"
138901,Atlanta Metropolitan State College,Full Professor,76496,Baccalaureate/Associate's Colleges: Mixed Baccalaureate/Associate's,1549,GA,"Public, 4-year or above"
138901,Atlanta Metropolitan State College,Assistant Professor,63709,Baccalaureate/Associate's Colleges: Mixed Baccalaureate/Associate's,1549,GA,"Public, 4-year or above"
138929,Atlanta's John Marshall Law School,Full Professor,91500,Special Focus Four-Year: Law Schools,379,GA,"Private not-for-profit, 4-year or above"
241216,Atlantic University,Full Professor,25736,Master's Colleges & Universities: Small Programs,1540,PR,"Private not-for-profit, 4-year or above"
100858,Auburn University,Full Professor,152595,"Doctoral Universities: Very High Research Activity
",34145,AL,"Public, 4-year or above"
100858,Auburn University,Assistant Professor,92930,"Doctoral Universities: Very High Research Activity
",34145,AL,"Public, 4-year or above"
100830,Auburn University at Montgomery,Full Professor,102680,Master's Colleges & Universities: Larger Programs,5217,AL,"Public, 4-year or above"
100830,Auburn University at Montgomery,Assistant Professor,75892,Master's Colleges & Universities: Larger Programs,5217,AL,"Public, 4-year or above"
173045,Augsburg University,Full Professor,87322,Master's Colleges & Universities: Larger Programs,3249,MN,"Private not-for-profit, 4-year or above"
173045,Augsburg University,Assistant Professor,72089,Master's Colleges & Universities: Larger Programs,3249,MN,"Private not-for-profit, 4-year or above"
482149,Augusta University,Full Professor,119417,"Doctoral Universities: High Research Activity
",10900,GA,"Public, 4-year or above"
482149,Augusta University,Assistant Professor,79942,"Doctoral Universities: High Research Activity
",10900,GA,"Public, 4-year or above"
143084,Augustana College,Full Professor,93004,Baccalaureate Colleges: Arts & Sciences Focus,2570,IL,"Private not-for-profit, 4-year or above"
143084,Augustana College,Assistant Professor,66669,Baccalaureate Colleges: Arts & Sciences Focus,2570,IL,"Private not-for-profit, 4-year or above"
219000,Augustana University,Full Professor,70922,Master's Colleges & Universities: Medium Programs,2390,SD,"Private not-for-profit, 4-year or above"
219000,Augustana University,Assistant Professor,47589,Master's Colleges & Universities: Medium Programs,2390,SD,"Private not-for-profit, 4-year or above"
201177,Aultman College of Nursing and Health Sciences,Assistant Professor,64524,Special Focus Four-Year: Other Health Professions Schools,286,OH,"Private not-for-profit, 4-year or above"
143118,Aurora University,Full Professor,97511,"Doctoral/Professional Universities
",5923,IL,"Private not-for-profit, 4-year or above"
143118,Aurora University,Assistant Professor,76382,"Doctoral/Professional Universities
",5923,IL,"Private not-for-profit, 4-year or above"
222983,Austin College,Full Professor,93583,Baccalaureate Colleges: Arts & Sciences Focus,1217,TX,"Private not-for-profit, 4-year or above"
222983,Austin College,Assistant Professor,70506,Baccalaureate Colleges: Arts & Sciences Focus,1217,TX,"Private not-for-profit, 4-year or above"
222992,Austin Community College District,Full Professor,85421,Baccalaureate/Associate's Colleges: Associate's Dominant,39727,TX,"Public, 4-year or above"
222992,Austin Community College District,Assistant Professor,72397,Baccalaureate/Associate's Colleges: Associate's Dominant,39727,TX,"Public, 4-year or above"
219602,Austin Peay State University,Full Professor,97695,Master's Colleges & Universities: Larger Programs,10439,TN,"Public, 4-year or above"
219602,Austin Peay State University,Assistant Professor,70219,Master's Colleges & Universities: Larger Programs,10439,TN,"Public, 4-year or above"
223001,Austin Presbyterian Theological Seminary,Full Professor,111014,Special Focus Four-Year: Faith-Related Institutions,155,TX,"Private not-for-profit, 4-year or above"
223001,Austin Presbyterian Theological Seminary,Assistant Professor,83263,Special Focus Four-Year: Faith-Related Institutions,155,TX,"Private not-for-profit, 4-year or above"
442295,Ave Maria School of Law,Full Professor,118099,Special Focus Four-Year: Law Schools,299,FL,"Private not-for-profit, 4-year or above"
442295,Ave Maria School of Law,Assistant Professor,56446,Special Focus Four-Year: Law Schools,299,FL,"Private not-for-profit, 4-year or above"
446048,Ave Maria University,Full Professor,100152,Baccalaureate Colleges: Arts & Sciences Focus,1423,FL,"Private not-for-profit, 4-year or above"
446048,Ave Maria University,Assistant Professor,70701,Baccalaureate Colleges: Arts & Sciences Focus,1423,FL,"Private not-for-profit, 4-year or above"
231420,Averett University,Full Professor,64368,Master's Colleges & Universities: Medium Programs,1476,VA,"Private not-for-profit, 4-year or above"
231420,Averett University,Assistant Professor,52722,Master's Colleges & Universities: Medium Programs,1476,VA,"Private not-for-profit, 4-year or above"
176628,Avila University,Full Professor,74671,Master's Colleges & Universities: Medium Programs,2768,MO,"Private not-for-profit, 4-year or above"
176628,Avila University,Assistant Professor,58089,Master's Colleges & Universities: Medium Programs,2768,MO,"Private not-for-profit, 4-year or above"
109785,Azusa Pacific University,Full Professor,104624,"Doctoral Universities: High Research Activity
",6272,CA,"Private not-for-profit, 4-year or above"
109785,Azusa Pacific University,Assistant Professor,84997,"Doctoral Universities: High Research Activity
",6272,CA,"Private not-for-profit, 4-year or above"
164580,Babson College,Full Professor,234788,Special Focus Four-Year: Business & Management Schools,3932,MA,"Private not-for-profit, 4-year or above"
164580,Babson College,Assistant Professor,149243,Special Focus Four-Year: Business & Management Schools,3932,MA,"Private not-for-profit, 4-year or above"
476601,Bais HaMedrash and Mesivta of Baltimore,Full Professor,49949,Special Focus Four-Year: Faith-Related Institutions,87,MD,"Private not-for-profit, 4-year or above"
449658,Bais Medrash Toras Chesed,Full Professor,54000,Special Focus Four-Year: Faith-Related Institutions,132,NJ,"Private not-for-profit, 4-year or above"
168847,Baker College,Full Professor,63792,Master's Colleges & Universities: Medium Programs,3955,MI,"Private not-for-profit, 4-year or above"
168847,Baker College,Assistant Professor,56419,Master's Colleges & Universities: Medium Programs,3955,MI,"Private not-for-profit, 4-year or above"
154688,Baker University,Full Professor,64774,"Doctoral/Professional Universities
",2017,KS,"Private not-for-profit, 4-year or above"
154688,Baker University,Assistant Professor,53409,"Doctoral/Professional Universities
",2017,KS,"Private not-for-profit, 4-year or above"
201195,Baldwin Wallace University,Full Professor,89111,Master's Colleges & Universities: Larger Programs,3305,OH,"Private not-for-profit, 4-year or above"
201195,Baldwin Wallace University,Assistant Professor,65348,Master's Colleges & Universities: Larger Programs,3305,OH,"Private not-for-profit, 4-year or above"
150136,Ball State University,Full Professor,101594,"Doctoral Universities: High Research Activity
",21089,IN,"Public, 4-year or above"
150136,Ball State University,Assistant Professor,78910,"Doctoral Universities: High Research Activity
",21089,IN,"Public, 4-year or above"
219639,Baptist Health Sciences University,Full Professor,105673,Special Focus Four-Year: Other Health Professions Schools,891,TN,"Private not-for-profit, 4-year or above"
219639,Baptist Health Sciences University,Assistant Professor,90815,Special Focus Four-Year: Other Health Professions Schools,891,TN,"Private not-for-profit, 4-year or above"
223117,Baptist Missionary Association Theological Seminary,Full Professor,42454,Special Focus Four-Year: Faith-Related Institutions,75,TX,"Private not-for-profit, 4-year or above"
132408,Baptist University of Florida,Full Professor,69675,Baccalaureate Colleges: Diverse Fields,717,FL,"Private not-for-profit, 4-year or above"
132408,Baptist University of Florida,Assistant Professor,38723,Baccalaureate Colleges: Diverse Fields,717,FL,"Private not-for-profit, 4-year or above"
444398,Baptist University of the Americas,Full Professor,38203,Baccalaureate Colleges: Diverse Fields,104,TX,"Private not-for-profit, 4-year or above"
155070,Barclay College,Full Professor,56474,Baccalaureate Colleges: Diverse Fields,219,KS,"Private not-for-profit, 4-year or above"
189088,Bard College,Full Professor,154078,Baccalaureate Colleges: Arts & Sciences Focus,2911,NY,"Private not-for-profit, 4-year or above"
189088,Bard College,Assistant Professor,90049,Baccalaureate Colleges: Arts & Sciences Focus,2911,NY,"Private not-for-profit, 4-year or above"
189097,Barnard College,Full Professor,211842,Baccalaureate Colleges: Arts & Sciences Focus,3487,NY,"Private not-for-profit, 4-year or above"
189097,Barnard College,Assistant Professor,110856,Baccalaureate Colleges: Arts & Sciences Focus,3487,NY,"Private not-for-profit, 4-year or above"
177719,Barnes-Jewish College Goldfarb School of Nursing,Assistant Professor,72843,Special Focus Four-Year: Other Health Professions Schools,539,MO,"Private not-for-profit, 4-year or above"
132471,Barry University,Full Professor,95312,"Doctoral/Professional Universities
",6825,FL,"Private not-for-profit, 4-year or above"
132471,Barry University,Assistant Professor,72551,"Doctoral/Professional Universities
",6825,FL,"Private not-for-profit, 4-year or above"
197911,Barton College,Full Professor,69960,Baccalaureate Colleges: Diverse Fields,1235,NC,"Private not-for-profit, 4-year or above"
197911,Barton College,Assistant Professor,56563,Baccalaureate Colleges: Diverse Fields,1235,NC,"Private not-for-profit, 4-year or above"
235547,Bastyr University,Full Professor,76089,"Doctoral/Professional Universities
",734,WA,"Private not-for-profit, 4-year or above"
235547,Bastyr University,Assistant Professor,52713,"Doctoral/Professional Universities
",734,WA,"Private not-for-profit, 4-year or above"
160977,Bates College,Full Professor,145580,Baccalaureate Colleges: Arts & Sciences Focus,1760,ME,"Private not-for-profit, 4-year or above"
160977,Bates College,Assistant Professor,79458,Baccalaureate Colleges: Arts & Sciences Focus,1760,ME,"Private not-for-profit, 4-year or above"
164632,Bay Path University,Full Professor,102037,Master's Colleges & Universities: Larger Programs,2605,MA,"Private not-for-profit, 4-year or above"
164632,Bay Path University,Assistant Professor,76087,Master's Colleges & Universities: Larger Programs,2605,MA,"Private not-for-profit, 4-year or above"
223223,Baylor College of Medicine,Full Professor,235314,Special Focus Four-Year: Research Institutions,1774,TX,"Private not-for-profit, 4-year or above"
223223,Baylor College of Medicine,Assistant Professor,98481,Special Focus Four-Year: Research Institutions,1774,TX,"Private not-for-profit, 4-year or above"
223232,Baylor University,Full Professor,149855,"Doctoral Universities: Very High Research Activity
",20626,TX,"Private not-for-profit, 4-year or above"
223232,Baylor University,Assistant Professor,95220,"Doctoral Universities: Very High Research Activity
",20626,TX,"Private not-for-profit, 4-year or above"
384254,Beacon College,Full Professor,69557,Baccalaureate Colleges: Diverse Fields,531,FL,"Private not-for-profit, 4-year or above"
384254,Beacon College,Assistant Professor,52292,Baccalaureate Colleges: Diverse Fields,531,FL,"Private not-for-profit, 4-year or above"
175421,Belhaven University,Full Professor,58179,"Doctoral/Professional Universities
",4213,MS,"Private not-for-profit, 4-year or above"
175421,Belhaven University,Assistant Professor,48385,"Doctoral/Professional Universities
",4213,MS,"Private not-for-profit, 4-year or above"
156286,Bellarmine University,Full Professor,100575,"Doctoral/Professional Universities
",2886,KY,"Private not-for-profit, 4-year or above"
156286,Bellarmine University,Assistant Professor,69455,"Doctoral/Professional Universities
",2886,KY,"Private not-for-profit, 4-year or above"
234669,Bellevue College,Full Professor,117810,Baccalaureate/Associate's Colleges: Mixed Baccalaureate/Associate's,12485,WA,"Public, 4-year or above"
234669,Bellevue College,Assistant Professor,91095,Baccalaureate/Associate's Colleges: Mixed Baccalaureate/Associate's,12485,WA,"Public, 4-year or above"
180814,Bellevue University,Full Professor,70820,Master's Colleges & Universities: Larger Programs,14667,NE,"Private not-for-profit, 4-year or above"
180814,Bellevue University,Assistant Professor,57180,Master's Colleges & Universities: Larger Programs,14667,NE,"Private not-for-profit, 4-year or above"
238324,Bellin College,Full Professor,93642,Special Focus Four-Year: Other Health Professions Schools,927,WI,"Private not-for-profit, 4-year or above"
238324,Bellin College,Assistant Professor,76259,Special Focus Four-Year: Other Health Professions Schools,927,WI,"Private not-for-profit, 4-year or above"
197984,Belmont Abbey College,Full Professor,73696,Baccalaureate Colleges: Diverse Fields,1388,NC,"Private not-for-profit, 4-year or above"
197984,Belmont Abbey College,Assistant Professor,65443,Baccalaureate Colleges: Diverse Fields,1388,NC,"Private not-for-profit, 4-year or above"
219709,Belmont University,Full Professor,138214,"Doctoral/Professional Universities
",8803,TN,"Private not-for-profit, 4-year or above"
219709,Belmont University,Assistant Professor,79599,"Doctoral/Professional Universities
",8803,TN,"Private not-for-profit, 4-year or above"
238333,Beloit College,Full Professor,79753,Baccalaureate Colleges: Arts & Sciences Focus,1004,WI,"Private not-for-profit, 4-year or above"
238333,Beloit College,Assistant Professor,60249,Baccalaureate Colleges: Arts & Sciences Focus,1004,WI,"Private not-for-profit, 4-year or above"
173124,Bemidji State University,Full Professor,108715,Master's Colleges & Universities: Small Programs,4072,MN,"Public, 4-year or above"
173124,Bemidji State University,Assistant Professor,78176,Master's Colleges & Universities: Small Programs,4072,MN,"Public, 4-year or above"
217721,Benedict College,Full Professor,70488,Baccalaureate Colleges: Diverse Fields,1691,SC,"Private not-for-profit, 4-year or above"
217721,Benedict College,Assistant Professor,61980,Baccalaureate Colleges: Diverse Fields,1691,SC,"Private not-for-profit, 4-year or above"
154712,Benedictine College,Full Professor,82576,Baccalaureate Colleges: Diverse Fields,2535,KS,"Private not-for-profit, 4-year or above"
154712,Benedictine College,Assistant Professor,71082,Baccalaureate Colleges: Diverse Fields,2535,KS,"Private not-for-profit, 4-year or above"
145619,Benedictine University,Full Professor,89210,Master's Colleges & Universities: Larger Programs,2917,IL,"Private not-for-profit, 4-year or above"
145619,Benedictine University,Assistant Professor,63469,Master's Colleges & Universities: Larger Programs,2917,IL,"Private not-for-profit, 4-year or above"
165884,Benjamin Franklin Cummings Institute of Technology,Full Professor,77818,Baccalaureate/Associate's Colleges: Mixed Baccalaureate/Associate's,744,MA,"Private not-for-profit, 4-year or above"
165884,Benjamin Franklin Cummings Institute of Technology,Assistant Professor,70100,Baccalaureate/Associate's Colleges: Mixed Baccalaureate/Associate's,744,MA,"Private not-for-profit, 4-year or above"
197993,Bennett College,Assistant Professor,59065,Baccalaureate Colleges: Arts & Sciences Focus,180,NC,"Private not-for-profit, 4-year or above"
164739,Bentley University,Full Professor,194480,Master's Colleges & Universities: Larger Programs,5333,MA,"Private not-for-profit, 4-year or above"
164739,Bentley University,Assistant Professor,141591,Master's Colleges & Universities: Larger Programs,5333,MA,"Private not-for-profit, 4-year or above"
156295,Berea College,Full Professor,105301,Baccalaureate Colleges: Arts & Sciences Focus,1527,KY,"Private not-for-profit, 4-year or above"
156295,Berea College,Assistant Professor,71906,Baccalaureate Colleges: Arts & Sciences Focus,1527,KY,"Private not-for-profit, 4-year or above"
108861,Berkeley School of Theology,Full Professor,77157,Special Focus Four-Year: Faith-Related Institutions,108,CA,"Private not-for-profit, 4-year or above"
108861,Berkeley School of Theology,Assistant Professor,53517,Special Focus Four-Year: Faith-Related Institutions,108,CA,"Private not-for-profit, 4-year or above"
164748,Berklee College of Music,Full Professor,107764,Master's Colleges & Universities: Larger Programs,8369,MA,"Private not-for-profit, 4-year or above"
164748,Berklee College of Music,Assistant Professor,84851,Master's Colleges & Universities: Larger Programs,8369,MA,"Private not-for-profit, 4-year or above"
139144,Berry College,Full Professor,107995,Master's Colleges & Universities: Small Programs,2484,GA,"Private not-for-profit, 4-year or above"
139144,Berry College,Assistant Professor,72901,Master's Colleges & Universities: Small Programs,2484,GA,"Private not-for-profit, 4-year or above"
183804,Beth Medrash Govoha,Full Professor,88383,Special Focus Four-Year: Faith-Related Institutions,9657,NJ,"Private not-for-profit, 4-year or above"
183804,Beth Medrash Govoha,Assistant Professor,67756,Special Focus Four-Year: Faith-Related Institutions,9657,NJ,"Private not-for-profit, 4-year or above"
237181,Bethany College,Full Professor,56802,Baccalaureate Colleges: Arts & Sciences Focus,640,WV,"Private not-for-profit, 4-year or above"
154721,Bethany College,Full Professor,50741,Baccalaureate Colleges: Diverse Fields,615,KS,"Private not-for-profit, 4-year or above"
237181,Bethany College,Assistant Professor,55407,Baccalaureate Colleges: Arts & Sciences Focus,640,WV,"Private not-for-profit, 4-year or above"
154721,Bethany College,Assistant Professor,37406,Baccalaureate Colleges: Diverse Fields,615,KS,"Private not-for-profit, 4-year or above"
173142,Bethany Lutheran College,Full Professor,69807,Baccalaureate Colleges: Arts & Sciences Focus,899,MN,"Private not-for-profit, 4-year or above"
173142,Bethany Lutheran College,Assistant Professor,62473,Baccalaureate Colleges: Arts & Sciences Focus,899,MN,"Private not-for-profit, 4-year or above"
143233,Bethany Theological Seminary,Full Professor,70825,Special Focus Four-Year: Faith-Related Institutions,61,IN,"Private not-for-profit, 4-year or above"
143233,Bethany Theological Seminary,Assistant Professor,51222,Special Focus Four-Year: Faith-Related Institutions,61,IN,"Private not-for-profit, 4-year or above"
154749,Bethel College-North Newton,Full Professor,62573,Baccalaureate Colleges: Diverse Fields,509,KS,"Private not-for-profit, 4-year or above"
154749,Bethel College-North Newton,Assistant Professor,49675,Baccalaureate Colleges: Diverse Fields,509,KS,"Private not-for-profit, 4-year or above"
150145,Bethel University,Full Professor,68520,Master's Colleges & Universities: Small Programs,1167,IN,"Private not-for-profit, 4-year or above"
173160,Bethel University,Full Professor,82700,"Doctoral/Professional Universities
",3603,MN,"Private not-for-profit, 4-year or above"
219718,Bethel University,Full Professor,44612,Master's Colleges & Universities: Larger Programs,2936,TN,"Private not-for-profit, 4-year or above"
150145,Bethel University,Assistant Professor,48992,Master's Colleges & Universities: Small Programs,1167,IN,"Private not-for-profit, 4-year or above"
173160,Bethel University,Assistant Professor,64295,"Doctoral/Professional Universities
",3603,MN,"Private not-for-profit, 4-year or above"
219718,Bethel University,Assistant Professor,33292,Master's Colleges & Universities: Larger Programs,2936,TN,"Private not-for-profit, 4-year or above"
110060,Bethesda University,Full Professor,35685,Baccalaureate Colleges: Diverse Fields,263,CA,"Private not-for-profit, 4-year or above"
486053,Bethlehem College & Seminary,Full Professor,55007,Special Focus Four-Year: Faith-Related Institutions,200,MN,"Private not-for-profit, 4-year or above"
486053,Bethlehem College & Seminary,Assistant Professor,49413,Special Focus Four-Year: Faith-Related Institutions,200,MN,"Private not-for-profit, 4-year or above"
132602,Bethune-Cookman University,Full Professor,87003,Baccalaureate Colleges: Arts & Sciences Focus,2853,FL,"Private not-for-profit, 4-year or above"
132602,Bethune-Cookman University,Assistant Professor,60610,Baccalaureate Colleges: Arts & Sciences Focus,2853,FL,"Private not-for-profit, 4-year or above"
139153,Beulah Heights University,Full Professor,62276,Baccalaureate Colleges: Arts & Sciences Focus,359,GA,"Private not-for-profit, 4-year or above"
139153,Beulah Heights University,Assistant Professor,44474,Baccalaureate Colleges: Arts & Sciences Focus,359,GA,"Private not-for-profit, 4-year or above"
443702,Bexley Hall Seabury Western Theological Seminary Federation  Inc.,Assistant Professor,42877,Special Focus Four-Year: Faith-Related Institutions,80,IL,"Private not-for-profit, 4-year or above"
196079,Binghamton University,Full Professor,145118,"Doctoral Universities: Very High Research Activity
",18816,NY,"Public, 4-year or above"
196079,Binghamton University,Assistant Professor,89696,"Doctoral Universities: Very High Research Activity
",18816,NY,"Public, 4-year or above"
110097,Biola University,Full Professor,106755,"Doctoral/Professional Universities
",5434,CA,"Private not-for-profit, 4-year or above"
110097,Biola University,Assistant Professor,74929,"Doctoral/Professional Universities
",5434,CA,"Private not-for-profit, 4-year or above"
200022,Bismarck State College,Full Professor,89403,Baccalaureate/Associate's Colleges: Associate's Dominant,4206,ND,"Public, 4-year or above"
200022,Bismarck State College,Assistant Professor,52750,Baccalaureate/Associate's Colleges: Associate's Dominant,4206,ND,"Public, 4-year or above"
219046,Black Hills State University,Full Professor,95110,Master's Colleges & Universities: Small Programs,3346,SD,"Public, 4-year or above"
219046,Black Hills State University,Assistant Professor,70795,Master's Colleges & Universities: Small Programs,3346,SD,"Public, 4-year or above"
143288,Blackburn College,Full Professor,78094,Baccalaureate Colleges: Diverse Fields,513,IL,"Private not-for-profit, 4-year or above"
143297,Blessing Rieman College of Nursing and Health Sciences,Full Professor,75395,Special Focus Four-Year: Other Health Professions Schools,193,IL,"Private not-for-profit, 4-year or above"
143297,Blessing Rieman College of Nursing and Health Sciences,Assistant Professor,61957,Special Focus Four-Year: Other Health Professions Schools,193,IL,"Private not-for-profit, 4-year or above"
183822,Bloomfield College,Full Professor,105069,Baccalaureate Colleges: Arts & Sciences Focus,799,NJ,"Public, 4-year or above"
183822,Bloomfield College,Assistant Professor,72686,Baccalaureate Colleges: Arts & Sciences Focus,799,NJ,"Public, 4-year or above"
175430,Blue Mountain Christian University,Full Professor,66758,Baccalaureate Colleges: Diverse Fields,968,MS,"Private not-for-profit, 4-year or above"
175430,Blue Mountain Christian University,Assistant Professor,57327,Baccalaureate Colleges: Diverse Fields,968,MS,"Private not-for-profit, 4-year or above"
237215,Bluefield State University,Full Professor,76174,Baccalaureate Colleges: Diverse Fields,1141,WV,"Public, 4-year or above"
237215,Bluefield State University,Assistant Professor,62553,Baccalaureate Colleges: Diverse Fields,1141,WV,"Public, 4-year or above"
231554,Bluefield University,Full Professor,59107,Master's Colleges & Universities: Medium Programs,959,VA,"Private not-for-profit, 4-year or above"
231554,Bluefield University,Assistant Professor,47137,Master's Colleges & Universities: Medium Programs,959,VA,"Private not-for-profit, 4-year or above"
201371,Bluffton University,Full Professor,57663,Baccalaureate Colleges: Diverse Fields,646,OH,"Private not-for-profit, 4-year or above"
201371,Bluffton University,Assistant Professor,45567,Baccalaureate Colleges: Diverse Fields,646,OH,"Private not-for-profit, 4-year or above"
217749,Bob Jones University,Full Professor,73927,Master's Colleges & Universities: Small Programs,2734,SC,"Private not-for-profit, 4-year or above"
217749,Bob Jones University,Assistant Professor,46262,Master's Colleges & Universities: Small Programs,2734,SC,"Private not-for-profit, 4-year or above"
142090,Boise Bible College,Full Professor,55358,Special Focus Four-Year: Faith-Related Institutions,94,ID,"Private not-for-profit, 4-year or above"
142115,Boise State University,Full Professor,111874,"Doctoral Universities: High Research Activity
",27198,ID,"Public, 4-year or above"
142115,Boise State University,Assistant Professor,79582,"Doctoral Universities: High Research Activity
",27198,ID,"Public, 4-year or above"
233356,Bon Secours Memorial College of Nursing,Assistant Professor,78246,Special Focus Four-Year: Other Health Professions Schools,591,VA,"Private not-for-profit, 4-year or above"
189413,Boricua College,Full Professor,56678,Baccalaureate Colleges: Diverse Fields,516,NY,"Private not-for-profit, 4-year or above"
189413,Boricua College,Assistant Professor,42775,Baccalaureate Colleges: Diverse Fields,516,NY,"Private not-for-profit, 4-year or above"
164614,Boston Baptist College,Full Professor,14000,Special Focus Four-Year: Faith-Related Institutions,43,MA,"Private not-for-profit, 4-year or above"
164924,Boston College,Full Professor,214220,"Doctoral Universities: Very High Research Activity
",15432,MA,"Private not-for-profit, 4-year or above"
164924,Boston College,Assistant Professor,131884,"Doctoral Universities: Very High Research Activity
",15432,MA,"Private not-for-profit, 4-year or above"
164915,Boston Graduate School of Psychoanalysis Inc,Full Professor,38025,Special Focus Four-Year: Other Health Professions Schools,169,MA,"Private not-for-profit, 4-year or above"
164988,Boston University,Full Professor,225086,"Doctoral Universities: Very High Research Activity
",37737,MA,"Private not-for-profit, 4-year or above"
164988,Boston University,Assistant Professor,130212,"Doctoral Universities: Very High Research Activity
",37737,MA,"Private not-for-profit, 4-year or above"
161004,Bowdoin College,Full Professor,172332,Baccalaureate Colleges: Arts & Sciences Focus,1881,ME,"Private not-for-profit, 4-year or above"
161004,Bowdoin College,Assistant Professor,96033,Baccalaureate Colleges: Arts & Sciences Focus,1881,ME,"Private not-for-profit, 4-year or above"
162007,Bowie State University,Full Professor,128159,Master's Colleges & Universities: Larger Programs,6353,MD,"Public, 4-year or above"
162007,Bowie State University,Assistant Professor,91259,Master's Colleges & Universities: Larger Programs,6353,MD,"Public, 4-year or above"
201432,Bowling Green State University-Firelands,Full Professor,101913,Associate's Colleges: Mixed Transfer/Career & Technical-Mixed Traditional/Nontraditional,2097,OH,"Public, 4-year or above"
201441,Bowling Green State University-Main Campus,Full Professor,126894,"Doctoral Universities: High Research Activity
",17594,OH,"Public, 4-year or above"
201441,Bowling Green State University-Main Campus,Assistant Professor,83709,"Doctoral Universities: High Research Activity
",17594,OH,"Public, 4-year or above"
143358,Bradley University,Full Professor,109269,"Doctoral/Professional Universities
",4777,IL,"Private not-for-profit, 4-year or above"
143358,Bradley University,Assistant Professor,76112,"Doctoral/Professional Universities
",4777,IL,"Private not-for-profit, 4-year or above"
165015,Brandeis University,Full Professor,173378,"Doctoral Universities: Very High Research Activity
",5205,MA,"Private not-for-profit, 4-year or above"
165015,Brandeis University,Assistant Professor,107689,"Doctoral Universities: Very High Research Activity
",5205,MA,"Private not-for-profit, 4-year or above"
223506,Brazosport College,Full Professor,92100,Baccalaureate/Associate's Colleges: Associate's Dominant,3812,TX,"Public, 4-year or above"
223506,Brazosport College,Assistant Professor,69800,Baccalaureate/Associate's Colleges: Associate's Dominant,3812,TX,"Public, 4-year or above"
139199,Brenau University,Full Professor,85964,"Doctoral/Professional Universities
",2436,GA,"Private not-for-profit, 4-year or above"
139199,Brenau University,Assistant Professor,65422,"Doctoral/Professional Universities
",2436,GA,"Private not-for-profit, 4-year or above"
156356,Brescia University,Full Professor,64893,Baccalaureate Colleges: Diverse Fields,690,KY,"Private not-for-profit, 4-year or above"
156356,Brescia University,Assistant Professor,52850,Baccalaureate Colleges: Diverse Fields,690,KY,"Private not-for-profit, 4-year or above"
198066,Brevard College,Full Professor,62269,Baccalaureate Colleges: Diverse Fields,875,NC,"Private not-for-profit, 4-year or above"
198066,Brevard College,Assistant Professor,52308,Baccalaureate Colleges: Diverse Fields,875,NC,"Private not-for-profit, 4-year or above"
139205,Brewton-Parker College,Full Professor,58950,Baccalaureate Colleges: Diverse Fields,1338,GA,"Private not-for-profit, 4-year or above"
139205,Brewton-Parker College,Assistant Professor,45833,Baccalaureate Colleges: Diverse Fields,1338,GA,"Private not-for-profit, 4-year or above"
152992,Briar Cliff University,Full Professor,77268,"Doctoral/Professional Universities
",947,IA,"Private not-for-profit, 4-year or above"
152992,Briar Cliff University,Assistant Professor,58857,"Doctoral/Professional Universities
",947,IA,"Private not-for-profit, 4-year or above"
231581,Bridgewater College,Full Professor,82615,Baccalaureate Colleges: Arts & Sciences Focus,1448,VA,"Private not-for-profit, 4-year or above"
231581,Bridgewater College,Assistant Professor,62928,Baccalaureate Colleges: Arts & Sciences Focus,1448,VA,"Private not-for-profit, 4-year or above"
165024,Bridgewater State University,Full Professor,117226,Master's Colleges & Universities: Larger Programs,9727,MA,"Public, 4-year or above"
165024,Bridgewater State University,Assistant Professor,75785,Master's Colleges & Universities: Larger Programs,9727,MA,"Public, 4-year or above"
230038,Brigham Young University,Full Professor,157171,"Doctoral Universities: High Research Activity
",35873,UT,"Private not-for-profit, 4-year or above"
230038,Brigham Young University,Assistant Professor,99587,"Doctoral Universities: High Research Activity
",35873,UT,"Private not-for-profit, 4-year or above"
230047,Brigham Young University-Hawaii,Full Professor,109285,Baccalaureate Colleges: Diverse Fields,2906,HI,"Private not-for-profit, 4-year or above"
230047,Brigham Young University-Hawaii,Assistant Professor,88741,Baccalaureate Colleges: Diverse Fields,2906,HI,"Private not-for-profit, 4-year or above"
450304,Brite Divinity School,Full Professor,110470,Special Focus Four-Year: Faith-Related Institutions,153,TX,"Private not-for-profit, 4-year or above"
450304,Brite Divinity School,Assistant Professor,78894,Special Focus Four-Year: Faith-Related Institutions,153,TX,"Private not-for-profit, 4-year or above"
189501,Brooklyn Law School,Full Professor,156765,Special Focus Four-Year: Law Schools,1125,NY,"Private not-for-profit, 4-year or above"
189501,Brooklyn Law School,Assistant Professor,107993,Special Focus Four-Year: Law Schools,1125,NY,"Private not-for-profit, 4-year or above"
132709,Broward College,Full Professor,74456,Baccalaureate/Associate's Colleges: Associate's Dominant,30728,FL,"Public, 4-year or above"
132709,Broward College,Assistant Professor,55761,Baccalaureate/Associate's Colleges: Associate's Dominant,30728,FL,"Public, 4-year or above"
217156,Brown University,Full Professor,218561,"Doctoral Universities: Very High Research Activity
",11956,RI,"Private not-for-profit, 4-year or above"
217156,Brown University,Assistant Professor,121652,"Doctoral Universities: Very High Research Activity
",11956,RI,"Private not-for-profit, 4-year or above"
180878,Bryan College of Health Sciences,Full Professor,95213,Special Focus Four-Year: Other Health Professions Schools,765,NE,"Private not-for-profit, 4-year or above"
180878,Bryan College of Health Sciences,Assistant Professor,70976,Special Focus Four-Year: Other Health Professions Schools,765,NE,"Private not-for-profit, 4-year or above"
219790,Bryan College-Dayton,Full Professor,55089,Master's Colleges & Universities: Small Programs,1701,TN,"Private not-for-profit, 4-year or above"
219790,Bryan College-Dayton,Assistant Professor,49834,Master's Colleges & Universities: Small Programs,1701,TN,"Private not-for-profit, 4-year or above"
217165,Bryant University,Full Professor,184427,Master's Colleges & Universities: Larger Programs,3636,RI,"Private not-for-profit, 4-year or above"
217165,Bryant University,Assistant Professor,125306,Master's Colleges & Universities: Larger Programs,3636,RI,"Private not-for-profit, 4-year or above"
210492,Bryn Athyn College of the New Church,Full Professor,83046,Baccalaureate Colleges: Arts & Sciences Focus,255,PA,"Private not-for-profit, 4-year or above"
210492,Bryn Athyn College of the New Church,Assistant Professor,65309,Baccalaureate Colleges: Arts & Sciences Focus,255,PA,"Private not-for-profit, 4-year or above"
211273,Bryn Mawr College,Full Professor,157123,Baccalaureate Colleges: Arts & Sciences Focus,1679,PA,"Private not-for-profit, 4-year or above"
211273,Bryn Mawr College,Assistant Professor,96394,Baccalaureate Colleges: Arts & Sciences Focus,1679,PA,"Private not-for-profit, 4-year or above"
211291,Bucknell University,Full Professor,141382,Baccalaureate Colleges: Arts & Sciences Focus,3969,PA,"Private not-for-profit, 4-year or above"
211291,Bucknell University,Assistant Professor,99779,Baccalaureate Colleges: Arts & Sciences Focus,3969,PA,"Private not-for-profit, 4-year or above"
153001,Buena Vista University,Full Professor,74283,Master's Colleges & Universities: Medium Programs,1890,IA,"Private not-for-profit, 4-year or above"
153001,Buena Vista University,Assistant Professor,57644,Master's Colleges & Universities: Medium Programs,1890,IA,"Private not-for-profit, 4-year or above"
209409,Bushnell University,Full Professor,61262,Master's Colleges & Universities: Small Programs,761,OR,"Private not-for-profit, 4-year or above"
209409,Bushnell University,Assistant Professor,51856,Master's Colleges & Universities: Small Programs,761,OR,"Private not-for-profit, 4-year or above"
150163,Butler University,Full Professor,106785,Master's Colleges & Universities: Larger Programs,5746,IN,"Private not-for-profit, 4-year or above"
150163,Butler University,Assistant Professor,82793,Master's Colleges & Universities: Larger Programs,5746,IN,"Private not-for-profit, 4-year or above"
444103,Byzantine Catholic Seminary of Saints Cyril and Methodius,Full Professor,15840,Special Focus Four-Year: Faith-Related Institutions,24,PA,"Private not-for-profit, 4-year or above"
190512,CUNY Bernard M Baruch College,Full Professor,137608,Master's Colleges & Universities: Larger Programs,20081,NY,"Public, 4-year or above"
190512,CUNY Bernard M Baruch College,Assistant Professor,97105,Master's Colleges & Universities: Larger Programs,20081,NY,"Public, 4-year or above"
190549,CUNY Brooklyn College,Full Professor,132594,Master's Colleges & Universities: Larger Programs,14390,NY,"Public, 4-year or above"
190549,CUNY Brooklyn College,Assistant Professor,93758,Master's Colleges & Universities: Larger Programs,14390,NY,"Public, 4-year or above"
190567,CUNY City College,Full Professor,136104,"Doctoral Universities: High Research Activity
",15544,NY,"Public, 4-year or above"
190567,CUNY City College,Assistant Professor,95785,"Doctoral Universities: High Research Activity
",15544,NY,"Public, 4-year or above"
190576,CUNY Graduate School and University Center,Full Professor,136266,"Doctoral Universities: Very High Research Activity
",9536,NY,"Public, 4-year or above"
190576,CUNY Graduate School and University Center,Assistant Professor,97567,"Doctoral Universities: Very High Research Activity
",9536,NY,"Public, 4-year or above"
190594,CUNY Hunter College,Full Professor,132274,Master's Colleges & Universities: Larger Programs,22538,NY,"Public, 4-year or above"
190594,CUNY Hunter College,Assistant Professor,95413,Master's Colleges & Universities: Larger Programs,22538,NY,"Public, 4-year or above"
190600,CUNY John Jay College of Criminal Justice,Full Professor,133610,Master's Colleges & Universities: Larger Programs,13763,NY,"Public, 4-year or above"
190600,CUNY John Jay College of Criminal Justice,Assistant Professor,92138,Master's Colleges & Universities: Larger Programs,13763,NY,"Public, 4-year or above"
190637,CUNY Lehman College,Full Professor,132021,Master's Colleges & Universities: Larger Programs,13324,NY,"Public, 4-year or above"
190637,CUNY Lehman College,Assistant Professor,96242,Master's Colleges & Universities: Larger Programs,13324,NY,"Public, 4-year or above"
190646,CUNY Medgar Evers College,Full Professor,132514,Baccalaureate Colleges: Arts & Sciences Focus,3736,NY,"Public, 4-year or above"
190646,CUNY Medgar Evers College,Assistant Professor,91698,Baccalaureate Colleges: Arts & Sciences Focus,3736,NY,"Public, 4-year or above"
190655,CUNY New York City College of Technology,Full Professor,130136,Baccalaureate Colleges: Diverse Fields,14486,NY,"Public, 4-year or above"
190655,CUNY New York City College of Technology,Assistant Professor,95322,Baccalaureate Colleges: Diverse Fields,14486,NY,"Public, 4-year or above"
190664,CUNY Queens College,Full Professor,133682,Master's Colleges & Universities: Larger Programs,15965,NY,"Public, 4-year or above"
190664,CUNY Queens College,Assistant Professor,92550,Master's Colleges & Universities: Larger Programs,15965,NY,"Public, 4-year or above"
190682,CUNY School of Law,Full Professor,175902,Special Focus Four-Year: Law Schools,669,NY,"Public, 4-year or above"
190682,CUNY School of Law,Assistant Professor,120494,Special Focus Four-Year: Law Schools,669,NY,"Public, 4-year or above"
190691,CUNY York College,Full Professor,126736,Master's Colleges & Universities: Small Programs,6174,NY,"Public, 4-year or above"
190691,CUNY York College,Assistant Professor,92167,Master's Colleges & Universities: Small Programs,6174,NY,"Public, 4-year or above"
198109,Cabarrus College of Health Sciences,Assistant Professor,76848,Special Focus Four-Year: Other Health Professions Schools,924,NC,"Private not-for-profit, 4-year or above"
215114,Cairn University-Langhorne,Full Professor,62631,Master's Colleges & Universities: Medium Programs,1097,PA,"Private not-for-profit, 4-year or above"
215114,Cairn University-Langhorne,Assistant Professor,51760,Master's Colleges & Universities: Medium Programs,1097,PA,"Private not-for-profit, 4-year or above"
183910,Caldwell University,Full Professor,84081,Master's Colleges & Universities: Medium Programs,2005,NJ,"Private not-for-profit, 4-year or above"
183910,Caldwell University,Assistant Professor,64741,Master's Colleges & Universities: Medium Programs,2005,NJ,"Private not-for-profit, 4-year or above"
110361,California Baptist University,Full Professor,111417,Master's Colleges & Universities: Larger Programs,11902,CA,"Private not-for-profit, 4-year or above"
110361,California Baptist University,Assistant Professor,90150,Master's Colleges & Universities: Larger Programs,11902,CA,"Private not-for-profit, 4-year or above"
110370,California College of the Arts,Full Professor,100372,"Special Focus Four-Year: Arts, Music & Design Schools",1308,CA,"Private not-for-profit, 4-year or above"
110370,California College of the Arts,Assistant Professor,75455,"Special Focus Four-Year: Arts, Music & Design Schools",1308,CA,"Private not-for-profit, 4-year or above"
487649,California Institute of Advanced Management,Full Professor,88019,Special Focus Four-Year: Business & Management Schools,344,CA,"Private not-for-profit, 4-year or above"
110316,California Institute of Integral Studies,Full Professor,107720,"Doctoral/Professional Universities
",1874,CA,"Private not-for-profit, 4-year or above"
110316,California Institute of Integral Studies,Assistant Professor,75429,"Doctoral/Professional Universities
",1874,CA,"Private not-for-profit, 4-year or above"
110404,California Institute of Technology,Full Professor,236123,"Doctoral Universities: Very High Research Activity
",2430,CA,"Private not-for-profit, 4-year or above"
110404,California Institute of Technology,Assistant Professor,161024,"Doctoral Universities: Very High Research Activity
",2430,CA,"Private not-for-profit, 4-year or above"
486488,California Jazz Conservatory,Full Professor,108724,"Special Focus Four-Year: Arts, Music & Design Schools",6,CA,"Private not-for-profit, 4-year or above"
110413,California Lutheran University,Full Professor,115196,Master's Colleges & Universities: Larger Programs,3351,CA,"Private not-for-profit, 4-year or above"
110413,California Lutheran University,Assistant Professor,83318,Master's Colleges & Universities: Larger Programs,3351,CA,"Private not-for-profit, 4-year or above"
110422,California Polytechnic State University-San Luis Obispo,Full Professor,134991,Master's Colleges & Universities: Larger Programs,23069,CA,"Public, 4-year or above"
110422,California Polytechnic State University-San Luis Obispo,Assistant Professor,106419,Master's Colleges & Universities: Larger Programs,23069,CA,"Public, 4-year or above"
115755,California State Polytechnic University-Humboldt,Full Professor,124881,Master's Colleges & Universities: Larger Programs,6237,CA,"Public, 4-year or above"
115755,California State Polytechnic University-Humboldt,Assistant Professor,91534,Master's Colleges & Universities: Larger Programs,6237,CA,"Public, 4-year or above"
110529,California State Polytechnic University-Pomona,Full Professor,138210,Master's Colleges & Universities: Larger Programs,27636,CA,"Public, 4-year or above"
110529,California State Polytechnic University-Pomona,Assistant Professor,101981,Master's Colleges & Universities: Larger Programs,27636,CA,"Public, 4-year or above"
111188,California State University Maritime Academy,Full Professor,140722,Baccalaureate Colleges: Diverse Fields,837,CA,"Public, 4-year or above"
111188,California State University Maritime Academy,Assistant Professor,95494,Baccalaureate Colleges: Diverse Fields,837,CA,"Public, 4-year or above"
110486,California State University-Bakersfield,Full Professor,133272,Master's Colleges & Universities: Larger Programs,10419,CA,"Public, 4-year or above"
110486,California State University-Bakersfield,Assistant Professor,93502,Master's Colleges & Universities: Larger Programs,10419,CA,"Public, 4-year or above"
441937,California State University-Channel Islands,Full Professor,143244,Master's Colleges & Universities: Small Programs,5592,CA,"Public, 4-year or above"
441937,California State University-Channel Islands,Assistant Professor,100389,Master's Colleges & Universities: Small Programs,5592,CA,"Public, 4-year or above"
110538,California State University-Chico,Full Professor,124448,Master's Colleges & Universities: Larger Programs,15257,CA,"Public, 4-year or above"
110538,California State University-Chico,Assistant Professor,91034,Master's Colleges & Universities: Larger Programs,15257,CA,"Public, 4-year or above"
110547,California State University-Dominguez Hills,Full Professor,138319,Master's Colleges & Universities: Larger Programs,15182,CA,"Public, 4-year or above"
110547,California State University-Dominguez Hills,Assistant Professor,92950,Master's Colleges & Universities: Larger Programs,15182,CA,"Public, 4-year or above"
110574,California State University-East Bay,Full Professor,137170,"Doctoral Universities: High Research Activity
",12326,CA,"Public, 4-year or above"
110574,California State University-East Bay,Assistant Professor,97356,"Doctoral Universities: High Research Activity
",12326,CA,"Public, 4-year or above"
110556,California State University-Fresno,Full Professor,129153,"Doctoral Universities: High Research Activity
",24427,CA,"Public, 4-year or above"
110556,California State University-Fresno,Assistant Professor,89943,"Doctoral Universities: High Research Activity
",24427,CA,"Public, 4-year or above"
110565,California State University-Fullerton,Full Professor,132837,"Doctoral Universities: High Research Activity
",43662,CA,"Public, 4-year or above"
110565,California State University-Fullerton,Assistant Professor,103734,"Doctoral Universities: High Research Activity
",43662,CA,"Public, 4-year or above"
110583,California State University-Long Beach,Full Professor,134786,"Doctoral Universities: High Research Activity
",42003,CA,"Public, 4-year or above"
110583,California State University-Long Beach,Assistant Professor,99564,"Doctoral Universities: High Research Activity
",42003,CA,"Public, 4-year or above"
110592,California State University-Los Angeles,Full Professor,132636,Master's Colleges & Universities: Larger Programs,23163,CA,"Public, 4-year or above"
110592,California State University-Los Angeles,Assistant Professor,102870,Master's Colleges & Universities: Larger Programs,23163,CA,"Public, 4-year or above"
409698,California State University-Monterey Bay,Full Professor,138237,Master's Colleges & Universities: Larger Programs,7713,CA,"Public, 4-year or above"
409698,California State University-Monterey Bay,Assistant Professor,97304,Master's Colleges & Universities: Larger Programs,7713,CA,"Public, 4-year or above"
110608,California State University-Northridge,Full Professor,126974,Master's Colleges & Universities: Larger Programs,38313,CA,"Public, 4-year or above"
110608,California State University-Northridge,Assistant Professor,101470,Master's Colleges & Universities: Larger Programs,38313,CA,"Public, 4-year or above"
110617,California State University-Sacramento,Full Professor,127466,Master's Colleges & Universities: Larger Programs,31943,CA,"Public, 4-year or above"
110617,California State University-Sacramento,Assistant Professor,92714,Master's Colleges & Universities: Larger Programs,31943,CA,"Public, 4-year or above"
110510,California State University-San Bernardino,Full Professor,130525,"Doctoral Universities: High Research Activity
",18492,CA,"Public, 4-year or above"
110510,California State University-San Bernardino,Assistant Professor,94334,"Doctoral Universities: High Research Activity
",18492,CA,"Public, 4-year or above"
366711,California State University-San Marcos,Full Professor,135326,Master's Colleges & Universities: Larger Programs,16237,CA,"Public, 4-year or above"
366711,California State University-San Marcos,Assistant Professor,103820,Master's Colleges & Universities: Larger Programs,16237,CA,"Public, 4-year or above"
110495,California State University-Stanislaus,Full Professor,128541,Master's Colleges & Universities: Larger Programs,9724,CA,"Public, 4-year or above"
110495,California State University-Stanislaus,Assistant Professor,92610,Master's Colleges & Universities: Larger Programs,9724,CA,"Public, 4-year or above"
111391,California Western School of Law,Full Professor,130632,Special Focus Four-Year: Law Schools,650,CA,"Private not-for-profit, 4-year or above"
150172,Calumet College of Saint Joseph,Full Professor,58593,Master's Colleges & Universities: Small Programs,658,IN,"Private not-for-profit, 4-year or above"
150172,Calumet College of Saint Joseph,Assistant Professor,59616,Master's Colleges & Universities: Small Programs,658,IN,"Private not-for-profit, 4-year or above"
176789,Calvary University,Full Professor,39850,Baccalaureate Colleges: Diverse Fields,244,MO,"Private not-for-profit, 4-year or above"
176789,Calvary University,Assistant Professor,32850,Baccalaureate Colleges: Diverse Fields,244,MO,"Private not-for-profit, 4-year or above"
169099,Calvin Theological Seminary,Full Professor,82383,Special Focus Four-Year: Faith-Related Institutions,367,MI,"Private not-for-profit, 4-year or above"
169099,Calvin Theological Seminary,Assistant Professor,66143,Special Focus Four-Year: Faith-Related Institutions,367,MI,"Private not-for-profit, 4-year or above"
169080,Calvin University,Full Professor,96008,Master's Colleges & Universities: Small Programs,3681,MI,"Private not-for-profit, 4-year or above"
169080,Calvin University,Assistant Professor,77417,Master's Colleges & Universities: Small Programs,3681,MI,"Private not-for-profit, 4-year or above"
206914,Cameron University,Full Professor,79752,Master's Colleges & Universities: Small Programs,3696,OK,"Public, 4-year or above"
206914,Cameron University,Assistant Professor,55803,Master's Colleges & Universities: Small Programs,3696,OK,"Public, 4-year or above"
198136,Campbell University,Full Professor,104055,"Doctoral/Professional Universities
",4963,NC,"Private not-for-profit, 4-year or above"
198136,Campbell University,Assistant Professor,78350,"Doctoral/Professional Universities
",4963,NC,"Private not-for-profit, 4-year or above"
156365,Campbellsville University,Full Professor,73433,Master's Colleges & Universities: Larger Programs,10836,KY,"Private not-for-profit, 4-year or above"
156365,Campbellsville University,Assistant Professor,57979,Master's Colleges & Universities: Larger Programs,10836,KY,"Private not-for-profit, 4-year or above"
189705,Canisius University,Full Professor,87383,Master's Colleges & Universities: Larger Programs,2451,NY,"Private not-for-profit, 4-year or above"
189705,Canisius University,Assistant Professor,74410,Master's Colleges & Universities: Larger Programs,2451,NY,"Private not-for-profit, 4-year or above"
201548,Capital University,Full Professor,104443,Master's Colleges & Universities: Larger Programs,2263,OH,"Private not-for-profit, 4-year or above"
201548,Capital University,Assistant Professor,64649,Master's Colleges & Universities: Larger Programs,2263,OH,"Private not-for-profit, 4-year or above"
162061,Capitol Technology University,Full Professor,47143,"Doctoral/Professional Universities
",1065,MD,"Private not-for-profit, 4-year or above"
241377,Caribbean University-Bayamon,Full Professor,26640,Master's Colleges & Universities: Small Programs,957,PR,"Private not-for-profit, 4-year or above"
241377,Caribbean University-Bayamon,Assistant Professor,21375,Master's Colleges & Universities: Small Programs,957,PR,"Private not-for-profit, 4-year or above"
241386,Caribbean University-Carolina,Assistant Professor,18000,Baccalaureate Colleges: Diverse Fields,127,PR,"Private not-for-profit, 4-year or above"
363907,Caribbean University-Ponce,Assistant Professor,21000,Baccalaureate Colleges: Diverse Fields,591,PR,"Private not-for-profit, 4-year or above"
173258,Carleton College,Full Professor,154884,Baccalaureate Colleges: Arts & Sciences Focus,2128,MN,"Private not-for-profit, 4-year or above"
173258,Carleton College,Assistant Professor,94160,Baccalaureate Colleges: Arts & Sciences Focus,2128,MN,"Private not-for-profit, 4-year or above"
211431,Carlow University,Full Professor,86052,Master's Colleges & Universities: Larger Programs,2416,PA,"Private not-for-profit, 4-year or above"
211431,Carlow University,Assistant Professor,61836,Master's Colleges & Universities: Larger Programs,2416,PA,"Private not-for-profit, 4-year or above"
211440,Carnegie Mellon University,Full Professor,191594,"Doctoral Universities: Very High Research Activity
",15888,PA,"Private not-for-profit, 4-year or above"
211440,Carnegie Mellon University,Assistant Professor,123195,"Doctoral Universities: Very High Research Activity
",15888,PA,"Private not-for-profit, 4-year or above"
199971,Carolina Christian College,Full Professor,22500,Special Focus Four-Year: Faith-Related Institutions,71,NC,"Private not-for-profit, 4-year or above"
489937,Carolina University,Full Professor,63000,Master's Colleges & Universities: Small Programs,880,NC,"Private not-for-profit, 4-year or above"
489937,Carolina University,Assistant Professor,46569,Master's Colleges & Universities: Small Programs,880,NC,"Private not-for-profit, 4-year or above"
180106,Carroll College,Full Professor,79693,Baccalaureate Colleges: Diverse Fields,1156,MT,"Private not-for-profit, 4-year or above"
180106,Carroll College,Assistant Professor,57377,Baccalaureate Colleges: Diverse Fields,1156,MT,"Private not-for-profit, 4-year or above"
238458,Carroll University,Full Professor,91263,Master's Colleges & Universities: Larger Programs,3138,WI,"Private not-for-profit, 4-year or above"
238458,Carroll University,Assistant Professor,72806,Master's Colleges & Universities: Larger Programs,3138,WI,"Private not-for-profit, 4-year or above"
219806,Carson-Newman University,Full Professor,63801,"Doctoral/Professional Universities
",2669,TN,"Private not-for-profit, 4-year or above"
219806,Carson-Newman University,Assistant Professor,50956,"Doctoral/Professional Universities
",2669,TN,"Private not-for-profit, 4-year or above"
238476,Carthage College,Full Professor,95442,Master's Colleges & Universities: Small Programs,2844,WI,"Private not-for-profit, 4-year or above"
238476,Carthage College,Assistant Professor,71175,Master's Colleges & Universities: Small Programs,2844,WI,"Private not-for-profit, 4-year or above"
111638,Casa Loma College-Los Angeles,Full Professor,69329,Special Focus Two-Year: Health Professions,759,CA,"Private not-for-profit, 4-year or above"
111638,Casa Loma College-Los Angeles,Assistant Professor,53928,Special Focus Two-Year: Health Professions,759,CA,"Private not-for-profit, 4-year or above"
201645,Case Western Reserve University,Full Professor,168718,"Doctoral Universities: Very High Research Activity
",12475,OH,"Private not-for-profit, 4-year or above"
201645,Case Western Reserve University,Assistant Professor,105305,"Doctoral Universities: Very High Research Activity
",12475,OH,"Private not-for-profit, 4-year or above"
198215,Catawba College,Full Professor,93654,Baccalaureate Colleges: Diverse Fields,1376,NC,"Private not-for-profit, 4-year or above"
198215,Catawba College,Assistant Professor,72002,Baccalaureate Colleges: Diverse Fields,1376,NC,"Private not-for-profit, 4-year or above"
143659,Catholic Theological Union at Chicago,Full Professor,87409,Special Focus Four-Year: Faith-Related Institutions,210,IL,"Private not-for-profit, 4-year or above"
143659,Catholic Theological Union at Chicago,Assistant Professor,65656,Special Focus Four-Year: Faith-Related Institutions,210,IL,"Private not-for-profit, 4-year or above"
211468,Cedar Crest College,Full Professor,84757,Master's Colleges & Universities: Small Programs,1290,PA,"Private not-for-profit, 4-year or above"
211468,Cedar Crest College,Assistant Professor,60541,Master's Colleges & Universities: Small Programs,1290,PA,"Private not-for-profit, 4-year or above"
201654,Cedarville University,Full Professor,88874,Master's Colleges & Universities: Medium Programs,6318,OH,"Private not-for-profit, 4-year or above"
201654,Cedarville University,Assistant Professor,66093,Master's Colleges & Universities: Medium Programs,6318,OH,"Private not-for-profit, 4-year or above"
158477,Centenary College of Louisiana,Full Professor,91661,Baccalaureate Colleges: Arts & Sciences Focus,712,LA,"Private not-for-profit, 4-year or above"
158477,Centenary College of Louisiana,Assistant Professor,64815,Baccalaureate Colleges: Arts & Sciences Focus,712,LA,"Private not-for-profit, 4-year or above"
183974,Centenary University,Full Professor,87383,Master's Colleges & Universities: Medium Programs,1398,NJ,"Private not-for-profit, 4-year or above"
183974,Centenary University,Assistant Professor,65125,Master's Colleges & Universities: Medium Programs,1398,NJ,"Private not-for-profit, 4-year or above"
106713,Central Baptist College,Full Professor,54475,Baccalaureate Colleges: Diverse Fields,547,AR,"Private not-for-profit, 4-year or above"
106713,Central Baptist College,Assistant Professor,44008,Baccalaureate Colleges: Diverse Fields,547,AR,"Private not-for-profit, 4-year or above"
176910,Central Christian College of the Bible,Full Professor,41017,Special Focus Four-Year: Faith-Related Institutions,189,MO,"Private not-for-profit, 4-year or above"
153108,Central College,Full Professor,81306,Baccalaureate Colleges: Arts & Sciences Focus,1084,IA,"Private not-for-profit, 4-year or above"
153108,Central College,Assistant Professor,58433,Baccalaureate Colleges: Arts & Sciences Focus,1084,IA,"Private not-for-profit, 4-year or above"
128771,Central Connecticut State University,Full Professor,117347,Master's Colleges & Universities: Larger Programs,9997,CT,"Public, 4-year or above"
128771,Central Connecticut State University,Assistant Professor,72706,Master's Colleges & Universities: Larger Programs,9997,CT,"Public, 4-year or above"
445267,Central Methodist University-College of Graduate and Extended Studies,Full Professor,64807,Master's Colleges & Universities: Small Programs,3802,MO,"Private not-for-profit, 4-year or above"
445267,Central Methodist University-College of Graduate and Extended Studies,Assistant Professor,45869,Master's Colleges & Universities: Small Programs,3802,MO,"Private not-for-profit, 4-year or above"
176947,Central Methodist University-College of Liberal Arts and Sciences,Full Professor,74861,Baccalaureate Colleges: Diverse Fields,1041,MO,"Private not-for-profit, 4-year or above"
176947,Central Methodist University-College of Liberal Arts and Sciences,Assistant Professor,55008,Baccalaureate Colleges: Diverse Fields,1041,MO,"Private not-for-profit, 4-year or above"
169248,Central Michigan University,Full Professor,115062,"Doctoral Universities: High Research Activity
",14488,MI,"Public, 4-year or above"
169248,Central Michigan University,Assistant Professor,92542,"Doctoral Universities: High Research Activity
",14488,MI,"Public, 4-year or above"
201672,Central Ohio Technical College,Full Professor,79542,Associate's Colleges: High Career & Technical-High Nontraditional,3182,OH,"Public, 4-year or above"
201672,Central Ohio Technical College,Assistant Professor,64128,Associate's Colleges: High Career & Technical-High Nontraditional,3182,OH,"Public, 4-year or above"
201690,Central State University,Full Professor,88463,Baccalaureate Colleges: Diverse Fields,2708,OH,"Public, 4-year or above"
201690,Central State University,Assistant Professor,57739,Baccalaureate Colleges: Diverse Fields,2708,OH,"Public, 4-year or above"
234827,Central Washington University,Full Professor,115441,Master's Colleges & Universities: Larger Programs,10811,WA,"Public, 4-year or above"
234827,Central Washington University,Assistant Professor,76065,Master's Colleges & Universities: Larger Programs,10811,WA,"Public, 4-year or above"
240514,Central Wyoming College,Full Professor,68493,Associate's Colleges: Mixed Transfer/Career & Technical-Mixed Traditional/Nontraditional,2205,WY,"Public, 4-year or above"
240514,Central Wyoming College,Assistant Professor,62756,Associate's Colleges: Mixed Transfer/Career & Technical-Mixed Traditional/Nontraditional,2205,WY,"Public, 4-year or above"
156408,Centre College,Full Professor,111355,Baccalaureate Colleges: Arts & Sciences Focus,1404,KY,"Private not-for-profit, 4-year or above"
156408,Centre College,Assistant Professor,67997,Baccalaureate Colleges: Arts & Sciences Focus,1404,KY,"Private not-for-profit, 4-year or above"
180948,Chadron State College,Full Professor,89123,Master's Colleges & Universities: Medium Programs,2098,NE,"Public, 4-year or above"
180948,Chadron State College,Assistant Professor,60112,Master's Colleges & Universities: Medium Programs,2098,NE,"Public, 4-year or above"
141486,Chaminade University of Honolulu,Full Professor,93544,Master's Colleges & Universities: Medium Programs,2709,HI,"Private not-for-profit, 4-year or above"
141486,Chaminade University of Honolulu,Assistant Professor,77466,Master's Colleges & Universities: Medium Programs,2709,HI,"Private not-for-profit, 4-year or above"
492069,Champion Christian College,Full Professor,22200,Baccalaureate/Associate's Colleges: Mixed Baccalaureate/Associate's,146,AR,"Private not-for-profit, 4-year or above"
230852,Champlain College,Full Professor,101512,Master's Colleges & Universities: Larger Programs,3259,VT,"Private not-for-profit, 4-year or above"
230852,Champlain College,Assistant Professor,79554,Master's Colleges & Universities: Larger Programs,3259,VT,"Private not-for-profit, 4-year or above"
111948,Chapman University,Full Professor,169829,"Doctoral Universities: High Research Activity
",9760,CA,"Private not-for-profit, 4-year or above"
111948,Chapman University,Assistant Professor,95091,"Doctoral Universities: High Research Activity
",9760,CA,"Private not-for-profit, 4-year or above"
111966,Charles R Drew University of Medicine and Science,Full Professor,117663,Special Focus Four-Year: Other Health Professions Schools,852,CA,"Private not-for-profit, 4-year or above"
111966,Charles R Drew University of Medicine and Science,Assistant Professor,80612,Special Focus Four-Year: Other Health Professions Schools,852,CA,"Private not-for-profit, 4-year or above"
217688,Charleston Southern University,Full Professor,68108,Master's Colleges & Universities: Medium Programs,3832,SC,"Private not-for-profit, 4-year or above"
217688,Charleston Southern University,Assistant Professor,59266,Master's Colleges & Universities: Medium Programs,3832,SC,"Private not-for-profit, 4-year or above"
444778,Charlotte Christian College and Theological Seminary,Full Professor,27053,Special Focus Four-Year: Faith-Related Institutions,58,NC,"Private not-for-profit, 4-year or above"
211556,Chatham University,Full Professor,98079,"Doctoral/Professional Universities
",2309,PA,"Private not-for-profit, 4-year or above"
211556,Chatham University,Assistant Professor,65853,"Doctoral/Professional Universities
",2309,PA,"Private not-for-profit, 4-year or above"
211583,Chestnut Hill College,Full Professor,75921,Master's Colleges & Universities: Medium Programs,1288,PA,"Private not-for-profit, 4-year or above"
211583,Chestnut Hill College,Assistant Professor,47301,Master's Colleges & Universities: Medium Programs,1288,PA,"Private not-for-profit, 4-year or above"
211608,Cheyney University of Pennsylvania,Full Professor,128779,Baccalaureate Colleges: Arts & Sciences Focus,617,PA,"Public, 4-year or above"
211608,Cheyney University of Pennsylvania,Assistant Professor,77140,Baccalaureate Colleges: Arts & Sciences Focus,617,PA,"Public, 4-year or above"
144005,Chicago State University,Full Professor,99334,Master's Colleges & Universities: Larger Programs,2238,IL,"Public, 4-year or above"
144005,Chicago State University,Assistant Professor,72869,Master's Colleges & Universities: Larger Programs,2238,IL,"Public, 4-year or above"
144014,Chicago Theological Seminary,Full Professor,110518,Special Focus Four-Year: Faith-Related Institutions,215,IL,"Private not-for-profit, 4-year or above"
144014,Chicago Theological Seminary,Assistant Professor,75544,Special Focus Four-Year: Faith-Related Institutions,215,IL,"Private not-for-profit, 4-year or above"
133021,Chipola College,Full Professor,70652,Baccalaureate/Associate's Colleges: Mixed Baccalaureate/Associate's,1934,FL,"Public, 4-year or above"
133021,Chipola College,Assistant Professor,59439,Baccalaureate/Associate's Colleges: Mixed Baccalaureate/Associate's,1934,FL,"Public, 4-year or above"
198303,Chowan University,Full Professor,73292,Baccalaureate Colleges: Diverse Fields,675,NC,"Private not-for-profit, 4-year or above"
198303,Chowan University,Assistant Professor,53986,Baccalaureate Colleges: Diverse Fields,675,NC,"Private not-for-profit, 4-year or above"
219833,Christian Brothers University,Full Professor,85460,Master's Colleges & Universities: Medium Programs,1772,TN,"Private not-for-profit, 4-year or above"
219833,Christian Brothers University,Assistant Professor,60846,Master's Colleges & Universities: Medium Programs,1772,TN,"Private not-for-profit, 4-year or above"
150215,Christian Theological Seminary,Full Professor,77602,Special Focus Four-Year: Faith-Related Institutions,151,IN,"Private not-for-profit, 4-year or above"
150215,Christian Theological Seminary,Assistant Professor,55958,Special Focus Four-Year: Faith-Related Institutions,151,IN,"Private not-for-profit, 4-year or above"
231712,Christopher Newport University,Full Professor,124125,Master's Colleges & Universities: Small Programs,4454,VA,"Public, 4-year or above"
231712,Christopher Newport University,Assistant Professor,89465,Master's Colleges & Universities: Small Programs,4454,VA,"Public, 4-year or above"
112127,Church Divinity School of the Pacific,Full Professor,193950,Special Focus Four-Year: Faith-Related Institutions,40,CA,"Private not-for-profit, 4-year or above"
217864,Citadel Military College of South Carolina,Full Professor,107397,Master's Colleges & Universities: Larger Programs,3793,SC,"Public, 4-year or above"
217864,Citadel Military College of South Carolina,Assistant Professor,82749,Master's Colleges & Universities: Larger Programs,3793,SC,"Public, 4-year or above"
217873,Claflin University,Full Professor,85569,Baccalaureate Colleges: Arts & Sciences Focus,1852,SC,"Private not-for-profit, 4-year or above"
217873,Claflin University,Assistant Professor,62405,Baccalaureate Colleges: Arts & Sciences Focus,1852,SC,"Private not-for-profit, 4-year or above"
112251,Claremont Graduate University,Full Professor,149733,"Doctoral Universities: High Research Activity
",1771,CA,"Private not-for-profit, 4-year or above"
112251,Claremont Graduate University,Assistant Professor,85802,"Doctoral Universities: High Research Activity
",1771,CA,"Private not-for-profit, 4-year or above"
112260,Claremont McKenna College,Full Professor,192382,Baccalaureate Colleges: Arts & Sciences Focus,1393,CA,"Private not-for-profit, 4-year or above"
112260,Claremont McKenna College,Assistant Professor,100426,Baccalaureate Colleges: Arts & Sciences Focus,1393,CA,"Private not-for-profit, 4-year or above"
124283,Claremont School of Theology,Full Professor,52205,Special Focus Four-Year: Faith-Related Institutions,213,CA,"Private not-for-profit, 4-year or above"
138947,Clark Atlanta University,Full Professor,91521,"Doctoral Universities: High Research Activity
",4252,GA,"Private not-for-profit, 4-year or above"
138947,Clark Atlanta University,Assistant Professor,70029,"Doctoral Universities: High Research Activity
",4252,GA,"Private not-for-profit, 4-year or above"
201973,Clark State College,Full Professor,77491,Associate's Colleges: High Career & Technical-High Nontraditional,5077,OH,"Public, 4-year or above"
201973,Clark State College,Assistant Professor,61681,Associate's Colleges: High Career & Technical-High Nontraditional,5077,OH,"Public, 4-year or above"
165334,Clark University,Full Professor,148052,"Doctoral Universities: High Research Activity
",3925,MA,"Private not-for-profit, 4-year or above"
165334,Clark University,Assistant Professor,104907,"Doctoral Universities: High Research Activity
",3925,MA,"Private not-for-profit, 4-year or above"
153126,Clarke University,Full Professor,68580,"Doctoral/Professional Universities
",962,IA,"Private not-for-profit, 4-year or above"
153126,Clarke University,Assistant Professor,58305,"Doctoral/Professional Universities
",962,IA,"Private not-for-profit, 4-year or above"
180832,Clarkson College,Full Professor,81201,Special Focus Four-Year: Other Health Professions Schools,1121,NE,"Private not-for-profit, 4-year or above"
180832,Clarkson College,Assistant Professor,53791,Special Focus Four-Year: Other Health Professions Schools,1121,NE,"Private not-for-profit, 4-year or above"
190044,Clarkson University,Full Professor,139679,"Doctoral Universities: High Research Activity
",3348,NY,"Private not-for-profit, 4-year or above"
190044,Clarkson University,Assistant Professor,93467,"Doctoral Universities: High Research Activity
",3348,NY,"Private not-for-profit, 4-year or above"
139311,Clayton  State University,Full Professor,87848,Master's Colleges & Universities: Medium Programs,6163,GA,"Public, 4-year or above"
139311,Clayton  State University,Assistant Professor,72058,Master's Colleges & Universities: Medium Programs,6163,GA,"Public, 4-year or above"
156417,Clear Creek Baptist Bible College,Full Professor,44462,Special Focus Four-Year: Faith-Related Institutions,183,KY,"Private not-for-profit, 4-year or above"
156417,Clear Creek Baptist Bible College,Assistant Professor,40523,Special Focus Four-Year: Faith-Related Institutions,183,KY,"Private not-for-profit, 4-year or above"
217882,Clemson University,Full Professor,160372,"Doctoral Universities: Very High Research Activity
",29077,SC,"Public, 4-year or above"
217882,Clemson University,Assistant Professor,99792,"Doctoral Universities: Very High Research Activity
",29077,SC,"Public, 4-year or above"
202046,Cleveland Institute of Art,Full Professor,81508,"Special Focus Four-Year: Arts, Music & Design Schools",545,OH,"Private not-for-profit, 4-year or above"
202046,Cleveland Institute of Art,Assistant Professor,58451,"Special Focus Four-Year: Arts, Music & Design Schools",545,OH,"Private not-for-profit, 4-year or above"
202134,Cleveland State University,Full Professor,104420,"Doctoral Universities: High Research Activity
",14074,OH,"Public, 4-year or above"
202134,Cleveland State University,Assistant Professor,83941,"Doctoral Universities: High Research Activity
",14074,OH,"Public, 4-year or above"
177038,Cleveland University-Kansas City,Full Professor,71553,Special Focus Four-Year: Other Health Professions Schools,588,KS,"Private not-for-profit, 4-year or above"
177038,Cleveland University-Kansas City,Assistant Professor,39777,Special Focus Four-Year: Other Health Professions Schools,588,KS,"Private not-for-profit, 4-year or above"
217891,Clinton College,Full Professor,47640,Baccalaureate/Associate's Colleges: Mixed Baccalaureate/Associate's,126,SC,"Private not-for-profit, 4-year or above"
218724,Coastal Carolina University,Full Professor,105821,Master's Colleges & Universities: Larger Programs,11348,SC,"Public, 4-year or above"
218724,Coastal Carolina University,Assistant Professor,77719,Master's Colleges & Universities: Larger Programs,11348,SC,"Public, 4-year or above"
153144,Coe College,Full Professor,85043,Baccalaureate Colleges: Arts & Sciences Focus,1195,IA,"Private not-for-profit, 4-year or above"
153144,Coe College,Assistant Professor,55362,Baccalaureate Colleges: Arts & Sciences Focus,1195,IA,"Private not-for-profit, 4-year or above"
217907,Coker University,Full Professor,58509,Master's Colleges & Universities: Small Programs,1325,SC,"Private not-for-profit, 4-year or above"
217907,Coker University,Assistant Professor,52957,Master's Colleges & Universities: Small Programs,1325,SC,"Private not-for-profit, 4-year or above"
161086,Colby College,Full Professor,165647,Baccalaureate Colleges: Arts & Sciences Focus,2412,ME,"Private not-for-profit, 4-year or above"
161086,Colby College,Assistant Professor,99884,Baccalaureate Colleges: Arts & Sciences Focus,2412,ME,"Private not-for-profit, 4-year or above"
182634,Colby-Sawyer College,Full Professor,72745,Baccalaureate Colleges: Diverse Fields,972,NH,"Private not-for-profit, 4-year or above"
182634,Colby-Sawyer College,Assistant Professor,61316,Baccalaureate Colleges: Diverse Fields,972,NH,"Private not-for-profit, 4-year or above"
241720,Colegio Universitario de San Juan,Assistant Professor,32175,Baccalaureate Colleges: Diverse Fields,491,PR,"Public, 4-year or above"
190080,Colgate Rochester Crozer Divinity School,Full Professor,47438,Special Focus Four-Year: Faith-Related Institutions,78,NY,"Private not-for-profit, 4-year or above"
190080,Colgate Rochester Crozer Divinity School,Assistant Professor,57041,Special Focus Four-Year: Faith-Related Institutions,78,NY,"Private not-for-profit, 4-year or above"
190099,Colgate University,Full Professor,165404,Baccalaureate Colleges: Arts & Sciences Focus,3211,NY,"Private not-for-profit, 4-year or above"
190099,Colgate University,Assistant Professor,93488,Baccalaureate Colleges: Arts & Sciences Focus,3211,NY,"Private not-for-profit, 4-year or above"
169442,College for Creative Studies,Full Professor,126734,"Special Focus Four-Year: Arts, Music & Design Schools",1433,MI,"Private not-for-profit, 4-year or above"
169442,College for Creative Studies,Assistant Professor,89612,"Special Focus Four-Year: Arts, Music & Design Schools",1433,MI,"Private not-for-profit, 4-year or above"
493974,College of Athens,Full Professor,28425,"Not applicable, not in Carnegie universe (not accredited or nondegree-granting)",57,GA,"Private not-for-profit, 4-year or above"
388520,College of Biblical Studies-Houston,Full Professor,50302,Special Focus Four-Year: Faith-Related Institutions,419,TX,"Private not-for-profit, 4-year or above"
388520,College of Biblical Studies-Houston,Assistant Professor,44080,Special Focus Four-Year: Faith-Related Institutions,419,TX,"Private not-for-profit, 4-year or above"
132851,College of Central Florida,Full Professor,88960,Baccalaureate/Associate's Colleges: Mixed Baccalaureate/Associate's,5928,FL,"Public, 4-year or above"
132851,College of Central Florida,Assistant Professor,66764,Baccalaureate/Associate's Colleges: Mixed Baccalaureate/Associate's,5928,FL,"Public, 4-year or above"
217819,College of Charleston,Full Professor,113868,Master's Colleges & Universities: Medium Programs,11926,SC,"Public, 4-year or above"
217819,College of Charleston,Assistant Professor,81141,Master's Colleges & Universities: Medium Programs,11926,SC,"Public, 4-year or above"
139250,College of Coastal Georgia,Full Professor,85115,Baccalaureate Colleges: Diverse Fields,3468,GA,"Public, 4-year or above"
139250,College of Coastal Georgia,Assistant Professor,66378,Baccalaureate Colleges: Diverse Fields,3468,GA,"Public, 4-year or above"
243638,College of Micronesia-FSM,Full Professor,35080,Baccalaureate/Associate's Colleges: Associate's Dominant,1729,FM,"Public, 4-year or above"
243638,College of Micronesia-FSM,Assistant Professor,23496,Baccalaureate/Associate's Colleges: Associate's Dominant,1729,FM,"Public, 4-year or above"
167394,College of Our Lady of the Elms,Full Professor,80031,Master's Colleges & Universities: Medium Programs,1268,MA,"Private not-for-profit, 4-year or above"
167394,College of Our Lady of the Elms,Assistant Professor,65061,Master's Colleges & Universities: Medium Programs,1268,MA,"Private not-for-profit, 4-year or above"
174747,College of Saint Benedict,Full Professor,94642,Baccalaureate Colleges: Arts & Sciences Focus,1429,MN,"Private not-for-profit, 4-year or above"
174747,College of Saint Benedict,Assistant Professor,71124,Baccalaureate Colleges: Arts & Sciences Focus,1429,MN,"Private not-for-profit, 4-year or above"
181604,College of Saint Mary,Full Professor,79981,Master's Colleges & Universities: Medium Programs,786,NE,"Private not-for-profit, 4-year or above"
181604,College of Saint Mary,Assistant Professor,69610,Master's Colleges & Universities: Medium Programs,786,NE,"Private not-for-profit, 4-year or above"
142559,College of Southern Idaho,Full Professor,72380,Associate's Colleges: Mixed Transfer/Career & Technical-High Nontraditional,10176,ID,"Public, 4-year or above"
142559,College of Southern Idaho,Assistant Professor,56799,Associate's Colleges: Mixed Transfer/Career & Technical-High Nontraditional,10176,ID,"Public, 4-year or above"
182005,College of Southern Nevada,Full Professor,103856,Baccalaureate/Associate's Colleges: Associate's Dominant,28313,NV,"Public, 4-year or above"
190558,College of Staten Island CUNY,Full Professor,133081,Master's Colleges & Universities: Larger Programs,11033,NY,"Public, 4-year or above"
190558,College of Staten Island CUNY,Assistant Professor,95995,Master's Colleges & Universities: Larger Programs,11033,NY,"Public, 4-year or above"
160959,College of the Atlantic,Full Professor,80817,Baccalaureate Colleges: Arts & Sciences Focus,358,ME,"Private not-for-profit, 4-year or above"
166124,College of the Holy Cross,Full Professor,148514,Baccalaureate Colleges: Arts & Sciences Focus,3126,MA,"Private not-for-profit, 4-year or above"
166124,College of the Holy Cross,Assistant Professor,86080,Baccalaureate Colleges: Arts & Sciences Focus,3126,MA,"Private not-for-profit, 4-year or above"
226408,College of the Mainland,Full Professor,77151,Associate's Colleges: Mixed Transfer/Career & Technical-High Nontraditional,5127,TX,"Public, 4-year or above"
226408,College of the Mainland,Assistant Professor,67063,Associate's Colleges: Mixed Transfer/Career & Technical-High Nontraditional,5127,TX,"Public, 4-year or above"
178697,College of the Ozarks,Full Professor,87527,Baccalaureate Colleges: Diverse Fields,1454,MO,"Private not-for-profit, 4-year or above"
178697,College of the Ozarks,Assistant Professor,64069,Baccalaureate Colleges: Diverse Fields,1454,MO,"Private not-for-profit, 4-year or above"
126669,Colorado Christian University,Full Professor,83091,Master's Colleges & Universities: Larger Programs,9951,CO,"Private not-for-profit, 4-year or above"
126669,Colorado Christian University,Assistant Professor,58700,Master's Colleges & Universities: Larger Programs,9951,CO,"Private not-for-profit, 4-year or above"
126678,Colorado College,Full Professor,153484,Baccalaureate Colleges: Arts & Sciences Focus,2056,CO,"Private not-for-profit, 4-year or above"
126678,Colorado College,Assistant Professor,88240,Baccalaureate Colleges: Arts & Sciences Focus,2056,CO,"Private not-for-profit, 4-year or above"
127556,Colorado Mesa University,Full Professor,90450,Baccalaureate Colleges: Diverse Fields,9785,CO,"Public, 4-year or above"
127556,Colorado Mesa University,Assistant Professor,72913,Baccalaureate Colleges: Diverse Fields,9785,CO,"Public, 4-year or above"
126711,Colorado Mountain College,Full Professor,99620,Baccalaureate/Associate's Colleges: Mixed Baccalaureate/Associate's,5494,CO,"Public, 4-year or above"
126711,Colorado Mountain College,Assistant Professor,67450,Baccalaureate/Associate's Colleges: Mixed Baccalaureate/Associate's,5494,CO,"Public, 4-year or above"
126775,Colorado School of Mines,Full Professor,169733,"Doctoral Universities: Very High Research Activity
",8044,CO,"Public, 4-year or above"
126775,Colorado School of Mines,Assistant Professor,107121,"Doctoral Universities: Very High Research Activity
",8044,CO,"Public, 4-year or above"
128106,Colorado State University Pueblo,Full Professor,101426,Master's Colleges & Universities: Medium Programs,6851,CO,"Public, 4-year or above"
128106,Colorado State University Pueblo,Assistant Professor,71151,Master's Colleges & Universities: Medium Programs,6851,CO,"Public, 4-year or above"
126818,Colorado State University-Fort Collins,Full Professor,150762,"Doctoral Universities: Very High Research Activity
",34096,CO,"Public, 4-year or above"
126818,Colorado State University-Fort Collins,Assistant Professor,92045,"Doctoral Universities: Very High Research Activity
",34096,CO,"Public, 4-year or above"
217934,Columbia College,Full Professor,70765,Master's Colleges & Universities: Small Programs,1725,SC,"Private not-for-profit, 4-year or above"
177065,Columbia College,Full Professor,84561,Master's Colleges & Universities: Larger Programs,5689,MO,"Private not-for-profit, 4-year or above"
217934,Columbia College,Assistant Professor,51895,Master's Colleges & Universities: Small Programs,1725,SC,"Private not-for-profit, 4-year or above"
177065,Columbia College,Assistant Professor,70619,Master's Colleges & Universities: Larger Programs,5689,MO,"Private not-for-profit, 4-year or above"
144281,Columbia College Chicago,Full Professor,108084,Master's Colleges & Universities: Medium Programs,5570,IL,"Private not-for-profit, 4-year or above"
144281,Columbia College Chicago,Assistant Professor,73335,Master's Colleges & Universities: Medium Programs,5570,IL,"Private not-for-profit, 4-year or above"
217925,Columbia International University,Full Professor,59973,Master's Colleges & Universities: Medium Programs,2914,SC,"Private not-for-profit, 4-year or above"
217925,Columbia International University,Assistant Professor,54900,Master's Colleges & Universities: Medium Programs,2914,SC,"Private not-for-profit, 4-year or above"
139348,Columbia Theological Seminary,Full Professor,75268,Special Focus Four-Year: Faith-Related Institutions,127,GA,"Private not-for-profit, 4-year or above"
139348,Columbia Theological Seminary,Assistant Professor,47509,Special Focus Four-Year: Faith-Related Institutions,127,GA,"Private not-for-profit, 4-year or above"
190150,Columbia University in the City of New York,Full Professor,254478,"Doctoral Universities: Very High Research Activity
",35173,NY,"Private not-for-profit, 4-year or above"
190150,Columbia University in the City of New York,Assistant Professor,149416,"Doctoral Universities: Very High Research Activity
",35173,NY,"Private not-for-profit, 4-year or above"
202170,Columbus College of Art & Design,Full Professor,59209,"Special Focus Four-Year: Arts, Music & Design Schools",916,OH,"Private not-for-profit, 4-year or above"
202170,Columbus College of Art & Design,Assistant Professor,42725,"Special Focus Four-Year: Arts, Music & Design Schools",916,OH,"Private not-for-profit, 4-year or above"
202222,Columbus State Community College,Full Professor,85696,Associate's Colleges: Mixed Transfer/Career & Technical-High Nontraditional,28081,OH,"Public, 4-year or above"
202222,Columbus State Community College,Assistant Professor,60619,Associate's Colleges: Mixed Transfer/Career & Technical-High Nontraditional,28081,OH,"Public, 4-year or above"
139366,Columbus State University,Full Professor,94024,Master's Colleges & Universities: Larger Programs,7913,GA,"Public, 4-year or above"
139366,Columbus State University,Assistant Professor,70352,Master's Colleges & Universities: Larger Programs,7913,GA,"Public, 4-year or above"
498562,Commonwealth University of Pennsylvania,Full Professor,124527,"Not applicable, not in Carnegie universe (not accredited or nondegree-granting)",11092,PA,"Public, 4-year or above"
498562,Commonwealth University of Pennsylvania,Assistant Professor,82964,"Not applicable, not in Carnegie universe (not accredited or nondegree-granting)",11092,PA,"Public, 4-year or above"
126942,Community College of Denver,Full Professor,85575,Baccalaureate/Associate's Colleges: Associate's Dominant,7965,CO,"Public, 4-year or above"
126942,Community College of Denver,Assistant Professor,67346,Baccalaureate/Associate's Colleges: Associate's Dominant,7965,CO,"Public, 4-year or above"
177083,Conception Seminary College,Full Professor,55072,Special Focus Four-Year: Faith-Related Institutions,63,MO,"Private not-for-profit, 4-year or above"
177083,Conception Seminary College,Assistant Professor,41927,Special Focus Four-Year: Faith-Related Institutions,63,MO,"Private not-for-profit, 4-year or above"
237330,Concord University,Full Professor,74216,Master's Colleges & Universities: Medium Programs,1943,WV,"Public, 4-year or above"
237330,Concord University,Assistant Professor,62159,Master's Colleges & Universities: Medium Programs,1943,WV,"Public, 4-year or above"
173300,Concordia College at Moorhead,Full Professor,77501,Baccalaureate Colleges: Arts & Sciences Focus,1935,MN,"Private not-for-profit, 4-year or above"
173300,Concordia College at Moorhead,Assistant Professor,67105,Baccalaureate Colleges: Arts & Sciences Focus,1935,MN,"Private not-for-profit, 4-year or above"
177092,Concordia Seminary,Full Professor,90072,Special Focus Four-Year: Faith-Related Institutions,589,MO,"Private not-for-profit, 4-year or above"
177092,Concordia Seminary,Assistant Professor,67384,Special Focus Four-Year: Faith-Related Institutions,589,MO,"Private not-for-profit, 4-year or above"
150288,Concordia Theological Seminary,Full Professor,72506,Special Focus Four-Year: Faith-Related Institutions,279,IN,"Private not-for-profit, 4-year or above"
150288,Concordia Theological Seminary,Assistant Professor,61206,Special Focus Four-Year: Faith-Related Institutions,279,IN,"Private not-for-profit, 4-year or above"
169363,Concordia University Ann Arbor,Full Professor,59625,Master's Colleges & Universities: Small Programs,1135,MI,"Private not-for-profit, 4-year or above"
169363,Concordia University Ann Arbor,Assistant Professor,61788,Master's Colleges & Universities: Small Programs,1135,MI,"Private not-for-profit, 4-year or above"
224004,Concordia University Texas,Full Professor,60406,Master's Colleges & Universities: Larger Programs,1396,TX,"Private not-for-profit, 4-year or above"
224004,Concordia University Texas,Assistant Professor,52185,Master's Colleges & Universities: Larger Programs,1396,TX,"Private not-for-profit, 4-year or above"
144351,Concordia University-Chicago,Full Professor,69436,Master's Colleges & Universities: Larger Programs,4770,IL,"Private not-for-profit, 4-year or above"
144351,Concordia University-Chicago,Assistant Professor,53342,Master's Colleges & Universities: Larger Programs,4770,IL,"Private not-for-profit, 4-year or above"
112075,Concordia University-Irvine,Full Professor,83646,"Doctoral/Professional Universities
",3658,CA,"Private not-for-profit, 4-year or above"
112075,Concordia University-Irvine,Assistant Professor,65594,"Doctoral/Professional Universities
",3658,CA,"Private not-for-profit, 4-year or above"
180984,Concordia University-Nebraska,Full Professor,65571,Master's Colleges & Universities: Larger Programs,3479,NE,"Private not-for-profit, 4-year or above"
180984,Concordia University-Nebraska,Assistant Professor,53948,Master's Colleges & Universities: Larger Programs,3479,NE,"Private not-for-profit, 4-year or above"
173328,Concordia University-Saint Paul,Full Professor,77892,Master's Colleges & Universities: Larger Programs,6003,MN,"Private not-for-profit, 4-year or above"
173328,Concordia University-Saint Paul,Assistant Professor,64876,Master's Colleges & Universities: Larger Programs,6003,MN,"Private not-for-profit, 4-year or above"
238616,Concordia University-Wisconsin,Full Professor,73678,"Doctoral/Professional Universities
",5253,WI,"Private not-for-profit, 4-year or above"
238616,Concordia University-Wisconsin,Assistant Professor,58625,"Doctoral/Professional Universities
",5253,WI,"Private not-for-profit, 4-year or above"
128902,Connecticut College,Full Professor,84715,Baccalaureate Colleges: Arts & Sciences Focus,1990,CT,"Private not-for-profit, 4-year or above"
217961,Converse University,Full Professor,67958,Master's Colleges & Universities: Small Programs,1787,SC,"Private not-for-profit, 4-year or above"
217961,Converse University,Assistant Professor,55306,Master's Colleges & Universities: Small Programs,1787,SC,"Private not-for-profit, 4-year or above"
165495,Conway School of Landscape Design,Full Professor,54504,Special Focus Four-Year: Other Special Focus Institutions,17,MA,"Private not-for-profit, 4-year or above"
162283,Coppin State University,Full Professor,110158,Master's Colleges & Universities: Small Programs,2210,MD,"Public, 4-year or above"
162283,Coppin State University,Assistant Professor,84216,Master's Colleges & Universities: Small Programs,2210,MD,"Public, 4-year or above"
210331,Corban University,Full Professor,62472,Master's Colleges & Universities: Small Programs,1029,OR,"Private not-for-profit, 4-year or above"
210331,Corban University,Assistant Professor,50686,Master's Colleges & Universities: Small Programs,1029,OR,"Private not-for-profit, 4-year or above"
153162,Cornell College,Full Professor,81723,Baccalaureate Colleges: Arts & Sciences Focus,1094,IA,"Private not-for-profit, 4-year or above"
153162,Cornell College,Assistant Professor,65628,Baccalaureate Colleges: Arts & Sciences Focus,1094,IA,"Private not-for-profit, 4-year or above"
190415,Cornell University,Full Professor,216085,"Doctoral Universities: Very High Research Activity
",26793,NY,"Private not-for-profit, 4-year or above"
190415,Cornell University,Assistant Professor,133443,"Doctoral Universities: Very High Research Activity
",26793,NY,"Private not-for-profit, 4-year or above"
170037,Cornerstone University,Full Professor,71983,Master's Colleges & Universities: Larger Programs,1695,MI,"Private not-for-profit, 4-year or above"
170037,Cornerstone University,Assistant Professor,60923,Master's Colleges & Universities: Larger Programs,1695,MI,"Private not-for-profit, 4-year or above"
235024,Cornish College of the Arts,Full Professor,71741,"Special Focus Four-Year: Arts, Music & Design Schools",505,WA,"Private not-for-profit, 4-year or above"
235024,Cornish College of the Arts,Assistant Professor,62759,"Special Focus Four-Year: Arts, Music & Design Schools",505,WA,"Private not-for-profit, 4-year or above"
177117,Cottey College,Full Professor,57277,Baccalaureate/Associate's Colleges: Mixed Baccalaureate/Associate's,254,MO,"Private not-for-profit, 4-year or above"
177117,Cottey College,Assistant Professor,46511,Baccalaureate/Associate's Colleges: Mixed Baccalaureate/Associate's,254,MO,"Private not-for-profit, 4-year or above"
139393,Covenant College,Full Professor,83267,Baccalaureate Colleges: Arts & Sciences Focus,1100,GA,"Private not-for-profit, 4-year or above"
139393,Covenant College,Assistant Professor,71986,Baccalaureate Colleges: Arts & Sciences Focus,1100,GA,"Private not-for-profit, 4-year or above"
177126,Covenant Theological Seminary,Full Professor,66405,Special Focus Four-Year: Faith-Related Institutions,550,MO,"Private not-for-profit, 4-year or above"
177126,Covenant Theological Seminary,Assistant Professor,52101,Special Focus Four-Year: Faith-Related Institutions,550,MO,"Private not-for-profit, 4-year or above"
176770,Cox College,Full Professor,85647,Special Focus Four-Year: Other Health Professions Schools,724,MO,"Private not-for-profit, 4-year or above"
176770,Cox College,Assistant Professor,71566,Special Focus Four-Year: Other Health Professions Schools,724,MO,"Private not-for-profit, 4-year or above"
181002,Creighton University,Full Professor,129507,"Doctoral Universities: High Research Activity
",8581,NE,"Private not-for-profit, 4-year or above"
181002,Creighton University,Assistant Professor,80270,"Doctoral Universities: High Research Activity
",8581,NE,"Private not-for-profit, 4-year or above"
475608,Criswell College,Full Professor,73056,Baccalaureate Colleges: Diverse Fields,160,TX,"Private not-for-profit, 4-year or above"
475608,Criswell College,Assistant Professor,51540,Baccalaureate Colleges: Diverse Fields,160,TX,"Private not-for-profit, 4-year or above"
106810,Crowley's Ridge College,Assistant Professor,53508,Baccalaureate Colleges: Diverse Fields,241,AR,"Private not-for-profit, 4-year or above"
174862,Crown College,Full Professor,57500,Master's Colleges & Universities: Medium Programs,1846,MN,"Private not-for-profit, 4-year or above"
174862,Crown College,Assistant Professor,44113,Master's Colleges & Universities: Medium Programs,1846,MN,"Private not-for-profit, 4-year or above"
190503,Culinary Institute of America,Full Professor,115490,"Special Focus Four-Year: Arts, Music & Design Schools",3147,NY,"Private not-for-profit, 4-year or above"
190503,Culinary Institute of America,Assistant Professor,80748,"Special Focus Four-Year: Arts, Music & Design Schools",3147,NY,"Private not-for-profit, 4-year or above"
177144,Culver-Stockton College,Full Professor,66983,Baccalaureate Colleges: Diverse Fields,1028,MO,"Private not-for-profit, 4-year or above"
177144,Culver-Stockton College,Assistant Professor,51157,Baccalaureate Colleges: Diverse Fields,1028,MO,"Private not-for-profit, 4-year or above"
219949,Cumberland University,Full Professor,67711,Master's Colleges & Universities: Medium Programs,3457,TN,"Private not-for-profit, 4-year or above"
219949,Cumberland University,Assistant Professor,56552,Master's Colleges & Universities: Medium Programs,3457,TN,"Private not-for-profit, 4-year or above"
165529,Curry College,Full Professor,115529,Master's Colleges & Universities: Small Programs,1994,MA,"Private not-for-profit, 4-year or above"
165529,Curry College,Assistant Professor,82738,Master's Colleges & Universities: Small Programs,1994,MA,"Private not-for-profit, 4-year or above"
190716,D'Youville  University,Full Professor,94622,"Doctoral/Professional Universities
",2556,NY,"Private not-for-profit, 4-year or above"
190716,D'Youville  University,Assistant Professor,77966,"Doctoral/Professional Universities
",2556,NY,"Private not-for-profit, 4-year or above"
190725,Daemen University,Full Professor,81876,"Doctoral/Professional Universities
",2540,NY,"Private not-for-profit, 4-year or above"
190725,Daemen University,Assistant Professor,56851,"Doctoral/Professional Universities
",2540,NY,"Private not-for-profit, 4-year or above"
219082,Dakota State University,Full Professor,125836,Master's Colleges & Universities: Medium Programs,3774,SD,"Public, 4-year or above"
219082,Dakota State University,Assistant Professor,79380,Master's Colleges & Universities: Medium Programs,3774,SD,"Public, 4-year or above"
219091,Dakota Wesleyan University,Full Professor,67197,Baccalaureate Colleges: Diverse Fields,892,SD,"Private not-for-profit, 4-year or above"
219091,Dakota Wesleyan University,Assistant Professor,61513,Baccalaureate Colleges: Diverse Fields,892,SD,"Private not-for-profit, 4-year or above"
224226,Dallas Baptist University,Full Professor,81359,"Doctoral/Professional Universities
",4124,TX,"Private not-for-profit, 4-year or above"
224226,Dallas Baptist University,Assistant Professor,72101,"Doctoral/Professional Universities
",4124,TX,"Private not-for-profit, 4-year or above"
224244,Dallas Christian College,Full Professor,53269,Baccalaureate Colleges: Diverse Fields,248,TX,"Private not-for-profit, 4-year or above"
224305,Dallas Theological Seminary,Full Professor,91638,Special Focus Four-Year: Faith-Related Institutions,2589,TX,"Private not-for-profit, 4-year or above"
224305,Dallas Theological Seminary,Assistant Professor,76215,Special Focus Four-Year: Faith-Related Institutions,2589,TX,"Private not-for-profit, 4-year or above"
139463,Dalton State College,Full Professor,74872,Baccalaureate Colleges: Diverse Fields,5135,GA,"Public, 4-year or above"
139463,Dalton State College,Assistant Professor,64582,Baccalaureate Colleges: Diverse Fields,5135,GA,"Public, 4-year or above"
182670,Dartmouth College,Full Professor,248925,"Doctoral Universities: Very High Research Activity
",6938,NH,"Private not-for-profit, 4-year or above"
182670,Dartmouth College,Assistant Professor,125988,"Doctoral Universities: Very High Research Activity
",6938,NH,"Private not-for-profit, 4-year or above"
169479,Davenport University,Full Professor,76322,Master's Colleges & Universities: Larger Programs,4815,MI,"Private not-for-profit, 4-year or above"
169479,Davenport University,Assistant Professor,65373,Master's Colleges & Universities: Larger Programs,4815,MI,"Private not-for-profit, 4-year or above"
198385,Davidson College,Full Professor,155640,Baccalaureate Colleges: Arts & Sciences Focus,1869,NC,"Private not-for-profit, 4-year or above"
198385,Davidson College,Assistant Professor,87955,Baccalaureate Colleges: Arts & Sciences Focus,1869,NC,"Private not-for-profit, 4-year or above"
237358,Davis & Elkins College,Full Professor,60217,Baccalaureate Colleges: Diverse Fields,661,WV,"Private not-for-profit, 4-year or above"
237358,Davis & Elkins College,Assistant Professor,50998,Baccalaureate Colleges: Diverse Fields,661,WV,"Private not-for-profit, 4-year or above"
496469,Daybreak University,Assistant Professor,53000,"Not applicable, not in Carnegie universe (not accredited or nondegree-granting)",145,CA,"Private not-for-profit, 4-year or above"
133386,Daytona State College,Full Professor,76408,Baccalaureate/Associate's Colleges: Mixed Baccalaureate/Associate's,12820,FL,"Public, 4-year or above"
133386,Daytona State College,Assistant Professor,57578,Baccalaureate/Associate's Colleges: Mixed Baccalaureate/Associate's,12820,FL,"Public, 4-year or above"
144740,DePaul University,Full Professor,148103,"Doctoral Universities: High Research Activity
",21210,IL,"Private not-for-profit, 4-year or above"
144740,DePaul University,Assistant Professor,103050,"Doctoral Universities: High Research Activity
",21210,IL,"Private not-for-profit, 4-year or above"
150400,DePauw University,Full Professor,109458,Baccalaureate Colleges: Arts & Sciences Focus,1917,IN,"Private not-for-profit, 4-year or above"
150400,DePauw University,Assistant Professor,75324,Baccalaureate Colleges: Arts & Sciences Focus,1917,IN,"Private not-for-profit, 4-year or above"
210739,DeSales University,Full Professor,93407,"Doctoral/Professional Universities
",2972,PA,"Private not-for-profit, 4-year or above"
210739,DeSales University,Assistant Professor,70859,"Doctoral/Professional Universities
",2972,PA,"Private not-for-profit, 4-year or above"
165574,Dean College,Full Professor,75411,Baccalaureate Colleges: Diverse Fields,1092,MA,"Private not-for-profit, 4-year or above"
165574,Dean College,Assistant Professor,61946,Baccalaureate Colleges: Diverse Fields,1092,MA,"Private not-for-profit, 4-year or above"
202514,Defiance College,Full Professor,72100,Baccalaureate Colleges: Diverse Fields,568,OH,"Private not-for-profit, 4-year or above"
202514,Defiance College,Assistant Professor,58645,Baccalaureate Colleges: Diverse Fields,568,OH,"Private not-for-profit, 4-year or above"
224350,Del Mar College,Full Professor,94700,Associate's Colleges: High Career & Technical-High Traditional,10256,TX,"Public, 4-year or above"
224350,Del Mar College,Assistant Professor,69382,Associate's Colleges: High Career & Technical-High Traditional,10256,TX,"Public, 4-year or above"
130934,Delaware State University,Full Professor,95984,Master's Colleges & Universities: Medium Programs,5327,DE,"Public, 4-year or above"
130934,Delaware State University,Assistant Professor,71644,Master's Colleges & Universities: Medium Programs,5327,DE,"Public, 4-year or above"
211981,Delaware Valley University,Full Professor,95684,Master's Colleges & Universities: Small Programs,2199,PA,"Private not-for-profit, 4-year or above"
211981,Delaware Valley University,Assistant Professor,71435,Master's Colleges & Universities: Small Programs,2199,PA,"Private not-for-profit, 4-year or above"
175616,Delta State University,Full Professor,78568,Master's Colleges & Universities: Larger Programs,2654,MS,"Public, 4-year or above"
175616,Delta State University,Assistant Professor,64554,Master's Colleges & Universities: Larger Programs,2654,MS,"Public, 4-year or above"
202523,Denison University,Full Professor,142117,Baccalaureate Colleges: Arts & Sciences Focus,2394,OH,"Private not-for-profit, 4-year or above"
202523,Denison University,Assistant Professor,80048,Baccalaureate Colleges: Arts & Sciences Focus,2394,OH,"Private not-for-profit, 4-year or above"
126979,Denver Seminary,Full Professor,48441,Master's Colleges & Universities: Medium Programs,847,CO,"Private not-for-profit, 4-year or above"
126979,Denver Seminary,Assistant Professor,47695,Master's Colleges & Universities: Medium Programs,847,CO,"Private not-for-profit, 4-year or above"
154156,Des Moines University-Osteopathic Medical Center,Full Professor,110652,Special Focus Four-Year: Medical Schools & Centers,1534,IA,"Private not-for-profit, 4-year or above"
154156,Des Moines University-Osteopathic Medical Center,Assistant Professor,69956,Special Focus Four-Year: Medical Schools & Centers,1534,IA,"Private not-for-profit, 4-year or above"
434900,Dewey University-Carolina,Full Professor,24917,Baccalaureate/Associate's Colleges: Mixed Baccalaureate/Associate's,292,PR,"Private not-for-profit, 4-year or above"
443562,Dewey University-Hato Rey,Full Professor,18364,Special Focus Four-Year: Other Health Professions Schools,386,PR,"Private not-for-profit, 4-year or above"
449135,Dewey University-Juana Díaz,Full Professor,24625,Special Focus Four-Year: Other Health Professions Schools,265,PR,"Private not-for-profit, 4-year or above"
469416,Dewey University-Manati,Full Professor,23850,Special Focus Four-Year: Other Health Professions Schools,221,PR,"Private not-for-profit, 4-year or above"
212009,Dickinson College,Full Professor,108640,Baccalaureate Colleges: Arts & Sciences Focus,2314,PA,"Private not-for-profit, 4-year or above"
212009,Dickinson College,Assistant Professor,78673,Baccalaureate Colleges: Arts & Sciences Focus,2314,PA,"Private not-for-profit, 4-year or above"
200059,Dickinson State University,Full Professor,90729,Baccalaureate Colleges: Diverse Fields,1410,ND,"Public, 4-year or above"
200059,Dickinson State University,Assistant Professor,60014,Baccalaureate Colleges: Diverse Fields,1410,ND,"Public, 4-year or above"
158802,Dillard University,Full Professor,77652,Baccalaureate Colleges: Arts & Sciences Focus,1080,LA,"Private not-for-profit, 4-year or above"
158802,Dillard University,Assistant Professor,62978,Baccalaureate Colleges: Arts & Sciences Focus,1080,LA,"Private not-for-profit, 4-year or above"
105297,Dine College,Full Professor,70571,Tribal Colleges,1434,AZ,"Public, 4-year or above"
105297,Dine College,Assistant Professor,58635,Tribal Colleges,1434,AZ,"Public, 4-year or above"
445869,Divine Mercy University,Full Professor,86550,Special Focus Four-Year: Other Health Professions Schools,463,VA,"Private not-for-profit, 4-year or above"
445869,Divine Mercy University,Assistant Professor,62259,Special Focus Four-Year: Other Health Professions Schools,463,VA,"Private not-for-profit, 4-year or above"
153241,Divine Word College,Full Professor,84050,Baccalaureate Colleges: Arts & Sciences Focus,64,IA,"Private not-for-profit, 4-year or above"
153241,Divine Word College,Assistant Professor,67304,Baccalaureate Colleges: Arts & Sciences Focus,64,IA,"Private not-for-profit, 4-year or above"
181020,Doane University,Full Professor,87653,Master's Colleges & Universities: Larger Programs,1985,NE,"Private not-for-profit, 4-year or above"
181020,Doane University,Assistant Professor,62989,Master's Colleges & Universities: Larger Programs,1985,NE,"Private not-for-profit, 4-year or above"
113704,Dominican School of Philosophy & Theology,Full Professor,34566,Master's Colleges & Universities: Small Programs,55,CA,"Private not-for-profit, 4-year or above"
113704,Dominican School of Philosophy & Theology,Assistant Professor,19500,Master's Colleges & Universities: Small Programs,55,CA,"Private not-for-profit, 4-year or above"
148496,Dominican University,Full Professor,81590,Master's Colleges & Universities: Larger Programs,3803,IL,"Private not-for-profit, 4-year or above"
148496,Dominican University,Assistant Professor,68656,Master's Colleges & Universities: Larger Programs,3803,IL,"Private not-for-profit, 4-year or above"
190761,Dominican University New York,Full Professor,78996,"Doctoral/Professional Universities
",1396,NY,"Private not-for-profit, 4-year or above"
190761,Dominican University New York,Assistant Professor,76983,"Doctoral/Professional Universities
",1396,NY,"Private not-for-profit, 4-year or above"
113698,Dominican University of California,Full Professor,100509,Master's Colleges & Universities: Medium Programs,1900,CA,"Private not-for-profit, 4-year or above"
113698,Dominican University of California,Assistant Professor,81796,Master's Colleges & Universities: Medium Programs,1900,CA,"Private not-for-profit, 4-year or above"
122117,Dongguk University Los Angeles,Full Professor,54000,Special Focus Four-Year: Other Health Professions Schools,102,CA,"Private not-for-profit, 4-year or above"
155007,Donnelly College,Assistant Professor,40233,Baccalaureate/Associate's Colleges: Mixed Baccalaureate/Associate's,395,KS,"Private not-for-profit, 4-year or above"
153250,Dordt University,Full Professor,71429,Master's Colleges & Universities: Small Programs,1952,IA,"Private not-for-profit, 4-year or above"
153250,Dordt University,Assistant Professor,61070,Master's Colleges & Universities: Small Programs,1952,IA,"Private not-for-profit, 4-year or above"
153269,Drake University,Full Professor,108249,"Doctoral/Professional Universities
",4345,IA,"Private not-for-profit, 4-year or above"
153269,Drake University,Assistant Professor,74775,"Doctoral/Professional Universities
",4345,IA,"Private not-for-profit, 4-year or above"
184348,Drew University,Full Professor,99442,Baccalaureate Colleges: Arts & Sciences Focus,2232,NJ,"Private not-for-profit, 4-year or above"
184348,Drew University,Assistant Professor,71447,Baccalaureate Colleges: Arts & Sciences Focus,2232,NJ,"Private not-for-profit, 4-year or above"
212054,Drexel University,Full Professor,168789,"Doctoral Universities: Very High Research Activity
",21153,PA,"Private not-for-profit, 4-year or above"
212054,Drexel University,Assistant Professor,103570,"Doctoral Universities: Very High Research Activity
",21153,PA,"Private not-for-profit, 4-year or above"
177214,Drury University,Full Professor,73743,Master's Colleges & Universities: Small Programs,1615,MO,"Private not-for-profit, 4-year or above"
177214,Drury University,Assistant Professor,69080,Master's Colleges & Universities: Small Programs,1615,MO,"Private not-for-profit, 4-year or above"
492801,Drury University-College of Continuing Professional Studies,Full Professor,68476,Baccalaureate Colleges: Diverse Fields,659,MO,"Private not-for-profit, 4-year or above"
198419,Duke University,Full Professor,235456,"Doctoral Universities: Very High Research Activity
",17499,NC,"Private not-for-profit, 4-year or above"
198419,Duke University,Assistant Professor,117997,"Doctoral Universities: Very High Research Activity
",17499,NC,"Private not-for-profit, 4-year or above"
175227,Dunwoody College of Technology,Full Professor,82610,Baccalaureate/Associate's Colleges: Mixed Baccalaureate/Associate's,1537,MN,"Private not-for-profit, 4-year or above"
175227,Dunwoody College of Technology,Assistant Professor,68238,Baccalaureate/Associate's Colleges: Mixed Baccalaureate/Associate's,1537,MN,"Private not-for-profit, 4-year or above"
212106,Duquesne University,Full Professor,119004,"Doctoral Universities: High Research Activity
",8234,PA,"Private not-for-profit, 4-year or above"
212106,Duquesne University,Assistant Professor,76179,"Doctoral Universities: High Research Activity
",8234,PA,"Private not-for-profit, 4-year or above"
150455,Earlham College,Full Professor,90834,Baccalaureate Colleges: Arts & Sciences Focus,753,IN,"Private not-for-profit, 4-year or above"
150455,Earlham College,Assistant Professor,66073,Baccalaureate Colleges: Arts & Sciences Focus,753,IN,"Private not-for-profit, 4-year or above"
198464,East Carolina University,Full Professor,109132,"Doctoral Universities: High Research Activity
",26940,NC,"Public, 4-year or above"
198464,East Carolina University,Assistant Professor,78448,"Doctoral Universities: High Research Activity
",26940,NC,"Public, 4-year or above"
207041,East Central University,Full Professor,58718,Master's Colleges & Universities: Larger Programs,3377,OK,"Public, 4-year or above"
207041,East Central University,Assistant Professor,45028,Master's Colleges & Universities: Larger Programs,3377,OK,"Public, 4-year or above"
139621,East Georgia State College,Full Professor,68694,Baccalaureate/Associate's Colleges: Associate's Dominant,1820,GA,"Public, 4-year or above"
139621,East Georgia State College,Assistant Professor,54347,Baccalaureate/Associate's Colleges: Associate's Dominant,1820,GA,"Public, 4-year or above"
212115,East Stroudsburg University of Pennsylvania,Full Professor,124961,Master's Colleges & Universities: Larger Programs,5633,PA,"Public, 4-year or above"
212115,East Stroudsburg University of Pennsylvania,Assistant Professor,78263,Master's Colleges & Universities: Larger Programs,5633,PA,"Public, 4-year or above"
220075,East Tennessee State University,Full Professor,92036,"Doctoral Universities: High Research Activity
",13728,TN,"Public, 4-year or above"
220075,East Tennessee State University,Assistant Professor,71993,"Doctoral Universities: High Research Activity
",13728,TN,"Public, 4-year or above"
224527,East Texas Baptist University,Full Professor,70460,Master's Colleges & Universities: Small Programs,1813,TX,"Private not-for-profit, 4-year or above"
224527,East Texas Baptist University,Assistant Professor,64858,Master's Colleges & Universities: Small Programs,1813,TX,"Private not-for-profit, 4-year or above"
144883,East-West University,Assistant Professor,63086,Baccalaureate Colleges: Arts & Sciences Focus,468,IL,"Private not-for-profit, 4-year or above"
104577,Eastern Arizona College,Full Professor,91910,Associate's Colleges: Mixed Transfer/Career & Technical-High Nontraditional,5213,AZ,"Public, 4-year or above"
129215,Eastern Connecticut State University,Full Professor,112486,Master's Colleges & Universities: Small Programs,4355,CT,"Public, 4-year or above"
129215,Eastern Connecticut State University,Assistant Professor,79088,Master's Colleges & Universities: Small Programs,4355,CT,"Public, 4-year or above"
132693,Eastern Florida State College,Full Professor,72494,Baccalaureate/Associate's Colleges: Mixed Baccalaureate/Associate's,14053,FL,"Public, 4-year or above"
132693,Eastern Florida State College,Assistant Professor,56913,Baccalaureate/Associate's Colleges: Mixed Baccalaureate/Associate's,14053,FL,"Public, 4-year or above"
144892,Eastern Illinois University,Full Professor,105601,Master's Colleges & Universities: Larger Programs,8505,IL,"Public, 4-year or above"
144892,Eastern Illinois University,Assistant Professor,74808,Master's Colleges & Universities: Larger Programs,8505,IL,"Public, 4-year or above"
156620,Eastern Kentucky University,Full Professor,77253,"Doctoral/Professional Universities
",15673,KY,"Public, 4-year or above"
156620,Eastern Kentucky University,Assistant Professor,67816,"Doctoral/Professional Universities
",15673,KY,"Public, 4-year or above"
232043,Eastern Mennonite University,Full Professor,66487,Master's Colleges & Universities: Medium Programs,1154,VA,"Private not-for-profit, 4-year or above"
232043,Eastern Mennonite University,Assistant Professor,52959,Master's Colleges & Universities: Medium Programs,1154,VA,"Private not-for-profit, 4-year or above"
169798,Eastern Michigan University,Full Professor,109604,"Doctoral Universities: High Research Activity
",12631,MI,"Public, 4-year or above"
169798,Eastern Michigan University,Assistant Professor,77066,"Doctoral Universities: High Research Activity
",12631,MI,"Public, 4-year or above"
165644,Eastern Nazarene College,Full Professor,77766,Master's Colleges & Universities: Small Programs,60,MA,"Private not-for-profit, 4-year or above"
165644,Eastern Nazarene College,Assistant Professor,50746,Master's Colleges & Universities: Small Programs,60,MA,"Private not-for-profit, 4-year or above"
187648,Eastern New Mexico University-Main Campus,Full Professor,101840,Master's Colleges & Universities: Larger Programs,5725,NM,"Public, 4-year or above"
187648,Eastern New Mexico University-Main Campus,Assistant Professor,69883,Master's Colleges & Universities: Larger Programs,5725,NM,"Public, 4-year or above"
208646,Eastern Oregon University,Full Professor,95931,Master's Colleges & Universities: Small Programs,2894,OR,"Public, 4-year or above"
208646,Eastern Oregon University,Assistant Professor,69342,Master's Colleges & Universities: Small Programs,2894,OR,"Public, 4-year or above"
212133,Eastern University,Full Professor,68749,Master's Colleges & Universities: Larger Programs,8727,PA,"Private not-for-profit, 4-year or above"
212133,Eastern University,Assistant Professor,51209,Master's Colleges & Universities: Larger Programs,8727,PA,"Private not-for-profit, 4-year or above"
235097,Eastern Washington University,Full Professor,124252,Master's Colleges & Universities: Larger Programs,10492,WA,"Public, 4-year or above"
235097,Eastern Washington University,Assistant Professor,90293,Master's Colleges & Universities: Larger Programs,10492,WA,"Public, 4-year or above"
133492,Eckerd College,Full Professor,102584,Baccalaureate Colleges: Arts & Sciences Focus,1893,FL,"Private not-for-profit, 4-year or above"
133492,Eckerd College,Assistant Professor,70785,Baccalaureate Colleges: Arts & Sciences Focus,1893,FL,"Private not-for-profit, 4-year or above"
247162,Ecumenical Theological Seminary,Full Professor,36000,Special Focus Four-Year: Faith-Related Institutions,63,MI,"Private not-for-profit, 4-year or above"
177278,Eden Theological Seminary,Full Professor,69728,Special Focus Four-Year: Faith-Related Institutions,72,MO,"Private not-for-profit, 4-year or above"
177278,Eden Theological Seminary,Assistant Professor,67568,Special Focus Four-Year: Faith-Related Institutions,72,MO,"Private not-for-profit, 4-year or above"
238661,Edgewood College,Full Professor,77490,"Doctoral/Professional Universities
",2459,WI,"Private not-for-profit, 4-year or above"
238661,Edgewood College,Assistant Professor,60567,"Doctoral/Professional Universities
",2459,WI,"Private not-for-profit, 4-year or above"
202648,Edison State Community College,Full Professor,66007,Associate's Colleges: Mixed Transfer/Career & Technical-High Nontraditional,4624,OH,"Public, 4-year or above"
202648,Edison State Community College,Assistant Professor,53460,Associate's Colleges: Mixed Transfer/Career & Technical-High Nontraditional,4624,OH,"Public, 4-year or above"
133526,Edward Waters University,Full Professor,54303,Baccalaureate Colleges: Diverse Fields,1177,FL,"Private not-for-profit, 4-year or above"
133526,Edward Waters University,Assistant Professor,51973,Baccalaureate Colleges: Diverse Fields,1177,FL,"Private not-for-profit, 4-year or above"
198507,Elizabeth City State University,Full Professor,95529,Baccalaureate Colleges: Diverse Fields,2258,NC,"Public, 4-year or above"
198507,Elizabeth City State University,Assistant Professor,72820,Baccalaureate Colleges: Diverse Fields,2258,NC,"Public, 4-year or above"
212197,Elizabethtown College,Full Professor,99461,Master's Colleges & Universities: Small Programs,2283,PA,"Private not-for-profit, 4-year or above"
212197,Elizabethtown College,Assistant Professor,71170,Master's Colleges & Universities: Small Programs,2283,PA,"Private not-for-profit, 4-year or above"
486080,Elmezzi Graduate School of Molecular Medicine,Full Professor,182500,Special Focus Four-Year: Other Health Professions Schools,12,NY,"Private not-for-profit, 4-year or above"
486080,Elmezzi Graduate School of Molecular Medicine,Assistant Professor,131250,Special Focus Four-Year: Other Health Professions Schools,12,NY,"Private not-for-profit, 4-year or above"
144962,Elmhurst University,Full Professor,95987,Master's Colleges & Universities: Larger Programs,3997,IL,"Private not-for-profit, 4-year or above"
144962,Elmhurst University,Assistant Professor,75127,Master's Colleges & Universities: Larger Programs,3997,IL,"Private not-for-profit, 4-year or above"
190983,Elmira College,Full Professor,53773,Baccalaureate Colleges: Diverse Fields,786,NY,"Private not-for-profit, 4-year or above"
190983,Elmira College,Assistant Professor,43445,Baccalaureate Colleges: Diverse Fields,786,NY,"Private not-for-profit, 4-year or above"
198516,Elon University,Full Professor,122047,"Doctoral/Professional Universities
",7239,NC,"Private not-for-profit, 4-year or above"
198516,Elon University,Assistant Professor,85374,"Doctoral/Professional Universities
",7239,NC,"Private not-for-profit, 4-year or above"
133553,Embry-Riddle Aeronautical University-Daytona Beach,Full Professor,137353,Master's Colleges & Universities: Larger Programs,11426,FL,"Private not-for-profit, 4-year or above"
133553,Embry-Riddle Aeronautical University-Daytona Beach,Assistant Professor,81376,Master's Colleges & Universities: Larger Programs,11426,FL,"Private not-for-profit, 4-year or above"
104586,Embry-Riddle Aeronautical University-Prescott,Full Professor,119267,Baccalaureate Colleges: Diverse Fields,3264,AZ,"Private not-for-profit, 4-year or above"
104586,Embry-Riddle Aeronautical University-Prescott,Assistant Professor,80125,Baccalaureate Colleges: Diverse Fields,3264,AZ,"Private not-for-profit, 4-year or above"
426314,Embry-Riddle Aeronautical University-Worldwide,Full Professor,106640,Master's Colleges & Universities: Larger Programs,12770,FL,"Private not-for-profit, 4-year or above"
426314,Embry-Riddle Aeronautical University-Worldwide,Assistant Professor,72508,Master's Colleges & Universities: Larger Programs,12770,FL,"Private not-for-profit, 4-year or above"
165662,Emerson College,Full Professor,133049,Master's Colleges & Universities: Larger Programs,5263,MA,"Private not-for-profit, 4-year or above"
165662,Emerson College,Assistant Professor,90484,Master's Colleges & Universities: Larger Programs,5263,MA,"Private not-for-profit, 4-year or above"
165671,Emmanuel College,Full Professor,124416,Baccalaureate Colleges: Arts & Sciences Focus,1983,MA,"Private not-for-profit, 4-year or above"
165671,Emmanuel College,Assistant Professor,91386,Baccalaureate Colleges: Arts & Sciences Focus,1983,MA,"Private not-for-profit, 4-year or above"
139630,Emmanuel University,Full Professor,51549,Baccalaureate Colleges: Diverse Fields,950,GA,"Private not-for-profit, 4-year or above"
139630,Emmanuel University,Assistant Professor,41767,Baccalaureate Colleges: Diverse Fields,950,GA,"Private not-for-profit, 4-year or above"
232025,Emory & Henry University,Full Professor,77253,Master's Colleges & Universities: Medium Programs,1311,VA,"Private not-for-profit, 4-year or above"
232025,Emory & Henry University,Assistant Professor,64345,Master's Colleges & Universities: Medium Programs,1311,VA,"Private not-for-profit, 4-year or above"
139658,Emory University,Full Professor,205873,"Doctoral Universities: Very High Research Activity
",15175,GA,"Private not-for-profit, 4-year or above"
139658,Emory University,Assistant Professor,104843,"Doctoral Universities: Very High Research Activity
",15175,GA,"Private not-for-profit, 4-year or above"
196264,Empire State University,Full Professor,87283,Master's Colleges & Universities: Larger Programs,10469,NY,"Public, 4-year or above"
196264,Empire State University,Assistant Professor,64130,Master's Colleges & Universities: Larger Programs,10469,NY,"Public, 4-year or above"
155025,Emporia State University,Full Professor,77713,Master's Colleges & Universities: Larger Programs,4557,KS,"Public, 4-year or above"
155025,Emporia State University,Assistant Professor,62228,Master's Colleges & Universities: Larger Programs,4557,KS,"Public, 4-year or above"
165699,Endicott College,Full Professor,122554,Master's Colleges & Universities: Larger Programs,4394,MA,"Private not-for-profit, 4-year or above"
165699,Endicott College,Assistant Professor,84296,Master's Colleges & Universities: Larger Programs,4394,MA,"Private not-for-profit, 4-year or above"
224712,Episcopal Theological Seminary of the Southwest,Full Professor,96385,Special Focus Four-Year: Faith-Related Institutions,109,TX,"Private not-for-profit, 4-year or above"
224712,Episcopal Theological Seminary of the Southwest,Assistant Professor,64500,Special Focus Four-Year: Faith-Related Institutions,109,TX,"Private not-for-profit, 4-year or above"
409254,Erikson Institute,Full Professor,88964,Master's Colleges & Universities: Medium Programs,297,IL,"Private not-for-profit, 4-year or above"
409254,Erikson Institute,Assistant Professor,74660,Master's Colleges & Universities: Medium Programs,297,IL,"Private not-for-profit, 4-year or above"
217998,Erskine College,Full Professor,54450,"Doctoral/Professional Universities
",912,SC,"Private not-for-profit, 4-year or above"
217998,Erskine College,Assistant Professor,46636,"Doctoral/Professional Universities
",912,SC,"Private not-for-profit, 4-year or above"
241951,Escuela de Artes Plasticas y Diseno de Puerto Rico,Full Professor,40941,"Special Focus Four-Year: Arts, Music & Design Schools",466,PR,"Public, 4-year or above"
144971,Eureka College,Full Professor,65333,Baccalaureate Colleges: Diverse Fields,527,IL,"Private not-for-profit, 4-year or above"
144971,Eureka College,Assistant Professor,48919,Baccalaureate Colleges: Diverse Fields,527,IL,"Private not-for-profit, 4-year or above"
177339,Evangel University,Full Professor,44981,Master's Colleges & Universities: Medium Programs,2289,MO,"Private not-for-profit, 4-year or above"
177339,Evangel University,Assistant Professor,51619,Master's Colleges & Universities: Medium Programs,2289,MO,"Private not-for-profit, 4-year or above"
129242,Fairfield University,Full Professor,157862,"Doctoral/Professional Universities
",6864,CT,"Private not-for-profit, 4-year or above"
129242,Fairfield University,Assistant Professor,104404,"Doctoral/Professional Universities
",6864,CT,"Private not-for-profit, 4-year or above"
184694,Fairleigh Dickinson University-Florham Campus,Full Professor,102494,Master's Colleges & Universities: Larger Programs,2885,NJ,"Private not-for-profit, 4-year or above"
184694,Fairleigh Dickinson University-Florham Campus,Assistant Professor,76289,Master's Colleges & Universities: Larger Programs,2885,NJ,"Private not-for-profit, 4-year or above"
184603,Fairleigh Dickinson University-Metropolitan Campus,Full Professor,105383,Master's Colleges & Universities: Larger Programs,8045,NJ,"Private not-for-profit, 4-year or above"
184603,Fairleigh Dickinson University-Metropolitan Campus,Assistant Professor,81078,Master's Colleges & Universities: Larger Programs,8045,NJ,"Private not-for-profit, 4-year or above"
237367,Fairmont State University,Full Professor,80178,Master's Colleges & Universities: Small Programs,3305,WV,"Public, 4-year or above"
237367,Fairmont State University,Assistant Professor,60354,Master's Colleges & Universities: Small Programs,3305,WV,"Public, 4-year or above"
153320,Faith Baptist Bible College and Theological Seminary,Full Professor,59336,Baccalaureate Colleges: Diverse Fields,611,IA,"Private not-for-profit, 4-year or above"
153320,Faith Baptist Bible College and Theological Seminary,Assistant Professor,49440,Baccalaureate Colleges: Diverse Fields,611,IA,"Private not-for-profit, 4-year or above"
443049,Faith International University,Full Professor,28813,Master's Colleges & Universities: Small Programs,464,WA,"Private not-for-profit, 4-year or above"
196042,Farmingdale State College,Full Professor,107409,Baccalaureate Colleges: Diverse Fields,10039,NY,"Public, 4-year or above"
196042,Farmingdale State College,Assistant Professor,74952,Baccalaureate Colleges: Diverse Fields,10039,NY,"Public, 4-year or above"
191126,Fashion Institute of Technology,Full Professor,116808,Master's Colleges & Universities: Small Programs,8206,NY,"Public, 4-year or above"
191126,Fashion Institute of Technology,Assistant Professor,75135,Master's Colleges & Universities: Small Programs,8206,NY,"Public, 4-year or above"
101189,Faulkner University,Full Professor,79193,Master's Colleges & Universities: Larger Programs,3086,AL,"Private not-for-profit, 4-year or above"
101189,Faulkner University,Assistant Professor,60445,Master's Colleges & Universities: Larger Programs,3086,AL,"Private not-for-profit, 4-year or above"
198543,Fayetteville State University,Full Professor,96463,Master's Colleges & Universities: Medium Programs,7107,NC,"Public, 4-year or above"
198543,Fayetteville State University,Assistant Professor,90814,Master's Colleges & Universities: Medium Programs,7107,NC,"Public, 4-year or above"
184612,Felician University,Full Professor,71127,Master's Colleges & Universities: Medium Programs,2427,NJ,"Private not-for-profit, 4-year or above"
184612,Felician University,Assistant Professor,70564,Master's Colleges & Universities: Medium Programs,2427,NJ,"Private not-for-profit, 4-year or above"
169910,Ferris State University,Full Professor,115287,"Doctoral/Professional Universities
",9959,MI,"Public, 4-year or above"
169910,Ferris State University,Assistant Professor,79664,"Doctoral/Professional Universities
",9959,MI,"Public, 4-year or above"
232089,Ferrum College,Full Professor,59246,Baccalaureate Colleges: Diverse Fields,763,VA,"Private not-for-profit, 4-year or above"
232089,Ferrum College,Assistant Professor,50056,Baccalaureate Colleges: Diverse Fields,763,VA,"Private not-for-profit, 4-year or above"
165802,Fisher College,Assistant Professor,69449,Baccalaureate Colleges: Diverse Fields,1652,MA,"Private not-for-profit, 4-year or above"
220181,Fisk University,Full Professor,90936,Baccalaureate Colleges: Arts & Sciences Focus,1059,TN,"Private not-for-profit, 4-year or above"
220181,Fisk University,Assistant Professor,61840,Baccalaureate Colleges: Arts & Sciences Focus,1059,TN,"Private not-for-profit, 4-year or above"
165820,Fitchburg State University,Full Professor,114976,Master's Colleges & Universities: Larger Programs,5892,MA,"Public, 4-year or above"
165820,Fitchburg State University,Assistant Professor,77924,Master's Colleges & Universities: Larger Programs,5892,MA,"Public, 4-year or above"
133711,Flagler College,Full Professor,57962,Baccalaureate Colleges: Diverse Fields,2425,FL,"Private not-for-profit, 4-year or above"
133711,Flagler College,Assistant Professor,82770,Baccalaureate Colleges: Diverse Fields,2425,FL,"Private not-for-profit, 4-year or above"
133650,Florida Agricultural and Mechanical University,Full Professor,113110,"Doctoral Universities: High Research Activity
",9313,FL,"Public, 4-year or above"
133650,Florida Agricultural and Mechanical University,Assistant Professor,77963,"Doctoral Universities: High Research Activity
",9313,FL,"Public, 4-year or above"
133669,Florida Atlantic University,Full Professor,128545,"Doctoral Universities: High Research Activity
",31607,FL,"Public, 4-year or above"
133669,Florida Atlantic University,Assistant Professor,86036,"Doctoral Universities: High Research Activity
",31607,FL,"Public, 4-year or above"
133809,Florida College,Full Professor,83843,Baccalaureate/Associate's Colleges: Mixed Baccalaureate/Associate's,728,FL,"Private not-for-profit, 4-year or above"
133809,Florida College,Assistant Professor,52987,Baccalaureate/Associate's Colleges: Mixed Baccalaureate/Associate's,728,FL,"Private not-for-profit, 4-year or above"
433660,Florida Gulf Coast University,Full Professor,117041,"Doctoral/Professional Universities
",16612,FL,"Public, 4-year or above"
433660,Florida Gulf Coast University,Assistant Professor,79910,"Doctoral/Professional Universities
",16612,FL,"Public, 4-year or above"
133881,Florida Institute of Technology,Full Professor,133074,"Doctoral Universities: High Research Activity
",8992,FL,"Private not-for-profit, 4-year or above"
133881,Florida Institute of Technology,Assistant Professor,89420,"Doctoral Universities: High Research Activity
",8992,FL,"Private not-for-profit, 4-year or above"
480569,Florida Institute of Technology-Online,Assistant Professor,84238,Master's Colleges & Universities: Larger Programs,815,FL,"Private not-for-profit, 4-year or above"
133951,Florida International University,Full Professor,151623,"Doctoral Universities: Very High Research Activity
",54723,FL,"Public, 4-year or above"
133951,Florida International University,Assistant Professor,95760,"Doctoral Universities: Very High Research Activity
",54723,FL,"Public, 4-year or above"
133979,Florida Memorial University,Full Professor,82565,Baccalaureate Colleges: Diverse Fields,1277,FL,"Private not-for-profit, 4-year or above"
133979,Florida Memorial University,Assistant Professor,67533,Baccalaureate Colleges: Diverse Fields,1277,FL,"Private not-for-profit, 4-year or above"
482936,Florida Polytechnic University,Full Professor,187235,Baccalaureate Colleges: Diverse Fields,1769,FL,"Public, 4-year or above"
482936,Florida Polytechnic University,Assistant Professor,87190,Baccalaureate Colleges: Diverse Fields,1769,FL,"Public, 4-year or above"
134079,Florida Southern College,Full Professor,102637,Master's Colleges & Universities: Medium Programs,3211,FL,"Private not-for-profit, 4-year or above"
134079,Florida Southern College,Assistant Professor,76153,Master's Colleges & Universities: Medium Programs,3211,FL,"Private not-for-profit, 4-year or above"
134097,Florida State University,Full Professor,161366,"Doctoral Universities: Very High Research Activity
",43889,FL,"Public, 4-year or above"
134097,Florida State University,Assistant Professor,100902,"Doctoral Universities: Very High Research Activity
",43889,FL,"Public, 4-year or above"
177418,Fontbonne University,Full Professor,76578,Master's Colleges & Universities: Medium Programs,332,MO,"Private not-for-profit, 4-year or above"
177418,Fontbonne University,Assistant Professor,64453,Master's Colleges & Universities: Medium Programs,332,MO,"Private not-for-profit, 4-year or above"
191241,Fordham University,Full Professor,196503,"Doctoral Universities: High Research Activity
",16150,NY,"Private not-for-profit, 4-year or above"
191241,Fordham University,Assistant Professor,122369,"Doctoral Universities: High Research Activity
",16150,NY,"Private not-for-profit, 4-year or above"
155061,Fort Hays State University,Full Professor,95101,Master's Colleges & Universities: Larger Programs,12878,KS,"Public, 4-year or above"
155061,Fort Hays State University,Assistant Professor,66411,Master's Colleges & Universities: Larger Programs,12878,KS,"Public, 4-year or above"
127185,Fort Lewis College,Full Professor,87679,Baccalaureate Colleges: Diverse Fields,3544,CO,"Public, 4-year or above"
127185,Fort Lewis College,Assistant Professor,63237,Baccalaureate Colleges: Diverse Fields,3544,CO,"Public, 4-year or above"
139719,Fort Valley State University,Full Professor,78507,Master's Colleges & Universities: Small Programs,2897,GA,"Public, 4-year or above"
139719,Fort Valley State University,Assistant Professor,67299,Master's Colleges & Universities: Small Programs,2897,GA,"Public, 4-year or above"
165866,Framingham State University,Full Professor,112565,Master's Colleges & Universities: Larger Programs,4002,MA,"Public, 4-year or above"
165866,Framingham State University,Assistant Professor,82694,Master's Colleges & Universities: Larger Programs,4002,MA,"Public, 4-year or above"
218061,Francis Marion University,Full Professor,91452,Master's Colleges & Universities: Medium Programs,4112,SC,"Public, 4-year or above"
218061,Francis Marion University,Assistant Professor,66759,Master's Colleges & Universities: Medium Programs,4112,SC,"Public, 4-year or above"
160074,Franciscan Missionaries of Our Lady University,Full Professor,80855,Special Focus Four-Year: Other Health Professions Schools,1191,LA,"Private not-for-profit, 4-year or above"
160074,Franciscan Missionaries of Our Lady University,Assistant Professor,74189,Special Focus Four-Year: Other Health Professions Schools,1191,LA,"Private not-for-profit, 4-year or above"
114734,Franciscan School of Theology,Assistant Professor,62930,Special Focus Four-Year: Faith-Related Institutions,89,CA,"Private not-for-profit, 4-year or above"
205957,Franciscan University of Steubenville,Full Professor,69974,Master's Colleges & Universities: Medium Programs,3976,OH,"Private not-for-profit, 4-year or above"
205957,Franciscan University of Steubenville,Assistant Professor,45381,Master's Colleges & Universities: Medium Programs,3976,OH,"Private not-for-profit, 4-year or above"
150604,Franklin College,Full Professor,74952,Baccalaureate Colleges: Arts & Sciences Focus,985,IN,"Private not-for-profit, 4-year or above"
150604,Franklin College,Assistant Professor,57027,Baccalaureate Colleges: Arts & Sciences Focus,985,IN,"Private not-for-profit, 4-year or above"
182795,Franklin Pierce University,Full Professor,86034,Master's Colleges & Universities: Medium Programs,1654,NH,"Private not-for-profit, 4-year or above"
182795,Franklin Pierce University,Assistant Professor,71198,Master's Colleges & Universities: Medium Programs,1654,NH,"Private not-for-profit, 4-year or above"
441982,Franklin W Olin College of Engineering,Full Professor,143025,Special Focus Four-Year: Engineering and Other Technology-Related Schools,405,MA,"Private not-for-profit, 4-year or above"
441982,Franklin W Olin College of Engineering,Assistant Professor,130731,Special Focus Four-Year: Engineering and Other Technology-Related Schools,405,MA,"Private not-for-profit, 4-year or above"
212577,Franklin and Marshall College,Full Professor,117126,Baccalaureate Colleges: Arts & Sciences Focus,1808,PA,"Private not-for-profit, 4-year or above"
212577,Franklin and Marshall College,Assistant Professor,82544,Baccalaureate Colleges: Arts & Sciences Focus,1808,PA,"Private not-for-profit, 4-year or above"
220215,Freed-Hardeman University,Full Professor,76617,Master's Colleges & Universities: Medium Programs,2306,TN,"Private not-for-profit, 4-year or above"
220215,Freed-Hardeman University,Assistant Professor,60339,Master's Colleges & Universities: Medium Programs,2306,TN,"Private not-for-profit, 4-year or above"
114813,Fresno Pacific University,Full Professor,88102,Master's Colleges & Universities: Larger Programs,2879,CA,"Private not-for-profit, 4-year or above"
114813,Fresno Pacific University,Assistant Professor,72397,Master's Colleges & Universities: Larger Programs,2879,CA,"Private not-for-profit, 4-year or above"
155089,Friends University,Full Professor,72847,Master's Colleges & Universities: Larger Programs,1961,KS,"Private not-for-profit, 4-year or above"
155089,Friends University,Assistant Professor,57561,Master's Colleges & Universities: Larger Programs,1961,KS,"Private not-for-profit, 4-year or above"
127200,Front Range Community College,Full Professor,71866,Associate's Colleges: Mixed Transfer/Career & Technical-High Nontraditional,21970,CO,"Public, 4-year or above"
156727,Frontier Nursing University,Full Professor,70649,Special Focus Four-Year: Other Health Professions Schools,2664,KY,"Private not-for-profit, 4-year or above"
156727,Frontier Nursing University,Assistant Professor,81738,Special Focus Four-Year: Other Health Professions Schools,2664,KY,"Private not-for-profit, 4-year or above"
162584,Frostburg State University,Full Professor,99428,Master's Colleges & Universities: Larger Programs,4104,MD,"Public, 4-year or above"
162584,Frostburg State University,Assistant Professor,77741,Master's Colleges & Universities: Larger Programs,4104,MD,"Public, 4-year or above"
114840,Fuller Theological Seminary,Full Professor,82368,Special Focus Four-Year: Faith-Related Institutions,1890,CA,"Private not-for-profit, 4-year or above"
114840,Fuller Theological Seminary,Assistant Professor,64512,Special Focus Four-Year: Faith-Related Institutions,1890,CA,"Private not-for-profit, 4-year or above"
218070,Furman University,Full Professor,111142,Baccalaureate Colleges: Arts & Sciences Focus,2554,SC,"Private not-for-profit, 4-year or above"
218070,Furman University,Assistant Professor,73417,Baccalaureate Colleges: Arts & Sciences Focus,2554,SC,"Private not-for-profit, 4-year or above"
481030,Future Generations University,Full Professor,56250,Special Focus Four-Year: Other Special Focus Institutions,48,WV,"Private not-for-profit, 4-year or above"
481030,Future Generations University,Assistant Professor,56063,Special Focus Four-Year: Other Special Focus Institutions,48,WV,"Private not-for-profit, 4-year or above"
131450,Gallaudet University,Full Professor,118836,"Doctoral/Professional Universities
",1335,DC,"Private not-for-profit, 4-year or above"
131450,Gallaudet University,Assistant Professor,80202,"Doctoral/Professional Universities
",1335,DC,"Private not-for-profit, 4-year or above"
224961,Galveston College,Full Professor,87492,Associate's Colleges: High Career & Technical-Mixed Traditional/Nontraditional,2405,TX,"Public, 4-year or above"
224961,Galveston College,Assistant Professor,71428,Associate's Colleges: High Career & Technical-Mixed Traditional/Nontraditional,2405,TX,"Public, 4-year or above"
212601,Gannon University,Full Professor,102042,"Doctoral/Professional Universities
",4189,PA,"Private not-for-profit, 4-year or above"
212601,Gannon University,Assistant Professor,71636,"Doctoral/Professional Universities
",4189,PA,"Private not-for-profit, 4-year or above"
198561,Gardner-Webb University,Full Professor,74133,"Doctoral/Professional Universities
",3104,NC,"Private not-for-profit, 4-year or above"
198561,Gardner-Webb University,Assistant Professor,58377,"Doctoral/Professional Universities
",3104,NC,"Private not-for-profit, 4-year or above"
145275,Garrett-Evangelical Theological Seminary,Full Professor,112907,Special Focus Four-Year: Faith-Related Institutions,313,IL,"Private not-for-profit, 4-year or above"
145275,Garrett-Evangelical Theological Seminary,Assistant Professor,77931,Special Focus Four-Year: Faith-Related Institutions,313,IL,"Private not-for-profit, 4-year or above"
456542,Geisinger Commonwealth School of Medicine,Assistant Professor,75605,Special Focus Four-Year: Medical Schools & Centers,665,PA,"Private not-for-profit, 4-year or above"
212656,Geneva College,Full Professor,74399,Master's Colleges & Universities: Small Programs,1366,PA,"Private not-for-profit, 4-year or above"
212656,Geneva College,Assistant Professor,57548,Master's Colleges & Universities: Small Programs,1366,PA,"Private not-for-profit, 4-year or above"
208822,George Fox University,Full Professor,91684,"Doctoral/Professional Universities
",4916,OR,"Private not-for-profit, 4-year or above"
208822,George Fox University,Assistant Professor,70765,"Doctoral/Professional Universities
",4916,OR,"Private not-for-profit, 4-year or above"
232186,George Mason University,Full Professor,172148,"Doctoral Universities: Very High Research Activity
",39766,VA,"Public, 4-year or above"
232186,George Mason University,Assistant Professor,106190,"Doctoral Universities: Very High Research Activity
",39766,VA,"Public, 4-year or above"
131469,George Washington University,Full Professor,203934,"Doctoral Universities: Very High Research Activity
",25374,DC,"Private not-for-profit, 4-year or above"
131469,George Washington University,Assistant Professor,112706,"Doctoral Universities: Very High Research Activity
",25374,DC,"Private not-for-profit, 4-year or above"
156745,Georgetown College,Full Professor,67426,Baccalaureate Colleges: Arts & Sciences Focus,1345,KY,"Private not-for-profit, 4-year or above"
156745,Georgetown College,Assistant Professor,48848,Baccalaureate Colleges: Arts & Sciences Focus,1345,KY,"Private not-for-profit, 4-year or above"
131496,Georgetown University,Full Professor,233170,"Doctoral Universities: Very High Research Activity
",20031,DC,"Private not-for-profit, 4-year or above"
131496,Georgetown University,Assistant Professor,135273,"Doctoral Universities: Very High Research Activity
",20031,DC,"Private not-for-profit, 4-year or above"
139861,Georgia College & State University,Full Professor,96069,Master's Colleges & Universities: Larger Programs,7097,GA,"Public, 4-year or above"
139861,Georgia College & State University,Assistant Professor,75448,Master's Colleges & Universities: Larger Programs,7097,GA,"Public, 4-year or above"
447689,Georgia Gwinnett College,Full Professor,84472,Baccalaureate Colleges: Diverse Fields,12230,GA,"Public, 4-year or above"
447689,Georgia Gwinnett College,Assistant Professor,69513,Baccalaureate Colleges: Diverse Fields,12230,GA,"Public, 4-year or above"
139700,Georgia Highlands College,Full Professor,67566,Baccalaureate/Associate's Colleges: Mixed Baccalaureate/Associate's,5382,GA,"Public, 4-year or above"
139700,Georgia Highlands College,Assistant Professor,54976,Baccalaureate/Associate's Colleges: Mixed Baccalaureate/Associate's,5382,GA,"Public, 4-year or above"
139755,Georgia Institute of Technology-Main Campus,Full Professor,182637,"Doctoral Universities: Very High Research Activity
",53363,GA,"Public, 4-year or above"
139755,Georgia Institute of Technology-Main Campus,Assistant Professor,126189,"Doctoral Universities: Very High Research Activity
",53363,GA,"Public, 4-year or above"
485111,Georgia Military College,Full Professor,53628,Baccalaureate/Associate's Colleges: Associate's Dominant,6575,GA,"Public, 4-year or above"
485111,Georgia Military College,Assistant Professor,45977,Baccalaureate/Associate's Colleges: Associate's Dominant,6575,GA,"Public, 4-year or above"
139931,Georgia Southern University,Full Professor,100639,"Doctoral Universities: High Research Activity
",27423,GA,"Public, 4-year or above"
139931,Georgia Southern University,Assistant Professor,85353,"Doctoral Universities: High Research Activity
",27423,GA,"Public, 4-year or above"
139764,Georgia Southwestern State University,Full Professor,80793,Master's Colleges & Universities: Medium Programs,3700,GA,"Public, 4-year or above"
139764,Georgia Southwestern State University,Assistant Professor,68347,Master's Colleges & Universities: Medium Programs,3700,GA,"Public, 4-year or above"
139940,Georgia State University,Full Professor,134743,"Doctoral Universities: Very High Research Activity
",34944,GA,"Public, 4-year or above"
139940,Georgia State University,Assistant Professor,91789,"Doctoral Universities: Very High Research Activity
",34944,GA,"Public, 4-year or above"
184773,Georgian Court University,Full Professor,93163,Master's Colleges & Universities: Larger Programs,2013,NJ,"Private not-for-profit, 4-year or above"
184773,Georgian Court University,Assistant Professor,70677,Master's Colleges & Universities: Larger Programs,2013,NJ,"Private not-for-profit, 4-year or above"
212674,Gettysburg College,Full Professor,112386,Baccalaureate Colleges: Arts & Sciences Focus,2812,PA,"Private not-for-profit, 4-year or above"
212674,Gettysburg College,Assistant Professor,74380,Baccalaureate Colleges: Arts & Sciences Focus,2812,PA,"Private not-for-profit, 4-year or above"
237385,Glenville State University,Full Professor,70777,Baccalaureate Colleges: Diverse Fields,1765,WV,"Public, 4-year or above"
237385,Glenville State University,Assistant Professor,51680,Baccalaureate Colleges: Diverse Fields,1765,WV,"Public, 4-year or above"
202903,Gods Bible School and College,Full Professor,12099,Baccalaureate Colleges: Diverse Fields,431,OH,"Private not-for-profit, 4-year or above"
202903,Gods Bible School and College,Assistant Professor,8647,Baccalaureate Colleges: Diverse Fields,431,OH,"Private not-for-profit, 4-year or above"
115083,Golden Gate University,Full Professor,92008,Master's Colleges & Universities: Larger Programs,3098,CA,"Private not-for-profit, 4-year or above"
115083,Golden Gate University,Assistant Professor,61812,Master's Colleges & Universities: Larger Programs,3098,CA,"Private not-for-profit, 4-year or above"
130989,Goldey-Beacom College,Full Professor,95123,Master's Colleges & Universities: Larger Programs,1001,DE,"Private not-for-profit, 4-year or above"
130989,Goldey-Beacom College,Assistant Professor,72234,Master's Colleges & Universities: Larger Programs,1001,DE,"Private not-for-profit, 4-year or above"
235316,Gonzaga University,Full Professor,132371,"Doctoral/Professional Universities
",7470,WA,"Private not-for-profit, 4-year or above"
235316,Gonzaga University,Assistant Professor,78329,"Doctoral/Professional Universities
",7470,WA,"Private not-for-profit, 4-year or above"
202912,Good Samaritan College of Nursing and Health Science,Full Professor,94850,Special Focus Four-Year: Other Health Professions Schools,690,OH,"Private not-for-profit, 4-year or above"
202912,Good Samaritan College of Nursing and Health Science,Assistant Professor,55374,Special Focus Four-Year: Other Health Professions Schools,690,OH,"Private not-for-profit, 4-year or above"
129154,Goodwin University,Full Professor,63349,Baccalaureate/Associate's Colleges: Mixed Baccalaureate/Associate's,2970,CT,"Private not-for-profit, 4-year or above"
129154,Goodwin University,Assistant Professor,57166,Baccalaureate/Associate's Colleges: Mixed Baccalaureate/Associate's,2970,CT,"Private not-for-profit, 4-year or above"
165936,Gordon College,Full Professor,81525,Baccalaureate Colleges: Arts & Sciences Focus,1595,MA,"Private not-for-profit, 4-year or above"
165936,Gordon College,Assistant Professor,58618,Baccalaureate Colleges: Arts & Sciences Focus,1595,MA,"Private not-for-profit, 4-year or above"
139968,Gordon State College,Full Professor,75908,Baccalaureate/Associate's Colleges: Mixed Baccalaureate/Associate's,3179,GA,"Public, 4-year or above"
139968,Gordon State College,Assistant Professor,66882,Baccalaureate/Associate's Colleges: Mixed Baccalaureate/Associate's,3179,GA,"Public, 4-year or above"
165945,Gordon-Conwell Theological Seminary,Full Professor,71229,Special Focus Four-Year: Faith-Related Institutions,1352,MA,"Private not-for-profit, 4-year or above"
165945,Gordon-Conwell Theological Seminary,Assistant Professor,45849,Special Focus Four-Year: Faith-Related Institutions,1352,MA,"Private not-for-profit, 4-year or above"
150668,Goshen College,Full Professor,67712,Baccalaureate Colleges: Diverse Fields,847,IN,"Private not-for-profit, 4-year or above"
150668,Goshen College,Assistant Professor,49789,Baccalaureate Colleges: Diverse Fields,847,IN,"Private not-for-profit, 4-year or above"
162654,Goucher College,Full Professor,92551,Baccalaureate Colleges: Arts & Sciences Focus,1459,MD,"Private not-for-profit, 4-year or above"
162654,Goucher College,Assistant Professor,63376,Baccalaureate Colleges: Arts & Sciences Focus,1459,MD,"Private not-for-profit, 4-year or above"
145336,Governors State University,Full Professor,98460,Master's Colleges & Universities: Larger Programs,4397,IL,"Public, 4-year or above"
145336,Governors State University,Assistant Professor,77224,Master's Colleges & Universities: Larger Programs,4397,IL,"Public, 4-year or above"
170000,Grace Christian University,Full Professor,61173,Baccalaureate Colleges: Diverse Fields,1017,MI,"Private not-for-profit, 4-year or above"
170000,Grace Christian University,Assistant Professor,41853,Baccalaureate Colleges: Diverse Fields,1017,MI,"Private not-for-profit, 4-year or above"
150677,Grace College and Theological Seminary,Full Professor,77811,Master's Colleges & Universities: Medium Programs,2304,IN,"Private not-for-profit, 4-year or above"
150677,Grace College and Theological Seminary,Assistant Professor,56097,Master's Colleges & Universities: Medium Programs,2304,IN,"Private not-for-profit, 4-year or above"
481058,Grace Mission University,Full Professor,39750,Special Focus Four-Year: Faith-Related Institutions,301,CA,"Private not-for-profit, 4-year or above"
481401,Grace School of Theology,Full Professor,66603,Special Focus Four-Year: Faith-Related Institutions,568,TX,"Private not-for-profit, 4-year or above"
481401,Grace School of Theology,Assistant Professor,54333,Special Focus Four-Year: Faith-Related Institutions,568,TX,"Private not-for-profit, 4-year or above"
153366,Graceland University-Lamoni,Full Professor,70605,Master's Colleges & Universities: Larger Programs,1102,IA,"Private not-for-profit, 4-year or above"
153366,Graceland University-Lamoni,Assistant Professor,58200,Master's Colleges & Universities: Larger Programs,1102,IA,"Private not-for-profit, 4-year or above"
115214,Graduate Theological Union,Full Professor,122957,Special Focus Four-Year: Faith-Related Institutions,150,CA,"Private not-for-profit, 4-year or above"
115214,Graduate Theological Union,Assistant Professor,69739,Special Focus Four-Year: Faith-Related Institutions,150,CA,"Private not-for-profit, 4-year or above"
159009,Grambling State University,Full Professor,76403,Master's Colleges & Universities: Larger Programs,5150,LA,"Public, 4-year or above"
159009,Grambling State University,Assistant Professor,61309,Master's Colleges & Universities: Larger Programs,5150,LA,"Public, 4-year or above"
170082,Grand Valley State University,Full Professor,122853,"Doctoral/Professional Universities
",22011,MI,"Public, 4-year or above"
170082,Grand Valley State University,Assistant Professor,89335,"Doctoral/Professional Universities
",22011,MI,"Public, 4-year or above"
153375,Grand View University,Full Professor,73012,Master's Colleges & Universities: Small Programs,1856,IA,"Private not-for-profit, 4-year or above"
153375,Grand View University,Assistant Professor,69225,Master's Colleges & Universities: Small Programs,1856,IA,"Private not-for-profit, 4-year or above"
212771,Gratz College,Full Professor,60884,Master's Colleges & Universities: Small Programs,449,PA,"Private not-for-profit, 4-year or above"
212771,Gratz College,Assistant Professor,66375,Master's Colleges & Universities: Small Programs,449,PA,"Private not-for-profit, 4-year or above"
225070,Grayson College,Full Professor,72948,Associate's Colleges: High Career & Technical-Mixed Traditional/Nontraditional,4324,TX,"Public, 4-year or above"
182306,Great Basin College,Full Professor,95139,Baccalaureate/Associate's Colleges: Mixed Baccalaureate/Associate's,3320,NV,"Public, 4-year or above"
170091,Great Lakes Christian College,Full Professor,43451,Baccalaureate Colleges: Diverse Fields,210,MI,"Private not-for-profit, 4-year or above"
497213,Great Northern University,Full Professor,50000,"Not applicable, not in Carnegie universe (not accredited or nondegree-granting)",48,WA,"Private not-for-profit, 4-year or above"
497213,Great Northern University,Assistant Professor,52000,"Not applicable, not in Carnegie universe (not accredited or nondegree-granting)",48,WA,"Private not-for-profit, 4-year or above"
198598,Greensboro College,Full Professor,62059,Master's Colleges & Universities: Small Programs,967,NC,"Private not-for-profit, 4-year or above"
198598,Greensboro College,Assistant Professor,53743,Master's Colleges & Universities: Small Programs,967,NC,"Private not-for-profit, 4-year or above"
145372,Greenville University,Full Professor,85526,Master's Colleges & Universities: Small Programs,1104,IL,"Private not-for-profit, 4-year or above"
145372,Greenville University,Assistant Professor,55860,Master's Colleges & Universities: Small Programs,1104,IL,"Private not-for-profit, 4-year or above"
153384,Grinnell College,Full Professor,149763,Baccalaureate Colleges: Arts & Sciences Focus,1788,IA,"Private not-for-profit, 4-year or above"
153384,Grinnell College,Assistant Professor,86680,Baccalaureate Colleges: Arts & Sciences Focus,1788,IA,"Private not-for-profit, 4-year or above"
240745,Guam Community College,Full Professor,102108,Associate's Colleges: Mixed Transfer/Career & Technical-High Traditional,1430,GU,"Public, 4-year or above"
240745,Guam Community College,Assistant Professor,65757,Associate's Colleges: Mixed Transfer/Career & Technical-High Traditional,1430,GU,"Public, 4-year or above"
198613,Guilford College,Full Professor,76251,Baccalaureate Colleges: Arts & Sciences Focus,1180,NC,"Private not-for-profit, 4-year or above"
198613,Guilford College,Assistant Professor,52852,Baccalaureate Colleges: Arts & Sciences Focus,1180,NC,"Private not-for-profit, 4-year or above"
134343,Gulf Coast State College,Full Professor,67288,Baccalaureate/Associate's Colleges: Associate's Dominant,5426,FL,"Public, 4-year or above"
134343,Gulf Coast State College,Assistant Professor,52456,Baccalaureate/Associate's Colleges: Associate's Dominant,5426,FL,"Public, 4-year or above"
173647,Gustavus Adolphus College,Full Professor,87781,Baccalaureate Colleges: Arts & Sciences Focus,1906,MN,"Private not-for-profit, 4-year or above"
173647,Gustavus Adolphus College,Assistant Professor,63864,Baccalaureate Colleges: Arts & Sciences Focus,1906,MN,"Private not-for-profit, 4-year or above"
212832,Gwynedd Mercy University,Full Professor,84825,"Doctoral/Professional Universities
",2017,PA,"Private not-for-profit, 4-year or above"
212832,Gwynedd Mercy University,Assistant Professor,64565,"Doctoral/Professional Universities
",2017,PA,"Private not-for-profit, 4-year or above"
246789,HJ International Graduate School for Peace and Public Leadership,Full Professor,55234,Special Focus Four-Year: Faith-Related Institutions,155,NY,"Private not-for-profit, 4-year or above"
191515,Hamilton College,Full Professor,154633,Baccalaureate Colleges: Arts & Sciences Focus,2031,NY,"Private not-for-profit, 4-year or above"
191515,Hamilton College,Assistant Professor,95865,Baccalaureate Colleges: Arts & Sciences Focus,2031,NY,"Private not-for-profit, 4-year or above"
173665,Hamline University,Full Professor,86735,Master's Colleges & Universities: Larger Programs,2565,MN,"Private not-for-profit, 4-year or above"
173665,Hamline University,Assistant Professor,66945,Master's Colleges & Universities: Larger Programs,2565,MN,"Private not-for-profit, 4-year or above"
232256,Hampden-Sydney College,Full Professor,106799,Baccalaureate Colleges: Arts & Sciences Focus,946,VA,"Private not-for-profit, 4-year or above"
232256,Hampden-Sydney College,Assistant Professor,75070,Baccalaureate Colleges: Arts & Sciences Focus,946,VA,"Private not-for-profit, 4-year or above"
166018,Hampshire College,Full Professor,111823,Baccalaureate Colleges: Arts & Sciences Focus,844,MA,"Private not-for-profit, 4-year or above"
166018,Hampshire College,Assistant Professor,72335,Baccalaureate Colleges: Arts & Sciences Focus,844,MA,"Private not-for-profit, 4-year or above"
232265,Hampton University,Full Professor,105697,"Doctoral/Professional Universities
",4244,VA,"Private not-for-profit, 4-year or above"
232265,Hampton University,Assistant Professor,69803,"Doctoral/Professional Universities
",4244,VA,"Private not-for-profit, 4-year or above"
177542,Hannibal-LaGrange University,Full Professor,49725,Baccalaureate Colleges: Diverse Fields,499,MO,"Private not-for-profit, 4-year or above"
177542,Hannibal-LaGrange University,Assistant Professor,35462,Baccalaureate Colleges: Diverse Fields,499,MO,"Private not-for-profit, 4-year or above"
150756,Hanover College,Full Professor,84775,Baccalaureate Colleges: Arts & Sciences Focus,1243,IN,"Private not-for-profit, 4-year or above"
150756,Hanover College,Assistant Professor,72328,Baccalaureate Colleges: Arts & Sciences Focus,1243,IN,"Private not-for-profit, 4-year or above"
225247,Hardin-Simmons University,Full Professor,80794,"Doctoral/Professional Universities
",1665,TX,"Private not-for-profit, 4-year or above"
225247,Hardin-Simmons University,Assistant Professor,65295,"Doctoral/Professional Universities
",1665,TX,"Private not-for-profit, 4-year or above"
107044,Harding University,Full Professor,81119,"Doctoral/Professional Universities
",4696,AR,"Private not-for-profit, 4-year or above"
107044,Harding University,Assistant Professor,66102,"Doctoral/Professional Universities
",4696,AR,"Private not-for-profit, 4-year or above"
177551,Harris-Stowe State University,Full Professor,61637,Baccalaureate Colleges: Diverse Fields,1002,MO,"Public, 4-year or above"
177551,Harris-Stowe State University,Assistant Professor,45141,Baccalaureate Colleges: Diverse Fields,1002,MO,"Public, 4-year or above"
446640,Harrisburg University of Science and Technology,Full Professor,110789,Master's Colleges & Universities: Larger Programs,3650,PA,"Private not-for-profit, 4-year or above"
446640,Harrisburg University of Science and Technology,Assistant Professor,80491,Master's Colleges & Universities: Larger Programs,3650,PA,"Private not-for-profit, 4-year or above"
129491,Hartford International University for Religion and Peace,Full Professor,93549,Master's Colleges & Universities: Small Programs,109,CT,"Private not-for-profit, 4-year or above"
191533,Hartwick College,Full Professor,80102,Baccalaureate Colleges: Arts & Sciences Focus,1097,NY,"Private not-for-profit, 4-year or above"
191533,Hartwick College,Assistant Professor,66245,Baccalaureate Colleges: Arts & Sciences Focus,1097,NY,"Private not-for-profit, 4-year or above"
166027,Harvard University,Full Professor,293619,"Doctoral Universities: Very High Research Activity
",30259,MA,"Private not-for-profit, 4-year or above"
166027,Harvard University,Assistant Professor,160116,"Doctoral Universities: Very High Research Activity
",30259,MA,"Private not-for-profit, 4-year or above"
115409,Harvey Mudd College,Full Professor,166170,Baccalaureate Colleges: Arts & Sciences Focus,951,CA,"Private not-for-profit, 4-year or above"
115409,Harvey Mudd College,Assistant Professor,117064,Baccalaureate Colleges: Arts & Sciences Focus,951,CA,"Private not-for-profit, 4-year or above"
181127,Hastings College,Full Professor,74755,Baccalaureate Colleges: Diverse Fields,956,NE,"Private not-for-profit, 4-year or above"
181127,Hastings College,Assistant Professor,57818,Baccalaureate Colleges: Diverse Fields,956,NE,"Private not-for-profit, 4-year or above"
111045,Haven University,Full Professor,13500,Special Focus Four-Year: Faith-Related Institutions,123,CA,"Private not-for-profit, 4-year or above"
212911,Haverford College,Full Professor,145278,Baccalaureate Colleges: Arts & Sciences Focus,1431,PA,"Private not-for-profit, 4-year or above"
212911,Haverford College,Assistant Professor,77916,Baccalaureate Colleges: Arts & Sciences Focus,1431,PA,"Private not-for-profit, 4-year or above"
141644,Hawaii Pacific University,Full Professor,102804,Master's Colleges & Universities: Larger Programs,4921,HI,"Private not-for-profit, 4-year or above"
141644,Hawaii Pacific University,Assistant Professor,84136,Master's Colleges & Universities: Larger Programs,4921,HI,"Private not-for-profit, 4-year or above"
173683,Hazelden Betty Ford Graduate School,Full Professor,80778,Special Focus Four-Year: Other Health Professions Schools,192,MN,"Private not-for-profit, 4-year or above"
173683,Hazelden Betty Ford Graduate School,Assistant Professor,63855,Special Focus Four-Year: Other Health Professions Schools,192,MN,"Private not-for-profit, 4-year or above"
166045,Hebrew College,Full Professor,78750,Special Focus Four-Year: Faith-Related Institutions,163,MA,"Private not-for-profit, 4-year or above"
166045,Hebrew College,Assistant Professor,78750,Special Focus Four-Year: Faith-Related Institutions,163,MA,"Private not-for-profit, 4-year or above"
145497,Hebrew Theological College,Full Professor,42323,Baccalaureate Colleges: Arts & Sciences Focus,182,IL,"Private not-for-profit, 4-year or above"
145497,Hebrew Theological College,Assistant Professor,39358,Baccalaureate Colleges: Arts & Sciences Focus,182,IL,"Private not-for-profit, 4-year or above"
203067,Hebrew Union College-Jewish Institute of Religion,Full Professor,101026,Special Focus Four-Year: Faith-Related Institutions,240,NY,"Private not-for-profit, 4-year or above"
203067,Hebrew Union College-Jewish Institute of Religion,Assistant Professor,74136,Special Focus Four-Year: Faith-Related Institutions,240,NY,"Private not-for-profit, 4-year or above"
203085,Heidelberg University,Full Professor,65499,Master's Colleges & Universities: Small Programs,1091,OH,"Private not-for-profit, 4-year or above"
203085,Heidelberg University,Assistant Professor,62049,Master's Colleges & Universities: Small Programs,1091,OH,"Private not-for-profit, 4-year or above"
191597,Helene Fuld College of Nursing,Full Professor,122746,Special Focus Four-Year: Other Health Professions Schools,914,NY,"Private not-for-profit, 4-year or above"
191597,Helene Fuld College of Nursing,Assistant Professor,99853,Special Focus Four-Year: Other Health Professions Schools,914,NY,"Private not-for-profit, 4-year or above"
166054,Hellenic College-Holy Cross Greek Orthodox School of Theology,Full Professor,79037,Baccalaureate Colleges: Arts & Sciences Focus,274,MA,"Private not-for-profit, 4-year or above"
166054,Hellenic College-Holy Cross Greek Orthodox School of Theology,Assistant Professor,64331,Baccalaureate Colleges: Arts & Sciences Focus,274,MA,"Private not-for-profit, 4-year or above"
107071,Henderson State University,Full Professor,65362,Master's Colleges & Universities: Medium Programs,2055,AR,"Public, 4-year or above"
107071,Henderson State University,Assistant Professor,60551,Master's Colleges & Universities: Medium Programs,2055,AR,"Public, 4-year or above"
107080,Hendrix College,Full Professor,81292,Baccalaureate Colleges: Arts & Sciences Focus,1110,AR,"Private not-for-profit, 4-year or above"
107080,Hendrix College,Assistant Professor,62277,Baccalaureate Colleges: Arts & Sciences Focus,1110,AR,"Private not-for-profit, 4-year or above"
198677,Heritage Bible College,Full Professor,16875,Special Focus Four-Year: Faith-Related Institutions,26,NC,"Private not-for-profit, 4-year or above"
101453,Heritage Christian University,Full Professor,50898,Special Focus Four-Year: Faith-Related Institutions,178,AL,"Private not-for-profit, 4-year or above"
235422,Heritage University,Full Professor,89993,Master's Colleges & Universities: Small Programs,937,WA,"Private not-for-profit, 4-year or above"
235422,Heritage University,Assistant Professor,71244,Master's Colleges & Universities: Small Programs,937,WA,"Private not-for-profit, 4-year or above"
200785,Herzing University-Akron,Assistant Professor,64760,Baccalaureate/Associate's Colleges: Mixed Baccalaureate/Associate's,393,OH,"Private not-for-profit, 4-year or above"
140340,Herzing University-Atlanta,Full Professor,71998,Baccalaureate Colleges: Diverse Fields,435,GA,"Private not-for-profit, 4-year or above"
140340,Herzing University-Atlanta,Assistant Professor,66143,Baccalaureate Colleges: Diverse Fields,435,GA,"Private not-for-profit, 4-year or above"
101365,Herzing University-Birmingham,Full Professor,111678,Special Focus Four-Year: Other Health Professions Schools,444,AL,"Private not-for-profit, 4-year or above"
459851,Herzing University-Brookfield,Full Professor,73028,Special Focus Four-Year: Other Health Professions Schools,385,WI,"Private not-for-profit, 4-year or above"
459851,Herzing University-Brookfield,Assistant Professor,66737,Special Focus Four-Year: Other Health Professions Schools,385,WI,"Private not-for-profit, 4-year or above"
459842,Herzing University-Kenosha,Full Professor,85183,Special Focus Four-Year: Other Health Professions Schools,526,WI,"Private not-for-profit, 4-year or above"
459842,Herzing University-Kenosha,Assistant Professor,66188,Special Focus Four-Year: Other Health Professions Schools,526,WI,"Private not-for-profit, 4-year or above"
240392,Herzing University-Madison,Full Professor,65513,Master's Colleges & Universities: Larger Programs,5274,WI,"Private not-for-profit, 4-year or above"
240392,Herzing University-Madison,Assistant Professor,59494,Master's Colleges & Universities: Larger Programs,5274,WI,"Private not-for-profit, 4-year or above"
174154,Herzing University-Minneapolis,Full Professor,90000,Special Focus Four-Year: Other Health Professions Schools,748,MN,"Private not-for-profit, 4-year or above"
174154,Herzing University-Minneapolis,Assistant Professor,66847,Special Focus Four-Year: Other Health Professions Schools,748,MN,"Private not-for-profit, 4-year or above"
499149,Herzing University-Nashville,Assistant Professor,63750,"Not applicable, not in Carnegie universe (not accredited or nondegree-granting)",201,TN,"Private not-for-profit, 4-year or above"
433536,Herzing University-New Orleans,Full Professor,77910,Baccalaureate/Associate's Colleges: Mixed Baccalaureate/Associate's,351,LA,"Private not-for-profit, 4-year or above"
386472,Herzing University-Orlando,Full Professor,81605,Special Focus Four-Year: Other Health Professions Schools,717,FL,"Private not-for-profit, 4-year or above"
386472,Herzing University-Orlando,Assistant Professor,66019,Special Focus Four-Year: Other Health Professions Schools,717,FL,"Private not-for-profit, 4-year or above"
496973,Herzing University-Tampa,Assistant Professor,72791,"Not applicable, not in Carnegie universe (not accredited or nondegree-granting)",251,FL,"Private not-for-profit, 4-year or above"
155177,Hesston College,Full Professor,49833,Baccalaureate/Associate's Colleges: Mixed Baccalaureate/Associate's,373,KS,"Private not-for-profit, 4-year or above"
198695,High Point University,Full Professor,115368,Baccalaureate Colleges: Diverse Fields,6331,NC,"Private not-for-profit, 4-year or above"
198695,High Point University,Assistant Professor,75767,Baccalaureate Colleges: Diverse Fields,6331,NC,"Private not-for-profit, 4-year or above"
191621,Hilbert College,Full Professor,68067,Baccalaureate Colleges: Diverse Fields,968,NY,"Private not-for-profit, 4-year or above"
191621,Hilbert College,Assistant Professor,50556,Baccalaureate Colleges: Diverse Fields,968,NY,"Private not-for-profit, 4-year or above"
134495,Hillsborough Community College,Full Professor,78791,Associate's Colleges: High Transfer-Mixed Traditional/Nontraditional,21483,FL,"Public, 4-year or above"
134495,Hillsborough Community College,Assistant Professor,69354,Associate's Colleges: High Transfer-Mixed Traditional/Nontraditional,21483,FL,"Public, 4-year or above"
170286,Hillsdale College,Full Professor,95668,Baccalaureate Colleges: Arts & Sciences Focus,1792,MI,"Private not-for-profit, 4-year or above"
170286,Hillsdale College,Assistant Professor,59561,Baccalaureate Colleges: Arts & Sciences Focus,1792,MI,"Private not-for-profit, 4-year or above"
203128,Hiram College,Full Professor,65502,Baccalaureate Colleges: Diverse Fields,1061,OH,"Private not-for-profit, 4-year or above"
203128,Hiram College,Assistant Professor,60828,Baccalaureate Colleges: Diverse Fields,1061,OH,"Private not-for-profit, 4-year or above"
191630,Hobart William Smith Colleges,Full Professor,98866,Baccalaureate Colleges: Arts & Sciences Focus,1841,NY,"Private not-for-profit, 4-year or above"
191630,Hobart William Smith Colleges,Assistant Professor,70683,Baccalaureate Colleges: Arts & Sciences Focus,1841,NY,"Private not-for-profit, 4-year or above"
134510,Hobe Sound Bible College,Full Professor,30555,Baccalaureate Colleges: Diverse Fields,152,FL,"Private not-for-profit, 4-year or above"
191649,Hofstra University,Full Professor,157818,"Doctoral/Professional Universities
",10685,NY,"Private not-for-profit, 4-year or above"
191649,Hofstra University,Assistant Professor,113711,"Doctoral/Professional Universities
",10685,NY,"Private not-for-profit, 4-year or above"
232308,Hollins University,Full Professor,86003,Baccalaureate Colleges: Arts & Sciences Focus,761,VA,"Private not-for-profit, 4-year or above"
232308,Hollins University,Assistant Professor,60473,Baccalaureate Colleges: Arts & Sciences Focus,761,VA,"Private not-for-profit, 4-year or above"
129534,Holy Apostles College and Seminary,Assistant Professor,73871,Master's Colleges & Universities: Medium Programs,719,CT,"Private not-for-profit, 4-year or above"
150774,Holy Cross College,Full Professor,81969,Baccalaureate Colleges: Arts & Sciences Focus,661,IN,"Private not-for-profit, 4-year or above"
150774,Holy Cross College,Assistant Professor,60532,Baccalaureate Colleges: Arts & Sciences Focus,661,IN,"Private not-for-profit, 4-year or above"
212984,Holy Family University,Full Professor,90757,Master's Colleges & Universities: Larger Programs,3225,PA,"Private not-for-profit, 4-year or above"
212984,Holy Family University,Assistant Professor,66500,Master's Colleges & Universities: Larger Programs,3225,PA,"Private not-for-profit, 4-year or above"
162760,Hood College,Full Professor,87651,Master's Colleges & Universities: Larger Programs,2101,MD,"Private not-for-profit, 4-year or above"
162760,Hood College,Assistant Professor,68862,Master's Colleges & Universities: Larger Programs,2101,MD,"Private not-for-profit, 4-year or above"
443076,Hood Theological Seminary,Full Professor,65885,Special Focus Four-Year: Faith-Related Institutions,115,NC,"Private not-for-profit, 4-year or above"
170301,Hope College,Full Professor,100520,Baccalaureate Colleges: Arts & Sciences Focus,3395,MI,"Private not-for-profit, 4-year or above"
170301,Hope College,Assistant Professor,65227,Baccalaureate Colleges: Arts & Sciences Focus,3395,MI,"Private not-for-profit, 4-year or above"
120537,Hope International University,Full Professor,76759,Master's Colleges & Universities: Medium Programs,1025,CA,"Private not-for-profit, 4-year or above"
120537,Hope International University,Assistant Professor,66362,Master's Colleges & Universities: Medium Programs,1025,CA,"Private not-for-profit, 4-year or above"
191676,Houghton University,Full Professor,66371,Baccalaureate Colleges: Arts & Sciences Focus,1200,NY,"Private not-for-profit, 4-year or above"
191676,Houghton University,Assistant Professor,51718,Baccalaureate Colleges: Arts & Sciences Focus,1200,NY,"Private not-for-profit, 4-year or above"
225399,Houston Christian University,Full Professor,82581,Master's Colleges & Universities: Larger Programs,4276,TX,"Private not-for-profit, 4-year or above"
225399,Houston Christian University,Assistant Professor,71749,Master's Colleges & Universities: Larger Programs,4276,TX,"Private not-for-profit, 4-year or above"
225548,Howard Payne University,Full Professor,69331,Baccalaureate Colleges: Diverse Fields,809,TX,"Private not-for-profit, 4-year or above"
225548,Howard Payne University,Assistant Professor,58094,Baccalaureate Colleges: Diverse Fields,809,TX,"Private not-for-profit, 4-year or above"
131520,Howard University,Full Professor,153368,"Doctoral Universities: High Research Activity
",14890,DC,"Private not-for-profit, 4-year or above"
131520,Howard University,Assistant Professor,94799,"Doctoral Universities: High Research Activity
",14890,DC,"Private not-for-profit, 4-year or above"
164368,Hult International Business School,Full Professor,106120,Special Focus Four-Year: Business & Management Schools,2008,MA,"Private not-for-profit, 4-year or above"
242121,Humacao Community College,Full Professor,22050,Baccalaureate/Associate's Colleges: Mixed Baccalaureate/Associate's,173,PR,"Private not-for-profit, 4-year or above"
115773,Humphreys University-Stockton and Modesto Campuses,Full Professor,62353,Master's Colleges & Universities: Small Programs,699,CA,"Private not-for-profit, 4-year or above"
115773,Humphreys University-Stockton and Modesto Campuses,Assistant Professor,63121,Master's Colleges & Universities: Small Programs,699,CA,"Private not-for-profit, 4-year or above"
101435,Huntingdon College,Full Professor,89281,Baccalaureate Colleges: Diverse Fields,892,AL,"Private not-for-profit, 4-year or above"
101435,Huntingdon College,Assistant Professor,66859,Baccalaureate Colleges: Diverse Fields,892,AL,"Private not-for-profit, 4-year or above"
150941,Huntington University,Full Professor,73055,Master's Colleges & Universities: Small Programs,1776,IN,"Private not-for-profit, 4-year or above"
150941,Huntington University,Assistant Professor,53872,Master's Colleges & Universities: Small Programs,1776,IN,"Private not-for-profit, 4-year or above"
487524,Husson University,Full Professor,89397,"Doctoral/Professional Universities
",3367,ME,"Private not-for-profit, 4-year or above"
487524,Husson University,Assistant Professor,67909,"Doctoral/Professional Universities
",3367,ME,"Private not-for-profit, 4-year or above"
225575,Huston-Tillotson University,Full Professor,59375,Baccalaureate Colleges: Diverse Fields,1059,TX,"Private not-for-profit, 4-year or above"
225575,Huston-Tillotson University,Assistant Professor,57645,Baccalaureate Colleges: Diverse Fields,1059,TX,"Private not-for-profit, 4-year or above"
142276,Idaho State University,Full Professor,98348,"Doctoral Universities: High Research Activity
",13061,ID,"Public, 4-year or above"
142276,Idaho State University,Assistant Professor,78521,"Doctoral Universities: High Research Activity
",13061,ID,"Public, 4-year or above"
127273,Iliff School of Theology,Full Professor,84350,Special Focus Four-Year: Faith-Related Institutions,166,CO,"Private not-for-profit, 4-year or above"
127273,Iliff School of Theology,Assistant Professor,55509,Special Focus Four-Year: Faith-Related Institutions,166,CO,"Private not-for-profit, 4-year or above"
434584,Ilisagvik College,Full Professor,96482,Tribal Colleges,256,AK,"Public, 4-year or above"
434584,Ilisagvik College,Assistant Professor,69959,Tribal Colleges,256,AK,"Public, 4-year or above"
145691,Illinois College,Full Professor,81375,Baccalaureate Colleges: Arts & Sciences Focus,942,IL,"Private not-for-profit, 4-year or above"
145691,Illinois College,Assistant Professor,61369,Baccalaureate Colleges: Arts & Sciences Focus,942,IL,"Private not-for-profit, 4-year or above"
145628,Illinois College of Optometry,Full Professor,120779,Special Focus Four-Year: Other Health Professions Schools,474,IL,"Private not-for-profit, 4-year or above"
145628,Illinois College of Optometry,Assistant Professor,83259,Special Focus Four-Year: Other Health Professions Schools,474,IL,"Private not-for-profit, 4-year or above"
145725,Illinois Institute of Technology,Full Professor,156132,"Doctoral Universities: High Research Activity
",8834,IL,"Private not-for-profit, 4-year or above"
145725,Illinois Institute of Technology,Assistant Professor,112010,"Doctoral Universities: High Research Activity
",8834,IL,"Private not-for-profit, 4-year or above"
145813,Illinois State University,Full Professor,107192,"Doctoral Universities: High Research Activity
",21546,IL,"Public, 4-year or above"
145813,Illinois State University,Assistant Professor,80752,"Doctoral Universities: High Research Activity
",21546,IL,"Public, 4-year or above"
145646,Illinois Wesleyan University,Full Professor,97102,Baccalaureate Colleges: Diverse Fields,1582,IL,"Private not-for-profit, 4-year or above"
145646,Illinois Wesleyan University,Assistant Professor,68362,Baccalaureate Colleges: Diverse Fields,1582,IL,"Private not-for-profit, 4-year or above"
213011,Immaculata University,Full Professor,50498,"Doctoral/Professional Universities
",2512,PA,"Private not-for-profit, 4-year or above"
213011,Immaculata University,Assistant Professor,40228,"Doctoral/Professional Universities
",2512,PA,"Private not-for-profit, 4-year or above"
134608,Indian River State College,Full Professor,94158,Baccalaureate/Associate's Colleges: Mixed Baccalaureate/Associate's,15429,FL,"Public, 4-year or above"
134608,Indian River State College,Assistant Professor,74154,Baccalaureate/Associate's Colleges: Mixed Baccalaureate/Associate's,15429,FL,"Public, 4-year or above"
151290,Indiana Institute of Technology,Full Professor,89138,Master's Colleges & Universities: Larger Programs,2770,IN,"Private not-for-profit, 4-year or above"
151290,Indiana Institute of Technology,Assistant Professor,85569,Master's Colleges & Universities: Larger Programs,2770,IN,"Private not-for-profit, 4-year or above"
151324,Indiana State University,Full Professor,94103,"Doctoral/Professional Universities
",7895,IN,"Public, 4-year or above"
151324,Indiana State University,Assistant Professor,62967,"Doctoral/Professional Universities
",7895,IN,"Public, 4-year or above"
213020,Indiana University of Pennsylvania-Main Campus,Full Professor,121073,"Doctoral Universities: High Research Activity
",9073,PA,"Public, 4-year or above"
213020,Indiana University of Pennsylvania-Main Campus,Assistant Professor,78448,"Doctoral Universities: High Research Activity
",9073,PA,"Public, 4-year or above"
151351,Indiana University-Bloomington,Full Professor,140655,"Doctoral Universities: Very High Research Activity
",48424,IN,"Public, 4-year or above"
151351,Indiana University-Bloomington,Assistant Professor,102525,"Doctoral Universities: Very High Research Activity
",48424,IN,"Public, 4-year or above"
151388,Indiana University-East,Full Professor,86228,Master's Colleges & Universities: Small Programs,3203,IN,"Public, 4-year or above"
151388,Indiana University-East,Assistant Professor,71571,Master's Colleges & Universities: Small Programs,3203,IN,"Public, 4-year or above"
151111,Indiana University-Indianapolis,Full Professor,112697,"Doctoral Universities: High Research Activity
",22534,IN,"Public, 4-year or above"
151111,Indiana University-Indianapolis,Assistant Professor,80945,"Doctoral Universities: High Research Activity
",22534,IN,"Public, 4-year or above"
151333,Indiana University-Kokomo,Full Professor,79872,Master's Colleges & Universities: Small Programs,2921,IN,"Public, 4-year or above"
151333,Indiana University-Kokomo,Assistant Professor,64317,Master's Colleges & Universities: Small Programs,2921,IN,"Public, 4-year or above"
151360,Indiana University-Northwest,Full Professor,87274,Master's Colleges & Universities: Small Programs,3041,IN,"Public, 4-year or above"
151360,Indiana University-Northwest,Assistant Professor,63073,Master's Colleges & Universities: Small Programs,3041,IN,"Public, 4-year or above"
151342,Indiana University-South Bend,Full Professor,70256,Master's Colleges & Universities: Medium Programs,4631,IN,"Public, 4-year or above"
151342,Indiana University-South Bend,Assistant Professor,61922,Master's Colleges & Universities: Medium Programs,4631,IN,"Public, 4-year or above"
151379,Indiana University-Southeast,Full Professor,79233,Master's Colleges & Universities: Medium Programs,3736,IN,"Public, 4-year or above"
151379,Indiana University-Southeast,Assistant Professor,68926,Master's Colleges & Universities: Medium Programs,3736,IN,"Public, 4-year or above"
151801,Indiana Wesleyan University-Marion,Full Professor,83402,Master's Colleges & Universities: Small Programs,2204,IN,"Private not-for-profit, 4-year or above"
151801,Indiana Wesleyan University-Marion,Assistant Professor,65964,Master's Colleges & Universities: Small Programs,2204,IN,"Private not-for-profit, 4-year or above"
462044,Institute for Doctoral Studies in the Visual Arts,Assistant Professor,65092,Master's Colleges & Universities: Small Programs,99,ME,"Private not-for-profit, 4-year or above"
187745,Institute of American Indian and Alaska Native Culture and Arts Development,Full Professor,87834,Tribal Colleges,947,NM,"Public, 4-year or above"
187745,Institute of American Indian and Alaska Native Culture and Arts Development,Assistant Professor,67067,Tribal Colleges,947,NM,"Public, 4-year or above"
489335,Institute of Buddhist Studies,Full Professor,97614,"Not applicable, not in Carnegie universe (not accredited or nondegree-granting)",65,CA,"Private not-for-profit, 4-year or above"
455804,Institute of World Politics,Full Professor,104531,Special Focus Four-Year: Other Special Focus Institutions,173,DC,"Private not-for-profit, 4-year or above"
242626,Inter American University of Puerto Rico-Aguadilla,Full Professor,65320,Master's Colleges & Universities: Small Programs,3161,PR,"Private not-for-profit, 4-year or above"
242626,Inter American University of Puerto Rico-Aguadilla,Assistant Professor,43120,Master's Colleges & Universities: Small Programs,3161,PR,"Private not-for-profit, 4-year or above"
242635,Inter American University of Puerto Rico-Arecibo,Full Professor,62826,Master's Colleges & Universities: Medium Programs,2624,PR,"Private not-for-profit, 4-year or above"
242635,Inter American University of Puerto Rico-Arecibo,Assistant Professor,48131,Master's Colleges & Universities: Medium Programs,2624,PR,"Private not-for-profit, 4-year or above"
242644,Inter American University of Puerto Rico-Barranquitas,Full Professor,64757,Baccalaureate Colleges: Diverse Fields,1020,PR,"Private not-for-profit, 4-year or above"
242644,Inter American University of Puerto Rico-Barranquitas,Assistant Professor,44315,Baccalaureate Colleges: Diverse Fields,1020,PR,"Private not-for-profit, 4-year or above"
242705,Inter American University of Puerto Rico-Bayamon,Full Professor,57847,Baccalaureate Colleges: Diverse Fields,3556,PR,"Private not-for-profit, 4-year or above"
242705,Inter American University of Puerto Rico-Bayamon,Assistant Professor,45192,Baccalaureate Colleges: Diverse Fields,3556,PR,"Private not-for-profit, 4-year or above"
242680,Inter American University of Puerto Rico-Fajardo,Full Professor,64816,Baccalaureate Colleges: Diverse Fields,1197,PR,"Private not-for-profit, 4-year or above"
242680,Inter American University of Puerto Rico-Fajardo,Assistant Professor,42931,Baccalaureate Colleges: Diverse Fields,1197,PR,"Private not-for-profit, 4-year or above"
242699,Inter American University of Puerto Rico-Guayama,Full Professor,62932,Baccalaureate Colleges: Diverse Fields,2487,PR,"Private not-for-profit, 4-year or above"
242699,Inter American University of Puerto Rico-Guayama,Assistant Professor,44817,Baccalaureate Colleges: Diverse Fields,2487,PR,"Private not-for-profit, 4-year or above"
242653,Inter American University of Puerto Rico-Metro,Full Professor,65574,Master's Colleges & Universities: Larger Programs,4101,PR,"Private not-for-profit, 4-year or above"
242653,Inter American University of Puerto Rico-Metro,Assistant Professor,45139,Master's Colleges & Universities: Larger Programs,4101,PR,"Private not-for-profit, 4-year or above"
242662,Inter American University of Puerto Rico-Ponce,Full Professor,64050,Baccalaureate Colleges: Diverse Fields,2925,PR,"Private not-for-profit, 4-year or above"
242662,Inter American University of Puerto Rico-Ponce,Assistant Professor,43259,Baccalaureate Colleges: Diverse Fields,2925,PR,"Private not-for-profit, 4-year or above"
242617,Inter American University of Puerto Rico-San German,Full Professor,65741,Master's Colleges & Universities: Small Programs,3114,PR,"Private not-for-profit, 4-year or above"
242617,Inter American University of Puerto Rico-San German,Assistant Professor,44872,Master's Colleges & Universities: Small Programs,3114,PR,"Private not-for-profit, 4-year or above"
242723,Inter American University of Puerto Rico-School of Law,Full Professor,96153,Special Focus Four-Year: Law Schools,692,PR,"Private not-for-profit, 4-year or above"
242723,Inter American University of Puerto Rico-School of Law,Assistant Professor,64184,Special Focus Four-Year: Law Schools,692,PR,"Private not-for-profit, 4-year or above"
404222,Inter American University of Puerto Rico-School of Optometry,Full Professor,96204,Special Focus Four-Year: Other Health Professions Schools,213,PR,"Private not-for-profit, 4-year or above"
404222,Inter American University of Puerto Rico-School of Optometry,Assistant Professor,62943,Special Focus Four-Year: Other Health Professions Schools,213,PR,"Private not-for-profit, 4-year or above"
140146,Interdenominational Theological Center,Full Professor,60000,Special Focus Four-Year: Faith-Related Institutions,60,GA,"Private not-for-profit, 4-year or above"
140146,Interdenominational Theological Center,Assistant Professor,47692,Special Focus Four-Year: Faith-Related Institutions,60,GA,"Private not-for-profit, 4-year or above"
436614,International Baptist College and Seminary,Full Professor,46468,Special Focus Four-Year: Faith-Related Institutions,78,AZ,"Private not-for-profit, 4-year or above"
448691,International Institute for Restorative Practices,Full Professor,69413,Special Focus Four-Year: Other Special Focus Institutions,110,PA,"Private not-for-profit, 4-year or above"
448691,International Institute for Restorative Practices,Assistant Professor,39829,Special Focus Four-Year: Other Special Focus Institutions,110,PA,"Private not-for-profit, 4-year or above"
191931,Iona University,Full Professor,107422,Master's Colleges & Universities: Larger Programs,3958,NY,"Private not-for-profit, 4-year or above"
191931,Iona University,Assistant Professor,76505,Master's Colleges & Universities: Larger Programs,3958,NY,"Private not-for-profit, 4-year or above"
153603,Iowa State University,Full Professor,138313,"Doctoral Universities: Very High Research Activity
",30380,IA,"Public, 4-year or above"
153603,Iowa State University,Assistant Professor,92515,"Doctoral Universities: Very High Research Activity
",30380,IA,"Public, 4-year or above"
191968,Ithaca College,Full Professor,108630,Master's Colleges & Universities: Larger Programs,4767,NY,"Private not-for-profit, 4-year or above"
191968,Ithaca College,Assistant Professor,71674,Master's Colleges & Universities: Larger Programs,4767,NY,"Private not-for-profit, 4-year or above"
170444,Jackson College,Full Professor,75647,Baccalaureate/Associate's Colleges: Associate's Dominant,5086,MI,"Public, 4-year or above"
170444,Jackson College,Assistant Professor,63382,Baccalaureate/Associate's Colleges: Associate's Dominant,5086,MI,"Public, 4-year or above"
175856,Jackson State University,Full Professor,91165,"Doctoral Universities: High Research Activity
",6326,MS,"Public, 4-year or above"
175856,Jackson State University,Assistant Professor,66759,"Doctoral Universities: High Research Activity
",6326,MS,"Public, 4-year or above"
101480,Jacksonville State University,Full Professor,90918,Master's Colleges & Universities: Larger Programs,9955,AL,"Public, 4-year or above"
101480,Jacksonville State University,Assistant Professor,66631,Master's Colleges & Universities: Larger Programs,9955,AL,"Public, 4-year or above"
134945,Jacksonville University,Full Professor,94025,Master's Colleges & Universities: Larger Programs,4247,FL,"Private not-for-profit, 4-year or above"
134945,Jacksonville University,Assistant Professor,71500,Master's Colleges & Universities: Larger Programs,4247,FL,"Private not-for-profit, 4-year or above"
203678,James A. Rhodes State College,Full Professor,64666,Associate's Colleges: High Career & Technical-High Nontraditional,4124,OH,"Public, 4-year or above"
203678,James A. Rhodes State College,Assistant Professor,56071,Associate's Colleges: High Career & Technical-High Nontraditional,4124,OH,"Public, 4-year or above"
232423,James Madison University,Full Professor,115481,"Doctoral Universities: High Research Activity
",22740,VA,"Public, 4-year or above"
232423,James Madison University,Assistant Professor,84621,"Doctoral Universities: High Research Activity
",22740,VA,"Public, 4-year or above"
225885,Jarvis Christian University,Full Professor,69250,Baccalaureate Colleges: Diverse Fields,622,TX,"Private not-for-profit, 4-year or above"
225885,Jarvis Christian University,Assistant Professor,62224,Baccalaureate Colleges: Diverse Fields,622,TX,"Private not-for-profit, 4-year or above"
192040,Jewish Theological Seminary of America,Full Professor,133862,Special Focus Four-Year: Faith-Related Institutions,316,NY,"Private not-for-profit, 4-year or above"
192040,Jewish Theological Seminary of America,Assistant Professor,88660,Special Focus Four-Year: Faith-Related Institutions,316,NY,"Private not-for-profit, 4-year or above"
107141,John Brown University,Full Professor,76103,Master's Colleges & Universities: Medium Programs,2350,AR,"Private not-for-profit, 4-year or above"
107141,John Brown University,Assistant Professor,60755,Master's Colleges & Universities: Medium Programs,2350,AR,"Private not-for-profit, 4-year or above"
203368,John Carroll University,Full Professor,101184,Master's Colleges & Universities: Larger Programs,2864,OH,"Private not-for-profit, 4-year or above"
203368,John Carroll University,Assistant Professor,86575,Master's Colleges & Universities: Larger Programs,2864,OH,"Private not-for-profit, 4-year or above"
462354,John Paul the Great Catholic University,Full Professor,68063,Baccalaureate Colleges: Diverse Fields,286,CA,"Private not-for-profit, 4-year or above"
162928,Johns Hopkins University,Full Professor,225930,"Doctoral Universities: Very High Research Activity
",30210,MD,"Private not-for-profit, 4-year or above"
162928,Johns Hopkins University,Assistant Professor,129449,"Doctoral Universities: Very High Research Activity
",30210,MD,"Private not-for-profit, 4-year or above"
445708,Johnson & Wales University-Charlotte,Full Professor,117276,Baccalaureate Colleges: Diverse Fields,1184,NC,"Private not-for-profit, 4-year or above"
445708,Johnson & Wales University-Charlotte,Assistant Professor,82776,Baccalaureate Colleges: Diverse Fields,1184,NC,"Private not-for-profit, 4-year or above"
460349,Johnson & Wales University-Online,Full Professor,101880,Master's Colleges & Universities: Larger Programs,2839,RI,"Private not-for-profit, 4-year or above"
217235,Johnson & Wales University-Providence,Full Professor,116940,Master's Colleges & Universities: Larger Programs,4303,RI,"Private not-for-profit, 4-year or above"
217235,Johnson & Wales University-Providence,Assistant Professor,84264,Master's Colleges & Universities: Larger Programs,4303,RI,"Private not-for-profit, 4-year or above"
198756,Johnson C Smith University,Full Professor,79171,Baccalaureate Colleges: Arts & Sciences Focus,1302,NC,"Private not-for-profit, 4-year or above"
198756,Johnson C Smith University,Assistant Professor,70084,Baccalaureate Colleges: Arts & Sciences Focus,1302,NC,"Private not-for-profit, 4-year or above"
220473,Johnson University,Full Professor,57933,Master's Colleges & Universities: Medium Programs,978,TN,"Private not-for-profit, 4-year or above"
220473,Johnson University,Assistant Professor,34666,Master's Colleges & Universities: Medium Programs,978,TN,"Private not-for-profit, 4-year or above"
146339,Judson University,Full Professor,55429,Master's Colleges & Universities: Small Programs,960,IL,"Private not-for-profit, 4-year or above"
146339,Judson University,Assistant Professor,46812,Master's Colleges & Universities: Small Programs,960,IL,"Private not-for-profit, 4-year or above"
213251,Juniata College,Full Professor,95265,Baccalaureate Colleges: Arts & Sciences Focus,1321,PA,"Private not-for-profit, 4-year or above"
213251,Juniata College,Assistant Professor,67366,Baccalaureate Colleges: Arts & Sciences Focus,1321,PA,"Private not-for-profit, 4-year or above"
498623,Justice University,Full Professor,36000,"Not applicable, not in Carnegie universe (not accredited or nondegree-granting)",124,AZ,"Private not-for-profit, 4-year or above"
219240,Kairos University,Full Professor,57083,Special Focus Four-Year: Faith-Related Institutions,1239,SD,"Private not-for-profit, 4-year or above"
170532,Kalamazoo College,Full Professor,100298,Baccalaureate Colleges: Arts & Sciences Focus,1166,MI,"Private not-for-profit, 4-year or above"
170532,Kalamazoo College,Assistant Professor,67167,Baccalaureate Colleges: Arts & Sciences Focus,1166,MI,"Private not-for-profit, 4-year or above"
155308,Kansas Christian College,Full Professor,23790,Baccalaureate/Associate's Colleges: Mixed Baccalaureate/Associate's,145,KS,"Private not-for-profit, 4-year or above"
177746,Kansas City Art Institute,Full Professor,85527,"Special Focus Four-Year: Arts, Music & Design Schools",813,MO,"Private not-for-profit, 4-year or above"
177746,Kansas City Art Institute,Assistant Professor,58007,"Special Focus Four-Year: Arts, Music & Design Schools",813,MO,"Private not-for-profit, 4-year or above"
179812,Kansas City University,Full Professor,117309,Special Focus Four-Year: Medical Schools & Centers,2109,MO,"Private not-for-profit, 4-year or above"
179812,Kansas City University,Assistant Professor,100193,Special Focus Four-Year: Medical Schools & Centers,2109,MO,"Private not-for-profit, 4-year or above"
155399,Kansas State University,Full Professor,129018,"Doctoral Universities: Very High Research Activity
",20295,KS,"Public, 4-year or above"
155399,Kansas State University,Assistant Professor,84335,"Doctoral Universities: Very High Research Activity
",20295,KS,"Public, 4-year or above"
155414,Kansas Wesleyan University,Full Professor,70379,Baccalaureate Colleges: Diverse Fields,1021,KS,"Private not-for-profit, 4-year or above"
155414,Kansas Wesleyan University,Assistant Professor,53597,Baccalaureate Colleges: Diverse Fields,1021,KS,"Private not-for-profit, 4-year or above"
185262,Kean University,Full Professor,129852,"Doctoral/Professional Universities
",13905,NJ,"Public, 4-year or above"
185262,Kean University,Assistant Professor,90375,"Doctoral/Professional Universities
",13905,NJ,"Public, 4-year or above"
440031,Keck Graduate Institute,Full Professor,133269,Master's Colleges & Universities: Larger Programs,622,CA,"Private not-for-profit, 4-year or above"
440031,Keck Graduate Institute,Assistant Professor,92649,Master's Colleges & Universities: Larger Programs,622,CA,"Private not-for-profit, 4-year or above"
183062,Keene State College,Full Professor,105271,Baccalaureate Colleges: Diverse Fields,2848,NH,"Public, 4-year or above"
183062,Keene State College,Assistant Professor,73864,Baccalaureate Colleges: Diverse Fields,2848,NH,"Public, 4-year or above"
192165,Kehilath Yakov Rabbinical Seminary,Full Professor,25161,Special Focus Four-Year: Faith-Related Institutions,205,NY,"Private not-for-profit, 4-year or above"
500041,Kennedy University of Baptist,Full Professor,15000,"Not applicable, not in Carnegie universe (not accredited or nondegree-granting)",10,FL,"Private not-for-profit, 4-year or above"
486840,Kennesaw State University,Full Professor,108886,"Doctoral Universities: High Research Activity
",47764,GA,"Public, 4-year or above"
486840,Kennesaw State University,Assistant Professor,86404,"Doctoral Universities: High Research Activity
",47764,GA,"Public, 4-year or above"
177816,Kenrick Glennon Seminary,Full Professor,68204,Special Focus Four-Year: Faith-Related Institutions,84,MO,"Private not-for-profit, 4-year or above"
177816,Kenrick Glennon Seminary,Assistant Professor,26361,Special Focus Four-Year: Faith-Related Institutions,84,MO,"Private not-for-profit, 4-year or above"
203447,Kent State University at Ashtabula,Full Professor,98420,Baccalaureate/Associate's Colleges: Associate's Dominant,1739,OH,"Public, 4-year or above"
203526,Kent State University at Geauga,Full Professor,92336,Baccalaureate/Associate's Colleges: Associate's Dominant,2204,OH,"Public, 4-year or above"
203526,Kent State University at Geauga,Assistant Professor,48931,Baccalaureate/Associate's Colleges: Associate's Dominant,2204,OH,"Public, 4-year or above"
203517,Kent State University at Kent,Full Professor,120225,"Doctoral Universities: Very High Research Activity
",26374,OH,"Public, 4-year or above"
203517,Kent State University at Kent,Assistant Professor,79275,"Doctoral Universities: Very High Research Activity
",26374,OH,"Public, 4-year or above"
203492,Kent State University at Salem,Full Professor,93454,Baccalaureate/Associate's Colleges: Mixed Baccalaureate/Associate's,1633,OH,"Public, 4-year or above"
203492,Kent State University at Salem,Assistant Professor,54236,Baccalaureate/Associate's Colleges: Mixed Baccalaureate/Associate's,1633,OH,"Public, 4-year or above"
203465,Kent State University at Stark,Full Professor,97450,Baccalaureate/Associate's Colleges: Associate's Dominant,3569,OH,"Public, 4-year or above"
203465,Kent State University at Stark,Assistant Professor,62009,Baccalaureate/Associate's Colleges: Associate's Dominant,3569,OH,"Public, 4-year or above"
203474,Kent State University at Trumbull,Full Professor,98122,Baccalaureate/Associate's Colleges: Mixed Baccalaureate/Associate's,2148,OH,"Public, 4-year or above"
203474,Kent State University at Trumbull,Assistant Professor,47123,Baccalaureate/Associate's Colleges: Mixed Baccalaureate/Associate's,2148,OH,"Public, 4-year or above"
203483,Kent State University at Tuscarawas,Full Professor,113103,Baccalaureate/Associate's Colleges: Mixed Baccalaureate/Associate's,2099,OH,"Public, 4-year or above"
203483,Kent State University at Tuscarawas,Assistant Professor,71150,Baccalaureate/Associate's Colleges: Mixed Baccalaureate/Associate's,2099,OH,"Public, 4-year or above"
157100,Kentucky Christian University,Full Professor,50023,Baccalaureate Colleges: Diverse Fields,550,KY,"Private not-for-profit, 4-year or above"
157100,Kentucky Christian University,Assistant Professor,41735,Baccalaureate Colleges: Diverse Fields,550,KY,"Private not-for-profit, 4-year or above"
157030,Kentucky Mountain Bible College,Full Professor,9450,Baccalaureate Colleges: Arts & Sciences Focus,94,KY,"Private not-for-profit, 4-year or above"
157058,Kentucky State University,Full Professor,71824,Baccalaureate Colleges: Diverse Fields,2020,KY,"Public, 4-year or above"
157058,Kentucky State University,Assistant Professor,62092,Baccalaureate Colleges: Diverse Fields,2020,KY,"Public, 4-year or above"
157076,Kentucky Wesleyan College,Full Professor,64967,Baccalaureate Colleges: Diverse Fields,887,KY,"Private not-for-profit, 4-year or above"
157076,Kentucky Wesleyan College,Assistant Professor,52805,Baccalaureate Colleges: Diverse Fields,887,KY,"Private not-for-profit, 4-year or above"
203535,Kenyon College,Full Professor,115771,Baccalaureate Colleges: Arts & Sciences Focus,2249,OH,"Private not-for-profit, 4-year or above"
203535,Kenyon College,Assistant Professor,70447,Baccalaureate Colleges: Arts & Sciences Focus,2249,OH,"Private not-for-profit, 4-year or above"
203544,Kettering College,Full Professor,91246,Special Focus Four-Year: Other Health Professions Schools,757,OH,"Private not-for-profit, 4-year or above"
203544,Kettering College,Assistant Professor,66964,Special Focus Four-Year: Other Health Professions Schools,757,OH,"Private not-for-profit, 4-year or above"
169983,Kettering University,Full Professor,95120,Master's Colleges & Universities: Medium Programs,1466,MI,"Private not-for-profit, 4-year or above"
169983,Kettering University,Assistant Professor,84408,Master's Colleges & Universities: Medium Programs,1466,MI,"Private not-for-profit, 4-year or above"
192192,Keuka College,Full Professor,75431,Master's Colleges & Universities: Medium Programs,1366,NY,"Private not-for-profit, 4-year or above"
192192,Keuka College,Assistant Professor,62868,Master's Colleges & Universities: Medium Programs,1366,NY,"Private not-for-profit, 4-year or above"
213303,Keystone College,Full Professor,61062,Baccalaureate Colleges: Diverse Fields,952,PA,"Private not-for-profit, 4-year or above"
213303,Keystone College,Assistant Professor,47414,Baccalaureate Colleges: Diverse Fields,952,PA,"Private not-for-profit, 4-year or above"
220516,King University,Full Professor,50684,Master's Colleges & Universities: Larger Programs,1157,TN,"Private not-for-profit, 4-year or above"
220516,King University,Assistant Professor,46334,Master's Colleges & Universities: Larger Programs,1157,TN,"Private not-for-profit, 4-year or above"
213321,King's College,Full Professor,91344,Master's Colleges & Universities: Medium Programs,1939,PA,"Private not-for-profit, 4-year or above"
213321,King's College,Assistant Professor,73750,Master's Colleges & Universities: Medium Programs,1939,PA,"Private not-for-profit, 4-year or above"
146427,Knox College,Full Professor,74959,Baccalaureate Colleges: Arts & Sciences Focus,1136,IL,"Private not-for-profit, 4-year or above"
146427,Knox College,Assistant Professor,55588,Baccalaureate Colleges: Arts & Sciences Focus,1136,IL,"Private not-for-profit, 4-year or above"
213349,Kutztown University of Pennsylvania,Full Professor,120456,Master's Colleges & Universities: Larger Programs,7467,PA,"Public, 4-year or above"
213349,Kutztown University of Pennsylvania,Assistant Professor,74029,Master's Colleges & Universities: Larger Programs,7467,PA,"Public, 4-year or above"
171881,Kuyper College,Full Professor,58850,Baccalaureate Colleges: Diverse Fields,161,MI,"Private not-for-profit, 4-year or above"
171881,Kuyper College,Assistant Professor,45151,Baccalaureate Colleges: Diverse Fields,161,MI,"Private not-for-profit, 4-year or above"
213358,La Roche University,Full Professor,75653,Master's Colleges & Universities: Small Programs,2153,PA,"Private not-for-profit, 4-year or above"
213358,La Roche University,Assistant Professor,55501,Master's Colleges & Universities: Small Programs,2153,PA,"Private not-for-profit, 4-year or above"
213367,La Salle University,Full Professor,109873,"Doctoral/Professional Universities
",3153,PA,"Private not-for-profit, 4-year or above"
213367,La Salle University,Assistant Professor,74392,"Doctoral/Professional Universities
",3153,PA,"Private not-for-profit, 4-year or above"
117627,La Sierra University,Full Professor,85125,Master's Colleges & Universities: Medium Programs,1574,CA,"Private not-for-profit, 4-year or above"
117627,La Sierra University,Assistant Professor,68051,Master's Colleges & Universities: Medium Programs,1574,CA,"Private not-for-profit, 4-year or above"
140234,LaGrange College,Full Professor,67763,Baccalaureate Colleges: Diverse Fields,813,GA,"Private not-for-profit, 4-year or above"
140234,LaGrange College,Assistant Professor,55993,Baccalaureate Colleges: Diverse Fields,813,GA,"Private not-for-profit, 4-year or above"
165264,Laboure College of Healthcare,Full Professor,82812,Special Focus Four-Year: Other Health Professions Schools,530,MA,"Private not-for-profit, 4-year or above"
165264,Laboure College of Healthcare,Assistant Professor,63300,Special Focus Four-Year: Other Health Professions Schools,530,MA,"Private not-for-profit, 4-year or above"
213376,Lackawanna College,Full Professor,54031,Baccalaureate/Associate's Colleges: Mixed Baccalaureate/Associate's,2211,PA,"Private not-for-profit, 4-year or above"
213376,Lackawanna College,Assistant Professor,41649,Baccalaureate/Associate's Colleges: Mixed Baccalaureate/Associate's,2211,PA,"Private not-for-profit, 4-year or above"
213385,Lafayette College,Full Professor,156818,Baccalaureate Colleges: Arts & Sciences Focus,2775,PA,"Private not-for-profit, 4-year or above"
213385,Lafayette College,Assistant Professor,88567,Baccalaureate Colleges: Arts & Sciences Focus,2775,PA,"Private not-for-profit, 4-year or above"
117168,Laguna College of Art and Design,Full Professor,83719,"Special Focus Four-Year: Arts, Music & Design Schools",775,CA,"Private not-for-profit, 4-year or above"
117168,Laguna College of Art and Design,Assistant Professor,76151,"Special Focus Four-Year: Arts, Music & Design Schools",775,CA,"Private not-for-profit, 4-year or above"
203580,Lake Erie College,Full Professor,62756,Master's Colleges & Universities: Small Programs,1108,OH,"Private not-for-profit, 4-year or above"
203580,Lake Erie College,Assistant Professor,60748,Master's Colleges & Universities: Small Programs,1108,OH,"Private not-for-profit, 4-year or above"
407629,Lake Erie College of Osteopathic Medicine,Full Professor,108675,Special Focus Four-Year: Medical Schools & Centers,4133,PA,"Private not-for-profit, 4-year or above"
407629,Lake Erie College of Osteopathic Medicine,Assistant Professor,92326,Special Focus Four-Year: Medical Schools & Centers,4133,PA,"Private not-for-profit, 4-year or above"
146481,Lake Forest College,Full Professor,101987,Baccalaureate Colleges: Arts & Sciences Focus,1837,IL,"Private not-for-profit, 4-year or above"
146481,Lake Forest College,Assistant Professor,67545,Baccalaureate Colleges: Arts & Sciences Focus,1837,IL,"Private not-for-profit, 4-year or above"
170639,Lake Superior State University,Full Professor,84269,Baccalaureate Colleges: Diverse Fields,1567,MI,"Public, 4-year or above"
170639,Lake Superior State University,Assistant Professor,65188,Baccalaureate Colleges: Diverse Fields,1567,MI,"Public, 4-year or above"
135188,Lake-Sumter State College,Full Professor,76366,Baccalaureate/Associate's Colleges: Associate's Dominant,5810,FL,"Public, 4-year or above"
135188,Lake-Sumter State College,Assistant Professor,61054,Baccalaureate/Associate's Colleges: Associate's Dominant,5810,FL,"Public, 4-year or above"
238980,Lakeland University,Full Professor,73473,Master's Colleges & Universities: Larger Programs,2813,WI,"Private not-for-profit, 4-year or above"
238980,Lakeland University,Assistant Professor,60803,Master's Colleges & Universities: Larger Programs,2813,WI,"Private not-for-profit, 4-year or above"
146533,Lakeview College of Nursing,Assistant Professor,64490,Special Focus Four-Year: Other Health Professions Schools,66,IL,"Private not-for-profit, 4-year or above"
226091,Lamar University,Full Professor,113402,"Doctoral/Professional Universities
",17772,TX,"Public, 4-year or above"
226091,Lamar University,Assistant Professor,76764,"Doctoral/Professional Universities
",17772,TX,"Public, 4-year or above"
213400,Lancaster Bible College,Full Professor,65095,Master's Colleges & Universities: Small Programs,2519,PA,"Private not-for-profit, 4-year or above"
213400,Lancaster Bible College,Assistant Professor,43452,Master's Colleges & Universities: Small Programs,2519,PA,"Private not-for-profit, 4-year or above"
213446,Lancaster Theological Seminary,Full Professor,82351,Special Focus Four-Year: Faith-Related Institutions,66,PA,"Private not-for-profit, 4-year or above"
218229,Lander University,Full Professor,78837,Baccalaureate Colleges: Diverse Fields,4378,SC,"Public, 4-year or above"
218229,Lander University,Assistant Professor,67576,Baccalaureate Colleges: Diverse Fields,4378,SC,"Public, 4-year or above"
247649,Landmark College,Full Professor,76786,Baccalaureate/Associate's Colleges: Mixed Baccalaureate/Associate's,672,VT,"Private not-for-profit, 4-year or above"
247649,Landmark College,Assistant Professor,59566,Baccalaureate/Associate's Colleges: Mixed Baccalaureate/Associate's,672,VT,"Private not-for-profit, 4-year or above"
220598,Lane College,Full Professor,56733,Baccalaureate Colleges: Arts & Sciences Focus,738,TN,"Private not-for-profit, 4-year or above"
220598,Lane College,Assistant Professor,48022,Baccalaureate Colleges: Arts & Sciences Focus,738,TN,"Private not-for-profit, 4-year or above"
207209,Langston University,Full Professor,86879,Master's Colleges & Universities: Small Programs,1937,OK,"Public, 4-year or above"
207209,Langston University,Assistant Professor,54678,Master's Colleges & Universities: Small Programs,1937,OK,"Public, 4-year or above"
226134,Laredo College,Full Professor,73203,Baccalaureate/Associate's Colleges: Associate's Dominant,11029,TX,"Public, 4-year or above"
226134,Laredo College,Assistant Professor,62672,Baccalaureate/Associate's Colleges: Associate's Dominant,11029,TX,"Public, 4-year or above"
166391,Lasell University,Full Professor,90429,Master's Colleges & Universities: Larger Programs,1668,MA,"Private not-for-profit, 4-year or above"
166391,Lasell University,Assistant Professor,73495,Master's Colleges & Universities: Larger Programs,1668,MA,"Private not-for-profit, 4-year or above"
170675,Lawrence Technological University,Full Professor,130920,Master's Colleges & Universities: Larger Programs,3693,MI,"Private not-for-profit, 4-year or above"
170675,Lawrence Technological University,Assistant Professor,87545,Master's Colleges & Universities: Larger Programs,3693,MI,"Private not-for-profit, 4-year or above"
239017,Lawrence University,Full Professor,96296,Baccalaureate Colleges: Arts & Sciences Focus,1417,WI,"Private not-for-profit, 4-year or above"
239017,Lawrence University,Assistant Professor,68423,Baccalaureate Colleges: Arts & Sciences Focus,1417,WI,"Private not-for-profit, 4-year or above"
192323,Le Moyne College,Full Professor,91816,Master's Colleges & Universities: Larger Programs,3091,NY,"Private not-for-profit, 4-year or above"
192323,Le Moyne College,Assistant Professor,80037,Master's Colleges & Universities: Larger Programs,3091,NY,"Private not-for-profit, 4-year or above"
220604,Le Moyne-Owen College,Full Professor,61876,Baccalaureate Colleges: Diverse Fields,659,TN,"Private not-for-profit, 4-year or above"
220604,Le Moyne-Owen College,Assistant Professor,43929,Baccalaureate Colleges: Diverse Fields,659,TN,"Private not-for-profit, 4-year or above"
226231,LeTourneau University,Full Professor,82471,Master's Colleges & Universities: Medium Programs,3330,TX,"Private not-for-profit, 4-year or above"
226231,LeTourneau University,Assistant Professor,66607,Master's Colleges & Universities: Medium Programs,3330,TX,"Private not-for-profit, 4-year or above"
213507,Lebanon Valley College,Full Professor,87385,Master's Colleges & Universities: Small Programs,2146,PA,"Private not-for-profit, 4-year or above"
213507,Lebanon Valley College,Assistant Professor,67219,Master's Colleges & Universities: Small Programs,2146,PA,"Private not-for-profit, 4-year or above"
220613,Lee University,Full Professor,75848,Master's Colleges & Universities: Medium Programs,3714,TN,"Private not-for-profit, 4-year or above"
220613,Lee University,Assistant Professor,65469,Master's Colleges & Universities: Medium Programs,3714,TN,"Private not-for-profit, 4-year or above"
198808,Lees-McRae College,Full Professor,66506,Baccalaureate Colleges: Diverse Fields,910,NC,"Private not-for-profit, 4-year or above"
198808,Lees-McRae College,Assistant Professor,53425,Baccalaureate Colleges: Diverse Fields,910,NC,"Private not-for-profit, 4-year or above"
213543,Lehigh University,Full Professor,178559,"Doctoral Universities: High Research Activity
",7692,PA,"Private not-for-profit, 4-year or above"
213543,Lehigh University,Assistant Professor,106528,"Doctoral Universities: High Research Activity
",7692,PA,"Private not-for-profit, 4-year or above"
198835,Lenoir-Rhyne University,Full Professor,80231,Master's Colleges & Universities: Larger Programs,2256,NC,"Private not-for-profit, 4-year or above"
198835,Lenoir-Rhyne University,Assistant Professor,64292,Master's Colleges & Universities: Larger Programs,2256,NC,"Private not-for-profit, 4-year or above"
166452,Lesley University,Full Professor,93090,"Doctoral/Professional Universities
",2557,MA,"Private not-for-profit, 4-year or above"
166452,Lesley University,Assistant Professor,73604,"Doctoral/Professional Universities
",2557,MA,"Private not-for-profit, 4-year or above"
209056,Lewis & Clark College,Full Professor,137189,Baccalaureate Colleges: Arts & Sciences Focus,3504,OR,"Private not-for-profit, 4-year or above"
209056,Lewis & Clark College,Assistant Professor,82576,Baccalaureate Colleges: Arts & Sciences Focus,3504,OR,"Private not-for-profit, 4-year or above"
146612,Lewis University,Full Professor,115898,Master's Colleges & Universities: Larger Programs,7011,IL,"Private not-for-profit, 4-year or above"
146612,Lewis University,Assistant Professor,85718,Master's Colleges & Universities: Larger Programs,7011,IL,"Private not-for-profit, 4-year or above"
142328,Lewis-Clark State College,Full Professor,83712,Baccalaureate Colleges: Diverse Fields,3801,ID,"Public, 4-year or above"
142328,Lewis-Clark State College,Assistant Professor,59822,Baccalaureate Colleges: Diverse Fields,3801,ID,"Public, 4-year or above"
157207,Lexington Theological Seminary,Full Professor,70760,Special Focus Four-Year: Faith-Related Institutions,82,KY,"Private not-for-profit, 4-year or above"
157207,Lexington Theological Seminary,Assistant Professor,53948,Special Focus Four-Year: Faith-Related Institutions,82,KY,"Private not-for-profit, 4-year or above"
232557,Liberty University,Full Professor,102845,"Doctoral/Professional Universities
",104327,VA,"Private not-for-profit, 4-year or above"
232557,Liberty University,Assistant Professor,68525,"Doctoral/Professional Universities
",104327,VA,"Private not-for-profit, 4-year or above"
117520,Life Chiropractic College West,Full Professor,81469,Special Focus Four-Year: Other Health Professions Schools,618,CA,"Private not-for-profit, 4-year or above"
117520,Life Chiropractic College West,Assistant Professor,57200,Special Focus Four-Year: Other Health Professions Schools,618,CA,"Private not-for-profit, 4-year or above"
117104,Life Pacific University,Full Professor,61052,Baccalaureate Colleges: Diverse Fields,621,CA,"Private not-for-profit, 4-year or above"
117104,Life Pacific University,Assistant Professor,56576,Baccalaureate Colleges: Diverse Fields,621,CA,"Private not-for-profit, 4-year or above"
140252,Life University,Full Professor,85045,Master's Colleges & Universities: Larger Programs,2714,GA,"Private not-for-profit, 4-year or above"
140252,Life University,Assistant Professor,68872,Master's Colleges & Universities: Larger Programs,2714,GA,"Private not-for-profit, 4-year or above"
218238,Limestone University,Full Professor,68788,Baccalaureate Colleges: Diverse Fields,1807,SC,"Private not-for-profit, 4-year or above"
218238,Limestone University,Assistant Professor,48150,Baccalaureate Colleges: Diverse Fields,1807,SC,"Private not-for-profit, 4-year or above"
220631,Lincoln Memorial University,Full Professor,91062,"Doctoral/Professional Universities
",6081,TN,"Private not-for-profit, 4-year or above"
220631,Lincoln Memorial University,Assistant Professor,67630,"Doctoral/Professional Universities
",6081,TN,"Private not-for-profit, 4-year or above"
213598,Lincoln University,Full Professor,108417,Master's Colleges & Universities: Medium Programs,1670,PA,"Public, 4-year or above"
117557,Lincoln University,Full Professor,70500,Special Focus Four-Year: Business & Management Schools,436,CA,"Private not-for-profit, 4-year or above"
177940,Lincoln University,Full Professor,61602,Baccalaureate Colleges: Diverse Fields,2054,MO,"Public, 4-year or above"
213598,Lincoln University,Assistant Professor,78083,Master's Colleges & Universities: Medium Programs,1670,PA,"Public, 4-year or above"
117557,Lincoln University,Assistant Professor,35250,Special Focus Four-Year: Business & Management Schools,436,CA,"Private not-for-profit, 4-year or above"
177940,Lincoln University,Assistant Professor,46532,Baccalaureate Colleges: Diverse Fields,2054,MO,"Public, 4-year or above"
177968,Lindenwood University,Full Professor,98198,Master's Colleges & Universities: Larger Programs,6826,MO,"Private not-for-profit, 4-year or above"
177968,Lindenwood University,Assistant Professor,63615,Master's Colleges & Universities: Larger Programs,6826,MO,"Private not-for-profit, 4-year or above"
157216,Lindsey Wilson College,Full Professor,68582,Master's Colleges & Universities: Larger Programs,4193,KY,"Private not-for-profit, 4-year or above"
157216,Lindsey Wilson College,Assistant Professor,56333,Master's Colleges & Universities: Larger Programs,4193,KY,"Private not-for-profit, 4-year or above"
209065,Linfield University,Full Professor,80176,Baccalaureate Colleges: Arts & Sciences Focus,1709,OR,"Private not-for-profit, 4-year or above"
209065,Linfield University,Assistant Professor,61117,Baccalaureate Colleges: Arts & Sciences Focus,1709,OR,"Private not-for-profit, 4-year or above"
219976,Lipscomb University,Full Professor,89943,"Doctoral/Professional Universities
",5017,TN,"Private not-for-profit, 4-year or above"
219976,Lipscomb University,Assistant Professor,71145,"Doctoral/Professional Universities
",5017,TN,"Private not-for-profit, 4-year or above"
198862,Livingstone College,Full Professor,56515,Baccalaureate Colleges: Diverse Fields,936,NC,"Private not-for-profit, 4-year or above"
198862,Livingstone College,Assistant Professor,52789,Baccalaureate Colleges: Diverse Fields,936,NC,"Private not-for-profit, 4-year or above"
177986,Logan University,Full Professor,81294,Special Focus Four-Year: Other Health Professions Schools,1406,MO,"Private not-for-profit, 4-year or above"
177986,Logan University,Assistant Professor,60315,Special Focus Four-Year: Other Health Professions Schools,1406,MO,"Private not-for-profit, 4-year or above"
117636,Loma Linda University,Full Professor,131238,"Doctoral Universities: High Research Activity
",4210,CA,"Private not-for-profit, 4-year or above"
117636,Loma Linda University,Assistant Professor,102363,"Doctoral Universities: High Research Activity
",4210,CA,"Private not-for-profit, 4-year or above"
227182,Lone Star College System,Full Professor,81420,Associate's Colleges: High Transfer-Mixed Traditional/Nontraditional,73077,TX,"Public, 4-year or above"
227182,Lone Star College System,Assistant Professor,58811,Associate's Colleges: High Transfer-Mixed Traditional/Nontraditional,73077,TX,"Public, 4-year or above"
192448,Long Island University,Full Professor,136823,"Doctoral Universities: High Research Activity
",16689,NY,"Private not-for-profit, 4-year or above"
192448,Long Island University,Assistant Professor,109019,"Doctoral Universities: High Research Activity
",16689,NY,"Private not-for-profit, 4-year or above"
232566,Longwood University,Full Professor,98443,Master's Colleges & Universities: Medium Programs,4612,VA,"Public, 4-year or above"
232566,Longwood University,Assistant Professor,79761,Master's Colleges & Universities: Medium Programs,4612,VA,"Public, 4-year or above"
166489,Longy School of Music of Bard College,Full Professor,51477,"Special Focus Four-Year: Arts, Music & Design Schools",317,MA,"Private not-for-profit, 4-year or above"
203748,Lorain County Community College,Full Professor,87963,Associate's Colleges: High Transfer-Mixed Traditional/Nontraditional,9350,OH,"Public, 4-year or above"
203748,Lorain County Community College,Assistant Professor,68219,Associate's Colleges: High Transfer-Mixed Traditional/Nontraditional,9350,OH,"Public, 4-year or above"
153825,Loras College,Full Professor,68188,Baccalaureate Colleges: Diverse Fields,1189,IA,"Private not-for-profit, 4-year or above"
153825,Loras College,Assistant Professor,61712,Baccalaureate Colleges: Diverse Fields,1189,IA,"Private not-for-profit, 4-year or above"
159568,Louisiana Christian University,Full Professor,60285,Master's Colleges & Universities: Small Programs,936,LA,"Private not-for-profit, 4-year or above"
159568,Louisiana Christian University,Assistant Professor,52543,Master's Colleges & Universities: Small Programs,936,LA,"Private not-for-profit, 4-year or above"
159373,Louisiana State University Health Sciences Center-New Orleans,Full Professor,130072,Special Focus Four-Year: Medical Schools & Centers,2750,LA,"Public, 4-year or above"
159373,Louisiana State University Health Sciences Center-New Orleans,Assistant Professor,89029,Special Focus Four-Year: Medical Schools & Centers,2750,LA,"Public, 4-year or above"
435000,Louisiana State University Health Sciences Center-Shreveport,Full Professor,87173,Special Focus Four-Year: Medical Schools & Centers,1103,LA,"Public, 4-year or above"
435000,Louisiana State University Health Sciences Center-Shreveport,Assistant Professor,73232,Special Focus Four-Year: Medical Schools & Centers,1103,LA,"Public, 4-year or above"
159391,Louisiana State University and Agricultural & Mechanical College,Full Professor,145739,"Doctoral Universities: Very High Research Activity
",41705,LA,"Public, 4-year or above"
159391,Louisiana State University and Agricultural & Mechanical College,Assistant Professor,93263,"Doctoral Universities: Very High Research Activity
",41705,LA,"Public, 4-year or above"
159382,Louisiana State University-Alexandria,Full Professor,71445,Baccalaureate Colleges: Diverse Fields,6815,LA,"Public, 4-year or above"
159382,Louisiana State University-Alexandria,Assistant Professor,65184,Baccalaureate Colleges: Diverse Fields,6815,LA,"Public, 4-year or above"
159416,Louisiana State University-Shreveport,Full Professor,92664,Master's Colleges & Universities: Larger Programs,10749,LA,"Public, 4-year or above"
159416,Louisiana State University-Shreveport,Assistant Professor,89134,Master's Colleges & Universities: Larger Programs,10749,LA,"Public, 4-year or above"
159647,Louisiana Tech University,Full Professor,109500,"Doctoral Universities: High Research Activity
",11873,LA,"Public, 4-year or above"
159647,Louisiana Tech University,Assistant Professor,79481,"Doctoral Universities: High Research Activity
",11873,LA,"Public, 4-year or above"
157298,Louisville Presbyterian Theological Seminary,Full Professor,68818,Special Focus Four-Year: Faith-Related Institutions,103,KY,"Private not-for-profit, 4-year or above"
203757,Lourdes University,Full Professor,68770,Master's Colleges & Universities: Small Programs,964,OH,"Private not-for-profit, 4-year or above"
203757,Lourdes University,Assistant Professor,53700,Master's Colleges & Universities: Small Programs,964,OH,"Private not-for-profit, 4-year or above"
117946,Loyola Marymount University,Full Professor,162575,"Doctoral Universities: High Research Activity
",10179,CA,"Private not-for-profit, 4-year or above"
117946,Loyola Marymount University,Assistant Professor,96191,"Doctoral Universities: High Research Activity
",10179,CA,"Private not-for-profit, 4-year or above"
146719,Loyola University Chicago,Full Professor,159376,"Doctoral Universities: High Research Activity
",17384,IL,"Private not-for-profit, 4-year or above"
146719,Loyola University Chicago,Assistant Professor,102353,"Doctoral Universities: High Research Activity
",17384,IL,"Private not-for-profit, 4-year or above"
163046,Loyola University Maryland,Full Professor,120955,Master's Colleges & Universities: Larger Programs,4897,MD,"Private not-for-profit, 4-year or above"
163046,Loyola University Maryland,Assistant Professor,65864,Master's Colleges & Universities: Larger Programs,4897,MD,"Private not-for-profit, 4-year or above"
159656,Loyola University New Orleans,Full Professor,113421,"Doctoral/Professional Universities
",4250,LA,"Private not-for-profit, 4-year or above"
159656,Loyola University New Orleans,Assistant Professor,77790,"Doctoral/Professional Universities
",4250,LA,"Private not-for-profit, 4-year or above"
226383,Lubbock Christian University,Full Professor,67346,Master's Colleges & Universities: Medium Programs,1595,TX,"Private not-for-profit, 4-year or above"
226383,Lubbock Christian University,Assistant Professor,57248,Master's Colleges & Universities: Medium Programs,1595,TX,"Private not-for-profit, 4-year or above"
153834,Luther College,Full Professor,83410,Baccalaureate Colleges: Arts & Sciences Focus,1384,IA,"Private not-for-profit, 4-year or above"
153834,Luther College,Assistant Professor,61069,Baccalaureate Colleges: Arts & Sciences Focus,1384,IA,"Private not-for-profit, 4-year or above"
135364,Luther Rice College & Seminary,Full Professor,49886,Special Focus Four-Year: Faith-Related Institutions,508,GA,"Private not-for-profit, 4-year or above"
135364,Luther Rice College & Seminary,Assistant Professor,24863,Special Focus Four-Year: Faith-Related Institutions,508,GA,"Private not-for-profit, 4-year or above"
173896,Luther Seminary,Full Professor,74224,Special Focus Four-Year: Faith-Related Institutions,371,MN,"Private not-for-profit, 4-year or above"
173896,Luther Seminary,Assistant Professor,50268,Special Focus Four-Year: Faith-Related Institutions,371,MN,"Private not-for-profit, 4-year or above"
146728,Lutheran School of Theology at Chicago,Full Professor,70411,Special Focus Four-Year: Faith-Related Institutions,101,IL,"Private not-for-profit, 4-year or above"
146728,Lutheran School of Theology at Chicago,Assistant Professor,59019,Special Focus Four-Year: Faith-Related Institutions,101,IL,"Private not-for-profit, 4-year or above"
213668,Lycoming College,Full Professor,95703,Baccalaureate Colleges: Arts & Sciences Focus,1012,PA,"Private not-for-profit, 4-year or above"
213668,Lycoming College,Assistant Professor,65269,Baccalaureate Colleges: Arts & Sciences Focus,1012,PA,"Private not-for-profit, 4-year or above"
132657,Lynn University,Full Professor,76844,Master's Colleges & Universities: Larger Programs,3514,FL,"Private not-for-profit, 4-year or above"
132657,Lynn University,Assistant Professor,51078,Master's Colleges & Universities: Larger Programs,3514,FL,"Private not-for-profit, 4-year or above"
106342,Lyon College,Full Professor,65315,Baccalaureate Colleges: Arts & Sciences Focus,659,AR,"Private not-for-profit, 4-year or above"
106342,Lyon College,Assistant Professor,53388,Baccalaureate Colleges: Arts & Sciences Focus,659,AR,"Private not-for-profit, 4-year or above"
166656,MCPHS University,Full Professor,133940,Special Focus Four-Year: Other Health Professions Schools,5945,MA,"Private not-for-profit, 4-year or above"
166656,MCPHS University,Assistant Professor,91592,Special Focus Four-Year: Other Health Professions Schools,5945,MA,"Private not-for-profit, 4-year or above"
166869,MGH Institute of Health Professions,Full Professor,139225,Special Focus Four-Year: Other Health Professions Schools,1672,MA,"Private not-for-profit, 4-year or above"
166869,MGH Institute of Health Professions,Assistant Professor,87199,Special Focus Four-Year: Other Health Professions Schools,1672,MA,"Private not-for-profit, 4-year or above"
173902,Macalester College,Full Professor,137679,Baccalaureate Colleges: Arts & Sciences Focus,2138,MN,"Private not-for-profit, 4-year or above"
173902,Macalester College,Assistant Professor,86482,Baccalaureate Colleges: Arts & Sciences Focus,2138,MN,"Private not-for-profit, 4-year or above"
170806,Madonna University,Full Professor,71766,Master's Colleges & Universities: Medium Programs,2124,MI,"Private not-for-profit, 4-year or above"
170806,Madonna University,Assistant Professor,67062,Master's Colleges & Universities: Medium Programs,2124,MI,"Private not-for-profit, 4-year or above"
153861,Maharishi International University,Full Professor,45058,Master's Colleges & Universities: Larger Programs,2592,IA,"Private not-for-profit, 4-year or above"
153861,Maharishi International University,Assistant Professor,38023,Master's Colleges & Universities: Larger Programs,2592,IA,"Private not-for-profit, 4-year or above"
161509,Maine College of Art & Design,Full Professor,74614,"Special Focus Four-Year: Arts, Music & Design Schools",475,ME,"Private not-for-profit, 4-year or above"
161509,Maine College of Art & Design,Assistant Professor,57823,"Special Focus Four-Year: Arts, Music & Design Schools",475,ME,"Private not-for-profit, 4-year or above"
161022,Maine College of Health Professions,Full Professor,65316,Special Focus Four-Year: Other Health Professions Schools,239,ME,"Private not-for-profit, 4-year or above"
161022,Maine College of Health Professions,Assistant Professor,54499,Special Focus Four-Year: Other Health Professions Schools,239,ME,"Private not-for-profit, 4-year or above"
203775,Malone University,Full Professor,70351,Master's Colleges & Universities: Medium Programs,1256,OH,"Private not-for-profit, 4-year or above"
203775,Malone University,Assistant Professor,54477,Master's Colleges & Universities: Medium Programs,1256,OH,"Private not-for-profit, 4-year or above"
151777,Manchester University,Full Professor,83038,Master's Colleges & Universities: Small Programs,1276,IN,"Private not-for-profit, 4-year or above"
151777,Manchester University,Assistant Professor,62015,Master's Colleges & Universities: Small Programs,1276,IN,"Private not-for-profit, 4-year or above"
155496,Manhattan Christian College,Full Professor,51939,Special Focus Four-Year: Faith-Related Institutions,160,KS,"Private not-for-profit, 4-year or above"
155496,Manhattan Christian College,Assistant Professor,40185,Special Focus Four-Year: Faith-Related Institutions,160,KS,"Private not-for-profit, 4-year or above"
192703,Manhattan College,Full Professor,128524,Master's Colleges & Universities: Larger Programs,3225,NY,"Private not-for-profit, 4-year or above"
192703,Manhattan College,Assistant Professor,92354,Master's Colleges & Universities: Larger Programs,3225,NY,"Private not-for-profit, 4-year or above"
192749,Manhattanville College,Full Professor,97571,Master's Colleges & Universities: Larger Programs,2512,NY,"Private not-for-profit, 4-year or above"
192749,Manhattanville College,Assistant Professor,62766,Master's Colleges & Universities: Larger Programs,2512,NY,"Private not-for-profit, 4-year or above"
461528,Manna University,Full Professor,9482,Baccalaureate Colleges: Diverse Fields,268,NC,"Private not-for-profit, 4-year or above"
213774,Manor College,Full Professor,54627,Baccalaureate/Associate's Colleges: Associate's Dominant,567,PA,"Private not-for-profit, 4-year or above"
213774,Manor College,Assistant Professor,48956,Baccalaureate/Associate's Colleges: Associate's Dominant,567,PA,"Private not-for-profit, 4-year or above"
239071,Maranatha Baptist University,Full Professor,48860,Master's Colleges & Universities: Small Programs,960,WI,"Private not-for-profit, 4-year or above"
239071,Maranatha Baptist University,Assistant Professor,36716,Master's Colleges & Universities: Small Programs,960,WI,"Private not-for-profit, 4-year or above"
192785,Maria College of Albany,Full Professor,80362,Special Focus Four-Year: Other Health Professions Schools,722,NY,"Private not-for-profit, 4-year or above"
192785,Maria College of Albany,Assistant Professor,67138,Special Focus Four-Year: Other Health Professions Schools,722,NY,"Private not-for-profit, 4-year or above"
151786,Marian University,Full Professor,80185,"Doctoral/Professional Universities
",3486,IN,"Private not-for-profit, 4-year or above"
239080,Marian University,Full Professor,91865,Master's Colleges & Universities: Medium Programs,1246,WI,"Private not-for-profit, 4-year or above"
151786,Marian University,Assistant Professor,66834,"Doctoral/Professional Universities
",3486,IN,"Private not-for-profit, 4-year or above"
239080,Marian University,Assistant Professor,71373,Master's Colleges & Universities: Medium Programs,1246,WI,"Private not-for-profit, 4-year or above"
203845,Marietta College,Full Professor,77709,Baccalaureate Colleges: Diverse Fields,1109,OH,"Private not-for-profit, 4-year or above"
203845,Marietta College,Assistant Professor,61350,Baccalaureate Colleges: Diverse Fields,1109,OH,"Private not-for-profit, 4-year or above"
203881,Marion Technical College,Full Professor,67093,Associate's Colleges: High Career & Technical-High Nontraditional,3346,OH,"Public, 4-year or above"
203881,Marion Technical College,Assistant Professor,57899,Associate's Colleges: High Career & Technical-High Nontraditional,3346,OH,"Public, 4-year or above"
192819,Marist College,Full Professor,130052,Master's Colleges & Universities: Larger Programs,6356,NY,"Private not-for-profit, 4-year or above"
192819,Marist College,Assistant Professor,94016,Master's Colleges & Universities: Larger Programs,6356,NY,"Private not-for-profit, 4-year or above"
239105,Marquette University,Full Professor,135083,"Doctoral Universities: High Research Activity
",11746,WI,"Private not-for-profit, 4-year or above"
239105,Marquette University,Assistant Professor,81228,"Doctoral Universities: High Research Activity
",11746,WI,"Private not-for-profit, 4-year or above"
198899,Mars Hill University,Full Professor,58244,Baccalaureate Colleges: Diverse Fields,1110,NC,"Private not-for-profit, 4-year or above"
198899,Mars Hill University,Assistant Professor,51703,Baccalaureate Colleges: Diverse Fields,1110,NC,"Private not-for-profit, 4-year or above"
123943,Marshall B Ketchum University,Full Professor,113164,Special Focus Four-Year: Other Health Professions Schools,653,CA,"Private not-for-profit, 4-year or above"
123943,Marshall B Ketchum University,Assistant Professor,93851,Special Focus Four-Year: Other Health Professions Schools,653,CA,"Private not-for-profit, 4-year or above"
237525,Marshall University,Full Professor,91346,"Doctoral Universities: High Research Activity
",11958,WV,"Public, 4-year or above"
237525,Marshall University,Assistant Professor,69359,"Doctoral Universities: High Research Activity
",11958,WV,"Public, 4-year or above"
173452,Martin Luther College,Full Professor,45794,Special Focus Four-Year: Other Special Focus Institutions,878,MN,"Private not-for-profit, 4-year or above"
151810,Martin University,Assistant Professor,46125,Baccalaureate Colleges: Arts & Sciences Focus,198,IN,"Private not-for-profit, 4-year or above"
232672,Mary Baldwin University,Full Professor,71310,"Doctoral/Professional Universities
",1772,VA,"Private not-for-profit, 4-year or above"
232672,Mary Baldwin University,Assistant Professor,67786,"Doctoral/Professional Universities
",1772,VA,"Private not-for-profit, 4-year or above"
164085,Maryland University of Integrative Health,Full Professor,28699,Special Focus Four-Year: Other Health Professions Schools,544,MD,"Private not-for-profit, 4-year or above"
164085,Maryland University of Integrative Health,Assistant Professor,33850,Special Focus Four-Year: Other Health Professions Schools,544,MD,"Private not-for-profit, 4-year or above"
192864,Marymount Manhattan College,Full Professor,96518,Baccalaureate Colleges: Arts & Sciences Focus,1601,NY,"Private not-for-profit, 4-year or above"
192864,Marymount Manhattan College,Assistant Professor,64350,Baccalaureate Colleges: Arts & Sciences Focus,1601,NY,"Private not-for-profit, 4-year or above"
232706,Marymount University,Full Professor,99835,"Doctoral/Professional Universities
",4060,VA,"Private not-for-profit, 4-year or above"
232706,Marymount University,Assistant Professor,78399,"Doctoral/Professional Universities
",4060,VA,"Private not-for-profit, 4-year or above"
220710,Maryville College,Full Professor,71542,Baccalaureate Colleges: Arts & Sciences Focus,1136,TN,"Private not-for-profit, 4-year or above"
220710,Maryville College,Assistant Professor,54036,Baccalaureate Colleges: Arts & Sciences Focus,1136,TN,"Private not-for-profit, 4-year or above"
178059,Maryville University of Saint Louis,Full Professor,99898,"Doctoral/Professional Universities
",9261,MO,"Private not-for-profit, 4-year or above"
178059,Maryville University of Saint Louis,Assistant Professor,76825,"Doctoral/Professional Universities
",9261,MO,"Private not-for-profit, 4-year or above"
213826,Marywood University,Full Professor,86911,Master's Colleges & Universities: Larger Programs,2530,PA,"Private not-for-profit, 4-year or above"
213826,Marywood University,Assistant Professor,65763,Master's Colleges & Universities: Larger Programs,2530,PA,"Private not-for-profit, 4-year or above"
166674,Massachusetts College of Art and Design,Full Professor,118239,"Special Focus Four-Year: Arts, Music & Design Schools",1989,MA,"Public, 4-year or above"
166674,Massachusetts College of Art and Design,Assistant Professor,70823,"Special Focus Four-Year: Arts, Music & Design Schools",1989,MA,"Public, 4-year or above"
167288,Massachusetts College of Liberal Arts,Full Professor,108325,Baccalaureate Colleges: Arts & Sciences Focus,896,MA,"Public, 4-year or above"
167288,Massachusetts College of Liberal Arts,Assistant Professor,73527,Baccalaureate Colleges: Arts & Sciences Focus,896,MA,"Public, 4-year or above"
166683,Massachusetts Institute of Technology,Full Professor,294972,"Doctoral Universities: Very High Research Activity
",11886,MA,"Private not-for-profit, 4-year or above"
166683,Massachusetts Institute of Technology,Assistant Professor,165704,"Doctoral Universities: Very High Research Activity
",11886,MA,"Private not-for-profit, 4-year or above"
166692,Massachusetts Maritime Academy,Full Professor,109905,Master's Colleges & Universities: Small Programs,1488,MA,"Public, 4-year or above"
166692,Massachusetts Maritime Academy,Assistant Professor,68852,Master's Colleges & Universities: Small Programs,1488,MA,"Public, 4-year or above"
369002,Massachusetts School of Law,Full Professor,163581,Special Focus Four-Year: Law Schools,273,MA,"Private not-for-profit, 4-year or above"
369002,Massachusetts School of Law,Assistant Professor,80520,Special Focus Four-Year: Law Schools,273,MA,"Private not-for-profit, 4-year or above"
200226,Mayville State University,Full Professor,75372,Baccalaureate Colleges: Diverse Fields,1134,ND,"Public, 4-year or above"
200226,Mayville State University,Assistant Professor,61262,Baccalaureate Colleges: Diverse Fields,1134,ND,"Public, 4-year or above"
146977,McCormick Theological Seminary,Full Professor,81704,Special Focus Four-Year: Faith-Related Institutions,125,IL,"Private not-for-profit, 4-year or above"
146977,McCormick Theological Seminary,Assistant Professor,65092,Special Focus Four-Year: Faith-Related Institutions,125,IL,"Private not-for-profit, 4-year or above"
164270,McDaniel College,Full Professor,92768,Master's Colleges & Universities: Larger Programs,2868,MD,"Private not-for-profit, 4-year or above"
164270,McDaniel College,Assistant Professor,71764,Master's Colleges & Universities: Larger Programs,2868,MD,"Private not-for-profit, 4-year or above"
147013,McKendree University,Full Professor,72949,Master's Colleges & Universities: Medium Programs,2392,IL,"Private not-for-profit, 4-year or above"
147013,McKendree University,Assistant Professor,60287,Master's Colleges & Universities: Medium Programs,2392,IL,"Private not-for-profit, 4-year or above"
226587,McMurry University,Full Professor,76441,Baccalaureate Colleges: Diverse Fields,3175,TX,"Private not-for-profit, 4-year or above"
226587,McMurry University,Assistant Professor,72849,Baccalaureate Colleges: Diverse Fields,3175,TX,"Private not-for-profit, 4-year or above"
159717,McNeese State University,Full Professor,91554,Master's Colleges & Universities: Larger Programs,6241,LA,"Public, 4-year or above"
159717,McNeese State University,Assistant Professor,63957,Master's Colleges & Universities: Larger Programs,6241,LA,"Public, 4-year or above"
155511,McPherson College,Full Professor,75893,Baccalaureate Colleges: Diverse Fields,878,KS,"Private not-for-profit, 4-year or above"
155511,McPherson College,Assistant Professor,62339,Baccalaureate Colleges: Diverse Fields,878,KS,"Private not-for-profit, 4-year or above"
147031,Meadville Theological School of Lombard College,Full Professor,103619,Special Focus Four-Year: Faith-Related Institutions,62,IL,"Private not-for-profit, 4-year or above"
147031,Meadville Theological School of Lombard College,Assistant Professor,62118,Special Focus Four-Year: Faith-Related Institutions,62,IL,"Private not-for-profit, 4-year or above"
218335,Medical University of South Carolina,Full Professor,132703,Special Focus Four-Year: Research Institutions,3246,SC,"Public, 4-year or above"
218335,Medical University of South Carolina,Assistant Professor,89785,Special Focus Four-Year: Research Institutions,3246,SC,"Public, 4-year or above"
220871,Memphis Theological Seminary,Full Professor,52733,Special Focus Four-Year: Faith-Related Institutions,157,TN,"Private not-for-profit, 4-year or above"
220871,Memphis Theological Seminary,Assistant Professor,44921,Special Focus Four-Year: Faith-Related Institutions,157,TN,"Private not-for-profit, 4-year or above"
118693,Menlo College,Full Professor,142313,Special Focus Four-Year: Business & Management Schools,810,CA,"Private not-for-profit, 4-year or above"
118693,Menlo College,Assistant Professor,77264,Special Focus Four-Year: Business & Management Schools,810,CA,"Private not-for-profit, 4-year or above"
140447,Mercer University,Full Professor,101669,"Doctoral Universities: High Research Activity
",9196,GA,"Private not-for-profit, 4-year or above"
140447,Mercer University,Assistant Professor,77300,"Doctoral Universities: High Research Activity
",9196,GA,"Private not-for-profit, 4-year or above"
153977,Mercy College of Health Sciences,Full Professor,70020,Special Focus Four-Year: Other Health Professions Schools,869,IA,"Private not-for-profit, 4-year or above"
153977,Mercy College of Health Sciences,Assistant Professor,56635,Special Focus Four-Year: Other Health Professions Schools,869,IA,"Private not-for-profit, 4-year or above"
203960,Mercy College of Ohio,Full Professor,85297,Special Focus Four-Year: Other Health Professions Schools,1096,OH,"Private not-for-profit, 4-year or above"
203960,Mercy College of Ohio,Assistant Professor,64914,Special Focus Four-Year: Other Health Professions Schools,1096,OH,"Private not-for-profit, 4-year or above"
193016,Mercy University,Full Professor,101995,Master's Colleges & Universities: Larger Programs,8991,NY,"Private not-for-profit, 4-year or above"
193016,Mercy University,Assistant Professor,81556,Master's Colleges & Universities: Larger Programs,8991,NY,"Private not-for-profit, 4-year or above"
213987,Mercyhurst University,Full Professor,82529,Master's Colleges & Universities: Medium Programs,2632,PA,"Private not-for-profit, 4-year or above"
213987,Mercyhurst University,Assistant Professor,57913,Master's Colleges & Universities: Medium Programs,2632,PA,"Private not-for-profit, 4-year or above"
198950,Meredith College,Full Professor,78343,Baccalaureate Colleges: Arts & Sciences Focus,1465,NC,"Private not-for-profit, 4-year or above"
198950,Meredith College,Assistant Professor,61532,Baccalaureate Colleges: Arts & Sciences Focus,1465,NC,"Private not-for-profit, 4-year or above"
166850,Merrimack College,Full Professor,139838,Master's Colleges & Universities: Larger Programs,5862,MA,"Private not-for-profit, 4-year or above"
166850,Merrimack College,Assistant Professor,95412,Master's Colleges & Universities: Larger Programs,5862,MA,"Private not-for-profit, 4-year or above"
193052,Mesivta Torah Vodaath Rabbinical Seminary,Full Professor,22800,Special Focus Four-Year: Faith-Related Institutions,593,NY,"Private not-for-profit, 4-year or above"
193070,Mesivtha Tifereth Jerusalem of America,Full Professor,44555,Special Focus Four-Year: Faith-Related Institutions,72,NY,"Private not-for-profit, 4-year or above"
193070,Mesivtha Tifereth Jerusalem of America,Assistant Professor,28080,Special Focus Four-Year: Faith-Related Institutions,72,NY,"Private not-for-profit, 4-year or above"
417752,Messenger College,Full Professor,18533,Special Focus Four-Year: Faith-Related Institutions,24,TX,"Private not-for-profit, 4-year or above"
213996,Messiah University,Full Professor,96127,Master's Colleges & Universities: Larger Programs,3373,PA,"Private not-for-profit, 4-year or above"
213996,Messiah University,Assistant Professor,70114,Master's Colleges & Universities: Larger Programs,3373,PA,"Private not-for-profit, 4-year or above"
147129,Methodist College,Full Professor,67213,Special Focus Four-Year: Other Health Professions Schools,267,IL,"Private not-for-profit, 4-year or above"
147129,Methodist College,Assistant Professor,67787,Special Focus Four-Year: Other Health Professions Schools,267,IL,"Private not-for-profit, 4-year or above"
203997,Methodist Theological School in Ohio,Full Professor,76004,Special Focus Four-Year: Faith-Related Institutions,186,OH,"Private not-for-profit, 4-year or above"
203997,Methodist Theological School in Ohio,Assistant Professor,60868,Special Focus Four-Year: Faith-Related Institutions,186,OH,"Private not-for-profit, 4-year or above"
198969,Methodist University,Full Professor,92371,Master's Colleges & Universities: Small Programs,1822,NC,"Private not-for-profit, 4-year or above"
198969,Methodist University,Assistant Professor,69536,Master's Colleges & Universities: Small Programs,1822,NC,"Private not-for-profit, 4-year or above"
190114,Metropolitan College of New York,Full Professor,69424,Master's Colleges & Universities: Medium Programs,683,NY,"Private not-for-profit, 4-year or above"
190114,Metropolitan College of New York,Assistant Professor,51762,Master's Colleges & Universities: Medium Programs,683,NY,"Private not-for-profit, 4-year or above"
174020,Metropolitan State University,Full Professor,113690,Master's Colleges & Universities: Medium Programs,6660,MN,"Public, 4-year or above"
174020,Metropolitan State University,Assistant Professor,90975,Master's Colleges & Universities: Medium Programs,6660,MN,"Public, 4-year or above"
127565,Metropolitan State University of Denver,Full Professor,109120,Master's Colleges & Universities: Larger Programs,18453,CO,"Public, 4-year or above"
127565,Metropolitan State University of Denver,Assistant Professor,79757,Master's Colleges & Universities: Larger Programs,18453,CO,"Public, 4-year or above"
135717,Miami Dade College,Full Professor,85998,Baccalaureate/Associate's Colleges: Associate's Dominant,58941,FL,"Public, 4-year or above"
135717,Miami Dade College,Assistant Professor,63811,Baccalaureate/Associate's Colleges: Associate's Dominant,58941,FL,"Public, 4-year or above"
204006,Miami University-Hamilton,Full Professor,109051,Baccalaureate Colleges: Diverse Fields,2480,OH,"Public, 4-year or above"
204006,Miami University-Hamilton,Assistant Professor,70676,Baccalaureate Colleges: Diverse Fields,2480,OH,"Public, 4-year or above"
204015,Miami University-Middletown,Full Professor,105532,Baccalaureate Colleges: Diverse Fields,1190,OH,"Public, 4-year or above"
204015,Miami University-Middletown,Assistant Professor,61822,Baccalaureate Colleges: Diverse Fields,1190,OH,"Public, 4-year or above"
204024,Miami University-Oxford,Full Professor,131457,"Doctoral Universities: High Research Activity
",18838,OH,"Public, 4-year or above"
204024,Miami University-Oxford,Assistant Professor,92884,"Doctoral Universities: High Research Activity
",18838,OH,"Public, 4-year or above"
169220,Michigan School of Psychology,Full Professor,82455,Special Focus Four-Year: Other Health Professions Schools,190,MI,"Private not-for-profit, 4-year or above"
171100,Michigan State University,Full Professor,178665,"Doctoral Universities: Very High Research Activity
",52089,MI,"Public, 4-year or above"
171100,Michigan State University,Assistant Professor,94984,"Doctoral Universities: Very High Research Activity
",52089,MI,"Public, 4-year or above"
171128,Michigan Technological University,Full Professor,136957,"Doctoral Universities: High Research Activity
",7403,MI,"Public, 4-year or above"
171128,Michigan Technological University,Assistant Professor,100221,"Doctoral Universities: High Research Activity
",7403,MI,"Public, 4-year or above"
245953,Mid-America Christian University,Full Professor,57694,Master's Colleges & Universities: Medium Programs,2397,OK,"Private not-for-profit, 4-year or above"
245953,Mid-America Christian University,Assistant Professor,46770,Master's Colleges & Universities: Medium Programs,2397,OK,"Private not-for-profit, 4-year or above"
199458,Mid-Atlantic Christian University,Full Professor,51205,Baccalaureate Colleges: Diverse Fields,140,NC,"Private not-for-profit, 4-year or above"
199458,Mid-Atlantic Christian University,Assistant Professor,43273,Baccalaureate Colleges: Diverse Fields,140,NC,"Private not-for-profit, 4-year or above"
481225,Mid-South Christian College,Full Professor,43667,Special Focus Four-Year: Faith-Related Institutions,32,TN,"Private not-for-profit, 4-year or above"
155520,MidAmerica Nazarene University,Full Professor,69192,Master's Colleges & Universities: Medium Programs,1538,KS,"Private not-for-profit, 4-year or above"
155520,MidAmerica Nazarene University,Assistant Professor,50901,Master's Colleges & Universities: Medium Programs,1538,KS,"Private not-for-profit, 4-year or above"
482158,Middle Georgia State University,Full Professor,90819,Master's Colleges & Universities: Medium Programs,8363,GA,"Public, 4-year or above"
482158,Middle Georgia State University,Assistant Professor,69104,Master's Colleges & Universities: Medium Programs,8363,GA,"Public, 4-year or above"
220996,Middle Tennessee School of Anesthesia Inc,Full Professor,189209,Special Focus Four-Year: Other Health Professions Schools,319,TN,"Private not-for-profit, 4-year or above"
220978,Middle Tennessee State University,Full Professor,111756,"Doctoral Universities: High Research Activity
",20488,TN,"Public, 4-year or above"
220978,Middle Tennessee State University,Assistant Professor,81164,"Doctoral Universities: High Research Activity
",20488,TN,"Public, 4-year or above"
230959,Middlebury College,Full Professor,157032,Baccalaureate Colleges: Arts & Sciences Focus,2803,VT,"Private not-for-profit, 4-year or above"
230959,Middlebury College,Assistant Professor,102691,Baccalaureate Colleges: Arts & Sciences Focus,2803,VT,"Private not-for-profit, 4-year or above"
119058,Middlebury Institute of International Studies at Monterey,Full Professor,122149,Master's Colleges & Universities: Larger Programs,526,CA,"Private not-for-profit, 4-year or above"
119058,Middlebury Institute of International Studies at Monterey,Assistant Professor,89297,Master's Colleges & Universities: Larger Programs,526,CA,"Private not-for-profit, 4-year or above"
226806,Midland College,Full Professor,79190,Baccalaureate/Associate's Colleges: Associate's Dominant,5690,TX,"Public, 4-year or above"
226806,Midland College,Assistant Professor,62984,Baccalaureate/Associate's Colleges: Associate's Dominant,5690,TX,"Public, 4-year or above"
181330,Midland University,Full Professor,64926,Master's Colleges & Universities: Small Programs,1558,NE,"Private not-for-profit, 4-year or above"
181330,Midland University,Assistant Professor,61020,Master's Colleges & Universities: Small Programs,1558,NE,"Private not-for-profit, 4-year or above"
157377,Midway University,Full Professor,75331,Master's Colleges & Universities: Small Programs,2003,KY,"Private not-for-profit, 4-year or above"
157377,Midway University,Assistant Professor,64665,Master's Colleges & Universities: Small Programs,2003,KY,"Private not-for-profit, 4-year or above"
178208,Midwestern Baptist Theological Seminary,Full Professor,90686,Special Focus Four-Year: Faith-Related Institutions,3945,MO,"Private not-for-profit, 4-year or above"
178208,Midwestern Baptist Theological Seminary,Assistant Professor,57581,Special Focus Four-Year: Faith-Related Institutions,3945,MO,"Private not-for-profit, 4-year or above"
226833,Midwestern State University,Full Professor,93036,Master's Colleges & Universities: Larger Programs,5324,TX,"Public, 4-year or above"
226833,Midwestern State University,Assistant Professor,65594,Master's Colleges & Universities: Larger Programs,5324,TX,"Public, 4-year or above"
143853,Midwestern University-Downers Grove,Full Professor,138833,Special Focus Four-Year: Medical Schools & Centers,2567,IL,"Private not-for-profit, 4-year or above"
143853,Midwestern University-Downers Grove,Assistant Professor,121057,Special Focus Four-Year: Medical Schools & Centers,2567,IL,"Private not-for-profit, 4-year or above"
423643,Midwestern University-Glendale,Full Professor,124490,Special Focus Four-Year: Medical Schools & Centers,3738,AZ,"Private not-for-profit, 4-year or above"
423643,Midwestern University-Glendale,Assistant Professor,124617,Special Focus Four-Year: Medical Schools & Centers,3738,AZ,"Private not-for-profit, 4-year or above"
480985,Midwives College of Utah,Full Professor,48269,Special Focus Four-Year: Other Health Professions Schools,239,UT,"Private not-for-profit, 4-year or above"
101675,Miles College,Full Professor,56924,Baccalaureate Colleges: Diverse Fields,1180,AL,"Private not-for-profit, 4-year or above"
101675,Miles College,Assistant Professor,45960,Baccalaureate Colleges: Diverse Fields,1180,AL,"Private not-for-profit, 4-year or above"
214041,Millersville University of Pennsylvania,Full Professor,124232,Master's Colleges & Universities: Larger Programs,6975,PA,"Public, 4-year or above"
214041,Millersville University of Pennsylvania,Assistant Professor,80526,Master's Colleges & Universities: Larger Programs,6975,PA,"Public, 4-year or above"
486901,Milligan University,Full Professor,66310,Master's Colleges & Universities: Medium Programs,1240,TN,"Private not-for-profit, 4-year or above"
486901,Milligan University,Assistant Professor,60859,Master's Colleges & Universities: Medium Programs,1240,TN,"Private not-for-profit, 4-year or above"
147244,Millikin University,Full Professor,71338,Baccalaureate Colleges: Diverse Fields,1586,IL,"Private not-for-profit, 4-year or above"
147244,Millikin University,Assistant Professor,56777,Baccalaureate Colleges: Diverse Fields,1586,IL,"Private not-for-profit, 4-year or above"
175980,Millsaps College,Full Professor,86013,Baccalaureate Colleges: Arts & Sciences Focus,593,MS,"Private not-for-profit, 4-year or above"
175980,Millsaps College,Assistant Professor,71896,Baccalaureate Colleges: Arts & Sciences Focus,593,MS,"Private not-for-profit, 4-year or above"
239309,Milwaukee Institute of Art & Design,Full Professor,69326,"Special Focus Four-Year: Arts, Music & Design Schools",838,WI,"Private not-for-profit, 4-year or above"
239309,Milwaukee Institute of Art & Design,Assistant Professor,49926,"Special Focus Four-Year: Arts, Music & Design Schools",838,WI,"Private not-for-profit, 4-year or above"
239318,Milwaukee School of Engineering,Full Professor,104387,Master's Colleges & Universities: Medium Programs,2953,WI,"Private not-for-profit, 4-year or above"
239318,Milwaukee School of Engineering,Assistant Professor,86556,Master's Colleges & Universities: Medium Programs,2953,WI,"Private not-for-profit, 4-year or above"
484844,Minerva University,Full Professor,123277,"Not applicable, not in Carnegie universe (not accredited or nondegree-granting)",669,CA,"Private not-for-profit, 4-year or above"
484844,Minerva University,Assistant Professor,123487,"Not applicable, not in Carnegie universe (not accredited or nondegree-granting)",669,CA,"Private not-for-profit, 4-year or above"
174127,Minneapolis College of Art and Design,Full Professor,85252,"Special Focus Four-Year: Arts, Music & Design Schools",831,MN,"Private not-for-profit, 4-year or above"
174127,Minneapolis College of Art and Design,Assistant Professor,62138,"Special Focus Four-Year: Arts, Music & Design Schools",831,MN,"Private not-for-profit, 4-year or above"
174358,Minnesota State University Moorhead,Full Professor,107471,Master's Colleges & Universities: Larger Programs,4386,MN,"Public, 4-year or above"
174358,Minnesota State University Moorhead,Assistant Professor,79415,Master's Colleges & Universities: Larger Programs,4386,MN,"Public, 4-year or above"
173920,Minnesota State University-Mankato,Full Professor,115739,Master's Colleges & Universities: Larger Programs,15271,MN,"Public, 4-year or above"
173920,Minnesota State University-Mankato,Assistant Professor,85052,Master's Colleges & Universities: Larger Programs,15271,MN,"Public, 4-year or above"
200253,Minot State University,Full Professor,94010,Master's Colleges & Universities: Medium Programs,2751,ND,"Public, 4-year or above"
200253,Minot State University,Assistant Professor,74725,Master's Colleges & Universities: Medium Programs,2751,ND,"Public, 4-year or above"
193247,Mirrer Yeshiva Cent Institute,Full Professor,38345,Special Focus Four-Year: Faith-Related Institutions,139,NY,"Private not-for-profit, 4-year or above"
193247,Mirrer Yeshiva Cent Institute,Assistant Professor,28250,Special Focus Four-Year: Faith-Related Institutions,139,NY,"Private not-for-profit, 4-year or above"
214069,Misericordia University,Full Professor,99226,"Doctoral/Professional Universities
",2200,PA,"Private not-for-profit, 4-year or above"
214069,Misericordia University,Assistant Professor,67914,"Doctoral/Professional Universities
",2200,PA,"Private not-for-profit, 4-year or above"
176053,Mississippi College,Full Professor,86893,"Doctoral/Professional Universities
",4164,MS,"Private not-for-profit, 4-year or above"
176053,Mississippi College,Assistant Professor,62707,"Doctoral/Professional Universities
",4164,MS,"Private not-for-profit, 4-year or above"
176080,Mississippi State University,Full Professor,125605,"Doctoral Universities: Very High Research Activity
",23150,MS,"Public, 4-year or above"
176080,Mississippi State University,Assistant Professor,84763,"Doctoral Universities: Very High Research Activity
",23150,MS,"Public, 4-year or above"
176035,Mississippi University for Women,Full Professor,72821,Master's Colleges & Universities: Small Programs,2193,MS,"Public, 4-year or above"
176035,Mississippi University for Women,Assistant Professor,54793,Master's Colleges & Universities: Small Programs,2193,MS,"Public, 4-year or above"
176044,Mississippi Valley State University,Full Professor,74040,Master's Colleges & Universities: Small Programs,2205,MS,"Public, 4-year or above"
176044,Mississippi Valley State University,Assistant Professor,59806,Master's Colleges & Universities: Small Programs,2205,MS,"Public, 4-year or above"
178244,Missouri Baptist University,Full Professor,69316,Master's Colleges & Universities: Larger Programs,5699,MO,"Private not-for-profit, 4-year or above"
178244,Missouri Baptist University,Assistant Professor,59675,Master's Colleges & Universities: Larger Programs,5699,MO,"Private not-for-profit, 4-year or above"
178341,Missouri Southern State University,Full Professor,72654,Master's Colleges & Universities: Small Programs,4147,MO,"Public, 4-year or above"
178341,Missouri Southern State University,Assistant Professor,57853,Master's Colleges & Universities: Small Programs,4147,MO,"Public, 4-year or above"
179566,Missouri State University-Springfield,Full Professor,99209,"Doctoral/Professional Universities
",24360,MO,"Public, 4-year or above"
179566,Missouri State University-Springfield,Assistant Professor,77509,"Doctoral/Professional Universities
",24360,MO,"Public, 4-year or above"
178411,Missouri University of Science and Technology,Full Professor,145653,"Doctoral Universities: High Research Activity
",7154,MO,"Public, 4-year or above"
178411,Missouri University of Science and Technology,Assistant Professor,86221,"Doctoral Universities: High Research Activity
",7154,MO,"Public, 4-year or above"
178369,Missouri Valley College,Full Professor,66493,Baccalaureate Colleges: Diverse Fields,1770,MO,"Private not-for-profit, 4-year or above"
178369,Missouri Valley College,Assistant Professor,46085,Baccalaureate Colleges: Diverse Fields,1770,MO,"Private not-for-profit, 4-year or above"
178387,Missouri Western State University,Full Professor,87479,Master's Colleges & Universities: Small Programs,3716,MO,"Public, 4-year or above"
178387,Missouri Western State University,Assistant Professor,66291,Master's Colleges & Universities: Small Programs,3716,MO,"Public, 4-year or above"
129774,Mitchell College,Full Professor,80322,Baccalaureate Colleges: Diverse Fields,442,CT,"Private not-for-profit, 4-year or above"
129774,Mitchell College,Assistant Professor,60578,Baccalaureate Colleges: Diverse Fields,442,CT,"Private not-for-profit, 4-year or above"
175281,Mitchell Hamline School of Law,Full Professor,98895,Special Focus Four-Year: Law Schools,1163,MN,"Private not-for-profit, 4-year or above"
175281,Mitchell Hamline School of Law,Assistant Professor,78594,Special Focus Four-Year: Law Schools,1163,MN,"Private not-for-profit, 4-year or above"
193292,Molloy College,Full Professor,122015,Master's Colleges & Universities: Larger Programs,5005,NY,"Private not-for-profit, 4-year or above"
193292,Molloy College,Assistant Professor,88894,Master's Colleges & Universities: Larger Programs,5005,NY,"Private not-for-profit, 4-year or above"
147341,Monmouth College,Full Professor,70677,Baccalaureate Colleges: Arts & Sciences Focus,713,IL,"Private not-for-profit, 4-year or above"
147341,Monmouth College,Assistant Professor,57641,Baccalaureate Colleges: Arts & Sciences Focus,713,IL,"Private not-for-profit, 4-year or above"
185572,Monmouth University,Full Professor,126610,Master's Colleges & Universities: Larger Programs,4767,NJ,"Private not-for-profit, 4-year or above"
185572,Monmouth University,Assistant Professor,88175,Master's Colleges & Universities: Larger Programs,4767,NJ,"Private not-for-profit, 4-year or above"
180461,Montana State University,Full Professor,115909,"Doctoral Universities: Very High Research Activity
",17135,MT,"Public, 4-year or above"
180461,Montana State University,Assistant Professor,75761,"Doctoral Universities: Very High Research Activity
",17135,MT,"Public, 4-year or above"
180179,Montana State University Billings,Full Professor,91600,Master's Colleges & Universities: Medium Programs,4129,MT,"Public, 4-year or above"
180179,Montana State University Billings,Assistant Professor,64242,Master's Colleges & Universities: Medium Programs,4129,MT,"Public, 4-year or above"
180522,Montana State University-Northern,Full Professor,65191,Baccalaureate Colleges: Diverse Fields,966,MT,"Public, 4-year or above"
180522,Montana State University-Northern,Assistant Professor,48988,Baccalaureate Colleges: Diverse Fields,966,MT,"Public, 4-year or above"
180416,Montana Technological University,Full Professor,98875,Master's Colleges & Universities: Small Programs,1702,MT,"Public, 4-year or above"
180416,Montana Technological University,Assistant Professor,72973,Master's Colleges & Universities: Small Programs,1702,MT,"Public, 4-year or above"
185590,Montclair State University,Full Professor,141811,"Doctoral Universities: High Research Activity
",23375,NJ,"Public, 4-year or above"
185590,Montclair State University,Assistant Professor,96361,"Doctoral Universities: High Research Activity
",23375,NJ,"Public, 4-year or above"
199032,Montreat College,Full Professor,55478,Baccalaureate Colleges: Diverse Fields,962,NC,"Private not-for-profit, 4-year or above"
199032,Montreat College,Assistant Professor,57033,Baccalaureate Colleges: Diverse Fields,962,NC,"Private not-for-profit, 4-year or above"
166911,Montserrat College of Art,Full Professor,64339,Baccalaureate Colleges: Diverse Fields,227,MA,"Private not-for-profit, 4-year or above"
166911,Montserrat College of Art,Assistant Professor,53250,Baccalaureate Colleges: Diverse Fields,227,MA,"Private not-for-profit, 4-year or above"
147369,Moody Bible Institute,Full Professor,94510,Special Focus Four-Year: Faith-Related Institutions,2202,IL,"Private not-for-profit, 4-year or above"
147369,Moody Bible Institute,Assistant Professor,69024,Special Focus Four-Year: Faith-Related Institutions,2202,IL,"Private not-for-profit, 4-year or above"
214148,Moore College of Art and Design,Full Professor,81851,"Special Focus Four-Year: Arts, Music & Design Schools",549,PA,"Private not-for-profit, 4-year or above"
214148,Moore College of Art and Design,Assistant Professor,67397,"Special Focus Four-Year: Arts, Music & Design Schools",549,PA,"Private not-for-profit, 4-year or above"
214157,Moravian University,Full Professor,84788,Master's Colleges & Universities: Small Programs,2745,PA,"Private not-for-profit, 4-year or above"
214157,Moravian University,Assistant Professor,68231,Master's Colleges & Universities: Small Programs,2745,PA,"Private not-for-profit, 4-year or above"
157386,Morehead State University,Full Professor,85268,Master's Colleges & Universities: Larger Programs,8791,KY,"Public, 4-year or above"
157386,Morehead State University,Assistant Professor,68944,Master's Colleges & Universities: Larger Programs,8791,KY,"Public, 4-year or above"
140553,Morehouse College,Full Professor,95347,Baccalaureate Colleges: Arts & Sciences Focus,2847,GA,"Private not-for-profit, 4-year or above"
140553,Morehouse College,Assistant Professor,66356,Baccalaureate Colleges: Arts & Sciences Focus,2847,GA,"Private not-for-profit, 4-year or above"
163453,Morgan State University,Full Professor,142019,"Doctoral Universities: High Research Activity
",10739,MD,"Public, 4-year or above"
163453,Morgan State University,Assistant Professor,95863,"Doctoral Universities: High Research Activity
",10739,MD,"Public, 4-year or above"
154004,Morningside University,Full Professor,78041,Master's Colleges & Universities: Larger Programs,2056,IA,"Private not-for-profit, 4-year or above"
154004,Morningside University,Assistant Professor,65400,Master's Colleges & Universities: Larger Programs,2056,IA,"Private not-for-profit, 4-year or above"
140571,Morris Brown College,Full Professor,55044,"Not applicable, not in Carnegie universe (not accredited or nondegree-granting)",432,GA,"Private not-for-profit, 4-year or above"
218399,Morris College,Full Professor,53889,Baccalaureate Colleges: Diverse Fields,383,SC,"Private not-for-profit, 4-year or above"
218399,Morris College,Assistant Professor,57659,Baccalaureate Colleges: Diverse Fields,383,SC,"Private not-for-profit, 4-year or above"
214166,Mount Aloysius College,Full Professor,79194,Baccalaureate Colleges: Diverse Fields,2955,PA,"Private not-for-profit, 4-year or above"
214166,Mount Aloysius College,Assistant Professor,70749,Baccalaureate Colleges: Diverse Fields,2955,PA,"Private not-for-profit, 4-year or above"
209241,Mount Angel Seminary,Full Professor,91425,Special Focus Four-Year: Faith-Related Institutions,127,OR,"Private not-for-profit, 4-year or above"
209241,Mount Angel Seminary,Assistant Professor,61200,Special Focus Four-Year: Faith-Related Institutions,127,OR,"Private not-for-profit, 4-year or above"
204176,Mount Carmel College of Nursing,Full Professor,97115,Special Focus Four-Year: Other Health Professions Schools,670,OH,"Private not-for-profit, 4-year or above"
204176,Mount Carmel College of Nursing,Assistant Professor,80628,Special Focus Four-Year: Other Health Professions Schools,670,OH,"Private not-for-profit, 4-year or above"
166939,Mount Holyoke College,Full Professor,154948,Baccalaureate Colleges: Arts & Sciences Focus,2275,MA,"Private not-for-profit, 4-year or above"
166939,Mount Holyoke College,Assistant Professor,91950,Baccalaureate Colleges: Arts & Sciences Focus,2275,MA,"Private not-for-profit, 4-year or above"
219198,Mount Marty University,Full Professor,74420,Master's Colleges & Universities: Small Programs,1284,SD,"Private not-for-profit, 4-year or above"
219198,Mount Marty University,Assistant Professor,63041,Master's Colleges & Universities: Small Programs,1284,SD,"Private not-for-profit, 4-year or above"
239390,Mount Mary University,Full Professor,70811,Master's Colleges & Universities: Larger Programs,1182,WI,"Private not-for-profit, 4-year or above"
239390,Mount Mary University,Assistant Professor,58734,Master's Colleges & Universities: Larger Programs,1182,WI,"Private not-for-profit, 4-year or above"
154013,Mount Mercy University,Full Professor,75069,Master's Colleges & Universities: Medium Programs,1417,IA,"Private not-for-profit, 4-year or above"
154013,Mount Mercy University,Assistant Professor,54158,Master's Colleges & Universities: Medium Programs,1417,IA,"Private not-for-profit, 4-year or above"
193353,Mount Saint Mary College,Full Professor,102530,Master's Colleges & Universities: Medium Programs,2491,NY,"Private not-for-profit, 4-year or above"
193353,Mount Saint Mary College,Assistant Professor,77226,Master's Colleges & Universities: Medium Programs,2491,NY,"Private not-for-profit, 4-year or above"
119173,Mount Saint Mary's University,Full Professor,97813,Master's Colleges & Universities: Larger Programs,2312,CA,"Private not-for-profit, 4-year or above"
119173,Mount Saint Mary's University,Assistant Professor,79394,Master's Colleges & Universities: Larger Programs,2312,CA,"Private not-for-profit, 4-year or above"
189282,Mount Sinai Phillips School of Nursing,Full Professor,131250,Special Focus Four-Year: Other Health Professions Schools,311,NY,"Private not-for-profit, 4-year or above"
189282,Mount Sinai Phillips School of Nursing,Assistant Professor,95218,Special Focus Four-Year: Other Health Professions Schools,311,NY,"Private not-for-profit, 4-year or above"
204200,Mount St. Joseph University,Full Professor,87603,"Doctoral/Professional Universities
",2265,OH,"Private not-for-profit, 4-year or above"
204200,Mount St. Joseph University,Assistant Professor,68908,"Doctoral/Professional Universities
",2265,OH,"Private not-for-profit, 4-year or above"
163462,Mount St. Mary's University,Full Professor,81247,Master's Colleges & Universities: Medium Programs,2408,MD,"Private not-for-profit, 4-year or above"
163462,Mount St. Mary's University,Assistant Professor,59936,Master's Colleges & Universities: Medium Programs,2408,MD,"Private not-for-profit, 4-year or above"
204194,Mount Vernon Nazarene University,Full Professor,57235,Master's Colleges & Universities: Medium Programs,1671,OH,"Private not-for-profit, 4-year or above"
204194,Mount Vernon Nazarene University,Assistant Professor,44059,Master's Colleges & Universities: Medium Programs,1671,OH,"Private not-for-profit, 4-year or above"
214175,Muhlenberg College,Full Professor,103563,Baccalaureate Colleges: Arts & Sciences Focus,1788,PA,"Private not-for-profit, 4-year or above"
214175,Muhlenberg College,Assistant Professor,73377,Baccalaureate Colleges: Arts & Sciences Focus,1788,PA,"Private not-for-profit, 4-year or above"
207236,Murray State College,Full Professor,56250,Associate's Colleges: High Transfer-High Traditional,2949,OK,"Public, 4-year or above"
207236,Murray State College,Assistant Professor,46864,Associate's Colleges: High Transfer-High Traditional,2949,OK,"Public, 4-year or above"
157401,Murray State University,Full Professor,88982,Master's Colleges & Universities: Larger Programs,10020,KY,"Public, 4-year or above"
157401,Murray State University,Assistant Professor,69158,Master's Colleges & Universities: Larger Programs,10020,KY,"Public, 4-year or above"
204264,Muskingum University,Full Professor,81414,Master's Colleges & Universities: Small Programs,1751,OH,"Private not-for-profit, 4-year or above"
204264,Muskingum University,Assistant Professor,59908,Master's Colleges & Universities: Small Programs,1751,OH,"Private not-for-profit, 4-year or above"
127653,Naropa University,Full Professor,67422,Master's Colleges & Universities: Medium Programs,1094,CO,"Private not-for-profit, 4-year or above"
127653,Naropa University,Assistant Professor,60191,Master's Colleges & Universities: Medium Programs,1094,CO,"Private not-for-profit, 4-year or above"
239424,Nashotah House,Full Professor,59344,Special Focus Four-Year: Faith-Related Institutions,143,WI,"Private not-for-profit, 4-year or above"
239424,Nashotah House,Assistant Professor,36938,Special Focus Four-Year: Faith-Related Institutions,143,WI,"Private not-for-profit, 4-year or above"
147536,National Louis University,Full Professor,71197,"Doctoral/Professional Universities
",8915,IL,"Private not-for-profit, 4-year or above"
147536,National Louis University,Assistant Professor,59588,"Doctoral/Professional Universities
",8915,IL,"Private not-for-profit, 4-year or above"
119605,National University,Full Professor,93241,Master's Colleges & Universities: Larger Programs,22115,CA,"Private not-for-profit, 4-year or above"
119605,National University,Assistant Professor,74321,Master's Colleges & Universities: Larger Programs,22115,CA,"Private not-for-profit, 4-year or above"
147590,National University of Health Sciences,Full Professor,59504,Special Focus Four-Year: Other Health Professions Schools,511,IL,"Private not-for-profit, 4-year or above"
147590,National University of Health Sciences,Assistant Professor,51549,Special Focus Four-Year: Other Health Professions Schools,511,IL,"Private not-for-profit, 4-year or above"
209296,National University of Natural Medicine,Full Professor,85779,Special Focus Four-Year: Other Health Professions Schools,414,OR,"Private not-for-profit, 4-year or above"
209296,National University of Natural Medicine,Assistant Professor,69259,Special Focus Four-Year: Other Health Professions Schools,414,OR,"Private not-for-profit, 4-year or above"
187596,Navajo Technical University,Full Professor,95247,Tribal Colleges,1704,NM,"Public, 4-year or above"
187596,Navajo Technical University,Assistant Professor,50524,Tribal Colleges,1704,NM,"Public, 4-year or above"
119678,Naval Postgraduate School,Full Professor,152620,Master's Colleges & Universities: Larger Programs,2441,CA,"Public, 4-year or above"
119678,Naval Postgraduate School,Assistant Professor,135579,Master's Colleges & Universities: Larger Programs,2441,CA,"Public, 4-year or above"
227146,Navarro College,Full Professor,68108,Associate's Colleges: Mixed Transfer/Career & Technical-High Traditional,6557,TX,"Public, 4-year or above"
227146,Navarro College,Assistant Professor,50368,Associate's Colleges: Mixed Transfer/Career & Technical-High Traditional,6557,TX,"Public, 4-year or above"
178518,Nazarene Theological Seminary,Full Professor,54034,Special Focus Four-Year: Faith-Related Institutions,168,MO,"Private not-for-profit, 4-year or above"
193584,Nazareth University,Full Professor,89319,Master's Colleges & Universities: Larger Programs,2401,NY,"Private not-for-profit, 4-year or above"
193584,Nazareth University,Assistant Professor,66455,Master's Colleges & Universities: Larger Programs,2401,NY,"Private not-for-profit, 4-year or above"
181297,Nebraska Methodist College of Nursing & Allied Health,Full Professor,74444,Special Focus Four-Year: Other Health Professions Schools,1067,NE,"Private not-for-profit, 4-year or above"
181297,Nebraska Methodist College of Nursing & Allied Health,Assistant Professor,56667,Special Focus Four-Year: Other Health Professions Schools,1067,NE,"Private not-for-profit, 4-year or above"
181446,Nebraska Wesleyan University,Full Professor,74343,Master's Colleges & Universities: Small Programs,1654,NE,"Private not-for-profit, 4-year or above"
181446,Nebraska Wesleyan University,Assistant Professor,50857,Master's Colleges & Universities: Small Programs,1654,NE,"Private not-for-profit, 4-year or above"
228325,Nelson University,Full Professor,63908,Master's Colleges & Universities: Small Programs,1794,TX,"Private not-for-profit, 4-year or above"
228325,Nelson University,Assistant Professor,57794,Master's Colleges & Universities: Small Programs,1794,TX,"Private not-for-profit, 4-year or above"
163532,Ner Israel Rabbinical College,Full Professor,69401,Special Focus Four-Year: Faith-Related Institutions,449,MD,"Private not-for-profit, 4-year or above"
214272,Neumann University,Full Professor,73078,Master's Colleges & Universities: Medium Programs,2244,PA,"Private not-for-profit, 4-year or above"
214272,Neumann University,Assistant Professor,67573,Master's Colleges & Universities: Medium Programs,2244,PA,"Private not-for-profit, 4-year or above"
441900,Nevada State University,Full Professor,128419,Baccalaureate Colleges: Diverse Fields,7549,NV,"Public, 4-year or above"
441900,Nevada State University,Assistant Professor,86929,Baccalaureate Colleges: Diverse Fields,7549,NV,"Public, 4-year or above"
185758,New Brunswick Theological Seminary,Full Professor,65198,Special Focus Four-Year: Faith-Related Institutions,129,NJ,"Private not-for-profit, 4-year or above"
185758,New Brunswick Theological Seminary,Assistant Professor,50733,Special Focus Four-Year: Faith-Related Institutions,129,NJ,"Private not-for-profit, 4-year or above"
262129,New College of Florida,Full Professor,115626,Baccalaureate Colleges: Arts & Sciences Focus,881,FL,"Public, 4-year or above"
262129,New College of Florida,Assistant Professor,79888,Baccalaureate Colleges: Arts & Sciences Focus,881,FL,"Public, 4-year or above"
182980,New England College,Full Professor,77309,Master's Colleges & Universities: Larger Programs,3275,NH,"Private not-for-profit, 4-year or above"
182980,New England College,Assistant Professor,60837,Master's Colleges & Universities: Larger Programs,3275,NH,"Private not-for-profit, 4-year or above"
167093,New England College of Optometry,Full Professor,117516,Special Focus Four-Year: Other Health Professions Schools,515,MA,"Private not-for-profit, 4-year or above"
167093,New England College of Optometry,Assistant Professor,90109,Special Focus Four-Year: Other Health Professions Schools,515,MA,"Private not-for-profit, 4-year or above"
217305,New England Institute of Technology,Full Professor,78455,Master's Colleges & Universities: Small Programs,1922,RI,"Private not-for-profit, 4-year or above"
217305,New England Institute of Technology,Assistant Professor,68800,Master's Colleges & Universities: Small Programs,1922,RI,"Private not-for-profit, 4-year or above"
167215,New England Law-Boston,Full Professor,117702,Special Focus Four-Year: Law Schools,1131,MA,"Private not-for-profit, 4-year or above"
167215,New England Law-Boston,Assistant Professor,97307,Special Focus Four-Year: Law Schools,1131,MA,"Private not-for-profit, 4-year or above"
185129,New Jersey City University,Full Professor,136946,Master's Colleges & Universities: Larger Programs,5429,NJ,"Public, 4-year or above"
185129,New Jersey City University,Assistant Professor,95015,Master's Colleges & Universities: Larger Programs,5429,NJ,"Public, 4-year or above"
185828,New Jersey Institute of Technology,Full Professor,189141,"Doctoral Universities: Very High Research Activity
",13247,NJ,"Public, 4-year or above"
185828,New Jersey Institute of Technology,Assistant Professor,110232,"Doctoral Universities: Very High Research Activity
",13247,NJ,"Public, 4-year or above"
187897,New Mexico Highlands University,Full Professor,95015,Master's Colleges & Universities: Larger Programs,2704,NM,"Public, 4-year or above"
187897,New Mexico Highlands University,Assistant Professor,33969,Master's Colleges & Universities: Larger Programs,2704,NM,"Public, 4-year or above"
187967,New Mexico Institute of Mining and Technology,Full Professor,125556,Master's Colleges & Universities: Small Programs,1622,NM,"Public, 4-year or above"
187967,New Mexico Institute of Mining and Technology,Assistant Professor,82716,Master's Colleges & Universities: Small Programs,1622,NM,"Public, 4-year or above"
188030,New Mexico State University-Main Campus,Full Professor,116559,"Doctoral Universities: High Research Activity
",15408,NM,"Public, 4-year or above"
188030,New Mexico State University-Main Campus,Assistant Professor,78401,"Doctoral Universities: High Research Activity
",15408,NM,"Public, 4-year or above"
159948,New Orleans Baptist Theological Seminary,Full Professor,66235,Special Focus Four-Year: Faith-Related Institutions,2349,LA,"Private not-for-profit, 4-year or above"
159948,New Orleans Baptist Theological Seminary,Assistant Professor,51320,Special Focus Four-Year: Faith-Related Institutions,2349,LA,"Private not-for-profit, 4-year or above"
440396,New Saint Andrews College,Full Professor,53017,Baccalaureate Colleges: Arts & Sciences Focus,413,ID,"Private not-for-profit, 4-year or above"
366368,New York Academy of Art,Full Professor,56250,"Special Focus Four-Year: Arts, Music & Design Schools",106,NY,"Private not-for-profit, 4-year or above"
194073,New York College of Podiatric Medicine,Full Professor,109832,Special Focus Four-Year: Other Health Professions Schools,339,NY,"Private not-for-profit, 4-year or above"
194073,New York College of Podiatric Medicine,Assistant Professor,133875,Special Focus Four-Year: Other Health Professions Schools,339,NY,"Private not-for-profit, 4-year or above"
194091,New York Institute of Technology,Full Professor,159208,Master's Colleges & Universities: Larger Programs,6877,NY,"Private not-for-profit, 4-year or above"
194091,New York Institute of Technology,Assistant Professor,101990,Master's Colleges & Universities: Larger Programs,6877,NY,"Private not-for-profit, 4-year or above"
193821,New York Law School,Full Professor,142624,Special Focus Four-Year: Law Schools,1062,NY,"Private not-for-profit, 4-year or above"
193821,New York Law School,Assistant Professor,92236,Special Focus Four-Year: Law Schools,1062,NY,"Private not-for-profit, 4-year or above"
193830,New York Medical College,Full Professor,72252,Special Focus Four-Year: Medical Schools & Centers,1471,NY,"Private not-for-profit, 4-year or above"
193830,New York Medical College,Assistant Professor,79422,Special Focus Four-Year: Medical Schools & Centers,1471,NY,"Private not-for-profit, 4-year or above"
193900,New York University,Full Professor,277104,"Doctoral Universities: Very High Research Activity
",56832,NY,"Private not-for-profit, 4-year or above"
193900,New York University,Assistant Professor,130842,"Doctoral Universities: Very High Research Activity
",56832,NY,"Private not-for-profit, 4-year or above"
218414,Newberry College,Full Professor,72984,Baccalaureate Colleges: Diverse Fields,1536,SC,"Private not-for-profit, 4-year or above"
218414,Newberry College,Assistant Professor,63153,Baccalaureate Colleges: Diverse Fields,1536,SC,"Private not-for-profit, 4-year or above"
155335,Newman University,Full Professor,61514,Master's Colleges & Universities: Medium Programs,2939,KS,"Private not-for-profit, 4-year or above"
155335,Newman University,Assistant Professor,59376,Master's Colleges & Universities: Medium Programs,2939,KS,"Private not-for-profit, 4-year or above"
193973,Niagara University,Full Professor,99462,Master's Colleges & Universities: Larger Programs,4033,NY,"Private not-for-profit, 4-year or above"
193973,Niagara University,Assistant Professor,84340,Master's Colleges & Universities: Larger Programs,4033,NY,"Private not-for-profit, 4-year or above"
159966,Nicholls State University,Full Professor,83797,Master's Colleges & Universities: Medium Programs,6043,LA,"Public, 4-year or above"
159966,Nicholls State University,Assistant Professor,61381,Master's Colleges & Universities: Medium Programs,6043,LA,"Public, 4-year or above"
167260,Nichols College,Full Professor,102303,Master's Colleges & Universities: Medium Programs,1392,MA,"Private not-for-profit, 4-year or above"
167260,Nichols College,Assistant Professor,85870,Master's Colleges & Universities: Medium Programs,1392,MA,"Private not-for-profit, 4-year or above"
232937,Norfolk State University,Full Professor,99901,Master's Colleges & Universities: Medium Programs,6053,VA,"Public, 4-year or above"
232937,Norfolk State University,Assistant Professor,63569,Master's Colleges & Universities: Medium Programs,6053,VA,"Public, 4-year or above"
461795,North American University,Full Professor,58725,Master's Colleges & Universities: Medium Programs,983,TX,"Private not-for-profit, 4-year or above"
461795,North American University,Assistant Professor,47458,Master's Colleges & Universities: Medium Programs,983,TX,"Private not-for-profit, 4-year or above"
199102,North Carolina A & T State University,Full Professor,121631,"Doctoral Universities: High Research Activity
",14311,NC,"Public, 4-year or above"
199102,North Carolina A & T State University,Assistant Professor,88942,"Doctoral Universities: High Research Activity
",14311,NC,"Public, 4-year or above"
199157,North Carolina Central University,Full Professor,115111,Master's Colleges & Universities: Larger Programs,8579,NC,"Public, 4-year or above"
199157,North Carolina Central University,Assistant Professor,82020,Master's Colleges & Universities: Larger Programs,8579,NC,"Public, 4-year or above"
199193,North Carolina State University at Raleigh,Full Professor,149485,"Doctoral Universities: Very High Research Activity
",38464,NC,"Public, 4-year or above"
199193,North Carolina State University at Raleigh,Assistant Professor,93678,"Doctoral Universities: Very High Research Activity
",38464,NC,"Public, 4-year or above"
199209,North Carolina Wesleyan University,Full Professor,63502,Baccalaureate Colleges: Diverse Fields,1419,NC,"Private not-for-profit, 4-year or above"
199209,North Carolina Wesleyan University,Assistant Professor,56427,Baccalaureate Colleges: Diverse Fields,1419,NC,"Private not-for-profit, 4-year or above"
147660,North Central College,Full Professor,99239,Master's Colleges & Universities: Small Programs,3003,IL,"Private not-for-profit, 4-year or above"
147660,North Central College,Assistant Professor,71519,Master's Colleges & Universities: Small Programs,3003,IL,"Private not-for-profit, 4-year or above"
204422,North Central State College,Assistant Professor,50150,Associate's Colleges: High Career & Technical-High Nontraditional,2553,OH,"Public, 4-year or above"
174437,North Central University,Full Professor,72900,Baccalaureate Colleges: Diverse Fields,852,MN,"Private not-for-profit, 4-year or above"
174437,North Central University,Assistant Professor,54629,Baccalaureate Colleges: Diverse Fields,852,MN,"Private not-for-profit, 4-year or above"
200332,North Dakota State University-Main Campus,Full Professor,119787,"Doctoral Universities: Very High Research Activity
",11952,ND,"Public, 4-year or above"
200332,North Dakota State University-Main Campus,Assistant Professor,82063,"Doctoral Universities: Very High Research Activity
",11952,ND,"Public, 4-year or above"
218441,North Greenville University,Full Professor,59770,Master's Colleges & Universities: Small Programs,2304,SC,"Private not-for-profit, 4-year or above"
218441,North Greenville University,Assistant Professor,58963,Master's Colleges & Universities: Small Programs,2304,SC,"Private not-for-profit, 4-year or above"
147679,North Park University,Full Professor,82596,Master's Colleges & Universities: Larger Programs,2557,IL,"Private not-for-profit, 4-year or above"
147679,North Park University,Assistant Professor,67395,Master's Colleges & Universities: Larger Programs,2557,IL,"Private not-for-profit, 4-year or above"
193751,Northeast College of Health Sciences,Full Professor,73793,Special Focus Four-Year: Other Health Professions Schools,564,NY,"Private not-for-profit, 4-year or above"
193751,Northeast College of Health Sciences,Assistant Professor,66776,Special Focus Four-Year: Other Health Professions Schools,564,NY,"Private not-for-profit, 4-year or above"
204477,Northeast Ohio Medical University,Full Professor,116693,Special Focus Four-Year: Medical Schools & Centers,1029,OH,"Public, 4-year or above"
204477,Northeast Ohio Medical University,Assistant Professor,92886,Special Focus Four-Year: Medical Schools & Centers,1029,OH,"Public, 4-year or above"
147776,Northeastern Illinois University,Full Professor,105973,Master's Colleges & Universities: Larger Programs,5734,IL,"Public, 4-year or above"
147776,Northeastern Illinois University,Assistant Professor,91398,Master's Colleges & Universities: Larger Programs,5734,IL,"Public, 4-year or above"
439817,Northeastern Seminary,Full Professor,75083,Special Focus Four-Year: Faith-Related Institutions,218,NY,"Private not-for-profit, 4-year or above"
439817,Northeastern Seminary,Assistant Professor,57312,Special Focus Four-Year: Faith-Related Institutions,218,NY,"Private not-for-profit, 4-year or above"
207263,Northeastern State University,Full Professor,87189,Master's Colleges & Universities: Larger Programs,6751,OK,"Public, 4-year or above"
207263,Northeastern State University,Assistant Professor,67628,Master's Colleges & Universities: Larger Programs,6751,OK,"Public, 4-year or above"
167358,Northeastern University,Full Professor,190951,"Doctoral Universities: Very High Research Activity
",32553,MA,"Private not-for-profit, 4-year or above"
167358,Northeastern University,Assistant Professor,120046,"Doctoral Universities: Very High Research Activity
",32553,MA,"Private not-for-profit, 4-year or above"
118888,Northeastern University Oakland,Full Professor,148796,Master's Colleges & Universities: Medium Programs,640,CA,"Private not-for-profit, 4-year or above"
118888,Northeastern University Oakland,Assistant Professor,108395,Master's Colleges & Universities: Medium Programs,640,CA,"Private not-for-profit, 4-year or above"
482705,Northeastern University Professional Programs,Full Professor,99036,"Doctoral/Professional Universities
",7411,MA,"Private not-for-profit, 4-year or above"
482705,Northeastern University Professional Programs,Assistant Professor,72544,"Doctoral/Professional Universities
",7411,MA,"Private not-for-profit, 4-year or above"
105330,Northern Arizona University,Full Professor,116587,"Doctoral Universities: High Research Activity
",28467,AZ,"Public, 4-year or above"
105330,Northern Arizona University,Assistant Professor,74783,"Doctoral Universities: High Research Activity
",28467,AZ,"Public, 4-year or above"
147697,Northern Baptist Theological Seminary,Full Professor,77813,Special Focus Four-Year: Faith-Related Institutions,315,IL,"Private not-for-profit, 4-year or above"
147703,Northern Illinois University,Full Professor,129870,"Doctoral Universities: High Research Activity
",15414,IL,"Public, 4-year or above"
147703,Northern Illinois University,Assistant Professor,93860,"Doctoral Universities: High Research Activity
",15414,IL,"Public, 4-year or above"
157447,Northern Kentucky University,Full Professor,102622,"Doctoral/Professional Universities
",15347,KY,"Public, 4-year or above"
157447,Northern Kentucky University,Assistant Professor,86331,"Doctoral/Professional Universities
",15347,KY,"Public, 4-year or above"
240790,Northern Marianas College,Full Professor,49685,Baccalaureate/Associate's Colleges: Mixed Baccalaureate/Associate's,1239,MP,"Public, 4-year or above"
240790,Northern Marianas College,Assistant Professor,43935,Baccalaureate/Associate's Colleges: Mixed Baccalaureate/Associate's,1239,MP,"Public, 4-year or above"
171456,Northern Michigan University,Full Professor,101184,Master's Colleges & Universities: Medium Programs,7409,MI,"Public, 4-year or above"
171456,Northern Michigan University,Assistant Professor,76529,Master's Colleges & Universities: Medium Programs,7409,MI,"Public, 4-year or above"
188058,Northern New Mexico College,Assistant Professor,72294,Baccalaureate/Associate's Colleges: Mixed Baccalaureate/Associate's,1425,NM,"Public, 4-year or above"
219259,Northern State University,Full Professor,99262,Master's Colleges & Universities: Small Programs,3708,SD,"Public, 4-year or above"
219259,Northern State University,Assistant Professor,74287,Master's Colleges & Universities: Small Programs,3708,SD,"Public, 4-year or above"
239512,Northland College,Full Professor,72269,Baccalaureate Colleges: Diverse Fields,286,WI,"Private not-for-profit, 4-year or above"
239512,Northland College,Assistant Professor,52158,Baccalaureate Colleges: Diverse Fields,286,WI,"Private not-for-profit, 4-year or above"
217606,Northpoint Bible College,Full Professor,45938,Special Focus Four-Year: Faith-Related Institutions,122,MA,"Private not-for-profit, 4-year or above"
217606,Northpoint Bible College,Assistant Professor,21113,Special Focus Four-Year: Faith-Related Institutions,122,MA,"Private not-for-profit, 4-year or above"
240657,Northwest College,Full Professor,81373,Associate's Colleges: Mixed Transfer/Career & Technical-Mixed Traditional/Nontraditional,1486,WY,"Public, 4-year or above"
240657,Northwest College,Assistant Professor,69297,Associate's Colleges: Mixed Transfer/Career & Technical-Mixed Traditional/Nontraditional,1486,WY,"Public, 4-year or above"
136233,Northwest Florida State College,Full Professor,67821,Baccalaureate/Associate's Colleges: Mixed Baccalaureate/Associate's,4752,FL,"Public, 4-year or above"
136233,Northwest Florida State College,Assistant Professor,58843,Baccalaureate/Associate's Colleges: Mixed Baccalaureate/Associate's,4752,FL,"Public, 4-year or above"
178624,Northwest Missouri State University,Full Professor,92709,Master's Colleges & Universities: Larger Programs,9152,MO,"Public, 4-year or above"
178624,Northwest Missouri State University,Assistant Professor,69965,Master's Colleges & Universities: Larger Programs,9152,MO,"Public, 4-year or above"
142461,Northwest Nazarene University,Full Professor,66659,Master's Colleges & Universities: Larger Programs,1635,ID,"Private not-for-profit, 4-year or above"
142461,Northwest Nazarene University,Assistant Professor,51674,Master's Colleges & Universities: Larger Programs,1635,ID,"Private not-for-profit, 4-year or above"
236133,Northwest University,Full Professor,84009,Master's Colleges & Universities: Medium Programs,1053,WA,"Private not-for-profit, 4-year or above"
236133,Northwest University,Assistant Professor,75422,Master's Colleges & Universities: Medium Programs,1053,WA,"Private not-for-profit, 4-year or above"
420398,Northwest Vista College,Full Professor,82117,Associate's Colleges: High Transfer-Mixed Traditional/Nontraditional,20060,TX,"Public, 4-year or above"
420398,Northwest Vista College,Assistant Professor,68574,Associate's Colleges: High Transfer-Mixed Traditional/Nontraditional,20060,TX,"Public, 4-year or above"
154101,Northwestern College,Full Professor,77405,Master's Colleges & Universities: Medium Programs,1705,IA,"Private not-for-profit, 4-year or above"
154101,Northwestern College,Assistant Professor,58574,Master's Colleges & Universities: Medium Programs,1705,IA,"Private not-for-profit, 4-year or above"
174507,Northwestern Health Sciences University,Full Professor,82743,Special Focus Four-Year: Other Health Professions Schools,1101,MN,"Private not-for-profit, 4-year or above"
174507,Northwestern Health Sciences University,Assistant Professor,61602,Special Focus Four-Year: Other Health Professions Schools,1101,MN,"Private not-for-profit, 4-year or above"
207306,Northwestern Oklahoma State University,Full Professor,80585,Master's Colleges & Universities: Small Programs,2079,OK,"Public, 4-year or above"
207306,Northwestern Oklahoma State University,Assistant Professor,62426,Master's Colleges & Universities: Small Programs,2079,OK,"Public, 4-year or above"
160038,Northwestern State University of Louisiana,Full Professor,77259,Master's Colleges & Universities: Larger Programs,8523,LA,"Public, 4-year or above"
160038,Northwestern State University of Louisiana,Assistant Professor,60836,Master's Colleges & Universities: Larger Programs,8523,LA,"Public, 4-year or above"
147767,Northwestern University,Full Professor,240495,"Doctoral Universities: Very High Research Activity
",23856,IL,"Private not-for-profit, 4-year or above"
147767,Northwestern University,Assistant Professor,119619,"Doctoral Universities: Very High Research Activity
",23856,IL,"Private not-for-profit, 4-year or above"
171492,Northwood University,Full Professor,100179,Special Focus Four-Year: Business & Management Schools,2409,MI,"Private not-for-profit, 4-year or above"
171492,Northwood University,Assistant Professor,82950,Special Focus Four-Year: Business & Management Schools,2409,MI,"Private not-for-profit, 4-year or above"
230995,Norwich University,Full Professor,93412,Master's Colleges & Universities: Larger Programs,3149,VT,"Private not-for-profit, 4-year or above"
230995,Norwich University,Assistant Professor,69244,Master's Colleges & Universities: Larger Programs,3149,VT,"Private not-for-profit, 4-year or above"
120184,Notre Dame de Namur University,Full Professor,87963,Master's Colleges & Universities: Medium Programs,306,CA,"Private not-for-profit, 4-year or above"
120184,Notre Dame de Namur University,Assistant Professor,70404,Master's Colleges & Universities: Medium Programs,306,CA,"Private not-for-profit, 4-year or above"
163578,Notre Dame of Maryland University,Full Professor,84306,Master's Colleges & Universities: Larger Programs,1788,MD,"Private not-for-profit, 4-year or above"
163578,Notre Dame of Maryland University,Assistant Professor,66022,Master's Colleges & Universities: Larger Programs,1788,MD,"Private not-for-profit, 4-year or above"
136215,Nova Southeastern University,Full Professor,126294,"Doctoral Universities: High Research Activity
",20910,FL,"Private not-for-profit, 4-year or above"
136215,Nova Southeastern University,Assistant Professor,82291,"Doctoral Universities: High Research Activity
",20910,FL,"Private not-for-profit, 4-year or above"
495059,Oak Valley College,Full Professor,67500,Special Focus Four-Year: Business & Management Schools,75,CA,"Private not-for-profit, 4-year or above"
152099,Oakland City University,Full Professor,68001,"Doctoral/Professional Universities
",640,IN,"Private not-for-profit, 4-year or above"
152099,Oakland City University,Assistant Professor,49417,"Doctoral/Professional Universities
",640,IN,"Private not-for-profit, 4-year or above"
171571,Oakland University,Full Professor,119290,"Doctoral Universities: High Research Activity
",15768,MI,"Public, 4-year or above"
171571,Oakland University,Assistant Professor,78502,"Doctoral Universities: High Research Activity
",15768,MI,"Public, 4-year or above"
101912,Oakwood University,Full Professor,57982,Baccalaureate Colleges: Arts & Sciences Focus,1226,AL,"Private not-for-profit, 4-year or above"
101912,Oakwood University,Assistant Professor,45185,Baccalaureate Colleges: Arts & Sciences Focus,1226,AL,"Private not-for-profit, 4-year or above"
204501,Oberlin College,Full Professor,139073,Baccalaureate Colleges: Arts & Sciences Focus,2909,OH,"Private not-for-profit, 4-year or above"
204501,Oberlin College,Assistant Professor,75728,Baccalaureate Colleges: Arts & Sciences Focus,2909,OH,"Private not-for-profit, 4-year or above"
227289,Oblate School of Theology,Full Professor,57371,Special Focus Four-Year: Faith-Related Institutions,173,TX,"Private not-for-profit, 4-year or above"
227289,Oblate School of Theology,Assistant Professor,50223,Special Focus Four-Year: Faith-Related Institutions,173,TX,"Private not-for-profit, 4-year or above"
120254,Occidental College,Full Professor,148647,Baccalaureate Colleges: Arts & Sciences Focus,1881,CA,"Private not-for-profit, 4-year or above"
120254,Occidental College,Assistant Professor,93493,Baccalaureate Colleges: Arts & Sciences Focus,1881,CA,"Private not-for-profit, 4-year or above"
227304,Odessa College,Full Professor,98300,Associate's Colleges: Mixed Transfer/Career & Technical-High Nontraditional,9981,TX,"Public, 4-year or above"
227304,Odessa College,Assistant Professor,68660,Associate's Colleges: Mixed Transfer/Career & Technical-High Nontraditional,9981,TX,"Public, 4-year or above"
219277,Oglala Lakota College,Full Professor,71734,Tribal Colleges,1188,SD,"Public, 4-year or above"
219277,Oglala Lakota College,Assistant Professor,61603,Tribal Colleges,1188,SD,"Public, 4-year or above"
140696,Oglethorpe University,Full Professor,89731,Baccalaureate Colleges: Arts & Sciences Focus,1425,GA,"Private not-for-profit, 4-year or above"
140696,Oglethorpe University,Assistant Professor,69597,Baccalaureate Colleges: Arts & Sciences Focus,1425,GA,"Private not-for-profit, 4-year or above"
201964,Ohio Christian University,Full Professor,41250,Master's Colleges & Universities: Medium Programs,1431,OH,"Private not-for-profit, 4-year or above"
201964,Ohio Christian University,Assistant Professor,38041,Master's Colleges & Universities: Medium Programs,1431,OH,"Private not-for-profit, 4-year or above"
204617,Ohio Dominican University,Full Professor,76415,Master's Colleges & Universities: Medium Programs,1209,OH,"Private not-for-profit, 4-year or above"
204617,Ohio Dominican University,Assistant Professor,76445,Master's Colleges & Universities: Medium Programs,1209,OH,"Private not-for-profit, 4-year or above"
204635,Ohio Northern University,Full Professor,94851,Baccalaureate Colleges: Diverse Fields,3140,OH,"Private not-for-profit, 4-year or above"
204635,Ohio Northern University,Assistant Professor,72367,Baccalaureate Colleges: Diverse Fields,3140,OH,"Private not-for-profit, 4-year or above"
204671,Ohio State University-Lima Campus,Full Professor,115061,Baccalaureate Colleges: Diverse Fields,723,OH,"Public, 4-year or above"
204671,Ohio State University-Lima Campus,Assistant Professor,78095,Baccalaureate Colleges: Diverse Fields,723,OH,"Public, 4-year or above"
204796,Ohio State University-Main Campus,Full Professor,167266,"Doctoral Universities: Very High Research Activity
",61443,OH,"Public, 4-year or above"
204796,Ohio State University-Main Campus,Assistant Professor,100396,"Doctoral Universities: Very High Research Activity
",61443,OH,"Public, 4-year or above"
204680,Ohio State University-Mansfield Campus,Full Professor,104201,Baccalaureate/Associate's Colleges: Mixed Baccalaureate/Associate's,849,OH,"Public, 4-year or above"
204680,Ohio State University-Mansfield Campus,Assistant Professor,70000,Baccalaureate/Associate's Colleges: Mixed Baccalaureate/Associate's,849,OH,"Public, 4-year or above"
204699,Ohio State University-Marion Campus,Full Professor,118734,Baccalaureate/Associate's Colleges: Mixed Baccalaureate/Associate's,849,OH,"Public, 4-year or above"
204699,Ohio State University-Marion Campus,Assistant Professor,82763,Baccalaureate/Associate's Colleges: Mixed Baccalaureate/Associate's,849,OH,"Public, 4-year or above"
204705,Ohio State University-Newark Campus,Full Professor,121666,Baccalaureate/Associate's Colleges: Mixed Baccalaureate/Associate's,2544,OH,"Public, 4-year or above"
204705,Ohio State University-Newark Campus,Assistant Professor,82096,Baccalaureate/Associate's Colleges: Mixed Baccalaureate/Associate's,2544,OH,"Public, 4-year or above"
204820,Ohio University-Chillicothe Campus,Full Professor,71246,Associate's Colleges: Mixed Transfer/Career & Technical-High Nontraditional,2170,OH,"Public, 4-year or above"
204820,Ohio University-Chillicothe Campus,Assistant Professor,59891,Associate's Colleges: Mixed Transfer/Career & Technical-High Nontraditional,2170,OH,"Public, 4-year or above"
204802,Ohio University-Eastern Campus,Assistant Professor,62420,Associate's Colleges: High Transfer-High Nontraditional,1235,OH,"Public, 4-year or above"
204848,Ohio University-Lancaster Campus,Full Professor,91303,Associate's Colleges: Mixed Transfer/Career & Technical-High Nontraditional,2127,OH,"Public, 4-year or above"
204848,Ohio University-Lancaster Campus,Assistant Professor,62992,Associate's Colleges: Mixed Transfer/Career & Technical-High Nontraditional,2127,OH,"Public, 4-year or above"
204857,Ohio University-Main Campus,Full Professor,108717,"Doctoral Universities: Very High Research Activity
",26323,OH,"Public, 4-year or above"
204857,Ohio University-Main Campus,Assistant Professor,70684,"Doctoral Universities: Very High Research Activity
",26323,OH,"Public, 4-year or above"
204839,Ohio University-Southern Campus,Full Professor,90749,Associate's Colleges: High Career & Technical-High Nontraditional,1716,OH,"Public, 4-year or above"
204839,Ohio University-Southern Campus,Assistant Professor,59011,Associate's Colleges: High Career & Technical-High Nontraditional,1716,OH,"Public, 4-year or above"
204866,Ohio University-Zanesville Campus,Full Professor,92602,Associate's Colleges: Mixed Transfer/Career & Technical-High Nontraditional,2009,OH,"Public, 4-year or above"
204866,Ohio University-Zanesville Campus,Assistant Professor,60013,Associate's Colleges: Mixed Transfer/Career & Technical-High Nontraditional,2009,OH,"Public, 4-year or above"
204909,Ohio Wesleyan University,Full Professor,95227,Baccalaureate Colleges: Arts & Sciences Focus,1525,OH,"Private not-for-profit, 4-year or above"
204909,Ohio Wesleyan University,Assistant Professor,64552,Baccalaureate Colleges: Arts & Sciences Focus,1525,OH,"Private not-for-profit, 4-year or above"
207403,Oklahoma Baptist University,Full Professor,75227,Master's Colleges & Universities: Small Programs,1569,OK,"Private not-for-profit, 4-year or above"
207403,Oklahoma Baptist University,Assistant Professor,99120,Master's Colleges & Universities: Small Programs,1569,OK,"Private not-for-profit, 4-year or above"
207324,Oklahoma Christian University,Full Professor,68731,Master's Colleges & Universities: Medium Programs,2851,OK,"Private not-for-profit, 4-year or above"
207324,Oklahoma Christian University,Assistant Professor,57352,Master's Colleges & Universities: Medium Programs,2851,OK,"Private not-for-profit, 4-year or above"
207458,Oklahoma City University,Full Professor,79434,"Doctoral/Professional Universities
",2966,OK,"Private not-for-profit, 4-year or above"
207458,Oklahoma City University,Assistant Professor,66556,"Doctoral/Professional Universities
",2966,OK,"Private not-for-profit, 4-year or above"
207351,Oklahoma Panhandle State University,Full Professor,58332,Baccalaureate Colleges: Diverse Fields,1021,OK,"Public, 4-year or above"
207351,Oklahoma Panhandle State University,Assistant Professor,47625,Baccalaureate Colleges: Diverse Fields,1021,OK,"Public, 4-year or above"
207388,Oklahoma State University-Main Campus,Full Professor,131740,"Doctoral Universities: Very High Research Activity
",27278,OK,"Public, 4-year or above"
207388,Oklahoma State University-Main Campus,Assistant Professor,86102,"Doctoral Universities: Very High Research Activity
",27278,OK,"Public, 4-year or above"
207397,Oklahoma State University-Oklahoma City,Full Professor,80174,Baccalaureate/Associate's Colleges: Associate's Dominant,3959,OK,"Public, 4-year or above"
207397,Oklahoma State University-Oklahoma City,Assistant Professor,59504,Baccalaureate/Associate's Colleges: Associate's Dominant,3959,OK,"Public, 4-year or above"
206835,Oklahoma Wesleyan University,Full Professor,51216,Master's Colleges & Universities: Small Programs,880,OK,"Private not-for-profit, 4-year or above"
206835,Oklahoma Wesleyan University,Assistant Professor,50457,Master's Colleges & Universities: Small Programs,880,OK,"Private not-for-profit, 4-year or above"
232982,Old Dominion University,Full Professor,138818,"Doctoral Universities: Very High Research Activity
",23743,VA,"Public, 4-year or above"
232982,Old Dominion University,Assistant Professor,84593,"Doctoral Universities: Very High Research Activity
",23743,VA,"Public, 4-year or above"
147828,Olivet Nazarene University,Full Professor,77165,Master's Colleges & Universities: Larger Programs,3339,IL,"Private not-for-profit, 4-year or above"
147828,Olivet Nazarene University,Assistant Professor,56080,Master's Colleges & Universities: Larger Programs,3339,IL,"Private not-for-profit, 4-year or above"
461120,Omega Graduate School,Full Professor,6885,Master's Colleges & Universities: Small Programs,69,TN,"Private not-for-profit, 4-year or above"
207582,Oral Roberts University,Full Professor,83771,Master's Colleges & Universities: Medium Programs,5936,OK,"Private not-for-profit, 4-year or above"
207582,Oral Roberts University,Assistant Professor,61962,Master's Colleges & Universities: Medium Programs,5936,OK,"Private not-for-profit, 4-year or above"
209490,Oregon Health & Science University,Full Professor,186585,Special Focus Four-Year: Research Institutions,2942,OR,"Public, 4-year or above"
209490,Oregon Health & Science University,Assistant Professor,103486,Special Focus Four-Year: Research Institutions,2942,OR,"Public, 4-year or above"
209506,Oregon Institute of Technology,Full Professor,97010,Baccalaureate Colleges: Diverse Fields,5299,OR,"Public, 4-year or above"
209506,Oregon Institute of Technology,Assistant Professor,68431,Baccalaureate Colleges: Diverse Fields,5299,OR,"Public, 4-year or above"
209542,Oregon State University,Full Professor,151573,"Doctoral Universities: Very High Research Activity
",37163,OR,"Public, 4-year or above"
209542,Oregon State University,Assistant Professor,92841,"Doctoral Universities: Very High Research Activity
",37163,OR,"Public, 4-year or above"
120403,Otis College of Art and Design,Full Professor,91059,"Special Focus Four-Year: Arts, Music & Design Schools",1267,CA,"Private not-for-profit, 4-year or above"
120403,Otis College of Art and Design,Assistant Professor,80325,"Special Focus Four-Year: Arts, Music & Design Schools",1267,CA,"Private not-for-profit, 4-year or above"
155636,Ottawa University-Kansas City,Full Professor,65409,Master's Colleges & Universities: Small Programs,528,KS,"Private not-for-profit, 4-year or above"
155636,Ottawa University-Kansas City,Assistant Professor,68946,Master's Colleges & Universities: Small Programs,528,KS,"Private not-for-profit, 4-year or above"
155627,Ottawa University-Ottawa,Full Professor,69656,Baccalaureate Colleges: Diverse Fields,999,KS,"Private not-for-profit, 4-year or above"
155627,Ottawa University-Ottawa,Assistant Professor,58074,Baccalaureate Colleges: Diverse Fields,999,KS,"Private not-for-profit, 4-year or above"
464226,Ottawa University-Surprise,Assistant Professor,59680,Baccalaureate Colleges: Diverse Fields,912,AZ,"Private not-for-profit, 4-year or above"
204936,Otterbein University,Full Professor,85150,Master's Colleges & Universities: Medium Programs,2332,OH,"Private not-for-profit, 4-year or above"
204936,Otterbein University,Assistant Professor,69424,Master's Colleges & Universities: Medium Programs,2332,OH,"Private not-for-profit, 4-year or above"
107512,Ouachita Baptist University,Full Professor,77291,Baccalaureate Colleges: Arts & Sciences Focus,1858,AR,"Private not-for-profit, 4-year or above"
107512,Ouachita Baptist University,Assistant Professor,61831,Baccalaureate Colleges: Arts & Sciences Focus,1858,AR,"Private not-for-profit, 4-year or above"
227331,Our Lady of the Lake University,Full Professor,81717,"Doctoral/Professional Universities
",1968,TX,"Private not-for-profit, 4-year or above"
227331,Our Lady of the Lake University,Assistant Professor,62583,"Doctoral/Professional Universities
",1968,TX,"Private not-for-profit, 4-year or above"
178679,Ozark Christian College,Full Professor,52248,Special Focus Four-Year: Faith-Related Institutions,736,MO,"Private not-for-profit, 4-year or above"
194310,Pace University,Full Professor,151778,"Doctoral/Professional Universities
",13634,NY,"Private not-for-profit, 4-year or above"
194310,Pace University,Assistant Professor,89780,"Doctoral/Professional Universities
",13634,NY,"Private not-for-profit, 4-year or above"
236230,Pacific Lutheran University,Full Professor,85505,Master's Colleges & Universities: Medium Programs,2797,WA,"Private not-for-profit, 4-year or above"
236230,Pacific Lutheran University,Assistant Professor,70613,Master's Colleges & Universities: Medium Programs,2797,WA,"Private not-for-profit, 4-year or above"
209603,Pacific Northwest College of Art,Full Professor,88414,"Not applicable, not in Carnegie universe (not accredited or nondegree-granting)",466,OR,"Private not-for-profit, 4-year or above"
209603,Pacific Northwest College of Art,Assistant Professor,68432,"Not applicable, not in Carnegie universe (not accredited or nondegree-granting)",466,OR,"Private not-for-profit, 4-year or above"
455406,Pacific Northwest University of Health Sciences,Full Professor,129465,Special Focus Four-Year: Medical Schools & Centers,665,WA,"Private not-for-profit, 4-year or above"
455406,Pacific Northwest University of Health Sciences,Assistant Professor,90158,Special Focus Four-Year: Medical Schools & Centers,665,WA,"Private not-for-profit, 4-year or above"
120795,Pacific School of Religion,Full Professor,93715,Special Focus Four-Year: Faith-Related Institutions,124,CA,"Private not-for-profit, 4-year or above"
120795,Pacific School of Religion,Assistant Professor,72192,Special Focus Four-Year: Faith-Related Institutions,124,CA,"Private not-for-profit, 4-year or above"
120838,Pacific States University,Full Professor,21442,Special Focus Four-Year: Business & Management Schools,101,CA,"Private not-for-profit, 4-year or above"
120865,Pacific Union College,Full Professor,66032,Baccalaureate Colleges: Diverse Fields,974,CA,"Private not-for-profit, 4-year or above"
120865,Pacific Union College,Assistant Professor,55449,Baccalaureate Colleges: Diverse Fields,974,CA,"Private not-for-profit, 4-year or above"
209612,Pacific University,Full Professor,90543,"Doctoral/Professional Universities
",3427,OR,"Private not-for-profit, 4-year or above"
209612,Pacific University,Assistant Professor,74521,"Doctoral/Professional Universities
",3427,OR,"Private not-for-profit, 4-year or above"
140720,Paine College,Full Professor,35046,Baccalaureate Colleges: Arts & Sciences Focus,390,GA,"Private not-for-profit, 4-year or above"
140720,Paine College,Assistant Professor,34981,Baccalaureate Colleges: Arts & Sciences Focus,390,GA,"Private not-for-profit, 4-year or above"
136330,Palm Beach Atlantic University,Full Professor,98454,"Doctoral/Professional Universities
",4147,FL,"Private not-for-profit, 4-year or above"
136330,Palm Beach Atlantic University,Assistant Professor,74715,"Doctoral/Professional Universities
",4147,FL,"Private not-for-profit, 4-year or above"
136358,Palm Beach State College,Full Professor,72084,Baccalaureate/Associate's Colleges: Associate's Dominant,25916,FL,"Public, 4-year or above"
136358,Palm Beach State College,Assistant Professor,63380,Baccalaureate/Associate's Colleges: Associate's Dominant,25916,FL,"Public, 4-year or above"
154174,Palmer College of Chiropractic,Full Professor,74418,Special Focus Four-Year: Other Health Professions Schools,2161,IA,"Private not-for-profit, 4-year or above"
154174,Palmer College of Chiropractic,Assistant Professor,51052,Special Focus Four-Year: Other Health Professions Schools,2161,IA,"Private not-for-profit, 4-year or above"
246354,Palo Alto College,Full Professor,88758,Associate's Colleges: High Transfer-High Nontraditional,12395,TX,"Public, 4-year or above"
246354,Palo Alto College,Assistant Professor,73679,Associate's Colleges: High Transfer-High Nontraditional,12395,TX,"Public, 4-year or above"
120698,Palo Alto University,Full Professor,174360,Special Focus Four-Year: Other Health Professions Schools,1065,CA,"Private not-for-profit, 4-year or above"
120698,Palo Alto University,Assistant Professor,126934,Special Focus Four-Year: Other Health Professions Schools,1065,CA,"Private not-for-profit, 4-year or above"
178721,Park University,Full Professor,78869,Master's Colleges & Universities: Larger Programs,5736,MO,"Private not-for-profit, 4-year or above"
178721,Park University,Assistant Professor,52797,Master's Colleges & Universities: Larger Programs,5736,MO,"Private not-for-profit, 4-year or above"
243823,Parker University,Full Professor,82756,Master's Colleges & Universities: Larger Programs,2308,TX,"Private not-for-profit, 4-year or above"
243823,Parker University,Assistant Professor,61849,Master's Colleges & Universities: Larger Programs,2308,TX,"Private not-for-profit, 4-year or above"
136400,Pasco-Hernando State College,Full Professor,63127,Baccalaureate/Associate's Colleges: Mixed Baccalaureate/Associate's,9410,FL,"Public, 4-year or above"
495916,Pathways College,Full Professor,37500,"Not applicable, not in Carnegie universe (not accredited or nondegree-granting)",196,AZ,"Private not-for-profit, 4-year or above"
451927,Patrick Henry College,Full Professor,70770,Baccalaureate Colleges: Arts & Sciences Focus,425,VA,"Private not-for-profit, 4-year or above"
451927,Patrick Henry College,Assistant Professor,56945,Baccalaureate Colleges: Arts & Sciences Focus,425,VA,"Private not-for-profit, 4-year or above"
194392,Paul Smiths College of Arts and Science,Full Professor,64283,Baccalaureate Colleges: Diverse Fields,948,NY,"Private not-for-profit, 4-year or above"
194392,Paul Smiths College of Arts and Science,Assistant Professor,55518,Baccalaureate Colleges: Diverse Fields,948,NY,"Private not-for-profit, 4-year or above"
204990,Payne Theological Seminary,Full Professor,52313,Special Focus Four-Year: Faith-Related Institutions,124,OH,"Private not-for-profit, 4-year or above"
204990,Payne Theological Seminary,Assistant Professor,37500,Special Focus Four-Year: Faith-Related Institutions,124,OH,"Private not-for-profit, 4-year or above"
214883,Peirce College,Full Professor,77453,Baccalaureate Colleges: Diverse Fields,929,PA,"Private not-for-profit, 4-year or above"
214971,Pennsylvania Academy of the Fine Arts,Full Professor,39937,"Special Focus Four-Year: Arts, Music & Design Schools",41,PA,"Private not-for-profit, 4-year or above"
214971,Pennsylvania Academy of the Fine Arts,Assistant Professor,62455,"Special Focus Four-Year: Arts, Music & Design Schools",41,PA,"Private not-for-profit, 4-year or above"
215053,Pennsylvania College of Art and Design,Assistant Professor,40702,"Special Focus Four-Year: Arts, Music & Design Schools",414,PA,"Private not-for-profit, 4-year or above"
366252,Pennsylvania College of Technology,Full Professor,114258,Baccalaureate/Associate's Colleges: Mixed Baccalaureate/Associate's,4575,PA,"Public, 4-year or above"
366252,Pennsylvania College of Technology,Assistant Professor,91465,Baccalaureate/Associate's Colleges: Mixed Baccalaureate/Associate's,4575,PA,"Public, 4-year or above"
214777,Pennsylvania State University-Main Campus,Full Professor,175813,"Doctoral Universities: Very High Research Activity
",50737,PA,"Public, 4-year or above"
214777,Pennsylvania State University-Main Campus,Assistant Professor,113421,"Doctoral Universities: Very High Research Activity
",50737,PA,"Public, 4-year or above"
214801,Pennsylvania State University-Penn State Abington,Full Professor,116757,"Not applicable, not in Carnegie universe (not accredited or nondegree-granting)",2885,PA,"Public, 4-year or above"
214801,Pennsylvania State University-Penn State Abington,Assistant Professor,83565,"Not applicable, not in Carnegie universe (not accredited or nondegree-granting)",2885,PA,"Public, 4-year or above"
214689,Pennsylvania State University-Penn State Altoona,Full Professor,117034,"Not applicable, not in Carnegie universe (not accredited or nondegree-granting)",2371,PA,"Public, 4-year or above"
214689,Pennsylvania State University-Penn State Altoona,Assistant Professor,78393,"Not applicable, not in Carnegie universe (not accredited or nondegree-granting)",2371,PA,"Public, 4-year or above"
214698,Pennsylvania State University-Penn State Beaver,Full Professor,132030,"Not applicable, not in Carnegie universe (not accredited or nondegree-granting)",482,PA,"Public, 4-year or above"
214698,Pennsylvania State University-Penn State Beaver,Assistant Professor,88255,"Not applicable, not in Carnegie universe (not accredited or nondegree-granting)",482,PA,"Public, 4-year or above"
214704,Pennsylvania State University-Penn State Berks,Full Professor,118324,"Not applicable, not in Carnegie universe (not accredited or nondegree-granting)",1884,PA,"Public, 4-year or above"
214704,Pennsylvania State University-Penn State Berks,Assistant Professor,92569,"Not applicable, not in Carnegie universe (not accredited or nondegree-granting)",1884,PA,"Public, 4-year or above"
214731,Pennsylvania State University-Penn State Brandywine,Full Professor,126051,"Not applicable, not in Carnegie universe (not accredited or nondegree-granting)",1236,PA,"Public, 4-year or above"
214731,Pennsylvania State University-Penn State Brandywine,Assistant Professor,91157,"Not applicable, not in Carnegie universe (not accredited or nondegree-granting)",1236,PA,"Public, 4-year or above"
214740,Pennsylvania State University-Penn State DuBois,Full Professor,129036,"Not applicable, not in Carnegie universe (not accredited or nondegree-granting)",350,PA,"Public, 4-year or above"
214740,Pennsylvania State University-Penn State DuBois,Assistant Professor,61160,"Not applicable, not in Carnegie universe (not accredited or nondegree-granting)",350,PA,"Public, 4-year or above"
214591,Pennsylvania State University-Penn State Erie-Behrend College,Full Professor,132151,"Not applicable, not in Carnegie universe (not accredited or nondegree-granting)",3336,PA,"Public, 4-year or above"
214591,Pennsylvania State University-Penn State Erie-Behrend College,Assistant Professor,100048,"Not applicable, not in Carnegie universe (not accredited or nondegree-granting)",3336,PA,"Public, 4-year or above"
214759,Pennsylvania State University-Penn State Fayette- Eberly,Full Professor,108457,"Not applicable, not in Carnegie universe (not accredited or nondegree-granting)",405,PA,"Public, 4-year or above"
214759,Pennsylvania State University-Penn State Fayette- Eberly,Assistant Professor,68340,"Not applicable, not in Carnegie universe (not accredited or nondegree-granting)",405,PA,"Public, 4-year or above"
214607,Pennsylvania State University-Penn State Great Valley,Full Professor,158924,"Not applicable, not in Carnegie universe (not accredited or nondegree-granting)",212,PA,"Public, 4-year or above"
214607,Pennsylvania State University-Penn State Great Valley,Assistant Professor,105836,"Not applicable, not in Carnegie universe (not accredited or nondegree-granting)",212,PA,"Public, 4-year or above"
214786,Pennsylvania State University-Penn State Greater Allegheny,Full Professor,113623,"Not applicable, not in Carnegie universe (not accredited or nondegree-granting)",352,PA,"Public, 4-year or above"
214786,Pennsylvania State University-Penn State Greater Allegheny,Assistant Professor,90353,"Not applicable, not in Carnegie universe (not accredited or nondegree-granting)",352,PA,"Public, 4-year or above"
214713,Pennsylvania State University-Penn State Harrisburg,Full Professor,137718,"Not applicable, not in Carnegie universe (not accredited or nondegree-granting)",4478,PA,"Public, 4-year or above"
214713,Pennsylvania State University-Penn State Harrisburg,Assistant Professor,94740,"Not applicable, not in Carnegie universe (not accredited or nondegree-granting)",4478,PA,"Public, 4-year or above"
214768,Pennsylvania State University-Penn State Hazleton,Full Professor,113051,"Not applicable, not in Carnegie universe (not accredited or nondegree-granting)",502,PA,"Public, 4-year or above"
214768,Pennsylvania State University-Penn State Hazleton,Assistant Professor,82600,"Not applicable, not in Carnegie universe (not accredited or nondegree-granting)",502,PA,"Public, 4-year or above"
214670,Pennsylvania State University-Penn State Lehigh Valley,Full Professor,116278,"Not applicable, not in Carnegie universe (not accredited or nondegree-granting)",867,PA,"Public, 4-year or above"
214670,Pennsylvania State University-Penn State Lehigh Valley,Assistant Professor,79978,"Not applicable, not in Carnegie universe (not accredited or nondegree-granting)",867,PA,"Public, 4-year or above"
214795,Pennsylvania State University-Penn State Mont Alto,Full Professor,100836,"Not applicable, not in Carnegie universe (not accredited or nondegree-granting)",582,PA,"Public, 4-year or above"
214795,Pennsylvania State University-Penn State Mont Alto,Assistant Professor,83205,"Not applicable, not in Carnegie universe (not accredited or nondegree-granting)",582,PA,"Public, 4-year or above"
214625,Pennsylvania State University-Penn State New Kensington,Full Professor,115146,"Not applicable, not in Carnegie universe (not accredited or nondegree-granting)",421,PA,"Public, 4-year or above"
214625,Pennsylvania State University-Penn State New Kensington,Assistant Professor,85969,"Not applicable, not in Carnegie universe (not accredited or nondegree-granting)",421,PA,"Public, 4-year or above"
214810,Pennsylvania State University-Penn State Schuylkill,Full Professor,123717,"Not applicable, not in Carnegie universe (not accredited or nondegree-granting)",624,PA,"Public, 4-year or above"
214810,Pennsylvania State University-Penn State Schuylkill,Assistant Professor,70628,"Not applicable, not in Carnegie universe (not accredited or nondegree-granting)",624,PA,"Public, 4-year or above"
214652,Pennsylvania State University-Penn State Scranton,Full Professor,149688,"Not applicable, not in Carnegie universe (not accredited or nondegree-granting)",800,PA,"Public, 4-year or above"
214652,Pennsylvania State University-Penn State Scranton,Assistant Professor,86730,"Not applicable, not in Carnegie universe (not accredited or nondegree-granting)",800,PA,"Public, 4-year or above"
214634,Pennsylvania State University-Penn State Shenango,Full Professor,119400,"Not applicable, not in Carnegie universe (not accredited or nondegree-granting)",265,PA,"Public, 4-year or above"
214634,Pennsylvania State University-Penn State Shenango,Assistant Professor,90559,"Not applicable, not in Carnegie universe (not accredited or nondegree-granting)",265,PA,"Public, 4-year or above"
214643,Pennsylvania State University-Penn State Wilkes-Barre,Full Professor,123365,"Not applicable, not in Carnegie universe (not accredited or nondegree-granting)",315,PA,"Public, 4-year or above"
214643,Pennsylvania State University-Penn State Wilkes-Barre,Assistant Professor,80375,"Not applicable, not in Carnegie universe (not accredited or nondegree-granting)",315,PA,"Public, 4-year or above"
214829,Pennsylvania State University-Penn State York,Full Professor,128756,"Not applicable, not in Carnegie universe (not accredited or nondegree-granting)",677,PA,"Public, 4-year or above"
214829,Pennsylvania State University-Penn State York,Assistant Professor,82644,"Not applicable, not in Carnegie universe (not accredited or nondegree-granting)",677,PA,"Public, 4-year or above"
498571,Pennsylvania Western University,Full Professor,124167,Master's Colleges & Universities: Larger Programs,10834,PA,"Public, 4-year or above"
498571,Pennsylvania Western University,Assistant Professor,84101,Master's Colleges & Universities: Larger Programs,10834,PA,"Public, 4-year or above"
136473,Pensacola State College,Full Professor,64806,Baccalaureate/Associate's Colleges: Mixed Baccalaureate/Associate's,9491,FL,"Public, 4-year or above"
136473,Pensacola State College,Assistant Professor,52424,Baccalaureate/Associate's Colleges: Mixed Baccalaureate/Associate's,9491,FL,"Public, 4-year or above"
219842,Pentecostal Theological Seminary,Full Professor,70772,Special Focus Four-Year: Faith-Related Institutions,517,TN,"Private not-for-profit, 4-year or above"
219842,Pentecostal Theological Seminary,Assistant Professor,52769,Special Focus Four-Year: Faith-Related Institutions,517,TN,"Private not-for-profit, 4-year or above"
121150,Pepperdine University,Full Professor,166350,"Doctoral/Professional Universities
",8976,CA,"Private not-for-profit, 4-year or above"
121150,Pepperdine University,Assistant Professor,103911,"Doctoral/Professional Universities
",8976,CA,"Private not-for-profit, 4-year or above"
181534,Peru State College,Full Professor,89829,Master's Colleges & Universities: Medium Programs,1492,NE,"Public, 4-year or above"
181534,Peru State College,Assistant Professor,66006,Master's Colleges & Universities: Medium Programs,1492,NE,"Public, 4-year or above"
199306,Pfeiffer University,Full Professor,82081,Master's Colleges & Universities: Medium Programs,889,NC,"Private not-for-profit, 4-year or above"
199306,Pfeiffer University,Assistant Professor,63599,Master's Colleges & Universities: Medium Programs,889,NC,"Private not-for-profit, 4-year or above"
107600,Philander Smith University,Full Professor,66834,Baccalaureate Colleges: Diverse Fields,780,AR,"Private not-for-profit, 4-year or above"
107600,Philander Smith University,Assistant Professor,60982,Baccalaureate Colleges: Diverse Fields,780,AR,"Private not-for-profit, 4-year or above"
414966,Phillips Theological Seminary,Full Professor,82387,Special Focus Four-Year: Faith-Related Institutions,103,OK,"Private not-for-profit, 4-year or above"
414966,Phillips Theological Seminary,Assistant Professor,61671,Special Focus Four-Year: Faith-Related Institutions,103,OK,"Private not-for-profit, 4-year or above"
381459,Phoenix Seminary,Full Professor,72761,Special Focus Four-Year: Faith-Related Institutions,296,AZ,"Private not-for-profit, 4-year or above"
140818,Piedmont University,Full Professor,75130,Master's Colleges & Universities: Larger Programs,1857,GA,"Private not-for-profit, 4-year or above"
140818,Piedmont University,Assistant Professor,63071,Master's Colleges & Universities: Larger Programs,1857,GA,"Private not-for-profit, 4-year or above"
440794,Pillar College,Full Professor,48560,Baccalaureate Colleges: Arts & Sciences Focus,556,NJ,"Private not-for-profit, 4-year or above"
440794,Pillar College,Assistant Professor,42300,Baccalaureate Colleges: Arts & Sciences Focus,556,NJ,"Private not-for-profit, 4-year or above"
155681,Pittsburg State University,Full Professor,85787,Master's Colleges & Universities: Larger Programs,5755,KS,"Public, 4-year or above"
155681,Pittsburg State University,Assistant Professor,61678,Master's Colleges & Universities: Larger Programs,5755,KS,"Public, 4-year or above"
215424,Pittsburgh Theological Seminary,Full Professor,112229,Special Focus Four-Year: Faith-Related Institutions,202,PA,"Private not-for-profit, 4-year or above"
215424,Pittsburgh Theological Seminary,Assistant Professor,64722,Special Focus Four-Year: Faith-Related Institutions,202,PA,"Private not-for-profit, 4-year or above"
121257,Pitzer College,Full Professor,141685,Baccalaureate Colleges: Arts & Sciences Focus,1242,CA,"Private not-for-profit, 4-year or above"
121257,Pitzer College,Assistant Professor,96352,Baccalaureate Colleges: Arts & Sciences Focus,1242,CA,"Private not-for-profit, 4-year or above"
183080,Plymouth State University,Full Professor,99923,Master's Colleges & Universities: Larger Programs,3707,NH,"Public, 4-year or above"
183080,Plymouth State University,Assistant Professor,70609,Master's Colleges & Universities: Larger Programs,3707,NH,"Public, 4-year or above"
121309,Point Loma Nazarene University,Full Professor,120344,Master's Colleges & Universities: Larger Programs,4757,CA,"Private not-for-profit, 4-year or above"
121309,Point Loma Nazarene University,Assistant Professor,79269,Master's Colleges & Universities: Larger Programs,4757,CA,"Private not-for-profit, 4-year or above"
215442,Point Park University,Full Professor,100365,"Doctoral/Professional Universities
",3448,PA,"Private not-for-profit, 4-year or above"
215442,Point Park University,Assistant Professor,68804,"Doctoral/Professional Universities
",3448,PA,"Private not-for-profit, 4-year or above"
138868,Point University,Full Professor,67791,Baccalaureate Colleges: Diverse Fields,2260,GA,"Private not-for-profit, 4-year or above"
138868,Point University,Assistant Professor,47244,Baccalaureate Colleges: Diverse Fields,2260,GA,"Private not-for-profit, 4-year or above"
456481,Polytechnic University of Puerto Rico-Miami,Full Professor,54000,Baccalaureate Colleges: Diverse Fields,32,FL,"Private not-for-profit, 4-year or above"
456490,Polytechnic University of Puerto Rico-Orlando,Full Professor,54000,Baccalaureate Colleges: Diverse Fields,127,FL,"Private not-for-profit, 4-year or above"
121345,Pomona College,Full Professor,183711,Baccalaureate Colleges: Arts & Sciences Focus,1700,CA,"Private not-for-profit, 4-year or above"
121345,Pomona College,Assistant Professor,107364,Baccalaureate Colleges: Arts & Sciences Focus,1700,CA,"Private not-for-profit, 4-year or above"
241395,Pontifical Catholic University of Puerto Rico-Arecibo,Full Professor,47673,"Doctoral/Professional Universities
",640,PR,"Private not-for-profit, 4-year or above"
241395,Pontifical Catholic University of Puerto Rico-Arecibo,Assistant Professor,32559,"Doctoral/Professional Universities
",640,PR,"Private not-for-profit, 4-year or above"
243586,Pontifical Catholic University of Puerto Rico-Mayaguez,Full Professor,48302,Baccalaureate Colleges: Diverse Fields,679,PR,"Private not-for-profit, 4-year or above"
243586,Pontifical Catholic University of Puerto Rico-Mayaguez,Assistant Professor,31993,Baccalaureate Colleges: Diverse Fields,679,PR,"Private not-for-profit, 4-year or above"
241410,Pontifical Catholic University of Puerto Rico-Ponce,Full Professor,51402,"Doctoral/Professional Universities
",5568,PR,"Private not-for-profit, 4-year or above"
241410,Pontifical Catholic University of Puerto Rico-Ponce,Assistant Professor,33253,"Doctoral/Professional Universities
",5568,PR,"Private not-for-profit, 4-year or above"
205027,Pontifical College Josephinum,Full Professor,67855,Baccalaureate Colleges: Arts & Sciences Focus,88,OH,"Private not-for-profit, 4-year or above"
205027,Pontifical College Josephinum,Assistant Professor,46693,Baccalaureate Colleges: Arts & Sciences Focus,88,OH,"Private not-for-profit, 4-year or above"
131405,Pontifical Faculty of the Immaculate Conception at the Dominican House of Studies,Full Professor,62625,Special Focus Four-Year: Faith-Related Institutions,74,DC,"Private not-for-profit, 4-year or above"
131405,Pontifical Faculty of the Immaculate Conception at the Dominican House of Studies,Assistant Professor,45083,Special Focus Four-Year: Faith-Related Institutions,74,DC,"Private not-for-profit, 4-year or above"
455813,Pontifical John Paul II Institute for Studies on Marriage and Family,Full Professor,105538,Special Focus Four-Year: Faith-Related Institutions,65,DC,"Private not-for-profit, 4-year or above"
455813,Pontifical John Paul II Institute for Studies on Marriage and Family,Assistant Professor,65741,Special Focus Four-Year: Faith-Related Institutions,65,DC,"Private not-for-profit, 4-year or above"
209807,Portland State University,Full Professor,134732,"Doctoral Universities: High Research Activity
",19951,OR,"Public, 4-year or above"
209807,Portland State University,Assistant Professor,86263,"Doctoral Universities: High Research Activity
",19951,OR,"Public, 4-year or above"
237701,Potomac State College of West Virginia University,Full Professor,75621,Baccalaureate/Associate's Colleges: Mixed Baccalaureate/Associate's,1077,WV,"Public, 4-year or above"
237701,Potomac State College of West Virginia University,Assistant Professor,55757,Baccalaureate/Associate's Colleges: Mixed Baccalaureate/Associate's,1077,WV,"Public, 4-year or above"
227526,Prairie View A & M University,Full Professor,122734,"Doctoral Universities: High Research Activity
",9922,TX,"Public, 4-year or above"
227526,Prairie View A & M University,Assistant Professor,70887,"Doctoral Universities: High Research Activity
",9922,TX,"Public, 4-year or above"
194578,Pratt Institute-Main,Full Professor,132045,"Special Focus Four-Year: Arts, Music & Design Schools",5356,NY,"Private not-for-profit, 4-year or above"
194578,Pratt Institute-Main,Assistant Professor,88687,"Special Focus Four-Year: Arts, Music & Design Schools",5356,NY,"Private not-for-profit, 4-year or above"
218539,Presbyterian College,Full Professor,74287,Baccalaureate Colleges: Arts & Sciences Focus,1095,SC,"Private not-for-profit, 4-year or above"
218539,Presbyterian College,Assistant Professor,74146,Baccalaureate Colleges: Arts & Sciences Focus,1095,SC,"Private not-for-profit, 4-year or above"
105589,Prescott College,Assistant Professor,42908,Master's Colleges & Universities: Medium Programs,867,AZ,"Private not-for-profit, 4-year or above"
186122,Princeton Theological Seminary,Full Professor,120806,Special Focus Four-Year: Faith-Related Institutions,302,NJ,"Private not-for-profit, 4-year or above"
186122,Princeton Theological Seminary,Assistant Professor,73276,Special Focus Four-Year: Faith-Related Institutions,302,NJ,"Private not-for-profit, 4-year or above"
186131,Princeton University,Full Professor,314734,"Doctoral Universities: Very High Research Activity
",9137,NJ,"Private not-for-profit, 4-year or above"
186131,Princeton University,Assistant Professor,150135,"Doctoral Universities: Very High Research Activity
",9137,NJ,"Private not-for-profit, 4-year or above"
148016,Principia College,Full Professor,95758,Baccalaureate Colleges: Arts & Sciences Focus,339,IL,"Private not-for-profit, 4-year or above"
148016,Principia College,Assistant Professor,74216,Baccalaureate Colleges: Arts & Sciences Focus,339,IL,"Private not-for-profit, 4-year or above"
455770,Providence Christian College,Full Professor,83250,Baccalaureate Colleges: Arts & Sciences Focus,168,CA,"Private not-for-profit, 4-year or above"
455770,Providence Christian College,Assistant Professor,54600,Baccalaureate Colleges: Arts & Sciences Focus,168,CA,"Private not-for-profit, 4-year or above"
217402,Providence College,Full Professor,140511,Master's Colleges & Universities: Larger Programs,4666,RI,"Private not-for-profit, 4-year or above"
217402,Providence College,Assistant Professor,90958,Master's Colleges & Universities: Larger Programs,4666,RI,"Private not-for-profit, 4-year or above"
241766,Puerto Rico Conservatory of Music,Full Professor,47868,"Special Focus Four-Year: Arts, Music & Design Schools",347,PR,"Public, 4-year or above"
241766,Puerto Rico Conservatory of Music,Assistant Professor,41412,"Special Focus Four-Year: Arts, Music & Design Schools",347,PR,"Public, 4-year or above"
151102,Purdue University Fort Wayne,Full Professor,93672,Master's Colleges & Universities: Medium Programs,7206,IN,"Public, 4-year or above"
151102,Purdue University Fort Wayne,Assistant Professor,78728,Master's Colleges & Universities: Medium Programs,7206,IN,"Public, 4-year or above"
490805,Purdue University Northwest,Full Professor,111728,Master's Colleges & Universities: Larger Programs,9051,IN,"Public, 4-year or above"
490805,Purdue University Northwest,Assistant Professor,85676,Master's Colleges & Universities: Larger Programs,9051,IN,"Public, 4-year or above"
243780,Purdue University-Main Campus,Full Professor,170959,"Doctoral Universities: Very High Research Activity
",58658,IN,"Public, 4-year or above"
243780,Purdue University-Main Campus,Assistant Professor,111314,"Doctoral Universities: Very High Research Activity
",58658,IN,"Public, 4-year or above"
199412,Queens University of Charlotte,Full Professor,98154,Master's Colleges & Universities: Larger Programs,1599,NC,"Private not-for-profit, 4-year or above"
199412,Queens University of Charlotte,Assistant Professor,69788,Master's Colleges & Universities: Larger Programs,1599,NC,"Private not-for-profit, 4-year or above"
167525,Quincy College,Full Professor,96691,Associate's Colleges: High Transfer-High Nontraditional,3022,MA,"Public, 4-year or above"
167525,Quincy College,Assistant Professor,77117,Associate's Colleges: High Transfer-High Nontraditional,3022,MA,"Public, 4-year or above"
148131,Quincy University,Full Professor,72538,Baccalaureate Colleges: Diverse Fields,1210,IL,"Private not-for-profit, 4-year or above"
148131,Quincy University,Assistant Professor,55327,Baccalaureate Colleges: Diverse Fields,1210,IL,"Private not-for-profit, 4-year or above"
130226,Quinnipiac University,Full Professor,127323,"Doctoral/Professional Universities
",9424,CT,"Private not-for-profit, 4-year or above"
130226,Quinnipiac University,Assistant Professor,84798,"Doctoral/Professional Universities
",9424,CT,"Private not-for-profit, 4-year or above"
205124,Rabbinical College Telshe,Full Professor,42783,Special Focus Four-Year: Faith-Related Institutions,64,OH,"Private not-for-profit, 4-year or above"
405854,Rabbinical College of Ohr Shimon Yisroel,Full Professor,27379,Special Focus Four-Year: Faith-Related Institutions,232,NY,"Private not-for-profit, 4-year or above"
194763,Rabbinical Seminary of America,Full Professor,21805,Special Focus Four-Year: Faith-Related Institutions,611,NY,"Private not-for-profit, 4-year or above"
194763,Rabbinical Seminary of America,Assistant Professor,23302,Special Focus Four-Year: Faith-Related Institutions,611,NY,"Private not-for-profit, 4-year or above"
233277,Radford University,Full Professor,104974,"Doctoral/Professional Universities
",7812,VA,"Public, 4-year or above"
233277,Radford University,Assistant Professor,83122,"Doctoral/Professional Universities
",7812,VA,"Public, 4-year or above"
186201,Ramapo College of New Jersey,Full Professor,132699,Master's Colleges & Universities: Larger Programs,5981,NJ,"Public, 4-year or above"
186201,Ramapo College of New Jersey,Assistant Professor,90954,Master's Colleges & Universities: Larger Programs,5981,NJ,"Public, 4-year or above"
207157,Randall University,Full Professor,37119,Baccalaureate Colleges: Arts & Sciences Focus,298,OK,"Private not-for-profit, 4-year or above"
207157,Randall University,Assistant Professor,27686,Baccalaureate Colleges: Arts & Sciences Focus,298,OK,"Private not-for-profit, 4-year or above"
233301,Randolph College,Full Professor,92056,Baccalaureate Colleges: Arts & Sciences Focus,816,VA,"Private not-for-profit, 4-year or above"
233301,Randolph College,Assistant Professor,70201,Baccalaureate Colleges: Arts & Sciences Focus,816,VA,"Private not-for-profit, 4-year or above"
233295,Randolph-Macon College,Full Professor,93522,Baccalaureate Colleges: Arts & Sciences Focus,1687,VA,"Private not-for-profit, 4-year or above"
233295,Randolph-Macon College,Assistant Professor,81267,Baccalaureate Colleges: Arts & Sciences Focus,1687,VA,"Private not-for-profit, 4-year or above"
215619,Reconstructionist Rabbinical College,Full Professor,73662,Special Focus Four-Year: Faith-Related Institutions,46,PA,"Private not-for-profit, 4-year or above"
215619,Reconstructionist Rabbinical College,Assistant Professor,47813,Special Focus Four-Year: Faith-Related Institutions,46,PA,"Private not-for-profit, 4-year or above"
497462,Redeemers University North America,Full Professor,52500,"Not applicable, not in Carnegie universe (not accredited or nondegree-granting)",23,TX,"Private not-for-profit, 4-year or above"
209922,Reed College,Full Professor,135844,Baccalaureate Colleges: Arts & Sciences Focus,1358,OR,"Private not-for-profit, 4-year or above"
209922,Reed College,Assistant Professor,88529,Baccalaureate Colleges: Arts & Sciences Focus,1358,OR,"Private not-for-profit, 4-year or above"
490230,Reformed University,Assistant Professor,22500,Special Focus Four-Year: Faith-Related Institutions,294,GA,"Private not-for-profit, 4-year or above"
231651,Regent University,Full Professor,102329,"Doctoral/Professional Universities
",10657,VA,"Private not-for-profit, 4-year or above"
231651,Regent University,Assistant Professor,64318,"Doctoral/Professional Universities
",10657,VA,"Private not-for-profit, 4-year or above"
167598,Regis College,Full Professor,107717,Master's Colleges & Universities: Larger Programs,2517,MA,"Private not-for-profit, 4-year or above"
167598,Regis College,Assistant Professor,74571,Master's Colleges & Universities: Larger Programs,2517,MA,"Private not-for-profit, 4-year or above"
127918,Regis University,Full Professor,99650,"Doctoral/Professional Universities
",4605,CO,"Private not-for-profit, 4-year or above"
127918,Regis University,Assistant Professor,68268,"Doctoral/Professional Universities
",4605,CO,"Private not-for-profit, 4-year or above"
140872,Reinhardt University,Full Professor,64040,Baccalaureate Colleges: Diverse Fields,1233,GA,"Private not-for-profit, 4-year or above"
140872,Reinhardt University,Assistant Professor,52581,Baccalaureate Colleges: Diverse Fields,1233,GA,"Private not-for-profit, 4-year or above"
475033,Relay Graduate School of Education,Full Professor,78706,Special Focus Four-Year: Other Special Focus Institutions,1324,NY,"Private not-for-profit, 4-year or above"
475033,Relay Graduate School of Education,Assistant Professor,59821,Special Focus Four-Year: Other Special Focus Institutions,1324,NY,"Private not-for-profit, 4-year or above"
194824,Rensselaer Polytechnic Institute,Full Professor,168038,"Doctoral Universities: Very High Research Activity
",7040,NY,"Private not-for-profit, 4-year or above"
194824,Rensselaer Polytechnic Institute,Assistant Professor,114895,"Doctoral Universities: Very High Research Activity
",7040,NY,"Private not-for-profit, 4-year or above"
217420,Rhode Island College,Full Professor,121258,Master's Colleges & Universities: Larger Programs,6155,RI,"Public, 4-year or above"
217420,Rhode Island College,Assistant Professor,80613,Master's Colleges & Universities: Larger Programs,6155,RI,"Public, 4-year or above"
217493,Rhode Island School of Design,Full Professor,135567,Master's Colleges & Universities: Larger Programs,2520,RI,"Private not-for-profit, 4-year or above"
217493,Rhode Island School of Design,Assistant Professor,70658,Master's Colleges & Universities: Larger Programs,2520,RI,"Private not-for-profit, 4-year or above"
221351,Rhodes College,Full Professor,106281,Baccalaureate Colleges: Arts & Sciences Focus,1861,TN,"Private not-for-profit, 4-year or above"
221351,Rhodes College,Assistant Professor,68337,Baccalaureate Colleges: Arts & Sciences Focus,1861,TN,"Private not-for-profit, 4-year or above"
227757,Rice University,Full Professor,235266,"Doctoral Universities: Very High Research Activity
",8961,TX,"Private not-for-profit, 4-year or above"
227757,Rice University,Assistant Professor,130801,"Doctoral Universities: Very High Research Activity
",8961,TX,"Private not-for-profit, 4-year or above"
441104,Richmont Graduate University,Full Professor,92054,Special Focus Four-Year: Other Health Professions Schools,329,TN,"Private not-for-profit, 4-year or above"
441104,Richmont Graduate University,Assistant Professor,48668,Special Focus Four-Year: Other Health Professions Schools,329,TN,"Private not-for-profit, 4-year or above"
186283,Rider University,Full Professor,115169,Master's Colleges & Universities: Larger Programs,4003,NJ,"Private not-for-profit, 4-year or above"
186283,Rider University,Assistant Professor,84212,Master's Colleges & Universities: Larger Programs,4003,NJ,"Private not-for-profit, 4-year or above"
239628,Ripon College,Full Professor,84747,Baccalaureate Colleges: Arts & Sciences Focus,709,WI,"Private not-for-profit, 4-year or above"
239628,Ripon College,Assistant Professor,58732,Baccalaureate Colleges: Arts & Sciences Focus,709,WI,"Private not-for-profit, 4-year or above"
233408,Riverside College of Health Careers,Full Professor,98159,Special Focus Two-Year: Health Professions,350,VA,"Private not-for-profit, 4-year or above"
233408,Riverside College of Health Careers,Assistant Professor,74068,Special Focus Two-Year: Health Professions,350,VA,"Private not-for-profit, 4-year or above"
183211,Rivier University,Full Professor,92304,Master's Colleges & Universities: Medium Programs,2777,NH,"Private not-for-profit, 4-year or above"
183211,Rivier University,Assistant Professor,69561,Master's Colleges & Universities: Medium Programs,2777,NH,"Private not-for-profit, 4-year or above"
233426,Roanoke College,Full Professor,82160,Baccalaureate Colleges: Arts & Sciences Focus,1804,VA,"Private not-for-profit, 4-year or above"
233426,Roanoke College,Assistant Professor,67881,Baccalaureate Colleges: Arts & Sciences Focus,1804,VA,"Private not-for-profit, 4-year or above"
215655,Robert Morris University,Full Professor,140895,"Doctoral/Professional Universities
",5275,PA,"Private not-for-profit, 4-year or above"
215655,Robert Morris University,Assistant Professor,98385,"Doctoral/Professional Universities
",5275,PA,"Private not-for-profit, 4-year or above"
194958,Roberts Wesleyan University,Full Professor,73497,Master's Colleges & Universities: Larger Programs,1960,NY,"Private not-for-profit, 4-year or above"
194958,Roberts Wesleyan University,Assistant Professor,57476,Master's Colleges & Universities: Larger Programs,1960,NY,"Private not-for-profit, 4-year or above"
195003,Rochester Institute of Technology,Full Professor,145950,"Doctoral Universities: High Research Activity
",17098,NY,"Private not-for-profit, 4-year or above"
195003,Rochester Institute of Technology,Assistant Professor,94755,"Doctoral Universities: High Research Activity
",17098,NY,"Private not-for-profit, 4-year or above"
170967,Rochester University,Full Professor,60028,Baccalaureate Colleges: Diverse Fields,1193,MI,"Private not-for-profit, 4-year or above"
170967,Rochester University,Assistant Professor,55228,Baccalaureate Colleges: Diverse Fields,1193,MI,"Private not-for-profit, 4-year or above"
148405,Rockford University,Full Professor,62712,Master's Colleges & Universities: Small Programs,1241,IL,"Private not-for-profit, 4-year or above"
148405,Rockford University,Assistant Professor,56956,Master's Colleges & Universities: Small Programs,1241,IL,"Private not-for-profit, 4-year or above"
179043,Rockhurst University,Full Professor,81104,Master's Colleges & Universities: Larger Programs,3577,MO,"Private not-for-profit, 4-year or above"
179043,Rockhurst University,Assistant Professor,69116,Master's Colleges & Universities: Larger Programs,3577,MO,"Private not-for-profit, 4-year or above"
180595,Rocky Mountain College,Full Professor,72529,Master's Colleges & Universities: Small Programs,1032,MT,"Private not-for-profit, 4-year or above"
180595,Rocky Mountain College,Assistant Professor,64038,Master's Colleges & Universities: Small Programs,1032,MT,"Private not-for-profit, 4-year or above"
217518,Roger Williams University,Full Professor,136397,Master's Colleges & Universities: Medium Programs,4350,RI,"Private not-for-profit, 4-year or above"
217518,Roger Williams University,Assistant Professor,94526,Master's Colleges & Universities: Medium Programs,4350,RI,"Private not-for-profit, 4-year or above"
409616,Roger Williams University School of Law,Full Professor,100960,Special Focus Four-Year: Law Schools,484,RI,"Private not-for-profit, 4-year or above"
207661,Rogers State University,Full Professor,67457,Baccalaureate Colleges: Diverse Fields,3272,OK,"Public, 4-year or above"
207661,Rogers State University,Assistant Professor,53343,Baccalaureate Colleges: Diverse Fields,3272,OK,"Public, 4-year or above"
136950,Rollins College,Full Professor,119355,Master's Colleges & Universities: Larger Programs,3046,FL,"Private not-for-profit, 4-year or above"
136950,Rollins College,Assistant Professor,78902,Master's Colleges & Universities: Larger Programs,3046,FL,"Private not-for-profit, 4-year or above"
148487,Roosevelt University,Full Professor,98409,"Doctoral/Professional Universities
",4281,IL,"Private not-for-profit, 4-year or above"
148487,Roosevelt University,Assistant Professor,78673,"Doctoral/Professional Universities
",4281,IL,"Private not-for-profit, 4-year or above"
145558,Rosalind Franklin University of Medicine and Science,Full Professor,123572,Special Focus Four-Year: Medical Schools & Centers,2021,IL,"Private not-for-profit, 4-year or above"
145558,Rosalind Franklin University of Medicine and Science,Assistant Professor,91824,Special Focus Four-Year: Medical Schools & Centers,2021,IL,"Private not-for-profit, 4-year or above"
207670,Rose State College,Full Professor,51306,Associate's Colleges: Mixed Transfer/Career & Technical-High Traditional,7758,OK,"Public, 4-year or above"
152318,Rose-Hulman Institute of Technology,Full Professor,124906,Special Focus Four-Year: Engineering and Other Technology-Related Schools,2334,IN,"Private not-for-profit, 4-year or above"
152318,Rose-Hulman Institute of Technology,Assistant Professor,85112,Special Focus Four-Year: Engineering and Other Technology-Related Schools,2334,IN,"Private not-for-profit, 4-year or above"
445735,Roseman University of Health Sciences,Full Professor,136177,Special Focus Four-Year: Other Health Professions Schools,1367,NV,"Private not-for-profit, 4-year or above"
445735,Roseman University of Health Sciences,Assistant Professor,98707,Special Focus Four-Year: Other Health Professions Schools,1367,NV,"Private not-for-profit, 4-year or above"
215691,Rosemont College,Full Professor,59254,Master's Colleges & Universities: Medium Programs,781,PA,"Private not-for-profit, 4-year or above"
215691,Rosemont College,Assistant Professor,53326,Master's Colleges & Universities: Medium Programs,781,PA,"Private not-for-profit, 4-year or above"
184782,Rowan University,Full Professor,136221,"Doctoral Universities: High Research Activity
",21026,NJ,"Public, 4-year or above"
184782,Rowan University,Assistant Professor,90384,"Doctoral Universities: High Research Activity
",21026,NJ,"Public, 4-year or above"
148511,Rush University,Full Professor,234200,Special Focus Four-Year: Medical Schools & Centers,2769,IL,"Private not-for-profit, 4-year or above"
148511,Rush University,Assistant Professor,106511,Special Focus Four-Year: Medical Schools & Centers,2769,IL,"Private not-for-profit, 4-year or above"
195128,Russell Sage College,Full Professor,68871,"Doctoral/Professional Universities
",2790,NY,"Private not-for-profit, 4-year or above"
195128,Russell Sage College,Assistant Professor,56824,"Doctoral/Professional Universities
",2790,NY,"Private not-for-profit, 4-year or above"
176318,Rust College,Assistant Professor,44725,Baccalaureate Colleges: Arts & Sciences Focus,467,MS,"Private not-for-profit, 4-year or above"
186371,Rutgers University-Camden,Full Professor,171201,"Doctoral Universities: High Research Activity
",5675,NJ,"Public, 4-year or above"
186371,Rutgers University-Camden,Assistant Professor,97890,"Doctoral Universities: High Research Activity
",5675,NJ,"Public, 4-year or above"
186380,Rutgers University-New Brunswick,Full Professor,181538,"Doctoral Universities: Very High Research Activity
",52269,NJ,"Public, 4-year or above"
186380,Rutgers University-New Brunswick,Assistant Professor,94143,"Doctoral Universities: Very High Research Activity
",52269,NJ,"Public, 4-year or above"
186399,Rutgers University-Newark,Full Professor,194358,"Doctoral Universities: High Research Activity
",11315,NJ,"Public, 4-year or above"
186399,Rutgers University-Newark,Assistant Professor,109226,"Doctoral Universities: High Research Activity
",11315,NJ,"Public, 4-year or above"
231068,SIT Graduate Institute,Full Professor,63353,Master's Colleges & Universities: Small Programs,644,VT,"Private not-for-profit, 4-year or above"
447953,SUM Bible College and Theological Seminary,Full Professor,45000,Special Focus Four-Year: Faith-Related Institutions,319,CA,"Private not-for-profit, 4-year or above"
196121,SUNY Brockport,Full Professor,94618,Master's Colleges & Universities: Larger Programs,7482,NY,"Public, 4-year or above"
196121,SUNY Brockport,Assistant Professor,69336,Master's Colleges & Universities: Larger Programs,7482,NY,"Public, 4-year or above"
196130,SUNY Buffalo State University,Full Professor,98841,Master's Colleges & Universities: Larger Programs,6188,NY,"Public, 4-year or above"
196130,SUNY Buffalo State University,Assistant Professor,67673,Master's Colleges & Universities: Larger Programs,6188,NY,"Public, 4-year or above"
196167,SUNY College at Geneseo,Full Professor,98519,Master's Colleges & Universities: Small Programs,3945,NY,"Public, 4-year or above"
196167,SUNY College at Geneseo,Assistant Professor,70103,Master's Colleges & Universities: Small Programs,3945,NY,"Public, 4-year or above"
196200,SUNY College at Potsdam,Full Professor,83959,Master's Colleges & Universities: Medium Programs,2832,NY,"Public, 4-year or above"
196200,SUNY College at Potsdam,Assistant Professor,53556,Master's Colleges & Universities: Medium Programs,2832,NY,"Public, 4-year or above"
196033,SUNY College of Agriculture and Technology at Cobleskill,Full Professor,84662,Baccalaureate Colleges: Diverse Fields,1988,NY,"Public, 4-year or above"
196033,SUNY College of Agriculture and Technology at Cobleskill,Assistant Professor,55745,Baccalaureate Colleges: Diverse Fields,1988,NY,"Public, 4-year or above"
196103,SUNY College of Environmental Science and Forestry,Full Professor,114539,"Doctoral Universities: High Research Activity
",2757,NY,"Public, 4-year or above"
196103,SUNY College of Environmental Science and Forestry,Assistant Professor,72441,"Doctoral Universities: High Research Activity
",2757,NY,"Public, 4-year or above"
196228,SUNY College of Optometry,Full Professor,158269,Special Focus Four-Year: Other Health Professions Schools,400,NY,"Public, 4-year or above"
196228,SUNY College of Optometry,Assistant Professor,96002,Special Focus Four-Year: Other Health Professions Schools,400,NY,"Public, 4-year or above"
196006,SUNY College of Technology at Alfred,Full Professor,86154,Baccalaureate/Associate's Colleges: Mixed Baccalaureate/Associate's,3781,NY,"Public, 4-year or above"
196006,SUNY College of Technology at Alfred,Assistant Professor,58890,Baccalaureate/Associate's Colleges: Mixed Baccalaureate/Associate's,3781,NY,"Public, 4-year or above"
196015,SUNY College of Technology at Canton,Full Professor,94282,Baccalaureate Colleges: Diverse Fields,3459,NY,"Public, 4-year or above"
196015,SUNY College of Technology at Canton,Assistant Professor,66805,Baccalaureate Colleges: Diverse Fields,3459,NY,"Public, 4-year or above"
196024,SUNY College of Technology at Delhi,Full Professor,75543,Baccalaureate Colleges: Diverse Fields,3056,NY,"Public, 4-year or above"
196024,SUNY College of Technology at Delhi,Assistant Professor,54922,Baccalaureate Colleges: Diverse Fields,3056,NY,"Public, 4-year or above"
196255,SUNY Downstate Health Sciences University,Full Professor,122072,Special Focus Four-Year: Medical Schools & Centers,2220,NY,"Public, 4-year or above"
196255,SUNY Downstate Health Sciences University,Assistant Professor,96850,Special Focus Four-Year: Medical Schools & Centers,2220,NY,"Public, 4-year or above"
196291,SUNY Maritime College,Full Professor,102809,Master's Colleges & Universities: Small Programs,1413,NY,"Public, 4-year or above"
196291,SUNY Maritime College,Assistant Professor,71181,Master's Colleges & Universities: Small Programs,1413,NY,"Public, 4-year or above"
196051,SUNY Morrisville,Full Professor,80399,Baccalaureate/Associate's Colleges: Mixed Baccalaureate/Associate's,2186,NY,"Public, 4-year or above"
196051,SUNY Morrisville,Assistant Professor,59000,Baccalaureate/Associate's Colleges: Mixed Baccalaureate/Associate's,2186,NY,"Public, 4-year or above"
196237,SUNY Old Westbury,Full Professor,111757,Master's Colleges & Universities: Medium Programs,4709,NY,"Public, 4-year or above"
196237,SUNY Old Westbury,Assistant Professor,82036,Master's Colleges & Universities: Medium Programs,4709,NY,"Public, 4-year or above"
196185,SUNY Oneonta,Full Professor,87657,Master's Colleges & Universities: Medium Programs,5337,NY,"Public, 4-year or above"
196185,SUNY Oneonta,Assistant Professor,61947,Master's Colleges & Universities: Medium Programs,5337,NY,"Public, 4-year or above"
196112,SUNY Polytechnic Institute,Full Professor,115528,Master's Colleges & Universities: Larger Programs,2733,NY,"Public, 4-year or above"
196112,SUNY Polytechnic Institute,Assistant Professor,84124,Master's Colleges & Universities: Larger Programs,2733,NY,"Public, 4-year or above"
196158,SUNY at Fredonia,Full Professor,93464,Master's Colleges & Universities: Small Programs,3179,NY,"Public, 4-year or above"
196158,SUNY at Fredonia,Assistant Professor,61457,Master's Colleges & Universities: Small Programs,3179,NY,"Public, 4-year or above"
196219,SUNY at Purchase College,Full Professor,99592,Baccalaureate Colleges: Arts & Sciences Focus,3333,NY,"Public, 4-year or above"
196219,SUNY at Purchase College,Assistant Professor,60749,Baccalaureate Colleges: Arts & Sciences Focus,3333,NY,"Public, 4-year or above"
172033,Sacred Heart Major Seminary,Full Professor,74220,Baccalaureate Colleges: Arts & Sciences Focus,351,MI,"Private not-for-profit, 4-year or above"
172033,Sacred Heart Major Seminary,Assistant Professor,34886,Baccalaureate Colleges: Arts & Sciences Focus,351,MI,"Private not-for-profit, 4-year or above"
239637,Sacred Heart Seminary and School of Theology,Full Professor,86987,Special Focus Four-Year: Faith-Related Institutions,128,WI,"Private not-for-profit, 4-year or above"
239637,Sacred Heart Seminary and School of Theology,Assistant Professor,65389,Special Focus Four-Year: Faith-Related Institutions,128,WI,"Private not-for-profit, 4-year or above"
130253,Sacred Heart University,Full Professor,125535,"Doctoral/Professional Universities
",11022,CT,"Private not-for-profit, 4-year or above"
130253,Sacred Heart University,Assistant Professor,89394,"Doctoral/Professional Universities
",11022,CT,"Private not-for-profit, 4-year or above"
172051,Saginaw Valley State University,Full Professor,94364,Master's Colleges & Universities: Larger Programs,6822,MI,"Public, 4-year or above"
172051,Saginaw Valley State University,Assistant Professor,74377,Master's Colleges & Universities: Larger Programs,6822,MI,"Public, 4-year or above"
154235,Saint Ambrose University,Full Professor,82929,"Doctoral/Professional Universities
",2498,IA,"Private not-for-profit, 4-year or above"
154235,Saint Ambrose University,Assistant Professor,57954,"Doctoral/Professional Universities
",2498,IA,"Private not-for-profit, 4-year or above"
183239,Saint Anselm College,Full Professor,99509,Baccalaureate Colleges: Arts & Sciences Focus,2111,NH,"Private not-for-profit, 4-year or above"
183239,Saint Anselm College,Assistant Professor,72748,Baccalaureate Colleges: Arts & Sciences Focus,2111,NH,"Private not-for-profit, 4-year or above"
149028,Saint Anthony College of Nursing,Full Professor,100136,Special Focus Four-Year: Other Health Professions Schools,263,IL,"Private not-for-profit, 4-year or above"
149028,Saint Anthony College of Nursing,Assistant Professor,72408,Special Focus Four-Year: Other Health Professions Schools,263,IL,"Private not-for-profit, 4-year or above"
199582,Saint Augustine's University,Full Professor,59983,Baccalaureate Colleges: Diverse Fields,175,NC,"Private not-for-profit, 4-year or above"
199582,Saint Augustine's University,Assistant Professor,59240,Baccalaureate Colleges: Diverse Fields,175,NC,"Private not-for-profit, 4-year or above"
216047,Saint Charles Borromeo Seminary-Overbrook,Full Professor,54286,Special Focus Four-Year: Faith-Related Institutions,170,PA,"Private not-for-profit, 4-year or above"
216047,Saint Charles Borromeo Seminary-Overbrook,Assistant Professor,62528,Special Focus Four-Year: Faith-Related Institutions,170,PA,"Private not-for-profit, 4-year or above"
174783,Saint Cloud State University,Full Professor,120590,Master's Colleges & Universities: Larger Programs,10732,MN,"Public, 4-year or above"
174783,Saint Cloud State University,Assistant Professor,83020,Master's Colleges & Universities: Larger Programs,10732,MN,"Public, 4-year or above"
227845,Saint Edward's University,Full Professor,103539,Master's Colleges & Universities: Larger Programs,3033,TX,"Private not-for-profit, 4-year or above"
227845,Saint Edward's University,Assistant Professor,75515,Master's Colleges & Universities: Larger Programs,3033,TX,"Private not-for-profit, 4-year or above"
186618,Saint Elizabeth University,Full Professor,77187,Master's Colleges & Universities: Medium Programs,871,NJ,"Private not-for-profit, 4-year or above"
186618,Saint Elizabeth University,Assistant Professor,70367,Master's Colleges & Universities: Medium Programs,871,NJ,"Private not-for-profit, 4-year or above"
148575,Saint Francis Medical Center College of Nursing,Full Professor,122783,Special Focus Four-Year: Other Health Professions Schools,605,IL,"Private not-for-profit, 4-year or above"
148575,Saint Francis Medical Center College of Nursing,Assistant Professor,76576,Special Focus Four-Year: Other Health Professions Schools,605,IL,"Private not-for-profit, 4-year or above"
215743,Saint Francis University,Full Professor,83278,Master's Colleges & Universities: Larger Programs,2963,PA,"Private not-for-profit, 4-year or above"
215743,Saint Francis University,Assistant Professor,59409,Master's Colleges & Universities: Larger Programs,2963,PA,"Private not-for-profit, 4-year or above"
137281,Saint Johns River State College,Full Professor,59187,Baccalaureate/Associate's Colleges: Mixed Baccalaureate/Associate's,7927,FL,"Public, 4-year or above"
174792,Saint Johns University,Full Professor,101440,Baccalaureate Colleges: Arts & Sciences Focus,1572,MN,"Private not-for-profit, 4-year or above"
174792,Saint Johns University,Assistant Professor,69341,Baccalaureate Colleges: Arts & Sciences Focus,1572,MN,"Private not-for-profit, 4-year or above"
160409,Saint Joseph Seminary College,Full Professor,52895,Special Focus Four-Year: Faith-Related Institutions,95,LA,"Private not-for-profit, 4-year or above"
161518,Saint Joseph's College of Maine,Full Professor,63481,Master's Colleges & Universities: Larger Programs,1454,ME,"Private not-for-profit, 4-year or above"
161518,Saint Joseph's College of Maine,Assistant Professor,55767,Master's Colleges & Universities: Larger Programs,1454,ME,"Private not-for-profit, 4-year or above"
215770,Saint Joseph's University,Full Professor,126510,Master's Colleges & Universities: Larger Programs,7159,PA,"Private not-for-profit, 4-year or above"
215770,Saint Joseph's University,Assistant Professor,84665,Master's Colleges & Universities: Larger Programs,7159,PA,"Private not-for-profit, 4-year or above"
442356,Saint Joseph's University - Lancaster,Full Professor,88763,Special Focus Four-Year: Other Health Professions Schools,1439,PA,"Private not-for-profit, 4-year or above"
442356,Saint Joseph's University - Lancaster,Assistant Professor,77050,Special Focus Four-Year: Other Health Professions Schools,1439,PA,"Private not-for-profit, 4-year or above"
137032,Saint Leo University,Full Professor,92844,"Doctoral/Professional Universities
",9692,FL,"Private not-for-profit, 4-year or above"
137032,Saint Leo University,Assistant Professor,71373,"Doctoral/Professional Universities
",9692,FL,"Private not-for-profit, 4-year or above"
179308,Saint Louis Community College,Full Professor,88170,Associate's Colleges: High Transfer-Mixed Traditional/Nontraditional,15649,MO,"Public, 4-year or above"
179308,Saint Louis Community College,Assistant Professor,70520,Associate's Colleges: High Transfer-Mixed Traditional/Nontraditional,15649,MO,"Public, 4-year or above"
179159,Saint Louis University,Full Professor,129634,"Doctoral Universities: High Research Activity
",17059,MO,"Private not-for-profit, 4-year or above"
179159,Saint Louis University,Assistant Professor,84671,"Doctoral Universities: High Research Activity
",17059,MO,"Private not-for-profit, 4-year or above"
236452,Saint Martin's University,Full Professor,76656,Master's Colleges & Universities: Small Programs,1390,WA,"Private not-for-profit, 4-year or above"
236452,Saint Martin's University,Assistant Professor,62908,Master's Colleges & Universities: Small Programs,1390,WA,"Private not-for-profit, 4-year or above"
152390,Saint Mary's College,Full Professor,92107,Baccalaureate Colleges: Arts & Sciences Focus,1601,IN,"Private not-for-profit, 4-year or above"
152390,Saint Mary's College,Assistant Professor,67907,Baccalaureate Colleges: Arts & Sciences Focus,1601,IN,"Private not-for-profit, 4-year or above"
123554,Saint Mary's College of California,Full Professor,119816,Master's Colleges & Universities: Larger Programs,2734,CA,"Private not-for-profit, 4-year or above"
123554,Saint Mary's College of California,Assistant Professor,87914,Master's Colleges & Universities: Larger Programs,2734,CA,"Private not-for-profit, 4-year or above"
174817,Saint Mary's University of Minnesota,Full Professor,67137,"Doctoral/Professional Universities
",4505,MN,"Private not-for-profit, 4-year or above"
174817,Saint Mary's University of Minnesota,Assistant Professor,65528,"Doctoral/Professional Universities
",4505,MN,"Private not-for-profit, 4-year or above"
152381,Saint Mary-of-the-Woods College,Full Professor,54160,Master's Colleges & Universities: Small Programs,1159,IN,"Private not-for-profit, 4-year or above"
152381,Saint Mary-of-the-Woods College,Assistant Professor,54999,Master's Colleges & Universities: Small Programs,1159,IN,"Private not-for-profit, 4-year or above"
152451,Saint Meinrad School of Theology,Full Professor,100787,Special Focus Four-Year: Faith-Related Institutions,183,IN,"Private not-for-profit, 4-year or above"
152451,Saint Meinrad School of Theology,Assistant Professor,73304,Special Focus Four-Year: Faith-Related Institutions,183,IN,"Private not-for-profit, 4-year or above"
231059,Saint Michael's College,Full Professor,100987,Baccalaureate Colleges: Arts & Sciences Focus,1323,VT,"Private not-for-profit, 4-year or above"
231059,Saint Michael's College,Assistant Professor,73968,Baccalaureate Colleges: Arts & Sciences Focus,1323,VT,"Private not-for-profit, 4-year or above"
239716,Saint Norbert College,Full Professor,103147,Baccalaureate Colleges: Arts & Sciences Focus,2032,WI,"Private not-for-profit, 4-year or above"
239716,Saint Norbert College,Assistant Professor,79867,Baccalaureate Colleges: Arts & Sciences Focus,2032,WI,"Private not-for-profit, 4-year or above"
179317,Saint Paul School of Theology,Full Professor,64611,Special Focus Four-Year: Faith-Related Institutions,91,KS,"Private not-for-profit, 4-year or above"
179317,Saint Paul School of Theology,Assistant Professor,46125,Special Focus Four-Year: Faith-Related Institutions,91,KS,"Private not-for-profit, 4-year or above"
186432,Saint Peter's University,Full Professor,109879,Master's Colleges & Universities: Larger Programs,3572,NJ,"Private not-for-profit, 4-year or above"
186432,Saint Peter's University,Assistant Professor,76026,Master's Colleges & Universities: Larger Programs,3572,NJ,"Private not-for-profit, 4-year or above"
215798,Saint Vincent College,Full Professor,89450,Baccalaureate Colleges: Arts & Sciences Focus,1440,PA,"Private not-for-profit, 4-year or above"
215798,Saint Vincent College,Assistant Professor,66508,Baccalaureate Colleges: Arts & Sciences Focus,1440,PA,"Private not-for-profit, 4-year or above"
215813,Saint Vincent Seminary,Full Professor,0,Special Focus Four-Year: Faith-Related Institutions,79,PA,"Private not-for-profit, 4-year or above"
215813,Saint Vincent Seminary,Assistant Professor,0,Special Focus Four-Year: Faith-Related Institutions,79,PA,"Private not-for-profit, 4-year or above"
136701,Saint Vincent de Paul Regional Seminary,Full Professor,76042,Special Focus Four-Year: Faith-Related Institutions,143,FL,"Private not-for-profit, 4-year or above"
136701,Saint Vincent de Paul Regional Seminary,Assistant Professor,41308,Special Focus Four-Year: Faith-Related Institutions,143,FL,"Private not-for-profit, 4-year or above"
195580,Saint Vladimirs Orthodox Theological Seminary,Full Professor,84941,Special Focus Four-Year: Faith-Related Institutions,90,NY,"Private not-for-profit, 4-year or above"
195580,Saint Vladimirs Orthodox Theological Seminary,Assistant Professor,64051,Special Focus Four-Year: Faith-Related Institutions,90,NY,"Private not-for-profit, 4-year or above"
148627,Saint Xavier University,Full Professor,87167,Master's Colleges & Universities: Larger Programs,3485,IL,"Private not-for-profit, 4-year or above"
148627,Saint Xavier University,Assistant Professor,72703,Master's Colleges & Universities: Larger Programs,3485,IL,"Private not-for-profit, 4-year or above"
199607,Salem College,Full Professor,60022,Baccalaureate Colleges: Arts & Sciences Focus,549,NC,"Private not-for-profit, 4-year or above"
199607,Salem College,Assistant Professor,60803,Baccalaureate Colleges: Arts & Sciences Focus,549,NC,"Private not-for-profit, 4-year or above"
167729,Salem State University,Full Professor,109381,Master's Colleges & Universities: Larger Programs,6230,MA,"Public, 4-year or above"
167729,Salem State University,Assistant Professor,76047,Master's Colleges & Universities: Larger Programs,6230,MA,"Public, 4-year or above"
163851,Salisbury University,Full Professor,110873,Master's Colleges & Universities: Larger Programs,7025,MD,"Public, 4-year or above"
163851,Salisbury University,Assistant Professor,83006,Master's Colleges & Universities: Larger Programs,7025,MD,"Public, 4-year or above"
214564,Salus University,Full Professor,118137,Special Focus Four-Year: Other Health Professions Schools,1106,PA,"Private not-for-profit, 4-year or above"
214564,Salus University,Assistant Professor,76639,Special Focus Four-Year: Other Health Professions Schools,1106,PA,"Private not-for-profit, 4-year or above"
217536,Salve Regina University,Full Professor,106571,Master's Colleges & Universities: Larger Programs,2791,RI,"Private not-for-profit, 4-year or above"
217536,Salve Regina University,Assistant Professor,79131,Master's Colleges & Universities: Larger Programs,2791,RI,"Private not-for-profit, 4-year or above"
227881,Sam Houston State University,Full Professor,102006,"Doctoral Universities: High Research Activity
",21039,TX,"Public, 4-year or above"
227881,Sam Houston State University,Assistant Professor,74402,"Doctoral Universities: High Research Activity
",21039,TX,"Public, 4-year or above"
102049,Samford University,Full Professor,109644,"Doctoral/Professional Universities
",6097,AL,"Private not-for-profit, 4-year or above"
102049,Samford University,Assistant Professor,78221,"Doctoral/Professional Universities
",6097,AL,"Private not-for-profit, 4-year or above"
122296,Samuel Merritt University,Full Professor,128404,Special Focus Four-Year: Other Health Professions Schools,1926,CA,"Private not-for-profit, 4-year or above"
122296,Samuel Merritt University,Assistant Professor,102622,Special Focus Four-Year: Other Health Professions Schools,1926,CA,"Private not-for-profit, 4-year or above"
227924,San Antonio College,Full Professor,88449,Associate's Colleges: High Transfer-Mixed Traditional/Nontraditional,19901,TX,"Public, 4-year or above"
227924,San Antonio College,Assistant Professor,71351,Associate's Colleges: High Transfer-Mixed Traditional/Nontraditional,19901,TX,"Public, 4-year or above"
112084,San Diego Christian College,Assistant Professor,68040,Master's Colleges & Universities: Small Programs,96,CA,"Private not-for-profit, 4-year or above"
122409,San Diego State University,Full Professor,145590,"Doctoral Universities: High Research Activity
",41137,CA,"Public, 4-year or above"
122409,San Diego State University,Assistant Professor,107966,"Doctoral Universities: High Research Activity
",41137,CA,"Public, 4-year or above"
120166,San Francisco Bay University,Full Professor,89250,Special Focus Four-Year: Engineering and Other Technology-Related Schools,389,CA,"Private not-for-profit, 4-year or above"
122597,San Francisco State University,Full Professor,137727,"Doctoral Universities: High Research Activity
",22563,CA,"Public, 4-year or above"
122597,San Francisco State University,Assistant Professor,104567,"Doctoral Universities: High Research Activity
",22563,CA,"Public, 4-year or above"
122649,San Joaquin College of Law,Full Professor,90043,Special Focus Four-Year: Law Schools,154,CA,"Private not-for-profit, 4-year or above"
122755,San Jose State University,Full Professor,139682,Master's Colleges & Universities: Larger Programs,37661,CA,"Public, 4-year or above"
122755,San Jose State University,Assistant Professor,105718,Master's Colleges & Universities: Larger Programs,37661,CA,"Public, 4-year or above"
481535,Sanford Burnham Prebys Medical Discovery Institute,Full Professor,214567,Special Focus Four-Year: Other Health Professions Schools,52,CA,"Private not-for-profit, 4-year or above"
481535,Sanford Burnham Prebys Medical Discovery Institute,Assistant Professor,104778,Special Focus Four-Year: Other Health Professions Schools,52,CA,"Private not-for-profit, 4-year or above"
122931,Santa Clara University,Full Professor,190994,"Doctoral/Professional Universities
",9728,CA,"Private not-for-profit, 4-year or above"
122931,Santa Clara University,Assistant Professor,122459,"Doctoral/Professional Universities
",9728,CA,"Private not-for-profit, 4-year or above"
137096,Santa Fe College,Full Professor,78247,Baccalaureate/Associate's Colleges: Associate's Dominant,12758,FL,"Public, 4-year or above"
137096,Santa Fe College,Assistant Professor,51637,Baccalaureate/Associate's Colleges: Associate's Dominant,12758,FL,"Public, 4-year or above"
494542,Sattler College,Full Professor,98280,"Not applicable, not in Carnegie universe (not accredited or nondegree-granting)",57,MA,"Private not-for-profit, 4-year or above"
494542,Sattler College,Assistant Professor,59390,"Not applicable, not in Carnegie universe (not accredited or nondegree-granting)",57,MA,"Private not-for-profit, 4-year or above"
140951,Savannah College of Art and Design,Full Professor,98547,Master's Colleges & Universities: Larger Programs,18550,GA,"Private not-for-profit, 4-year or above"
140960,Savannah State University,Full Professor,90414,Master's Colleges & Universities: Small Programs,3193,GA,"Public, 4-year or above"
140960,Savannah State University,Assistant Professor,75944,Master's Colleges & Universities: Small Programs,3193,GA,"Public, 4-year or above"
143048,School of the Art Institute of Chicago,Full Professor,129828,"Special Focus Four-Year: Arts, Music & Design Schools",3394,IL,"Private not-for-profit, 4-year or above"
143048,School of the Art Institute of Chicago,Assistant Professor,82296,"Special Focus Four-Year: Arts, Music & Design Schools",3394,IL,"Private not-for-profit, 4-year or above"
228042,Schreiner University,Full Professor,80069,Master's Colleges & Universities: Small Programs,1326,TX,"Private not-for-profit, 4-year or above"
228042,Schreiner University,Assistant Professor,66302,Master's Colleges & Universities: Small Programs,1326,TX,"Private not-for-profit, 4-year or above"
123165,Scripps College,Full Professor,155859,Baccalaureate Colleges: Arts & Sciences Focus,1137,CA,"Private not-for-profit, 4-year or above"
123165,Scripps College,Assistant Professor,88924,Baccalaureate Colleges: Arts & Sciences Focus,1137,CA,"Private not-for-profit, 4-year or above"
236577,Seattle Pacific University,Full Professor,95771,"Doctoral/Professional Universities
",2261,WA,"Private not-for-profit, 4-year or above"
236577,Seattle Pacific University,Assistant Professor,79488,"Doctoral/Professional Universities
",2261,WA,"Private not-for-profit, 4-year or above"
236595,Seattle University,Full Professor,92945,"Doctoral/Professional Universities
",7189,WA,"Private not-for-profit, 4-year or above"
236595,Seattle University,Assistant Professor,69927,"Doctoral/Professional Universities
",7189,WA,"Private not-for-profit, 4-year or above"
243498,Seminario Evangelico de Puerto Rico,Full Professor,42358,Special Focus Four-Year: Faith-Related Institutions,135,PR,"Private not-for-profit, 4-year or above"
232885,Sentara College of Health Sciences,Full Professor,101832,Special Focus Four-Year: Other Health Professions Schools,312,VA,"Private not-for-profit, 4-year or above"
232885,Sentara College of Health Sciences,Assistant Professor,77111,Special Focus Four-Year: Other Health Professions Schools,312,VA,"Private not-for-profit, 4-year or above"
186584,Seton Hall University,Full Professor,144037,"Doctoral Universities: High Research Activity
",9571,NJ,"Private not-for-profit, 4-year or above"
186584,Seton Hall University,Assistant Professor,90762,"Doctoral Universities: High Research Activity
",9571,NJ,"Private not-for-profit, 4-year or above"
215947,Seton Hill University,Full Professor,89942,Master's Colleges & Universities: Medium Programs,1927,PA,"Private not-for-profit, 4-year or above"
215947,Seton Hill University,Assistant Professor,67920,Master's Colleges & Universities: Medium Programs,1927,PA,"Private not-for-profit, 4-year or above"
123280,Shasta Bible College and Graduate School,Full Professor,17476,Special Focus Four-Year: Faith-Related Institutions,25,CA,"Private not-for-profit, 4-year or above"
199643,Shaw University,Assistant Professor,45234,Baccalaureate Colleges: Diverse Fields,964,NC,"Private not-for-profit, 4-year or above"
205443,Shawnee State University,Full Professor,79410,Master's Colleges & Universities: Small Programs,3231,OH,"Public, 4-year or above"
205443,Shawnee State University,Assistant Professor,54052,Master's Colleges & Universities: Small Programs,3231,OH,"Public, 4-year or above"
233541,Shenandoah University,Full Professor,84708,"Doctoral/Professional Universities
",4454,VA,"Private not-for-profit, 4-year or above"
233541,Shenandoah University,Assistant Professor,65373,"Doctoral/Professional Universities
",4454,VA,"Private not-for-profit, 4-year or above"
237792,Shepherd University,Full Professor,79435,Master's Colleges & Universities: Small Programs,3339,WV,"Public, 4-year or above"
237792,Shepherd University,Assistant Professor,65541,Master's Colleges & Universities: Small Programs,3339,WV,"Public, 4-year or above"
461485,Shepherds Theological Seminary,Full Professor,81202,Special Focus Four-Year: Faith-Related Institutions,201,NC,"Private not-for-profit, 4-year or above"
461485,Shepherds Theological Seminary,Assistant Professor,55366,Special Focus Four-Year: Faith-Related Institutions,201,NC,"Private not-for-profit, 4-year or above"
218751,Sherman College of Chiropractic,Full Professor,79599,Special Focus Four-Year: Other Health Professions Schools,387,SC,"Private not-for-profit, 4-year or above"
218751,Sherman College of Chiropractic,Assistant Professor,62601,Special Focus Four-Year: Other Health Professions Schools,387,SC,"Private not-for-profit, 4-year or above"
216010,Shippensburg University of Pennsylvania,Full Professor,126861,Master's Colleges & Universities: Larger Programs,5161,PA,"Public, 4-year or above"
216010,Shippensburg University of Pennsylvania,Assistant Professor,84758,Master's Colleges & Universities: Larger Programs,5161,PA,"Public, 4-year or above"
140988,Shorter University,Full Professor,36248,Master's Colleges & Universities: Small Programs,1318,GA,"Private not-for-profit, 4-year or above"
140988,Shorter University,Assistant Professor,46664,Master's Colleges & Universities: Small Programs,1318,GA,"Private not-for-profit, 4-year or above"
195474,Siena College,Full Professor,101508,Master's Colleges & Universities: Small Programs,3720,NY,"Private not-for-profit, 4-year or above"
195474,Siena College,Assistant Professor,76275,Master's Colleges & Universities: Small Programs,3720,NY,"Private not-for-profit, 4-year or above"
172264,Siena Heights University,Full Professor,72165,Master's Colleges & Universities: Medium Programs,1781,MI,"Private not-for-profit, 4-year or above"
172264,Siena Heights University,Assistant Professor,58261,Master's Colleges & Universities: Medium Programs,1781,MI,"Private not-for-profit, 4-year or above"
461759,Simmons College of Kentucky,Full Professor,38352,Baccalaureate Colleges: Arts & Sciences Focus,506,KY,"Private not-for-profit, 4-year or above"
167783,Simmons University,Full Professor,91932,"Doctoral/Professional Universities
",4666,MA,"Private not-for-profit, 4-year or above"
167783,Simmons University,Assistant Professor,66503,"Doctoral/Professional Universities
",4666,MA,"Private not-for-profit, 4-year or above"
154350,Simpson College,Full Professor,65181,Baccalaureate Colleges: Diverse Fields,1251,IA,"Private not-for-profit, 4-year or above"
154350,Simpson College,Assistant Professor,60592,Baccalaureate Colleges: Diverse Fields,1251,IA,"Private not-for-profit, 4-year or above"
123457,Simpson University,Full Professor,77182,Baccalaureate Colleges: Arts & Sciences Focus,992,CA,"Private not-for-profit, 4-year or above"
123457,Simpson University,Assistant Professor,69290,Baccalaureate Colleges: Arts & Sciences Focus,992,CA,"Private not-for-profit, 4-year or above"
205470,Sinclair Community College,Full Professor,90486,Associate's Colleges: Mixed Transfer/Career & Technical-High Nontraditional,19415,OH,"Public, 4-year or above"
205470,Sinclair Community College,Assistant Professor,61652,Associate's Colleges: Mixed Transfer/Career & Technical-High Nontraditional,19415,OH,"Public, 4-year or above"
195526,Skidmore College,Full Professor,137328,Baccalaureate Colleges: Arts & Sciences Focus,2704,NY,"Private not-for-profit, 4-year or above"
195526,Skidmore College,Assistant Professor,87836,Baccalaureate Colleges: Arts & Sciences Focus,2704,NY,"Private not-for-profit, 4-year or above"
216038,Slippery Rock University of Pennsylvania,Full Professor,123817,Master's Colleges & Universities: Larger Programs,8376,PA,"Public, 4-year or above"
216038,Slippery Rock University of Pennsylvania,Assistant Professor,81780,Master's Colleges & Universities: Larger Programs,8376,PA,"Public, 4-year or above"
167835,Smith College,Full Professor,157210,Baccalaureate Colleges: Arts & Sciences Focus,2857,MA,"Private not-for-profit, 4-year or above"
167835,Smith College,Assistant Professor,98078,Baccalaureate Colleges: Arts & Sciences Focus,2857,MA,"Private not-for-profit, 4-year or above"
230597,Snow College,Full Professor,84142,Baccalaureate/Associate's Colleges: Associate's Dominant,5577,UT,"Public, 4-year or above"
230597,Snow College,Assistant Professor,63615,Baccalaureate/Associate's Colleges: Associate's Dominant,5577,UT,"Public, 4-year or above"
399911,Soka University of America,Full Professor,165107,Baccalaureate Colleges: Arts & Sciences Focus,495,CA,"Private not-for-profit, 4-year or above"
399911,Soka University of America,Assistant Professor,94534,Baccalaureate Colleges: Arts & Sciences Focus,495,CA,"Private not-for-profit, 4-year or above"
123572,Sonoma State University,Full Professor,129283,Master's Colleges & Universities: Larger Programs,5891,CA,"Public, 4-year or above"
123572,Sonoma State University,Assistant Professor,94391,Master's Colleges & Universities: Larger Programs,5891,CA,"Public, 4-year or above"
420246,Sonoran University of Health Sciences,Full Professor,74168,Special Focus Four-Year: Other Health Professions Schools,516,AZ,"Private not-for-profit, 4-year or above"
420246,Sonoran University of Health Sciences,Assistant Professor,50494,Special Focus Four-Year: Other Health Professions Schools,516,AZ,"Private not-for-profit, 4-year or above"
218733,South Carolina State University,Full Professor,87175,Master's Colleges & Universities: Small Programs,3242,SC,"Public, 4-year or above"
218733,South Carolina State University,Assistant Professor,70173,Master's Colleges & Universities: Small Programs,3242,SC,"Public, 4-year or above"
219347,South Dakota School of Mines and Technology,Full Professor,134132,Master's Colleges & Universities: Medium Programs,2576,SD,"Public, 4-year or above"
219347,South Dakota School of Mines and Technology,Assistant Professor,85706,Master's Colleges & Universities: Medium Programs,2576,SD,"Public, 4-year or above"
219356,South Dakota State University,Full Professor,119069,"Doctoral Universities: High Research Activity
",12056,SD,"Public, 4-year or above"
219356,South Dakota State University,Assistant Professor,86970,"Doctoral Universities: High Research Activity
",12056,SD,"Public, 4-year or above"
366003,South Florida Bible College and Theological Seminary,Full Professor,29682,Baccalaureate Colleges: Diverse Fields,471,FL,"Private not-for-profit, 4-year or above"
366003,South Florida Bible College and Theological Seminary,Assistant Professor,39423,Baccalaureate Colleges: Diverse Fields,471,FL,"Private not-for-profit, 4-year or above"
482699,South Georgia State College,Full Professor,67498,Baccalaureate/Associate's Colleges: Mixed Baccalaureate/Associate's,1893,GA,"Public, 4-year or above"
482699,South Georgia State College,Assistant Professor,60783,Baccalaureate/Associate's Colleges: Mixed Baccalaureate/Associate's,1893,GA,"Public, 4-year or above"
409315,South Texas College,Full Professor,83161,Baccalaureate/Associate's Colleges: Associate's Dominant,27431,TX,"Public, 4-year or above"
409315,South Texas College,Assistant Professor,74019,Baccalaureate/Associate's Colleges: Associate's Dominant,27431,TX,"Public, 4-year or above"
228194,South Texas College of Law Houston,Full Professor,176011,Special Focus Four-Year: Law Schools,1089,TX,"Private not-for-profit, 4-year or above"
228194,South Texas College of Law Houston,Assistant Professor,104232,Special Focus Four-Year: Law Schools,1089,TX,"Private not-for-profit, 4-year or above"
417734,Southeast Missouri Hospital College of Nursing and Health Sciences,Full Professor,50175,Special Focus Four-Year: Other Health Professions Schools,202,MO,"Private not-for-profit, 4-year or above"
417734,Southeast Missouri Hospital College of Nursing and Health Sciences,Assistant Professor,60869,Special Focus Four-Year: Other Health Professions Schools,202,MO,"Private not-for-profit, 4-year or above"
179557,Southeast Missouri State University,Full Professor,101226,Master's Colleges & Universities: Larger Programs,9501,MO,"Public, 4-year or above"
179557,Southeast Missouri State University,Assistant Professor,68423,Master's Colleges & Universities: Larger Programs,9501,MO,"Public, 4-year or above"
199759,Southeastern Baptist Theological Seminary,Full Professor,90327,"Doctoral/Professional Universities
",3220,NC,"Private not-for-profit, 4-year or above"
199759,Southeastern Baptist Theological Seminary,Assistant Professor,56161,"Doctoral/Professional Universities
",3220,NC,"Private not-for-profit, 4-year or above"
233602,Southeastern Free Will Baptist Bible College,Full Professor,50902,Special Focus Four-Year: Faith-Related Institutions,64,NC,"Private not-for-profit, 4-year or above"
160612,Southeastern Louisiana University,Full Professor,92675,Master's Colleges & Universities: Larger Programs,14426,LA,"Public, 4-year or above"
160612,Southeastern Louisiana University,Assistant Professor,70606,Master's Colleges & Universities: Larger Programs,14426,LA,"Public, 4-year or above"
207847,Southeastern Oklahoma State University,Full Professor,81789,Master's Colleges & Universities: Larger Programs,5851,OK,"Public, 4-year or above"
207847,Southeastern Oklahoma State University,Assistant Professor,58428,Master's Colleges & Universities: Larger Programs,5851,OK,"Public, 4-year or above"
137564,Southeastern University,Full Professor,74078,"Doctoral/Professional Universities
",11510,FL,"Private not-for-profit, 4-year or above"
137564,Southeastern University,Assistant Professor,56011,"Doctoral/Professional Universities
",11510,FL,"Private not-for-profit, 4-year or above"
221661,Southern Adventist University,Full Professor,67194,Master's Colleges & Universities: Medium Programs,3229,TN,"Private not-for-profit, 4-year or above"
221661,Southern Adventist University,Assistant Professor,50051,Master's Colleges & Universities: Medium Programs,3229,TN,"Private not-for-profit, 4-year or above"
107983,Southern Arkansas University Main Campus,Full Professor,88428,Master's Colleges & Universities: Larger Programs,4732,AR,"Public, 4-year or above"
107983,Southern Arkansas University Main Campus,Assistant Professor,66989,Master's Colleges & Universities: Larger Programs,4732,AR,"Public, 4-year or above"
117575,Southern California Seminary,Full Professor,56275,Baccalaureate Colleges: Diverse Fields,161,CA,"Private not-for-profit, 4-year or above"
117672,Southern California University of Health Sciences,Full Professor,87069,Special Focus Four-Year: Other Health Professions Schools,2008,CA,"Private not-for-profit, 4-year or above"
117672,Southern California University of Health Sciences,Assistant Professor,81636,Special Focus Four-Year: Other Health Professions Schools,2008,CA,"Private not-for-profit, 4-year or above"
221670,Southern College of Optometry,Full Professor,122124,Special Focus Four-Year: Other Health Professions Schools,530,TN,"Private not-for-profit, 4-year or above"
221670,Southern College of Optometry,Assistant Professor,84409,Special Focus Four-Year: Other Health Professions Schools,530,TN,"Private not-for-profit, 4-year or above"
130493,Southern Connecticut State University,Full Professor,115453,Master's Colleges & Universities: Larger Programs,9377,CT,"Public, 4-year or above"
130493,Southern Connecticut State University,Assistant Professor,79201,Master's Colleges & Universities: Larger Programs,9377,CT,"Public, 4-year or above"
149222,Southern Illinois University-Carbondale,Full Professor,104333,"Doctoral Universities: High Research Activity
",11790,IL,"Public, 4-year or above"
149222,Southern Illinois University-Carbondale,Assistant Professor,70319,"Doctoral Universities: High Research Activity
",11790,IL,"Public, 4-year or above"
149231,Southern Illinois University-Edwardsville,Full Professor,102274,"Doctoral/Professional Universities
",11893,IL,"Public, 4-year or above"
149231,Southern Illinois University-Edwardsville,Assistant Professor,78742,"Doctoral/Professional Universities
",11893,IL,"Public, 4-year or above"
228246,Southern Methodist University,Full Professor,195309,"Doctoral Universities: High Research Activity
",12116,TX,"Private not-for-profit, 4-year or above"
228246,Southern Methodist University,Assistant Professor,137567,"Doctoral Universities: High Research Activity
",12116,TX,"Private not-for-profit, 4-year or above"
206862,Southern Nazarene University,Full Professor,68417,Master's Colleges & Universities: Larger Programs,2198,OK,"Private not-for-profit, 4-year or above"
206862,Southern Nazarene University,Assistant Professor,58583,Master's Colleges & Universities: Larger Programs,2198,OK,"Private not-for-profit, 4-year or above"
183026,Southern New Hampshire University,Full Professor,111727,Master's Colleges & Universities: Larger Programs,189531,NH,"Private not-for-profit, 4-year or above"
183026,Southern New Hampshire University,Assistant Professor,75982,Master's Colleges & Universities: Larger Programs,189531,NH,"Private not-for-profit, 4-year or above"
210146,Southern Oregon University,Full Professor,108288,Master's Colleges & Universities: Larger Programs,5113,OR,"Public, 4-year or above"
210146,Southern Oregon University,Assistant Professor,77433,Master's Colleges & Universities: Larger Programs,5113,OR,"Public, 4-year or above"
440916,Southern University Law Center,Full Professor,111961,Special Focus Four-Year: Law Schools,827,LA,"Public, 4-year or above"
440916,Southern University Law Center,Assistant Professor,55681,Special Focus Four-Year: Law Schools,827,LA,"Public, 4-year or above"
160621,Southern University and A & M College,Full Professor,95439,"Doctoral Universities: High Research Activity
",7452,LA,"Public, 4-year or above"
160621,Southern University and A & M College,Assistant Professor,69525,"Doctoral Universities: High Research Activity
",7452,LA,"Public, 4-year or above"
160630,Southern University at New Orleans,Full Professor,75533,Master's Colleges & Universities: Medium Programs,2468,LA,"Public, 4-year or above"
160630,Southern University at New Orleans,Assistant Professor,56316,Master's Colleges & Universities: Medium Programs,2468,LA,"Public, 4-year or above"
230603,Southern Utah University,Full Professor,103713,Master's Colleges & Universities: Larger Programs,15444,UT,"Public, 4-year or above"
230603,Southern Utah University,Assistant Professor,73096,Master's Colleges & Universities: Larger Programs,15444,UT,"Public, 4-year or above"
233611,Southern Virginia University,Full Professor,64465,Baccalaureate Colleges: Arts & Sciences Focus,936,VA,"Private not-for-profit, 4-year or above"
233611,Southern Virginia University,Assistant Professor,56144,Baccalaureate Colleges: Arts & Sciences Focus,936,VA,"Private not-for-profit, 4-year or above"
217776,Southern Wesleyan University,Full Professor,56364,Master's Colleges & Universities: Small Programs,980,SC,"Private not-for-profit, 4-year or above"
217776,Southern Wesleyan University,Assistant Professor,49550,Master's Colleges & Universities: Small Programs,980,SC,"Private not-for-profit, 4-year or above"
179326,Southwest Baptist University,Full Professor,65116,Master's Colleges & Universities: Larger Programs,2199,MO,"Private not-for-profit, 4-year or above"
179326,Southwest Baptist University,Assistant Professor,53671,Master's Colleges & Universities: Larger Programs,2199,MO,"Private not-for-profit, 4-year or above"
175078,Southwest Minnesota State University,Full Professor,115654,Master's Colleges & Universities: Larger Programs,8214,MN,"Public, 4-year or above"
175078,Southwest Minnesota State University,Assistant Professor,80851,Master's Colleges & Universities: Larger Programs,8214,MN,"Public, 4-year or above"
228468,Southwestern Adventist University,Full Professor,68822,Baccalaureate Colleges: Diverse Fields,764,TX,"Private not-for-profit, 4-year or above"
228468,Southwestern Adventist University,Assistant Professor,51055,Baccalaureate Colleges: Diverse Fields,764,TX,"Private not-for-profit, 4-year or above"
228486,Southwestern Christian College,Full Professor,26248,Baccalaureate/Associate's Colleges: Associate's Dominant,110,TX,"Private not-for-profit, 4-year or above"
155900,Southwestern College,Full Professor,70291,Baccalaureate Colleges: Diverse Fields,1041,KS,"Private not-for-profit, 4-year or above"
155900,Southwestern College,Assistant Professor,57039,Baccalaureate Colleges: Diverse Fields,1041,KS,"Private not-for-profit, 4-year or above"
123970,Southwestern Law School,Full Professor,157977,Special Focus Four-Year: Law Schools,1006,CA,"Private not-for-profit, 4-year or above"
207865,Southwestern Oklahoma State University,Full Professor,87107,Master's Colleges & Universities: Larger Programs,5186,OK,"Public, 4-year or above"
207865,Southwestern Oklahoma State University,Assistant Professor,65666,Master's Colleges & Universities: Larger Programs,5186,OK,"Public, 4-year or above"
228343,Southwestern University,Full Professor,98474,Baccalaureate Colleges: Arts & Sciences Focus,1440,TX,"Private not-for-profit, 4-year or above"
228343,Southwestern University,Assistant Professor,69799,Baccalaureate Colleges: Arts & Sciences Focus,1440,TX,"Private not-for-profit, 4-year or above"
157757,Spalding University,Full Professor,88742,Master's Colleges & Universities: Larger Programs,1553,KY,"Private not-for-profit, 4-year or above"
157757,Spalding University,Assistant Professor,66586,Master's Colleges & Universities: Larger Programs,1553,KY,"Private not-for-profit, 4-year or above"
218821,Spartanburg Methodist College,Full Professor,66797,Associate's Colleges: High Transfer-High Traditional,1119,SC,"Private not-for-profit, 4-year or above"
218821,Spartanburg Methodist College,Assistant Professor,41119,Associate's Colleges: High Transfer-High Traditional,1119,SC,"Private not-for-profit, 4-year or above"
141060,Spelman College,Full Professor,114528,Baccalaureate Colleges: Arts & Sciences Focus,3417,GA,"Private not-for-profit, 4-year or above"
141060,Spelman College,Assistant Professor,76220,Baccalaureate Colleges: Arts & Sciences Focus,3417,GA,"Private not-for-profit, 4-year or above"
148982,Spertus College,Full Professor,181500,Special Focus Four-Year: Faith-Related Institutions,89,IL,"Private not-for-profit, 4-year or above"
172334,Spring Arbor University,Full Professor,69143,Master's Colleges & Universities: Larger Programs,2441,MI,"Private not-for-profit, 4-year or above"
172334,Spring Arbor University,Assistant Professor,50614,Master's Colleges & Universities: Larger Programs,2441,MI,"Private not-for-profit, 4-year or above"
102234,Spring Hill College,Full Professor,95769,Baccalaureate Colleges: Diverse Fields,919,AL,"Private not-for-profit, 4-year or above"
102234,Spring Hill College,Assistant Professor,62734,Baccalaureate Colleges: Diverse Fields,919,AL,"Private not-for-profit, 4-year or above"
167899,Springfield College,Full Professor,104477,"Doctoral/Professional Universities
",2599,MA,"Private not-for-profit, 4-year or above"
167899,Springfield College,Assistant Professor,58725,"Doctoral/Professional Universities
",2599,MA,"Private not-for-profit, 4-year or above"
475273,Springfield College-Regional  Online  and Continuing Education,Full Professor,75141,Master's Colleges & Universities: Small Programs,380,MA,"Private not-for-profit, 4-year or above"
475273,Springfield College-Regional  Online  and Continuing Education,Assistant Professor,46002,Master's Colleges & Universities: Small Programs,380,MA,"Private not-for-profit, 4-year or above"
195155,St Bernard's School of Theology and Ministry,Full Professor,87996,Special Focus Four-Year: Faith-Related Institutions,144,NY,"Private not-for-profit, 4-year or above"
195155,St Bernard's School of Theology and Ministry,Assistant Professor,63305,Special Focus Four-Year: Faith-Related Institutions,144,NY,"Private not-for-profit, 4-year or above"
195164,St Bonaventure University,Full Professor,80708,Master's Colleges & Universities: Medium Programs,2752,NY,"Private not-for-profit, 4-year or above"
195164,St Bonaventure University,Assistant Professor,67501,Master's Colleges & Universities: Medium Programs,2752,NY,"Private not-for-profit, 4-year or above"
175005,St Catherine University,Full Professor,84204,"Doctoral/Professional Universities
",3651,MN,"Private not-for-profit, 4-year or above"
175005,St Catherine University,Assistant Professor,62841,"Doctoral/Professional Universities
",3651,MN,"Private not-for-profit, 4-year or above"
195216,St Lawrence University,Full Professor,115381,Baccalaureate Colleges: Arts & Sciences Focus,1991,NY,"Private not-for-profit, 4-year or above"
195216,St Lawrence University,Assistant Professor,73625,Baccalaureate Colleges: Arts & Sciences Focus,1991,NY,"Private not-for-profit, 4-year or above"
154262,St Luke's College,Assistant Professor,58383,Special Focus Four-Year: Other Health Professions Schools,176,IA,"Private not-for-profit, 4-year or above"
174844,St Olaf College,Full Professor,105387,Baccalaureate Colleges: Arts & Sciences Focus,3124,MN,"Private not-for-profit, 4-year or above"
174844,St Olaf College,Assistant Professor,69621,Baccalaureate Colleges: Arts & Sciences Focus,3124,MN,"Private not-for-profit, 4-year or above"
227854,St Philip's College,Full Professor,82047,Associate's Colleges: Mixed Transfer/Career & Technical-High Nontraditional,17299,TX,"Public, 4-year or above"
227854,St Philip's College,Assistant Professor,68867,Associate's Colleges: Mixed Transfer/Career & Technical-High Nontraditional,17299,TX,"Public, 4-year or above"
199698,St. Andrews University,Full Professor,63750,Baccalaureate Colleges: Diverse Fields,676,NC,"Private not-for-profit, 4-year or above"
199698,St. Andrews University,Assistant Professor,44850,Baccalaureate Colleges: Diverse Fields,676,NC,"Private not-for-profit, 4-year or above"
195173,St. Francis College,Full Professor,112944,Baccalaureate Colleges: Diverse Fields,4567,NY,"Private not-for-profit, 4-year or above"
195173,St. Francis College,Assistant Professor,67912,Baccalaureate Colleges: Diverse Fields,4567,NY,"Private not-for-profit, 4-year or above"
195720,St. John Fisher University,Full Professor,113474,"Doctoral/Professional Universities
",3693,NY,"Private not-for-profit, 4-year or above"
195720,St. John Fisher University,Assistant Professor,76873,"Doctoral/Professional Universities
",3693,NY,"Private not-for-profit, 4-year or above"
137272,St. John Vianney College Seminary,Full Professor,33310,Special Focus Four-Year: Faith-Related Institutions,79,FL,"Private not-for-profit, 4-year or above"
148593,St. John's College-Department of Nursing,Full Professor,90012,Special Focus Four-Year: Other Health Professions Schools,132,IL,"Private not-for-profit, 4-year or above"
148593,St. John's College-Department of Nursing,Assistant Professor,67454,Special Focus Four-Year: Other Health Professions Schools,132,IL,"Private not-for-profit, 4-year or above"
195809,St. John's University-New York,Full Professor,151900,"Doctoral/Professional Universities
",19389,NY,"Private not-for-profit, 4-year or above"
195809,St. John's University-New York,Assistant Professor,88319,"Doctoral/Professional Universities
",19389,NY,"Private not-for-profit, 4-year or above"
195544,St. Joseph's University-New York,Full Professor,109136,Master's Colleges & Universities: Larger Programs,3899,NY,"Private not-for-profit, 4-year or above"
195544,St. Joseph's University-New York,Assistant Professor,70561,Master's Colleges & Universities: Larger Programs,3899,NY,"Private not-for-profit, 4-year or above"
163912,St. Mary's College of Maryland,Full Professor,103604,Baccalaureate Colleges: Arts & Sciences Focus,1630,MD,"Public, 4-year or above"
163912,St. Mary's College of Maryland,Assistant Professor,67628,Baccalaureate Colleges: Arts & Sciences Focus,1630,MD,"Public, 4-year or above"
228149,St. Mary's University,Full Professor,124701,Master's Colleges & Universities: Larger Programs,3456,TX,"Private not-for-profit, 4-year or above"
228149,St. Mary's University,Assistant Professor,76771,Master's Colleges & Universities: Larger Programs,3456,TX,"Private not-for-profit, 4-year or above"
195243,St. Thomas Aquinas College,Full Professor,105591,Master's Colleges & Universities: Small Programs,2037,NY,"Private not-for-profit, 4-year or above"
195243,St. Thomas Aquinas College,Assistant Professor,67408,Master's Colleges & Universities: Small Programs,2037,NY,"Private not-for-profit, 4-year or above"
137476,St. Thomas University,Full Professor,111754,"Doctoral/Professional Universities
",7652,FL,"Private not-for-profit, 4-year or above"
137476,St. Thomas University,Assistant Professor,73358,"Doctoral/Professional Universities
",7652,FL,"Private not-for-profit, 4-year or above"
243744,Stanford University,Full Professor,320529,"Doctoral Universities: Very High Research Activity
",18625,CA,"Private not-for-profit, 4-year or above"
243744,Stanford University,Assistant Professor,164411,"Doctoral Universities: Very High Research Activity
",18625,CA,"Private not-for-profit, 4-year or above"
123916,Starr King School for the Ministry,Full Professor,94697,Special Focus Four-Year: Faith-Related Institutions,77,CA,"Private not-for-profit, 4-year or above"
123916,Starr King School for the Ministry,Assistant Professor,38716,Special Focus Four-Year: Faith-Related Institutions,77,CA,"Private not-for-profit, 4-year or above"
135391,State College of Florida-Manatee-Sarasota,Full Professor,76389,Baccalaureate/Associate's Colleges: Mixed Baccalaureate/Associate's,8750,FL,"Public, 4-year or above"
135391,State College of Florida-Manatee-Sarasota,Assistant Professor,60685,Baccalaureate/Associate's Colleges: Mixed Baccalaureate/Associate's,8750,FL,"Public, 4-year or above"
196149,State University of New York at Cortland,Full Professor,88869,Master's Colleges & Universities: Medium Programs,6938,NY,"Public, 4-year or above"
196149,State University of New York at Cortland,Assistant Professor,58537,Master's Colleges & Universities: Medium Programs,6938,NY,"Public, 4-year or above"
196176,State University of New York at New Paltz,Full Professor,96672,Master's Colleges & Universities: Larger Programs,7898,NY,"Public, 4-year or above"
196176,State University of New York at New Paltz,Assistant Professor,70835,Master's Colleges & Universities: Larger Programs,7898,NY,"Public, 4-year or above"
196194,State University of New York at Oswego,Full Professor,96346,Master's Colleges & Universities: Larger Programs,6715,NY,"Public, 4-year or above"
196194,State University of New York at Oswego,Assistant Professor,63638,Master's Colleges & Universities: Larger Programs,6715,NY,"Public, 4-year or above"
196246,State University of New York at Plattsburgh,Full Professor,89483,Master's Colleges & Universities: Medium Programs,4540,NY,"Public, 4-year or above"
196246,State University of New York at Plattsburgh,Assistant Professor,64883,Master's Colleges & Universities: Medium Programs,4540,NY,"Public, 4-year or above"
228431,Stephen F Austin State University,Full Professor,95546,Master's Colleges & Universities: Larger Programs,10472,TX,"Public, 4-year or above"
228431,Stephen F Austin State University,Assistant Professor,72884,Master's Colleges & Universities: Larger Programs,10472,TX,"Public, 4-year or above"
179548,Stephens College,Full Professor,68360,Master's Colleges & Universities: Small Programs,568,MO,"Private not-for-profit, 4-year or above"
179548,Stephens College,Assistant Professor,63343,Master's Colleges & Universities: Small Programs,568,MO,"Private not-for-profit, 4-year or above"
155937,Sterling College,Full Professor,53767,Baccalaureate Colleges: Diverse Fields,694,KS,"Private not-for-profit, 4-year or above"
155937,Sterling College,Assistant Professor,42998,Baccalaureate Colleges: Diverse Fields,694,KS,"Private not-for-profit, 4-year or above"
137546,Stetson University,Full Professor,134981,Master's Colleges & Universities: Larger Programs,3775,FL,"Private not-for-profit, 4-year or above"
137546,Stetson University,Assistant Professor,73083,Master's Colleges & Universities: Larger Programs,3775,FL,"Private not-for-profit, 4-year or above"
186867,Stevens Institute of Technology,Full Professor,217046,"Doctoral Universities: High Research Activity
",8469,NJ,"Private not-for-profit, 4-year or above"
186867,Stevens Institute of Technology,Assistant Professor,145385,"Doctoral Universities: High Research Activity
",8469,NJ,"Private not-for-profit, 4-year or above"
164173,Stevenson University,Full Professor,90038,Master's Colleges & Universities: Larger Programs,3684,MD,"Private not-for-profit, 4-year or above"
164173,Stevenson University,Assistant Professor,77601,Master's Colleges & Universities: Larger Programs,3684,MD,"Private not-for-profit, 4-year or above"
102270,Stillman College,Full Professor,42975,Baccalaureate Colleges: Diverse Fields,731,AL,"Private not-for-profit, 4-year or above"
102270,Stillman College,Assistant Professor,48118,Baccalaureate Colleges: Diverse Fields,731,AL,"Private not-for-profit, 4-year or above"
186876,Stockton University,Full Professor,132450,"Doctoral/Professional Universities
",8631,NJ,"Public, 4-year or above"
186876,Stockton University,Assistant Professor,80831,"Doctoral/Professional Universities
",8631,NJ,"Public, 4-year or above"
167996,Stonehill College,Full Professor,113880,Baccalaureate Colleges: Arts & Sciences Focus,2674,MA,"Private not-for-profit, 4-year or above"
167996,Stonehill College,Assistant Professor,81984,Baccalaureate Colleges: Arts & Sciences Focus,2674,MA,"Private not-for-profit, 4-year or above"
196097,Stony Brook University,Full Professor,173872,"Doctoral Universities: Very High Research Activity
",26689,NY,"Public, 4-year or above"
196097,Stony Brook University,Assistant Professor,96994,"Doctoral Universities: Very High Research Activity
",26689,NY,"Public, 4-year or above"
168005,Suffolk University,Full Professor,147285,"Doctoral/Professional Universities
",6356,MA,"Private not-for-profit, 4-year or above"
168005,Suffolk University,Assistant Professor,106227,"Doctoral/Professional Universities
",6356,MA,"Private not-for-profit, 4-year or above"
228501,Sul Ross State University,Full Professor,85583,Master's Colleges & Universities: Larger Programs,2384,TX,"Public, 4-year or above"
228501,Sul Ross State University,Assistant Professor,58757,Master's Colleges & Universities: Larger Programs,2384,TX,"Public, 4-year or above"
181543,Summit Christian College,Full Professor,36322,Special Focus Four-Year: Faith-Related Institutions,32,NE,"Private not-for-profit, 4-year or above"
216278,Susquehanna University,Full Professor,90093,Baccalaureate Colleges: Arts & Sciences Focus,2255,PA,"Private not-for-profit, 4-year or above"
216278,Susquehanna University,Assistant Professor,79394,Baccalaureate Colleges: Arts & Sciences Focus,2255,PA,"Private not-for-profit, 4-year or above"
216287,Swarthmore College,Full Professor,179589,Baccalaureate Colleges: Arts & Sciences Focus,1623,PA,"Private not-for-profit, 4-year or above"
216287,Swarthmore College,Assistant Professor,107116,Baccalaureate Colleges: Arts & Sciences Focus,1623,PA,"Private not-for-profit, 4-year or above"
233718,Sweet Briar College,Full Professor,96032,Baccalaureate Colleges: Arts & Sciences Focus,444,VA,"Private not-for-profit, 4-year or above"
233718,Sweet Briar College,Assistant Professor,60820,Baccalaureate Colleges: Arts & Sciences Focus,444,VA,"Private not-for-profit, 4-year or above"
196413,Syracuse University,Full Professor,149188,"Doctoral Universities: Very High Research Activity
",22589,NY,"Private not-for-profit, 4-year or above"
196413,Syracuse University,Assistant Professor,93251,"Doctoral Universities: Very High Research Activity
",22589,NY,"Private not-for-profit, 4-year or above"
155973,Tabor College,Full Professor,59630,Baccalaureate Colleges: Diverse Fields,621,KS,"Private not-for-profit, 4-year or above"
155973,Tabor College,Assistant Professor,52299,Baccalaureate Colleges: Diverse Fields,621,KS,"Private not-for-profit, 4-year or above"
124113,Taft College,Full Professor,124185,Associate's Colleges: High Transfer-High Nontraditional,4464,CA,"Public, 4-year or above"
102298,Talladega College,Full Professor,62000,Baccalaureate Colleges: Diverse Fields,760,AL,"Private not-for-profit, 4-year or above"
102298,Talladega College,Assistant Professor,59663,Baccalaureate Colleges: Diverse Fields,760,AL,"Private not-for-profit, 4-year or above"
137759,Tallahassee Community College,Full Professor,69052,Baccalaureate/Associate's Colleges: Associate's Dominant,12455,FL,"Public, 4-year or above"
137759,Tallahassee Community College,Assistant Professor,57101,Baccalaureate/Associate's Colleges: Associate's Dominant,12455,FL,"Public, 4-year or above"
137777,Talmudic College of Florida,Full Professor,45107,Special Focus Four-Year: Faith-Related Institutions,28,FL,"Private not-for-profit, 4-year or above"
216311,Talmudical Yeshiva of Philadelphia,Full Professor,51335,Special Focus Four-Year: Faith-Related Institutions,112,PA,"Private not-for-profit, 4-year or above"
228529,Tarleton State University,Full Professor,103109,"Doctoral Universities: High Research Activity
",17433,TX,"Public, 4-year or above"
228529,Tarleton State University,Assistant Professor,73778,"Doctoral Universities: High Research Activity
",17433,TX,"Public, 4-year or above"
152530,Taylor University,Full Professor,77623,Baccalaureate Colleges: Diverse Fields,2548,IN,"Private not-for-profit, 4-year or above"
152530,Taylor University,Assistant Professor,64049,Baccalaureate Colleges: Diverse Fields,2548,IN,"Private not-for-profit, 4-year or above"
196468,Teachers College at Columbia University,Full Professor,197628,"Doctoral Universities: High Research Activity
",4401,NY,"Private not-for-profit, 4-year or above"
196468,Teachers College at Columbia University,Assistant Professor,124330,"Doctoral Universities: High Research Activity
",4401,NY,"Private not-for-profit, 4-year or above"
216339,Temple University,Full Professor,152634,"Doctoral Universities: Very High Research Activity
",29640,PA,"Public, 4-year or above"
216339,Temple University,Assistant Professor,83975,"Doctoral Universities: Very High Research Activity
",29640,PA,"Public, 4-year or above"
221838,Tennessee State University,Full Professor,100045,"Doctoral Universities: High Research Activity
",6310,TN,"Public, 4-year or above"
221838,Tennessee State University,Assistant Professor,73809,"Doctoral Universities: High Research Activity
",6310,TN,"Public, 4-year or above"
221847,Tennessee Technological University,Full Professor,106507,"Doctoral Universities: High Research Activity
",10511,TN,"Public, 4-year or above"
221847,Tennessee Technological University,Assistant Professor,82737,"Doctoral Universities: High Research Activity
",10511,TN,"Public, 4-year or above"
221731,Tennessee Wesleyan University,Full Professor,57646,Baccalaureate Colleges: Diverse Fields,1198,TN,"Private not-for-profit, 4-year or above"
221731,Tennessee Wesleyan University,Assistant Professor,50089,Baccalaureate Colleges: Diverse Fields,1198,TN,"Private not-for-profit, 4-year or above"
226152,Texas A & M International University,Full Professor,119182,Master's Colleges & Universities: Larger Programs,8991,TX,"Public, 4-year or above"
226152,Texas A & M International University,Assistant Professor,80014,Master's Colleges & Universities: Larger Programs,8991,TX,"Public, 4-year or above"
228723,Texas A & M University-College Station,Full Professor,187611,"Doctoral Universities: Very High Research Activity
",78321,TX,"Public, 4-year or above"
228723,Texas A & M University-College Station,Assistant Professor,116013,"Doctoral Universities: Very High Research Activity
",78321,TX,"Public, 4-year or above"
224554,Texas A & M University-Commerce,Full Professor,97995,"Doctoral/Professional Universities
",13252,TX,"Public, 4-year or above"
224554,Texas A & M University-Commerce,Assistant Professor,68835,"Doctoral/Professional Universities
",13252,TX,"Public, 4-year or above"
224147,Texas A & M University-Corpus Christi,Full Professor,114215,"Doctoral Universities: High Research Activity
",11266,TX,"Public, 4-year or above"
224147,Texas A & M University-Corpus Christi,Assistant Professor,77121,"Doctoral Universities: High Research Activity
",11266,TX,"Public, 4-year or above"
228705,Texas A & M University-Kingsville,Full Professor,99700,"Doctoral Universities: High Research Activity
",6864,TX,"Public, 4-year or above"
228705,Texas A & M University-Kingsville,Assistant Professor,69727,"Doctoral Universities: High Research Activity
",6864,TX,"Public, 4-year or above"
483036,Texas A&M University-Central Texas,Full Professor,101985,Master's Colleges & Universities: Medium Programs,2403,TX,"Public, 4-year or above"
483036,Texas A&M University-Central Texas,Assistant Professor,82641,Master's Colleges & Universities: Medium Programs,2403,TX,"Public, 4-year or above"
459949,Texas A&M University-San Antonio,Full Professor,101827,Master's Colleges & Universities: Larger Programs,7956,TX,"Public, 4-year or above"
459949,Texas A&M University-San Antonio,Assistant Professor,83278,Master's Colleges & Universities: Larger Programs,7956,TX,"Public, 4-year or above"
224545,Texas A&M University-Texarkana,Full Professor,94842,Master's Colleges & Universities: Medium Programs,2412,TX,"Public, 4-year or above"
224545,Texas A&M University-Texarkana,Assistant Professor,77853,Master's Colleges & Universities: Medium Programs,2412,TX,"Public, 4-year or above"
228866,Texas Chiropractic College Foundation Inc,Full Professor,80232,Special Focus Four-Year: Other Health Professions Schools,261,TX,"Private not-for-profit, 4-year or above"
228866,Texas Chiropractic College Foundation Inc,Assistant Professor,54183,Special Focus Four-Year: Other Health Professions Schools,261,TX,"Private not-for-profit, 4-year or above"
228875,Texas Christian University,Full Professor,168828,"Doctoral Universities: High Research Activity
",12938,TX,"Private not-for-profit, 4-year or above"
228875,Texas Christian University,Assistant Professor,103969,"Doctoral Universities: High Research Activity
",12938,TX,"Private not-for-profit, 4-year or above"
228884,Texas College,Full Professor,56331,Baccalaureate Colleges: Diverse Fields,614,TX,"Private not-for-profit, 4-year or above"
228884,Texas College,Assistant Professor,47091,Baccalaureate Colleges: Diverse Fields,614,TX,"Private not-for-profit, 4-year or above"
228981,Texas Lutheran University,Full Professor,77609,Baccalaureate Colleges: Diverse Fields,1423,TX,"Private not-for-profit, 4-year or above"
228981,Texas Lutheran University,Assistant Professor,64602,Baccalaureate Colleges: Diverse Fields,1423,TX,"Private not-for-profit, 4-year or above"
229063,Texas Southern University,Full Professor,113700,"Doctoral Universities: High Research Activity
",8704,TX,"Public, 4-year or above"
229063,Texas Southern University,Assistant Professor,76491,"Doctoral Universities: High Research Activity
",8704,TX,"Public, 4-year or above"
228459,Texas State University,Full Professor,102209,"Doctoral Universities: High Research Activity
",40674,TX,"Public, 4-year or above"
228459,Texas State University,Assistant Professor,71761,"Doctoral Universities: High Research Activity
",40674,TX,"Public, 4-year or above"
229115,Texas Tech University,Full Professor,153333,"Doctoral Universities: Very High Research Activity
",40757,TX,"Public, 4-year or above"
229115,Texas Tech University,Assistant Professor,92847,"Doctoral Universities: Very High Research Activity
",40757,TX,"Public, 4-year or above"
229337,Texas Tech University Health Sciences Center,Full Professor,132997,Special Focus Four-Year: Research Institutions,5098,TX,"Public, 4-year or above"
229337,Texas Tech University Health Sciences Center,Assistant Professor,76329,Special Focus Four-Year: Research Institutions,5098,TX,"Public, 4-year or above"
492689,Texas Tech University Health Sciences Center-El Paso,Full Professor,137415,Special Focus Four-Year: Medical Schools & Centers,997,TX,"Public, 4-year or above"
492689,Texas Tech University Health Sciences Center-El Paso,Assistant Professor,98086,Special Focus Four-Year: Medical Schools & Centers,997,TX,"Public, 4-year or above"
229160,Texas Wesleyan University,Full Professor,83224,"Doctoral/Professional Universities
",2487,TX,"Private not-for-profit, 4-year or above"
229160,Texas Wesleyan University,Assistant Professor,79293,"Doctoral/Professional Universities
",2487,TX,"Private not-for-profit, 4-year or above"
229179,Texas Woman's University,Full Professor,107730,"Doctoral/Professional Universities
",15361,TX,"Public, 4-year or above"
229179,Texas Woman's University,Assistant Professor,73549,"Doctoral/Professional Universities
",15361,TX,"Public, 4-year or above"
131283,The Catholic University of America,Full Professor,126873,"Doctoral Universities: High Research Activity
",5243,DC,"Private not-for-profit, 4-year or above"
131283,The Catholic University of America,Assistant Professor,88323,"Doctoral Universities: High Research Activity
",5243,DC,"Private not-for-profit, 4-year or above"
455433,The Chicago School at Anaheim,Full Professor,84631,Special Focus Four-Year: Other Health Professions Schools,523,CA,"Private not-for-profit, 4-year or above"
455433,The Chicago School at Anaheim,Assistant Professor,60300,Special Focus Four-Year: Other Health Professions Schools,523,CA,"Private not-for-profit, 4-year or above"
143978,The Chicago School at Chicago,Full Professor,77348,Special Focus Four-Year: Other Health Professions Schools,1100,IL,"Private not-for-profit, 4-year or above"
143978,The Chicago School at Chicago,Assistant Professor,69372,Special Focus Four-Year: Other Health Professions Schools,1100,IL,"Private not-for-profit, 4-year or above"
492607,The Chicago School at Dallas,Full Professor,92438,Special Focus Four-Year: Other Health Professions Schools,219,TX,"Private not-for-profit, 4-year or above"
492607,The Chicago School at Dallas,Assistant Professor,65598,Special Focus Four-Year: Other Health Professions Schools,219,TX,"Private not-for-profit, 4-year or above"
455664,The Chicago School at Los Angeles,Full Professor,88716,Special Focus Four-Year: Other Health Professions Schools,3344,CA,"Private not-for-profit, 4-year or above"
455664,The Chicago School at Los Angeles,Assistant Professor,63024,Special Focus Four-Year: Other Health Professions Schools,3344,CA,"Private not-for-profit, 4-year or above"
491190,The Chicago School at San Diego,Assistant Professor,69829,Special Focus Four-Year: Other Health Professions Schools,112,CA,"Private not-for-profit, 4-year or above"
459745,The Chicago School at Washington DC,Full Professor,67709,Special Focus Four-Year: Other Health Professions Schools,564,DC,"Private not-for-profit, 4-year or above"
459745,The Chicago School at Washington DC,Assistant Professor,58706,Special Focus Four-Year: Other Health Professions Schools,564,DC,"Private not-for-profit, 4-year or above"
487153,The Chicago School at Xavier University of Louisiana,Assistant Professor,65148,"Not applicable, not in Carnegie universe (not accredited or nondegree-granting)",20,LA,"Private not-for-profit, 4-year or above"
201821,The Christ College of Nursing and Health Sciences,Full Professor,92714,Special Focus Four-Year: Other Health Professions Schools,717,OH,"Private not-for-profit, 4-year or above"
201821,The Christ College of Nursing and Health Sciences,Assistant Professor,64501,Special Focus Four-Year: Other Health Professions Schools,717,OH,"Private not-for-profit, 4-year or above"
142294,The College of Idaho,Full Professor,81101,Baccalaureate Colleges: Diverse Fields,1090,ID,"Private not-for-profit, 4-year or above"
142294,The College of Idaho,Assistant Professor,62637,Baccalaureate Colleges: Diverse Fields,1090,ID,"Private not-for-profit, 4-year or above"
187134,The College of New Jersey,Full Professor,132272,Master's Colleges & Universities: Larger Programs,8141,NJ,"Public, 4-year or above"
187134,The College of New Jersey,Assistant Professor,88898,Master's Colleges & Universities: Larger Programs,8141,NJ,"Public, 4-year or above"
174899,The College of Saint Scholastica,Full Professor,82524,"Doctoral/Professional Universities
",2930,MN,"Private not-for-profit, 4-year or above"
174899,The College of Saint Scholastica,Assistant Professor,64228,"Doctoral/Professional Universities
",2930,MN,"Private not-for-profit, 4-year or above"
206589,The College of Wooster,Full Professor,98554,Baccalaureate Colleges: Arts & Sciences Focus,1738,OH,"Private not-for-profit, 4-year or above"
206589,The College of Wooster,Assistant Professor,66048,Baccalaureate Colleges: Arts & Sciences Focus,1738,OH,"Private not-for-profit, 4-year or above"
133960,The College of the Florida Keys,Full Professor,75335,Baccalaureate/Associate's Colleges: Associate's Dominant,1025,FL,"Public, 4-year or above"
133960,The College of the Florida Keys,Assistant Professor,66959,Baccalaureate/Associate's Colleges: Associate's Dominant,1025,FL,"Public, 4-year or above"
125037,The Colleges of Law at Ventura,Full Professor,71611,Special Focus Four-Year: Law Schools,288,CA,"Private not-for-profit, 4-year or above"
190372,The Cooper Union for the Advancement of Science and Art,Full Professor,151120,Baccalaureate Colleges: Diverse Fields,933,NY,"Private not-for-profit, 4-year or above"
190372,The Cooper Union for the Advancement of Science and Art,Assistant Professor,102692,Baccalaureate Colleges: Diverse Fields,933,NY,"Private not-for-profit, 4-year or above"
439701,The King's University,Full Professor,79875,Special Focus Four-Year: Faith-Related Institutions,540,TX,"Private not-for-profit, 4-year or above"
439701,The King's University,Assistant Professor,65138,Special Focus Four-Year: Faith-Related Institutions,540,TX,"Private not-for-profit, 4-year or above"
117751,The Master's University and Seminary,Full Professor,73065,"Doctoral/Professional Universities
",2860,CA,"Private not-for-profit, 4-year or above"
117751,The Master's University and Seminary,Assistant Professor,71568,"Doctoral/Professional Universities
",2860,CA,"Private not-for-profit, 4-year or above"
193654,The New School,Full Professor,161572,"Doctoral Universities: High Research Activity
",9068,NY,"Private not-for-profit, 4-year or above"
193654,The New School,Assistant Professor,98644,"Doctoral Universities: High Research Activity
",9068,NY,"Private not-for-profit, 4-year or above"
195049,The Rockefeller University,Full Professor,283086,Special Focus Four-Year: Research Institutions,281,NY,"Private not-for-profit, 4-year or above"
195049,The Rockefeller University,Assistant Professor,113973,Special Focus Four-Year: Research Institutions,281,NY,"Private not-for-profit, 4-year or above"
441131,The Seattle School of Theology & Psychology,Full Professor,100577,Special Focus Four-Year: Other Health Professions Schools,243,WA,"Private not-for-profit, 4-year or above"
441131,The Seattle School of Theology & Psychology,Assistant Professor,52890,Special Focus Four-Year: Other Health Professions Schools,243,WA,"Private not-for-profit, 4-year or above"
157748,The Southern Baptist Theological Seminary,Full Professor,83503,Special Focus Four-Year: Faith-Related Institutions,4298,KY,"Private not-for-profit, 4-year or above"
157748,The Southern Baptist Theological Seminary,Assistant Professor,56838,Special Focus Four-Year: Faith-Related Institutions,4298,KY,"Private not-for-profit, 4-year or above"
100751,The University of Alabama,Full Professor,167053,"Doctoral Universities: Very High Research Activity
",40846,AL,"Public, 4-year or above"
100751,The University of Alabama,Assistant Professor,84306,"Doctoral Universities: Very High Research Activity
",40846,AL,"Public, 4-year or above"
202763,The University of Findlay,Full Professor,82949,"Doctoral/Professional Universities
",5016,OH,"Private not-for-profit, 4-year or above"
202763,The University of Findlay,Assistant Professor,66878,"Doctoral/Professional Universities
",5016,OH,"Private not-for-profit, 4-year or above"
180489,The University of Montana,Full Professor,100075,"Doctoral Universities: Very High Research Activity
",10811,MT,"Public, 4-year or above"
180489,The University of Montana,Assistant Professor,67797,"Doctoral Universities: Very High Research Activity
",10811,MT,"Public, 4-year or above"
180692,The University of Montana-Western,Full Professor,80230,Baccalaureate Colleges: Diverse Fields,1358,MT,"Public, 4-year or above"
180692,The University of Montana-Western,Assistant Professor,87969,Baccalaureate Colleges: Diverse Fields,1358,MT,"Public, 4-year or above"
171599,The University of Olivet,Full Professor,68588,Baccalaureate Colleges: Diverse Fields,979,MI,"Private not-for-profit, 4-year or above"
171599,The University of Olivet,Assistant Professor,47819,Baccalaureate Colleges: Diverse Fields,979,MI,"Private not-for-profit, 4-year or above"
137847,The University of Tampa,Full Professor,129731,Master's Colleges & Universities: Larger Programs,11433,FL,"Private not-for-profit, 4-year or above"
137847,The University of Tampa,Assistant Professor,92471,Master's Colleges & Universities: Larger Programs,11433,FL,"Private not-for-profit, 4-year or above"
487010,The University of Tennessee Health Science Center,Full Professor,158124,Special Focus Four-Year: Research Institutions,3101,TN,"Public, 4-year or above"
487010,The University of Tennessee Health Science Center,Assistant Professor,96061,Special Focus Four-Year: Research Institutions,3101,TN,"Public, 4-year or above"
220701,The University of Tennessee Southern,Full Professor,64267,Baccalaureate Colleges: Diverse Fields,1046,TN,"Public, 4-year or above"
220701,The University of Tennessee Southern,Assistant Professor,58636,Baccalaureate Colleges: Diverse Fields,1046,TN,"Public, 4-year or above"
221740,The University of Tennessee-Chattanooga,Full Professor,130780,"Doctoral/Professional Universities
",11775,TN,"Public, 4-year or above"
221740,The University of Tennessee-Chattanooga,Assistant Professor,78823,"Doctoral/Professional Universities
",11775,TN,"Public, 4-year or above"
221759,The University of Tennessee-Knoxville,Full Professor,169285,"Doctoral Universities: Very High Research Activity
",38728,TN,"Public, 4-year or above"
221759,The University of Tennessee-Knoxville,Assistant Professor,96691,"Doctoral Universities: Very High Research Activity
",38728,TN,"Public, 4-year or above"
221768,The University of Tennessee-Martin,Full Professor,90627,Master's Colleges & Universities: Medium Programs,7499,TN,"Public, 4-year or above"
221768,The University of Tennessee-Martin,Assistant Professor,72539,Master's Colleges & Universities: Medium Programs,7499,TN,"Public, 4-year or above"
229300,The University of Texas Health Science Center at Houston,Full Professor,144795,Special Focus Four-Year: Research Institutions,4938,TX,"Public, 4-year or above"
229300,The University of Texas Health Science Center at Houston,Assistant Professor,92726,Special Focus Four-Year: Research Institutions,4938,TX,"Public, 4-year or above"
228644,The University of Texas Health Science Center at San Antonio,Full Professor,162617,Special Focus Four-Year: Research Institutions,3786,TX,"Public, 4-year or above"
228644,The University of Texas Health Science Center at San Antonio,Assistant Professor,85078,Special Focus Four-Year: Research Institutions,3786,TX,"Public, 4-year or above"
416801,The University of Texas MD Anderson Cancer Center,Full Professor,256557,Special Focus Four-Year: Other Health Professions Schools,359,TX,"Public, 4-year or above"
228653,The University of Texas Medical Branch at Galveston,Full Professor,147896,Special Focus Four-Year: Research Institutions,3241,TX,"Public, 4-year or above"
228653,The University of Texas Medical Branch at Galveston,Assistant Professor,86261,Special Focus Four-Year: Research Institutions,3241,TX,"Public, 4-year or above"
229018,The University of Texas Permian Basin,Full Professor,105974,Master's Colleges & Universities: Larger Programs,5585,TX,"Public, 4-year or above"
229018,The University of Texas Permian Basin,Assistant Professor,81610,Master's Colleges & Universities: Larger Programs,5585,TX,"Public, 4-year or above"
227368,The University of Texas Rio Grande Valley,Full Professor,107034,"Doctoral Universities: High Research Activity
",33881,TX,"Public, 4-year or above"
227368,The University of Texas Rio Grande Valley,Assistant Professor,85574,"Doctoral Universities: High Research Activity
",33881,TX,"Public, 4-year or above"
228769,The University of Texas at Arlington,Full Professor,149778,"Doctoral Universities: Very High Research Activity
",44956,TX,"Public, 4-year or above"
228769,The University of Texas at Arlington,Assistant Professor,88010,"Doctoral Universities: Very High Research Activity
",44956,TX,"Public, 4-year or above"
228778,The University of Texas at Austin,Full Professor,204231,"Doctoral Universities: Very High Research Activity
",53864,TX,"Public, 4-year or above"
228778,The University of Texas at Austin,Assistant Professor,124880,"Doctoral Universities: Very High Research Activity
",53864,TX,"Public, 4-year or above"
228787,The University of Texas at Dallas,Full Professor,201928,"Doctoral Universities: Very High Research Activity
",29886,TX,"Public, 4-year or above"
228787,The University of Texas at Dallas,Assistant Professor,134081,"Doctoral Universities: Very High Research Activity
",29886,TX,"Public, 4-year or above"
228796,The University of Texas at El Paso,Full Professor,132430,"Doctoral Universities: Very High Research Activity
",25039,TX,"Public, 4-year or above"
228796,The University of Texas at El Paso,Assistant Professor,91299,"Doctoral Universities: Very High Research Activity
",25039,TX,"Public, 4-year or above"
229027,The University of Texas at San Antonio,Full Professor,123796,"Doctoral Universities: Very High Research Activity
",35770,TX,"Public, 4-year or above"
229027,The University of Texas at San Antonio,Assistant Professor,77802,"Doctoral Universities: Very High Research Activity
",35770,TX,"Public, 4-year or above"
228802,The University of Texas at Tyler,Full Professor,138031,"Doctoral Universities: High Research Activity
",10362,TX,"Public, 4-year or above"
228802,The University of Texas at Tyler,Assistant Professor,80469,"Doctoral Universities: High Research Activity
",10362,TX,"Public, 4-year or above"
221519,The University of the South,Full Professor,117941,Baccalaureate Colleges: Arts & Sciences Focus,1724,TN,"Private not-for-profit, 4-year or above"
221519,The University of the South,Assistant Professor,69500,Baccalaureate Colleges: Arts & Sciences Focus,1724,TN,"Private not-for-profit, 4-year or above"
126012,The Wright Institute,Full Professor,111308,Special Focus Four-Year: Other Health Professions Schools,518,CA,"Private not-for-profit, 4-year or above"
126012,The Wright Institute,Assistant Professor,124648,Special Focus Four-Year: Other Health Professions Schools,518,CA,"Private not-for-profit, 4-year or above"
216348,Theological Seminary of the Reformed Episcopal Church,Full Professor,17175,Special Focus Four-Year: Faith-Related Institutions,12,PA,"Private not-for-profit, 4-year or above"
216348,Theological Seminary of the Reformed Episcopal Church,Assistant Professor,21250,Special Focus Four-Year: Faith-Related Institutions,12,PA,"Private not-for-profit, 4-year or above"
216357,Thiel College,Full Professor,73435,Baccalaureate Colleges: Diverse Fields,950,PA,"Private not-for-profit, 4-year or above"
216357,Thiel College,Assistant Professor,61738,Baccalaureate Colleges: Diverse Fields,950,PA,"Private not-for-profit, 4-year or above"
161563,Thomas College,Full Professor,80788,Master's Colleges & Universities: Small Programs,1635,ME,"Private not-for-profit, 4-year or above"
161563,Thomas College,Assistant Professor,58169,Master's Colleges & Universities: Small Programs,1635,ME,"Private not-for-profit, 4-year or above"
126049,Thomas Jefferson School of Law,Full Professor,117019,Special Focus Four-Year: Law Schools,262,CA,"Private not-for-profit, 4-year or above"
126049,Thomas Jefferson School of Law,Assistant Professor,85000,Special Focus Four-Year: Law Schools,262,CA,"Private not-for-profit, 4-year or above"
216366,Thomas Jefferson University,Full Professor,134829,"Doctoral Universities: High Research Activity
",8238,PA,"Private not-for-profit, 4-year or above"
216366,Thomas Jefferson University,Assistant Professor,84249,"Doctoral Universities: High Research Activity
",8238,PA,"Private not-for-profit, 4-year or above"
172477,Thomas M Cooley Law School,Full Professor,119095,Special Focus Four-Year: Law Schools,420,MI,"Private not-for-profit, 4-year or above"
157809,Thomas More University,Full Professor,72677,Master's Colleges & Universities: Small Programs,2350,KY,"Private not-for-profit, 4-year or above"
157809,Thomas More University,Assistant Professor,54576,Master's Colleges & Universities: Small Programs,2350,KY,"Private not-for-profit, 4-year or above"
141167,Thomas University,Full Professor,73980,Master's Colleges & Universities: Medium Programs,1471,GA,"Private not-for-profit, 4-year or above"
141167,Thomas University,Assistant Professor,43483,Master's Colleges & Universities: Medium Programs,1471,GA,"Private not-for-profit, 4-year or above"
206048,Tiffin University,Full Professor,76279,Master's Colleges & Universities: Larger Programs,3831,OH,"Private not-for-profit, 4-year or above"
206048,Tiffin University,Assistant Professor,59979,Master's Colleges & Universities: Larger Programs,3831,OH,"Private not-for-profit, 4-year or above"
141185,Toccoa Falls College,Full Professor,57905,Baccalaureate Colleges: Diverse Fields,3067,GA,"Private not-for-profit, 4-year or above"
141185,Toccoa Falls College,Assistant Professor,53759,Baccalaureate Colleges: Diverse Fields,3067,GA,"Private not-for-profit, 4-year or above"
176406,Tougaloo College,Full Professor,42652,Baccalaureate Colleges: Arts & Sciences Focus,1301,MS,"Private not-for-profit, 4-year or above"
176406,Tougaloo College,Assistant Professor,35958,Baccalaureate Colleges: Arts & Sciences Focus,1301,MS,"Private not-for-profit, 4-year or above"
196592,Touro University,Full Professor,125430,"Doctoral/Professional Universities
",11937,NY,"Private not-for-profit, 4-year or above"
196592,Touro University,Assistant Professor,86886,"Doctoral/Professional Universities
",11937,NY,"Private not-for-profit, 4-year or above"
459736,Touro University California,Full Professor,115765,Special Focus Four-Year: Medical Schools & Centers,1144,CA,"Private not-for-profit, 4-year or above"
459736,Touro University California,Assistant Professor,90244,Special Focus Four-Year: Medical Schools & Centers,1144,CA,"Private not-for-profit, 4-year or above"
459824,Touro University Nevada,Full Professor,94201,Special Focus Four-Year: Medical Schools & Centers,1600,NV,"Private not-for-profit, 4-year or above"
459824,Touro University Nevada,Assistant Professor,86075,Special Focus Four-Year: Medical Schools & Centers,1600,NV,"Private not-for-profit, 4-year or above"
459727,Touro University Worldwide,Full Professor,71987,Master's Colleges & Universities: Larger Programs,2358,CA,"Private not-for-profit, 4-year or above"
459727,Touro University Worldwide,Assistant Professor,55680,Master's Colleges & Universities: Larger Programs,2358,CA,"Private not-for-profit, 4-year or above"
164076,Towson University,Full Professor,115714,Master's Colleges & Universities: Larger Programs,19401,MD,"Public, 4-year or above"
164076,Towson University,Assistant Professor,82876,Master's Colleges & Universities: Larger Programs,19401,MD,"Public, 4-year or above"
157818,Transylvania University,Full Professor,105892,Baccalaureate Colleges: Arts & Sciences Focus,1006,KY,"Private not-for-profit, 4-year or above"
157818,Transylvania University,Assistant Professor,66068,Baccalaureate Colleges: Arts & Sciences Focus,1006,KY,"Private not-for-profit, 4-year or above"
221892,Trevecca Nazarene University,Full Professor,73716,"Doctoral/Professional Universities
",3195,TN,"Private not-for-profit, 4-year or above"
221892,Trevecca Nazarene University,Assistant Professor,64500,"Doctoral/Professional Universities
",3195,TN,"Private not-for-profit, 4-year or above"
152567,Trine University,Full Professor,108854,Baccalaureate Colleges: Diverse Fields,4646,IN,"Private not-for-profit, 4-year or above"
152567,Trine University,Assistant Professor,63184,Baccalaureate Colleges: Diverse Fields,4646,IN,"Private not-for-profit, 4-year or above"
128258,Trinidad State College,Full Professor,56497,Associate's Colleges: Mixed Transfer/Career & Technical-Mixed Traditional/Nontraditional,1613,CO,"Public, 4-year or above"
137953,Trinity Baptist College,Full Professor,55720,Baccalaureate Colleges: Diverse Fields,427,FL,"Private not-for-profit, 4-year or above"
137953,Trinity Baptist College,Assistant Professor,42766,Baccalaureate Colleges: Diverse Fields,427,FL,"Private not-for-profit, 4-year or above"
200484,Trinity Bible College and Graduate School,Full Professor,61737,Special Focus Four-Year: Faith-Related Institutions,275,ND,"Private not-for-profit, 4-year or above"
200484,Trinity Bible College and Graduate School,Assistant Professor,39205,Special Focus Four-Year: Faith-Related Institutions,275,ND,"Private not-for-profit, 4-year or above"
149505,Trinity Christian College,Full Professor,75099,Baccalaureate Colleges: Diverse Fields,854,IL,"Private not-for-profit, 4-year or above"
149505,Trinity Christian College,Assistant Professor,62189,Baccalaureate Colleges: Diverse Fields,854,IL,"Private not-for-profit, 4-year or above"
130590,Trinity College,Full Professor,149182,Baccalaureate Colleges: Arts & Sciences Focus,2238,CT,"Private not-for-profit, 4-year or above"
130590,Trinity College,Assistant Professor,92235,Baccalaureate Colleges: Arts & Sciences Focus,2238,CT,"Private not-for-profit, 4-year or above"
137962,Trinity College of Florida,Full Professor,53550,Baccalaureate Colleges: Diverse Fields,152,FL,"Private not-for-profit, 4-year or above"
137962,Trinity College of Florida,Assistant Professor,50963,Baccalaureate Colleges: Diverse Fields,152,FL,"Private not-for-profit, 4-year or above"
146755,Trinity College of Nursing & Health Sciences,Full Professor,67354,Special Focus Four-Year: Other Health Professions Schools,65,IL,"Private not-for-profit, 4-year or above"
146755,Trinity College of Nursing & Health Sciences,Assistant Professor,62649,Special Focus Four-Year: Other Health Professions Schools,65,IL,"Private not-for-profit, 4-year or above"
216463,Trinity Episcopal School for Ministry,Full Professor,80672,Special Focus Four-Year: Faith-Related Institutions,169,PA,"Private not-for-profit, 4-year or above"
216463,Trinity Episcopal School for Ministry,Assistant Professor,60651,Special Focus Four-Year: Faith-Related Institutions,169,PA,"Private not-for-profit, 4-year or above"
149514,Trinity International University-Illinois,Full Professor,69787,"Doctoral/Professional Universities
",869,IL,"Private not-for-profit, 4-year or above"
149514,Trinity International University-Illinois,Assistant Professor,50224,"Doctoral/Professional Universities
",869,IL,"Private not-for-profit, 4-year or above"
123448,Trinity Law School,Full Professor,150000,Special Focus Four-Year: Law Schools,273,CA,"Private not-for-profit, 4-year or above"
123448,Trinity Law School,Assistant Professor,90000,Special Focus Four-Year: Law Schools,273,CA,"Private not-for-profit, 4-year or above"
229267,Trinity University,Full Professor,137200,Baccalaureate Colleges: Arts & Sciences Focus,2687,TX,"Private not-for-profit, 4-year or above"
229267,Trinity University,Assistant Professor,90525,Baccalaureate Colleges: Arts & Sciences Focus,2687,TX,"Private not-for-profit, 4-year or above"
131876,Trinity Washington University,Full Professor,82970,Master's Colleges & Universities: Medium Programs,1948,DC,"Private not-for-profit, 4-year or above"
131876,Trinity Washington University,Assistant Professor,73502,Master's Colleges & Universities: Medium Programs,1948,DC,"Private not-for-profit, 4-year or above"
196653,Trocaire College,Full Professor,93811,Special Focus Four-Year: Other Health Professions Schools,1069,NY,"Private not-for-profit, 4-year or above"
196653,Trocaire College,Assistant Professor,69334,Special Focus Four-Year: Other Health Professions Schools,1069,NY,"Private not-for-profit, 4-year or above"
102368,Troy University,Full Professor,83182,Master's Colleges & Universities: Larger Programs,13658,AL,"Public, 4-year or above"
102368,Troy University,Assistant Professor,70168,Master's Colleges & Universities: Larger Programs,13658,AL,"Public, 4-year or above"
182500,Truckee Meadows Community College,Full Professor,101206,Baccalaureate/Associate's Colleges: Associate's Dominant,10885,NV,"Public, 4-year or above"
141237,Truett McConnell University,Full Professor,45931,Baccalaureate Colleges: Diverse Fields,2615,GA,"Private not-for-profit, 4-year or above"
141237,Truett McConnell University,Assistant Professor,41517,Baccalaureate Colleges: Diverse Fields,2615,GA,"Private not-for-profit, 4-year or above"
178615,Truman State University,Full Professor,79225,Master's Colleges & Universities: Medium Programs,3664,MO,"Public, 4-year or above"
178615,Truman State University,Assistant Professor,61643,Master's Colleges & Universities: Medium Programs,3664,MO,"Public, 4-year or above"
168148,Tufts University,Full Professor,177792,"Doctoral Universities: Very High Research Activity
",13599,MA,"Private not-for-profit, 4-year or above"
168148,Tufts University,Assistant Professor,106998,"Doctoral Universities: Very High Research Activity
",13599,MA,"Private not-for-profit, 4-year or above"
160755,Tulane University of Louisiana,Full Professor,170862,"Doctoral Universities: Very High Research Activity
",13310,LA,"Private not-for-profit, 4-year or above"
160755,Tulane University of Louisiana,Assistant Professor,106823,"Doctoral Universities: Very High Research Activity
",13310,LA,"Private not-for-profit, 4-year or above"
221953,Tusculum University,Full Professor,50743,Master's Colleges & Universities: Medium Programs,1103,TN,"Private not-for-profit, 4-year or above"
221953,Tusculum University,Assistant Professor,43013,Master's Colleges & Universities: Medium Programs,1103,TN,"Private not-for-profit, 4-year or above"
102377,Tuskegee University,Full Professor,89304,Master's Colleges & Universities: Medium Programs,3121,AL,"Private not-for-profit, 4-year or above"
102377,Tuskegee University,Assistant Professor,48315,Master's Colleges & Universities: Medium Programs,3121,AL,"Private not-for-profit, 4-year or above"
229355,Tyler Junior College,Full Professor,56833,Baccalaureate/Associate's Colleges: Associate's Dominant,11885,TX,"Public, 4-year or above"
181738,Union Adventist University,Full Professor,62030,Baccalaureate Colleges: Diverse Fields,729,NE,"Private not-for-profit, 4-year or above"
181738,Union Adventist University,Assistant Professor,59991,Baccalaureate Colleges: Diverse Fields,729,NE,"Private not-for-profit, 4-year or above"
491525,Union Bible College,Full Professor,11790,Special Focus Four-Year: Faith-Related Institutions,218,IN,"Private not-for-profit, 4-year or above"
196866,Union College,Full Professor,140328,Baccalaureate Colleges: Arts & Sciences Focus,2065,NY,"Private not-for-profit, 4-year or above"
157863,Union College,Full Professor,55577,Master's Colleges & Universities: Small Programs,1324,KY,"Private not-for-profit, 4-year or above"
196866,Union College,Assistant Professor,87212,Baccalaureate Colleges: Arts & Sciences Focus,2065,NY,"Private not-for-profit, 4-year or above"
157863,Union College,Assistant Professor,49679,Master's Colleges & Universities: Small Programs,1324,KY,"Private not-for-profit, 4-year or above"
233842,Union Presbyterian Seminary,Full Professor,95991,Special Focus Four-Year: Faith-Related Institutions,159,VA,"Private not-for-profit, 4-year or above"
233842,Union Presbyterian Seminary,Assistant Professor,61485,Special Focus Four-Year: Faith-Related Institutions,159,VA,"Private not-for-profit, 4-year or above"
196884,Union Theological Seminary in the City of New York,Full Professor,124793,Special Focus Four-Year: Faith-Related Institutions,234,NY,"Private not-for-profit, 4-year or above"
196884,Union Theological Seminary in the City of New York,Assistant Professor,66976,Special Focus Four-Year: Faith-Related Institutions,234,NY,"Private not-for-profit, 4-year or above"
221971,Union University,Full Professor,84671,"Doctoral/Professional Universities
",2713,TN,"Private not-for-profit, 4-year or above"
221971,Union University,Assistant Professor,64727,"Doctoral/Professional Universities
",2713,TN,"Private not-for-profit, 4-year or above"
213631,United Lutheran Seminary,Full Professor,75034,Special Focus Four-Year: Faith-Related Institutions,254,PA,"Private not-for-profit, 4-year or above"
213631,United Lutheran Seminary,Assistant Professor,73152,Special Focus Four-Year: Faith-Related Institutions,254,PA,"Private not-for-profit, 4-year or above"
128328,United States Air Force Academy,Full Professor,125028,Baccalaureate Colleges: Diverse Fields,4114,CO,"Public, 4-year or above"
128328,United States Air Force Academy,Assistant Professor,95345,Baccalaureate Colleges: Diverse Fields,4114,CO,"Public, 4-year or above"
130624,United States Coast Guard Academy,Full Professor,95543,Baccalaureate Colleges: Diverse Fields,1108,CT,"Public, 4-year or above"
130624,United States Coast Guard Academy,Assistant Professor,63739,Baccalaureate Colleges: Diverse Fields,1108,CT,"Public, 4-year or above"
197027,United States Merchant Marine Academy,Full Professor,143124,Baccalaureate Colleges: Diverse Fields,976,NY,"Public, 4-year or above"
197027,United States Merchant Marine Academy,Assistant Professor,97999,Baccalaureate Colleges: Diverse Fields,976,NY,"Public, 4-year or above"
197036,United States Military Academy,Full Professor,136804,Baccalaureate Colleges: Arts & Sciences Focus,4473,NY,"Public, 4-year or above"
197036,United States Military Academy,Assistant Professor,95803,Baccalaureate Colleges: Arts & Sciences Focus,4473,NY,"Public, 4-year or above"
164155,United States Naval Academy,Full Professor,149311,Baccalaureate Colleges: Arts & Sciences Focus,4474,MD,"Public, 4-year or above"
164155,United States Naval Academy,Assistant Professor,103683,Baccalaureate Colleges: Arts & Sciences Focus,4474,MD,"Public, 4-year or above"
102395,United States Sports Academy,Full Professor,83536,Special Focus Four-Year: Other Special Focus Institutions,367,AL,"Private not-for-profit, 4-year or above"
102395,United States Sports Academy,Assistant Professor,49125,Special Focus Four-Year: Other Special Focus Institutions,367,AL,"Private not-for-profit, 4-year or above"
197018,United Talmudical Seminary,Full Professor,48357,Special Focus Four-Year: Faith-Related Institutions,2241,NY,"Private not-for-profit, 4-year or above"
197018,United Talmudical Seminary,Assistant Professor,23313,Special Focus Four-Year: Faith-Related Institutions,2241,NY,"Private not-for-profit, 4-year or above"
206288,United Theological Seminary,Full Professor,73663,Special Focus Four-Year: Faith-Related Institutions,510,OH,"Private not-for-profit, 4-year or above"
206288,United Theological Seminary,Assistant Professor,59363,Special Focus Four-Year: Faith-Related Institutions,510,OH,"Private not-for-profit, 4-year or above"
175139,United Theological Seminary of the Twin Cities,Full Professor,78647,Special Focus Four-Year: Faith-Related Institutions,226,MN,"Private not-for-profit, 4-year or above"
175139,United Theological Seminary of the Twin Cities,Assistant Professor,47432,Special Focus Four-Year: Faith-Related Institutions,226,MN,"Private not-for-profit, 4-year or above"
161572,Unity Environmental University,Full Professor,54209,Master's Colleges & Universities: Small Programs,7165,ME,"Private not-for-profit, 4-year or above"
161572,Unity Environmental University,Assistant Professor,44454,Master's Colleges & Universities: Small Programs,7165,ME,"Private not-for-profit, 4-year or above"
376385,Universal Technology College of Puerto Rico,Full Professor,28191,Special Focus Four-Year: Other Health Professions Schools,149,PR,"Private not-for-profit, 4-year or above"
241191,Universidad Adventista de las Antillas,Full Professor,35738,Master's Colleges & Universities: Small Programs,939,PR,"Private not-for-profit, 4-year or above"
241191,Universidad Adventista de las Antillas,Assistant Professor,28941,Master's Colleges & Universities: Small Programs,939,PR,"Private not-for-profit, 4-year or above"
243346,Universidad Ana G. Mendez-Carolina Campus,Full Professor,46115,Master's Colleges & Universities: Larger Programs,5185,PR,"Private not-for-profit, 4-year or above"
243346,Universidad Ana G. Mendez-Carolina Campus,Assistant Professor,36781,Master's Colleges & Universities: Larger Programs,5185,PR,"Private not-for-profit, 4-year or above"
241739,Universidad Ana G. Mendez-Cupey Campus,Full Professor,50555,Master's Colleges & Universities: Larger Programs,6097,PR,"Private not-for-profit, 4-year or above"
241739,Universidad Ana G. Mendez-Cupey Campus,Assistant Professor,41126,Master's Colleges & Universities: Larger Programs,6097,PR,"Private not-for-profit, 4-year or above"
243601,Universidad Ana G. Mendez-Gurabo Campus,Full Professor,53297,"Doctoral/Professional Universities
",9909,PR,"Private not-for-profit, 4-year or above"
243601,Universidad Ana G. Mendez-Gurabo Campus,Assistant Professor,39106,"Doctoral/Professional Universities
",9909,PR,"Private not-for-profit, 4-year or above"
243568,Universidad Central Del Caribe,Full Professor,34200,Special Focus Four-Year: Medical Schools & Centers,604,PR,"Private not-for-profit, 4-year or above"
243568,Universidad Central Del Caribe,Assistant Professor,38080,Special Focus Four-Year: Medical Schools & Centers,604,PR,"Private not-for-profit, 4-year or above"
241225,Universidad Central de Bayamon,Full Professor,33053,Master's Colleges & Universities: Small Programs,698,PR,"Private not-for-profit, 4-year or above"
241225,Universidad Central de Bayamon,Assistant Professor,22320,Master's Colleges & Universities: Small Programs,698,PR,"Private not-for-profit, 4-year or above"
441690,Universidad Pentecostal Mizpa,Full Professor,7627,Special Focus Four-Year: Faith-Related Institutions,225,PR,"Private not-for-profit, 4-year or above"
243577,Universidad Politecnica de Puerto Rico,Full Professor,46328,Master's Colleges & Universities: Medium Programs,4223,PR,"Private not-for-profit, 4-year or above"
243577,Universidad Politecnica de Puerto Rico,Assistant Professor,30758,Master's Colleges & Universities: Medium Programs,4223,PR,"Private not-for-profit, 4-year or above"
241614,Universidad Teologica del Caribe,Full Professor,22843,Special Focus Four-Year: Faith-Related Institutions,266,PR,"Private not-for-profit, 4-year or above"
243443,Universidad del Sagrado Corazon,Full Professor,42231,Master's Colleges & Universities: Medium Programs,5037,PR,"Private not-for-profit, 4-year or above"
243443,Universidad del Sagrado Corazon,Assistant Professor,46811,Master's Colleges & Universities: Medium Programs,5037,PR,"Private not-for-profit, 4-year or above"
196060,University at Albany,Full Professor,135757,"Doctoral Universities: Very High Research Activity
",17560,NY,"Public, 4-year or above"
196060,University at Albany,Assistant Professor,81218,"Doctoral Universities: Very High Research Activity
",17560,NY,"Public, 4-year or above"
196088,University at Buffalo,Full Professor,156544,"Doctoral Universities: Very High Research Activity
",31903,NY,"Public, 4-year or above"
196088,University at Buffalo,Assistant Professor,85647,"Doctoral Universities: Very High Research Activity
",31903,NY,"Public, 4-year or above"
200800,University of Akron Main Campus,Full Professor,108338,"Doctoral Universities: High Research Activity
",13332,OH,"Public, 4-year or above"
200800,University of Akron Main Campus,Assistant Professor,85849,"Doctoral Universities: High Research Activity
",13332,OH,"Public, 4-year or above"
200846,University of Akron Wayne College,Full Professor,81431,Associate's Colleges: High Transfer-High Nontraditional,1411,OH,"Public, 4-year or above"
100663,University of Alabama at Birmingham,Full Professor,160333,"Doctoral Universities: Very High Research Activity
",20905,AL,"Public, 4-year or above"
100663,University of Alabama at Birmingham,Assistant Professor,88941,"Doctoral Universities: Very High Research Activity
",20905,AL,"Public, 4-year or above"
100706,University of Alabama in Huntsville,Full Professor,139459,"Doctoral Universities: Very High Research Activity
",8564,AL,"Public, 4-year or above"
100706,University of Alabama in Huntsville,Assistant Professor,90664,"Doctoral Universities: Very High Research Activity
",8564,AL,"Public, 4-year or above"
102553,University of Alaska Anchorage,Full Professor,112325,Master's Colleges & Universities: Larger Programs,10493,AK,"Public, 4-year or above"
102553,University of Alaska Anchorage,Assistant Professor,80152,Master's Colleges & Universities: Larger Programs,10493,AK,"Public, 4-year or above"
102614,University of Alaska Fairbanks,Full Professor,113962,"Doctoral Universities: High Research Activity
",6893,AK,"Public, 4-year or above"
102614,University of Alaska Fairbanks,Assistant Professor,81107,"Doctoral Universities: High Research Activity
",6893,AK,"Public, 4-year or above"
102632,University of Alaska Southeast,Full Professor,95879,Master's Colleges & Universities: Medium Programs,2000,AK,"Public, 4-year or above"
102632,University of Alaska Southeast,Assistant Professor,74807,Master's Colleges & Universities: Medium Programs,2000,AK,"Public, 4-year or above"
104179,University of Arizona,Full Professor,149081,"Doctoral Universities: Very High Research Activity
",56365,AZ,"Public, 4-year or above"
104179,University of Arizona,Assistant Professor,90846,"Doctoral Universities: Very High Research Activity
",56365,AZ,"Public, 4-year or above"
106397,University of Arkansas,Full Professor,143695,"Doctoral Universities: Very High Research Activity
",33610,AR,"Public, 4-year or above"
106397,University of Arkansas,Assistant Professor,85722,"Doctoral Universities: Very High Research Activity
",33610,AR,"Public, 4-year or above"
106245,University of Arkansas at Little Rock,Full Professor,93136,"Doctoral Universities: High Research Activity
",8216,AR,"Public, 4-year or above"
106245,University of Arkansas at Little Rock,Assistant Professor,72033,"Doctoral Universities: High Research Activity
",8216,AR,"Public, 4-year or above"
106485,University of Arkansas at Monticello,Full Professor,71721,Master's Colleges & Universities: Medium Programs,2856,AR,"Public, 4-year or above"
106485,University of Arkansas at Monticello,Assistant Professor,55689,Master's Colleges & Universities: Medium Programs,2856,AR,"Public, 4-year or above"
106412,University of Arkansas at Pine Bluff,Full Professor,65912,Baccalaureate Colleges: Diverse Fields,2005,AR,"Public, 4-year or above"
106412,University of Arkansas at Pine Bluff,Assistant Professor,57083,Baccalaureate Colleges: Diverse Fields,2005,AR,"Public, 4-year or above"
106263,University of Arkansas for Medical Sciences,Full Professor,165253,Special Focus Four-Year: Research Institutions,3485,AR,"Public, 4-year or above"
106263,University of Arkansas for Medical Sciences,Assistant Professor,75469,Special Focus Four-Year: Research Institutions,3485,AR,"Public, 4-year or above"
108092,University of Arkansas-Fort Smith,Full Professor,78697,Baccalaureate Colleges: Diverse Fields,5496,AR,"Public, 4-year or above"
108092,University of Arkansas-Fort Smith,Assistant Professor,61421,Baccalaureate Colleges: Diverse Fields,5496,AR,"Public, 4-year or above"
161873,University of Baltimore,Full Professor,160734,Master's Colleges & Universities: Larger Programs,3187,MD,"Public, 4-year or above"
161873,University of Baltimore,Assistant Professor,118360,Master's Colleges & Universities: Larger Programs,3187,MD,"Public, 4-year or above"
128744,University of Bridgeport,Full Professor,85729,"Doctoral/Professional Universities
",3838,CT,"Private not-for-profit, 4-year or above"
128744,University of Bridgeport,Assistant Professor,60874,"Doctoral/Professional Universities
",3838,CT,"Private not-for-profit, 4-year or above"
110398,University of California College of the Law-San Francisco,Full Professor,200422,Special Focus Four-Year: Law Schools,1195,CA,"Public, 4-year or above"
110635,University of California-Berkeley,Full Professor,255644,"Doctoral Universities: Very High Research Activity
",45882,CA,"Public, 4-year or above"
110635,University of California-Berkeley,Assistant Professor,140525,"Doctoral Universities: Very High Research Activity
",45882,CA,"Public, 4-year or above"
110644,University of California-Davis,Full Professor,212624,"Doctoral Universities: Very High Research Activity
",40065,CA,"Public, 4-year or above"
110644,University of California-Davis,Assistant Professor,126496,"Doctoral Universities: Very High Research Activity
",40065,CA,"Public, 4-year or above"
110653,University of California-Irvine,Full Professor,221991,"Doctoral Universities: Very High Research Activity
",37297,CA,"Public, 4-year or above"
110653,University of California-Irvine,Assistant Professor,125375,"Doctoral Universities: Very High Research Activity
",37297,CA,"Public, 4-year or above"
110662,University of California-Los Angeles,Full Professor,279180,"Doctoral Universities: Very High Research Activity
",47335,CA,"Public, 4-year or above"
110662,University of California-Los Angeles,Assistant Professor,132775,"Doctoral Universities: Very High Research Activity
",47335,CA,"Public, 4-year or above"
445188,University of California-Merced,Full Professor,185695,"Doctoral Universities: High Research Activity
",9110,CA,"Public, 4-year or above"
445188,University of California-Merced,Assistant Professor,118602,"Doctoral Universities: High Research Activity
",9110,CA,"Public, 4-year or above"
110671,University of California-Riverside,Full Professor,207654,"Doctoral Universities: Very High Research Activity
",26384,CA,"Public, 4-year or above"
110671,University of California-Riverside,Assistant Professor,118147,"Doctoral Universities: Very High Research Activity
",26384,CA,"Public, 4-year or above"
110680,University of California-San Diego,Full Professor,230298,"Doctoral Universities: Very High Research Activity
",44256,CA,"Public, 4-year or above"
110680,University of California-San Diego,Assistant Professor,131849,"Doctoral Universities: Very High Research Activity
",44256,CA,"Public, 4-year or above"
110699,University of California-San Francisco,Full Professor,172176,Special Focus Four-Year: Research Institutions,3007,CA,"Public, 4-year or above"
110699,University of California-San Francisco,Assistant Professor,96631,Special Focus Four-Year: Research Institutions,3007,CA,"Public, 4-year or above"
110705,University of California-Santa Barbara,Full Professor,247579,"Doctoral Universities: Very High Research Activity
",26133,CA,"Public, 4-year or above"
110705,University of California-Santa Barbara,Assistant Professor,127952,"Doctoral Universities: Very High Research Activity
",26133,CA,"Public, 4-year or above"
110714,University of California-Santa Cruz,Full Professor,217542,"Doctoral Universities: Very High Research Activity
",19938,CA,"Public, 4-year or above"
110714,University of California-Santa Cruz,Assistant Professor,126404,"Doctoral Universities: Very High Research Activity
",19938,CA,"Public, 4-year or above"
106704,University of Central Arkansas,Full Professor,83762,"Doctoral/Professional Universities
",10112,AR,"Public, 4-year or above"
106704,University of Central Arkansas,Assistant Professor,66905,"Doctoral/Professional Universities
",10112,AR,"Public, 4-year or above"
132903,University of Central Florida,Full Professor,157157,"Doctoral Universities: Very High Research Activity
",69713,FL,"Public, 4-year or above"
132903,University of Central Florida,Assistant Professor,91745,"Doctoral Universities: Very High Research Activity
",69713,FL,"Public, 4-year or above"
176965,University of Central Missouri,Full Professor,99965,Master's Colleges & Universities: Larger Programs,12857,MO,"Public, 4-year or above"
176965,University of Central Missouri,Assistant Professor,76375,Master's Colleges & Universities: Larger Programs,12857,MO,"Public, 4-year or above"
206941,University of Central Oklahoma,Full Professor,92280,Master's Colleges & Universities: Larger Programs,12554,OK,"Public, 4-year or above"
206941,University of Central Oklahoma,Assistant Professor,66545,Master's Colleges & Universities: Larger Programs,12554,OK,"Public, 4-year or above"
237312,University of Charleston,Full Professor,72015,"Doctoral/Professional Universities
",3062,WV,"Private not-for-profit, 4-year or above"
237312,University of Charleston,Assistant Professor,59905,"Doctoral/Professional Universities
",3062,WV,"Private not-for-profit, 4-year or above"
144050,University of Chicago,Full Professor,274986,"Doctoral Universities: Very High Research Activity
",18566,IL,"Private not-for-profit, 4-year or above"
144050,University of Chicago,Assistant Professor,144952,"Doctoral Universities: Very High Research Activity
",18566,IL,"Private not-for-profit, 4-year or above"
201955,University of Cincinnati-Blue Ash College,Full Professor,107258,Baccalaureate/Associate's Colleges: Associate's Dominant,7787,OH,"Public, 4-year or above"
201955,University of Cincinnati-Blue Ash College,Assistant Professor,61822,Baccalaureate/Associate's Colleges: Associate's Dominant,7787,OH,"Public, 4-year or above"
201946,University of Cincinnati-Clermont College,Full Professor,111064,Baccalaureate/Associate's Colleges: Associate's Dominant,9479,OH,"Public, 4-year or above"
201946,University of Cincinnati-Clermont College,Assistant Professor,67910,Baccalaureate/Associate's Colleges: Associate's Dominant,9479,OH,"Public, 4-year or above"
201885,University of Cincinnati-Main Campus,Full Professor,139116,"Doctoral Universities: Very High Research Activity
",45026,OH,"Public, 4-year or above"
201885,University of Cincinnati-Main Campus,Assistant Professor,83309,"Doctoral Universities: Very High Research Activity
",45026,OH,"Public, 4-year or above"
126614,University of Colorado Boulder,Full Professor,165206,"Doctoral Universities: Very High Research Activity
",38799,CO,"Public, 4-year or above"
126614,University of Colorado Boulder,Assistant Professor,117345,"Doctoral Universities: Very High Research Activity
",38799,CO,"Public, 4-year or above"
126580,University of Colorado Colorado Springs,Full Professor,123613,"Doctoral Universities: High Research Activity
",11354,CO,"Public, 4-year or above"
126580,University of Colorado Colorado Springs,Assistant Professor,83553,"Doctoral Universities: High Research Activity
",11354,CO,"Public, 4-year or above"
126562,University of Colorado Denver/Anschutz Medical Campus,Full Professor,144435,"Doctoral Universities: Very High Research Activity
",23124,CO,"Public, 4-year or above"
126562,University of Colorado Denver/Anschutz Medical Campus,Assistant Professor,96883,"Doctoral Universities: Very High Research Activity
",23124,CO,"Public, 4-year or above"
129020,University of Connecticut,Full Professor,178179,"Doctoral Universities: Very High Research Activity
",28306,CT,"Public, 4-year or above"
129020,University of Connecticut,Assistant Professor,100472,"Doctoral Universities: Very High Research Activity
",28306,CT,"Public, 4-year or above"
224323,University of Dallas,Full Professor,107274,Master's Colleges & Universities: Larger Programs,2078,TX,"Private not-for-profit, 4-year or above"
224323,University of Dallas,Assistant Professor,75124,Master's Colleges & Universities: Larger Programs,2078,TX,"Private not-for-profit, 4-year or above"
202480,University of Dayton,Full Professor,121661,"Doctoral Universities: High Research Activity
",10506,OH,"Private not-for-profit, 4-year or above"
202480,University of Dayton,Assistant Professor,86785,"Doctoral Universities: High Research Activity
",10506,OH,"Private not-for-profit, 4-year or above"
130943,University of Delaware,Full Professor,172130,"Doctoral Universities: Very High Research Activity
",24412,DE,"Public, 4-year or above"
130943,University of Delaware,Assistant Professor,109966,"Doctoral Universities: Very High Research Activity
",24412,DE,"Public, 4-year or above"
127060,University of Denver,Full Professor,154072,"Doctoral Universities: Very High Research Activity
",12813,CO,"Private not-for-profit, 4-year or above"
127060,University of Denver,Assistant Professor,99935,"Doctoral Universities: Very High Research Activity
",12813,CO,"Private not-for-profit, 4-year or above"
169716,University of Detroit Mercy,Full Professor,128005,"Doctoral/Professional Universities
",5587,MI,"Private not-for-profit, 4-year or above"
169716,University of Detroit Mercy,Assistant Professor,80625,"Doctoral/Professional Universities
",5587,MI,"Private not-for-profit, 4-year or above"
153278,University of Dubuque,Full Professor,84580,Master's Colleges & Universities: Medium Programs,1757,IA,"Private not-for-profit, 4-year or above"
153278,University of Dubuque,Assistant Professor,61722,Master's Colleges & Universities: Medium Programs,1757,IA,"Private not-for-profit, 4-year or above"
150534,University of Evansville,Full Professor,89814,Master's Colleges & Universities: Medium Programs,2114,IN,"Private not-for-profit, 4-year or above"
150534,University of Evansville,Assistant Professor,75228,Master's Colleges & Universities: Medium Programs,2114,IN,"Private not-for-profit, 4-year or above"
134130,University of Florida,Full Professor,176202,"Doctoral Universities: Very High Research Activity
",56311,FL,"Public, 4-year or above"
134130,University of Florida,Assistant Professor,100326,"Doctoral Universities: Very High Research Activity
",56311,FL,"Public, 4-year or above"
457402,University of Fort Lauderdale,Full Professor,48750,Special Focus Four-Year: Other Special Focus Institutions,368,FL,"Private not-for-profit, 4-year or above"
139959,University of Georgia,Full Professor,148120,"Doctoral Universities: Very High Research Activity
",43146,GA,"Public, 4-year or above"
139959,University of Georgia,Assistant Professor,105221,"Doctoral Universities: Very High Research Activity
",43146,GA,"Public, 4-year or above"
240754,University of Guam,Full Professor,120979,Master's Colleges & Universities: Medium Programs,2896,GU,"Public, 4-year or above"
240754,University of Guam,Assistant Professor,79954,Master's Colleges & Universities: Medium Programs,2896,GU,"Public, 4-year or above"
129525,University of Hartford,Full Professor,88915,"Doctoral/Professional Universities
",6015,CT,"Private not-for-profit, 4-year or above"
129525,University of Hartford,Assistant Professor,69536,"Doctoral/Professional Universities
",6015,CT,"Private not-for-profit, 4-year or above"
141839,University of Hawaii Maui College,Full Professor,113970,Baccalaureate/Associate's Colleges: Associate's Dominant,2792,HI,"Public, 4-year or above"
141839,University of Hawaii Maui College,Assistant Professor,83922,Baccalaureate/Associate's Colleges: Associate's Dominant,2792,HI,"Public, 4-year or above"
141565,University of Hawaii at Hilo,Full Professor,123852,"Doctoral/Professional Universities
",2668,HI,"Public, 4-year or above"
141565,University of Hawaii at Hilo,Assistant Professor,90906,"Doctoral/Professional Universities
",2668,HI,"Public, 4-year or above"
141574,University of Hawaii at Manoa,Full Professor,161083,"Doctoral Universities: Very High Research Activity
",20028,HI,"Public, 4-year or above"
141574,University of Hawaii at Manoa,Assistant Professor,106832,"Doctoral Universities: Very High Research Activity
",20028,HI,"Public, 4-year or above"
141981,University of Hawaii-West Oahu,Full Professor,123690,Baccalaureate Colleges: Diverse Fields,2814,HI,"Public, 4-year or above"
141981,University of Hawaii-West Oahu,Assistant Professor,87528,Baccalaureate Colleges: Diverse Fields,2814,HI,"Public, 4-year or above"
179265,University of Health Sciences and Pharmacy in St. Louis,Full Professor,121092,Special Focus Four-Year: Other Health Professions Schools,648,MO,"Private not-for-profit, 4-year or above"
179265,University of Health Sciences and Pharmacy in St. Louis,Assistant Professor,73011,Special Focus Four-Year: Other Health Professions Schools,648,MO,"Private not-for-profit, 4-year or above"
160065,University of Holy Cross,Full Professor,70509,Master's Colleges & Universities: Small Programs,802,LA,"Private not-for-profit, 4-year or above"
160065,University of Holy Cross,Assistant Professor,71496,Master's Colleges & Universities: Small Programs,802,LA,"Private not-for-profit, 4-year or above"
225511,University of Houston,Full Professor,169582,"Doctoral Universities: Very High Research Activity
",47980,TX,"Public, 4-year or above"
225511,University of Houston,Assistant Professor,104774,"Doctoral Universities: Very High Research Activity
",47980,TX,"Public, 4-year or above"
225414,University of Houston-Clear Lake,Full Professor,109764,"Doctoral/Professional Universities
",8137,TX,"Public, 4-year or above"
225414,University of Houston-Clear Lake,Assistant Professor,81379,"Doctoral/Professional Universities
",8137,TX,"Public, 4-year or above"
225432,University of Houston-Downtown,Full Professor,106898,Master's Colleges & Universities: Larger Programs,13730,TX,"Public, 4-year or above"
225432,University of Houston-Downtown,Assistant Professor,85741,Master's Colleges & Universities: Larger Programs,13730,TX,"Public, 4-year or above"
225502,University of Houston-Victoria,Full Professor,101586,Master's Colleges & Universities: Larger Programs,3586,TX,"Public, 4-year or above"
225502,University of Houston-Victoria,Assistant Professor,66976,Master's Colleges & Universities: Larger Programs,3586,TX,"Public, 4-year or above"
142285,University of Idaho,Full Professor,113960,"Doctoral Universities: High Research Activity
",12286,ID,"Public, 4-year or above"
142285,University of Idaho,Assistant Professor,76336,"Doctoral Universities: High Research Activity
",12286,ID,"Public, 4-year or above"
145600,University of Illinois Chicago,Full Professor,181486,"Doctoral Universities: Very High Research Activity
",33906,IL,"Public, 4-year or above"
145600,University of Illinois Chicago,Assistant Professor,114364,"Doctoral Universities: Very High Research Activity
",33906,IL,"Public, 4-year or above"
148654,University of Illinois Springfield,Full Professor,111337,Master's Colleges & Universities: Larger Programs,4628,IL,"Public, 4-year or above"
148654,University of Illinois Springfield,Assistant Professor,84062,Master's Colleges & Universities: Larger Programs,4628,IL,"Public, 4-year or above"
145637,University of Illinois Urbana-Champaign,Full Professor,176431,"Doctoral Universities: Very High Research Activity
",59238,IL,"Public, 4-year or above"
145637,University of Illinois Urbana-Champaign,Assistant Professor,108510,"Doctoral Universities: Very High Research Activity
",59238,IL,"Public, 4-year or above"
151263,University of Indianapolis,Full Professor,89115,"Doctoral/Professional Universities
",5000,IN,"Private not-for-profit, 4-year or above"
151263,University of Indianapolis,Assistant Professor,67420,"Doctoral/Professional Universities
",5000,IN,"Private not-for-profit, 4-year or above"
153658,University of Iowa,Full Professor,156051,"Doctoral Universities: Very High Research Activity
",30779,IA,"Public, 4-year or above"
153658,University of Iowa,Assistant Professor,90035,"Doctoral Universities: Very High Research Activity
",30779,IA,"Public, 4-year or above"
200156,University of Jamestown,Full Professor,74047,Master's Colleges & Universities: Small Programs,1376,ND,"Private not-for-profit, 4-year or above"
200156,University of Jamestown,Assistant Professor,60395,Master's Colleges & Universities: Small Programs,1376,ND,"Private not-for-profit, 4-year or above"
155317,University of Kansas,Full Professor,134087,"Doctoral Universities: Very High Research Activity
",29792,KS,"Public, 4-year or above"
155317,University of Kansas,Assistant Professor,87196,"Doctoral Universities: Very High Research Activity
",29792,KS,"Public, 4-year or above"
157085,University of Kentucky,Full Professor,142408,"Doctoral Universities: Very High Research Activity
",34709,KY,"Public, 4-year or above"
157085,University of Kentucky,Assistant Professor,95718,"Doctoral Universities: Very High Research Activity
",34709,KY,"Public, 4-year or above"
117140,University of La Verne,Full Professor,111953,"Doctoral/Professional Universities
",5021,CA,"Private not-for-profit, 4-year or above"
117140,University of La Verne,Assistant Professor,68979,"Doctoral/Professional Universities
",5021,CA,"Private not-for-profit, 4-year or above"
160658,University of Louisiana at Lafayette,Full Professor,114378,"Doctoral Universities: Very High Research Activity
",15665,LA,"Public, 4-year or above"
160658,University of Louisiana at Lafayette,Assistant Professor,76942,"Doctoral Universities: Very High Research Activity
",15665,LA,"Public, 4-year or above"
159993,University of Louisiana at Monroe,Full Professor,87601,"Doctoral/Professional Universities
",8601,LA,"Public, 4-year or above"
159993,University of Louisiana at Monroe,Assistant Professor,63662,"Doctoral/Professional Universities
",8601,LA,"Public, 4-year or above"
157289,University of Louisville,Full Professor,115212,"Doctoral Universities: Very High Research Activity
",23065,KY,"Public, 4-year or above"
157289,University of Louisville,Assistant Professor,71979,"Doctoral Universities: Very High Research Activity
",23065,KY,"Public, 4-year or above"
232609,University of Lynchburg,Full Professor,80535,"Doctoral/Professional Universities
",2316,VA,"Private not-for-profit, 4-year or above"
232609,University of Lynchburg,Assistant Professor,71104,"Doctoral/Professional Universities
",2316,VA,"Private not-for-profit, 4-year or above"
161253,University of Maine,Full Professor,139121,"Doctoral Universities: Very High Research Activity
",12029,ME,"Public, 4-year or above"
161253,University of Maine,Assistant Professor,81108,"Doctoral Universities: Very High Research Activity
",12029,ME,"Public, 4-year or above"
161217,University of Maine at Augusta,Full Professor,90295,Baccalaureate Colleges: Diverse Fields,4412,ME,"Public, 4-year or above"
161217,University of Maine at Augusta,Assistant Professor,63882,Baccalaureate Colleges: Diverse Fields,4412,ME,"Public, 4-year or above"
161226,University of Maine at Farmington,Full Professor,90663,Baccalaureate Colleges: Diverse Fields,2100,ME,"Public, 4-year or above"
161226,University of Maine at Farmington,Assistant Professor,59969,Baccalaureate Colleges: Diverse Fields,2100,ME,"Public, 4-year or above"
161235,University of Maine at Fort Kent,Full Professor,95470,Baccalaureate Colleges: Diverse Fields,1562,ME,"Public, 4-year or above"
161235,University of Maine at Fort Kent,Assistant Professor,59836,Baccalaureate Colleges: Diverse Fields,1562,ME,"Public, 4-year or above"
161341,University of Maine at Presque Isle,Full Professor,90690,Baccalaureate Colleges: Diverse Fields,2873,ME,"Public, 4-year or above"
161341,University of Maine at Presque Isle,Assistant Professor,61059,Baccalaureate Colleges: Diverse Fields,2873,ME,"Public, 4-year or above"
200217,University of Mary,Full Professor,87709,"Doctoral/Professional Universities
",3861,ND,"Private not-for-profit, 4-year or above"
200217,University of Mary,Assistant Professor,72361,"Doctoral/Professional Universities
",3861,ND,"Private not-for-profit, 4-year or above"
226471,University of Mary Hardin-Baylor,Full Professor,95596,"Doctoral/Professional Universities
",3321,TX,"Private not-for-profit, 4-year or above"
226471,University of Mary Hardin-Baylor,Assistant Professor,70204,"Doctoral/Professional Universities
",3321,TX,"Private not-for-profit, 4-year or above"
232681,University of Mary Washington,Full Professor,101775,Baccalaureate Colleges: Arts & Sciences Focus,3826,VA,"Public, 4-year or above"
232681,University of Mary Washington,Assistant Professor,73234,Baccalaureate Colleges: Arts & Sciences Focus,3826,VA,"Public, 4-year or above"
163259,University of Maryland  Baltimore,Full Professor,187901,Special Focus Four-Year: Research Institutions,6636,MD,"Public, 4-year or above"
163259,University of Maryland  Baltimore,Assistant Professor,107921,Special Focus Four-Year: Research Institutions,6636,MD,"Public, 4-year or above"
163338,University of Maryland Eastern Shore,Full Professor,116950,"Doctoral Universities: High Research Activity
",3177,MD,"Public, 4-year or above"
163338,University of Maryland Eastern Shore,Assistant Professor,85953,"Doctoral Universities: High Research Activity
",3177,MD,"Public, 4-year or above"
163204,University of Maryland Global Campus,Full Professor,93153,Master's Colleges & Universities: Larger Programs,63012,MD,"Public, 4-year or above"
163204,University of Maryland Global Campus,Assistant Professor,76880,Master's Colleges & Universities: Larger Programs,63012,MD,"Public, 4-year or above"
163268,University of Maryland-Baltimore County,Full Professor,156379,"Doctoral Universities: Very High Research Activity
",13906,MD,"Public, 4-year or above"
163268,University of Maryland-Baltimore County,Assistant Professor,100273,"Doctoral Universities: Very High Research Activity
",13906,MD,"Public, 4-year or above"
163286,University of Maryland-College Park,Full Professor,210639,"Doctoral Universities: Very High Research Activity
",41725,MD,"Public, 4-year or above"
163286,University of Maryland-College Park,Assistant Professor,128507,"Doctoral Universities: Very High Research Activity
",41725,MD,"Public, 4-year or above"
166708,University of Massachusetts Chan Medical School,Full Professor,139316,Special Focus Four-Year: Research Institutions,1489,MA,"Public, 4-year or above"
166708,University of Massachusetts Chan Medical School,Assistant Professor,90003,Special Focus Four-Year: Research Institutions,1489,MA,"Public, 4-year or above"
262086,University of Massachusetts Global,Full Professor,96039,"Doctoral/Professional Universities
",8996,CA,"Public, 4-year or above"
262086,University of Massachusetts Global,Assistant Professor,83557,"Doctoral/Professional Universities
",8996,CA,"Public, 4-year or above"
166629,University of Massachusetts-Amherst,Full Professor,176850,"Doctoral Universities: Very High Research Activity
",31726,MA,"Public, 4-year or above"
166629,University of Massachusetts-Amherst,Assistant Professor,114223,"Doctoral Universities: Very High Research Activity
",31726,MA,"Public, 4-year or above"
166638,University of Massachusetts-Boston,Full Professor,164711,"Doctoral Universities: High Research Activity
",15575,MA,"Public, 4-year or above"
166638,University of Massachusetts-Boston,Assistant Professor,99362,"Doctoral Universities: High Research Activity
",15575,MA,"Public, 4-year or above"
167987,University of Massachusetts-Dartmouth,Full Professor,150162,"Doctoral Universities: High Research Activity
",7968,MA,"Public, 4-year or above"
167987,University of Massachusetts-Dartmouth,Assistant Professor,87534,"Doctoral Universities: High Research Activity
",7968,MA,"Public, 4-year or above"
166513,University of Massachusetts-Lowell,Full Professor,171583,"Doctoral Universities: High Research Activity
",16598,MA,"Public, 4-year or above"
166513,University of Massachusetts-Lowell,Assistant Professor,105789,"Doctoral Universities: High Research Activity
",16598,MA,"Public, 4-year or above"
220862,University of Memphis,Full Professor,119674,"Doctoral Universities: Very High Research Activity
",20276,TN,"Public, 4-year or above"
220862,University of Memphis,Assistant Professor,81567,"Doctoral Universities: Very High Research Activity
",20276,TN,"Public, 4-year or above"
135726,University of Miami,Full Professor,208497,"Doctoral Universities: Very High Research Activity
",19852,FL,"Private not-for-profit, 4-year or above"
135726,University of Miami,Assistant Professor,117013,"Doctoral Universities: Very High Research Activity
",19852,FL,"Private not-for-profit, 4-year or above"
170976,University of Michigan-Ann Arbor,Full Professor,200388,"Doctoral Universities: Very High Research Activity
",52855,MI,"Public, 4-year or above"
170976,University of Michigan-Ann Arbor,Assistant Professor,113919,"Doctoral Universities: Very High Research Activity
",52855,MI,"Public, 4-year or above"
171137,University of Michigan-Dearborn,Full Professor,129551,Master's Colleges & Universities: Larger Programs,8104,MI,"Public, 4-year or above"
171137,University of Michigan-Dearborn,Assistant Professor,99519,Master's Colleges & Universities: Larger Programs,8104,MI,"Public, 4-year or above"
171146,University of Michigan-Flint,Full Professor,121587,"Doctoral/Professional Universities
",6529,MI,"Public, 4-year or above"
171146,University of Michigan-Flint,Assistant Professor,86381,"Doctoral/Professional Universities
",6529,MI,"Public, 4-year or above"
174075,University of Minnesota-Crookston,Full Professor,110424,Baccalaureate Colleges: Diverse Fields,2612,MN,"Public, 4-year or above"
174075,University of Minnesota-Crookston,Assistant Professor,76818,Baccalaureate Colleges: Diverse Fields,2612,MN,"Public, 4-year or above"
174233,University of Minnesota-Duluth,Full Professor,110042,Master's Colleges & Universities: Larger Programs,9253,MN,"Public, 4-year or above"
174233,University of Minnesota-Duluth,Assistant Professor,72132,Master's Colleges & Universities: Larger Programs,9253,MN,"Public, 4-year or above"
174251,University of Minnesota-Morris,Full Professor,95440,Baccalaureate Colleges: Arts & Sciences Focus,981,MN,"Public, 4-year or above"
174251,University of Minnesota-Morris,Assistant Professor,63739,Baccalaureate Colleges: Arts & Sciences Focus,981,MN,"Public, 4-year or above"
456959,University of Minnesota-Rochester,Full Professor,107305,Special Focus Four-Year: Other Health Professions Schools,578,MN,"Public, 4-year or above"
456959,University of Minnesota-Rochester,Assistant Professor,74666,Special Focus Four-Year: Other Health Professions Schools,578,MN,"Public, 4-year or above"
174066,University of Minnesota-Twin Cities,Full Professor,162404,"Doctoral Universities: Very High Research Activity
",56666,MN,"Public, 4-year or above"
174066,University of Minnesota-Twin Cities,Assistant Professor,98946,"Doctoral Universities: Very High Research Activity
",56666,MN,"Public, 4-year or above"
176017,University of Mississippi,Full Professor,126162,"Doctoral Universities: Very High Research Activity
",26449,MS,"Public, 4-year or above"
176017,University of Mississippi,Assistant Professor,88641,"Doctoral Universities: Very High Research Activity
",26449,MS,"Public, 4-year or above"
178396,University of Missouri-Columbia,Full Professor,146069,"Doctoral Universities: Very High Research Activity
",31543,MO,"Public, 4-year or above"
178396,University of Missouri-Columbia,Assistant Professor,89757,"Doctoral Universities: Very High Research Activity
",31543,MO,"Public, 4-year or above"
178402,University of Missouri-Kansas City,Full Professor,128146,"Doctoral Universities: High Research Activity
",14732,MO,"Public, 4-year or above"
178402,University of Missouri-Kansas City,Assistant Professor,81278,"Doctoral Universities: High Research Activity
",14732,MO,"Public, 4-year or above"
178420,University of Missouri-St Louis,Full Professor,107402,"Doctoral Universities: High Research Activity
",14736,MO,"Public, 4-year or above"
178420,University of Missouri-St Louis,Assistant Professor,82003,"Doctoral Universities: High Research Activity
",14736,MO,"Public, 4-year or above"
101693,University of Mobile,Full Professor,55334,Master's Colleges & Universities: Small Programs,1545,AL,"Private not-for-profit, 4-year or above"
101693,University of Mobile,Assistant Professor,50576,Master's Colleges & Universities: Small Programs,1545,AL,"Private not-for-profit, 4-year or above"
101709,University of Montevallo,Full Professor,94343,Master's Colleges & Universities: Medium Programs,3088,AL,"Public, 4-year or above"
101709,University of Montevallo,Assistant Professor,75306,Master's Colleges & Universities: Medium Programs,3088,AL,"Public, 4-year or above"
199069,University of Mount Olive,Full Professor,72092,Master's Colleges & Universities: Small Programs,2109,NC,"Private not-for-profit, 4-year or above"
199069,University of Mount Olive,Assistant Professor,61206,Master's Colleges & Universities: Small Programs,2109,NC,"Private not-for-profit, 4-year or above"
193399,University of Mount Saint Vincent,Full Professor,101545,Baccalaureate Colleges: Diverse Fields,3774,NY,"Private not-for-profit, 4-year or above"
193399,University of Mount Saint Vincent,Assistant Professor,95785,Baccalaureate Colleges: Diverse Fields,3774,NY,"Private not-for-profit, 4-year or above"
204185,University of Mount Union,Full Professor,81638,Master's Colleges & Universities: Small Programs,2461,OH,"Private not-for-profit, 4-year or above"
204185,University of Mount Union,Assistant Professor,64696,Master's Colleges & Universities: Small Programs,2461,OH,"Private not-for-profit, 4-year or above"
181428,University of Nebraska Medical Center,Full Professor,120650,Special Focus Four-Year: Research Institutions,3988,NE,"Public, 4-year or above"
181428,University of Nebraska Medical Center,Assistant Professor,78657,Special Focus Four-Year: Research Institutions,3988,NE,"Public, 4-year or above"
181215,University of Nebraska at Kearney,Full Professor,92053,Master's Colleges & Universities: Larger Programs,5881,NE,"Public, 4-year or above"
181215,University of Nebraska at Kearney,Assistant Professor,66007,Master's Colleges & Universities: Larger Programs,5881,NE,"Public, 4-year or above"
181394,University of Nebraska at Omaha,Full Professor,106082,"Doctoral Universities: High Research Activity
",14972,NE,"Public, 4-year or above"
181394,University of Nebraska at Omaha,Assistant Professor,81764,"Doctoral Universities: High Research Activity
",14972,NE,"Public, 4-year or above"
181464,University of Nebraska-Lincoln,Full Professor,146800,"Doctoral Universities: Very High Research Activity
",24393,NE,"Public, 4-year or above"
181464,University of Nebraska-Lincoln,Assistant Professor,95726,"Doctoral Universities: Very High Research Activity
",24393,NE,"Public, 4-year or above"
182281,University of Nevada-Las Vegas,Full Professor,169990,"Doctoral Universities: Very High Research Activity
",32911,NV,"Public, 4-year or above"
182281,University of Nevada-Las Vegas,Assistant Professor,102738,"Doctoral Universities: Very High Research Activity
",32911,NV,"Public, 4-year or above"
182290,University of Nevada-Reno,Full Professor,165608,"Doctoral Universities: Very High Research Activity
",23024,NV,"Public, 4-year or above"
182290,University of Nevada-Reno,Assistant Professor,107809,"Doctoral Universities: Very High Research Activity
",23024,NV,"Public, 4-year or above"
161457,University of New England,Full Professor,106129,"Doctoral Universities: High Research Activity
",6573,ME,"Private not-for-profit, 4-year or above"
161457,University of New England,Assistant Professor,80717,"Doctoral Universities: High Research Activity
",6573,ME,"Private not-for-profit, 4-year or above"
183071,University of New Hampshire at Manchester,Full Professor,129594,Baccalaureate Colleges: Arts & Sciences Focus,663,NH,"Public, 4-year or above"
183071,University of New Hampshire at Manchester,Assistant Professor,87956,Baccalaureate Colleges: Arts & Sciences Focus,663,NH,"Public, 4-year or above"
182829,University of New Hampshire-Franklin Pierce School of Law,Full Professor,155023,Special Focus Four-Year: Law Schools,718,NH,"Public, 4-year or above"
182829,University of New Hampshire-Franklin Pierce School of Law,Assistant Professor,94854,Special Focus Four-Year: Law Schools,718,NH,"Public, 4-year or above"
183044,University of New Hampshire-Main Campus,Full Professor,146669,"Doctoral Universities: Very High Research Activity
",13554,NH,"Public, 4-year or above"
183044,University of New Hampshire-Main Campus,Assistant Professor,96645,"Doctoral Universities: Very High Research Activity
",13554,NH,"Public, 4-year or above"
129941,University of New Haven,Full Professor,143135,Master's Colleges & Universities: Larger Programs,9229,CT,"Private not-for-profit, 4-year or above"
129941,University of New Haven,Assistant Professor,100937,Master's Colleges & Universities: Larger Programs,9229,CT,"Private not-for-profit, 4-year or above"
187985,University of New Mexico-Main Campus,Full Professor,138183,"Doctoral Universities: Very High Research Activity
",23124,NM,"Public, 4-year or above"
187985,University of New Mexico-Main Campus,Assistant Professor,88508,"Doctoral Universities: Very High Research Activity
",23124,NM,"Public, 4-year or above"
159939,University of New Orleans,Full Professor,100708,"Doctoral Universities: High Research Activity
",6501,LA,"Public, 4-year or above"
159939,University of New Orleans,Assistant Professor,88202,"Doctoral Universities: High Research Activity
",6501,LA,"Public, 4-year or above"
101879,University of North Alabama,Full Professor,102462,Master's Colleges & Universities: Larger Programs,10204,AL,"Public, 4-year or above"
101879,University of North Alabama,Assistant Professor,74095,Master's Colleges & Universities: Larger Programs,10204,AL,"Public, 4-year or above"
199111,University of North Carolina Asheville,Full Professor,98286,Baccalaureate Colleges: Arts & Sciences Focus,3056,NC,"Public, 4-year or above"
199111,University of North Carolina Asheville,Assistant Professor,79852,Baccalaureate Colleges: Arts & Sciences Focus,3056,NC,"Public, 4-year or above"
199184,University of North Carolina School of the Arts,Full Professor,93094,"Special Focus Four-Year: Arts, Music & Design Schools",1111,NC,"Public, 4-year or above"
199184,University of North Carolina School of the Arts,Assistant Professor,73964,"Special Focus Four-Year: Arts, Music & Design Schools",1111,NC,"Public, 4-year or above"
199218,University of North Carolina Wilmington,Full Professor,114632,"Doctoral Universities: High Research Activity
",18848,NC,"Public, 4-year or above"
199218,University of North Carolina Wilmington,Assistant Professor,87885,"Doctoral Universities: High Research Activity
",18848,NC,"Public, 4-year or above"
199120,University of North Carolina at Chapel Hill,Full Professor,176707,"Doctoral Universities: Very High Research Activity
",32438,NC,"Public, 4-year or above"
199120,University of North Carolina at Chapel Hill,Assistant Professor,100273,"Doctoral Universities: Very High Research Activity
",32438,NC,"Public, 4-year or above"
199139,University of North Carolina at Charlotte,Full Professor,137471,"Doctoral Universities: High Research Activity
",31091,NC,"Public, 4-year or above"
199139,University of North Carolina at Charlotte,Assistant Professor,95098,"Doctoral Universities: High Research Activity
",31091,NC,"Public, 4-year or above"
199148,University of North Carolina at Greensboro,Full Professor,114924,"Doctoral Universities: High Research Activity
",18012,NC,"Public, 4-year or above"
199148,University of North Carolina at Greensboro,Assistant Professor,83268,"Doctoral Universities: High Research Activity
",18012,NC,"Public, 4-year or above"
199281,University of North Carolina at Pembroke,Full Professor,97339,Master's Colleges & Universities: Larger Programs,7674,NC,"Public, 4-year or above"
199281,University of North Carolina at Pembroke,Assistant Professor,76640,Master's Colleges & Universities: Larger Programs,7674,NC,"Public, 4-year or above"
200280,University of North Dakota,Full Professor,125101,"Doctoral Universities: High Research Activity
",15019,ND,"Public, 4-year or above"
200280,University of North Dakota,Assistant Professor,84001,"Doctoral Universities: High Research Activity
",15019,ND,"Public, 4-year or above"
136172,University of North Florida,Full Professor,121418,"Doctoral Universities: High Research Activity
",16154,FL,"Public, 4-year or above"
136172,University of North Florida,Assistant Professor,83815,"Doctoral Universities: High Research Activity
",16154,FL,"Public, 4-year or above"
482680,University of North Georgia,Full Professor,90457,Master's Colleges & Universities: Larger Programs,19291,GA,"Public, 4-year or above"
482680,University of North Georgia,Assistant Professor,74446,Master's Colleges & Universities: Larger Programs,19291,GA,"Public, 4-year or above"
227216,University of North Texas,Full Professor,133755,"Doctoral Universities: Very High Research Activity
",46864,TX,"Public, 4-year or above"
227216,University of North Texas,Assistant Professor,92539,"Doctoral Universities: Very High Research Activity
",46864,TX,"Public, 4-year or above"
228909,University of North Texas Health Science Center,Full Professor,153169,Special Focus Four-Year: Medical Schools & Centers,2332,TX,"Public, 4-year or above"
228909,University of North Texas Health Science Center,Assistant Professor,89623,Special Focus Four-Year: Medical Schools & Centers,2332,TX,"Public, 4-year or above"
484905,University of North Texas at Dallas,Full Professor,113251,Master's Colleges & Universities: Larger Programs,3794,TX,"Public, 4-year or above"
484905,University of North Texas at Dallas,Assistant Professor,92917,Master's Colleges & Universities: Larger Programs,3794,TX,"Public, 4-year or above"
127741,University of Northern Colorado,Full Professor,96417,"Doctoral/Professional Universities
",8869,CO,"Public, 4-year or above"
127741,University of Northern Colorado,Assistant Professor,70324,"Doctoral/Professional Universities
",8869,CO,"Public, 4-year or above"
154095,University of Northern Iowa,Full Professor,91112,Master's Colleges & Universities: Larger Programs,9278,IA,"Public, 4-year or above"
154095,University of Northern Iowa,Assistant Professor,70554,Master's Colleges & Universities: Larger Programs,9278,IA,"Public, 4-year or above"
204486,University of Northwestern Ohio,Full Professor,57417,Baccalaureate/Associate's Colleges: Mixed Baccalaureate/Associate's,2525,OH,"Private not-for-profit, 4-year or above"
204486,University of Northwestern Ohio,Assistant Professor,46282,Baccalaureate/Associate's Colleges: Mixed Baccalaureate/Associate's,2525,OH,"Private not-for-profit, 4-year or above"
174491,University of Northwestern-St Paul,Full Professor,66000,Master's Colleges & Universities: Small Programs,3234,MN,"Private not-for-profit, 4-year or above"
174491,University of Northwestern-St Paul,Assistant Professor,57922,Master's Colleges & Universities: Small Programs,3234,MN,"Private not-for-profit, 4-year or above"
152080,University of Notre Dame,Full Professor,219254,"Doctoral Universities: Very High Research Activity
",13042,IN,"Private not-for-profit, 4-year or above"
152080,University of Notre Dame,Assistant Professor,135028,"Doctoral Universities: Very High Research Activity
",13042,IN,"Private not-for-profit, 4-year or above"
207342,University of Oklahoma-Health Sciences Center,Full Professor,123729,Special Focus Four-Year: Research Institutions,3680,OK,"Public, 4-year or above"
207342,University of Oklahoma-Health Sciences Center,Assistant Professor,81270,Special Focus Four-Year: Research Institutions,3680,OK,"Public, 4-year or above"
207500,University of Oklahoma-Norman Campus,Full Professor,149306,"Doctoral Universities: Very High Research Activity
",30851,OK,"Public, 4-year or above"
207500,University of Oklahoma-Norman Campus,Assistant Professor,94902,"Doctoral Universities: Very High Research Activity
",30851,OK,"Public, 4-year or above"
209551,University of Oregon,Full Professor,150971,"Doctoral Universities: Very High Research Activity
",24404,OR,"Public, 4-year or above"
209551,University of Oregon,Assistant Professor,100513,"Doctoral Universities: Very High Research Activity
",24404,OR,"Public, 4-year or above"
215062,University of Pennsylvania,Full Professor,280736,"Doctoral Universities: Very High Research Activity
",29109,PA,"Private not-for-profit, 4-year or above"
215062,University of Pennsylvania,Assistant Professor,163478,"Doctoral Universities: Very High Research Activity
",29109,PA,"Private not-for-profit, 4-year or above"
157535,University of Pikeville,Full Professor,76371,"Doctoral/Professional Universities
",2547,KY,"Private not-for-profit, 4-year or above"
157535,University of Pikeville,Assistant Professor,58262,"Doctoral/Professional Universities
",2547,KY,"Private not-for-profit, 4-year or above"
215266,University of Pittsburgh-Bradford,Full Professor,100183,Baccalaureate Colleges: Diverse Fields,1009,PA,"Public, 4-year or above"
215266,University of Pittsburgh-Bradford,Assistant Professor,75075,Baccalaureate Colleges: Diverse Fields,1009,PA,"Public, 4-year or above"
215275,University of Pittsburgh-Greensburg,Full Professor,97419,Baccalaureate Colleges: Arts & Sciences Focus,1321,PA,"Public, 4-year or above"
215275,University of Pittsburgh-Greensburg,Assistant Professor,70740,Baccalaureate Colleges: Arts & Sciences Focus,1321,PA,"Public, 4-year or above"
215284,University of Pittsburgh-Johnstown,Full Professor,95501,Baccalaureate Colleges: Diverse Fields,1813,PA,"Public, 4-year or above"
215284,University of Pittsburgh-Johnstown,Assistant Professor,68245,Baccalaureate Colleges: Diverse Fields,1813,PA,"Public, 4-year or above"
215293,University of Pittsburgh-Pittsburgh Campus,Full Professor,156199,"Doctoral Universities: Very High Research Activity
",35724,PA,"Public, 4-year or above"
215293,University of Pittsburgh-Pittsburgh Campus,Assistant Professor,87811,"Doctoral Universities: Very High Research Activity
",35724,PA,"Public, 4-year or above"
209825,University of Portland,Full Professor,122729,Master's Colleges & Universities: Medium Programs,3285,OR,"Private not-for-profit, 4-year or above"
209825,University of Portland,Assistant Professor,91782,Master's Colleges & Universities: Medium Programs,3285,OR,"Private not-for-profit, 4-year or above"
180258,University of Providence,Full Professor,66167,Master's Colleges & Universities: Small Programs,763,MT,"Private not-for-profit, 4-year or above"
180258,University of Providence,Assistant Professor,55606,Master's Colleges & Universities: Small Programs,763,MT,"Private not-for-profit, 4-year or above"
243151,University of Puerto Rico at Cayey,Full Professor,61214,Baccalaureate Colleges: Arts & Sciences Focus,2093,PR,"Public, 4-year or above"
243151,University of Puerto Rico at Cayey,Assistant Professor,45299,Baccalaureate Colleges: Arts & Sciences Focus,2093,PR,"Public, 4-year or above"
243212,University of Puerto Rico at Ponce,Full Professor,60368,Baccalaureate Colleges: Diverse Fields,2373,PR,"Public, 4-year or above"
243212,University of Puerto Rico at Ponce,Assistant Professor,49070,Baccalaureate Colleges: Diverse Fields,2373,PR,"Public, 4-year or above"
243106,University of Puerto Rico-Aguadilla,Full Professor,59772,Baccalaureate Colleges: Diverse Fields,1928,PR,"Public, 4-year or above"
243106,University of Puerto Rico-Aguadilla,Assistant Professor,46977,Baccalaureate Colleges: Diverse Fields,1928,PR,"Public, 4-year or above"
243115,University of Puerto Rico-Arecibo,Full Professor,77648,Baccalaureate Colleges: Diverse Fields,2704,PR,"Public, 4-year or above"
243115,University of Puerto Rico-Arecibo,Assistant Professor,57418,Baccalaureate Colleges: Diverse Fields,2704,PR,"Public, 4-year or above"
243133,University of Puerto Rico-Bayamon,Full Professor,62384,Baccalaureate Colleges: Diverse Fields,2851,PR,"Public, 4-year or above"
243133,University of Puerto Rico-Bayamon,Assistant Professor,47726,Baccalaureate Colleges: Diverse Fields,2851,PR,"Public, 4-year or above"
243142,University of Puerto Rico-Carolina,Full Professor,86078,Baccalaureate Colleges: Diverse Fields,2576,PR,"Public, 4-year or above"
243142,University of Puerto Rico-Carolina,Assistant Professor,64654,Baccalaureate Colleges: Diverse Fields,2576,PR,"Public, 4-year or above"
243179,University of Puerto Rico-Humacao,Full Professor,60893,Baccalaureate Colleges: Diverse Fields,2577,PR,"Public, 4-year or above"
243179,University of Puerto Rico-Humacao,Assistant Professor,47892,Baccalaureate Colleges: Diverse Fields,2577,PR,"Public, 4-year or above"
243197,University of Puerto Rico-Mayaguez,Full Professor,84692,Master's Colleges & Universities: Medium Programs,10618,PR,"Public, 4-year or above"
243197,University of Puerto Rico-Mayaguez,Assistant Professor,63302,Master's Colleges & Universities: Medium Programs,10618,PR,"Public, 4-year or above"
243203,University of Puerto Rico-Medical Sciences,Full Professor,76930,Special Focus Four-Year: Medical Schools & Centers,1944,PR,"Public, 4-year or above"
243203,University of Puerto Rico-Medical Sciences,Assistant Professor,54084,Special Focus Four-Year: Medical Schools & Centers,1944,PR,"Public, 4-year or above"
243221,University of Puerto Rico-Rio Piedras,Full Professor,62568,"Doctoral Universities: High Research Activity
",11312,PR,"Public, 4-year or above"
243221,University of Puerto Rico-Rio Piedras,Assistant Professor,50697,"Doctoral Universities: High Research Activity
",11312,PR,"Public, 4-year or above"
243188,University of Puerto Rico-Utuado,Full Professor,79815,Baccalaureate/Associate's Colleges: Mixed Baccalaureate/Associate's,334,PR,"Public, 4-year or above"
243188,University of Puerto Rico-Utuado,Assistant Professor,61623,Baccalaureate/Associate's Colleges: Mixed Baccalaureate/Associate's,334,PR,"Public, 4-year or above"
236328,University of Puget Sound,Full Professor,109431,Baccalaureate Colleges: Arts & Sciences Focus,1864,WA,"Private not-for-profit, 4-year or above"
236328,University of Puget Sound,Assistant Professor,73576,Baccalaureate Colleges: Arts & Sciences Focus,1864,WA,"Private not-for-profit, 4-year or above"
121691,University of Redlands,Full Professor,109727,Master's Colleges & Universities: Larger Programs,3087,CA,"Private not-for-profit, 4-year or above"
121691,University of Redlands,Assistant Professor,75645,Master's Colleges & Universities: Larger Programs,3087,CA,"Private not-for-profit, 4-year or above"
217484,University of Rhode Island,Full Professor,123694,"Doctoral Universities: High Research Activity
",17210,RI,"Public, 4-year or above"
217484,University of Rhode Island,Assistant Professor,82085,"Doctoral Universities: High Research Activity
",17210,RI,"Public, 4-year or above"
233374,University of Richmond,Full Professor,184275,Baccalaureate Colleges: Arts & Sciences Focus,3722,VA,"Private not-for-profit, 4-year or above"
233374,University of Richmond,Assistant Professor,115901,Baccalaureate Colleges: Arts & Sciences Focus,3722,VA,"Private not-for-profit, 4-year or above"
205203,University of Rio Grande,Full Professor,82249,Baccalaureate/Associate's Colleges: Mixed Baccalaureate/Associate's,2258,OH,"Private not-for-profit, 4-year or above"
205203,University of Rio Grande,Assistant Professor,60218,Baccalaureate/Associate's Colleges: Mixed Baccalaureate/Associate's,2258,OH,"Private not-for-profit, 4-year or above"
195030,University of Rochester,Full Professor,185289,"Doctoral Universities: Very High Research Activity
",11946,NY,"Private not-for-profit, 4-year or above"
195030,University of Rochester,Assistant Professor,100876,"Doctoral Universities: Very High Research Activity
",11946,NY,"Private not-for-profit, 4-year or above"
152336,University of Saint Francis-Fort Wayne,Full Professor,75616,Master's Colleges & Universities: Medium Programs,1763,IN,"Private not-for-profit, 4-year or above"
152336,University of Saint Francis-Fort Wayne,Assistant Professor,63610,Master's Colleges & Universities: Medium Programs,1763,IN,"Private not-for-profit, 4-year or above"
130314,University of Saint Joseph,Full Professor,92881,Master's Colleges & Universities: Larger Programs,1952,CT,"Private not-for-profit, 4-year or above"
130314,University of Saint Joseph,Assistant Professor,70054,Master's Colleges & Universities: Larger Programs,1952,CT,"Private not-for-profit, 4-year or above"
155812,University of Saint Mary,Full Professor,72726,Master's Colleges & Universities: Medium Programs,1462,KS,"Private not-for-profit, 4-year or above"
155812,University of Saint Mary,Assistant Professor,58394,Master's Colleges & Universities: Medium Programs,1462,KS,"Private not-for-profit, 4-year or above"
148885,University of Saint Mary of the Lake,Full Professor,109446,Special Focus Four-Year: Faith-Related Institutions,200,IL,"Private not-for-profit, 4-year or above"
148885,University of Saint Mary of the Lake,Assistant Professor,66821,Special Focus Four-Year: Faith-Related Institutions,200,IL,"Private not-for-profit, 4-year or above"
122436,University of San Diego,Full Professor,141243,"Doctoral Universities: High Research Activity
",9714,CA,"Private not-for-profit, 4-year or above"
122436,University of San Diego,Assistant Professor,95893,"Doctoral Universities: High Research Activity
",9714,CA,"Private not-for-profit, 4-year or above"
122612,University of San Francisco,Full Professor,161852,"Doctoral/Professional Universities
",8913,CA,"Private not-for-profit, 4-year or above"
122612,University of San Francisco,Assistant Professor,103915,"Doctoral/Professional Universities
",8913,CA,"Private not-for-profit, 4-year or above"
207722,University of Science and Arts of Oklahoma,Full Professor,64595,Baccalaureate Colleges: Arts & Sciences Focus,1027,OK,"Public, 4-year or above"
207722,University of Science and Arts of Oklahoma,Assistant Professor,50936,Baccalaureate Colleges: Arts & Sciences Focus,1027,OK,"Public, 4-year or above"
215929,University of Scranton,Full Professor,126293,Master's Colleges & Universities: Larger Programs,4724,PA,"Private not-for-profit, 4-year or above"
215929,University of Scranton,Assistant Professor,90401,Master's Colleges & Universities: Larger Programs,4724,PA,"Private not-for-profit, 4-year or above"
497107,University of Silicon Andhra,Full Professor,157500,"Not applicable, not in Carnegie universe (not accredited or nondegree-granting)",238,CA,"Private not-for-profit, 4-year or above"
219383,University of Sioux Falls,Full Professor,71789,Master's Colleges & Universities: Medium Programs,1450,SD,"Private not-for-profit, 4-year or above"
219383,University of Sioux Falls,Assistant Professor,59464,Master's Colleges & Universities: Medium Programs,1450,SD,"Private not-for-profit, 4-year or above"
102094,University of South Alabama,Full Professor,92452,"Doctoral Universities: High Research Activity
",14003,AL,"Public, 4-year or above"
102094,University of South Alabama,Assistant Professor,66315,"Doctoral Universities: High Research Activity
",14003,AL,"Public, 4-year or above"
218645,University of South Carolina Aiken,Full Professor,96494,Master's Colleges & Universities: Small Programs,4022,SC,"Public, 4-year or above"
218645,University of South Carolina Aiken,Assistant Professor,76535,Master's Colleges & Universities: Small Programs,4022,SC,"Public, 4-year or above"
218654,University of South Carolina Beaufort,Full Professor,94939,Baccalaureate Colleges: Diverse Fields,2208,SC,"Public, 4-year or above"
218654,University of South Carolina Beaufort,Assistant Professor,68480,Baccalaureate Colleges: Diverse Fields,2208,SC,"Public, 4-year or above"
218663,University of South Carolina-Columbia,Full Professor,155170,"Doctoral Universities: Very High Research Activity
",38532,SC,"Public, 4-year or above"
218663,University of South Carolina-Columbia,Assistant Professor,96678,"Doctoral Universities: Very High Research Activity
",38532,SC,"Public, 4-year or above"
218742,University of South Carolina-Upstate,Full Professor,89534,Baccalaureate Colleges: Diverse Fields,4916,SC,"Public, 4-year or above"
218742,University of South Carolina-Upstate,Assistant Professor,70561,Baccalaureate Colleges: Diverse Fields,4916,SC,"Public, 4-year or above"
219471,University of South Dakota,Full Professor,115317,"Doctoral Universities: High Research Activity
",10619,SD,"Public, 4-year or above"
219471,University of South Dakota,Assistant Professor,81380,"Doctoral Universities: High Research Activity
",10619,SD,"Public, 4-year or above"
137351,University of South Florida,Full Professor,144256,"Doctoral Universities: Very High Research Activity
",49622,FL,"Public, 4-year or above"
137351,University of South Florida,Assistant Professor,98712,"Doctoral Universities: Very High Research Activity
",49622,FL,"Public, 4-year or above"
123961,University of Southern California,Full Professor,210592,"Doctoral Universities: Very High Research Activity
",46566,CA,"Private not-for-profit, 4-year or above"
123961,University of Southern California,Assistant Professor,124503,"Doctoral Universities: Very High Research Activity
",46566,CA,"Private not-for-profit, 4-year or above"
151306,University of Southern Indiana,Full Professor,92007,Master's Colleges & Universities: Larger Programs,9488,IN,"Public, 4-year or above"
151306,University of Southern Indiana,Assistant Professor,66136,Master's Colleges & Universities: Larger Programs,9488,IN,"Public, 4-year or above"
161554,University of Southern Maine,Full Professor,120200,Master's Colleges & Universities: Larger Programs,7604,ME,"Public, 4-year or above"
161554,University of Southern Maine,Assistant Professor,74677,Master's Colleges & Universities: Larger Programs,7604,ME,"Public, 4-year or above"
176372,University of Southern Mississippi,Full Professor,99284,"Doctoral Universities: Very High Research Activity
",13170,MS,"Public, 4-year or above"
176372,University of Southern Mississippi,Assistant Professor,71397,"Doctoral Universities: Very High Research Activity
",13170,MS,"Public, 4-year or above"
148584,University of St Francis,Full Professor,89358,"Doctoral/Professional Universities
",3074,IL,"Private not-for-profit, 4-year or above"
148584,University of St Francis,Assistant Professor,65542,"Doctoral/Professional Universities
",3074,IL,"Private not-for-profit, 4-year or above"
174914,University of St Thomas,Full Professor,126206,"Doctoral/Professional Universities
",9410,MN,"Private not-for-profit, 4-year or above"
227863,University of St Thomas,Full Professor,83439,"Doctoral/Professional Universities
",4301,TX,"Private not-for-profit, 4-year or above"
174914,University of St Thomas,Assistant Professor,96224,"Doctoral/Professional Universities
",9410,MN,"Private not-for-profit, 4-year or above"
227863,University of St Thomas,Assistant Professor,62288,"Doctoral/Professional Universities
",4301,TX,"Private not-for-profit, 4-year or above"
228635,University of Texas Southwestern Medical Center,Full Professor,210867,Special Focus Four-Year: Research Institutions,2549,TX,"Public, 4-year or above"
228635,University of Texas Southwestern Medical Center,Assistant Professor,86933,Special Focus Four-Year: Research Institutions,2549,TX,"Public, 4-year or above"
206084,University of Toledo,Full Professor,115666,"Doctoral Universities: High Research Activity
",14358,OH,"Public, 4-year or above"
206084,University of Toledo,Assistant Professor,88012,"Doctoral Universities: High Research Activity
",14358,OH,"Public, 4-year or above"
207971,University of Tulsa,Full Professor,134615,"Doctoral Universities: High Research Activity
",3914,OK,"Private not-for-profit, 4-year or above"
207971,University of Tulsa,Assistant Professor,120611,"Doctoral Universities: High Research Activity
",3914,OK,"Private not-for-profit, 4-year or above"
230764,University of Utah,Full Professor,169178,"Doctoral Universities: Very High Research Activity
",36894,UT,"Public, 4-year or above"
230764,University of Utah,Assistant Professor,101590,"Doctoral Universities: Very High Research Activity
",36894,UT,"Public, 4-year or above"
216542,University of Valley Forge,Full Professor,66521,Baccalaureate Colleges: Diverse Fields,589,PA,"Private not-for-profit, 4-year or above"
216542,University of Valley Forge,Assistant Professor,48932,Baccalaureate Colleges: Diverse Fields,589,PA,"Private not-for-profit, 4-year or above"
231174,University of Vermont,Full Professor,127296,"Doctoral Universities: High Research Activity
",14476,VT,"Public, 4-year or above"
231174,University of Vermont,Assistant Professor,79290,"Doctoral Universities: High Research Activity
",14476,VT,"Public, 4-year or above"
233897,University of Virginia's College at Wise,Full Professor,110435,Baccalaureate Colleges: Arts & Sciences Focus,2167,VA,"Public, 4-year or above"
233897,University of Virginia's College at Wise,Assistant Professor,70096,Baccalaureate Colleges: Arts & Sciences Focus,2167,VA,"Public, 4-year or above"
234076,University of Virginia-Main Campus,Full Professor,213942,"Doctoral Universities: Very High Research Activity
",26409,VA,"Public, 4-year or above"
234076,University of Virginia-Main Campus,Assistant Professor,110226,"Doctoral Universities: Very High Research Activity
",26409,VA,"Public, 4-year or above"
377555,University of Washington-Bothell Campus,Full Professor,141012,Master's Colleges & Universities: Larger Programs,6058,WA,"Public, 4-year or above"
377555,University of Washington-Bothell Campus,Assistant Professor,111021,Master's Colleges & Universities: Larger Programs,6058,WA,"Public, 4-year or above"
236948,University of Washington-Seattle Campus,Full Professor,168660,"Doctoral Universities: Very High Research Activity
",56997,WA,"Public, 4-year or above"
236948,University of Washington-Seattle Campus,Assistant Professor,109817,"Doctoral Universities: Very High Research Activity
",56997,WA,"Public, 4-year or above"
377564,University of Washington-Tacoma Campus,Full Professor,133891,Master's Colleges & Universities: Larger Programs,4965,WA,"Public, 4-year or above"
377564,University of Washington-Tacoma Campus,Assistant Professor,96304,Master's Colleges & Universities: Larger Programs,4965,WA,"Public, 4-year or above"
101587,University of West Alabama,Full Professor,89980,Master's Colleges & Universities: Larger Programs,6820,AL,"Public, 4-year or above"
101587,University of West Alabama,Assistant Professor,63161,Master's Colleges & Universities: Larger Programs,6820,AL,"Public, 4-year or above"
138354,University of West Florida,Full Professor,125683,Master's Colleges & Universities: Larger Programs,14822,FL,"Public, 4-year or above"
138354,University of West Florida,Assistant Professor,87030,Master's Colleges & Universities: Larger Programs,14822,FL,"Public, 4-year or above"
141334,University of West Georgia,Full Professor,93293,"Doctoral/Professional Universities
",14337,GA,"Public, 4-year or above"
141334,University of West Georgia,Assistant Professor,73367,"Doctoral/Professional Universities
",14337,GA,"Public, 4-year or above"
210438,University of Western States,Full Professor,96164,"Doctoral/Professional Universities
",959,OR,"Private not-for-profit, 4-year or above"
210438,University of Western States,Assistant Professor,65277,"Doctoral/Professional Universities
",959,OR,"Private not-for-profit, 4-year or above"
240268,University of Wisconsin-Eau Claire,Full Professor,92415,Master's Colleges & Universities: Medium Programs,10049,WI,"Public, 4-year or above"
240268,University of Wisconsin-Eau Claire,Assistant Professor,79676,Master's Colleges & Universities: Medium Programs,10049,WI,"Public, 4-year or above"
240277,University of Wisconsin-Green Bay,Full Professor,82380,Master's Colleges & Universities: Medium Programs,11174,WI,"Public, 4-year or above"
240277,University of Wisconsin-Green Bay,Assistant Professor,72961,Master's Colleges & Universities: Medium Programs,11174,WI,"Public, 4-year or above"
240329,University of Wisconsin-La Crosse,Full Professor,85593,Master's Colleges & Universities: Larger Programs,10446,WI,"Public, 4-year or above"
240329,University of Wisconsin-La Crosse,Assistant Professor,67078,Master's Colleges & Universities: Larger Programs,10446,WI,"Public, 4-year or above"
240444,University of Wisconsin-Madison,Full Professor,191561,"Doctoral Universities: Very High Research Activity
",51044,WI,"Public, 4-year or above"
240444,University of Wisconsin-Madison,Assistant Professor,115593,"Doctoral Universities: Very High Research Activity
",51044,WI,"Public, 4-year or above"
240453,University of Wisconsin-Milwaukee,Full Professor,121777,"Doctoral Universities: Very High Research Activity
",22450,WI,"Public, 4-year or above"
240453,University of Wisconsin-Milwaukee,Assistant Professor,89094,"Doctoral Universities: Very High Research Activity
",22450,WI,"Public, 4-year or above"
240365,University of Wisconsin-Oshkosh,Full Professor,95224,"Doctoral/Professional Universities
",12953,WI,"Public, 4-year or above"
240365,University of Wisconsin-Oshkosh,Assistant Professor,72188,"Doctoral/Professional Universities
",12953,WI,"Public, 4-year or above"
240374,University of Wisconsin-Parkside,Full Professor,87564,Master's Colleges & Universities: Medium Programs,3925,WI,"Public, 4-year or above"
240374,University of Wisconsin-Parkside,Assistant Professor,78400,Master's Colleges & Universities: Medium Programs,3925,WI,"Public, 4-year or above"
240462,University of Wisconsin-Platteville,Full Professor,83998,Master's Colleges & Universities: Larger Programs,6389,WI,"Public, 4-year or above"
240462,University of Wisconsin-Platteville,Assistant Professor,70219,Master's Colleges & Universities: Larger Programs,6389,WI,"Public, 4-year or above"
240471,University of Wisconsin-River Falls,Full Professor,89244,Master's Colleges & Universities: Medium Programs,5243,WI,"Public, 4-year or above"
240471,University of Wisconsin-River Falls,Assistant Professor,73616,Master's Colleges & Universities: Medium Programs,5243,WI,"Public, 4-year or above"
240480,University of Wisconsin-Stevens Point,Full Professor,79902,Master's Colleges & Universities: Medium Programs,8233,WI,"Public, 4-year or above"
240480,University of Wisconsin-Stevens Point,Assistant Professor,69381,Master's Colleges & Universities: Medium Programs,8233,WI,"Public, 4-year or above"
240417,University of Wisconsin-Stout,Full Professor,84871,Master's Colleges & Universities: Larger Programs,6926,WI,"Public, 4-year or above"
240417,University of Wisconsin-Stout,Assistant Professor,72877,Master's Colleges & Universities: Larger Programs,6926,WI,"Public, 4-year or above"
240426,University of Wisconsin-Superior,Full Professor,70975,Master's Colleges & Universities: Medium Programs,2833,WI,"Public, 4-year or above"
240426,University of Wisconsin-Superior,Assistant Professor,61474,Master's Colleges & Universities: Medium Programs,2833,WI,"Public, 4-year or above"
240189,University of Wisconsin-Whitewater,Full Professor,94259,Master's Colleges & Universities: Larger Programs,11746,WI,"Public, 4-year or above"
240189,University of Wisconsin-Whitewater,Assistant Professor,79313,Master's Colleges & Universities: Larger Programs,11746,WI,"Public, 4-year or above"
240727,University of Wyoming,Full Professor,126323,"Doctoral Universities: High Research Activity
",10813,WY,"Public, 4-year or above"
240727,University of Wyoming,Assistant Professor,89302,"Doctoral Universities: High Research Activity
",10813,WY,"Public, 4-year or above"
156541,University of the Cumberlands,Full Professor,64768,"Doctoral/Professional Universities
",22120,KY,"Private not-for-profit, 4-year or above"
156541,University of the Cumberlands,Assistant Professor,56187,"Doctoral/Professional Universities
",22120,KY,"Private not-for-profit, 4-year or above"
131399,University of the District of Columbia,Full Professor,89345,Master's Colleges & Universities: Medium Programs,4202,DC,"Public, 4-year or above"
131399,University of the District of Columbia,Assistant Professor,67049,Master's Colleges & Universities: Medium Programs,4202,DC,"Public, 4-year or above"
225627,University of the Incarnate Word,Full Professor,94142,"Doctoral/Professional Universities
",7047,TX,"Private not-for-profit, 4-year or above"
225627,University of the Incarnate Word,Assistant Professor,74582,"Doctoral/Professional Universities
",7047,TX,"Private not-for-profit, 4-year or above"
107558,University of the Ozarks,Full Professor,63804,Baccalaureate Colleges: Diverse Fields,778,AR,"Private not-for-profit, 4-year or above"
107558,University of the Ozarks,Assistant Professor,56281,Baccalaureate Colleges: Diverse Fields,778,AR,"Private not-for-profit, 4-year or above"
120883,University of the Pacific,Full Professor,125432,"Doctoral/Professional Universities
",6944,CA,"Private not-for-profit, 4-year or above"
120883,University of the Pacific,Assistant Professor,92595,"Doctoral/Professional Universities
",6944,CA,"Private not-for-profit, 4-year or above"
188182,University of the Southwest,Full Professor,43275,Master's Colleges & Universities: Larger Programs,1130,NM,"Private not-for-profit, 4-year or above"
188182,University of the Southwest,Assistant Professor,30275,Master's Colleges & Universities: Larger Programs,1130,NM,"Private not-for-profit, 4-year or above"
243665,University of the Virgin Islands,Full Professor,87127,Master's Colleges & Universities: Small Programs,1792,VI,"Public, 4-year or above"
243665,University of the Virgin Islands,Assistant Professor,58471,Master's Colleges & Universities: Small Programs,1792,VI,"Public, 4-year or above"
449870,University of the West,Full Professor,73647,Baccalaureate Colleges: Arts & Sciences Focus,138,CA,"Private not-for-profit, 4-year or above"
449870,University of the West,Assistant Professor,44405,Baccalaureate Colleges: Arts & Sciences Focus,138,CA,"Private not-for-profit, 4-year or above"
154493,Upper Iowa University,Full Professor,68492,Master's Colleges & Universities: Larger Programs,3941,IA,"Private not-for-profit, 4-year or above"
154493,Upper Iowa University,Assistant Professor,52824,Master's Colleges & Universities: Larger Programs,3941,IA,"Private not-for-profit, 4-year or above"
196307,Upstate Medical University,Full Professor,123561,Special Focus Four-Year: Medical Schools & Centers,1341,NY,"Public, 4-year or above"
196307,Upstate Medical University,Assistant Professor,50832,Special Focus Four-Year: Medical Schools & Centers,1341,NY,"Public, 4-year or above"
494685,Urshan College,Full Professor,40028,Baccalaureate Colleges: Diverse Fields,474,MO,"Private not-for-profit, 4-year or above"
494685,Urshan College,Assistant Professor,42455,Baccalaureate Colleges: Diverse Fields,474,MO,"Private not-for-profit, 4-year or above"
455099,Urshan Graduate School of Theology,Full Professor,50852,Special Focus Four-Year: Faith-Related Institutions,116,MO,"Private not-for-profit, 4-year or above"
455099,Urshan Graduate School of Theology,Assistant Professor,51970,Special Focus Four-Year: Faith-Related Institutions,116,MO,"Private not-for-profit, 4-year or above"
216524,Ursinus College,Full Professor,103257,Baccalaureate Colleges: Arts & Sciences Focus,1502,PA,"Private not-for-profit, 4-year or above"
216524,Ursinus College,Assistant Professor,76685,Baccalaureate Colleges: Arts & Sciences Focus,1502,PA,"Private not-for-profit, 4-year or above"
206349,Ursuline College,Full Professor,66652,Master's Colleges & Universities: Medium Programs,970,OH,"Private not-for-profit, 4-year or above"
206349,Ursuline College,Assistant Professor,57634,Master's Colleges & Universities: Medium Programs,970,OH,"Private not-for-profit, 4-year or above"
446604,Uta Mesivta of Kiryas Joel,Full Professor,53247,Special Focus Four-Year: Faith-Related Institutions,2957,NY,"Private not-for-profit, 4-year or above"
230728,Utah State University,Full Professor,134376,"Doctoral Universities: Very High Research Activity
",28904,UT,"Public, 4-year or above"
230728,Utah State University,Assistant Professor,81718,"Doctoral Universities: Very High Research Activity
",28904,UT,"Public, 4-year or above"
230171,Utah Tech University,Full Professor,100120,Baccalaureate Colleges: Diverse Fields,13167,UT,"Public, 4-year or above"
230171,Utah Tech University,Assistant Professor,70820,Baccalaureate Colleges: Diverse Fields,13167,UT,"Public, 4-year or above"
230737,Utah Valley University,Full Professor,114131,Master's Colleges & Universities: Larger Programs,46807,UT,"Public, 4-year or above"
230737,Utah Valley University,Assistant Professor,85244,Master's Colleges & Universities: Larger Programs,46807,UT,"Public, 4-year or above"
197045,Utica University,Full Professor,105740,Master's Colleges & Universities: Larger Programs,3627,NY,"Private not-for-profit, 4-year or above"
197045,Utica University,Assistant Professor,84179,Master's Colleges & Universities: Larger Programs,3627,NY,"Private not-for-profit, 4-year or above"
141264,Valdosta State University,Full Professor,95184,"Doctoral/Professional Universities
",10262,GA,"Public, 4-year or above"
141264,Valdosta State University,Assistant Professor,70899,"Doctoral/Professional Universities
",10262,GA,"Public, 4-year or above"
200572,Valley City State University,Full Professor,81009,Baccalaureate Colleges: Diverse Fields,1806,ND,"Public, 4-year or above"
200572,Valley City State University,Assistant Professor,55134,Baccalaureate Colleges: Diverse Fields,1806,ND,"Public, 4-year or above"
152600,Valparaiso University,Full Professor,86130,"Doctoral/Professional Universities
",2579,IN,"Private not-for-profit, 4-year or above"
152600,Valparaiso University,Assistant Professor,67342,"Doctoral/Professional Universities
",2579,IN,"Private not-for-profit, 4-year or above"
149639,VanderCook College of Music,Full Professor,68420,Special Focus Four-Year: Other Special Focus Institutions,323,IL,"Private not-for-profit, 4-year or above"
149639,VanderCook College of Music,Assistant Professor,57910,Special Focus Four-Year: Other Special Focus Institutions,323,IL,"Private not-for-profit, 4-year or above"
221999,Vanderbilt University,Full Professor,221801,"Doctoral Universities: Very High Research Activity
",13575,TN,"Private not-for-profit, 4-year or above"
221999,Vanderbilt University,Assistant Professor,111831,"Doctoral Universities: Very High Research Activity
",13575,TN,"Private not-for-profit, 4-year or above"
123651,Vanguard University of Southern California,Full Professor,97678,Master's Colleges & Universities: Medium Programs,2246,CA,"Private not-for-profit, 4-year or above"
123651,Vanguard University of Southern California,Assistant Professor,71733,Master's Colleges & Universities: Medium Programs,2246,CA,"Private not-for-profit, 4-year or above"
197133,Vassar College,Full Professor,169579,Baccalaureate Colleges: Arts & Sciences Focus,2462,NY,"Private not-for-profit, 4-year or above"
197133,Vassar College,Assistant Professor,100245,Baccalaureate Colleges: Arts & Sciences Focus,2462,NY,"Private not-for-profit, 4-year or above"
188340,Vaughn College of Aeronautics and Technology,Full Professor,113804,Baccalaureate Colleges: Diverse Fields,1405,NY,"Private not-for-profit, 4-year or above"
188340,Vaughn College of Aeronautics and Technology,Assistant Professor,79611,Baccalaureate Colleges: Diverse Fields,1405,NY,"Private not-for-profit, 4-year or above"
482228,Veritas Baptist College,Full Professor,34952,Special Focus Four-Year: Faith-Related Institutions,211,IN,"Private not-for-profit, 4-year or above"
231147,Vermont Law and Graduate School,Full Professor,92358,Special Focus Four-Year: Law Schools,722,VT,"Private not-for-profit, 4-year or above"
231147,Vermont Law and Graduate School,Assistant Professor,69694,Special Focus Four-Year: Law Schools,722,VT,"Private not-for-profit, 4-year or above"
231165,Vermont State University,Full Professor,78865,Baccalaureate/Associate's Colleges: Mixed Baccalaureate/Associate's,5093,VT,"Public, 4-year or above"
231165,Vermont State University,Assistant Professor,57505,Baccalaureate/Associate's Colleges: Mixed Baccalaureate/Associate's,5093,VT,"Public, 4-year or above"
197142,Villa Maria College,Full Professor,60318,Baccalaureate Colleges: Diverse Fields,611,NY,"Private not-for-profit, 4-year or above"
197142,Villa Maria College,Assistant Professor,44110,Baccalaureate Colleges: Diverse Fields,611,NY,"Private not-for-profit, 4-year or above"
216597,Villanova University,Full Professor,166637,"Doctoral Universities: High Research Activity
",10041,PA,"Private not-for-profit, 4-year or above"
216597,Villanova University,Assistant Professor,93846,"Doctoral Universities: High Research Activity
",10041,PA,"Private not-for-profit, 4-year or above"
152637,Vincennes University,Full Professor,74231,Baccalaureate/Associate's Colleges: Mixed Baccalaureate/Associate's,19795,IN,"Public, 4-year or above"
152637,Vincennes University,Assistant Professor,56516,Baccalaureate/Associate's Colleges: Mixed Baccalaureate/Associate's,19795,IN,"Public, 4-year or above"
449834,Virginia Beach Theological Seminary,Full Professor,46015,Special Focus Four-Year: Faith-Related Institutions,33,VA,"Private not-for-profit, 4-year or above"
234030,Virginia Commonwealth University,Full Professor,157535,"Doctoral Universities: Very High Research Activity
",28464,VA,"Public, 4-year or above"
234030,Virginia Commonwealth University,Assistant Professor,86300,"Doctoral Universities: Very High Research Activity
",28464,VA,"Public, 4-year or above"
234085,Virginia Military Institute,Full Professor,99655,Baccalaureate Colleges: Arts & Sciences Focus,1527,VA,"Public, 4-year or above"
234085,Virginia Military Institute,Assistant Professor,68406,Baccalaureate Colleges: Arts & Sciences Focus,1527,VA,"Public, 4-year or above"
233921,Virginia Polytechnic Institute and State University,Full Professor,174077,"Doctoral Universities: Very High Research Activity
",38857,VA,"Public, 4-year or above"
233921,Virginia Polytechnic Institute and State University,Assistant Professor,107820,"Doctoral Universities: Very High Research Activity
",38857,VA,"Public, 4-year or above"
234155,Virginia State University,Full Professor,108453,Master's Colleges & Universities: Medium Programs,5605,VA,"Public, 4-year or above"
234155,Virginia State University,Assistant Professor,78973,Master's Colleges & Universities: Medium Programs,5605,VA,"Public, 4-year or above"
234164,Virginia Union University,Full Professor,60000,Baccalaureate Colleges: Arts & Sciences Focus,1646,VA,"Private not-for-profit, 4-year or above"
234164,Virginia Union University,Assistant Professor,51000,Baccalaureate Colleges: Arts & Sciences Focus,1646,VA,"Private not-for-profit, 4-year or above"
490106,Virginia University of Integrative Medicine,Full Professor,54830,Special Focus Four-Year: Other Health Professions Schools,457,VA,"Private not-for-profit, 4-year or above"
234173,Virginia Wesleyan University,Full Professor,90491,Baccalaureate Colleges: Arts & Sciences Focus,1853,VA,"Private not-for-profit, 4-year or above"
234173,Virginia Wesleyan University,Assistant Professor,71505,Baccalaureate Colleges: Arts & Sciences Focus,1853,VA,"Private not-for-profit, 4-year or above"
449764,Visible Music College,Full Professor,18131,"Special Focus Four-Year: Arts, Music & Design Schools",89,TN,"Private not-for-profit, 4-year or above"
449764,Visible Music College,Assistant Professor,21808,"Special Focus Four-Year: Arts, Music & Design Schools",89,TN,"Private not-for-profit, 4-year or above"
240107,Viterbo University,Full Professor,73218,Master's Colleges & Universities: Larger Programs,2094,WI,"Private not-for-profit, 4-year or above"
240107,Viterbo University,Assistant Professor,62287,Master's Colleges & Universities: Larger Programs,2094,WI,"Private not-for-profit, 4-year or above"
218919,Voorhees University,Full Professor,62638,Baccalaureate Colleges: Diverse Fields,578,SC,"Private not-for-profit, 4-year or above"
218919,Voorhees University,Assistant Professor,45008,Baccalaureate Colleges: Diverse Fields,578,SC,"Private not-for-profit, 4-year or above"
152673,Wabash College,Full Professor,108478,Baccalaureate Colleges: Arts & Sciences Focus,866,IN,"Private not-for-profit, 4-year or above"
152673,Wabash College,Assistant Professor,68409,Baccalaureate Colleges: Arts & Sciences Focus,866,IN,"Private not-for-profit, 4-year or above"
197197,Wagner College,Full Professor,101239,Master's Colleges & Universities: Medium Programs,2001,NY,"Private not-for-profit, 4-year or above"
197197,Wagner College,Assistant Professor,78369,Master's Colleges & Universities: Medium Programs,2001,NY,"Private not-for-profit, 4-year or above"
199847,Wake Forest University,Full Professor,153302,"Doctoral Universities: High Research Activity
",9322,NC,"Private not-for-profit, 4-year or above"
199847,Wake Forest University,Assistant Professor,79266,"Doctoral Universities: High Research Activity
",9322,NC,"Private not-for-profit, 4-year or above"
236896,Walla Walla University,Full Professor,73084,Master's Colleges & Universities: Small Programs,1426,WA,"Private not-for-profit, 4-year or above"
236896,Walla Walla University,Assistant Professor,60081,Master's Colleges & Universities: Small Programs,1426,WA,"Private not-for-profit, 4-year or above"
172608,Walsh College,Full Professor,107246,Special Focus Four-Year: Business & Management Schools,908,MI,"Private not-for-profit, 4-year or above"
172608,Walsh College,Assistant Professor,83250,Special Focus Four-Year: Business & Management Schools,908,MI,"Private not-for-profit, 4-year or above"
206437,Walsh University,Full Professor,59147,"Doctoral/Professional Universities
",2192,OH,"Private not-for-profit, 4-year or above"
206437,Walsh University,Assistant Professor,49497,"Doctoral/Professional Universities
",2192,OH,"Private not-for-profit, 4-year or above"
210304,Warner Pacific University,Full Professor,72310,Baccalaureate Colleges: Diverse Fields,378,OR,"Private not-for-profit, 4-year or above"
210304,Warner Pacific University,Assistant Professor,71949,Baccalaureate Colleges: Diverse Fields,378,OR,"Private not-for-profit, 4-year or above"
138275,Warner University,Full Professor,50135,Master's Colleges & Universities: Small Programs,900,FL,"Private not-for-profit, 4-year or above"
138275,Warner University,Assistant Professor,45599,Master's Colleges & Universities: Small Programs,900,FL,"Private not-for-profit, 4-year or above"
199865,Warren Wilson College,Full Professor,61226,Baccalaureate Colleges: Arts & Sciences Focus,791,NC,"Private not-for-profit, 4-year or above"
199865,Warren Wilson College,Assistant Professor,54479,Baccalaureate Colleges: Arts & Sciences Focus,791,NC,"Private not-for-profit, 4-year or above"
154527,Wartburg College,Full Professor,77264,Baccalaureate Colleges: Arts & Sciences Focus,1483,IA,"Private not-for-profit, 4-year or above"
154527,Wartburg College,Assistant Professor,58113,Baccalaureate Colleges: Arts & Sciences Focus,1483,IA,"Private not-for-profit, 4-year or above"
154536,Wartburg Theological Seminary,Full Professor,74177,Special Focus Four-Year: Faith-Related Institutions,161,IA,"Private not-for-profit, 4-year or above"
154536,Wartburg Theological Seminary,Assistant Professor,49229,Special Focus Four-Year: Faith-Related Institutions,161,IA,"Private not-for-profit, 4-year or above"
156082,Washburn University,Full Professor,112247,Master's Colleges & Universities: Medium Programs,6033,KS,"Public, 4-year or above"
156082,Washburn University,Assistant Professor,71793,Master's Colleges & Universities: Medium Programs,6033,KS,"Public, 4-year or above"
216667,Washington & Jefferson College,Full Professor,86145,Baccalaureate Colleges: Arts & Sciences Focus,1309,PA,"Private not-for-profit, 4-year or above"
216667,Washington & Jefferson College,Assistant Professor,63761,Baccalaureate Colleges: Arts & Sciences Focus,1309,PA,"Private not-for-profit, 4-year or above"
162210,Washington Adventist University,Full Professor,59441,Master's Colleges & Universities: Small Programs,612,MD,"Private not-for-profit, 4-year or above"
162210,Washington Adventist University,Assistant Professor,50592,Master's Colleges & Universities: Small Programs,612,MD,"Private not-for-profit, 4-year or above"
164216,Washington College,Full Professor,73627,Baccalaureate Colleges: Arts & Sciences Focus,923,MD,"Private not-for-profit, 4-year or above"
164216,Washington College,Assistant Professor,49107,Baccalaureate Colleges: Arts & Sciences Focus,923,MD,"Private not-for-profit, 4-year or above"
206446,Washington State Community College,Full Professor,61858,Associate's Colleges: High Career & Technical-High Nontraditional,2025,OH,"Public, 4-year or above"
206446,Washington State Community College,Assistant Professor,63655,Associate's Colleges: High Career & Technical-High Nontraditional,2025,OH,"Public, 4-year or above"
236939,Washington State University,Full Professor,127297,"Doctoral Universities: Very High Research Activity
",25685,WA,"Public, 4-year or above"
236939,Washington State University,Assistant Professor,83005,"Doctoral Universities: Very High Research Activity
",25685,WA,"Public, 4-year or above"
179867,Washington University in St Louis,Full Professor,208805,"Doctoral Universities: Very High Research Activity
",16357,MO,"Private not-for-profit, 4-year or above"
179867,Washington University in St Louis,Assistant Professor,122979,"Doctoral Universities: Very High Research Activity
",16357,MO,"Private not-for-profit, 4-year or above"
234207,Washington and Lee University,Full Professor,167611,Baccalaureate Colleges: Arts & Sciences Focus,2241,VA,"Private not-for-profit, 4-year or above"
234207,Washington and Lee University,Assistant Professor,99676,Baccalaureate Colleges: Arts & Sciences Focus,2241,VA,"Private not-for-profit, 4-year or above"
229780,Wayland Baptist University,Full Professor,56533,Master's Colleges & Universities: Larger Programs,2809,TX,"Private not-for-profit, 4-year or above"
229780,Wayland Baptist University,Assistant Professor,52412,Master's Colleges & Universities: Larger Programs,2809,TX,"Private not-for-profit, 4-year or above"
181783,Wayne State College,Full Professor,88995,Master's Colleges & Universities: Larger Programs,4666,NE,"Public, 4-year or above"
181783,Wayne State College,Assistant Professor,65096,Master's Colleges & Universities: Larger Programs,4666,NE,"Public, 4-year or above"
172644,Wayne State University,Full Professor,143302,"Doctoral Universities: Very High Research Activity
",23803,MI,"Public, 4-year or above"
172644,Wayne State University,Assistant Professor,87875,"Doctoral Universities: Very High Research Activity
",23803,MI,"Public, 4-year or above"
216694,Waynesburg University,Full Professor,74803,Master's Colleges & Universities: Medium Programs,1231,PA,"Private not-for-profit, 4-year or above"
216694,Waynesburg University,Assistant Professor,57780,Master's Colleges & Universities: Medium Programs,1231,PA,"Private not-for-profit, 4-year or above"
197221,Webb Institute,Full Professor,131286,Special Focus Four-Year: Engineering and Other Technology-Related Schools,106,NY,"Private not-for-profit, 4-year or above"
197221,Webb Institute,Assistant Professor,99266,Special Focus Four-Year: Engineering and Other Technology-Related Schools,106,NY,"Private not-for-profit, 4-year or above"
138293,Webber International University,Full Professor,46895,Baccalaureate Colleges: Diverse Fields,878,FL,"Private not-for-profit, 4-year or above"
138293,Webber International University,Assistant Professor,42780,Baccalaureate Colleges: Diverse Fields,878,FL,"Private not-for-profit, 4-year or above"
230782,Weber State University,Full Professor,110653,Master's Colleges & Universities: Larger Programs,32701,UT,"Public, 4-year or above"
230782,Weber State University,Assistant Professor,77215,Master's Colleges & Universities: Larger Programs,32701,UT,"Public, 4-year or above"
179894,Webster University,Full Professor,91621,Master's Colleges & Universities: Larger Programs,8260,MO,"Private not-for-profit, 4-year or above"
179894,Webster University,Assistant Professor,78320,Master's Colleges & Universities: Larger Programs,8260,MO,"Private not-for-profit, 4-year or above"
220206,Welch College,Full Professor,46204,Baccalaureate Colleges: Diverse Fields,389,TN,"Private not-for-profit, 4-year or above"
220206,Welch College,Assistant Professor,31792,Baccalaureate Colleges: Diverse Fields,389,TN,"Private not-for-profit, 4-year or above"
168218,Wellesley College,Full Professor,170507,Baccalaureate Colleges: Arts & Sciences Focus,2407,MA,"Private not-for-profit, 4-year or above"
168218,Wellesley College,Assistant Professor,105172,Baccalaureate Colleges: Arts & Sciences Focus,2407,MA,"Private not-for-profit, 4-year or above"
168227,Wentworth Institute of Technology,Full Professor,128100,Master's Colleges & Universities: Small Programs,4191,MA,"Private not-for-profit, 4-year or above"
168227,Wentworth Institute of Technology,Assistant Professor,86994,Master's Colleges & Universities: Small Programs,4191,MA,"Private not-for-profit, 4-year or above"
176451,Wesley Biblical Seminary,Full Professor,60000,Special Focus Four-Year: Faith-Related Institutions,170,MS,"Private not-for-profit, 4-year or above"
176451,Wesley Biblical Seminary,Assistant Professor,45000,Special Focus Four-Year: Faith-Related Institutions,170,MS,"Private not-for-profit, 4-year or above"
131973,Wesley Theological Seminary,Full Professor,87987,Special Focus Four-Year: Faith-Related Institutions,374,DC,"Private not-for-profit, 4-year or above"
131973,Wesley Theological Seminary,Assistant Professor,72458,Special Focus Four-Year: Faith-Related Institutions,374,DC,"Private not-for-profit, 4-year or above"
141325,Wesleyan College,Full Professor,62441,Baccalaureate Colleges: Diverse Fields,531,GA,"Private not-for-profit, 4-year or above"
141325,Wesleyan College,Assistant Professor,48787,Baccalaureate Colleges: Diverse Fields,531,GA,"Private not-for-profit, 4-year or above"
130697,Wesleyan University,Full Professor,173994,Baccalaureate Colleges: Arts & Sciences Focus,4011,CT,"Private not-for-profit, 4-year or above"
130697,Wesleyan University,Assistant Professor,100620,Baccalaureate Colleges: Arts & Sciences Focus,4011,CT,"Private not-for-profit, 4-year or above"
216764,West Chester University of Pennsylvania,Full Professor,122870,"Doctoral Universities: High Research Activity
",17171,PA,"Public, 4-year or above"
216764,West Chester University of Pennsylvania,Assistant Professor,85066,"Doctoral Universities: High Research Activity
",17171,PA,"Public, 4-year or above"
237932,West Liberty University,Full Professor,76399,Master's Colleges & Universities: Medium Programs,2299,WV,"Public, 4-year or above"
237932,West Liberty University,Assistant Professor,57319,Master's Colleges & Universities: Medium Programs,2299,WV,"Public, 4-year or above"
229814,West Texas A & M University,Full Professor,91992,Master's Colleges & Universities: Larger Programs,9045,TX,"Public, 4-year or above"
229814,West Texas A & M University,Assistant Professor,78147,Master's Colleges & Universities: Larger Programs,9045,TX,"Public, 4-year or above"
237899,West Virginia State University,Full Professor,71188,Master's Colleges & Universities: Small Programs,3246,WV,"Public, 4-year or above"
237899,West Virginia State University,Assistant Professor,60194,Master's Colleges & Universities: Small Programs,3246,WV,"Public, 4-year or above"
238032,West Virginia University,Full Professor,136459,"Doctoral Universities: Very High Research Activity
",23643,WV,"Public, 4-year or above"
238032,West Virginia University,Assistant Professor,82930,"Doctoral Universities: Very High Research Activity
",23643,WV,"Public, 4-year or above"
237950,West Virginia University Institute of Technology,Full Professor,91112,Baccalaureate Colleges: Diverse Fields,1278,WV,"Public, 4-year or above"
237950,West Virginia University Institute of Technology,Assistant Professor,65177,Baccalaureate Colleges: Diverse Fields,1278,WV,"Public, 4-year or above"
237686,West Virginia University at Parkersburg,Full Professor,73930,Baccalaureate/Associate's Colleges: Mixed Baccalaureate/Associate's,2728,WV,"Public, 4-year or above"
237686,West Virginia University at Parkersburg,Assistant Professor,53353,Baccalaureate/Associate's Colleges: Mixed Baccalaureate/Associate's,2728,WV,"Public, 4-year or above"
237969,West Virginia Wesleyan College,Full Professor,67885,Baccalaureate Colleges: Diverse Fields,1055,WV,"Private not-for-profit, 4-year or above"
237969,West Virginia Wesleyan College,Assistant Professor,50059,Baccalaureate Colleges: Diverse Fields,1055,WV,"Private not-for-profit, 4-year or above"
200004,Western Carolina University,Full Professor,109028,"Doctoral/Professional Universities
",11686,NC,"Public, 4-year or above"
200004,Western Carolina University,Assistant Professor,77595,"Doctoral/Professional Universities
",11686,NC,"Public, 4-year or above"
128391,Western Colorado University,Full Professor,84908,Master's Colleges & Universities: Medium Programs,3568,CO,"Public, 4-year or above"
128391,Western Colorado University,Assistant Professor,68977,Master's Colleges & Universities: Medium Programs,3568,CO,"Public, 4-year or above"
130776,Western Connecticut State University,Full Professor,111567,Master's Colleges & Universities: Medium Programs,4169,CT,"Public, 4-year or above"
130776,Western Connecticut State University,Assistant Professor,79302,Master's Colleges & Universities: Medium Programs,4169,CT,"Public, 4-year or above"
149772,Western Illinois University,Full Professor,108288,Master's Colleges & Universities: Larger Programs,6332,IL,"Public, 4-year or above"
149772,Western Illinois University,Assistant Professor,71593,Master's Colleges & Universities: Larger Programs,6332,IL,"Public, 4-year or above"
157951,Western Kentucky University,Full Professor,89740,"Doctoral/Professional Universities
",16291,KY,"Public, 4-year or above"
157951,Western Kentucky University,Assistant Professor,68205,"Doctoral/Professional Universities
",16291,KY,"Public, 4-year or above"
172699,Western Michigan University,Full Professor,119970,"Doctoral Universities: High Research Activity
",16744,MI,"Public, 4-year or above"
172699,Western Michigan University,Assistant Professor,79312,"Doctoral Universities: High Research Activity
",16744,MI,"Public, 4-year or above"
182564,Western Nevada College,Full Professor,94431,Baccalaureate/Associate's Colleges: Associate's Dominant,4284,NV,"Public, 4-year or above"
168254,Western New England University,Full Professor,110565,"Doctoral/Professional Universities
",3674,MA,"Private not-for-profit, 4-year or above"
168254,Western New England University,Assistant Professor,87375,"Doctoral/Professional Universities
",3674,MA,"Private not-for-profit, 4-year or above"
188304,Western New Mexico University,Full Professor,89633,Master's Colleges & Universities: Larger Programs,3531,NM,"Public, 4-year or above"
188304,Western New Mexico University,Assistant Professor,68825,Master's Colleges & Universities: Larger Programs,3531,NM,"Public, 4-year or above"
210429,Western Oregon University,Full Professor,83515,Master's Colleges & Universities: Larger Programs,3722,OR,"Public, 4-year or above"
210429,Western Oregon University,Assistant Professor,58773,Master's Colleges & Universities: Larger Programs,3722,OR,"Public, 4-year or above"
210368,Western Seminary,Full Professor,66437,Special Focus Four-Year: Faith-Related Institutions,755,OR,"Private not-for-profit, 4-year or above"
210368,Western Seminary,Assistant Professor,60031,Special Focus Four-Year: Faith-Related Institutions,755,OR,"Private not-for-profit, 4-year or above"
172705,Western Theological Seminary,Full Professor,86486,Special Focus Four-Year: Faith-Related Institutions,397,MI,"Private not-for-profit, 4-year or above"
172705,Western Theological Seminary,Assistant Professor,64067,Special Focus Four-Year: Faith-Related Institutions,397,MI,"Private not-for-profit, 4-year or above"
112525,Western University of Health Sciences,Full Professor,129836,Special Focus Four-Year: Medical Schools & Centers,3665,CA,"Private not-for-profit, 4-year or above"
112525,Western University of Health Sciences,Assistant Professor,95731,Special Focus Four-Year: Medical Schools & Centers,3665,CA,"Private not-for-profit, 4-year or above"
237011,Western Washington University,Full Professor,137510,Master's Colleges & Universities: Larger Programs,14710,WA,"Public, 4-year or above"
237011,Western Washington University,Assistant Professor,84927,Master's Colleges & Universities: Larger Programs,14710,WA,"Public, 4-year or above"
240693,Western Wyoming Community College,Full Professor,81668,Associate's Colleges: High Career & Technical-High Nontraditional,2653,WY,"Public, 4-year or above"
240693,Western Wyoming Community College,Assistant Professor,61688,Associate's Colleges: High Career & Technical-High Nontraditional,2653,WY,"Public, 4-year or above"
168263,Westfield State University,Full Professor,115812,Master's Colleges & Universities: Larger Programs,4588,MA,"Public, 4-year or above"
168263,Westfield State University,Assistant Professor,80421,Master's Colleges & Universities: Larger Programs,4588,MA,"Public, 4-year or above"
179946,Westminster College,Full Professor,76451,Baccalaureate Colleges: Arts & Sciences Focus,640,MO,"Private not-for-profit, 4-year or above"
216807,Westminster College,Full Professor,80475,Baccalaureate Colleges: Arts & Sciences Focus,1191,PA,"Private not-for-profit, 4-year or above"
179946,Westminster College,Assistant Professor,63377,Baccalaureate Colleges: Arts & Sciences Focus,640,MO,"Private not-for-profit, 4-year or above"
216807,Westminster College,Assistant Professor,60225,Baccalaureate Colleges: Arts & Sciences Focus,1191,PA,"Private not-for-profit, 4-year or above"
216816,Westminster Theological Seminary,Full Professor,70096,Special Focus Four-Year: Faith-Related Institutions,1183,PA,"Private not-for-profit, 4-year or above"
125718,Westminster Theological Seminary in California,Full Professor,85337,Special Focus Four-Year: Faith-Related Institutions,108,CA,"Private not-for-profit, 4-year or above"
125718,Westminster Theological Seminary in California,Assistant Professor,60703,Special Focus Four-Year: Faith-Related Institutions,108,CA,"Private not-for-profit, 4-year or above"
230807,Westminster University,Full Professor,89712,Master's Colleges & Universities: Medium Programs,1155,UT,"Private not-for-profit, 4-year or above"
230807,Westminster University,Assistant Professor,71412,Master's Colleges & Universities: Medium Programs,1155,UT,"Private not-for-profit, 4-year or above"
125727,Westmont College,Full Professor,107109,Baccalaureate Colleges: Arts & Sciences Focus,1310,CA,"Private not-for-profit, 4-year or above"
125727,Westmont College,Assistant Professor,76411,Baccalaureate Colleges: Arts & Sciences Focus,1310,CA,"Private not-for-profit, 4-year or above"
149781,Wheaton College,Full Professor,110350,Baccalaureate Colleges: Arts & Sciences Focus,2874,IL,"Private not-for-profit, 4-year or above"
149781,Wheaton College,Assistant Professor,72203,Baccalaureate Colleges: Arts & Sciences Focus,2874,IL,"Private not-for-profit, 4-year or above"
168281,Wheaton College (Massachusetts),Full Professor,100661,Baccalaureate Colleges: Arts & Sciences Focus,1785,MA,"Private not-for-profit, 4-year or above"
168281,Wheaton College (Massachusetts),Assistant Professor,72993,Baccalaureate Colleges: Arts & Sciences Focus,1785,MA,"Private not-for-profit, 4-year or above"
238078,Wheeling University,Full Professor,45260,Master's Colleges & Universities: Medium Programs,774,WV,"Private not-for-profit, 4-year or above"
238078,Wheeling University,Assistant Professor,53755,Master's Colleges & Universities: Medium Programs,774,WV,"Private not-for-profit, 4-year or above"
237057,Whitman College,Full Professor,124655,Baccalaureate Colleges: Arts & Sciences Focus,1561,WA,"Private not-for-profit, 4-year or above"
237057,Whitman College,Assistant Professor,84094,Baccalaureate Colleges: Arts & Sciences Focus,1561,WA,"Private not-for-profit, 4-year or above"
125763,Whittier College,Full Professor,95971,Baccalaureate Colleges: Arts & Sciences Focus,795,CA,"Private not-for-profit, 4-year or above"
125763,Whittier College,Assistant Professor,70813,Baccalaureate Colleges: Arts & Sciences Focus,795,CA,"Private not-for-profit, 4-year or above"
237066,Whitworth University,Full Professor,90626,Master's Colleges & Universities: Medium Programs,2314,WA,"Private not-for-profit, 4-year or above"
237066,Whitworth University,Assistant Professor,75415,Master's Colleges & Universities: Medium Programs,2314,WA,"Private not-for-profit, 4-year or above"
156125,Wichita State University,Full Professor,104016,"Doctoral Universities: High Research Activity
",16689,KS,"Public, 4-year or above"
156125,Wichita State University,Assistant Professor,69600,"Doctoral Universities: High Research Activity
",16689,KS,"Public, 4-year or above"
216852,Widener University,Full Professor,107092,"Doctoral/Professional Universities
",5713,PA,"Private not-for-profit, 4-year or above"
216852,Widener University,Assistant Professor,73891,"Doctoral/Professional Universities
",5713,PA,"Private not-for-profit, 4-year or above"
206491,Wilberforce University,Full Professor,85500,Baccalaureate Colleges: Diverse Fields,838,OH,"Private not-for-profit, 4-year or above"
206491,Wilberforce University,Assistant Professor,62509,Baccalaureate Colleges: Diverse Fields,838,OH,"Private not-for-profit, 4-year or above"
229887,Wiley University,Full Professor,91875,Baccalaureate Colleges: Diverse Fields,783,TX,"Private not-for-profit, 4-year or above"
229887,Wiley University,Assistant Professor,50082,Baccalaureate Colleges: Diverse Fields,783,TX,"Private not-for-profit, 4-year or above"
216931,Wilkes University,Full Professor,112329,"Doctoral/Professional Universities
",5381,PA,"Private not-for-profit, 4-year or above"
216931,Wilkes University,Assistant Professor,76684,"Doctoral/Professional Universities
",5381,PA,"Private not-for-profit, 4-year or above"
210401,Willamette University,Full Professor,116151,Baccalaureate Colleges: Arts & Sciences Focus,2180,OR,"Private not-for-profit, 4-year or above"
210401,Willamette University,Assistant Professor,98787,Baccalaureate Colleges: Arts & Sciences Focus,2180,OR,"Private not-for-profit, 4-year or above"
231624,William & Mary,Full Professor,144138,"Doctoral Universities: High Research Activity
",9818,VA,"Public, 4-year or above"
231624,William & Mary,Assistant Professor,91761,"Doctoral Universities: High Research Activity
",9818,VA,"Public, 4-year or above"
176479,William Carey University,Full Professor,85777,"Doctoral/Professional Universities
",5321,MS,"Private not-for-profit, 4-year or above"
176479,William Carey University,Assistant Professor,72327,"Doctoral/Professional Universities
",5321,MS,"Private not-for-profit, 4-year or above"
166717,William James College,Full Professor,113813,Special Focus Four-Year: Other Health Professions Schools,967,MA,"Private not-for-profit, 4-year or above"
166717,William James College,Assistant Professor,82086,Special Focus Four-Year: Other Health Professions Schools,967,MA,"Private not-for-profit, 4-year or above"
122728,William Jessup University,Full Professor,83882,Master's Colleges & Universities: Medium Programs,1865,CA,"Private not-for-profit, 4-year or above"
122728,William Jessup University,Assistant Professor,64975,Master's Colleges & Universities: Medium Programs,1865,CA,"Private not-for-profit, 4-year or above"
179955,William Jewell College,Full Professor,77481,Baccalaureate Colleges: Diverse Fields,959,MO,"Private not-for-profit, 4-year or above"
179955,William Jewell College,Assistant Professor,55518,Baccalaureate Colleges: Diverse Fields,959,MO,"Private not-for-profit, 4-year or above"
187444,William Paterson University of New Jersey,Full Professor,138765,Master's Colleges & Universities: Larger Programs,9942,NJ,"Public, 4-year or above"
187444,William Paterson University of New Jersey,Assistant Professor,87394,Master's Colleges & Universities: Larger Programs,9942,NJ,"Public, 4-year or above"
199272,William Peace University,Full Professor,71777,Baccalaureate Colleges: Diverse Fields,722,NC,"Private not-for-profit, 4-year or above"
199272,William Peace University,Assistant Professor,58338,Baccalaureate Colleges: Diverse Fields,722,NC,"Private not-for-profit, 4-year or above"
154590,William Penn University,Full Professor,65391,Baccalaureate Colleges: Diverse Fields,1425,IA,"Private not-for-profit, 4-year or above"
154590,William Penn University,Assistant Professor,55885,Baccalaureate Colleges: Diverse Fields,1425,IA,"Private not-for-profit, 4-year or above"
179964,William Woods University,Full Professor,56930,"Doctoral/Professional Universities
",2046,MO,"Private not-for-profit, 4-year or above"
179964,William Woods University,Assistant Professor,48477,"Doctoral/Professional Universities
",2046,MO,"Private not-for-profit, 4-year or above"
107877,Williams Baptist University,Full Professor,58731,Baccalaureate Colleges: Diverse Fields,517,AR,"Private not-for-profit, 4-year or above"
107877,Williams Baptist University,Assistant Professor,49209,Baccalaureate Colleges: Diverse Fields,517,AR,"Private not-for-profit, 4-year or above"
168342,Williams College,Full Professor,178524,Baccalaureate Colleges: Arts & Sciences Focus,2164,MA,"Private not-for-profit, 4-year or above"
168342,Williams College,Assistant Professor,113622,Baccalaureate Colleges: Arts & Sciences Focus,2164,MA,"Private not-for-profit, 4-year or above"
443340,Williamson Christian College,Full Professor,12210,Special Focus Four-Year: Business & Management Schools,64,TN,"Private not-for-profit, 4-year or above"
206507,Wilmington College,Full Professor,68474,Baccalaureate Colleges: Diverse Fields,1040,OH,"Private not-for-profit, 4-year or above"
206507,Wilmington College,Assistant Professor,54449,Baccalaureate Colleges: Diverse Fields,1040,OH,"Private not-for-profit, 4-year or above"
131113,Wilmington University,Full Professor,132170,"Doctoral/Professional Universities
",13746,DE,"Private not-for-profit, 4-year or above"
131113,Wilmington University,Assistant Professor,68287,"Doctoral/Professional Universities
",13746,DE,"Private not-for-profit, 4-year or above"
217013,Wilson College,Full Professor,77806,Master's Colleges & Universities: Medium Programs,1907,PA,"Private not-for-profit, 4-year or above"
217013,Wilson College,Assistant Professor,62167,Master's Colleges & Universities: Medium Programs,1907,PA,"Private not-for-profit, 4-year or above"
206516,Winebrenner Theological Seminary,Full Professor,45638,Special Focus Four-Year: Faith-Related Institutions,122,OH,"Private not-for-profit, 4-year or above"
206516,Winebrenner Theological Seminary,Assistant Professor,43001,Special Focus Four-Year: Faith-Related Institutions,122,OH,"Private not-for-profit, 4-year or above"
199962,Wingate University,Full Professor,87950,"Doctoral/Professional Universities
",3458,NC,"Private not-for-profit, 4-year or above"
199962,Wingate University,Assistant Professor,71585,"Doctoral/Professional Universities
",3458,NC,"Private not-for-profit, 4-year or above"
175272,Winona State University,Full Professor,110569,Master's Colleges & Universities: Medium Programs,6045,MN,"Public, 4-year or above"
175272,Winona State University,Assistant Professor,82499,Master's Colleges & Universities: Medium Programs,6045,MN,"Public, 4-year or above"
199999,Winston-Salem State University,Full Professor,101107,"Doctoral/Professional Universities
",4782,NC,"Public, 4-year or above"
199999,Winston-Salem State University,Assistant Professor,75256,"Doctoral/Professional Universities
",4782,NC,"Public, 4-year or above"
218964,Winthrop University,Full Professor,94200,Master's Colleges & Universities: Larger Programs,4894,SC,"Public, 4-year or above"
218964,Winthrop University,Assistant Professor,73230,Master's Colleges & Universities: Larger Programs,4894,SC,"Public, 4-year or above"
240338,Wisconsin Lutheran College,Full Professor,71646,Baccalaureate Colleges: Diverse Fields,1027,WI,"Private not-for-profit, 4-year or above"
240338,Wisconsin Lutheran College,Assistant Professor,67528,Baccalaureate Colleges: Diverse Fields,1027,WI,"Private not-for-profit, 4-year or above"
206525,Wittenberg University,Full Professor,77439,Baccalaureate Colleges: Arts & Sciences Focus,1285,OH,"Private not-for-profit, 4-year or above"
206525,Wittenberg University,Assistant Professor,62932,Baccalaureate Colleges: Arts & Sciences Focus,1285,OH,"Private not-for-profit, 4-year or above"
218973,Wofford College,Full Professor,89349,Baccalaureate Colleges: Arts & Sciences Focus,1817,SC,"Private not-for-profit, 4-year or above"
218973,Wofford College,Assistant Professor,75351,Baccalaureate Colleges: Arts & Sciences Focus,1817,SC,"Private not-for-profit, 4-year or above"
442064,Won Institute of Graduate Studies,Assistant Professor,34485,Special Focus Four-Year: Other Health Professions Schools,118,PA,"Private not-for-profit, 4-year or above"
168421,Worcester Polytechnic Institute,Full Professor,162202,"Doctoral Universities: High Research Activity
",7584,MA,"Private not-for-profit, 4-year or above"
168421,Worcester Polytechnic Institute,Assistant Professor,109011,"Doctoral Universities: High Research Activity
",7584,MA,"Private not-for-profit, 4-year or above"
168430,Worcester State University,Full Professor,112723,Master's Colleges & Universities: Larger Programs,5745,MA,"Public, 4-year or above"
168430,Worcester State University,Assistant Professor,70873,Master's Colleges & Universities: Larger Programs,5745,MA,"Public, 4-year or above"
401223,World Mission University,Full Professor,63360,Special Focus Four-Year: Faith-Related Institutions,510,CA,"Private not-for-profit, 4-year or above"
206604,Wright State University-Main Campus,Full Professor,117988,"Doctoral Universities: High Research Activity
",10603,OH,"Public, 4-year or above"
206604,Wright State University-Main Campus,Assistant Professor,102866,"Doctoral Universities: High Research Activity
",10603,OH,"Public, 4-year or above"
206622,Xavier University,Full Professor,106629,"Doctoral/Professional Universities
",5501,OH,"Private not-for-profit, 4-year or above"
206622,Xavier University,Assistant Professor,85875,"Doctoral/Professional Universities
",5501,OH,"Private not-for-profit, 4-year or above"
160904,Xavier University of Louisiana,Full Professor,110061,Master's Colleges & Universities: Medium Programs,3218,LA,"Private not-for-profit, 4-year or above"
160904,Xavier University of Louisiana,Assistant Professor,78639,Master's Colleges & Universities: Medium Programs,3218,LA,"Private not-for-profit, 4-year or above"
130794,Yale University,Full Professor,288239,"Doctoral Universities: Very High Research Activity
",15564,CT,"Private not-for-profit, 4-year or above"
130794,Yale University,Assistant Professor,146018,"Doctoral Universities: Very High Research Activity
",15564,CT,"Private not-for-profit, 4-year or above"
486017,Yeshiva Ohr Yisrael,Full Professor,44700,Special Focus Four-Year: Faith-Related Institutions,23,NY,"Private not-for-profit, 4-year or above"
490276,Yeshiva Shaar Ephraim,Full Professor,56035,Special Focus Four-Year: Faith-Related Institutions,113,NY,"Private not-for-profit, 4-year or above"
197708,Yeshiva University,Full Professor,178679,"Doctoral/Professional Universities
",6965,NY,"Private not-for-profit, 4-year or above"
197708,Yeshiva University,Assistant Professor,122632,"Doctoral/Professional Universities
",6965,NY,"Private not-for-profit, 4-year or above"
498809,Yeshiva of Kasho,Full Professor,49505,"Not applicable, not in Carnegie universe (not accredited or nondegree-granting)",185,NY,"Private not-for-profit, 4-year or above"
498809,Yeshiva of Kasho,Assistant Professor,27082,"Not applicable, not in Carnegie universe (not accredited or nondegree-granting)",185,NY,"Private not-for-profit, 4-year or above"
197674,Yeshiva of Nitra Rabbinical College,Full Professor,31053,Special Focus Four-Year: Faith-Related Institutions,264,NY,"Private not-for-profit, 4-year or above"
363712,Yeshivah Gedolah Rabbinical College,Full Professor,58007,Special Focus Four-Year: Faith-Related Institutions,60,FL,"Private not-for-profit, 4-year or above"
498906,Yeshivas Sanz Klauzenburg,Full Professor,35448,"Not applicable, not in Carnegie universe (not accredited or nondegree-granting)",98,NY,"Private not-for-profit, 4-year or above"
498906,Yeshivas Sanz Klauzenburg,Assistant Professor,13781,"Not applicable, not in Carnegie universe (not accredited or nondegree-granting)",98,NY,"Private not-for-profit, 4-year or above"
197692,Yeshivath Shaar Hatorah,Full Professor,84150,Special Focus Four-Year: Faith-Related Institutions,87,NY,"Private not-for-profit, 4-year or above"
401250,Yo San University of Traditional Chinese Medicine,Full Professor,75660,Special Focus Four-Year: Other Health Professions Schools,166,CA,"Private not-for-profit, 4-year or above"
217059,York College of Pennsylvania,Full Professor,100222,Master's Colleges & Universities: Small Programs,3825,PA,"Private not-for-profit, 4-year or above"
217059,York College of Pennsylvania,Assistant Professor,75428,Master's Colleges & Universities: Small Programs,3825,PA,"Private not-for-profit, 4-year or above"
181853,York University,Full Professor,58860,Baccalaureate Colleges: Diverse Fields,532,NE,"Private not-for-profit, 4-year or above"
181853,York University,Assistant Professor,46965,Baccalaureate Colleges: Diverse Fields,532,NE,"Private not-for-profit, 4-year or above"
141361,Young Harris College,Full Professor,64888,Baccalaureate Colleges: Arts & Sciences Focus,1457,GA,"Private not-for-profit, 4-year or above"
141361,Young Harris College,Assistant Professor,60961,Baccalaureate Colleges: Arts & Sciences Focus,1457,GA,"Private not-for-profit, 4-year or above"
206695,Youngstown State University,Full Professor,94277,Master's Colleges & Universities: Larger Programs,12204,OH,"Public, 4-year or above"
206695,Youngstown State University,Assistant Professor,76214,Master's Colleges & Universities: Larger Programs,12204,OH,"Public, 4-year or above"
204255,Zane State College,Full Professor,58788,Associate's Colleges: Mixed Transfer/Career & Technical-High Nontraditional,1769,OH,"Public, 4-year or above"
204255,Zane State College,Assistant Professor,45535,Associate's Colleges: Mixed Transfer/Career & Technical-High Nontraditional,1769,OH,"Public, 4-year or above"
