school_abbr,school_name,job_category,salary
ASU,App State,assistant_professor,131500.0
ASU,App State,assistant_professor,84020.0
ASU,App State,associate_professor,86300.0
ASU,App State,assistant_professor,77030.0
ASU,App State,lecturer,48880.0
ASU,App State,professor,52969.0
ASU,App State,associate_professor,79087.0
ASU,App State,associate_professor,83989.0
ASU,App State,assistant_professor,89000.0
ASU,App State,assistant_professor,70979.0
ASU,App State,assistant_professor,137478.0
ASU,App State,assistant_professor,70000.0
ASU,App State,professor,159274.0
ASU,App State,associate_professor,83106.0
ASU,App State,lecturer,115083.0
ASU,App State,lecturer,41953.0
ASU,App State,professor,98177.0
ASU,App State,assistant_professor,64150.0
ASU,App State,assistant_professor,55000.0
ASU,App State,professor,92165.0
ASU,App State,associate_professor,88161.0
ASU,App State,professor,141433.0
ASU,App State,assistant_professor,97500.0
ASU,App State,lecturer,51800.0
ASU,App State,professor,112958.0
ASU,App State,lecturer,53694.0
ASU,App State,associate_professor,116747.0
ASU,App State,lecturer,67103.0
ASU,App State,lecturer,44586.0
ASU,App State,associate_professor,89733.0
ASU,App State,professor,105378.0
ASU,App State,lecturer,51393.0
ASU,App State,lecturer,75934.0
ASU,App State,assistant_professor,75000.0
ASU,App State,assistant_professor,70000.0
ASU,App State,associate_professor,73906.0
ASU,App State,professor,86790.0
ASU,App State,lecturer,66425.0
ASU,App State,lecturer,53560.0
ASU,App State,lecturer,60057.0
ASU,App State,assistant_professor,146000.0
ASU,App State,professor,102337.0
ASU,App State,professor,79310.0
ASU,App State,associate_professor,94533.0
ASU,App State,assistant_professor,70340.0
ASU,App State,professor,209733.0
ASU,App State,professor,128232.0
ASU,App State,lecturer,50033.0
ASU,App State,assistant_professor,71010.0
ASU,App State,lecturer,52787.0
ASU,App State,associate_professor,78640.0
ASU,App State,lecturer,48841.0
ASU,App State,professor,105133.0
ASU,App State,lecturer,45245.0
ASU,App State,lecturer,42552.0
ASU,App State,professor,90030.0
ASU,App State,professor,44752.0
ASU,App State,lecturer,41383.0
ASU,App State,lecturer,52700.0
ASU,App State,lecturer,48000.0
ASU,App State,lecturer,42477.0
ASU,App State,professor,91999.0
ASU,App State,professor,155601.0
ASU,App State,associate_professor,82180.0
ASU,App State,professor,121858.0
ASU,App State,professor,107270.0
ASU,App State,professor,104565.0
ASU,App State,assistant_professor,68500.0
ASU,App State,lecturer,54587.0
ASU,App State,assistant_professor,63000.0
ASU,App State,assistant_professor,131840.0
ASU,App State,professor,101866.0
ASU,App State,professor,94060.0
ASU,App State,professor,94060.0
ASU,App State,professor,86419.0
ASU,App State,lecturer,54169.0
ASU,App State,associate_professor,85736.0
ASU,App State,professor,92935.0
ASU,App State,assistant_professor,77000.0
ASU,App State,associate_professor,151149.0
ASU,App State,lecturer,60513.0
ASU,App State,lecturer,59555.0
ASU,App State,administrator,210000.0
ASU,App State,professor,103631.0
ASU,App State,lecturer,48567.0
ASU,App State,assistant_professor,55750.0
ASU,App State,assistant_professor,72576.0
ASU,App State,lecturer,53726.0
ASU,App State,lecturer,48606.0
ASU,App State,assistant_professor,52167.0
ASU,App State,lecturer,53260.0
ASU,App State,assistant_professor,158237.0
ASU,App State,professor,90288.0
ASU,App State,associate_professor,67797.0
ASU,App State,assistant_professor,74521.0
ASU,App State,lecturer,69010.0
ASU,App State,lecturer,58526.0
ASU,App State,assistant_professor,80791.0
ASU,App State,professor,118909.0
ASU,App State,assistant_professor,100216.0
ASU,App State,lecturer,57806.0
ASU,App State,assistant_professor,145506.0
ASU,App State,assistant_professor,70448.0
ASU,App State,associate_professor,73209.0
ASU,App State,associate_professor,86320.0
ASU,App State,assistant_professor,78000.0
ASU,App State,professor,114713.0
ASU,App State,professor,144222.0
ASU,App State,lecturer,69760.0
ASU,App State,professor,121531.0
ASU,App State,professor,168639.0
ASU,App State,professor,95383.0
ASU,App State,administrator,138985.0
ASU,App State,lecturer,66896.0
ASU,App State,professor,106000.0
ASU,App State,associate_professor,80767.0
ASU,App State,associate_professor,88987.0
ASU,App State,professor,101333.0
ASU,App State,lecturer,114043.0
ASU,App State,assistant_professor,134284.0
ASU,App State,lecturer,48000.0
ASU,App State,professor,50600.0
ASU,App State,professor,134650.0
ASU,App State,lecturer,66445.0
ASU,App State,lecturer,47917.0
ASU,App State,assistant_professor,75805.0
ASU,App State,professor,96650.0
ASU,App State,assistant_professor,66900.0
ASU,App State,lecturer,85000.0
ASU,App State,professor,103647.0
ASU,App State,assistant_professor,69307.0
ASU,App State,lecturer,49214.0
ASU,App State,professor,129554.0
ASU,App State,assistant_professor,63172.0
ASU,App State,associate_professor,74672.0
ASU,App State,assistant_professor,64272.0
ASU,App State,professor,93000.0
ASU,App State,assistant_professor,131473.0
ASU,App State,professor,94060.0
ASU,App State,professor,125883.0
ASU,App State,lecturer,79470.0
ASU,App State,associate_professor,84754.0
ASU,App State,professor,94814.0
ASU,App State,associate_professor,83074.0
ASU,App State,assistant_professor,71664.0
ASU,App State,associate_professor,90414.0
ASU,App State,professor,84679.0
ASU,App State,assistant_professor,75000.0
ASU,App State,lecturer,59646.0
ASU,App State,assistant_professor,96500.0
ASU,App State,professor,158997.0
ASU,App State,associate_professor,78977.0
ASU,App State,professor,105310.0
ASU,App State,professor,94298.0
ASU,App State,assistant_professor,70000.0
ASU,App State,associate_professor,77105.0
ASU,App State,professor,103633.0
ASU,App State,assistant_professor,70380.0
ASU,App State,assistant_professor,132953.0
ASU,App State,professor,137390.0
ASU,App State,lecturer,54315.0
ASU,App State,assistant_professor,66151.0
ASU,App State,professor,111053.0
ASU,App State,assistant_professor,78221.0
ASU,App State,lecturer,57821.0
ASU,App State,professor,87523.0
ASU,App State,assistant_professor,151754.0
ASU,App State,associate_professor,147000.0
ASU,App State,professor,142665.0
ASU,App State,associate_professor,79710.0
ASU,App State,professor,78694.0
ASU,App State,associate_professor,80950.0
ASU,App State,lecturer,53996.0
ASU,App State,administrator,134000.0
ASU,App State,lecturer,41068.0
ASU,App State,lecturer,49632.0
ASU,App State,administrator,153020.0
ASU,App State,professor,121654.0
ASU,App State,associate_professor,117358.0
ASU,App State,lecturer,68630.0
ASU,App State,associate_professor,73614.0
ASU,App State,lecturer,67350.0
ASU,App State,lecturer,49410.0
ASU,App State,associate_professor,82113.0
ASU,App State,assistant_professor,74000.0
ASU,App State,professor,159074.0
ASU,App State,assistant_professor,129780.0
ASU,App State,assistant_professor,52000.0
ASU,App State,assistant_professor,68589.0
ASU,App State,assistant_professor,81553.0
ASU,App State,lecturer,58760.0
ASU,App State,lecturer,55022.0
ASU,App State,professor,126800.0
ASU,App State,associate_professor,84362.0
ASU,App State,professor,139734.0
ASU,App State,lecturer,58350.0
ASU,App State,lecturer,61014.0
ASU,App State,assistant_professor,72940.0
ASU,App State,professor,123138.0
ASU,App State,lecturer,65000.0
ASU,App State,assistant_professor,67038.0
ASU,App State,assistant_professor,61732.0
ASU,App State,lecturer,54000.0
ASU,App State,lecturer,51440.0
ASU,App State,professor,96304.0
ASU,App State,lecturer,51587.0
ASU,App State,professor,136505.0
ASU,App State,lecturer,117813.0
ASU,App State,lecturer,56000.0
ASU,App State,lecturer,52793.0
ASU,App State,professor,104270.0
ASU,App State,assistant_professor,63000.0
ASU,App State,administrator,219589.0
ASU,App State,lecturer,49885.0
ASU,App State,associate_professor,84462.0
ASU,App State,professor,92900.0
ASU,App State,lecturer,60312.0
ASU,App State,professor,94511.0
ASU,App State,lecturer,65096.0
ASU,App State,professor,88204.0
ASU,App State,professor,92963.0
ASU,App State,assistant_professor,67500.0
ASU,App State,professor,108315.0
ASU,App State,associate_professor,140209.0
ASU,App State,assistant_professor,98550.0
ASU,App State,professor,110523.0
ASU,App State,lecturer,45245.0
ASU,App State,lecturer,70000.0
ASU,App State,associate_professor,173468.0
ASU,App State,professor,88162.0
ASU,App State,professor,101634.0
ASU,App State,assistant_professor,68515.0
ASU,App State,professor,105447.0
ASU,App State,associate_professor,155828.0
ASU,App State,associate_professor,78503.0
ASU,App State,lecturer,60606.0
ASU,App State,associate_professor,80897.0
ASU,App State,associate_professor,85200.0
ASU,App State,lecturer,59968.0
ASU,App State,assistant_professor,70550.0
ASU,App State,lecturer,54400.0
ASU,App State,assistant_professor,71000.0
ASU,App State,professor,115089.0
ASU,App State,lecturer,45140.0
ASU,App State,assistant_professor,68500.0
ASU,App State,professor,98971.0
ASU,App State,professor,55614.0
ASU,App State,professor,87702.0
ASU,App State,lecturer,53560.0
ASU,App State,associate_professor,73693.0
ASU,App State,lecturer,59802.0
ASU,App State,professor,148514.0
ASU,App State,professor,95057.0
ASU,App State,professor,166691.0
ASU,App State,associate_professor,90695.0
ASU,App State,associate_professor,75154.0
ASU,App State,professor,119296.0
ASU,App State,professor,193237.0
ASU,App State,associate_professor,76151.0
ASU,App State,lecturer,48880.0
ASU,App State,professor,101016.0
ASU,App State,associate_professor,159468.0
ASU,App State,associate_professor,117842.0
ASU,App State,assistant_professor,70000.0
ASU,App State,lecturer,65000.0
ASU,App State,assistant_professor,67000.0
ASU,App State,professor,111196.0
ASU,App State,assistant_professor,80000.0
ASU,App State,lecturer,47495.0
ASU,App State,lecturer,57219.0
ASU,App State,assistant_professor,64831.0
ASU,App State,assistant_professor,72113.0
ASU,App State,lecturer,48825.0
ASU,App State,professor,94499.0
ASU,App State,assistant_professor,70000.0
ASU,App State,lecturer,53996.0
ASU,App State,professor,108191.0
ASU,App State,associate_professor,97494.0
ASU,App State,assistant_professor,67760.0
ASU,App State,associate_professor,95541.0
ASU,App State,lecturer,66036.0
ASU,App State,associate_professor,80981.0
ASU,App State,professor,183651.0
ASU,App State,lecturer,57000.0
ASU,App State,lecturer,64281.0
ASU,App State,lecturer,45503.0
ASU,App State,lecturer,55396.0
ASU,App State,lecturer,72111.0
ASU,App State,assistant_professor,66959.0
ASU,App State,assistant_professor,142783.0
ASU,App State,lecturer,45070.0
ASU,App State,professor,161693.0
ASU,App State,lecturer,65758.0
ASU,App State,lecturer,74563.0
ASU,App State,lecturer,75000.0
ASU,App State,associate_professor,74755.0
ASU,App State,professor,130000.0
ASU,App State,associate_professor,81133.0
ASU,App State,assistant_professor,75000.0
ASU,App State,professor,117824.0
ASU,App State,administrator,210000.0
ASU,App State,assistant_professor,68305.0
ASU,App State,lecturer,65000.0
ASU,App State,lecturer,108799.0
ASU,App State,assistant_professor,128423.0
ASU,App State,lecturer,85000.0
ASU,App State,professor,123980.0
ASU,App State,associate_professor,91801.0
ASU,App State,professor,92917.0
ASU,App State,assistant_professor,61500.0
ASU,App State,associate_professor,133103.0
ASU,App State,assistant_professor,61000.0
ASU,App State,professor,95558.0
ASU,App State,associate_professor,168956.0
ASU,App State,lecturer,54000.0
ASU,App State,associate_professor,156608.0
ASU,App State,professor,91910.0
ASU,App State,associate_professor,76447.0
ASU,App State,lecturer,73067.0
ASU,App State,professor,103405.0
ASU,App State,associate_professor,79075.0
ASU,App State,lecturer,69802.0
ASU,App State,associate_professor,71419.0
ASU,App State,lecturer,58500.0
ASU,App State,associate_professor,83847.0
ASU,App State,assistant_professor,67670.0
ASU,App State,assistant_professor,70000.0
ASU,App State,associate_professor,91875.0
ASU,App State,assistant_professor,65000.0
ASU,App State,administrator,426264.0
ASU,App State,lecturer,49000.0
ASU,App State,professor,46422.0
ASU,App State,professor,124069.0
ASU,App State,assistant_professor,72542.0
ASU,App State,associate_professor,87330.0
ASU,App State,associate_professor,85650.0
ASU,App State,associate_professor,84546.0
ASU,App State,lecturer,57136.0
ASU,App State,professor,97600.0
ASU,App State,lecturer,51249.0
ASU,App State,assistant_professor,98371.0
ASU,App State,professor,162780.0
ASU,App State,associate_professor,89942.0
ASU,App State,lecturer,40573.0
ASU,App State,assistant_professor,60000.0
ASU,App State,assistant_professor,57000.0
ASU,App State,lecturer,54551.0
ASU,App State,assistant_professor,82686.0
ASU,App State,professor,95751.0
ASU,App State,professor,88486.0
ASU,App State,professor,96408.0
ASU,App State,professor,91766.0
ASU,App State,professor,85800.0
ASU,App State,professor,145315.0
ASU,App State,lecturer,57217.0
ASU,App State,lecturer,59238.0
ASU,App State,associate_professor,149324.0
ASU,App State,associate_professor,87511.0
ASU,App State,assistant_professor,61584.0
ASU,App State,professor,91142.0
ASU,App State,associate_professor,76064.0
ASU,App State,professor,134107.0
ASU,App State,lecturer,44886.0
ASU,App State,professor,94217.0
ASU,App State,associate_professor,78896.0
ASU,App State,assistant_professor,68014.0
ASU,App State,assistant_professor,70000.0
ASU,App State,lecturer,50544.0
ASU,App State,professor,109287.0
ASU,App State,professor,124000.0
ASU,App State,assistant_professor,72000.0
ASU,App State,assistant_professor,62000.0
ASU,App State,lecturer,66950.0
ASU,App State,lecturer,45105.0
ASU,App State,associate_professor,85976.0
ASU,App State,lecturer,67000.0
ASU,App State,professor,103773.0
ASU,App State,lecturer,58186.0
ASU,App State,professor,103650.0
ASU,App State,lecturer,55068.0
ASU,App State,professor,106000.0
ASU,App State,professor,77046.0
ASU,App State,assistant_professor,70357.0
ASU,App State,lecturer,59237.0
ASU,App State,assistant_professor,64037.0
ASU,App State,associate_professor,102045.0
ASU,App State,lecturer,69628.0
ASU,App State,lecturer,48462.0
ASU,App State,associate_professor,87838.0
ASU,App State,professor,47997.0
ASU,App State,professor,92917.0
ASU,App State,assistant_professor,75000.0
ASU,App State,assistant_professor,78000.0
ASU,App State,professor,111500.0
ASU,App State,lecturer,56920.0
ASU,App State,assistant_professor,72000.0
ASU,App State,professor,116127.0
ASU,App State,associate_professor,80894.0
ASU,App State,associate_professor,78408.0
ASU,App State,assistant_professor,65500.0
ASU,App State,lecturer,65532.0
ASU,App State,associate_professor,83740.0
ASU,App State,lecturer,47572.0
ASU,App State,professor,131961.0
ASU,App State,assistant_professor,64989.0
ASU,App State,professor,104233.0
ASU,App State,assistant_professor,69494.0
ASU,App State,administrator,130295.0
ASU,App State,lecturer,67000.0
ASU,App State,assistant_professor,66912.0
ASU,App State,professor,101011.0
ASU,App State,lecturer,47438.0
ASU,App State,professor,92704.0
ASU,App State,lecturer,60272.0
ASU,App State,assistant_professor,69226.0
ASU,App State,lecturer,112343.0
ASU,App State,lecturer,48000.0
ASU,App State,assistant_professor,71085.0
ASU,App State,professor,103108.0
ASU,App State,lecturer,53871.0
ASU,App State,lecturer,50272.0
ASU,App State,lecturer,49534.0
ASU,App State,lecturer,47000.0
ASU,App State,professor,101123.0
ASU,App State,professor,109286.0
ASU,App State,assistant_professor,70809.0
ASU,App State,professor,131518.0
ASU,App State,professor,97888.0
ASU,App State,assistant_professor,74000.0
ASU,App State,professor,90048.0
ASU,App State,associate_professor,132287.0
ASU,App State,lecturer,56368.0
ASU,App State,professor,91058.0
ASU,App State,professor,99060.0
ASU,App State,professor,110748.0
ASU,App State,professor,72277.0
ASU,App State,administrator,148396.0
ASU,App State,associate_professor,173764.0
ASU,App State,professor,54297.0
ASU,App State,lecturer,52000.0
ASU,App State,lecturer,61014.0
ASU,App State,associate_professor,139185.0
ASU,App State,professor,175000.0
ASU,App State,associate_professor,86563.0
ASU,App State,lecturer,62366.0
ASU,App State,professor,99814.0
ASU,App State,professor,138000.0
ASU,App State,associate_professor,104764.0
ASU,App State,associate_professor,74517.0
ASU,App State,associate_professor,77688.0
ASU,App State,associate_professor,76447.0
ASU,App State,associate_professor,116452.0
ASU,App State,associate_professor,69983.0
ASU,App State,professor,91740.0
ASU,App State,lecturer,60407.0
ASU,App State,associate_professor,97151.0
ASU,App State,lecturer,62976.0
ASU,App State,professor,114000.0
ASU,App State,assistant_professor,70380.0
ASU,App State,associate_professor,81937.0
ASU,App State,assistant_professor,69059.0
ASU,App State,associate_professor,141007.0
ASU,App State,assistant_professor,168392.0
ASU,App State,associate_professor,76463.0
ASU,App State,assistant_professor,71000.0
ASU,App State,assistant_professor,68000.0
ASU,App State,lecturer,45245.0
ASU,App State,lecturer,48989.0
ASU,App State,associate_professor,91042.0
ASU,App State,lecturer,55424.0
ASU,App State,professor,107211.0
ASU,App State,assistant_professor,96075.0
ASU,App State,lecturer,71600.0
ASU,App State,administrator,143436.0
ASU,App State,professor,126800.0
ASU,App State,administrator,250000.0
ASU,App State,assistant_professor,67000.0
ASU,App State,professor,93063.0
ASU,App State,associate_professor,54060.0
ASU,App State,assistant_professor,103487.0
ASU,App State,professor,110500.0
ASU,App State,professor,105055.0
ASU,App State,lecturer,48882.0
ASU,App State,associate_professor,109910.0
ASU,App State,assistant_professor,84000.0
ASU,App State,assistant_professor,75000.0
ASU,App State,professor,193316.0
ASU,App State,assistant_professor,128615.0
ASU,App State,professor,52969.0
ASU,App State,professor,92663.0
ASU,App State,assistant_professor,166578.0
ASU,App State,professor,100750.0
ASU,App State,associate_professor,86794.0
ASU,App State,assistant_professor,65500.0
ASU,App State,professor,92824.0
ASU,App State,assistant_professor,67507.0
ASU,App State,professor,94060.0
ASU,App State,associate_professor,86133.0
ASU,App State,associate_professor,89262.0
ASU,App State,associate_professor,88886.0
ASU,App State,associate_professor,80000.0
ASU,App State,lecturer,54048.0
ASU,App State,lecturer,54728.0
ASU,App State,lecturer,69312.0
ASU,App State,professor,91930.0
ASU,App State,professor,98756.0
ASU,App State,assistant_professor,75829.0
ASU,App State,assistant_professor,80000.0
ASU,App State,lecturer,49745.0
ASU,App State,professor,115706.0
ASU,App State,lecturer,107138.0
ASU,App State,administrator,254907.0
ASU,App State,lecturer,56920.0
ASU,App State,lecturer,58526.0
ASU,App State,professor,213276.0
ASU,App State,assistant_professor,77000.0
ASU,App State,professor,100750.0
ASU,App State,professor,115487.0
ASU,App State,associate_professor,90396.0
ASU,App State,associate_professor,90390.0
ASU,App State,associate_professor,105029.0
ASU,App State,lecturer,62059.0
ASU,App State,assistant_professor,78000.0
ASU,App State,lecturer,54247.0
ASU,App State,associate_professor,69970.0
ASU,App State,lecturer,48731.0
ASU,App State,associate_professor,85560.0
ASU,App State,professor,103882.0
ASU,App State,lecturer,56360.0
ASU,App State,lecturer,61381.0
ASU,App State,assistant_professor,53285.0
ASU,App State,professor,100046.0
ASU,App State,assistant_professor,80000.0
ASU,App State,professor,101631.0
ASU,App State,professor,102419.0
ASU,App State,lecturer,102835.0
ASU,App State,assistant_professor,100072.0
ASU,App State,lecturer,65274.0
ASU,App State,lecturer,53024.0
ASU,App State,lecturer,58690.0
ASU,App State,assistant_professor,71000.0
ASU,App State,professor,131894.0
ASU,App State,professor,130000.0
ASU,App State,lecturer,69600.0
ASU,App State,assistant_professor,68375.0
ASU,App State,lecturer,53199.0
ASU,App State,assistant_professor,151067.0
ASU,App State,professor,192603.0
ASU,App State,lecturer,70014.0
ASU,App State,lecturer,60000.0
ASU,App State,assistant_professor,68000.0
ASU,App State,lecturer,52500.0
ASU,App State,lecturer,86860.0
ASU,App State,assistant_professor,54180.0
ASU,App State,associate_professor,118307.0
ASU,App State,associate_professor,173368.0
ASU,App State,assistant_professor,141043.0
ASU,App State,professor,83440.0
ASU,App State,assistant_professor,79136.0
ASU,App State,assistant_professor,68640.0
ASU,App State,assistant_professor,60000.0
ASU,App State,associate_professor,83740.0
ASU,App State,associate_professor,86734.0
ASU,App State,professor,157323.0
ASU,App State,associate_professor,73130.0
ASU,App State,lecturer,53035.0
ASU,App State,lecturer,50000.0
ASU,App State,lecturer,62977.0
ASU,App State,lecturer,53356.0
ASU,App State,lecturer,67000.0
ASU,App State,assistant_professor,151381.0
ASU,App State,lecturer,62000.0
ASU,App State,professor,100898.0
ASU,App State,lecturer,86000.0
ASU,App State,associate_professor,77597.0
ASU,App State,assistant_professor,67465.0
ASU,App State,assistant_professor,129915.0
ASU,App State,assistant_professor,127149.0
ASU,App State,associate_professor,84463.0
ASU,App State,lecturer,48000.0
ASU,App State,professor,103349.0
ASU,App State,associate_professor,73519.0
ASU,App State,professor,94060.0
ASU,App State,professor,92586.0
ASU,App State,administrator,134476.0
ASU,App State,professor,97089.0
ASU,App State,administrator,142572.0
ASU,App State,professor,149298.0
ASU,App State,professor,156361.0
ASU,App State,associate_professor,81305.0
ASU,App State,assistant_professor,77039.0
ASU,App State,lecturer,88197.0
ASU,App State,professor,87250.0
ASU,App State,assistant_professor,62053.0
ASU,App State,assistant_professor,62836.0
ASU,App State,professor,169403.0
ASU,App State,associate_professor,78726.0
ASU,App State,professor,59325.0
ASU,App State,assistant_professor,137478.0
ASU,App State,lecturer,49990.0
ASU,App State,assistant_professor,70000.0
ASU,App State,assistant_professor,70967.0
ASU,App State,professor,92012.0
ASU,App State,associate_professor,79460.0
ASU,App State,lecturer,54392.0
ASU,App State,assistant_professor,72113.0
ASU,App State,administrator,143224.0
ASU,App State,professor,77286.0
ASU,App State,professor,119955.0
ASU,App State,lecturer,66504.0
ASU,App State,lecturer,68085.0
ASU,App State,professor,98353.0
ASU,App State,assistant_professor,70380.0
ASU,App State,lecturer,42552.0
ASU,App State,associate_professor,153923.0
ASU,App State,assistant_professor,80000.0
ASU,App State,assistant_professor,66900.0
ASU,App State,lecturer,47763.0
ASU,App State,professor,91740.0
ASU,App State,associate_professor,83417.0
ASU,App State,administrator,128544.0
ASU,App State,lecturer,64008.0
ASU,App State,professor,83925.0
ASU,App State,lecturer,52119.0
ASU,App State,lecturer,54650.0
ASU,App State,professor,110136.0
ASU,App State,professor,117525.0
ASU,App State,professor,134107.0
ASU,App State,assistant_professor,51900.0
ASU,App State,associate_professor,190258.0
ASU,App State,lecturer,51750.0
ASU,App State,lecturer,69312.0
ASU,App State,assistant_professor,85771.0
ASU,App State,administrator,133639.0
ASU,App State,professor,134107.0
ASU,App State,lecturer,59524.0
ASU,App State,assistant_professor,64186.0
ASU,App State,professor,134107.0
ASU,App State,associate_professor,72934.0
ASU,App State,assistant_professor,121408.0
ASU,App State,associate_professor,82980.0
ASU,App State,lecturer,51750.0
ASU,App State,assistant_professor,69494.0
ASU,App State,administrator,210000.0
ASU,App State,professor,123911.0
ASU,App State,professor,115449.0
ASU,App State,associate_professor,81043.0
ASU,App State,professor,120203.0
ASU,App State,professor,96729.0
ASU,App State,assistant_professor,70000.0
ASU,App State,assistant_professor,76523.0
ASU,App State,assistant_professor,74956.0
ASU,App State,assistant_professor,103000.0
ASU,App State,professor,96204.0
ASU,App State,administrator,243741.0
ASU,App State,lecturer,51191.0
ASU,App State,assistant_professor,65703.0
ASU,App State,associate_professor,76008.0
ASU,App State,lecturer,57783.0
ASU,App State,associate_professor,71877.0
ASU,App State,assistant_professor,70040.0
ASU,App State,lecturer,60619.0
ASU,App State,administrator,146500.0
ASU,App State,lecturer,55415.0
ASU,App State,lecturer,50180.0
ASU,App State,professor,139734.0
ASU,App State,professor,103071.0
ASU,App State,professor,109130.0
ASU,App State,associate_professor,103290.0
ASU,App State,professor,193767.0
ASU,App State,lecturer,69010.0
ASU,App State,associate_professor,87594.0
ASU,App State,lecturer,68739.0
ASU,App State,professor,102073.0
ASU,App State,associate_professor,83940.0
ASU,App State,lecturer,48000.0
ASU,App State,professor,95000.0
ASU,App State,lecturer,42138.0
ASU,App State,professor,100659.0
ASU,App State,assistant_professor,98000.0
ASU,App State,professor,90757.0
ASU,App State,professor,95155.0
ASU,App State,professor,104327.0
ASU,App State,lecturer,60345.0
ASU,App State,lecturer,76033.0
ASU,App State,professor,95928.0
ASU,App State,assistant_professor,61500.0
ASU,App State,lecturer,60213.0
ASU,App State,professor,90388.0
ASU,App State,professor,107101.0
ASU,App State,associate_professor,71023.0
ASU,App State,associate_professor,91000.0
ASU,App State,administrator,144149.0
ASU,App State,assistant_professor,68092.0
ASU,App State,lecturer,61577.0
ASU,App State,professor,91165.0
ASU,App State,associate_professor,72979.0
ASU,App State,lecturer,52700.0
ASU,App State,professor,132294.0
ASU,App State,professor,111713.0
ASU,App State,lecturer,55868.0
ASU,App State,professor,208276.0
ASU,App State,assistant_professor,71000.0
ASU,App State,professor,94086.0
ASU,App State,lecturer,46575.0
ASU,App State,assistant_professor,47552.0
ASU,App State,lecturer,47572.0
ASU,App State,assistant_professor,79898.0
ASU,App State,assistant_professor,80910.0
ASU,App State,administrator,204594.0
ASU,App State,professor,48443.0
ASU,App State,professor,192823.0
ASU,App State,lecturer,50103.0
ASU,App State,professor,175515.0
ASU,App State,assistant_professor,64535.0
ASU,App State,professor,216677.0
ASU,App State,assistant_professor,74844.0
ASU,App State,lecturer,50182.0
ASU,App State,associate_professor,94017.0
ASU,App State,assistant_professor,78500.0
ASU,App State,professor,46671.0
ASU,App State,lecturer,53659.0
ASU,App State,associate_professor,86102.0
ASU,App State,administrator,134476.0
ASU,App State,assistant_professor,50470.0
ASU,App State,lecturer,54728.0
ASU,App State,lecturer,54728.0
ASU,App State,professor,104684.0
ASU,App State,lecturer,47445.0
ASU,App State,professor,43273.0
ASU,App State,professor,115714.0
ASU,App State,assistant_professor,77081.0
ASU,App State,assistant_professor,60000.0
ASU,App State,assistant_professor,71234.0
ASU,App State,associate_professor,88674.0
ASU,App State,assistant_professor,69000.0
ASU,App State,lecturer,51800.0
ASU,App State,professor,101446.0
ASU,App State,lecturer,64464.0
ASU,App State,professor,104760.0
ASU,App State,professor,125635.0
ASU,App State,assistant_professor,76469.0
ASU,App State,lecturer,72100.0
ASU,App State,assistant_professor,77663.0
ASU,App State,lecturer,62763.0
ASU,App State,lecturer,47000.0
ASU,App State,assistant_professor,76945.0
ASU,App State,lecturer,51811.0
ASU,App State,associate_professor,79469.0
ASU,App State,lecturer,58879.0
ASU,App State,lecturer,60459.0
ASU,App State,lecturer,69628.0
ASU,App State,assistant_professor,71816.0
ASU,App State,lecturer,90869.0
ASU,App State,professor,126731.0
ASU,App State,assistant_professor,71000.0
ASU,App State,assistant_professor,57250.0
ASU,App State,lecturer,45226.0
ASU,App State,lecturer,54633.0
ASU,App State,associate_professor,82612.0
ASU,App State,lecturer,54601.0
ASU,App State,lecturer,75287.0
ASU,App State,assistant_professor,61500.0
ASU,App State,professor,90939.0
ASU,App State,assistant_professor,83000.0
ASU,App State,assistant_professor,68076.0
ASU,App State,professor,118870.0
ASU,App State,lecturer,51706.0
ASU,App State,associate_professor,151006.0
ASU,App State,assistant_professor,145506.0
ASU,App State,lecturer,52500.0
ASU,App State,assistant_professor,71000.0
ASU,App State,professor,96604.0
ASU,App State,professor,105344.0
ASU,App State,professor,103770.0
ASU,App State,professor,95210.0
ASU,App State,professor,109612.0
ASU,App State,professor,100898.0
ASU,App State,lecturer,58534.0
ASU,App State,professor,137393.0
ASU,App State,lecturer,53743.0
ASU,App State,lecturer,68630.0
ASU,App State,professor,132089.0
ASU,App State,administrator,385000.0
ASU,App State,associate_professor,155160.0
ASU,App State,professor,117526.0
ASU,App State,associate_professor,87937.0
ASU,App State,professor,86356.0
ASU,App State,lecturer,53340.0
ASU,App State,professor,99085.0
ASU,App State,assistant_professor,62339.0
ASU,App State,associate_professor,88193.0
ASU,App State,assistant_professor,75805.0
ASU,App State,assistant_professor,97829.0
ASU,App State,lecturer,55580.0
ASU,App State,assistant_professor,79594.0
ASU,App State,professor,80111.0
ASU,App State,professor,126800.0
ASU,App State,professor,91864.0
ASU,App State,professor,92373.0
ASU,App State,professor,89078.0
ASU,App State,professor,98902.0
ASU,App State,professor,131656.0
ASU,App State,lecturer,61014.0
ASU,App State,assistant_professor,68095.0
ASU,App State,lecturer,54446.0
ASU,App State,lecturer,67000.0
ASU,App State,professor,93968.0
ASU,App State,lecturer,48000.0
ASU,App State,assistant_professor,65000.0
ASU,App State,assistant_professor,154076.0
ASU,App State,assistant_professor,75000.0
ASU,App State,assistant_professor,80796.0
ASU,App State,lecturer,48925.0
ASU,App State,assistant_professor,96000.0
ASU,App State,assistant_professor,105817.0
ASU,App State,assistant_professor,65703.0
ASU,App State,assistant_professor,72675.0
ASU,App State,lecturer,54149.0
ASU,App State,associate_professor,112291.0
ASU,App State,administrator,190934.0
ASU,App State,lecturer,64600.0
ASU,App State,associate_professor,79643.0
ASU,App State,professor,124063.0
ASU,App State,lecturer,48000.0
ASU,App State,lecturer,52015.0
ASU,App State,lecturer,55675.0
ASU,App State,lecturer,70849.0
ASU,App State,professor,50505.0
ASU,App State,associate_professor,87742.0
ASU,App State,assistant_professor,77532.0
ASU,App State,lecturer,67290.0
ASU,App State,associate_professor,73742.0
ASU,App State,lecturer,42849.0
ASU,App State,assistant_professor,70210.0
ASU,App State,assistant_professor,67632.0
ASU,App State,associate_professor,83301.0
ASU,App State,assistant_professor,72000.0
ASU,App State,lecturer,62191.0
ASU,App State,professor,96793.0
ASU,App State,lecturer,60260.0
ASU,App State,assistant_professor,139886.0
ASU,App State,assistant_professor,77222.0
ASU,App State,professor,124000.0
ASU,App State,assistant_professor,104313.0
ASU,App State,professor,122775.0
ASU,App State,professor,46345.0
ASU,App State,lecturer,49877.0
ASU,App State,lecturer,50033.0
ASU,App State,professor,91166.0
ASU,App State,assistant_professor,83680.0
ASU,App State,lecturer,60513.0
ASU,App State,associate_professor,149023.0
ASU,App State,professor,89257.0
ASU,App State,assistant_professor,70000.0
ASU,App State,professor,134107.0
ASU,App State,assistant_professor,79000.0
ASU,App State,lecturer,61061.0
ASU,App State,lecturer,63117.0
ASU,App State,associate_professor,71351.0
ASU,App State,professor,115916.0
ASU,App State,professor,95202.0
ASU,App State,associate_professor,84638.0
ASU,App State,professor,90289.0
ASU,App State,assistant_professor,77261.0
ASU,App State,lecturer,37750.0
ASU,App State,administrator,193640.0
ASU,App State,professor,97088.0
ASU,App State,assistant_professor,67793.0
ASU,App State,professor,116891.0
ASU,App State,associate_professor,85835.0
ASU,App State,professor,134722.0
ASU,App State,associate_professor,83735.0
ASU,App State,associate_professor,84136.0
ASU,App State,lecturer,74394.0
ASU,App State,professor,118102.0
ASU,App State,lecturer,69010.0
ASU,App State,lecturer,50033.0
ASU,App State,associate_professor,76319.0
ASU,App State,associate_professor,92006.0
ASU,App State,administrator,206094.0
ASU,App State,administrator,128544.0
ASU,App State,lecturer,74715.0
ASU,App State,associate_professor,74982.0
ASU,App State,associate_professor,78433.0
ASU,App State,lecturer,69628.0
ASU,App State,assistant_professor,74000.0
ASU,App State,professor,125357.0
ASU,App State,professor,94922.0
ASU,App State,lecturer,55806.0
ASU,App State,associate_professor,73574.0
ASU,App State,lecturer,60000.0
ASU,App State,assistant_professor,50500.0
ASU,App State,lecturer,67000.0
ASU,App State,associate_professor,152000.0
ASU,App State,assistant_professor,65052.0
ASU,App State,assistant_professor,70000.0
ASU,App State,lecturer,47533.0
ASU,App State,lecturer,96634.0
ASU,App State,assistant_professor,66900.0
ASU,App State,professor,168253.0
ASU,App State,lecturer,55435.0
ASU,App State,professor,108978.0
ASU,App State,lecturer,66950.0
ASU,App State,assistant_professor,76083.0
ASU,App State,lecturer,80000.0
ASU,App State,associate_professor,167533.0
ASU,App State,associate_professor,82664.0
ASU,App State,lecturer,69575.0
ASU,App State,professor,94208.0
ASU,App State,assistant_professor,81000.0
ASU,App State,associate_professor,82377.0
ASU,App State,lecturer,52250.0
ASU,App State,professor,192887.0
ASU,App State,associate_professor,118975.0
ASU,App State,associate_professor,111526.0
ASU,App State,lecturer,54832.0
ASU,App State,assistant_professor,91296.0
ASU,App State,associate_professor,87221.0
ASU,App State,professor,100898.0
ASU,App State,associate_professor,129328.0
ASU,App State,associate_professor,76061.0
ASU,App State,lecturer,55626.0
ASU,App State,assistant_professor,78944.0
ASU,App State,professor,100898.0
ASU,App State,lecturer,59238.0
ASU,App State,assistant_professor,81816.0
ASU,App State,associate_professor,130183.0
ASU,App State,professor,94250.0
ASU,App State,professor,139323.0
ASU,App State,assistant_professor,61434.0
ASU,App State,assistant_professor,83080.0
ASU,App State,assistant_professor,66900.0
ASU,App State,assistant_professor,76000.0
ASU,App State,professor,95726.0
ASU,App State,assistant_professor,80000.0
ASU,App State,lecturer,45040.0
ASU,App State,professor,103663.0
ASU,App State,assistant_professor,78000.0
ASU,App State,professor,120787.0
ASU,App State,assistant_professor,64500.0
ASU,App State,professor,92728.0
ASU,App State,lecturer,39395.0
ASU,App State,lecturer,61209.0
ASU,App State,lecturer,83022.0
ASU,App State,lecturer,70395.0
ASU,App State,professor,118706.0
ASU,App State,assistant_professor,69392.0
ASU,App State,professor,93241.0
ASU,App State,professor,99074.0
ASU,App State,lecturer,54590.0
ASU,App State,associate_professor,81151.0
ASU,App State,lecturer,45140.0
ASU,App State,professor,134917.0
ASU,App State,associate_professor,87149.0
ASU,App State,assistant_professor,89000.0
ASU,App State,professor,95380.0
ASU,App State,associate_professor,76981.0
ASU,App State,associate_professor,88226.0
ASU,App State,professor,84347.0
ASU,App State,assistant_professor,68375.0
ASU,App State,professor,95641.0
ASU,App State,assistant_professor,74537.0
ASU,App State,professor,86892.0
ASU,App State,assistant_professor,110930.0
ASU,App State,professor,107733.0
ASU,App State,associate_professor,79973.0
ASU,App State,assistant_professor,97500.0
ASU,App State,lecturer,100000.0
ASU,App State,associate_professor,82726.0
ASU,App State,assistant_professor,69041.0
ASU,App State,associate_professor,96255.0
ASU,App State,assistant_professor,80000.0
ASU,App State,lecturer,53000.0
ASU,App State,associate_professor,72459.0
ASU,App State,professor,110500.0
ASU,App State,lecturer,72720.0
ASU,App State,professor,149508.0
ASU,App State,professor,46054.0
ASU,App State,assistant_professor,84020.0
ASU,App State,assistant_professor,61500.0
ASU,App State,lecturer,38106.0
ASU,App State,professor,155790.0
ASU,App State,associate_professor,82180.0
ASU,App State,associate_professor,88192.0
ASU,App State,professor,89439.0
ASU,App State,associate_professor,78414.0
ASU,App State,administrator,143436.0
ASU,App State,lecturer,47561.0
ASU,App State,professor,106000.0
ASU,App State,associate_professor,78229.0
ASU,App State,assistant_professor,70448.0
ASU,App State,assistant_professor,81021.0
ASU,App State,assistant_professor,73000.0
ASU,App State,associate_professor,83430.0
ASU,App State,lecturer,54382.0
ASU,App State,assistant_professor,78854.0
ASU,App State,professor,87011.0
ASU,App State,lecturer,45140.0
ASU,App State,professor,101328.0
ASU,App State,associate_professor,89600.0
ASU,App State,lecturer,59347.0
ASU,App State,lecturer,53560.0
ASU,App State,lecturer,49000.0
ASU,App State,professor,108531.0
ASU,App State,assistant_professor,67167.0
ASU,App State,lecturer,48000.0
ASU,App State,professor,91902.0
ASU,App State,professor,100750.0
ASU,App State,associate_professor,134607.0
ASU,App State,administrator,300000.0
ASU,App State,assistant_professor,62053.0
ASU,App State,administrator,235664.0
ASU,App State,lecturer,52411.0
ASU,App State,lecturer,58500.0
ASU,App State,professor,167281.0
ASU,App State,lecturer,119250.0
ASU,App State,professor,112712.0
ASU,App State,professor,107276.0
ASU,App State,associate_professor,76200.0
ASU,App State,professor,94060.0
ASU,App State,assistant_professor,77030.0
ASU,App State,professor,92515.0
ASU,App State,associate_professor,120140.0
ASU,App State,professor,213276.0
ASU,App State,professor,95488.0
ASU,App State,lecturer,59707.0
ASU,App State,assistant_professor,70171.0
ASU,App State,assistant_professor,64800.0
ASU,App State,professor,101615.0
ASU,App State,lecturer,57000.0
ASU,App State,lecturer,52818.0
ASU,App State,associate_professor,94000.0
ASU,App State,associate_professor,100096.0
ASU,App State,associate_professor,77233.0
ASU,App State,assistant_professor,81476.0
ASU,App State,assistant_professor,73542.0
ASU,App State,lecturer,75511.0
ASU,App State,associate_professor,87310.0
ASU,App State,lecturer,69628.0
ASU,App State,professor,95333.0
ASU,App State,assistant_professor,159831.0
ASU,App State,lecturer,85380.0
ASU,App State,professor,144233.0
ASU,App State,professor,109414.0
ASU,App State,lecturer,72842.0
ASU,App State,assistant_professor,68000.0
ASU,App State,assistant_professor,74516.0
ASU,App State,professor,100694.0
ASU,App State,lecturer,45160.0
ASU,App State,associate_professor,75641.0
ASU,App State,professor,110500.0
ASU,App State,lecturer,48009.0
ASU,App State,lecturer,49600.0
ASU,App State,associate_professor,85423.0
ASU,App State,associate_professor,82500.0
ASU,App State,lecturer,49990.0
ASU,App State,assistant_professor,79065.0
ASU,App State,professor,97736.0
ASU,App State,professor,107326.0
ASU,App State,assistant_professor,70526.0
ASU,App State,professor,98338.0
ASU,App State,assistant_professor,76303.0
ASU,App State,assistant_professor,152034.0
ASU,App State,lecturer,68069.0
ASU,App State,associate_professor,84661.0
ASU,App State,lecturer,56116.0
ASU,App State,lecturer,44779.0
ASU,App State,assistant_professor,79995.0
ASU,App State,lecturer,57970.0
ASU,App State,professor,104882.0
ASU,App State,associate_professor,118307.0
ASU,App State,professor,114328.0
ASU,App State,assistant_professor,66151.0
ASU,App State,assistant_professor,64104.0
ASU,App State,professor,93501.0
ASU,App State,associate_professor,73405.0
ASU,App State,lecturer,63208.0
ASU,App State,professor,108000.0
ASU,App State,lecturer,38437.0
ASU,App State,professor,105961.0
ASU,App State,associate_professor,144438.0
ASU,App State,assistant_professor,74327.0
ASU,App State,professor,138107.0
ASU,App State,assistant_professor,139885.0
ASU,App State,assistant_professor,76000.0
ASU,App State,professor,94060.0
ASU,App State,professor,101038.0
ASU,App State,associate_professor,81544.0
ASU,App State,administrator,298793.0
ASU,App State,assistant_professor,73038.0
ASU,App State,assistant_professor,70448.0
ASU,App State,associate_professor,76978.0
ASU,App State,assistant_professor,89000.0
ASU,App State,lecturer,64191.0
ASU,App State,assistant_professor,72963.0
ASU,App State,lecturer,47802.0
ASU,App State,associate_professor,84663.0
ASU,App State,assistant_professor,65000.0
ASU,App State,professor,92586.0
ASU,App State,assistant_professor,79600.0
ASU,App State,associate_professor,76115.0
ASU,App State,professor,98700.0
ASU,App State,assistant_professor,76785.0
ASU,App State,lecturer,54000.0
ASU,App State,associate_professor,75759.0
ASU,App State,lecturer,69417.0
ASU,App State,associate_professor,78045.0
ASU,App State,assistant_professor,76000.0
ASU,App State,assistant_professor,75000.0
ASU,App State,associate_professor,75313.0
ASU,App State,professor,100858.0
ASU,App State,lecturer,66743.0
ASU,App State,lecturer,60000.0
ASU,App State,associate_professor,82307.0
ASU,App State,assistant_professor,76750.0
ASU,App State,professor,101582.0
ASU,App State,lecturer,58374.0
ASU,App State,professor,122054.0
ASU,App State,lecturer,72294.0
ASU,App State,lecturer,54901.0
ASU,App State,assistant_professor,63000.0
ASU,App State,lecturer,55561.0
ASU,App State,lecturer,72638.0
ASU,App State,professor,153254.0
ASU,App State,assistant_professor,76698.0
ASU,App State,lecturer,65879.0
ASU,App State,assistant_professor,75669.0
ASU,App State,lecturer,52886.0
ASU,App State,assistant_professor,101459.0
ASU,App State,associate_professor,83673.0
ASU,App State,assistant_professor,62002.0
ASU,App State,associate_professor,87367.0
ASU,App State,associate_professor,91523.0
ASU,App State,professor,160076.0
ASU,App State,professor,124092.0
ASU,App State,assistant_professor,73000.0
ASU,App State,professor,134107.0
ASU,App State,professor,91140.0
ASU,App State,assistant_professor,78000.0
ASU,App State,associate_professor,84306.0
ASU,App State,lecturer,67000.0
ASU,App State,professor,162508.0
ASU,App State,associate_professor,76010.0
ASU,App State,lecturer,64957.0
ASU,App State,professor,138486.0
ASU,App State,associate_professor,89851.0
ASU,App State,professor,149060.0
ASU,App State,lecturer,49904.0
ASU,App State,associate_professor,42447.0
ASU,App State,professor,102824.0
ASU,App State,lecturer,73000.0
ASU,App State,associate_professor,75287.0
ASU,App State,associate_professor,83970.0
ASU,App State,professor,88364.0
ASU,App State,lecturer,51500.0
ASU,App State,professor,88237.0
ASU,App State,lecturer,65879.0
ASU,App State,lecturer,58202.0
ASU,App State,associate_professor,89942.0
ASU,App State,professor,98681.0
ASU,App State,professor,103475.0
ASU,App State,associate_professor,83000.0
ASU,App State,assistant_professor,75700.0
ASU,App State,lecturer,62232.0
ASU,App State,associate_professor,90388.0
ASU,App State,professor,99848.0
ASU,App State,assistant_professor,78198.0
ASU,App State,assistant_professor,74447.0
ASU,App State,professor,139871.0
ASU,App State,assistant_professor,69000.0
ASU,App State,assistant_professor,71692.0
ASU,App State,administrator,162000.0
ASU,App State,lecturer,53003.0
ASU,App State,professor,136007.0
ASU,App State,lecturer,69628.0
ASU,App State,associate_professor,80975.0
ASU,App State,administrator,182000.0
ASU,App State,associate_professor,71767.0
ASU,App State,associate_professor,85626.0
ASU,App State,professor,92197.0
ASU,App State,assistant_professor,87500.0
ASU,App State,professor,88262.0
ASU,App State,assistant_professor,130000.0
ASU,App State,associate_professor,83349.0
ASU,App State,assistant_professor,61981.0
ASU,App State,lecturer,63626.0
ASU,App State,professor,107002.0
ASU,App State,assistant_professor,127306.0
ASU,App State,professor,88839.0
ASU,App State,administrator,175316.0
ASU,App State,lecturer,50139.0
ASU,App State,associate_professor,118995.0
ASU,App State,associate_professor,78515.0
ASU,App State,assistant_professor,76000.0
ASU,App State,professor,103637.0
ASU,App State,assistant_professor,130000.0
ASU,App State,assistant_professor,69298.0
ASU,App State,associate_professor,87926.0
ASU,App State,lecturer,67000.0
ASU,App State,assistant_professor,64800.0
ASU,App State,lecturer,45653.0
ASU,App State,lecturer,53000.0
ASU,App State,lecturer,47016.0
ASU,App State,lecturer,49532.0
ASU,App State,assistant_professor,62000.0
ASU,App State,professor,137245.0
ASU,App State,associate_professor,176356.0
ASU,App State,associate_professor,73155.0
ASU,App State,assistant_professor,64278.0
ASU,App State,assistant_professor,159642.0
ASU,App State,administrator,129512.0
ASU,App State,assistant_professor,70380.0
ASU,App State,lecturer,54947.0
ASU,App State,lecturer,54984.0
ASU,App State,professor,116115.0
ASU,App State,lecturer,45443.0
ASU,App State,assistant_professor,74327.0
ASU,App State,professor,101770.0
ASU,App State,assistant_professor,76000.0
ASU,App State,associate_professor,85447.0
ECSU,Elizabeth City State,assistant_professor,71026.0
ECSU,Elizabeth City State,associate_professor,83470.0
ECSU,Elizabeth City State,associate_professor,83033.0
ECSU,Elizabeth City State,assistant_professor,97500.0
ECSU,Elizabeth City State,associate_professor,81052.0
ECSU,Elizabeth City State,associate_professor,86260.0
ECSU,Elizabeth City State,assistant_professor,71433.0
ECSU,Elizabeth City State,professor,89945.0
ECSU,Elizabeth City State,lecturer,62600.0
ECSU,Elizabeth City State,professor,85737.0
ECSU,Elizabeth City State,professor,90536.0
ECSU,Elizabeth City State,lecturer,55702.0
ECSU,Elizabeth City State,assistant_professor,76000.0
ECSU,Elizabeth City State,assistant_professor,75555.0
ECSU,Elizabeth City State,administrator,200000.0
ECSU,Elizabeth City State,assistant_professor,68500.0
ECSU,Elizabeth City State,lecturer,54000.0
ECSU,Elizabeth City State,associate_professor,81305.0
ECSU,Elizabeth City State,lecturer,56821.0
ECSU,Elizabeth City State,assistant_professor,72614.0
ECSU,Elizabeth City State,assistant_professor,68000.0
ECSU,Elizabeth City State,associate_professor,90816.0
ECSU,Elizabeth City State,professor,81245.0
ECSU,Elizabeth City State,administrator,124900.0
ECSU,Elizabeth City State,professor,78562.0
ECSU,Elizabeth City State,professor,100000.0
ECSU,Elizabeth City State,professor,91960.0
ECSU,Elizabeth City State,associate_professor,88510.0
ECSU,Elizabeth City State,lecturer,65000.0
ECSU,Elizabeth City State,professor,100220.0
ECSU,Elizabeth City State,assistant_professor,65920.0
ECSU,Elizabeth City State,lecturer,61800.0
ECSU,Elizabeth City State,associate_professor,78496.0
ECSU,Elizabeth City State,professor,79760.0
ECSU,Elizabeth City State,assistant_professor,67980.0
ECSU,Elizabeth City State,associate_professor,70481.0
ECSU,Elizabeth City State,associate_professor,90671.0
ECSU,Elizabeth City State,assistant_professor,67486.0
ECSU,Elizabeth City State,assistant_professor,98550.0
ECSU,Elizabeth City State,administrator,309000.0
ECSU,Elizabeth City State,assistant_professor,70699.0
ECSU,Elizabeth City State,professor,95753.0
ECSU,Elizabeth City State,associate_professor,79548.0
ECSU,Elizabeth City State,assistant_professor,74984.0
ECSU,Elizabeth City State,associate_professor,75799.0
ECSU,Elizabeth City State,lecturer,55000.0
ECSU,Elizabeth City State,associate_professor,86733.0
ECSU,Elizabeth City State,associate_professor,104075.0
ECSU,Elizabeth City State,professor,90536.0
ECSU,Elizabeth City State,assistant_professor,65000.0
ECSU,Elizabeth City State,lecturer,56821.0
ECSU,Elizabeth City State,assistant_professor,96935.0
ECSU,Elizabeth City State,assistant_professor,86707.0
ECSU,Elizabeth City State,lecturer,56821.0
ECSU,Elizabeth City State,administrator,110334.0
ECSU,Elizabeth City State,assistant_professor,70291.0
ECSU,Elizabeth City State,associate_professor,72065.0
ECSU,Elizabeth City State,lecturer,69589.0
ECSU,Elizabeth City State,lecturer,53560.0
ECSU,Elizabeth City State,assistant_professor,63639.0
ECSU,Elizabeth City State,assistant_professor,72000.0
ECSU,Elizabeth City State,lecturer,61800.0
ECSU,Elizabeth City State,lecturer,59215.0
ECSU,Elizabeth City State,associate_professor,77000.0
ECSU,Elizabeth City State,lecturer,63000.0
ECSU,Elizabeth City State,professor,110687.0
ECSU,Elizabeth City State,professor,105655.0
ECSU,Elizabeth City State,professor,53420.0
ECSU,Elizabeth City State,professor,107721.0
ECSU,Elizabeth City State,assistant_professor,74160.0
ECSU,Elizabeth City State,administrator,159909.0
ECSU,Elizabeth City State,administrator,71770.0
ECSU,Elizabeth City State,associate_professor,101500.0
ECSU,Elizabeth City State,administrator,139250.0
ECSU,Elizabeth City State,administrator,143000.0
ECSU,Elizabeth City State,associate_professor,76606.0
ECSU,Elizabeth City State,lecturer,60000.0
ECSU,Elizabeth City State,assistant_professor,59987.0
ECSU,Elizabeth City State,professor,91211.0
ECSU,Elizabeth City State,assistant_professor,83554.0
ECSU,Elizabeth City State,assistant_professor,96408.0
ECSU,Elizabeth City State,associate_professor,78459.0
ECSU,Elizabeth City State,assistant_professor,67388.0
ECSU,Elizabeth City State,administrator,106817.0
ECSU,Elizabeth City State,assistant_professor,68185.0
ECSU,Elizabeth City State,professor,87448.0
ECSU,Elizabeth City State,assistant_professor,71685.0
ECSU,Elizabeth City State,assistant_professor,67980.0
ECSU,Elizabeth City State,lecturer,68468.0
ECSU,Elizabeth City State,assistant_professor,66229.0
ECSU,Elizabeth City State,associate_professor,88406.0
ECSU,Elizabeth City State,assistant_professor,72903.0
ECSU,Elizabeth City State,associate_professor,77380.0
ECSU,Elizabeth City State,professor,107721.0
ECSU,Elizabeth City State,assistant_professor,66002.0
ECSU,Elizabeth City State,administrator,130000.0
ECSU,Elizabeth City State,assistant_professor,78000.0
ECSU,Elizabeth City State,assistant_professor,63860.0
ECSU,Elizabeth City State,associate_professor,73197.0
ECSU,Elizabeth City State,assistant_professor,120000.0
ECSU,Elizabeth City State,associate_professor,76534.0
ECSU,Elizabeth City State,professor,108150.0
ECSU,Elizabeth City State,associate_professor,74317.0
ECSU,Elizabeth City State,assistant_professor,100891.0
ECSU,Elizabeth City State,associate_professor,79741.0
ECSU,Elizabeth City State,professor,114037.0
ECSU,Elizabeth City State,lecturer,66935.0
ECU,Eastern Carolina,professor,200000.0
ECU,Eastern Carolina,administrator,181826.0
ECU,Eastern Carolina,professor,100908.0
ECU,Eastern Carolina,lecturer,64541.0
ECU,Eastern Carolina,professor,146204.0
ECU,Eastern Carolina,associate_professor,88448.0
ECU,Eastern Carolina,associate_professor,96551.0
ECU,Eastern Carolina,associate_professor,82353.0
ECU,Eastern Carolina,professor,110096.0
ECU,Eastern Carolina,professor,754836.0
ECU,Eastern Carolina,assistant_professor,85696.0
ECU,Eastern Carolina,lecturer,60000.0
ECU,Eastern Carolina,associate_professor,78446.0
ECU,Eastern Carolina,lecturer,54560.0
ECU,Eastern Carolina,associate_professor,68104.0
ECU,Eastern Carolina,assistant_professor,279799.0
ECU,Eastern Carolina,administrator,261819.0
ECU,Eastern Carolina,assistant_professor,130689.0
ECU,Eastern Carolina,professor,106666.0
ECU,Eastern Carolina,lecturer,63201.0
ECU,Eastern Carolina,lecturer,58682.0
ECU,Eastern Carolina,assistant_professor,65000.0
ECU,Eastern Carolina,professor,70489.0
ECU,Eastern Carolina,assistant_professor,82575.0
ECU,Eastern Carolina,associate_professor,89604.0
ECU,Eastern Carolina,professor,145363.0
ECU,Eastern Carolina,associate_professor,64855.0
ECU,Eastern Carolina,professor,136692.0
ECU,Eastern Carolina,associate_professor,45128.0
ECU,Eastern Carolina,administrator,193190.0
ECU,Eastern Carolina,lecturer,83152.0
ECU,Eastern Carolina,associate_professor,48965.0
ECU,Eastern Carolina,assistant_professor,83554.0
ECU,Eastern Carolina,professor,414214.0
ECU,Eastern Carolina,professor,59262.0
ECU,Eastern Carolina,associate_professor,91916.0
ECU,Eastern Carolina,assistant_professor,65000.0
ECU,Eastern Carolina,associate_professor,106049.0
ECU,Eastern Carolina,assistant_professor,309676.0
ECU,Eastern Carolina,associate_professor,85730.0
ECU,Eastern Carolina,associate_professor,113578.0
ECU,Eastern Carolina,professor,98639.0
ECU,Eastern Carolina,associate_professor,96595.0
ECU,Eastern Carolina,assistant_professor,57653.0
ECU,Eastern Carolina,assistant_professor,78280.0
ECU,Eastern Carolina,professor,139973.0
ECU,Eastern Carolina,associate_professor,124240.0
ECU,Eastern Carolina,assistant_professor,136000.0
ECU,Eastern Carolina,professor,88130.0
ECU,Eastern Carolina,assistant_professor,80340.0
ECU,Eastern Carolina,associate_professor,92814.0
ECU,Eastern Carolina,lecturer,81291.0
ECU,Eastern Carolina,professor,96572.0
ECU,Eastern Carolina,professor,142189.0
ECU,Eastern Carolina,assistant_professor,75000.0
ECU,Eastern Carolina,professor,115552.0
ECU,Eastern Carolina,professor,136237.0
ECU,Eastern Carolina,assistant_professor,62830.0
ECU,Eastern Carolina,lecturer,77662.0
ECU,Eastern Carolina,assistant_professor,240604.0
ECU,Eastern Carolina,associate_professor,75947.0
ECU,Eastern Carolina,assistant_professor,165000.0
ECU,Eastern Carolina,administrator,229511.0
ECU,Eastern Carolina,professor,882176.0
ECU,Eastern Carolina,associate_professor,98641.0
ECU,Eastern Carolina,assistant_professor,80000.0
ECU,Eastern Carolina,professor,97644.0
ECU,Eastern Carolina,professor,97300.0
ECU,Eastern Carolina,professor,98899.0
ECU,Eastern Carolina,lecturer,60000.0
ECU,Eastern Carolina,professor,94265.0
ECU,Eastern Carolina,associate_professor,90473.0
ECU,Eastern Carolina,associate_professor,147221.0
ECU,Eastern Carolina,assistant_professor,63000.0
ECU,Eastern Carolina,assistant_professor,211500.0
ECU,Eastern Carolina,lecturer,70093.0
ECU,Eastern Carolina,professor,344138.0
ECU,Eastern Carolina,associate_professor,156773.0
ECU,Eastern Carolina,assistant_professor,89778.0
ECU,Eastern Carolina,assistant_professor,196704.0
ECU,Eastern Carolina,lecturer,57936.0
ECU,Eastern Carolina,professor,86024.0
ECU,Eastern Carolina,assistant_professor,70271.0
ECU,Eastern Carolina,assistant_professor,76220.0
ECU,Eastern Carolina,assistant_professor,73000.0
ECU,Eastern Carolina,assistant_professor,72976.0
ECU,Eastern Carolina,assistant_professor,82783.0
ECU,Eastern Carolina,professor,92814.0
ECU,Eastern Carolina,lecturer,56000.0
ECU,Eastern Carolina,associate_professor,85524.0
ECU,Eastern Carolina,professor,118986.0
ECU,Eastern Carolina,professor,64282.0
ECU,Eastern Carolina,assistant_professor,80000.0
ECU,Eastern Carolina,assistant_professor,259807.0
ECU,Eastern Carolina,associate_professor,86257.0
ECU,Eastern Carolina,associate_professor,74073.0
ECU,Eastern Carolina,associate_professor,102588.0
ECU,Eastern Carolina,assistant_professor,74782.0
ECU,Eastern Carolina,lecturer,48728.0
ECU,Eastern Carolina,associate_professor,72121.0
ECU,Eastern Carolina,associate_professor,65776.0
ECU,Eastern Carolina,associate_professor,74675.0
ECU,Eastern Carolina,associate_professor,353559.0
ECU,Eastern Carolina,assistant_professor,76000.0
ECU,Eastern Carolina,professor,145363.0
ECU,Eastern Carolina,professor,116345.0
ECU,Eastern Carolina,associate_professor,285000.0
ECU,Eastern Carolina,professor,91052.0
ECU,Eastern Carolina,associate_professor,87123.0
ECU,Eastern Carolina,associate_professor,86080.0
ECU,Eastern Carolina,assistant_professor,123600.0
ECU,Eastern Carolina,professor,882176.0
ECU,Eastern Carolina,associate_professor,95295.0
ECU,Eastern Carolina,assistant_professor,177064.0
ECU,Eastern Carolina,assistant_professor,60000.0
ECU,Eastern Carolina,associate_professor,82141.0
ECU,Eastern Carolina,assistant_professor,58916.0
ECU,Eastern Carolina,associate_professor,95771.0
ECU,Eastern Carolina,assistant_professor,109707.0
ECU,Eastern Carolina,lecturer,56000.0
ECU,Eastern Carolina,administrator,245000.0
ECU,Eastern Carolina,associate_professor,59668.0
ECU,Eastern Carolina,lecturer,65913.0
ECU,Eastern Carolina,administrator,218741.0
ECU,Eastern Carolina,associate_professor,88959.0
ECU,Eastern Carolina,lecturer,70405.0
ECU,Eastern Carolina,assistant_professor,70057.0
ECU,Eastern Carolina,lecturer,78717.0
ECU,Eastern Carolina,administrator,330000.0
ECU,Eastern Carolina,professor,145370.0
ECU,Eastern Carolina,lecturer,65186.0
ECU,Eastern Carolina,assistant_professor,58922.0
ECU,Eastern Carolina,assistant_professor,437788.0
ECU,Eastern Carolina,assistant_professor,72521.0
ECU,Eastern Carolina,professor,98722.0
ECU,Eastern Carolina,lecturer,61614.0
ECU,Eastern Carolina,assistant_professor,75004.0
ECU,Eastern Carolina,lecturer,47380.0
ECU,Eastern Carolina,assistant_professor,330904.0
ECU,Eastern Carolina,associate_professor,82088.0
ECU,Eastern Carolina,associate_professor,107998.0
ECU,Eastern Carolina,lecturer,68186.0
ECU,Eastern Carolina,lecturer,62802.0
ECU,Eastern Carolina,assistant_professor,211500.0
ECU,Eastern Carolina,assistant_professor,139050.0
ECU,Eastern Carolina,assistant_professor,189566.0
ECU,Eastern Carolina,professor,121913.0
ECU,Eastern Carolina,professor,86277.0
ECU,Eastern Carolina,professor,67020.0
ECU,Eastern Carolina,associate_professor,86407.0
ECU,Eastern Carolina,associate_professor,75848.0
ECU,Eastern Carolina,lecturer,80000.0
ECU,Eastern Carolina,assistant_professor,116271.0
ECU,Eastern Carolina,assistant_professor,72306.0
ECU,Eastern Carolina,associate_professor,85493.0
ECU,Eastern Carolina,lecturer,56000.0
ECU,Eastern Carolina,assistant_professor,58916.0
ECU,Eastern Carolina,lecturer,79511.0
ECU,Eastern Carolina,associate_professor,134089.0
ECU,Eastern Carolina,professor,91959.0
ECU,Eastern Carolina,lecturer,58916.0
ECU,Eastern Carolina,associate_professor,88655.0
ECU,Eastern Carolina,administrator,164781.0
ECU,Eastern Carolina,professor,155885.0
ECU,Eastern Carolina,professor,110876.0
ECU,Eastern Carolina,assistant_professor,80340.0
ECU,Eastern Carolina,lecturer,75392.0
ECU,Eastern Carolina,assistant_professor,77277.0
ECU,Eastern Carolina,lecturer,58000.0
ECU,Eastern Carolina,assistant_professor,150000.0
ECU,Eastern Carolina,lecturer,58916.0
ECU,Eastern Carolina,assistant_professor,70000.0
ECU,Eastern Carolina,associate_professor,66522.0
ECU,Eastern Carolina,assistant_professor,89981.0
ECU,Eastern Carolina,associate_professor,94973.0
ECU,Eastern Carolina,associate_professor,80405.0
ECU,Eastern Carolina,lecturer,90000.0
ECU,Eastern Carolina,professor,106994.0
ECU,Eastern Carolina,professor,105000.0
ECU,Eastern Carolina,professor,177281.0
ECU,Eastern Carolina,lecturer,60000.0
ECU,Eastern Carolina,associate_professor,86880.0
ECU,Eastern Carolina,assistant_professor,61000.0
ECU,Eastern Carolina,professor,169152.0
ECU,Eastern Carolina,professor,86312.0
ECU,Eastern Carolina,associate_professor,135676.0
ECU,Eastern Carolina,assistant_professor,339478.0
ECU,Eastern Carolina,assistant_professor,76000.0
ECU,Eastern Carolina,professor,92470.0
ECU,Eastern Carolina,assistant_professor,72229.0
ECU,Eastern Carolina,professor,239727.0
ECU,Eastern Carolina,professor,131576.0
ECU,Eastern Carolina,associate_professor,83000.0
ECU,Eastern Carolina,associate_professor,88959.0
ECU,Eastern Carolina,professor,142600.0
ECU,Eastern Carolina,associate_professor,78442.0
ECU,Eastern Carolina,assistant_professor,71070.0
ECU,Eastern Carolina,associate_professor,81270.0
ECU,Eastern Carolina,professor,197962.0
ECU,Eastern Carolina,associate_professor,69280.0
ECU,Eastern Carolina,associate_professor,75169.0
ECU,Eastern Carolina,lecturer,90000.0
ECU,Eastern Carolina,assistant_professor,53729.0
ECU,Eastern Carolina,lecturer,81018.0
ECU,Eastern Carolina,associate_professor,71913.0
ECU,Eastern Carolina,assistant_professor,234421.0
ECU,Eastern Carolina,professor,110455.0
ECU,Eastern Carolina,associate_professor,144200.0
ECU,Eastern Carolina,associate_professor,61680.0
ECU,Eastern Carolina,associate_professor,258254.0
ECU,Eastern Carolina,professor,114477.0
ECU,Eastern Carolina,administrator,238647.0
ECU,Eastern Carolina,professor,123716.0
ECU,Eastern Carolina,professor,114828.0
ECU,Eastern Carolina,assistant_professor,55000.0
ECU,Eastern Carolina,lecturer,51693.0
ECU,Eastern Carolina,administrator,139571.0
ECU,Eastern Carolina,associate_professor,82433.0
ECU,Eastern Carolina,assistant_professor,66693.0
ECU,Eastern Carolina,associate_professor,202370.0
ECU,Eastern Carolina,professor,134567.0
ECU,Eastern Carolina,associate_professor,85813.0
ECU,Eastern Carolina,assistant_professor,56650.0
ECU,Eastern Carolina,lecturer,57682.0
ECU,Eastern Carolina,professor,188684.0
ECU,Eastern Carolina,professor,75617.0
ECU,Eastern Carolina,assistant_professor,79269.0
ECU,Eastern Carolina,lecturer,59000.0
ECU,Eastern Carolina,professor,255063.0
ECU,Eastern Carolina,lecturer,62585.0
ECU,Eastern Carolina,administrator,271683.0
ECU,Eastern Carolina,associate_professor,71168.0
ECU,Eastern Carolina,assistant_professor,56650.0
ECU,Eastern Carolina,assistant_professor,64892.0
ECU,Eastern Carolina,assistant_professor,97000.0
ECU,Eastern Carolina,lecturer,53560.0
ECU,Eastern Carolina,associate_professor,72316.0
ECU,Eastern Carolina,professor,140388.0
ECU,Eastern Carolina,professor,104430.0
ECU,Eastern Carolina,professor,103465.0
ECU,Eastern Carolina,associate_professor,75632.0
ECU,Eastern Carolina,lecturer,52387.0
ECU,Eastern Carolina,lecturer,47346.0
ECU,Eastern Carolina,lecturer,62451.0
ECU,Eastern Carolina,assistant_professor,51954.0
ECU,Eastern Carolina,assistant_professor,77165.0
ECU,Eastern Carolina,professor,61446.0
ECU,Eastern Carolina,associate_professor,63613.0
ECU,Eastern Carolina,professor,104110.0
ECU,Eastern Carolina,professor,91386.0
ECU,Eastern Carolina,associate_professor,657667.0
ECU,Eastern Carolina,associate_professor,380857.0
ECU,Eastern Carolina,assistant_professor,194579.0
ECU,Eastern Carolina,professor,166117.0
ECU,Eastern Carolina,assistant_professor,271218.0
ECU,Eastern Carolina,assistant_professor,236633.0
ECU,Eastern Carolina,associate_professor,83375.0
ECU,Eastern Carolina,assistant_professor,62000.0
ECU,Eastern Carolina,lecturer,58916.0
ECU,Eastern Carolina,associate_professor,67177.0
ECU,Eastern Carolina,lecturer,65520.0
ECU,Eastern Carolina,administrator,181826.0
ECU,Eastern Carolina,assistant_professor,102000.0
ECU,Eastern Carolina,lecturer,86000.0
ECU,Eastern Carolina,assistant_professor,60000.0
ECU,Eastern Carolina,assistant_professor,73913.0
ECU,Eastern Carolina,professor,171668.0
ECU,Eastern Carolina,professor,94919.0
ECU,Eastern Carolina,assistant_professor,75885.0
ECU,Eastern Carolina,associate_professor,74564.0
ECU,Eastern Carolina,professor,143333.0
ECU,Eastern Carolina,associate_professor,82524.0
ECU,Eastern Carolina,associate_professor,90977.0
ECU,Eastern Carolina,professor,97838.0
ECU,Eastern Carolina,lecturer,79575.0
ECU,Eastern Carolina,lecturer,59911.0
ECU,Eastern Carolina,assistant_professor,261371.0
ECU,Eastern Carolina,lecturer,61004.0
ECU,Eastern Carolina,associate_professor,76501.0
ECU,Eastern Carolina,professor,145755.0
ECU,Eastern Carolina,assistant_professor,243090.0
ECU,Eastern Carolina,associate_professor,71877.0
ECU,Eastern Carolina,professor,101035.0
ECU,Eastern Carolina,associate_professor,98231.0
ECU,Eastern Carolina,associate_professor,76639.0
ECU,Eastern Carolina,associate_professor,94621.0
ECU,Eastern Carolina,assistant_professor,64272.0
ECU,Eastern Carolina,professor,79625.0
ECU,Eastern Carolina,professor,78521.0
ECU,Eastern Carolina,associate_professor,100355.0
ECU,Eastern Carolina,associate_professor,82812.0
ECU,Eastern Carolina,assistant_professor,98880.0
ECU,Eastern Carolina,professor,85981.0
ECU,Eastern Carolina,lecturer,46083.0
ECU,Eastern Carolina,professor,247147.0
ECU,Eastern Carolina,professor,87010.0
ECU,Eastern Carolina,lecturer,48221.0
ECU,Eastern Carolina,associate_professor,86000.0
ECU,Eastern Carolina,assistant_professor,476290.0
ECU,Eastern Carolina,assistant_professor,79099.0
ECU,Eastern Carolina,lecturer,63177.0
ECU,Eastern Carolina,associate_professor,92256.0
ECU,Eastern Carolina,lecturer,50421.0
ECU,Eastern Carolina,professor,91472.0
ECU,Eastern Carolina,professor,72362.0
ECU,Eastern Carolina,professor,171668.0
ECU,Eastern Carolina,associate_professor,81551.0
ECU,Eastern Carolina,professor,103192.0
ECU,Eastern Carolina,associate_professor,148053.0
ECU,Eastern Carolina,lecturer,66522.0
ECU,Eastern Carolina,associate_professor,70401.0
ECU,Eastern Carolina,professor,148958.0
ECU,Eastern Carolina,lecturer,52001.0
ECU,Eastern Carolina,lecturer,54293.0
ECU,Eastern Carolina,associate_professor,100450.0
ECU,Eastern Carolina,assistant_professor,64337.0
ECU,Eastern Carolina,professor,106327.0
ECU,Eastern Carolina,lecturer,55000.0
ECU,Eastern Carolina,lecturer,57000.0
ECU,Eastern Carolina,associate_professor,141529.0
ECU,Eastern Carolina,administrator,146612.0
ECU,Eastern Carolina,associate_professor,69884.0
ECU,Eastern Carolina,professor,539738.0
ECU,Eastern Carolina,associate_professor,88391.0
ECU,Eastern Carolina,assistant_professor,82075.0
ECU,Eastern Carolina,associate_professor,69216.0
ECU,Eastern Carolina,administrator,179554.0
ECU,Eastern Carolina,lecturer,53773.0
ECU,Eastern Carolina,assistant_professor,72492.0
ECU,Eastern Carolina,professor,98948.0
ECU,Eastern Carolina,lecturer,106208.0
ECU,Eastern Carolina,associate_professor,74970.0
ECU,Eastern Carolina,assistant_professor,74700.0
ECU,Eastern Carolina,lecturer,52000.0
ECU,Eastern Carolina,professor,99621.0
ECU,Eastern Carolina,lecturer,50390.0
ECU,Eastern Carolina,lecturer,68186.0
ECU,Eastern Carolina,associate_professor,91296.0
ECU,Eastern Carolina,professor,359567.0
ECU,Eastern Carolina,lecturer,49000.0
ECU,Eastern Carolina,associate_professor,88990.0
ECU,Eastern Carolina,associate_professor,84280.0
ECU,Eastern Carolina,associate_professor,81004.0
ECU,Eastern Carolina,assistant_professor,230121.0
ECU,Eastern Carolina,lecturer,83633.0
ECU,Eastern Carolina,professor,570269.0
ECU,Eastern Carolina,lecturer,58019.0
ECU,Eastern Carolina,assistant_professor,63530.0
ECU,Eastern Carolina,administrator,143292.0
ECU,Eastern Carolina,administrator,205135.0
ECU,Eastern Carolina,professor,102647.0
ECU,Eastern Carolina,assistant_professor,86000.0
ECU,Eastern Carolina,lecturer,101171.0
ECU,Eastern Carolina,associate_professor,76043.0
ECU,Eastern Carolina,assistant_professor,58992.0
ECU,Eastern Carolina,assistant_professor,63860.0
ECU,Eastern Carolina,lecturer,59663.0
ECU,Eastern Carolina,lecturer,53560.0
ECU,Eastern Carolina,associate_professor,54729.0
ECU,Eastern Carolina,professor,281013.0
ECU,Eastern Carolina,assistant_professor,73700.0
ECU,Eastern Carolina,professor,85312.0
ECU,Eastern Carolina,professor,87223.0
ECU,Eastern Carolina,professor,144215.0
ECU,Eastern Carolina,associate_professor,159597.0
ECU,Eastern Carolina,assistant_professor,165000.0
ECU,Eastern Carolina,administrator,190724.0
ECU,Eastern Carolina,associate_professor,71915.0
ECU,Eastern Carolina,associate_professor,81202.0
ECU,Eastern Carolina,lecturer,64596.0
ECU,Eastern Carolina,professor,160000.0
ECU,Eastern Carolina,associate_professor,67748.0
ECU,Eastern Carolina,lecturer,47346.0
ECU,Eastern Carolina,associate_professor,68272.0
ECU,Eastern Carolina,assistant_professor,62095.0
ECU,Eastern Carolina,assistant_professor,109798.0
ECU,Eastern Carolina,assistant_professor,92124.0
ECU,Eastern Carolina,assistant_professor,90000.0
ECU,Eastern Carolina,associate_professor,76501.0
ECU,Eastern Carolina,professor,149471.0
ECU,Eastern Carolina,assistant_professor,228073.0
ECU,Eastern Carolina,professor,185000.0
ECU,Eastern Carolina,assistant_professor,160680.0
ECU,Eastern Carolina,lecturer,32506.0
ECU,Eastern Carolina,assistant_professor,63860.0
ECU,Eastern Carolina,lecturer,68186.0
ECU,Eastern Carolina,assistant_professor,53750.0
ECU,Eastern Carolina,associate_professor,94641.0
ECU,Eastern Carolina,lecturer,65806.0
ECU,Eastern Carolina,professor,100925.0
ECU,Eastern Carolina,associate_professor,73049.0
ECU,Eastern Carolina,lecturer,58000.0
ECU,Eastern Carolina,associate_professor,94489.0
ECU,Eastern Carolina,professor,118264.0
ECU,Eastern Carolina,assistant_professor,241432.0
ECU,Eastern Carolina,associate_professor,85144.0
ECU,Eastern Carolina,assistant_professor,253883.0
ECU,Eastern Carolina,associate_professor,53941.0
ECU,Eastern Carolina,associate_professor,104439.0
ECU,Eastern Carolina,assistant_professor,137203.0
ECU,Eastern Carolina,professor,87492.0
ECU,Eastern Carolina,associate_professor,92319.0
ECU,Eastern Carolina,lecturer,62817.0
ECU,Eastern Carolina,associate_professor,77757.0
ECU,Eastern Carolina,administrator,236900.0
ECU,Eastern Carolina,lecturer,56000.0
ECU,Eastern Carolina,associate_professor,73145.0
ECU,Eastern Carolina,associate_professor,74186.0
ECU,Eastern Carolina,professor,125166.0
ECU,Eastern Carolina,associate_professor,73901.0
ECU,Eastern Carolina,associate_professor,84026.0
ECU,Eastern Carolina,assistant_professor,58000.0
ECU,Eastern Carolina,lecturer,74201.0
ECU,Eastern Carolina,lecturer,56500.0
ECU,Eastern Carolina,associate_professor,104491.0
ECU,Eastern Carolina,administrator,174178.0
ECU,Eastern Carolina,associate_professor,81397.0
ECU,Eastern Carolina,assistant_professor,125000.0
ECU,Eastern Carolina,professor,186599.0
ECU,Eastern Carolina,professor,64375.0
ECU,Eastern Carolina,professor,89994.0
ECU,Eastern Carolina,assistant_professor,92760.0
ECU,Eastern Carolina,professor,92665.0
ECU,Eastern Carolina,assistant_professor,94266.0
ECU,Eastern Carolina,associate_professor,86687.0
ECU,Eastern Carolina,lecturer,50564.0
ECU,Eastern Carolina,lecturer,69958.0
ECU,Eastern Carolina,assistant_professor,64484.0
ECU,Eastern Carolina,lecturer,46000.0
ECU,Eastern Carolina,associate_professor,235021.0
ECU,Eastern Carolina,professor,55729.0
ECU,Eastern Carolina,professor,91791.0
ECU,Eastern Carolina,professor,123188.0
ECU,Eastern Carolina,associate_professor,93505.0
ECU,Eastern Carolina,associate_professor,44982.0
ECU,Eastern Carolina,associate_professor,85232.0
ECU,Eastern Carolina,associate_professor,77868.0
ECU,Eastern Carolina,professor,86286.0
ECU,Eastern Carolina,assistant_professor,485000.0
ECU,Eastern Carolina,administrator,298000.0
ECU,Eastern Carolina,professor,169625.0
ECU,Eastern Carolina,associate_professor,71596.0
ECU,Eastern Carolina,professor,68204.0
ECU,Eastern Carolina,lecturer,76000.0
ECU,Eastern Carolina,assistant_professor,97850.0
ECU,Eastern Carolina,assistant_professor,146733.0
ECU,Eastern Carolina,lecturer,58916.0
ECU,Eastern Carolina,assistant_professor,63000.0
ECU,Eastern Carolina,assistant_professor,243913.0
ECU,Eastern Carolina,assistant_professor,73913.0
ECU,Eastern Carolina,assistant_professor,104801.0
ECU,Eastern Carolina,assistant_professor,81000.0
ECU,Eastern Carolina,assistant_professor,79500.0
ECU,Eastern Carolina,associate_professor,53393.0
ECU,Eastern Carolina,assistant_professor,97000.0
ECU,Eastern Carolina,professor,97633.0
ECU,Eastern Carolina,associate_professor,84363.0
ECU,Eastern Carolina,associate_professor,80763.0
ECU,Eastern Carolina,associate_professor,139256.0
ECU,Eastern Carolina,associate_professor,65991.0
ECU,Eastern Carolina,associate_professor,110552.0
ECU,Eastern Carolina,professor,84745.0
ECU,Eastern Carolina,administrator,620000.0
ECU,Eastern Carolina,associate_professor,328767.0
ECU,Eastern Carolina,lecturer,63235.0
ECU,Eastern Carolina,professor,229843.0
ECU,Eastern Carolina,associate_professor,78983.0
ECU,Eastern Carolina,professor,285180.0
ECU,Eastern Carolina,professor,117840.0
ECU,Eastern Carolina,assistant_professor,72731.0
ECU,Eastern Carolina,assistant_professor,72000.0
ECU,Eastern Carolina,lecturer,87753.0
ECU,Eastern Carolina,professor,127105.0
ECU,Eastern Carolina,professor,81178.0
ECU,Eastern Carolina,lecturer,56000.0
ECU,Eastern Carolina,professor,80846.0
ECU,Eastern Carolina,lecturer,47983.0
ECU,Eastern Carolina,associate_professor,84183.0
ECU,Eastern Carolina,professor,147432.0
ECU,Eastern Carolina,assistant_professor,255563.0
ECU,Eastern Carolina,professor,99499.0
ECU,Eastern Carolina,professor,124668.0
ECU,Eastern Carolina,professor,91294.0
ECU,Eastern Carolina,assistant_professor,81000.0
ECU,Eastern Carolina,associate_professor,80043.0
ECU,Eastern Carolina,professor,100194.0
ECU,Eastern Carolina,associate_professor,90065.0
ECU,Eastern Carolina,professor,92443.0
ECU,Eastern Carolina,associate_professor,94239.0
ECU,Eastern Carolina,professor,85249.0
ECU,Eastern Carolina,associate_professor,91719.0
ECU,Eastern Carolina,associate_professor,105111.0
ECU,Eastern Carolina,lecturer,50000.0
ECU,Eastern Carolina,assistant_professor,88641.0
ECU,Eastern Carolina,assistant_professor,71747.0
ECU,Eastern Carolina,associate_professor,94447.0
ECU,Eastern Carolina,lecturer,55000.0
ECU,Eastern Carolina,professor,99564.0
ECU,Eastern Carolina,assistant_professor,238383.0
ECU,Eastern Carolina,professor,95764.0
ECU,Eastern Carolina,professor,89867.0
ECU,Eastern Carolina,associate_professor,88955.0
ECU,Eastern Carolina,assistant_professor,66950.0
ECU,Eastern Carolina,assistant_professor,56000.0
ECU,Eastern Carolina,assistant_professor,60345.0
ECU,Eastern Carolina,professor,104488.0
ECU,Eastern Carolina,assistant_professor,285000.0
ECU,Eastern Carolina,associate_professor,76278.0
ECU,Eastern Carolina,lecturer,58916.0
ECU,Eastern Carolina,associate_professor,79890.0
ECU,Eastern Carolina,associate_professor,91851.0
ECU,Eastern Carolina,associate_professor,89527.0
ECU,Eastern Carolina,assistant_professor,180267.0
ECU,Eastern Carolina,lecturer,77250.0
ECU,Eastern Carolina,administrator,217000.0
ECU,Eastern Carolina,professor,90835.0
ECU,Eastern Carolina,assistant_professor,65000.0
ECU,Eastern Carolina,assistant_professor,238963.0
ECU,Eastern Carolina,professor,134151.0
ECU,Eastern Carolina,assistant_professor,65797.0
ECU,Eastern Carolina,lecturer,80298.0
ECU,Eastern Carolina,associate_professor,100297.0
ECU,Eastern Carolina,associate_professor,88147.0
ECU,Eastern Carolina,assistant_professor,297110.0
ECU,Eastern Carolina,assistant_professor,83000.0
ECU,Eastern Carolina,assistant_professor,153417.0
ECU,Eastern Carolina,associate_professor,72339.0
ECU,Eastern Carolina,professor,149968.0
ECU,Eastern Carolina,assistant_professor,279399.0
ECU,Eastern Carolina,professor,91988.0
ECU,Eastern Carolina,assistant_professor,92124.0
ECU,Eastern Carolina,assistant_professor,65707.0
ECU,Eastern Carolina,associate_professor,99193.0
ECU,Eastern Carolina,associate_professor,69525.0
ECU,Eastern Carolina,associate_professor,72329.0
ECU,Eastern Carolina,lecturer,58682.0
ECU,Eastern Carolina,associate_professor,485676.0
ECU,Eastern Carolina,professor,108801.0
ECU,Eastern Carolina,professor,84570.0
ECU,Eastern Carolina,associate_professor,240570.0
ECU,Eastern Carolina,professor,91780.0
ECU,Eastern Carolina,assistant_professor,57845.0
ECU,Eastern Carolina,lecturer,60000.0
ECU,Eastern Carolina,associate_professor,84288.0
ECU,Eastern Carolina,professor,85343.0
ECU,Eastern Carolina,professor,87406.0
ECU,Eastern Carolina,professor,144738.0
ECU,Eastern Carolina,associate_professor,83609.0
ECU,Eastern Carolina,assistant_professor,133900.0
ECU,Eastern Carolina,professor,109565.0
ECU,Eastern Carolina,professor,130597.0
ECU,Eastern Carolina,administrator,240753.0
ECU,Eastern Carolina,professor,155333.0
ECU,Eastern Carolina,associate_professor,113642.0
ECU,Eastern Carolina,assistant_professor,176145.0
ECU,Eastern Carolina,lecturer,56783.0
ECU,Eastern Carolina,assistant_professor,206759.0
ECU,Eastern Carolina,associate_professor,92075.0
ECU,Eastern Carolina,assistant_professor,105575.0
ECU,Eastern Carolina,assistant_professor,73913.0
ECU,Eastern Carolina,assistant_professor,81412.0
ECU,Eastern Carolina,lecturer,59041.0
ECU,Eastern Carolina,assistant_professor,75902.0
ECU,Eastern Carolina,associate_professor,93505.0
ECU,Eastern Carolina,assistant_professor,82000.0
ECU,Eastern Carolina,professor,149882.0
ECU,Eastern Carolina,associate_professor,100820.0
ECU,Eastern Carolina,assistant_professor,75000.0
ECU,Eastern Carolina,assistant_professor,57000.0
ECU,Eastern Carolina,professor,87572.0
ECU,Eastern Carolina,associate_professor,100842.0
ECU,Eastern Carolina,professor,88794.0
ECU,Eastern Carolina,assistant_professor,254295.0
ECU,Eastern Carolina,associate_professor,87871.0
ECU,Eastern Carolina,associate_professor,142109.0
ECU,Eastern Carolina,associate_professor,60095.0
ECU,Eastern Carolina,assistant_professor,54000.0
ECU,Eastern Carolina,associate_professor,128018.0
ECU,Eastern Carolina,professor,87614.0
ECU,Eastern Carolina,professor,85123.0
ECU,Eastern Carolina,associate_professor,307577.0
ECU,Eastern Carolina,lecturer,59465.0
ECU,Eastern Carolina,assistant_professor,63993.0
ECU,Eastern Carolina,administrator,178464.0
ECU,Eastern Carolina,assistant_professor,59663.0
ECU,Eastern Carolina,assistant_professor,266713.0
ECU,Eastern Carolina,lecturer,46000.0
ECU,Eastern Carolina,professor,100858.0
ECU,Eastern Carolina,professor,94243.0
ECU,Eastern Carolina,assistant_professor,53729.0
ECU,Eastern Carolina,assistant_professor,76220.0
ECU,Eastern Carolina,lecturer,51526.0
ECU,Eastern Carolina,associate_professor,141671.0
ECU,Eastern Carolina,associate_professor,389747.0
ECU,Eastern Carolina,associate_professor,84209.0
ECU,Eastern Carolina,professor,157412.0
ECU,Eastern Carolina,lecturer,48731.0
ECU,Eastern Carolina,associate_professor,115831.0
ECU,Eastern Carolina,lecturer,58916.0
ECU,Eastern Carolina,associate_professor,108931.0
ECU,Eastern Carolina,lecturer,51954.0
ECU,Eastern Carolina,associate_professor,102596.0
ECU,Eastern Carolina,associate_professor,227775.0
ECU,Eastern Carolina,professor,107889.0
ECU,Eastern Carolina,assistant_professor,95000.0
ECU,Eastern Carolina,assistant_professor,58301.0
ECU,Eastern Carolina,professor,115000.0
ECU,Eastern Carolina,associate_professor,137020.0
ECU,Eastern Carolina,assistant_professor,86686.0
ECU,Eastern Carolina,associate_professor,118731.0
ECU,Eastern Carolina,professor,85645.0
ECU,Eastern Carolina,associate_professor,86431.0
ECU,Eastern Carolina,professor,130253.0
ECU,Eastern Carolina,lecturer,54684.0
ECU,Eastern Carolina,associate_professor,99187.0
ECU,Eastern Carolina,professor,119762.0
ECU,Eastern Carolina,associate_professor,92964.0
ECU,Eastern Carolina,assistant_professor,90000.0
ECU,Eastern Carolina,associate_professor,81573.0
ECU,Eastern Carolina,professor,137305.0
ECU,Eastern Carolina,associate_professor,89029.0
ECU,Eastern Carolina,associate_professor,136689.0
ECU,Eastern Carolina,assistant_professor,194793.0
ECU,Eastern Carolina,associate_professor,207996.0
ECU,Eastern Carolina,professor,122807.0
ECU,Eastern Carolina,professor,116061.0
ECU,Eastern Carolina,associate_professor,74541.0
ECU,Eastern Carolina,associate_professor,235018.0
ECU,Eastern Carolina,associate_professor,93650.0
ECU,Eastern Carolina,associate_professor,96676.0
ECU,Eastern Carolina,professor,100295.0
ECU,Eastern Carolina,professor,96476.0
ECU,Eastern Carolina,associate_professor,133303.0
ECU,Eastern Carolina,professor,98452.0
ECU,Eastern Carolina,associate_professor,103853.0
ECU,Eastern Carolina,assistant_professor,65000.0
ECU,Eastern Carolina,associate_professor,83743.0
ECU,Eastern Carolina,professor,95562.0
ECU,Eastern Carolina,lecturer,57682.0
ECU,Eastern Carolina,associate_professor,82355.0
ECU,Eastern Carolina,associate_professor,127888.0
ECU,Eastern Carolina,associate_professor,101949.0
ECU,Eastern Carolina,professor,136359.0
ECU,Eastern Carolina,assistant_professor,62000.0
ECU,Eastern Carolina,associate_professor,75812.0
ECU,Eastern Carolina,associate_professor,739966.0
ECU,Eastern Carolina,associate_professor,94513.0
ECU,Eastern Carolina,lecturer,56142.0
ECU,Eastern Carolina,associate_professor,77130.0
ECU,Eastern Carolina,professor,82811.0
ECU,Eastern Carolina,associate_professor,86523.0
ECU,Eastern Carolina,associate_professor,98258.0
ECU,Eastern Carolina,professor,98942.0
ECU,Eastern Carolina,associate_professor,85000.0
ECU,Eastern Carolina,professor,99687.0
ECU,Eastern Carolina,associate_professor,67626.0
ECU,Eastern Carolina,lecturer,33452.0
ECU,Eastern Carolina,professor,216300.0
ECU,Eastern Carolina,professor,97448.0
ECU,Eastern Carolina,associate_professor,290762.0
ECU,Eastern Carolina,associate_professor,136701.0
ECU,Eastern Carolina,associate_professor,128676.0
ECU,Eastern Carolina,associate_professor,79192.0
ECU,Eastern Carolina,associate_professor,63504.0
ECU,Eastern Carolina,associate_professor,112247.0
ECU,Eastern Carolina,professor,147371.0
ECU,Eastern Carolina,assistant_professor,83707.0
ECU,Eastern Carolina,associate_professor,81431.0
ECU,Eastern Carolina,assistant_professor,66415.0
ECU,Eastern Carolina,associate_professor,54729.0
ECU,Eastern Carolina,professor,92045.0
ECU,Eastern Carolina,assistant_professor,200579.0
ECU,Eastern Carolina,assistant_professor,76220.0
ECU,Eastern Carolina,assistant_professor,69731.0
ECU,Eastern Carolina,lecturer,83152.0
ECU,Eastern Carolina,associate_professor,273870.0
ECU,Eastern Carolina,assistant_professor,60858.0
ECU,Eastern Carolina,professor,99477.0
ECU,Eastern Carolina,associate_professor,105270.0
ECU,Eastern Carolina,lecturer,49843.0
ECU,Eastern Carolina,associate_professor,99187.0
ECU,Eastern Carolina,professor,90047.0
ECU,Eastern Carolina,assistant_professor,230622.0
ECU,Eastern Carolina,professor,121837.0
ECU,Eastern Carolina,assistant_professor,74984.0
ECU,Eastern Carolina,professor,98575.0
ECU,Eastern Carolina,professor,116120.0
ECU,Eastern Carolina,lecturer,70773.0
ECU,Eastern Carolina,associate_professor,77967.0
ECU,Eastern Carolina,professor,173173.0
ECU,Eastern Carolina,lecturer,79575.0
ECU,Eastern Carolina,associate_professor,91591.0
ECU,Eastern Carolina,lecturer,61367.0
ECU,Eastern Carolina,lecturer,60000.0
ECU,Eastern Carolina,associate_professor,62232.0
ECU,Eastern Carolina,professor,158538.0
ECU,Eastern Carolina,professor,116723.0
ECU,Eastern Carolina,professor,169971.0
ECU,Eastern Carolina,professor,107635.0
ECU,Eastern Carolina,associate_professor,85290.0
ECU,Eastern Carolina,professor,183400.0
ECU,Eastern Carolina,lecturer,50882.0
ECU,Eastern Carolina,professor,63474.0
ECU,Eastern Carolina,associate_professor,75119.0
ECU,Eastern Carolina,associate_professor,72777.0
ECU,Eastern Carolina,associate_professor,74891.0
ECU,Eastern Carolina,professor,119303.0
ECU,Eastern Carolina,assistant_professor,75190.0
ECU,Eastern Carolina,professor,92432.0
ECU,Eastern Carolina,associate_professor,86000.0
ECU,Eastern Carolina,associate_professor,148477.0
ECU,Eastern Carolina,assistant_professor,66000.0
ECU,Eastern Carolina,lecturer,70676.0
ECU,Eastern Carolina,professor,316249.0
ECU,Eastern Carolina,lecturer,51519.0
ECU,Eastern Carolina,professor,99250.0
ECU,Eastern Carolina,professor,190176.0
ECU,Eastern Carolina,professor,121597.0
ECU,Eastern Carolina,lecturer,79575.0
ECU,Eastern Carolina,associate_professor,90913.0
ECU,Eastern Carolina,lecturer,46000.0
ECU,Eastern Carolina,associate_professor,83158.0
ECU,Eastern Carolina,lecturer,49440.0
ECU,Eastern Carolina,associate_professor,76789.0
ECU,Eastern Carolina,associate_professor,184939.0
ECU,Eastern Carolina,lecturer,56650.0
ECU,Eastern Carolina,lecturer,47133.0
ECU,Eastern Carolina,associate_professor,111233.0
ECU,Eastern Carolina,associate_professor,91696.0
ECU,Eastern Carolina,associate_professor,83042.0
ECU,Eastern Carolina,assistant_professor,140863.0
ECU,Eastern Carolina,associate_professor,120950.0
ECU,Eastern Carolina,professor,85996.0
ECU,Eastern Carolina,assistant_professor,88641.0
ECU,Eastern Carolina,lecturer,47731.0
ECU,Eastern Carolina,professor,137333.0
ECU,Eastern Carolina,professor,598873.0
ECU,Eastern Carolina,professor,95875.0
ECU,Eastern Carolina,assistant_professor,53729.0
ECU,Eastern Carolina,professor,91677.0
ECU,Eastern Carolina,assistant_professor,93000.0
ECU,Eastern Carolina,associate_professor,85066.0
ECU,Eastern Carolina,associate_professor,33431.0
ECU,Eastern Carolina,lecturer,58544.0
ECU,Eastern Carolina,assistant_professor,256519.0
ECU,Eastern Carolina,professor,159098.0
ECU,Eastern Carolina,assistant_professor,130000.0
ECU,Eastern Carolina,associate_professor,98127.0
ECU,Eastern Carolina,professor,100425.0
ECU,Eastern Carolina,associate_professor,466049.0
ECU,Eastern Carolina,associate_professor,63181.0
ECU,Eastern Carolina,associate_professor,88010.0
ECU,Eastern Carolina,lecturer,51140.0
ECU,Eastern Carolina,associate_professor,72384.0
ECU,Eastern Carolina,assistant_professor,81823.0
ECU,Eastern Carolina,assistant_professor,53000.0
ECU,Eastern Carolina,assistant_professor,80340.0
ECU,Eastern Carolina,assistant_professor,256519.0
ECU,Eastern Carolina,associate_professor,53000.0
ECU,Eastern Carolina,professor,101745.0
ECU,Eastern Carolina,assistant_professor,70000.0
ECU,Eastern Carolina,professor,128273.0
ECU,Eastern Carolina,assistant_professor,59988.0
ECU,Eastern Carolina,assistant_professor,62088.0
ECU,Eastern Carolina,assistant_professor,61800.0
ECU,Eastern Carolina,associate_professor,273870.0
ECU,Eastern Carolina,assistant_professor,80000.0
ECU,Eastern Carolina,associate_professor,69474.0
ECU,Eastern Carolina,associate_professor,96913.0
ECU,Eastern Carolina,assistant_professor,102278.0
ECU,Eastern Carolina,assistant_professor,96596.0
ECU,Eastern Carolina,professor,150442.0
ECU,Eastern Carolina,assistant_professor,92000.0
ECU,Eastern Carolina,professor,532502.0
ECU,Eastern Carolina,associate_professor,147227.0
ECU,Eastern Carolina,professor,319314.0
ECU,Eastern Carolina,lecturer,53560.0
ECU,Eastern Carolina,associate_professor,72274.0
ECU,Eastern Carolina,assistant_professor,60000.0
ECU,Eastern Carolina,professor,172270.0
ECU,Eastern Carolina,assistant_professor,62172.0
ECU,Eastern Carolina,associate_professor,74614.0
ECU,Eastern Carolina,assistant_professor,57745.0
ECU,Eastern Carolina,associate_professor,82321.0
ECU,Eastern Carolina,associate_professor,67748.0
ECU,Eastern Carolina,professor,89482.0
ECU,Eastern Carolina,associate_professor,68482.0
ECU,Eastern Carolina,assistant_professor,81000.0
ECU,Eastern Carolina,professor,98943.0
ECU,Eastern Carolina,professor,154863.0
ECU,Eastern Carolina,professor,161292.0
ECU,Eastern Carolina,assistant_professor,75000.0
ECU,Eastern Carolina,professor,95529.0
ECU,Eastern Carolina,assistant_professor,69010.0
ECU,Eastern Carolina,associate_professor,113300.0
ECU,Eastern Carolina,associate_professor,96161.0
ECU,Eastern Carolina,assistant_professor,472927.0
ECU,Eastern Carolina,associate_professor,657667.0
ECU,Eastern Carolina,professor,88989.0
ECU,Eastern Carolina,assistant_professor,82400.0
ECU,Eastern Carolina,assistant_professor,135429.0
ECU,Eastern Carolina,administrator,256303.0
ECU,Eastern Carolina,lecturer,64030.0
ECU,Eastern Carolina,assistant_professor,135000.0
ECU,Eastern Carolina,lecturer,60000.0
ECU,Eastern Carolina,associate_professor,84635.0
ECU,Eastern Carolina,associate_professor,90314.0
ECU,Eastern Carolina,professor,115785.0
ECU,Eastern Carolina,lecturer,70057.0
ECU,Eastern Carolina,associate_professor,56685.0
ECU,Eastern Carolina,assistant_professor,68131.0
ECU,Eastern Carolina,professor,98019.0
ECU,Eastern Carolina,assistant_professor,65000.0
ECU,Eastern Carolina,associate_professor,71732.0
ECU,Eastern Carolina,assistant_professor,82000.0
ECU,Eastern Carolina,associate_professor,76915.0
ECU,Eastern Carolina,associate_professor,75353.0
ECU,Eastern Carolina,associate_professor,75536.0
ECU,Eastern Carolina,assistant_professor,256519.0
ECU,Eastern Carolina,assistant_professor,88000.0
ECU,Eastern Carolina,assistant_professor,85696.0
ECU,Eastern Carolina,lecturer,47111.0
ECU,Eastern Carolina,associate_professor,234710.0
ECU,Eastern Carolina,assistant_professor,57845.0
ECU,Eastern Carolina,professor,86107.0
ECU,Eastern Carolina,professor,81931.0
ECU,Eastern Carolina,assistant_professor,458379.0
ECU,Eastern Carolina,professor,91475.0
ECU,Eastern Carolina,lecturer,57680.0
ECU,Eastern Carolina,assistant_professor,95000.0
ECU,Eastern Carolina,professor,101708.0
ECU,Eastern Carolina,lecturer,46982.0
ECU,Eastern Carolina,assistant_professor,70057.0
ECU,Eastern Carolina,professor,91555.0
ECU,Eastern Carolina,assistant_professor,53729.0
ECU,Eastern Carolina,associate_professor,162456.0
ECU,Eastern Carolina,lecturer,56000.0
ECU,Eastern Carolina,lecturer,106208.0
ECU,Eastern Carolina,professor,254817.0
ECU,Eastern Carolina,associate_professor,96448.0
ECU,Eastern Carolina,lecturer,58916.0
ECU,Eastern Carolina,assistant_professor,258608.0
ECU,Eastern Carolina,lecturer,61800.0
ECU,Eastern Carolina,lecturer,77662.0
ECU,Eastern Carolina,lecturer,75000.0
ECU,Eastern Carolina,lecturer,58499.0
ECU,Eastern Carolina,associate_professor,154500.0
ECU,Eastern Carolina,professor,130962.0
ECU,Eastern Carolina,associate_professor,96913.0
ECU,Eastern Carolina,professor,338665.0
ECU,Eastern Carolina,lecturer,81163.0
ECU,Eastern Carolina,lecturer,68755.0
ECU,Eastern Carolina,associate_professor,124404.0
ECU,Eastern Carolina,lecturer,60000.0
ECU,Eastern Carolina,assistant_professor,61000.0
ECU,Eastern Carolina,associate_professor,81184.0
ECU,Eastern Carolina,assistant_professor,82000.0
ECU,Eastern Carolina,associate_professor,113344.0
ECU,Eastern Carolina,assistant_professor,63500.0
ECU,Eastern Carolina,professor,123767.0
ECU,Eastern Carolina,professor,134526.0
ECU,Eastern Carolina,assistant_professor,68000.0
ECU,Eastern Carolina,associate_professor,94732.0
ECU,Eastern Carolina,assistant_professor,74984.0
ECU,Eastern Carolina,lecturer,59823.0
ECU,Eastern Carolina,assistant_professor,87550.0
ECU,Eastern Carolina,assistant_professor,64890.0
ECU,Eastern Carolina,associate_professor,218517.0
ECU,Eastern Carolina,professor,88447.0
ECU,Eastern Carolina,lecturer,62504.0
ECU,Eastern Carolina,professor,123870.0
ECU,Eastern Carolina,assistant_professor,67568.0
ECU,Eastern Carolina,associate_professor,74047.0
ECU,Eastern Carolina,assistant_professor,53729.0
ECU,Eastern Carolina,associate_professor,85202.0
ECU,Eastern Carolina,assistant_professor,81370.0
ECU,Eastern Carolina,associate_professor,62800.0
ECU,Eastern Carolina,assistant_professor,75705.0
ECU,Eastern Carolina,associate_professor,108557.0
ECU,Eastern Carolina,professor,146006.0
ECU,Eastern Carolina,lecturer,86495.0
ECU,Eastern Carolina,associate_professor,84362.0
ECU,Eastern Carolina,professor,84370.0
ECU,Eastern Carolina,lecturer,58916.0
ECU,Eastern Carolina,associate_professor,82367.0
ECU,Eastern Carolina,assistant_professor,63530.0
ECU,Eastern Carolina,professor,173808.0
ECU,Eastern Carolina,lecturer,60214.0
ECU,Eastern Carolina,associate_professor,73984.0
ECU,Eastern Carolina,assistant_professor,75272.0
ECU,Eastern Carolina,associate_professor,89145.0
ECU,Eastern Carolina,professor,81292.0
ECU,Eastern Carolina,lecturer,46346.0
ECU,Eastern Carolina,assistant_professor,58000.0
ECU,Eastern Carolina,assistant_professor,63000.0
ECU,Eastern Carolina,associate_professor,76970.0
ECU,Eastern Carolina,professor,92590.0
ECU,Eastern Carolina,professor,100116.0
ECU,Eastern Carolina,professor,83211.0
ECU,Eastern Carolina,assistant_professor,231995.0
ECU,Eastern Carolina,professor,105490.0
ECU,Eastern Carolina,associate_professor,75612.0
ECU,Eastern Carolina,assistant_professor,81412.0
ECU,Eastern Carolina,professor,100864.0
ECU,Eastern Carolina,lecturer,60767.0
ECU,Eastern Carolina,associate_professor,91463.0
ECU,Eastern Carolina,professor,114390.0
ECU,Eastern Carolina,associate_professor,136104.0
ECU,Eastern Carolina,associate_professor,39624.0
ECU,Eastern Carolina,professor,88450.0
ECU,Eastern Carolina,lecturer,58916.0
ECU,Eastern Carolina,assistant_professor,82959.0
ECU,Eastern Carolina,assistant_professor,130000.0
ECU,Eastern Carolina,associate_professor,136689.0
ECU,Eastern Carolina,assistant_professor,72100.0
ECU,Eastern Carolina,administrator,425000.0
ECU,Eastern Carolina,associate_professor,87762.0
ECU,Eastern Carolina,assistant_professor,60361.0
ECU,Eastern Carolina,professor,87652.0
ECU,Eastern Carolina,professor,132892.0
ECU,Eastern Carolina,associate_professor,86695.0
ECU,Eastern Carolina,assistant_professor,73730.0
ECU,Eastern Carolina,associate_professor,140062.0
ECU,Eastern Carolina,administrator,175100.0
ECU,Eastern Carolina,associate_professor,68732.0
ECU,Eastern Carolina,professor,128750.0
ECU,Eastern Carolina,associate_professor,239871.0
ECU,Eastern Carolina,associate_professor,58916.0
ECU,Eastern Carolina,professor,85426.0
ECU,Eastern Carolina,associate_professor,108211.0
ECU,Eastern Carolina,lecturer,58000.0
ECU,Eastern Carolina,professor,149680.0
ECU,Eastern Carolina,professor,400000.0
ECU,Eastern Carolina,professor,89330.0
ECU,Eastern Carolina,assistant_professor,136000.0
ECU,Eastern Carolina,professor,126579.0
ECU,Eastern Carolina,professor,125000.0
ECU,Eastern Carolina,lecturer,56435.0
ECU,Eastern Carolina,professor,103869.0
ECU,Eastern Carolina,associate_professor,109595.0
ECU,Eastern Carolina,professor,97648.0
ECU,Eastern Carolina,associate_professor,277427.0
ECU,Eastern Carolina,professor,28191.0
ECU,Eastern Carolina,associate_professor,85876.0
ECU,Eastern Carolina,lecturer,80000.0
ECU,Eastern Carolina,associate_professor,84120.0
ECU,Eastern Carolina,associate_professor,120136.0
ECU,Eastern Carolina,associate_professor,94821.0
ECU,Eastern Carolina,associate_professor,59742.0
ECU,Eastern Carolina,associate_professor,84694.0
ECU,Eastern Carolina,professor,176674.0
ECU,Eastern Carolina,lecturer,61743.0
ECU,Eastern Carolina,assistant_professor,83554.0
ECU,Eastern Carolina,professor,100925.0
ECU,Eastern Carolina,professor,172002.0
ECU,Eastern Carolina,associate_professor,96189.0
ECU,Eastern Carolina,assistant_professor,60000.0
ECU,Eastern Carolina,associate_professor,94322.0
ECU,Eastern Carolina,associate_professor,84852.0
ECU,Eastern Carolina,professor,131433.0
ECU,Eastern Carolina,professor,138473.0
ECU,Eastern Carolina,assistant_professor,67856.0
ECU,Eastern Carolina,associate_professor,72612.0
ECU,Eastern Carolina,lecturer,80213.0
ECU,Eastern Carolina,professor,87357.0
ECU,Eastern Carolina,associate_professor,244800.0
ECU,Eastern Carolina,assistant_professor,58000.0
ECU,Eastern Carolina,professor,84047.0
ECU,Eastern Carolina,lecturer,67001.0
ECU,Eastern Carolina,assistant_professor,267804.0
ECU,Eastern Carolina,associate_professor,67548.0
ECU,Eastern Carolina,professor,117748.0
ECU,Eastern Carolina,associate_professor,71913.0
ECU,Eastern Carolina,assistant_professor,65414.0
ECU,Eastern Carolina,professor,103096.0
ECU,Eastern Carolina,assistant_professor,71585.0
ECU,Eastern Carolina,professor,84435.0
ECU,Eastern Carolina,professor,116769.0
ECU,Eastern Carolina,professor,219150.0
ECU,Eastern Carolina,assistant_professor,62773.0
ECU,Eastern Carolina,assistant_professor,77127.0
ECU,Eastern Carolina,lecturer,90000.0
ECU,Eastern Carolina,lecturer,90000.0
ECU,Eastern Carolina,associate_professor,84384.0
ECU,Eastern Carolina,associate_professor,87823.0
ECU,Eastern Carolina,assistant_professor,79310.0
ECU,Eastern Carolina,lecturer,48790.0
ECU,Eastern Carolina,associate_professor,89043.0
ECU,Eastern Carolina,professor,94635.0
ECU,Eastern Carolina,lecturer,60000.0
ECU,Eastern Carolina,professor,90178.0
ECU,Eastern Carolina,associate_professor,91953.0
ECU,Eastern Carolina,associate_professor,76508.0
ECU,Eastern Carolina,professor,55729.0
ECU,Eastern Carolina,assistant_professor,75000.0
ECU,Eastern Carolina,associate_professor,72030.0
ECU,Eastern Carolina,associate_professor,101460.0
ECU,Eastern Carolina,assistant_professor,62000.0
ECU,Eastern Carolina,professor,82198.0
ECU,Eastern Carolina,associate_professor,92801.0
ECU,Eastern Carolina,associate_professor,82141.0
ECU,Eastern Carolina,professor,225000.0
ECU,Eastern Carolina,associate_professor,657667.0
ECU,Eastern Carolina,associate_professor,92597.0
ECU,Eastern Carolina,lecturer,64776.0
ECU,Eastern Carolina,professor,81768.0
ECU,Eastern Carolina,professor,100557.0
ECU,Eastern Carolina,professor,111582.0
ECU,Eastern Carolina,professor,94490.0
ECU,Eastern Carolina,assistant_professor,97850.0
ECU,Eastern Carolina,associate_professor,85830.0
ECU,Eastern Carolina,assistant_professor,125000.0
ECU,Eastern Carolina,assistant_professor,272119.0
ECU,Eastern Carolina,assistant_professor,74618.0
ECU,Eastern Carolina,administrator,189294.0
ECU,Eastern Carolina,assistant_professor,249277.0
ECU,Eastern Carolina,associate_professor,85550.0
ECU,Eastern Carolina,lecturer,66200.0
ECU,Eastern Carolina,associate_professor,67748.0
ECU,Eastern Carolina,lecturer,63399.0
ECU,Eastern Carolina,associate_professor,106439.0
ECU,Eastern Carolina,associate_professor,82760.0
ECU,Eastern Carolina,associate_professor,72784.0
ECU,Eastern Carolina,assistant_professor,60634.0
ECU,Eastern Carolina,assistant_professor,80000.0
ECU,Eastern Carolina,assistant_professor,315151.0
ECU,Eastern Carolina,lecturer,55000.0
ECU,Eastern Carolina,associate_professor,87351.0
ECU,Eastern Carolina,professor,54465.0
ECU,Eastern Carolina,assistant_professor,85000.0
ECU,Eastern Carolina,assistant_professor,62000.0
ECU,Eastern Carolina,professor,325736.0
ECU,Eastern Carolina,assistant_professor,89000.0
ECU,Eastern Carolina,professor,133139.0
ECU,Eastern Carolina,professor,113899.0
ECU,Eastern Carolina,assistant_professor,72000.0
ECU,Eastern Carolina,professor,197053.0
ECU,Eastern Carolina,associate_professor,100512.0
ECU,Eastern Carolina,professor,74068.0
ECU,Eastern Carolina,associate_professor,136689.0
ECU,Eastern Carolina,lecturer,50882.0
ECU,Eastern Carolina,assistant_professor,76000.0
ECU,Eastern Carolina,lecturer,80514.0
ECU,Eastern Carolina,associate_professor,62991.0
ECU,Eastern Carolina,professor,97241.0
ECU,Eastern Carolina,associate_professor,127891.0
ECU,Eastern Carolina,lecturer,86520.0
ECU,Eastern Carolina,assistant_professor,407523.0
ECU,Eastern Carolina,associate_professor,71913.0
ECU,Eastern Carolina,associate_professor,76372.0
ECU,Eastern Carolina,associate_professor,243156.0
ECU,Eastern Carolina,assistant_professor,78000.0
ECU,Eastern Carolina,assistant_professor,53729.0
ECU,Eastern Carolina,associate_professor,80175.0
ECU,Eastern Carolina,professor,126579.0
ECU,Eastern Carolina,associate_professor,122891.0
ECU,Eastern Carolina,associate_professor,91505.0
ECU,Eastern Carolina,assistant_professor,53729.0
ECU,Eastern Carolina,associate_professor,86598.0
ECU,Eastern Carolina,associate_professor,77434.0
ECU,Eastern Carolina,associate_professor,64587.0
ECU,Eastern Carolina,assistant_professor,74062.0
ECU,Eastern Carolina,associate_professor,98585.0
ECU,Eastern Carolina,professor,95028.0
ECU,Eastern Carolina,associate_professor,72867.0
ECU,Eastern Carolina,assistant_professor,206121.0
ECU,Eastern Carolina,assistant_professor,62000.0
ECU,Eastern Carolina,associate_professor,136869.0
ECU,Eastern Carolina,associate_professor,92750.0
ECU,Eastern Carolina,assistant_professor,74000.0
ECU,Eastern Carolina,lecturer,51000.0
ECU,Eastern Carolina,assistant_professor,55000.0
ECU,Eastern Carolina,professor,94489.0
ECU,Eastern Carolina,professor,83531.0
ECU,Eastern Carolina,associate_professor,138038.0
ECU,Eastern Carolina,professor,84246.0
ECU,Eastern Carolina,lecturer,53229.0
ECU,Eastern Carolina,associate_professor,137395.0
ECU,Eastern Carolina,associate_professor,136795.0
ECU,Eastern Carolina,professor,80194.0
ECU,Eastern Carolina,associate_professor,71627.0
ECU,Eastern Carolina,associate_professor,68104.0
ECU,Eastern Carolina,associate_professor,63504.0
ECU,Eastern Carolina,associate_professor,90096.0
ECU,Eastern Carolina,associate_professor,52788.0
ECU,Eastern Carolina,associate_professor,79632.0
ECU,Eastern Carolina,associate_professor,97212.0
ECU,Eastern Carolina,lecturer,57539.0
ECU,Eastern Carolina,assistant_professor,250454.0
ECU,Eastern Carolina,professor,181300.0
ECU,Eastern Carolina,lecturer,86479.0
ECU,Eastern Carolina,administrator,125331.0
ECU,Eastern Carolina,associate_professor,88107.0
ECU,Eastern Carolina,associate_professor,88301.0
ECU,Eastern Carolina,lecturer,50118.0
ECU,Eastern Carolina,lecturer,70619.0
ECU,Eastern Carolina,professor,421200.0
ECU,Eastern Carolina,associate_professor,92568.0
ECU,Eastern Carolina,administrator,582064.0
ECU,Eastern Carolina,associate_professor,82543.0
ECU,Eastern Carolina,professor,105397.0
ECU,Eastern Carolina,associate_professor,63613.0
ECU,Eastern Carolina,lecturer,59354.0
ECU,Eastern Carolina,professor,96500.0
ECU,Eastern Carolina,associate_professor,75839.0
ECU,Eastern Carolina,associate_professor,123735.0
ECU,Eastern Carolina,associate_professor,61232.0
ECU,Eastern Carolina,assistant_professor,98997.0
ECU,Eastern Carolina,professor,119434.0
ECU,Eastern Carolina,professor,115301.0
ECU,Eastern Carolina,professor,103489.0
ECU,Eastern Carolina,professor,118042.0
ECU,Eastern Carolina,associate_professor,136689.0
ECU,Eastern Carolina,assistant_professor,63000.0
ECU,Eastern Carolina,associate_professor,83214.0
ECU,Eastern Carolina,associate_professor,117636.0
ECU,Eastern Carolina,assistant_professor,61916.0
ECU,Eastern Carolina,assistant_professor,77548.0
ECU,Eastern Carolina,professor,113140.0
ECU,Eastern Carolina,associate_professor,87573.0
ECU,Eastern Carolina,administrator,185375.0
ECU,Eastern Carolina,professor,84645.0
ECU,Eastern Carolina,professor,174248.0
ECU,Eastern Carolina,lecturer,64596.0
ECU,Eastern Carolina,lecturer,64573.0
ECU,Eastern Carolina,assistant_professor,76000.0
ECU,Eastern Carolina,associate_professor,86490.0
ECU,Eastern Carolina,associate_professor,95313.0
ECU,Eastern Carolina,associate_professor,63546.0
ECU,Eastern Carolina,professor,610960.0
ECU,Eastern Carolina,associate_professor,244029.0
ECU,Eastern Carolina,lecturer,69256.0
ECU,Eastern Carolina,associate_professor,91512.0
ECU,Eastern Carolina,professor,371741.0
ECU,Eastern Carolina,lecturer,69804.0
ECU,Eastern Carolina,administrator,325000.0
ECU,Eastern Carolina,associate_professor,73956.0
ECU,Eastern Carolina,professor,87247.0
ECU,Eastern Carolina,lecturer,53198.0
ECU,Eastern Carolina,assistant_professor,73130.0
ECU,Eastern Carolina,lecturer,48867.0
ECU,Eastern Carolina,lecturer,67806.0
ECU,Eastern Carolina,lecturer,65353.0
ECU,Eastern Carolina,assistant_professor,76220.0
ECU,Eastern Carolina,lecturer,62650.0
ECU,Eastern Carolina,lecturer,60214.0
ECU,Eastern Carolina,lecturer,53500.0
ECU,Eastern Carolina,administrator,214026.0
ECU,Eastern Carolina,professor,243184.0
ECU,Eastern Carolina,administrator,183894.0
ECU,Eastern Carolina,lecturer,60998.0
ECU,Eastern Carolina,assistant_professor,92124.0
ECU,Eastern Carolina,professor,85520.0
ECU,Eastern Carolina,associate_professor,78426.0
ECU,Eastern Carolina,assistant_professor,80687.0
ECU,Eastern Carolina,associate_professor,91028.0
ECU,Eastern Carolina,professor,161515.0
ECU,Eastern Carolina,associate_professor,72385.0
ECU,Eastern Carolina,professor,122659.0
ECU,Eastern Carolina,associate_professor,83277.0
ECU,Eastern Carolina,professor,161834.0
ECU,Eastern Carolina,associate_professor,82710.0
ECU,Eastern Carolina,associate_professor,83711.0
ECU,Eastern Carolina,associate_professor,68517.0
ECU,Eastern Carolina,assistant_professor,63000.0
ECU,Eastern Carolina,assistant_professor,74700.0
ECU,Eastern Carolina,assistant_professor,184565.0
ECU,Eastern Carolina,assistant_professor,74700.0
ECU,Eastern Carolina,professor,127417.0
ECU,Eastern Carolina,professor,151859.0
ECU,Eastern Carolina,assistant_professor,74700.0
ECU,Eastern Carolina,assistant_professor,61000.0
ECU,Eastern Carolina,professor,102701.0
ECU,Eastern Carolina,professor,118363.0
ECU,Eastern Carolina,assistant_professor,90517.0
ECU,Eastern Carolina,associate_professor,80339.0
ECU,Eastern Carolina,professor,96935.0
ECU,Eastern Carolina,professor,112223.0
ECU,Eastern Carolina,assistant_professor,234032.0
ECU,Eastern Carolina,professor,89255.0
ECU,Eastern Carolina,associate_professor,123552.0
ECU,Eastern Carolina,professor,310913.0
FSU,Fayetteville State,assistant_professor,114777.0
FSU,Fayetteville State,assistant_professor,72100.0
FSU,Fayetteville State,professor,104692.0
FSU,Fayetteville State,assistant_professor,73173.0
FSU,Fayetteville State,professor,163518.0
FSU,Fayetteville State,professor,139779.0
FSU,Fayetteville State,assistant_professor,69628.0
FSU,Fayetteville State,associate_professor,149987.0
FSU,Fayetteville State,professor,93457.0
FSU,Fayetteville State,professor,95405.0
FSU,Fayetteville State,administrator,309000.0
FSU,Fayetteville State,professor,86229.0
FSU,Fayetteville State,assistant_professor,110869.0
FSU,Fayetteville State,assistant_professor,73997.0
FSU,Fayetteville State,lecturer,54548.0
FSU,Fayetteville State,lecturer,54605.0
FSU,Fayetteville State,assistant_professor,72000.0
FSU,Fayetteville State,administrator,206826.0
FSU,Fayetteville State,professor,119463.0
FSU,Fayetteville State,assistant_professor,70000.0
FSU,Fayetteville State,lecturer,78412.0
FSU,Fayetteville State,assistant_professor,70000.0
FSU,Fayetteville State,professor,90134.0
FSU,Fayetteville State,lecturer,65205.0
FSU,Fayetteville State,professor,100000.0
FSU,Fayetteville State,assistant_professor,76696.0
FSU,Fayetteville State,professor,136369.0
FSU,Fayetteville State,professor,78448.0
FSU,Fayetteville State,associate_professor,102000.0
FSU,Fayetteville State,assistant_professor,79760.0
FSU,Fayetteville State,associate_professor,75159.0
FSU,Fayetteville State,professor,110546.0
FSU,Fayetteville State,associate_professor,81462.0
FSU,Fayetteville State,assistant_professor,62502.0
FSU,Fayetteville State,assistant_professor,80954.0
FSU,Fayetteville State,professor,86681.0
FSU,Fayetteville State,professor,124769.0
FSU,Fayetteville State,lecturer,82830.0
FSU,Fayetteville State,lecturer,83930.0
FSU,Fayetteville State,associate_professor,72747.0
FSU,Fayetteville State,assistant_professor,57957.0
FSU,Fayetteville State,professor,116487.0
FSU,Fayetteville State,associate_professor,150862.0
FSU,Fayetteville State,assistant_professor,66950.0
FSU,Fayetteville State,professor,89203.0
FSU,Fayetteville State,lecturer,76706.0
FSU,Fayetteville State,associate_professor,111948.0
FSU,Fayetteville State,professor,88786.0
FSU,Fayetteville State,associate_professor,104330.0
FSU,Fayetteville State,professor,83681.0
FSU,Fayetteville State,assistant_professor,60693.0
FSU,Fayetteville State,associate_professor,83374.0
FSU,Fayetteville State,lecturer,65912.0
FSU,Fayetteville State,associate_professor,78656.0
FSU,Fayetteville State,associate_professor,90000.0
FSU,Fayetteville State,professor,90134.0
FSU,Fayetteville State,professor,118731.0
FSU,Fayetteville State,lecturer,69409.0
FSU,Fayetteville State,assistant_professor,54631.0
FSU,Fayetteville State,associate_professor,80440.0
FSU,Fayetteville State,professor,116220.0
FSU,Fayetteville State,associate_professor,75174.0
FSU,Fayetteville State,lecturer,66200.0
FSU,Fayetteville State,associate_professor,88590.0
FSU,Fayetteville State,associate_professor,111162.0
FSU,Fayetteville State,lecturer,80000.0
FSU,Fayetteville State,professor,87205.0
FSU,Fayetteville State,professor,85332.0
FSU,Fayetteville State,administrator,112270.0
FSU,Fayetteville State,professor,102523.0
FSU,Fayetteville State,professor,145000.0
FSU,Fayetteville State,associate_professor,76544.0
FSU,Fayetteville State,lecturer,63450.0
FSU,Fayetteville State,lecturer,93600.0
FSU,Fayetteville State,assistant_professor,77126.0
FSU,Fayetteville State,associate_professor,81610.0
FSU,Fayetteville State,assistant_professor,75207.0
FSU,Fayetteville State,assistant_professor,68185.0
FSU,Fayetteville State,associate_professor,120008.0
FSU,Fayetteville State,assistant_professor,73866.0
FSU,Fayetteville State,professor,87205.0
FSU,Fayetteville State,associate_professor,79804.0
FSU,Fayetteville State,professor,90314.0
FSU,Fayetteville State,lecturer,92900.0
FSU,Fayetteville State,assistant_professor,80437.0
FSU,Fayetteville State,associate_professor,91052.0
FSU,Fayetteville State,professor,85594.0
FSU,Fayetteville State,lecturer,61000.0
FSU,Fayetteville State,professor,89203.0
FSU,Fayetteville State,assistant_professor,72100.0
FSU,Fayetteville State,associate_professor,83778.0
FSU,Fayetteville State,associate_professor,91661.0
FSU,Fayetteville State,associate_professor,67217.0
FSU,Fayetteville State,lecturer,54548.0
FSU,Fayetteville State,associate_professor,71692.0
FSU,Fayetteville State,administrator,126937.0
FSU,Fayetteville State,professor,90566.0
FSU,Fayetteville State,associate_professor,85276.0
FSU,Fayetteville State,lecturer,74984.0
FSU,Fayetteville State,associate_professor,134644.0
FSU,Fayetteville State,assistant_professor,77608.0
FSU,Fayetteville State,associate_professor,80253.0
FSU,Fayetteville State,assistant_professor,70558.0
FSU,Fayetteville State,lecturer,57845.0
FSU,Fayetteville State,assistant_professor,57960.0
FSU,Fayetteville State,assistant_professor,92000.0
FSU,Fayetteville State,professor,150000.0
FSU,Fayetteville State,assistant_professor,67026.0
FSU,Fayetteville State,professor,112904.0
FSU,Fayetteville State,professor,90134.0
FSU,Fayetteville State,administrator,164965.0
FSU,Fayetteville State,assistant_professor,70000.0
FSU,Fayetteville State,professor,89240.0
FSU,Fayetteville State,assistant_professor,79805.0
FSU,Fayetteville State,assistant_professor,61467.0
FSU,Fayetteville State,professor,118376.0
FSU,Fayetteville State,professor,114323.0
FSU,Fayetteville State,lecturer,60437.0
FSU,Fayetteville State,associate_professor,74580.0
FSU,Fayetteville State,assistant_professor,92000.0
FSU,Fayetteville State,professor,89443.0
FSU,Fayetteville State,professor,102403.0
FSU,Fayetteville State,associate_professor,69033.0
FSU,Fayetteville State,associate_professor,104978.0
FSU,Fayetteville State,associate_professor,91120.0
FSU,Fayetteville State,associate_professor,98022.0
FSU,Fayetteville State,professor,90134.0
FSU,Fayetteville State,assistant_professor,65000.0
FSU,Fayetteville State,administrator,261620.0
FSU,Fayetteville State,assistant_professor,66522.0
FSU,Fayetteville State,associate_professor,129133.0
FSU,Fayetteville State,lecturer,72612.0
FSU,Fayetteville State,professor,90314.0
FSU,Fayetteville State,associate_professor,79015.0
FSU,Fayetteville State,professor,127552.0
FSU,Fayetteville State,professor,136369.0
FSU,Fayetteville State,professor,105060.0
FSU,Fayetteville State,professor,126509.0
FSU,Fayetteville State,associate_professor,78379.0
FSU,Fayetteville State,lecturer,60353.0
FSU,Fayetteville State,associate_professor,127505.0
FSU,Fayetteville State,assistant_professor,72000.0
FSU,Fayetteville State,lecturer,85231.0
FSU,Fayetteville State,professor,90696.0
FSU,Fayetteville State,lecturer,64776.0
FSU,Fayetteville State,lecturer,68935.0
FSU,Fayetteville State,assistant_professor,85696.0
FSU,Fayetteville State,assistant_professor,107265.0
FSU,Fayetteville State,associate_professor,73496.0
FSU,Fayetteville State,lecturer,60819.0
FSU,Fayetteville State,professor,161748.0
FSU,Fayetteville State,associate_professor,71388.0
FSU,Fayetteville State,associate_professor,82123.0
FSU,Fayetteville State,assistant_professor,73997.0
FSU,Fayetteville State,professor,117645.0
FSU,Fayetteville State,associate_professor,75117.0
FSU,Fayetteville State,assistant_professor,72000.0
FSU,Fayetteville State,professor,110692.0
FSU,Fayetteville State,administrator,142099.0
FSU,Fayetteville State,professor,89203.0
FSU,Fayetteville State,professor,90134.0
FSU,Fayetteville State,associate_professor,114000.0
FSU,Fayetteville State,professor,90566.0
FSU,Fayetteville State,administrator,147210.0
FSU,Fayetteville State,assistant_professor,122000.0
FSU,Fayetteville State,professor,85594.0
FSU,Fayetteville State,professor,91740.0
FSU,Fayetteville State,professor,98438.0
FSU,Fayetteville State,professor,130407.0
FSU,Fayetteville State,lecturer,80000.0
FSU,Fayetteville State,assistant_professor,70000.0
FSU,Fayetteville State,associate_professor,71995.0
FSU,Fayetteville State,assistant_professor,133364.0
FSU,Fayetteville State,assistant_professor,80340.0
FSU,Fayetteville State,lecturer,60289.0
FSU,Fayetteville State,professor,86123.0
FSU,Fayetteville State,associate_professor,121823.0
FSU,Fayetteville State,associate_professor,80581.0
FSU,Fayetteville State,lecturer,80000.0
FSU,Fayetteville State,professor,91237.0
FSU,Fayetteville State,lecturer,56130.0
FSU,Fayetteville State,assistant_professor,81139.0
FSU,Fayetteville State,assistant_professor,71821.0
FSU,Fayetteville State,lecturer,71716.0
FSU,Fayetteville State,professor,112904.0
FSU,Fayetteville State,professor,90134.0
FSU,Fayetteville State,professor,88624.0
FSU,Fayetteville State,assistant_professor,110869.0
FSU,Fayetteville State,associate_professor,79831.0
FSU,Fayetteville State,assistant_professor,105000.0
FSU,Fayetteville State,assistant_professor,73866.0
FSU,Fayetteville State,associate_professor,79106.0
FSU,Fayetteville State,lecturer,79548.0
FSU,Fayetteville State,assistant_professor,74283.0
FSU,Fayetteville State,associate_professor,75584.0
FSU,Fayetteville State,assistant_professor,54631.0
FSU,Fayetteville State,assistant_professor,80337.0
FSU,Fayetteville State,professor,156330.0
FSU,Fayetteville State,assistant_professor,58916.0
FSU,Fayetteville State,assistant_professor,65500.0
FSU,Fayetteville State,lecturer,64776.0
FSU,Fayetteville State,assistant_professor,62502.0
FSU,Fayetteville State,professor,85594.0
FSU,Fayetteville State,associate_professor,72046.0
FSU,Fayetteville State,professor,90134.0
FSU,Fayetteville State,professor,185011.0
FSU,Fayetteville State,administrator,201782.0
FSU,Fayetteville State,assistant_professor,131758.0
FSU,Fayetteville State,assistant_professor,80020.0
FSU,Fayetteville State,administrator,130686.0
FSU,Fayetteville State,associate_professor,79126.0
FSU,Fayetteville State,associate_professor,75305.0
FSU,Fayetteville State,associate_professor,132829.0
FSU,Fayetteville State,professor,91432.0
FSU,Fayetteville State,professor,85594.0
FSU,Fayetteville State,professor,81519.0
FSU,Fayetteville State,assistant_professor,72100.0
FSU,Fayetteville State,associate_professor,76827.0
FSU,Fayetteville State,associate_professor,75896.0
FSU,Fayetteville State,administrator,79000.0
FSU,Fayetteville State,associate_professor,75013.0
FSU,Fayetteville State,professor,139460.0
FSU,Fayetteville State,professor,90134.0
FSU,Fayetteville State,assistant_professor,79161.0
FSU,Fayetteville State,lecturer,62502.0
FSU,Fayetteville State,administrator,122904.0
FSU,Fayetteville State,associate_professor,111240.0
FSU,Fayetteville State,lecturer,66048.0
FSU,Fayetteville State,professor,114209.0
FSU,Fayetteville State,professor,117563.0
FSU,Fayetteville State,assistant_professor,76140.0
FSU,Fayetteville State,associate_professor,79070.0
FSU,Fayetteville State,professor,112904.0
FSU,Fayetteville State,associate_professor,129551.0
FSU,Fayetteville State,associate_professor,100231.0
FSU,Fayetteville State,assistant_professor,112540.0
FSU,Fayetteville State,assistant_professor,77000.0
FSU,Fayetteville State,associate_professor,73032.0
FSU,Fayetteville State,professor,92765.0
FSU,Fayetteville State,professor,86291.0
FSU,Fayetteville State,associate_professor,86169.0
FSU,Fayetteville State,assistant_professor,138642.0
FSU,Fayetteville State,professor,85478.0
NCA&T,NC A&T,assistant_professor,103108.0
NCA&T,NC A&T,assistant_professor,106000.0
NCA&T,NC A&T,professor,119028.0
NCA&T,NC A&T,lecturer,88007.0
NCA&T,NC A&T,assistant_professor,76140.0
NCA&T,NC A&T,professor,110862.0
NCA&T,NC A&T,assistant_professor,74000.0
NCA&T,NC A&T,assistant_professor,72100.0
NCA&T,NC A&T,lecturer,125000.0
NCA&T,NC A&T,assistant_professor,82400.0
NCA&T,NC A&T,assistant_professor,72000.0
NCA&T,NC A&T,administrator,254598.0
NCA&T,NC A&T,assistant_professor,83500.0
NCA&T,NC A&T,associate_professor,78964.0
NCA&T,NC A&T,assistant_professor,87116.0
NCA&T,NC A&T,assistant_professor,97565.0
NCA&T,NC A&T,associate_professor,81708.0
NCA&T,NC A&T,lecturer,66489.0
NCA&T,NC A&T,assistant_professor,104973.0
NCA&T,NC A&T,assistant_professor,142000.0
NCA&T,NC A&T,administrator,161180.0
NCA&T,NC A&T,administrator,133522.0
NCA&T,NC A&T,associate_professor,102973.0
NCA&T,NC A&T,lecturer,75000.0
NCA&T,NC A&T,professor,88662.0
NCA&T,NC A&T,associate_professor,118000.0
NCA&T,NC A&T,professor,163572.0
NCA&T,NC A&T,assistant_professor,105000.0
NCA&T,NC A&T,associate_professor,85191.0
NCA&T,NC A&T,assistant_professor,67500.0
NCA&T,NC A&T,assistant_professor,74000.0
NCA&T,NC A&T,assistant_professor,92700.0
NCA&T,NC A&T,professor,154806.0
NCA&T,NC A&T,associate_professor,121800.0
NCA&T,NC A&T,professor,191214.0
NCA&T,NC A&T,assistant_professor,82000.0
NCA&T,NC A&T,associate_professor,85000.0
NCA&T,NC A&T,associate_professor,103868.0
NCA&T,NC A&T,lecturer,64000.0
NCA&T,NC A&T,associate_professor,94086.0
NCA&T,NC A&T,assistant_professor,80000.0
NCA&T,NC A&T,assistant_professor,74000.0
NCA&T,NC A&T,associate_professor,95980.0
NCA&T,NC A&T,professor,108943.0
NCA&T,NC A&T,lecturer,67049.0
NCA&T,NC A&T,assistant_professor,75190.0
NCA&T,NC A&T,lecturer,75000.0
NCA&T,NC A&T,assistant_professor,70000.0
NCA&T,NC A&T,professor,146301.0
NCA&T,NC A&T,associate_professor,97228.0
NCA&T,NC A&T,associate_professor,157600.0
NCA&T,NC A&T,lecturer,68185.0
NCA&T,NC A&T,professor,204970.0
NCA&T,NC A&T,professor,121896.0
NCA&T,NC A&T,associate_professor,140000.0
NCA&T,NC A&T,professor,135041.0
NCA&T,NC A&T,lecturer,75000.0
NCA&T,NC A&T,associate_professor,78412.0
NCA&T,NC A&T,assistant_professor,95459.0
NCA&T,NC A&T,assistant_professor,72000.0
NCA&T,NC A&T,lecturer,64000.0
NCA&T,NC A&T,lecturer,72100.0
NCA&T,NC A&T,lecturer,64890.0
NCA&T,NC A&T,professor,160475.0
NCA&T,NC A&T,assistant_professor,82000.0
NCA&T,NC A&T,lecturer,73377.0
NCA&T,NC A&T,assistant_professor,57176.0
NCA&T,NC A&T,professor,92594.0
NCA&T,NC A&T,lecturer,66522.0
NCA&T,NC A&T,assistant_professor,73000.0
NCA&T,NC A&T,professor,117658.0
NCA&T,NC A&T,assistant_professor,76895.0
NCA&T,NC A&T,lecturer,60457.0
NCA&T,NC A&T,professor,119097.0
NCA&T,NC A&T,assistant_professor,103000.0
NCA&T,NC A&T,associate_professor,105749.0
NCA&T,NC A&T,assistant_professor,80685.0
NCA&T,NC A&T,professor,147000.0
NCA&T,NC A&T,associate_professor,90701.0
NCA&T,NC A&T,professor,175306.0
NCA&T,NC A&T,assistant_professor,84460.0
NCA&T,NC A&T,lecturer,66950.0
NCA&T,NC A&T,lecturer,75000.0
NCA&T,NC A&T,associate_professor,88000.0
NCA&T,NC A&T,administrator,150000.0
NCA&T,NC A&T,assistant_professor,82958.0
NCA&T,NC A&T,assistant_professor,82400.0
NCA&T,NC A&T,lecturer,61058.0
NCA&T,NC A&T,associate_professor,79297.0
NCA&T,NC A&T,lecturer,58402.0
NCA&T,NC A&T,professor,96317.0
NCA&T,NC A&T,professor,158000.0
NCA&T,NC A&T,assistant_professor,87000.0
NCA&T,NC A&T,assistant_professor,87550.0
NCA&T,NC A&T,associate_professor,141552.0
NCA&T,NC A&T,associate_professor,185758.0
NCA&T,NC A&T,associate_professor,86154.0
NCA&T,NC A&T,professor,118653.0
NCA&T,NC A&T,professor,97897.0
NCA&T,NC A&T,lecturer,95459.0
NCA&T,NC A&T,associate_professor,157600.0
NCA&T,NC A&T,associate_professor,136000.0
NCA&T,NC A&T,assistant_professor,125000.0
NCA&T,NC A&T,assistant_professor,92988.0
NCA&T,NC A&T,administrator,208221.0
NCA&T,NC A&T,associate_professor,80617.0
NCA&T,NC A&T,professor,97897.0
NCA&T,NC A&T,associate_professor,123621.0
NCA&T,NC A&T,associate_professor,104906.0
NCA&T,NC A&T,assistant_professor,78980.0
NCA&T,NC A&T,lecturer,64000.0
NCA&T,NC A&T,lecturer,63601.0
NCA&T,NC A&T,associate_professor,110000.0
NCA&T,NC A&T,assistant_professor,145000.0
NCA&T,NC A&T,associate_professor,115618.0
NCA&T,NC A&T,professor,125000.0
NCA&T,NC A&T,lecturer,69713.0
NCA&T,NC A&T,assistant_professor,81443.0
NCA&T,NC A&T,associate_professor,83807.0
NCA&T,NC A&T,associate_professor,138000.0
NCA&T,NC A&T,professor,106405.0
NCA&T,NC A&T,administrator,125252.0
NCA&T,NC A&T,associate_professor,125000.0
NCA&T,NC A&T,professor,82528.0
NCA&T,NC A&T,professor,123600.0
NCA&T,NC A&T,associate_professor,135000.0
NCA&T,NC A&T,administrator,208088.0
NCA&T,NC A&T,assistant_professor,70000.0
NCA&T,NC A&T,professor,170927.0
NCA&T,NC A&T,associate_professor,159600.0
NCA&T,NC A&T,professor,110000.0
NCA&T,NC A&T,assistant_professor,125000.0
NCA&T,NC A&T,assistant_professor,66167.0
NCA&T,NC A&T,associate_professor,95125.0
NCA&T,NC A&T,associate_professor,107459.0
NCA&T,NC A&T,lecturer,55620.0
NCA&T,NC A&T,associate_professor,84861.0
NCA&T,NC A&T,associate_professor,89234.0
NCA&T,NC A&T,administrator,240000.0
NCA&T,NC A&T,lecturer,88186.0
NCA&T,NC A&T,lecturer,64208.0
NCA&T,NC A&T,professor,119480.0
NCA&T,NC A&T,associate_professor,84460.0
NCA&T,NC A&T,professor,121143.0
NCA&T,NC A&T,associate_professor,109340.0
NCA&T,NC A&T,associate_professor,131000.0
NCA&T,NC A&T,assistant_professor,74000.0
NCA&T,NC A&T,administrator,128000.0
NCA&T,NC A&T,associate_professor,103000.0
NCA&T,NC A&T,associate_professor,88945.0
NCA&T,NC A&T,professor,94691.0
NCA&T,NC A&T,associate_professor,104906.0
NCA&T,NC A&T,assistant_professor,72500.0
NCA&T,NC A&T,lecturer,72100.0
NCA&T,NC A&T,administrator,309000.0
NCA&T,NC A&T,professor,110659.0
NCA&T,NC A&T,professor,144000.0
NCA&T,NC A&T,professor,97120.0
NCA&T,NC A&T,associate_professor,68229.0
NCA&T,NC A&T,associate_professor,86200.0
NCA&T,NC A&T,associate_professor,77431.0
NCA&T,NC A&T,associate_professor,77456.0
NCA&T,NC A&T,professor,117975.0
NCA&T,NC A&T,administrator,123200.0
NCA&T,NC A&T,assistant_professor,75000.0
NCA&T,NC A&T,lecturer,64000.0
NCA&T,NC A&T,professor,91732.0
NCA&T,NC A&T,professor,97850.0
NCA&T,NC A&T,assistant_professor,105000.0
NCA&T,NC A&T,assistant_professor,77440.0
NCA&T,NC A&T,administrator,100000.0
NCA&T,NC A&T,professor,178190.0
NCA&T,NC A&T,professor,173287.0
NCA&T,NC A&T,professor,155107.0
NCA&T,NC A&T,professor,113925.0
NCA&T,NC A&T,associate_professor,120000.0
NCA&T,NC A&T,associate_professor,84197.0
NCA&T,NC A&T,lecturer,105060.0
NCA&T,NC A&T,professor,92908.0
NCA&T,NC A&T,assistant_professor,80778.0
NCA&T,NC A&T,associate_professor,91760.0
NCA&T,NC A&T,assistant_professor,77250.0
NCA&T,NC A&T,associate_professor,80750.0
NCA&T,NC A&T,assistant_professor,96408.0
NCA&T,NC A&T,assistant_professor,79000.0
NCA&T,NC A&T,professor,119937.0
NCA&T,NC A&T,professor,124000.0
NCA&T,NC A&T,assistant_professor,67500.0
NCA&T,NC A&T,associate_professor,85286.0
NCA&T,NC A&T,associate_professor,84861.0
NCA&T,NC A&T,administrator,252950.0
NCA&T,NC A&T,administrator,127612.0
NCA&T,NC A&T,lecturer,64890.0
NCA&T,NC A&T,administrator,231750.0
NCA&T,NC A&T,administrator,159660.0
NCA&T,NC A&T,professor,134817.0
NCA&T,NC A&T,assistant_professor,85000.0
NCA&T,NC A&T,administrator,118450.0
NCA&T,NC A&T,lecturer,58000.0
NCA&T,NC A&T,associate_professor,91858.0
NCA&T,NC A&T,associate_professor,96399.0
NCA&T,NC A&T,professor,108804.0
NCA&T,NC A&T,professor,144324.0
NCA&T,NC A&T,lecturer,74160.0
NCA&T,NC A&T,assistant_professor,72000.0
NCA&T,NC A&T,assistant_professor,125000.0
NCA&T,NC A&T,lecturer,60170.0
NCA&T,NC A&T,professor,121714.0
NCA&T,NC A&T,professor,98706.0
NCA&T,NC A&T,assistant_professor,93730.0
NCA&T,NC A&T,professor,144200.0
NCA&T,NC A&T,associate_professor,125000.0
NCA&T,NC A&T,lecturer,70000.0
NCA&T,NC A&T,associate_professor,90191.0
NCA&T,NC A&T,assistant_professor,77413.0
NCA&T,NC A&T,assistant_professor,97434.0
NCA&T,NC A&T,associate_professor,110295.0
NCA&T,NC A&T,associate_professor,88503.0
NCA&T,NC A&T,associate_professor,153000.0
NCA&T,NC A&T,associate_professor,125000.0
NCA&T,NC A&T,assistant_professor,95000.0
NCA&T,NC A&T,assistant_professor,76897.0
NCA&T,NC A&T,lecturer,72500.0
NCA&T,NC A&T,administrator,220667.0
NCA&T,NC A&T,lecturer,73173.0
NCA&T,NC A&T,assistant_professor,81000.0
NCA&T,NC A&T,assistant_professor,73000.0
NCA&T,NC A&T,professor,202875.0
NCA&T,NC A&T,lecturer,65750.0
NCA&T,NC A&T,professor,87903.0
NCA&T,NC A&T,associate_professor,86520.0
NCA&T,NC A&T,lecturer,55000.0
NCA&T,NC A&T,assistant_professor,81821.0
NCA&T,NC A&T,lecturer,65085.0
NCA&T,NC A&T,lecturer,71002.0
NCA&T,NC A&T,lecturer,58000.0
NCA&T,NC A&T,associate_professor,192202.0
NCA&T,NC A&T,assistant_professor,95000.0
NCA&T,NC A&T,lecturer,66950.0
NCA&T,NC A&T,professor,92737.0
NCA&T,NC A&T,assistant_professor,74000.0
NCA&T,NC A&T,professor,130995.0
NCA&T,NC A&T,associate_professor,102277.0
NCA&T,NC A&T,lecturer,65590.0
NCA&T,NC A&T,associate_professor,85000.0
NCA&T,NC A&T,professor,148281.0
NCA&T,NC A&T,professor,134596.0
NCA&T,NC A&T,associate_professor,86742.0
NCA&T,NC A&T,assistant_professor,46350.0
NCA&T,NC A&T,lecturer,85000.0
NCA&T,NC A&T,assistant_professor,95000.0
NCA&T,NC A&T,professor,215000.0
NCA&T,NC A&T,associate_professor,87119.0
NCA&T,NC A&T,assistant_professor,76000.0
NCA&T,NC A&T,associate_professor,91624.0
NCA&T,NC A&T,assistant_professor,67500.0
NCA&T,NC A&T,associate_professor,89500.0
NCA&T,NC A&T,professor,153074.0
NCA&T,NC A&T,professor,147237.0
NCA&T,NC A&T,professor,203940.0
NCA&T,NC A&T,associate_professor,109499.0
NCA&T,NC A&T,associate_professor,91599.0
NCA&T,NC A&T,assistant_professor,70000.0
NCA&T,NC A&T,associate_professor,141000.0
NCA&T,NC A&T,assistant_professor,71000.0
NCA&T,NC A&T,associate_professor,140000.0
NCA&T,NC A&T,assistant_professor,81000.0
NCA&T,NC A&T,professor,156153.0
NCA&T,NC A&T,professor,105850.0
NCA&T,NC A&T,administrator,187495.0
NCA&T,NC A&T,professor,152577.0
NCA&T,NC A&T,assistant_professor,80000.0
NCA&T,NC A&T,assistant_professor,76000.0
NCA&T,NC A&T,associate_professor,93820.0
NCA&T,NC A&T,professor,164779.0
NCA&T,NC A&T,professor,138687.0
NCA&T,NC A&T,professor,141000.0
NCA&T,NC A&T,assistant_professor,82391.0
NCA&T,NC A&T,associate_professor,83150.0
NCA&T,NC A&T,assistant_professor,92700.0
NCA&T,NC A&T,associate_professor,84861.0
NCA&T,NC A&T,associate_professor,111104.0
NCA&T,NC A&T,associate_professor,107712.0
NCA&T,NC A&T,assistant_professor,75000.0
NCA&T,NC A&T,associate_professor,107229.0
NCA&T,NC A&T,associate_professor,85970.0
NCA&T,NC A&T,assistant_professor,74000.0
NCA&T,NC A&T,professor,134547.0
NCA&T,NC A&T,professor,143005.0
NCA&T,NC A&T,assistant_professor,78000.0
NCA&T,NC A&T,associate_professor,150000.0
NCA&T,NC A&T,assistant_professor,93420.0
NCA&T,NC A&T,professor,125949.0
NCA&T,NC A&T,professor,92666.0
NCA&T,NC A&T,professor,154914.0
NCA&T,NC A&T,assistant_professor,142000.0
NCA&T,NC A&T,assistant_professor,93701.0
NCA&T,NC A&T,professor,106405.0
NCA&T,NC A&T,professor,145100.0
NCA&T,NC A&T,associate_professor,91963.0
NCA&T,NC A&T,lecturer,66950.0
NCA&T,NC A&T,professor,144000.0
NCA&T,NC A&T,administrator,178705.0
NCA&T,NC A&T,associate_professor,79026.0
NCA&T,NC A&T,lecturer,58000.0
NCA&T,NC A&T,administrator,164800.0
NCA&T,NC A&T,associate_professor,139256.0
NCA&T,NC A&T,associate_professor,81370.0
NCA&T,NC A&T,assistant_professor,113000.0
NCA&T,NC A&T,assistant_professor,75000.0
NCA&T,NC A&T,associate_professor,104906.0
NCA&T,NC A&T,professor,192418.0
NCA&T,NC A&T,associate_professor,125742.0
NCA&T,NC A&T,professor,125762.0
NCA&T,NC A&T,lecturer,57874.0
NCA&T,NC A&T,professor,98701.0
NCA&T,NC A&T,professor,201369.0
NCA&T,NC A&T,associate_professor,120000.0
NCA&T,NC A&T,assistant_professor,72100.0
NCA&T,NC A&T,administrator,128000.0
NCA&T,NC A&T,professor,203940.0
NCA&T,NC A&T,professor,112040.0
NCA&T,NC A&T,associate_professor,81886.0
NCA&T,NC A&T,professor,108532.0
NCA&T,NC A&T,administrator,324450.0
NCA&T,NC A&T,professor,165294.0
NCA&T,NC A&T,lecturer,64890.0
NCA&T,NC A&T,associate_professor,86326.0
NCA&T,NC A&T,associate_professor,142125.0
NCA&T,NC A&T,associate_professor,80484.0
NCA&T,NC A&T,associate_professor,150000.0
NCA&T,NC A&T,assistant_professor,92000.0
NCA&T,NC A&T,assistant_professor,91140.0
NCA&T,NC A&T,administrator,425000.0
NCA&T,NC A&T,administrator,185400.0
NCA&T,NC A&T,assistant_professor,93420.0
NCA&T,NC A&T,assistant_professor,82400.0
NCA&T,NC A&T,assistant_professor,76220.0
NCA&T,NC A&T,professor,144000.0
NCA&T,NC A&T,associate_professor,73645.0
NCA&T,NC A&T,associate_professor,152000.0
NCA&T,NC A&T,administrator,146246.0
NCA&T,NC A&T,assistant_professor,70000.0
NCA&T,NC A&T,administrator,162822.0
NCA&T,NC A&T,lecturer,52713.0
NCA&T,NC A&T,lecturer,81000.0
NCA&T,NC A&T,associate_professor,105986.0
NCA&T,NC A&T,associate_professor,145000.0
NCA&T,NC A&T,associate_professor,111601.0
NCA&T,NC A&T,lecturer,73500.0
NCA&T,NC A&T,assistant_professor,67500.0
NCA&T,NC A&T,professor,119028.0
NCA&T,NC A&T,associate_professor,138000.0
NCA&T,NC A&T,associate_professor,104906.0
NCA&T,NC A&T,professor,115586.0
NCA&T,NC A&T,professor,86860.0
NCA&T,NC A&T,associate_professor,78996.0
NCA&T,NC A&T,assistant_professor,145000.0
NCA&T,NC A&T,lecturer,64000.0
NCA&T,NC A&T,professor,153002.0
NCA&T,NC A&T,assistant_professor,111000.0
NCA&T,NC A&T,professor,122815.0
NCA&T,NC A&T,associate_professor,87503.0
NCA&T,NC A&T,associate_professor,91670.0
NCA&T,NC A&T,associate_professor,89804.0
NCA&T,NC A&T,assistant_professor,100940.0
NCA&T,NC A&T,professor,143000.0
NCA&T,NC A&T,assistant_professor,85000.0
NCA&T,NC A&T,associate_professor,95990.0
NCA&T,NC A&T,assistant_professor,77250.0
NCA&T,NC A&T,professor,111889.0
NCA&T,NC A&T,administrator,138633.0
NCA&T,NC A&T,associate_professor,133900.0
NCA&T,NC A&T,assistant_professor,103000.0
NCA&T,NC A&T,associate_professor,121000.0
NCA&T,NC A&T,assistant_professor,90565.0
NCA&T,NC A&T,associate_professor,155000.0
NCA&T,NC A&T,assistant_professor,110000.0
NCA&T,NC A&T,lecturer,70289.0
NCA&T,NC A&T,professor,118356.0
NCA&T,NC A&T,assistant_professor,107000.0
NCA&T,NC A&T,associate_professor,155000.0
NCA&T,NC A&T,assistant_professor,102277.0
NCA&T,NC A&T,assistant_professor,85191.0
NCA&T,NC A&T,assistant_professor,75190.0
NCA&T,NC A&T,lecturer,66950.0
NCA&T,NC A&T,associate_professor,86000.0
NCA&T,NC A&T,assistant_professor,103000.0
NCA&T,NC A&T,associate_professor,104115.0
NCA&T,NC A&T,assistant_professor,104906.0
NCA&T,NC A&T,associate_professor,104115.0
NCA&T,NC A&T,associate_professor,155700.0
NCA&T,NC A&T,assistant_professor,73130.0
NCA&T,NC A&T,administrator,236738.0
NCA&T,NC A&T,assistant_professor,73000.0
NCA&T,NC A&T,assistant_professor,97000.0
NCA&T,NC A&T,assistant_professor,127000.0
NCA&T,NC A&T,associate_professor,204605.0
NCA&T,NC A&T,assistant_professor,108000.0
NCA&T,NC A&T,assistant_professor,99529.0
NCA&T,NC A&T,associate_professor,142125.0
NCA&T,NC A&T,associate_professor,96540.0
NCA&T,NC A&T,lecturer,93000.0
NCA&T,NC A&T,administrator,148982.0
NCA&T,NC A&T,associate_professor,111104.0
NCA&T,NC A&T,professor,126053.0
NCA&T,NC A&T,assistant_professor,75190.0
NCA&T,NC A&T,assistant_professor,85000.0
NCA&T,NC A&T,lecturer,54681.0
NCA&T,NC A&T,professor,164000.0
NCA&T,NC A&T,professor,123167.0
NCA&T,NC A&T,assistant_professor,73299.0
NCA&T,NC A&T,professor,94450.0
NCA&T,NC A&T,lecturer,72000.0
NCA&T,NC A&T,assistant_professor,72000.0
NCA&T,NC A&T,administrator,234887.0
NCA&T,NC A&T,assistant_professor,86860.0
NCA&T,NC A&T,associate_professor,82277.0
NCA&T,NC A&T,assistant_professor,106104.0
NCA&T,NC A&T,associate_professor,100560.0
NCA&T,NC A&T,associate_professor,83178.0
NCA&T,NC A&T,associate_professor,71257.0
NCA&T,NC A&T,professor,152004.0
NCA&T,NC A&T,associate_professor,112391.0
NCA&T,NC A&T,professor,114913.0
NCA&T,NC A&T,assistant_professor,76000.0
NCA&T,NC A&T,associate_professor,77287.0
NCA&T,NC A&T,associate_professor,90701.0
NCA&T,NC A&T,associate_professor,111584.0
NCA&T,NC A&T,administrator,179763.0
NCA&T,NC A&T,lecturer,74000.0
NCA&T,NC A&T,assistant_professor,70000.0
NCA&T,NC A&T,associate_professor,92049.0
NCA&T,NC A&T,administrator,101505.0
NCA&T,NC A&T,administrator,119089.0
NCA&T,NC A&T,associate_professor,79269.0
NCA&T,NC A&T,associate_professor,95000.0
NCA&T,NC A&T,professor,114330.0
NCA&T,NC A&T,assistant_professor,85000.0
NCA&T,NC A&T,assistant_professor,76500.0
NCA&T,NC A&T,associate_professor,130000.0
NCA&T,NC A&T,associate_professor,185000.0
NCA&T,NC A&T,associate_professor,85891.0
NCA&T,NC A&T,professor,170138.0
NCA&T,NC A&T,assistant_professor,67500.0
NCA&T,NC A&T,associate_professor,80000.0
NCA&T,NC A&T,professor,265801.0
NCA&T,NC A&T,professor,94497.0
NCA&T,NC A&T,lecturer,127972.0
NCA&T,NC A&T,lecturer,62000.0
NCA&T,NC A&T,associate_professor,80000.0
NCA&T,NC A&T,professor,135000.0
NCA&T,NC A&T,assistant_professor,88580.0
NCA&T,NC A&T,associate_professor,88000.0
NCA&T,NC A&T,lecturer,80000.0
NCA&T,NC A&T,associate_professor,85231.0
NCA&T,NC A&T,assistant_professor,77250.0
NCA&T,NC A&T,assistant_professor,73000.0
NCA&T,NC A&T,associate_professor,88072.0
NCA&T,NC A&T,professor,144892.0
NCA&T,NC A&T,assistant_professor,80778.0
NCA&T,NC A&T,professor,185917.0
NCA&T,NC A&T,professor,193104.0
NCA&T,NC A&T,lecturer,68000.0
NCA&T,NC A&T,professor,190917.0
NCA&T,NC A&T,professor,204554.0
NCA&T,NC A&T,assistant_professor,85000.0
NCA&T,NC A&T,associate_professor,111822.0
NCA&T,NC A&T,professor,160000.0
NCA&T,NC A&T,lecturer,50850.0
NCA&T,NC A&T,associate_professor,79156.0
NCA&T,NC A&T,professor,146000.0
NCA&T,NC A&T,professor,126682.0
NCA&T,NC A&T,professor,122228.0
NCA&T,NC A&T,assistant_professor,68000.0
NCA&T,NC A&T,assistant_professor,97850.0
NCA&T,NC A&T,associate_professor,135750.0
NCA&T,NC A&T,professor,141828.0
NCA&T,NC A&T,professor,119575.0
NCA&T,NC A&T,assistant_professor,125000.0
NCA&T,NC A&T,assistant_professor,102277.0
NCA&T,NC A&T,associate_professor,130000.0
NCA&T,NC A&T,lecturer,68300.0
NCA&T,NC A&T,assistant_professor,73071.0
NCA&T,NC A&T,associate_professor,79030.0
NCA&T,NC A&T,associate_professor,84159.0
NCA&T,NC A&T,associate_professor,167800.0
NCA&T,NC A&T,associate_professor,80478.0
NCA&T,NC A&T,professor,98524.0
NCA&T,NC A&T,assistant_professor,82000.0
NCA&T,NC A&T,professor,140000.0
NCA&T,NC A&T,associate_professor,164000.0
NCA&T,NC A&T,assistant_professor,84975.0
NCA&T,NC A&T,assistant_professor,74830.0
NCA&T,NC A&T,associate_professor,77250.0
NCA&T,NC A&T,professor,96072.0
NCA&T,NC A&T,assistant_professor,76000.0
NCA&T,NC A&T,lecturer,60229.0
NCA&T,NC A&T,professor,154914.0
NCA&T,NC A&T,assistant_professor,70015.0
NCA&T,NC A&T,assistant_professor,64890.0
NCA&T,NC A&T,professor,147000.0
NCA&T,NC A&T,lecturer,55000.0
NCA&T,NC A&T,professor,123667.0
NCA&T,NC A&T,associate_professor,110000.0
NCA&T,NC A&T,assistant_professor,71000.0
NCA&T,NC A&T,professor,105850.0
NCA&T,NC A&T,assistant_professor,109500.0
NCA&T,NC A&T,administrator,141323.0
NCA&T,NC A&T,lecturer,63000.0
NCA&T,NC A&T,professor,125000.0
NCA&T,NC A&T,associate_professor,108528.0
NCA&T,NC A&T,associate_professor,87557.0
NCA&T,NC A&T,lecturer,55116.0
NCA&T,NC A&T,associate_professor,145000.0
NCA&T,NC A&T,lecturer,76055.0
NCA&T,NC A&T,associate_professor,95630.0
NCA&T,NC A&T,assistant_professor,85000.0
NCA&T,NC A&T,professor,119893.0
NCA&T,NC A&T,lecturer,71449.0
NCA&T,NC A&T,associate_professor,77571.0
NCA&T,NC A&T,lecturer,64000.0
NCA&T,NC A&T,assistant_professor,76000.0
NCA&T,NC A&T,associate_professor,113544.0
NCA&T,NC A&T,professor,145000.0
NCA&T,NC A&T,associate_professor,96399.0
NCA&T,NC A&T,associate_professor,134000.0
NCA&T,NC A&T,lecturer,51503.0
NCA&T,NC A&T,administrator,179000.0
NCA&T,NC A&T,professor,155000.0
NCA&T,NC A&T,professor,139233.0
NCA&T,NC A&T,professor,81395.0
NCA&T,NC A&T,lecturer,79310.0
NCA&T,NC A&T,professor,147576.0
NCA&T,NC A&T,assistant_professor,64272.0
NCA&T,NC A&T,associate_professor,84861.0
NCA&T,NC A&T,assistant_professor,74377.0
NCA&T,NC A&T,professor,106457.0
NCA&T,NC A&T,assistant_professor,72000.0
NCA&T,NC A&T,professor,198172.0
NCA&T,NC A&T,lecturer,64000.0
NCA&T,NC A&T,associate_professor,86156.0
NCA&T,NC A&T,professor,142000.0
NCA&T,NC A&T,professor,121561.0
NCA&T,NC A&T,assistant_professor,92000.0
NCA&T,NC A&T,assistant_professor,75190.0
NCA&T,NC A&T,assistant_professor,99864.0
NCA&T,NC A&T,associate_professor,90701.0
NCA&T,NC A&T,lecturer,78013.0
NCA&T,NC A&T,professor,149968.0
NCA&T,NC A&T,assistant_professor,90640.0
NCA&T,NC A&T,lecturer,87838.0
NCA&T,NC A&T,associate_professor,83534.0
NCA&T,NC A&T,associate_professor,77250.0
NCA&T,NC A&T,associate_professor,83807.0
NCA&T,NC A&T,assistant_professor,120000.0
NCA&T,NC A&T,associate_professor,86314.0
NCA&T,NC A&T,assistant_professor,76000.0
NCA&T,NC A&T,lecturer,64000.0
NCA&T,NC A&T,lecturer,50442.0
NCA&T,NC A&T,lecturer,82290.0
NCA&T,NC A&T,lecturer,62000.0
NCA&T,NC A&T,assistant_professor,73000.0
NCA&T,NC A&T,associate_professor,126552.0
NCA&T,NC A&T,lecturer,56463.0
NCA&T,NC A&T,associate_professor,85202.0
NCA&T,NC A&T,associate_professor,144000.0
NCA&T,NC A&T,administrator,161503.0
NCA&T,NC A&T,administrator,209500.0
NCA&T,NC A&T,assistant_professor,70000.0
NCA&T,NC A&T,lecturer,80000.0
NCA&T,NC A&T,professor,96798.0
NCA&T,NC A&T,associate_professor,145400.0
NCA&T,NC A&T,assistant_professor,77000.0
NCA&T,NC A&T,assistant_professor,72000.0
NCA&T,NC A&T,associate_professor,81141.0
NCA&T,NC A&T,assistant_professor,82000.0
NCA&T,NC A&T,professor,93821.0
NCA&T,NC A&T,associate_professor,137000.0
NCA&T,NC A&T,associate_professor,97731.0
NCA&T,NC A&T,professor,105328.0
NCA&T,NC A&T,assistant_professor,92700.0
NCA&T,NC A&T,associate_professor,105084.0
NCA&T,NC A&T,associate_professor,106261.0
NCA&T,NC A&T,assistant_professor,77363.0
NCA&T,NC A&T,professor,216062.0
NCA&T,NC A&T,lecturer,62000.0
NCA&T,NC A&T,assistant_professor,100004.0
NCA&T,NC A&T,professor,134925.0
NCA&T,NC A&T,lecturer,81840.0
NCA&T,NC A&T,professor,126957.0
NCA&T,NC A&T,associate_professor,77000.0
NCA&T,NC A&T,assistant_professor,84000.0
NCA&T,NC A&T,professor,189502.0
NCA&T,NC A&T,professor,170000.0
NCA&T,NC A&T,administrator,180250.0
NCA&T,NC A&T,assistant_professor,93131.0
NCA&T,NC A&T,professor,128243.0
NCA&T,NC A&T,professor,156153.0
NCA&T,NC A&T,professor,154914.0
NCA&T,NC A&T,professor,82400.0
NCA&T,NC A&T,associate_professor,95125.0
NCA&T,NC A&T,associate_professor,116119.0
NCA&T,NC A&T,assistant_professor,108000.0
NCA&T,NC A&T,professor,118895.0
NCA&T,NC A&T,professor,145000.0
NCA&T,NC A&T,assistant_professor,105000.0
NCA&T,NC A&T,associate_professor,80489.0
NCA&T,NC A&T,assistant_professor,65000.0
NCA&T,NC A&T,associate_professor,108280.0
NCCU,North Carolina Central,assistant_professor,87351.0
NCCU,North Carolina Central,associate_professor,77637.0
NCCU,North Carolina Central,lecturer,80218.0
NCCU,North Carolina Central,professor,144654.0
NCCU,North Carolina Central,lecturer,59986.0
NCCU,North Carolina Central,administrator,141153.0
NCCU,North Carolina Central,assistant_professor,74984.0
NCCU,North Carolina Central,associate_professor,71511.0
NCCU,North Carolina Central,professor,154532.0
NCCU,North Carolina Central,lecturer,73866.0
NCCU,North Carolina Central,lecturer,63754.0
NCCU,North Carolina Central,professor,100055.0
NCCU,North Carolina Central,assistant_professor,75000.0
NCCU,North Carolina Central,associate_professor,104102.0
NCCU,North Carolina Central,professor,94804.0
NCCU,North Carolina Central,associate_professor,77866.0
NCCU,North Carolina Central,assistant_professor,85000.0
NCCU,North Carolina Central,associate_professor,77708.0
NCCU,North Carolina Central,lecturer,84625.0
NCCU,North Carolina Central,administrator,156925.0
NCCU,North Carolina Central,associate_professor,89896.0
NCCU,North Carolina Central,lecturer,61800.0
NCCU,North Carolina Central,assistant_professor,76140.0
NCCU,North Carolina Central,assistant_professor,77277.0
NCCU,North Carolina Central,associate_professor,113979.0
NCCU,North Carolina Central,professor,94243.0
NCCU,North Carolina Central,lecturer,40419.0
NCCU,North Carolina Central,associate_professor,118450.0
NCCU,North Carolina Central,assistant_professor,79969.0
NCCU,North Carolina Central,associate_professor,93045.0
NCCU,North Carolina Central,assistant_professor,70000.0
NCCU,North Carolina Central,assistant_professor,94266.0
NCCU,North Carolina Central,lecturer,60000.0
NCCU,North Carolina Central,professor,68284.0
NCCU,North Carolina Central,lecturer,52000.0
NCCU,North Carolina Central,lecturer,55000.0
NCCU,North Carolina Central,assistant_professor,88618.0
NCCU,North Carolina Central,lecturer,65000.0
NCCU,North Carolina Central,lecturer,50000.0
NCCU,North Carolina Central,lecturer,62502.0
NCCU,North Carolina Central,lecturer,53980.0
NCCU,North Carolina Central,lecturer,52791.0
NCCU,North Carolina Central,associate_professor,102614.0
NCCU,North Carolina Central,lecturer,59066.0
NCCU,North Carolina Central,lecturer,89061.0
NCCU,North Carolina Central,administrator,105118.0
NCCU,North Carolina Central,professor,99075.0
NCCU,North Carolina Central,associate_professor,81494.0
NCCU,North Carolina Central,assistant_professor,75000.0
NCCU,North Carolina Central,professor,160556.0
NCCU,North Carolina Central,lecturer,87809.0
NCCU,North Carolina Central,associate_professor,98000.0
NCCU,North Carolina Central,professor,76341.0
NCCU,North Carolina Central,professor,117636.0
NCCU,North Carolina Central,professor,139166.0
NCCU,North Carolina Central,assistant_professor,81821.0
NCCU,North Carolina Central,lecturer,60000.0
NCCU,North Carolina Central,professor,122557.5
NCCU,North Carolina Central,assistant_professor,103414.0
NCCU,North Carolina Central,lecturer,60978.0
NCCU,North Carolina Central,professor,91292.0
NCCU,North Carolina Central,assistant_professor,68021.0
NCCU,North Carolina Central,assistant_professor,91052.0
NCCU,North Carolina Central,associate_professor,100858.0
NCCU,North Carolina Central,assistant_professor,58433.0
NCCU,North Carolina Central,lecturer,44968.0
NCCU,North Carolina Central,associate_professor,77627.0
NCCU,North Carolina Central,lecturer,82143.0
NCCU,North Carolina Central,professor,116012.0
NCCU,North Carolina Central,assistant_professor,95104.0
NCCU,North Carolina Central,professor,136021.0
NCCU,North Carolina Central,assistant_professor,123300.0
NCCU,North Carolina Central,assistant_professor,107120.0
NCCU,North Carolina Central,assistant_professor,90529.0
NCCU,North Carolina Central,associate_professor,86958.0
NCCU,North Carolina Central,associate_professor,90459.0
NCCU,North Carolina Central,administrator,335000.0
NCCU,North Carolina Central,assistant_professor,64000.0
NCCU,North Carolina Central,associate_professor,66881.0
NCCU,North Carolina Central,associate_professor,87592.0
NCCU,North Carolina Central,assistant_professor,78412.0
NCCU,North Carolina Central,assistant_professor,79272.0
NCCU,North Carolina Central,associate_professor,96872.0
NCCU,North Carolina Central,lecturer,55620.0
NCCU,North Carolina Central,assistant_professor,52631.0
NCCU,North Carolina Central,associate_professor,89607.0
NCCU,North Carolina Central,lecturer,79809.0
NCCU,North Carolina Central,lecturer,60000.0
NCCU,North Carolina Central,professor,129071.0
NCCU,North Carolina Central,administrator,159098.0
NCCU,North Carolina Central,associate_professor,92049.0
NCCU,North Carolina Central,administrator,133900.0
NCCU,North Carolina Central,lecturer,68557.0
NCCU,North Carolina Central,lecturer,57074.0
NCCU,North Carolina Central,professor,80593.0
NCCU,North Carolina Central,professor,157376.0
NCCU,North Carolina Central,administrator,124354.0
NCCU,North Carolina Central,assistant_professor,78765.0
NCCU,North Carolina Central,lecturer,47044.0
NCCU,North Carolina Central,assistant_professor,79548.0
NCCU,North Carolina Central,assistant_professor,77472.0
NCCU,North Carolina Central,associate_professor,76849.0
NCCU,North Carolina Central,associate_professor,114095.0
NCCU,North Carolina Central,assistant_professor,67831.0
NCCU,North Carolina Central,lecturer,52000.0
NCCU,North Carolina Central,associate_professor,100005.0
NCCU,North Carolina Central,associate_professor,100594.0
NCCU,North Carolina Central,professor,112747.0
NCCU,North Carolina Central,professor,96399.0
NCCU,North Carolina Central,associate_professor,83095.0
NCCU,North Carolina Central,professor,153603.0
NCCU,North Carolina Central,assistant_professor,61800.0
NCCU,North Carolina Central,professor,91998.0
NCCU,North Carolina Central,professor,86174.0
NCCU,North Carolina Central,administrator,166036.0
NCCU,North Carolina Central,associate_professor,92379.0
NCCU,North Carolina Central,professor,88222.0
NCCU,North Carolina Central,associate_professor,119785.0
NCCU,North Carolina Central,associate_professor,100289.0
NCCU,North Carolina Central,assistant_professor,102590.0
NCCU,North Carolina Central,lecturer,56821.0
NCCU,North Carolina Central,professor,108370.0
NCCU,North Carolina Central,associate_professor,47640.0
NCCU,North Carolina Central,assistant_professor,70000.0
NCCU,North Carolina Central,assistant_professor,87778.0
NCCU,North Carolina Central,lecturer,68185.0
NCCU,North Carolina Central,administrator,123560.0
NCCU,North Carolina Central,assistant_professor,70460.0
NCCU,North Carolina Central,associate_professor,75345.0
NCCU,North Carolina Central,assistant_professor,85350.0
NCCU,North Carolina Central,lecturer,44022.0
NCCU,North Carolina Central,lecturer,43659.0
NCCU,North Carolina Central,assistant_professor,83152.0
NCCU,North Carolina Central,lecturer,46735.0
NCCU,North Carolina Central,lecturer,42022.0
NCCU,North Carolina Central,associate_professor,76927.0
NCCU,North Carolina Central,professor,103060.0
NCCU,North Carolina Central,professor,120605.0
NCCU,North Carolina Central,associate_professor,79345.0
NCCU,North Carolina Central,assistant_professor,65920.0
NCCU,North Carolina Central,administrator,123188.0
NCCU,North Carolina Central,associate_professor,100302.0
NCCU,North Carolina Central,lecturer,63683.0
NCCU,North Carolina Central,assistant_professor,68736.0
NCCU,North Carolina Central,assistant_professor,71593.0
NCCU,North Carolina Central,associate_professor,167656.0
NCCU,North Carolina Central,lecturer,60000.0
NCCU,North Carolina Central,assistant_professor,73866.0
NCCU,North Carolina Central,assistant_professor,75190.0
NCCU,North Carolina Central,professor,164115.0
NCCU,North Carolina Central,professor,184710.0
NCCU,North Carolina Central,professor,88943.0
NCCU,North Carolina Central,assistant_professor,142050.0
NCCU,North Carolina Central,lecturer,59112.0
NCCU,North Carolina Central,associate_professor,61800.0
NCCU,North Carolina Central,associate_professor,73106.0
NCCU,North Carolina Central,assistant_professor,72200.0
NCCU,North Carolina Central,assistant_professor,81663.0
NCCU,North Carolina Central,assistant_professor,70457.0
NCCU,North Carolina Central,associate_professor,97776.0
NCCU,North Carolina Central,professor,112476.0
NCCU,North Carolina Central,assistant_professor,125000.0
NCCU,North Carolina Central,lecturer,84941.0
NCCU,North Carolina Central,lecturer,82143.0
NCCU,North Carolina Central,assistant_professor,77250.0
NCCU,North Carolina Central,associate_professor,86005.0
NCCU,North Carolina Central,professor,82130.0
NCCU,North Carolina Central,associate_professor,90254.0
NCCU,North Carolina Central,associate_professor,111428.0
NCCU,North Carolina Central,associate_professor,111332.0
NCCU,North Carolina Central,assistant_professor,74984.0
NCCU,North Carolina Central,assistant_professor,96594.0
NCCU,North Carolina Central,associate_professor,88640.0
NCCU,North Carolina Central,assistant_professor,70000.0
NCCU,North Carolina Central,professor,91662.0
NCCU,North Carolina Central,assistant_professor,104533.0
NCCU,North Carolina Central,lecturer,47133.0
NCCU,North Carolina Central,assistant_professor,77250.0
NCCU,North Carolina Central,associate_professor,77277.0
NCCU,North Carolina Central,associate_professor,75324.0
NCCU,North Carolina Central,professor,84073.0
NCCU,North Carolina Central,associate_professor,85587.0
NCCU,North Carolina Central,lecturer,59896.0
NCCU,North Carolina Central,associate_professor,142179.0
NCCU,North Carolina Central,associate_professor,113842.0
NCCU,North Carolina Central,professor,59855.0
NCCU,North Carolina Central,lecturer,69549.0
NCCU,North Carolina Central,assistant_professor,73866.0
NCCU,North Carolina Central,associate_professor,96878.0
NCCU,North Carolina Central,associate_professor,128544.0
NCCU,North Carolina Central,professor,145872.0
NCCU,North Carolina Central,associate_professor,107069.0
NCCU,North Carolina Central,professor,157954.0
NCCU,North Carolina Central,assistant_professor,78858.0
NCCU,North Carolina Central,associate_professor,99825.0
NCCU,North Carolina Central,associate_professor,75000.0
NCCU,North Carolina Central,assistant_professor,118450.0
NCCU,North Carolina Central,professor,110855.0
NCCU,North Carolina Central,lecturer,85000.0
NCCU,North Carolina Central,lecturer,60000.0
NCCU,North Carolina Central,assistant_professor,102277.0
NCCU,North Carolina Central,associate_professor,115168.0
NCCU,North Carolina Central,assistant_professor,128750.0
NCCU,North Carolina Central,associate_professor,87548.0
NCCU,North Carolina Central,assistant_professor,76140.0
NCCU,North Carolina Central,assistant_professor,96880.0
NCCU,North Carolina Central,professor,94820.0
NCCU,North Carolina Central,lecturer,76026.0
NCCU,North Carolina Central,professor,94303.0
NCCU,North Carolina Central,assistant_professor,89351.0
NCCU,North Carolina Central,assistant_professor,65000.0
NCCU,North Carolina Central,administrator,100646.0
NCCU,North Carolina Central,assistant_professor,112476.0
NCCU,North Carolina Central,assistant_professor,71500.0
NCCU,North Carolina Central,lecturer,60000.0
NCCU,North Carolina Central,lecturer,44879.0
NCCU,North Carolina Central,professor,88415.0
NCCU,North Carolina Central,associate_professor,76860.0
NCCU,North Carolina Central,professor,85608.0
NCCU,North Carolina Central,assistant_professor,110848.0
NCCU,North Carolina Central,professor,101307.0
NCCU,North Carolina Central,lecturer,44022.0
NCCU,North Carolina Central,lecturer,61800.0
NCCU,North Carolina Central,associate_professor,142342.0
NCCU,North Carolina Central,assistant_professor,65000.0
NCCU,North Carolina Central,professor,97218.0
NCCU,North Carolina Central,professor,133519.0
NCCU,North Carolina Central,professor,152003.0
NCCU,North Carolina Central,assistant_professor,69628.0
NCCU,North Carolina Central,lecturer,82000.0
NCCU,North Carolina Central,assistant_professor,72100.0
NCCU,North Carolina Central,assistant_professor,70000.0
NCCU,North Carolina Central,assistant_professor,65920.0
NCCU,North Carolina Central,lecturer,70019.0
NCCU,North Carolina Central,lecturer,48299.0
NCCU,North Carolina Central,associate_professor,88903.0
NCCU,North Carolina Central,associate_professor,51500.0
NCCU,North Carolina Central,associate_professor,74612.0
NCCU,North Carolina Central,assistant_professor,75190.0
NCCU,North Carolina Central,associate_professor,114603.0
NCCU,North Carolina Central,assistant_professor,117000.0
NCCU,North Carolina Central,professor,124576.0
NCCU,North Carolina Central,lecturer,49275.0
NCCU,North Carolina Central,lecturer,85000.0
NCCU,North Carolina Central,lecturer,51762.0
NCCU,North Carolina Central,lecturer,65000.0
NCCU,North Carolina Central,professor,133984.0
NCCU,North Carolina Central,professor,84716.0
NCCU,North Carolina Central,professor,112917.0
NCCU,North Carolina Central,administrator,170461.0
NCCU,North Carolina Central,assistant_professor,77250.0
NCCU,North Carolina Central,lecturer,76655.0
NCCU,North Carolina Central,lecturer,91620.0
NCCU,North Carolina Central,associate_professor,94744.0
NCCU,North Carolina Central,associate_professor,80340.0
NCCU,North Carolina Central,professor,126268.0
NCCU,North Carolina Central,professor,160831.0
NCCU,North Carolina Central,assistant_professor,71770.0
NCCU,North Carolina Central,assistant_professor,148892.0
NCCU,North Carolina Central,assistant_professor,88738.0
NCCU,North Carolina Central,associate_professor,76509.0
NCCU,North Carolina Central,assistant_professor,68185.0
NCCU,North Carolina Central,assistant_professor,91052.0
NCCU,North Carolina Central,lecturer,53195.38
NCCU,North Carolina Central,lecturer,91428.0
NCCU,North Carolina Central,associate_professor,91001.0
NCCU,North Carolina Central,associate_professor,76508.0
NCCU,North Carolina Central,associate_professor,76293.0
NCCU,North Carolina Central,associate_professor,80049.0
NCCU,North Carolina Central,assistant_professor,75000.0
NCCU,North Carolina Central,administrator,97243.0
NCCU,North Carolina Central,associate_professor,76589.0
NCCU,North Carolina Central,associate_professor,70000.0
NCCU,North Carolina Central,lecturer,50000.0
NCCU,North Carolina Central,lecturer,73542.0
NCCU,North Carolina Central,associate_professor,161776.0
NCCU,North Carolina Central,assistant_professor,71418.0
NCCU,North Carolina Central,associate_professor,76851.0
NCCU,North Carolina Central,assistant_professor,80340.0
NCCU,North Carolina Central,professor,171116.0
NCCU,North Carolina Central,lecturer,58386.0
NCCU,North Carolina Central,assistant_professor,69628.0
NCCU,North Carolina Central,lecturer,65869.0
NCCU,North Carolina Central,lecturer,46793.0
NCCU,North Carolina Central,associate_professor,78977.0
NCCU,North Carolina Central,professor,86256.0
NCCU,North Carolina Central,lecturer,83515.0
NCCU,North Carolina Central,assistant_professor,61000.0
NCCU,North Carolina Central,associate_professor,53620.0
NCCU,North Carolina Central,assistant_professor,89108.0
NCCU,North Carolina Central,assistant_professor,95690.0
NCCU,North Carolina Central,professor,161381.0
NCCU,North Carolina Central,lecturer,50575.0
NCCU,North Carolina Central,lecturer,56433.0
NCCU,North Carolina Central,assistant_professor,83000.0
NCCU,North Carolina Central,associate_professor,152677.0
NCCU,North Carolina Central,lecturer,87503.0
NCCU,North Carolina Central,associate_professor,90448.0
NCCU,North Carolina Central,associate_professor,110518.0
NCCU,North Carolina Central,lecturer,65000.0
NCCU,North Carolina Central,lecturer,77250.0
NCCU,North Carolina Central,associate_professor,117250.0
NCCU,North Carolina Central,associate_professor,85960.0
NCCU,North Carolina Central,professor,130577.0
NCCU,North Carolina Central,associate_professor,88452.0
NCCU,North Carolina Central,assistant_professor,43514.0
NCCU,North Carolina Central,associate_professor,74675.0
NCCU,North Carolina Central,assistant_professor,82180.0
NCCU,North Carolina Central,lecturer,68185.0
NCCU,North Carolina Central,administrator,164800.0
NCCU,North Carolina Central,assistant_professor,102496.0
NCCU,North Carolina Central,assistant_professor,77472.0
NCCU,North Carolina Central,assistant_professor,61903.0
NCCU,North Carolina Central,assistant_professor,66500.0
NCCU,North Carolina Central,professor,117074.0
NCCU,North Carolina Central,lecturer,65869.0
NCCU,North Carolina Central,assistant_professor,55000.0
NCCU,North Carolina Central,associate_professor,88955.0
NCCU,North Carolina Central,associate_professor,51500.0
NCCU,North Carolina Central,assistant_professor,93781.0
NCCU,North Carolina Central,lecturer,66645.0
NCCU,North Carolina Central,professor,94211.0
NCCU,North Carolina Central,associate_professor,87861.0
NCCU,North Carolina Central,lecturer,82500.0
NCCU,North Carolina Central,lecturer,47593.0
NCCU,North Carolina Central,assistant_professor,81754.0
NCCU,North Carolina Central,professor,113045.0
NCCU,North Carolina Central,assistant_professor,76055.0
NCCU,North Carolina Central,assistant_professor,69549.0
NCCU,North Carolina Central,associate_professor,86299.0
NCCU,North Carolina Central,lecturer,47064.0
NCCU,North Carolina Central,professor,147980.0
NCCU,North Carolina Central,assistant_professor,73348.0
NCCU,North Carolina Central,lecturer,65000.0
NCCU,North Carolina Central,professor,117542.0
NCCU,North Carolina Central,lecturer,48768.0
NCCU,North Carolina Central,administrator,139050.0
NCCU,North Carolina Central,assistant_professor,105000.0
NCCU,North Carolina Central,associate_professor,195009.0
NCCU,North Carolina Central,assistant_professor,77250.0
NCCU,North Carolina Central,lecturer,52926.0
NCCU,North Carolina Central,professor,97099.0
NCCU,North Carolina Central,associate_professor,92664.0
NCCU,North Carolina Central,associate_professor,88695.0
NCCU,North Carolina Central,associate_professor,79345.0
NCCU,North Carolina Central,lecturer,60978.0
NCCU,North Carolina Central,assistant_professor,98753.0
NCCU,North Carolina Central,associate_professor,98811.0
NCCU,North Carolina Central,assistant_professor,128000.0
NCCU,North Carolina Central,associate_professor,157937.0
NCCU,North Carolina Central,associate_professor,83512.0
NCCU,North Carolina Central,professor,108951.0
NCCU,North Carolina Central,assistant_professor,110050.0
NCCU,North Carolina Central,lecturer,65912.0
NCCU,North Carolina Central,associate_professor,168084.0
NCCU,North Carolina Central,lecturer,49678.0
NCCU,North Carolina Central,associate_professor,80340.0
NCCU,North Carolina Central,assistant_professor,80000.0
NCCU,North Carolina Central,lecturer,58389.0
NCCU,North Carolina Central,professor,164270.0
NCCU,North Carolina Central,associate_professor,93202.0
NCCU,North Carolina Central,lecturer,85000.0
NCCU,North Carolina Central,assistant_professor,76140.0
NCCU,North Carolina Central,professor,86737.5
NCCU,North Carolina Central,lecturer,85284.0
NCCU,North Carolina Central,associate_professor,81919.0
NCCU,North Carolina Central,associate_professor,50642.0
NCCU,North Carolina Central,lecturer,48785.0
NCCU,North Carolina Central,administrator,244000.0
NCCU,North Carolina Central,professor,86395.0
NCCU,North Carolina Central,lecturer,48220.0
NCCU,North Carolina Central,professor,93808.0
NCCU,North Carolina Central,professor,133875.0
NCCU,North Carolina Central,associate_professor,106277.0
NCCU,North Carolina Central,professor,93827.0
NCCU,North Carolina Central,associate_professor,92049.0
NCCU,North Carolina Central,professor,149048.0
NCCU,North Carolina Central,professor,142532.0
NCCU,North Carolina Central,associate_professor,81403.0
NCCU,North Carolina Central,professor,96693.0
NCCU,North Carolina Central,assistant_professor,71593.0
NCCU,North Carolina Central,professor,160826.0
NCSU,NC State,professor,118582.0
NCSU,NC State,associate_professor,122344.0
NCSU,NC State,professor,148841.0
NCSU,NC State,professor,84872.0
NCSU,NC State,professor,229219.0
NCSU,NC State,assistant_professor,90640.0
NCSU,NC State,associate_professor,113300.0
NCSU,NC State,assistant_professor,78000.0
NCSU,NC State,lecturer,92700.0
NCSU,NC State,professor,118791.0
NCSU,NC State,associate_professor,136990.0
NCSU,NC State,assistant_professor,131000.0
NCSU,NC State,associate_professor,132119.0
NCSU,NC State,assistant_professor,104104.0
NCSU,NC State,lecturer,46350.0
NCSU,NC State,associate_professor,117398.0
NCSU,NC State,assistant_professor,91600.0
NCSU,NC State,associate_professor,104645.0
NCSU,NC State,lecturer,66950.0
NCSU,NC State,assistant_professor,93966.0
NCSU,NC State,professor,143745.0
NCSU,NC State,professor,232583.0
NCSU,NC State,professor,190160.0
NCSU,NC State,professor,145321.0
NCSU,NC State,assistant_professor,74160.0
NCSU,NC State,professor,212441.0
NCSU,NC State,assistant_professor,77000.0
NCSU,NC State,professor,116769.0
NCSU,NC State,assistant_professor,85000.0
NCSU,NC State,associate_professor,93899.0
NCSU,NC State,professor,125669.0
NCSU,NC State,administrator,357969.0
NCSU,NC State,assistant_professor,108856.0
NCSU,NC State,professor,145712.0
NCSU,NC State,assistant_professor,82958.0
NCSU,NC State,professor,180250.0
NCSU,NC State,professor,163463.0
NCSU,NC State,professor,113884.0
NCSU,NC State,professor,201472.0
NCSU,NC State,professor,186843.0
NCSU,NC State,assistant_professor,73000.0
NCSU,NC State,lecturer,70000.0
NCSU,NC State,administrator,527647.0
NCSU,NC State,professor,126766.0
NCSU,NC State,associate_professor,98730.0
NCSU,NC State,assistant_professor,96456.0
NCSU,NC State,professor,133900.0
NCSU,NC State,assistant_professor,149350.0
NCSU,NC State,professor,203528.0
NCSU,NC State,professor,117334.0
NCSU,NC State,associate_professor,87069.0
NCSU,NC State,lecturer,102288.0
NCSU,NC State,associate_professor,111541.0
NCSU,NC State,professor,81683.0
NCSU,NC State,administrator,180250.0
NCSU,NC State,professor,163186.0
NCSU,NC State,professor,130687.0
NCSU,NC State,assistant_professor,104428.0
NCSU,NC State,professor,180110.0
NCSU,NC State,associate_professor,107000.0
NCSU,NC State,associate_professor,138403.0
NCSU,NC State,associate_professor,99336.0
NCSU,NC State,associate_professor,145656.0
NCSU,NC State,associate_professor,118130.0
NCSU,NC State,professor,246638.0
NCSU,NC State,assistant_professor,145000.0
NCSU,NC State,assistant_professor,102544.0
NCSU,NC State,lecturer,65000.0
NCSU,NC State,professor,150200.0
NCSU,NC State,assistant_professor,109262.0
NCSU,NC State,associate_professor,131255.0
NCSU,NC State,assistant_professor,64272.0
NCSU,NC State,assistant_professor,85230.0
NCSU,NC State,assistant_professor,96810.0
NCSU,NC State,assistant_professor,106976.0
NCSU,NC State,assistant_professor,61699.0
NCSU,NC State,assistant_professor,108150.0
NCSU,NC State,assistant_professor,129615.0
NCSU,NC State,professor,219596.0
NCSU,NC State,professor,157128.0
NCSU,NC State,professor,160749.0
NCSU,NC State,associate_professor,101543.0
NCSU,NC State,associate_professor,138549.0
NCSU,NC State,administrator,159380.0
NCSU,NC State,professor,187069.0
NCSU,NC State,professor,150255.0
NCSU,NC State,professor,172000.0
NCSU,NC State,assistant_professor,66000.0
NCSU,NC State,lecturer,67644.0
NCSU,NC State,professor,277728.0
NCSU,NC State,associate_professor,132710.0
NCSU,NC State,administrator,203528.0
NCSU,NC State,assistant_professor,78412.0
NCSU,NC State,professor,217272.0
NCSU,NC State,professor,136809.0
NCSU,NC State,professor,150987.0
NCSU,NC State,professor,115965.0
NCSU,NC State,professor,116768.0
NCSU,NC State,assistant_professor,114538.0
NCSU,NC State,assistant_professor,100940.0
NCSU,NC State,assistant_professor,93730.0
NCSU,NC State,professor,126033.0
NCSU,NC State,associate_professor,45960.0
NCSU,NC State,professor,145650.0
NCSU,NC State,professor,182063.0
NCSU,NC State,associate_professor,93034.0
NCSU,NC State,assistant_professor,61699.0
NCSU,NC State,professor,312186.0
NCSU,NC State,lecturer,37306.0
NCSU,NC State,lecturer,49891.0
NCSU,NC State,assistant_professor,56000.0
NCSU,NC State,associate_professor,141923.0
NCSU,NC State,lecturer,80628.0
NCSU,NC State,professor,84732.0
NCSU,NC State,assistant_professor,87838.0
NCSU,NC State,assistant_professor,82500.0
NCSU,NC State,associate_professor,120461.0
NCSU,NC State,professor,130568.0
NCSU,NC State,associate_professor,80442.0
NCSU,NC State,associate_professor,180000.0
NCSU,NC State,professor,155869.0
NCSU,NC State,professor,79254.0
NCSU,NC State,lecturer,33756.0
NCSU,NC State,professor,168920.0
NCSU,NC State,assistant_professor,140000.0
NCSU,NC State,assistant_professor,97850.0
NCSU,NC State,assistant_professor,136369.0
NCSU,NC State,associate_professor,79445.0
NCSU,NC State,professor,111825.0
NCSU,NC State,assistant_professor,128331.0
NCSU,NC State,professor,145650.0
NCSU,NC State,professor,204763.0
NCSU,NC State,assistant_professor,78989.0
NCSU,NC State,lecturer,48139.0
NCSU,NC State,professor,141694.0
NCSU,NC State,assistant_professor,99782.0
NCSU,NC State,assistant_professor,87000.0
NCSU,NC State,professor,195224.0
NCSU,NC State,lecturer,62571.0
NCSU,NC State,associate_professor,144612.0
NCSU,NC State,associate_professor,145000.0
NCSU,NC State,associate_professor,97216.0
NCSU,NC State,assistant_professor,69629.0
NCSU,NC State,professor,129136.0
NCSU,NC State,professor,145137.0
NCSU,NC State,professor,173031.0
NCSU,NC State,professor,148223.0
NCSU,NC State,assistant_professor,95000.0
NCSU,NC State,professor,123836.0
NCSU,NC State,professor,165500.0
NCSU,NC State,professor,149154.0
NCSU,NC State,professor,156856.0
NCSU,NC State,professor,151959.0
NCSU,NC State,professor,208920.0
NCSU,NC State,associate_professor,112161.0
NCSU,NC State,associate_professor,112724.0
NCSU,NC State,professor,136107.0
NCSU,NC State,assistant_professor,80340.0
NCSU,NC State,professor,160680.0
NCSU,NC State,associate_professor,105614.0
NCSU,NC State,professor,112783.0
NCSU,NC State,professor,139959.0
NCSU,NC State,associate_professor,92700.0
NCSU,NC State,associate_professor,89561.0
NCSU,NC State,professor,166891.0
NCSU,NC State,lecturer,54204.0
NCSU,NC State,associate_professor,150574.0
NCSU,NC State,professor,153730.0
NCSU,NC State,professor,116598.0
NCSU,NC State,professor,144612.0
NCSU,NC State,lecturer,49741.0
NCSU,NC State,associate_professor,106003.0
NCSU,NC State,professor,147572.0
NCSU,NC State,lecturer,61423.0
NCSU,NC State,assistant_professor,87000.0
NCSU,NC State,professor,205969.0
NCSU,NC State,administrator,200000.0
NCSU,NC State,assistant_professor,43289.0
NCSU,NC State,associate_professor,168244.0
NCSU,NC State,professor,180509.0
NCSU,NC State,professor,200838.0
NCSU,NC State,professor,128646.0
NCSU,NC State,associate_professor,167000.0
NCSU,NC State,professor,133543.0
NCSU,NC State,assistant_professor,97850.0
NCSU,NC State,associate_professor,77865.0
NCSU,NC State,lecturer,79777.0
NCSU,NC State,associate_professor,116875.0
NCSU,NC State,lecturer,45000.0
NCSU,NC State,professor,200838.0
NCSU,NC State,assistant_professor,82000.0
NCSU,NC State,assistant_professor,105060.0
NCSU,NC State,professor,311795.0
NCSU,NC State,assistant_professor,85000.0
NCSU,NC State,professor,209399.0
NCSU,NC State,professor,288491.0
NCSU,NC State,assistant_professor,54000.0
NCSU,NC State,associate_professor,61230.0
NCSU,NC State,professor,118450.0
NCSU,NC State,professor,231636.0
NCSU,NC State,associate_professor,92078.0
NCSU,NC State,associate_professor,64306.0
NCSU,NC State,professor,130540.0
NCSU,NC State,lecturer,37384.0
NCSU,NC State,assistant_professor,88000.0
NCSU,NC State,assistant_professor,92000.0
NCSU,NC State,associate_professor,153674.0
NCSU,NC State,lecturer,54204.0
NCSU,NC State,professor,129534.0
NCSU,NC State,associate_professor,108478.0
NCSU,NC State,professor,117964.0
NCSU,NC State,associate_professor,111778.0
NCSU,NC State,professor,143807.0
NCSU,NC State,professor,129959.0
NCSU,NC State,professor,158815.0
NCSU,NC State,administrator,397743.0
NCSU,NC State,assistant_professor,84260.0
NCSU,NC State,professor,148137.0
NCSU,NC State,assistant_professor,106981.0
NCSU,NC State,professor,139816.0
NCSU,NC State,associate_professor,94482.0
NCSU,NC State,lecturer,54326.0
NCSU,NC State,associate_professor,124123.0
NCSU,NC State,professor,128964.0
NCSU,NC State,assistant_professor,231750.0
NCSU,NC State,professor,107413.0
NCSU,NC State,associate_professor,156010.0
NCSU,NC State,professor,192061.0
NCSU,NC State,professor,134158.0
NCSU,NC State,lecturer,65761.0
NCSU,NC State,associate_professor,119527.0
NCSU,NC State,professor,107869.0
NCSU,NC State,administrator,127444.0
NCSU,NC State,assistant_professor,88000.0
NCSU,NC State,professor,123836.0
NCSU,NC State,associate_professor,99562.0
NCSU,NC State,professor,165158.0
NCSU,NC State,professor,133821.0
NCSU,NC State,professor,120000.0
NCSU,NC State,assistant_professor,87787.0
NCSU,NC State,associate_professor,123471.0
NCSU,NC State,associate_professor,109351.0
NCSU,NC State,professor,132350.0
NCSU,NC State,professor,134200.0
NCSU,NC State,associate_professor,58858.0
NCSU,NC State,associate_professor,155165.0
NCSU,NC State,lecturer,65042.0
NCSU,NC State,lecturer,48139.0
NCSU,NC State,professor,93936.0
NCSU,NC State,assistant_professor,96408.0
NCSU,NC State,professor,267056.0
NCSU,NC State,associate_professor,187507.0
NCSU,NC State,assistant_professor,104217.0
NCSU,NC State,associate_professor,103589.0
NCSU,NC State,professor,154162.0
NCSU,NC State,professor,310333.0
NCSU,NC State,assistant_professor,94266.0
NCSU,NC State,lecturer,121540.0
NCSU,NC State,professor,288289.0
NCSU,NC State,lecturer,48139.0
NCSU,NC State,professor,186178.0
NCSU,NC State,associate_professor,92733.0
NCSU,NC State,lecturer,48098.0
NCSU,NC State,professor,144130.0
NCSU,NC State,assistant_professor,105060.0
NCSU,NC State,assistant_professor,43363.0
NCSU,NC State,assistant_professor,73000.0
NCSU,NC State,assistant_professor,75000.0
NCSU,NC State,assistant_professor,96408.0
NCSU,NC State,professor,114488.0
NCSU,NC State,professor,228678.0
NCSU,NC State,assistant_professor,86520.0
NCSU,NC State,associate_professor,115347.0
NCSU,NC State,associate_professor,90838.0
NCSU,NC State,professor,149350.0
NCSU,NC State,associate_professor,115195.0
NCSU,NC State,assistant_professor,135816.0
NCSU,NC State,assistant_professor,128544.0
NCSU,NC State,professor,170351.0
NCSU,NC State,professor,143912.0
NCSU,NC State,professor,168034.0
NCSU,NC State,professor,171810.0
NCSU,NC State,administrator,163002.0
NCSU,NC State,assistant_professor,86000.0
NCSU,NC State,assistant_professor,94000.0
NCSU,NC State,assistant_professor,103000.0
NCSU,NC State,assistant_professor,105060.0
NCSU,NC State,associate_professor,136990.0
NCSU,NC State,administrator,299936.0
NCSU,NC State,assistant_professor,115483.0
NCSU,NC State,associate_professor,126483.0
NCSU,NC State,assistant_professor,87410.0
NCSU,NC State,associate_professor,102390.0
NCSU,NC State,assistant_professor,99000.0
NCSU,NC State,lecturer,52489.0
NCSU,NC State,professor,200838.0
NCSU,NC State,professor,145999.0
NCSU,NC State,associate_professor,103083.0
NCSU,NC State,associate_professor,90640.0
NCSU,NC State,professor,254999.0
NCSU,NC State,associate_professor,140000.0
NCSU,NC State,professor,196384.0
NCSU,NC State,assistant_professor,71367.0
NCSU,NC State,associate_professor,144130.0
NCSU,NC State,assistant_professor,70699.0
NCSU,NC State,professor,165465.0
NCSU,NC State,assistant_professor,87550.0
NCSU,NC State,administrator,192816.0
NCSU,NC State,assistant_professor,87550.0
NCSU,NC State,assistant_professor,96408.0
NCSU,NC State,assistant_professor,99782.0
NCSU,NC State,professor,176823.0
NCSU,NC State,assistant_professor,103000.0
NCSU,NC State,professor,149968.0
NCSU,NC State,assistant_professor,76000.0
NCSU,NC State,professor,232430.0
NCSU,NC State,assistant_professor,236900.0
NCSU,NC State,professor,136536.0
NCSU,NC State,assistant_professor,57680.0
NCSU,NC State,professor,158546.0
NCSU,NC State,lecturer,48139.0
NCSU,NC State,lecturer,65920.0
NCSU,NC State,assistant_professor,87550.0
NCSU,NC State,assistant_professor,108150.0
NCSU,NC State,lecturer,54206.0
NCSU,NC State,professor,144612.0
NCSU,NC State,assistant_professor,57000.0
NCSU,NC State,professor,148223.0
NCSU,NC State,assistant_professor,130000.0
NCSU,NC State,professor,115210.0
NCSU,NC State,professor,157767.0
NCSU,NC State,professor,135005.0
NCSU,NC State,assistant_professor,106434.0
NCSU,NC State,professor,236442.0
NCSU,NC State,professor,126809.0
NCSU,NC State,professor,134000.0
NCSU,NC State,assistant_professor,74722.0
NCSU,NC State,professor,141333.0
NCSU,NC State,associate_professor,107356.0
NCSU,NC State,professor,123714.0
NCSU,NC State,professor,110633.0
NCSU,NC State,professor,163305.0
NCSU,NC State,assistant_professor,149968.0
NCSU,NC State,professor,112177.0
NCSU,NC State,associate_professor,111861.0
NCSU,NC State,professor,90000.0
NCSU,NC State,professor,211288.0
NCSU,NC State,associate_professor,100609.0
NCSU,NC State,administrator,243000.0
NCSU,NC State,professor,181285.0
NCSU,NC State,assistant_professor,134669.0
NCSU,NC State,associate_professor,122306.0
NCSU,NC State,associate_professor,88961.0
NCSU,NC State,professor,123868.0
NCSU,NC State,administrator,229690.0
NCSU,NC State,professor,125796.0
NCSU,NC State,lecturer,49891.0
NCSU,NC State,professor,194964.0
NCSU,NC State,professor,140160.0
NCSU,NC State,associate_professor,135000.0
NCSU,NC State,associate_professor,88300.0
NCSU,NC State,assistant_professor,102835.0
NCSU,NC State,associate_professor,114330.0
NCSU,NC State,associate_professor,102728.0
NCSU,NC State,associate_professor,160680.0
NCSU,NC State,professor,152443.0
NCSU,NC State,lecturer,82400.0
NCSU,NC State,associate_professor,110000.0
NCSU,NC State,administrator,140326.0
NCSU,NC State,professor,160000.0
NCSU,NC State,professor,139225.0
NCSU,NC State,administrator,319209.0
NCSU,NC State,associate_professor,87919.0
NCSU,NC State,associate_professor,139306.0
NCSU,NC State,lecturer,70957.0
NCSU,NC State,professor,241582.0
NCSU,NC State,assistant_professor,95000.0
NCSU,NC State,associate_professor,109930.0
NCSU,NC State,professor,107930.0
NCSU,NC State,associate_professor,137005.0
NCSU,NC State,professor,148398.0
NCSU,NC State,professor,128746.0
NCSU,NC State,associate_professor,106360.0
NCSU,NC State,associate_professor,99345.0
NCSU,NC State,assistant_professor,57513.0
NCSU,NC State,professor,166036.0
NCSU,NC State,professor,123386.0
NCSU,NC State,professor,182083.0
NCSU,NC State,lecturer,53998.0
NCSU,NC State,assistant_professor,86935.0
NCSU,NC State,professor,155749.0
NCSU,NC State,lecturer,56613.0
NCSU,NC State,associate_professor,97434.0
NCSU,NC State,associate_professor,130000.0
NCSU,NC State,lecturer,63996.0
NCSU,NC State,associate_professor,92452.0
NCSU,NC State,associate_professor,98514.0
NCSU,NC State,associate_professor,178630.0
NCSU,NC State,lecturer,72730.0
NCSU,NC State,professor,204922.0
NCSU,NC State,associate_professor,94215.0
NCSU,NC State,associate_professor,90818.0
NCSU,NC State,lecturer,54104.0
NCSU,NC State,lecturer,50000.0
NCSU,NC State,professor,165792.0
NCSU,NC State,lecturer,39681.0
NCSU,NC State,associate_professor,136475.0
NCSU,NC State,professor,190142.0
NCSU,NC State,associate_professor,110812.0
NCSU,NC State,professor,149351.0
NCSU,NC State,assistant_professor,76220.0
NCSU,NC State,professor,120126.0
NCSU,NC State,professor,208477.0
NCSU,NC State,professor,247738.0
NCSU,NC State,professor,112377.0
NCSU,NC State,associate_professor,129126.0
NCSU,NC State,professor,240819.0
NCSU,NC State,assistant_professor,55000.0
NCSU,NC State,associate_professor,79203.0
NCSU,NC State,associate_professor,108051.0
NCSU,NC State,lecturer,45000.0
NCSU,NC State,associate_professor,114083.0
NCSU,NC State,professor,144363.0
NCSU,NC State,professor,185400.0
NCSU,NC State,assistant_professor,91000.0
NCSU,NC State,professor,133094.0
NCSU,NC State,professor,147344.0
NCSU,NC State,associate_professor,108491.0
NCSU,NC State,lecturer,99782.0
NCSU,NC State,professor,107870.0
NCSU,NC State,professor,123435.0
NCSU,NC State,professor,110269.0
NCSU,NC State,professor,140120.0
NCSU,NC State,administrator,248422.0
NCSU,NC State,professor,108789.0
NCSU,NC State,professor,149337.0
NCSU,NC State,assistant_professor,80000.0
NCSU,NC State,professor,133378.0
NCSU,NC State,administrator,271442.0
NCSU,NC State,associate_professor,107385.0
NCSU,NC State,assistant_professor,98807.0
NCSU,NC State,assistant_professor,104978.0
NCSU,NC State,professor,198191.0
NCSU,NC State,professor,173761.0
NCSU,NC State,assistant_professor,57680.0
NCSU,NC State,professor,146471.0
NCSU,NC State,professor,135996.0
NCSU,NC State,assistant_professor,56318.0
NCSU,NC State,associate_professor,172821.0
NCSU,NC State,assistant_professor,115000.0
NCSU,NC State,associate_professor,101363.0
NCSU,NC State,professor,169131.0
NCSU,NC State,associate_professor,78740.0
NCSU,NC State,professor,136126.0
NCSU,NC State,professor,111369.0
NCSU,NC State,assistant_professor,96408.0
NCSU,NC State,associate_professor,61181.0
NCSU,NC State,professor,127522.0
NCSU,NC State,professor,204835.0
NCSU,NC State,professor,121362.0
NCSU,NC State,associate_professor,131695.0
NCSU,NC State,professor,129610.0
NCSU,NC State,assistant_professor,107953.0
NCSU,NC State,professor,150959.0
NCSU,NC State,professor,265241.0
NCSU,NC State,professor,136984.0
NCSU,NC State,lecturer,63000.0
NCSU,NC State,associate_professor,109706.0
NCSU,NC State,associate_professor,114395.0
NCSU,NC State,professor,290616.0
NCSU,NC State,assistant_professor,84094.0
NCSU,NC State,administrator,195000.0
NCSU,NC State,associate_professor,138109.0
NCSU,NC State,lecturer,54111.0
NCSU,NC State,assistant_professor,96408.0
NCSU,NC State,professor,191024.0
NCSU,NC State,professor,119323.0
NCSU,NC State,associate_professor,91763.0
NCSU,NC State,professor,99163.0
NCSU,NC State,assistant_professor,105000.0
NCSU,NC State,assistant_professor,105060.0
NCSU,NC State,associate_professor,104799.0
NCSU,NC State,associate_professor,93108.0
NCSU,NC State,lecturer,86790.0
NCSU,NC State,assistant_professor,111933.0
NCSU,NC State,assistant_professor,95696.0
NCSU,NC State,associate_professor,130810.0
NCSU,NC State,associate_professor,87586.0
NCSU,NC State,professor,166036.0
NCSU,NC State,lecturer,40653.0
NCSU,NC State,professor,148928.0
NCSU,NC State,lecturer,53139.0
NCSU,NC State,associate_professor,95889.0
NCSU,NC State,professor,137000.0
NCSU,NC State,assistant_professor,70500.0
NCSU,NC State,associate_professor,109176.0
NCSU,NC State,associate_professor,87259.0
NCSU,NC State,professor,224663.0
NCSU,NC State,professor,150864.0
NCSU,NC State,associate_professor,60594.0
NCSU,NC State,assistant_professor,107770.0
NCSU,NC State,associate_professor,109294.0
NCSU,NC State,professor,160000.0
NCSU,NC State,assistant_professor,123600.0
NCSU,NC State,professor,89842.0
NCSU,NC State,professor,178654.0
NCSU,NC State,lecturer,96498.0
NCSU,NC State,professor,241579.0
NCSU,NC State,professor,112714.0
NCSU,NC State,associate_professor,95257.0
NCSU,NC State,professor,189525.0
NCSU,NC State,professor,120915.0
NCSU,NC State,professor,131365.0
NCSU,NC State,professor,110269.0
NCSU,NC State,assistant_professor,82000.0
NCSU,NC State,associate_professor,119985.0
NCSU,NC State,professor,49107.0
NCSU,NC State,professor,150223.0
NCSU,NC State,associate_professor,97016.0
NCSU,NC State,professor,138931.0
NCSU,NC State,professor,97729.0
NCSU,NC State,assistant_professor,71500.0
NCSU,NC State,assistant_professor,94760.0
NCSU,NC State,assistant_professor,150000.0
NCSU,NC State,associate_professor,104892.0
NCSU,NC State,associate_professor,61181.0
NCSU,NC State,lecturer,45000.0
NCSU,NC State,associate_professor,117810.0
NCSU,NC State,assistant_professor,144200.0
NCSU,NC State,associate_professor,101205.0
NCSU,NC State,associate_professor,87892.0
NCSU,NC State,professor,162000.0
NCSU,NC State,professor,155041.0
NCSU,NC State,professor,173103.0
NCSU,NC State,professor,165475.0
NCSU,NC State,administrator,300012.0
NCSU,NC State,assistant_professor,176143.0
NCSU,NC State,associate_professor,112454.0
NCSU,NC State,associate_professor,86824.0
NCSU,NC State,assistant_professor,57680.0
NCSU,NC State,associate_professor,119058.0
NCSU,NC State,assistant_professor,78000.0
NCSU,NC State,associate_professor,106680.0
NCSU,NC State,professor,46835.0
NCSU,NC State,professor,186021.0
NCSU,NC State,professor,133242.0
NCSU,NC State,assistant_professor,72842.0
NCSU,NC State,professor,128750.0
NCSU,NC State,professor,153897.0
NCSU,NC State,administrator,345050.0
NCSU,NC State,lecturer,79548.0
NCSU,NC State,professor,151224.0
NCSU,NC State,professor,189681.0
NCSU,NC State,assistant_professor,69629.0
NCSU,NC State,professor,158491.0
NCSU,NC State,professor,208700.0
NCSU,NC State,professor,116390.0
NCSU,NC State,associate_professor,175000.0
NCSU,NC State,associate_professor,45885.0
NCSU,NC State,administrator,270000.0
NCSU,NC State,professor,117602.0
NCSU,NC State,assistant_professor,96000.0
NCSU,NC State,professor,139751.0
NCSU,NC State,lecturer,36060.0
NCSU,NC State,assistant_professor,84327.0
NCSU,NC State,professor,214796.0
NCSU,NC State,professor,210378.0
NCSU,NC State,lecturer,95000.0
NCSU,NC State,associate_professor,90836.0
NCSU,NC State,professor,110749.0
NCSU,NC State,professor,166036.0
NCSU,NC State,associate_professor,142050.0
NCSU,NC State,assistant_professor,99782.0
NCSU,NC State,assistant_professor,72000.0
NCSU,NC State,assistant_professor,74018.0
NCSU,NC State,professor,118450.0
NCSU,NC State,lecturer,54104.0
NCSU,NC State,professor,135534.0
NCSU,NC State,assistant_professor,69500.0
NCSU,NC State,professor,143098.0
NCSU,NC State,assistant_professor,144612.0
NCSU,NC State,professor,216300.0
NCSU,NC State,professor,140709.0
NCSU,NC State,assistant_professor,70000.0
NCSU,NC State,assistant_professor,127920.0
NCSU,NC State,associate_professor,119000.0
NCSU,NC State,professor,122238.0
NCSU,NC State,associate_professor,112385.0
NCSU,NC State,professor,105374.0
NCSU,NC State,associate_professor,122666.0
NCSU,NC State,professor,99310.0
NCSU,NC State,professor,104404.0
NCSU,NC State,professor,111028.0
NCSU,NC State,assistant_professor,82340.0
NCSU,NC State,associate_professor,85160.0
NCSU,NC State,professor,120892.0
NCSU,NC State,assistant_professor,96408.0
NCSU,NC State,associate_professor,88580.0
NCSU,NC State,professor,132810.0
NCSU,NC State,lecturer,56779.0
NCSU,NC State,assistant_professor,58184.0
NCSU,NC State,professor,144950.0
NCSU,NC State,professor,214570.0
NCSU,NC State,assistant_professor,97850.0
NCSU,NC State,assistant_professor,95000.0
NCSU,NC State,professor,193271.0
NCSU,NC State,professor,157325.0
NCSU,NC State,professor,209425.0
NCSU,NC State,professor,310648.0
NCSU,NC State,assistant_professor,77000.0
NCSU,NC State,professor,189706.0
NCSU,NC State,professor,133900.0
NCSU,NC State,professor,249000.0
NCSU,NC State,associate_professor,89786.0
NCSU,NC State,professor,124606.0
NCSU,NC State,professor,182080.0
NCSU,NC State,associate_professor,130000.0
NCSU,NC State,lecturer,52489.0
NCSU,NC State,assistant_professor,62549.0
NCSU,NC State,professor,155324.0
NCSU,NC State,assistant_professor,108052.0
NCSU,NC State,assistant_professor,94000.0
NCSU,NC State,professor,148219.0
NCSU,NC State,professor,302522.0
NCSU,NC State,professor,112960.0
NCSU,NC State,assistant_professor,90343.0
NCSU,NC State,professor,139226.0
NCSU,NC State,professor,196672.0
NCSU,NC State,associate_professor,119526.0
NCSU,NC State,associate_professor,158650.0
NCSU,NC State,assistant_professor,146000.0
NCSU,NC State,professor,118961.0
NCSU,NC State,professor,224692.0
NCSU,NC State,professor,136613.0
NCSU,NC State,professor,184130.0
NCSU,NC State,professor,152824.0
NCSU,NC State,professor,112628.0
NCSU,NC State,professor,119323.0
NCSU,NC State,associate_professor,87550.0
NCSU,NC State,professor,147443.0
NCSU,NC State,associate_professor,108227.0
NCSU,NC State,associate_professor,130389.0
NCSU,NC State,associate_professor,116008.0
NCSU,NC State,lecturer,48184.0
NCSU,NC State,assistant_professor,95000.0
NCSU,NC State,professor,206075.0
NCSU,NC State,assistant_professor,87550.0
NCSU,NC State,lecturer,54228.0
NCSU,NC State,associate_professor,115802.0
NCSU,NC State,associate_professor,137311.0
NCSU,NC State,associate_professor,121764.0
NCSU,NC State,assistant_professor,57762.0
NCSU,NC State,associate_professor,61223.0
NCSU,NC State,professor,127023.0
NCSU,NC State,assistant_professor,136990.0
NCSU,NC State,administrator,198043.0
NCSU,NC State,assistant_professor,111965.0
NCSU,NC State,professor,145650.0
NCSU,NC State,associate_professor,99981.0
NCSU,NC State,assistant_professor,63071.0
NCSU,NC State,professor,140265.0
NCSU,NC State,professor,140458.0
NCSU,NC State,professor,131943.0
NCSU,NC State,professor,136714.0
NCSU,NC State,assistant_professor,85597.0
NCSU,NC State,associate_professor,158966.0
NCSU,NC State,associate_professor,104003.0
NCSU,NC State,professor,206506.0
NCSU,NC State,professor,177343.0
NCSU,NC State,lecturer,48139.0
NCSU,NC State,associate_professor,141358.0
NCSU,NC State,professor,116761.0
NCSU,NC State,lecturer,73866.0
NCSU,NC State,professor,145650.0
NCSU,NC State,assistant_professor,102277.0
NCSU,NC State,assistant_professor,106679.0
NCSU,NC State,associate_professor,147290.0
NCSU,NC State,associate_professor,146484.0
NCSU,NC State,professor,130443.0
NCSU,NC State,assistant_professor,90000.0
NCSU,NC State,professor,140220.0
NCSU,NC State,assistant_professor,192816.0
NCSU,NC State,associate_professor,160680.0
NCSU,NC State,professor,166036.0
NCSU,NC State,professor,120467.0
NCSU,NC State,associate_professor,147734.0
NCSU,NC State,associate_professor,135000.0
NCSU,NC State,associate_professor,135000.0
NCSU,NC State,assistant_professor,136369.0
NCSU,NC State,professor,159089.0
NCSU,NC State,assistant_professor,114618.0
NCSU,NC State,assistant_professor,77001.0
NCSU,NC State,professor,123362.0
NCSU,NC State,lecturer,48139.0
NCSU,NC State,professor,154626.0
NCSU,NC State,professor,160612.0
NCSU,NC State,associate_professor,122665.0
NCSU,NC State,professor,149350.0
NCSU,NC State,associate_professor,126483.0
NCSU,NC State,assistant_professor,113642.0
NCSU,NC State,professor,251916.0
NCSU,NC State,assistant_professor,101887.0
NCSU,NC State,professor,154336.0
NCSU,NC State,professor,127029.0
NCSU,NC State,assistant_professor,146348.0
NCSU,NC State,associate_professor,84674.0
NCSU,NC State,assistant_professor,101764.0
NCSU,NC State,lecturer,80000.0
NCSU,NC State,associate_professor,124259.0
NCSU,NC State,professor,145272.0
NCSU,NC State,professor,304520.0
NCSU,NC State,professor,222031.0
NCSU,NC State,associate_professor,151768.0
NCSU,NC State,associate_professor,137673.0
NCSU,NC State,assistant_professor,92700.0
NCSU,NC State,professor,125726.0
NCSU,NC State,associate_professor,115713.0
NCSU,NC State,lecturer,56672.0
NCSU,NC State,professor,173022.0
NCSU,NC State,assistant_professor,136930.0
NCSU,NC State,administrator,261374.0
NCSU,NC State,associate_professor,62451.0
NCSU,NC State,associate_professor,138549.0
NCSU,NC State,associate_professor,180000.0
NCSU,NC State,professor,128335.0
NCSU,NC State,assistant_professor,49600.0
NCSU,NC State,professor,168506.0
NCSU,NC State,professor,215040.0
NCSU,NC State,assistant_professor,86830.0
NCSU,NC State,professor,153466.0
NCSU,NC State,professor,119169.0
NCSU,NC State,professor,145650.0
NCSU,NC State,assistant_professor,145000.0
NCSU,NC State,professor,162353.0
NCSU,NC State,professor,165180.0
NCSU,NC State,professor,146854.0
NCSU,NC State,professor,227000.0
NCSU,NC State,lecturer,54152.0
NCSU,NC State,associate_professor,131592.0
NCSU,NC State,administrator,165000.0
NCSU,NC State,associate_professor,149968.0
NCSU,NC State,professor,194347.0
NCSU,NC State,assistant_professor,90913.0
NCSU,NC State,professor,184826.0
NCSU,NC State,professor,133315.0
NCSU,NC State,professor,146281.0
NCSU,NC State,professor,299550.0
NCSU,NC State,professor,112476.0
NCSU,NC State,lecturer,114445.0
NCSU,NC State,associate_professor,64261.0
NCSU,NC State,assistant_professor,105060.0
NCSU,NC State,professor,141499.0
NCSU,NC State,lecturer,52097.0
NCSU,NC State,professor,214745.0
NCSU,NC State,professor,175000.0
NCSU,NC State,lecturer,49891.0
NCSU,NC State,assistant_professor,55620.0
NCSU,NC State,associate_professor,154500.0
NCSU,NC State,assistant_professor,149968.0
NCSU,NC State,associate_professor,155000.0
NCSU,NC State,assistant_professor,99086.0
NCSU,NC State,associate_professor,107462.0
NCSU,NC State,associate_professor,136976.0
NCSU,NC State,assistant_professor,54000.0
NCSU,NC State,assistant_professor,147734.0
NCSU,NC State,associate_professor,149391.0
NCSU,NC State,professor,68117.0
NCSU,NC State,professor,156426.0
NCSU,NC State,assistant_professor,84460.0
NCSU,NC State,administrator,309577.0
NCSU,NC State,professor,119828.0
NCSU,NC State,professor,160000.0
NCSU,NC State,associate_professor,130453.0
NCSU,NC State,professor,140217.0
NCSU,NC State,professor,111687.0
NCSU,NC State,assistant_professor,89910.0
NCSU,NC State,professor,92023.0
NCSU,NC State,administrator,221190.0
NCSU,NC State,administrator,146000.0
NCSU,NC State,professor,153100.0
NCSU,NC State,assistant_professor,97725.0
NCSU,NC State,professor,162130.0
NCSU,NC State,associate_professor,116707.0
NCSU,NC State,administrator,144082.0
NCSU,NC State,assistant_professor,236900.0
NCSU,NC State,assistant_professor,110000.0
NCSU,NC State,associate_professor,137883.0
NCSU,NC State,administrator,308160.0
NCSU,NC State,professor,106226.0
NCSU,NC State,administrator,600000.0
NCSU,NC State,professor,210009.0
NCSU,NC State,associate_professor,167427.0
NCSU,NC State,assistant_professor,93730.0
NCSU,NC State,professor,124232.0
NCSU,NC State,associate_professor,99321.0
NCSU,NC State,assistant_professor,109468.0
NCSU,NC State,assistant_professor,86520.0
NCSU,NC State,associate_professor,121089.0
NCSU,NC State,professor,146238.0
NCSU,NC State,assistant_professor,110000.0
NCSU,NC State,professor,246376.0
NCSU,NC State,assistant_professor,111611.0
NCSU,NC State,professor,125090.0
NCSU,NC State,professor,174455.0
NCSU,NC State,administrator,150006.0
NCSU,NC State,associate_professor,96408.0
NCSU,NC State,associate_professor,160000.0
NCSU,NC State,professor,199674.0
NCSU,NC State,assistant_professor,84000.0
NCSU,NC State,associate_professor,105307.0
NCSU,NC State,professor,143010.0
NCSU,NC State,professor,180689.0
NCSU,NC State,associate_professor,144660.0
NCSU,NC State,professor,125488.0
NCSU,NC State,professor,164800.0
NCSU,NC State,professor,163227.0
NCSU,NC State,assistant_professor,78000.0
NCSU,NC State,professor,148308.0
NCSU,NC State,professor,101868.0
NCSU,NC State,assistant_professor,185000.0
NCSU,NC State,lecturer,52436.0
NCSU,NC State,professor,148610.0
NCSU,NC State,lecturer,54152.0
NCSU,NC State,professor,92389.0
NCSU,NC State,professor,122902.0
NCSU,NC State,professor,157566.0
NCSU,NC State,professor,254781.0
NCSU,NC State,professor,127157.0
NCSU,NC State,administrator,118369.0
NCSU,NC State,administrator,257500.0
NCSU,NC State,associate_professor,152983.0
NCSU,NC State,assistant_professor,85985.0
NCSU,NC State,professor,190143.0
NCSU,NC State,professor,113613.0
NCSU,NC State,professor,133900.0
NCSU,NC State,professor,170580.0
NCSU,NC State,professor,272950.0
NCSU,NC State,assistant_professor,80855.0
NCSU,NC State,professor,184227.0
NCSU,NC State,professor,135602.0
NCSU,NC State,professor,131649.0
NCSU,NC State,associate_professor,86070.0
NCSU,NC State,professor,117127.0
NCSU,NC State,professor,134600.0
NCSU,NC State,lecturer,48039.0
NCSU,NC State,associate_professor,113394.0
NCSU,NC State,associate_professor,121666.0
NCSU,NC State,assistant_professor,144200.0
NCSU,NC State,associate_professor,106001.0
NCSU,NC State,associate_professor,142768.0
NCSU,NC State,professor,139225.0
NCSU,NC State,assistant_professor,106434.0
NCSU,NC State,assistant_professor,90913.0
NCSU,NC State,assistant_professor,121540.0
NCSU,NC State,professor,226600.0
NCSU,NC State,associate_professor,108051.0
NCSU,NC State,lecturer,65337.0
NCSU,NC State,associate_professor,109096.0
NCSU,NC State,professor,170461.0
NCSU,NC State,assistant_professor,125145.0
NCSU,NC State,professor,146014.0
NCSU,NC State,administrator,160833.0
NCSU,NC State,associate_professor,110527.0
NCSU,NC State,lecturer,63148.0
NCSU,NC State,professor,187507.0
NCSU,NC State,professor,149968.0
NCSU,NC State,professor,163128.0
NCSU,NC State,assistant_professor,84327.0
NCSU,NC State,assistant_professor,70555.0
NCSU,NC State,associate_professor,94137.0
NCSU,NC State,assistant_professor,103663.0
NCSU,NC State,administrator,229240.0
NCSU,NC State,administrator,202376.0
NCSU,NC State,assistant_professor,105685.0
NCSU,NC State,assistant_professor,102277.0
NCSU,NC State,associate_professor,84376.0
NCSU,NC State,professor,273597.0
NCSU,NC State,assistant_professor,72107.0
NCSU,NC State,professor,194021.0
NCSU,NC State,lecturer,70040.0
NCSU,NC State,assistant_professor,90913.0
NCSU,NC State,associate_professor,84941.0
NCSU,NC State,professor,131740.0
NCSU,NC State,professor,152087.0
NCSU,NC State,assistant_professor,99231.0
NCSU,NC State,assistant_professor,121540.0
NCSU,NC State,assistant_professor,97850.0
NCSU,NC State,lecturer,62502.0
NCSU,NC State,lecturer,56067.0
NCSU,NC State,assistant_professor,138032.0
NCSU,NC State,lecturer,65626.0
NCSU,NC State,professor,255000.0
NCSU,NC State,associate_professor,151574.0
NCSU,NC State,professor,149350.0
NCSU,NC State,lecturer,48039.0
NCSU,NC State,lecturer,54163.0
NCSU,NC State,assistant_professor,70000.0
NCSU,NC State,associate_professor,106939.0
NCSU,NC State,professor,143237.0
NCSU,NC State,associate_professor,77582.0
NCSU,NC State,associate_professor,90640.0
NCSU,NC State,associate_professor,106350.0
NCSU,NC State,lecturer,48097.0
NCSU,NC State,assistant_professor,112476.0
NCSU,NC State,associate_professor,127506.0
NCSU,NC State,professor,137500.0
NCSU,NC State,professor,158370.0
NCSU,NC State,professor,206158.0
NCSU,NC State,lecturer,52283.0
NCSU,NC State,associate_professor,63941.0
NCSU,NC State,professor,200000.0
NCSU,NC State,assistant_professor,85490.0
NCSU,NC State,professor,216705.0
NCSU,NC State,associate_professor,191236.0
NCSU,NC State,administrator,246248.0
NCSU,NC State,associate_professor,156598.0
NCSU,NC State,administrator,136500.0
NCSU,NC State,professor,199787.0
NCSU,NC State,associate_professor,141934.0
NCSU,NC State,professor,181966.0
NCSU,NC State,lecturer,54173.0
NCSU,NC State,associate_professor,148393.0
NCSU,NC State,professor,230525.0
NCSU,NC State,professor,130626.0
NCSU,NC State,professor,140442.0
NCSU,NC State,lecturer,64272.0
NCSU,NC State,associate_professor,99066.0
NCSU,NC State,professor,130000.0
NCSU,NC State,associate_professor,104000.0
NCSU,NC State,professor,140006.0
NCSU,NC State,assistant_professor,85000.0
NCSU,NC State,assistant_professor,78000.0
NCSU,NC State,assistant_professor,140348.0
NCSU,NC State,assistant_professor,54000.0
NCSU,NC State,assistant_professor,130151.0
NCSU,NC State,assistant_professor,121000.0
NCSU,NC State,professor,152696.0
NCSU,NC State,professor,116768.0
NCSU,NC State,assistant_professor,87550.0
NCSU,NC State,professor,166703.0
NCSU,NC State,associate_professor,87070.0
NCSU,NC State,professor,198379.0
NCSU,NC State,associate_professor,99948.0
NCSU,NC State,assistant_professor,144612.0
NCSU,NC State,associate_professor,113436.0
NCSU,NC State,professor,144822.0
NCSU,NC State,professor,134413.0
NCSU,NC State,professor,209789.0
NCSU,NC State,professor,313583.0
NCSU,NC State,assistant_professor,83000.0
NCSU,NC State,assistant_professor,89950.0
NCSU,NC State,professor,138587.0
NCSU,NC State,professor,329601.0
NCSU,NC State,professor,302338.0
NCSU,NC State,associate_professor,72216.0
NCSU,NC State,professor,79481.0
NCSU,NC State,associate_professor,113464.0
NCSU,NC State,associate_professor,80340.0
NCSU,NC State,associate_professor,107196.0
NCSU,NC State,professor,166036.0
NCSU,NC State,professor,123286.0
NCSU,NC State,assistant_professor,148071.0
NCSU,NC State,professor,126993.0
NCSU,NC State,administrator,325000.0
NCSU,NC State,associate_professor,127651.0
NCSU,NC State,associate_professor,72772.0
NCSU,NC State,assistant_professor,98709.0
NCSU,NC State,associate_professor,79143.0
NCSU,NC State,professor,74296.0
NCSU,NC State,professor,125495.0
NCSU,NC State,professor,140729.0
NCSU,NC State,professor,137388.0
NCSU,NC State,professor,128732.0
NCSU,NC State,associate_professor,123506.0
NCSU,NC State,associate_professor,129632.0
NCSU,NC State,associate_professor,106004.0
NCSU,NC State,professor,120990.0
NCSU,NC State,associate_professor,97479.0
NCSU,NC State,associate_professor,150000.0
NCSU,NC State,assistant_professor,108856.0
NCSU,NC State,professor,91578.0
NCSU,NC State,lecturer,56266.0
NCSU,NC State,professor,143836.0
NCSU,NC State,associate_professor,61228.0
NCSU,NC State,associate_professor,215021.0
NCSU,NC State,associate_professor,79914.0
NCSU,NC State,professor,110869.0
NCSU,NC State,lecturer,69628.0
NCSU,NC State,associate_professor,112338.0
NCSU,NC State,lecturer,53139.0
NCSU,NC State,professor,152640.0
NCSU,NC State,professor,119166.0
NCSU,NC State,associate_professor,207825.0
NCSU,NC State,associate_professor,101413.0
NCSU,NC State,assistant_professor,51887.0
NCSU,NC State,lecturer,54548.0
NCSU,NC State,professor,176000.0
NCSU,NC State,lecturer,51778.0
NCSU,NC State,associate_professor,208777.0
NCSU,NC State,associate_professor,111808.0
NCSU,NC State,assistant_professor,78280.0
NCSU,NC State,associate_professor,158576.0
NCSU,NC State,professor,149294.0
NCSU,NC State,assistant_professor,88119.0
NCSU,NC State,professor,149627.0
NCSU,NC State,lecturer,72730.0
NCSU,NC State,associate_professor,145148.0
NCSU,NC State,assistant_professor,124141.0
NCSU,NC State,professor,207187.0
NCSU,NC State,professor,150379.0
NCSU,NC State,assistant_professor,80000.0
NCSU,NC State,professor,237000.0
NCSU,NC State,assistant_professor,128544.0
NCSU,NC State,assistant_professor,140000.0
NCSU,NC State,associate_professor,111277.0
NCSU,NC State,assistant_professor,72842.0
NCSU,NC State,assistant_professor,57762.0
NCSU,NC State,professor,125185.0
NCSU,NC State,associate_professor,114436.0
NCSU,NC State,associate_professor,92898.0
NCSU,NC State,assistant_professor,95790.0
NCSU,NC State,professor,92846.0
NCSU,NC State,assistant_professor,85775.0
NCSU,NC State,assistant_professor,78000.0
NCSU,NC State,professor,133488.0
NCSU,NC State,lecturer,72065.0
NCSU,NC State,professor,181723.0
NCSU,NC State,assistant_professor,73872.0
NCSU,NC State,lecturer,55728.0
NCSU,NC State,associate_professor,113158.0
NCSU,NC State,associate_professor,110141.0
NCSU,NC State,professor,175843.0
NCSU,NC State,administrator,268149.0
NCSU,NC State,associate_professor,105915.0
NCSU,NC State,assistant_professor,76000.0
NCSU,NC State,lecturer,48139.0
NCSU,NC State,assistant_professor,57000.0
NCSU,NC State,assistant_professor,102277.0
NCSU,NC State,professor,120139.0
NCSU,NC State,professor,90640.0
NCSU,NC State,associate_professor,104790.0
NCSU,NC State,assistant_professor,57667.0
NCSU,NC State,assistant_professor,140000.0
NCSU,NC State,associate_professor,79715.0
NCSU,NC State,assistant_professor,109468.0
NCSU,NC State,assistant_professor,125145.0
NCSU,NC State,assistant_professor,105060.0
NCSU,NC State,assistant_professor,84000.0
NCSU,NC State,professor,179967.0
NCSU,NC State,assistant_professor,102000.0
NCSU,NC State,assistant_professor,64304.0
NCSU,NC State,administrator,227283.0
NCSU,NC State,assistant_professor,72000.0
NCSU,NC State,assistant_professor,120000.0
NCSU,NC State,associate_professor,102640.0
NCSU,NC State,professor,194722.0
NCSU,NC State,associate_professor,104981.0
NCSU,NC State,assistant_professor,141934.0
NCSU,NC State,professor,131074.0
NCSU,NC State,assistant_professor,78000.0
NCSU,NC State,assistant_professor,97620.0
NCSU,NC State,professor,162204.0
NCSU,NC State,professor,285065.0
NCSU,NC State,professor,171278.0
NCSU,NC State,professor,179161.0
NCSU,NC State,administrator,133900.0
NCSU,NC State,professor,171988.0
NCSU,NC State,associate_professor,266774.0
NCSU,NC State,lecturer,54152.0
NCSU,NC State,associate_professor,155324.0
NCSU,NC State,professor,170103.0
NCSU,NC State,assistant_professor,72000.0
NCSU,NC State,professor,183534.0
NCSU,NC State,assistant_professor,105000.0
NCSU,NC State,assistant_professor,104428.0
NCSU,NC State,assistant_professor,127920.0
NCSU,NC State,assistant_professor,137649.0
NCSU,NC State,professor,138053.0
NCSU,NC State,associate_professor,175100.0
NCSU,NC State,assistant_professor,97850.0
NCSU,NC State,professor,123321.0
NCSU,NC State,assistant_professor,108150.0
NCSU,NC State,associate_professor,146359.0
NCSU,NC State,associate_professor,90644.0
NCSU,NC State,assistant_professor,114618.0
NCSU,NC State,professor,227665.0
NCSU,NC State,associate_professor,80340.0
NCSU,NC State,associate_professor,107859.0
NCSU,NC State,assistant_professor,90000.0
NCSU,NC State,assistant_professor,62000.0
NCSU,NC State,associate_professor,136257.0
NCSU,NC State,assistant_professor,101970.0
NCSU,NC State,assistant_professor,79000.0
NCSU,NC State,associate_professor,86652.0
NCSU,NC State,associate_professor,123531.0
NCSU,NC State,professor,244098.0
NCSU,NC State,professor,205223.0
NCSU,NC State,associate_professor,102221.0
NCSU,NC State,associate_professor,99112.0
NCSU,NC State,professor,137648.0
NCSU,NC State,associate_professor,136257.0
NCSU,NC State,professor,130448.0
NCSU,NC State,associate_professor,121512.0
NCSU,NC State,associate_professor,107469.0
NCSU,NC State,associate_professor,105769.0
NCSU,NC State,assistant_professor,128544.0
NCSU,NC State,lecturer,95000.0
NCSU,NC State,assistant_professor,113616.0
NCSU,NC State,assistant_professor,125145.0
NCSU,NC State,assistant_professor,128544.0
NCSU,NC State,associate_professor,117832.0
NCSU,NC State,administrator,230617.0
NCSU,NC State,lecturer,54181.0
NCSU,NC State,professor,156109.0
NCSU,NC State,associate_professor,65142.0
NCSU,NC State,lecturer,45000.0
NCSU,NC State,administrator,247464.0
NCSU,NC State,professor,124759.0
NCSU,NC State,professor,118920.0
NCSU,NC State,assistant_professor,88000.0
NCSU,NC State,assistant_professor,144130.0
NCSU,NC State,assistant_professor,82400.0
NCSU,NC State,assistant_professor,78000.0
NCSU,NC State,professor,129211.0
NCSU,NC State,professor,190707.0
NCSU,NC State,lecturer,102244.0
NCSU,NC State,professor,152294.0
NCSU,NC State,professor,177391.0
NCSU,NC State,professor,77648.0
NCSU,NC State,professor,108970.0
NCSU,NC State,professor,129887.0
NCSU,NC State,professor,140568.0
NCSU,NC State,professor,137470.0
NCSU,NC State,lecturer,81451.0
NCSU,NC State,associate_professor,155715.0
NCSU,NC State,assistant_professor,70040.0
NCSU,NC State,professor,190888.0
NCSU,NC State,assistant_professor,69628.0
NCSU,NC State,professor,163626.0
NCSU,NC State,associate_professor,89080.0
NCSU,NC State,assistant_professor,99086.0
NCSU,NC State,assistant_professor,109798.0
NCSU,NC State,associate_professor,175000.0
NCSU,NC State,associate_professor,147374.0
NCSU,NC State,administrator,146332.0
NCSU,NC State,administrator,220000.0
NCSU,NC State,lecturer,41715.0
NCSU,NC State,assistant_professor,64272.0
NCSU,NC State,assistant_professor,96408.0
NCSU,NC State,associate_professor,87927.0
NCSU,NC State,associate_professor,175000.0
NCSU,NC State,professor,130574.0
NCSU,NC State,professor,145650.0
NCSU,NC State,professor,133754.0
NCSU,NC State,assistant_professor,87525.0
NCSU,NC State,lecturer,56532.0
NCSU,NC State,professor,133900.0
NCSU,NC State,professor,120000.0
NCSU,NC State,professor,147279.0
NCSU,NC State,assistant_professor,190550.0
NCSU,NC State,assistant_professor,101307.0
NCSU,NC State,associate_professor,110334.0
NCSU,NC State,assistant_professor,128305.0
NCSU,NC State,professor,144400.0
NCSU,NC State,assistant_professor,93500.0
NCSU,NC State,professor,115950.0
NCSU,NC State,assistant_professor,104217.0
NCSU,NC State,associate_professor,238449.0
NCSU,NC State,professor,114695.0
NCSU,NC State,assistant_professor,80340.0
NCSU,NC State,professor,175100.0
NCSU,NC State,professor,113642.0
NCSU,NC State,professor,181937.0
NCSU,NC State,lecturer,90500.0
NCSU,NC State,associate_professor,115000.0
NCSU,NC State,associate_professor,119390.0
NCSU,NC State,assistant_professor,87838.0
NCSU,NC State,professor,120799.0
NCSU,NC State,assistant_professor,88015.0
NCSU,NC State,professor,141275.0
NCSU,NC State,assistant_professor,144612.0
NCSU,NC State,professor,126402.0
NCSU,NC State,professor,147445.0
NCSU,NC State,associate_professor,101174.0
NCSU,NC State,associate_professor,86731.0
NCSU,NC State,assistant_professor,96594.0
NCSU,NC State,professor,196372.0
NCSU,NC State,assistant_professor,92500.0
NCSU,NC State,assistant_professor,134096.0
NCSU,NC State,assistant_professor,103000.0
NCSU,NC State,associate_professor,85000.0
NCSU,NC State,professor,184130.0
NCSU,NC State,assistant_professor,75190.0
NCSU,NC State,associate_professor,113356.0
NCSU,NC State,associate_professor,153614.0
NCSU,NC State,assistant_professor,72837.0
NCSU,NC State,associate_professor,102579.0
NCSU,NC State,professor,213486.0
NCSU,NC State,professor,189781.0
NCSU,NC State,professor,107178.0
NCSU,NC State,lecturer,54111.0
NCSU,NC State,professor,240529.0
NCSU,NC State,professor,168717.0
NCSU,NC State,professor,222054.0
NCSU,NC State,professor,144985.0
NCSU,NC State,associate_professor,99981.0
NCSU,NC State,assistant_professor,57000.0
NCSU,NC State,associate_professor,136257.0
NCSU,NC State,lecturer,60038.0
NCSU,NC State,assistant_professor,147826.0
NCSU,NC State,assistant_professor,80340.0
NCSU,NC State,professor,133892.0
NCSU,NC State,associate_professor,90640.0
NCSU,NC State,assistant_professor,85597.0
NCSU,NC State,administrator,200000.0
NCSU,NC State,assistant_professor,105685.0
NCSU,NC State,associate_professor,113300.0
NCSU,NC State,associate_professor,110000.0
NCSU,NC State,assistant_professor,70000.0
NCSU,NC State,assistant_professor,97725.0
NCSU,NC State,associate_professor,79504.0
NCSU,NC State,assistant_professor,120000.0
NCSU,NC State,assistant_professor,57000.0
NCSU,NC State,professor,134573.0
NCSU,NC State,professor,187584.0
NCSU,NC State,professor,102082.0
NCSU,NC State,assistant_professor,81821.0
NCSU,NC State,assistant_professor,148000.0
NCSU,NC State,assistant_professor,76220.0
NCSU,NC State,assistant_professor,96408.0
NCSU,NC State,professor,135175.0
NCSU,NC State,lecturer,72620.0
NCSU,NC State,professor,205535.0
NCSU,NC State,associate_professor,85836.0
NCSU,NC State,associate_professor,152983.0
NCSU,NC State,professor,139259.0
NCSU,NC State,assistant_professor,82000.0
NCSU,NC State,professor,132104.0
NCSU,NC State,lecturer,62502.0
NCSU,NC State,professor,110851.0
NCSU,NC State,lecturer,54555.0
NCSU,NC State,assistant_professor,110000.0
NCSU,NC State,professor,156343.0
NCSU,NC State,professor,227049.0
NCSU,NC State,assistant_professor,74984.0
NCSU,NC State,associate_professor,158966.0
NCSU,NC State,professor,138593.0
NCSU,NC State,professor,141812.0
NCSU,NC State,associate_professor,67483.0
NCSU,NC State,assistant_professor,90000.0
NCSU,NC State,lecturer,75301.0
NCSU,NC State,assistant_professor,100000.0
NCSU,NC State,assistant_professor,95000.0
NCSU,NC State,professor,180378.0
NCSU,NC State,associate_professor,112549.0
NCSU,NC State,professor,116246.0
NCSU,NC State,assistant_professor,87550.0
NCSU,NC State,associate_professor,107640.0
NCSU,NC State,assistant_professor,74000.0
NCSU,NC State,associate_professor,105000.0
NCSU,NC State,professor,165993.0
NCSU,NC State,professor,146186.0
NCSU,NC State,assistant_professor,93186.0
NCSU,NC State,administrator,179216.0
NCSU,NC State,assistant_professor,69629.0
NCSU,NC State,professor,112896.0
NCSU,NC State,associate_professor,97365.0
NCSU,NC State,assistant_professor,105000.0
NCSU,NC State,professor,113720.0
NCSU,NC State,assistant_professor,129323.0
NCSU,NC State,assistant_professor,102000.0
NCSU,NC State,assistant_professor,93730.0
NCSU,NC State,assistant_professor,87500.0
NCSU,NC State,professor,154524.0
NCSU,NC State,professor,315000.0
NCSU,NC State,professor,139936.0
NCSU,NC State,professor,145877.0
NCSU,NC State,administrator,147805.0
NCSU,NC State,associate_professor,169660.0
NCSU,NC State,assistant_professor,85187.0
NCSU,NC State,associate_professor,61933.0
NCSU,NC State,assistant_professor,57795.0
NCSU,NC State,assistant_professor,128544.0
NCSU,NC State,assistant_professor,105000.0
NCSU,NC State,associate_professor,87919.0
NCSU,NC State,lecturer,56266.0
NCSU,NC State,assistant_professor,69629.0
NCSU,NC State,assistant_professor,96594.0
NCSU,NC State,assistant_professor,99782.0
NCSU,NC State,administrator,171392.0
NCSU,NC State,associate_professor,115816.0
NCSU,NC State,lecturer,48039.0
NCSU,NC State,assistant_professor,90000.0
NCSU,NC State,assistant_professor,100004.0
NCSU,NC State,professor,145650.0
NCSU,NC State,assistant_professor,80340.0
NCSU,NC State,professor,130053.0
NCSU,NC State,associate_professor,86720.0
NCSU,NC State,associate_professor,152000.0
NCSU,NC State,professor,149503.0
NCSU,NC State,professor,131596.0
NCSU,NC State,administrator,170085.0
NCSU,NC State,lecturer,54111.0
NCSU,NC State,assistant_professor,102000.0
NCSU,NC State,professor,197836.0
NCSU,NC State,professor,190896.0
NCSU,NC State,professor,169565.0
NCSU,NC State,professor,148117.0
NCSU,NC State,professor,238744.0
NCSU,NC State,professor,227677.0
NCSU,NC State,administrator,200000.0
NCSU,NC State,lecturer,54152.0
NCSU,NC State,professor,210721.0
NCSU,NC State,professor,158570.0
NCSU,NC State,professor,74500.0
NCSU,NC State,professor,117984.0
NCSU,NC State,associate_professor,146132.0
NCSU,NC State,professor,182062.0
NCSU,NC State,lecturer,48139.0
NCSU,NC State,assistant_professor,95952.0
NCSU,NC State,associate_professor,97836.0
NCSU,NC State,associate_professor,90000.0
NCSU,NC State,associate_professor,109294.0
NCSU,NC State,professor,189238.0
NCSU,NC State,professor,142140.0
NCSU,NC State,associate_professor,141997.0
NCSU,NC State,professor,206079.0
NCSU,NC State,assistant_professor,100425.0
NCSU,NC State,lecturer,48139.0
NCSU,NC State,associate_professor,98293.0
NCSU,NC State,professor,302338.0
NCSU,NC State,professor,159552.0
NCSU,NC State,associate_professor,89040.0
NCSU,NC State,professor,132668.0
NCSU,NC State,lecturer,54795.0
NCSU,NC State,professor,137661.0
NCSU,NC State,associate_professor,72798.0
NCSU,NC State,professor,120000.0
NCSU,NC State,professor,67930.0
NCSU,NC State,professor,200610.0
NCSU,NC State,administrator,171392.0
NCSU,NC State,associate_professor,142300.0
NCSU,NC State,professor,154709.0
NCSU,NC State,professor,141450.0
NCSU,NC State,assistant_professor,69629.0
NCSU,NC State,administrator,206000.0
NCSU,NC State,professor,149085.0
NCSU,NC State,associate_professor,125887.0
NCSU,NC State,professor,126342.0
NCSU,NC State,associate_professor,114029.0
NCSU,NC State,professor,117272.0
NCSU,NC State,assistant_professor,90000.0
NCSU,NC State,associate_professor,65759.0
NCSU,NC State,lecturer,72065.0
NCSU,NC State,assistant_professor,82257.0
NCSU,NC State,associate_professor,88474.0
NCSU,NC State,professor,233810.0
NCSU,NC State,assistant_professor,113300.0
NCSU,NC State,lecturer,103237.0
NCSU,NC State,professor,145150.0
NCSU,NC State,professor,128414.0
NCSU,NC State,lecturer,144810.0
NCSU,NC State,assistant_professor,43354.0
NCSU,NC State,professor,166090.0
NCSU,NC State,assistant_professor,70000.0
NCSU,NC State,lecturer,95000.0
NCSU,NC State,professor,134200.0
NCSU,NC State,professor,168130.0
NCSU,NC State,associate_professor,135223.0
NCSU,NC State,assistant_professor,147734.0
NCSU,NC State,assistant_professor,80340.0
NCSU,NC State,assistant_professor,100004.0
NCSU,NC State,lecturer,74984.0
NCSU,NC State,professor,142616.0
NCSU,NC State,professor,197715.0
NCSU,NC State,professor,128768.0
NCSU,NC State,associate_professor,74160.0
NCSU,NC State,associate_professor,108232.0
NCSU,NC State,professor,164626.0
NCSU,NC State,assistant_professor,90913.0
NCSU,NC State,professor,232825.0
NCSU,NC State,professor,180717.0
NCSU,NC State,assistant_professor,131421.0
NCSU,NC State,associate_professor,116535.0
NCSU,NC State,assistant_professor,80340.0
NCSU,NC State,administrator,155000.0
NCSU,NC State,professor,139050.0
NCSU,NC State,professor,165858.0
NCSU,NC State,assistant_professor,113642.0
NCSU,NC State,professor,140409.0
NCSU,NC State,administrator,340090.0
NCSU,NC State,assistant_professor,103000.0
NCSU,NC State,professor,169085.0
NCSU,NC State,assistant_professor,144612.0
NCSU,NC State,associate_professor,109262.0
NCSU,NC State,assistant_professor,96408.0
NCSU,NC State,professor,155596.0
NCSU,NC State,associate_professor,110334.0
NCSU,NC State,professor,111548.0
NCSU,NC State,lecturer,74984.0
NCSU,NC State,associate_professor,104144.0
NCSU,NC State,professor,200922.0
NCSU,NC State,associate_professor,32787.0
NCSU,NC State,professor,171826.0
NCSU,NC State,professor,163607.0
NCSU,NC State,professor,153415.0
NCSU,NC State,assistant_professor,90640.0
NCSU,NC State,associate_professor,86901.0
NCSU,NC State,professor,127562.0
NCSU,NC State,associate_professor,112591.0
NCSU,NC State,associate_professor,134971.0
NCSU,NC State,associate_professor,62730.0
NCSU,NC State,professor,130528.0
NCSU,NC State,assistant_professor,102000.0
NCSU,NC State,associate_professor,107079.0
NCSU,NC State,administrator,168229.0
NCSU,NC State,professor,133630.0
NCSU,NC State,professor,164086.0
NCSU,NC State,professor,132778.0
NCSU,NC State,assistant_professor,82027.0
NCSU,NC State,professor,82671.0
NCSU,NC State,professor,148344.0
NCSU,NC State,associate_professor,115792.0
NCSU,NC State,lecturer,100598.0
NCSU,NC State,professor,100091.0
NCSU,NC State,lecturer,45000.0
NCSU,NC State,professor,124568.0
NCSU,NC State,professor,218280.0
NCSU,NC State,associate_professor,102557.0
NCSU,NC State,administrator,175583.0
NCSU,NC State,professor,117797.0
NCSU,NC State,associate_professor,122265.0
NCSU,NC State,professor,156395.0
NCSU,NC State,associate_professor,92151.0
NCSU,NC State,associate_professor,84377.0
NCSU,NC State,associate_professor,138528.0
NCSU,NC State,associate_professor,120554.0
NCSU,NC State,assistant_professor,73469.0
NCSU,NC State,assistant_professor,139050.0
NCSU,NC State,associate_professor,101329.0
NCSU,NC State,assistant_professor,105000.0
NCSU,NC State,professor,58758.0
NCSU,NC State,associate_professor,100000.0
NCSU,NC State,professor,152889.0
NCSU,NC State,assistant_professor,57718.0
NCSU,NC State,associate_professor,114173.0
NCSU,NC State,administrator,240000.0
NCSU,NC State,lecturer,54625.0
NCSU,NC State,professor,148797.0
NCSU,NC State,associate_professor,102008.0
NCSU,NC State,administrator,224629.0
NCSU,NC State,assistant_professor,90000.0
NCSU,NC State,associate_professor,145254.0
NCSU,NC State,professor,92388.0
NCSU,NC State,assistant_professor,99436.0
NCSU,NC State,administrator,412000.0
NCSU,NC State,assistant_professor,89717.0
NCSU,NC State,assistant_professor,94140.0
NCSU,NC State,assistant_professor,142003.0
NCSU,NC State,lecturer,54104.0
NCSU,NC State,lecturer,97308.0
NCSU,NC State,professor,127242.0
NCSU,NC State,lecturer,54104.0
NCSU,NC State,associate_professor,61306.0
NCSU,NC State,professor,181369.0
NCSU,NC State,associate_professor,103615.0
NCSU,NC State,professor,244445.0
NCSU,NC State,assistant_professor,149673.0
NCSU,NC State,professor,121287.0
NCSU,NC State,professor,110051.0
NCSU,NC State,professor,205655.0
NCSU,NC State,professor,136827.0
NCSU,NC State,associate_professor,123600.0
NCSU,NC State,professor,244855.0
NCSU,NC State,assistant_professor,106679.0
NCSU,NC State,professor,128141.0
NCSU,NC State,professor,135839.0
NCSU,NC State,lecturer,54176.0
NCSU,NC State,professor,136547.0
NCSU,NC State,associate_professor,102579.0
NCSU,NC State,administrator,227000.0
NCSU,NC State,associate_professor,113337.0
NCSU,NC State,professor,121103.0
NCSU,NC State,professor,145650.0
NCSU,NC State,assistant_professor,84148.0
NCSU,NC State,associate_professor,202364.0
NCSU,NC State,assistant_professor,87550.0
NCSU,NC State,administrator,195000.0
NCSU,NC State,associate_professor,177160.0
NCSU,NC State,associate_professor,139306.0
NCSU,NC State,associate_professor,138545.0
NCSU,NC State,assistant_professor,85069.0
NCSU,NC State,associate_professor,123531.0
NCSU,NC State,administrator,214240.0
NCSU,NC State,lecturer,50000.0
NCSU,NC State,assistant_professor,96408.0
NCSU,NC State,professor,106669.0
NCSU,NC State,professor,110000.0
NCSU,NC State,assistant_professor,101764.0
NCSU,NC State,assistant_professor,97000.0
NCSU,NC State,associate_professor,100764.0
NCSU,NC State,professor,174970.0
NCSU,NC State,associate_professor,123600.0
NCSU,NC State,professor,92389.0
NCSU,NC State,professor,175576.0
NCSU,NC State,assistant_professor,55680.0
NCSU,NC State,assistant_professor,107120.0
NCSU,NC State,assistant_professor,125000.0
NCSU,NC State,associate_professor,158363.0
NCSU,NC State,assistant_professor,155324.0
NCSU,NC State,assistant_professor,92500.0
NCSU,NC State,associate_professor,61265.0
NCSU,NC State,professor,97978.0
NCSU,NC State,professor,142050.0
NCSU,NC State,lecturer,98550.0
NCSU,NC State,assistant_professor,51392.0
NCSU,NC State,professor,250385.0
NCSU,NC State,assistant_professor,70000.0
NCSU,NC State,professor,162879.0
NCSU,NC State,professor,142729.0
NCSU,NC State,professor,174725.0
NCSU,NC State,professor,273634.0
NCSU,NC State,professor,145650.0
NCSU,NC State,associate_professor,118184.0
NCSU,NC State,assistant_professor,115000.0
NCSU,NC State,assistant_professor,107044.0
NCSU,NC State,assistant_professor,100163.0
NCSU,NC State,professor,126622.0
NCSU,NC State,professor,137388.0
NCSU,NC State,associate_professor,93376.0
NCSU,NC State,professor,112896.0
NCSU,NC State,associate_professor,140669.0
NCSU,NC State,professor,146547.0
NCSU,NC State,administrator,166036.0
NCSU,NC State,lecturer,48097.0
NCSU,NC State,professor,200850.0
NCSU,NC State,assistant_professor,86025.0
NCSU,NC State,professor,168818.0
NCSU,NC State,associate_professor,112733.0
NCSU,NC State,professor,128419.0
NCSU,NC State,professor,171420.0
NCSU,NC State,associate_professor,111115.0
NCSU,NC State,associate_professor,96436.0
NCSU,NC State,lecturer,60174.0
NCSU,NC State,assistant_professor,97528.0
NCSU,NC State,assistant_professor,103000.0
NCSU,NC State,assistant_professor,69629.0
NCSU,NC State,assistant_professor,149673.0
NCSU,NC State,assistant_professor,122392.0
NCSU,NC State,professor,139712.0
NCSU,NC State,assistant_professor,87098.0
NCSU,NC State,associate_professor,114966.0
NCSU,NC State,professor,148620.0
NCSU,NC State,associate_professor,101996.0
NCSU,NC State,professor,107090.0
NCSU,NC State,professor,129649.0
NCSU,NC State,assistant_professor,57783.0
NCSU,NC State,professor,214146.0
NCSU,NC State,professor,213851.0
NCSU,NC State,professor,141734.0
NCSU,NC State,professor,142875.0
NCSU,NC State,assistant_professor,100425.0
NCSU,NC State,associate_professor,108500.0
NCSU,NC State,associate_professor,145514.0
NCSU,NC State,associate_professor,120996.0
NCSU,NC State,professor,66095.0
NCSU,NC State,associate_professor,193834.0
NCSU,NC State,professor,156778.0
NCSU,NC State,assistant_professor,139256.0
NCSU,NC State,professor,152004.0
NCSU,NC State,assistant_professor,106049.0
NCSU,NC State,lecturer,53998.0
NCSU,NC State,professor,117425.0
NCSU,NC State,professor,178830.0
NCSU,NC State,associate_professor,113300.0
NCSU,NC State,assistant_professor,144200.0
NCSU,NC State,assistant_professor,74000.0
NCSU,NC State,professor,144984.0
NCSU,NC State,professor,139225.0
NCSU,NC State,professor,117439.0
NCSU,NC State,assistant_professor,80000.0
NCSU,NC State,associate_professor,89211.0
NCSU,NC State,assistant_professor,149968.0
NCSU,NC State,associate_professor,127908.0
NCSU,NC State,assistant_professor,57680.0
NCSU,NC State,professor,160389.0
NCSU,NC State,assistant_professor,138721.0
NCSU,NC State,assistant_professor,84946.0
NCSU,NC State,professor,134282.0
NCSU,NC State,professor,157670.0
NCSU,NC State,professor,275984.0
NCSU,NC State,lecturer,52144.0
NCSU,NC State,lecturer,45000.0
NCSU,NC State,professor,118911.0
NCSU,NC State,assistant_professor,102277.0
NCSU,NC State,assistant_professor,111760.0
NCSU,NC State,lecturer,141459.0
NCSU,NC State,professor,103913.0
NCSU,NC State,assistant_professor,82141.0
NCSU,NC State,associate_professor,116036.0
NCSU,NC State,assistant_professor,103108.0
NCSU,NC State,assistant_professor,127279.0
NCSU,NC State,professor,139226.0
NCSU,NC State,professor,135928.0
NCSU,NC State,professor,200078.0
NCSU,NC State,professor,227000.0
NCSU,NC State,assistant_professor,84000.0
NCSU,NC State,assistant_professor,105685.0
NCSU,NC State,professor,133267.0
NCSU,NC State,associate_professor,108240.0
NCSU,NC State,associate_professor,117521.0
NCSU,NC State,assistant_professor,108856.0
NCSU,NC State,associate_professor,129490.0
NCSU,NC State,professor,97898.0
NCSU,NC State,professor,185300.0
NCSU,NC State,assistant_professor,98550.0
NCSU,NC State,professor,186945.0
NCSU,NC State,assistant_professor,96408.0
NCSU,NC State,associate_professor,124769.0
NCSU,NC State,assistant_professor,84652.0
NCSU,NC State,associate_professor,96622.0
NCSU,NC State,assistant_professor,102675.0
NCSU,NC State,assistant_professor,102000.0
NCSU,NC State,assistant_professor,99782.0
NCSU,NC State,associate_professor,112208.0
NCSU,NC State,professor,156194.0
NCSU,NC State,associate_professor,104856.0
NCSU,NC State,associate_professor,126220.0
NCSU,NC State,associate_professor,115195.0
NCSU,NC State,assistant_professor,77001.0
NCSU,NC State,associate_professor,121695.0
NCSU,NC State,associate_professor,140670.0
NCSU,NC State,professor,113642.0
NCSU,NC State,professor,156356.0
NCSU,NC State,professor,232274.0
NCSU,NC State,associate_professor,195086.0
NCSU,NC State,lecturer,50000.0
NCSU,NC State,administrator,201749.0
NCSU,NC State,lecturer,45000.0
NCSU,NC State,assistant_professor,69629.0
NCSU,NC State,associate_professor,141110.0
NCSU,NC State,associate_professor,226193.0
NCSU,NC State,associate_professor,113436.0
NCSU,NC State,administrator,284103.0
NCSU,NC State,professor,155000.0
NCSU,NC State,professor,196672.0
NCSU,NC State,lecturer,59932.0
NCSU,NC State,professor,149417.0
NCSU,NC State,professor,117344.0
NCSU,NC State,assistant_professor,100838.0
NCSU,NC State,assistant_professor,79062.0
NCSU,NC State,professor,156935.0
NCSU,NC State,professor,260000.0
NCSU,NC State,professor,143175.0
NCSU,NC State,assistant_professor,140000.0
NCSU,NC State,professor,130125.0
NCSU,NC State,professor,230000.0
NCSU,NC State,professor,137843.0
NCSU,NC State,assistant_professor,71000.0
NCSU,NC State,lecturer,62103.0
NCSU,NC State,associate_professor,83500.0
NCSU,NC State,assistant_professor,84460.0
NCSU,NC State,professor,145715.0
NCSU,NC State,professor,206380.0
NCSU,NC State,professor,165235.0
NCSU,NC State,assistant_professor,113300.0
NCSU,NC State,assistant_professor,92700.0
NCSU,NC State,associate_professor,131840.0
NCSU,NC State,lecturer,54204.0
NCSU,NC State,professor,166036.0
NCSU,NC State,professor,173210.0
NCSU,NC State,lecturer,47998.0
NCSU,NC State,administrator,159054.0
NCSU,NC State,professor,136962.0
NCSU,NC State,assistant_professor,128000.0
NCSU,NC State,associate_professor,163218.0
NCSU,NC State,professor,122080.0
NCSU,NC State,professor,142385.0
NCSU,NC State,professor,213500.0
NCSU,NC State,associate_professor,118414.0
NCSU,NC State,associate_professor,180250.0
NCSU,NC State,associate_professor,121160.0
NCSU,NC State,assistant_professor,77000.0
NCSU,NC State,assistant_professor,149673.0
NCSU,NC State,associate_professor,142050.0
NCSU,NC State,assistant_professor,93000.0
NCSU,NC State,assistant_professor,78000.0
NCSU,NC State,assistant_professor,110000.0
NCSU,NC State,professor,192553.0
NCSU,NC State,professor,101270.0
NCSU,NC State,associate_professor,107466.0
NCSU,NC State,professor,143630.0
NCSU,NC State,associate_professor,119000.0
NCSU,NC State,assistant_professor,108150.0
NCSU,NC State,professor,192119.0
NCSU,NC State,professor,206917.0
NCSU,NC State,professor,133173.0
NCSU,NC State,professor,147443.0
NCSU,NC State,assistant_professor,135000.0
NCSU,NC State,associate_professor,64722.0
NCSU,NC State,professor,152611.0
NCSU,NC State,professor,138177.0
NCSU,NC State,assistant_professor,77250.0
NCSU,NC State,professor,198706.0
NCSU,NC State,assistant_professor,100000.0
NCSU,NC State,associate_professor,108652.0
NCSU,NC State,professor,186039.0
NCSU,NC State,professor,162507.0
NCSU,NC State,assistant_professor,78280.0
NCSU,NC State,professor,306521.0
NCSU,NC State,lecturer,48039.0
NCSU,NC State,administrator,153033.0
NCSU,NC State,professor,185108.0
NCSU,NC State,professor,109530.0
NCSU,NC State,professor,215799.0
NCSU,NC State,associate_professor,86672.0
NCSU,NC State,assistant_professor,73000.0
NCSU,NC State,professor,104123.0
NCSU,NC State,professor,240362.0
NCSU,NC State,assistant_professor,149968.0
NCSU,NC State,associate_professor,95303.0
NCSU,NC State,associate_professor,106003.0
NCSU,NC State,assistant_professor,55620.0
NCSU,NC State,professor,147445.0
NCSU,NC State,professor,123311.0
NCSU,NC State,professor,93126.0
NCSU,NC State,assistant_professor,140000.0
NCSU,NC State,associate_professor,125660.0
NCSU,NC State,assistant_professor,70500.0
NCSU,NC State,professor,142050.0
NCSU,NC State,professor,281139.0
NCSU,NC State,assistant_professor,107120.0
NCSU,NC State,assistant_professor,84460.0
NCSU,NC State,professor,186600.0
NCSU,NC State,assistant_professor,104030.0
NCSU,NC State,assistant_professor,74688.0
NCSU,NC State,assistant_professor,80000.0
NCSU,NC State,professor,244723.0
NCSU,NC State,assistant_professor,57718.0
NCSU,NC State,assistant_professor,98868.0
NCSU,NC State,lecturer,58706.0
NCSU,NC State,associate_professor,89694.0
NCSU,NC State,professor,145881.0
NCSU,NC State,professor,187507.0
NCSU,NC State,professor,164838.0
NCSU,NC State,assistant_professor,95000.0
NCSU,NC State,professor,136079.0
NCSU,NC State,assistant_professor,77891.0
NCSU,NC State,associate_professor,113179.0
NCSU,NC State,associate_professor,113547.0
NCSU,NC State,professor,187767.0
NCSU,NC State,associate_professor,124115.0
NCSU,NC State,assistant_professor,74000.0
NCSU,NC State,professor,209358.0
NCSU,NC State,professor,122238.0
NCSU,NC State,associate_professor,143833.0
NCSU,NC State,professor,244905.0
NCSU,NC State,lecturer,58142.0
NCSU,NC State,professor,127415.0
NCSU,NC State,lecturer,72170.0
NCSU,NC State,professor,121334.0
NCSU,NC State,associate_professor,109664.0
NCSU,NC State,associate_professor,104169.0
NCSU,NC State,assistant_professor,80000.0
NCSU,NC State,assistant_professor,71070.0
NCSU,NC State,professor,66076.0
NCSU,NC State,associate_professor,102292.0
NCSU,NC State,assistant_professor,83000.0
NCSU,NC State,associate_professor,163213.0
NCSU,NC State,associate_professor,191065.0
NCSU,NC State,associate_professor,164965.0
NCSU,NC State,assistant_professor,70000.0
NCSU,NC State,associate_professor,90922.0
NCSU,NC State,professor,106187.0
NCSU,NC State,lecturer,53998.0
NCSU,NC State,assistant_professor,94087.0
NCSU,NC State,associate_professor,116697.0
NCSU,NC State,associate_professor,107385.0
NCSU,NC State,associate_professor,102579.0
NCSU,NC State,assistant_professor,96408.0
NCSU,NC State,assistant_professor,90460.0
NCSU,NC State,assistant_professor,118450.0
NCSU,NC State,professor,159650.0
NCSU,NC State,professor,153672.0
NCSU,NC State,assistant_professor,75000.0
NCSU,NC State,associate_professor,84089.0
NCSU,NC State,associate_professor,180250.0
NCSU,NC State,professor,150166.0
NCSU,NC State,administrator,133900.0
NCSU,NC State,professor,180628.0
NCSU,NC State,assistant_professor,100066.0
NCSU,NC State,administrator,171455.0
NCSU,NC State,administrator,310434.0
NCSU,NC State,assistant_professor,77000.0
NCSU,NC State,professor,159552.0
NCSU,NC State,associate_professor,131016.0
NCSU,NC State,assistant_professor,111760.0
NCSU,NC State,associate_professor,138528.0
NCSU,NC State,associate_professor,100704.0
NCSU,NC State,professor,147717.0
NCSU,NC State,associate_professor,85231.0
NCSU,NC State,assistant_professor,73000.0
NCSU,NC State,associate_professor,87261.0
NCSU,NC State,professor,140056.0
NCSU,NC State,associate_professor,119123.0
NCSU,NC State,professor,252723.0
NCSU,NC State,lecturer,42848.0
NCSU,NC State,associate_professor,145797.0
NCSU,NC State,assistant_professor,80108.0
NCSU,NC State,assistant_professor,106434.0
NCSU,NC State,professor,189016.0
NCSU,NC State,assistant_professor,80000.0
NCSU,NC State,associate_professor,113231.0
NCSU,NC State,professor,172117.0
NCSU,NC State,professor,114919.0
NCSU,NC State,professor,113950.0
NCSU,NC State,associate_professor,141677.0
NCSU,NC State,professor,218311.0
NCSU,NC State,professor,116895.0
NCSU,NC State,lecturer,102000.0
NCSU,NC State,professor,128750.0
NCSU,NC State,professor,220785.0
NCSU,NC State,professor,113481.0
NCSU,NC State,assistant_professor,85000.0
NCSU,NC State,administrator,184224.0
NCSU,NC State,professor,171392.0
NCSU,NC State,assistant_professor,110000.0
NCSU,NC State,assistant_professor,78000.0
NCSU,NC State,assistant_professor,90000.0
NCSU,NC State,professor,128544.0
NCSU,NC State,professor,96408.0
NCSU,NC State,associate_professor,112208.0
NCSU,NC State,assistant_professor,98880.0
NCSU,NC State,assistant_professor,149000.0
NCSU,NC State,professor,162484.0
NCSU,NC State,professor,103680.0
NCSU,NC State,lecturer,98673.0
NCSU,NC State,associate_professor,171413.0
NCSU,NC State,assistant_professor,136369.0
NCSU,NC State,professor,140319.0
NCSU,NC State,professor,144200.0
NCSU,NC State,professor,127453.0
NCSU,NC State,professor,170461.0
NCSU,NC State,professor,145970.0
NCSU,NC State,professor,156097.0
NCSU,NC State,professor,123714.0
NCSU,NC State,assistant_professor,74284.0
NCSU,NC State,professor,148835.0
NCSU,NC State,associate_professor,162620.0
NCSU,NC State,professor,146438.0
NCSU,NC State,associate_professor,104656.0
NCSU,NC State,professor,147586.0
NCSU,NC State,associate_professor,156000.0
NCSU,NC State,associate_professor,156000.0
NCSU,NC State,associate_professor,120995.0
NCSU,NC State,professor,141797.0
NCSU,NC State,assistant_professor,113642.0
NCSU,NC State,professor,220217.0
NCSU,NC State,professor,188360.0
NCSU,NC State,professor,148436.0
NCSU,NC State,associate_professor,158287.0
NCSU,NC State,lecturer,48139.0
NCSU,NC State,professor,142471.0
NCSU,NC State,assistant_professor,51838.0
NCSU,NC State,assistant_professor,95275.0
NCSU,NC State,associate_professor,119526.0
NCSU,NC State,assistant_professor,72065.0
NCSU,NC State,professor,156000.0
NCSU,NC State,professor,170018.0
NCSU,NC State,assistant_professor,128544.0
NCSU,NC State,associate_professor,121900.0
NCSU,NC State,professor,194279.0
NCSU,NC State,professor,160352.0
NCSU,NC State,assistant_professor,128544.0
NCSU,NC State,assistant_professor,110869.0
NCSU,NC State,associate_professor,158643.0
NCSU,NC State,associate_professor,118186.0
NCSU,NC State,assistant_professor,107876.0
NCSU,NC State,professor,148479.0
NCSU,NC State,professor,131719.0
NCSU,NC State,associate_professor,115808.0
NCSU,NC State,assistant_professor,59310.0
NCSU,NC State,professor,174809.0
NCSU,NC State,associate_professor,96155.0
NCSU,NC State,assistant_professor,100000.0
NCSU,NC State,administrator,169950.0
NCSU,NC State,assistant_professor,86989.0
NCSU,NC State,lecturer,53161.0
NCSU,NC State,assistant_professor,100000.0
NCSU,NC State,lecturer,59249.0
NCSU,NC State,lecturer,53998.0
NCSU,NC State,professor,152294.0
NCSU,NC State,assistant_professor,102277.0
NCSU,NC State,assistant_professor,110869.0
NCSU,NC State,professor,121756.0
NCSU,NC State,associate_professor,90953.0
NCSU,NC State,associate_professor,88938.0
NCSU,NC State,associate_professor,136369.0
NCSU,NC State,professor,127869.0
NCSU,NC State,associate_professor,111305.0
NCSU,NC State,lecturer,47792.0
NCSU,NC State,assistant_professor,98868.0
NCSU,NC State,professor,153160.0
NCSU,NC State,associate_professor,126072.0
NCSU,NC State,assistant_professor,120000.0
NCSU,NC State,associate_professor,115040.0
NCSU,NC State,associate_professor,110425.0
NCSU,NC State,assistant_professor,109468.0
NCSU,NC State,lecturer,90000.0
NCSU,NC State,professor,128229.0
NCSU,NC State,administrator,332740.0
NCSU,NC State,associate_professor,183120.0
NCSU,NC State,professor,123384.0
NCSU,NC State,lecturer,80980.0
NCSU,NC State,lecturer,65012.0
NCSU,NC State,associate_professor,129460.0
NCSU,NC State,assistant_professor,61699.0
NCSU,NC State,assistant_professor,97620.0
NCSU,NC State,professor,116562.0
NCSU,NC State,associate_professor,146747.0
NCSU,NC State,assistant_professor,91052.0
NCSU,NC State,professor,250114.0
NCSU,NC State,professor,122665.0
NCSU,NC State,associate_professor,154500.0
NCSU,NC State,professor,139225.0
NCSU,NC State,assistant_professor,125145.0
NCSU,NC State,assistant_professor,85597.0
NCSU,NC State,professor,133166.0
NCSU,NC State,associate_professor,158995.0
NCSU,NC State,professor,196429.0
NCSU,NC State,administrator,175753.0
NCSU,NC State,professor,140586.0
NCSU,NC State,administrator,115577.0
NCSU,NC State,lecturer,56499.0
NCSU,NC State,assistant_professor,93730.0
NCSU,NC State,professor,111036.0
NCSU,NC State,associate_professor,266419.0
NCSU,NC State,assistant_professor,96594.0
NCSU,NC State,professor,152278.0
NCSU,NC State,lecturer,60047.0
NCSU,NC State,administrator,130617.0
NCSU,NC State,professor,142087.0
NCSU,NC State,professor,149274.0
NCSU,NC State,associate_professor,96996.0
NCSU,NC State,professor,190070.0
NCSU,NC State,assistant_professor,74876.0
NCSU,NC State,professor,201642.0
NCSU,NC State,professor,209016.0
NCSU,NC State,associate_professor,131016.0
NCSU,NC State,professor,260722.0
NCSU,NC State,lecturer,55097.0
NCSU,NC State,assistant_professor,100913.0
NCSU,NC State,associate_professor,97000.0
NCSU,NC State,assistant_professor,73000.0
NCSU,NC State,lecturer,93130.0
NCSU,NC State,associate_professor,96944.0
NCSU,NC State,associate_professor,166304.0
NCSU,NC State,professor,208096.0
NCSU,NC State,lecturer,73672.0
NCSU,NC State,associate_professor,136257.0
NCSU,NC State,assistant_professor,144612.0
NCSU,NC State,associate_professor,89040.0
NCSU,NC State,lecturer,94966.0
NCSU,NC State,associate_professor,118769.0
NCSU,NC State,assistant_professor,90281.0
NCSU,NC State,associate_professor,105370.0
NCSU,NC State,lecturer,62049.0
NCSU,NC State,professor,206553.0
NCSU,NC State,assistant_professor,82400.0
NCSU,NC State,professor,146015.0
NCSU,NC State,assistant_professor,82400.0
NCSU,NC State,associate_professor,134971.0
NCSU,NC State,associate_professor,120461.0
NCSU,NC State,assistant_professor,90300.0
NCSU,NC State,professor,109443.0
NCSU,NC State,associate_professor,127205.0
NCSU,NC State,professor,166424.0
NCSU,NC State,professor,123326.0
NCSU,NC State,professor,145877.0
NCSU,NC State,associate_professor,133900.0
NCSU,NC State,assistant_professor,123600.0
NCSU,NC State,professor,147708.0
NCSU,NC State,assistant_professor,123600.0
NCSU,NC State,assistant_professor,128544.0
NCSU,NC State,associate_professor,114891.0
NCSU,NC State,assistant_professor,113616.0
NCSU,NC State,associate_professor,136936.0
NCSU,NC State,professor,122317.0
NCSU,NC State,professor,190504.0
NCSU,NC State,assistant_professor,96408.0
NCSU,NC State,professor,189000.0
NCSU,NC State,assistant_professor,109468.0
NCSU,NC State,associate_professor,105000.0
NCSU,NC State,professor,175868.0
NCSU,NC State,professor,163922.0
NCSU,NC State,assistant_professor,106981.0
NCSU,NC State,professor,198076.0
NCSU,NC State,assistant_professor,57783.0
NCSU,NC State,professor,200000.0
NCSU,NC State,associate_professor,100069.0
NCSU,NC State,assistant_professor,130151.0
NCSU,NC State,professor,155378.0
NCSU,NC State,associate_professor,93479.0
NCSU,NC State,professor,192816.0
NCSU,NC State,lecturer,67339.0
NCSU,NC State,lecturer,85000.0
NCSU,NC State,associate_professor,103235.0
NCSU,NC State,associate_professor,103589.0
NCSU,NC State,professor,136805.0
NCSU,NC State,professor,127249.0
NCSU,NC State,assistant_professor,131421.0
NCSU,NC State,associate_professor,136296.0
NCSU,NC State,professor,184026.0
NCSU,NC State,professor,145829.0
NCSU,NC State,professor,145887.0
NCSU,NC State,assistant_professor,55680.0
NCSU,NC State,professor,130522.0
NCSU,NC State,professor,250287.0
NCSU,NC State,assistant_professor,72000.0
NCSU,NC State,associate_professor,115731.0
NCSU,NC State,assistant_professor,109000.0
NCSU,NC State,administrator,207963.0
NCSU,NC State,administrator,205616.0
NCSU,NC State,professor,155657.0
NCSU,NC State,professor,127388.0
NCSU,NC State,associate_professor,61228.0
NCSU,NC State,assistant_professor,98880.0
NCSU,NC State,professor,158966.0
NCSU,NC State,administrator,207070.0
NCSU,NC State,assistant_professor,105000.0
NCSU,NC State,assistant_professor,98550.0
NCSU,NC State,associate_professor,105769.0
NCSU,NC State,professor,176491.0
NCSU,NC State,professor,152653.0
NCSU,NC State,assistant_professor,121500.0
NCSU,NC State,assistant_professor,96408.0
NCSU,NC State,professor,164436.0
NCSU,NC State,assistant_professor,106981.0
NCSU,NC State,professor,226600.0
NCSU,NC State,assistant_professor,108856.0
NCSU,NC State,professor,208012.0
NCSU,NC State,associate_professor,98549.0
NCSU,NC State,lecturer,73347.0
NCSU,NC State,professor,110000.0
NCSU,NC State,assistant_professor,94416.0
NCSU,NC State,assistant_professor,185000.0
NCSU,NC State,associate_professor,128544.0
NCSU,NC State,professor,166036.0
NCSU,NC State,associate_professor,149350.0
NCSU,NC State,professor,121563.0
NCSU,NC State,associate_professor,120189.0
NCSU,NC State,professor,197916.0
UNC-CH,UNC Chapel Hill,associate_professor,199000.0
UNC-CH,UNC Chapel Hill,administrator,145000.0
UNC-CH,UNC Chapel Hill,professor,157476.0
UNC-CH,UNC Chapel Hill,associate_professor,62710.0
UNC-CH,UNC Chapel Hill,professor,130482.0
UNC-CH,UNC Chapel Hill,associate_professor,205000.0
UNC-CH,UNC Chapel Hill,professor,69734.0
UNC-CH,UNC Chapel Hill,associate_professor,231249.0
UNC-CH,UNC Chapel Hill,professor,150648.0
UNC-CH,UNC Chapel Hill,associate_professor,121706.0
UNC-CH,UNC Chapel Hill,administrator,428480.0
UNC-CH,UNC Chapel Hill,professor,151642.0
UNC-CH,UNC Chapel Hill,assistant_professor,119904.0
UNC-CH,UNC Chapel Hill,professor,117444.0
UNC-CH,UNC Chapel Hill,professor,214834.0
UNC-CH,UNC Chapel Hill,associate_professor,166200.0
UNC-CH,UNC Chapel Hill,associate_professor,285548.0
UNC-CH,UNC Chapel Hill,professor,121390.2
UNC-CH,UNC Chapel Hill,professor,125303.0
UNC-CH,UNC Chapel Hill,professor,150069.0
UNC-CH,UNC Chapel Hill,professor,184781.0
UNC-CH,UNC Chapel Hill,professor,172647.76
UNC-CH,UNC Chapel Hill,professor,154500.0
UNC-CH,UNC Chapel Hill,professor,286468.0
UNC-CH,UNC Chapel Hill,professor,118899.75
UNC-CH,UNC Chapel Hill,professor,213786.0
UNC-CH,UNC Chapel Hill,associate_professor,58089.0
UNC-CH,UNC Chapel Hill,professor,198581.0
UNC-CH,UNC Chapel Hill,professor,452771.0
UNC-CH,UNC Chapel Hill,professor,133846.0
UNC-CH,UNC Chapel Hill,assistant_professor,110000.0
UNC-CH,UNC Chapel Hill,professor,133900.0
UNC-CH,UNC Chapel Hill,professor,270000.0
UNC-CH,UNC Chapel Hill,associate_professor,121188.0
UNC-CH,UNC Chapel Hill,associate_professor,448746.0
UNC-CH,UNC Chapel Hill,professor,114581.0
UNC-CH,UNC Chapel Hill,lecturer,75322.0
UNC-CH,UNC Chapel Hill,associate_professor,155221.0
UNC-CH,UNC Chapel Hill,associate_professor,126690.0
UNC-CH,UNC Chapel Hill,associate_professor,76500.0
UNC-CH,UNC Chapel Hill,lecturer,149927.0
UNC-CH,UNC Chapel Hill,professor,132174.0
UNC-CH,UNC Chapel Hill,associate_professor,144156.0
UNC-CH,UNC Chapel Hill,associate_professor,200000.0
UNC-CH,UNC Chapel Hill,professor,154793.0
UNC-CH,UNC Chapel Hill,professor,144612.0
UNC-CH,UNC Chapel Hill,professor,158506.0
UNC-CH,UNC Chapel Hill,lecturer,84281.0
UNC-CH,UNC Chapel Hill,professor,364748.0
UNC-CH,UNC Chapel Hill,professor,138531.0
UNC-CH,UNC Chapel Hill,professor,259351.0
UNC-CH,UNC Chapel Hill,professor,136219.0
UNC-CH,UNC Chapel Hill,associate_professor,169041.0
UNC-CH,UNC Chapel Hill,lecturer,89034.97
UNC-CH,UNC Chapel Hill,associate_professor,102812.0
UNC-CH,UNC Chapel Hill,professor,180579.0
UNC-CH,UNC Chapel Hill,professor,115228.2
UNC-CH,UNC Chapel Hill,associate_professor,90838.0
UNC-CH,UNC Chapel Hill,assistant_professor,240233.0
UNC-CH,UNC Chapel Hill,assistant_professor,220000.0
UNC-CH,UNC Chapel Hill,professor,205850.0
UNC-CH,UNC Chapel Hill,lecturer,193119.0
UNC-CH,UNC Chapel Hill,associate_professor,94500.0
UNC-CH,UNC Chapel Hill,assistant_professor,228800.0
UNC-CH,UNC Chapel Hill,assistant_professor,209307.0
UNC-CH,UNC Chapel Hill,assistant_professor,285000.0
UNC-CH,UNC Chapel Hill,assistant_professor,185000.0
UNC-CH,UNC Chapel Hill,associate_professor,162991.0
UNC-CH,UNC Chapel Hill,assistant_professor,206783.0
UNC-CH,UNC Chapel Hill,assistant_professor,102000.0
UNC-CH,UNC Chapel Hill,assistant_professor,80327.0
UNC-CH,UNC Chapel Hill,assistant_professor,234566.0
UNC-CH,UNC Chapel Hill,professor,84191.0
UNC-CH,UNC Chapel Hill,associate_professor,201900.0
UNC-CH,UNC Chapel Hill,lecturer,84281.0
UNC-CH,UNC Chapel Hill,associate_professor,175100.0
UNC-CH,UNC Chapel Hill,associate_professor,190000.0
UNC-CH,UNC Chapel Hill,assistant_professor,125000.0
UNC-CH,UNC Chapel Hill,assistant_professor,420000.0
UNC-CH,UNC Chapel Hill,assistant_professor,220774.0
UNC-CH,UNC Chapel Hill,associate_professor,57560.0
UNC-CH,UNC Chapel Hill,associate_professor,135000.0
UNC-CH,UNC Chapel Hill,associate_professor,370000.0
UNC-CH,UNC Chapel Hill,assistant_professor,75378.0
UNC-CH,UNC Chapel Hill,professor,108344.0
UNC-CH,UNC Chapel Hill,associate_professor,171435.0
UNC-CH,UNC Chapel Hill,professor,169141.0
UNC-CH,UNC Chapel Hill,assistant_professor,306000.0
UNC-CH,UNC Chapel Hill,assistant_professor,220774.0
UNC-CH,UNC Chapel Hill,assistant_professor,88317.0
UNC-CH,UNC Chapel Hill,associate_professor,61363.0
UNC-CH,UNC Chapel Hill,associate_professor,212000.0
UNC-CH,UNC Chapel Hill,lecturer,88400.0
UNC-CH,UNC Chapel Hill,assistant_professor,215000.0
UNC-CH,UNC Chapel Hill,lecturer,148100.0
UNC-CH,UNC Chapel Hill,assistant_professor,112301.0
UNC-CH,UNC Chapel Hill,professor,265000.0
UNC-CH,UNC Chapel Hill,assistant_professor,95070.0
UNC-CH,UNC Chapel Hill,assistant_professor,169129.0
UNC-CH,UNC Chapel Hill,associate_professor,185700.0
UNC-CH,UNC Chapel Hill,professor,206000.0
UNC-CH,UNC Chapel Hill,assistant_professor,90000.0
UNC-CH,UNC Chapel Hill,assistant_professor,198172.0
UNC-CH,UNC Chapel Hill,assistant_professor,145000.0
UNC-CH,UNC Chapel Hill,associate_professor,194613.0
UNC-CH,UNC Chapel Hill,assistant_professor,102000.0
UNC-CH,UNC Chapel Hill,assistant_professor,115803.0
UNC-CH,UNC Chapel Hill,assistant_professor,79299.0
UNC-CH,UNC Chapel Hill,associate_professor,130000.0
UNC-CH,UNC Chapel Hill,assistant_professor,105000.0
UNC-CH,UNC Chapel Hill,assistant_professor,99000.0
UNC-CH,UNC Chapel Hill,professor,90051.0
UNC-CH,UNC Chapel Hill,assistant_professor,98000.0
UNC-CH,UNC Chapel Hill,associate_professor,315000.0
UNC-CH,UNC Chapel Hill,associate_professor,133952.0
UNC-CH,UNC Chapel Hill,assistant_professor,182500.0
UNC-CH,UNC Chapel Hill,assistant_professor,47707.0
UNC-CH,UNC Chapel Hill,professor,73577.0
UNC-CH,UNC Chapel Hill,associate_professor,103195.0
UNC-CH,UNC Chapel Hill,associate_professor,126482.0
UNC-CH,UNC Chapel Hill,lecturer,63000.0
UNC-CH,UNC Chapel Hill,assistant_professor,270000.0
UNC-CH,UNC Chapel Hill,assistant_professor,93481.0
UNC-CH,UNC Chapel Hill,associate_professor,340055.0
UNC-CH,UNC Chapel Hill,professor,295000.0
UNC-CH,UNC Chapel Hill,associate_professor,319660.0
UNC-CH,UNC Chapel Hill,associate_professor,128000.0
UNC-CH,UNC Chapel Hill,assistant_professor,88000.0
UNC-CH,UNC Chapel Hill,assistant_professor,62500.0
UNC-CH,UNC Chapel Hill,assistant_professor,371015.0
UNC-CH,UNC Chapel Hill,assistant_professor,220774.0
UNC-CH,UNC Chapel Hill,assistant_professor,234000.0
UNC-CH,UNC Chapel Hill,professor,293550.0
UNC-CH,UNC Chapel Hill,professor,347468.0
UNC-CH,UNC Chapel Hill,professor,100800.0
UNC-CH,UNC Chapel Hill,assistant_professor,232804.0
UNC-CH,UNC Chapel Hill,associate_professor,123771.0
UNC-CH,UNC Chapel Hill,associate_professor,61881.0
UNC-CH,UNC Chapel Hill,assistant_professor,136990.0
UNC-CH,UNC Chapel Hill,associate_professor,115061.0
UNC-CH,UNC Chapel Hill,assistant_professor,86000.0
UNC-CH,UNC Chapel Hill,assistant_professor,154500.0
UNC-CH,UNC Chapel Hill,professor,335000.0
UNC-CH,UNC Chapel Hill,administrator,200850.0
UNC-CH,UNC Chapel Hill,professor,116269.0
UNC-CH,UNC Chapel Hill,administrator,217005.0
UNC-CH,UNC Chapel Hill,professor,148703.0
UNC-CH,UNC Chapel Hill,associate_professor,430601.0
UNC-CH,UNC Chapel Hill,associate_professor,154186.0
UNC-CH,UNC Chapel Hill,assistant_professor,110000.0
UNC-CH,UNC Chapel Hill,professor,375796.0
UNC-CH,UNC Chapel Hill,professor,238244.0
UNC-CH,UNC Chapel Hill,assistant_professor,130000.0
UNC-CH,UNC Chapel Hill,associate_professor,124308.0
UNC-CH,UNC Chapel Hill,associate_professor,63734.0
UNC-CH,UNC Chapel Hill,professor,171223.0
UNC-CH,UNC Chapel Hill,professor,136624.0
UNC-CH,UNC Chapel Hill,professor,155331.0
UNC-CH,UNC Chapel Hill,professor,144281.0
UNC-CH,UNC Chapel Hill,associate_professor,120643.0
UNC-CH,UNC Chapel Hill,professor,535000.0
UNC-CH,UNC Chapel Hill,administrator,195700.0
UNC-CH,UNC Chapel Hill,professor,234593.0
UNC-CH,UNC Chapel Hill,professor,380000.0
UNC-CH,UNC Chapel Hill,associate_professor,124923.0
UNC-CH,UNC Chapel Hill,professor,154791.0
UNC-CH,UNC Chapel Hill,professor,345224.0
UNC-CH,UNC Chapel Hill,professor,204269.0
UNC-CH,UNC Chapel Hill,associate_professor,93238.0
UNC-CH,UNC Chapel Hill,professor,349730.0
UNC-CH,UNC Chapel Hill,lecturer,86295.0
UNC-CH,UNC Chapel Hill,professor,148655.0
UNC-CH,UNC Chapel Hill,professor,191250.0
UNC-CH,UNC Chapel Hill,professor,161854.0
UNC-CH,UNC Chapel Hill,professor,137942.0
UNC-CH,UNC Chapel Hill,professor,80465.0
UNC-CH,UNC Chapel Hill,associate_professor,142737.0
UNC-CH,UNC Chapel Hill,professor,127549.0
UNC-CH,UNC Chapel Hill,associate_professor,155592.52
UNC-CH,UNC Chapel Hill,assistant_professor,130000.0
UNC-CH,UNC Chapel Hill,associate_professor,104949.0
UNC-CH,UNC Chapel Hill,professor,365000.0
UNC-CH,UNC Chapel Hill,professor,138400.0
UNC-CH,UNC Chapel Hill,professor,165828.0
UNC-CH,UNC Chapel Hill,professor,160602.0
UNC-CH,UNC Chapel Hill,professor,153237.0
UNC-CH,UNC Chapel Hill,associate_professor,127537.0
UNC-CH,UNC Chapel Hill,associate_professor,208408.0
UNC-CH,UNC Chapel Hill,professor,310315.0
UNC-CH,UNC Chapel Hill,associate_professor,101425.0
UNC-CH,UNC Chapel Hill,professor,354548.0
UNC-CH,UNC Chapel Hill,professor,137745.0
UNC-CH,UNC Chapel Hill,assistant_professor,305000.0
UNC-CH,UNC Chapel Hill,professor,507422.0
UNC-CH,UNC Chapel Hill,associate_professor,228278.0
UNC-CH,UNC Chapel Hill,associate_professor,126690.0
UNC-CH,UNC Chapel Hill,associate_professor,77306.0
UNC-CH,UNC Chapel Hill,professor,176810.0
UNC-CH,UNC Chapel Hill,assistant_professor,69174.0
UNC-CH,UNC Chapel Hill,associate_professor,95878.0
UNC-CH,UNC Chapel Hill,associate_professor,125823.0
UNC-CH,UNC Chapel Hill,professor,270119.0
UNC-CH,UNC Chapel Hill,assistant_professor,52000.0
UNC-CH,UNC Chapel Hill,associate_professor,99451.0
UNC-CH,UNC Chapel Hill,associate_professor,158355.0
UNC-CH,UNC Chapel Hill,associate_professor,107566.0
UNC-CH,UNC Chapel Hill,professor,463616.0
UNC-CH,UNC Chapel Hill,assistant_professor,215888.0
UNC-CH,UNC Chapel Hill,associate_professor,149979.0
UNC-CH,UNC Chapel Hill,professor,269502.73
UNC-CH,UNC Chapel Hill,professor,180901.0
UNC-CH,UNC Chapel Hill,associate_professor,315264.0
UNC-CH,UNC Chapel Hill,associate_professor,97604.0
UNC-CH,UNC Chapel Hill,professor,197101.0
UNC-CH,UNC Chapel Hill,associate_professor,118032.0
UNC-CH,UNC Chapel Hill,professor,155522.0
UNC-CH,UNC Chapel Hill,professor,185271.0
UNC-CH,UNC Chapel Hill,professor,251000.0
UNC-CH,UNC Chapel Hill,professor,148512.0
UNC-CH,UNC Chapel Hill,professor,224873.0
UNC-CH,UNC Chapel Hill,professor,114309.0
UNC-CH,UNC Chapel Hill,professor,92989.0
UNC-CH,UNC Chapel Hill,associate_professor,200631.0
UNC-CH,UNC Chapel Hill,professor,290000.0
UNC-CH,UNC Chapel Hill,professor,285825.0
UNC-CH,UNC Chapel Hill,professor,437291.0
UNC-CH,UNC Chapel Hill,professor,266360.0
UNC-CH,UNC Chapel Hill,associate_professor,249541.84
UNC-CH,UNC Chapel Hill,professor,225515.0
UNC-CH,UNC Chapel Hill,professor,158169.0
UNC-CH,UNC Chapel Hill,associate_professor,250000.0
UNC-CH,UNC Chapel Hill,professor,136887.0
UNC-CH,UNC Chapel Hill,associate_professor,281355.0
UNC-CH,UNC Chapel Hill,professor,392753.0
UNC-CH,UNC Chapel Hill,professor,195308.0
UNC-CH,UNC Chapel Hill,professor,335711.0
UNC-CH,UNC Chapel Hill,professor,169567.0
UNC-CH,UNC Chapel Hill,professor,335000.0
UNC-CH,UNC Chapel Hill,associate_professor,115000.0
UNC-CH,UNC Chapel Hill,professor,139486.0
UNC-CH,UNC Chapel Hill,professor,391414.0
UNC-CH,UNC Chapel Hill,professor,153071.0
UNC-CH,UNC Chapel Hill,professor,138056.0
UNC-CH,UNC Chapel Hill,professor,280182.0
UNC-CH,UNC Chapel Hill,professor,241200.0
UNC-CH,UNC Chapel Hill,professor,476336.0
UNC-CH,UNC Chapel Hill,professor,162175.0
UNC-CH,UNC Chapel Hill,professor,89943.0
UNC-CH,UNC Chapel Hill,professor,254975.0
UNC-CH,UNC Chapel Hill,associate_professor,189924.0
UNC-CH,UNC Chapel Hill,assistant_professor,206783.0
UNC-CH,UNC Chapel Hill,associate_professor,164100.0
UNC-CH,UNC Chapel Hill,associate_professor,106065.0
UNC-CH,UNC Chapel Hill,assistant_professor,134758.0
UNC-CH,UNC Chapel Hill,assistant_professor,84975.0
UNC-CH,UNC Chapel Hill,assistant_professor,100000.0
UNC-CH,UNC Chapel Hill,assistant_professor,115859.0
UNC-CH,UNC Chapel Hill,lecturer,97151.6
UNC-CH,UNC Chapel Hill,assistant_professor,215000.0
UNC-CH,UNC Chapel Hill,associate_professor,244328.0
UNC-CH,UNC Chapel Hill,associate_professor,128544.0
UNC-CH,UNC Chapel Hill,associate_professor,159650.0
UNC-CH,UNC Chapel Hill,professor,148320.0
UNC-CH,UNC Chapel Hill,assistant_professor,102000.0
UNC-CH,UNC Chapel Hill,assistant_professor,80326.71
UNC-CH,UNC Chapel Hill,associate_professor,315000.0
UNC-CH,UNC Chapel Hill,assistant_professor,66950.0
UNC-CH,UNC Chapel Hill,assistant_professor,398979.0
UNC-CH,UNC Chapel Hill,associate_professor,138157.0
UNC-CH,UNC Chapel Hill,lecturer,154500.0
UNC-CH,UNC Chapel Hill,associate_professor,135000.0
UNC-CH,UNC Chapel Hill,professor,239952.0
UNC-CH,UNC Chapel Hill,assistant_professor,89254.0
UNC-CH,UNC Chapel Hill,administrator,329600.0
UNC-CH,UNC Chapel Hill,associate_professor,120000.0
UNC-CH,UNC Chapel Hill,associate_professor,319660.0
UNC-CH,UNC Chapel Hill,lecturer,75772.0
UNC-CH,UNC Chapel Hill,assistant_professor,84460.0
UNC-CH,UNC Chapel Hill,associate_professor,91282.81
UNC-CH,UNC Chapel Hill,professor,335000.0
UNC-CH,UNC Chapel Hill,professor,146690.0
UNC-CH,UNC Chapel Hill,professor,379319.0
UNC-CH,UNC Chapel Hill,associate_professor,139096.0
UNC-CH,UNC Chapel Hill,associate_professor,206908.26
UNC-CH,UNC Chapel Hill,assistant_professor,144200.0
UNC-CH,UNC Chapel Hill,associate_professor,115548.0
UNC-CH,UNC Chapel Hill,assistant_professor,80340.0
UNC-CH,UNC Chapel Hill,professor,230000.0
UNC-CH,UNC Chapel Hill,associate_professor,123600.0
UNC-CH,UNC Chapel Hill,professor,202591.0
UNC-CH,UNC Chapel Hill,assistant_professor,80000.0
UNC-CH,UNC Chapel Hill,associate_professor,231209.0
UNC-CH,UNC Chapel Hill,assistant_professor,375225.0
UNC-CH,UNC Chapel Hill,professor,171460.0
UNC-CH,UNC Chapel Hill,professor,221967.0
UNC-CH,UNC Chapel Hill,assistant_professor,179000.0
UNC-CH,UNC Chapel Hill,professor,145693.0
UNC-CH,UNC Chapel Hill,professor,285516.0
UNC-CH,UNC Chapel Hill,assistant_professor,291800.0
UNC-CH,UNC Chapel Hill,assistant_professor,120000.0
UNC-CH,UNC Chapel Hill,associate_professor,361436.0
UNC-CH,UNC Chapel Hill,associate_professor,77724.0
UNC-CH,UNC Chapel Hill,associate_professor,116470.0
UNC-CH,UNC Chapel Hill,lecturer,79500.0
UNC-CH,UNC Chapel Hill,associate_professor,129200.0
UNC-CH,UNC Chapel Hill,associate_professor,238617.0
UNC-CH,UNC Chapel Hill,assistant_professor,142050.0
UNC-CH,UNC Chapel Hill,lecturer,88400.0
UNC-CH,UNC Chapel Hill,lecturer,79300.0
UNC-CH,UNC Chapel Hill,assistant_professor,92500.0
UNC-CH,UNC Chapel Hill,lecturer,181108.0
UNC-CH,UNC Chapel Hill,professor,257088.0
UNC-CH,UNC Chapel Hill,assistant_professor,165581.0
UNC-CH,UNC Chapel Hill,assistant_professor,273156.0
UNC-CH,UNC Chapel Hill,professor,145000.0
UNC-CH,UNC Chapel Hill,lecturer,57000.0
UNC-CH,UNC Chapel Hill,assistant_professor,147734.0
UNC-CH,UNC Chapel Hill,lecturer,110000.0
UNC-CH,UNC Chapel Hill,assistant_professor,340000.0
UNC-CH,UNC Chapel Hill,assistant_professor,133900.0
UNC-CH,UNC Chapel Hill,professor,298793.0
UNC-CH,UNC Chapel Hill,assistant_professor,220000.0
UNC-CH,UNC Chapel Hill,assistant_professor,90000.0
UNC-CH,UNC Chapel Hill,associate_professor,81807.0
UNC-CH,UNC Chapel Hill,assistant_professor,234566.0
UNC-CH,UNC Chapel Hill,associate_professor,320000.0
UNC-CH,UNC Chapel Hill,assistant_professor,53560.0
UNC-CH,UNC Chapel Hill,associate_professor,101932.0
UNC-CH,UNC Chapel Hill,associate_professor,271828.0
UNC-CH,UNC Chapel Hill,associate_professor,124170.0
UNC-CH,UNC Chapel Hill,associate_professor,150000.0
UNC-CH,UNC Chapel Hill,assistant_professor,144612.0
UNC-CH,UNC Chapel Hill,associate_professor,105850.0
UNC-CH,UNC Chapel Hill,associate_professor,94554.0
UNC-CH,UNC Chapel Hill,assistant_professor,138587.0
UNC-CH,UNC Chapel Hill,lecturer,97151.6
UNC-CH,UNC Chapel Hill,assistant_professor,102835.0
UNC-CH,UNC Chapel Hill,professor,335000.0
UNC-CH,UNC Chapel Hill,assistant_professor,101764.0
UNC-CH,UNC Chapel Hill,assistant_professor,242661.0
UNC-CH,UNC Chapel Hill,lecturer,164174.0
UNC-CH,UNC Chapel Hill,assistant_professor,270000.0
UNC-CH,UNC Chapel Hill,associate_professor,274595.0
UNC-CH,UNC Chapel Hill,administrator,204932.0
UNC-CH,UNC Chapel Hill,assistant_professor,64442.0
UNC-CH,UNC Chapel Hill,professor,190000.0
UNC-CH,UNC Chapel Hill,lecturer,85000.0
UNC-CH,UNC Chapel Hill,associate_professor,439402.0
UNC-CH,UNC Chapel Hill,professor,148618.0
UNC-CH,UNC Chapel Hill,associate_professor,315000.0
UNC-CH,UNC Chapel Hill,assistant_professor,72000.0
UNC-CH,UNC Chapel Hill,associate_professor,309120.0
UNC-CH,UNC Chapel Hill,professor,572730.0
UNC-CH,UNC Chapel Hill,assistant_professor,88375.0
UNC-CH,UNC Chapel Hill,assistant_professor,196105.0
UNC-CH,UNC Chapel Hill,administrator,195700.0
UNC-CH,UNC Chapel Hill,assistant_professor,94801.0
UNC-CH,UNC Chapel Hill,associate_professor,525000.0
UNC-CH,UNC Chapel Hill,assistant_professor,100000.0
UNC-CH,UNC Chapel Hill,assistant_professor,187850.0
UNC-CH,UNC Chapel Hill,lecturer,82000.0
UNC-CH,UNC Chapel Hill,professor,292500.0
UNC-CH,UNC Chapel Hill,professor,165000.0
UNC-CH,UNC Chapel Hill,assistant_professor,84460.0
UNC-CH,UNC Chapel Hill,lecturer,93186.0
UNC-CH,UNC Chapel Hill,assistant_professor,111000.0
UNC-CH,UNC Chapel Hill,assistant_professor,200518.0
UNC-CH,UNC Chapel Hill,assistant_professor,177830.0
UNC-CH,UNC Chapel Hill,associate_professor,210000.0
UNC-CH,UNC Chapel Hill,assistant_professor,174000.0
UNC-CH,UNC Chapel Hill,professor,204487.0
UNC-CH,UNC Chapel Hill,associate_professor,216379.0
UNC-CH,UNC Chapel Hill,associate_professor,202614.0
UNC-CH,UNC Chapel Hill,assistant_professor,120166.0
UNC-CH,UNC Chapel Hill,associate_professor,199190.0
UNC-CH,UNC Chapel Hill,associate_professor,116413.0
UNC-CH,UNC Chapel Hill,assistant_professor,206783.0
UNC-CH,UNC Chapel Hill,associate_professor,124444.0
UNC-CH,UNC Chapel Hill,assistant_professor,202613.0
UNC-CH,UNC Chapel Hill,professor,266360.0
UNC-CH,UNC Chapel Hill,professor,110038.0
UNC-CH,UNC Chapel Hill,assistant_professor,54000.0
UNC-CH,UNC Chapel Hill,assistant_professor,96445.08
UNC-CH,UNC Chapel Hill,assistant_professor,128139.0
UNC-CH,UNC Chapel Hill,assistant_professor,216300.0
UNC-CH,UNC Chapel Hill,assistant_professor,191367.0
UNC-CH,UNC Chapel Hill,associate_professor,45000.0
UNC-CH,UNC Chapel Hill,associate_professor,160680.0
UNC-CH,UNC Chapel Hill,professor,499844.0
UNC-CH,UNC Chapel Hill,assistant_professor,207727.0
UNC-CH,UNC Chapel Hill,assistant_professor,84000.0
UNC-CH,UNC Chapel Hill,lecturer,75140.0
UNC-CH,UNC Chapel Hill,assistant_professor,64800.0
UNC-CH,UNC Chapel Hill,associate_professor,116178.0
UNC-CH,UNC Chapel Hill,administrator,196654.0
UNC-CH,UNC Chapel Hill,administrator,510134.0
UNC-CH,UNC Chapel Hill,assistant_professor,136578.0
UNC-CH,UNC Chapel Hill,assistant_professor,86000.0
UNC-CH,UNC Chapel Hill,lecturer,110251.0
UNC-CH,UNC Chapel Hill,assistant_professor,182714.6
UNC-CH,UNC Chapel Hill,assistant_professor,126188.0
UNC-CH,UNC Chapel Hill,professor,190000.0
UNC-CH,UNC Chapel Hill,associate_professor,183336.0
UNC-CH,UNC Chapel Hill,assistant_professor,66000.0
UNC-CH,UNC Chapel Hill,assistant_professor,112070.0
UNC-CH,UNC Chapel Hill,lecturer,61285.0
UNC-CH,UNC Chapel Hill,professor,160006.0
UNC-CH,UNC Chapel Hill,associate_professor,129200.0
UNC-CH,UNC Chapel Hill,professor,450000.0
UNC-CH,UNC Chapel Hill,assistant_professor,80327.0
UNC-CH,UNC Chapel Hill,assistant_professor,99000.0
UNC-CH,UNC Chapel Hill,assistant_professor,270000.0
UNC-CH,UNC Chapel Hill,professor,263099.0
UNC-CH,UNC Chapel Hill,associate_professor,139676.0
UNC-CH,UNC Chapel Hill,assistant_professor,270000.0
UNC-CH,UNC Chapel Hill,professor,250000.0
UNC-CH,UNC Chapel Hill,professor,271630.0
UNC-CH,UNC Chapel Hill,associate_professor,169950.0
UNC-CH,UNC Chapel Hill,professor,76063.0
UNC-CH,UNC Chapel Hill,assistant_professor,135000.0
UNC-CH,UNC Chapel Hill,professor,209402.0
UNC-CH,UNC Chapel Hill,associate_professor,140000.0
UNC-CH,UNC Chapel Hill,assistant_professor,290000.0
UNC-CH,UNC Chapel Hill,lecturer,85564.7
UNC-CH,UNC Chapel Hill,associate_professor,448476.0
UNC-CH,UNC Chapel Hill,associate_professor,192693.0
UNC-CH,UNC Chapel Hill,assistant_professor,75000.0
UNC-CH,UNC Chapel Hill,associate_professor,266269.0
UNC-CH,UNC Chapel Hill,professor,452771.0
UNC-CH,UNC Chapel Hill,lecturer,61285.0
UNC-CH,UNC Chapel Hill,associate_professor,78074.0
UNC-CH,UNC Chapel Hill,lecturer,88400.0
UNC-CH,UNC Chapel Hill,assistant_professor,107120.0
UNC-CH,UNC Chapel Hill,lecturer,79300.0
UNC-CH,UNC Chapel Hill,associate_professor,407708.0
UNC-CH,UNC Chapel Hill,assistant_professor,128140.0
UNC-CH,UNC Chapel Hill,assistant_professor,127600.0
UNC-CH,UNC Chapel Hill,assistant_professor,187460.0
UNC-CH,UNC Chapel Hill,associate_professor,129200.0
UNC-CH,UNC Chapel Hill,assistant_professor,100693.0
UNC-CH,UNC Chapel Hill,professor,200202.0
UNC-CH,UNC Chapel Hill,associate_professor,45090.0
UNC-CH,UNC Chapel Hill,associate_professor,129999.0
UNC-CH,UNC Chapel Hill,professor,89000.0
UNC-CH,UNC Chapel Hill,associate_professor,202000.0
UNC-CH,UNC Chapel Hill,professor,260000.0
UNC-CH,UNC Chapel Hill,associate_professor,101913.0
UNC-CH,UNC Chapel Hill,professor,206437.0
UNC-CH,UNC Chapel Hill,assistant_professor,91800.0
UNC-CH,UNC Chapel Hill,assistant_professor,223320.0
UNC-CH,UNC Chapel Hill,lecturer,100000.0
UNC-CH,UNC Chapel Hill,professor,135954.0
UNC-CH,UNC Chapel Hill,professor,138432.0
UNC-CH,UNC Chapel Hill,professor,204343.0
UNC-CH,UNC Chapel Hill,professor,148850.0
UNC-CH,UNC Chapel Hill,professor,437000.0
UNC-CH,UNC Chapel Hill,assistant_professor,99000.0
UNC-CH,UNC Chapel Hill,professor,69850.0
UNC-CH,UNC Chapel Hill,professor,335096.0
UNC-CH,UNC Chapel Hill,professor,121394.0
UNC-CH,UNC Chapel Hill,associate_professor,235214.0
UNC-CH,UNC Chapel Hill,associate_professor,107104.0
UNC-CH,UNC Chapel Hill,professor,404091.0
UNC-CH,UNC Chapel Hill,professor,284103.0
UNC-CH,UNC Chapel Hill,professor,295340.0
UNC-CH,UNC Chapel Hill,assistant_professor,100940.0
UNC-CH,UNC Chapel Hill,associate_professor,150318.0
UNC-CH,UNC Chapel Hill,assistant_professor,135000.0
UNC-CH,UNC Chapel Hill,professor,196477.0
UNC-CH,UNC Chapel Hill,professor,155000.0
UNC-CH,UNC Chapel Hill,professor,288768.95
UNC-CH,UNC Chapel Hill,associate_professor,236900.0
UNC-CH,UNC Chapel Hill,professor,195000.0
UNC-CH,UNC Chapel Hill,assistant_professor,146775.0
UNC-CH,UNC Chapel Hill,lecturer,90000.0
UNC-CH,UNC Chapel Hill,professor,189342.0
UNC-CH,UNC Chapel Hill,professor,167503.0
UNC-CH,UNC Chapel Hill,professor,301626.0
UNC-CH,UNC Chapel Hill,assistant_professor,183887.0
UNC-CH,UNC Chapel Hill,professor,130295.0
UNC-CH,UNC Chapel Hill,associate_professor,120000.0
UNC-CH,UNC Chapel Hill,professor,146973.0
UNC-CH,UNC Chapel Hill,assistant_professor,172681.0
UNC-CH,UNC Chapel Hill,associate_professor,131736.0
UNC-CH,UNC Chapel Hill,professor,405000.0
UNC-CH,UNC Chapel Hill,professor,272686.0
UNC-CH,UNC Chapel Hill,professor,275000.0
UNC-CH,UNC Chapel Hill,professor,317666.67
UNC-CH,UNC Chapel Hill,assistant_professor,88500.0
UNC-CH,UNC Chapel Hill,associate_professor,287028.0
UNC-CH,UNC Chapel Hill,associate_professor,250400.0
UNC-CH,UNC Chapel Hill,associate_professor,285788.0
UNC-CH,UNC Chapel Hill,professor,69260.0
UNC-CH,UNC Chapel Hill,professor,365276.47
UNC-CH,UNC Chapel Hill,professor,186700.0
UNC-CH,UNC Chapel Hill,professor,369880.0
UNC-CH,UNC Chapel Hill,associate_professor,231249.0
UNC-CH,UNC Chapel Hill,professor,144724.0
UNC-CH,UNC Chapel Hill,professor,276671.0
UNC-CH,UNC Chapel Hill,administrator,216300.0
UNC-CH,UNC Chapel Hill,professor,145475.0
UNC-CH,UNC Chapel Hill,professor,180250.0
UNC-CH,UNC Chapel Hill,administrator,160000.0
UNC-CH,UNC Chapel Hill,assistant_professor,99397.0
UNC-CH,UNC Chapel Hill,professor,123778.0
UNC-CH,UNC Chapel Hill,professor,290000.0
UNC-CH,UNC Chapel Hill,professor,187096.0
UNC-CH,UNC Chapel Hill,professor,301500.0
UNC-CH,UNC Chapel Hill,associate_professor,93427.0
UNC-CH,UNC Chapel Hill,professor,177331.0
UNC-CH,UNC Chapel Hill,associate_professor,159650.0
UNC-CH,UNC Chapel Hill,associate_professor,236448.0
UNC-CH,UNC Chapel Hill,professor,159868.0
UNC-CH,UNC Chapel Hill,professor,157734.0
UNC-CH,UNC Chapel Hill,professor,317980.0
UNC-CH,UNC Chapel Hill,associate_professor,143206.0
UNC-CH,UNC Chapel Hill,professor,280000.0
UNC-CH,UNC Chapel Hill,professor,660000.0
UNC-CH,UNC Chapel Hill,assistant_professor,136996.0
UNC-CH,UNC Chapel Hill,assistant_professor,115288.0
UNC-CH,UNC Chapel Hill,professor,238014.0
UNC-CH,UNC Chapel Hill,professor,177979.0
UNC-CH,UNC Chapel Hill,assistant_professor,225000.0
UNC-CH,UNC Chapel Hill,professor,69573.0
UNC-CH,UNC Chapel Hill,associate_professor,129397.0
UNC-CH,UNC Chapel Hill,lecturer,233878.0
UNC-CH,UNC Chapel Hill,professor,192780.0
UNC-CH,UNC Chapel Hill,professor,68817.0
UNC-CH,UNC Chapel Hill,associate_professor,99603.0
UNC-CH,UNC Chapel Hill,lecturer,99713.0
UNC-CH,UNC Chapel Hill,associate_professor,60131.0
UNC-CH,UNC Chapel Hill,professor,190000.0
UNC-CH,UNC Chapel Hill,associate_professor,61704.0
UNC-CH,UNC Chapel Hill,associate_professor,495382.0
UNC-CH,UNC Chapel Hill,assistant_professor,312000.0
UNC-CH,UNC Chapel Hill,associate_professor,63734.0
UNC-CH,UNC Chapel Hill,assistant_professor,88580.0
UNC-CH,UNC Chapel Hill,associate_professor,249500.0
UNC-CH,UNC Chapel Hill,assistant_professor,89037.0
UNC-CH,UNC Chapel Hill,associate_professor,89577.0
UNC-CH,UNC Chapel Hill,assistant_professor,330000.0
UNC-CH,UNC Chapel Hill,assistant_professor,83500.0
UNC-CH,UNC Chapel Hill,associate_professor,192867.0
UNC-CH,UNC Chapel Hill,professor,145475.0
UNC-CH,UNC Chapel Hill,assistant_professor,234566.0
UNC-CH,UNC Chapel Hill,associate_professor,103000.0
UNC-CH,UNC Chapel Hill,associate_professor,157590.0
UNC-CH,UNC Chapel Hill,assistant_professor,221000.0
UNC-CH,UNC Chapel Hill,assistant_professor,184576.0
UNC-CH,UNC Chapel Hill,assistant_professor,103000.0
UNC-CH,UNC Chapel Hill,assistant_professor,247739.0
UNC-CH,UNC Chapel Hill,assistant_professor,153858.0
UNC-CH,UNC Chapel Hill,assistant_professor,69000.0
UNC-CH,UNC Chapel Hill,associate_professor,320000.0
UNC-CH,UNC Chapel Hill,assistant_professor,273000.0
UNC-CH,UNC Chapel Hill,professor,169141.0
UNC-CH,UNC Chapel Hill,assistant_professor,183600.0
UNC-CH,UNC Chapel Hill,assistant_professor,229692.5
UNC-CH,UNC Chapel Hill,assistant_professor,70500.0
UNC-CH,UNC Chapel Hill,professor,180901.0
UNC-CH,UNC Chapel Hill,assistant_professor,215000.0
UNC-CH,UNC Chapel Hill,assistant_professor,391000.0
UNC-CH,UNC Chapel Hill,assistant_professor,87400.0
UNC-CH,UNC Chapel Hill,assistant_professor,361604.0
UNC-CH,UNC Chapel Hill,assistant_professor,86005.0
UNC-CH,UNC Chapel Hill,assistant_professor,91508.0
UNC-CH,UNC Chapel Hill,associate_professor,346238.0
UNC-CH,UNC Chapel Hill,assistant_professor,245200.0
UNC-CH,UNC Chapel Hill,associate_professor,200673.0
UNC-CH,UNC Chapel Hill,assistant_professor,100940.0
UNC-CH,UNC Chapel Hill,assistant_professor,238450.0
UNC-CH,UNC Chapel Hill,lecturer,103799.0
UNC-CH,UNC Chapel Hill,assistant_professor,80327.0
UNC-CH,UNC Chapel Hill,associate_professor,386911.0
UNC-CH,UNC Chapel Hill,associate_professor,220000.0
UNC-CH,UNC Chapel Hill,assistant_professor,189685.0
UNC-CH,UNC Chapel Hill,professor,260000.0
UNC-CH,UNC Chapel Hill,assistant_professor,81334.98
UNC-CH,UNC Chapel Hill,assistant_professor,98800.0
UNC-CH,UNC Chapel Hill,professor,257304.0
UNC-CH,UNC Chapel Hill,assistant_professor,130810.0
UNC-CH,UNC Chapel Hill,assistant_professor,132730.0
UNC-CH,UNC Chapel Hill,professor,250723.0
UNC-CH,UNC Chapel Hill,assistant_professor,80326.7
UNC-CH,UNC Chapel Hill,professor,76912.0
UNC-CH,UNC Chapel Hill,assistant_professor,110000.0
UNC-CH,UNC Chapel Hill,associate_professor,228978.0
UNC-CH,UNC Chapel Hill,assistant_professor,127329.0
UNC-CH,UNC Chapel Hill,associate_professor,77801.0
UNC-CH,UNC Chapel Hill,assistant_professor,100000.0
UNC-CH,UNC Chapel Hill,professor,189342.0
UNC-CH,UNC Chapel Hill,associate_professor,241852.0
UNC-CH,UNC Chapel Hill,associate_professor,152000.0
UNC-CH,UNC Chapel Hill,assistant_professor,90321.0
UNC-CH,UNC Chapel Hill,associate_professor,274400.0
UNC-CH,UNC Chapel Hill,professor,249910.15
UNC-CH,UNC Chapel Hill,associate_professor,160680.0
UNC-CH,UNC Chapel Hill,associate_professor,231249.0
UNC-CH,UNC Chapel Hill,assistant_professor,87035.0
UNC-CH,UNC Chapel Hill,associate_professor,152845.0
UNC-CH,UNC Chapel Hill,professor,288915.0
UNC-CH,UNC Chapel Hill,assistant_professor,85233.0
UNC-CH,UNC Chapel Hill,associate_professor,535000.0
UNC-CH,UNC Chapel Hill,assistant_professor,127500.0
UNC-CH,UNC Chapel Hill,associate_professor,107120.0
UNC-CH,UNC Chapel Hill,assistant_professor,200518.0
UNC-CH,UNC Chapel Hill,associate_professor,144763.0
UNC-CH,UNC Chapel Hill,assistant_professor,123600.0
UNC-CH,UNC Chapel Hill,assistant_professor,103000.0
UNC-CH,UNC Chapel Hill,assistant_professor,206783.0
UNC-CH,UNC Chapel Hill,associate_professor,86788.0
UNC-CH,UNC Chapel Hill,assistant_professor,312000.0
UNC-CH,UNC Chapel Hill,assistant_professor,150000.0
UNC-CH,UNC Chapel Hill,assistant_professor,308600.0
UNC-CH,UNC Chapel Hill,assistant_professor,155324.0
UNC-CH,UNC Chapel Hill,assistant_professor,110000.0
UNC-CH,UNC Chapel Hill,associate_professor,131751.0
UNC-CH,UNC Chapel Hill,associate_professor,59649.0
UNC-CH,UNC Chapel Hill,professor,335000.0
UNC-CH,UNC Chapel Hill,associate_professor,128750.0
UNC-CH,UNC Chapel Hill,assistant_professor,198172.0
UNC-CH,UNC Chapel Hill,assistant_professor,250278.0
UNC-CH,UNC Chapel Hill,lecturer,55938.48
UNC-CH,UNC Chapel Hill,assistant_professor,275000.0
UNC-CH,UNC Chapel Hill,assistant_professor,91945.0
UNC-CH,UNC Chapel Hill,assistant_professor,102300.0
UNC-CH,UNC Chapel Hill,associate_professor,315000.0
UNC-CH,UNC Chapel Hill,professor,259910.04
UNC-CH,UNC Chapel Hill,assistant_professor,93000.0
UNC-CH,UNC Chapel Hill,assistant_professor,93000.0
UNC-CH,UNC Chapel Hill,professor,240000.0
UNC-CH,UNC Chapel Hill,lecturer,111724.34
UNC-CH,UNC Chapel Hill,professor,339578.0
UNC-CH,UNC Chapel Hill,lecturer,113905.0
UNC-CH,UNC Chapel Hill,assistant_professor,398979.0
UNC-CH,UNC Chapel Hill,associate_professor,128000.0
UNC-CH,UNC Chapel Hill,associate_professor,169552.0
UNC-CH,UNC Chapel Hill,assistant_professor,66950.0
UNC-CH,UNC Chapel Hill,professor,237593.0
UNC-CH,UNC Chapel Hill,assistant_professor,197750.0
UNC-CH,UNC Chapel Hill,assistant_professor,225500.0
UNC-CH,UNC Chapel Hill,assistant_professor,212000.0
UNC-CH,UNC Chapel Hill,assistant_professor,280000.0
UNC-CH,UNC Chapel Hill,associate_professor,281700.0
UNC-CH,UNC Chapel Hill,professor,185400.0
UNC-CH,UNC Chapel Hill,lecturer,147312.0
UNC-CH,UNC Chapel Hill,professor,171847.0
UNC-CH,UNC Chapel Hill,associate_professor,118450.0
UNC-CH,UNC Chapel Hill,assistant_professor,84460.0
UNC-CH,UNC Chapel Hill,assistant_professor,215000.0
UNC-CH,UNC Chapel Hill,assistant_professor,84460.0
UNC-CH,UNC Chapel Hill,assistant_professor,275211.0
UNC-CH,UNC Chapel Hill,associate_professor,154109.0
UNC-CH,UNC Chapel Hill,lecturer,104000.0
UNC-CH,UNC Chapel Hill,assistant_professor,80327.0
UNC-CH,UNC Chapel Hill,associate_professor,315000.0
UNC-CH,UNC Chapel Hill,lecturer,86590.0
UNC-CH,UNC Chapel Hill,lecturer,194160.0
UNC-CH,UNC Chapel Hill,associate_professor,241599.0
UNC-CH,UNC Chapel Hill,assistant_professor,70000.0
UNC-CH,UNC Chapel Hill,assistant_professor,65000.0
UNC-CH,UNC Chapel Hill,assistant_professor,84460.0
UNC-CH,UNC Chapel Hill,professor,263868.0
UNC-CH,UNC Chapel Hill,assistant_professor,270000.0
UNC-CH,UNC Chapel Hill,professor,250000.0
UNC-CH,UNC Chapel Hill,professor,81109.0
UNC-CH,UNC Chapel Hill,associate_professor,107353.0
UNC-CH,UNC Chapel Hill,assistant_professor,77000.0
UNC-CH,UNC Chapel Hill,assistant_professor,141415.0
UNC-CH,UNC Chapel Hill,assistant_professor,72000.0
UNC-CH,UNC Chapel Hill,professor,170000.0
UNC-CH,UNC Chapel Hill,assistant_professor,185400.0
UNC-CH,UNC Chapel Hill,assistant_professor,92821.0
UNC-CH,UNC Chapel Hill,assistant_professor,80327.0
UNC-CH,UNC Chapel Hill,professor,275000.0
UNC-CH,UNC Chapel Hill,assistant_professor,106600.0
UNC-CH,UNC Chapel Hill,assistant_professor,170000.0
UNC-CH,UNC Chapel Hill,assistant_professor,130050.0
UNC-CH,UNC Chapel Hill,assistant_professor,95481.0
UNC-CH,UNC Chapel Hill,assistant_professor,276712.0
UNC-CH,UNC Chapel Hill,associate_professor,149968.0
UNC-CH,UNC Chapel Hill,assistant_professor,94266.0
UNC-CH,UNC Chapel Hill,professor,245418.0
UNC-CH,UNC Chapel Hill,assistant_professor,343874.0
UNC-CH,UNC Chapel Hill,associate_professor,105000.0
UNC-CH,UNC Chapel Hill,lecturer,88400.0
UNC-CH,UNC Chapel Hill,administrator,327064.0
UNC-CH,UNC Chapel Hill,associate_professor,144300.0
UNC-CH,UNC Chapel Hill,professor,190146.0
UNC-CH,UNC Chapel Hill,associate_professor,249541.0
UNC-CH,UNC Chapel Hill,associate_professor,103710.0
UNC-CH,UNC Chapel Hill,assistant_professor,105000.0
UNC-CH,UNC Chapel Hill,assistant_professor,132651.0
UNC-CH,UNC Chapel Hill,assistant_professor,207727.0
UNC-CH,UNC Chapel Hill,assistant_professor,280000.0
UNC-CH,UNC Chapel Hill,assistant_professor,187500.0
UNC-CH,UNC Chapel Hill,associate_professor,158087.0
UNC-CH,UNC Chapel Hill,assistant_professor,100693.0
UNC-CH,UNC Chapel Hill,lecturer,72100.0
UNC-CH,UNC Chapel Hill,associate_professor,133900.0
UNC-CH,UNC Chapel Hill,assistant_professor,83450.0
UNC-CH,UNC Chapel Hill,associate_professor,150822.0
UNC-CH,UNC Chapel Hill,assistant_professor,133900.0
UNC-CH,UNC Chapel Hill,assistant_professor,55702.0
UNC-CH,UNC Chapel Hill,professor,318297.6
UNC-CH,UNC Chapel Hill,assistant_professor,290000.0
UNC-CH,UNC Chapel Hill,assistant_professor,180000.0
UNC-CH,UNC Chapel Hill,assistant_professor,62816.0
UNC-CH,UNC Chapel Hill,associate_professor,78328.0
UNC-CH,UNC Chapel Hill,assistant_professor,91855.0
UNC-CH,UNC Chapel Hill,associate_professor,118670.0
UNC-CH,UNC Chapel Hill,assistant_professor,89844.0
UNC-CH,UNC Chapel Hill,associate_professor,196104.5
UNC-CH,UNC Chapel Hill,administrator,153871.0
UNC-CH,UNC Chapel Hill,professor,550877.0
UNC-CH,UNC Chapel Hill,lecturer,209452.0
UNC-CH,UNC Chapel Hill,professor,278613.0
UNC-CH,UNC Chapel Hill,professor,321754.0
UNC-CH,UNC Chapel Hill,professor,154281.0
UNC-CH,UNC Chapel Hill,professor,156935.0
UNC-CH,UNC Chapel Hill,professor,259981.0
UNC-CH,UNC Chapel Hill,professor,334968.0
UNC-CH,UNC Chapel Hill,professor,154186.0
UNC-CH,UNC Chapel Hill,professor,154186.0
UNC-CH,UNC Chapel Hill,professor,133197.0
UNC-CH,UNC Chapel Hill,associate_professor,240000.0
UNC-CH,UNC Chapel Hill,associate_professor,114635.0
UNC-CH,UNC Chapel Hill,associate_professor,85106.0
UNC-CH,UNC Chapel Hill,professor,275000.0
UNC-CH,UNC Chapel Hill,administrator,518312.0
UNC-CH,UNC Chapel Hill,professor,106654.0
UNC-CH,UNC Chapel Hill,associate_professor,326065.0
UNC-CH,UNC Chapel Hill,professor,345839.0
UNC-CH,UNC Chapel Hill,associate_professor,77960.0
UNC-CH,UNC Chapel Hill,professor,170234.0
UNC-CH,UNC Chapel Hill,professor,250036.0
UNC-CH,UNC Chapel Hill,professor,386172.0
UNC-CH,UNC Chapel Hill,associate_professor,111560.0
UNC-CH,UNC Chapel Hill,associate_professor,199190.0
UNC-CH,UNC Chapel Hill,associate_professor,102766.0
UNC-CH,UNC Chapel Hill,professor,289150.0
UNC-CH,UNC Chapel Hill,professor,174750.0
UNC-CH,UNC Chapel Hill,associate_professor,260806.0
UNC-CH,UNC Chapel Hill,professor,361935.0
UNC-CH,UNC Chapel Hill,professor,324692.0
UNC-CH,UNC Chapel Hill,professor,174197.0
UNC-CH,UNC Chapel Hill,professor,182186.0
UNC-CH,UNC Chapel Hill,assistant_professor,139059.0
UNC-CH,UNC Chapel Hill,associate_professor,158000.0
UNC-CH,UNC Chapel Hill,associate_professor,99470.0
UNC-CH,UNC Chapel Hill,assistant_professor,280000.0
UNC-CH,UNC Chapel Hill,assistant_professor,107967.0
UNC-CH,UNC Chapel Hill,associate_professor,98205.0
UNC-CH,UNC Chapel Hill,professor,133900.0
UNC-CH,UNC Chapel Hill,professor,183818.0
UNC-CH,UNC Chapel Hill,professor,206771.0
UNC-CH,UNC Chapel Hill,professor,207060.0
UNC-CH,UNC Chapel Hill,professor,159131.0
UNC-CH,UNC Chapel Hill,professor,287046.0
UNC-CH,UNC Chapel Hill,associate_professor,95914.0
UNC-CH,UNC Chapel Hill,associate_professor,231249.0
UNC-CH,UNC Chapel Hill,professor,127964.0
UNC-CH,UNC Chapel Hill,associate_professor,47266.0
UNC-CH,UNC Chapel Hill,assistant_professor,240000.0
UNC-CH,UNC Chapel Hill,associate_professor,100879.0
UNC-CH,UNC Chapel Hill,professor,325078.4
UNC-CH,UNC Chapel Hill,professor,108193.0
UNC-CH,UNC Chapel Hill,professor,127765.0
UNC-CH,UNC Chapel Hill,associate_professor,73866.0
UNC-CH,UNC Chapel Hill,associate_professor,157590.0
UNC-CH,UNC Chapel Hill,professor,171210.0
UNC-CH,UNC Chapel Hill,professor,245548.0
UNC-CH,UNC Chapel Hill,professor,190000.0
UNC-CH,UNC Chapel Hill,professor,215581.0
UNC-CH,UNC Chapel Hill,professor,220787.0
UNC-CH,UNC Chapel Hill,professor,195000.0
UNC-CH,UNC Chapel Hill,assistant_professor,270000.0
UNC-CH,UNC Chapel Hill,associate_professor,130000.0
UNC-CH,UNC Chapel Hill,assistant_professor,187850.0
UNC-CH,UNC Chapel Hill,assistant_professor,105000.0
UNC-CH,UNC Chapel Hill,assistant_professor,90000.0
UNC-CH,UNC Chapel Hill,professor,263868.0
UNC-CH,UNC Chapel Hill,assistant_professor,88910.0
UNC-CH,UNC Chapel Hill,assistant_professor,210005.0
UNC-CH,UNC Chapel Hill,associate_professor,432622.0
UNC-CH,UNC Chapel Hill,assistant_professor,232804.0
UNC-CH,UNC Chapel Hill,assistant_professor,220000.0
UNC-CH,UNC Chapel Hill,lecturer,78200.0
UNC-CH,UNC Chapel Hill,professor,304883.88
UNC-CH,UNC Chapel Hill,assistant_professor,295000.0
UNC-CH,UNC Chapel Hill,associate_professor,266269.0
UNC-CH,UNC Chapel Hill,assistant_professor,132005.0
UNC-CH,UNC Chapel Hill,assistant_professor,116002.0
UNC-CH,UNC Chapel Hill,assistant_professor,111970.0
UNC-CH,UNC Chapel Hill,associate_professor,312654.0
UNC-CH,UNC Chapel Hill,associate_professor,162539.0
UNC-CH,UNC Chapel Hill,assistant_professor,90913.0
UNC-CH,UNC Chapel Hill,assistant_professor,98404.95
UNC-CH,UNC Chapel Hill,assistant_professor,91181.78
UNC-CH,UNC Chapel Hill,associate_professor,143023.0
UNC-CH,UNC Chapel Hill,associate_professor,167422.0
UNC-CH,UNC Chapel Hill,assistant_professor,89981.0
UNC-CH,UNC Chapel Hill,professor,76484.0
UNC-CH,UNC Chapel Hill,assistant_professor,266086.0
UNC-CH,UNC Chapel Hill,assistant_professor,270000.0
UNC-CH,UNC Chapel Hill,assistant_professor,375225.0
UNC-CH,UNC Chapel Hill,associate_professor,98516.0
UNC-CH,UNC Chapel Hill,assistant_professor,102000.0
UNC-CH,UNC Chapel Hill,assistant_professor,267500.0
UNC-CH,UNC Chapel Hill,associate_professor,354565.0
UNC-CH,UNC Chapel Hill,assistant_professor,205607.0
UNC-CH,UNC Chapel Hill,lecturer,100000.0
UNC-CH,UNC Chapel Hill,assistant_professor,71500.0
UNC-CH,UNC Chapel Hill,assistant_professor,65000.0
UNC-CH,UNC Chapel Hill,associate_professor,121000.0
UNC-CH,UNC Chapel Hill,associate_professor,168500.0
UNC-CH,UNC Chapel Hill,associate_professor,369624.0
UNC-CH,UNC Chapel Hill,assistant_professor,220775.0
UNC-CH,UNC Chapel Hill,professor,147070.0
UNC-CH,UNC Chapel Hill,assistant_professor,85272.0
UNC-CH,UNC Chapel Hill,associate_professor,104435.0
UNC-CH,UNC Chapel Hill,assistant_professor,93730.0
UNC-CH,UNC Chapel Hill,professor,200000.0
UNC-CH,UNC Chapel Hill,associate_professor,61915.0
UNC-CH,UNC Chapel Hill,administrator,352564.0
UNC-CH,UNC Chapel Hill,professor,424633.0
UNC-CH,UNC Chapel Hill,assistant_professor,132000.0
UNC-CH,UNC Chapel Hill,professor,200069.0
UNC-CH,UNC Chapel Hill,assistant_professor,206783.0
UNC-CH,UNC Chapel Hill,lecturer,78227.0
UNC-CH,UNC Chapel Hill,professor,263601.0
UNC-CH,UNC Chapel Hill,professor,625000.0
UNC-CH,UNC Chapel Hill,professor,121390.0
UNC-CH,UNC Chapel Hill,assistant_professor,84924.0
UNC-CH,UNC Chapel Hill,assistant_professor,200000.0
UNC-CH,UNC Chapel Hill,assistant_professor,95000.0
UNC-CH,UNC Chapel Hill,assistant_professor,99492.0
UNC-CH,UNC Chapel Hill,assistant_professor,165581.0
UNC-CH,UNC Chapel Hill,assistant_professor,247500.0
UNC-CH,UNC Chapel Hill,assistant_professor,154800.0
UNC-CH,UNC Chapel Hill,assistant_professor,282000.0
UNC-CH,UNC Chapel Hill,assistant_professor,228800.0
UNC-CH,UNC Chapel Hill,assistant_professor,345330.0
UNC-CH,UNC Chapel Hill,professor,190000.0
UNC-CH,UNC Chapel Hill,assistant_professor,210013.0
UNC-CH,UNC Chapel Hill,assistant_professor,144200.0
UNC-CH,UNC Chapel Hill,lecturer,113642.0
UNC-CH,UNC Chapel Hill,assistant_professor,80326.7
UNC-CH,UNC Chapel Hill,administrator,204881.0
UNC-CH,UNC Chapel Hill,associate_professor,137800.0
UNC-CH,UNC Chapel Hill,lecturer,135000.0
UNC-CH,UNC Chapel Hill,assistant_professor,126570.0
UNC-CH,UNC Chapel Hill,assistant_professor,255000.0
UNC-CH,UNC Chapel Hill,assistant_professor,130000.0
UNC-CH,UNC Chapel Hill,associate_professor,308124.0
UNC-CH,UNC Chapel Hill,professor,265000.0
UNC-CH,UNC Chapel Hill,associate_professor,62186.0
UNC-CH,UNC Chapel Hill,associate_professor,139763.0
UNC-CH,UNC Chapel Hill,lecturer,117619.0
UNC-CH,UNC Chapel Hill,professor,155000.0
UNC-CH,UNC Chapel Hill,assistant_professor,205607.0
UNC-CH,UNC Chapel Hill,assistant_professor,80340.0
UNC-CH,UNC Chapel Hill,lecturer,88400.0
UNC-CH,UNC Chapel Hill,lecturer,60000.0
UNC-CH,UNC Chapel Hill,associate_professor,96540.0
UNC-CH,UNC Chapel Hill,professor,176755.0
UNC-CH,UNC Chapel Hill,lecturer,61285.0
UNC-CH,UNC Chapel Hill,professor,158900.0
UNC-CH,UNC Chapel Hill,assistant_professor,67515.0
UNC-CH,UNC Chapel Hill,professor,452771.0
UNC-CH,UNC Chapel Hill,assistant_professor,83000.0
UNC-CH,UNC Chapel Hill,assistant_professor,86000.0
UNC-CH,UNC Chapel Hill,assistant_professor,140000.0
UNC-CH,UNC Chapel Hill,professor,341135.0
UNC-CH,UNC Chapel Hill,assistant_professor,156000.0
UNC-CH,UNC Chapel Hill,professor,140526.0
UNC-CH,UNC Chapel Hill,assistant_professor,100000.0
UNC-CH,UNC Chapel Hill,administrator,195700.0
UNC-CH,UNC Chapel Hill,associate_professor,315000.0
UNC-CH,UNC Chapel Hill,associate_professor,525000.0
UNC-CH,UNC Chapel Hill,assistant_professor,80326.7
UNC-CH,UNC Chapel Hill,assistant_professor,271414.0
UNC-CH,UNC Chapel Hill,associate_professor,114441.0
UNC-CH,UNC Chapel Hill,professor,174250.0
UNC-CH,UNC Chapel Hill,professor,239591.0
UNC-CH,UNC Chapel Hill,lecturer,88400.0
UNC-CH,UNC Chapel Hill,assistant_professor,93840.0
UNC-CH,UNC Chapel Hill,professor,280831.0
UNC-CH,UNC Chapel Hill,assistant_professor,69000.0
UNC-CH,UNC Chapel Hill,assistant_professor,88500.0
UNC-CH,UNC Chapel Hill,assistant_professor,155324.0
UNC-CH,UNC Chapel Hill,associate_professor,95945.0
UNC-CH,UNC Chapel Hill,assistant_professor,220000.0
UNC-CH,UNC Chapel Hill,assistant_professor,82000.0
UNC-CH,UNC Chapel Hill,assistant_professor,163000.0
UNC-CH,UNC Chapel Hill,assistant_professor,139834.0
UNC-CH,UNC Chapel Hill,associate_professor,244000.0
UNC-CH,UNC Chapel Hill,associate_professor,113539.0
UNC-CH,UNC Chapel Hill,associate_professor,96813.0
UNC-CH,UNC Chapel Hill,assistant_professor,102000.0
UNC-CH,UNC Chapel Hill,assistant_professor,92137.0
UNC-CH,UNC Chapel Hill,professor,204196.0
UNC-CH,UNC Chapel Hill,assistant_professor,96500.0
UNC-CH,UNC Chapel Hill,assistant_professor,150000.0
UNC-CH,UNC Chapel Hill,assistant_professor,72000.0
UNC-CH,UNC Chapel Hill,associate_professor,128318.0
UNC-CH,UNC Chapel Hill,professor,337775.0
UNC-CH,UNC Chapel Hill,professor,174759.0
UNC-CH,UNC Chapel Hill,professor,89000.0
UNC-CH,UNC Chapel Hill,associate_professor,125000.0
UNC-CH,UNC Chapel Hill,professor,213872.0
UNC-CH,UNC Chapel Hill,associate_professor,245007.0
UNC-CH,UNC Chapel Hill,professor,231000.0
UNC-CH,UNC Chapel Hill,professor,389490.0
UNC-CH,UNC Chapel Hill,professor,174402.0
UNC-CH,UNC Chapel Hill,professor,281407.0
UNC-CH,UNC Chapel Hill,professor,125699.0
UNC-CH,UNC Chapel Hill,professor,139907.0
UNC-CH,UNC Chapel Hill,professor,360000.0
UNC-CH,UNC Chapel Hill,assistant_professor,138587.0
UNC-CH,UNC Chapel Hill,professor,245145.0
UNC-CH,UNC Chapel Hill,professor,550000.0
UNC-CH,UNC Chapel Hill,professor,132508.0
UNC-CH,UNC Chapel Hill,professor,135068.0
UNC-CH,UNC Chapel Hill,professor,158893.0
UNC-CH,UNC Chapel Hill,lecturer,120000.0
UNC-CH,UNC Chapel Hill,professor,114981.0
UNC-CH,UNC Chapel Hill,professor,159621.0
UNC-CH,UNC Chapel Hill,assistant_professor,215128.0
UNC-CH,UNC Chapel Hill,professor,101594.4
UNC-CH,UNC Chapel Hill,lecturer,250551.0
UNC-CH,UNC Chapel Hill,administrator,141100.0
UNC-CH,UNC Chapel Hill,professor,395116.24
UNC-CH,UNC Chapel Hill,associate_professor,118000.0
UNC-CH,UNC Chapel Hill,associate_professor,181087.0
UNC-CH,UNC Chapel Hill,associate_professor,403607.0
UNC-CH,UNC Chapel Hill,assistant_professor,270000.0
UNC-CH,UNC Chapel Hill,associate_professor,220447.0
UNC-CH,UNC Chapel Hill,associate_professor,106090.0
UNC-CH,UNC Chapel Hill,professor,255000.0
UNC-CH,UNC Chapel Hill,lecturer,103816.0
UNC-CH,UNC Chapel Hill,associate_professor,215000.0
UNC-CH,UNC Chapel Hill,assistant_professor,116390.0
UNC-CH,UNC Chapel Hill,professor,123276.0
UNC-CH,UNC Chapel Hill,associate_professor,215000.0
UNC-CH,UNC Chapel Hill,assistant_professor,207631.0
UNC-CH,UNC Chapel Hill,professor,69734.0
UNC-CH,UNC Chapel Hill,lecturer,86160.0
UNC-CH,UNC Chapel Hill,assistant_professor,234566.0
UNC-CH,UNC Chapel Hill,assistant_professor,125000.0
UNC-CH,UNC Chapel Hill,associate_professor,174664.0
UNC-CH,UNC Chapel Hill,assistant_professor,119967.0
UNC-CH,UNC Chapel Hill,associate_professor,228278.0
UNC-CH,UNC Chapel Hill,professor,216918.0
UNC-CH,UNC Chapel Hill,lecturer,97201.0
UNC-CH,UNC Chapel Hill,professor,175825.0
UNC-CH,UNC Chapel Hill,assistant_professor,83000.0
UNC-CH,UNC Chapel Hill,professor,102038.0
UNC-CH,UNC Chapel Hill,lecturer,155000.0
UNC-CH,UNC Chapel Hill,professor,240008.0
UNC-CH,UNC Chapel Hill,assistant_professor,452094.0
UNC-CH,UNC Chapel Hill,assistant_professor,160000.0
UNC-CH,UNC Chapel Hill,associate_professor,76162.0
UNC-CH,UNC Chapel Hill,associate_professor,80888.0
UNC-CH,UNC Chapel Hill,associate_professor,155314.0
UNC-CH,UNC Chapel Hill,lecturer,80262.15
UNC-CH,UNC Chapel Hill,professor,145000.0
UNC-CH,UNC Chapel Hill,professor,71748.0
UNC-CH,UNC Chapel Hill,assistant_professor,184576.0
UNC-CH,UNC Chapel Hill,assistant_professor,119904.0
UNC-CH,UNC Chapel Hill,assistant_professor,79170.0
UNC-CH,UNC Chapel Hill,associate_professor,448476.0
UNC-CH,UNC Chapel Hill,professor,440000.0
UNC-CH,UNC Chapel Hill,assistant_professor,81046.0
UNC-CH,UNC Chapel Hill,professor,266360.0
UNC-CH,UNC Chapel Hill,professor,511500.0
UNC-CH,UNC Chapel Hill,professor,432500.0
UNC-CH,UNC Chapel Hill,associate_professor,225000.0
UNC-CH,UNC Chapel Hill,professor,113890.0
UNC-CH,UNC Chapel Hill,professor,185400.0
UNC-CH,UNC Chapel Hill,professor,227778.0
UNC-CH,UNC Chapel Hill,assistant_professor,53560.0
UNC-CH,UNC Chapel Hill,professor,114058.0
UNC-CH,UNC Chapel Hill,associate_professor,95878.0
UNC-CH,UNC Chapel Hill,assistant_professor,114000.0
UNC-CH,UNC Chapel Hill,assistant_professor,95458.0
UNC-CH,UNC Chapel Hill,professor,115917.0
UNC-CH,UNC Chapel Hill,associate_professor,105438.0
UNC-CH,UNC Chapel Hill,associate_professor,140776.0
UNC-CH,UNC Chapel Hill,assistant_professor,80327.0
UNC-CH,UNC Chapel Hill,associate_professor,219224.0
UNC-CH,UNC Chapel Hill,professor,273833.0
UNC-CH,UNC Chapel Hill,assistant_professor,180000.0
UNC-CH,UNC Chapel Hill,professor,273585.0
UNC-CH,UNC Chapel Hill,professor,452771.0
UNC-CH,UNC Chapel Hill,professor,277457.0
UNC-CH,UNC Chapel Hill,professor,140000.0
UNC-CH,UNC Chapel Hill,associate_professor,45833.0
UNC-CH,UNC Chapel Hill,professor,249619.0
UNC-CH,UNC Chapel Hill,professor,268225.5
UNC-CH,UNC Chapel Hill,professor,246362.0
UNC-CH,UNC Chapel Hill,administrator,157840.0
UNC-CH,UNC Chapel Hill,associate_professor,118525.0
UNC-CH,UNC Chapel Hill,professor,195600.1
UNC-CH,UNC Chapel Hill,professor,260000.0
UNC-CH,UNC Chapel Hill,professor,284971.0
UNC-CH,UNC Chapel Hill,lecturer,120062.0
UNC-CH,UNC Chapel Hill,professor,487572.0
UNC-CH,UNC Chapel Hill,assistant_professor,231214.8
UNC-CH,UNC Chapel Hill,professor,208726.0
UNC-CH,UNC Chapel Hill,assistant_professor,235000.0
UNC-CH,UNC Chapel Hill,lecturer,66300.0
UNC-CH,UNC Chapel Hill,assistant_professor,86520.0
UNC-CH,UNC Chapel Hill,assistant_professor,56000.0
UNC-CH,UNC Chapel Hill,assistant_professor,55702.0
UNC-CH,UNC Chapel Hill,associate_professor,140000.0
UNC-CH,UNC Chapel Hill,associate_professor,208050.0
UNC-CH,UNC Chapel Hill,administrator,186278.0
UNC-CH,UNC Chapel Hill,professor,137301.0
UNC-CH,UNC Chapel Hill,associate_professor,239692.0
UNC-CH,UNC Chapel Hill,lecturer,80000.0
UNC-CH,UNC Chapel Hill,assistant_professor,103000.0
UNC-CH,UNC Chapel Hill,assistant_professor,136369.0
UNC-CH,UNC Chapel Hill,professor,320000.0
UNC-CH,UNC Chapel Hill,associate_professor,121639.0
UNC-CH,UNC Chapel Hill,professor,526151.0
UNC-CH,UNC Chapel Hill,assistant_professor,275600.0
UNC-CH,UNC Chapel Hill,assistant_professor,102000.0
UNC-CH,UNC Chapel Hill,professor,463616.0
UNC-CH,UNC Chapel Hill,associate_professor,324467.0
UNC-CH,UNC Chapel Hill,assistant_professor,147290.0
UNC-CH,UNC Chapel Hill,assistant_professor,220774.0
UNC-CH,UNC Chapel Hill,associate_professor,260000.0
UNC-CH,UNC Chapel Hill,lecturer,96000.0
UNC-CH,UNC Chapel Hill,assistant_professor,123600.0
UNC-CH,UNC Chapel Hill,assistant_professor,132799.0
UNC-CH,UNC Chapel Hill,assistant_professor,111000.0
UNC-CH,UNC Chapel Hill,associate_professor,112203.0
UNC-CH,UNC Chapel Hill,associate_professor,258066.0
UNC-CH,UNC Chapel Hill,associate_professor,66065.0
UNC-CH,UNC Chapel Hill,assistant_professor,63860.0
UNC-CH,UNC Chapel Hill,professor,386172.0
UNC-CH,UNC Chapel Hill,professor,220420.0
UNC-CH,UNC Chapel Hill,assistant_professor,122546.0
UNC-CH,UNC Chapel Hill,lecturer,79300.0
UNC-CH,UNC Chapel Hill,professor,327878.0
UNC-CH,UNC Chapel Hill,associate_professor,60078.0
UNC-CH,UNC Chapel Hill,assistant_professor,205607.0
UNC-CH,UNC Chapel Hill,professor,213270.0
UNC-CH,UNC Chapel Hill,assistant_professor,104217.0
UNC-CH,UNC Chapel Hill,professor,150071.0
UNC-CH,UNC Chapel Hill,professor,325000.0
UNC-CH,UNC Chapel Hill,professor,139527.0
UNC-CH,UNC Chapel Hill,assistant_professor,102000.0
UNC-CH,UNC Chapel Hill,assistant_professor,238000.0
UNC-CH,UNC Chapel Hill,assistant_professor,112997.0
UNC-CH,UNC Chapel Hill,professor,272850.0
UNC-CH,UNC Chapel Hill,assistant_professor,130000.0
UNC-CH,UNC Chapel Hill,associate_professor,115091.0
UNC-CH,UNC Chapel Hill,administrator,150000.0
UNC-CH,UNC Chapel Hill,assistant_professor,80327.0
UNC-CH,UNC Chapel Hill,assistant_professor,73252.0
UNC-CH,UNC Chapel Hill,lecturer,97151.6
UNC-CH,UNC Chapel Hill,assistant_professor,71070.0
UNC-CH,UNC Chapel Hill,associate_professor,126690.0
UNC-CH,UNC Chapel Hill,associate_professor,136454.0
UNC-CH,UNC Chapel Hill,associate_professor,138115.0
UNC-CH,UNC Chapel Hill,administrator,581950.0
UNC-CH,UNC Chapel Hill,professor,247017.0
UNC-CH,UNC Chapel Hill,assistant_professor,145000.0
UNC-CH,UNC Chapel Hill,professor,142164.0
UNC-CH,UNC Chapel Hill,assistant_professor,182500.0
UNC-CH,UNC Chapel Hill,lecturer,75140.0
UNC-CH,UNC Chapel Hill,assistant_professor,215000.0
UNC-CH,UNC Chapel Hill,assistant_professor,73000.0
UNC-CH,UNC Chapel Hill,professor,147290.0
UNC-CH,UNC Chapel Hill,associate_professor,140000.0
UNC-CH,UNC Chapel Hill,associate_professor,76719.0
UNC-CH,UNC Chapel Hill,lecturer,78000.0
UNC-CH,UNC Chapel Hill,assistant_professor,135960.0
UNC-CH,UNC Chapel Hill,assistant_professor,220774.0
UNC-CH,UNC Chapel Hill,associate_professor,223435.0
UNC-CH,UNC Chapel Hill,assistant_professor,345000.0
UNC-CH,UNC Chapel Hill,assistant_professor,183065.0
UNC-CH,UNC Chapel Hill,assistant_professor,340055.0
UNC-CH,UNC Chapel Hill,professor,166836.0
UNC-CH,UNC Chapel Hill,assistant_professor,80326.71
UNC-CH,UNC Chapel Hill,associate_professor,94623.0
UNC-CH,UNC Chapel Hill,professor,73962.0
UNC-CH,UNC Chapel Hill,professor,214479.0
UNC-CH,UNC Chapel Hill,lecturer,88400.0
UNC-CH,UNC Chapel Hill,associate_professor,196900.0
UNC-CH,UNC Chapel Hill,associate_professor,92700.0
UNC-CH,UNC Chapel Hill,associate_professor,231249.0
UNC-CH,UNC Chapel Hill,assistant_professor,135960.0
UNC-CH,UNC Chapel Hill,associate_professor,123600.0
UNC-CH,UNC Chapel Hill,assistant_professor,65000.0
UNC-CH,UNC Chapel Hill,assistant_professor,205607.0
UNC-CH,UNC Chapel Hill,professor,205351.0
UNC-CH,UNC Chapel Hill,assistant_professor,79299.0
UNC-CH,UNC Chapel Hill,associate_professor,155235.0
UNC-CH,UNC Chapel Hill,professor,424633.0
UNC-CH,UNC Chapel Hill,professor,255063.14
UNC-CH,UNC Chapel Hill,professor,350000.0
UNC-CH,UNC Chapel Hill,professor,145110.0
UNC-CH,UNC Chapel Hill,associate_professor,80855.0
UNC-CH,UNC Chapel Hill,professor,154671.0
UNC-CH,UNC Chapel Hill,associate_professor,104053.0
UNC-CH,UNC Chapel Hill,professor,260100.0
UNC-CH,UNC Chapel Hill,associate_professor,240000.0
UNC-CH,UNC Chapel Hill,professor,525000.0
UNC-CH,UNC Chapel Hill,associate_professor,118152.0
UNC-CH,UNC Chapel Hill,assistant_professor,111006.0
UNC-CH,UNC Chapel Hill,associate_professor,126037.0
UNC-CH,UNC Chapel Hill,professor,135975.0
UNC-CH,UNC Chapel Hill,associate_professor,126900.0
UNC-CH,UNC Chapel Hill,assistant_professor,160689.0
UNC-CH,UNC Chapel Hill,professor,230000.0
UNC-CH,UNC Chapel Hill,professor,300000.0
UNC-CH,UNC Chapel Hill,associate_professor,234318.0
UNC-CH,UNC Chapel Hill,professor,469555.0
UNC-CH,UNC Chapel Hill,professor,108854.0
UNC-CH,UNC Chapel Hill,professor,236413.0
UNC-CH,UNC Chapel Hill,lecturer,69706.0
UNC-CH,UNC Chapel Hill,professor,249156.0
UNC-CH,UNC Chapel Hill,associate_professor,225731.0
UNC-CH,UNC Chapel Hill,professor,279313.0
UNC-CH,UNC Chapel Hill,lecturer,95383.6
UNC-CH,UNC Chapel Hill,professor,156855.0
UNC-CH,UNC Chapel Hill,professor,223155.0
UNC-CH,UNC Chapel Hill,associate_professor,128562.0
UNC-CH,UNC Chapel Hill,assistant_professor,173000.0
UNC-CH,UNC Chapel Hill,professor,138557.0
UNC-CH,UNC Chapel Hill,professor,208687.0
UNC-CH,UNC Chapel Hill,associate_professor,97700.0
UNC-CH,UNC Chapel Hill,professor,167500.0
UNC-CH,UNC Chapel Hill,professor,149350.0
UNC-CH,UNC Chapel Hill,professor,122734.0
UNC-CH,UNC Chapel Hill,associate_professor,111934.0
UNC-CH,UNC Chapel Hill,assistant_professor,448476.0
UNC-CH,UNC Chapel Hill,lecturer,181101.0
UNC-CH,UNC Chapel Hill,associate_professor,74941.0
UNC-CH,UNC Chapel Hill,professor,159993.0
UNC-CH,UNC Chapel Hill,professor,210500.0
UNC-CH,UNC Chapel Hill,professor,109335.0
UNC-CH,UNC Chapel Hill,professor,134578.0
UNC-CH,UNC Chapel Hill,lecturer,74160.0
UNC-CH,UNC Chapel Hill,associate_professor,242975.0
UNC-CH,UNC Chapel Hill,professor,172593.0
UNC-CH,UNC Chapel Hill,professor,78299.0
UNC-CH,UNC Chapel Hill,associate_professor,195700.0
UNC-CH,UNC Chapel Hill,professor,180227.0
UNC-CH,UNC Chapel Hill,assistant_professor,117723.0
UNC-CH,UNC Chapel Hill,professor,471490.0
UNC-CH,UNC Chapel Hill,professor,115917.0
UNC-CH,UNC Chapel Hill,professor,83838.0
UNC-CH,UNC Chapel Hill,professor,135670.0
UNC-CH,UNC Chapel Hill,professor,262500.0
UNC-CH,UNC Chapel Hill,assistant_professor,112070.0
UNC-CH,UNC Chapel Hill,professor,58503.63
UNC-CH,UNC Chapel Hill,professor,160650.0
UNC-CH,UNC Chapel Hill,assistant_professor,120000.0
UNC-CH,UNC Chapel Hill,professor,295625.7
UNC-CH,UNC Chapel Hill,professor,323283.0
UNC-CH,UNC Chapel Hill,professor,212607.0
UNC-CH,UNC Chapel Hill,associate_professor,47198.46
UNC-CH,UNC Chapel Hill,professor,198238.0
UNC-CH,UNC Chapel Hill,professor,68817.0
UNC-CH,UNC Chapel Hill,professor,139227.0
UNC-CH,UNC Chapel Hill,assistant_professor,55702.0
UNC-CH,UNC Chapel Hill,associate_professor,190000.0
UNC-CH,UNC Chapel Hill,assistant_professor,164486.0
UNC-CH,UNC Chapel Hill,assistant_professor,127500.0
UNC-CH,UNC Chapel Hill,assistant_professor,213000.0
UNC-CH,UNC Chapel Hill,assistant_professor,153672.0
UNC-CH,UNC Chapel Hill,associate_professor,403607.0
UNC-CH,UNC Chapel Hill,associate_professor,310157.0
UNC-CH,UNC Chapel Hill,professor,452771.0
UNC-CH,UNC Chapel Hill,professor,180000.0
UNC-CH,UNC Chapel Hill,professor,128323.0
UNC-CH,UNC Chapel Hill,assistant_professor,223320.0
UNC-CH,UNC Chapel Hill,professor,333318.0
UNC-CH,UNC Chapel Hill,assistant_professor,103500.0
UNC-CH,UNC Chapel Hill,professor,145000.0
UNC-CH,UNC Chapel Hill,assistant_professor,92700.0
UNC-CH,UNC Chapel Hill,lecturer,72100.0
UNC-CH,UNC Chapel Hill,assistant_professor,65000.0
UNC-CH,UNC Chapel Hill,assistant_professor,275000.0
UNC-CH,UNC Chapel Hill,assistant_professor,86520.0
UNC-CH,UNC Chapel Hill,assistant_professor,212000.0
UNC-CH,UNC Chapel Hill,associate_professor,94314.0
UNC-CH,UNC Chapel Hill,lecturer,115690.0
UNC-CH,UNC Chapel Hill,assistant_professor,74587.0
UNC-CH,UNC Chapel Hill,associate_professor,208000.0
UNC-CH,UNC Chapel Hill,lecturer,77989.0
UNC-CH,UNC Chapel Hill,associate_professor,160000.0
UNC-CH,UNC Chapel Hill,assistant_professor,295803.0
UNC-CH,UNC Chapel Hill,assistant_professor,72000.0
UNC-CH,UNC Chapel Hill,associate_professor,182622.0
UNC-CH,UNC Chapel Hill,assistant_professor,61800.0
UNC-CH,UNC Chapel Hill,professor,355000.0
UNC-CH,UNC Chapel Hill,professor,115643.0
UNC-CH,UNC Chapel Hill,lecturer,83191.0
UNC-CH,UNC Chapel Hill,assistant_professor,104000.0
UNC-CH,UNC Chapel Hill,assistant_professor,80934.0
UNC-CH,UNC Chapel Hill,assistant_professor,310975.0
UNC-CH,UNC Chapel Hill,assistant_professor,225724.0
UNC-CH,UNC Chapel Hill,assistant_professor,95000.0
UNC-CH,UNC Chapel Hill,associate_professor,111405.0
UNC-CH,UNC Chapel Hill,assistant_professor,184576.0
UNC-CH,UNC Chapel Hill,associate_professor,91595.0
UNC-CH,UNC Chapel Hill,lecturer,140037.0
UNC-CH,UNC Chapel Hill,lecturer,122000.0
UNC-CH,UNC Chapel Hill,associate_professor,110246.0
UNC-CH,UNC Chapel Hill,assistant_professor,185952.0
UNC-CH,UNC Chapel Hill,professor,325000.0
UNC-CH,UNC Chapel Hill,associate_professor,145798.0
UNC-CH,UNC Chapel Hill,assistant_professor,199302.5
UNC-CH,UNC Chapel Hill,assistant_professor,90000.0
UNC-CH,UNC Chapel Hill,assistant_professor,284937.0
UNC-CH,UNC Chapel Hill,lecturer,88400.0
UNC-CH,UNC Chapel Hill,associate_professor,431693.0
UNC-CH,UNC Chapel Hill,assistant_professor,116386.0
UNC-CH,UNC Chapel Hill,professor,84198.0
UNC-CH,UNC Chapel Hill,professor,248731.0
UNC-CH,UNC Chapel Hill,professor,166036.0
UNC-CH,UNC Chapel Hill,associate_professor,123834.0
UNC-CH,UNC Chapel Hill,assistant_professor,208572.0
UNC-CH,UNC Chapel Hill,associate_professor,310157.0
UNC-CH,UNC Chapel Hill,assistant_professor,300000.0
UNC-CH,UNC Chapel Hill,assistant_professor,303000.0
UNC-CH,UNC Chapel Hill,professor,243419.0
UNC-CH,UNC Chapel Hill,professor,189342.0
UNC-CH,UNC Chapel Hill,associate_professor,144763.0
UNC-CH,UNC Chapel Hill,professor,107500.0
UNC-CH,UNC Chapel Hill,assistant_professor,85490.0
UNC-CH,UNC Chapel Hill,associate_professor,131626.0
UNC-CH,UNC Chapel Hill,assistant_professor,158786.0
UNC-CH,UNC Chapel Hill,assistant_professor,135000.0
UNC-CH,UNC Chapel Hill,associate_professor,206000.0
UNC-CH,UNC Chapel Hill,assistant_professor,272000.0
UNC-CH,UNC Chapel Hill,assistant_professor,116410.0
UNC-CH,UNC Chapel Hill,associate_professor,320000.0
UNC-CH,UNC Chapel Hill,associate_professor,168400.0
UNC-CH,UNC Chapel Hill,assistant_professor,212000.0
UNC-CH,UNC Chapel Hill,assistant_professor,101000.0
UNC-CH,UNC Chapel Hill,assistant_professor,103000.0
UNC-CH,UNC Chapel Hill,assistant_professor,220775.0
UNC-CH,UNC Chapel Hill,assistant_professor,270000.0
UNC-CH,UNC Chapel Hill,professor,165793.0
UNC-CH,UNC Chapel Hill,assistant_professor,55702.0
UNC-CH,UNC Chapel Hill,assistant_professor,276000.0
UNC-CH,UNC Chapel Hill,associate_professor,213033.0
UNC-CH,UNC Chapel Hill,associate_professor,94554.0
UNC-CH,UNC Chapel Hill,assistant_professor,80326.7
UNC-CH,UNC Chapel Hill,professor,268000.0
UNC-CH,UNC Chapel Hill,associate_professor,65986.0
UNC-CH,UNC Chapel Hill,assistant_professor,128544.0
UNC-CH,UNC Chapel Hill,professor,142140.0
UNC-CH,UNC Chapel Hill,assistant_professor,240000.0
UNC-CH,UNC Chapel Hill,assistant_professor,136578.0
UNC-CH,UNC Chapel Hill,assistant_professor,85490.0
UNC-CH,UNC Chapel Hill,assistant_professor,290860.0
UNC-CH,UNC Chapel Hill,associate_professor,166958.0
UNC-CH,UNC Chapel Hill,professor,243032.0
UNC-CH,UNC Chapel Hill,associate_professor,215000.0
UNC-CH,UNC Chapel Hill,assistant_professor,375225.0
UNC-CH,UNC Chapel Hill,professor,174000.0
UNC-CH,UNC Chapel Hill,associate_professor,240000.0
UNC-CH,UNC Chapel Hill,assistant_professor,270000.0
UNC-CH,UNC Chapel Hill,associate_professor,269044.0
UNC-CH,UNC Chapel Hill,associate_professor,274399.78
UNC-CH,UNC Chapel Hill,assistant_professor,96000.0
UNC-CH,UNC Chapel Hill,assistant_professor,84460.0
UNC-CH,UNC Chapel Hill,assistant_professor,99247.0
UNC-CH,UNC Chapel Hill,assistant_professor,106989.0
UNC-CH,UNC Chapel Hill,assistant_professor,113547.0
UNC-CH,UNC Chapel Hill,associate_professor,59864.0
UNC-CH,UNC Chapel Hill,assistant_professor,110000.0
UNC-CH,UNC Chapel Hill,associate_professor,102000.0
UNC-CH,UNC Chapel Hill,assistant_professor,276000.0
UNC-CH,UNC Chapel Hill,assistant_professor,223320.0
UNC-CH,UNC Chapel Hill,professor,452771.0
UNC-CH,UNC Chapel Hill,assistant_professor,130120.0
UNC-CH,UNC Chapel Hill,assistant_professor,115000.0
UNC-CH,UNC Chapel Hill,assistant_professor,273156.0
UNC-CH,UNC Chapel Hill,assistant_professor,276712.0
UNC-CH,UNC Chapel Hill,associate_professor,360000.0
UNC-CH,UNC Chapel Hill,associate_professor,156395.0
UNC-CH,UNC Chapel Hill,professor,140000.0
UNC-CH,UNC Chapel Hill,lecturer,125314.0
UNC-CH,UNC Chapel Hill,administrator,482040.0
UNC-CH,UNC Chapel Hill,associate_professor,127548.0
UNC-CH,UNC Chapel Hill,lecturer,110837.0
UNC-CH,UNC Chapel Hill,professor,160680.0
UNC-CH,UNC Chapel Hill,lecturer,110000.0
UNC-CH,UNC Chapel Hill,professor,420640.0
UNC-CH,UNC Chapel Hill,assistant_professor,232804.0
UNC-CH,UNC Chapel Hill,professor,91387.0
UNC-CH,UNC Chapel Hill,professor,137368.0
UNC-CH,UNC Chapel Hill,professor,608000.0
UNC-CH,UNC Chapel Hill,professor,129927.0
UNC-CH,UNC Chapel Hill,associate_professor,136414.0
UNC-CH,UNC Chapel Hill,lecturer,90852.0
UNC-CH,UNC Chapel Hill,administrator,360000.0
UNC-CH,UNC Chapel Hill,professor,75033.0
UNC-CH,UNC Chapel Hill,professor,117596.0
UNC-CH,UNC Chapel Hill,professor,363270.0
UNC-CH,UNC Chapel Hill,professor,262206.0
UNC-CH,UNC Chapel Hill,professor,204602.0
UNC-CH,UNC Chapel Hill,professor,351344.0
UNC-CH,UNC Chapel Hill,associate_professor,101284.0
UNC-CH,UNC Chapel Hill,professor,260690.0
UNC-CH,UNC Chapel Hill,professor,335000.0
UNC-CH,UNC Chapel Hill,professor,144851.0
UNC-CH,UNC Chapel Hill,associate_professor,270432.0
UNC-CH,UNC Chapel Hill,assistant_professor,162286.4
UNC-CH,UNC Chapel Hill,professor,269517.0
UNC-CH,UNC Chapel Hill,associate_professor,156172.0
UNC-CH,UNC Chapel Hill,assistant_professor,274000.0
UNC-CH,UNC Chapel Hill,professor,140274.0
UNC-CH,UNC Chapel Hill,assistant_professor,56535.0
UNC-CH,UNC Chapel Hill,associate_professor,154500.0
UNC-CH,UNC Chapel Hill,professor,144807.0
UNC-CH,UNC Chapel Hill,professor,300000.0
UNC-CH,UNC Chapel Hill,assistant_professor,114796.0
UNC-CH,UNC Chapel Hill,associate_professor,252000.0
UNC-CH,UNC Chapel Hill,associate_professor,231249.0
UNC-CH,UNC Chapel Hill,professor,138528.0
UNC-CH,UNC Chapel Hill,professor,145658.0
UNC-CH,UNC Chapel Hill,professor,248809.0
UNC-CH,UNC Chapel Hill,professor,76912.0
UNC-CH,UNC Chapel Hill,professor,146521.0
UNC-CH,UNC Chapel Hill,professor,196000.0
UNC-CH,UNC Chapel Hill,professor,317500.0
UNC-CH,UNC Chapel Hill,professor,280831.0
UNC-CH,UNC Chapel Hill,associate_professor,309691.0
UNC-CH,UNC Chapel Hill,professor,204416.0
UNC-CH,UNC Chapel Hill,professor,128334.0
UNC-CH,UNC Chapel Hill,associate_professor,217055.0
UNC-CH,UNC Chapel Hill,professor,356538.0
UNC-CH,UNC Chapel Hill,assistant_professor,95480.0
UNC-CH,UNC Chapel Hill,associate_professor,118322.0
UNC-CH,UNC Chapel Hill,professor,133900.0
UNC-CH,UNC Chapel Hill,professor,133752.0
UNC-CH,UNC Chapel Hill,associate_professor,155000.0
UNC-CH,UNC Chapel Hill,professor,197508.0
UNC-CH,UNC Chapel Hill,associate_professor,143200.0
UNC-CH,UNC Chapel Hill,professor,348357.0
UNC-CH,UNC Chapel Hill,professor,185400.0
UNC-CH,UNC Chapel Hill,professor,291747.5
UNC-CH,UNC Chapel Hill,associate_professor,114691.0
UNC-CH,UNC Chapel Hill,professor,270000.0
UNC-CH,UNC Chapel Hill,professor,91827.0
UNC-CH,UNC Chapel Hill,assistant_professor,42572.0
UNC-CH,UNC Chapel Hill,assistant_professor,90000.0
UNC-CH,UNC Chapel Hill,professor,328500.0
UNC-CH,UNC Chapel Hill,administrator,266086.0
UNC-CH,UNC Chapel Hill,professor,213846.0
UNC-CH,UNC Chapel Hill,professor,97500.0
UNC-CH,UNC Chapel Hill,professor,391610.0
UNC-CH,UNC Chapel Hill,professor,239000.0
UNC-CH,UNC Chapel Hill,professor,201200.0
UNC-CH,UNC Chapel Hill,associate_professor,164800.0
UNC-CH,UNC Chapel Hill,associate_professor,106000.0
UNC-CH,UNC Chapel Hill,professor,262394.0
UNC-CH,UNC Chapel Hill,professor,239155.0
UNC-CH,UNC Chapel Hill,professor,139909.0
UNC-CH,UNC Chapel Hill,professor,230000.0
UNC-CH,UNC Chapel Hill,associate_professor,85000.0
UNC-CH,UNC Chapel Hill,professor,253116.0
UNC-CH,UNC Chapel Hill,associate_professor,311000.0
UNC-CH,UNC Chapel Hill,professor,217745.0
UNC-CH,UNC Chapel Hill,associate_professor,110585.0
UNC-CH,UNC Chapel Hill,professor,110262.0
UNC-CH,UNC Chapel Hill,professor,113740.0
UNC-CH,UNC Chapel Hill,professor,452771.0
UNC-CH,UNC Chapel Hill,professor,139608.0
UNC-CH,UNC Chapel Hill,professor,318827.0
UNC-CH,UNC Chapel Hill,associate_professor,61701.0
UNC-CH,UNC Chapel Hill,associate_professor,133900.0
UNC-CH,UNC Chapel Hill,assistant_professor,239166.0
UNC-CH,UNC Chapel Hill,professor,138214.0
UNC-CH,UNC Chapel Hill,professor,207736.0
UNC-CH,UNC Chapel Hill,assistant_professor,60000.0
UNC-CH,UNC Chapel Hill,assistant_professor,205607.0
UNC-CH,UNC Chapel Hill,professor,250000.0
UNC-CH,UNC Chapel Hill,professor,452771.0
UNC-CH,UNC Chapel Hill,assistant_professor,80254.0
UNC-CH,UNC Chapel Hill,assistant_professor,170000.0
UNC-CH,UNC Chapel Hill,professor,350000.0
UNC-CH,UNC Chapel Hill,professor,287273.0
UNC-CH,UNC Chapel Hill,lecturer,78000.0
UNC-CH,UNC Chapel Hill,administrator,187460.0
UNC-CH,UNC Chapel Hill,associate_professor,244087.0
UNC-CH,UNC Chapel Hill,associate_professor,94500.0
UNC-CH,UNC Chapel Hill,assistant_professor,85000.0
UNC-CH,UNC Chapel Hill,assistant_professor,81539.0
UNC-CH,UNC Chapel Hill,administrator,142001.0
UNC-CH,UNC Chapel Hill,associate_professor,126690.0
UNC-CH,UNC Chapel Hill,professor,170000.0
UNC-CH,UNC Chapel Hill,assistant_professor,86185.33
UNC-CH,UNC Chapel Hill,associate_professor,133900.0
UNC-CH,UNC Chapel Hill,assistant_professor,250278.0
UNC-CH,UNC Chapel Hill,assistant_professor,124144.0
UNC-CH,UNC Chapel Hill,assistant_professor,75000.0
UNC-CH,UNC Chapel Hill,assistant_professor,130000.0
UNC-CH,UNC Chapel Hill,assistant_professor,70912.0
UNC-CH,UNC Chapel Hill,assistant_professor,71356.0
UNC-CH,UNC Chapel Hill,associate_professor,104978.0
UNC-CH,UNC Chapel Hill,associate_professor,850000.0
UNC-CH,UNC Chapel Hill,associate_professor,285788.0
UNC-CH,UNC Chapel Hill,assistant_professor,139119.0
UNC-CH,UNC Chapel Hill,assistant_professor,66950.0
UNC-CH,UNC Chapel Hill,assistant_professor,75000.0
UNC-CH,UNC Chapel Hill,professor,375000.0
UNC-CH,UNC Chapel Hill,assistant_professor,375225.0
UNC-CH,UNC Chapel Hill,assistant_professor,187850.0
UNC-CH,UNC Chapel Hill,lecturer,76609.0
UNC-CH,UNC Chapel Hill,assistant_professor,86000.0
UNC-CH,UNC Chapel Hill,associate_professor,85696.0
UNC-CH,UNC Chapel Hill,assistant_professor,381205.0
UNC-CH,UNC Chapel Hill,assistant_professor,102500.0
UNC-CH,UNC Chapel Hill,assistant_professor,69792.8
UNC-CH,UNC Chapel Hill,assistant_professor,384406.0
UNC-CH,UNC Chapel Hill,assistant_professor,88000.0
UNC-CH,UNC Chapel Hill,professor,213210.0
UNC-CH,UNC Chapel Hill,associate_professor,77801.0
UNC-CH,UNC Chapel Hill,assistant_professor,164000.0
UNC-CH,UNC Chapel Hill,associate_professor,108150.0
UNC-CH,UNC Chapel Hill,assistant_professor,169000.0
UNC-CH,UNC Chapel Hill,associate_professor,186250.0
UNC-CH,UNC Chapel Hill,associate_professor,284118.98
UNC-CH,UNC Chapel Hill,professor,323329.0
UNC-CH,UNC Chapel Hill,assistant_professor,97000.0
UNC-CH,UNC Chapel Hill,associate_professor,105799.0
UNC-CH,UNC Chapel Hill,assistant_professor,70819.0
UNC-CH,UNC Chapel Hill,assistant_professor,205607.0
UNC-CH,UNC Chapel Hill,assistant_professor,109054.0
UNC-CH,UNC Chapel Hill,associate_professor,108572.25
UNC-CH,UNC Chapel Hill,assistant_professor,70000.0
UNC-CH,UNC Chapel Hill,assistant_professor,110334.0
UNC-CH,UNC Chapel Hill,assistant_professor,400000.0
UNC-CH,UNC Chapel Hill,assistant_professor,81370.0
UNC-CH,UNC Chapel Hill,associate_professor,113023.0
UNC-CH,UNC Chapel Hill,assistant_professor,55810.0
UNC-CH,UNC Chapel Hill,lecturer,73882.0
UNC-CH,UNC Chapel Hill,administrator,230000.0
UNC-CH,UNC Chapel Hill,assistant_professor,113000.0
UNC-CH,UNC Chapel Hill,associate_professor,246539.0
UNC-CH,UNC Chapel Hill,assistant_professor,241574.0
UNC-CH,UNC Chapel Hill,assistant_professor,286937.0
UNC-CH,UNC Chapel Hill,professor,452771.0
UNC-CH,UNC Chapel Hill,assistant_professor,88658.0
UNC-CH,UNC Chapel Hill,associate_professor,126008.0
UNC-CH,UNC Chapel Hill,associate_professor,85907.0
UNC-CH,UNC Chapel Hill,assistant_professor,230000.0
UNC-CH,UNC Chapel Hill,assistant_professor,136934.0
UNC-CH,UNC Chapel Hill,associate_professor,170461.0
UNC-CH,UNC Chapel Hill,assistant_professor,220000.0
UNC-CH,UNC Chapel Hill,associate_professor,133303.0
UNC-CH,UNC Chapel Hill,professor,230000.0
UNC-CH,UNC Chapel Hill,lecturer,75000.0
UNC-CH,UNC Chapel Hill,assistant_professor,84460.0
UNC-CH,UNC Chapel Hill,assistant_professor,81549.0
UNC-CH,UNC Chapel Hill,professor,259602.0
UNC-CH,UNC Chapel Hill,assistant_professor,117500.0
UNC-CH,UNC Chapel Hill,assistant_professor,288000.0
UNC-CH,UNC Chapel Hill,assistant_professor,132000.0
UNC-CH,UNC Chapel Hill,associate_professor,199190.0
UNC-CH,UNC Chapel Hill,assistant_professor,127500.0
UNC-CH,UNC Chapel Hill,assistant_professor,102300.0
UNC-CH,UNC Chapel Hill,professor,239986.53
UNC-CH,UNC Chapel Hill,assistant_professor,95883.0
UNC-CH,UNC Chapel Hill,assistant_professor,210000.0
UNC-CH,UNC Chapel Hill,assistant_professor,94000.0
UNC-CH,UNC Chapel Hill,assistant_professor,84000.0
UNC-CH,UNC Chapel Hill,associate_professor,315000.0
UNC-CH,UNC Chapel Hill,assistant_professor,230000.0
UNC-CH,UNC Chapel Hill,associate_professor,90168.0
UNC-CH,UNC Chapel Hill,professor,280000.0
UNC-CH,UNC Chapel Hill,professor,270000.0
UNC-CH,UNC Chapel Hill,professor,294635.0
UNC-CH,UNC Chapel Hill,professor,217125.0
UNC-CH,UNC Chapel Hill,assistant_professor,165000.0
UNC-CH,UNC Chapel Hill,associate_professor,111240.0
UNC-CH,UNC Chapel Hill,assistant_professor,187500.0
UNC-CH,UNC Chapel Hill,lecturer,72100.0
UNC-CH,UNC Chapel Hill,assistant_professor,56131.0
UNC-CH,UNC Chapel Hill,assistant_professor,102000.0
UNC-CH,UNC Chapel Hill,professor,215000.0
UNC-CH,UNC Chapel Hill,assistant_professor,64377.0
UNC-CH,UNC Chapel Hill,assistant_professor,157351.0
UNC-CH,UNC Chapel Hill,assistant_professor,87682.0
UNC-CH,UNC Chapel Hill,professor,170000.0
UNC-CH,UNC Chapel Hill,assistant_professor,98800.0
UNC-CH,UNC Chapel Hill,associate_professor,127926.0
UNC-CH,UNC Chapel Hill,associate_professor,203876.0
UNC-CH,UNC Chapel Hill,associate_professor,155542.0
UNC-CH,UNC Chapel Hill,lecturer,88400.0
UNC-CH,UNC Chapel Hill,assistant_professor,240000.0
UNC-CH,UNC Chapel Hill,lecturer,81000.0
UNC-CH,UNC Chapel Hill,associate_professor,210226.0
UNC-CH,UNC Chapel Hill,associate_professor,162539.0
UNC-CH,UNC Chapel Hill,assistant_professor,349300.0
UNC-CH,UNC Chapel Hill,assistant_professor,93030.0
UNC-CH,UNC Chapel Hill,lecturer,155000.0
UNC-CH,UNC Chapel Hill,professor,387870.0
UNC-CH,UNC Chapel Hill,professor,101397.0
UNC-CH,UNC Chapel Hill,professor,190000.0
UNC-CH,UNC Chapel Hill,assistant_professor,93000.0
UNC-CH,UNC Chapel Hill,assistant_professor,96087.0
UNC-CH,UNC Chapel Hill,lecturer,61285.0
UNC-CH,UNC Chapel Hill,administrator,171081.0
UNC-CH,UNC Chapel Hill,associate_professor,364740.0
UNC-CH,UNC Chapel Hill,associate_professor,92700.0
UNC-CH,UNC Chapel Hill,assistant_professor,53560.0
UNC-CH,UNC Chapel Hill,associate_professor,82396.0
UNC-CH,UNC Chapel Hill,associate_professor,119613.0
UNC-CH,UNC Chapel Hill,assistant_professor,102000.0
UNC-CH,UNC Chapel Hill,assistant_professor,160000.0
UNC-CH,UNC Chapel Hill,professor,347168.0
UNC-CH,UNC Chapel Hill,associate_professor,126385.0
UNC-CH,UNC Chapel Hill,assistant_professor,194128.0
UNC-CH,UNC Chapel Hill,assistant_professor,220000.0
UNC-CH,UNC Chapel Hill,associate_professor,132474.0
UNC-CH,UNC Chapel Hill,professor,184042.0
UNC-CH,UNC Chapel Hill,assistant_professor,100000.0
UNC-CH,UNC Chapel Hill,associate_professor,127623.0
UNC-CH,UNC Chapel Hill,assistant_professor,78000.0
UNC-CH,UNC Chapel Hill,assistant_professor,260000.0
UNC-CH,UNC Chapel Hill,assistant_professor,119480.0
UNC-CH,UNC Chapel Hill,administrator,382434.0
UNC-CH,UNC Chapel Hill,associate_professor,134752.16
UNC-CH,UNC Chapel Hill,professor,203932.0
UNC-CH,UNC Chapel Hill,lecturer,61285.0
UNC-CH,UNC Chapel Hill,assistant_professor,182880.0
UNC-CH,UNC Chapel Hill,associate_professor,125365.0
UNC-CH,UNC Chapel Hill,associate_professor,93672.0
UNC-CH,UNC Chapel Hill,associate_professor,126690.0
UNC-CH,UNC Chapel Hill,assistant_professor,126025.0
UNC-CH,UNC Chapel Hill,associate_professor,312921.0
UNC-CH,UNC Chapel Hill,professor,211433.0
UNC-CH,UNC Chapel Hill,professor,380000.0
UNC-CH,UNC Chapel Hill,assistant_professor,123600.0
UNC-CH,UNC Chapel Hill,associate_professor,90575.0
UNC-CH,UNC Chapel Hill,assistant_professor,102000.0
UNC-CH,UNC Chapel Hill,assistant_professor,195000.0
UNC-CH,UNC Chapel Hill,lecturer,79300.0
UNC-CH,UNC Chapel Hill,assistant_professor,107500.0
UNC-CH,UNC Chapel Hill,assistant_professor,282931.0
UNC-CH,UNC Chapel Hill,assistant_professor,448476.0
UNC-CH,UNC Chapel Hill,assistant_professor,165000.0
UNC-CH,UNC Chapel Hill,assistant_professor,90000.0
UNC-CH,UNC Chapel Hill,professor,152384.0
UNC-CH,UNC Chapel Hill,professor,150668.0
UNC-CH,UNC Chapel Hill,professor,263227.0
UNC-CH,UNC Chapel Hill,associate_professor,432622.0
UNC-CH,UNC Chapel Hill,associate_professor,239692.0
UNC-CH,UNC Chapel Hill,assistant_professor,86276.0
UNC-CH,UNC Chapel Hill,assistant_professor,67515.0
UNC-CH,UNC Chapel Hill,professor,253116.0
UNC-CH,UNC Chapel Hill,associate_professor,119130.0
UNC-CH,UNC Chapel Hill,professor,315000.0
UNC-CH,UNC Chapel Hill,associate_professor,260000.0
UNC-CH,UNC Chapel Hill,assistant_professor,131758.0
UNC-CH,UNC Chapel Hill,assistant_professor,274000.0
UNC-CH,UNC Chapel Hill,assistant_professor,54000.0
UNC-CH,UNC Chapel Hill,professor,215647.0
UNC-CH,UNC Chapel Hill,lecturer,87550.0
UNC-CH,UNC Chapel Hill,administrator,125000.0
UNC-CH,UNC Chapel Hill,professor,335000.0
UNC-CH,UNC Chapel Hill,professor,199945.0
UNC-CH,UNC Chapel Hill,professor,190000.0
UNC-CH,UNC Chapel Hill,assistant_professor,60114.0
UNC-CH,UNC Chapel Hill,associate_professor,158672.0
UNC-CH,UNC Chapel Hill,assistant_professor,234566.0
UNC-CH,UNC Chapel Hill,assistant_professor,140000.0
UNC-CH,UNC Chapel Hill,professor,893850.0
UNC-CH,UNC Chapel Hill,professor,189000.0
UNC-CH,UNC Chapel Hill,associate_professor,100000.0
UNC-CH,UNC Chapel Hill,professor,160539.0
UNC-CH,UNC Chapel Hill,assistant_professor,97000.0
UNC-CH,UNC Chapel Hill,associate_professor,102999.0
UNC-CH,UNC Chapel Hill,associate_professor,145000.0
UNC-CH,UNC Chapel Hill,associate_professor,204788.0
UNC-CH,UNC Chapel Hill,assistant_professor,198846.0
UNC-CH,UNC Chapel Hill,professor,124483.0
UNC-CH,UNC Chapel Hill,professor,292402.0
UNC-CH,UNC Chapel Hill,professor,181332.0
UNC-CH,UNC Chapel Hill,associate_professor,238464.0
UNC-CH,UNC Chapel Hill,professor,180000.0
UNC-CH,UNC Chapel Hill,associate_professor,309808.0
UNC-CH,UNC Chapel Hill,professor,140841.0
UNC-CH,UNC Chapel Hill,professor,131514.0
UNC-CH,UNC Chapel Hill,professor,260100.0
UNC-CH,UNC Chapel Hill,associate_professor,164800.0
UNC-CH,UNC Chapel Hill,professor,117039.0
UNC-CH,UNC Chapel Hill,professor,94804.0
UNC-CH,UNC Chapel Hill,professor,452771.0
UNC-CH,UNC Chapel Hill,associate_professor,137085.0
UNC-CH,UNC Chapel Hill,associate_professor,402000.0
UNC-CH,UNC Chapel Hill,professor,72269.0
UNC-CH,UNC Chapel Hill,professor,397334.0
UNC-CH,UNC Chapel Hill,professor,233254.0
UNC-CH,UNC Chapel Hill,associate_professor,99374.0
UNC-CH,UNC Chapel Hill,professor,123265.0
UNC-CH,UNC Chapel Hill,professor,360576.0
UNC-CH,UNC Chapel Hill,professor,300000.0
UNC-CH,UNC Chapel Hill,professor,228131.0
UNC-CH,UNC Chapel Hill,professor,172446.0
UNC-CH,UNC Chapel Hill,professor,160027.0
UNC-CH,UNC Chapel Hill,professor,437980.0
UNC-CH,UNC Chapel Hill,associate_professor,102098.0
UNC-CH,UNC Chapel Hill,professor,153732.0
UNC-CH,UNC Chapel Hill,assistant_professor,140776.0
UNC-CH,UNC Chapel Hill,professor,122918.0
UNC-CH,UNC Chapel Hill,professor,195407.0
UNC-CH,UNC Chapel Hill,associate_professor,110950.0
UNC-CH,UNC Chapel Hill,associate_professor,156255.0
UNC-CH,UNC Chapel Hill,assistant_professor,101764.0
UNC-CH,UNC Chapel Hill,assistant_professor,136578.0
UNC-CH,UNC Chapel Hill,associate_professor,242000.0
UNC-CH,UNC Chapel Hill,associate_professor,274250.0
UNC-CH,UNC Chapel Hill,associate_professor,126461.0
UNC-CH,UNC Chapel Hill,assistant_professor,154552.0
UNC-CH,UNC Chapel Hill,associate_professor,304653.0
UNC-CH,UNC Chapel Hill,professor,280000.0
UNC-CH,UNC Chapel Hill,assistant_professor,240000.0
UNC-CH,UNC Chapel Hill,assistant_professor,187500.0
UNC-CH,UNC Chapel Hill,assistant_professor,110000.0
UNC-CH,UNC Chapel Hill,associate_professor,315000.0
UNC-CH,UNC Chapel Hill,associate_professor,156255.0
UNC-CH,UNC Chapel Hill,assistant_professor,85387.0
UNC-CH,UNC Chapel Hill,professor,270000.0
UNC-CH,UNC Chapel Hill,assistant_professor,275211.0
UNC-CH,UNC Chapel Hill,associate_professor,231249.0
UNC-CH,UNC Chapel Hill,assistant_professor,102000.0
UNC-CH,UNC Chapel Hill,associate_professor,96071.0
UNC-CH,UNC Chapel Hill,assistant_professor,93600.0
UNC-CH,UNC Chapel Hill,associate_professor,125280.0
UNC-CH,UNC Chapel Hill,professor,245725.0
UNC-CH,UNC Chapel Hill,assistant_professor,270000.0
UNC-CH,UNC Chapel Hill,professor,334500.0
UNC-CH,UNC Chapel Hill,lecturer,72100.0
UNC-CH,UNC Chapel Hill,assistant_professor,234566.0
UNC-CH,UNC Chapel Hill,assistant_professor,122000.0
UNC-CH,UNC Chapel Hill,assistant_professor,86698.0
UNC-CH,UNC Chapel Hill,associate_professor,111364.0
UNC-CH,UNC Chapel Hill,professor,378384.0
UNC-CH,UNC Chapel Hill,associate_professor,355000.0
UNC-CH,UNC Chapel Hill,assistant_professor,274000.0
UNC-CH,UNC Chapel Hill,associate_professor,107360.0
UNC-CH,UNC Chapel Hill,professor,88726.0
UNC-CH,UNC Chapel Hill,associate_professor,123300.0
UNC-CH,UNC Chapel Hill,assistant_professor,91052.0
UNC-CH,UNC Chapel Hill,professor,200000.0
UNC-CH,UNC Chapel Hill,assistant_professor,110000.0
UNC-CH,UNC Chapel Hill,assistant_professor,115360.0
UNC-CH,UNC Chapel Hill,assistant_professor,85432.0
UNC-CH,UNC Chapel Hill,assistant_professor,220000.0
UNC-CH,UNC Chapel Hill,assistant_professor,90913.0
UNC-CH,UNC Chapel Hill,assistant_professor,98374.0
UNC-CH,UNC Chapel Hill,associate_professor,106007.0
UNC-CH,UNC Chapel Hill,administrator,224167.0
UNC-CH,UNC Chapel Hill,assistant_professor,103000.0
UNC-CH,UNC Chapel Hill,assistant_professor,136578.0
UNC-CH,UNC Chapel Hill,assistant_professor,78000.0
UNC-CH,UNC Chapel Hill,associate_professor,483129.0
UNC-CH,UNC Chapel Hill,assistant_professor,284000.0
UNC-CH,UNC Chapel Hill,associate_professor,114750.0
UNC-CH,UNC Chapel Hill,associate_professor,198067.0
UNC-CH,UNC Chapel Hill,associate_professor,161500.0
UNC-CH,UNC Chapel Hill,lecturer,139256.0
UNC-CH,UNC Chapel Hill,assistant_professor,375225.0
UNC-CH,UNC Chapel Hill,associate_professor,315000.0
UNC-CH,UNC Chapel Hill,professor,240548.0
UNC-CH,UNC Chapel Hill,assistant_professor,160000.0
UNC-CH,UNC Chapel Hill,professor,261454.0
UNC-CH,UNC Chapel Hill,professor,75188.0
UNC-CH,UNC Chapel Hill,assistant_professor,226820.0
UNC-CH,UNC Chapel Hill,professor,279964.0
UNC-CH,UNC Chapel Hill,professor,640000.0
UNC-CH,UNC Chapel Hill,professor,335000.0
UNC-CH,UNC Chapel Hill,associate_professor,157500.0
UNC-CH,UNC Chapel Hill,professor,356040.0
UNC-CH,UNC Chapel Hill,associate_professor,240000.0
UNC-CH,UNC Chapel Hill,professor,318145.0
UNC-CH,UNC Chapel Hill,professor,345839.0
UNC-CH,UNC Chapel Hill,associate_professor,65036.0
UNC-CH,UNC Chapel Hill,professor,174222.0
UNC-CH,UNC Chapel Hill,associate_professor,63734.0
UNC-CH,UNC Chapel Hill,assistant_professor,142500.0
UNC-CH,UNC Chapel Hill,assistant_professor,67515.0
UNC-CH,UNC Chapel Hill,professor,130825.0
UNC-CH,UNC Chapel Hill,professor,152250.0
UNC-CH,UNC Chapel Hill,associate_professor,161379.0
UNC-CH,UNC Chapel Hill,professor,240000.0
UNC-CH,UNC Chapel Hill,professor,180000.0
UNC-CH,UNC Chapel Hill,associate_professor,113815.0
UNC-CH,UNC Chapel Hill,professor,240000.0
UNC-CH,UNC Chapel Hill,professor,335000.0
UNC-CH,UNC Chapel Hill,professor,274510.0
UNC-CH,UNC Chapel Hill,professor,207075.0
UNC-CH,UNC Chapel Hill,professor,378904.0
UNC-CH,UNC Chapel Hill,professor,135225.0
UNC-CH,UNC Chapel Hill,professor,237691.0
UNC-CH,UNC Chapel Hill,associate_professor,264050.0
UNC-CH,UNC Chapel Hill,professor,135000.0
UNC-CH,UNC Chapel Hill,professor,500000.0
UNC-CH,UNC Chapel Hill,professor,76269.0
UNC-CH,UNC Chapel Hill,professor,424633.0
UNC-CH,UNC Chapel Hill,assistant_professor,102000.0
UNC-CH,UNC Chapel Hill,professor,387450.0
UNC-CH,UNC Chapel Hill,associate_professor,67595.0
UNC-CH,UNC Chapel Hill,professor,122508.0
UNC-CH,UNC Chapel Hill,associate_professor,126142.0
UNC-CH,UNC Chapel Hill,professor,238739.0
UNC-CH,UNC Chapel Hill,professor,145782.0
UNC-CH,UNC Chapel Hill,associate_professor,114755.0
UNC-CH,UNC Chapel Hill,professor,121038.0
UNC-CH,UNC Chapel Hill,professor,329873.94
UNC-CH,UNC Chapel Hill,professor,234962.0
UNC-CH,UNC Chapel Hill,associate_professor,123616.0
UNC-CH,UNC Chapel Hill,professor,228131.0
UNC-CH,UNC Chapel Hill,associate_professor,219771.0
UNC-CH,UNC Chapel Hill,associate_professor,61701.0
UNC-CH,UNC Chapel Hill,associate_professor,127878.0
UNC-CH,UNC Chapel Hill,professor,335000.0
UNC-CH,UNC Chapel Hill,professor,145886.0
UNC-CH,UNC Chapel Hill,assistant_professor,232188.0
UNC-CH,UNC Chapel Hill,professor,155000.0
UNC-CH,UNC Chapel Hill,associate_professor,120054.0
UNC-CH,UNC Chapel Hill,associate_professor,313000.0
UNC-CH,UNC Chapel Hill,professor,255000.0
UNC-CH,UNC Chapel Hill,associate_professor,120000.0
UNC-CH,UNC Chapel Hill,professor,176748.0
UNC-CH,UNC Chapel Hill,professor,71530.0
UNC-CH,UNC Chapel Hill,associate_professor,315845.0
UNC-CH,UNC Chapel Hill,associate_professor,76055.0
UNC-CH,UNC Chapel Hill,professor,289150.0
UNC-CH,UNC Chapel Hill,professor,161750.0
UNC-CH,UNC Chapel Hill,professor,88652.0
UNC-CH,UNC Chapel Hill,assistant_professor,358970.0
UNC-CH,UNC Chapel Hill,professor,190615.0
UNC-CH,UNC Chapel Hill,professor,235000.0
UNC-CH,UNC Chapel Hill,professor,452771.0
UNC-CH,UNC Chapel Hill,associate_professor,213536.0
UNC-CH,UNC Chapel Hill,associate_professor,162000.0
UNC-CH,UNC Chapel Hill,assistant_professor,163862.0
UNC-CH,UNC Chapel Hill,professor,132945.0
UNC-CH,UNC Chapel Hill,assistant_professor,219800.0
UNC-CH,UNC Chapel Hill,assistant_professor,102000.0
UNC-CH,UNC Chapel Hill,assistant_professor,105000.0
UNC-CH,UNC Chapel Hill,lecturer,80000.0
UNC-CH,UNC Chapel Hill,professor,422497.0
UNC-CH,UNC Chapel Hill,assistant_professor,312000.0
UNC-CH,UNC Chapel Hill,administrator,195654.0
UNC-CH,UNC Chapel Hill,assistant_professor,205607.0
UNC-CH,UNC Chapel Hill,assistant_professor,71610.0
UNC-CH,UNC Chapel Hill,assistant_professor,120000.0
UNC-CH,UNC Chapel Hill,associate_professor,131987.7
UNC-CH,UNC Chapel Hill,assistant_professor,295000.0
UNC-CH,UNC Chapel Hill,associate_professor,149757.0
UNC-CH,UNC Chapel Hill,associate_professor,74690.0
UNC-CH,UNC Chapel Hill,associate_professor,198720.0
UNC-CH,UNC Chapel Hill,assistant_professor,422448.0
UNC-CH,UNC Chapel Hill,professor,266000.0
UNC-CH,UNC Chapel Hill,associate_professor,120000.0
UNC-CH,UNC Chapel Hill,associate_professor,160000.0
UNC-CH,UNC Chapel Hill,professor,84913.65
UNC-CH,UNC Chapel Hill,assistant_professor,223956.0
UNC-CH,UNC Chapel Hill,administrator,147826.0
UNC-CH,UNC Chapel Hill,assistant_professor,207202.6
UNC-CH,UNC Chapel Hill,assistant_professor,235000.0
UNC-CH,UNC Chapel Hill,associate_professor,266666.0
UNC-CH,UNC Chapel Hill,professor,220000.0
UNC-CH,UNC Chapel Hill,assistant_professor,61800.0
UNC-CH,UNC Chapel Hill,associate_professor,104962.0
UNC-CH,UNC Chapel Hill,assistant_professor,88000.0
UNC-CH,UNC Chapel Hill,assistant_professor,124000.0
UNC-CH,UNC Chapel Hill,professor,210241.0
UNC-CH,UNC Chapel Hill,assistant_professor,205607.0
UNC-CH,UNC Chapel Hill,assistant_professor,72000.0
UNC-CH,UNC Chapel Hill,associate_professor,432622.0
UNC-CH,UNC Chapel Hill,associate_professor,97032.0
UNC-CH,UNC Chapel Hill,associate_professor,103872.0
UNC-CH,UNC Chapel Hill,assistant_professor,119646.0
UNC-CH,UNC Chapel Hill,associate_professor,245000.0
UNC-CH,UNC Chapel Hill,lecturer,61300.0
UNC-CH,UNC Chapel Hill,assistant_professor,242661.0
UNC-CH,UNC Chapel Hill,assistant_professor,200518.0
UNC-CH,UNC Chapel Hill,assistant_professor,94500.0
UNC-CH,UNC Chapel Hill,assistant_professor,234566.0
UNC-CH,UNC Chapel Hill,associate_professor,354453.5
UNC-CH,UNC Chapel Hill,associate_professor,255971.0
UNC-CH,UNC Chapel Hill,professor,465000.0
UNC-CH,UNC Chapel Hill,associate_professor,147538.0
UNC-CH,UNC Chapel Hill,assistant_professor,90000.0
UNC-CH,UNC Chapel Hill,assistant_professor,89807.0
UNC-CH,UNC Chapel Hill,assistant_professor,195000.0
UNC-CH,UNC Chapel Hill,assistant_professor,131758.0
UNC-CH,UNC Chapel Hill,professor,120460.0
UNC-CH,UNC Chapel Hill,lecturer,164919.0
UNC-CH,UNC Chapel Hill,professor,168615.0
UNC-CH,UNC Chapel Hill,associate_professor,118212.0
UNC-CH,UNC Chapel Hill,associate_professor,364047.0
UNC-CH,UNC Chapel Hill,assistant_professor,177830.0
UNC-CH,UNC Chapel Hill,assistant_professor,231214.5
UNC-CH,UNC Chapel Hill,lecturer,70445.0
UNC-CH,UNC Chapel Hill,associate_professor,160680.0
UNC-CH,UNC Chapel Hill,professor,179319.0
UNC-CH,UNC Chapel Hill,associate_professor,111836.0
UNC-CH,UNC Chapel Hill,associate_professor,243000.0
UNC-CH,UNC Chapel Hill,professor,153423.0
UNC-CH,UNC Chapel Hill,assistant_professor,206783.0
UNC-CH,UNC Chapel Hill,assistant_professor,61800.0
UNC-CH,UNC Chapel Hill,assistant_professor,102211.0
UNC-CH,UNC Chapel Hill,assistant_professor,223956.0
UNC-CH,UNC Chapel Hill,associate_professor,140000.0
UNC-CH,UNC Chapel Hill,professor,67708.0
UNC-CH,UNC Chapel Hill,professor,117173.0
UNC-CH,UNC Chapel Hill,assistant_professor,154500.0
UNC-CH,UNC Chapel Hill,associate_professor,463248.0
UNC-CH,UNC Chapel Hill,professor,209381.0
UNC-CH,UNC Chapel Hill,associate_professor,187058.0
UNC-CH,UNC Chapel Hill,assistant_professor,70037.0
UNC-CH,UNC Chapel Hill,assistant_professor,105000.0
UNC-CH,UNC Chapel Hill,assistant_professor,86000.0
UNC-CH,UNC Chapel Hill,associate_professor,117264.0
UNC-CH,UNC Chapel Hill,lecturer,107681.4
UNC-CH,UNC Chapel Hill,assistant_professor,225509.0
UNC-CH,UNC Chapel Hill,assistant_professor,113539.0
UNC-CH,UNC Chapel Hill,associate_professor,205014.0
UNC-CH,UNC Chapel Hill,assistant_professor,101764.0
UNC-CH,UNC Chapel Hill,assistant_professor,273000.0
UNC-CH,UNC Chapel Hill,associate_professor,290000.0
UNC-CH,UNC Chapel Hill,associate_professor,133448.0
UNC-CH,UNC Chapel Hill,lecturer,97151.6
UNC-CH,UNC Chapel Hill,assistant_professor,112394.0
UNC-CH,UNC Chapel Hill,lecturer,105000.0
UNC-CH,UNC Chapel Hill,assistant_professor,274000.0
UNC-CH,UNC Chapel Hill,assistant_professor,64269.0
UNC-CH,UNC Chapel Hill,professor,155662.0
UNC-CH,UNC Chapel Hill,professor,115358.0
UNC-CH,UNC Chapel Hill,assistant_professor,73109.0
UNC-CH,UNC Chapel Hill,professor,417318.0
UNC-CH,UNC Chapel Hill,assistant_professor,206783.0
UNC-CH,UNC Chapel Hill,assistant_professor,646818.0
UNC-CH,UNC Chapel Hill,assistant_professor,165580.0
UNC-CH,UNC Chapel Hill,assistant_professor,214240.0
UNC-CH,UNC Chapel Hill,assistant_professor,128750.0
UNC-CH,UNC Chapel Hill,professor,141157.0
UNC-CH,UNC Chapel Hill,professor,412434.0
UNC-CH,UNC Chapel Hill,professor,186449.0
UNC-CH,UNC Chapel Hill,associate_professor,94316.0
UNC-CH,UNC Chapel Hill,assistant_professor,226820.25
UNC-CH,UNC Chapel Hill,associate_professor,95385.0
UNC-CH,UNC Chapel Hill,assistant_professor,80326.71
UNC-CH,UNC Chapel Hill,associate_professor,231249.0
UNC-CH,UNC Chapel Hill,professor,444541.0
UNC-CH,UNC Chapel Hill,professor,444541.0
UNC-CH,UNC Chapel Hill,professor,155655.0
UNC-CH,UNC Chapel Hill,professor,117968.0
UNC-CH,UNC Chapel Hill,professor,156953.0
UNC-CH,UNC Chapel Hill,professor,169141.0
UNC-CH,UNC Chapel Hill,associate_professor,98923.0
UNC-CH,UNC Chapel Hill,professor,206015.0
UNC-CH,UNC Chapel Hill,professor,224020.0
UNC-CH,UNC Chapel Hill,assistant_professor,86616.0
UNC-CH,UNC Chapel Hill,professor,265000.0
UNC-CH,UNC Chapel Hill,professor,193600.0
UNC-CH,UNC Chapel Hill,associate_professor,234369.0
UNC-CH,UNC Chapel Hill,professor,170000.0
UNC-CH,UNC Chapel Hill,professor,282177.0
UNC-CH,UNC Chapel Hill,lecturer,88400.0
UNC-CH,UNC Chapel Hill,associate_professor,95018.0
UNC-CH,UNC Chapel Hill,professor,117968.0
UNC-CH,UNC Chapel Hill,professor,205558.0
UNC-CH,UNC Chapel Hill,professor,364738.0
UNC-CH,UNC Chapel Hill,associate_professor,246077.0
UNC-CH,UNC Chapel Hill,professor,133900.0
UNC-CH,UNC Chapel Hill,professor,465736.0
UNC-CH,UNC Chapel Hill,professor,226386.0
UNC-CH,UNC Chapel Hill,professor,134384.0
UNC-CH,UNC Chapel Hill,professor,76484.0
UNC-CH,UNC Chapel Hill,professor,161893.0
UNC-CH,UNC Chapel Hill,professor,146604.0
UNC-CH,UNC Chapel Hill,associate_professor,99374.0
UNC-CH,UNC Chapel Hill,associate_professor,104088.0
UNC-CH,UNC Chapel Hill,lecturer,113836.62
UNC-CH,UNC Chapel Hill,professor,189530.95
UNC-CH,UNC Chapel Hill,associate_professor,99733.0
UNC-CH,UNC Chapel Hill,associate_professor,255000.0
UNC-CH,UNC Chapel Hill,professor,197668.0
UNC-CH,UNC Chapel Hill,associate_professor,103202.0
UNC-CH,UNC Chapel Hill,associate_professor,283500.0
UNC-CH,UNC Chapel Hill,professor,194641.0
UNC-CH,UNC Chapel Hill,professor,115461.0
UNC-CH,UNC Chapel Hill,associate_professor,125208.0
UNC-CH,UNC Chapel Hill,professor,129352.0
UNC-CH,UNC Chapel Hill,professor,204106.0
UNC-CH,UNC Chapel Hill,professor,202526.0
UNC-CH,UNC Chapel Hill,associate_professor,83050.0
UNC-CH,UNC Chapel Hill,professor,259602.0
UNC-CH,UNC Chapel Hill,assistant_professor,98540.0
UNC-CH,UNC Chapel Hill,professor,259896.0
UNC-CH,UNC Chapel Hill,professor,274931.0
UNC-CH,UNC Chapel Hill,associate_professor,85658.0
UNC-CH,UNC Chapel Hill,professor,295046.51
UNC-CH,UNC Chapel Hill,associate_professor,145745.0
UNC-CH,UNC Chapel Hill,professor,690000.0
UNC-CH,UNC Chapel Hill,assistant_professor,288699.0
UNC-CH,UNC Chapel Hill,professor,289082.0
UNC-CH,UNC Chapel Hill,professor,71981.0
UNC-CH,UNC Chapel Hill,professor,145739.0
UNC-CH,UNC Chapel Hill,professor,234593.0
UNC-CH,UNC Chapel Hill,associate_professor,170000.0
UNC-CH,UNC Chapel Hill,associate_professor,126690.0
UNC-CH,UNC Chapel Hill,professor,89002.0
UNC-CH,UNC Chapel Hill,professor,233165.0
UNC-CH,UNC Chapel Hill,professor,200180.0
UNC-CH,UNC Chapel Hill,assistant_professor,140062.0
UNC-CH,UNC Chapel Hill,professor,185400.0
UNC-CH,UNC Chapel Hill,professor,256386.0
UNC-CH,UNC Chapel Hill,professor,164800.0
UNC-CH,UNC Chapel Hill,assistant_professor,80546.0
UNC-CH,UNC Chapel Hill,associate_professor,300000.0
UNC-CH,UNC Chapel Hill,associate_professor,112787.0
UNC-CH,UNC Chapel Hill,professor,284357.0
UNC-CH,UNC Chapel Hill,associate_professor,79495.0
UNC-CH,UNC Chapel Hill,professor,163579.0
UNC-CH,UNC Chapel Hill,associate_professor,100000.0
UNC-CH,UNC Chapel Hill,professor,128334.0
UNC-CH,UNC Chapel Hill,professor,117921.0
UNC-CH,UNC Chapel Hill,professor,260901.97
UNC-CH,UNC Chapel Hill,administrator,140000.0
UNC-CH,UNC Chapel Hill,professor,142122.0
UNC-CH,UNC Chapel Hill,professor,170971.0
UNC-CH,UNC Chapel Hill,professor,233913.0
UNC-CH,UNC Chapel Hill,professor,291744.0
UNC-CH,UNC Chapel Hill,assistant_professor,106758.0
UNC-CH,UNC Chapel Hill,associate_professor,115449.0
UNC-CH,UNC Chapel Hill,professor,481500.0
UNC-CH,UNC Chapel Hill,professor,335000.0
UNC-CH,UNC Chapel Hill,administrator,166675.0
UNC-CH,UNC Chapel Hill,professor,248298.0
UNC-CH,UNC Chapel Hill,assistant_professor,91052.0
UNC-CH,UNC Chapel Hill,lecturer,117832.0
UNC-CH,UNC Chapel Hill,professor,240550.0
UNC-CH,UNC Chapel Hill,associate_professor,173009.87
UNC-CH,UNC Chapel Hill,professor,216541.0
UNC-CH,UNC Chapel Hill,assistant_professor,208572.0
UNC-CH,UNC Chapel Hill,professor,215077.0
UNC-CH,UNC Chapel Hill,associate_professor,95878.0
UNC-CH,UNC Chapel Hill,assistant_professor,125000.0
UNC-CH,UNC Chapel Hill,associate_professor,550472.0
UNC-CH,UNC Chapel Hill,assistant_professor,58916.0
UNC-CH,UNC Chapel Hill,assistant_professor,153672.0
UNC-CH,UNC Chapel Hill,associate_professor,129181.0
UNC-CH,UNC Chapel Hill,assistant_professor,274000.0
UNC-CH,UNC Chapel Hill,assistant_professor,220774.0
UNC-CH,UNC Chapel Hill,assistant_professor,55702.0
UNC-CH,UNC Chapel Hill,professor,169950.0
UNC-CH,UNC Chapel Hill,assistant_professor,343874.0
UNC-CH,UNC Chapel Hill,professor,283250.0
UNC-CH,UNC Chapel Hill,assistant_professor,199302.0
UNC-CH,UNC Chapel Hill,associate_professor,300000.0
UNC-CH,UNC Chapel Hill,professor,288000.0
UNC-CH,UNC Chapel Hill,assistant_professor,94554.0
UNC-CH,UNC Chapel Hill,associate_professor,164486.0
UNC-CH,UNC Chapel Hill,professor,206156.0
UNC-CH,UNC Chapel Hill,professor,180250.0
UNC-CH,UNC Chapel Hill,professor,136397.0
UNC-CH,UNC Chapel Hill,assistant_professor,136578.0
UNC-CH,UNC Chapel Hill,assistant_professor,77000.0
UNC-CH,UNC Chapel Hill,assistant_professor,92845.0
UNC-CH,UNC Chapel Hill,assistant_professor,345000.0
UNC-CH,UNC Chapel Hill,associate_professor,199680.0
UNC-CH,UNC Chapel Hill,assistant_professor,84000.0
UNC-CH,UNC Chapel Hill,lecturer,115660.22
UNC-CH,UNC Chapel Hill,assistant_professor,145000.0
UNC-CH,UNC Chapel Hill,associate_professor,228278.0
UNC-CH,UNC Chapel Hill,professor,194315.0
UNC-CH,UNC Chapel Hill,associate_professor,61276.0
UNC-CH,UNC Chapel Hill,assistant_professor,139050.0
UNC-CH,UNC Chapel Hill,assistant_professor,90000.0
UNC-CH,UNC Chapel Hill,professor,277450.0
UNC-CH,UNC Chapel Hill,professor,123635.0
UNC-CH,UNC Chapel Hill,professor,452771.0
UNC-CH,UNC Chapel Hill,associate_professor,105579.0
UNC-CH,UNC Chapel Hill,professor,171098.0
UNC-CH,UNC Chapel Hill,associate_professor,354552.0
UNC-CH,UNC Chapel Hill,assistant_professor,105651.0
UNC-CH,UNC Chapel Hill,assistant_professor,147200.0
UNC-CH,UNC Chapel Hill,professor,142585.0
UNC-CH,UNC Chapel Hill,professor,151465.0
UNC-CH,UNC Chapel Hill,assistant_professor,128188.0
UNC-CH,UNC Chapel Hill,assistant_professor,102000.0
UNC-CH,UNC Chapel Hill,assistant_professor,132000.0
UNC-CH,UNC Chapel Hill,professor,82390.0
UNC-CH,UNC Chapel Hill,assistant_professor,255000.0
UNC-CH,UNC Chapel Hill,associate_professor,310000.0
UNC-CH,UNC Chapel Hill,professor,206000.0
UNC-CH,UNC Chapel Hill,assistant_professor,272000.0
UNC-CH,UNC Chapel Hill,assistant_professor,89998.0
UNC-CH,UNC Chapel Hill,assistant_professor,343874.0
UNC-CH,UNC Chapel Hill,associate_professor,123600.0
UNC-CH,UNC Chapel Hill,associate_professor,201900.0
UNC-CH,UNC Chapel Hill,lecturer,121292.0
UNC-CH,UNC Chapel Hill,assistant_professor,245140.0
UNC-CH,UNC Chapel Hill,assistant_professor,86700.0
UNC-CH,UNC Chapel Hill,assistant_professor,90000.0
UNC-CH,UNC Chapel Hill,assistant_professor,120962.0
UNC-CH,UNC Chapel Hill,assistant_professor,113300.0
UNC-CH,UNC Chapel Hill,assistant_professor,72506.0
UNC-CH,UNC Chapel Hill,assistant_professor,130034.0
UNC-CH,UNC Chapel Hill,associate_professor,219771.0
UNC-CH,UNC Chapel Hill,assistant_professor,131047.0
UNC-CH,UNC Chapel Hill,professor,259602.0
UNC-CH,UNC Chapel Hill,assistant_professor,251622.0
UNC-CH,UNC Chapel Hill,assistant_professor,67630.0
UNC-CH,UNC Chapel Hill,assistant_professor,160000.0
UNC-CH,UNC Chapel Hill,lecturer,87151.0
UNC-CH,UNC Chapel Hill,lecturer,79300.0
UNC-CH,UNC Chapel Hill,assistant_professor,93000.0
UNC-CH,UNC Chapel Hill,assistant_professor,97850.0
UNC-CH,UNC Chapel Hill,associate_professor,448476.0
UNC-CH,UNC Chapel Hill,professor,263676.0
UNC-CH,UNC Chapel Hill,assistant_professor,169644.0
UNC-CH,UNC Chapel Hill,associate_professor,199190.0
UNC-CH,UNC Chapel Hill,associate_professor,140000.0
UNC-CH,UNC Chapel Hill,professor,76698.0
UNC-CH,UNC Chapel Hill,assistant_professor,95981.0
UNC-CH,UNC Chapel Hill,assistant_professor,80327.0
UNC-CH,UNC Chapel Hill,assistant_professor,221000.0
UNC-CH,UNC Chapel Hill,professor,136405.5
UNC-CH,UNC Chapel Hill,associate_professor,154552.0
UNC-CH,UNC Chapel Hill,lecturer,89045.0
UNC-CH,UNC Chapel Hill,associate_professor,86221.0
UNC-CH,UNC Chapel Hill,professor,265000.0
UNC-CH,UNC Chapel Hill,assistant_professor,123000.0
UNC-CH,UNC Chapel Hill,assistant_professor,288000.0
UNC-CH,UNC Chapel Hill,assistant_professor,139055.0
UNC-CH,UNC Chapel Hill,administrator,154600.0
UNC-CH,UNC Chapel Hill,associate_professor,111378.0
UNC-CH,UNC Chapel Hill,associate_professor,130000.0
UNC-CH,UNC Chapel Hill,assistant_professor,93000.0
UNC-CH,UNC Chapel Hill,associate_professor,311000.0
UNC-CH,UNC Chapel Hill,professor,93187.0
UNC-CH,UNC Chapel Hill,assistant_professor,58916.0
UNC-CH,UNC Chapel Hill,assistant_professor,152646.0
UNC-CH,UNC Chapel Hill,assistant_professor,223956.0
UNC-CH,UNC Chapel Hill,professor,607842.0
UNC-CH,UNC Chapel Hill,professor,375000.0
UNC-CH,UNC Chapel Hill,assistant_professor,74664.38
UNC-CH,UNC Chapel Hill,lecturer,122000.0
UNC-CH,UNC Chapel Hill,assistant_professor,187850.0
UNC-CH,UNC Chapel Hill,assistant_professor,117000.0
UNC-CH,UNC Chapel Hill,assistant_professor,70747.0
UNC-CH,UNC Chapel Hill,assistant_professor,93000.0
UNC-CH,UNC Chapel Hill,assistant_professor,54200.0
UNC-CH,UNC Chapel Hill,assistant_professor,90000.0
UNC-CH,UNC Chapel Hill,associate_professor,120510.0
UNC-CH,UNC Chapel Hill,associate_professor,198862.0
UNC-CH,UNC Chapel Hill,professor,165904.0
UNC-CH,UNC Chapel Hill,assistant_professor,206783.0
UNC-CH,UNC Chapel Hill,assistant_professor,104040.0
UNC-CH,UNC Chapel Hill,assistant_professor,103330.0
UNC-CH,UNC Chapel Hill,assistant_professor,85000.0
UNC-CH,UNC Chapel Hill,assistant_professor,250278.0
UNC-CH,UNC Chapel Hill,assistant_professor,102000.0
UNC-CH,UNC Chapel Hill,lecturer,88400.0
UNC-CH,UNC Chapel Hill,associate_professor,69525.0
UNC-CH,UNC Chapel Hill,assistant_professor,305533.0
UNC-CH,UNC Chapel Hill,associate_professor,95005.0
UNC-CH,UNC Chapel Hill,assistant_professor,187850.0
UNC-CH,UNC Chapel Hill,assistant_professor,119246.0
UNC-CH,UNC Chapel Hill,professor,285000.0
UNC-CH,UNC Chapel Hill,professor,345839.0
UNC-CH,UNC Chapel Hill,associate_professor,146667.67
UNC-CH,UNC Chapel Hill,assistant_professor,270000.0
UNC-CH,UNC Chapel Hill,professor,165128.0
UNC-CH,UNC Chapel Hill,professor,179200.0
UNC-CH,UNC Chapel Hill,professor,233880.0
UNC-CH,UNC Chapel Hill,associate_professor,101793.0
UNC-CH,UNC Chapel Hill,professor,188545.0
UNC-CH,UNC Chapel Hill,professor,126050.0
UNC-CH,UNC Chapel Hill,professor,203550.0
UNC-CH,UNC Chapel Hill,professor,200855.0
UNC-CH,UNC Chapel Hill,professor,389596.0
UNC-CH,UNC Chapel Hill,associate_professor,249608.0
UNC-CH,UNC Chapel Hill,professor,331223.0
UNC-CH,UNC Chapel Hill,professor,238646.0
UNC-CH,UNC Chapel Hill,professor,152165.6
UNC-CH,UNC Chapel Hill,associate_professor,115466.44
UNC-CH,UNC Chapel Hill,professor,135513.0
UNC-CH,UNC Chapel Hill,professor,225037.0
UNC-CH,UNC Chapel Hill,associate_professor,118450.0
UNC-CH,UNC Chapel Hill,professor,299000.0
UNC-CH,UNC Chapel Hill,professor,107928.0
UNC-CH,UNC Chapel Hill,professor,166536.0
UNC-CH,UNC Chapel Hill,professor,272861.0
UNC-CH,UNC Chapel Hill,professor,577000.0
UNC-CH,UNC Chapel Hill,professor,119087.0
UNC-CH,UNC Chapel Hill,professor,201270.0
UNC-CH,UNC Chapel Hill,administrator,120000.0
UNC-CH,UNC Chapel Hill,professor,222832.0
UNC-CH,UNC Chapel Hill,professor,432000.0
UNC-CH,UNC Chapel Hill,professor,207475.0
UNC-CH,UNC Chapel Hill,associate_professor,98116.0
UNC-CH,UNC Chapel Hill,professor,268000.0
UNC-CH,UNC Chapel Hill,professor,140673.0
UNC-CH,UNC Chapel Hill,assistant_professor,226819.81
UNC-CH,UNC Chapel Hill,associate_professor,98409.0
UNC-CH,UNC Chapel Hill,professor,170000.0
UNC-CH,UNC Chapel Hill,professor,190325.0
UNC-CH,UNC Chapel Hill,professor,145080.0
UNC-CH,UNC Chapel Hill,professor,137898.0
UNC-CH,UNC Chapel Hill,associate_professor,118423.0
UNC-CH,UNC Chapel Hill,professor,487804.0
UNC-CH,UNC Chapel Hill,professor,268000.0
UNC-CH,UNC Chapel Hill,administrator,385632.0
UNC-CH,UNC Chapel Hill,associate_professor,149757.0
UNC-CH,UNC Chapel Hill,professor,290000.0
UNC-CH,UNC Chapel Hill,associate_professor,226364.0
UNC-CH,UNC Chapel Hill,professor,215077.0
UNC-CH,UNC Chapel Hill,professor,160000.0
UNC-CH,UNC Chapel Hill,professor,182104.0
UNC-CH,UNC Chapel Hill,associate_professor,116276.0
UNC-CH,UNC Chapel Hill,associate_professor,155932.0
UNC-CH,UNC Chapel Hill,associate_professor,235214.0
UNC-CH,UNC Chapel Hill,professor,138069.0
UNC-CH,UNC Chapel Hill,assistant_professor,203029.0
UNC-CH,UNC Chapel Hill,assistant_professor,123952.0
UNC-CH,UNC Chapel Hill,associate_professor,111304.0
UNC-CH,UNC Chapel Hill,associate_professor,113706.0
UNC-CH,UNC Chapel Hill,professor,151879.0
UNC-CH,UNC Chapel Hill,professor,140000.0
UNC-CH,UNC Chapel Hill,associate_professor,108362.0
UNC-CH,UNC Chapel Hill,professor,169078.0
UNC-CH,UNC Chapel Hill,professor,84008.0
UNC-CH,UNC Chapel Hill,professor,173355.0
UNC-CH,UNC Chapel Hill,professor,194726.0
UNC-CH,UNC Chapel Hill,professor,315000.0
UNC-CH,UNC Chapel Hill,associate_professor,516816.0
UNC-CH,UNC Chapel Hill,lecturer,115132.0
UNC-CH,UNC Chapel Hill,professor,300400.0
UNC-CH,UNC Chapel Hill,lecturer,117050.0
UNC-CH,UNC Chapel Hill,assistant_professor,272000.0
UNC-CH,UNC Chapel Hill,associate_professor,241056.0
UNC-CH,UNC Chapel Hill,professor,81921.0
UNC-CH,UNC Chapel Hill,professor,189007.0
UNC-CH,UNC Chapel Hill,associate_professor,171000.0
UNC-CH,UNC Chapel Hill,professor,137830.0
UNC-CH,UNC Chapel Hill,professor,280587.0
UNC-CH,UNC Chapel Hill,lecturer,35838.0
UNC-CH,UNC Chapel Hill,professor,134982.0
UNC-CH,UNC Chapel Hill,professor,275289.0
UNC-CH,UNC Chapel Hill,professor,145228.0
UNC-CH,UNC Chapel Hill,professor,175000.0
UNC-CH,UNC Chapel Hill,associate_professor,255000.0
UNC-CH,UNC Chapel Hill,lecturer,187222.0
UNC-CH,UNC Chapel Hill,professor,140000.0
UNC-CH,UNC Chapel Hill,professor,191000.0
UNC-CH,UNC Chapel Hill,professor,220110.0
UNC-CH,UNC Chapel Hill,professor,435000.0
UNC-CH,UNC Chapel Hill,associate_professor,101425.0
UNC-CH,UNC Chapel Hill,professor,134309.0
UNC-CH,UNC Chapel Hill,associate_professor,169250.0
UNC-CH,UNC Chapel Hill,associate_professor,143214.45
UNC-CH,UNC Chapel Hill,professor,215463.0
UNC-CH,UNC Chapel Hill,assistant_professor,92221.0
UNC-CH,UNC Chapel Hill,professor,305666.67
UNC-CH,UNC Chapel Hill,professor,143229.0
UNC-CH,UNC Chapel Hill,professor,378904.0
UNC-CH,UNC Chapel Hill,associate_professor,241133.0
UNC-CH,UNC Chapel Hill,associate_professor,410929.0
UNC-CH,UNC Chapel Hill,assistant_professor,106662.0
UNC-CH,UNC Chapel Hill,professor,139000.0
UNC-CH,UNC Chapel Hill,professor,153789.0
UNC-CH,UNC Chapel Hill,associate_professor,242975.0
UNC-CH,UNC Chapel Hill,professor,218874.0
UNC-CH,UNC Chapel Hill,professor,345839.0
UNC-CH,UNC Chapel Hill,professor,154521.0
UNC-CH,UNC Chapel Hill,associate_professor,67094.0
UNC-CH,UNC Chapel Hill,professor,47975.2
UNC-CH,UNC Chapel Hill,associate_professor,106305.0
UNC-CH,UNC Chapel Hill,professor,120000.0
UNC-CH,UNC Chapel Hill,professor,271032.0
UNC-CH,UNC Chapel Hill,professor,129452.0
UNC-CH,UNC Chapel Hill,professor,132945.0
UNC-CH,UNC Chapel Hill,lecturer,150829.0
UNC-CH,UNC Chapel Hill,professor,130098.0
UNC-CH,UNC Chapel Hill,professor,271359.0
UNC-CH,UNC Chapel Hill,professor,165358.0
UNC-CH,UNC Chapel Hill,associate_professor,102812.0
UNC-CH,UNC Chapel Hill,professor,388992.0
UNC-CH,UNC Chapel Hill,professor,152004.0
UNC-CH,UNC Chapel Hill,associate_professor,317815.0
UNC-CH,UNC Chapel Hill,associate_professor,129200.0
UNC-CH,UNC Chapel Hill,professor,132635.0
UNC-CH,UNC Chapel Hill,associate_professor,160067.0
UNC-CH,UNC Chapel Hill,professor,150029.0
UNC-CH,UNC Chapel Hill,professor,159330.0
UNC-CH,UNC Chapel Hill,professor,253595.0
UNC-CH,UNC Chapel Hill,professor,260000.0
UNC-CH,UNC Chapel Hill,professor,181678.0
UNC-CH,UNC Chapel Hill,associate_professor,273465.0
UNC-CH,UNC Chapel Hill,associate_professor,106065.0
UNC-CH,UNC Chapel Hill,professor,335000.0
UNC-CH,UNC Chapel Hill,professor,495111.0
UNC-CH,UNC Chapel Hill,professor,90000.0
UNC-CH,UNC Chapel Hill,assistant_professor,115000.0
UNC-CH,UNC Chapel Hill,assistant_professor,165590.0
UNC-CH,UNC Chapel Hill,associate_professor,240000.0
UNC-CH,UNC Chapel Hill,assistant_professor,138771.0
UNC-CH,UNC Chapel Hill,professor,138056.0
UNC-CH,UNC Chapel Hill,associate_professor,108735.0
UNC-CH,UNC Chapel Hill,professor,331273.0
UNC-CH,UNC Chapel Hill,associate_professor,84613.0
UNC-CH,UNC Chapel Hill,lecturer,130269.0
UNC-CH,UNC Chapel Hill,assistant_professor,107850.0
UNC-CH,UNC Chapel Hill,associate_professor,116637.0
UNC-CH,UNC Chapel Hill,assistant_professor,275000.0
UNC-CH,UNC Chapel Hill,assistant_professor,88443.0
UNC-CH,UNC Chapel Hill,assistant_professor,232000.0
UNC-CH,UNC Chapel Hill,assistant_professor,102000.0
UNC-CH,UNC Chapel Hill,lecturer,120000.0
UNC-CH,UNC Chapel Hill,professor,173534.0
UNC-CH,UNC Chapel Hill,assistant_professor,112000.0
UNC-CH,UNC Chapel Hill,assistant_professor,200518.0
UNC-CH,UNC Chapel Hill,associate_professor,600000.0
UNC-CH,UNC Chapel Hill,associate_professor,115588.0
UNC-CH,UNC Chapel Hill,assistant_professor,136578.0
UNC-CH,UNC Chapel Hill,assistant_professor,54777.0
UNC-CH,UNC Chapel Hill,associate_professor,161086.0
UNC-CH,UNC Chapel Hill,associate_professor,164800.0
UNC-CH,UNC Chapel Hill,lecturer,139050.0
UNC-CH,UNC Chapel Hill,associate_professor,84460.0
UNC-CH,UNC Chapel Hill,assistant_professor,172681.0
UNC-CH,UNC Chapel Hill,assistant_professor,165000.0
UNC-CH,UNC Chapel Hill,lecturer,154500.0
UNC-CH,UNC Chapel Hill,assistant_professor,242661.0
UNC-CH,UNC Chapel Hill,associate_professor,215000.0
UNC-CH,UNC Chapel Hill,assistant_professor,123600.0
UNC-CH,UNC Chapel Hill,lecturer,88400.0
UNC-CH,UNC Chapel Hill,associate_professor,124000.0
UNC-CH,UNC Chapel Hill,associate_professor,252000.0
UNC-CH,UNC Chapel Hill,associate_professor,115939.0
UNC-CH,UNC Chapel Hill,assistant_professor,395317.5
UNC-CH,UNC Chapel Hill,assistant_professor,57000.0
UNC-CH,UNC Chapel Hill,assistant_professor,88000.0
UNC-CH,UNC Chapel Hill,assistant_professor,234566.0
UNC-CH,UNC Chapel Hill,assistant_professor,82500.0
UNC-CH,UNC Chapel Hill,assistant_professor,102000.0
UNC-CH,UNC Chapel Hill,associate_professor,126690.0
UNC-CH,UNC Chapel Hill,assistant_professor,270000.0
UNC-CH,UNC Chapel Hill,assistant_professor,105000.0
UNC-CH,UNC Chapel Hill,assistant_professor,375225.0
UNC-CH,UNC Chapel Hill,assistant_professor,93625.0
UNC-CH,UNC Chapel Hill,assistant_professor,84769.0
UNC-CH,UNC Chapel Hill,assistant_professor,92394.0
UNC-CH,UNC Chapel Hill,associate_professor,103360.0
UNC-CH,UNC Chapel Hill,assistant_professor,84000.0
UNC-CH,UNC Chapel Hill,assistant_professor,165000.0
UNC-CH,UNC Chapel Hill,professor,291000.0
UNC-CH,UNC Chapel Hill,associate_professor,150000.0
UNC-CH,UNC Chapel Hill,lecturer,85564.7
UNC-CH,UNC Chapel Hill,associate_professor,311000.0
UNC-CH,UNC Chapel Hill,associate_professor,463248.0
UNC-CH,UNC Chapel Hill,associate_professor,237163.0
UNC-CH,UNC Chapel Hill,professor,273597.0
UNC-CH,UNC Chapel Hill,associate_professor,165160.0
UNC-CH,UNC Chapel Hill,assistant_professor,385817.0
UNC-CH,UNC Chapel Hill,assistant_professor,318500.0
UNC-CH,UNC Chapel Hill,assistant_professor,92400.0
UNC-CH,UNC Chapel Hill,assistant_professor,127500.0
UNC-CH,UNC Chapel Hill,lecturer,65000.0
UNC-CH,UNC Chapel Hill,assistant_professor,98580.0
UNC-CH,UNC Chapel Hill,assistant_professor,295597.0
UNC-CH,UNC Chapel Hill,assistant_professor,283000.0
UNC-CH,UNC Chapel Hill,professor,84214.0
UNC-CH,UNC Chapel Hill,associate_professor,108735.0
UNC-CH,UNC Chapel Hill,associate_professor,432622.0
UNC-CH,UNC Chapel Hill,professor,114583.0
UNC-CH,UNC Chapel Hill,assistant_professor,130000.0
UNC-CH,UNC Chapel Hill,assistant_professor,101695.0
UNC-CH,UNC Chapel Hill,assistant_professor,97850.0
UNC-CH,UNC Chapel Hill,assistant_professor,56000.0
UNC-CH,UNC Chapel Hill,professor,344636.0
UNC-CH,UNC Chapel Hill,associate_professor,421000.0
UNC-CH,UNC Chapel Hill,associate_professor,154500.0
UNC-CH,UNC Chapel Hill,assistant_professor,99639.0
UNC-CH,UNC Chapel Hill,associate_professor,90913.0
UNC-CH,UNC Chapel Hill,assistant_professor,240000.0
UNC-CH,UNC Chapel Hill,assistant_professor,136578.0
UNC-CH,UNC Chapel Hill,assistant_professor,99639.0
UNC-CH,UNC Chapel Hill,associate_professor,311000.0
UNC-CH,UNC Chapel Hill,associate_professor,305000.0
UNC-CH,UNC Chapel Hill,associate_professor,89831.0
UNC-CH,UNC Chapel Hill,lecturer,54075.0
UNC-CH,UNC Chapel Hill,assistant_professor,103000.0
UNC-CH,UNC Chapel Hill,professor,271175.0
UNC-CH,UNC Chapel Hill,associate_professor,303000.0
UNC-CH,UNC Chapel Hill,associate_professor,155000.0
UNC-CH,UNC Chapel Hill,lecturer,85564.7
UNC-CH,UNC Chapel Hill,lecturer,213210.0
UNC-CH,UNC Chapel Hill,associate_professor,109309.0
UNC-CH,UNC Chapel Hill,professor,160000.0
UNC-CH,UNC Chapel Hill,assistant_professor,89610.0
UNC-CH,UNC Chapel Hill,assistant_professor,140000.0
UNC-CH,UNC Chapel Hill,lecturer,65000.0
UNC-CH,UNC Chapel Hill,lecturer,73000.0
UNC-CH,UNC Chapel Hill,assistant_professor,148200.0
UNC-CH,UNC Chapel Hill,associate_professor,106849.0
UNC-CH,UNC Chapel Hill,assistant_professor,215000.0
UNC-CH,UNC Chapel Hill,lecturer,66300.0
UNC-CH,UNC Chapel Hill,administrator,160680.0
UNC-CH,UNC Chapel Hill,associate_professor,113958.0
UNC-CH,UNC Chapel Hill,associate_professor,230000.0
UNC-CH,UNC Chapel Hill,professor,291252.0
UNC-CH,UNC Chapel Hill,assistant_professor,234566.0
UNC-CH,UNC Chapel Hill,assistant_professor,210000.0
UNC-CH,UNC Chapel Hill,associate_professor,140900.0
UNC-CH,UNC Chapel Hill,assistant_professor,290000.0
UNC-CH,UNC Chapel Hill,professor,286127.0
UNC-CH,UNC Chapel Hill,assistant_professor,270000.0
UNC-CH,UNC Chapel Hill,lecturer,142272.0
UNC-CH,UNC Chapel Hill,associate_professor,94005.0
UNC-CH,UNC Chapel Hill,professor,183928.0
UNC-CH,UNC Chapel Hill,lecturer,88400.0
UNC-CH,UNC Chapel Hill,associate_professor,91282.81
UNC-CH,UNC Chapel Hill,assistant_professor,116000.0
UNC-CH,UNC Chapel Hill,assistant_professor,555000.0
UNC-CH,UNC Chapel Hill,professor,800000.0
UNC-CH,UNC Chapel Hill,assistant_professor,88000.0
UNC-CH,UNC Chapel Hill,administrator,449904.0
UNC-CH,UNC Chapel Hill,associate_professor,208408.0
UNC-CH,UNC Chapel Hill,assistant_professor,130000.0
UNC-CH,UNC Chapel Hill,lecturer,79300.0
UNC-CH,UNC Chapel Hill,associate_professor,385000.0
UNC-CH,UNC Chapel Hill,assistant_professor,91468.0
UNC-CH,UNC Chapel Hill,associate_professor,269044.0
UNC-CH,UNC Chapel Hill,professor,202519.0
UNC-CH,UNC Chapel Hill,assistant_professor,115000.0
UNC-CH,UNC Chapel Hill,professor,151442.0
UNC-CH,UNC Chapel Hill,professor,127177.0
UNC-CH,UNC Chapel Hill,lecturer,77000.0
UNC-CH,UNC Chapel Hill,associate_professor,152000.0
UNC-CH,UNC Chapel Hill,professor,200000.0
UNC-CH,UNC Chapel Hill,assistant_professor,234566.0
UNC-CH,UNC Chapel Hill,assistant_professor,196000.04
UNC-CH,UNC Chapel Hill,associate_professor,266269.0
UNC-CH,UNC Chapel Hill,lecturer,66500.0
UNC-CH,UNC Chapel Hill,associate_professor,341737.0
UNC-CH,UNC Chapel Hill,lecturer,100000.0
UNC-CH,UNC Chapel Hill,professor,190267.0
UNC-CH,UNC Chapel Hill,assistant_professor,198138.0
UNC-CH,UNC Chapel Hill,associate_professor,145800.0
UNC-CH,UNC Chapel Hill,associate_professor,381650.0
UNC-CH,UNC Chapel Hill,associate_professor,164800.0
UNC-CH,UNC Chapel Hill,professor,313862.0
UNC-CH,UNC Chapel Hill,assistant_professor,445000.0
UNC-CH,UNC Chapel Hill,assistant_professor,99000.0
UNC-CH,UNC Chapel Hill,assistant_professor,278100.0
UNC-CH,UNC Chapel Hill,lecturer,148980.0
UNC-CH,UNC Chapel Hill,assistant_professor,220634.0
UNC-CH,UNC Chapel Hill,associate_professor,529595.0
UNC-CH,UNC Chapel Hill,assistant_professor,422448.0
UNC-CH,UNC Chapel Hill,assistant_professor,123600.0
UNC-CH,UNC Chapel Hill,assistant_professor,227433.0
UNC-CH,UNC Chapel Hill,associate_professor,68658.0
UNC-CH,UNC Chapel Hill,assistant_professor,93000.0
UNC-CH,UNC Chapel Hill,assistant_professor,145000.0
UNC-CH,UNC Chapel Hill,associate_professor,258618.0
UNC-CH,UNC Chapel Hill,assistant_professor,276712.0
UNC-CH,UNC Chapel Hill,assistant_professor,405328.0
UNC-CH,UNC Chapel Hill,associate_professor,160824.0
UNC-CH,UNC Chapel Hill,professor,154526.0
UNC-CH,UNC Chapel Hill,lecturer,59475.0
UNC-CH,UNC Chapel Hill,assistant_professor,101764.0
UNC-CH,UNC Chapel Hill,associate_professor,149965.0
UNC-CH,UNC Chapel Hill,associate_professor,196000.0
UNC-CH,UNC Chapel Hill,associate_professor,155007.0
UNC-CH,UNC Chapel Hill,assistant_professor,201591.0
UNC-CH,UNC Chapel Hill,assistant_professor,176619.0
UNC-CH,UNC Chapel Hill,assistant_professor,80327.0
UNC-CH,UNC Chapel Hill,assistant_professor,270000.0
UNC-CH,UNC Chapel Hill,assistant_professor,165000.0
UNC-CH,UNC Chapel Hill,assistant_professor,216300.0
UNC-CH,UNC Chapel Hill,assistant_professor,234478.0
UNC-CH,UNC Chapel Hill,assistant_professor,123600.0
UNC-CH,UNC Chapel Hill,assistant_professor,205607.0
UNC-CH,UNC Chapel Hill,lecturer,83429.0
UNC-CH,UNC Chapel Hill,assistant_professor,92683.0
UNC-CH,UNC Chapel Hill,professor,79412.0
UNC-CH,UNC Chapel Hill,assistant_professor,156000.0
UNC-CH,UNC Chapel Hill,associate_professor,240000.0
UNC-CH,UNC Chapel Hill,assistant_professor,112000.0
UNC-CH,UNC Chapel Hill,assistant_professor,295803.0
UNC-CH,UNC Chapel Hill,assistant_professor,136578.0
UNC-CH,UNC Chapel Hill,assistant_professor,95275.0
UNC-CH,UNC Chapel Hill,assistant_professor,355000.0
UNC-CH,UNC Chapel Hill,professor,279013.0
UNC-CH,UNC Chapel Hill,professor,550877.0
UNC-CH,UNC Chapel Hill,assistant_professor,187850.0
UNC-CH,UNC Chapel Hill,associate_professor,131534.0
UNC-CH,UNC Chapel Hill,professor,300000.0
UNC-CH,UNC Chapel Hill,associate_professor,183397.0
UNC-CH,UNC Chapel Hill,assistant_professor,136578.0
UNC-CH,UNC Chapel Hill,professor,144715.0
UNC-CH,UNC Chapel Hill,assistant_professor,225000.0
UNC-CH,UNC Chapel Hill,assistant_professor,144200.0
UNC-CH,UNC Chapel Hill,lecturer,92700.0
UNC-CH,UNC Chapel Hill,assistant_professor,190280.0
UNC-CH,UNC Chapel Hill,assistant_professor,120371.0
UNC-CH,UNC Chapel Hill,assistant_professor,82500.0
UNC-CH,UNC Chapel Hill,professor,74985.0
UNC-CH,UNC Chapel Hill,associate_professor,116008.0
UNC-CH,UNC Chapel Hill,assistant_professor,93000.0
UNC-CH,UNC Chapel Hill,assistant_professor,245200.0
UNC-CH,UNC Chapel Hill,assistant_professor,210005.0
UNC-CH,UNC Chapel Hill,assistant_professor,185804.0
UNC-CH,UNC Chapel Hill,assistant_professor,206783.0
UNC-CH,UNC Chapel Hill,assistant_professor,95000.0
UNC-CH,UNC Chapel Hill,associate_professor,118945.0
UNC-CH,UNC Chapel Hill,associate_professor,160680.0
UNC-CH,UNC Chapel Hill,lecturer,84447.0
UNC-CH,UNC Chapel Hill,administrator,270000.0
UNC-CH,UNC Chapel Hill,associate_professor,108846.0
UNC-CH,UNC Chapel Hill,associate_professor,72371.0
UNC-CH,UNC Chapel Hill,associate_professor,269044.0
UNC-CH,UNC Chapel Hill,assistant_professor,206783.0
UNC-CH,UNC Chapel Hill,assistant_professor,212000.0
UNC-CH,UNC Chapel Hill,professor,111095.0
UNC-CH,UNC Chapel Hill,professor,301500.0
UNC-CH,UNC Chapel Hill,assistant_professor,200000.0
UNC-CH,UNC Chapel Hill,professor,108465.0
UNC-CH,UNC Chapel Hill,professor,130614.0
UNC-CH,UNC Chapel Hill,professor,123418.0
UNC-CH,UNC Chapel Hill,professor,113596.0
UNC-CH,UNC Chapel Hill,professor,329448.0
UNC-CH,UNC Chapel Hill,professor,180332.0
UNC-CH,UNC Chapel Hill,professor,138432.0
UNC-CH,UNC Chapel Hill,professor,246975.0
UNC-CH,UNC Chapel Hill,professor,335000.0
UNC-CH,UNC Chapel Hill,professor,242696.0
UNC-CH,UNC Chapel Hill,professor,108333.0
UNC-CH,UNC Chapel Hill,lecturer,88400.0
UNC-CH,UNC Chapel Hill,professor,191426.03
UNC-CH,UNC Chapel Hill,professor,201956.0
UNC-CH,UNC Chapel Hill,professor,207489.0
UNC-CH,UNC Chapel Hill,associate_professor,89290.0
UNC-CH,UNC Chapel Hill,professor,169556.0
UNC-CH,UNC Chapel Hill,professor,207493.0
UNC-CH,UNC Chapel Hill,professor,188159.0
UNC-CH,UNC Chapel Hill,assistant_professor,217122.0
UNC-CH,UNC Chapel Hill,assistant_professor,60668.0
UNC-CH,UNC Chapel Hill,assistant_professor,112000.0
UNC-CH,UNC Chapel Hill,assistant_professor,77000.0
UNC-CH,UNC Chapel Hill,assistant_professor,216300.0
UNC-CH,UNC Chapel Hill,assistant_professor,191688.0
UNC-CH,UNC Chapel Hill,associate_professor,150470.0
UNC-CH,UNC Chapel Hill,assistant_professor,310975.0
UNC-CH,UNC Chapel Hill,assistant_professor,455000.0
UNC-CH,UNC Chapel Hill,assistant_professor,205607.0
UNC-CH,UNC Chapel Hill,assistant_professor,212000.0
UNC-CH,UNC Chapel Hill,associate_professor,432622.0
UNC-CH,UNC Chapel Hill,professor,431122.0
UNC-CH,UNC Chapel Hill,assistant_professor,73085.0
UNC-CH,UNC Chapel Hill,lecturer,85564.7
UNC-CH,UNC Chapel Hill,assistant_professor,272000.0
UNC-CH,UNC Chapel Hill,professor,254276.0
UNC-CH,UNC Chapel Hill,assistant_professor,95000.0
UNC-CH,UNC Chapel Hill,assistant_professor,84621.0
UNC-CH,UNC Chapel Hill,assistant_professor,220774.0
UNC-CH,UNC Chapel Hill,assistant_professor,66000.0
UNC-CH,UNC Chapel Hill,professor,185400.0
UNC-CH,UNC Chapel Hill,assistant_professor,84000.0
UNC-CH,UNC Chapel Hill,professor,251066.0
UNC-CH,UNC Chapel Hill,professor,198425.0
UNC-CH,UNC Chapel Hill,professor,118492.0
UNC-CH,UNC Chapel Hill,associate_professor,113613.0
UNC-CH,UNC Chapel Hill,assistant_professor,131720.0
UNC-CH,UNC Chapel Hill,assistant_professor,125000.0
UNC-CH,UNC Chapel Hill,assistant_professor,343874.0
UNC-CH,UNC Chapel Hill,professor,553206.0
UNC-CH,UNC Chapel Hill,associate_professor,322000.0
UNC-CH,UNC Chapel Hill,associate_professor,108735.0
UNC-CH,UNC Chapel Hill,associate_professor,132000.0
UNC-CH,UNC Chapel Hill,assistant_professor,205607.0
UNC-CH,UNC Chapel Hill,associate_professor,147259.0
UNC-CH,UNC Chapel Hill,assistant_professor,130000.0
UNC-CH,UNC Chapel Hill,assistant_professor,200000.0
UNC-CH,UNC Chapel Hill,associate_professor,154500.0
UNC-CH,UNC Chapel Hill,associate_professor,80000.0
UNC-CH,UNC Chapel Hill,associate_professor,117050.0
UNC-CH,UNC Chapel Hill,assistant_professor,94860.0
UNC-CH,UNC Chapel Hill,associate_professor,255000.0
UNC-CH,UNC Chapel Hill,assistant_professor,102000.0
UNC-CH,UNC Chapel Hill,assistant_professor,71500.0
UNC-CH,UNC Chapel Hill,associate_professor,133045.0
UNC-CH,UNC Chapel Hill,associate_professor,115679.0
UNC-CH,UNC Chapel Hill,associate_professor,73500.0
UNC-CH,UNC Chapel Hill,professor,167632.73
UNC-CH,UNC Chapel Hill,assistant_professor,120000.0
UNC-CH,UNC Chapel Hill,assistant_professor,91670.0
UNC-CH,UNC Chapel Hill,professor,160638.56
UNC-CH,UNC Chapel Hill,associate_professor,104000.0
UNC-CH,UNC Chapel Hill,assistant_professor,92306.0
UNC-CH,UNC Chapel Hill,assistant_professor,135000.0
UNC-CH,UNC Chapel Hill,assistant_professor,123600.0
UNC-CH,UNC Chapel Hill,assistant_professor,101425.0
UNC-CH,UNC Chapel Hill,assistant_professor,220774.0
UNC-CH,UNC Chapel Hill,professor,255512.55
UNC-CH,UNC Chapel Hill,assistant_professor,87000.0
UNC-CH,UNC Chapel Hill,professor,111041.0
UNC-CH,UNC Chapel Hill,professor,415000.0
UNC-CH,UNC Chapel Hill,professor,133900.0
UNC-CH,UNC Chapel Hill,professor,425625.0
UNC-CH,UNC Chapel Hill,associate_professor,309750.0
UNC-CH,UNC Chapel Hill,professor,150924.0
UNC-CH,UNC Chapel Hill,professor,146001.0
UNC-CH,UNC Chapel Hill,lecturer,88400.0
UNC-CH,UNC Chapel Hill,professor,71564.0
UNC-CH,UNC Chapel Hill,professor,160000.0
UNC-CH,UNC Chapel Hill,assistant_professor,71511.0
UNC-CH,UNC Chapel Hill,professor,369035.0
UNC-CH,UNC Chapel Hill,associate_professor,370000.0
UNC-CH,UNC Chapel Hill,professor,268761.0
UNC-CH,UNC Chapel Hill,assistant_professor,234566.0
UNC-CH,UNC Chapel Hill,associate_professor,127500.0
UNC-CH,UNC Chapel Hill,professor,60935.0
UNC-CH,UNC Chapel Hill,associate_professor,475000.0
UNC-CH,UNC Chapel Hill,associate_professor,85696.0
UNC-CH,UNC Chapel Hill,assistant_professor,128000.0
UNC-CH,UNC Chapel Hill,assistant_professor,270000.0
UNC-CH,UNC Chapel Hill,assistant_professor,221000.0
UNC-CH,UNC Chapel Hill,professor,424569.0
UNC-CH,UNC Chapel Hill,associate_professor,432622.0
UNC-CH,UNC Chapel Hill,associate_professor,150875.0
UNC-CH,UNC Chapel Hill,associate_professor,176133.0
UNC-CH,UNC Chapel Hill,associate_professor,159650.0
UNC-CH,UNC Chapel Hill,professor,273585.0
UNC-CH,UNC Chapel Hill,assistant_professor,72000.0
UNC-CH,UNC Chapel Hill,professor,153153.0
UNC-CH,UNC Chapel Hill,assistant_professor,207000.0
UNC-CH,UNC Chapel Hill,associate_professor,80516.0
UNC-CH,UNC Chapel Hill,assistant_professor,200000.0
UNC-CH,UNC Chapel Hill,professor,171798.0
UNC-CH,UNC Chapel Hill,assistant_professor,375225.0
UNC-CH,UNC Chapel Hill,professor,275000.0
UNC-CH,UNC Chapel Hill,administrator,365000.0
UNC-CH,UNC Chapel Hill,professor,261500.0
UNC-CH,UNC Chapel Hill,assistant_professor,508188.0
UNC-CH,UNC Chapel Hill,associate_professor,230000.0
UNC-CH,UNC Chapel Hill,lecturer,106775.0
UNC-CH,UNC Chapel Hill,associate_professor,231249.0
UNC-CH,UNC Chapel Hill,professor,280000.0
UNC-CH,UNC Chapel Hill,associate_professor,231248.81
UNC-CH,UNC Chapel Hill,assistant_professor,375225.0
UNC-CH,UNC Chapel Hill,assistant_professor,209928.0
UNC-CH,UNC Chapel Hill,assistant_professor,255356.0
UNC-CH,UNC Chapel Hill,assistant_professor,53633.0
UNC-CH,UNC Chapel Hill,associate_professor,166754.0
UNC-CH,UNC Chapel Hill,professor,178857.0
UNC-CH,UNC Chapel Hill,associate_professor,106912.0
UNC-CH,UNC Chapel Hill,professor,190605.0
UNC-CH,UNC Chapel Hill,associate_professor,100429.0
UNC-CH,UNC Chapel Hill,professor,152919.0
UNC-CH,UNC Chapel Hill,professor,275229.0
UNC-CH,UNC Chapel Hill,associate_professor,158369.0
UNC-CH,UNC Chapel Hill,assistant_professor,300000.0
UNC-CH,UNC Chapel Hill,professor,335000.0
UNC-CH,UNC Chapel Hill,professor,153194.0
UNC-CH,UNC Chapel Hill,assistant_professor,84000.0
UNC-CH,UNC Chapel Hill,associate_professor,112177.0
UNC-CH,UNC Chapel Hill,associate_professor,79352.0
UNC-CH,UNC Chapel Hill,professor,570000.0
UNC-CH,UNC Chapel Hill,associate_professor,235062.0
UNC-CH,UNC Chapel Hill,assistant_professor,215000.0
UNC-CH,UNC Chapel Hill,assistant_professor,311500.0
UNC-CH,UNC Chapel Hill,professor,205000.0
UNC-CH,UNC Chapel Hill,professor,220000.0
UNC-CH,UNC Chapel Hill,professor,175898.0
UNC-CH,UNC Chapel Hill,professor,159650.0
UNC-CH,UNC Chapel Hill,associate_professor,251668.0
UNC-CH,UNC Chapel Hill,professor,364748.0
UNC-CH,UNC Chapel Hill,professor,308211.0
UNC-CH,UNC Chapel Hill,associate_professor,324736.0
UNC-CH,UNC Chapel Hill,professor,170301.0
UNC-CH,UNC Chapel Hill,professor,280449.0
UNC-CH,UNC Chapel Hill,professor,184101.67
UNC-CH,UNC Chapel Hill,assistant_professor,227200.0
UNC-CH,UNC Chapel Hill,professor,243732.0
UNC-CH,UNC Chapel Hill,administrator,240765.0
UNC-CH,UNC Chapel Hill,associate_professor,93370.0
UNC-CH,UNC Chapel Hill,professor,260100.0
UNC-CH,UNC Chapel Hill,professor,297515.0
UNC-CH,UNC Chapel Hill,assistant_professor,110596.0
UNC-CH,UNC Chapel Hill,associate_professor,58916.0
UNC-CH,UNC Chapel Hill,professor,185400.0
UNC-CH,UNC Chapel Hill,associate_professor,95640.0
UNC-CH,UNC Chapel Hill,professor,120191.0
UNC-CH,UNC Chapel Hill,associate_professor,186177.0
UNC-CH,UNC Chapel Hill,professor,87963.0
UNC-CH,UNC Chapel Hill,associate_professor,202000.0
UNC-CH,UNC Chapel Hill,professor,156904.0
UNC-CH,UNC Chapel Hill,professor,138685.0
UNC-CH,UNC Chapel Hill,associate_professor,497999.0
UNC-CH,UNC Chapel Hill,associate_professor,231249.0
UNC-CH,UNC Chapel Hill,professor,217417.0
UNC-CH,UNC Chapel Hill,associate_professor,117719.0
UNC-CH,UNC Chapel Hill,professor,142412.0
UNC-CH,UNC Chapel Hill,professor,127155.0
UNC-CH,UNC Chapel Hill,professor,160322.0
UNC-CH,UNC Chapel Hill,associate_professor,287666.67
UNC-CH,UNC Chapel Hill,associate_professor,415000.0
UNC-CH,UNC Chapel Hill,professor,294592.0
UNC-CH,UNC Chapel Hill,professor,91827.0
UNC-CH,UNC Chapel Hill,professor,132667.0
UNC-CH,UNC Chapel Hill,associate_professor,93910.0
UNC-CH,UNC Chapel Hill,professor,135387.0
UNC-CH,UNC Chapel Hill,professor,302019.0
UNC-CH,UNC Chapel Hill,associate_professor,110000.0
UNC-CH,UNC Chapel Hill,assistant_professor,198571.0
UNC-CH,UNC Chapel Hill,assistant_professor,91000.0
UNC-CH,UNC Chapel Hill,professor,483129.37
UNC-CH,UNC Chapel Hill,professor,166129.0
UNC-CH,UNC Chapel Hill,professor,139050.0
UNC-CH,UNC Chapel Hill,professor,287000.0
UNC-CH,UNC Chapel Hill,professor,199192.0
UNC-CH,UNC Chapel Hill,associate_professor,162539.0
UNC-CH,UNC Chapel Hill,professor,230942.0
UNC-CH,UNC Chapel Hill,professor,98962.5
UNC-CH,UNC Chapel Hill,assistant_professor,170989.5
UNC-CH,UNC Chapel Hill,associate_professor,315000.0
UNC-CH,UNC Chapel Hill,associate_professor,243000.0
UNC-CH,UNC Chapel Hill,assistant_professor,97850.0
UNC-CH,UNC Chapel Hill,professor,164650.0
UNC-CH,UNC Chapel Hill,associate_professor,91279.0
UNC-CH,UNC Chapel Hill,associate_professor,59864.0
UNC-CH,UNC Chapel Hill,associate_professor,220060.0
UNC-CH,UNC Chapel Hill,associate_professor,174664.0
UNC-CH,UNC Chapel Hill,associate_professor,94344.0
UNC-CH,UNC Chapel Hill,assistant_professor,56131.0
UNC-CH,UNC Chapel Hill,assistant_professor,195004.0
UNC-CH,UNC Chapel Hill,associate_professor,76630.0
UNC-CH,UNC Chapel Hill,associate_professor,288000.0
UNC-CH,UNC Chapel Hill,associate_professor,250546.72
UNC-CH,UNC Chapel Hill,assistant_professor,276000.0
UNC-CH,UNC Chapel Hill,assistant_professor,82875.0
UNC-CH,UNC Chapel Hill,assistant_professor,103000.0
UNC-CH,UNC Chapel Hill,lecturer,77125.0
UNC-CH,UNC Chapel Hill,associate_professor,458000.0
UNC-CH,UNC Chapel Hill,assistant_professor,69000.0
UNC-CH,UNC Chapel Hill,associate_professor,219000.0
UNC-CH,UNC Chapel Hill,assistant_professor,102000.0
UNC-CH,UNC Chapel Hill,professor,432000.0
UNC-CH,UNC Chapel Hill,associate_professor,141865.0
UNC-CH,UNC Chapel Hill,assistant_professor,82875.0
UNC-CH,UNC Chapel Hill,lecturer,142272.0
UNC-CH,UNC Chapel Hill,assistant_professor,244500.0
UNC-CH,UNC Chapel Hill,associate_professor,133162.0
UNC-CH,UNC Chapel Hill,professor,525000.0
UNC-CH,UNC Chapel Hill,assistant_professor,165000.0
UNC-CH,UNC Chapel Hill,assistant_professor,452094.0
UNC-CH,UNC Chapel Hill,assistant_professor,251622.0
UNC-CH,UNC Chapel Hill,assistant_professor,87500.0
UNC-CH,UNC Chapel Hill,lecturer,63898.0
UNC-CH,UNC Chapel Hill,assistant_professor,124972.0
UNC-CH,UNC Chapel Hill,lecturer,108150.0
UNC-CH,UNC Chapel Hill,lecturer,65000.0
UNC-CH,UNC Chapel Hill,associate_professor,244000.0
UNC-CH,UNC Chapel Hill,assistant_professor,80327.0
UNC-CH,UNC Chapel Hill,lecturer,97151.6
UNC-CH,UNC Chapel Hill,professor,309527.0
UNC-CH,UNC Chapel Hill,assistant_professor,197000.0
UNC-CH,UNC Chapel Hill,lecturer,40000.0
UNC-CH,UNC Chapel Hill,associate_professor,129397.0
UNC-CH,UNC Chapel Hill,assistant_professor,101970.0
UNC-CH,UNC Chapel Hill,professor,197003.0
UNC-CH,UNC Chapel Hill,assistant_professor,322943.0
UNC-CH,UNC Chapel Hill,lecturer,76734.0
UNC-CH,UNC Chapel Hill,lecturer,79300.0
UNC-CH,UNC Chapel Hill,associate_professor,130114.0
UNC-CH,UNC Chapel Hill,assistant_professor,129972.0
UNC-CH,UNC Chapel Hill,professor,200850.0
UNC-CH,UNC Chapel Hill,assistant_professor,105000.0
UNC-CH,UNC Chapel Hill,assistant_professor,106600.0
UNC-CH,UNC Chapel Hill,assistant_professor,141119.0
UNC-CH,UNC Chapel Hill,assistant_professor,154000.0
UNC-CH,UNC Chapel Hill,assistant_professor,88000.0
UNC-CH,UNC Chapel Hill,associate_professor,200900.0
UNC-CH,UNC Chapel Hill,assistant_professor,55702.0
UNC-CH,UNC Chapel Hill,assistant_professor,104771.0
UNC-CH,UNC Chapel Hill,assistant_professor,198172.0
UNC-CH,UNC Chapel Hill,assistant_professor,137800.0
UNC-CH,UNC Chapel Hill,assistant_professor,51000.0
UNC-CH,UNC Chapel Hill,assistant_professor,281896.0
UNC-CH,UNC Chapel Hill,lecturer,61285.0
UNC-CH,UNC Chapel Hill,assistant_professor,543000.0
UNC-CH,UNC Chapel Hill,professor,301500.0
UNC-CH,UNC Chapel Hill,assistant_professor,115360.0
UNC-CH,UNC Chapel Hill,assistant_professor,290000.0
UNC-CH,UNC Chapel Hill,assistant_professor,223320.0
UNC-CH,UNC Chapel Hill,lecturer,86464.0
UNC-CH,UNC Chapel Hill,assistant_professor,73878.44
UNC-CH,UNC Chapel Hill,professor,239254.0
UNC-CH,UNC Chapel Hill,professor,391000.0
UNC-CH,UNC Chapel Hill,assistant_professor,97850.0
UNC-CH,UNC Chapel Hill,lecturer,68800.0
UNC-CH,UNC Chapel Hill,lecturer,82475.0
UNC-CH,UNC Chapel Hill,assistant_professor,165415.0
UNC-CH,UNC Chapel Hill,professor,200921.0
UNC-CH,UNC Chapel Hill,associate_professor,129200.0
UNC-CH,UNC Chapel Hill,professor,165624.0
UNC-CH,UNC Chapel Hill,assistant_professor,74000.0
UNC-CH,UNC Chapel Hill,associate_professor,300000.0
UNC-CH,UNC Chapel Hill,associate_professor,73811.0
UNC-CH,UNC Chapel Hill,associate_professor,260000.0
UNC-CH,UNC Chapel Hill,assistant_professor,310230.0
UNC-CH,UNC Chapel Hill,assistant_professor,128750.0
UNC-CH,UNC Chapel Hill,associate_professor,115846.0
UNC-CH,UNC Chapel Hill,associate_professor,63734.0
UNC-CH,UNC Chapel Hill,assistant_professor,154206.0
UNC-CH,UNC Chapel Hill,associate_professor,142818.0
UNC-CH,UNC Chapel Hill,professor,158538.0
UNC-CH,UNC Chapel Hill,associate_professor,128544.0
UNC-CH,UNC Chapel Hill,associate_professor,196620.0
UNC-CH,UNC Chapel Hill,assistant_professor,343874.0
UNC-CH,UNC Chapel Hill,professor,196827.0
UNC-CH,UNC Chapel Hill,assistant_professor,185000.0
UNC-CH,UNC Chapel Hill,associate_professor,73306.0
UNC-CH,UNC Chapel Hill,professor,173534.0
UNC-CH,UNC Chapel Hill,professor,180000.0
UNC-CH,UNC Chapel Hill,lecturer,58071.0
UNC-CH,UNC Chapel Hill,assistant_professor,117000.0
UNC-CH,UNC Chapel Hill,assistant_professor,133000.0
UNC-CH,UNC Chapel Hill,associate_professor,169950.0
UNC-CH,UNC Chapel Hill,assistant_professor,345000.0
UNC-CH,UNC Chapel Hill,associate_professor,75190.0
UNC-CH,UNC Chapel Hill,assistant_professor,106090.0
UNC-CH,UNC Chapel Hill,associate_professor,81000.0
UNC-CH,UNC Chapel Hill,assistant_professor,85000.0
UNC-CH,UNC Chapel Hill,assistant_professor,88500.0
UNC-CH,UNC Chapel Hill,associate_professor,95525.0
UNC-CH,UNC Chapel Hill,associate_professor,60774.0
UNC-CH,UNC Chapel Hill,assistant_professor,205607.0
UNC-CH,UNC Chapel Hill,assistant_professor,102000.0
UNC-CH,UNC Chapel Hill,professor,141990.8
UNC-CH,UNC Chapel Hill,associate_professor,100052.0
UNC-CH,UNC Chapel Hill,professor,77126.0
UNC-CH,UNC Chapel Hill,professor,233029.0
UNC-CH,UNC Chapel Hill,assistant_professor,397297.0
UNC-CH,UNC Chapel Hill,assistant_professor,295000.0
UNC-CH,UNC Chapel Hill,assistant_professor,96206.0
UNC-CH,UNC Chapel Hill,associate_professor,169260.0
UNC-CH,UNC Chapel Hill,assistant_professor,223320.0
UNC-CH,UNC Chapel Hill,professor,217452.0
UNC-CH,UNC Chapel Hill,assistant_professor,272993.0
UNC-CH,UNC Chapel Hill,assistant_professor,60320.0
UNC-CH,UNC Chapel Hill,assistant_professor,111000.0
UNC-CH,UNC Chapel Hill,professor,215636.0
UNC-CH,UNC Chapel Hill,assistant_professor,190000.0
UNC-CH,UNC Chapel Hill,professor,247650.0
UNC-CH,UNC Chapel Hill,assistant_professor,145131.0
UNC-CH,UNC Chapel Hill,associate_professor,319218.0
UNC-CH,UNC Chapel Hill,professor,156669.0
UNC-CH,UNC Chapel Hill,associate_professor,107104.0
UNC-CH,UNC Chapel Hill,professor,109449.5
UNC-CH,UNC Chapel Hill,professor,167070.0
UNC-CH,UNC Chapel Hill,professor,303550.0
UNC-CH,UNC Chapel Hill,professor,499937.0
UNC-CH,UNC Chapel Hill,professor,285000.0
UNC-CH,UNC Chapel Hill,lecturer,97151.6
UNC-CH,UNC Chapel Hill,professor,425857.0
UNC-CH,UNC Chapel Hill,professor,137820.0
UNC-CH,UNC Chapel Hill,professor,190728.0
UNC-CH,UNC Chapel Hill,associate_professor,274400.0
UNC-CH,UNC Chapel Hill,professor,160082.0
UNC-CH,UNC Chapel Hill,professor,178347.0
UNC-CH,UNC Chapel Hill,associate_professor,163449.0
UNC-CH,UNC Chapel Hill,associate_professor,93156.0
UNC-CH,UNC Chapel Hill,professor,367518.0
UNC-CH,UNC Chapel Hill,professor,140000.0
UNC-CH,UNC Chapel Hill,professor,206832.0
UNC-CH,UNC Chapel Hill,professor,140000.0
UNC-CH,UNC Chapel Hill,professor,252149.0
UNC-CH,UNC Chapel Hill,professor,130574.0
UNC-CH,UNC Chapel Hill,professor,335000.0
UNC-CH,UNC Chapel Hill,professor,155888.0
UNC-CH,UNC Chapel Hill,professor,246783.0
UNC-CH,UNC Chapel Hill,assistant_professor,87035.0
UNC-CH,UNC Chapel Hill,professor,204222.0
UNC-CH,UNC Chapel Hill,professor,143520.0
UNC-CH,UNC Chapel Hill,professor,91877.0
UNC-CH,UNC Chapel Hill,professor,115541.0
UNC-CH,UNC Chapel Hill,professor,279906.0
UNC-CH,UNC Chapel Hill,professor,180000.0
UNC-CH,UNC Chapel Hill,professor,158300.0
UNC-CH,UNC Chapel Hill,professor,133900.0
UNC-CH,UNC Chapel Hill,professor,229240.0
UNC-CH,UNC Chapel Hill,professor,121129.0
UNC-CH,UNC Chapel Hill,associate_professor,109459.0
UNC-CH,UNC Chapel Hill,professor,141079.0
UNC-CH,UNC Chapel Hill,associate_professor,135352.0
UNC-CH,UNC Chapel Hill,professor,125835.0
UNC-CH,UNC Chapel Hill,associate_professor,244000.0
UNC-CH,UNC Chapel Hill,professor,124081.0
UNC-CH,UNC Chapel Hill,associate_professor,186363.0
UNC-CH,UNC Chapel Hill,administrator,195000.0
UNC-CH,UNC Chapel Hill,assistant_professor,278000.0
UNC-CH,UNC Chapel Hill,professor,319497.0
UNC-CH,UNC Chapel Hill,professor,74819.0
UNC-CH,UNC Chapel Hill,associate_professor,451509.0
UNC-CH,UNC Chapel Hill,professor,266360.0
UNC-CH,UNC Chapel Hill,professor,115834.0
UNC-CH,UNC Chapel Hill,professor,130295.0
UNC-CH,UNC Chapel Hill,professor,194998.5
UNC-CH,UNC Chapel Hill,professor,44500.0
UNC-CH,UNC Chapel Hill,professor,153547.0
UNC-CH,UNC Chapel Hill,professor,76269.0
UNC-CH,UNC Chapel Hill,professor,142412.0
UNC-CH,UNC Chapel Hill,professor,141502.0
UNC-CH,UNC Chapel Hill,administrator,129615.0
UNC-CH,UNC Chapel Hill,associate_professor,164481.0
UNC-CH,UNC Chapel Hill,assistant_professor,95000.0
UNC-CH,UNC Chapel Hill,professor,263868.0
UNC-CH,UNC Chapel Hill,associate_professor,407000.0
UNC-CH,UNC Chapel Hill,assistant_professor,172000.0
UNC-CH,UNC Chapel Hill,assistant_professor,180180.0
UNC-CH,UNC Chapel Hill,associate_professor,144820.0
UNC-CH,UNC Chapel Hill,professor,223000.0
UNC-CH,UNC Chapel Hill,associate_professor,183045.0
UNC-CH,UNC Chapel Hill,assistant_professor,130000.0
UNC-CH,UNC Chapel Hill,associate_professor,147826.0
UNC-CH,UNC Chapel Hill,assistant_professor,89389.0
UNC-CH,UNC Chapel Hill,associate_professor,154186.0
UNC-CH,UNC Chapel Hill,associate_professor,240928.0
UNC-CH,UNC Chapel Hill,associate_professor,158000.0
UNC-CH,UNC Chapel Hill,assistant_professor,135927.0
UNC-CH,UNC Chapel Hill,assistant_professor,257500.0
UNC-CH,UNC Chapel Hill,associate_professor,116625.0
UNC-CH,UNC Chapel Hill,lecturer,115093.0
UNC-CH,UNC Chapel Hill,associate_professor,80485.0
UNC-CH,UNC Chapel Hill,associate_professor,274400.0
UNC-CH,UNC Chapel Hill,associate_professor,108984.0
UNC-CH,UNC Chapel Hill,assistant_professor,80232.56
UNC-CH,UNC Chapel Hill,assistant_professor,375225.0
UNC-CH,UNC Chapel Hill,associate_professor,202720.59
UNC-CH,UNC Chapel Hill,assistant_professor,223320.0
UNC-CH,UNC Chapel Hill,assistant_professor,113300.0
UNC-CH,UNC Chapel Hill,assistant_professor,115000.0
UNC-CH,UNC Chapel Hill,assistant_professor,282931.0
UNC-CH,UNC Chapel Hill,associate_professor,145000.0
UNC-CH,UNC Chapel Hill,assistant_professor,307500.0
UNC-CH,UNC Chapel Hill,associate_professor,309655.0
UNC-CH,UNC Chapel Hill,professor,364748.0
UNC-CH,UNC Chapel Hill,associate_professor,123051.0
UNC-CH,UNC Chapel Hill,associate_professor,409000.0
UNC-CH,UNC Chapel Hill,assistant_professor,67515.0
UNC-CH,UNC Chapel Hill,assistant_professor,185000.0
UNC-CH,UNC Chapel Hill,administrator,332072.0
UNC-CH,UNC Chapel Hill,associate_professor,148000.0
UNC-CH,UNC Chapel Hill,professor,125275.0
UNC-CH,UNC Chapel Hill,assistant_professor,300000.0
UNC-CH,UNC Chapel Hill,assistant_professor,325524.0
UNC-CH,UNC Chapel Hill,associate_professor,235214.0
UNC-CH,UNC Chapel Hill,lecturer,70500.0
UNC-CH,UNC Chapel Hill,lecturer,77795.9
UNC-CH,UNC Chapel Hill,associate_professor,228978.0
UNC-CH,UNC Chapel Hill,assistant_professor,135960.0
UNC-CH,UNC Chapel Hill,associate_professor,150000.0
UNC-CH,UNC Chapel Hill,assistant_professor,175000.0
UNC-CH,UNC Chapel Hill,professor,300000.0
UNC-CH,UNC Chapel Hill,associate_professor,234566.0
UNC-CH,UNC Chapel Hill,assistant_professor,79000.0
UNC-CH,UNC Chapel Hill,assistant_professor,115526.86
UNC-CH,UNC Chapel Hill,assistant_professor,85160.0
UNC-CH,UNC Chapel Hill,assistant_professor,103000.0
UNC-CH,UNC Chapel Hill,assistant_professor,212000.0
UNC-CH,UNC Chapel Hill,assistant_professor,220626.0
UNC-CH,UNC Chapel Hill,lecturer,79300.0
UNC-CH,UNC Chapel Hill,associate_professor,93404.0
UNC-CH,UNC Chapel Hill,assistant_professor,223956.0
UNC-CH,UNC Chapel Hill,assistant_professor,282931.0
UNC-CH,UNC Chapel Hill,associate_professor,103724.0
UNC-CH,UNC Chapel Hill,associate_professor,119465.0
UNC-CH,UNC Chapel Hill,professor,361333.0
UNC-CH,UNC Chapel Hill,associate_professor,115000.0
UNC-CH,UNC Chapel Hill,assistant_professor,206783.0
UNC-CH,UNC Chapel Hill,assistant_professor,93500.0
UNC-CH,UNC Chapel Hill,administrator,600000.0
UNC-CH,UNC Chapel Hill,associate_professor,152000.0
UNC-CH,UNC Chapel Hill,professor,180000.0
UNC-CH,UNC Chapel Hill,associate_professor,82237.0
UNC-CH,UNC Chapel Hill,assistant_professor,112162.0
UNC-CH,UNC Chapel Hill,assistant_professor,383078.0
UNC-CH,UNC Chapel Hill,professor,154500.0
UNC-CH,UNC Chapel Hill,professor,185400.0
UNC-CH,UNC Chapel Hill,associate_professor,175708.0
UNC-CH,UNC Chapel Hill,assistant_professor,115000.0
UNC-CH,UNC Chapel Hill,associate_professor,60538.0
UNC-CH,UNC Chapel Hill,assistant_professor,105697.0
UNC-CH,UNC Chapel Hill,assistant_professor,103053.0
UNC-CH,UNC Chapel Hill,assistant_professor,120000.0
UNC-CH,UNC Chapel Hill,associate_professor,98621.0
UNC-CH,UNC Chapel Hill,assistant_professor,84460.0
UNC-CH,UNC Chapel Hill,assistant_professor,160689.0
UNC-CH,UNC Chapel Hill,assistant_professor,220774.0
UNC-CH,UNC Chapel Hill,assistant_professor,274000.0
UNC-CH,UNC Chapel Hill,assistant_professor,80750.0
UNC-CH,UNC Chapel Hill,assistant_professor,84500.0
UNC-CH,UNC Chapel Hill,assistant_professor,53000.0
UNC-CH,UNC Chapel Hill,assistant_professor,242661.0
UNC-CH,UNC Chapel Hill,associate_professor,119574.0
UNC-CH,UNC Chapel Hill,assistant_professor,84621.0
UNC-CH,UNC Chapel Hill,lecturer,140000.0
UNC-CH,UNC Chapel Hill,assistant_professor,100504.0
UNC-CH,UNC Chapel Hill,associate_professor,205800.0
UNC-CH,UNC Chapel Hill,associate_professor,146165.0
UNC-CH,UNC Chapel Hill,associate_professor,155530.0
UNC-CH,UNC Chapel Hill,assistant_professor,172681.0
UNC-CH,UNC Chapel Hill,professor,165493.0
UNC-CH,UNC Chapel Hill,lecturer,95383.6
UNC-CH,UNC Chapel Hill,associate_professor,112018.0
UNC-CH,UNC Chapel Hill,assistant_professor,132750.0
UNC-CH,UNC Chapel Hill,lecturer,107836.0
UNC-CH,UNC Chapel Hill,professor,525000.0
UNC-CH,UNC Chapel Hill,assistant_professor,136578.0
UNC-CH,UNC Chapel Hill,associate_professor,168000.0
UNC-CH,UNC Chapel Hill,professor,288750.0
UNC-CH,UNC Chapel Hill,associate_professor,130964.0
UNC-CH,UNC Chapel Hill,professor,350000.0
UNC-CH,UNC Chapel Hill,professor,104834.0
UNC-CH,UNC Chapel Hill,associate_professor,300000.0
UNC-CH,UNC Chapel Hill,associate_professor,274400.0
UNC-CH,UNC Chapel Hill,assistant_professor,144869.0
UNC-CH,UNC Chapel Hill,assistant_professor,110000.0
UNC-CH,UNC Chapel Hill,lecturer,79300.0
UNC-CH,UNC Chapel Hill,associate_professor,171598.0
UNC-CH,UNC Chapel Hill,associate_professor,60345.0
UNC-CH,UNC Chapel Hill,associate_professor,129397.0
UNC-CH,UNC Chapel Hill,lecturer,61300.0
UNC-CH,UNC Chapel Hill,associate_professor,189003.11
UNC-CH,UNC Chapel Hill,assistant_professor,120000.0
UNC-CH,UNC Chapel Hill,assistant_professor,160200.0
UNC-CH,UNC Chapel Hill,lecturer,79300.0
UNC-CH,UNC Chapel Hill,assistant_professor,195000.0
UNC-CH,UNC Chapel Hill,assistant_professor,172681.0
UNC-CH,UNC Chapel Hill,professor,142412.0
UNC-CH,UNC Chapel Hill,assistant_professor,105000.0
UNC-CH,UNC Chapel Hill,assistant_professor,187850.0
UNC-CH,UNC Chapel Hill,associate_professor,324467.0
UNC-CH,UNC Chapel Hill,professor,400000.0
UNC-CH,UNC Chapel Hill,associate_professor,129833.0
UNC-CH,UNC Chapel Hill,professor,185000.0
UNC-CH,UNC Chapel Hill,associate_professor,92697.0
UNC-CH,UNC Chapel Hill,professor,196015.0
UNC-CH,UNC Chapel Hill,associate_professor,152000.0
UNC-CH,UNC Chapel Hill,professor,306750.0
UNC-CH,UNC Chapel Hill,assistant_professor,74000.0
UNC-CH,UNC Chapel Hill,professor,111353.9
UNC-CH,UNC Chapel Hill,administrator,218191.0
UNC-CH,UNC Chapel Hill,professor,200000.0
UNC-CH,UNC Chapel Hill,professor,260000.0
UNC-CH,UNC Chapel Hill,associate_professor,63611.0
UNC-CH,UNC Chapel Hill,associate_professor,108409.0
UNC-CH,UNC Chapel Hill,professor,130295.0
UNC-CH,UNC Chapel Hill,professor,185575.0
UNC-CH,UNC Chapel Hill,assistant_professor,215518.0
UNC-CH,UNC Chapel Hill,assistant_professor,212000.0
UNC-CH,UNC Chapel Hill,professor,335000.0
UNC-CH,UNC Chapel Hill,associate_professor,150000.0
UNC-CH,UNC Chapel Hill,professor,200000.0
UNC-CH,UNC Chapel Hill,professor,237399.0
UNC-CH,UNC Chapel Hill,associate_professor,313000.0
UNC-CH,UNC Chapel Hill,associate_professor,208027.0
UNC-CH,UNC Chapel Hill,associate_professor,269831.0
UNC-CH,UNC Chapel Hill,professor,168206.0
UNC-CH,UNC Chapel Hill,professor,206979.0
UNC-CH,UNC Chapel Hill,professor,369778.0
UNC-CH,UNC Chapel Hill,professor,149700.0
UNC-CH,UNC Chapel Hill,professor,185341.0
UNC-CH,UNC Chapel Hill,professor,202493.0
UNC-CH,UNC Chapel Hill,lecturer,142272.0
UNC-CH,UNC Chapel Hill,professor,409485.24
UNC-CH,UNC Chapel Hill,associate_professor,432622.0
UNC-CH,UNC Chapel Hill,professor,380000.0
UNC-CH,UNC Chapel Hill,professor,335000.0
UNC-CH,UNC Chapel Hill,professor,157179.0
UNC-CH,UNC Chapel Hill,professor,371424.0
UNC-CH,UNC Chapel Hill,associate_professor,149825.0
UNC-CH,UNC Chapel Hill,associate_professor,133747.0
UNC-CH,UNC Chapel Hill,professor,258678.0
UNC-CH,UNC Chapel Hill,professor,216095.0
UNC-CH,UNC Chapel Hill,assistant_professor,154752.0
UNC-CH,UNC Chapel Hill,associate_professor,250000.0
UNC-CH,UNC Chapel Hill,professor,105411.0
UNC-CH,UNC Chapel Hill,associate_professor,106451.0
UNC-CH,UNC Chapel Hill,professor,270432.0
UNC-CH,UNC Chapel Hill,professor,120861.0
UNC-CH,UNC Chapel Hill,professor,165196.0
UNC-CH,UNC Chapel Hill,professor,189701.0
UNC-CH,UNC Chapel Hill,professor,132651.0
UNC-CH,UNC Chapel Hill,associate_professor,122000.0
UNC-CH,UNC Chapel Hill,professor,499604.0
UNC-CH,UNC Chapel Hill,associate_professor,136520.0
UNC-CH,UNC Chapel Hill,associate_professor,59218.0
UNC-CH,UNC Chapel Hill,associate_professor,96235.0
UNC-CH,UNC Chapel Hill,lecturer,95383.6
UNC-CH,UNC Chapel Hill,associate_professor,107849.0
UNC-CH,UNC Chapel Hill,professor,213000.0
UNC-CH,UNC Chapel Hill,associate_professor,149757.0
UNC-CH,UNC Chapel Hill,associate_professor,144806.0
UNC-CH,UNC Chapel Hill,professor,123703.0
UNC-CH,UNC Chapel Hill,assistant_professor,334500.0
UNC-CH,UNC Chapel Hill,professor,239877.0
UNC-CH,UNC Chapel Hill,professor,227871.0
UNC-CH,UNC Chapel Hill,associate_professor,111519.0
UNC-CH,UNC Chapel Hill,professor,154500.0
UNC-CH,UNC Chapel Hill,professor,225000.0
UNC-CH,UNC Chapel Hill,professor,166392.0
UNC-CH,UNC Chapel Hill,professor,125015.0
UNC-CH,UNC Chapel Hill,professor,335000.0
UNC-CH,UNC Chapel Hill,associate_professor,127720.0
UNC-CH,UNC Chapel Hill,assistant_professor,230000.0
UNC-CH,UNC Chapel Hill,associate_professor,152022.0
UNC-CH,UNC Chapel Hill,professor,205542.0
UNC-CH,UNC Chapel Hill,administrator,257088.0
UNC-CH,UNC Chapel Hill,professor,143170.0
UNC-CH,UNC Chapel Hill,professor,211568.63
UNC-CH,UNC Chapel Hill,lecturer,88400.0
UNC-CH,UNC Chapel Hill,professor,149508.0
UNC-CH,UNC Chapel Hill,professor,170309.0
UNC-CH,UNC Chapel Hill,associate_professor,108735.0
UNC-CH,UNC Chapel Hill,associate_professor,115339.0
UNC-CH,UNC Chapel Hill,professor,489268.0
UNC-CH,UNC Chapel Hill,professor,167070.0
UNC-CH,UNC Chapel Hill,professor,175000.0
UNC-CH,UNC Chapel Hill,professor,152868.0
UNC-CH,UNC Chapel Hill,associate_professor,101425.0
UNC-CH,UNC Chapel Hill,professor,115017.0
UNC-CH,UNC Chapel Hill,lecturer,176748.0
UNC-CH,UNC Chapel Hill,associate_professor,460000.0
UNC-CH,UNC Chapel Hill,assistant_professor,117810.0
UNC-CH,UNC Chapel Hill,assistant_professor,278000.0
UNC-CH,UNC Chapel Hill,professor,103234.0
UNC-CH,UNC Chapel Hill,associate_professor,63734.0
UNC-CH,UNC Chapel Hill,professor,361636.0
UNC-CH,UNC Chapel Hill,professor,490477.0
UNC-CH,UNC Chapel Hill,professor,122764.0
UNC-CH,UNC Chapel Hill,administrator,240765.0
UNC-CH,UNC Chapel Hill,professor,271032.0
UNC-CH,UNC Chapel Hill,associate_professor,166523.0
UNC-CH,UNC Chapel Hill,lecturer,169950.0
UNC-CH,UNC Chapel Hill,professor,96514.0
UNC-CH,UNC Chapel Hill,professor,111374.0
UNC-CH,UNC Chapel Hill,associate_professor,125694.0
UNC-CH,UNC Chapel Hill,assistant_professor,86700.0
UNC-CH,UNC Chapel Hill,professor,425000.0
UNC-CH,UNC Chapel Hill,professor,190898.0
UNC-CH,UNC Chapel Hill,professor,166086.0
UNC-CH,UNC Chapel Hill,professor,636077.6
UNC-CH,UNC Chapel Hill,associate_professor,254596.0
UNC-CH,UNC Chapel Hill,associate_professor,305000.0
UNC-CH,UNC Chapel Hill,professor,321360.0
UNC-CH,UNC Chapel Hill,associate_professor,98843.0
UNC-CH,UNC Chapel Hill,professor,377184.75
UNC-CH,UNC Chapel Hill,professor,184042.0
UNC-CH,UNC Chapel Hill,assistant_professor,223320.0
UNC-CH,UNC Chapel Hill,professor,133789.0
UNC-CH,UNC Chapel Hill,associate_professor,147484.0
UNC-CH,UNC Chapel Hill,associate_professor,132667.0
UNC-CH,UNC Chapel Hill,associate_professor,311000.0
UNC-CH,UNC Chapel Hill,professor,177607.0
UNC-CH,UNC Chapel Hill,professor,387962.0
UNC-CH,UNC Chapel Hill,assistant_professor,90000.0
UNC-CH,UNC Chapel Hill,associate_professor,237824.0
UNC-CH,UNC Chapel Hill,professor,206007.0
UNC-CH,UNC Chapel Hill,professor,140414.0
UNC-CH,UNC Chapel Hill,professor,180948.0
UNC-CH,UNC Chapel Hill,professor,244580.0
UNC-CH,UNC Chapel Hill,professor,464797.0
UNC-CH,UNC Chapel Hill,assistant_professor,95790.0
UNC-CH,UNC Chapel Hill,associate_professor,151750.0
UNC-CH,UNC Chapel Hill,professor,153985.0
UNC-CH,UNC Chapel Hill,associate_professor,81030.0
UNC-CH,UNC Chapel Hill,professor,201312.0
UNC-CH,UNC Chapel Hill,assistant_professor,221000.0
UNC-CH,UNC Chapel Hill,lecturer,170461.0
UNC-CH,UNC Chapel Hill,lecturer,120000.0
UNC-CH,UNC Chapel Hill,lecturer,79300.0
UNC-CH,UNC Chapel Hill,professor,182900.0
UNC-CH,UNC Chapel Hill,associate_professor,150000.0
UNC-CH,UNC Chapel Hill,assistant_professor,101764.0
UNC-CH,UNC Chapel Hill,associate_professor,228978.0
UNC-CH,UNC Chapel Hill,lecturer,159404.0
UNC-CH,UNC Chapel Hill,assistant_professor,210346.0
UNC-CH,UNC Chapel Hill,assistant_professor,101764.0
UNC-CH,UNC Chapel Hill,professor,507388.0
UNC-CH,UNC Chapel Hill,assistant_professor,397297.0
UNC-CH,UNC Chapel Hill,associate_professor,463248.0
UNC-CH,UNC Chapel Hill,assistant_professor,95000.0
UNC-CH,UNC Chapel Hill,assistant_professor,90200.0
UNC-CH,UNC Chapel Hill,assistant_professor,136578.0
UNC-CH,UNC Chapel Hill,assistant_professor,100032.0
UNC-CH,UNC Chapel Hill,administrator,206000.0
UNC-CH,UNC Chapel Hill,professor,212164.0
UNC-CH,UNC Chapel Hill,associate_professor,142140.0
UNC-CH,UNC Chapel Hill,assistant_professor,98880.0
UNC-CH,UNC Chapel Hill,assistant_professor,206783.0
UNC-CH,UNC Chapel Hill,professor,676480.0
UNC-CH,UNC Chapel Hill,assistant_professor,355000.0
UNC-CH,UNC Chapel Hill,associate_professor,188670.0
UNC-CH,UNC Chapel Hill,assistant_professor,215000.0
UNC-CH,UNC Chapel Hill,professor,378904.0
UNC-CH,UNC Chapel Hill,professor,228131.0
UNC-CH,UNC Chapel Hill,assistant_professor,79000.0
UNC-CH,UNC Chapel Hill,professor,153182.0
UNC-CH,UNC Chapel Hill,assistant_professor,448476.0
UNC-CH,UNC Chapel Hill,associate_professor,192867.0
UNC-CH,UNC Chapel Hill,associate_professor,103659.0
UNC-CH,UNC Chapel Hill,assistant_professor,130810.0
UNC-CH,UNC Chapel Hill,lecturer,96836.0
UNC-CH,UNC Chapel Hill,assistant_professor,127146.0
UNC-CH,UNC Chapel Hill,assistant_professor,135960.0
UNC-CH,UNC Chapel Hill,professor,225000.0
UNC-CH,UNC Chapel Hill,assistant_professor,149350.0
UNC-CH,UNC Chapel Hill,associate_professor,95000.0
UNC-CH,UNC Chapel Hill,professor,360576.0
UNC-CH,UNC Chapel Hill,associate_professor,220000.0
UNC-CH,UNC Chapel Hill,professor,255692.0
UNC-CH,UNC Chapel Hill,assistant_professor,119480.0
UNC-CH,UNC Chapel Hill,associate_professor,130000.0
UNC-CH,UNC Chapel Hill,assistant_professor,147734.0
UNC-CH,UNC Chapel Hill,assistant_professor,82680.0
UNC-CH,UNC Chapel Hill,lecturer,61285.0
UNC-CH,UNC Chapel Hill,assistant_professor,112301.0
UNC-CH,UNC Chapel Hill,assistant_professor,105000.0
UNC-CH,UNC Chapel Hill,associate_professor,191788.94
UNC-CH,UNC Chapel Hill,lecturer,65000.0
UNC-CH,UNC Chapel Hill,associate_professor,174070.0
UNC-CH,UNC Chapel Hill,associate_professor,112399.0
UNC-CH,UNC Chapel Hill,assistant_professor,88948.0
UNC-CH,UNC Chapel Hill,administrator,170053.0
UNC-CH,UNC Chapel Hill,assistant_professor,344000.0
UNC-CH,UNC Chapel Hill,assistant_professor,86000.0
UNC-CH,UNC Chapel Hill,assistant_professor,128212.0
UNC-CH,UNC Chapel Hill,assistant_professor,282931.0
UNC-CH,UNC Chapel Hill,assistant_professor,280231.0
UNC-CH,UNC Chapel Hill,assistant_professor,172681.0
UNC-CH,UNC Chapel Hill,associate_professor,172612.0
UNC-CH,UNC Chapel Hill,assistant_professor,353271.0
UNC-CH,UNC Chapel Hill,associate_professor,160000.0
UNC-CH,UNC Chapel Hill,assistant_professor,220000.0
UNC-CH,UNC Chapel Hill,professor,146276.0
UNC-CH,UNC Chapel Hill,associate_professor,130000.0
UNC-CH,UNC Chapel Hill,associate_professor,432622.0
UNC-CH,UNC Chapel Hill,professor,120000.0
UNC-CH,UNC Chapel Hill,associate_professor,255000.0
UNC-CH,UNC Chapel Hill,associate_professor,93696.0
UNC-CH,UNC Chapel Hill,assistant_professor,185304.0
UNC-CH,UNC Chapel Hill,associate_professor,128000.0
UNC-CH,UNC Chapel Hill,associate_professor,135827.92
UNC-CH,UNC Chapel Hill,professor,191211.0
UNC-CH,UNC Chapel Hill,assistant_professor,136578.0
UNC-CH,UNC Chapel Hill,assistant_professor,92500.0
UNC-CH,UNC Chapel Hill,assistant_professor,104938.0
UNC-CH,UNC Chapel Hill,assistant_professor,128750.0
UNC-CH,UNC Chapel Hill,professor,200000.0
UNC-CH,UNC Chapel Hill,assistant_professor,85000.0
UNC-CH,UNC Chapel Hill,assistant_professor,120000.0
UNC-CH,UNC Chapel Hill,associate_professor,312921.0
UNC-CH,UNC Chapel Hill,assistant_professor,275000.0
UNC-CH,UNC Chapel Hill,assistant_professor,291185.0
UNC-CH,UNC Chapel Hill,assistant_professor,92000.0
UNC-CH,UNC Chapel Hill,assistant_professor,303098.0
UNC-CH,UNC Chapel Hill,assistant_professor,191393.63
UNC-CH,UNC Chapel Hill,assistant_professor,113748.0
UNC-CH,UNC Chapel Hill,professor,208687.0
UNC-CH,UNC Chapel Hill,assistant_professor,244500.0
UNC-CH,UNC Chapel Hill,associate_professor,96344.0
UNC-CH,UNC Chapel Hill,assistant_professor,270000.0
UNC-CH,UNC Chapel Hill,assistant_professor,136042.0
UNC-CH,UNC Chapel Hill,associate_professor,110246.0
UNC-CH,UNC Chapel Hill,assistant_professor,145412.0
UNC-CH,UNC Chapel Hill,associate_professor,371454.0
UNC-CH,UNC Chapel Hill,associate_professor,199701.0
UNC-CH,UNC Chapel Hill,assistant_professor,117198.0
UNC-CH,UNC Chapel Hill,assistant_professor,85696.0
UNC-CH,UNC Chapel Hill,associate_professor,125388.0
UNC-CH,UNC Chapel Hill,assistant_professor,71500.0
UNC-CH,UNC Chapel Hill,associate_professor,140000.0
UNC-CH,UNC Chapel Hill,associate_professor,62916.0
UNC-CH,UNC Chapel Hill,associate_professor,164280.0
UNC-CH,UNC Chapel Hill,assistant_professor,165000.0
UNC-CH,UNC Chapel Hill,assistant_professor,198696.6
UNC-CH,UNC Chapel Hill,associate_professor,339824.0
UNC-CH,UNC Chapel Hill,professor,400694.0
UNC-CH,UNC Chapel Hill,assistant_professor,89292.0
UNC-CH,UNC Chapel Hill,assistant_professor,271203.0
UNC-CH,UNC Chapel Hill,assistant_professor,300000.0
UNC-CH,UNC Chapel Hill,assistant_professor,79299.0
UNC-CH,UNC Chapel Hill,professor,290000.0
UNC-CH,UNC Chapel Hill,associate_professor,300000.0
UNC-CH,UNC Chapel Hill,associate_professor,282000.0
UNC-CH,UNC Chapel Hill,assistant_professor,93000.0
UNC-CH,UNC Chapel Hill,associate_professor,287666.67
UNC-CH,UNC Chapel Hill,assistant_professor,87005.0
UNC-CH,UNC Chapel Hill,assistant_professor,222789.0
UNC-CH,UNC Chapel Hill,professor,305274.0
UNC-CH,UNC Chapel Hill,associate_professor,130000.0
UNC-CH,UNC Chapel Hill,associate_professor,364938.0
UNC-CH,UNC Chapel Hill,assistant_professor,125523.0
UNC-CH,UNC Chapel Hill,assistant_professor,291800.0
UNC-CH,UNC Chapel Hill,associate_professor,250481.0
UNC-CH,UNC Chapel Hill,professor,138796.0
UNC-CH,UNC Chapel Hill,associate_professor,155000.0
UNC-CH,UNC Chapel Hill,associate_professor,274400.0
UNC-CH,UNC Chapel Hill,associate_professor,111315.0
UNC-CH,UNC Chapel Hill,professor,260000.0
UNC-CH,UNC Chapel Hill,assistant_professor,282284.0
UNC-CH,UNC Chapel Hill,professor,208687.0
UNC-CH,UNC Chapel Hill,lecturer,143166.0
UNC-CH,UNC Chapel Hill,associate_professor,186430.0
UNC-CH,UNC Chapel Hill,assistant_professor,149968.0
UNC-CH,UNC Chapel Hill,assistant_professor,303582.0
UNC-CH,UNC Chapel Hill,assistant_professor,270336.0
UNC-CH,UNC Chapel Hill,assistant_professor,144125.0
UNC-CH,UNC Chapel Hill,lecturer,106000.0
UNC-CH,UNC Chapel Hill,assistant_professor,57543.0
UNC-CH,UNC Chapel Hill,associate_professor,131470.0
UNC-CH,UNC Chapel Hill,assistant_professor,445000.0
UNC-CH,UNC Chapel Hill,assistant_professor,207631.0
UNC-CH,UNC Chapel Hill,assistant_professor,86811.0
UNC-CH,UNC Chapel Hill,assistant_professor,102000.0
UNC-CH,UNC Chapel Hill,assistant_professor,90000.0
UNC-CH,UNC Chapel Hill,assistant_professor,275000.0
UNC-CH,UNC Chapel Hill,associate_professor,194200.0
UNC-CH,UNC Chapel Hill,associate_professor,314568.0
UNC-CH,UNC Chapel Hill,assistant_professor,90000.0
UNC-CH,UNC Chapel Hill,assistant_professor,234566.0
UNC-CH,UNC Chapel Hill,assistant_professor,205607.0
UNC-CH,UNC Chapel Hill,assistant_professor,232804.0
UNC-CH,UNC Chapel Hill,professor,110500.0
UNC-CH,UNC Chapel Hill,associate_professor,311000.0
UNC-CH,UNC Chapel Hill,associate_professor,340434.0
UNC-CH,UNC Chapel Hill,associate_professor,220000.0
UNC-CH,UNC Chapel Hill,assistant_professor,53560.0
UNC-CH,UNC Chapel Hill,assistant_professor,80327.0
UNC-CH,UNC Chapel Hill,assistant_professor,80560.0
UNC-CH,UNC Chapel Hill,professor,200362.0
UNC-CH,UNC Chapel Hill,associate_professor,307000.0
UNC-CH,UNC Chapel Hill,associate_professor,123539.0
UNC-CH,UNC Chapel Hill,assistant_professor,62929.0
UNC-CH,UNC Chapel Hill,professor,475723.0
UNC-CH,UNC Chapel Hill,associate_professor,266269.0
UNC-CH,UNC Chapel Hill,assistant_professor,92125.0
UNC-CH,UNC Chapel Hill,professor,362217.0
UNC-CH,UNC Chapel Hill,assistant_professor,54000.0
UNC-CH,UNC Chapel Hill,administrator,235664.0
UNC-CH,UNC Chapel Hill,associate_professor,130000.0
UNC-CH,UNC Chapel Hill,lecturer,79000.0
UNC-CH,UNC Chapel Hill,assistant_professor,267500.0
UNC-CH,UNC Chapel Hill,associate_professor,195000.0
UNC-CH,UNC Chapel Hill,assistant_professor,118183.0
UNC-CH,UNC Chapel Hill,assistant_professor,234566.0
UNC-CH,UNC Chapel Hill,assistant_professor,55702.0
UNC-CH,UNC Chapel Hill,assistant_professor,185952.0
UNC-CH,UNC Chapel Hill,professor,230653.0
UNC-CH,UNC Chapel Hill,assistant_professor,102000.0
UNC-CH,UNC Chapel Hill,assistant_professor,234566.0
UNC-CH,UNC Chapel Hill,assistant_professor,97000.0
UNC-CH,UNC Chapel Hill,assistant_professor,202890.0
UNC-CH,UNC Chapel Hill,assistant_professor,80340.0
UNC-CH,UNC Chapel Hill,assistant_professor,198834.0
UNC-CH,UNC Chapel Hill,assistant_professor,306000.0
UNC-CH,UNC Chapel Hill,associate_professor,98250.0
UNC-CH,UNC Chapel Hill,associate_professor,155000.0
UNC-CH,UNC Chapel Hill,associate_professor,219771.0
UNC-CH,UNC Chapel Hill,assistant_professor,223956.0
UNC-CH,UNC Chapel Hill,assistant_professor,187850.0
UNC-CH,UNC Chapel Hill,associate_professor,424633.0
UNC-CH,UNC Chapel Hill,lecturer,72100.0
UNC-CH,UNC Chapel Hill,assistant_professor,140386.0
UNC-CH,UNC Chapel Hill,assistant_professor,180250.0
UNC-CH,UNC Chapel Hill,assistant_professor,80327.0
UNC-CH,UNC Chapel Hill,lecturer,74160.0
UNC-CH,UNC Chapel Hill,lecturer,133000.0
UNC-CH,UNC Chapel Hill,assistant_professor,127720.0
UNC-CH,UNC Chapel Hill,professor,452771.0
UNC-CH,UNC Chapel Hill,associate_professor,116345.0
UNC-CH,UNC Chapel Hill,assistant_professor,300000.0
UNC-CH,UNC Chapel Hill,assistant_professor,113300.0
UNC-CH,UNC Chapel Hill,assistant_professor,139639.0
UNC-CH,UNC Chapel Hill,lecturer,68000.0
UNC-CH,UNC Chapel Hill,lecturer,79000.0
UNC-CH,UNC Chapel Hill,associate_professor,143541.0
UNC-CH,UNC Chapel Hill,assistant_professor,164485.6
UNC-CH,UNC Chapel Hill,associate_professor,281700.0
UNC-CH,UNC Chapel Hill,associate_professor,154186.0
UNC-CH,UNC Chapel Hill,assistant_professor,232000.0
UNC-CH,UNC Chapel Hill,assistant_professor,128139.0
UNC-CH,UNC Chapel Hill,assistant_professor,139446.0
UNC-CH,UNC Chapel Hill,assistant_professor,266086.0
UNC-CH,UNC Chapel Hill,associate_professor,105217.0
UNC-CH,UNC Chapel Hill,assistant_professor,83000.0
UNC-CH,UNC Chapel Hill,assistant_professor,301889.0
UNC-CH,UNC Chapel Hill,assistant_professor,197000.0
UNC-CH,UNC Chapel Hill,assistant_professor,234566.0
UNC-CH,UNC Chapel Hill,associate_professor,217581.0
UNC-CH,UNC Chapel Hill,professor,130050.0
UNC-CH,UNC Chapel Hill,assistant_professor,185304.0
UNC-CH,UNC Chapel Hill,assistant_professor,110000.0
UNC-CH,UNC Chapel Hill,associate_professor,114365.0
UNC-CH,UNC Chapel Hill,professor,406600.0
UNC-CH,UNC Chapel Hill,assistant_professor,113432.0
UNC-CH,UNC Chapel Hill,professor,241961.0
UNC-CH,UNC Chapel Hill,lecturer,80448.0
UNC-CH,UNC Chapel Hill,assistant_professor,74868.0
UNC-CH,UNC Chapel Hill,assistant_professor,350000.0
UNC-CH,UNC Chapel Hill,assistant_professor,130810.0
UNC-CH,UNC Chapel Hill,associate_professor,296580.0
UNC-CH,UNC Chapel Hill,assistant_professor,56006.0
UNC-CH,UNC Chapel Hill,administrator,333052.0
UNC-CH,UNC Chapel Hill,assistant_professor,195000.0
UNC-CH,UNC Chapel Hill,assistant_professor,223320.0
UNC-CH,UNC Chapel Hill,assistant_professor,120962.0
UNC-CH,UNC Chapel Hill,associate_professor,117770.0
UNC-CH,UNC Chapel Hill,assistant_professor,93108.0
UNC-CH,UNC Chapel Hill,associate_professor,47961.0
UNC-CH,UNC Chapel Hill,assistant_professor,90000.0
UNC-CH,UNC Chapel Hill,assistant_professor,123600.0
UNC-CH,UNC Chapel Hill,associate_professor,154186.0
UNC-CH,UNC Chapel Hill,assistant_professor,449000.0
UNC-CH,UNC Chapel Hill,associate_professor,250000.0
UNC-CH,UNC Chapel Hill,assistant_professor,185250.0
UNC-CH,UNC Chapel Hill,professor,113642.0
UNC-CH,UNC Chapel Hill,assistant_professor,375225.0
UNC-CH,UNC Chapel Hill,assistant_professor,84000.0
UNC-CH,UNC Chapel Hill,associate_professor,283500.0
UNC-CH,UNC Chapel Hill,professor,199947.0
UNC-CH,UNC Chapel Hill,assistant_professor,318413.0
UNC-CH,UNC Chapel Hill,associate_professor,102812.0
UNC-CH,UNC Chapel Hill,professor,153000.0
UNC-CH,UNC Chapel Hill,associate_professor,125280.0
UNC-CH,UNC Chapel Hill,professor,265000.0
UNC-CH,UNC Chapel Hill,assistant_professor,308600.0
UNC-CH,UNC Chapel Hill,lecturer,61285.0
UNC-CH,UNC Chapel Hill,associate_professor,178458.0
UNC-CH,UNC Chapel Hill,lecturer,77796.0
UNC-CH,UNC Chapel Hill,lecturer,79000.0
UNC-CH,UNC Chapel Hill,associate_professor,290460.0
UNC-CH,UNC Chapel Hill,assistant_professor,343874.0
UNC-CH,UNC Chapel Hill,assistant_professor,275000.0
UNC-CH,UNC Chapel Hill,assistant_professor,98880.0
UNC-CH,UNC Chapel Hill,assistant_professor,175490.0
UNC-CH,UNC Chapel Hill,professor,258388.0
UNC-CH,UNC Chapel Hill,professor,172072.0
UNC-CH,UNC Chapel Hill,assistant_professor,205607.0
UNC-CH,UNC Chapel Hill,assistant_professor,225000.0
UNC-CH,UNC Chapel Hill,lecturer,110000.0
UNC-CH,UNC Chapel Hill,associate_professor,430601.0
UNC-CH,UNC Chapel Hill,professor,316819.72
UNC-CH,UNC Chapel Hill,assistant_professor,275000.0
UNC-CH,UNC Chapel Hill,assistant_professor,223320.0
UNC-CH,UNC Chapel Hill,associate_professor,144767.0
UNC-CH,UNC Chapel Hill,associate_professor,149351.0
UNC-CH,UNC Chapel Hill,associate_professor,109318.0
UNC-CH,UNC Chapel Hill,assistant_professor,82400.0
UNC-CH,UNC Chapel Hill,assistant_professor,94343.88
UNC-CH,UNC Chapel Hill,associate_professor,94863.0
UNC-CH,UNC Chapel Hill,professor,188928.0
UNC-CH,UNC Chapel Hill,associate_professor,104340.0
UNC-CH,UNC Chapel Hill,assistant_professor,215000.0
UNC-CH,UNC Chapel Hill,professor,166990.0
UNC-CH,UNC Chapel Hill,associate_professor,61578.0
UNC-CH,UNC Chapel Hill,assistant_professor,55917.0
UNC-CH,UNC Chapel Hill,associate_professor,99374.0
UNC-CH,UNC Chapel Hill,assistant_professor,122028.0
UNC-CH,UNC Chapel Hill,professor,333000.0
UNC-CH,UNC Chapel Hill,professor,100685.0
UNC-CH,UNC Chapel Hill,professor,118450.0
UNC-CH,UNC Chapel Hill,associate_professor,99875.0
UNC-CH,UNC Chapel Hill,professor,125328.0
UNC-CH,UNC Chapel Hill,associate_professor,134433.0
UNC-CH,UNC Chapel Hill,professor,117053.0
UNC-CH,UNC Chapel Hill,professor,215000.0
UNC-CH,UNC Chapel Hill,assistant_professor,105215.0
UNC-CH,UNC Chapel Hill,professor,280000.0
UNC-CH,UNC Chapel Hill,professor,180901.0
UNC-CH,UNC Chapel Hill,assistant_professor,75520.0
UNC-CH,UNC Chapel Hill,professor,431913.0
UNC-CH,UNC Chapel Hill,professor,144200.0
UNC-CH,UNC Chapel Hill,assistant_professor,98950.54
UNC-CH,UNC Chapel Hill,professor,258767.0
UNC-CH,UNC Chapel Hill,assistant_professor,113300.0
UNC-CH,UNC Chapel Hill,associate_professor,94251.0
UNC-CH,UNC Chapel Hill,professor,147764.0
UNC-CH,UNC Chapel Hill,professor,510000.0
UNC-CH,UNC Chapel Hill,professor,130810.0
UNC-CH,UNC Chapel Hill,assistant_professor,136369.0
UNC-CH,UNC Chapel Hill,professor,99836.0
UNC-CH,UNC Chapel Hill,associate_professor,101770.0
UNC-CH,UNC Chapel Hill,assistant_professor,113811.6
UNC-CH,UNC Chapel Hill,associate_professor,261474.0
UNC-CH,UNC Chapel Hill,professor,359041.0
UNC-CH,UNC Chapel Hill,professor,153710.0
UNC-CH,UNC Chapel Hill,professor,520322.0
UNC-CH,UNC Chapel Hill,professor,201427.0
UNC-CH,UNC Chapel Hill,lecturer,85565.0
UNC-CH,UNC Chapel Hill,lecturer,93750.0
UNC-CH,UNC Chapel Hill,associate_professor,99500.0
UNC-CH,UNC Chapel Hill,professor,254468.0
UNC-CH,UNC Chapel Hill,associate_professor,253953.33
UNC-CH,UNC Chapel Hill,professor,111272.0
UNC-CH,UNC Chapel Hill,professor,113732.0
UNC-CH,UNC Chapel Hill,associate_professor,109339.0
UNC-CH,UNC Chapel Hill,professor,137048.0
UNC-CH,UNC Chapel Hill,professor,186190.0
UNC-CH,UNC Chapel Hill,professor,542274.0
UNC-CH,UNC Chapel Hill,assistant_professor,93730.0
UNC-CH,UNC Chapel Hill,assistant_professor,100000.0
UNC-CH,UNC Chapel Hill,assistant_professor,220800.0
UNC-CH,UNC Chapel Hill,assistant_professor,85500.0
UNC-CH,UNC Chapel Hill,assistant_professor,84975.0
UNC-CH,UNC Chapel Hill,associate_professor,398215.0
UNC-CH,UNC Chapel Hill,professor,270000.0
UNC-CH,UNC Chapel Hill,associate_professor,133912.0
UNC-CH,UNC Chapel Hill,assistant_professor,285000.0
UNC-CH,UNC Chapel Hill,assistant_professor,103000.0
UNC-CH,UNC Chapel Hill,assistant_professor,200518.0
UNC-CH,UNC Chapel Hill,assistant_professor,107500.0
UNC-CH,UNC Chapel Hill,lecturer,58000.0
UNC-CH,UNC Chapel Hill,assistant_professor,81500.0
UNC-CH,UNC Chapel Hill,assistant_professor,85000.0
UNC-CH,UNC Chapel Hill,assistant_professor,116000.0
UNC-CH,UNC Chapel Hill,assistant_professor,445000.0
UNC-CH,UNC Chapel Hill,assistant_professor,55895.0
UNC-CH,UNC Chapel Hill,professor,170000.0
UNC-CH,UNC Chapel Hill,associate_professor,510000.0
UNC-CH,UNC Chapel Hill,associate_professor,192816.0
UNC-CH,UNC Chapel Hill,professor,266360.0
UNC-CH,UNC Chapel Hill,assistant_professor,116840.0
UNC-CH,UNC Chapel Hill,lecturer,150000.0
UNC-CH,UNC Chapel Hill,associate_professor,175000.0
UNC-CH,UNC Chapel Hill,assistant_professor,113300.0
UNC-CH,UNC Chapel Hill,assistant_professor,104572.0
UNC-CH,UNC Chapel Hill,associate_professor,157500.0
UNC-CH,UNC Chapel Hill,assistant_professor,102000.0
UNC-CH,UNC Chapel Hill,assistant_professor,114000.0
UNC-CH,UNC Chapel Hill,assistant_professor,81549.0
UNC-CH,UNC Chapel Hill,assistant_professor,130050.0
UNC-CH,UNC Chapel Hill,assistant_professor,271414.0
UNC-CH,UNC Chapel Hill,assistant_professor,170000.0
UNC-CH,UNC Chapel Hill,associate_professor,122933.0
UNC-CH,UNC Chapel Hill,associate_professor,40000.0
UNC-CH,UNC Chapel Hill,professor,291680.55
UNC-CH,UNC Chapel Hill,professor,153757.0
UNC-CH,UNC Chapel Hill,associate_professor,139779.0
UNC-CH,UNC Chapel Hill,associate_professor,171489.0
UNC-CH,UNC Chapel Hill,assistant_professor,223956.0
UNC-CH,UNC Chapel Hill,assistant_professor,220774.0
UNC-CH,UNC Chapel Hill,assistant_professor,81000.0
UNC-CH,UNC Chapel Hill,assistant_professor,90000.0
UNC-CH,UNC Chapel Hill,assistant_professor,86520.0
UNC-CH,UNC Chapel Hill,assistant_professor,80326.7
UNC-CH,UNC Chapel Hill,assistant_professor,291800.0
UNC-CH,UNC Chapel Hill,associate_professor,60409.0
UNC-CH,UNC Chapel Hill,assistant_professor,126000.0
UNC-CH,UNC Chapel Hill,lecturer,79300.0
UNC-CH,UNC Chapel Hill,assistant_professor,135000.0
UNC-CH,UNC Chapel Hill,assistant_professor,291185.0
UNC-CH,UNC Chapel Hill,assistant_professor,318413.0
UNC-CH,UNC Chapel Hill,assistant_professor,117000.0
UNC-CH,UNC Chapel Hill,assistant_professor,97850.0
UNC-CH,UNC Chapel Hill,assistant_professor,206783.0
UNC-CH,UNC Chapel Hill,associate_professor,495381.0
UNC-CH,UNC Chapel Hill,associate_professor,313000.0
UNC-CH,UNC Chapel Hill,assistant_professor,270000.0
UNC-CH,UNC Chapel Hill,associate_professor,137654.0
UNC-CH,UNC Chapel Hill,associate_professor,234750.0
UNC-CH,UNC Chapel Hill,professor,244007.0
UNC-CH,UNC Chapel Hill,professor,286523.0
UNC-CH,UNC Chapel Hill,associate_professor,128539.0
UNC-CH,UNC Chapel Hill,assistant_professor,234566.0
UNC-CH,UNC Chapel Hill,lecturer,61200.0
UNC-CH,UNC Chapel Hill,assistant_professor,140525.0
UNC-CH,UNC Chapel Hill,professor,364748.0
UNC-CH,UNC Chapel Hill,professor,225000.0
UNC-CH,UNC Chapel Hill,assistant_professor,55702.0
UNC-CH,UNC Chapel Hill,lecturer,79300.0
UNC-CH,UNC Chapel Hill,professor,142515.0
UNC-CH,UNC Chapel Hill,assistant_professor,135000.0
UNC-CH,UNC Chapel Hill,professor,117807.0
UNC-CH,UNC Chapel Hill,assistant_professor,88000.0
UNC-CH,UNC Chapel Hill,assistant_professor,89250.0
UNC-CH,UNC Chapel Hill,associate_professor,159000.0
UNC-CH,UNC Chapel Hill,professor,189698.0
UNC-CH,UNC Chapel Hill,professor,422496.0
UNC-CH,UNC Chapel Hill,assistant_professor,605672.83
UNC-CH,UNC Chapel Hill,professor,265677.0
UNC-CH,UNC Chapel Hill,professor,148313.0
UNC-CH,UNC Chapel Hill,associate_professor,175924.0
UNC-CH,UNC Chapel Hill,associate_professor,235126.0
UNC-CH,UNC Chapel Hill,professor,800000.0
UNC-CH,UNC Chapel Hill,lecturer,219905.0
UNC-CH,UNC Chapel Hill,assistant_professor,165000.0
UNC-CH,UNC Chapel Hill,associate_professor,166860.0
UNC-CH,UNC Chapel Hill,professor,153784.0
UNC-CH,UNC Chapel Hill,professor,121077.0
UNC-CH,UNC Chapel Hill,professor,206898.0
UNC-CH,UNC Chapel Hill,professor,148559.0
UNC-CH,UNC Chapel Hill,professor,333829.2
UNC-CH,UNC Chapel Hill,professor,266306.0
UNC-CH,UNC Chapel Hill,professor,234053.0
UNC-CH,UNC Chapel Hill,associate_professor,325000.0
UNC-CH,UNC Chapel Hill,professor,140250.0
UNC-CH,UNC Chapel Hill,professor,203461.0
UNC-CH,UNC Chapel Hill,professor,68609.0
UNC-CH,UNC Chapel Hill,professor,325012.0
UNC-CH,UNC Chapel Hill,associate_professor,171342.0
UNC-CH,UNC Chapel Hill,professor,76912.0
UNC-CH,UNC Chapel Hill,professor,144451.0
UNC-CH,UNC Chapel Hill,assistant_professor,124612.0
UNC-CH,UNC Chapel Hill,professor,149549.0
UNC-CH,UNC Chapel Hill,assistant_professor,120997.0
UNC-CH,UNC Chapel Hill,professor,463616.0
UNC-CH,UNC Chapel Hill,professor,172170.0
UNC-CH,UNC Chapel Hill,professor,123700.0
UNC-CH,UNC Chapel Hill,professor,141499.0
UNC-CH,UNC Chapel Hill,professor,119363.0
UNC-CH,UNC Chapel Hill,associate_professor,178848.5
UNC-CH,UNC Chapel Hill,assistant_professor,100000.0
UNC-CH,UNC Chapel Hill,associate_professor,97103.0
UNC-CH,UNC Chapel Hill,assistant_professor,71889.0
UNC-CH,UNC Chapel Hill,associate_professor,97303.0
UNC-CH,UNC Chapel Hill,assistant_professor,110000.0
UNC-CH,UNC Chapel Hill,associate_professor,178414.0
UNC-CH,UNC Chapel Hill,professor,38750.0
UNC-CH,UNC Chapel Hill,lecturer,59237.0
UNC-CH,UNC Chapel Hill,assistant_professor,240000.0
UNC-CH,UNC Chapel Hill,lecturer,95000.0
UNC-CH,UNC Chapel Hill,associate_professor,400881.0
UNC-CH,UNC Chapel Hill,assistant_professor,67037.0
UNC-CH,UNC Chapel Hill,professor,242488.0
UNC-CH,UNC Chapel Hill,assistant_professor,52000.0
UNC-CH,UNC Chapel Hill,assistant_professor,55702.0
UNC-CH,UNC Chapel Hill,assistant_professor,86000.0
UNC-CH,UNC Chapel Hill,assistant_professor,53000.0
UNC-CH,UNC Chapel Hill,professor,137394.0
UNC-CH,UNC Chapel Hill,professor,550000.0
UNC-CH,UNC Chapel Hill,professor,165883.0
UNC-CH,UNC Chapel Hill,associate_professor,136578.0
UNC-CH,UNC Chapel Hill,lecturer,214861.0
UNC-CH,UNC Chapel Hill,assistant_professor,305000.0
UNC-CH,UNC Chapel Hill,administrator,215000.0
UNC-CH,UNC Chapel Hill,assistant_professor,232804.0
UNC-CH,UNC Chapel Hill,assistant_professor,398979.0
UNC-CH,UNC Chapel Hill,assistant_professor,200518.0
UNC-CH,UNC Chapel Hill,associate_professor,179666.0
UNC-CH,UNC Chapel Hill,professor,225885.0
UNC-CH,UNC Chapel Hill,associate_professor,296580.0
UNC-CH,UNC Chapel Hill,assistant_professor,88658.0
UNC-CH,UNC Chapel Hill,associate_professor,198667.0
UNC-CH,UNC Chapel Hill,assistant_professor,165000.0
UNC-CH,UNC Chapel Hill,assistant_professor,205607.0
UNC-CH,UNC Chapel Hill,assistant_professor,102000.0
UNC-CH,UNC Chapel Hill,assistant_professor,175000.0
UNC-CH,UNC Chapel Hill,assistant_professor,120000.0
UNC-CH,UNC Chapel Hill,assistant_professor,192258.0
UNC-CH,UNC Chapel Hill,lecturer,61285.0
UNC-CH,UNC Chapel Hill,assistant_professor,270000.0
UNC-CH,UNC Chapel Hill,assistant_professor,271414.0
UNC-CH,UNC Chapel Hill,assistant_professor,86000.0
UNC-CH,UNC Chapel Hill,assistant_professor,138787.0
UNC-CH,UNC Chapel Hill,associate_professor,100385.0
UNC-CH,UNC Chapel Hill,professor,201000.0
UNC-CH,UNC Chapel Hill,associate_professor,82516.0
UNC-CH,UNC Chapel Hill,professor,157488.0
UNC-CH,UNC Chapel Hill,associate_professor,98975.0
UNC-CH,UNC Chapel Hill,associate_professor,187764.0
UNC-CH,UNC Chapel Hill,associate_professor,255000.0
UNC-CH,UNC Chapel Hill,professor,170092.0
UNC-CH,UNC Chapel Hill,professor,111374.0
UNC-CH,UNC Chapel Hill,associate_professor,114017.0
UNC-CH,UNC Chapel Hill,professor,120494.0
UNC-CH,UNC Chapel Hill,professor,202682.0
UNC-CH,UNC Chapel Hill,professor,321141.0
UNC-CH,UNC Chapel Hill,professor,208080.0
UNC-CH,UNC Chapel Hill,professor,318000.0
UNC-CH,UNC Chapel Hill,professor,69888.0
UNC-CH,UNC Chapel Hill,professor,269943.0
UNC-CH,UNC Chapel Hill,associate_professor,347665.0
UNC-CH,UNC Chapel Hill,professor,270000.0
UNC-CH,UNC Chapel Hill,professor,142412.0
UNC-CH,UNC Chapel Hill,professor,110244.0
UNC-CH,UNC Chapel Hill,professor,364748.0
UNC-CH,UNC Chapel Hill,professor,172290.0
UNC-CH,UNC Chapel Hill,professor,255000.0
UNC-CH,UNC Chapel Hill,professor,134578.0
UNC-CH,UNC Chapel Hill,associate_professor,100779.0
UNC-CH,UNC Chapel Hill,professor,177749.0
UNC-CH,UNC Chapel Hill,professor,113603.0
UNC-CH,UNC Chapel Hill,professor,159868.0
UNC-CH,UNC Chapel Hill,professor,124069.0
UNC-CH,UNC Chapel Hill,professor,309306.35
UNC-CH,UNC Chapel Hill,assistant_professor,206170.0
UNC-CH,UNC Chapel Hill,professor,152495.0
UNC-CH,UNC Chapel Hill,associate_professor,60774.0
UNC-CH,UNC Chapel Hill,associate_professor,111331.0
UNC-CH,UNC Chapel Hill,professor,194615.0
UNC-CH,UNC Chapel Hill,lecturer,95383.6
UNC-CH,UNC Chapel Hill,professor,119902.0
UNC-CH,UNC Chapel Hill,associate_professor,64555.0
UNC-CH,UNC Chapel Hill,associate_professor,164800.0
UNC-CH,UNC Chapel Hill,professor,335000.0
UNC-CH,UNC Chapel Hill,associate_professor,244089.0
UNC-CH,UNC Chapel Hill,associate_professor,94554.0
UNC-CH,UNC Chapel Hill,assistant_professor,95979.0
UNC-CH,UNC Chapel Hill,professor,142369.0
UNC-CH,UNC Chapel Hill,assistant_professor,153672.0
UNC-CH,UNC Chapel Hill,associate_professor,126841.0
UNC-CH,UNC Chapel Hill,administrator,208057.0
UNC-CH,UNC Chapel Hill,professor,145693.0
UNC-CH,UNC Chapel Hill,assistant_professor,134607.0
UNC-CH,UNC Chapel Hill,lecturer,79300.0
UNC-CH,UNC Chapel Hill,associate_professor,80485.0
UNC-CH,UNC Chapel Hill,professor,159824.0
UNC-CH,UNC Chapel Hill,professor,88821.0
UNC-CH,UNC Chapel Hill,professor,128619.0
UNC-CH,UNC Chapel Hill,professor,254570.28
UNC-CH,UNC Chapel Hill,professor,132408.0
UNC-CH,UNC Chapel Hill,professor,289000.0
UNC-CH,UNC Chapel Hill,professor,169141.0
UNC-CH,UNC Chapel Hill,professor,116260.0
UNC-CH,UNC Chapel Hill,associate_professor,160000.0
UNC-CH,UNC Chapel Hill,associate_professor,136000.0
UNC-CH,UNC Chapel Hill,professor,184837.0
UNC-CH,UNC Chapel Hill,associate_professor,174664.0
UNC-CH,UNC Chapel Hill,assistant_professor,80000.0
UNC-CH,UNC Chapel Hill,assistant_professor,105000.0
UNC-CH,UNC Chapel Hill,associate_professor,175000.0
UNC-CH,UNC Chapel Hill,assistant_professor,85000.0
UNC-CH,UNC Chapel Hill,assistant_professor,862424.0
UNC-CH,UNC Chapel Hill,associate_professor,160680.0
UNC-CH,UNC Chapel Hill,assistant_professor,212180.0
UNC-CH,UNC Chapel Hill,associate_professor,255000.0
UNC-CH,UNC Chapel Hill,administrator,350818.0
UNC-CH,UNC Chapel Hill,professor,141503.0
UNC-CH,UNC Chapel Hill,assistant_professor,140848.0
UNC-CH,UNC Chapel Hill,lecturer,85000.0
UNC-CH,UNC Chapel Hill,lecturer,127187.0
UNC-CH,UNC Chapel Hill,assistant_professor,92452.8
UNC-CH,UNC Chapel Hill,assistant_professor,66950.0
UNC-CH,UNC Chapel Hill,assistant_professor,67515.0
UNC-CH,UNC Chapel Hill,associate_professor,135660.0
UNC-CH,UNC Chapel Hill,assistant_professor,170000.0
UNC-CH,UNC Chapel Hill,assistant_professor,108000.0
UNC-CH,UNC Chapel Hill,assistant_professor,84615.0
UNC-CH,UNC Chapel Hill,assistant_professor,101764.0
UNC-CH,UNC Chapel Hill,associate_professor,131237.0
UNC-CH,UNC Chapel Hill,assistant_professor,88000.0
UNC-CH,UNC Chapel Hill,administrator,193079.0
UNC-CH,UNC Chapel Hill,assistant_professor,98400.0
UNC-CH,UNC Chapel Hill,assistant_professor,113300.0
UNC-CH,UNC Chapel Hill,professor,130000.0
UNC-CH,UNC Chapel Hill,assistant_professor,113516.0
UNC-CH,UNC Chapel Hill,associate_professor,315000.0
UNC-CH,UNC Chapel Hill,assistant_professor,282000.0
UNC-CH,UNC Chapel Hill,assistant_professor,222789.0
UNC-CH,UNC Chapel Hill,assistant_professor,80000.0
UNC-CH,UNC Chapel Hill,associate_professor,60345.0
UNC-CH,UNC Chapel Hill,associate_professor,81905.0
UNC-CH,UNC Chapel Hill,assistant_professor,107120.0
UNC-CH,UNC Chapel Hill,professor,335000.0
UNC-CH,UNC Chapel Hill,professor,89588.0
UNC-CH,UNC Chapel Hill,assistant_professor,660000.0
UNC-CH,UNC Chapel Hill,associate_professor,201900.0
UNC-CH,UNC Chapel Hill,associate_professor,82304.0
UNC-CH,UNC Chapel Hill,assistant_professor,344938.0
UNC-CH,UNC Chapel Hill,lecturer,89000.0
UNC-CH,UNC Chapel Hill,associate_professor,108262.0
UNC-CH,UNC Chapel Hill,assistant_professor,82400.0
UNC-CH,UNC Chapel Hill,assistant_professor,232804.0
UNC-CH,UNC Chapel Hill,assistant_professor,97500.0
UNC-CH,UNC Chapel Hill,assistant_professor,120962.0
UNC-CH,UNC Chapel Hill,assistant_professor,77464.0
UNC-CH,UNC Chapel Hill,administrator,332184.0
UNC-CH,UNC Chapel Hill,associate_professor,120000.0
UNC-CH,UNC Chapel Hill,lecturer,67692.0
UNC-CH,UNC Chapel Hill,associate_professor,315000.0
UNC-CH,UNC Chapel Hill,associate_professor,398215.0
UNC-CH,UNC Chapel Hill,assistant_professor,181000.0
UNC-CH,UNC Chapel Hill,associate_professor,190855.0
UNC-CH,UNC Chapel Hill,lecturer,85564.7
UNC-CH,UNC Chapel Hill,assistant_professor,121500.0
UNC-CH,UNC Chapel Hill,lecturer,77463.0
UNC-CH,UNC Chapel Hill,associate_professor,226213.0
UNC-CH,UNC Chapel Hill,associate_professor,160173.0
UNC-CH,UNC Chapel Hill,associate_professor,200000.0
UNC-CH,UNC Chapel Hill,administrator,443477.0
UNC-CH,UNC Chapel Hill,assistant_professor,128100.0
UNC-CH,UNC Chapel Hill,professor,215000.0
UNC-CH,UNC Chapel Hill,assistant_professor,132600.0
UNC-CH,UNC Chapel Hill,assistant_professor,74283.0
UNC-CH,UNC Chapel Hill,assistant_professor,172800.0
UNC-CH,UNC Chapel Hill,associate_professor,235000.0
UNC-CH,UNC Chapel Hill,assistant_professor,282000.0
UNC-CH,UNC Chapel Hill,associate_professor,370000.0
UNC-CH,UNC Chapel Hill,professor,170243.0
UNC-CH,UNC Chapel Hill,assistant_professor,93500.0
UNC-CH,UNC Chapel Hill,associate_professor,189000.0
UNC-CH,UNC Chapel Hill,assistant_professor,107000.0
UNC-CH,UNC Chapel Hill,lecturer,61285.0
UNC-CH,UNC Chapel Hill,assistant_professor,308600.0
UNC-CH,UNC Chapel Hill,professor,120631.0
UNC-CH,UNC Chapel Hill,assistant_professor,62000.0
UNC-CH,UNC Chapel Hill,assistant_professor,115360.0
UNC-CH,UNC Chapel Hill,assistant_professor,84000.0
UNC-CH,UNC Chapel Hill,professor,199757.0
UNC-CH,UNC Chapel Hill,professor,235377.0
UNC-CH,UNC Chapel Hill,associate_professor,111836.0
UNC-CH,UNC Chapel Hill,assistant_professor,79825.0
UNC-CH,UNC Chapel Hill,assistant_professor,52000.0
UNC-CH,UNC Chapel Hill,assistant_professor,80326.7
UNC-CH,UNC Chapel Hill,assistant_professor,226819.89
UNC-CH,UNC Chapel Hill,assistant_professor,235000.0
UNC-CH,UNC Chapel Hill,associate_professor,400000.0
UNC-CH,UNC Chapel Hill,assistant_professor,166222.0
UNC-CH,UNC Chapel Hill,associate_professor,183846.0
UNC-CH,UNC Chapel Hill,professor,250000.0
UNC-CH,UNC Chapel Hill,professor,144200.0
UNC-CH,UNC Chapel Hill,assistant_professor,92123.0
UNC-CH,UNC Chapel Hill,assistant_professor,234566.0
UNC-CH,UNC Chapel Hill,assistant_professor,120331.0
UNC-CH,UNC Chapel Hill,associate_professor,154186.0
UNC-CH,UNC Chapel Hill,assistant_professor,187500.0
UNC-CH,UNC Chapel Hill,assistant_professor,350000.0
UNC-CH,UNC Chapel Hill,associate_professor,94211.0
UNC-CH,UNC Chapel Hill,assistant_professor,127188.0
UNC-CH,UNC Chapel Hill,lecturer,134000.0
UNC-CH,UNC Chapel Hill,assistant_professor,162000.0
UNC-CH,UNC Chapel Hill,assistant_professor,242421.0
UNC-CH,UNC Chapel Hill,associate_professor,180600.0
UNC-CH,UNC Chapel Hill,associate_professor,315000.0
UNC-CH,UNC Chapel Hill,assistant_professor,250278.0
UNC-CH,UNC Chapel Hill,professor,272363.0
UNC-CH,UNC Chapel Hill,lecturer,79300.0
UNC-CH,UNC Chapel Hill,assistant_professor,130000.0
UNC-CH,UNC Chapel Hill,assistant_professor,182500.0
UNC-CH,UNC Chapel Hill,assistant_professor,96441.0
UNC-CH,UNC Chapel Hill,professor,247053.0
UNC-CH,UNC Chapel Hill,assistant_professor,234566.0
UNC-CH,UNC Chapel Hill,assistant_professor,84000.0
UNC-CH,UNC Chapel Hill,assistant_professor,73173.0
UNC-CH,UNC Chapel Hill,assistant_professor,100940.0
UNC-CH,UNC Chapel Hill,lecturer,81906.0
UNC-CH,UNC Chapel Hill,associate_professor,205000.0
UNC-CH,UNC Chapel Hill,assistant_professor,220000.0
UNC-CH,UNC Chapel Hill,lecturer,72100.0
UNC-CH,UNC Chapel Hill,professor,217652.0
UNC-CH,UNC Chapel Hill,assistant_professor,103373.0
UNC-CH,UNC Chapel Hill,professor,112500.0
UNC-CH,UNC Chapel Hill,associate_professor,187300.0
UNC-CH,UNC Chapel Hill,assistant_professor,345212.0
UNC-CH,UNC Chapel Hill,assistant_professor,350000.0
UNC-CH,UNC Chapel Hill,professor,333829.0
UNC-CH,UNC Chapel Hill,associate_professor,432622.0
UNC-CH,UNC Chapel Hill,assistant_professor,79299.0
UNC-CH,UNC Chapel Hill,assistant_professor,234566.0
UNC-CH,UNC Chapel Hill,lecturer,100000.0
UNC-CH,UNC Chapel Hill,associate_professor,115593.0
UNC-CH,UNC Chapel Hill,assistant_professor,200000.0
UNC-CH,UNC Chapel Hill,assistant_professor,198172.0
UNC-CH,UNC Chapel Hill,professor,133544.0
UNC-CH,UNC Chapel Hill,assistant_professor,98843.0
UNC-CH,UNC Chapel Hill,lecturer,87150.7
UNC-CH,UNC Chapel Hill,associate_professor,170739.0
UNC-CH,UNC Chapel Hill,associate_professor,228350.0
UNC-CH,UNC Chapel Hill,professor,318863.0
UNC-CH,UNC Chapel Hill,associate_professor,150000.0
UNC-CH,UNC Chapel Hill,assistant_professor,141415.0
UNC-CH,UNC Chapel Hill,lecturer,84281.0
UNC-CH,UNC Chapel Hill,assistant_professor,197000.0
UNC-CH,UNC Chapel Hill,associate_professor,114999.52
UNC-CH,UNC Chapel Hill,associate_professor,129200.0
UNC-CH,UNC Chapel Hill,associate_professor,106249.0
UNC-CH,UNC Chapel Hill,assistant_professor,119974.0
UNC-CH,UNC Chapel Hill,assistant_professor,90000.0
UNC-CH,UNC Chapel Hill,associate_professor,229429.0
UNC-CH,UNC Chapel Hill,assistant_professor,125000.0
UNC-CH,UNC Chapel Hill,professor,166373.0
UNC-CH,UNC Chapel Hill,assistant_professor,80340.0
UNC-CH,UNC Chapel Hill,associate_professor,99576.0
UNC-CH,UNC Chapel Hill,professor,247725.0
UNC-CH,UNC Chapel Hill,professor,259602.0
UNC-CH,UNC Chapel Hill,professor,147657.0
UNC-CH,UNC Chapel Hill,professor,213512.0
UNC-CH,UNC Chapel Hill,professor,169987.0
UNC-CH,UNC Chapel Hill,professor,470000.0
UNC-CH,UNC Chapel Hill,associate_professor,400881.0
UNC-CH,UNC Chapel Hill,associate_professor,129200.0
UNC-CH,UNC Chapel Hill,professor,231300.0
UNC-CH,UNC Chapel Hill,professor,111437.0
UNC-CH,UNC Chapel Hill,professor,489268.0
UNC-CH,UNC Chapel Hill,professor,144900.0
UNC-CH,UNC Chapel Hill,assistant_professor,108150.0
UNC-CH,UNC Chapel Hill,assistant_professor,107120.0
UNC-CH,UNC Chapel Hill,professor,130941.0
UNC-CH,UNC Chapel Hill,assistant_professor,87000.0
UNC-CH,UNC Chapel Hill,lecturer,72100.0
UNC-CH,UNC Chapel Hill,assistant_professor,344938.0
UNC-CH,UNC Chapel Hill,assistant_professor,103000.0
UNC-CH,UNC Chapel Hill,associate_professor,239166.0
UNC-CH,UNC Chapel Hill,assistant_professor,125000.0
UNC-CH,UNC Chapel Hill,assistant_professor,130810.0
UNC-CH,UNC Chapel Hill,professor,524610.0
UNC-CH,UNC Chapel Hill,associate_professor,138373.0
UNC-CH,UNC Chapel Hill,assistant_professor,215000.0
UNC-CH,UNC Chapel Hill,lecturer,65000.0
UNC-CH,UNC Chapel Hill,assistant_professor,206316.0
UNC-CH,UNC Chapel Hill,administrator,200000.0
UNC-CH,UNC Chapel Hill,assistant_professor,67515.0
UNC-CH,UNC Chapel Hill,assistant_professor,103000.0
UNC-CH,UNC Chapel Hill,assistant_professor,220774.0
UNC-CH,UNC Chapel Hill,assistant_professor,203277.0
UNC-CH,UNC Chapel Hill,lecturer,61285.0
UNC-CH,UNC Chapel Hill,assistant_professor,87272.73
UNC-CH,UNC Chapel Hill,lecturer,136053.0
UNC-CH,UNC Chapel Hill,assistant_professor,162693.0
UNC-CH,UNC Chapel Hill,assistant_professor,56000.0
UNC-CH,UNC Chapel Hill,associate_professor,195000.0
UNC-CH,UNC Chapel Hill,professor,253800.0
UNC-CH,UNC Chapel Hill,assistant_professor,158500.0
UNC-CH,UNC Chapel Hill,assistant_professor,104551.0
UNC-CH,UNC Chapel Hill,professor,127082.0
UNC-CH,UNC Chapel Hill,professor,172930.0
UNC-CH,UNC Chapel Hill,professor,452771.0
UNC-CH,UNC Chapel Hill,associate_professor,250500.0
UNC-CH,UNC Chapel Hill,professor,127388.0
UNC-CH,UNC Chapel Hill,professor,289798.0
UNC-CH,UNC Chapel Hill,associate_professor,377698.0
UNC-CH,UNC Chapel Hill,associate_professor,133079.0
UNC-CH,UNC Chapel Hill,associate_professor,310000.04
UNC-CH,UNC Chapel Hill,assistant_professor,200518.0
UNC-CH,UNC Chapel Hill,associate_professor,126690.0
UNC-CH,UNC Chapel Hill,professor,179200.0
UNC-CH,UNC Chapel Hill,associate_professor,159650.0
UNC-CH,UNC Chapel Hill,associate_professor,102085.0
UNC-CH,UNC Chapel Hill,professor,125568.0
UNC-CH,UNC Chapel Hill,professor,172498.0
UNC-CH,UNC Chapel Hill,associate_professor,483129.32
UNC-CH,UNC Chapel Hill,professor,74564.0
UNC-CH,UNC Chapel Hill,professor,210782.0
UNC-CH,UNC Chapel Hill,professor,164317.0
UNC-CH,UNC Chapel Hill,associate_professor,137227.0
UNC-CH,UNC Chapel Hill,assistant_professor,200518.0
UNC-CH,UNC Chapel Hill,associate_professor,240000.0
UNC-CH,UNC Chapel Hill,assistant_professor,104000.0
UNC-CH,UNC Chapel Hill,associate_professor,226364.0
UNC-CH,UNC Chapel Hill,professor,260100.0
UNC-CH,UNC Chapel Hill,professor,260100.0
UNC-CH,UNC Chapel Hill,professor,260100.0
UNC-CH,UNC Chapel Hill,associate_professor,154500.0
UNC-CH,UNC Chapel Hill,lecturer,150000.0
UNC-CH,UNC Chapel Hill,professor,151709.0
UNC-CH,UNC Chapel Hill,assistant_professor,72100.0
UNC-CH,UNC Chapel Hill,assistant_professor,64968.0
UNC-CH,UNC Chapel Hill,assistant_professor,133000.0
UNC-CH,UNC Chapel Hill,assistant_professor,105697.0
UNC-CH,UNC Chapel Hill,assistant_professor,125000.0
UNC-CH,UNC Chapel Hill,associate_professor,113625.0
UNC-CH,UNC Chapel Hill,associate_professor,141291.0
UNC-CH,UNC Chapel Hill,assistant_professor,104000.0
UNC-CH,UNC Chapel Hill,assistant_professor,84500.0
UNC-CH,UNC Chapel Hill,assistant_professor,99639.0
UNC-CH,UNC Chapel Hill,assistant_professor,120000.0
UNC-CH,UNC Chapel Hill,assistant_professor,130120.0
UNC-CH,UNC Chapel Hill,assistant_professor,74052.0
UNC-CH,UNC Chapel Hill,lecturer,82010.0
UNC-CH,UNC Chapel Hill,associate_professor,111596.0
UNC-CH,UNC Chapel Hill,associate_professor,312192.0
UNC-CH,UNC Chapel Hill,assistant_professor,145000.0
UNC-CH,UNC Chapel Hill,assistant_professor,89500.0
UNC-CH,UNC Chapel Hill,professor,289784.0
UNC-CH,UNC Chapel Hill,professor,204196.0
UNC-CH,UNC Chapel Hill,associate_professor,77724.0
UNC-CH,UNC Chapel Hill,administrator,215946.0
UNC-CH,UNC Chapel Hill,professor,237239.53
UNC-CH,UNC Chapel Hill,assistant_professor,71511.0
UNC-CH,UNC Chapel Hill,lecturer,66300.0
UNC-CH,UNC Chapel Hill,assistant_professor,153858.0
UNC-CH,UNC Chapel Hill,assistant_professor,86005.0
UNC-CH,UNC Chapel Hill,associate_professor,183791.16
UNC-CH,UNC Chapel Hill,assistant_professor,398979.0
UNC-CH,UNC Chapel Hill,associate_professor,432622.0
UNC-CH,UNC Chapel Hill,professor,420000.0
UNC-CH,UNC Chapel Hill,assistant_professor,55692.0
UNCA,UNC Asheville,associate_professor,81876.0
UNCA,UNC Asheville,assistant_professor,67465.0
UNCA,UNC Asheville,professor,96867.0
UNCA,UNC Asheville,administrator,117832.0
UNCA,UNC Asheville,associate_professor,81542.0
UNCA,UNC Asheville,professor,69813.0
UNCA,UNC Asheville,professor,90306.0
UNCA,UNC Asheville,professor,83856.0
UNCA,UNC Asheville,associate_professor,80056.0
UNCA,UNC Asheville,associate_professor,76859.0
UNCA,UNC Asheville,assistant_professor,111762.0
UNCA,UNC Asheville,associate_professor,106156.0
UNCA,UNC Asheville,associate_professor,82513.0
UNCA,UNC Asheville,associate_professor,85184.0
UNCA,UNC Asheville,professor,85247.0
UNCA,UNC Asheville,associate_professor,84110.0
UNCA,UNC Asheville,associate_professor,85615.0
UNCA,UNC Asheville,assistant_professor,69810.0
UNCA,UNC Asheville,professor,84036.0
UNCA,UNC Asheville,professor,115913.0
UNCA,UNC Asheville,professor,122785.0
UNCA,UNC Asheville,assistant_professor,76739.0
UNCA,UNC Asheville,lecturer,64272.0
UNCA,UNC Asheville,lecturer,58710.0
UNCA,UNC Asheville,professor,102050.0
UNCA,UNC Asheville,lecturer,50832.0
UNCA,UNC Asheville,assistant_professor,69000.0
UNCA,UNC Asheville,assistant_professor,81555.0
UNCA,UNC Asheville,professor,91078.0
UNCA,UNC Asheville,associate_professor,124509.0
UNCA,UNC Asheville,assistant_professor,73645.0
UNCA,UNC Asheville,professor,100797.0
UNCA,UNC Asheville,associate_professor,93054.0
UNCA,UNC Asheville,lecturer,59094.0
UNCA,UNC Asheville,lecturer,62000.0
UNCA,UNC Asheville,associate_professor,97147.0
UNCA,UNC Asheville,administrator,153000.0
UNCA,UNC Asheville,assistant_professor,72100.0
UNCA,UNC Asheville,lecturer,58916.0
UNCA,UNC Asheville,professor,85593.0
UNCA,UNC Asheville,professor,92801.0
UNCA,UNC Asheville,associate_professor,76859.0
UNCA,UNC Asheville,associate_professor,79782.0
UNCA,UNC Asheville,professor,96373.0
UNCA,UNC Asheville,lecturer,58916.0
UNCA,UNC Asheville,lecturer,70000.0
UNCA,UNC Asheville,professor,87596.0
UNCA,UNC Asheville,lecturer,50740.0
UNCA,UNC Asheville,assistant_professor,79626.0
UNCA,UNC Asheville,professor,96867.0
UNCA,UNC Asheville,assistant_professor,80730.0
UNCA,UNC Asheville,professor,91668.0
UNCA,UNC Asheville,administrator,129920.0
UNCA,UNC Asheville,professor,90458.0
UNCA,UNC Asheville,assistant_professor,77515.0
UNCA,UNC Asheville,assistant_professor,77250.0
UNCA,UNC Asheville,professor,93689.0
UNCA,UNC Asheville,lecturer,61000.0
UNCA,UNC Asheville,lecturer,64272.0
UNCA,UNC Asheville,professor,144458.0
UNCA,UNC Asheville,professor,89133.0
UNCA,UNC Asheville,professor,97667.0
UNCA,UNC Asheville,lecturer,69631.0
UNCA,UNC Asheville,lecturer,58779.0
UNCA,UNC Asheville,associate_professor,87226.0
UNCA,UNC Asheville,professor,84874.0
UNCA,UNC Asheville,assistant_professor,75167.0
UNCA,UNC Asheville,assistant_professor,71235.0
UNCA,UNC Asheville,professor,91158.0
UNCA,UNC Asheville,professor,90990.0
UNCA,UNC Asheville,professor,99975.0
UNCA,UNC Asheville,assistant_professor,105884.0
UNCA,UNC Asheville,lecturer,68185.0
UNCA,UNC Asheville,professor,101013.0
UNCA,UNC Asheville,professor,103765.0
UNCA,UNC Asheville,lecturer,65835.0
UNCA,UNC Asheville,assistant_professor,79546.0
UNCA,UNC Asheville,professor,77145.0
UNCA,UNC Asheville,professor,118000.0
UNCA,UNC Asheville,lecturer,70000.0
UNCA,UNC Asheville,lecturer,51138.0
UNCA,UNC Asheville,professor,94780.0
UNCA,UNC Asheville,lecturer,65767.0
UNCA,UNC Asheville,assistant_professor,79747.0
UNCA,UNC Asheville,assistant_professor,77402.0
UNCA,UNC Asheville,lecturer,51138.0
UNCA,UNC Asheville,lecturer,51138.0
UNCA,UNC Asheville,associate_professor,92881.0
UNCA,UNC Asheville,professor,86135.0
UNCA,UNC Asheville,assistant_professor,77669.0
UNCA,UNC Asheville,lecturer,50000.0
UNCA,UNC Asheville,professor,93586.0
UNCA,UNC Asheville,professor,91061.0
UNCA,UNC Asheville,associate_professor,85055.0
UNCA,UNC Asheville,assistant_professor,75190.0
UNCA,UNC Asheville,lecturer,66739.0
UNCA,UNC Asheville,assistant_professor,90000.0
UNCA,UNC Asheville,associate_professor,81544.0
UNCA,UNC Asheville,lecturer,65220.0
UNCA,UNC Asheville,associate_professor,82513.0
UNCA,UNC Asheville,professor,82807.0
UNCA,UNC Asheville,administrator,160000.0
UNCA,UNC Asheville,administrator,141351.0
UNCA,UNC Asheville,assistant_professor,76012.0
UNCA,UNC Asheville,professor,90659.0
UNCA,UNC Asheville,associate_professor,80143.0
UNCA,UNC Asheville,associate_professor,111823.0
UNCA,UNC Asheville,professor,92473.0
UNCA,UNC Asheville,administrator,100847.0
UNCA,UNC Asheville,professor,96493.0
UNCA,UNC Asheville,assistant_professor,78211.0
UNCA,UNC Asheville,associate_professor,99326.0
UNCA,UNC Asheville,lecturer,72100.0
UNCA,UNC Asheville,assistant_professor,72000.0
UNCA,UNC Asheville,assistant_professor,70555.0
UNCA,UNC Asheville,associate_professor,123780.0
UNCA,UNC Asheville,assistant_professor,70555.0
UNCA,UNC Asheville,lecturer,51096.0
UNCA,UNC Asheville,lecturer,56650.0
UNCA,UNC Asheville,associate_professor,78268.0
UNCA,UNC Asheville,professor,138525.0
UNCA,UNC Asheville,lecturer,50740.0
UNCA,UNC Asheville,lecturer,69962.0
UNCA,UNC Asheville,professor,92007.0
UNCA,UNC Asheville,associate_professor,85522.0
UNCA,UNC Asheville,associate_professor,81986.0
UNCA,UNC Asheville,lecturer,53000.0
UNCA,UNC Asheville,assistant_professor,79663.0
UNCA,UNC Asheville,lecturer,62130.0
UNCA,UNC Asheville,professor,100082.0
UNCA,UNC Asheville,professor,95820.0
UNCA,UNC Asheville,professor,101431.0
UNCA,UNC Asheville,assistant_professor,73000.0
UNCA,UNC Asheville,associate_professor,96422.0
UNCA,UNC Asheville,assistant_professor,71000.0
UNCA,UNC Asheville,assistant_professor,95625.0
UNCA,UNC Asheville,associate_professor,85378.0
UNCA,UNC Asheville,professor,94699.0
UNCA,UNC Asheville,lecturer,65912.0
UNCA,UNC Asheville,professor,102537.0
UNCA,UNC Asheville,associate_professor,90140.0
UNCA,UNC Asheville,professor,96226.0
UNCA,UNC Asheville,professor,95771.0
UNCA,UNC Asheville,assistant_professor,79392.0
UNCA,UNC Asheville,professor,90802.0
UNCA,UNC Asheville,assistant_professor,77910.0
UNCA,UNC Asheville,associate_professor,85105.0
UNCA,UNC Asheville,lecturer,62000.0
UNCA,UNC Asheville,assistant_professor,92888.0
UNCA,UNC Asheville,assistant_professor,70555.0
UNCA,UNC Asheville,associate_professor,77403.0
UNCA,UNC Asheville,associate_professor,95089.0
UNCA,UNC Asheville,lecturer,59129.0
UNCA,UNC Asheville,professor,103153.0
UNCA,UNC Asheville,professor,99920.0
UNCA,UNC Asheville,professor,109158.0
UNCA,UNC Asheville,associate_professor,81525.0
UNCA,UNC Asheville,professor,104861.0
UNCA,UNC Asheville,professor,89999.0
UNCA,UNC Asheville,associate_professor,108134.0
UNCA,UNC Asheville,associate_professor,89075.0
UNCA,UNC Asheville,lecturer,64272.0
UNCA,UNC Asheville,lecturer,72091.0
UNCA,UNC Asheville,lecturer,62000.0
UNCA,UNC Asheville,associate_professor,147359.0
UNCA,UNC Asheville,lecturer,62130.0
UNCA,UNC Asheville,assistant_professor,79852.0
UNCA,UNC Asheville,professor,92366.0
UNCA,UNC Asheville,assistant_professor,74267.0
UNCA,UNC Asheville,associate_professor,86041.0
UNCA,UNC Asheville,lecturer,48019.0
UNCA,UNC Asheville,professor,102043.0
UNCA,UNC Asheville,lecturer,51138.0
UNCA,UNC Asheville,professor,129584.0
UNCA,UNC Asheville,assistant_professor,72298.0
UNCA,UNC Asheville,lecturer,70040.0
UNCA,UNC Asheville,lecturer,54912.0
UNCA,UNC Asheville,associate_professor,86935.0
UNCA,UNC Asheville,professor,98402.0
UNCA,UNC Asheville,associate_professor,87761.0
UNCA,UNC Asheville,lecturer,64272.0
UNCA,UNC Asheville,assistant_professor,94623.0
UNCA,UNC Asheville,assistant_professor,103193.0
UNCA,UNC Asheville,administrator,225000.0
UNCA,UNC Asheville,assistant_professor,88128.0
UNCA,UNC Asheville,professor,95593.0
UNCA,UNC Asheville,lecturer,68514.0
UNCA,UNC Asheville,administrator,145000.0
UNCA,UNC Asheville,assistant_professor,66414.0
UNCA,UNC Asheville,lecturer,62844.0
UNCA,UNC Asheville,lecturer,60666.0
UNCA,UNC Asheville,assistant_professor,95030.0
UNCA,UNC Asheville,lecturer,73638.0
UNCA,UNC Asheville,professor,91749.0
UNCA,UNC Asheville,professor,103037.0
UNCA,UNC Asheville,professor,105789.0
UNCA,UNC Asheville,professor,89721.0
UNCA,UNC Asheville,professor,45769.0
UNCA,UNC Asheville,professor,84724.0
UNCA,UNC Asheville,assistant_professor,72615.0
UNCA,UNC Asheville,administrator,125920.0
UNCA,UNC Asheville,professor,89139.0
UNCA,UNC Asheville,administrator,309000.0
UNCC,UNC Charlotte,assistant_professor,77000.0
UNCC,UNC Charlotte,assistant_professor,69010.0
UNCC,UNC Charlotte,assistant_professor,86000.0
UNCC,UNC Charlotte,associate_professor,91341.0
UNCC,UNC Charlotte,associate_professor,102500.0
UNCC,UNC Charlotte,administrator,185618.0
UNCC,UNC Charlotte,assistant_professor,80500.0
UNCC,UNC Charlotte,assistant_professor,56885.0
UNCC,UNC Charlotte,professor,177391.0
UNCC,UNC Charlotte,assistant_professor,95000.0
UNCC,UNC Charlotte,lecturer,90000.0
UNCC,UNC Charlotte,professor,174680.0
UNCC,UNC Charlotte,lecturer,64377.0
UNCC,UNC Charlotte,professor,120923.0
UNCC,UNC Charlotte,professor,149629.0
UNCC,UNC Charlotte,associate_professor,99605.0
UNCC,UNC Charlotte,assistant_professor,69628.0
UNCC,UNC Charlotte,assistant_professor,109262.0
UNCC,UNC Charlotte,professor,153543.0
UNCC,UNC Charlotte,lecturer,70000.0
UNCC,UNC Charlotte,professor,129618.0
UNCC,UNC Charlotte,assistant_professor,91000.0
UNCC,UNC Charlotte,assistant_professor,63000.0
UNCC,UNC Charlotte,associate_professor,90550.0
UNCC,UNC Charlotte,professor,97012.0
UNCC,UNC Charlotte,professor,75404.0
UNCC,UNC Charlotte,associate_professor,113535.0
UNCC,UNC Charlotte,assistant_professor,94712.0
UNCC,UNC Charlotte,professor,152786.0
UNCC,UNC Charlotte,associate_professor,103266.0
UNCC,UNC Charlotte,professor,102501.0
UNCC,UNC Charlotte,associate_professor,109536.0
UNCC,UNC Charlotte,associate_professor,85693.0
UNCC,UNC Charlotte,associate_professor,127564.0
UNCC,UNC Charlotte,lecturer,65617.0
UNCC,UNC Charlotte,associate_professor,99262.0
UNCC,UNC Charlotte,professor,251366.0
UNCC,UNC Charlotte,professor,98645.0
UNCC,UNC Charlotte,professor,147456.0
UNCC,UNC Charlotte,associate_professor,91477.0
UNCC,UNC Charlotte,professor,104238.0
UNCC,UNC Charlotte,lecturer,70167.0
UNCC,UNC Charlotte,professor,127011.0
UNCC,UNC Charlotte,associate_professor,71467.0
UNCC,UNC Charlotte,associate_professor,111091.0
UNCC,UNC Charlotte,associate_professor,89507.0
UNCC,UNC Charlotte,professor,116795.0
UNCC,UNC Charlotte,professor,131314.0
UNCC,UNC Charlotte,assistant_professor,88580.0
UNCC,UNC Charlotte,assistant_professor,83018.0
UNCC,UNC Charlotte,associate_professor,102602.0
UNCC,UNC Charlotte,associate_professor,115685.0
UNCC,UNC Charlotte,assistant_professor,67000.0
UNCC,UNC Charlotte,lecturer,65607.0
UNCC,UNC Charlotte,professor,99114.0
UNCC,UNC Charlotte,associate_professor,115000.0
UNCC,UNC Charlotte,lecturer,61916.0
UNCC,UNC Charlotte,professor,217436.0
UNCC,UNC Charlotte,lecturer,57680.0
UNCC,UNC Charlotte,professor,195893.0
UNCC,UNC Charlotte,associate_professor,112293.0
UNCC,UNC Charlotte,professor,125000.0
UNCC,UNC Charlotte,lecturer,73866.0
UNCC,UNC Charlotte,assistant_professor,63500.0
UNCC,UNC Charlotte,associate_professor,97427.0
UNCC,UNC Charlotte,associate_professor,87592.0
UNCC,UNC Charlotte,lecturer,71628.0
UNCC,UNC Charlotte,associate_professor,78904.0
UNCC,UNC Charlotte,associate_professor,93167.0
UNCC,UNC Charlotte,professor,120000.0
UNCC,UNC Charlotte,assistant_professor,85705.0
UNCC,UNC Charlotte,associate_professor,97297.0
UNCC,UNC Charlotte,lecturer,87000.0
UNCC,UNC Charlotte,assistant_professor,96456.0
UNCC,UNC Charlotte,associate_professor,112758.0
UNCC,UNC Charlotte,assistant_professor,103000.0
UNCC,UNC Charlotte,assistant_professor,105000.0
UNCC,UNC Charlotte,associate_professor,104000.0
UNCC,UNC Charlotte,lecturer,72065.0
UNCC,UNC Charlotte,associate_professor,92864.0
UNCC,UNC Charlotte,assistant_professor,63500.0
UNCC,UNC Charlotte,associate_professor,89732.0
UNCC,UNC Charlotte,associate_professor,71093.0
UNCC,UNC Charlotte,associate_professor,92488.85
UNCC,UNC Charlotte,professor,120626.0
UNCC,UNC Charlotte,professor,141802.0
UNCC,UNC Charlotte,professor,137821.0
UNCC,UNC Charlotte,professor,110869.0
UNCC,UNC Charlotte,assistant_professor,65000.0
UNCC,UNC Charlotte,lecturer,59094.0
UNCC,UNC Charlotte,assistant_professor,82500.0
UNCC,UNC Charlotte,professor,55573.0
UNCC,UNC Charlotte,professor,118450.0
UNCC,UNC Charlotte,associate_professor,46877.0
UNCC,UNC Charlotte,professor,75699.0
UNCC,UNC Charlotte,lecturer,81804.0
UNCC,UNC Charlotte,assistant_professor,99622.0
UNCC,UNC Charlotte,associate_professor,133900.0
UNCC,UNC Charlotte,assistant_professor,81370.0
UNCC,UNC Charlotte,lecturer,73404.0
UNCC,UNC Charlotte,assistant_professor,74180.0
UNCC,UNC Charlotte,professor,301941.0
UNCC,UNC Charlotte,assistant_professor,92700.0
UNCC,UNC Charlotte,lecturer,94819.0
UNCC,UNC Charlotte,professor,106688.0
UNCC,UNC Charlotte,associate_professor,98010.0
UNCC,UNC Charlotte,administrator,250000.0
UNCC,UNC Charlotte,associate_professor,72628.0
UNCC,UNC Charlotte,professor,68223.0
UNCC,UNC Charlotte,professor,163894.0
UNCC,UNC Charlotte,associate_professor,112995.0
UNCC,UNC Charlotte,associate_professor,92472.0
UNCC,UNC Charlotte,associate_professor,93589.0
UNCC,UNC Charlotte,professor,202439.0
UNCC,UNC Charlotte,associate_professor,88861.0
UNCC,UNC Charlotte,associate_professor,93781.0
UNCC,UNC Charlotte,administrator,184950.0
UNCC,UNC Charlotte,associate_professor,149154.0
UNCC,UNC Charlotte,associate_professor,123372.0
UNCC,UNC Charlotte,assistant_professor,75946.0
UNCC,UNC Charlotte,assistant_professor,83458.0
UNCC,UNC Charlotte,professor,121867.0
UNCC,UNC Charlotte,professor,167274.0
UNCC,UNC Charlotte,professor,84360.0
UNCC,UNC Charlotte,assistant_professor,80500.0
UNCC,UNC Charlotte,associate_professor,150162.0
UNCC,UNC Charlotte,associate_professor,87326.0
UNCC,UNC Charlotte,lecturer,33280.0
UNCC,UNC Charlotte,associate_professor,88861.0
UNCC,UNC Charlotte,lecturer,62481.0
UNCC,UNC Charlotte,assistant_professor,233553.0
UNCC,UNC Charlotte,associate_professor,180380.0
UNCC,UNC Charlotte,professor,100647.0
UNCC,UNC Charlotte,administrator,249268.0
UNCC,UNC Charlotte,administrator,365000.0
UNCC,UNC Charlotte,professor,103048.0
UNCC,UNC Charlotte,lecturer,62130.0
UNCC,UNC Charlotte,lecturer,70040.0
UNCC,UNC Charlotte,professor,145012.0
UNCC,UNC Charlotte,assistant_professor,83152.0
UNCC,UNC Charlotte,professor,235000.0
UNCC,UNC Charlotte,associate_professor,88861.0
UNCC,UNC Charlotte,professor,101701.0
UNCC,UNC Charlotte,professor,103639.0
UNCC,UNC Charlotte,assistant_professor,63500.0
UNCC,UNC Charlotte,professor,109422.0
UNCC,UNC Charlotte,assistant_professor,81000.0
UNCC,UNC Charlotte,professor,119002.0
UNCC,UNC Charlotte,associate_professor,78281.0
UNCC,UNC Charlotte,professor,107644.0
UNCC,UNC Charlotte,assistant_professor,86000.0
UNCC,UNC Charlotte,associate_professor,56055.0
UNCC,UNC Charlotte,professor,125831.0
UNCC,UNC Charlotte,administrator,204589.0
UNCC,UNC Charlotte,assistant_professor,99086.0
UNCC,UNC Charlotte,professor,177500.0
UNCC,UNC Charlotte,lecturer,63230.0
UNCC,UNC Charlotte,associate_professor,91299.0
UNCC,UNC Charlotte,assistant_professor,88580.0
UNCC,UNC Charlotte,associate_professor,178659.0
UNCC,UNC Charlotte,professor,136552.0
UNCC,UNC Charlotte,associate_professor,141643.0
UNCC,UNC Charlotte,associate_professor,102297.0
UNCC,UNC Charlotte,associate_professor,88055.0
UNCC,UNC Charlotte,assistant_professor,85000.0
UNCC,UNC Charlotte,assistant_professor,66950.0
UNCC,UNC Charlotte,associate_professor,106376.0
UNCC,UNC Charlotte,professor,136433.0
UNCC,UNC Charlotte,professor,103749.0
UNCC,UNC Charlotte,professor,103997.0
UNCC,UNC Charlotte,assistant_professor,95000.0
UNCC,UNC Charlotte,assistant_professor,194325.0
UNCC,UNC Charlotte,professor,132615.0
UNCC,UNC Charlotte,assistant_professor,103000.0
UNCC,UNC Charlotte,assistant_professor,108862.0
UNCC,UNC Charlotte,assistant_professor,99366.0
UNCC,UNC Charlotte,assistant_professor,100940.0
UNCC,UNC Charlotte,professor,198672.0
UNCC,UNC Charlotte,associate_professor,99305.0
UNCC,UNC Charlotte,administrator,295778.0
UNCC,UNC Charlotte,professor,182997.0
UNCC,UNC Charlotte,associate_professor,115000.0
UNCC,UNC Charlotte,professor,182968.0
UNCC,UNC Charlotte,professor,346731.0
UNCC,UNC Charlotte,assistant_professor,91052.0
UNCC,UNC Charlotte,professor,116693.0
UNCC,UNC Charlotte,lecturer,65053.0
UNCC,UNC Charlotte,lecturer,72842.0
UNCC,UNC Charlotte,professor,93736.0
UNCC,UNC Charlotte,associate_professor,173177.0
UNCC,UNC Charlotte,associate_professor,83970.0
UNCC,UNC Charlotte,professor,106024.0
UNCC,UNC Charlotte,professor,147290.0
UNCC,UNC Charlotte,professor,152408.0
UNCC,UNC Charlotte,professor,83039.0
UNCC,UNC Charlotte,professor,109509.0
UNCC,UNC Charlotte,professor,152702.0
UNCC,UNC Charlotte,lecturer,65002.0
UNCC,UNC Charlotte,associate_professor,94872.0
UNCC,UNC Charlotte,associate_professor,101700.0
UNCC,UNC Charlotte,professor,117256.0
UNCC,UNC Charlotte,associate_professor,98781.0
UNCC,UNC Charlotte,associate_professor,92868.0
UNCC,UNC Charlotte,assistant_professor,66000.0
UNCC,UNC Charlotte,assistant_professor,77689.0
UNCC,UNC Charlotte,assistant_professor,69628.0
UNCC,UNC Charlotte,assistant_professor,73866.0
UNCC,UNC Charlotte,assistant_professor,76000.0
UNCC,UNC Charlotte,associate_professor,79058.0
UNCC,UNC Charlotte,professor,119256.0
UNCC,UNC Charlotte,administrator,316004.0
UNCC,UNC Charlotte,professor,105728.0
UNCC,UNC Charlotte,professor,122354.0
UNCC,UNC Charlotte,associate_professor,90456.0
UNCC,UNC Charlotte,assistant_professor,93727.0
UNCC,UNC Charlotte,lecturer,64000.0
UNCC,UNC Charlotte,professor,72842.0
UNCC,UNC Charlotte,professor,111308.0
UNCC,UNC Charlotte,professor,121138.0
UNCC,UNC Charlotte,professor,100644.0
UNCC,UNC Charlotte,lecturer,100000.0
UNCC,UNC Charlotte,lecturer,70040.0
UNCC,UNC Charlotte,assistant_professor,121046.0
UNCC,UNC Charlotte,assistant_professor,102000.0
UNCC,UNC Charlotte,associate_professor,97753.0
UNCC,UNC Charlotte,assistant_professor,87550.0
UNCC,UNC Charlotte,assistant_professor,63500.0
UNCC,UNC Charlotte,assistant_professor,84000.0
UNCC,UNC Charlotte,professor,102906.0
UNCC,UNC Charlotte,assistant_professor,94239.0
UNCC,UNC Charlotte,lecturer,58916.0
UNCC,UNC Charlotte,professor,107783.0
UNCC,UNC Charlotte,associate_professor,102835.0
UNCC,UNC Charlotte,assistant_professor,107120.0
UNCC,UNC Charlotte,lecturer,61916.0
UNCC,UNC Charlotte,assistant_professor,70000.0
UNCC,UNC Charlotte,professor,114243.0
UNCC,UNC Charlotte,lecturer,106434.0
UNCC,UNC Charlotte,professor,117161.0
UNCC,UNC Charlotte,assistant_professor,66000.0
UNCC,UNC Charlotte,professor,237529.0
UNCC,UNC Charlotte,associate_professor,97374.0
UNCC,UNC Charlotte,assistant_professor,85696.0
UNCC,UNC Charlotte,professor,170854.0
UNCC,UNC Charlotte,associate_professor,100450.0
UNCC,UNC Charlotte,assistant_professor,88000.0
UNCC,UNC Charlotte,associate_professor,107387.0
UNCC,UNC Charlotte,lecturer,69801.0
UNCC,UNC Charlotte,professor,120829.0
UNCC,UNC Charlotte,professor,58130.0
UNCC,UNC Charlotte,assistant_professor,113300.0
UNCC,UNC Charlotte,lecturer,65625.0
UNCC,UNC Charlotte,associate_professor,97242.0
UNCC,UNC Charlotte,lecturer,58916.0
UNCC,UNC Charlotte,assistant_professor,103000.0
UNCC,UNC Charlotte,associate_professor,89864.0
UNCC,UNC Charlotte,administrator,310000.0
UNCC,UNC Charlotte,professor,118922.0
UNCC,UNC Charlotte,associate_professor,130220.0
UNCC,UNC Charlotte,professor,153594.0
UNCC,UNC Charlotte,professor,190394.0
UNCC,UNC Charlotte,professor,109974.0
UNCC,UNC Charlotte,associate_professor,85028.0
UNCC,UNC Charlotte,assistant_professor,86520.0
UNCC,UNC Charlotte,associate_professor,85822.0
UNCC,UNC Charlotte,lecturer,65000.0
UNCC,UNC Charlotte,lecturer,81567.0
UNCC,UNC Charlotte,assistant_professor,76278.0
UNCC,UNC Charlotte,professor,52386.5
UNCC,UNC Charlotte,associate_professor,162500.0
UNCC,UNC Charlotte,lecturer,62130.0
UNCC,UNC Charlotte,lecturer,61916.0
UNCC,UNC Charlotte,professor,106661.0
UNCC,UNC Charlotte,professor,169169.0
UNCC,UNC Charlotte,professor,117469.0
UNCC,UNC Charlotte,lecturer,67469.0
UNCC,UNC Charlotte,associate_professor,110376.0
UNCC,UNC Charlotte,associate_professor,88169.0
UNCC,UNC Charlotte,professor,107440.0
UNCC,UNC Charlotte,professor,127030.0
UNCC,UNC Charlotte,assistant_professor,85000.0
UNCC,UNC Charlotte,professor,134677.0
UNCC,UNC Charlotte,lecturer,58922.0
UNCC,UNC Charlotte,administrator,144797.0
UNCC,UNC Charlotte,assistant_professor,94430.0
UNCC,UNC Charlotte,lecturer,74165.0
UNCC,UNC Charlotte,professor,128165.0
UNCC,UNC Charlotte,associate_professor,167521.0
UNCC,UNC Charlotte,associate_professor,107741.0
UNCC,UNC Charlotte,associate_professor,92635.0
UNCC,UNC Charlotte,assistant_professor,87550.0
UNCC,UNC Charlotte,associate_professor,94497.0
UNCC,UNC Charlotte,associate_professor,99782.0
UNCC,UNC Charlotte,associate_professor,115214.0
UNCC,UNC Charlotte,assistant_professor,80443.0
UNCC,UNC Charlotte,assistant_professor,117832.0
UNCC,UNC Charlotte,associate_professor,117827.0
UNCC,UNC Charlotte,professor,166153.0
UNCC,UNC Charlotte,professor,182072.0
UNCC,UNC Charlotte,associate_professor,140742.0
UNCC,UNC Charlotte,professor,168050.0
UNCC,UNC Charlotte,associate_professor,82153.0
UNCC,UNC Charlotte,assistant_professor,92000.0
UNCC,UNC Charlotte,associate_professor,91060.0
UNCC,UNC Charlotte,associate_professor,69882.0
UNCC,UNC Charlotte,assistant_professor,68021.0
UNCC,UNC Charlotte,professor,118634.0
UNCC,UNC Charlotte,professor,76055.0
UNCC,UNC Charlotte,associate_professor,72977.0
UNCC,UNC Charlotte,assistant_professor,102000.0
UNCC,UNC Charlotte,lecturer,86088.0
UNCC,UNC Charlotte,professor,89761.0
UNCC,UNC Charlotte,lecturer,65627.0
UNCC,UNC Charlotte,lecturer,80000.0
UNCC,UNC Charlotte,associate_professor,86605.0
UNCC,UNC Charlotte,associate_professor,93591.0
UNCC,UNC Charlotte,professor,152278.0
UNCC,UNC Charlotte,associate_professor,98793.0
UNCC,UNC Charlotte,associate_professor,87566.0
UNCC,UNC Charlotte,assistant_professor,85696.0
UNCC,UNC Charlotte,associate_professor,98550.0
UNCC,UNC Charlotte,associate_professor,137687.0
UNCC,UNC Charlotte,lecturer,71000.0
UNCC,UNC Charlotte,lecturer,70425.0
UNCC,UNC Charlotte,lecturer,91052.0
UNCC,UNC Charlotte,assistant_professor,108117.0
UNCC,UNC Charlotte,lecturer,72065.0
UNCC,UNC Charlotte,professor,99188.0
UNCC,UNC Charlotte,lecturer,74743.0
UNCC,UNC Charlotte,associate_professor,86390.0
UNCC,UNC Charlotte,professor,99188.0
UNCC,UNC Charlotte,professor,141190.0
UNCC,UNC Charlotte,professor,98842.0
UNCC,UNC Charlotte,assistant_professor,117832.0
UNCC,UNC Charlotte,professor,75208.0
UNCC,UNC Charlotte,assistant_professor,98470.0
UNCC,UNC Charlotte,administrator,596614.0
UNCC,UNC Charlotte,assistant_professor,87550.0
UNCC,UNC Charlotte,professor,158699.0
UNCC,UNC Charlotte,associate_professor,147232.0
UNCC,UNC Charlotte,associate_professor,147849.0
UNCC,UNC Charlotte,associate_professor,130000.0
UNCC,UNC Charlotte,associate_professor,103325.0
UNCC,UNC Charlotte,associate_professor,88714.0
UNCC,UNC Charlotte,associate_professor,94441.0
UNCC,UNC Charlotte,administrator,265090.0
UNCC,UNC Charlotte,lecturer,102277.0
UNCC,UNC Charlotte,assistant_professor,92700.0
UNCC,UNC Charlotte,assistant_professor,98900.0
UNCC,UNC Charlotte,assistant_professor,73000.0
UNCC,UNC Charlotte,lecturer,80384.0
UNCC,UNC Charlotte,associate_professor,87440.0
UNCC,UNC Charlotte,assistant_professor,113298.0
UNCC,UNC Charlotte,associate_professor,41768.0
UNCC,UNC Charlotte,assistant_professor,92000.0
UNCC,UNC Charlotte,associate_professor,100291.0
UNCC,UNC Charlotte,professor,123280.0
UNCC,UNC Charlotte,assistant_professor,88580.0
UNCC,UNC Charlotte,professor,178597.0
UNCC,UNC Charlotte,associate_professor,93327.0
UNCC,UNC Charlotte,associate_professor,84487.0
UNCC,UNC Charlotte,professor,21972.99
UNCC,UNC Charlotte,professor,78866.0
UNCC,UNC Charlotte,associate_professor,121096.0
UNCC,UNC Charlotte,professor,372080.0
UNCC,UNC Charlotte,professor,116413.0
UNCC,UNC Charlotte,associate_professor,94819.0
UNCC,UNC Charlotte,professor,121017.0
UNCC,UNC Charlotte,lecturer,73866.0
UNCC,UNC Charlotte,assistant_professor,85000.0
UNCC,UNC Charlotte,administrator,141038.0
UNCC,UNC Charlotte,assistant_professor,88374.0
UNCC,UNC Charlotte,professor,136296.0
UNCC,UNC Charlotte,associate_professor,76229.0
UNCC,UNC Charlotte,associate_professor,94733.0
UNCC,UNC Charlotte,professor,100226.0
UNCC,UNC Charlotte,associate_professor,70626.0
UNCC,UNC Charlotte,lecturer,58916.0
UNCC,UNC Charlotte,professor,90913.0
UNCC,UNC Charlotte,assistant_professor,85000.0
UNCC,UNC Charlotte,professor,180026.0
UNCC,UNC Charlotte,assistant_professor,198456.0
UNCC,UNC Charlotte,professor,76055.0
UNCC,UNC Charlotte,lecturer,33280.0
UNCC,UNC Charlotte,lecturer,75000.0
UNCC,UNC Charlotte,assistant_professor,100000.0
UNCC,UNC Charlotte,associate_professor,91846.0
UNCC,UNC Charlotte,professor,238152.0
UNCC,UNC Charlotte,lecturer,58916.0
UNCC,UNC Charlotte,associate_professor,90031.0
UNCC,UNC Charlotte,assistant_professor,71000.0
UNCC,UNC Charlotte,professor,102927.0
UNCC,UNC Charlotte,lecturer,81821.0
UNCC,UNC Charlotte,associate_professor,103430.0
UNCC,UNC Charlotte,professor,158062.0
UNCC,UNC Charlotte,assistant_professor,102000.0
UNCC,UNC Charlotte,lecturer,85000.0
UNCC,UNC Charlotte,professor,105698.0
UNCC,UNC Charlotte,professor,108101.0
UNCC,UNC Charlotte,assistant_professor,90000.0
UNCC,UNC Charlotte,assistant_professor,92500.0
UNCC,UNC Charlotte,professor,77147.0
UNCC,UNC Charlotte,professor,11783.0
UNCC,UNC Charlotte,assistant_professor,82000.0
UNCC,UNC Charlotte,assistant_professor,84625.0
UNCC,UNC Charlotte,professor,170993.0
UNCC,UNC Charlotte,assistant_professor,90000.0
UNCC,UNC Charlotte,associate_professor,94094.0
UNCC,UNC Charlotte,associate_professor,86702.0
UNCC,UNC Charlotte,professor,234189.0
UNCC,UNC Charlotte,lecturer,62502.0
UNCC,UNC Charlotte,associate_professor,90034.0
UNCC,UNC Charlotte,assistant_professor,113300.0
UNCC,UNC Charlotte,professor,145283.0
UNCC,UNC Charlotte,administrator,142897.0
UNCC,UNC Charlotte,associate_professor,105217.0
UNCC,UNC Charlotte,lecturer,59000.0
UNCC,UNC Charlotte,assistant_professor,79269.0
UNCC,UNC Charlotte,professor,273602.0
UNCC,UNC Charlotte,professor,88695.0
UNCC,UNC Charlotte,professor,61658.0
UNCC,UNC Charlotte,assistant_professor,73130.0
UNCC,UNC Charlotte,professor,104917.0
UNCC,UNC Charlotte,assistant_professor,63000.0
UNCC,UNC Charlotte,professor,110551.0
UNCC,UNC Charlotte,lecturer,75423.0
UNCC,UNC Charlotte,assistant_professor,90000.0
UNCC,UNC Charlotte,associate_professor,81539.0
UNCC,UNC Charlotte,professor,125005.0
UNCC,UNC Charlotte,associate_professor,99112.0
UNCC,UNC Charlotte,assistant_professor,70000.0
UNCC,UNC Charlotte,assistant_professor,171495.0
UNCC,UNC Charlotte,professor,104988.0
UNCC,UNC Charlotte,assistant_professor,70312.0
UNCC,UNC Charlotte,professor,184173.0
UNCC,UNC Charlotte,professor,122094.0
UNCC,UNC Charlotte,professor,120886.0
UNCC,UNC Charlotte,administrator,197911.0
UNCC,UNC Charlotte,assistant_professor,76500.0
UNCC,UNC Charlotte,assistant_professor,85000.0
UNCC,UNC Charlotte,administrator,219596.0
UNCC,UNC Charlotte,associate_professor,104659.0
UNCC,UNC Charlotte,professor,108223.0
UNCC,UNC Charlotte,associate_professor,116065.0
UNCC,UNC Charlotte,associate_professor,70699.0
UNCC,UNC Charlotte,assistant_professor,88580.0
UNCC,UNC Charlotte,professor,105876.0
UNCC,UNC Charlotte,associate_professor,88861.0
UNCC,UNC Charlotte,lecturer,64525.0
UNCC,UNC Charlotte,associate_professor,107767.0
UNCC,UNC Charlotte,associate_professor,108038.0
UNCC,UNC Charlotte,professor,123310.0
UNCC,UNC Charlotte,associate_professor,138714.0
UNCC,UNC Charlotte,associate_professor,89693.0
UNCC,UNC Charlotte,professor,157899.0
UNCC,UNC Charlotte,assistant_professor,102000.0
UNCC,UNC Charlotte,associate_professor,95826.0
UNCC,UNC Charlotte,lecturer,64082.0
UNCC,UNC Charlotte,professor,77421.0
UNCC,UNC Charlotte,lecturer,65286.0
UNCC,UNC Charlotte,professor,126619.0
UNCC,UNC Charlotte,associate_professor,78509.0
UNCC,UNC Charlotte,professor,239711.0
UNCC,UNC Charlotte,professor,108068.0
UNCC,UNC Charlotte,administrator,177900.0
UNCC,UNC Charlotte,lecturer,69006.0
UNCC,UNC Charlotte,professor,105482.0
UNCC,UNC Charlotte,assistant_professor,80000.0
UNCC,UNC Charlotte,assistant_professor,80028.0
UNCC,UNC Charlotte,assistant_professor,74842.0
UNCC,UNC Charlotte,professor,51912.0
UNCC,UNC Charlotte,lecturer,85532.0
UNCC,UNC Charlotte,assistant_professor,81000.0
UNCC,UNC Charlotte,assistant_professor,88695.0
UNCC,UNC Charlotte,professor,121610.0
UNCC,UNC Charlotte,lecturer,65107.0
UNCC,UNC Charlotte,associate_professor,201418.0
UNCC,UNC Charlotte,professor,169778.0
UNCC,UNC Charlotte,associate_professor,99904.0
UNCC,UNC Charlotte,associate_professor,110869.0
UNCC,UNC Charlotte,professor,139256.0
UNCC,UNC Charlotte,professor,174106.0
UNCC,UNC Charlotte,professor,101347.0
UNCC,UNC Charlotte,lecturer,87616.0
UNCC,UNC Charlotte,assistant_professor,69628.0
UNCC,UNC Charlotte,assistant_professor,86694.0
UNCC,UNC Charlotte,professor,129717.0
UNCC,UNC Charlotte,administrator,106464.0
UNCC,UNC Charlotte,lecturer,62494.0
UNCC,UNC Charlotte,associate_professor,83111.0
UNCC,UNC Charlotte,associate_professor,91353.0
UNCC,UNC Charlotte,assistant_professor,110210.0
UNCC,UNC Charlotte,assistant_professor,105326.0
UNCC,UNC Charlotte,assistant_professor,69628.0
UNCC,UNC Charlotte,associate_professor,90673.0
UNCC,UNC Charlotte,lecturer,87463.0
UNCC,UNC Charlotte,assistant_professor,69628.0
UNCC,UNC Charlotte,associate_professor,85858.0
UNCC,UNC Charlotte,associate_professor,87199.0
UNCC,UNC Charlotte,professor,171393.84
UNCC,UNC Charlotte,lecturer,92700.0
UNCC,UNC Charlotte,assistant_professor,125000.0
UNCC,UNC Charlotte,lecturer,89801.0
UNCC,UNC Charlotte,associate_professor,71021.0
UNCC,UNC Charlotte,lecturer,64692.0
UNCC,UNC Charlotte,lecturer,60000.0
UNCC,UNC Charlotte,professor,150621.0
UNCC,UNC Charlotte,professor,121628.0
UNCC,UNC Charlotte,professor,116094.0
UNCC,UNC Charlotte,associate_professor,73000.0
UNCC,UNC Charlotte,associate_professor,117438.0
UNCC,UNC Charlotte,associate_professor,122000.0
UNCC,UNC Charlotte,professor,285127.0
UNCC,UNC Charlotte,professor,63708.0
UNCC,UNC Charlotte,professor,170312.0
UNCC,UNC Charlotte,lecturer,74743.0
UNCC,UNC Charlotte,assistant_professor,107958.0
UNCC,UNC Charlotte,associate_professor,200136.0
UNCC,UNC Charlotte,administrator,366145.0
UNCC,UNC Charlotte,associate_professor,122149.0
UNCC,UNC Charlotte,professor,201712.0
UNCC,UNC Charlotte,assistant_professor,146520.0
UNCC,UNC Charlotte,professor,127691.56
UNCC,UNC Charlotte,professor,246511.0
UNCC,UNC Charlotte,associate_professor,77634.0
UNCC,UNC Charlotte,associate_professor,90779.0
UNCC,UNC Charlotte,assistant_professor,192816.0
UNCC,UNC Charlotte,professor,141065.0
UNCC,UNC Charlotte,associate_professor,91006.0
UNCC,UNC Charlotte,lecturer,72842.0
UNCC,UNC Charlotte,professor,289684.0
UNCC,UNC Charlotte,professor,271438.0
UNCC,UNC Charlotte,lecturer,59000.0
UNCC,UNC Charlotte,administrator,168075.0
UNCC,UNC Charlotte,assistant_professor,78198.0
UNCC,UNC Charlotte,associate_professor,51026.0
UNCC,UNC Charlotte,professor,157061.0
UNCC,UNC Charlotte,lecturer,71902.0
UNCC,UNC Charlotte,associate_professor,97348.0
UNCC,UNC Charlotte,lecturer,80340.0
UNCC,UNC Charlotte,assistant_professor,77126.0
UNCC,UNC Charlotte,assistant_professor,80340.0
UNCC,UNC Charlotte,assistant_professor,180000.0
UNCC,UNC Charlotte,assistant_professor,120000.0
UNCC,UNC Charlotte,assistant_professor,119883.0
UNCC,UNC Charlotte,professor,126773.0
UNCC,UNC Charlotte,professor,113322.0
UNCC,UNC Charlotte,associate_professor,97454.0
UNCC,UNC Charlotte,assistant_professor,83458.0
UNCC,UNC Charlotte,professor,123064.0
UNCC,UNC Charlotte,administrator,196514.0
UNCC,UNC Charlotte,professor,96888.5
UNCC,UNC Charlotte,lecturer,65607.0
UNCC,UNC Charlotte,assistant_professor,149694.0
UNCC,UNC Charlotte,assistant_professor,94239.0
UNCC,UNC Charlotte,associate_professor,88699.0
UNCC,UNC Charlotte,professor,290033.0
UNCC,UNC Charlotte,assistant_professor,81341.0
UNCC,UNC Charlotte,professor,75699.0
UNCC,UNC Charlotte,professor,122594.0
UNCC,UNC Charlotte,assistant_professor,76000.0
UNCC,UNC Charlotte,professor,162147.0
UNCC,UNC Charlotte,professor,94941.0
UNCC,UNC Charlotte,lecturer,69628.0
UNCC,UNC Charlotte,assistant_professor,70000.0
UNCC,UNC Charlotte,associate_professor,86000.0
UNCC,UNC Charlotte,lecturer,63329.0
UNCC,UNC Charlotte,professor,115773.0
UNCC,UNC Charlotte,assistant_professor,98000.0
UNCC,UNC Charlotte,assistant_professor,132000.0
UNCC,UNC Charlotte,professor,120430.0
UNCC,UNC Charlotte,associate_professor,113769.0
UNCC,UNC Charlotte,associate_professor,101307.0
UNCC,UNC Charlotte,associate_professor,131653.0
UNCC,UNC Charlotte,professor,109810.0
UNCC,UNC Charlotte,lecturer,74579.0
UNCC,UNC Charlotte,professor,162166.0
UNCC,UNC Charlotte,professor,97166.0
UNCC,UNC Charlotte,professor,149603.0
UNCC,UNC Charlotte,associate_professor,95273.0
UNCC,UNC Charlotte,assistant_professor,87000.0
UNCC,UNC Charlotte,associate_professor,96311.0
UNCC,UNC Charlotte,associate_professor,91079.0
UNCC,UNC Charlotte,professor,169606.0
UNCC,UNC Charlotte,administrator,180250.0
UNCC,UNC Charlotte,assistant_professor,106000.0
UNCC,UNC Charlotte,assistant_professor,82500.0
UNCC,UNC Charlotte,associate_professor,94371.0
UNCC,UNC Charlotte,assistant_professor,216300.0
UNCC,UNC Charlotte,associate_professor,98134.0
UNCC,UNC Charlotte,assistant_professor,95000.0
UNCC,UNC Charlotte,assistant_professor,82500.0
UNCC,UNC Charlotte,associate_professor,126895.0
UNCC,UNC Charlotte,professor,107106.0
UNCC,UNC Charlotte,associate_professor,96822.0
UNCC,UNC Charlotte,associate_professor,83940.0
UNCC,UNC Charlotte,associate_professor,84190.0
UNCC,UNC Charlotte,lecturer,64990.0
UNCC,UNC Charlotte,professor,150080.0
UNCC,UNC Charlotte,professor,239065.0
UNCC,UNC Charlotte,professor,105496.0
UNCC,UNC Charlotte,assistant_professor,110000.0
UNCC,UNC Charlotte,professor,150000.0
UNCC,UNC Charlotte,associate_professor,86064.0
UNCC,UNC Charlotte,assistant_professor,89000.0
UNCC,UNC Charlotte,professor,146669.0
UNCC,UNC Charlotte,assistant_professor,99086.0
UNCC,UNC Charlotte,associate_professor,295000.0
UNCC,UNC Charlotte,assistant_professor,73866.0
UNCC,UNC Charlotte,assistant_professor,185000.0
UNCC,UNC Charlotte,professor,77552.0
UNCC,UNC Charlotte,administrator,159939.0
UNCC,UNC Charlotte,associate_professor,94004.0
UNCC,UNC Charlotte,assistant_professor,74000.0
UNCC,UNC Charlotte,professor,135688.0
UNCC,UNC Charlotte,professor,72842.0
UNCC,UNC Charlotte,assistant_professor,114894.0
UNCC,UNC Charlotte,associate_professor,99131.0
UNCC,UNC Charlotte,associate_professor,109375.0
UNCC,UNC Charlotte,associate_professor,129276.0
UNCC,UNC Charlotte,assistant_professor,224952.0
UNCC,UNC Charlotte,professor,93825.0
UNCC,UNC Charlotte,assistant_professor,92700.0
UNCC,UNC Charlotte,lecturer,71691.0
UNCC,UNC Charlotte,associate_professor,99129.0
UNCC,UNC Charlotte,assistant_professor,142000.0
UNCC,UNC Charlotte,professor,133112.0
UNCC,UNC Charlotte,lecturer,78630.0
UNCC,UNC Charlotte,associate_professor,244666.0
UNCC,UNC Charlotte,administrator,183454.0
UNCC,UNC Charlotte,professor,139256.0
UNCC,UNC Charlotte,associate_professor,88018.0
UNCC,UNC Charlotte,associate_professor,123600.0
UNCC,UNC Charlotte,professor,106399.0
UNCC,UNC Charlotte,professor,345893.0
UNCC,UNC Charlotte,lecturer,72065.0
UNCC,UNC Charlotte,professor,113555.0
UNCC,UNC Charlotte,assistant_professor,69628.0
UNCC,UNC Charlotte,assistant_professor,70000.0
UNCC,UNC Charlotte,professor,147826.0
UNCC,UNC Charlotte,associate_professor,87181.0
UNCC,UNC Charlotte,associate_professor,99414.0
UNCC,UNC Charlotte,professor,117101.0
UNCC,UNC Charlotte,assistant_professor,82000.0
UNCC,UNC Charlotte,professor,110801.0
UNCC,UNC Charlotte,associate_professor,117423.0
UNCC,UNC Charlotte,professor,78490.0
UNCC,UNC Charlotte,professor,79754.5
UNCC,UNC Charlotte,associate_professor,77080.0
UNCC,UNC Charlotte,assistant_professor,69628.0
UNCC,UNC Charlotte,lecturer,65471.0
UNCC,UNC Charlotte,assistant_professor,63500.0
UNCC,UNC Charlotte,professor,178000.0
UNCC,UNC Charlotte,associate_professor,114068.0
UNCC,UNC Charlotte,professor,99895.0
UNCC,UNC Charlotte,professor,149421.0
UNCC,UNC Charlotte,associate_professor,85514.0
UNCC,UNC Charlotte,associate_professor,98818.0
UNCC,UNC Charlotte,assistant_professor,65000.0
UNCC,UNC Charlotte,assistant_professor,100054.0
UNCC,UNC Charlotte,associate_professor,91332.0
UNCC,UNC Charlotte,professor,106840.0
UNCC,UNC Charlotte,professor,98714.0
UNCC,UNC Charlotte,lecturer,86385.0
UNCC,UNC Charlotte,associate_professor,93483.0
UNCC,UNC Charlotte,professor,180973.0
UNCC,UNC Charlotte,associate_professor,85822.0
UNCC,UNC Charlotte,professor,102112.0
UNCC,UNC Charlotte,professor,100184.0
UNCC,UNC Charlotte,assistant_professor,90322.0
UNCC,UNC Charlotte,lecturer,63361.0
UNCC,UNC Charlotte,associate_professor,94148.0
UNCC,UNC Charlotte,associate_professor,71021.0
UNCC,UNC Charlotte,lecturer,66950.0
UNCC,UNC Charlotte,assistant_professor,128750.0
UNCC,UNC Charlotte,lecturer,69777.0
UNCC,UNC Charlotte,professor,212180.0
UNCC,UNC Charlotte,assistant_professor,105000.0
UNCC,UNC Charlotte,associate_professor,79444.0
UNCC,UNC Charlotte,associate_professor,103000.0
UNCC,UNC Charlotte,professor,182529.0
UNCC,UNC Charlotte,lecturer,64272.0
UNCC,UNC Charlotte,assistant_professor,75000.0
UNCC,UNC Charlotte,associate_professor,101379.0
UNCC,UNC Charlotte,professor,146192.0
UNCC,UNC Charlotte,professor,310112.0
UNCC,UNC Charlotte,associate_professor,86660.0
UNCC,UNC Charlotte,associate_professor,79670.0
UNCC,UNC Charlotte,lecturer,65107.0
UNCC,UNC Charlotte,lecturer,62592.0
UNCC,UNC Charlotte,lecturer,65002.0
UNCC,UNC Charlotte,associate_professor,76897.0
UNCC,UNC Charlotte,assistant_professor,63000.0
UNCC,UNC Charlotte,lecturer,69628.0
UNCC,UNC Charlotte,professor,158537.0
UNCC,UNC Charlotte,lecturer,58916.0
UNCC,UNC Charlotte,associate_professor,120792.0
UNCC,UNC Charlotte,lecturer,58916.0
UNCC,UNC Charlotte,associate_professor,115014.0
UNCC,UNC Charlotte,professor,234626.0
UNCC,UNC Charlotte,administrator,220448.0
UNCC,UNC Charlotte,lecturer,92462.0
UNCC,UNC Charlotte,associate_professor,111597.0
UNCC,UNC Charlotte,associate_professor,89983.0
UNCC,UNC Charlotte,associate_professor,86316.0
UNCC,UNC Charlotte,professor,142140.0
UNCC,UNC Charlotte,assistant_professor,82000.0
UNCC,UNC Charlotte,associate_professor,78384.0
UNCC,UNC Charlotte,assistant_professor,79000.0
UNCC,UNC Charlotte,associate_professor,116755.0
UNCC,UNC Charlotte,associate_professor,73312.0
UNCC,UNC Charlotte,lecturer,65343.0
UNCC,UNC Charlotte,professor,243272.0
UNCC,UNC Charlotte,associate_professor,106060.0
UNCC,UNC Charlotte,assistant_professor,100020.0
UNCC,UNC Charlotte,associate_professor,176540.0
UNCC,UNC Charlotte,administrator,175000.0
UNCC,UNC Charlotte,administrator,164921.0
UNCC,UNC Charlotte,assistant_professor,73275.0
UNCC,UNC Charlotte,associate_professor,104093.0
UNCC,UNC Charlotte,lecturer,90913.0
UNCC,UNC Charlotte,professor,82000.0
UNCC,UNC Charlotte,assistant_professor,69628.0
UNCC,UNC Charlotte,professor,107539.0
UNCC,UNC Charlotte,associate_professor,94357.0
UNCC,UNC Charlotte,professor,78164.0
UNCC,UNC Charlotte,associate_professor,51707.0
UNCC,UNC Charlotte,associate_professor,123315.0
UNCC,UNC Charlotte,lecturer,55000.0
UNCC,UNC Charlotte,associate_professor,87259.0
UNCC,UNC Charlotte,lecturer,73661.0
UNCC,UNC Charlotte,professor,163504.0
UNCC,UNC Charlotte,associate_professor,109154.0
UNCC,UNC Charlotte,associate_professor,90923.0
UNCC,UNC Charlotte,assistant_professor,70000.0
UNCC,UNC Charlotte,associate_professor,97790.0
UNCC,UNC Charlotte,associate_professor,88510.0
UNCC,UNC Charlotte,associate_professor,119873.0
UNCC,UNC Charlotte,assistant_professor,101908.0
UNCC,UNC Charlotte,assistant_professor,142000.0
UNCC,UNC Charlotte,lecturer,82400.0
UNCC,UNC Charlotte,professor,155236.0
UNCC,UNC Charlotte,assistant_professor,74065.0
UNCC,UNC Charlotte,lecturer,33280.0
UNCC,UNC Charlotte,lecturer,72065.0
UNCC,UNC Charlotte,associate_professor,92810.0
UNCC,UNC Charlotte,professor,133497.0
UNCC,UNC Charlotte,associate_professor,110608.0
UNCC,UNC Charlotte,lecturer,90000.0
UNCC,UNC Charlotte,assistant_professor,67600.0
UNCC,UNC Charlotte,assistant_professor,85696.0
UNCC,UNC Charlotte,associate_professor,80336.0
UNCC,UNC Charlotte,lecturer,62502.0
UNCC,UNC Charlotte,professor,72842.0
UNCC,UNC Charlotte,lecturer,57200.0
UNCC,UNC Charlotte,assistant_professor,95000.0
UNCC,UNC Charlotte,associate_professor,97854.0
UNCC,UNC Charlotte,assistant_professor,72065.0
UNCC,UNC Charlotte,assistant_professor,119850.0
UNCC,UNC Charlotte,professor,176330.0
UNCC,UNC Charlotte,associate_professor,117832.0
UNCC,UNC Charlotte,assistant_professor,120000.0
UNCC,UNC Charlotte,associate_professor,129008.0
UNCC,UNC Charlotte,administrator,173184.0
UNCC,UNC Charlotte,assistant_professor,118450.0
UNCC,UNC Charlotte,professor,83475.0
UNCC,UNC Charlotte,professor,108843.0
UNCC,UNC Charlotte,associate_professor,74134.0
UNCC,UNC Charlotte,professor,160516.0
UNCC,UNC Charlotte,administrator,199703.0
UNCC,UNC Charlotte,professor,195739.0
UNCC,UNC Charlotte,administrator,161010.0
UNCC,UNC Charlotte,associate_professor,90913.0
UNCC,UNC Charlotte,associate_professor,101360.0
UNCC,UNC Charlotte,lecturer,71954.0
UNCC,UNC Charlotte,assistant_professor,80000.0
UNCC,UNC Charlotte,professor,142000.0
UNCC,UNC Charlotte,administrator,236900.0
UNCC,UNC Charlotte,assistant_professor,132870.0
UNCC,UNC Charlotte,professor,127699.0
UNCC,UNC Charlotte,assistant_professor,105000.0
UNCC,UNC Charlotte,professor,201947.0
UNCC,UNC Charlotte,assistant_professor,90000.0
UNCC,UNC Charlotte,professor,102759.0
UNCC,UNC Charlotte,professor,105869.0
UNCC,UNC Charlotte,professor,120351.0
UNCC,UNC Charlotte,lecturer,62857.0
UNCC,UNC Charlotte,associate_professor,111059.0
UNCC,UNC Charlotte,professor,60889.0
UNCC,UNC Charlotte,associate_professor,109538.0
UNCC,UNC Charlotte,lecturer,65107.0
UNCC,UNC Charlotte,associate_professor,110143.0
UNCC,UNC Charlotte,assistant_professor,99910.0
UNCC,UNC Charlotte,associate_professor,87031.0
UNCC,UNC Charlotte,assistant_professor,68021.0
UNCC,UNC Charlotte,assistant_professor,70000.0
UNCC,UNC Charlotte,professor,146879.0
UNCC,UNC Charlotte,assistant_professor,69628.0
UNCC,UNC Charlotte,professor,96714.0
UNCC,UNC Charlotte,lecturer,59000.0
UNCC,UNC Charlotte,administrator,195000.0
UNCC,UNC Charlotte,assistant_professor,116000.0
UNCC,UNC Charlotte,professor,114951.0
UNCC,UNC Charlotte,associate_professor,112718.0
UNCC,UNC Charlotte,professor,108228.0
UNCC,UNC Charlotte,professor,124242.0
UNCC,UNC Charlotte,professor,139047.0
UNCC,UNC Charlotte,administrator,216002.0
UNCC,UNC Charlotte,assistant_professor,135000.0
UNCC,UNC Charlotte,professor,126774.0
UNCC,UNC Charlotte,administrator,212261.0
UNCC,UNC Charlotte,professor,99188.0
UNCC,UNC Charlotte,associate_professor,72348.0
UNCC,UNC Charlotte,professor,101724.0
UNCC,UNC Charlotte,professor,170061.0
UNCC,UNC Charlotte,assistant_professor,100000.0
UNCC,UNC Charlotte,professor,107298.0
UNCC,UNC Charlotte,professor,113224.0
UNCC,UNC Charlotte,associate_professor,122054.0
UNCC,UNC Charlotte,assistant_professor,85000.0
UNCC,UNC Charlotte,assistant_professor,85000.0
UNCC,UNC Charlotte,lecturer,57000.0
UNCC,UNC Charlotte,professor,116848.0
UNCC,UNC Charlotte,professor,153353.0
UNCC,UNC Charlotte,associate_professor,121956.0
UNCC,UNC Charlotte,associate_professor,89340.0
UNCC,UNC Charlotte,associate_professor,97703.0
UNCC,UNC Charlotte,administrator,175000.0
UNCC,UNC Charlotte,associate_professor,155000.0
UNCC,UNC Charlotte,associate_professor,75338.0
UNCC,UNC Charlotte,assistant_professor,79269.0
UNCC,UNC Charlotte,professor,171578.0
UNCC,UNC Charlotte,assistant_professor,215000.0
UNCC,UNC Charlotte,associate_professor,71480.0
UNCC,UNC Charlotte,assistant_professor,102489.0
UNCC,UNC Charlotte,lecturer,74789.0
UNCC,UNC Charlotte,associate_professor,81243.0
UNCC,UNC Charlotte,professor,110489.0
UNCC,UNC Charlotte,professor,102866.0
UNCC,UNC Charlotte,lecturer,101740.0
UNCC,UNC Charlotte,associate_professor,86633.0
UNCC,UNC Charlotte,professor,225297.0
UNCC,UNC Charlotte,assistant_professor,106605.0
UNCC,UNC Charlotte,professor,123600.0
UNCC,UNC Charlotte,associate_professor,50599.0
UNCC,UNC Charlotte,associate_professor,76198.0
UNCC,UNC Charlotte,lecturer,64276.0
UNCC,UNC Charlotte,lecturer,72065.0
UNCC,UNC Charlotte,associate_professor,88566.0
UNCC,UNC Charlotte,associate_professor,92148.0
UNCC,UNC Charlotte,professor,125590.0
UNCC,UNC Charlotte,associate_professor,80770.0
UNCC,UNC Charlotte,professor,104531.0
UNCC,UNC Charlotte,associate_professor,92526.0
UNCC,UNC Charlotte,associate_professor,93572.0
UNCC,UNC Charlotte,assistant_professor,105369.0
UNCC,UNC Charlotte,professor,105998.0
UNCC,UNC Charlotte,associate_professor,70699.0
UNCC,UNC Charlotte,lecturer,58916.0
UNCC,UNC Charlotte,associate_professor,131519.0
UNCC,UNC Charlotte,associate_professor,172291.0
UNCC,UNC Charlotte,associate_professor,79912.0
UNCC,UNC Charlotte,professor,153921.0
UNCC,UNC Charlotte,lecturer,73866.0
UNCC,UNC Charlotte,professor,144623.0
UNCC,UNC Charlotte,professor,144178.0
UNCC,UNC Charlotte,associate_professor,103442.0
UNCC,UNC Charlotte,professor,101291.0
UNCC,UNC Charlotte,administrator,170000.0
UNCC,UNC Charlotte,assistant_professor,85000.0
UNCC,UNC Charlotte,associate_professor,91479.0
UNCC,UNC Charlotte,professor,114729.0
UNCC,UNC Charlotte,administrator,200000.0
UNCC,UNC Charlotte,professor,178568.0
UNCC,UNC Charlotte,professor,244328.0
UNCC,UNC Charlotte,assistant_professor,69628.0
UNCC,UNC Charlotte,associate_professor,88861.0
UNCC,UNC Charlotte,associate_professor,97752.0
UNCC,UNC Charlotte,assistant_professor,85696.0
UNCC,UNC Charlotte,professor,155000.0
UNCC,UNC Charlotte,professor,220000.0
UNCC,UNC Charlotte,associate_professor,154901.0
UNCC,UNC Charlotte,associate_professor,109262.0
UNCC,UNC Charlotte,professor,109665.0
UNCC,UNC Charlotte,associate_professor,104120.0
UNCC,UNC Charlotte,assistant_professor,94794.0
UNCC,UNC Charlotte,assistant_professor,80340.0
UNCC,UNC Charlotte,lecturer,69628.0
UNCC,UNC Charlotte,professor,84864.0
UNCC,UNC Charlotte,administrator,154629.0
UNCC,UNC Charlotte,professor,129160.0
UNCC,UNC Charlotte,professor,137800.0
UNCC,UNC Charlotte,professor,145872.0
UNCC,UNC Charlotte,associate_professor,103325.0
UNCC,UNC Charlotte,associate_professor,86828.0
UNCC,UNC Charlotte,assistant_professor,74984.0
UNCC,UNC Charlotte,lecturer,72290.0
UNCC,UNC Charlotte,associate_professor,119817.0
UNCC,UNC Charlotte,associate_professor,89521.0
UNCC,UNC Charlotte,assistant_professor,101000.0
UNCC,UNC Charlotte,assistant_professor,94466.0
UNCC,UNC Charlotte,associate_professor,87267.0
UNCC,UNC Charlotte,professor,142470.0
UNCC,UNC Charlotte,professor,152984.0
UNCC,UNC Charlotte,administrator,160000.0
UNCC,UNC Charlotte,lecturer,64803.0
UNCC,UNC Charlotte,assistant_professor,75946.0
UNCC,UNC Charlotte,associate_professor,114260.0
UNCC,UNC Charlotte,assistant_professor,98000.0
UNCC,UNC Charlotte,assistant_professor,67600.0
UNCC,UNC Charlotte,professor,234119.0
UNCC,UNC Charlotte,professor,194970.0
UNCC,UNC Charlotte,assistant_professor,92700.0
UNCC,UNC Charlotte,administrator,159650.0
UNCC,UNC Charlotte,professor,187780.0
UNCC,UNC Charlotte,associate_professor,89717.0
UNCC,UNC Charlotte,assistant_professor,77147.0
UNCC,UNC Charlotte,professor,179898.0
UNCC,UNC Charlotte,assistant_professor,84223.0
UNCC,UNC Charlotte,assistant_professor,101085.0
UNCC,UNC Charlotte,associate_professor,262444.0
UNCC,UNC Charlotte,assistant_professor,64004.0
UNCC,UNC Charlotte,professor,160551.0
UNCC,UNC Charlotte,professor,173189.0
UNCC,UNC Charlotte,administrator,145000.0
UNCC,UNC Charlotte,professor,115264.0
UNCC,UNC Charlotte,associate_professor,128663.0
UNCC,UNC Charlotte,associate_professor,107422.0
UNCC,UNC Charlotte,associate_professor,85568.0
UNCC,UNC Charlotte,associate_professor,113297.0
UNCC,UNC Charlotte,lecturer,33280.0
UNCC,UNC Charlotte,associate_professor,100227.0
UNCC,UNC Charlotte,associate_professor,77283.0
UNCC,UNC Charlotte,professor,133900.0
UNCC,UNC Charlotte,professor,123276.0
UNCC,UNC Charlotte,professor,148813.0
UNCC,UNC Charlotte,associate_professor,88272.0
UNCC,UNC Charlotte,assistant_professor,82500.0
UNCC,UNC Charlotte,lecturer,56650.0
UNCC,UNC Charlotte,professor,128549.0
UNCC,UNC Charlotte,associate_professor,119820.0
UNCC,UNC Charlotte,associate_professor,68021.0
UNCC,UNC Charlotte,professor,184766.0
UNCC,UNC Charlotte,professor,120813.75
UNCC,UNC Charlotte,professor,139078.0
UNCC,UNC Charlotte,professor,52231.0
UNCC,UNC Charlotte,professor,100469.0
UNCC,UNC Charlotte,assistant_professor,94843.0
UNCC,UNC Charlotte,professor,109028.0
UNCC,UNC Charlotte,lecturer,71905.0
UNCC,UNC Charlotte,professor,114886.0
UNCC,UNC Charlotte,professor,143697.0
UNCC,UNC Charlotte,assistant_professor,65405.0
UNCC,UNC Charlotte,lecturer,58916.0
UNCC,UNC Charlotte,lecturer,95340.0
UNCC,UNC Charlotte,assistant_professor,167107.0
UNCC,UNC Charlotte,lecturer,74879.0
UNCC,UNC Charlotte,lecturer,55000.0
UNCC,UNC Charlotte,associate_professor,73384.0
UNCC,UNC Charlotte,professor,140000.0
UNCC,UNC Charlotte,lecturer,56500.0
UNCC,UNC Charlotte,professor,247616.0
UNCC,UNC Charlotte,associate_professor,184991.0
UNCC,UNC Charlotte,associate_professor,120467.0
UNCC,UNC Charlotte,associate_professor,75473.0
UNCC,UNC Charlotte,professor,136145.0
UNCC,UNC Charlotte,associate_professor,85144.0
UNCC,UNC Charlotte,professor,161686.0
UNCC,UNC Charlotte,associate_professor,114935.0
UNCC,UNC Charlotte,professor,147993.0
UNCC,UNC Charlotte,associate_professor,78281.0
UNCC,UNC Charlotte,assistant_professor,84223.0
UNCC,UNC Charlotte,assistant_professor,83152.0
UNCC,UNC Charlotte,professor,110970.0
UNCC,UNC Charlotte,associate_professor,123163.0
UNCC,UNC Charlotte,associate_professor,135220.0
UNCC,UNC Charlotte,lecturer,87000.0
UNCC,UNC Charlotte,professor,123694.0
UNCC,UNC Charlotte,associate_professor,251517.0
UNCC,UNC Charlotte,assistant_professor,78000.0
UNCC,UNC Charlotte,assistant_professor,68021.0
UNCC,UNC Charlotte,lecturer,81885.0
UNCC,UNC Charlotte,professor,107771.0
UNCC,UNC Charlotte,lecturer,68611.0
UNCC,UNC Charlotte,assistant_professor,72842.0
UNCC,UNC Charlotte,professor,80653.0
UNCC,UNC Charlotte,lecturer,65033.0
UNCC,UNC Charlotte,administrator,199820.0
UNCC,UNC Charlotte,professor,144459.0
UNCC,UNC Charlotte,professor,155736.0
UNCC,UNC Charlotte,professor,120567.0
UNCC,UNC Charlotte,lecturer,83000.0
UNCC,UNC Charlotte,associate_professor,86374.0
UNCC,UNC Charlotte,professor,99993.0
UNCC,UNC Charlotte,professor,92560.5
UNCC,UNC Charlotte,administrator,253380.0
UNCC,UNC Charlotte,lecturer,58916.0
UNCC,UNC Charlotte,assistant_professor,83000.0
UNCC,UNC Charlotte,professor,132627.0
UNCC,UNC Charlotte,professor,109889.0
UNCC,UNC Charlotte,professor,357809.0
UNCC,UNC Charlotte,associate_professor,77250.0
UNCC,UNC Charlotte,lecturer,92353.0
UNCC,UNC Charlotte,administrator,284257.0
UNCC,UNC Charlotte,associate_professor,102025.0
UNCC,UNC Charlotte,professor,232604.0
UNCC,UNC Charlotte,associate_professor,86158.0
UNCC,UNC Charlotte,professor,123303.0
UNCC,UNC Charlotte,assistant_professor,72398.0
UNCC,UNC Charlotte,professor,115386.0
UNCC,UNC Charlotte,administrator,386250.0
UNCC,UNC Charlotte,professor,151593.0
UNCC,UNC Charlotte,associate_professor,54596.5
UNCC,UNC Charlotte,administrator,158011.0
UNCC,UNC Charlotte,associate_professor,113300.0
UNCC,UNC Charlotte,lecturer,66414.0
UNCC,UNC Charlotte,professor,174857.0
UNCC,UNC Charlotte,associate_professor,96305.0
UNCC,UNC Charlotte,professor,107307.0
UNCC,UNC Charlotte,associate_professor,102409.0
UNCC,UNC Charlotte,professor,173067.0
UNCC,UNC Charlotte,assistant_professor,72100.0
UNCC,UNC Charlotte,professor,159059.0
UNCC,UNC Charlotte,associate_professor,105408.0
UNCC,UNC Charlotte,associate_professor,95816.0
UNCC,UNC Charlotte,professor,326716.0
UNCC,UNC Charlotte,lecturer,73175.0
UNCC,UNC Charlotte,professor,103384.0
UNCC,UNC Charlotte,lecturer,61916.0
UNCC,UNC Charlotte,professor,173187.0
UNCC,UNC Charlotte,assistant_professor,79000.0
UNCC,UNC Charlotte,assistant_professor,100000.0
UNCC,UNC Charlotte,associate_professor,97753.0
UNCC,UNC Charlotte,assistant_professor,77426.0
UNCC,UNC Charlotte,professor,145683.0
UNCC,UNC Charlotte,associate_professor,157851.0
UNCC,UNC Charlotte,associate_professor,94873.0
UNCC,UNC Charlotte,assistant_professor,84000.0
UNCC,UNC Charlotte,professor,82983.0
UNCC,UNC Charlotte,lecturer,65621.0
UNCC,UNC Charlotte,professor,175684.0
UNCC,UNC Charlotte,professor,105738.0
UNCC,UNC Charlotte,assistant_professor,85000.0
UNCC,UNC Charlotte,professor,235115.0
UNCC,UNC Charlotte,professor,124126.0
UNCC,UNC Charlotte,assistant_professor,130000.0
UNCC,UNC Charlotte,assistant_professor,120000.0
UNCC,UNC Charlotte,associate_professor,98000.0
UNCC,UNC Charlotte,assistant_professor,110869.0
UNCC,UNC Charlotte,assistant_professor,108150.0
UNCC,UNC Charlotte,associate_professor,135844.0
UNCC,UNC Charlotte,professor,232825.0
UNCC,UNC Charlotte,associate_professor,120349.0
UNCC,UNC Charlotte,professor,141272.0
UNCC,UNC Charlotte,professor,107120.0
UNCC,UNC Charlotte,lecturer,73128.0
UNCC,UNC Charlotte,assistant_professor,63000.0
UNCC,UNC Charlotte,professor,109132.0
UNCC,UNC Charlotte,associate_professor,126617.0
UNCC,UNC Charlotte,professor,113982.0
UNCC,UNC Charlotte,associate_professor,102409.0
UNCC,UNC Charlotte,associate_professor,88861.0
UNCC,UNC Charlotte,lecturer,64272.0
UNCC,UNC Charlotte,professor,87948.0
UNCC,UNC Charlotte,administrator,148727.0
UNCC,UNC Charlotte,assistant_professor,86274.0
UNCC,UNC Charlotte,professor,73683.0
UNCC,UNC Charlotte,administrator,165018.0
UNCC,UNC Charlotte,associate_professor,99714.0
UNCC,UNC Charlotte,professor,333413.0
UNCC,UNC Charlotte,administrator,183190.0
UNCC,UNC Charlotte,professor,123858.0
UNCC,UNC Charlotte,associate_professor,122590.0
UNCC,UNC Charlotte,professor,127449.0
UNCC,UNC Charlotte,assistant_professor,95000.0
UNCC,UNC Charlotte,associate_professor,92000.0
UNCC,UNC Charlotte,associate_professor,74170.0
UNCC,UNC Charlotte,associate_professor,88379.0
UNCC,UNC Charlotte,professor,146126.0
UNCC,UNC Charlotte,professor,82000.0
UNCC,UNC Charlotte,associate_professor,90743.0
UNCC,UNC Charlotte,associate_professor,127134.0
UNCC,UNC Charlotte,administrator,182514.0
UNCC,UNC Charlotte,professor,111053.0
UNCC,UNC Charlotte,associate_professor,75065.0
UNCC,UNC Charlotte,lecturer,62086.0
UNCC,UNC Charlotte,lecturer,67600.0
UNCC,UNC Charlotte,associate_professor,93593.0
UNCC,UNC Charlotte,administrator,141294.0
UNCC,UNC Charlotte,professor,103888.0
UNCC,UNC Charlotte,lecturer,80000.0
UNCC,UNC Charlotte,associate_professor,80277.0
UNCC,UNC Charlotte,lecturer,33280.0
UNCC,UNC Charlotte,assistant_professor,74984.0
UNCC,UNC Charlotte,associate_professor,84429.0
UNCC,UNC Charlotte,professor,131111.0
UNCC,UNC Charlotte,associate_professor,88680.0
UNCC,UNC Charlotte,associate_professor,128988.0
UNCC,UNC Charlotte,professor,121453.0
UNCC,UNC Charlotte,professor,146916.0
UNCC,UNC Charlotte,professor,107355.0
UNCC,UNC Charlotte,professor,144373.0
UNCC,UNC Charlotte,professor,83494.0
UNCC,UNC Charlotte,professor,117037.0
UNCC,UNC Charlotte,professor,255156.0
UNCC,UNC Charlotte,assistant_professor,102277.0
UNCC,UNC Charlotte,associate_professor,218944.0
UNCC,UNC Charlotte,associate_professor,118659.0
UNCC,UNC Charlotte,professor,113210.0
UNCC,UNC Charlotte,associate_professor,71604.0
UNCC,UNC Charlotte,lecturer,62857.0
UNCC,UNC Charlotte,lecturer,120000.0
UNCC,UNC Charlotte,lecturer,62000.0
UNCC,UNC Charlotte,professor,157334.0
UNCC,UNC Charlotte,assistant_professor,122570.0
UNCC,UNC Charlotte,professor,145764.0
UNCC,UNC Charlotte,assistant_professor,95000.0
UNCC,UNC Charlotte,assistant_professor,117832.0
UNCC,UNC Charlotte,professor,141839.0
UNCC,UNC Charlotte,assistant_professor,121540.0
UNCC,UNC Charlotte,professor,65920.0
UNCC,UNC Charlotte,professor,172953.0
UNCC,UNC Charlotte,associate_professor,146425.0
UNCC,UNC Charlotte,assistant_professor,115913.0
UNCC,UNC Charlotte,professor,145959.0
UNCC,UNC Charlotte,assistant_professor,121540.0
UNCC,UNC Charlotte,assistant_professor,224540.0
UNCC,UNC Charlotte,assistant_professor,130000.0
UNCC,UNC Charlotte,associate_professor,128544.0
UNCC,UNC Charlotte,lecturer,62780.0
UNCC,UNC Charlotte,assistant_professor,215000.0
UNCC,UNC Charlotte,assistant_professor,96000.0
UNCC,UNC Charlotte,associate_professor,148627.0
UNCC,UNC Charlotte,professor,170016.0
UNCC,UNC Charlotte,assistant_professor,110210.0
UNCC,UNC Charlotte,professor,339213.0
UNCC,UNC Charlotte,associate_professor,109896.0
UNCC,UNC Charlotte,assistant_professor,108150.0
UNCC,UNC Charlotte,assistant_professor,79804.0
UNCC,UNC Charlotte,assistant_professor,121046.0
UNCC,UNC Charlotte,professor,207295.0
UNCC,UNC Charlotte,professor,116850.0
UNCC,UNC Charlotte,professor,183592.0
UNCC,UNC Charlotte,assistant_professor,102000.0
UNCC,UNC Charlotte,associate_professor,129745.0
UNCC,UNC Charlotte,assistant_professor,185400.0
UNCC,UNC Charlotte,professor,139056.0
UNCC,UNC Charlotte,professor,186083.0
UNCC,UNC Charlotte,associate_professor,100208.0
UNCC,UNC Charlotte,associate_professor,89488.0
UNCC,UNC Charlotte,associate_professor,89516.0
UNCC,UNC Charlotte,assistant_professor,94760.0
UNCC,UNC Charlotte,assistant_professor,97561.0
UNCC,UNC Charlotte,associate_professor,125660.0
UNCC,UNC Charlotte,administrator,279855.0
UNCC,UNC Charlotte,assistant_professor,74180.0
UNCC,UNC Charlotte,assistant_professor,88695.0
UNCG,UNC Greensboro,associate_professor,89653.0
UNCG,UNC Greensboro,associate_professor,75790.0
UNCG,UNC Greensboro,professor,169765.0
UNCG,UNC Greensboro,associate_professor,85147.0
UNCG,UNC Greensboro,assistant_professor,65000.0
UNCG,UNC Greensboro,professor,57639.0
UNCG,UNC Greensboro,administrator,132823.0
UNCG,UNC Greensboro,assistant_professor,82000.0
UNCG,UNC Greensboro,assistant_professor,83152.0
UNCG,UNC Greensboro,assistant_professor,80000.0
UNCG,UNC Greensboro,assistant_professor,65405.0
UNCG,UNC Greensboro,lecturer,53220.0
UNCG,UNC Greensboro,professor,110000.0
UNCG,UNC Greensboro,associate_professor,85821.0
UNCG,UNC Greensboro,professor,104104.0
UNCG,UNC Greensboro,professor,83625.0
UNCG,UNC Greensboro,associate_professor,179898.0
UNCG,UNC Greensboro,professor,97083.0
UNCG,UNC Greensboro,assistant_professor,106971.0
UNCG,UNC Greensboro,associate_professor,120074.0
UNCG,UNC Greensboro,professor,95163.0
UNCG,UNC Greensboro,assistant_professor,70000.0
UNCG,UNC Greensboro,associate_professor,77866.0
UNCG,UNC Greensboro,lecturer,84214.0
UNCG,UNC Greensboro,professor,104517.0
UNCG,UNC Greensboro,assistant_professor,64859.0
UNCG,UNC Greensboro,associate_professor,77866.0
UNCG,UNC Greensboro,lecturer,73969.0
UNCG,UNC Greensboro,assistant_professor,98450.0
UNCG,UNC Greensboro,associate_professor,79107.0
UNCG,UNC Greensboro,assistant_professor,82000.0
UNCG,UNC Greensboro,assistant_professor,78108.0
UNCG,UNC Greensboro,assistant_professor,109594.0
UNCG,UNC Greensboro,assistant_professor,79548.0
UNCG,UNC Greensboro,associate_professor,114577.0
UNCG,UNC Greensboro,professor,142468.0
UNCG,UNC Greensboro,lecturer,61495.0
UNCG,UNC Greensboro,professor,92630.0
UNCG,UNC Greensboro,associate_professor,75819.0
UNCG,UNC Greensboro,assistant_professor,65000.0
UNCG,UNC Greensboro,associate_professor,94280.0
UNCG,UNC Greensboro,assistant_professor,81821.0
UNCG,UNC Greensboro,lecturer,85696.0
UNCG,UNC Greensboro,lecturer,48783.0
UNCG,UNC Greensboro,administrator,288260.0
UNCG,UNC Greensboro,lecturer,54880.0
UNCG,UNC Greensboro,associate_professor,89928.0
UNCG,UNC Greensboro,lecturer,48568.0
UNCG,UNC Greensboro,associate_professor,84913.0
UNCG,UNC Greensboro,lecturer,80871.0
UNCG,UNC Greensboro,administrator,182104.0
UNCG,UNC Greensboro,assistant_professor,78545.0
UNCG,UNC Greensboro,associate_professor,83121.0
UNCG,UNC Greensboro,assistant_professor,75000.0
UNCG,UNC Greensboro,lecturer,41563.0
UNCG,UNC Greensboro,assistant_professor,146000.0
UNCG,UNC Greensboro,associate_professor,83602.0
UNCG,UNC Greensboro,assistant_professor,81533.0
UNCG,UNC Greensboro,professor,99726.0
UNCG,UNC Greensboro,assistant_professor,105194.0
UNCG,UNC Greensboro,administrator,300000.0
UNCG,UNC Greensboro,lecturer,60000.0
UNCG,UNC Greensboro,professor,144361.0
UNCG,UNC Greensboro,assistant_professor,83500.0
UNCG,UNC Greensboro,assistant_professor,70000.0
UNCG,UNC Greensboro,associate_professor,90374.0
UNCG,UNC Greensboro,assistant_professor,63000.0
UNCG,UNC Greensboro,associate_professor,84167.0
UNCG,UNC Greensboro,professor,223686.0
UNCG,UNC Greensboro,professor,148761.0
UNCG,UNC Greensboro,professor,143754.0
UNCG,UNC Greensboro,professor,104602.0
UNCG,UNC Greensboro,associate_professor,74457.0
UNCG,UNC Greensboro,professor,82918.0
UNCG,UNC Greensboro,administrator,370000.0
UNCG,UNC Greensboro,associate_professor,81827.0
UNCG,UNC Greensboro,lecturer,38955.0
UNCG,UNC Greensboro,professor,97859.0
UNCG,UNC Greensboro,assistant_professor,70000.0
UNCG,UNC Greensboro,associate_professor,63201.0
UNCG,UNC Greensboro,associate_professor,85088.0
UNCG,UNC Greensboro,associate_professor,92257.0
UNCG,UNC Greensboro,professor,218303.0
UNCG,UNC Greensboro,associate_professor,106756.0
UNCG,UNC Greensboro,professor,85305.0
UNCG,UNC Greensboro,assistant_professor,71500.0
UNCG,UNC Greensboro,assistant_professor,79548.0
UNCG,UNC Greensboro,assistant_professor,65000.0
UNCG,UNC Greensboro,associate_professor,79813.0
UNCG,UNC Greensboro,administrator,266887.0
UNCG,UNC Greensboro,associate_professor,84006.0
UNCG,UNC Greensboro,lecturer,76140.0
UNCG,UNC Greensboro,administrator,111307.0
UNCG,UNC Greensboro,professor,122959.0
UNCG,UNC Greensboro,lecturer,57077.0
UNCG,UNC Greensboro,administrator,119438.0
UNCG,UNC Greensboro,professor,104000.0
UNCG,UNC Greensboro,lecturer,53119.0
UNCG,UNC Greensboro,assistant_professor,69000.0
UNCG,UNC Greensboro,assistant_professor,100419.0
UNCG,UNC Greensboro,associate_professor,105192.0
UNCG,UNC Greensboro,assistant_professor,94488.0
UNCG,UNC Greensboro,associate_professor,75593.0
UNCG,UNC Greensboro,assistant_professor,70000.0
UNCG,UNC Greensboro,assistant_professor,60000.0
UNCG,UNC Greensboro,professor,88473.0
UNCG,UNC Greensboro,assistant_professor,73866.0
UNCG,UNC Greensboro,associate_professor,94749.0
UNCG,UNC Greensboro,administrator,164743.0
UNCG,UNC Greensboro,associate_professor,90368.0
UNCG,UNC Greensboro,associate_professor,90048.0
UNCG,UNC Greensboro,lecturer,77866.0
UNCG,UNC Greensboro,lecturer,55000.0
UNCG,UNC Greensboro,associate_professor,187507.0
UNCG,UNC Greensboro,professor,192507.0
UNCG,UNC Greensboro,professor,138208.0
UNCG,UNC Greensboro,lecturer,81849.0
UNCG,UNC Greensboro,professor,84911.0
UNCG,UNC Greensboro,professor,131841.0
UNCG,UNC Greensboro,assistant_professor,82958.0
UNCG,UNC Greensboro,lecturer,48204.0
UNCG,UNC Greensboro,associate_professor,80140.0
UNCG,UNC Greensboro,lecturer,59120.0
UNCG,UNC Greensboro,assistant_professor,85231.0
UNCG,UNC Greensboro,associate_professor,92640.0
UNCG,UNC Greensboro,professor,110630.0
UNCG,UNC Greensboro,professor,114753.0
UNCG,UNC Greensboro,lecturer,99782.0
UNCG,UNC Greensboro,associate_professor,74000.0
UNCG,UNC Greensboro,professor,96991.0
UNCG,UNC Greensboro,administrator,292500.0
UNCG,UNC Greensboro,lecturer,59530.0
UNCG,UNC Greensboro,associate_professor,77208.0
UNCG,UNC Greensboro,professor,198871.0
UNCG,UNC Greensboro,professor,88750.0
UNCG,UNC Greensboro,associate_professor,85207.0
UNCG,UNC Greensboro,lecturer,125000.0
UNCG,UNC Greensboro,administrator,203600.0
UNCG,UNC Greensboro,professor,102720.0
UNCG,UNC Greensboro,lecturer,84214.0
UNCG,UNC Greensboro,professor,83206.0
UNCG,UNC Greensboro,professor,115005.0
UNCG,UNC Greensboro,lecturer,82999.0
UNCG,UNC Greensboro,lecturer,59971.0
UNCG,UNC Greensboro,lecturer,58000.0
UNCG,UNC Greensboro,associate_professor,79004.0
UNCG,UNC Greensboro,professor,68185.0
UNCG,UNC Greensboro,professor,152569.0
UNCG,UNC Greensboro,administrator,176143.0
UNCG,UNC Greensboro,lecturer,61111.0
UNCG,UNC Greensboro,lecturer,55000.0
UNCG,UNC Greensboro,lecturer,44229.0
UNCG,UNC Greensboro,professor,81999.0
UNCG,UNC Greensboro,administrator,159098.0
UNCG,UNC Greensboro,professor,77347.0
UNCG,UNC Greensboro,lecturer,47543.0
UNCG,UNC Greensboro,lecturer,72065.0
UNCG,UNC Greensboro,professor,98156.0
UNCG,UNC Greensboro,lecturer,75000.0
UNCG,UNC Greensboro,associate_professor,84640.0
UNCG,UNC Greensboro,professor,91022.0
UNCG,UNC Greensboro,lecturer,56371.0
UNCG,UNC Greensboro,lecturer,60000.0
UNCG,UNC Greensboro,professor,86844.0
UNCG,UNC Greensboro,associate_professor,74457.0
UNCG,UNC Greensboro,lecturer,50000.0
UNCG,UNC Greensboro,assistant_professor,63860.0
UNCG,UNC Greensboro,associate_professor,90913.0
UNCG,UNC Greensboro,assistant_professor,70040.0
UNCG,UNC Greensboro,associate_professor,85170.0
UNCG,UNC Greensboro,lecturer,60172.0
UNCG,UNC Greensboro,assistant_professor,123795.0
UNCG,UNC Greensboro,associate_professor,80481.0
UNCG,UNC Greensboro,professor,85034.0
UNCG,UNC Greensboro,associate_professor,90368.0
UNCG,UNC Greensboro,lecturer,62589.0
UNCG,UNC Greensboro,professor,128889.0
UNCG,UNC Greensboro,professor,109793.0
UNCG,UNC Greensboro,administrator,158395.0
UNCG,UNC Greensboro,assistant_professor,87000.0
UNCG,UNC Greensboro,administrator,116068.0
UNCG,UNC Greensboro,assistant_professor,62502.0
UNCG,UNC Greensboro,assistant_professor,159098.0
UNCG,UNC Greensboro,lecturer,47500.0
UNCG,UNC Greensboro,lecturer,50000.0
UNCG,UNC Greensboro,lecturer,56560.0
UNCG,UNC Greensboro,professor,84446.0
UNCG,UNC Greensboro,assistant_professor,82000.0
UNCG,UNC Greensboro,assistant_professor,94760.0
UNCG,UNC Greensboro,lecturer,52187.0
UNCG,UNC Greensboro,professor,92903.0
UNCG,UNC Greensboro,professor,85903.0
UNCG,UNC Greensboro,associate_professor,111192.0
UNCG,UNC Greensboro,professor,92394.0
UNCG,UNC Greensboro,assistant_professor,82987.0
UNCG,UNC Greensboro,assistant_professor,147500.0
UNCG,UNC Greensboro,associate_professor,87503.0
UNCG,UNC Greensboro,associate_professor,86350.0
UNCG,UNC Greensboro,lecturer,55000.0
UNCG,UNC Greensboro,lecturer,45000.0
UNCG,UNC Greensboro,lecturer,77866.0
UNCG,UNC Greensboro,professor,112178.0
UNCG,UNC Greensboro,associate_professor,78838.0
UNCG,UNC Greensboro,administrator,171392.0
UNCG,UNC Greensboro,associate_professor,83170.0
UNCG,UNC Greensboro,professor,117664.0
UNCG,UNC Greensboro,assistant_professor,68185.0
UNCG,UNC Greensboro,professor,82178.0
UNCG,UNC Greensboro,professor,94149.0
UNCG,UNC Greensboro,assistant_professor,110869.0
UNCG,UNC Greensboro,assistant_professor,62000.0
UNCG,UNC Greensboro,professor,287220.0
UNCG,UNC Greensboro,assistant_professor,64000.0
UNCG,UNC Greensboro,associate_professor,86950.0
UNCG,UNC Greensboro,lecturer,52546.0
UNCG,UNC Greensboro,professor,97618.0
UNCG,UNC Greensboro,professor,88041.0
UNCG,UNC Greensboro,lecturer,42848.0
UNCG,UNC Greensboro,lecturer,52000.0
UNCG,UNC Greensboro,professor,129139.0
UNCG,UNC Greensboro,assistant_professor,78717.0
UNCG,UNC Greensboro,associate_professor,79157.0
UNCG,UNC Greensboro,professor,97255.0
UNCG,UNC Greensboro,associate_professor,90325.0
UNCG,UNC Greensboro,assistant_professor,144200.0
UNCG,UNC Greensboro,associate_professor,92192.0
UNCG,UNC Greensboro,lecturer,51000.0
UNCG,UNC Greensboro,assistant_professor,62130.0
UNCG,UNC Greensboro,assistant_professor,69000.0
UNCG,UNC Greensboro,assistant_professor,90109.0
UNCG,UNC Greensboro,assistant_professor,82000.0
UNCG,UNC Greensboro,associate_professor,80066.0
UNCG,UNC Greensboro,lecturer,42000.0
UNCG,UNC Greensboro,professor,107553.0
UNCG,UNC Greensboro,assistant_professor,75000.0
UNCG,UNC Greensboro,professor,131259.0
UNCG,UNC Greensboro,associate_professor,88904.0
UNCG,UNC Greensboro,assistant_professor,70457.0
UNCG,UNC Greensboro,associate_professor,101346.0
UNCG,UNC Greensboro,lecturer,50806.0
UNCG,UNC Greensboro,lecturer,75000.0
UNCG,UNC Greensboro,associate_professor,117747.0
UNCG,UNC Greensboro,assistant_professor,65000.0
UNCG,UNC Greensboro,associate_professor,88530.0
UNCG,UNC Greensboro,assistant_professor,140000.0
UNCG,UNC Greensboro,lecturer,44348.0
UNCG,UNC Greensboro,lecturer,58400.0
UNCG,UNC Greensboro,assistant_professor,82000.0
UNCG,UNC Greensboro,assistant_professor,57943.0
UNCG,UNC Greensboro,assistant_professor,65920.0
UNCG,UNC Greensboro,professor,92782.0
UNCG,UNC Greensboro,assistant_professor,67000.0
UNCG,UNC Greensboro,assistant_professor,143000.0
UNCG,UNC Greensboro,assistant_professor,152278.0
UNCG,UNC Greensboro,assistant_professor,70457.0
UNCG,UNC Greensboro,associate_professor,83548.0
UNCG,UNC Greensboro,associate_professor,128597.0
UNCG,UNC Greensboro,professor,131461.0
UNCG,UNC Greensboro,administrator,465484.0
UNCG,UNC Greensboro,lecturer,58278.0
UNCG,UNC Greensboro,associate_professor,83548.0
UNCG,UNC Greensboro,assistant_professor,63000.0
UNCG,UNC Greensboro,professor,92398.0
UNCG,UNC Greensboro,lecturer,47759.0
UNCG,UNC Greensboro,professor,132603.0
UNCG,UNC Greensboro,lecturer,44348.0
UNCG,UNC Greensboro,associate_professor,85367.0
UNCG,UNC Greensboro,professor,135312.0
UNCG,UNC Greensboro,lecturer,46038.0
UNCG,UNC Greensboro,assistant_professor,80000.0
UNCG,UNC Greensboro,lecturer,55000.0
UNCG,UNC Greensboro,assistant_professor,82482.0
UNCG,UNC Greensboro,assistant_professor,70457.0
UNCG,UNC Greensboro,assistant_professor,80491.0
UNCG,UNC Greensboro,associate_professor,157413.0
UNCG,UNC Greensboro,professor,85550.0
UNCG,UNC Greensboro,associate_professor,77866.0
UNCG,UNC Greensboro,lecturer,57693.0
UNCG,UNC Greensboro,lecturer,50000.0
UNCG,UNC Greensboro,lecturer,47092.0
UNCG,UNC Greensboro,associate_professor,72237.0
UNCG,UNC Greensboro,lecturer,92258.0
UNCG,UNC Greensboro,professor,57186.0
UNCG,UNC Greensboro,professor,118450.0
UNCG,UNC Greensboro,professor,113642.0
UNCG,UNC Greensboro,assistant_professor,73866.0
UNCG,UNC Greensboro,associate_professor,75593.0
UNCG,UNC Greensboro,assistant_professor,115690.0
UNCG,UNC Greensboro,lecturer,42573.0
UNCG,UNC Greensboro,lecturer,53217.0
UNCG,UNC Greensboro,associate_professor,169760.0
UNCG,UNC Greensboro,associate_professor,80106.0
UNCG,UNC Greensboro,assistant_professor,79429.0
UNCG,UNC Greensboro,lecturer,45005.0
UNCG,UNC Greensboro,professor,108350.0
UNCG,UNC Greensboro,lecturer,104281.0
UNCG,UNC Greensboro,lecturer,46565.0
UNCG,UNC Greensboro,assistant_professor,170000.0
UNCG,UNC Greensboro,professor,97597.0
UNCG,UNC Greensboro,associate_professor,80305.0
UNCG,UNC Greensboro,professor,96063.0
UNCG,UNC Greensboro,professor,95789.0
UNCG,UNC Greensboro,professor,106605.0
UNCG,UNC Greensboro,assistant_professor,65000.0
UNCG,UNC Greensboro,associate_professor,90120.0
UNCG,UNC Greensboro,associate_professor,68339.0
UNCG,UNC Greensboro,associate_professor,95610.0
UNCG,UNC Greensboro,assistant_professor,125406.0
UNCG,UNC Greensboro,administrator,173874.0
UNCG,UNC Greensboro,lecturer,31500.0
UNCG,UNC Greensboro,professor,106079.0
UNCG,UNC Greensboro,administrator,124697.0
UNCG,UNC Greensboro,assistant_professor,124079.0
UNCG,UNC Greensboro,lecturer,31500.0
UNCG,UNC Greensboro,lecturer,59094.0
UNCG,UNC Greensboro,assistant_professor,65000.0
UNCG,UNC Greensboro,professor,175751.0
UNCG,UNC Greensboro,professor,112182.0
UNCG,UNC Greensboro,associate_professor,88696.0
UNCG,UNC Greensboro,associate_professor,84859.0
UNCG,UNC Greensboro,professor,87899.0
UNCG,UNC Greensboro,lecturer,48204.0
UNCG,UNC Greensboro,professor,145346.0
UNCG,UNC Greensboro,professor,94997.0
UNCG,UNC Greensboro,professor,87849.0
UNCG,UNC Greensboro,assistant_professor,147734.0
UNCG,UNC Greensboro,associate_professor,77986.0
UNCG,UNC Greensboro,lecturer,51308.0
UNCG,UNC Greensboro,lecturer,47746.0
UNCG,UNC Greensboro,lecturer,44990.0
UNCG,UNC Greensboro,assistant_professor,105577.0
UNCG,UNC Greensboro,lecturer,72119.0
UNCG,UNC Greensboro,associate_professor,78894.0
UNCG,UNC Greensboro,lecturer,44348.0
UNCG,UNC Greensboro,assistant_professor,136990.0
UNCG,UNC Greensboro,professor,100000.0
UNCG,UNC Greensboro,professor,200008.0
UNCG,UNC Greensboro,assistant_professor,147500.0
UNCG,UNC Greensboro,associate_professor,79329.0
UNCG,UNC Greensboro,lecturer,42047.0
UNCG,UNC Greensboro,assistant_professor,76140.0
UNCG,UNC Greensboro,associate_professor,116009.0
UNCG,UNC Greensboro,associate_professor,88663.0
UNCG,UNC Greensboro,professor,86798.0
UNCG,UNC Greensboro,associate_professor,162556.0
UNCG,UNC Greensboro,lecturer,46565.0
UNCG,UNC Greensboro,professor,115919.0
UNCG,UNC Greensboro,assistant_professor,179553.0
UNCG,UNC Greensboro,associate_professor,95172.0
UNCG,UNC Greensboro,lecturer,65541.0
UNCG,UNC Greensboro,assistant_professor,65000.0
UNCG,UNC Greensboro,lecturer,81000.0
UNCG,UNC Greensboro,assistant_professor,65000.0
UNCG,UNC Greensboro,professor,137972.0
UNCG,UNC Greensboro,professor,235895.0
UNCG,UNC Greensboro,professor,173042.0
UNCG,UNC Greensboro,associate_professor,83271.0
UNCG,UNC Greensboro,assistant_professor,62130.0
UNCG,UNC Greensboro,professor,159949.0
UNCG,UNC Greensboro,lecturer,77324.0
UNCG,UNC Greensboro,professor,114298.0
UNCG,UNC Greensboro,lecturer,57000.0
UNCG,UNC Greensboro,associate_professor,78870.0
UNCG,UNC Greensboro,associate_professor,83153.0
UNCG,UNC Greensboro,associate_professor,93842.0
UNCG,UNC Greensboro,professor,100639.0
UNCG,UNC Greensboro,lecturer,46565.0
UNCG,UNC Greensboro,administrator,106664.0
UNCG,UNC Greensboro,professor,94417.0
UNCG,UNC Greensboro,assistant_professor,80000.0
UNCG,UNC Greensboro,professor,88719.0
UNCG,UNC Greensboro,professor,88933.0
UNCG,UNC Greensboro,associate_professor,87400.0
UNCG,UNC Greensboro,professor,96038.0
UNCG,UNC Greensboro,professor,93757.0
UNCG,UNC Greensboro,professor,87702.0
UNCG,UNC Greensboro,assistant_professor,70700.0
UNCG,UNC Greensboro,assistant_professor,71593.0
UNCG,UNC Greensboro,assistant_professor,78980.0
UNCG,UNC Greensboro,lecturer,61004.0
UNCG,UNC Greensboro,assistant_professor,66522.0
UNCG,UNC Greensboro,lecturer,60000.0
UNCG,UNC Greensboro,professor,102864.0
UNCG,UNC Greensboro,administrator,250000.0
UNCG,UNC Greensboro,assistant_professor,82000.0
UNCG,UNC Greensboro,assistant_professor,82000.0
UNCG,UNC Greensboro,professor,131117.0
UNCG,UNC Greensboro,associate_professor,75026.0
UNCG,UNC Greensboro,assistant_professor,75000.0
UNCG,UNC Greensboro,assistant_professor,72730.0
UNCG,UNC Greensboro,professor,131824.0
UNCG,UNC Greensboro,professor,115161.0
UNCG,UNC Greensboro,professor,147217.0
UNCG,UNC Greensboro,associate_professor,55138.0
UNCG,UNC Greensboro,professor,97843.0
UNCG,UNC Greensboro,professor,105920.0
UNCG,UNC Greensboro,assistant_professor,91006.0
UNCG,UNC Greensboro,assistant_professor,120328.0
UNCG,UNC Greensboro,assistant_professor,62000.0
UNCG,UNC Greensboro,lecturer,76431.0
UNCG,UNC Greensboro,associate_professor,87300.0
UNCG,UNC Greensboro,professor,170517.0
UNCG,UNC Greensboro,assistant_professor,68000.0
UNCG,UNC Greensboro,lecturer,51736.0
UNCG,UNC Greensboro,associate_professor,79825.0
UNCG,UNC Greensboro,associate_professor,79908.0
UNCG,UNC Greensboro,associate_professor,135509.0
UNCG,UNC Greensboro,assistant_professor,140000.0
UNCG,UNC Greensboro,professor,84354.0
UNCG,UNC Greensboro,associate_professor,78612.0
UNCG,UNC Greensboro,professor,142631.0
UNCG,UNC Greensboro,assistant_professor,70000.0
UNCG,UNC Greensboro,professor,92159.0
UNCG,UNC Greensboro,assistant_professor,79548.0
UNCG,UNC Greensboro,associate_professor,67701.0
UNCG,UNC Greensboro,associate_professor,91011.0
UNCG,UNC Greensboro,professor,109592.0
UNCG,UNC Greensboro,professor,131611.0
UNCG,UNC Greensboro,associate_professor,93194.0
UNCG,UNC Greensboro,assistant_professor,196833.0
UNCG,UNC Greensboro,assistant_professor,82500.0
UNCG,UNC Greensboro,associate_professor,65365.0
UNCG,UNC Greensboro,assistant_professor,120464.0
UNCG,UNC Greensboro,lecturer,51623.0
UNCG,UNC Greensboro,assistant_professor,64000.0
UNCG,UNC Greensboro,professor,183010.0
UNCG,UNC Greensboro,lecturer,50000.0
UNCG,UNC Greensboro,lecturer,59740.0
UNCG,UNC Greensboro,assistant_professor,75004.0
UNCG,UNC Greensboro,assistant_professor,80000.0
UNCG,UNC Greensboro,associate_professor,83000.0
UNCG,UNC Greensboro,assistant_professor,81821.0
UNCG,UNC Greensboro,professor,118503.0
UNCG,UNC Greensboro,lecturer,96049.0
UNCG,UNC Greensboro,professor,93089.0
UNCG,UNC Greensboro,professor,119710.0
UNCG,UNC Greensboro,professor,84208.0
UNCG,UNC Greensboro,assistant_professor,76140.0
UNCG,UNC Greensboro,lecturer,31500.0
UNCG,UNC Greensboro,administrator,183060.0
UNCG,UNC Greensboro,professor,80944.0
UNCG,UNC Greensboro,professor,102038.0
UNCG,UNC Greensboro,associate_professor,186126.0
UNCG,UNC Greensboro,associate_professor,48765.0
UNCG,UNC Greensboro,assistant_professor,63000.0
UNCG,UNC Greensboro,lecturer,87140.0
UNCG,UNC Greensboro,associate_professor,82590.0
UNCG,UNC Greensboro,professor,148954.0
UNCG,UNC Greensboro,lecturer,53846.0
UNCG,UNC Greensboro,lecturer,66950.0
UNCG,UNC Greensboro,professor,92188.0
UNCG,UNC Greensboro,assistant_professor,78412.0
UNCG,UNC Greensboro,assistant_professor,165000.0
UNCG,UNC Greensboro,associate_professor,89231.0
UNCG,UNC Greensboro,assistant_professor,112372.0
UNCG,UNC Greensboro,associate_professor,202871.0
UNCG,UNC Greensboro,assistant_professor,65000.0
UNCG,UNC Greensboro,professor,85745.0
UNCG,UNC Greensboro,lecturer,48831.0
UNCG,UNC Greensboro,lecturer,41200.0
UNCG,UNC Greensboro,lecturer,46047.0
UNCG,UNC Greensboro,associate_professor,152432.0
UNCG,UNC Greensboro,assistant_professor,77421.0
UNCG,UNC Greensboro,assistant_professor,84600.0
UNCG,UNC Greensboro,assistant_professor,98562.0
UNCG,UNC Greensboro,associate_professor,75996.0
UNCG,UNC Greensboro,assistant_professor,63000.0
UNCG,UNC Greensboro,professor,80227.0
UNCG,UNC Greensboro,lecturer,45649.0
UNCG,UNC Greensboro,lecturer,56000.0
UNCG,UNC Greensboro,associate_professor,72650.0
UNCG,UNC Greensboro,professor,183274.0
UNCG,UNC Greensboro,lecturer,45483.0
UNCG,UNC Greensboro,lecturer,83000.0
UNCG,UNC Greensboro,lecturer,88145.0
UNCG,UNC Greensboro,associate_professor,97960.0
UNCG,UNC Greensboro,lecturer,78299.0
UNCG,UNC Greensboro,associate_professor,152194.0
UNCG,UNC Greensboro,lecturer,34925.0
UNCG,UNC Greensboro,assistant_professor,118000.0
UNCG,UNC Greensboro,assistant_professor,67500.0
UNCG,UNC Greensboro,assistant_professor,105655.0
UNCG,UNC Greensboro,associate_professor,77866.0
UNCG,UNC Greensboro,administrator,267056.0
UNCG,UNC Greensboro,lecturer,45531.0
UNCG,UNC Greensboro,lecturer,70680.0
UNCG,UNC Greensboro,lecturer,47281.0
UNCG,UNC Greensboro,assistant_professor,67000.0
UNCG,UNC Greensboro,assistant_professor,79548.0
UNCG,UNC Greensboro,lecturer,67038.0
UNCG,UNC Greensboro,administrator,284103.0
UNCG,UNC Greensboro,assistant_professor,73120.0
UNCG,UNC Greensboro,administrator,170904.0
UNCG,UNC Greensboro,lecturer,56140.0
UNCG,UNC Greensboro,associate_professor,75259.0
UNCG,UNC Greensboro,lecturer,74262.0
UNCG,UNC Greensboro,assistant_professor,85231.0
UNCG,UNC Greensboro,lecturer,38474.0
UNCG,UNC Greensboro,assistant_professor,85800.0
UNCG,UNC Greensboro,professor,85289.0
UNCG,UNC Greensboro,associate_professor,148828.0
UNCG,UNC Greensboro,associate_professor,160475.0
UNCG,UNC Greensboro,lecturer,55138.0
UNCG,UNC Greensboro,lecturer,98209.0
UNCG,UNC Greensboro,assistant_professor,71070.0
UNCG,UNC Greensboro,lecturer,42000.0
UNCG,UNC Greensboro,lecturer,58856.0
UNCG,UNC Greensboro,associate_professor,60619.0
UNCG,UNC Greensboro,lecturer,50000.0
UNCG,UNC Greensboro,professor,91685.0
UNCG,UNC Greensboro,associate_professor,100226.0
UNCG,UNC Greensboro,assistant_professor,86214.0
UNCG,UNC Greensboro,lecturer,45000.0
UNCG,UNC Greensboro,lecturer,83261.0
UNCG,UNC Greensboro,associate_professor,89776.0
UNCG,UNC Greensboro,professor,109170.0
UNCG,UNC Greensboro,assistant_professor,115869.0
UNCG,UNC Greensboro,lecturer,82999.0
UNCG,UNC Greensboro,professor,105014.0
UNCG,UNC Greensboro,assistant_professor,75000.0
UNCG,UNC Greensboro,assistant_professor,86214.0
UNCG,UNC Greensboro,associate_professor,71085.0
UNCG,UNC Greensboro,assistant_professor,140000.0
UNCG,UNC Greensboro,assistant_professor,77126.0
UNCG,UNC Greensboro,assistant_professor,104121.0
UNCG,UNC Greensboro,professor,78129.0
UNCG,UNC Greensboro,assistant_professor,98450.0
UNCG,UNC Greensboro,professor,160575.0
UNCG,UNC Greensboro,lecturer,50000.0
UNCG,UNC Greensboro,assistant_professor,75190.0
UNCG,UNC Greensboro,lecturer,45000.0
UNCG,UNC Greensboro,lecturer,84500.0
UNCG,UNC Greensboro,lecturer,101443.0
UNCG,UNC Greensboro,lecturer,70957.0
UNCG,UNC Greensboro,assistant_professor,77152.0
UNCG,UNC Greensboro,lecturer,49000.0
UNCG,UNC Greensboro,professor,134865.0
UNCG,UNC Greensboro,associate_professor,91520.0
UNCG,UNC Greensboro,assistant_professor,86368.0
UNCG,UNC Greensboro,associate_professor,68970.0
UNCG,UNC Greensboro,associate_professor,85175.0
UNCG,UNC Greensboro,associate_professor,91503.0
UNCG,UNC Greensboro,assistant_professor,74000.0
UNCG,UNC Greensboro,assistant_professor,75040.0
UNCG,UNC Greensboro,professor,87098.0
UNCG,UNC Greensboro,lecturer,50000.0
UNCG,UNC Greensboro,assistant_professor,80685.0
UNCG,UNC Greensboro,lecturer,70040.0
UNCG,UNC Greensboro,assistant_professor,143000.0
UNCG,UNC Greensboro,assistant_professor,68000.0
UNCG,UNC Greensboro,assistant_professor,68739.0
UNCG,UNC Greensboro,assistant_professor,64272.0
UNCG,UNC Greensboro,professor,96417.0
UNCG,UNC Greensboro,lecturer,52141.0
UNCG,UNC Greensboro,professor,98421.0
UNCG,UNC Greensboro,assistant_professor,82958.0
UNCG,UNC Greensboro,associate_professor,81404.0
UNCG,UNC Greensboro,professor,103707.0
UNCG,UNC Greensboro,lecturer,44263.0
UNCG,UNC Greensboro,professor,88751.0
UNCG,UNC Greensboro,professor,90638.0
UNCG,UNC Greensboro,associate_professor,76140.0
UNCG,UNC Greensboro,administrator,260000.0
UNCG,UNC Greensboro,assistant_professor,100419.0
UNCG,UNC Greensboro,professor,86992.0
UNCG,UNC Greensboro,professor,123369.0
UNCG,UNC Greensboro,administrator,170904.0
UNCG,UNC Greensboro,associate_professor,84211.0
UNCG,UNC Greensboro,associate_professor,114521.0
UNCG,UNC Greensboro,assistant_professor,143054.0
UNCG,UNC Greensboro,lecturer,42000.0
UNCG,UNC Greensboro,lecturer,64628.0
UNCG,UNC Greensboro,assistant_professor,147500.0
UNCG,UNC Greensboro,professor,108935.0
UNCG,UNC Greensboro,associate_professor,93000.0
UNCG,UNC Greensboro,associate_professor,83558.0
UNCG,UNC Greensboro,assistant_professor,79548.0
UNCG,UNC Greensboro,assistant_professor,98562.0
UNCG,UNC Greensboro,assistant_professor,146000.0
UNCG,UNC Greensboro,associate_professor,88379.0
UNCG,UNC Greensboro,lecturer,102928.0
UNCG,UNC Greensboro,assistant_professor,65000.0
UNCG,UNC Greensboro,assistant_professor,73866.0
UNCG,UNC Greensboro,lecturer,71561.0
UNCG,UNC Greensboro,administrator,199565.0
UNCG,UNC Greensboro,associate_professor,90803.0
UNCG,UNC Greensboro,associate_professor,93701.0
UNCG,UNC Greensboro,professor,113385.0
UNCG,UNC Greensboro,assistant_professor,71000.0
UNCG,UNC Greensboro,professor,94839.0
UNCG,UNC Greensboro,assistant_professor,143000.0
UNCG,UNC Greensboro,assistant_professor,52000.0
UNCG,UNC Greensboro,lecturer,52222.0
UNCG,UNC Greensboro,assistant_professor,80103.0
UNCG,UNC Greensboro,associate_professor,116666.0
UNCG,UNC Greensboro,lecturer,45479.0
UNCG,UNC Greensboro,lecturer,70000.0
UNCG,UNC Greensboro,assistant_professor,65000.0
UNCG,UNC Greensboro,associate_professor,68124.0
UNCG,UNC Greensboro,assistant_professor,64000.0
UNCG,UNC Greensboro,associate_professor,105942.0
UNCG,UNC Greensboro,associate_professor,80856.0
UNCG,UNC Greensboro,associate_professor,79093.0
UNCG,UNC Greensboro,assistant_professor,75000.0
UNCG,UNC Greensboro,lecturer,44990.0
UNCG,UNC Greensboro,professor,125277.0
UNCG,UNC Greensboro,assistant_professor,147734.0
UNCG,UNC Greensboro,associate_professor,78704.0
UNCG,UNC Greensboro,associate_professor,87002.0
UNCG,UNC Greensboro,lecturer,76730.0
UNCG,UNC Greensboro,associate_professor,117957.0
UNCG,UNC Greensboro,lecturer,47741.0
UNCG,UNC Greensboro,lecturer,47275.0
UNCG,UNC Greensboro,professor,108930.0
UNCG,UNC Greensboro,associate_professor,131942.0
UNCG,UNC Greensboro,lecturer,90003.0
UNCG,UNC Greensboro,professor,122111.0
UNCG,UNC Greensboro,lecturer,55138.0
UNCG,UNC Greensboro,lecturer,50618.0
UNCG,UNC Greensboro,professor,122165.0
UNCG,UNC Greensboro,administrator,152252.0
UNCG,UNC Greensboro,lecturer,45000.0
UNCG,UNC Greensboro,associate_professor,84304.0
UNCG,UNC Greensboro,professor,148955.0
UNCG,UNC Greensboro,professor,235289.0
UNCG,UNC Greensboro,associate_professor,77352.0
UNCG,UNC Greensboro,lecturer,42000.0
UNCG,UNC Greensboro,lecturer,54265.0
UNCG,UNC Greensboro,associate_professor,79660.0
UNCG,UNC Greensboro,lecturer,51491.0
UNCG,UNC Greensboro,lecturer,59903.0
UNCG,UNC Greensboro,lecturer,53560.0
UNCG,UNC Greensboro,professor,86048.0
UNCG,UNC Greensboro,associate_professor,81015.0
UNCG,UNC Greensboro,associate_professor,151979.0
UNCG,UNC Greensboro,lecturer,42848.0
UNCG,UNC Greensboro,associate_professor,82594.0
UNCG,UNC Greensboro,professor,183010.0
UNCG,UNC Greensboro,lecturer,114446.0
UNCG,UNC Greensboro,assistant_professor,92001.0
UNCG,UNC Greensboro,lecturer,42000.0
UNCG,UNC Greensboro,lecturer,42047.0
UNCG,UNC Greensboro,assistant_professor,40000.0
UNCG,UNC Greensboro,associate_professor,95544.0
UNCG,UNC Greensboro,professor,89417.0
UNCG,UNC Greensboro,professor,99124.0
UNCG,UNC Greensboro,professor,95382.0
UNCG,UNC Greensboro,lecturer,42642.0
UNCG,UNC Greensboro,lecturer,77866.0
UNCG,UNC Greensboro,assistant_professor,67000.0
UNCG,UNC Greensboro,assistant_professor,110869.0
UNCG,UNC Greensboro,professor,168317.0
UNCG,UNC Greensboro,lecturer,69500.0
UNCG,UNC Greensboro,assistant_professor,72100.0
UNCG,UNC Greensboro,professor,88535.0
UNCG,UNC Greensboro,assistant_professor,143000.0
UNCG,UNC Greensboro,professor,133322.0
UNCG,UNC Greensboro,lecturer,50834.0
UNCG,UNC Greensboro,associate_professor,152702.0
UNCG,UNC Greensboro,lecturer,54472.0
UNCG,UNC Greensboro,assistant_professor,73866.0
UNCG,UNC Greensboro,associate_professor,86958.0
UNCG,UNC Greensboro,associate_professor,76851.0
UNCG,UNC Greensboro,lecturer,68185.0
UNCG,UNC Greensboro,assistant_professor,53000.0
UNCG,UNC Greensboro,lecturer,46000.0
UNCG,UNC Greensboro,professor,114780.0
UNCG,UNC Greensboro,associate_professor,69745.0
UNCG,UNC Greensboro,associate_professor,94913.0
UNCG,UNC Greensboro,professor,90471.0
UNCG,UNC Greensboro,associate_professor,81002.0
UNCG,UNC Greensboro,assistant_professor,80000.0
UNCG,UNC Greensboro,assistant_professor,82000.0
UNCG,UNC Greensboro,lecturer,44314.0
UNCG,UNC Greensboro,lecturer,64272.0
UNCG,UNC Greensboro,associate_professor,77222.0
UNCG,UNC Greensboro,associate_professor,149202.0
UNCG,UNC Greensboro,assistant_professor,92434.0
UNCG,UNC Greensboro,assistant_professor,85231.0
UNCG,UNC Greensboro,professor,98589.0
UNCG,UNC Greensboro,professor,92286.0
UNCG,UNC Greensboro,associate_professor,90913.0
UNCG,UNC Greensboro,assistant_professor,64890.0
UNCG,UNC Greensboro,associate_professor,224748.0
UNCG,UNC Greensboro,professor,98406.0
UNCG,UNC Greensboro,assistant_professor,75000.0
UNCG,UNC Greensboro,associate_professor,134394.0
UNCG,UNC Greensboro,associate_professor,81635.0
UNCG,UNC Greensboro,lecturer,42981.0
UNCG,UNC Greensboro,professor,105541.0
UNCG,UNC Greensboro,assistant_professor,85231.0
UNCG,UNC Greensboro,lecturer,66061.0
UNCG,UNC Greensboro,assistant_professor,113547.0
UNCG,UNC Greensboro,assistant_professor,77124.0
UNCG,UNC Greensboro,professor,99722.0
UNCG,UNC Greensboro,professor,145380.0
UNCG,UNC Greensboro,associate_professor,127295.0
UNCG,UNC Greensboro,professor,186986.0
UNCG,UNC Greensboro,assistant_professor,68000.0
UNCG,UNC Greensboro,lecturer,61534.0
UNCG,UNC Greensboro,professor,108982.0
UNCG,UNC Greensboro,professor,202563.0
UNCG,UNC Greensboro,associate_professor,79472.0
UNCG,UNC Greensboro,lecturer,48385.0
UNCG,UNC Greensboro,professor,112300.0
UNCG,UNC Greensboro,professor,97058.0
UNCG,UNC Greensboro,assistant_professor,86368.0
UNCG,UNC Greensboro,lecturer,96876.0
UNCG,UNC Greensboro,lecturer,62880.0
UNCG,UNC Greensboro,assistant_professor,85000.0
UNCG,UNC Greensboro,associate_professor,53270.0
UNCG,UNC Greensboro,assistant_professor,165000.0
UNCG,UNC Greensboro,professor,82502.0
UNCG,UNC Greensboro,professor,95217.0
UNCG,UNC Greensboro,lecturer,71673.0
UNCG,UNC Greensboro,assistant_professor,115690.0
UNCG,UNC Greensboro,assistant_professor,76140.0
UNCG,UNC Greensboro,assistant_professor,98490.0
UNCG,UNC Greensboro,lecturer,49220.0
UNCG,UNC Greensboro,assistant_professor,98562.0
UNCG,UNC Greensboro,assistant_professor,85500.0
UNCG,UNC Greensboro,assistant_professor,70400.0
UNCG,UNC Greensboro,assistant_professor,67000.0
UNCG,UNC Greensboro,lecturer,73000.0
UNCG,UNC Greensboro,associate_professor,143021.0
UNCG,UNC Greensboro,administrator,147734.0
UNCG,UNC Greensboro,associate_professor,120221.0
UNCG,UNC Greensboro,assistant_professor,56076.0
UNCG,UNC Greensboro,assistant_professor,76140.0
UNCG,UNC Greensboro,associate_professor,88000.0
UNCG,UNC Greensboro,associate_professor,63094.0
UNCG,UNC Greensboro,associate_professor,80140.0
UNCG,UNC Greensboro,professor,100439.0
UNCG,UNC Greensboro,lecturer,47184.0
UNCG,UNC Greensboro,professor,105485.0
UNCG,UNC Greensboro,associate_professor,80931.0
UNCG,UNC Greensboro,assistant_professor,73335.0
UNCG,UNC Greensboro,lecturer,52000.0
UNCG,UNC Greensboro,associate_professor,96272.0
UNCG,UNC Greensboro,assistant_professor,76140.0
UNCG,UNC Greensboro,assistant_professor,70000.0
UNCG,UNC Greensboro,assistant_professor,81906.0
UNCG,UNC Greensboro,professor,87186.0
UNCG,UNC Greensboro,lecturer,50000.0
UNCG,UNC Greensboro,assistant_professor,179553.0
UNCG,UNC Greensboro,assistant_professor,75004.0
UNCG,UNC Greensboro,professor,100265.0
UNCG,UNC Greensboro,associate_professor,93632.0
UNCG,UNC Greensboro,assistant_professor,62500.0
UNCG,UNC Greensboro,assistant_professor,59094.0
UNCG,UNC Greensboro,associate_professor,72185.0
UNCG,UNC Greensboro,associate_professor,88373.0
UNCG,UNC Greensboro,lecturer,59094.0
UNCG,UNC Greensboro,assistant_professor,81000.0
UNCG,UNC Greensboro,professor,114405.0
UNCG,UNC Greensboro,assistant_professor,83511.0
UNCG,UNC Greensboro,lecturer,65005.0
UNCG,UNC Greensboro,professor,89933.0
UNCG,UNC Greensboro,professor,98320.0
UNCG,UNC Greensboro,associate_professor,46390.0
UNCG,UNC Greensboro,lecturer,31500.0
UNCG,UNC Greensboro,administrator,164779.0
UNCG,UNC Greensboro,assistant_professor,101936.0
UNCG,UNC Greensboro,lecturer,57957.0
UNCG,UNC Greensboro,associate_professor,93194.0
UNCG,UNC Greensboro,lecturer,49000.0
UNCG,UNC Greensboro,assistant_professor,86368.0
UNCG,UNC Greensboro,assistant_professor,66000.0
UNCG,UNC Greensboro,lecturer,42000.0
UNCG,UNC Greensboro,associate_professor,148494.0
UNCG,UNC Greensboro,professor,95697.0
UNCG,UNC Greensboro,assistant_professor,94908.0
UNCG,UNC Greensboro,assistant_professor,58000.0
UNCG,UNC Greensboro,professor,126701.0
UNCG,UNC Greensboro,professor,212098.0
UNCG,UNC Greensboro,associate_professor,95544.0
UNCG,UNC Greensboro,lecturer,53217.0
UNCG,UNC Greensboro,lecturer,67024.0
UNCG,UNC Greensboro,lecturer,31500.0
UNCG,UNC Greensboro,associate_professor,80140.0
UNCG,UNC Greensboro,lecturer,82999.0
UNCG,UNC Greensboro,lecturer,42000.0
UNCG,UNC Greensboro,assistant_professor,82400.0
UNCG,UNC Greensboro,assistant_professor,65000.0
UNCG,UNC Greensboro,professor,195700.0
UNCG,UNC Greensboro,assistant_professor,76000.0
UNCG,UNC Greensboro,associate_professor,152194.0
UNCG,UNC Greensboro,professor,92553.0
UNCG,UNC Greensboro,assistant_professor,63860.0
UNCG,UNC Greensboro,associate_professor,73975.0
UNCG,UNC Greensboro,professor,133159.0
UNCG,UNC Greensboro,assistant_professor,70000.0
UNCG,UNC Greensboro,professor,77478.0
UNCG,UNC Greensboro,associate_professor,87128.0
UNCG,UNC Greensboro,professor,101275.0
UNCG,UNC Greensboro,professor,106042.0
UNCG,UNC Greensboro,professor,174848.0
UNCG,UNC Greensboro,lecturer,50000.0
UNCG,UNC Greensboro,associate_professor,87614.0
UNCG,UNC Greensboro,assistant_professor,143000.0
UNCG,UNC Greensboro,professor,184082.0
UNCG,UNC Greensboro,assistant_professor,67000.0
UNCG,UNC Greensboro,assistant_professor,87000.0
UNCP,UNC Pembroke,assistant_professor,89311.0
UNCP,UNC Pembroke,administrator,152853.0
UNCP,UNC Pembroke,associate_professor,77567.0
UNCP,UNC Pembroke,associate_professor,79893.0
UNCP,UNC Pembroke,associate_professor,69799.0
UNCP,UNC Pembroke,administrator,147911.0
UNCP,UNC Pembroke,assistant_professor,61000.0
UNCP,UNC Pembroke,professor,84105.0
UNCP,UNC Pembroke,professor,151004.0
UNCP,UNC Pembroke,assistant_professor,62213.0
UNCP,UNC Pembroke,assistant_professor,78426.0
UNCP,UNC Pembroke,professor,88604.0
UNCP,UNC Pembroke,lecturer,53837.0
UNCP,UNC Pembroke,lecturer,83752.0
UNCP,UNC Pembroke,professor,111788.0
UNCP,UNC Pembroke,lecturer,49966.0
UNCP,UNC Pembroke,professor,200577.0
UNCP,UNC Pembroke,associate_professor,72166.0
UNCP,UNC Pembroke,assistant_professor,62000.0
UNCP,UNC Pembroke,assistant_professor,70771.0
UNCP,UNC Pembroke,assistant_professor,82225.0
UNCP,UNC Pembroke,professor,103000.0
UNCP,UNC Pembroke,associate_professor,77623.0
UNCP,UNC Pembroke,administrator,101764.0
UNCP,UNC Pembroke,associate_professor,71812.0
UNCP,UNC Pembroke,assistant_professor,77580.0
UNCP,UNC Pembroke,associate_professor,119660.0
UNCP,UNC Pembroke,lecturer,57902.0
UNCP,UNC Pembroke,assistant_professor,95000.0
UNCP,UNC Pembroke,lecturer,87106.0
UNCP,UNC Pembroke,lecturer,45256.0
UNCP,UNC Pembroke,professor,81411.0
UNCP,UNC Pembroke,associate_professor,151134.0
UNCP,UNC Pembroke,associate_professor,100000.0
UNCP,UNC Pembroke,lecturer,58784.0
UNCP,UNC Pembroke,assistant_professor,67712.0
UNCP,UNC Pembroke,lecturer,63009.0
UNCP,UNC Pembroke,associate_professor,140587.0
UNCP,UNC Pembroke,assistant_professor,105000.0
UNCP,UNC Pembroke,associate_professor,64455.0
UNCP,UNC Pembroke,associate_professor,73721.0
UNCP,UNC Pembroke,lecturer,52469.0
UNCP,UNC Pembroke,administrator,200000.0
UNCP,UNC Pembroke,professor,88703.0
UNCP,UNC Pembroke,professor,82068.0
UNCP,UNC Pembroke,administrator,131000.0
UNCP,UNC Pembroke,lecturer,63742.0
UNCP,UNC Pembroke,associate_professor,72199.0
UNCP,UNC Pembroke,associate_professor,69367.0
UNCP,UNC Pembroke,lecturer,49493.0
UNCP,UNC Pembroke,associate_professor,140587.0
UNCP,UNC Pembroke,lecturer,48335.0
UNCP,UNC Pembroke,associate_professor,72104.0
UNCP,UNC Pembroke,associate_professor,80342.0
UNCP,UNC Pembroke,assistant_professor,68739.0
UNCP,UNC Pembroke,assistant_professor,60957.0
UNCP,UNC Pembroke,professor,132759.0
UNCP,UNC Pembroke,administrator,356005.0
UNCP,UNC Pembroke,assistant_professor,113300.0
UNCP,UNC Pembroke,lecturer,63918.0
UNCP,UNC Pembroke,lecturer,53000.0
UNCP,UNC Pembroke,administrator,144823.0
UNCP,UNC Pembroke,assistant_professor,65479.0
UNCP,UNC Pembroke,lecturer,62480.0
UNCP,UNC Pembroke,lecturer,52137.0
UNCP,UNC Pembroke,professor,87753.0
UNCP,UNC Pembroke,professor,93506.0
UNCP,UNC Pembroke,associate_professor,63538.0
UNCP,UNC Pembroke,administrator,267800.0
UNCP,UNC Pembroke,professor,85362.0
UNCP,UNC Pembroke,lecturer,79543.0
UNCP,UNC Pembroke,lecturer,64329.0
UNCP,UNC Pembroke,professor,46780.0
UNCP,UNC Pembroke,associate_professor,77984.0
UNCP,UNC Pembroke,associate_professor,82188.0
UNCP,UNC Pembroke,assistant_professor,63340.0
UNCP,UNC Pembroke,lecturer,53742.0
UNCP,UNC Pembroke,administrator,146850.0
UNCP,UNC Pembroke,professor,91938.0
UNCP,UNC Pembroke,assistant_professor,101750.0
UNCP,UNC Pembroke,professor,81287.0
UNCP,UNC Pembroke,assistant_professor,62213.0
UNCP,UNC Pembroke,associate_professor,75000.0
UNCP,UNC Pembroke,lecturer,60000.0
UNCP,UNC Pembroke,professor,114448.0
UNCP,UNC Pembroke,assistant_professor,66414.0
UNCP,UNC Pembroke,assistant_professor,69628.0
UNCP,UNC Pembroke,professor,111705.0
UNCP,UNC Pembroke,lecturer,50142.0
UNCP,UNC Pembroke,professor,120000.0
UNCP,UNC Pembroke,assistant_professor,89311.0
UNCP,UNC Pembroke,assistant_professor,58419.0
UNCP,UNC Pembroke,professor,150000.0
UNCP,UNC Pembroke,lecturer,63953.0
UNCP,UNC Pembroke,lecturer,51791.0
UNCP,UNC Pembroke,associate_professor,76629.0
UNCP,UNC Pembroke,professor,170314.0
UNCP,UNC Pembroke,associate_professor,71201.0
UNCP,UNC Pembroke,associate_professor,71770.0
UNCP,UNC Pembroke,associate_professor,65652.0
UNCP,UNC Pembroke,lecturer,56882.0
UNCP,UNC Pembroke,professor,83615.0
UNCP,UNC Pembroke,associate_professor,65409.0
UNCP,UNC Pembroke,professor,101463.0
UNCP,UNC Pembroke,professor,86829.0
UNCP,UNC Pembroke,associate_professor,100000.0
UNCP,UNC Pembroke,assistant_professor,66510.0
UNCP,UNC Pembroke,assistant_professor,66764.0
UNCP,UNC Pembroke,lecturer,71253.0
UNCP,UNC Pembroke,associate_professor,72181.0
UNCP,UNC Pembroke,lecturer,50461.0
UNCP,UNC Pembroke,assistant_professor,111412.0
UNCP,UNC Pembroke,professor,88703.0
UNCP,UNC Pembroke,professor,88731.0
UNCP,UNC Pembroke,assistant_professor,66414.0
UNCP,UNC Pembroke,lecturer,75079.0
UNCP,UNC Pembroke,assistant_professor,72065.0
UNCP,UNC Pembroke,associate_professor,66718.0
UNCP,UNC Pembroke,assistant_professor,62500.0
UNCP,UNC Pembroke,associate_professor,103986.0
UNCP,UNC Pembroke,assistant_professor,62000.0
UNCP,UNC Pembroke,professor,85086.0
UNCP,UNC Pembroke,lecturer,55620.0
UNCP,UNC Pembroke,assistant_professor,61058.0
UNCP,UNC Pembroke,lecturer,54453.0
UNCP,UNC Pembroke,professor,85195.0
UNCP,UNC Pembroke,assistant_professor,100000.0
UNCP,UNC Pembroke,assistant_professor,61792.0
UNCP,UNC Pembroke,professor,73644.0
UNCP,UNC Pembroke,associate_professor,67502.0
UNCP,UNC Pembroke,lecturer,74723.0
UNCP,UNC Pembroke,associate_professor,143896.0
UNCP,UNC Pembroke,assistant_professor,70403.0
UNCP,UNC Pembroke,lecturer,67663.0
UNCP,UNC Pembroke,professor,109754.0
UNCP,UNC Pembroke,assistant_professor,101750.0
UNCP,UNC Pembroke,assistant_professor,100000.0
UNCP,UNC Pembroke,professor,92036.0
UNCP,UNC Pembroke,professor,89795.0
UNCP,UNC Pembroke,assistant_professor,65000.0
UNCP,UNC Pembroke,associate_professor,67489.0
UNCP,UNC Pembroke,professor,81083.0
UNCP,UNC Pembroke,assistant_professor,101764.0
UNCP,UNC Pembroke,lecturer,73548.0
UNCP,UNC Pembroke,lecturer,50818.0
UNCP,UNC Pembroke,professor,104361.0
UNCP,UNC Pembroke,professor,102578.0
UNCP,UNC Pembroke,assistant_professor,96087.0
UNCP,UNC Pembroke,assistant_professor,69113.0
UNCP,UNC Pembroke,associate_professor,100000.0
UNCP,UNC Pembroke,professor,88703.0
UNCP,UNC Pembroke,associate_professor,65409.0
UNCP,UNC Pembroke,professor,83077.0
UNCP,UNC Pembroke,assistant_professor,66754.0
UNCP,UNC Pembroke,assistant_professor,85354.0
UNCP,UNC Pembroke,professor,76746.0
UNCP,UNC Pembroke,assistant_professor,70403.0
UNCP,UNC Pembroke,assistant_professor,62000.0
UNCP,UNC Pembroke,assistant_professor,66522.0
UNCP,UNC Pembroke,lecturer,57827.0
UNCP,UNC Pembroke,associate_professor,71718.0
UNCP,UNC Pembroke,associate_professor,74629.0
UNCP,UNC Pembroke,assistant_professor,66764.0
UNCP,UNC Pembroke,professor,88832.0
UNCP,UNC Pembroke,assistant_professor,101750.0
UNCP,UNC Pembroke,professor,87282.0
UNCP,UNC Pembroke,assistant_professor,63104.0
UNCP,UNC Pembroke,associate_professor,76840.0
UNCP,UNC Pembroke,assistant_professor,92057.0
UNCP,UNC Pembroke,lecturer,82000.0
UNCP,UNC Pembroke,associate_professor,70484.0
UNCP,UNC Pembroke,lecturer,55964.0
UNCP,UNC Pembroke,assistant_professor,66587.0
UNCP,UNC Pembroke,administrator,168000.0
UNCP,UNC Pembroke,associate_professor,72815.0
UNCP,UNC Pembroke,assistant_professor,64207.0
UNCP,UNC Pembroke,professor,104491.0
UNCP,UNC Pembroke,associate_professor,113234.0
UNCP,UNC Pembroke,assistant_professor,96087.0
UNCP,UNC Pembroke,associate_professor,73913.0
UNCP,UNC Pembroke,professor,84094.0
UNCP,UNC Pembroke,associate_professor,73253.0
UNCP,UNC Pembroke,lecturer,62708.0
UNCP,UNC Pembroke,professor,91706.0
UNCP,UNC Pembroke,assistant_professor,103047.0
UNCP,UNC Pembroke,lecturer,71000.0
UNCP,UNC Pembroke,assistant_professor,60894.0
UNCP,UNC Pembroke,lecturer,55435.0
UNCP,UNC Pembroke,associate_professor,108990.0
UNCP,UNC Pembroke,administrator,176748.0
UNCP,UNC Pembroke,associate_professor,69109.0
UNCP,UNC Pembroke,professor,100315.0
UNCP,UNC Pembroke,associate_professor,102694.0
UNCP,UNC Pembroke,associate_professor,95000.0
UNCP,UNC Pembroke,administrator,131705.0
UNCP,UNC Pembroke,professor,109739.0
UNCP,UNC Pembroke,assistant_professor,62980.0
UNCP,UNC Pembroke,associate_professor,72337.0
UNCP,UNC Pembroke,lecturer,55932.0
UNCP,UNC Pembroke,lecturer,50140.0
UNCP,UNC Pembroke,administrator,175100.0
UNCP,UNC Pembroke,lecturer,56766.0
UNCP,UNC Pembroke,associate_professor,66623.0
UNCP,UNC Pembroke,assistant_professor,65343.0
UNCP,UNC Pembroke,associate_professor,68356.0
UNCP,UNC Pembroke,assistant_professor,71788.0
UNCP,UNC Pembroke,assistant_professor,68029.0
UNCP,UNC Pembroke,lecturer,45256.0
UNCP,UNC Pembroke,assistant_professor,64304.0
UNCP,UNC Pembroke,assistant_professor,64806.0
UNCP,UNC Pembroke,professor,131500.0
UNCP,UNC Pembroke,lecturer,56732.0
UNCP,UNC Pembroke,associate_professor,74382.0
UNCP,UNC Pembroke,associate_professor,79107.0
UNCP,UNC Pembroke,professor,75130.0
UNCP,UNC Pembroke,lecturer,48212.0
UNCP,UNC Pembroke,lecturer,59899.0
UNCP,UNC Pembroke,associate_professor,105110.0
UNCP,UNC Pembroke,professor,79285.0
UNCP,UNC Pembroke,administrator,157172.0
UNCP,UNC Pembroke,lecturer,55434.0
UNCP,UNC Pembroke,associate_professor,67930.0
UNCP,UNC Pembroke,associate_professor,98163.0
UNCP,UNC Pembroke,assistant_professor,65646.0
UNCP,UNC Pembroke,associate_professor,100000.0
UNCP,UNC Pembroke,assistant_professor,95000.0
UNCP,UNC Pembroke,associate_professor,75996.0
UNCP,UNC Pembroke,assistant_professor,62415.0
UNCP,UNC Pembroke,lecturer,63575.0
UNCP,UNC Pembroke,professor,122343.0
UNCP,UNC Pembroke,administrator,188000.0
UNCP,UNC Pembroke,professor,84126.0
UNCP,UNC Pembroke,assistant_professor,69362.0
UNCP,UNC Pembroke,administrator,116151.0
UNCP,UNC Pembroke,associate_professor,75391.0
UNCP,UNC Pembroke,assistant_professor,65646.0
UNCP,UNC Pembroke,assistant_professor,90000.0
UNCP,UNC Pembroke,assistant_professor,67154.0
UNCP,UNC Pembroke,associate_professor,103560.0
UNCP,UNC Pembroke,associate_professor,120000.0
UNCP,UNC Pembroke,professor,128385.0
UNCP,UNC Pembroke,lecturer,53742.0
UNCP,UNC Pembroke,professor,92157.0
UNCP,UNC Pembroke,associate_professor,72181.0
UNCP,UNC Pembroke,associate_professor,76469.0
UNCP,UNC Pembroke,assistant_professor,105000.0
UNCP,UNC Pembroke,assistant_professor,85000.0
UNCP,UNC Pembroke,associate_professor,77228.0
UNCP,UNC Pembroke,professor,79812.0
UNCP,UNC Pembroke,professor,83558.0
UNCP,UNC Pembroke,associate_professor,77307.0
UNCP,UNC Pembroke,associate_professor,69697.0
UNCP,UNC Pembroke,professor,83769.0
UNCP,UNC Pembroke,administrator,140000.0
UNCP,UNC Pembroke,professor,80013.0
UNCP,UNC Pembroke,associate_professor,87245.0
UNCP,UNC Pembroke,professor,75991.0
UNCP,UNC Pembroke,professor,89119.0
UNCP,UNC Pembroke,professor,88518.0
UNCP,UNC Pembroke,professor,88703.0
UNCP,UNC Pembroke,assistant_professor,69516.0
UNCP,UNC Pembroke,associate_professor,78172.0
UNCP,UNC Pembroke,associate_professor,77566.0
UNCP,UNC Pembroke,associate_professor,84054.0
UNCP,UNC Pembroke,professor,107752.0
UNCP,UNC Pembroke,associate_professor,71628.0
UNCP,UNC Pembroke,assistant_professor,58514.0
UNCP,UNC Pembroke,assistant_professor,64332.0
UNCP,UNC Pembroke,administrator,208884.0
UNCP,UNC Pembroke,lecturer,58504.0
UNCP,UNC Pembroke,assistant_professor,66414.0
UNCP,UNC Pembroke,associate_professor,71969.0
UNCP,UNC Pembroke,administrator,142470.0
UNCP,UNC Pembroke,assistant_professor,66754.0
UNCP,UNC Pembroke,professor,103366.0
UNCP,UNC Pembroke,assistant_professor,68739.0
UNCP,UNC Pembroke,lecturer,52580.0
UNCP,UNC Pembroke,assistant_professor,143437.0
UNCP,UNC Pembroke,lecturer,46029.0
UNCP,UNC Pembroke,professor,124368.0
UNCP,UNC Pembroke,associate_professor,74112.0
UNCP,UNC Pembroke,associate_professor,77035.0
UNCP,UNC Pembroke,professor,85100.0
UNCP,UNC Pembroke,assistant_professor,70825.0
UNCP,UNC Pembroke,associate_professor,76506.0
UNCP,UNC Pembroke,lecturer,55435.0
UNCP,UNC Pembroke,assistant_professor,63000.0
UNCP,UNC Pembroke,associate_professor,82253.0
UNCP,UNC Pembroke,associate_professor,66015.0
UNCP,UNC Pembroke,associate_professor,73054.0
UNCP,UNC Pembroke,lecturer,55990.0
UNCP,UNC Pembroke,associate_professor,73349.0
UNCP,UNC Pembroke,administrator,230308.0
UNCP,UNC Pembroke,assistant_professor,63860.0
UNCP,UNC Pembroke,assistant_professor,67799.0
UNCP,UNC Pembroke,assistant_professor,60160.0
UNCP,UNC Pembroke,professor,91706.0
UNCP,UNC Pembroke,associate_professor,69343.0
UNCP,UNC Pembroke,associate_professor,67951.0
UNCP,UNC Pembroke,professor,144130.0
UNCP,UNC Pembroke,associate_professor,72417.0
UNCP,UNC Pembroke,associate_professor,67994.0
UNCP,UNC Pembroke,assistant_professor,82225.0
UNCP,UNC Pembroke,lecturer,64042.0
UNCP,UNC Pembroke,lecturer,64505.0
UNCP,UNC Pembroke,assistant_professor,89311.0
UNCP,UNC Pembroke,associate_professor,73624.0
UNCP,UNC Pembroke,professor,79817.0
UNCP,UNC Pembroke,assistant_professor,69182.0
UNCP,UNC Pembroke,assistant_professor,61842.0
UNCP,UNC Pembroke,associate_professor,71663.0
UNCP,UNC Pembroke,professor,75991.0
UNCP,UNC Pembroke,professor,90791.0
UNCP,UNC Pembroke,associate_professor,83654.0
UNCP,UNC Pembroke,assistant_professor,68739.0
UNCP,UNC Pembroke,assistant_professor,134971.0
UNCP,UNC Pembroke,associate_professor,77884.0
UNCP,UNC Pembroke,lecturer,48717.0
UNCP,UNC Pembroke,lecturer,55620.0
UNCP,UNC Pembroke,lecturer,60762.0
UNCP,UNC Pembroke,assistant_professor,78929.0
UNCP,UNC Pembroke,assistant_professor,89987.0
UNCP,UNC Pembroke,professor,102138.0
UNCP,UNC Pembroke,associate_professor,70411.0
UNCP,UNC Pembroke,professor,84179.0
UNCP,UNC Pembroke,professor,93065.0
UNCP,UNC Pembroke,associate_professor,100000.0
UNCP,UNC Pembroke,administrator,170000.0
UNCP,UNC Pembroke,associate_professor,110111.0
UNCP,UNC Pembroke,lecturer,62480.0
UNCP,UNC Pembroke,lecturer,56792.0
UNCP,UNC Pembroke,assistant_professor,63565.0
UNCP,UNC Pembroke,professor,108302.0
UNCP,UNC Pembroke,assistant_professor,86972.0
UNCP,UNC Pembroke,professor,92487.0
UNCW,UNC Wilmington,assistant_professor,79790.0
UNCW,UNC Wilmington,assistant_professor,114000.0
UNCW,UNC Wilmington,assistant_professor,76145.0
UNCW,UNC Wilmington,lecturer,51558.0
UNCW,UNC Wilmington,assistant_professor,71500.0
UNCW,UNC Wilmington,assistant_professor,101000.0
UNCW,UNC Wilmington,associate_professor,70188.0
UNCW,UNC Wilmington,assistant_professor,70324.0
UNCW,UNC Wilmington,assistant_professor,108703.0
UNCW,UNC Wilmington,professor,109826.0
UNCW,UNC Wilmington,assistant_professor,70700.0
UNCW,UNC Wilmington,lecturer,52520.0
UNCW,UNC Wilmington,associate_professor,113734.0
UNCW,UNC Wilmington,professor,121738.0
UNCW,UNC Wilmington,professor,101775.0
UNCW,UNC Wilmington,professor,145250.0
UNCW,UNC Wilmington,associate_professor,115300.0
UNCW,UNC Wilmington,professor,135239.0
UNCW,UNC Wilmington,professor,176570.0
UNCW,UNC Wilmington,professor,95658.0
UNCW,UNC Wilmington,professor,110321.0
UNCW,UNC Wilmington,lecturer,56092.0
UNCW,UNC Wilmington,associate_professor,79108.0
UNCW,UNC Wilmington,professor,109798.0
UNCW,UNC Wilmington,assistant_professor,102010.0
UNCW,UNC Wilmington,assistant_professor,70000.0
UNCW,UNC Wilmington,lecturer,59000.0
UNCW,UNC Wilmington,associate_professor,74485.0
UNCW,UNC Wilmington,lecturer,57283.0
UNCW,UNC Wilmington,professor,133655.0
UNCW,UNC Wilmington,lecturer,86553.0
UNCW,UNC Wilmington,professor,161135.0
UNCW,UNC Wilmington,associate_professor,79671.0
UNCW,UNC Wilmington,professor,88102.0
UNCW,UNC Wilmington,associate_professor,82285.0
UNCW,UNC Wilmington,assistant_professor,75026.0
UNCW,UNC Wilmington,professor,99952.0
UNCW,UNC Wilmington,lecturer,54734.0
UNCW,UNC Wilmington,professor,112606.0
UNCW,UNC Wilmington,assistant_professor,108000.0
UNCW,UNC Wilmington,assistant_professor,69243.0
UNCW,UNC Wilmington,associate_professor,85207.0
UNCW,UNC Wilmington,professor,115679.0
UNCW,UNC Wilmington,associate_professor,89654.0
UNCW,UNC Wilmington,associate_professor,91440.0
UNCW,UNC Wilmington,associate_professor,75683.0
UNCW,UNC Wilmington,professor,110518.0
UNCW,UNC Wilmington,lecturer,53390.0
UNCW,UNC Wilmington,assistant_professor,73500.0
UNCW,UNC Wilmington,assistant_professor,67620.0
UNCW,UNC Wilmington,professor,85989.0
UNCW,UNC Wilmington,lecturer,54787.0
UNCW,UNC Wilmington,lecturer,57012.0
UNCW,UNC Wilmington,lecturer,62418.0
UNCW,UNC Wilmington,associate_professor,90795.0
UNCW,UNC Wilmington,associate_professor,85462.0
UNCW,UNC Wilmington,lecturer,81464.0
UNCW,UNC Wilmington,associate_professor,74639.0
UNCW,UNC Wilmington,assistant_professor,78384.0
UNCW,UNC Wilmington,lecturer,53610.0
UNCW,UNC Wilmington,lecturer,62065.0
UNCW,UNC Wilmington,lecturer,59000.0
UNCW,UNC Wilmington,professor,109616.0
UNCW,UNC Wilmington,administrator,160000.0
UNCW,UNC Wilmington,associate_professor,75683.0
UNCW,UNC Wilmington,professor,66694.0
UNCW,UNC Wilmington,associate_professor,76154.0
UNCW,UNC Wilmington,associate_professor,145642.0
UNCW,UNC Wilmington,associate_professor,80122.0
UNCW,UNC Wilmington,lecturer,57470.0
UNCW,UNC Wilmington,professor,101710.0
UNCW,UNC Wilmington,administrator,335000.0
UNCW,UNC Wilmington,professor,140898.0
UNCW,UNC Wilmington,associate_professor,82467.0
UNCW,UNC Wilmington,associate_professor,68194.0
UNCW,UNC Wilmington,assistant_professor,132310.0
UNCW,UNC Wilmington,lecturer,52344.0
UNCW,UNC Wilmington,assistant_professor,69987.0
UNCW,UNC Wilmington,assistant_professor,72000.0
UNCW,UNC Wilmington,associate_professor,83313.0
UNCW,UNC Wilmington,professor,234852.0
UNCW,UNC Wilmington,assistant_professor,63134.0
UNCW,UNC Wilmington,assistant_professor,136350.0
UNCW,UNC Wilmington,assistant_professor,72856.0
UNCW,UNC Wilmington,associate_professor,89377.0
UNCW,UNC Wilmington,assistant_professor,74473.0
UNCW,UNC Wilmington,lecturer,60337.0
UNCW,UNC Wilmington,assistant_professor,64000.0
UNCW,UNC Wilmington,lecturer,78203.0
UNCW,UNC Wilmington,professor,127382.0
UNCW,UNC Wilmington,professor,113005.0
UNCW,UNC Wilmington,administrator,236900.0
UNCW,UNC Wilmington,assistant_professor,73430.0
UNCW,UNC Wilmington,professor,82258.0
UNCW,UNC Wilmington,lecturer,56096.0
UNCW,UNC Wilmington,professor,104107.0
UNCW,UNC Wilmington,professor,91739.0
UNCW,UNC Wilmington,associate_professor,86857.0
UNCW,UNC Wilmington,professor,87355.0
UNCW,UNC Wilmington,assistant_professor,81143.0
UNCW,UNC Wilmington,associate_professor,66776.0
UNCW,UNC Wilmington,professor,161357.0
UNCW,UNC Wilmington,professor,151055.0
UNCW,UNC Wilmington,professor,108062.0
UNCW,UNC Wilmington,professor,164450.0
UNCW,UNC Wilmington,assistant_professor,62115.0
UNCW,UNC Wilmington,professor,118214.0
UNCW,UNC Wilmington,professor,152689.0
UNCW,UNC Wilmington,associate_professor,77688.0
UNCW,UNC Wilmington,assistant_professor,78497.0
UNCW,UNC Wilmington,professor,127283.0
UNCW,UNC Wilmington,associate_professor,81597.0
UNCW,UNC Wilmington,associate_professor,81926.0
UNCW,UNC Wilmington,lecturer,54140.0
UNCW,UNC Wilmington,lecturer,62543.0
UNCW,UNC Wilmington,assistant_professor,131300.0
UNCW,UNC Wilmington,professor,89398.0
UNCW,UNC Wilmington,assistant_professor,64640.0
UNCW,UNC Wilmington,assistant_professor,72675.0
UNCW,UNC Wilmington,associate_professor,118602.0
UNCW,UNC Wilmington,associate_professor,74843.0
UNCW,UNC Wilmington,professor,155034.0
UNCW,UNC Wilmington,professor,77565.0
UNCW,UNC Wilmington,associate_professor,78421.0
UNCW,UNC Wilmington,assistant_professor,114000.0
UNCW,UNC Wilmington,lecturer,51509.0
UNCW,UNC Wilmington,associate_professor,82181.0
UNCW,UNC Wilmington,associate_professor,81655.0
UNCW,UNC Wilmington,associate_professor,79450.0
UNCW,UNC Wilmington,associate_professor,75271.0
UNCW,UNC Wilmington,associate_professor,75885.0
UNCW,UNC Wilmington,lecturer,57472.0
UNCW,UNC Wilmington,professor,117144.0
UNCW,UNC Wilmington,associate_professor,75912.0
UNCW,UNC Wilmington,professor,87173.0
UNCW,UNC Wilmington,associate_professor,82447.0
UNCW,UNC Wilmington,professor,106543.0
UNCW,UNC Wilmington,associate_professor,131000.0
UNCW,UNC Wilmington,assistant_professor,71000.0
UNCW,UNC Wilmington,lecturer,81143.0
UNCW,UNC Wilmington,assistant_professor,67620.0
UNCW,UNC Wilmington,associate_professor,74844.0
UNCW,UNC Wilmington,assistant_professor,72786.0
UNCW,UNC Wilmington,associate_professor,102065.0
UNCW,UNC Wilmington,assistant_professor,70740.0
UNCW,UNC Wilmington,assistant_professor,71406.0
UNCW,UNC Wilmington,assistant_professor,81240.0
UNCW,UNC Wilmington,associate_professor,167877.0
UNCW,UNC Wilmington,lecturer,63039.0
UNCW,UNC Wilmington,professor,126734.0
UNCW,UNC Wilmington,lecturer,57217.0
UNCW,UNC Wilmington,associate_professor,106943.0
UNCW,UNC Wilmington,assistant_professor,102782.0
UNCW,UNC Wilmington,associate_professor,69982.0
UNCW,UNC Wilmington,professor,107787.0
UNCW,UNC Wilmington,lecturer,55000.0
UNCW,UNC Wilmington,lecturer,59902.0
UNCW,UNC Wilmington,assistant_professor,77897.0
UNCW,UNC Wilmington,professor,87888.0
UNCW,UNC Wilmington,professor,84966.0
UNCW,UNC Wilmington,professor,146861.0
UNCW,UNC Wilmington,lecturer,50000.0
UNCW,UNC Wilmington,associate_professor,78826.0
UNCW,UNC Wilmington,associate_professor,162014.0
UNCW,UNC Wilmington,associate_professor,123102.0
UNCW,UNC Wilmington,associate_professor,137057.0
UNCW,UNC Wilmington,lecturer,52000.0
UNCW,UNC Wilmington,assistant_professor,80027.0
UNCW,UNC Wilmington,associate_professor,73766.0
UNCW,UNC Wilmington,professor,155000.0
UNCW,UNC Wilmington,professor,85657.0
UNCW,UNC Wilmington,professor,126028.0
UNCW,UNC Wilmington,professor,131786.0
UNCW,UNC Wilmington,lecturer,81464.0
UNCW,UNC Wilmington,lecturer,56632.0
UNCW,UNC Wilmington,assistant_professor,67600.0
UNCW,UNC Wilmington,administrator,201496.0
UNCW,UNC Wilmington,assistant_professor,76268.0
UNCW,UNC Wilmington,associate_professor,80531.0
UNCW,UNC Wilmington,associate_professor,85189.0
UNCW,UNC Wilmington,professor,116098.0
UNCW,UNC Wilmington,professor,105005.0
UNCW,UNC Wilmington,associate_professor,94167.0
UNCW,UNC Wilmington,assistant_professor,75750.0
UNCW,UNC Wilmington,professor,191010.0
UNCW,UNC Wilmington,professor,116659.0
UNCW,UNC Wilmington,professor,113196.0
UNCW,UNC Wilmington,associate_professor,81838.0
UNCW,UNC Wilmington,associate_professor,80845.0
UNCW,UNC Wilmington,professor,98400.0
UNCW,UNC Wilmington,lecturer,50500.0
UNCW,UNC Wilmington,professor,151865.0
UNCW,UNC Wilmington,assistant_professor,143712.0
UNCW,UNC Wilmington,lecturer,54540.0
UNCW,UNC Wilmington,professor,129655.0
UNCW,UNC Wilmington,lecturer,56062.0
UNCW,UNC Wilmington,assistant_professor,67670.0
UNCW,UNC Wilmington,professor,94629.0
UNCW,UNC Wilmington,professor,89386.0
UNCW,UNC Wilmington,associate_professor,78577.0
UNCW,UNC Wilmington,professor,124210.0
UNCW,UNC Wilmington,associate_professor,86680.0
UNCW,UNC Wilmington,administrator,211273.0
UNCW,UNC Wilmington,lecturer,81143.0
UNCW,UNC Wilmington,associate_professor,72095.0
UNCW,UNC Wilmington,assistant_professor,71500.0
UNCW,UNC Wilmington,lecturer,54518.0
UNCW,UNC Wilmington,professor,158600.0
UNCW,UNC Wilmington,lecturer,61424.0
UNCW,UNC Wilmington,assistant_professor,107000.0
UNCW,UNC Wilmington,assistant_professor,72786.0
UNCW,UNC Wilmington,associate_professor,148534.0
UNCW,UNC Wilmington,lecturer,64697.0
UNCW,UNC Wilmington,professor,162971.0
UNCW,UNC Wilmington,professor,94733.0
UNCW,UNC Wilmington,associate_professor,231915.0
UNCW,UNC Wilmington,professor,96610.0
UNCW,UNC Wilmington,associate_professor,83530.0
UNCW,UNC Wilmington,assistant_professor,166164.0
UNCW,UNC Wilmington,professor,110424.0
UNCW,UNC Wilmington,professor,112131.0
UNCW,UNC Wilmington,associate_professor,74170.0
UNCW,UNC Wilmington,professor,101464.0
UNCW,UNC Wilmington,professor,118138.0
UNCW,UNC Wilmington,lecturer,50870.0
UNCW,UNC Wilmington,professor,180410.0
UNCW,UNC Wilmington,associate_professor,79161.0
UNCW,UNC Wilmington,associate_professor,77535.0
UNCW,UNC Wilmington,assistant_professor,63189.0
UNCW,UNC Wilmington,professor,99655.0
UNCW,UNC Wilmington,professor,87631.0
UNCW,UNC Wilmington,lecturer,53725.0
UNCW,UNC Wilmington,lecturer,51510.0
UNCW,UNC Wilmington,professor,186885.0
UNCW,UNC Wilmington,assistant_professor,68000.0
UNCW,UNC Wilmington,professor,90506.0
UNCW,UNC Wilmington,professor,104950.0
UNCW,UNC Wilmington,lecturer,55109.0
UNCW,UNC Wilmington,professor,112297.0
UNCW,UNC Wilmington,professor,182740.0
UNCW,UNC Wilmington,associate_professor,76000.0
UNCW,UNC Wilmington,administrator,140000.0
UNCW,UNC Wilmington,professor,87770.0
UNCW,UNC Wilmington,assistant_professor,68175.0
UNCW,UNC Wilmington,lecturer,56085.0
UNCW,UNC Wilmington,associate_professor,81271.0
UNCW,UNC Wilmington,assistant_professor,64219.0
UNCW,UNC Wilmington,lecturer,56411.0
UNCW,UNC Wilmington,lecturer,59463.0
UNCW,UNC Wilmington,lecturer,54393.0
UNCW,UNC Wilmington,associate_professor,89272.0
UNCW,UNC Wilmington,professor,176888.0
UNCW,UNC Wilmington,associate_professor,157607.0
UNCW,UNC Wilmington,professor,92931.0
UNCW,UNC Wilmington,assistant_professor,62620.0
UNCW,UNC Wilmington,associate_professor,69519.0
UNCW,UNC Wilmington,associate_professor,100500.0
UNCW,UNC Wilmington,assistant_professor,72821.0
UNCW,UNC Wilmington,assistant_professor,70000.0
UNCW,UNC Wilmington,professor,82268.0
UNCW,UNC Wilmington,lecturer,77000.0
UNCW,UNC Wilmington,professor,47665.0
UNCW,UNC Wilmington,associate_professor,82676.0
UNCW,UNC Wilmington,lecturer,50848.0
UNCW,UNC Wilmington,professor,111347.0
UNCW,UNC Wilmington,professor,179324.0
UNCW,UNC Wilmington,assistant_professor,106379.0
UNCW,UNC Wilmington,professor,105000.0
UNCW,UNC Wilmington,associate_professor,76526.0
UNCW,UNC Wilmington,assistant_professor,70700.0
UNCW,UNC Wilmington,assistant_professor,65000.0
UNCW,UNC Wilmington,lecturer,57345.0
UNCW,UNC Wilmington,professor,86765.0
UNCW,UNC Wilmington,professor,230000.0
UNCW,UNC Wilmington,lecturer,69700.0
UNCW,UNC Wilmington,associate_professor,73130.0
UNCW,UNC Wilmington,professor,95181.0
UNCW,UNC Wilmington,associate_professor,89953.0
UNCW,UNC Wilmington,associate_professor,83141.0
UNCW,UNC Wilmington,associate_professor,84339.0
UNCW,UNC Wilmington,assistant_professor,67620.0
UNCW,UNC Wilmington,assistant_professor,66538.0
UNCW,UNC Wilmington,professor,110448.0
UNCW,UNC Wilmington,professor,210000.0
UNCW,UNC Wilmington,lecturer,63630.0
UNCW,UNC Wilmington,professor,88684.0
UNCW,UNC Wilmington,professor,88602.0
UNCW,UNC Wilmington,lecturer,78203.0
UNCW,UNC Wilmington,assistant_professor,84840.0
UNCW,UNC Wilmington,assistant_professor,130217.0
UNCW,UNC Wilmington,associate_professor,120500.0
UNCW,UNC Wilmington,assistant_professor,160128.0
UNCW,UNC Wilmington,assistant_professor,133320.0
UNCW,UNC Wilmington,assistant_professor,64640.0
UNCW,UNC Wilmington,professor,131708.0
UNCW,UNC Wilmington,professor,162701.0
UNCW,UNC Wilmington,lecturer,78780.0
UNCW,UNC Wilmington,professor,154927.0
UNCW,UNC Wilmington,administrator,105767.0
UNCW,UNC Wilmington,professor,126962.0
UNCW,UNC Wilmington,professor,110277.0
UNCW,UNC Wilmington,lecturer,69386.0
UNCW,UNC Wilmington,assistant_professor,68839.0
UNCW,UNC Wilmington,professor,142593.0
UNCW,UNC Wilmington,associate_professor,80885.0
UNCW,UNC Wilmington,lecturer,53000.0
UNCW,UNC Wilmington,associate_professor,75234.0
UNCW,UNC Wilmington,professor,119096.0
UNCW,UNC Wilmington,lecturer,56560.0
UNCW,UNC Wilmington,professor,124612.0
UNCW,UNC Wilmington,associate_professor,154122.0
UNCW,UNC Wilmington,lecturer,48671.0
UNCW,UNC Wilmington,assistant_professor,101000.0
UNCW,UNC Wilmington,associate_professor,93147.0
UNCW,UNC Wilmington,lecturer,58373.0
UNCW,UNC Wilmington,assistant_professor,70000.0
UNCW,UNC Wilmington,professor,101400.0
UNCW,UNC Wilmington,associate_professor,145000.0
UNCW,UNC Wilmington,lecturer,73029.0
UNCW,UNC Wilmington,professor,105010.0
UNCW,UNC Wilmington,professor,137670.0
UNCW,UNC Wilmington,lecturer,54800.0
UNCW,UNC Wilmington,associate_professor,95461.0
UNCW,UNC Wilmington,professor,115426.0
UNCW,UNC Wilmington,administrator,176698.0
UNCW,UNC Wilmington,associate_professor,44973.0
UNCW,UNC Wilmington,associate_professor,149571.0
UNCW,UNC Wilmington,associate_professor,75413.0
UNCW,UNC Wilmington,lecturer,53356.0
UNCW,UNC Wilmington,assistant_professor,72821.0
UNCW,UNC Wilmington,associate_professor,100957.0
UNCW,UNC Wilmington,associate_professor,77685.0
UNCW,UNC Wilmington,associate_professor,74083.0
UNCW,UNC Wilmington,professor,132133.0
UNCW,UNC Wilmington,professor,99616.0
UNCW,UNC Wilmington,assistant_professor,79063.0
UNCW,UNC Wilmington,professor,196551.0
UNCW,UNC Wilmington,associate_professor,88067.0
UNCW,UNC Wilmington,administrator,130000.0
UNCW,UNC Wilmington,assistant_professor,78558.0
UNCW,UNC Wilmington,assistant_professor,69000.0
UNCW,UNC Wilmington,professor,84425.0
UNCW,UNC Wilmington,assistant_professor,70324.0
UNCW,UNC Wilmington,associate_professor,72765.0
UNCW,UNC Wilmington,administrator,226600.0
UNCW,UNC Wilmington,associate_professor,79417.0
UNCW,UNC Wilmington,associate_professor,80185.0
UNCW,UNC Wilmington,associate_professor,122210.0
UNCW,UNC Wilmington,assistant_professor,63458.0
UNCW,UNC Wilmington,professor,91902.0
UNCW,UNC Wilmington,assistant_professor,117000.0
UNCW,UNC Wilmington,lecturer,60863.0
UNCW,UNC Wilmington,associate_professor,108510.0
UNCW,UNC Wilmington,associate_professor,82598.0
UNCW,UNC Wilmington,lecturer,54589.0
UNCW,UNC Wilmington,associate_professor,78421.0
UNCW,UNC Wilmington,associate_professor,67881.0
UNCW,UNC Wilmington,professor,109868.0
UNCW,UNC Wilmington,assistant_professor,155000.0
UNCW,UNC Wilmington,lecturer,52015.0
UNCW,UNC Wilmington,associate_professor,100125.0
UNCW,UNC Wilmington,associate_professor,80770.0
UNCW,UNC Wilmington,assistant_professor,70000.0
UNCW,UNC Wilmington,lecturer,68161.0
UNCW,UNC Wilmington,lecturer,75734.0
UNCW,UNC Wilmington,professor,104372.0
UNCW,UNC Wilmington,associate_professor,81127.0
UNCW,UNC Wilmington,professor,250259.0
UNCW,UNC Wilmington,assistant_professor,102010.0
UNCW,UNC Wilmington,professor,86750.0
UNCW,UNC Wilmington,associate_professor,72821.0
UNCW,UNC Wilmington,lecturer,56634.0
UNCW,UNC Wilmington,administrator,168000.0
UNCW,UNC Wilmington,associate_professor,73877.0
UNCW,UNC Wilmington,assistant_professor,141481.0
UNCW,UNC Wilmington,lecturer,54473.0
UNCW,UNC Wilmington,associate_professor,78446.0
UNCW,UNC Wilmington,lecturer,56379.0
UNCW,UNC Wilmington,associate_professor,108077.0
UNCW,UNC Wilmington,lecturer,55843.0
UNCW,UNC Wilmington,associate_professor,145395.0
UNCW,UNC Wilmington,assistant_professor,64915.0
UNCW,UNC Wilmington,professor,125416.0
UNCW,UNC Wilmington,administrator,260000.0
UNCW,UNC Wilmington,assistant_professor,156550.0
UNCW,UNC Wilmington,lecturer,71133.0
UNCW,UNC Wilmington,assistant_professor,66130.0
UNCW,UNC Wilmington,professor,130025.0
UNCW,UNC Wilmington,associate_professor,76755.0
UNCW,UNC Wilmington,professor,133642.0
UNCW,UNC Wilmington,lecturer,57578.0
UNCW,UNC Wilmington,professor,84923.0
UNCW,UNC Wilmington,professor,47229.0
UNCW,UNC Wilmington,assistant_professor,62620.0
UNCW,UNC Wilmington,assistant_professor,81143.0
UNCW,UNC Wilmington,professor,128220.0
UNCW,UNC Wilmington,professor,100727.0
UNCW,UNC Wilmington,administrator,128750.0
UNCW,UNC Wilmington,professor,114506.0
UNCW,UNC Wilmington,lecturer,55084.0
UNCW,UNC Wilmington,professor,114581.0
UNCW,UNC Wilmington,lecturer,56560.0
UNCW,UNC Wilmington,associate_professor,70351.0
UNCW,UNC Wilmington,associate_professor,98676.0
UNCW,UNC Wilmington,associate_professor,115389.0
UNCW,UNC Wilmington,assistant_professor,126755.0
UNCW,UNC Wilmington,lecturer,60000.0
UNCW,UNC Wilmington,associate_professor,145928.0
UNCW,UNC Wilmington,associate_professor,147515.0
UNCW,UNC Wilmington,associate_professor,91603.0
UNCW,UNC Wilmington,professor,105189.0
UNCW,UNC Wilmington,professor,131771.0
UNCW,UNC Wilmington,professor,127843.0
UNCW,UNC Wilmington,assistant_professor,75026.0
UNCW,UNC Wilmington,associate_professor,103528.0
UNCW,UNC Wilmington,professor,145906.0
UNCW,UNC Wilmington,professor,89881.0
UNCW,UNC Wilmington,professor,104149.0
UNCW,UNC Wilmington,assistant_professor,77000.0
UNCW,UNC Wilmington,associate_professor,79415.0
UNCW,UNC Wilmington,assistant_professor,70000.0
UNCW,UNC Wilmington,assistant_professor,101000.0
UNCW,UNC Wilmington,associate_professor,83224.0
UNCW,UNC Wilmington,associate_professor,76856.0
UNCW,UNC Wilmington,lecturer,60781.0
UNCW,UNC Wilmington,professor,102893.0
UNCW,UNC Wilmington,lecturer,57297.0
UNCW,UNC Wilmington,professor,146523.0
UNCW,UNC Wilmington,lecturer,58257.0
UNCW,UNC Wilmington,assistant_professor,68660.0
UNCW,UNC Wilmington,professor,102554.0
UNCW,UNC Wilmington,professor,51877.0
UNCW,UNC Wilmington,lecturer,55445.0
UNCW,UNC Wilmington,administrator,176657.0
UNCW,UNC Wilmington,professor,102039.0
UNCW,UNC Wilmington,assistant_professor,75026.0
UNCW,UNC Wilmington,assistant_professor,71910.0
UNCW,UNC Wilmington,professor,142472.0
UNCW,UNC Wilmington,professor,123253.0
UNCW,UNC Wilmington,lecturer,75734.0
UNCW,UNC Wilmington,associate_professor,85489.0
UNCW,UNC Wilmington,assistant_professor,69000.0
UNCW,UNC Wilmington,administrator,140000.0
UNCW,UNC Wilmington,lecturer,64618.0
UNCW,UNC Wilmington,professor,111173.0
UNCW,UNC Wilmington,lecturer,51000.0
UNCW,UNC Wilmington,assistant_professor,72488.0
UNCW,UNC Wilmington,professor,105161.0
UNCW,UNC Wilmington,lecturer,54273.0
UNCW,UNC Wilmington,lecturer,58999.0
UNCW,UNC Wilmington,assistant_professor,157218.0
UNCW,UNC Wilmington,lecturer,54540.0
UNCW,UNC Wilmington,professor,105513.0
UNCW,UNC Wilmington,assistant_professor,76700.0
UNCW,UNC Wilmington,administrator,169817.0
UNCW,UNC Wilmington,professor,141593.0
UNCW,UNC Wilmington,professor,81778.0
UNCW,UNC Wilmington,assistant_professor,67793.0
UNCW,UNC Wilmington,associate_professor,149428.0
UNCW,UNC Wilmington,lecturer,65173.0
UNCW,UNC Wilmington,associate_professor,164698.0
UNCW,UNC Wilmington,associate_professor,82340.0
UNCW,UNC Wilmington,lecturer,56405.0
UNCW,UNC Wilmington,lecturer,58257.0
UNCW,UNC Wilmington,lecturer,54000.0
UNCW,UNC Wilmington,lecturer,54640.0
UNCW,UNC Wilmington,associate_professor,82275.0
UNCW,UNC Wilmington,associate_professor,86553.0
UNCW,UNC Wilmington,associate_professor,80375.0
UNCW,UNC Wilmington,lecturer,51510.0
UNCW,UNC Wilmington,associate_professor,68568.0
UNCW,UNC Wilmington,lecturer,50000.0
UNCW,UNC Wilmington,professor,50593.0
UNCW,UNC Wilmington,lecturer,52233.0
UNCW,UNC Wilmington,lecturer,53530.0
UNCW,UNC Wilmington,professor,87199.0
UNCW,UNC Wilmington,associate_professor,72188.0
UNCW,UNC Wilmington,professor,139716.0
UNCW,UNC Wilmington,associate_professor,73272.0
UNCW,UNC Wilmington,associate_professor,147083.0
UNCW,UNC Wilmington,professor,105141.0
UNCW,UNC Wilmington,assistant_professor,80825.0
UNCW,UNC Wilmington,lecturer,57205.0
UNCW,UNC Wilmington,professor,114991.0
UNCW,UNC Wilmington,assistant_professor,101000.0
UNCW,UNC Wilmington,assistant_professor,77716.0
UNCW,UNC Wilmington,assistant_professor,106379.0
UNCW,UNC Wilmington,lecturer,57108.0
UNCW,UNC Wilmington,assistant_professor,75734.0
UNCW,UNC Wilmington,assistant_professor,69700.0
UNCW,UNC Wilmington,assistant_professor,72000.0
UNCW,UNC Wilmington,assistant_professor,81143.0
UNCW,UNC Wilmington,assistant_professor,70740.0
UNCW,UNC Wilmington,associate_professor,137248.0
UNCW,UNC Wilmington,assistant_professor,76962.0
UNCW,UNC Wilmington,associate_professor,72188.0
UNCW,UNC Wilmington,associate_professor,111000.0
UNCW,UNC Wilmington,professor,103807.0
UNCW,UNC Wilmington,lecturer,92718.0
UNCW,UNC Wilmington,lecturer,59856.0
UNCW,UNC Wilmington,professor,94110.0
UNCW,UNC Wilmington,professor,101053.0
UNCW,UNC Wilmington,professor,89177.0
UNCW,UNC Wilmington,lecturer,53191.0
UNCW,UNC Wilmington,professor,150971.0
UNCW,UNC Wilmington,lecturer,67079.0
UNCW,UNC Wilmington,administrator,236208.0
UNCW,UNC Wilmington,associate_professor,79379.0
UNCW,UNC Wilmington,assistant_professor,101000.0
UNCW,UNC Wilmington,assistant_professor,155000.0
UNCW,UNC Wilmington,associate_professor,71644.0
UNCW,UNC Wilmington,associate_professor,74546.0
UNCW,UNC Wilmington,lecturer,68161.0
UNCW,UNC Wilmington,associate_professor,81187.0
UNCW,UNC Wilmington,lecturer,59463.0
UNCW,UNC Wilmington,lecturer,56883.0
UNCW,UNC Wilmington,assistant_professor,68743.0
UNCW,UNC Wilmington,lecturer,61739.0
UNCW,UNC Wilmington,assistant_professor,63189.0
UNCW,UNC Wilmington,professor,49719.0
UNCW,UNC Wilmington,professor,106349.0
UNCW,UNC Wilmington,professor,175784.0
UNCW,UNC Wilmington,lecturer,55833.0
UNCW,UNC Wilmington,lecturer,62418.0
UNCW,UNC Wilmington,associate_professor,74856.0
UNCW,UNC Wilmington,professor,113449.0
UNCW,UNC Wilmington,professor,87580.0
UNCW,UNC Wilmington,associate_professor,93500.0
UNCW,UNC Wilmington,assistant_professor,106379.0
UNCW,UNC Wilmington,lecturer,55036.0
UNCW,UNC Wilmington,professor,45097.0
UNCW,UNC Wilmington,assistant_professor,64915.0
UNCW,UNC Wilmington,lecturer,50000.0
UNCW,UNC Wilmington,associate_professor,79627.0
UNCW,UNC Wilmington,lecturer,55000.0
UNCW,UNC Wilmington,assistant_professor,67670.0
UNCW,UNC Wilmington,assistant_professor,73346.0
UNCW,UNC Wilmington,lecturer,53696.0
UNCW,UNC Wilmington,administrator,171000.0
UNCW,UNC Wilmington,professor,166190.0
UNCW,UNC Wilmington,professor,66223.0
UNCW,UNC Wilmington,assistant_professor,69690.0
UNCW,UNC Wilmington,associate_professor,78125.0
UNCW,UNC Wilmington,professor,185456.0
UNCW,UNC Wilmington,assistant_professor,76552.0
UNCW,UNC Wilmington,assistant_professor,74839.0
UNCW,UNC Wilmington,professor,102890.0
UNCW,UNC Wilmington,professor,84687.0
UNCW,UNC Wilmington,lecturer,55687.0
UNCW,UNC Wilmington,associate_professor,205964.0
UNCW,UNC Wilmington,assistant_professor,150666.0
UNCW,UNC Wilmington,professor,105246.0
UNCW,UNC Wilmington,associate_professor,76787.0
UNCW,UNC Wilmington,assistant_professor,68680.0
UNCW,UNC Wilmington,lecturer,49326.0
UNCW,UNC Wilmington,assistant_professor,73975.0
UNCW,UNC Wilmington,associate_professor,73791.0
UNCW,UNC Wilmington,lecturer,49934.0
UNCW,UNC Wilmington,assistant_professor,139077.0
UNCW,UNC Wilmington,assistant_professor,74500.0
UNCW,UNC Wilmington,associate_professor,141287.0
UNCW,UNC Wilmington,professor,80603.0
UNCW,UNC Wilmington,associate_professor,80418.0
UNCW,UNC Wilmington,assistant_professor,72891.0
UNCW,UNC Wilmington,associate_professor,80858.0
UNCW,UNC Wilmington,professor,87933.0
UNCW,UNC Wilmington,associate_professor,108846.0
UNCW,UNC Wilmington,associate_professor,72720.0
UNCW,UNC Wilmington,professor,90284.0
UNCW,UNC Wilmington,lecturer,52000.0
UNCW,UNC Wilmington,professor,114581.0
UNCW,UNC Wilmington,associate_professor,83313.0
UNCW,UNC Wilmington,assistant_professor,65650.0
UNCW,UNC Wilmington,associate_professor,84591.0
UNCW,UNC Wilmington,assistant_professor,78023.0
UNCW,UNC Wilmington,lecturer,56000.0
UNCW,UNC Wilmington,associate_professor,73821.0
UNCW,UNC Wilmington,lecturer,75000.0
UNCW,UNC Wilmington,lecturer,50500.0
UNCW,UNC Wilmington,assistant_professor,67670.0
UNCW,UNC Wilmington,associate_professor,101078.0
UNCW,UNC Wilmington,associate_professor,140444.0
UNCW,UNC Wilmington,professor,90256.0
UNCW,UNC Wilmington,professor,103568.0
UNCW,UNC Wilmington,assistant_professor,101000.0
UNCW,UNC Wilmington,associate_professor,69146.0
UNCW,UNC Wilmington,associate_professor,75373.0
UNCW,UNC Wilmington,lecturer,70324.0
UNCW,UNC Wilmington,assistant_professor,114000.0
UNCW,UNC Wilmington,professor,126535.0
UNCW,UNC Wilmington,associate_professor,145000.0
UNCW,UNC Wilmington,associate_professor,77424.0
UNCW,UNC Wilmington,associate_professor,79121.0
UNCW,UNC Wilmington,associate_professor,143002.0
UNCW,UNC Wilmington,assistant_professor,112000.0
UNCW,UNC Wilmington,assistant_professor,73036.0
UNCW,UNC Wilmington,associate_professor,80565.0
UNCW,UNC Wilmington,assistant_professor,73244.0
UNCW,UNC Wilmington,lecturer,53840.0
UNCW,UNC Wilmington,associate_professor,79416.0
UNCW,UNC Wilmington,assistant_professor,78384.0
UNCW,UNC Wilmington,associate_professor,79481.0
UNCW,UNC Wilmington,associate_professor,76814.0
UNCW,UNC Wilmington,assistant_professor,64640.0
UNCW,UNC Wilmington,professor,97730.0
UNCW,UNC Wilmington,professor,105120.0
UNCW,UNC Wilmington,professor,90216.0
UNCW,UNC Wilmington,associate_professor,143952.0
UNCW,UNC Wilmington,assistant_professor,68281.0
UNCW,UNC Wilmington,lecturer,58479.0
UNCW,UNC Wilmington,lecturer,51465.0
UNCW,UNC Wilmington,lecturer,60858.0
UNCW,UNC Wilmington,associate_professor,99031.0
UNCW,UNC Wilmington,associate_professor,96192.0
UNCW,UNC Wilmington,assistant_professor,66538.0
UNCW,UNC Wilmington,associate_professor,74764.0
UNCW,UNC Wilmington,assistant_professor,78384.0
UNCW,UNC Wilmington,lecturer,50000.0
UNCW,UNC Wilmington,lecturer,48894.0
UNCW,UNC Wilmington,professor,89327.0
UNCW,UNC Wilmington,administrator,171000.0
UNCW,UNC Wilmington,professor,60424.0
UNCW,UNC Wilmington,professor,99542.0
UNCW,UNC Wilmington,lecturer,56391.0
UNCW,UNC Wilmington,associate_professor,71730.0
UNCW,UNC Wilmington,lecturer,57126.0
UNCW,UNC Wilmington,associate_professor,81271.0
UNCW,UNC Wilmington,assistant_professor,80000.0
UNCW,UNC Wilmington,assistant_professor,64947.0
UNCW,UNC Wilmington,assistant_professor,75002.0
UNCW,UNC Wilmington,associate_professor,77104.0
UNCW,UNC Wilmington,lecturer,61782.0
UNCW,UNC Wilmington,associate_professor,147951.0
UNCW,UNC Wilmington,professor,102167.0
UNCW,UNC Wilmington,assistant_professor,78558.0
UNCW,UNC Wilmington,associate_professor,152407.0
UNCW,UNC Wilmington,administrator,269214.0
UNCW,UNC Wilmington,administrator,169069.0
UNCW,UNC Wilmington,administrator,385000.0
UNCW,UNC Wilmington,associate_professor,72535.0
UNCW,UNC Wilmington,assistant_professor,143895.0
UNCW,UNC Wilmington,professor,124724.0
UNCW,UNC Wilmington,administrator,163035.0
UNCW,UNC Wilmington,professor,107613.0
UNCW,UNC Wilmington,lecturer,62699.0
UNCW,UNC Wilmington,assistant_professor,155000.0
UNCW,UNC Wilmington,associate_professor,83278.0
UNCW,UNC Wilmington,professor,103522.0
UNCW,UNC Wilmington,assistant_professor,143712.0
UNCW,UNC Wilmington,assistant_professor,64640.0
UNCW,UNC Wilmington,assistant_professor,67620.0
UNCW,UNC Wilmington,associate_professor,96192.0
UNCW,UNC Wilmington,administrator,141781.0
UNCW,UNC Wilmington,associate_professor,120842.0
UNCW,UNC Wilmington,professor,237299.0
UNCW,UNC Wilmington,administrator,273156.0
UNCW,UNC Wilmington,associate_professor,66274.0
UNCW,UNC Wilmington,associate_professor,80324.0
UNCW,UNC Wilmington,associate_professor,78164.0
UNCW,UNC Wilmington,assistant_professor,98122.0
UNCW,UNC Wilmington,associate_professor,83974.0
UNCW,UNC Wilmington,assistant_professor,67608.0
UNCW,UNC Wilmington,lecturer,58000.0
UNCW,UNC Wilmington,assistant_professor,67670.0
UNCW,UNC Wilmington,professor,84774.0
UNCW,UNC Wilmington,lecturer,70574.0
UNCW,UNC Wilmington,professor,122154.0
UNCW,UNC Wilmington,professor,102630.0
UNCW,UNC Wilmington,professor,101072.0
UNCW,UNC Wilmington,assistant_professor,69243.0
UNCW,UNC Wilmington,assistant_professor,74652.0
UNCW,UNC Wilmington,assistant_professor,93000.0
UNCW,UNC Wilmington,lecturer,58479.0
UNCW,UNC Wilmington,professor,138853.0
UNCW,UNC Wilmington,professor,100135.0
UNCW,UNC Wilmington,associate_professor,77897.0
UNCW,UNC Wilmington,assistant_professor,66529.0
UNCW,UNC Wilmington,assistant_professor,135340.0
UNCW,UNC Wilmington,lecturer,75000.0
UNCW,UNC Wilmington,lecturer,62255.0
UNCW,UNC Wilmington,assistant_professor,162368.0
UNCW,UNC Wilmington,associate_professor,135004.0
UNCW,UNC Wilmington,associate_professor,123473.0
UNCW,UNC Wilmington,assistant_professor,137733.0
UNCW,UNC Wilmington,associate_professor,71500.0
UNCW,UNC Wilmington,assistant_professor,77467.0
UNCW,UNC Wilmington,assistant_professor,78684.0
UNCW,UNC Wilmington,professor,131099.0
UNCW,UNC Wilmington,associate_professor,82968.0
UNCW,UNC Wilmington,assistant_professor,78439.0
UNCW,UNC Wilmington,lecturer,59583.0
UNCW,UNC Wilmington,assistant_professor,71302.0
UNCW,UNC Wilmington,assistant_professor,143108.0
UNCW,UNC Wilmington,associate_professor,73389.0
WCU,Western Carolina,assistant_professor,64890.0
WCU,Western Carolina,associate_professor,112000.0
WCU,Western Carolina,assistant_professor,71000.0
WCU,Western Carolina,lecturer,54352.0
WCU,Western Carolina,professor,93442.0
WCU,Western Carolina,associate_professor,100882.0
WCU,Western Carolina,associate_professor,78223.0
WCU,Western Carolina,lecturer,50660.0
WCU,Western Carolina,administrator,133900.0
WCU,Western Carolina,lecturer,61185.0
WCU,Western Carolina,associate_professor,76593.0
WCU,Western Carolina,assistant_professor,95457.0
WCU,Western Carolina,lecturer,68719.0
WCU,Western Carolina,assistant_professor,85696.0
WCU,Western Carolina,assistant_professor,58500.0
WCU,Western Carolina,professor,134585.0
WCU,Western Carolina,administrator,211372.0
WCU,Western Carolina,associate_professor,71185.0
WCU,Western Carolina,assistant_professor,67465.0
WCU,Western Carolina,associate_professor,101563.0
WCU,Western Carolina,administrator,133900.0
WCU,Western Carolina,professor,112422.0
WCU,Western Carolina,associate_professor,76790.0
WCU,Western Carolina,professor,112293.0
WCU,Western Carolina,professor,92606.0
WCU,Western Carolina,associate_professor,75270.0
WCU,Western Carolina,associate_professor,86147.0
WCU,Western Carolina,lecturer,75000.0
WCU,Western Carolina,associate_professor,38456.0
WCU,Western Carolina,associate_professor,74843.0
WCU,Western Carolina,associate_professor,83314.0
WCU,Western Carolina,assistant_professor,66950.0
WCU,Western Carolina,assistant_professor,93357.0
WCU,Western Carolina,associate_professor,76770.0
WCU,Western Carolina,assistant_professor,58500.0
WCU,Western Carolina,professor,84747.0
WCU,Western Carolina,assistant_professor,63500.0
WCU,Western Carolina,lecturer,53427.0
WCU,Western Carolina,lecturer,55061.0
WCU,Western Carolina,assistant_professor,67000.0
WCU,Western Carolina,assistant_professor,68000.0
WCU,Western Carolina,associate_professor,70234.0
WCU,Western Carolina,assistant_professor,66522.0
WCU,Western Carolina,professor,42109.0
WCU,Western Carolina,associate_professor,78523.0
WCU,Western Carolina,associate_professor,74384.0
WCU,Western Carolina,professor,90951.0
WCU,Western Carolina,assistant_professor,69000.0
WCU,Western Carolina,professor,89765.0
WCU,Western Carolina,assistant_professor,84706.0
WCU,Western Carolina,professor,119967.0
WCU,Western Carolina,assistant_professor,75000.0
WCU,Western Carolina,administrator,119708.0
WCU,Western Carolina,lecturer,50000.0
WCU,Western Carolina,assistant_professor,110337.0
WCU,Western Carolina,associate_professor,75364.0
WCU,Western Carolina,lecturer,55332.0
WCU,Western Carolina,professor,96418.0
WCU,Western Carolina,professor,120131.0
WCU,Western Carolina,lecturer,51103.0
WCU,Western Carolina,lecturer,51013.0
WCU,Western Carolina,professor,93940.0
WCU,Western Carolina,associate_professor,74890.0
WCU,Western Carolina,assistant_professor,67652.0
WCU,Western Carolina,administrator,369332.0
WCU,Western Carolina,professor,52177.0
WCU,Western Carolina,lecturer,52763.0
WCU,Western Carolina,assistant_professor,65920.0
WCU,Western Carolina,lecturer,49529.0
WCU,Western Carolina,professor,89765.0
WCU,Western Carolina,professor,150543.0
WCU,Western Carolina,assistant_professor,60229.0
WCU,Western Carolina,lecturer,58188.0
WCU,Western Carolina,administrator,182536.0
WCU,Western Carolina,professor,107076.0
WCU,Western Carolina,lecturer,88547.0
WCU,Western Carolina,associate_professor,73782.0
WCU,Western Carolina,professor,130000.0
WCU,Western Carolina,assistant_professor,58024.0
WCU,Western Carolina,professor,96772.0
WCU,Western Carolina,administrator,177613.0
WCU,Western Carolina,professor,93066.0
WCU,Western Carolina,associate_professor,105589.0
WCU,Western Carolina,assistant_professor,67980.0
WCU,Western Carolina,assistant_professor,89397.0
WCU,Western Carolina,assistant_professor,59601.0
WCU,Western Carolina,lecturer,70852.0
WCU,Western Carolina,administrator,133900.0
WCU,Western Carolina,lecturer,54593.0
WCU,Western Carolina,associate_professor,72199.0
WCU,Western Carolina,lecturer,57680.0
WCU,Western Carolina,professor,153415.0
WCU,Western Carolina,associate_professor,105004.0
WCU,Western Carolina,lecturer,50484.0
WCU,Western Carolina,lecturer,52934.0
WCU,Western Carolina,lecturer,51743.0
WCU,Western Carolina,professor,86336.0
WCU,Western Carolina,lecturer,56774.0
WCU,Western Carolina,associate_professor,70466.0
WCU,Western Carolina,assistant_professor,94550.0
WCU,Western Carolina,professor,89877.0
WCU,Western Carolina,lecturer,51660.0
WCU,Western Carolina,administrator,246376.0
WCU,Western Carolina,professor,117427.0
WCU,Western Carolina,associate_professor,74022.0
WCU,Western Carolina,professor,123137.0
WCU,Western Carolina,professor,154664.0
WCU,Western Carolina,professor,93131.0
WCU,Western Carolina,associate_professor,36830.0
WCU,Western Carolina,assistant_professor,83152.0
WCU,Western Carolina,professor,146566.0
WCU,Western Carolina,lecturer,62000.0
WCU,Western Carolina,assistant_professor,134832.0
WCU,Western Carolina,professor,92436.0
WCU,Western Carolina,assistant_professor,134832.0
WCU,Western Carolina,assistant_professor,124479.0
WCU,Western Carolina,lecturer,50013.0
WCU,Western Carolina,assistant_professor,74000.0
WCU,Western Carolina,lecturer,75000.0
WCU,Western Carolina,lecturer,54593.0
WCU,Western Carolina,assistant_professor,72065.0
WCU,Western Carolina,professor,118827.0
WCU,Western Carolina,lecturer,50000.0
WCU,Western Carolina,assistant_professor,74000.0
WCU,Western Carolina,assistant_professor,91117.0
WCU,Western Carolina,lecturer,50000.0
WCU,Western Carolina,professor,147777.0
WCU,Western Carolina,lecturer,81973.0
WCU,Western Carolina,professor,87043.0
WCU,Western Carolina,lecturer,65912.0
WCU,Western Carolina,associate_professor,87792.0
WCU,Western Carolina,professor,91857.0
WCU,Western Carolina,assistant_professor,120000.0
WCU,Western Carolina,professor,156036.0
WCU,Western Carolina,associate_professor,79568.0
WCU,Western Carolina,lecturer,59526.0
WCU,Western Carolina,assistant_professor,74000.0
WCU,Western Carolina,lecturer,50057.0
WCU,Western Carolina,lecturer,68611.0
WCU,Western Carolina,professor,82620.0
WCU,Western Carolina,assistant_professor,68480.0
WCU,Western Carolina,associate_professor,74628.0
WCU,Western Carolina,assistant_professor,68000.0
WCU,Western Carolina,assistant_professor,66760.0
WCU,Western Carolina,lecturer,75348.0
WCU,Western Carolina,assistant_professor,67000.0
WCU,Western Carolina,assistant_professor,89253.0
WCU,Western Carolina,assistant_professor,69628.0
WCU,Western Carolina,associate_professor,75621.0
WCU,Western Carolina,lecturer,49619.0
WCU,Western Carolina,assistant_professor,94000.0
WCU,Western Carolina,professor,101713.0
WCU,Western Carolina,assistant_professor,69000.0
WCU,Western Carolina,assistant_professor,91000.0
WCU,Western Carolina,assistant_professor,57845.0
WCU,Western Carolina,lecturer,80591.0
WCU,Western Carolina,assistant_professor,69092.0
WCU,Western Carolina,lecturer,53816.0
WCU,Western Carolina,professor,80963.0
WCU,Western Carolina,lecturer,57884.0
WCU,Western Carolina,associate_professor,108674.0
WCU,Western Carolina,lecturer,53615.0
WCU,Western Carolina,professor,129772.0
WCU,Western Carolina,professor,97797.0
WCU,Western Carolina,assistant_professor,58500.0
WCU,Western Carolina,professor,152224.0
WCU,Western Carolina,assistant_professor,63860.0
WCU,Western Carolina,associate_professor,70453.0
WCU,Western Carolina,lecturer,48487.0
WCU,Western Carolina,assistant_professor,65648.0
WCU,Western Carolina,assistant_professor,67486.0
WCU,Western Carolina,lecturer,56774.0
WCU,Western Carolina,professor,81605.0
WCU,Western Carolina,professor,125244.0
WCU,Western Carolina,professor,85698.0
WCU,Western Carolina,professor,132101.0
WCU,Western Carolina,associate_professor,78000.0
WCU,Western Carolina,lecturer,54352.0
WCU,Western Carolina,assistant_professor,67486.0
WCU,Western Carolina,assistant_professor,92000.0
WCU,Western Carolina,associate_professor,153985.0
WCU,Western Carolina,professor,91866.0
WCU,Western Carolina,professor,136937.0
WCU,Western Carolina,lecturer,56586.0
WCU,Western Carolina,professor,129433.0
WCU,Western Carolina,associate_professor,73049.0
WCU,Western Carolina,lecturer,56000.0
WCU,Western Carolina,assistant_professor,138434.0
WCU,Western Carolina,professor,134909.0
WCU,Western Carolina,associate_professor,81850.0
WCU,Western Carolina,assistant_professor,108674.0
WCU,Western Carolina,administrator,133900.0
WCU,Western Carolina,professor,90310.0
WCU,Western Carolina,assistant_professor,76140.0
WCU,Western Carolina,lecturer,56493.0
WCU,Western Carolina,administrator,134920.0
WCU,Western Carolina,professor,125244.0
WCU,Western Carolina,lecturer,50943.0
WCU,Western Carolina,assistant_professor,65000.0
WCU,Western Carolina,professor,87013.0
WCU,Western Carolina,assistant_professor,71181.0
WCU,Western Carolina,administrator,227282.0
WCU,Western Carolina,professor,115516.0
WCU,Western Carolina,professor,85698.0
WCU,Western Carolina,professor,162380.0
WCU,Western Carolina,assistant_professor,65920.0
WCU,Western Carolina,associate_professor,74442.0
WCU,Western Carolina,lecturer,46167.0
WCU,Western Carolina,lecturer,46529.0
WCU,Western Carolina,associate_professor,75897.0
WCU,Western Carolina,assistant_professor,65000.0
WCU,Western Carolina,assistant_professor,70368.0
WCU,Western Carolina,assistant_professor,91000.0
WCU,Western Carolina,lecturer,53012.0
WCU,Western Carolina,lecturer,54500.0
WCU,Western Carolina,lecturer,50564.0
WCU,Western Carolina,lecturer,89214.0
WCU,Western Carolina,associate_professor,69776.0
WCU,Western Carolina,assistant_professor,138434.0
WCU,Western Carolina,assistant_professor,87509.0
WCU,Western Carolina,assistant_professor,70040.0
WCU,Western Carolina,assistant_professor,115000.0
WCU,Western Carolina,lecturer,54548.0
WCU,Western Carolina,associate_professor,84015.0
WCU,Western Carolina,lecturer,59671.0
WCU,Western Carolina,assistant_professor,81254.0
WCU,Western Carolina,lecturer,61911.0
WCU,Western Carolina,lecturer,56000.0
WCU,Western Carolina,associate_professor,70234.0
WCU,Western Carolina,associate_professor,70912.0
WCU,Western Carolina,professor,148951.0
WCU,Western Carolina,lecturer,55605.0
WCU,Western Carolina,professor,155481.0
WCU,Western Carolina,lecturer,49225.0
WCU,Western Carolina,professor,120173.0
WCU,Western Carolina,associate_professor,73641.0
WCU,Western Carolina,associate_professor,79407.0
WCU,Western Carolina,associate_professor,82958.0
WCU,Western Carolina,lecturer,49966.0
WCU,Western Carolina,professor,126082.0
WCU,Western Carolina,administrator,170000.0
WCU,Western Carolina,professor,84785.0
WCU,Western Carolina,administrator,105155.0
WCU,Western Carolina,professor,132951.0
WCU,Western Carolina,assistant_professor,73090.0
WCU,Western Carolina,assistant_professor,69847.0
WCU,Western Carolina,assistant_professor,69010.0
WCU,Western Carolina,professor,89938.0
WCU,Western Carolina,assistant_professor,68000.0
WCU,Western Carolina,professor,77462.0
WCU,Western Carolina,lecturer,56312.0
WCU,Western Carolina,assistant_professor,69321.0
WCU,Western Carolina,lecturer,53427.0
WCU,Western Carolina,professor,136426.0
WCU,Western Carolina,professor,147005.0
WCU,Western Carolina,professor,80305.0
WCU,Western Carolina,assistant_professor,87362.0
WCU,Western Carolina,assistant_professor,62500.0
WCU,Western Carolina,lecturer,56411.0
WCU,Western Carolina,assistant_professor,60000.0
WCU,Western Carolina,lecturer,56966.0
WCU,Western Carolina,associate_professor,76287.0
WCU,Western Carolina,lecturer,81827.0
WCU,Western Carolina,lecturer,55000.0
WCU,Western Carolina,lecturer,54593.0
WCU,Western Carolina,professor,61993.0
WCU,Western Carolina,assistant_professor,96683.0
WCU,Western Carolina,lecturer,65343.0
WCU,Western Carolina,professor,92573.0
WCU,Western Carolina,assistant_professor,55000.0
WCU,Western Carolina,assistant_professor,100888.0
WCU,Western Carolina,assistant_professor,84460.0
WCU,Western Carolina,lecturer,75000.0
WCU,Western Carolina,administrator,181826.0
WCU,Western Carolina,professor,98207.0
WCU,Western Carolina,assistant_professor,108500.0
WCU,Western Carolina,lecturer,58204.0
WCU,Western Carolina,assistant_professor,66950.0
WCU,Western Carolina,associate_professor,104947.0
WCU,Western Carolina,professor,91578.0
WCU,Western Carolina,assistant_professor,69650.0
WCU,Western Carolina,professor,96901.0
WCU,Western Carolina,associate_professor,65978.0
WCU,Western Carolina,professor,146783.0
WCU,Western Carolina,professor,158755.0
WCU,Western Carolina,assistant_professor,59500.0
WCU,Western Carolina,lecturer,50000.0
WCU,Western Carolina,assistant_professor,108000.0
WCU,Western Carolina,assistant_professor,69000.0
WCU,Western Carolina,administrator,163835.0
WCU,Western Carolina,assistant_professor,60791.0
WCU,Western Carolina,professor,84886.0
WCU,Western Carolina,professor,96328.0
WCU,Western Carolina,associate_professor,101633.0
WCU,Western Carolina,lecturer,52934.0
WCU,Western Carolina,lecturer,48204.0
WCU,Western Carolina,lecturer,49440.0
WCU,Western Carolina,assistant_professor,59198.0
WCU,Western Carolina,associate_professor,37161.0
WCU,Western Carolina,associate_professor,71083.0
WCU,Western Carolina,professor,157617.0
WCU,Western Carolina,assistant_professor,58500.0
WCU,Western Carolina,professor,149637.0
WCU,Western Carolina,professor,161444.0
WCU,Western Carolina,professor,111031.0
WCU,Western Carolina,assistant_professor,70000.0
WCU,Western Carolina,associate_professor,75741.0
WCU,Western Carolina,assistant_professor,67000.0
WCU,Western Carolina,associate_professor,112898.0
WCU,Western Carolina,professor,88011.0
WCU,Western Carolina,professor,94322.0
WCU,Western Carolina,assistant_professor,64890.0
WCU,Western Carolina,lecturer,57680.0
WCU,Western Carolina,assistant_professor,99000.0
WCU,Western Carolina,assistant_professor,70000.0
WCU,Western Carolina,associate_professor,73882.0
WCU,Western Carolina,assistant_professor,65000.0
WCU,Western Carolina,associate_professor,97397.0
WCU,Western Carolina,lecturer,56812.0
WCU,Western Carolina,professor,100445.0
WCU,Western Carolina,assistant_professor,108674.0
WCU,Western Carolina,lecturer,56590.0
WCU,Western Carolina,associate_professor,70856.0
WCU,Western Carolina,assistant_professor,67000.0
WCU,Western Carolina,lecturer,54352.0
WCU,Western Carolina,assistant_professor,58500.0
WCU,Western Carolina,associate_professor,79407.0
WCU,Western Carolina,assistant_professor,57828.0
WCU,Western Carolina,professor,84376.0
WCU,Western Carolina,assistant_professor,69628.0
WCU,Western Carolina,associate_professor,76882.0
WCU,Western Carolina,assistant_professor,71070.0
WCU,Western Carolina,assistant_professor,67049.0
WCU,Western Carolina,assistant_professor,58500.0
WCU,Western Carolina,professor,52647.0
WCU,Western Carolina,lecturer,65912.0
WCU,Western Carolina,professor,144311.0
WCU,Western Carolina,lecturer,49966.0
WCU,Western Carolina,lecturer,61743.0
WCU,Western Carolina,assistant_professor,56580.0
WCU,Western Carolina,associate_professor,101633.0
WCU,Western Carolina,professor,133900.0
WCU,Western Carolina,lecturer,65409.0
WCU,Western Carolina,professor,113639.0
WCU,Western Carolina,professor,136346.0
WCU,Western Carolina,professor,136519.0
WCU,Western Carolina,assistant_professor,70040.0
WCU,Western Carolina,associate_professor,77421.0
WCU,Western Carolina,associate_professor,75741.0
WCU,Western Carolina,lecturer,40358.0
WCU,Western Carolina,assistant_professor,67161.0
WCU,Western Carolina,lecturer,49966.0
WCU,Western Carolina,assistant_professor,68000.0
WCU,Western Carolina,professor,113012.0
WCU,Western Carolina,administrator,113425.0
WCU,Western Carolina,associate_professor,78198.0
WCU,Western Carolina,assistant_professor,67000.0
WCU,Western Carolina,professor,80705.0
WCU,Western Carolina,assistant_professor,65000.0
WCU,Western Carolina,professor,94997.0
WCU,Western Carolina,professor,97913.0
WCU,Western Carolina,associate_professor,106474.0
WCU,Western Carolina,assistant_professor,61285.0
WCU,Western Carolina,assistant_professor,104787.0
WCU,Western Carolina,lecturer,54443.0
WCU,Western Carolina,professor,132744.0
WCU,Western Carolina,associate_professor,70236.0
WCU,Western Carolina,administrator,116045.0
WCU,Western Carolina,associate_professor,149500.0
WCU,Western Carolina,assistant_professor,143971.0
WCU,Western Carolina,professor,155705.0
WCU,Western Carolina,assistant_professor,68000.0
WCU,Western Carolina,assistant_professor,60255.0
WCU,Western Carolina,associate_professor,81251.0
WCU,Western Carolina,assistant_professor,66414.0
WCU,Western Carolina,professor,45457.0
WCU,Western Carolina,assistant_professor,65000.0
WCU,Western Carolina,associate_professor,70912.0
WCU,Western Carolina,assistant_professor,57957.0
WCU,Western Carolina,professor,107677.0
WCU,Western Carolina,assistant_professor,124479.0
WCU,Western Carolina,associate_professor,74137.0
WCU,Western Carolina,lecturer,61800.0
WCU,Western Carolina,assistant_professor,67000.0
WCU,Western Carolina,associate_professor,99075.0
WCU,Western Carolina,professor,110500.0
WCU,Western Carolina,lecturer,65648.0
WCU,Western Carolina,assistant_professor,62000.0
WCU,Western Carolina,assistant_professor,99000.0
WCU,Western Carolina,lecturer,58000.0
WCU,Western Carolina,assistant_professor,64000.0
WCU,Western Carolina,assistant_professor,62665.0
WCU,Western Carolina,assistant_professor,60335.0
WCU,Western Carolina,assistant_professor,64890.0
WCU,Western Carolina,assistant_professor,63000.0
WCU,Western Carolina,professor,105500.0
WCU,Western Carolina,assistant_professor,66000.0
WCU,Western Carolina,associate_professor,134380.0
WCU,Western Carolina,lecturer,50484.0
WCU,Western Carolina,professor,47583.0
WCU,Western Carolina,professor,144730.0
WCU,Western Carolina,professor,139614.0
WCU,Western Carolina,associate_professor,123652.0
WCU,Western Carolina,associate_professor,81850.0
WCU,Western Carolina,lecturer,50057.0
WCU,Western Carolina,professor,84747.0
WCU,Western Carolina,professor,105443.0
WCU,Western Carolina,professor,124616.0
WCU,Western Carolina,associate_professor,85700.0
WCU,Western Carolina,associate_professor,89089.0
WCU,Western Carolina,professor,96604.0
WCU,Western Carolina,associate_professor,72767.0
WCU,Western Carolina,professor,90526.0
WCU,Western Carolina,assistant_professor,74984.0
WCU,Western Carolina,associate_professor,81563.0
WCU,Western Carolina,assistant_professor,81342.0
WCU,Western Carolina,lecturer,49440.0
WCU,Western Carolina,assistant_professor,108150.0
WCU,Western Carolina,associate_professor,82869.0
WCU,Western Carolina,associate_professor,83210.0
WCU,Western Carolina,assistant_professor,87587.0
WCU,Western Carolina,lecturer,54228.0
WCU,Western Carolina,associate_professor,82833.0
WCU,Western Carolina,assistant_professor,66522.0
WCU,Western Carolina,assistant_professor,70040.0
WCU,Western Carolina,assistant_professor,58500.0
WCU,Western Carolina,professor,129222.0
WCU,Western Carolina,assistant_professor,138434.0
WCU,Western Carolina,assistant_professor,62503.0
WCU,Western Carolina,professor,87013.0
WCU,Western Carolina,lecturer,61541.0
WCU,Western Carolina,assistant_professor,112476.0
WCU,Western Carolina,professor,123731.0
WCU,Western Carolina,assistant_professor,68000.0
WCU,Western Carolina,associate_professor,72123.0
WCU,Western Carolina,assistant_professor,60000.0
WCU,Western Carolina,professor,108028.0
WCU,Western Carolina,associate_professor,77224.0
WCU,Western Carolina,associate_professor,73739.0
WCU,Western Carolina,associate_professor,104948.0
WCU,Western Carolina,associate_professor,73866.0
WCU,Western Carolina,associate_professor,77100.0
WCU,Western Carolina,associate_professor,74985.0
WCU,Western Carolina,lecturer,56786.0
WCU,Western Carolina,assistant_professor,91000.0
WCU,Western Carolina,professor,129433.0
WCU,Western Carolina,assistant_professor,111934.0
WCU,Western Carolina,assistant_professor,112337.0
WCU,Western Carolina,associate_professor,43145.0
WCU,Western Carolina,assistant_professor,102277.0
WCU,Western Carolina,professor,77480.0
WCU,Western Carolina,lecturer,55767.0
WCU,Western Carolina,lecturer,55873.0
WCU,Western Carolina,lecturer,59411.0
WCU,Western Carolina,lecturer,75000.0
WCU,Western Carolina,assistant_professor,108000.0
WCU,Western Carolina,lecturer,75348.0
WCU,Western Carolina,associate_professor,84602.0
WCU,Western Carolina,associate_professor,83527.0
WCU,Western Carolina,assistant_professor,76500.0
WCU,Western Carolina,assistant_professor,58500.0
WCU,Western Carolina,lecturer,57749.0
WCU,Western Carolina,administrator,302277.0
WCU,Western Carolina,professor,107886.0
WCU,Western Carolina,associate_professor,93670.0
WCU,Western Carolina,professor,147516.0
WCU,Western Carolina,associate_professor,74321.0
WCU,Western Carolina,associate_professor,69404.0
WCU,Western Carolina,associate_professor,74321.0
WCU,Western Carolina,associate_professor,71489.0
WCU,Western Carolina,assistant_professor,130905.0
WCU,Western Carolina,associate_professor,74548.0
WCU,Western Carolina,associate_professor,83056.0
WCU,Western Carolina,associate_professor,87787.0
WCU,Western Carolina,assistant_professor,90000.0
WCU,Western Carolina,associate_professor,72732.0
WCU,Western Carolina,professor,86813.0
WCU,Western Carolina,associate_professor,70462.0
WCU,Western Carolina,professor,122652.0
WCU,Western Carolina,professor,94924.0
WCU,Western Carolina,associate_professor,97842.0
WCU,Western Carolina,lecturer,75000.0
WCU,Western Carolina,professor,84747.0
WCU,Western Carolina,associate_professor,70234.0
WCU,Western Carolina,professor,43687.0
WCU,Western Carolina,assistant_professor,94000.0
WCU,Western Carolina,professor,113199.0
WCU,Western Carolina,assistant_professor,68725.0
WCU,Western Carolina,professor,91591.0
WCU,Western Carolina,associate_professor,91059.0
WCU,Western Carolina,assistant_professor,65920.0
WCU,Western Carolina,assistant_professor,70699.0
WCU,Western Carolina,professor,92759.0
WCU,Western Carolina,associate_professor,98244.0
WCU,Western Carolina,professor,136369.0
WCU,Western Carolina,associate_professor,74321.0
WCU,Western Carolina,assistant_professor,70000.0
WCU,Western Carolina,associate_professor,78857.0
WCU,Western Carolina,professor,86617.0
WCU,Western Carolina,assistant_professor,68000.0
WCU,Western Carolina,assistant_professor,58500.0
WCU,Western Carolina,administrator,133900.0
WCU,Western Carolina,professor,104813.0
WCU,Western Carolina,administrator,136660.0
WCU,Western Carolina,administrator,142050.0
WCU,Western Carolina,associate_professor,70234.0
WCU,Western Carolina,associate_professor,90003.0
WCU,Western Carolina,assistant_professor,87362.0
WCU,Western Carolina,lecturer,46167.0
WCU,Western Carolina,associate_professor,85231.0
WCU,Western Carolina,assistant_professor,68967.0
WCU,Western Carolina,professor,108028.0
WCU,Western Carolina,associate_professor,76882.0
WCU,Western Carolina,lecturer,80340.0
WCU,Western Carolina,professor,80705.0
WCU,Western Carolina,assistant_professor,62364.0
WCU,Western Carolina,associate_professor,80701.0
WCU,Western Carolina,associate_professor,86593.0
WCU,Western Carolina,lecturer,55681.0
WCU,Western Carolina,associate_professor,100828.0
WCU,Western Carolina,assistant_professor,67000.0
WCU,Western Carolina,assistant_professor,65000.0
WCU,Western Carolina,assistant_professor,114750.0
WCU,Western Carolina,professor,131860.0
WCU,Western Carolina,lecturer,59740.0
WCU,Western Carolina,assistant_professor,62000.0
WCU,Western Carolina,lecturer,53816.0
WCU,Western Carolina,professor,88597.0
WCU,Western Carolina,assistant_professor,60000.0
WCU,Western Carolina,assistant_professor,69463.0
WCU,Western Carolina,assistant_professor,66000.0
WCU,Western Carolina,administrator,222912.0
WCU,Western Carolina,lecturer,50484.0
WCU,Western Carolina,lecturer,46167.0
WCU,Western Carolina,professor,136369.0
WCU,Western Carolina,professor,84747.0
WCU,Western Carolina,associate_professor,81016.0
WCU,Western Carolina,professor,88850.0
WCU,Western Carolina,assistant_professor,59211.0
WCU,Western Carolina,assistant_professor,91117.0
WCU,Western Carolina,lecturer,54068.0
WCU,Western Carolina,professor,95434.0
WCU,Western Carolina,professor,109151.0
WCU,Western Carolina,professor,123986.0
WCU,Western Carolina,associate_professor,71062.0
WCU,Western Carolina,professor,145632.0
WCU,Western Carolina,assistant_professor,59500.0
WCU,Western Carolina,associate_professor,84553.0
WCU,Western Carolina,professor,124507.0
WCU,Western Carolina,associate_professor,74415.0
WCU,Western Carolina,associate_professor,90231.0
WCU,Western Carolina,assistant_professor,69628.0
WCU,Western Carolina,associate_professor,74324.0
WSSU,Winston-Salem State,associate_professor,77000.0
WSSU,Winston-Salem State,professor,108152.0
WSSU,Winston-Salem State,assistant_professor,73728.0
WSSU,Winston-Salem State,assistant_professor,104000.0
WSSU,Winston-Salem State,associate_professor,73800.0
WSSU,Winston-Salem State,assistant_professor,69000.0
WSSU,Winston-Salem State,associate_professor,75998.0
WSSU,Winston-Salem State,professor,102130.0
WSSU,Winston-Salem State,assistant_professor,62502.0
WSSU,Winston-Salem State,lecturer,59000.0
WSSU,Winston-Salem State,professor,106610.0
WSSU,Winston-Salem State,associate_professor,113085.0
WSSU,Winston-Salem State,associate_professor,77929.0
WSSU,Winston-Salem State,associate_professor,77448.0
WSSU,Winston-Salem State,associate_professor,73783.0
WSSU,Winston-Salem State,lecturer,81630.0
WSSU,Winston-Salem State,lecturer,89090.0
WSSU,Winston-Salem State,professor,91626.0
WSSU,Winston-Salem State,administrator,176344.0
WSSU,Winston-Salem State,assistant_professor,69294.0
WSSU,Winston-Salem State,associate_professor,81846.0
WSSU,Winston-Salem State,assistant_professor,65000.0
WSSU,Winston-Salem State,administrator,165000.0
WSSU,Winston-Salem State,lecturer,85223.0
WSSU,Winston-Salem State,administrator,309000.0
WSSU,Winston-Salem State,assistant_professor,91670.0
WSSU,Winston-Salem State,professor,115929.0
WSSU,Winston-Salem State,associate_professor,86266.0
WSSU,Winston-Salem State,professor,84035.0
WSSU,Winston-Salem State,lecturer,94428.0
WSSU,Winston-Salem State,associate_professor,151185.0
WSSU,Winston-Salem State,associate_professor,99312.0
WSSU,Winston-Salem State,assistant_professor,91196.0
WSSU,Winston-Salem State,professor,126658.0
WSSU,Winston-Salem State,professor,91355.0
WSSU,Winston-Salem State,professor,125202.0
WSSU,Winston-Salem State,professor,150895.0
WSSU,Winston-Salem State,associate_professor,83659.0
WSSU,Winston-Salem State,assistant_professor,102632.0
WSSU,Winston-Salem State,lecturer,57500.0
WSSU,Winston-Salem State,assistant_professor,83000.0
WSSU,Winston-Salem State,assistant_professor,67432.0
WSSU,Winston-Salem State,assistant_professor,65920.0
WSSU,Winston-Salem State,associate_professor,122373.0
WSSU,Winston-Salem State,associate_professor,90870.0
WSSU,Winston-Salem State,lecturer,64272.0
WSSU,Winston-Salem State,assistant_professor,93664.0
WSSU,Winston-Salem State,associate_professor,87075.0
WSSU,Winston-Salem State,professor,102835.0
WSSU,Winston-Salem State,assistant_professor,70049.0
WSSU,Winston-Salem State,associate_professor,81831.0
WSSU,Winston-Salem State,associate_professor,82762.0
WSSU,Winston-Salem State,associate_professor,105000.0
WSSU,Winston-Salem State,assistant_professor,90000.0
WSSU,Winston-Salem State,lecturer,57000.0
WSSU,Winston-Salem State,professor,138833.0
WSSU,Winston-Salem State,professor,110362.0
WSSU,Winston-Salem State,associate_professor,99500.0
WSSU,Winston-Salem State,lecturer,57000.0
WSSU,Winston-Salem State,professor,81745.0
WSSU,Winston-Salem State,professor,130161.0
WSSU,Winston-Salem State,professor,90507.0
WSSU,Winston-Salem State,assistant_professor,73728.0
WSSU,Winston-Salem State,associate_professor,115425.0
WSSU,Winston-Salem State,professor,84083.0
WSSU,Winston-Salem State,assistant_professor,63000.0
WSSU,Winston-Salem State,assistant_professor,100000.0
WSSU,Winston-Salem State,professor,133043.0
WSSU,Winston-Salem State,professor,102835.0
WSSU,Winston-Salem State,lecturer,81205.0
WSSU,Winston-Salem State,professor,93508.0
WSSU,Winston-Salem State,associate_professor,73000.0
WSSU,Winston-Salem State,associate_professor,119310.0
WSSU,Winston-Salem State,professor,130553.0
WSSU,Winston-Salem State,associate_professor,118582.0
WSSU,Winston-Salem State,associate_professor,78633.0
WSSU,Winston-Salem State,associate_professor,86000.0
WSSU,Winston-Salem State,lecturer,75000.0
WSSU,Winston-Salem State,assistant_professor,70000.0
WSSU,Winston-Salem State,professor,87392.0
WSSU,Winston-Salem State,associate_professor,83129.0
WSSU,Winston-Salem State,lecturer,80000.0
WSSU,Winston-Salem State,assistant_professor,86786.0
WSSU,Winston-Salem State,associate_professor,107077.0
WSSU,Winston-Salem State,associate_professor,76440.0
WSSU,Winston-Salem State,professor,78007.0
WSSU,Winston-Salem State,associate_professor,73060.0
WSSU,Winston-Salem State,assistant_professor,69750.0
WSSU,Winston-Salem State,lecturer,80000.0
WSSU,Winston-Salem State,administrator,182000.0
WSSU,Winston-Salem State,associate_professor,72193.0
WSSU,Winston-Salem State,associate_professor,130000.0
WSSU,Winston-Salem State,assistant_professor,71530.0
WSSU,Winston-Salem State,associate_professor,80829.0
WSSU,Winston-Salem State,assistant_professor,67500.0
WSSU,Winston-Salem State,assistant_professor,102846.0
WSSU,Winston-Salem State,assistant_professor,91155.0
WSSU,Winston-Salem State,lecturer,85000.0
WSSU,Winston-Salem State,lecturer,86000.0
WSSU,Winston-Salem State,assistant_professor,68557.0
WSSU,Winston-Salem State,lecturer,66522.0
WSSU,Winston-Salem State,assistant_professor,71100.0
WSSU,Winston-Salem State,assistant_professor,95000.0
WSSU,Winston-Salem State,assistant_professor,71070.0
WSSU,Winston-Salem State,professor,93601.0
WSSU,Winston-Salem State,assistant_professor,87000.0
WSSU,Winston-Salem State,professor,97499.0
WSSU,Winston-Salem State,professor,103227.0
WSSU,Winston-Salem State,associate_professor,81411.0
WSSU,Winston-Salem State,professor,113912.0
WSSU,Winston-Salem State,professor,80055.0
WSSU,Winston-Salem State,associate_professor,74879.0
WSSU,Winston-Salem State,assistant_professor,65000.0
WSSU,Winston-Salem State,associate_professor,78198.0
WSSU,Winston-Salem State,associate_professor,81411.0
WSSU,Winston-Salem State,assistant_professor,104442.0
WSSU,Winston-Salem State,administrator,220000.0
WSSU,Winston-Salem State,administrator,147734.0
WSSU,Winston-Salem State,assistant_professor,68185.0
WSSU,Winston-Salem State,professor,103954.0
WSSU,Winston-Salem State,assistant_professor,64750.0
WSSU,Winston-Salem State,professor,103953.0
WSSU,Winston-Salem State,associate_professor,78853.0
WSSU,Winston-Salem State,assistant_professor,64000.0
WSSU,Winston-Salem State,professor,86373.0
WSSU,Winston-Salem State,associate_professor,81440.0
WSSU,Winston-Salem State,associate_professor,80126.0
WSSU,Winston-Salem State,assistant_professor,99622.0
WSSU,Winston-Salem State,assistant_professor,71100.0
WSSU,Winston-Salem State,professor,108344.0
WSSU,Winston-Salem State,professor,128004.0
WSSU,Winston-Salem State,assistant_professor,87000.0
WSSU,Winston-Salem State,professor,119582.0
WSSU,Winston-Salem State,associate_professor,102216.0
WSSU,Winston-Salem State,associate_professor,144612.0
WSSU,Winston-Salem State,lecturer,59978.0
WSSU,Winston-Salem State,professor,130815.0
WSSU,Winston-Salem State,lecturer,80000.0
WSSU,Winston-Salem State,assistant_professor,69000.0
WSSU,Winston-Salem State,professor,85834.0
WSSU,Winston-Salem State,professor,113198.0
WSSU,Winston-Salem State,associate_professor,77448.0
WSSU,Winston-Salem State,professor,86620.0
WSSU,Winston-Salem State,assistant_professor,68177.0
WSSU,Winston-Salem State,associate_professor,81420.0
WSSU,Winston-Salem State,associate_professor,78604.0
WSSU,Winston-Salem State,professor,86482.0
WSSU,Winston-Salem State,lecturer,59684.0
WSSU,Winston-Salem State,assistant_professor,97500.0
WSSU,Winston-Salem State,associate_professor,83911.0
WSSU,Winston-Salem State,assistant_professor,68557.0
WSSU,Winston-Salem State,assistant_professor,67500.0
WSSU,Winston-Salem State,associate_professor,76866.0
WSSU,Winston-Salem State,professor,78523.0
WSSU,Winston-Salem State,professor,107965.0
WSSU,Winston-Salem State,professor,122007.0
WSSU,Winston-Salem State,professor,94606.0
WSSU,Winston-Salem State,associate_professor,88405.0
WSSU,Winston-Salem State,lecturer,64355.0
WSSU,Winston-Salem State,professor,134614.0
WSSU,Winston-Salem State,associate_professor,82522.0
WSSU,Winston-Salem State,associate_professor,77819.0
WSSU,Winston-Salem State,associate_professor,80684.0
WSSU,Winston-Salem State,associate_professor,77245.0
WSSU,Winston-Salem State,assistant_professor,67000.0
WSSU,Winston-Salem State,professor,93508.0
WSSU,Winston-Salem State,assistant_professor,70000.0
WSSU,Winston-Salem State,assistant_professor,69000.0
WSSU,Winston-Salem State,associate_professor,73177.0
WSSU,Winston-Salem State,professor,130917.0
WSSU,Winston-Salem State,lecturer,59000.0
WSSU,Winston-Salem State,associate_professor,86000.0
WSSU,Winston-Salem State,assistant_professor,65000.0
WSSU,Winston-Salem State,associate_professor,111756.0
WSSU,Winston-Salem State,associate_professor,125885.0
WSSU,Winston-Salem State,lecturer,60000.0
WSSU,Winston-Salem State,administrator,125000.0
WSSU,Winston-Salem State,lecturer,57000.0
WSSU,Winston-Salem State,associate_professor,80000.0
WSSU,Winston-Salem State,professor,81956.0
WSSU,Winston-Salem State,lecturer,60000.0
WSSU,Winston-Salem State,associate_professor,74376.0
WSSU,Winston-Salem State,assistant_professor,69750.0
WSSU,Winston-Salem State,assistant_professor,67500.0
WSSU,Winston-Salem State,associate_professor,77448.0
WSSU,Winston-Salem State,associate_professor,101396.0
WSSU,Winston-Salem State,professor,95454.0
WSSU,Winston-Salem State,assistant_professor,102846.0
WSSU,Winston-Salem State,associate_professor,80743.0
WSSU,Winston-Salem State,assistant_professor,105371.0
WSSU,Winston-Salem State,assistant_professor,90000.0
WSSU,Winston-Salem State,lecturer,57000.0
WSSU,Winston-Salem State,associate_professor,94239.0
WSSU,Winston-Salem State,assistant_professor,136751.0
WSSU,Winston-Salem State,administrator,128544.0
WSSU,Winston-Salem State,professor,113250.0
WSSU,Winston-Salem State,professor,91503.0
WSSU,Winston-Salem State,professor,98587.0
WSSU,Winston-Salem State,associate_professor,76000.0
WSSU,Winston-Salem State,associate_professor,88861.0
WSSU,Winston-Salem State,lecturer,57000.0
WSSU,Winston-Salem State,associate_professor,86260.0
WSSU,Winston-Salem State,associate_professor,128938.0
WSSU,Winston-Salem State,administrator,203161.0
WSSU,Winston-Salem State,professor,80055.0
WSSU,Winston-Salem State,assistant_professor,72000.0
WSSU,Winston-Salem State,professor,84661.0
WSSU,Winston-Salem State,professor,125169.0
WSSU,Winston-Salem State,associate_professor,80661.0
WSSU,Winston-Salem State,assistant_professor,60240.0
WSSU,Winston-Salem State,associate_professor,84561.0
WSSU,Winston-Salem State,assistant_professor,70000.0
WSSU,Winston-Salem State,assistant_professor,89500.0
WSSU,Winston-Salem State,assistant_professor,93500.0
WSSU,Winston-Salem State,assistant_professor,63000.0
WSSU,Winston-Salem State,lecturer,64304.0
WSSU,Winston-Salem State,associate_professor,116570.0
WSSU,Winston-Salem State,associate_professor,83758.0
WSSU,Winston-Salem State,associate_professor,77338.0
WSSU,Winston-Salem State,associate_professor,83341.0
WSSU,Winston-Salem State,assistant_professor,91000.0
WSSU,Winston-Salem State,professor,90652.0
WSSU,Winston-Salem State,associate_professor,81467.0
WSSU,Winston-Salem State,assistant_professor,80000.0
WSSU,Winston-Salem State,assistant_professor,93000.0
WSSU,Winston-Salem State,assistant_professor,84000.0
WSSU,Winston-Salem State,lecturer,61148.0
WSSU,Winston-Salem State,assistant_professor,95000.0
WSSU,Winston-Salem State,assistant_professor,66414.0
WSSU,Winston-Salem State,assistant_professor,70000.0
WSSU,Winston-Salem State,lecturer,61000.0
WSSU,Winston-Salem State,lecturer,77761.0
WSSU,Winston-Salem State,assistant_professor,65750.0
WSSU,Winston-Salem State,lecturer,70861.0
WSSU,Winston-Salem State,associate_professor,85182.0
WSSU,Winston-Salem State,professor,89922.0
WSSU,Winston-Salem State,professor,92123.0
WSSU,Winston-Salem State,associate_professor,102835.0
WSSU,Winston-Salem State,associate_professor,90064.0
WSSU,Winston-Salem State,associate_professor,79269.0
