<?xml version="1.0" encoding="UTF-8"?>
<gpx xmlns:xsi="http://www.w3.org/2001/XMLSchema-instance" xmlns="http://www.topografix.com/GPX/1/1" xsi:schemaLocation="http://www.topografix.com/GPX/1/1 http://www.topografix.com/GPX/1/1/gpx.xsd" version="1.1" creator="Open GPX Tracker for iOS">
	<trk>
		<trkseg>
			<trkpt lat="35.62837773379166" lon="-82.2621231670089">
				<ele>793.995391328013</ele>
				<time>2025-06-06T12:59:28Z</time>
			</trkpt>
			<trkpt lat="35.628364193015344" lon="-82.26208427029121">
				<ele>797.8393899060045</ele>
				<time>2025-06-06T12:59:29Z</time>
			</trkpt>
			<trkpt lat="35.62834789191686" lon="-82.26206148056296">
				<ele>797.5495735225624</ele>
				<time>2025-06-06T12:59:30Z</time>
			</trkpt>
			<trkpt lat="35.62833150846002" lon="-82.2620655165655">
				<ele>800.3475084980006</ele>
				<time>2025-06-06T12:59:32Z</time>
			</trkpt>
			<trkpt lat="35.62832248690488" lon="-82.2620712382248">
				<ele>801.1621611407027</ele>
				<time>2025-06-06T12:59:40Z</time>
			</trkpt>
			<trkpt lat="35.62832467015869" lon="-82.26209669436531">
				<ele>801.2363722780719</ele>
				<time>2025-06-06T12:59:44Z</time>
			</trkpt>
			<trkpt lat="35.628302604826935" lon="-82.26212584660307">
				<ele>801.5400230875239</ele>
				<time>2025-06-06T12:59:46Z</time>
			</trkpt>
			<trkpt lat="35.62828398605733" lon="-82.26214150326467">
				<ele>801.9742272216827</ele>
				<time>2025-06-06T12:59:47Z</time>
			</trkpt>
			<trkpt lat="35.62826251477977" lon="-82.262158972895">
				<ele>802.5117039624602</ele>
				<time>2025-06-06T12:59:48Z</time>
			</trkpt>
			<trkpt lat="35.628231111100455" lon="-82.26217471392958">
				<ele>803.2770758904517</ele>
				<time>2025-06-06T12:59:49Z</time>
			</trkpt>
			<trkpt lat="35.62820511351412" lon="-82.26219257146863">
				<ele>803.8487579235807</ele>
				<time>2025-06-06T12:59:50Z</time>
			</trkpt>
			<trkpt lat="35.6281834333311" lon="-82.2622135686356">
				<ele>804.3941812580451</ele>
				<time>2025-06-06T12:59:51Z</time>
			</trkpt>
			<trkpt lat="35.62815983549509" lon="-82.26223888280272">
				<ele>804.917585644871</ele>
				<time>2025-06-06T12:59:52Z</time>
			</trkpt>
			<trkpt lat="35.628130898379226" lon="-82.26226636087837">
				<ele>805.2955524111167</ele>
				<time>2025-06-06T12:59:53Z</time>
			</trkpt>
			<trkpt lat="35.628101518989396" lon="-82.26230011488765">
				<ele>805.7279385589063</ele>
				<time>2025-06-06T12:59:54Z</time>
			</trkpt>
			<trkpt lat="35.62807027680619" lon="-82.26233317851229">
				<ele>806.2598701287061</ele>
				<time>2025-06-06T12:59:55Z</time>
			</trkpt>
			<trkpt lat="35.628032151217354" lon="-82.26237371481353">
				<ele>806.5476993666962</ele>
				<time>2025-06-06T12:59:56Z</time>
			</trkpt>
			<trkpt lat="35.62799839729583" lon="-82.26242628209927">
				<ele>805.9995646197349</ele>
				<time>2025-06-06T12:59:57Z</time>
			</trkpt>
			<trkpt lat="35.62795922847041" lon="-82.26249720072056">
				<ele>804.80574157089</ele>
				<time>2025-06-06T12:59:58Z</time>
			</trkpt>
			<trkpt lat="35.62792145642339" lon="-82.26256278556748">
				<ele>804.3152486458421</ele>
				<time>2025-06-06T12:59:59Z</time>
			</trkpt>
			<trkpt lat="35.62785233838592" lon="-82.26262949189999">
				<ele>804.5523177692667</ele>
				<time>2025-06-06T13:00:00Z</time>
			</trkpt>
			<trkpt lat="35.62780201563409" lon="-82.26269219620416">
				<ele>803.9496843097731</ele>
				<time>2025-06-06T13:00:01Z</time>
			</trkpt>
			<trkpt lat="35.627751083231104" lon="-82.26277127494119">
				<ele>802.6950563928112</ele>
				<time>2025-06-06T13:00:02Z</time>
			</trkpt>
			<trkpt lat="35.627703821663395" lon="-82.26285174857794">
				<ele>801.4165539192036</ele>
				<time>2025-06-06T13:00:03Z</time>
			</trkpt>
			<trkpt lat="35.6276875354824" lon="-82.26295777968544">
				<ele>800.4508925369009</ele>
				<time>2025-06-06T13:00:04Z</time>
			</trkpt>
			<trkpt lat="35.627620012694365" lon="-82.26300385868977">
				<ele>799.4674213929102</ele>
				<time>2025-06-06T13:00:05Z</time>
			</trkpt>
			<trkpt lat="35.62757686958812" lon="-82.26306791174339">
				<ele>798.7935801651329</ele>
				<time>2025-06-06T13:00:06Z</time>
			</trkpt>
			<trkpt lat="35.62754247276148" lon="-82.2631293994798">
				<ele>798.5525102866814</ele>
				<time>2025-06-06T13:00:07Z</time>
			</trkpt>
			<trkpt lat="35.62752207541956" lon="-82.2631911438552">
				<ele>798.4707776401192</ele>
				<time>2025-06-06T13:00:08Z</time>
			</trkpt>
			<trkpt lat="35.62749853634546" lon="-82.26324247657034">
				<ele>797.8872502129525</ele>
				<time>2025-06-06T13:00:09Z</time>
			</trkpt>
			<trkpt lat="35.62747899167967" lon="-82.26328509848695">
				<ele>798.2539488421753</ele>
				<time>2025-06-06T13:00:10Z</time>
			</trkpt>
			<trkpt lat="35.627459374355574" lon="-82.2633273115599">
				<ele>798.6371568096802</ele>
				<time>2025-06-06T13:00:11Z</time>
			</trkpt>
			<trkpt lat="35.627440641206285" lon="-82.26336699729593">
				<ele>799.0922400150448</ele>
				<time>2025-06-06T13:00:12Z</time>
			</trkpt>
			<trkpt lat="35.627422281954146" lon="-82.26340589094896">
				<ele>799.4444982754067</ele>
				<time>2025-06-06T13:00:13Z</time>
			</trkpt>
			<trkpt lat="35.62740129631196" lon="-82.26345034854243">
				<ele>799.3441517520696</ele>
				<time>2025-06-06T13:00:14Z</time>
			</trkpt>
			<trkpt lat="35.62735909421914" lon="-82.26347754879113">
				<ele>799.1168983587995</ele>
				<time>2025-06-06T13:00:15Z</time>
			</trkpt>
			<trkpt lat="35.627341316758546" lon="-82.26352806001276">
				<ele>799.3284411272034</ele>
				<time>2025-06-06T13:00:16Z</time>
			</trkpt>
			<trkpt lat="35.62732544340731" lon="-82.26357094792492">
				<ele>800.0969484550878</ele>
				<time>2025-06-06T13:00:17Z</time>
			</trkpt>
			<trkpt lat="35.627309117270066" lon="-82.26361634194427">
				<ele>799.8704157751054</ele>
				<time>2025-06-06T13:00:18Z</time>
			</trkpt>
			<trkpt lat="35.62728988514994" lon="-82.26366340027722">
				<ele>800.4565214803442</ele>
				<time>2025-06-06T13:00:19Z</time>
			</trkpt>
			<trkpt lat="35.62728278140077" lon="-82.26371724237686">
				<ele>800.0454933820292</ele>
				<time>2025-06-06T13:00:20Z</time>
			</trkpt>
			<trkpt lat="35.6272687066747" lon="-82.2637620859185">
				<ele>800.0816158223897</ele>
				<time>2025-06-06T13:00:21Z</time>
			</trkpt>
			<trkpt lat="35.62725949646386" lon="-82.26381367472503">
				<ele>799.7327048974112</ele>
				<time>2025-06-06T13:00:22Z</time>
			</trkpt>
			<trkpt lat="35.62725955113135" lon="-82.26386715435467">
				<ele>799.7702987771481</ele>
				<time>2025-06-06T13:00:23Z</time>
			</trkpt>
			<trkpt lat="35.62725969385115" lon="-82.26391857674163">
				<ele>799.5720322197303</ele>
				<time>2025-06-06T13:00:24Z</time>
			</trkpt>
			<trkpt lat="35.627258305721384" lon="-82.26397291459729">
				<ele>799.643676513806</ele>
				<time>2025-06-06T13:00:25Z</time>
			</trkpt>
			<trkpt lat="35.627259119523295" lon="-82.26403494230206">
				<ele>800.6097796233371</ele>
				<time>2025-06-06T13:00:27Z</time>
			</trkpt>
			<trkpt lat="35.627257633607755" lon="-82.2641112106831">
				<ele>801.7954264525324</ele>
				<time>2025-06-06T13:00:28Z</time>
			</trkpt>
			<trkpt lat="35.62726450033276" lon="-82.26415810569804">
				<ele>801.7293936768547</ele>
				<time>2025-06-06T13:00:29Z</time>
			</trkpt>
			<trkpt lat="35.62726759951166" lon="-82.26421196392741">
				<ele>801.8383485227823</ele>
				<time>2025-06-06T13:00:30Z</time>
			</trkpt>
			<trkpt lat="35.62726995358962" lon="-82.26426417003033">
				<ele>801.9437988158315</ele>
				<time>2025-06-06T13:00:31Z</time>
			</trkpt>
			<trkpt lat="35.62727017098396" lon="-82.26431829468405">
				<ele>802.1953582810238</ele>
				<time>2025-06-06T13:00:32Z</time>
			</trkpt>
			<trkpt lat="35.62726555639272" lon="-82.26436892759499">
				<ele>802.8221653420478</ele>
				<time>2025-06-06T13:00:33Z</time>
			</trkpt>
			<trkpt lat="35.62726300197991" lon="-82.26441686307722">
				<ele>803.4048369619995</ele>
				<time>2025-06-06T13:00:34Z</time>
			</trkpt>
			<trkpt lat="35.62725836592272" lon="-82.26446693119846">
				<ele>804.0671332236379</ele>
				<time>2025-06-06T13:00:35Z</time>
			</trkpt>
			<trkpt lat="35.6272448100536" lon="-82.26451289462727">
				<ele>804.8776369998232</ele>
				<time>2025-06-06T13:00:36Z</time>
			</trkpt>
			<trkpt lat="35.6272277740989" lon="-82.26455310585568">
				<ele>806.0262572839856</ele>
				<time>2025-06-06T13:00:37Z</time>
			</trkpt>
			<trkpt lat="35.62720840867461" lon="-82.26458668089687">
				<ele>807.0889070313424</ele>
				<time>2025-06-06T13:00:38Z</time>
			</trkpt>
			<trkpt lat="35.62719508661582" lon="-82.2646315366134">
				<ele>802.9335024598986</ele>
				<time>2025-06-06T13:00:39Z</time>
			</trkpt>
			<trkpt lat="35.62718151741228" lon="-82.26466291540733">
				<ele>804.2503841938451</ele>
				<time>2025-06-06T13:00:41Z</time>
			</trkpt>
			<trkpt lat="35.62715515643675" lon="-82.26471407112447">
				<ele>805.9088990585878</ele>
				<time>2025-06-06T13:00:42Z</time>
			</trkpt>
			<trkpt lat="35.627121460235294" lon="-82.26474666734113">
				<ele>807.8549624076113</ele>
				<time>2025-06-06T13:00:44Z</time>
			</trkpt>
			<trkpt lat="35.627104659992554" lon="-82.26478378448803">
				<ele>806.1850956901908</ele>
				<time>2025-06-06T13:00:45Z</time>
			</trkpt>
			<trkpt lat="35.62709342041395" lon="-82.26480467307182">
				<ele>806.1898201843724</ele>
				<time>2025-06-06T13:00:46Z</time>
			</trkpt>
			<trkpt lat="35.627051995866566" lon="-82.26485114759036">
				<ele>806.8596590878442</ele>
				<time>2025-06-06T13:00:47Z</time>
			</trkpt>
			<trkpt lat="35.627004677917235" lon="-82.2649097887055">
				<ele>806.296371947974</ele>
				<time>2025-06-06T13:00:48Z</time>
			</trkpt>
			<trkpt lat="35.626982034132595" lon="-82.26493830020485">
				<ele>806.3901442419738</ele>
				<time>2025-06-06T13:00:50Z</time>
			</trkpt>
			<trkpt lat="35.62694778052667" lon="-82.26496012820796">
				<ele>809.9091226933524</ele>
				<time>2025-06-06T13:00:51Z</time>
			</trkpt>
			<trkpt lat="35.6269314439765" lon="-82.26499662054644">
				<ele>810.5455413507298</ele>
				<time>2025-06-06T13:00:52Z</time>
			</trkpt>
			<trkpt lat="35.626903258453815" lon="-82.26502941504177">
				<ele>811.6220598518848</ele>
				<time>2025-06-06T13:00:53Z</time>
			</trkpt>
			<trkpt lat="35.62685769613222" lon="-82.26509503778692">
				<ele>812.3448970178142</ele>
				<time>2025-06-06T13:00:54Z</time>
			</trkpt>
			<trkpt lat="35.62683725235249" lon="-82.2651124777378">
				<ele>811.447723438032</ele>
				<time>2025-06-06T13:00:55Z</time>
			</trkpt>
			<trkpt lat="35.626796938788566" lon="-82.26517580856967">
				<ele>809.9960279185325</ele>
				<time>2025-06-06T13:00:56Z</time>
			</trkpt>
			<trkpt lat="35.62677609464234" lon="-82.26518155883883">
				<ele>812.3734376523644</ele>
				<time>2025-06-06T13:00:57Z</time>
			</trkpt>
			<trkpt lat="35.62674830523394" lon="-82.26522100839821">
				<ele>810.7340835826471</ele>
				<time>2025-06-06T13:00:58Z</time>
			</trkpt>
			<trkpt lat="35.626722012841455" lon="-82.26524494976839">
				<ele>810.8159406026825</ele>
				<time>2025-06-06T13:00:59Z</time>
			</trkpt>
			<trkpt lat="35.626694369258296" lon="-82.26527390370757">
				<ele>811.2396580781788</ele>
				<time>2025-06-06T13:01:00Z</time>
			</trkpt>
			<trkpt lat="35.62667396434245" lon="-82.26531299061136">
				<ele>810.7717815488577</ele>
				<time>2025-06-06T13:01:01Z</time>
			</trkpt>
			<trkpt lat="35.62664675457855" lon="-82.26534045197754">
				<ele>811.2196911536157</ele>
				<time>2025-06-06T13:01:02Z</time>
			</trkpt>
			<trkpt lat="35.62662224906068" lon="-82.26536935317411">
				<ele>810.4679826563224</ele>
				<time>2025-06-06T13:01:03Z</time>
			</trkpt>
			<trkpt lat="35.62659676169322" lon="-82.26539701160608">
				<ele>811.7481235787272</ele>
				<time>2025-06-06T13:01:04Z</time>
			</trkpt>
			<trkpt lat="35.62656665166722" lon="-82.26545585067346">
				<ele>810.5492907864973</ele>
				<time>2025-06-06T13:01:05Z</time>
			</trkpt>
			<trkpt lat="35.62653301105267" lon="-82.26549996086078">
				<ele>811.3999464176595</ele>
				<time>2025-06-06T13:01:06Z</time>
			</trkpt>
			<trkpt lat="35.626498745860424" lon="-82.26554862487704">
				<ele>810.5772676095366</ele>
				<time>2025-06-06T13:01:07Z</time>
			</trkpt>
			<trkpt lat="35.62645357936173" lon="-82.26558690260553">
				<ele>810.9105879571289</ele>
				<time>2025-06-06T13:01:08Z</time>
			</trkpt>
			<trkpt lat="35.6264176424184" lon="-82.26563214580297">
				<ele>810.5178504232317</ele>
				<time>2025-06-06T13:01:09Z</time>
			</trkpt>
			<trkpt lat="35.62637835970511" lon="-82.26568047210006">
				<ele>810.2306686984375</ele>
				<time>2025-06-06T13:01:10Z</time>
			</trkpt>
			<trkpt lat="35.62634632673167" lon="-82.26573401774378">
				<ele>808.5162270050496</ele>
				<time>2025-06-06T13:01:11Z</time>
			</trkpt>
			<trkpt lat="35.62630568240338" lon="-82.26577292380412">
				<ele>810.3521621031687</ele>
				<time>2025-06-06T13:01:12Z</time>
			</trkpt>
			<trkpt lat="35.62626987589461" lon="-82.26581131363979">
				<ele>810.5427675936371</ele>
				<time>2025-06-06T13:01:13Z</time>
			</trkpt>
			<trkpt lat="35.62623794924648" lon="-82.26585099970968">
				<ele>809.5475347293541</ele>
				<time>2025-06-06T13:01:14Z</time>
			</trkpt>
			<trkpt lat="35.62620721068791" lon="-82.26588920895131">
				<ele>809.391916689463</ele>
				<time>2025-06-06T13:01:15Z</time>
			</trkpt>
			<trkpt lat="35.626177649999576" lon="-82.26593005800613">
				<ele>807.9750314829871</ele>
				<time>2025-06-06T13:01:16Z</time>
			</trkpt>
			<trkpt lat="35.626143476920014" lon="-82.26597218972427">
				<ele>807.6369267683476</ele>
				<time>2025-06-06T13:01:17Z</time>
			</trkpt>
			<trkpt lat="35.62610778762234" lon="-82.26602039959381">
				<ele>806.3077640673146</ele>
				<time>2025-06-06T13:01:18Z</time>
			</trkpt>
			<trkpt lat="35.626079182603355" lon="-82.26607799965855">
				<ele>805.0304043255746</ele>
				<time>2025-06-06T13:01:19Z</time>
			</trkpt>
			<trkpt lat="35.62606003982057" lon="-82.26624102284283">
				<ele>804.784878436476</ele>
				<time>2025-06-06T13:01:20Z</time>
			</trkpt>
			<trkpt lat="35.626052806003905" lon="-82.26634184176709">
				<ele>807.6986530423164</ele>
				<time>2025-06-06T13:01:21Z</time>
			</trkpt>
			<trkpt lat="35.62600557024743" lon="-82.26643700442153">
				<ele>806.9103305218741</ele>
				<time>2025-06-06T13:01:22Z</time>
			</trkpt>
			<trkpt lat="35.62602088047193" lon="-82.26649335529072">
				<ele>807.0619616955519</ele>
				<time>2025-06-06T13:01:23Z</time>
			</trkpt>
			<trkpt lat="35.62604571344113" lon="-82.26659816510548">
				<ele>806.9219182096422</ele>
				<time>2025-06-06T13:01:24Z</time>
			</trkpt>
			<trkpt lat="35.62611642294239" lon="-82.26672283558051">
				<ele>806.1022899178788</ele>
				<time>2025-06-06T13:01:25Z</time>
			</trkpt>
			<trkpt lat="35.626225623613486" lon="-82.26682460790421">
				<ele>804.2566273268312</ele>
				<time>2025-06-06T13:01:26Z</time>
			</trkpt>
			<trkpt lat="35.62626668695183" lon="-82.26691187068026">
				<ele>802.6057001575828</ele>
				<time>2025-06-06T13:01:27Z</time>
			</trkpt>
			<trkpt lat="35.62631499785538" lon="-82.2669957534944">
				<ele>801.3320409171283</ele>
				<time>2025-06-06T13:01:28Z</time>
			</trkpt>
			<trkpt lat="35.626358725009865" lon="-82.26706952258257">
				<ele>800.9903674433008</ele>
				<time>2025-06-06T13:01:29Z</time>
			</trkpt>
			<trkpt lat="35.62640792853491" lon="-82.2671518605129">
				<ele>800.6000684760511</ele>
				<time>2025-06-06T13:01:30Z</time>
			</trkpt>
			<trkpt lat="35.62644372115169" lon="-82.2672375312584">
				<ele>799.7956109857187</ele>
				<time>2025-06-06T13:01:31Z</time>
			</trkpt>
			<trkpt lat="35.626470848607475" lon="-82.26732818158955">
				<ele>798.4553205519915</ele>
				<time>2025-06-06T13:01:32Z</time>
			</trkpt>
			<trkpt lat="35.6264893959264" lon="-82.26740791679802">
				<ele>797.8724414957687</ele>
				<time>2025-06-06T13:01:33Z</time>
			</trkpt>
			<trkpt lat="35.62648470775982" lon="-82.26748536938857">
				<ele>798.0884463535622</ele>
				<time>2025-06-06T13:01:34Z</time>
			</trkpt>
			<trkpt lat="35.62647959301185" lon="-82.2675460422234">
				<ele>795.5376440146938</ele>
				<time>2025-06-06T13:01:35Z</time>
			</trkpt>
			<trkpt lat="35.62645250078966" lon="-82.26759066741344">
				<ele>794.9419224634767</ele>
				<time>2025-06-06T13:01:36Z</time>
			</trkpt>
			<trkpt lat="35.626430200050955" lon="-82.26762956287027">
				<ele>792.7824365291744</ele>
				<time>2025-06-06T13:01:37Z</time>
			</trkpt>
			<trkpt lat="35.62639341088913" lon="-82.26766782727917">
				<ele>794.5723208189011</ele>
				<time>2025-06-06T13:01:38Z</time>
			</trkpt>
			<trkpt lat="35.62635482329303" lon="-82.26769641517815">
				<ele>795.3756930269301</ele>
				<time>2025-06-06T13:01:39Z</time>
			</trkpt>
			<trkpt lat="35.62632275329592" lon="-82.26773914137397">
				<ele>792.6697984402999</ele>
				<time>2025-06-06T13:01:40Z</time>
			</trkpt>
			<trkpt lat="35.62628653978597" lon="-82.26775809856332">
				<ele>791.2301382068545</ele>
				<time>2025-06-06T13:01:41Z</time>
			</trkpt>
			<trkpt lat="35.626239405610505" lon="-82.26776582278394">
				<ele>790.6607381850481</ele>
				<time>2025-06-06T13:01:42Z</time>
			</trkpt>
			<trkpt lat="35.62619574594489" lon="-82.26776531286833">
				<ele>791.651671083644</ele>
				<time>2025-06-06T13:01:43Z</time>
			</trkpt>
			<trkpt lat="35.62616097147733" lon="-82.26777105715165">
				<ele>790.4928825749084</ele>
				<time>2025-06-06T13:01:44Z</time>
			</trkpt>
			<trkpt lat="35.626125718332794" lon="-82.26776311612124">
				<ele>792.6213375739753</ele>
				<time>2025-06-06T13:01:45Z</time>
			</trkpt>
			<trkpt lat="35.62609316246798" lon="-82.26776140425898">
				<ele>793.1331147113815</ele>
				<time>2025-06-06T13:01:46Z</time>
			</trkpt>
			<trkpt lat="35.62605837457974" lon="-82.26775716753352">
				<ele>794.9538416294381</ele>
				<time>2025-06-06T13:01:47Z</time>
			</trkpt>
			<trkpt lat="35.62602665518963" lon="-82.26776727864383">
				<ele>795.3860942311585</ele>
				<time>2025-06-06T13:01:48Z</time>
			</trkpt>
			<trkpt lat="35.62599470752227" lon="-82.26777749280637">
				<ele>797.6822193162516</ele>
				<time>2025-06-06T13:01:49Z</time>
			</trkpt>
			<trkpt lat="35.62595774021481" lon="-82.26779477491499">
				<ele>798.1084374869242</ele>
				<time>2025-06-06T13:01:51Z</time>
			</trkpt>
			<trkpt lat="35.625937676656385" lon="-82.26780993301364">
				<ele>797.2462178887799</ele>
				<time>2025-06-06T13:01:52Z</time>
			</trkpt>
			<trkpt lat="35.62590728045179" lon="-82.26782542819686">
				<ele>796.3029783638194</ele>
				<time>2025-06-06T13:01:53Z</time>
			</trkpt>
			<trkpt lat="35.625860870218524" lon="-82.26783627432336">
				<ele>797.2729743020609</ele>
				<time>2025-06-06T13:01:55Z</time>
			</trkpt>
			<trkpt lat="35.62583522717184" lon="-82.2678416566875">
				<ele>795.9973165877163</ele>
				<time>2025-06-06T13:01:56Z</time>
			</trkpt>
			<trkpt lat="35.62581377581354" lon="-82.26784014250809">
				<ele>798.0948714204133</ele>
				<time>2025-06-06T13:01:57Z</time>
			</trkpt>
			<trkpt lat="35.62578897263135" lon="-82.26784564889995">
				<ele>796.6587828183547</ele>
				<time>2025-06-06T13:01:58Z</time>
			</trkpt>
			<trkpt lat="35.6257637509622" lon="-82.26784697342052">
				<ele>797.7996531650424</ele>
				<time>2025-06-06T13:01:59Z</time>
			</trkpt>
			<trkpt lat="35.625740294330086" lon="-82.26784709037186">
				<ele>798.9893700629473</ele>
				<time>2025-06-06T13:02:00Z</time>
			</trkpt>
			<trkpt lat="35.62571238157612" lon="-82.2678502719575">
				<ele>800.5546833202243</ele>
				<time>2025-06-06T13:02:01Z</time>
			</trkpt>
			<trkpt lat="35.625688952659864" lon="-82.26784302488032">
				<ele>804.1446975832805</ele>
				<time>2025-06-06T13:02:02Z</time>
			</trkpt>
			<trkpt lat="35.62566315094889" lon="-82.26785444507145">
				<ele>804.4085829034448</ele>
				<time>2025-06-06T13:02:03Z</time>
			</trkpt>
			<trkpt lat="35.62563635793682" lon="-82.26786322783336">
				<ele>804.8876181049272</ele>
				<time>2025-06-06T13:02:04Z</time>
			</trkpt>
			<trkpt lat="35.62561075318159" lon="-82.26786086457648">
				<ele>805.9387522470206</ele>
				<time>2025-06-06T13:02:05Z</time>
			</trkpt>
			<trkpt lat="35.62557847145921" lon="-82.26788018425967">
				<ele>804.4043843150139</ele>
				<time>2025-06-06T13:02:06Z</time>
			</trkpt>
			<trkpt lat="35.62554922048175" lon="-82.26789921196153">
				<ele>804.8510064603761</ele>
				<time>2025-06-06T13:02:07Z</time>
			</trkpt>
			<trkpt lat="35.62551887494358" lon="-82.26792206272265">
				<ele>802.4714767355472</ele>
				<time>2025-06-06T13:02:08Z</time>
			</trkpt>
			<trkpt lat="35.62546951671394" lon="-82.26793110412619">
				<ele>805.9992389045656</ele>
				<time>2025-06-06T13:02:09Z</time>
			</trkpt>
			<trkpt lat="35.62542588435833" lon="-82.26794266652811">
				<ele>806.9497849447653</ele>
				<time>2025-06-06T13:02:10Z</time>
			</trkpt>
			<trkpt lat="35.625384712483516" lon="-82.26795357438056">
				<ele>808.9526413371786</ele>
				<time>2025-06-06T13:02:11Z</time>
			</trkpt>
			<trkpt lat="35.62534448100476" lon="-82.26797137801455">
				<ele>809.7784698000178</ele>
				<time>2025-06-06T13:02:12Z</time>
			</trkpt>
			<trkpt lat="35.6253064789928" lon="-82.2679837522024">
				<ele>812.4898174619302</ele>
				<time>2025-06-06T13:02:13Z</time>
			</trkpt>
			<trkpt lat="35.6252709854648" lon="-82.26801339946817">
				<ele>812.9875042531639</ele>
				<time>2025-06-06T13:02:14Z</time>
			</trkpt>
			<trkpt lat="35.62523739330142" lon="-82.2680391553526">
				<ele>813.6333409296349</ele>
				<time>2025-06-06T13:02:15Z</time>
			</trkpt>
			<trkpt lat="35.62520756501807" lon="-82.26808099038097">
				<ele>812.6831119759008</ele>
				<time>2025-06-06T13:02:16Z</time>
			</trkpt>
			<trkpt lat="35.62518578029434" lon="-82.26812710355664">
				<ele>812.0474474160001</ele>
				<time>2025-06-06T13:02:17Z</time>
			</trkpt>
			<trkpt lat="35.625168350529385" lon="-82.26816479501453">
				<ele>812.3994183670729</ele>
				<time>2025-06-06T13:02:18Z</time>
			</trkpt>
			<trkpt lat="35.62514573517797" lon="-82.26820937587266">
				<ele>811.7070266269147</ele>
				<time>2025-06-06T13:02:19Z</time>
			</trkpt>
			<trkpt lat="35.62513256195552" lon="-82.26825405469584">
				<ele>811.1058345651254</ele>
				<time>2025-06-06T13:02:20Z</time>
			</trkpt>
			<trkpt lat="35.62512575020222" lon="-82.26830574619179">
				<ele>810.1588782500476</ele>
				<time>2025-06-06T13:02:21Z</time>
			</trkpt>
			<trkpt lat="35.625116818397395" lon="-82.26834059585897">
				<ele>811.3065796345472</ele>
				<time>2025-06-06T13:02:22Z</time>
			</trkpt>
			<trkpt lat="35.6251088419008" lon="-82.2683797974502">
				<ele>811.2348166434094</ele>
				<time>2025-06-06T13:02:23Z</time>
			</trkpt>
			<trkpt lat="35.62510297428627" lon="-82.26841098791945">
				<ele>812.5100768208504</ele>
				<time>2025-06-06T13:02:24Z</time>
			</trkpt>
			<trkpt lat="35.62509856323681" lon="-82.26846271918194">
				<ele>809.3276065597311</ele>
				<time>2025-06-06T13:02:25Z</time>
			</trkpt>
			<trkpt lat="35.62508993760045" lon="-82.2685025151527">
				<ele>808.7026703199372</ele>
				<time>2025-06-06T13:02:26Z</time>
			</trkpt>
			<trkpt lat="35.62508740797761" lon="-82.2685483061484">
				<ele>806.8436362473294</ele>
				<time>2025-06-06T13:02:27Z</time>
			</trkpt>
			<trkpt lat="35.62507644965788" lon="-82.26858658985446">
				<ele>808.5090984813869</ele>
				<time>2025-06-06T13:02:28Z</time>
			</trkpt>
			<trkpt lat="35.62506834156411" lon="-82.26862991994817">
				<ele>808.8776316056028</ele>
				<time>2025-06-06T13:02:29Z</time>
			</trkpt>
			<trkpt lat="35.62506600285434" lon="-82.26866422817253">
				<ele>809.1080346880481</ele>
				<time>2025-06-06T13:02:30Z</time>
			</trkpt>
			<trkpt lat="35.62506733677117" lon="-82.26870467757705">
				<ele>809.4012353438884</ele>
				<time>2025-06-06T13:02:31Z</time>
			</trkpt>
			<trkpt lat="35.625065214882014" lon="-82.26874045199007">
				<ele>809.2819899814203</ele>
				<time>2025-06-06T13:02:32Z</time>
			</trkpt>
			<trkpt lat="35.62506116591721" lon="-82.26877492185179">
				<ele>809.4353089192882</ele>
				<time>2025-06-06T13:02:33Z</time>
			</trkpt>
			<trkpt lat="35.62505414259901" lon="-82.26880762021852">
				<ele>810.852028477937</ele>
				<time>2025-06-06T13:02:34Z</time>
			</trkpt>
			<trkpt lat="35.625054893575495" lon="-82.2688442380131">
				<ele>810.7461939016357</ele>
				<time>2025-06-06T13:02:35Z</time>
			</trkpt>
			<trkpt lat="35.625056100317735" lon="-82.26888123874691">
				<ele>811.810549617745</ele>
				<time>2025-06-06T13:02:36Z</time>
			</trkpt>
			<trkpt lat="35.62506052060378" lon="-82.26892046391067">
				<ele>812.210546085611</ele>
				<time>2025-06-06T13:02:37Z</time>
			</trkpt>
			<trkpt lat="35.62505665681065" lon="-82.26895262517897">
				<ele>814.3305077552795</ele>
				<time>2025-06-06T13:02:38Z</time>
			</trkpt>
			<trkpt lat="35.625058427560816" lon="-82.26898909035728">
				<ele>814.7581183416769</ele>
				<time>2025-06-06T13:02:39Z</time>
			</trkpt>
			<trkpt lat="35.625056912651935" lon="-82.26902425675272">
				<ele>815.6492698509246</ele>
				<time>2025-06-06T13:02:40Z</time>
			</trkpt>
			<trkpt lat="35.62506042769324" lon="-82.26906233199604">
				<ele>815.5243394030258</ele>
				<time>2025-06-06T13:02:41Z</time>
			</trkpt>
			<trkpt lat="35.625060824185766" lon="-82.26909848970439">
				<ele>817.0538910841569</ele>
				<time>2025-06-06T13:02:42Z</time>
			</trkpt>
			<trkpt lat="35.62506740723504" lon="-82.26914333143408">
				<ele>815.7458770284429</ele>
				<time>2025-06-06T13:02:43Z</time>
			</trkpt>
			<trkpt lat="35.625068570616435" lon="-82.2691831655185">
				<ele>816.7921688435599</ele>
				<time>2025-06-06T13:02:44Z</time>
			</trkpt>
			<trkpt lat="35.62507219630434" lon="-82.2692215126645">
				<ele>816.3452820144594</ele>
				<time>2025-06-06T13:02:45Z</time>
			</trkpt>
			<trkpt lat="35.6250726584789" lon="-82.26926018703948">
				<ele>816.3397815572098</ele>
				<time>2025-06-06T13:02:46Z</time>
			</trkpt>
			<trkpt lat="35.625073861988945" lon="-82.26929870815654">
				<ele>817.1092558046803</ele>
				<time>2025-06-06T13:02:47Z</time>
			</trkpt>
			<trkpt lat="35.62508041611311" lon="-82.26934055724581">
				<ele>816.8509495249018</ele>
				<time>2025-06-06T13:02:48Z</time>
			</trkpt>
			<trkpt lat="35.625083359915564" lon="-82.2693846896155">
				<ele>816.1150259030983</ele>
				<time>2025-06-06T13:02:49Z</time>
			</trkpt>
			<trkpt lat="35.62508765130349" lon="-82.26942592588262">
				<ele>815.7803933024406</ele>
				<time>2025-06-06T13:02:50Z</time>
			</trkpt>
			<trkpt lat="35.6251041515666" lon="-82.26947175675012">
				<ele>814.4090045476332</ele>
				<time>2025-06-06T13:02:51Z</time>
			</trkpt>
			<trkpt lat="35.62511098625309" lon="-82.26951392484546">
				<ele>816.1158906640485</ele>
				<time>2025-06-06T13:02:52Z</time>
			</trkpt>
			<trkpt lat="35.62511985853539" lon="-82.26955413644694">
				<ele>815.3425049595535</ele>
				<time>2025-06-06T13:02:53Z</time>
			</trkpt>
			<trkpt lat="35.62512890620856" lon="-82.2695921242642">
				<ele>814.8952691489831</ele>
				<time>2025-06-06T13:02:54Z</time>
			</trkpt>
			<trkpt lat="35.625138718086355" lon="-82.26962779069636">
				<ele>816.3138646092266</ele>
				<time>2025-06-06T13:02:55Z</time>
			</trkpt>
			<trkpt lat="35.62515242809265" lon="-82.26966596842318">
				<ele>816.621670239605</ele>
				<time>2025-06-06T13:02:56Z</time>
			</trkpt>
			<trkpt lat="35.625168261134036" lon="-82.26970041510698">
				<ele>817.6993652237579</ele>
				<time>2025-06-06T13:02:57Z</time>
			</trkpt>
			<trkpt lat="35.625186158584306" lon="-82.26973521604117">
				<ele>817.829582741484</ele>
				<time>2025-06-06T13:02:58Z</time>
			</trkpt>
			<trkpt lat="35.62520889814133" lon="-82.2697702430646">
				<ele>816.0280657904223</ele>
				<time>2025-06-06T13:02:59Z</time>
			</trkpt>
			<trkpt lat="35.62522501094746" lon="-82.26980132043344">
				<ele>817.8363496577367</ele>
				<time>2025-06-06T13:03:00Z</time>
			</trkpt>
			<trkpt lat="35.62524120251179" lon="-82.26983492394608">
				<ele>818.6478308755904</ele>
				<time>2025-06-06T13:03:01Z</time>
			</trkpt>
			<trkpt lat="35.625258435659845" lon="-82.26986993003094">
				<ele>817.354299238883</ele>
				<time>2025-06-06T13:03:02Z</time>
			</trkpt>
			<trkpt lat="35.6252787037597" lon="-82.26989902163663">
				<ele>817.7019092878327</ele>
				<time>2025-06-06T13:03:03Z</time>
			</trkpt>
			<trkpt lat="35.62529361145854" lon="-82.2699319471938">
				<ele>819.4059232193977</ele>
				<time>2025-06-06T13:03:04Z</time>
			</trkpt>
			<trkpt lat="35.6253172675352" lon="-82.2699627378262">
				<ele>819.84054463543</ele>
				<time>2025-06-06T13:03:05Z</time>
			</trkpt>
			<trkpt lat="35.625333614668364" lon="-82.26998901169988">
				<ele>821.9741899203509</ele>
				<time>2025-06-06T13:03:06Z</time>
			</trkpt>
			<trkpt lat="35.62535643775397" lon="-82.2700210441254">
				<ele>822.1567682456225</ele>
				<time>2025-06-06T13:03:07Z</time>
			</trkpt>
			<trkpt lat="35.62537804966814" lon="-82.2700530283226">
				<ele>822.5410429425538</ele>
				<time>2025-06-06T13:03:08Z</time>
			</trkpt>
			<trkpt lat="35.625404440581" lon="-82.27008710953113">
				<ele>821.6436678711325</ele>
				<time>2025-06-06T13:03:09Z</time>
			</trkpt>
			<trkpt lat="35.62542779918929" lon="-82.2701151884446">
				<ele>823.1779705164954</ele>
				<time>2025-06-06T13:03:10Z</time>
			</trkpt>
			<trkpt lat="35.62545513864903" lon="-82.27014085220533">
				<ele>822.4755678260699</ele>
				<time>2025-06-06T13:03:11Z</time>
			</trkpt>
			<trkpt lat="35.62548745312896" lon="-82.27016840022485">
				<ele>820.3150581410155</ele>
				<time>2025-06-06T13:03:12Z</time>
			</trkpt>
			<trkpt lat="35.62551389145704" lon="-82.27020092274665">
				<ele>821.1748874895275</ele>
				<time>2025-06-06T13:03:13Z</time>
			</trkpt>
			<trkpt lat="35.62553817993456" lon="-82.27023358790429">
				<ele>823.4284662408754</ele>
				<time>2025-06-06T13:03:14Z</time>
			</trkpt>
			<trkpt lat="35.62556905587657" lon="-82.27026496007636">
				<ele>823.0277141518891</ele>
				<time>2025-06-06T13:03:15Z</time>
			</trkpt>
			<trkpt lat="35.625600659627764" lon="-82.27030136506103">
				<ele>822.6421193247661</ele>
				<time>2025-06-06T13:03:16Z</time>
			</trkpt>
			<trkpt lat="35.625633556182095" lon="-82.27033473172327">
				<ele>821.2543508335948</ele>
				<time>2025-06-06T13:03:17Z</time>
			</trkpt>
			<trkpt lat="35.62566023990695" lon="-82.27036980271359">
				<ele>821.648613769561</ele>
				<time>2025-06-06T13:03:18Z</time>
			</trkpt>
			<trkpt lat="35.62570097628162" lon="-82.27040513660847">
				<ele>823.1244450239465</ele>
				<time>2025-06-06T13:03:19Z</time>
			</trkpt>
			<trkpt lat="35.625730099130266" lon="-82.2704355034028">
				<ele>823.3126395987347</ele>
				<time>2025-06-06T13:03:20Z</time>
			</trkpt>
			<trkpt lat="35.62575685939966" lon="-82.2704684317374">
				<ele>822.4473297055811</ele>
				<time>2025-06-06T13:03:21Z</time>
			</trkpt>
			<trkpt lat="35.625767460267106" lon="-82.27050894142091">
				<ele>823.6731990808621</ele>
				<time>2025-06-06T13:03:22Z</time>
			</trkpt>
			<trkpt lat="35.62577351478713" lon="-82.2705509132445">
				<ele>823.8787271156907</ele>
				<time>2025-06-06T13:03:23Z</time>
			</trkpt>
			<trkpt lat="35.62580511238615" lon="-82.27059013075578">
				<ele>823.0675262194127</ele>
				<time>2025-06-06T13:03:24Z</time>
			</trkpt>
			<trkpt lat="35.6258480403309" lon="-82.27064407424099">
				<ele>820.4315824145451</ele>
				<time>2025-06-06T13:03:25Z</time>
			</trkpt>
			<trkpt lat="35.625870333931886" lon="-82.27070030028483">
				<ele>822.117858255282</ele>
				<time>2025-06-06T13:03:26Z</time>
			</trkpt>
			<trkpt lat="35.625860886604094" lon="-82.27072946077554">
				<ele>822.9393425798044</ele>
				<time>2025-06-06T13:03:27Z</time>
			</trkpt>
			<trkpt lat="35.62589095079964" lon="-82.27081704218284">
				<ele>823.0890011303127</ele>
				<time>2025-06-06T13:03:28Z</time>
			</trkpt>
			<trkpt lat="35.625887701670834" lon="-82.2708684862724">
				<ele>822.3011008547619</ele>
				<time>2025-06-06T13:03:29Z</time>
			</trkpt>
			<trkpt lat="35.62587868690843" lon="-82.27091677304126">
				<ele>820.3237530812621</ele>
				<time>2025-06-06T13:03:30Z</time>
			</trkpt>
			<trkpt lat="35.62586710791257" lon="-82.27095430179821">
				<ele>819.2175047891214</ele>
				<time>2025-06-06T13:03:31Z</time>
			</trkpt>
			<trkpt lat="35.62584245563349" lon="-82.27099836911279">
				<ele>819.4581825267524</ele>
				<time>2025-06-06T13:03:32Z</time>
			</trkpt>
			<trkpt lat="35.625818949874294" lon="-82.27102825025952">
				<ele>819.9755491893739</ele>
				<time>2025-06-06T13:03:33Z</time>
			</trkpt>
			<trkpt lat="35.6257938379485" lon="-82.27105468782577">
				<ele>820.7765041794628</ele>
				<time>2025-06-06T13:03:34Z</time>
			</trkpt>
			<trkpt lat="35.6257543289441" lon="-82.27107718154271">
				<ele>818.1993454750627</ele>
				<time>2025-06-06T13:03:36Z</time>
			</trkpt>
			<trkpt lat="35.62568432116874" lon="-82.2710928483306">
				<ele>817.3943946808577</ele>
				<time>2025-06-06T13:03:38Z</time>
			</trkpt>
			<trkpt lat="35.625636229182696" lon="-82.27109435047706">
				<ele>816.9662022422999</ele>
				<time>2025-06-06T13:03:40Z</time>
			</trkpt>
			<trkpt lat="35.625599427135384" lon="-82.27108818781944">
				<ele>818.0509746354073</ele>
				<time>2025-06-06T13:03:41Z</time>
			</trkpt>
			<trkpt lat="35.62551913418288" lon="-82.27106342302247">
				<ele>816.6821566047147</ele>
				<time>2025-06-06T13:03:43Z</time>
			</trkpt>
			<trkpt lat="35.62544676709754" lon="-82.27103300581622">
				<ele>817.0024649146944</ele>
				<time>2025-06-06T13:03:45Z</time>
			</trkpt>
			<trkpt lat="35.62537807627737" lon="-82.27101294756362">
				<ele>816.4350824831054</ele>
				<time>2025-06-06T13:03:46Z</time>
			</trkpt>
			<trkpt lat="35.62533620385964" lon="-82.27101445375956">
				<ele>814.0792468572035</ele>
				<time>2025-06-06T13:03:48Z</time>
			</trkpt>
			<trkpt lat="35.62531676408595" lon="-82.27101588440593">
				<ele>814.0621688384563</ele>
				<time>2025-06-06T13:03:49Z</time>
			</trkpt>
			<trkpt lat="35.62527747319922" lon="-82.27100919177569">
				<ele>814.1468767076731</ele>
				<time>2025-06-06T13:03:50Z</time>
			</trkpt>
			<trkpt lat="35.62524853396535" lon="-82.2710000185085">
				<ele>814.4317297907546</ele>
				<time>2025-06-06T13:03:51Z</time>
			</trkpt>
			<trkpt lat="35.625218071714535" lon="-82.27099172730838">
				<ele>813.5724948290735</ele>
				<time>2025-06-06T13:03:52Z</time>
			</trkpt>
			<trkpt lat="35.62518510706078" lon="-82.27097205713305">
				<ele>813.3922979822382</ele>
				<time>2025-06-06T13:03:53Z</time>
			</trkpt>
			<trkpt lat="35.625137160391326" lon="-82.27094607766834">
				<ele>815.7154966434464</ele>
				<time>2025-06-06T13:03:54Z</time>
			</trkpt>
			<trkpt lat="35.62509611428762" lon="-82.27093546666292">
				<ele>813.8694906039163</ele>
				<time>2025-06-06T13:03:55Z</time>
			</trkpt>
			<trkpt lat="35.62505386320235" lon="-82.27092555666714">
				<ele>812.9023039070889</ele>
				<time>2025-06-06T13:03:56Z</time>
			</trkpt>
			<trkpt lat="35.62502008866917" lon="-82.27090953078134">
				<ele>812.9098292607814</ele>
				<time>2025-06-06T13:03:57Z</time>
			</trkpt>
			<trkpt lat="35.62498921083719" lon="-82.27089011928854">
				<ele>813.5134358340874</ele>
				<time>2025-06-06T13:03:58Z</time>
			</trkpt>
			<trkpt lat="35.62494446151066" lon="-82.27088532111848">
				<ele>810.6297833863646</ele>
				<time>2025-06-06T13:03:59Z</time>
			</trkpt>
			<trkpt lat="35.62490311995579" lon="-82.27087652307398">
				<ele>810.4653982808813</ele>
				<time>2025-06-06T13:04:00Z</time>
			</trkpt>
			<trkpt lat="35.62486346404694" lon="-82.27087422167527">
				<ele>808.2107473658398</ele>
				<time>2025-06-06T13:04:01Z</time>
			</trkpt>
			<trkpt lat="35.624823229943864" lon="-82.2708549744214">
				<ele>808.4502565655857</ele>
				<time>2025-06-06T13:04:02Z</time>
			</trkpt>
			<trkpt lat="35.6247794814806" lon="-82.27083872106446">
				<ele>808.5869217580184</ele>
				<time>2025-06-06T13:04:03Z</time>
			</trkpt>
			<trkpt lat="35.62473348226895" lon="-82.27082746811051">
				<ele>808.3057668581605</ele>
				<time>2025-06-06T13:04:04Z</time>
			</trkpt>
			<trkpt lat="35.62468084399884" lon="-82.27080492834808">
				<ele>810.825097288005</ele>
				<time>2025-06-06T13:04:05Z</time>
			</trkpt>
			<trkpt lat="35.62463450025088" lon="-82.27079686221138">
				<ele>809.0697780512273</ele>
				<time>2025-06-06T13:04:06Z</time>
			</trkpt>
			<trkpt lat="35.62458798677696" lon="-82.2707770469963">
				<ele>809.8877339810133</ele>
				<time>2025-06-06T13:04:07Z</time>
			</trkpt>
			<trkpt lat="35.62454040657198" lon="-82.27076230097761">
				<ele>809.7823093468323</ele>
				<time>2025-06-06T13:04:08Z</time>
			</trkpt>
			<trkpt lat="35.62449387424803" lon="-82.27075884329122">
				<ele>807.4844761928543</ele>
				<time>2025-06-06T13:04:09Z</time>
			</trkpt>
			<trkpt lat="35.62444660058381" lon="-82.27075725663364">
				<ele>807.2735424954444</ele>
				<time>2025-06-06T13:04:10Z</time>
			</trkpt>
			<trkpt lat="35.62439760005531" lon="-82.27074968696908">
				<ele>807.827750230208</ele>
				<time>2025-06-06T13:04:11Z</time>
			</trkpt>
			<trkpt lat="35.62434782389564" lon="-82.2707563853055">
				<ele>806.6183583233505</ele>
				<time>2025-06-06T13:04:12Z</time>
			</trkpt>
			<trkpt lat="35.62429541906481" lon="-82.27075567905803">
				<ele>807.8934967173263</ele>
				<time>2025-06-06T13:04:13Z</time>
			</trkpt>
			<trkpt lat="35.6242421449215" lon="-82.27075795693818">
				<ele>808.3467647014186</ele>
				<time>2025-06-06T13:04:14Z</time>
			</trkpt>
			<trkpt lat="35.62419372763361" lon="-82.27076036936354">
				<ele>809.7684857929125</ele>
				<time>2025-06-06T13:04:15Z</time>
			</trkpt>
			<trkpt lat="35.62413986644548" lon="-82.27078812422688">
				<ele>807.8536079693586</ele>
				<time>2025-06-06T13:04:16Z</time>
			</trkpt>
			<trkpt lat="35.62408906043609" lon="-82.2707950102164">
				<ele>809.5151236662641</ele>
				<time>2025-06-06T13:04:17Z</time>
			</trkpt>
			<trkpt lat="35.62404346426489" lon="-82.2708127831812">
				<ele>809.5717683462426</ele>
				<time>2025-06-06T13:04:18Z</time>
			</trkpt>
			<trkpt lat="35.623998039875715" lon="-82.27084366345815">
				<ele>807.6298867827281</ele>
				<time>2025-06-06T13:04:19Z</time>
			</trkpt>
			<trkpt lat="35.623953245161445" lon="-82.27086406374913">
				<ele>807.4086640365422</ele>
				<time>2025-06-06T13:04:20Z</time>
			</trkpt>
			<trkpt lat="35.62391244243213" lon="-82.27088802237027">
				<ele>806.1836919384077</ele>
				<time>2025-06-06T13:04:21Z</time>
			</trkpt>
			<trkpt lat="35.62386736041366" lon="-82.27090340903713">
				<ele>807.0988603616133</ele>
				<time>2025-06-06T13:04:22Z</time>
			</trkpt>
			<trkpt lat="35.6238204039774" lon="-82.27090661991157">
				<ele>809.6542579550296</ele>
				<time>2025-06-06T13:04:23Z</time>
			</trkpt>
			<trkpt lat="35.62377813413618" lon="-82.27091881259403">
				<ele>810.4383255420253</ele>
				<time>2025-06-06T13:04:24Z</time>
			</trkpt>
			<trkpt lat="35.62373648885468" lon="-82.27092985449802">
				<ele>811.7090861480683</ele>
				<time>2025-06-06T13:04:25Z</time>
			</trkpt>
			<trkpt lat="35.62368905598796" lon="-82.27094724929613">
				<ele>811.9008704889566</ele>
				<time>2025-06-06T13:04:26Z</time>
			</trkpt>
			<trkpt lat="35.623646553264926" lon="-82.27097496235204">
				<ele>811.8051578160375</ele>
				<time>2025-06-06T13:04:27Z</time>
			</trkpt>
			<trkpt lat="35.62360209070912" lon="-82.27099161588731">
				<ele>812.3726007817313</ele>
				<time>2025-06-06T13:04:28Z</time>
			</trkpt>
			<trkpt lat="35.623562408894394" lon="-82.27101613213885">
				<ele>813.2709893546999</ele>
				<time>2025-06-06T13:04:29Z</time>
			</trkpt>
			<trkpt lat="35.62351378337389" lon="-82.27103438076855">
				<ele>813.2093037571758</ele>
				<time>2025-06-06T13:04:30Z</time>
			</trkpt>
			<trkpt lat="35.62346989469751" lon="-82.27105731191313">
				<ele>813.117634379305</ele>
				<time>2025-06-06T13:04:31Z</time>
			</trkpt>
			<trkpt lat="35.62342337504338" lon="-82.27108838647992">
				<ele>812.2649626145139</ele>
				<time>2025-06-06T13:04:32Z</time>
			</trkpt>
			<trkpt lat="35.623383318235405" lon="-82.27110925544106">
				<ele>812.6961621511728</ele>
				<time>2025-06-06T13:04:33Z</time>
			</trkpt>
			<trkpt lat="35.62334037905173" lon="-82.27113325427607">
				<ele>812.68321246095</ele>
				<time>2025-06-06T13:04:34Z</time>
			</trkpt>
			<trkpt lat="35.623293758482895" lon="-82.27116434659213">
				<ele>811.8766453852877</ele>
				<time>2025-06-06T13:04:35Z</time>
			</trkpt>
			<trkpt lat="35.62325324246009" lon="-82.27118887687396">
				<ele>811.3518221229315</ele>
				<time>2025-06-06T13:04:36Z</time>
			</trkpt>
			<trkpt lat="35.623220485089746" lon="-82.27120398707741">
				<ele>812.9006424862891</ele>
				<time>2025-06-06T13:04:37Z</time>
			</trkpt>
			<trkpt lat="35.62317641239891" lon="-82.271223207134">
				<ele>812.5523256631568</ele>
				<time>2025-06-06T13:04:38Z</time>
			</trkpt>
			<trkpt lat="35.62313569920981" lon="-82.27124065772348">
				<ele>812.9394129393622</ele>
				<time>2025-06-06T13:04:39Z</time>
			</trkpt>
			<trkpt lat="35.62309178350375" lon="-82.27125815134352">
				<ele>812.5961917750537</ele>
				<time>2025-06-06T13:04:40Z</time>
			</trkpt>
			<trkpt lat="35.6230533980663" lon="-82.27128608240115">
				<ele>812.0159091753885</ele>
				<time>2025-06-06T13:04:41Z</time>
			</trkpt>
			<trkpt lat="35.62301573268616" lon="-82.2712906917461">
				<ele>813.309138873592</ele>
				<time>2025-06-06T13:04:42Z</time>
			</trkpt>
			<trkpt lat="35.62298433981827" lon="-82.27130457697785">
				<ele>813.9391405452043</ele>
				<time>2025-06-06T13:04:43Z</time>
			</trkpt>
			<trkpt lat="35.622952384421296" lon="-82.27131249713142">
				<ele>815.5355451749638</ele>
				<time>2025-06-06T13:04:44Z</time>
			</trkpt>
			<trkpt lat="35.62291595231528" lon="-82.27133943316548">
				<ele>813.911194909364</ele>
				<time>2025-06-06T13:04:45Z</time>
			</trkpt>
			<trkpt lat="35.6228776169701" lon="-82.27136353024329">
				<ele>813.1656936416402</ele>
				<time>2025-06-06T13:04:46Z</time>
			</trkpt>
			<trkpt lat="35.62284465530935" lon="-82.27138285801838">
				<ele>814.4784214030951</ele>
				<time>2025-06-06T13:04:47Z</time>
			</trkpt>
			<trkpt lat="35.6228095628991" lon="-82.27140100363984">
				<ele>814.0325583517551</ele>
				<time>2025-06-06T13:04:48Z</time>
			</trkpt>
			<trkpt lat="35.62276993619102" lon="-82.27142224630555">
				<ele>813.2953642038628</ele>
				<time>2025-06-06T13:04:49Z</time>
			</trkpt>
			<trkpt lat="35.6227330402676" lon="-82.27144658885057">
				<ele>813.3935528900474</ele>
				<time>2025-06-06T13:04:50Z</time>
			</trkpt>
			<trkpt lat="35.62269925379627" lon="-82.27146748029017">
				<ele>813.2772273728624</ele>
				<time>2025-06-06T13:04:51Z</time>
			</trkpt>
			<trkpt lat="35.62266755405402" lon="-82.27148602479143">
				<ele>813.1986762555316</ele>
				<time>2025-06-06T13:04:52Z</time>
			</trkpt>
			<trkpt lat="35.62264058163458" lon="-82.27150398367168">
				<ele>814.0988502809778</ele>
				<time>2025-06-06T13:04:53Z</time>
			</trkpt>
			<trkpt lat="35.622612419606824" lon="-82.27153858557486">
				<ele>813.1069243010134</ele>
				<time>2025-06-06T13:04:54Z</time>
			</trkpt>
			<trkpt lat="35.62257893566725" lon="-82.27156309264221">
				<ele>813.3612372698262</ele>
				<time>2025-06-06T13:04:55Z</time>
			</trkpt>
			<trkpt lat="35.62254931794634" lon="-82.2715856138179">
				<ele>814.3275411734357</ele>
				<time>2025-06-06T13:04:56Z</time>
			</trkpt>
			<trkpt lat="35.62251744079846" lon="-82.27161026711487">
				<ele>813.5158782592043</ele>
				<time>2025-06-06T13:04:57Z</time>
			</trkpt>
			<trkpt lat="35.6224873549596" lon="-82.27162858733107">
				<ele>813.5673598032445</ele>
				<time>2025-06-06T13:04:58Z</time>
			</trkpt>
			<trkpt lat="35.62245758742851" lon="-82.27165190318502">
				<ele>813.7365559684113</ele>
				<time>2025-06-06T13:04:59Z</time>
			</trkpt>
			<trkpt lat="35.62242894333148" lon="-82.27167211853302">
				<ele>814.5687475865707</ele>
				<time>2025-06-06T13:05:00Z</time>
			</trkpt>
			<trkpt lat="35.622402026218815" lon="-82.27169890682075">
				<ele>814.3537460220978</ele>
				<time>2025-06-06T13:05:01Z</time>
			</trkpt>
			<trkpt lat="35.622373643465195" lon="-82.27171713089884">
				<ele>814.9412750368938</ele>
				<time>2025-06-06T13:05:02Z</time>
			</trkpt>
			<trkpt lat="35.62234647041972" lon="-82.27174812048078">
				<ele>813.9872726928443</ele>
				<time>2025-06-06T13:05:03Z</time>
			</trkpt>
			<trkpt lat="35.622320945778306" lon="-82.27177210205926">
				<ele>813.872415821068</ele>
				<time>2025-06-06T13:05:04Z</time>
			</trkpt>
			<trkpt lat="35.6222938367041" lon="-82.27179425614236">
				<ele>814.1768323173746</ele>
				<time>2025-06-06T13:05:05Z</time>
			</trkpt>
			<trkpt lat="35.62226535478351" lon="-82.2718192758645">
				<ele>813.8372647995129</ele>
				<time>2025-06-06T13:05:06Z</time>
			</trkpt>
			<trkpt lat="35.62223949861532" lon="-82.2718431583821">
				<ele>814.2148514697328</ele>
				<time>2025-06-06T13:05:07Z</time>
			</trkpt>
			<trkpt lat="35.62221049373167" lon="-82.27186504521842">
				<ele>814.6990345688537</ele>
				<time>2025-06-06T13:05:08Z</time>
			</trkpt>
			<trkpt lat="35.62218137011276" lon="-82.27187705751037">
				<ele>814.7406395040452</ele>
				<time>2025-06-06T13:05:09Z</time>
			</trkpt>
			<trkpt lat="35.62215262740865" lon="-82.27188891189131">
				<ele>815.2055379049852</ele>
				<time>2025-06-06T13:05:10Z</time>
			</trkpt>
			<trkpt lat="35.62212216813309" lon="-82.27190365018116">
				<ele>815.1884075645357</ele>
				<time>2025-06-06T13:05:11Z</time>
			</trkpt>
			<trkpt lat="35.622092503490656" lon="-82.27190860237558">
				<ele>816.0924222692847</ele>
				<time>2025-06-06T13:05:12Z</time>
			</trkpt>
			<trkpt lat="35.62206219081529" lon="-82.2719217641254">
				<ele>815.8229496181011</ele>
				<time>2025-06-06T13:05:13Z</time>
			</trkpt>
			<trkpt lat="35.62203395738866" lon="-82.27193135062178">
				<ele>816.3819587090984</ele>
				<time>2025-06-06T13:05:14Z</time>
			</trkpt>
			<trkpt lat="35.62200423185831" lon="-82.27194367993404">
				<ele>816.3276081513613</ele>
				<time>2025-06-06T13:05:15Z</time>
			</trkpt>
			<trkpt lat="35.621973683431264" lon="-82.27194273268616">
				<ele>816.2646389538422</ele>
				<time>2025-06-06T13:05:16Z</time>
			</trkpt>
			<trkpt lat="35.621946883947594" lon="-82.27193574489475">
				<ele>816.2356594828889</ele>
				<time>2025-06-06T13:05:17Z</time>
			</trkpt>
			<trkpt lat="35.62192187804669" lon="-82.27192363971318">
				<ele>814.8220118395984</ele>
				<time>2025-06-06T13:05:18Z</time>
			</trkpt>
			<trkpt lat="35.621904676693276" lon="-82.27189728703215">
				<ele>813.624006039463</ele>
				<time>2025-06-06T13:05:21Z</time>
			</trkpt>
			<trkpt lat="35.62189210275305" lon="-82.27187781868274">
				<ele>815.0807047970593</ele>
				<time>2025-06-06T13:05:22Z</time>
			</trkpt>
			<trkpt lat="35.621872412826384" lon="-82.2718536779888">
				<ele>814.5240591391921</ele>
				<time>2025-06-06T13:05:23Z</time>
			</trkpt>
			<trkpt lat="35.62185512858511" lon="-82.27182092307955">
				<ele>815.5770828742534</ele>
				<time>2025-06-06T13:05:24Z</time>
			</trkpt>
			<trkpt lat="35.621801578768206" lon="-82.27171824309886">
				<ele>816.2705539194867</ele>
				<time>2025-06-06T13:05:25Z</time>
			</trkpt>
			<trkpt lat="35.62178412640396" lon="-82.27168587111413">
				<ele>816.3161330660805</ele>
				<time>2025-06-06T13:05:26Z</time>
			</trkpt>
			<trkpt lat="35.62177336743046" lon="-82.27164564348905">
				<ele>817.0037625096738</ele>
				<time>2025-06-06T13:05:27Z</time>
			</trkpt>
			<trkpt lat="35.621763262024835" lon="-82.27160573472602">
				<ele>817.5115701397881</ele>
				<time>2025-06-06T13:05:28Z</time>
			</trkpt>
			<trkpt lat="35.62174807065941" lon="-82.27156836272984">
				<ele>817.3051884742454</ele>
				<time>2025-06-06T13:05:29Z</time>
			</trkpt>
			<trkpt lat="35.62173855355663" lon="-82.27153125939961">
				<ele>819.4966986356303</ele>
				<time>2025-06-06T13:05:30Z</time>
			</trkpt>
			<trkpt lat="35.62172482391849" lon="-82.27149118670572">
				<ele>817.1311592580751</ele>
				<time>2025-06-06T13:05:31Z</time>
			</trkpt>
			<trkpt lat="35.621715932779885" lon="-82.27146021754916">
				<ele>819.5724503304809</ele>
				<time>2025-06-06T13:05:32Z</time>
			</trkpt>
			<trkpt lat="35.62170989785351" lon="-82.27141733014768">
				<ele>818.5954875126481</ele>
				<time>2025-06-06T13:05:33Z</time>
			</trkpt>
			<trkpt lat="35.621700680795165" lon="-82.27138137782059">
				<ele>818.2957137292251</ele>
				<time>2025-06-06T13:05:34Z</time>
			</trkpt>
			<trkpt lat="35.62169331583614" lon="-82.27135021546042">
				<ele>819.1405394636095</ele>
				<time>2025-06-06T13:05:35Z</time>
			</trkpt>
			<trkpt lat="35.62168316602197" lon="-82.27131841951889">
				<ele>820.2103026360273</ele>
				<time>2025-06-06T13:05:36Z</time>
			</trkpt>
			<trkpt lat="35.62167751117146" lon="-82.2712857560824">
				<ele>818.592800507322</ele>
				<time>2025-06-06T13:05:37Z</time>
			</trkpt>
			<trkpt lat="35.62167070350483" lon="-82.271260420694">
				<ele>818.5043140556663</ele>
				<time>2025-06-06T13:05:38Z</time>
			</trkpt>
			<trkpt lat="35.6216687527964" lon="-82.27123256485596">
				<ele>818.9329780451953</ele>
				<time>2025-06-06T13:05:39Z</time>
			</trkpt>
			<trkpt lat="35.621662194612426" lon="-82.27118789101574">
				<ele>821.1460285065696</ele>
				<time>2025-06-06T13:05:41Z</time>
			</trkpt>
			<trkpt lat="35.62165143224859" lon="-82.27113988519825">
				<ele>823.621496591717</ele>
				<time>2025-06-06T13:05:43Z</time>
			</trkpt>
			<trkpt lat="35.62164832274451" lon="-82.27111793806618">
				<ele>825.1264137085527</ele>
				<time>2025-06-06T13:05:44Z</time>
			</trkpt>
			<trkpt lat="35.62164866554914" lon="-82.27108757961524">
				<ele>824.9897682219744</ele>
				<time>2025-06-06T13:05:45Z</time>
			</trkpt>
			<trkpt lat="35.621646348466456" lon="-82.27106562726743">
				<ele>826.7350296219811</ele>
				<time>2025-06-06T13:05:46Z</time>
			</trkpt>
			<trkpt lat="35.62164479747514" lon="-82.27102703463223">
				<ele>824.4230687767267</ele>
				<time>2025-06-06T13:05:47Z</time>
			</trkpt>
			<trkpt lat="35.621645847873204" lon="-82.27100382723505">
				<ele>826.2757357079536</ele>
				<time>2025-06-06T13:05:48Z</time>
			</trkpt>
			<trkpt lat="35.62164506786054" lon="-82.27097654692011">
				<ele>827.2257248936221</ele>
				<time>2025-06-06T13:05:49Z</time>
			</trkpt>
			<trkpt lat="35.6216413161584" lon="-82.27095298812883">
				<ele>828.9982083616778</ele>
				<time>2025-06-06T13:05:50Z</time>
			</trkpt>
			<trkpt lat="35.621637752279405" lon="-82.27092804523237">
				<ele>829.71245370619</ele>
				<time>2025-06-06T13:05:51Z</time>
			</trkpt>
			<trkpt lat="35.62163372599565" lon="-82.27090607699417">
				<ele>831.0713813640177</ele>
				<time>2025-06-06T13:05:52Z</time>
			</trkpt>
			<trkpt lat="35.621629391053446" lon="-82.27088065725007">
				<ele>831.7208691835403</ele>
				<time>2025-06-06T13:05:53Z</time>
			</trkpt>
			<trkpt lat="35.621626129023184" lon="-82.27085798422821">
				<ele>833.3348342236131</ele>
				<time>2025-06-06T13:05:54Z</time>
			</trkpt>
			<trkpt lat="35.621620727872596" lon="-82.27082670278942">
				<ele>833.7149992985651</ele>
				<time>2025-06-06T13:05:55Z</time>
			</trkpt>
			<trkpt lat="35.62161707858002" lon="-82.27079736358611">
				<ele>833.8824652982876</ele>
				<time>2025-06-06T13:05:56Z</time>
			</trkpt>
			<trkpt lat="35.62161330929984" lon="-82.27077069512444">
				<ele>834.7467585457489</ele>
				<time>2025-06-06T13:05:57Z</time>
			</trkpt>
			<trkpt lat="35.62161432684276" lon="-82.27073745995813">
				<ele>833.0314327534288</ele>
				<time>2025-06-06T13:05:58Z</time>
			</trkpt>
			<trkpt lat="35.6216120387604" lon="-82.27071209035688">
				<ele>833.0277892556041</ele>
				<time>2025-06-06T13:05:59Z</time>
			</trkpt>
			<trkpt lat="35.62160737057678" lon="-82.27068956387205">
				<ele>834.5180732160807</ele>
				<time>2025-06-06T13:06:00Z</time>
			</trkpt>
			<trkpt lat="35.621598543213125" lon="-82.27066446074238">
				<ele>834.4992794869468</ele>
				<time>2025-06-06T13:06:01Z</time>
			</trkpt>
			<trkpt lat="35.621584848676754" lon="-82.27062602170244">
				<ele>836.7019004719332</ele>
				<time>2025-06-06T13:06:03Z</time>
			</trkpt>
			<trkpt lat="35.62159070388539" lon="-82.27059823953124">
				<ele>838.1670396011323</ele>
				<time>2025-06-06T13:06:04Z</time>
			</trkpt>
			<trkpt lat="35.6215945559797" lon="-82.27055939236469">
				<ele>837.8195932293311</ele>
				<time>2025-06-06T13:06:05Z</time>
			</trkpt>
			<trkpt lat="35.62159790218424" lon="-82.27052689659874">
				<ele>838.5982272941619</ele>
				<time>2025-06-06T13:06:06Z</time>
			</trkpt>
			<trkpt lat="35.62159773735115" lon="-82.270489272755">
				<ele>838.1891115847975</ele>
				<time>2025-06-06T13:06:07Z</time>
			</trkpt>
			<trkpt lat="35.62160011152693" lon="-82.2704568593563">
				<ele>839.1173221739009</ele>
				<time>2025-06-06T13:06:08Z</time>
			</trkpt>
			<trkpt lat="35.621599618714406" lon="-82.27041432062923">
				<ele>838.162145299837</ele>
				<time>2025-06-06T13:06:09Z</time>
			</trkpt>
			<trkpt lat="35.621600574377226" lon="-82.27037808851891">
				<ele>838.9943416053429</ele>
				<time>2025-06-06T13:06:10Z</time>
			</trkpt>
			<trkpt lat="35.62159592334382" lon="-82.27033740303894">
				<ele>838.3609730312601</ele>
				<time>2025-06-06T13:06:11Z</time>
			</trkpt>
			<trkpt lat="35.62159535489947" lon="-82.27029667460216">
				<ele>837.766956047155</ele>
				<time>2025-06-06T13:06:12Z</time>
			</trkpt>
			<trkpt lat="35.621595999592195" lon="-82.27025993495967">
				<ele>838.562000441365</ele>
				<time>2025-06-06T13:06:13Z</time>
			</trkpt>
			<trkpt lat="35.62160017008733" lon="-82.27022009151874">
				<ele>838.0757354283705</ele>
				<time>2025-06-06T13:06:14Z</time>
			</trkpt>
			<trkpt lat="35.621604387456195" lon="-82.270181548415">
				<ele>838.6297353152186</ele>
				<time>2025-06-06T13:06:15Z</time>
			</trkpt>
			<trkpt lat="35.621604165683536" lon="-82.2701401658677">
				<ele>837.2519089737907</ele>
				<time>2025-06-06T13:06:16Z</time>
			</trkpt>
			<trkpt lat="35.621599939156596" lon="-82.27011300681505">
				<ele>838.623308967799</ele>
				<time>2025-06-06T13:06:17Z</time>
			</trkpt>
			<trkpt lat="35.62159932545549" lon="-82.27007149852942">
				<ele>836.1119881449267</ele>
				<time>2025-06-06T13:06:18Z</time>
			</trkpt>
			<trkpt lat="35.6215948030102" lon="-82.27003496455656">
				<ele>834.9381723692641</ele>
				<time>2025-06-06T13:06:19Z</time>
			</trkpt>
			<trkpt lat="35.62159239975496" lon="-82.27000815427523">
				<ele>836.121182304807</ele>
				<time>2025-06-06T13:06:20Z</time>
			</trkpt>
			<trkpt lat="35.62158548930689" lon="-82.26997593146784">
				<ele>833.9882951397449</ele>
				<time>2025-06-06T13:06:21Z</time>
			</trkpt>
			<trkpt lat="35.621579769923436" lon="-82.26994573239878">
				<ele>834.27078782022</ele>
				<time>2025-06-06T13:06:22Z</time>
			</trkpt>
			<trkpt lat="35.62157930037879" lon="-82.26991076373099">
				<ele>835.1811466980726</ele>
				<time>2025-06-06T13:06:23Z</time>
			</trkpt>
			<trkpt lat="35.62157710087565" lon="-82.26987901000743">
				<ele>834.8855015067384</ele>
				<time>2025-06-06T13:06:24Z</time>
			</trkpt>
			<trkpt lat="35.62157450219728" lon="-82.26984891438198">
				<ele>835.1644790666178</ele>
				<time>2025-06-06T13:06:25Z</time>
			</trkpt>
			<trkpt lat="35.621571395364704" lon="-82.2698073872329">
				<ele>832.4245343580842</ele>
				<time>2025-06-06T13:06:26Z</time>
			</trkpt>
			<trkpt lat="35.62156914103667" lon="-82.26977848554331">
				<ele>833.638505063951</ele>
				<time>2025-06-06T13:06:27Z</time>
			</trkpt>
			<trkpt lat="35.62156453857173" lon="-82.26974761156303">
				<ele>833.4958651876077</ele>
				<time>2025-06-06T13:06:28Z</time>
			</trkpt>
			<trkpt lat="35.621558766032095" lon="-82.26971688487112">
				<ele>833.6464968184009</ele>
				<time>2025-06-06T13:06:29Z</time>
			</trkpt>
			<trkpt lat="35.62155436363983" lon="-82.2696863684905">
				<ele>834.8674064856023</ele>
				<time>2025-06-06T13:06:30Z</time>
			</trkpt>
			<trkpt lat="35.6215450766305" lon="-82.26964750266755">
				<ele>833.2582546062768</ele>
				<time>2025-06-06T13:06:31Z</time>
			</trkpt>
			<trkpt lat="35.62153616234226" lon="-82.26961289680435">
				<ele>832.2474608216435</ele>
				<time>2025-06-06T13:06:32Z</time>
			</trkpt>
			<trkpt lat="35.62153224870145" lon="-82.2695739874756">
				<ele>831.3230780344456</ele>
				<time>2025-06-06T13:06:33Z</time>
			</trkpt>
			<trkpt lat="35.62152279013572" lon="-82.26953451391788">
				<ele>830.9025709293783</ele>
				<time>2025-06-06T13:06:34Z</time>
			</trkpt>
			<trkpt lat="35.62151159828823" lon="-82.26949225722927">
				<ele>830.4057152224705</ele>
				<time>2025-06-06T13:06:35Z</time>
			</trkpt>
			<trkpt lat="35.62150090623942" lon="-82.26944725650712">
				<ele>829.8776739379391</ele>
				<time>2025-06-06T13:06:36Z</time>
			</trkpt>
			<trkpt lat="35.62148306812138" lon="-82.26939504116592">
				<ele>829.2916486170143</ele>
				<time>2025-06-06T13:06:37Z</time>
			</trkpt>
			<trkpt lat="35.62146018535405" lon="-82.26931113897824">
				<ele>829.4467850429937</ele>
				<time>2025-06-06T13:06:38Z</time>
			</trkpt>
			<trkpt lat="35.621448388027574" lon="-82.26923585899495">
				<ele>828.3217059643939</ele>
				<time>2025-06-06T13:06:39Z</time>
			</trkpt>
			<trkpt lat="35.621438872612714" lon="-82.26916760669805">
				<ele>827.4620877094567</ele>
				<time>2025-06-06T13:06:40Z</time>
			</trkpt>
			<trkpt lat="35.62143172233152" lon="-82.26910226879669">
				<ele>826.663643903099</ele>
				<time>2025-06-06T13:06:41Z</time>
			</trkpt>
			<trkpt lat="35.621419013111904" lon="-82.26903960316582">
				<ele>826.1339611895382</ele>
				<time>2025-06-06T13:06:42Z</time>
			</trkpt>
			<trkpt lat="35.621399513027015" lon="-82.26898219512594">
				<ele>826.3172482298687</ele>
				<time>2025-06-06T13:06:43Z</time>
			</trkpt>
			<trkpt lat="35.62138797489192" lon="-82.26893452818436">
				<ele>826.9265010207891</ele>
				<time>2025-06-06T13:06:44Z</time>
			</trkpt>
			<trkpt lat="35.62137853624215" lon="-82.26888533449532">
				<ele>826.7493583736941</ele>
				<time>2025-06-06T13:06:45Z</time>
			</trkpt>
			<trkpt lat="35.62137172611038" lon="-82.26883701870369">
				<ele>826.7326154345647</ele>
				<time>2025-06-06T13:06:46Z</time>
			</trkpt>
			<trkpt lat="35.62135814658606" lon="-82.26878732285198">
				<ele>824.8244396252558</ele>
				<time>2025-06-06T13:06:47Z</time>
			</trkpt>
			<trkpt lat="35.62134786801913" lon="-82.26874579516343">
				<ele>825.2819561678916</ele>
				<time>2025-06-06T13:06:48Z</time>
			</trkpt>
			<trkpt lat="35.62133696833203" lon="-82.2687064765386">
				<ele>824.7679735999554</ele>
				<time>2025-06-06T13:06:49Z</time>
			</trkpt>
			<trkpt lat="35.62132732142694" lon="-82.26867955408568">
				<ele>826.1987960282713</ele>
				<time>2025-06-06T13:06:50Z</time>
			</trkpt>
			<trkpt lat="35.62131541445848" lon="-82.26865065117308">
				<ele>827.0441465564072</ele>
				<time>2025-06-06T13:06:51Z</time>
			</trkpt>
			<trkpt lat="35.62130064630603" lon="-82.26860696161886">
				<ele>825.8572849929333</ele>
				<time>2025-06-06T13:06:52Z</time>
			</trkpt>
			<trkpt lat="35.62129317067459" lon="-82.2685850907695">
				<ele>827.6306644184515</ele>
				<time>2025-06-06T13:06:53Z</time>
			</trkpt>
			<trkpt lat="35.62127604836077" lon="-82.26854809483645">
				<ele>826.7787734009326</ele>
				<time>2025-06-06T13:06:54Z</time>
			</trkpt>
			<trkpt lat="35.621268268243135" lon="-82.26852467810015">
				<ele>828.1097474480048</ele>
				<time>2025-06-06T13:06:55Z</time>
			</trkpt>
			<trkpt lat="35.62126048934123" lon="-82.26849260869989">
				<ele>828.6165597513318</ele>
				<time>2025-06-06T13:06:56Z</time>
			</trkpt>
			<trkpt lat="35.62124781715966" lon="-82.26845731397204">
				<ele>827.6164036886767</ele>
				<time>2025-06-06T13:06:57Z</time>
			</trkpt>
			<trkpt lat="35.621230431546984" lon="-82.2684277537043">
				<ele>827.6638326859102</ele>
				<time>2025-06-06T13:06:58Z</time>
			</trkpt>
			<trkpt lat="35.62121460520195" lon="-82.26839954689878">
				<ele>827.9093154072762</ele>
				<time>2025-06-06T13:06:59Z</time>
			</trkpt>
			<trkpt lat="35.62120278086491" lon="-82.26836880459967">
				<ele>831.4655976472422</ele>
				<time>2025-06-06T13:07:00Z</time>
			</trkpt>
			<trkpt lat="35.62118555631055" lon="-82.26833324371218">
				<ele>831.39736756403</ele>
				<time>2025-06-06T13:07:01Z</time>
			</trkpt>
			<trkpt lat="35.62117210497866" lon="-82.26830154182812">
				<ele>831.4623026773334</ele>
				<time>2025-06-06T13:07:02Z</time>
			</trkpt>
			<trkpt lat="35.62117842279332" lon="-82.26825900088379">
				<ele>830.9336268492043</ele>
				<time>2025-06-06T13:07:04Z</time>
			</trkpt>
			<trkpt lat="35.62117998898136" lon="-82.2682186871455">
				<ele>831.8982698023319</ele>
				<time>2025-06-06T13:07:06Z</time>
			</trkpt>
			<trkpt lat="35.62116306779346" lon="-82.26819678844903">
				<ele>831.6090679587796</ele>
				<time>2025-06-06T13:07:07Z</time>
			</trkpt>
			<trkpt lat="35.62114320758226" lon="-82.26816225792246">
				<ele>834.55037745554</ele>
				<time>2025-06-06T13:07:09Z</time>
			</trkpt>
			<trkpt lat="35.6211138657366" lon="-82.26811776216358">
				<ele>833.7094984408468</ele>
				<time>2025-06-06T13:07:11Z</time>
			</trkpt>
			<trkpt lat="35.621086154163564" lon="-82.26807962697669">
				<ele>835.0077759232372</ele>
				<time>2025-06-06T13:07:13Z</time>
			</trkpt>
			<trkpt lat="35.62107373158249" lon="-82.26805952291785">
				<ele>836.5706501984969</ele>
				<time>2025-06-06T13:07:14Z</time>
			</trkpt>
			<trkpt lat="35.62105561324367" lon="-82.26802800932457">
				<ele>834.2234680317342</ele>
				<time>2025-06-06T13:07:15Z</time>
			</trkpt>
			<trkpt lat="35.62104253537926" lon="-82.26800861692962">
				<ele>835.1036171847954</ele>
				<time>2025-06-06T13:07:16Z</time>
			</trkpt>
			<trkpt lat="35.62103236094938" lon="-82.26798457786506">
				<ele>832.8229044647887</ele>
				<time>2025-06-06T13:07:17Z</time>
			</trkpt>
			<trkpt lat="35.62102260858117" lon="-82.2679640632562">
				<ele>833.4016632437706</ele>
				<time>2025-06-06T13:07:18Z</time>
			</trkpt>
			<trkpt lat="35.62100904374589" lon="-82.26793440014814">
				<ele>832.0472606122494</ele>
				<time>2025-06-06T13:07:19Z</time>
			</trkpt>
			<trkpt lat="35.62099529517136" lon="-82.26790724666658">
				<ele>830.4190320009366</ele>
				<time>2025-06-06T13:07:20Z</time>
			</trkpt>
			<trkpt lat="35.62098382540749" lon="-82.26788459388146">
				<ele>828.2757546212524</ele>
				<time>2025-06-06T13:07:21Z</time>
			</trkpt>
			<trkpt lat="35.62097206028304" lon="-82.267861357758">
				<ele>828.0079713603482</ele>
				<time>2025-06-06T13:07:22Z</time>
			</trkpt>
			<trkpt lat="35.62095942365508" lon="-82.26783640039618">
				<ele>827.8180320058018</ele>
				<time>2025-06-06T13:07:23Z</time>
			</trkpt>
			<trkpt lat="35.62094707802196" lon="-82.26781538429591">
				<ele>824.9781601428986</ele>
				<time>2025-06-06T13:07:24Z</time>
			</trkpt>
			<trkpt lat="35.62093460464632" lon="-82.26779320587433">
				<ele>825.9225278291851</ele>
				<time>2025-06-06T13:07:25Z</time>
			</trkpt>
			<trkpt lat="35.620922432813174" lon="-82.26777156360059">
				<ele>827.9995504114777</ele>
				<time>2025-06-06T13:07:26Z</time>
			</trkpt>
			<trkpt lat="35.62090937032403" lon="-82.26774950858608">
				<ele>828.8138523232192</ele>
				<time>2025-06-06T13:07:27Z</time>
			</trkpt>
			<trkpt lat="35.62089731436329" lon="-82.26772898222629">
				<ele>831.2533764503896</ele>
				<time>2025-06-06T13:07:28Z</time>
			</trkpt>
			<trkpt lat="35.62088185196504" lon="-82.26770265608423">
				<ele>828.7550068674609</ele>
				<time>2025-06-06T13:07:29Z</time>
			</trkpt>
			<trkpt lat="35.62086940637887" lon="-82.26768146634325">
				<ele>829.6918959794566</ele>
				<time>2025-06-06T13:07:30Z</time>
			</trkpt>
			<trkpt lat="35.62085698637091" lon="-82.26766032015489">
				<ele>828.7413602015004</ele>
				<time>2025-06-06T13:07:31Z</time>
			</trkpt>
			<trkpt lat="35.620843900646875" lon="-82.26763804052274">
				<ele>828.5887849135324</ele>
				<time>2025-06-06T13:07:32Z</time>
			</trkpt>
			<trkpt lat="35.620830311105735" lon="-82.26761490310099">
				<ele>829.7587129091844</ele>
				<time>2025-06-06T13:07:33Z</time>
			</trkpt>
			<trkpt lat="35.62081650976868" lon="-82.26759140507082">
				<ele>828.5536034135148</ele>
				<time>2025-06-06T13:07:34Z</time>
			</trkpt>
			<trkpt lat="35.62080405857761" lon="-82.26757020578692">
				<ele>828.7669486720115</ele>
				<time>2025-06-06T13:07:35Z</time>
			</trkpt>
			<trkpt lat="35.620791745399615" lon="-82.2675492414808">
				<ele>828.5930636562407</ele>
				<time>2025-06-06T13:07:36Z</time>
			</trkpt>
			<trkpt lat="35.620770302094996" lon="-82.26751273231245">
				<ele>826.7950829472393</ele>
				<time>2025-06-06T13:07:38Z</time>
			</trkpt>
			<trkpt lat="35.62074940244481" lon="-82.26747714876137">
				<ele>826.9994494561106</ele>
				<time>2025-06-06T13:07:40Z</time>
			</trkpt>
			<trkpt lat="35.62073766269684" lon="-82.26745716078064">
				<ele>826.7058848049492</ele>
				<time>2025-06-06T13:07:41Z</time>
			</trkpt>
			<trkpt lat="35.620724901689094" lon="-82.26743471900812">
				<ele>829.5651343781501</ele>
				<time>2025-06-06T13:07:42Z</time>
			</trkpt>
			<trkpt lat="35.62071211524602" lon="-82.26741164141471">
				<ele>828.7321874117479</ele>
				<time>2025-06-06T13:07:43Z</time>
			</trkpt>
			<trkpt lat="35.620700808247264" lon="-82.26739123399406">
				<ele>829.9099559066817</ele>
				<time>2025-06-06T13:07:44Z</time>
			</trkpt>
			<trkpt lat="35.62068014831649" lon="-82.26735394594859">
				<ele>829.1405987860635</ele>
				<time>2025-06-06T13:07:46Z</time>
			</trkpt>
			<trkpt lat="35.620662505465525" lon="-82.26732210327961">
				<ele>830.8147451560944</ele>
				<time>2025-06-06T13:07:48Z</time>
			</trkpt>
			<trkpt lat="35.6206514532069" lon="-82.26730215562746">
				<ele>829.9174477392808</ele>
				<time>2025-06-06T13:07:49Z</time>
			</trkpt>
			<trkpt lat="35.620638274394544" lon="-82.26727836986399">
				<ele>830.1223759390414</ele>
				<time>2025-06-06T13:07:50Z</time>
			</trkpt>
			<trkpt lat="35.6206202905358" lon="-82.26724591172191">
				<ele>827.712434079498</ele>
				<time>2025-06-06T13:07:52Z</time>
			</trkpt>
			<trkpt lat="35.62060019850128" lon="-82.26720964864354">
				<ele>825.9792906837538</ele>
				<time>2025-06-06T13:07:54Z</time>
			</trkpt>
			<trkpt lat="35.62058920136938" lon="-82.26718980048852">
				<ele>827.5800131484866</ele>
				<time>2025-06-06T13:07:55Z</time>
			</trkpt>
			<trkpt lat="35.62057690347831" lon="-82.26716760466675">
				<ele>827.7787758279592</ele>
				<time>2025-06-06T13:07:56Z</time>
			</trkpt>
			<trkpt lat="35.62055499565804" lon="-82.26712806436434">
				<ele>829.3967954693362</ele>
				<time>2025-06-06T13:07:58Z</time>
			</trkpt>
			<trkpt lat="35.620533472693346" lon="-82.26709191156864">
				<ele>828.8097842726856</ele>
				<time>2025-06-06T13:08:00Z</time>
			</trkpt>
			<trkpt lat="35.62052334958019" lon="-82.26707094798996">
				<ele>830.9398230034858</ele>
				<time>2025-06-06T13:08:01Z</time>
			</trkpt>
			<trkpt lat="35.620505827723676" lon="-82.26703932369718">
				<ele>830.7103745779023</ele>
				<time>2025-06-06T13:08:03Z</time>
			</trkpt>
			<trkpt lat="35.620493529220134" lon="-82.2670171267621">
				<ele>832.1163093131036</ele>
				<time>2025-06-06T13:08:04Z</time>
			</trkpt>
			<trkpt lat="35.620482759496184" lon="-82.26699764811022">
				<ele>831.5039377389476</ele>
				<time>2025-06-06T13:08:05Z</time>
			</trkpt>
			<trkpt lat="35.620469851440824" lon="-82.26697403595993">
				<ele>831.0021461099386</ele>
				<time>2025-06-06T13:08:06Z</time>
			</trkpt>
			<trkpt lat="35.62045557406772" lon="-82.26694791898552">
				<ele>832.8416566886008</ele>
				<time>2025-06-06T13:08:07Z</time>
			</trkpt>
			<trkpt lat="35.620443998290526" lon="-82.26692674391438">
				<ele>831.6330114137381</ele>
				<time>2025-06-06T13:08:08Z</time>
			</trkpt>
			<trkpt lat="35.620428519978624" lon="-82.26689843010413">
				<ele>831.6590680321679</ele>
				<time>2025-06-06T13:08:09Z</time>
			</trkpt>
			<trkpt lat="35.620416985581436" lon="-82.26687733073074">
				<ele>831.5623268196359</ele>
				<time>2025-06-06T13:08:10Z</time>
			</trkpt>
			<trkpt lat="35.62040350488741" lon="-82.26685267107872">
				<ele>831.9023975403979</ele>
				<time>2025-06-06T13:08:11Z</time>
			</trkpt>
			<trkpt lat="35.62039078982717" lon="-82.26682941197093">
				<ele>832.7649524509907</ele>
				<time>2025-06-06T13:08:12Z</time>
			</trkpt>
			<trkpt lat="35.620379413235206" lon="-82.26680860125984">
				<ele>831.1452488200739</ele>
				<time>2025-06-06T13:08:13Z</time>
			</trkpt>
			<trkpt lat="35.62036674012768" lon="-82.26678541889258">
				<ele>832.518393823877</ele>
				<time>2025-06-06T13:08:14Z</time>
			</trkpt>
			<trkpt lat="35.62035420370181" lon="-82.26676248654886">
				<ele>831.159523605369</ele>
				<time>2025-06-06T13:08:15Z</time>
			</trkpt>
			<trkpt lat="35.62034220226158" lon="-82.26674053283931">
				<ele>831.537146801129</ele>
				<time>2025-06-06T13:08:16Z</time>
			</trkpt>
			<trkpt lat="35.620330590731804" lon="-82.266719292367">
				<ele>832.2863847026601</ele>
				<time>2025-06-06T13:08:17Z</time>
			</trkpt>
			<trkpt lat="35.620316717336614" lon="-82.26669391435952">
				<ele>830.996356729418</ele>
				<time>2025-06-06T13:08:18Z</time>
			</trkpt>
			<trkpt lat="35.62029285145654" lon="-82.26665025753783">
				<ele>831.9265951542184</ele>
				<time>2025-06-06T13:08:20Z</time>
			</trkpt>
			<trkpt lat="35.62027961005435" lon="-82.26662603561726">
				<ele>834.4593237256631</ele>
				<time>2025-06-06T13:08:21Z</time>
			</trkpt>
			<trkpt lat="35.62026536605773" lon="-82.26659950550831">
				<ele>834.1085281120613</ele>
				<time>2025-06-06T13:08:22Z</time>
			</trkpt>
			<trkpt lat="35.62025300717202" lon="-82.26657599643106">
				<ele>834.3333655837923</ele>
				<time>2025-06-06T13:08:23Z</time>
			</trkpt>
			<trkpt lat="35.62024072784877" lon="-82.2665526386994">
				<ele>834.500113829039</ele>
				<time>2025-06-06T13:08:24Z</time>
			</trkpt>
			<trkpt lat="35.62022990797404" lon="-82.26653205712694">
				<ele>835.1793914278969</ele>
				<time>2025-06-06T13:08:25Z</time>
			</trkpt>
			<trkpt lat="35.62021977169605" lon="-82.26651277589636">
				<ele>835.7336139483377</ele>
				<time>2025-06-06T13:08:26Z</time>
			</trkpt>
			<trkpt lat="35.620201941044215" lon="-82.26647885842222">
				<ele>838.8040202856064</ele>
				<time>2025-06-06T13:08:28Z</time>
			</trkpt>
			<trkpt lat="35.62019007431419" lon="-82.26645628362378">
				<ele>839.5864921258762</ele>
				<time>2025-06-06T13:08:29Z</time>
			</trkpt>
			<trkpt lat="35.62017624824859" lon="-82.26642914628603">
				<ele>838.0627440391108</ele>
				<time>2025-06-06T13:08:30Z</time>
			</trkpt>
			<trkpt lat="35.62016452716503" lon="-82.2664061405411">
				<ele>836.397824303247</ele>
				<time>2025-06-06T13:08:31Z</time>
			</trkpt>
			<trkpt lat="35.62015386498682" lon="-82.26638776526609">
				<ele>835.6395889902487</ele>
				<time>2025-06-06T13:08:32Z</time>
			</trkpt>
			<trkpt lat="35.6201435975777" lon="-82.2663650606545">
				<ele>834.0666091432795</ele>
				<time>2025-06-06T13:08:33Z</time>
			</trkpt>
			<trkpt lat="35.62013069304123" lon="-82.26633973207724">
				<ele>835.7789133097976</ele>
				<time>2025-06-06T13:08:34Z</time>
			</trkpt>
			<trkpt lat="35.62012047286408" lon="-82.26631967225768">
				<ele>835.2346857609227</ele>
				<time>2025-06-06T13:08:35Z</time>
			</trkpt>
			<trkpt lat="35.6201095080721" lon="-82.26629760223157">
				<ele>835.0509964395314</ele>
				<time>2025-06-06T13:08:36Z</time>
			</trkpt>
			<trkpt lat="35.62009813148653" lon="-82.26627412540543">
				<ele>836.8870809460059</ele>
				<time>2025-06-06T13:08:37Z</time>
			</trkpt>
			<trkpt lat="35.620086842812576" lon="-82.26625082998886">
				<ele>836.2902087401599</ele>
				<time>2025-06-06T13:08:38Z</time>
			</trkpt>
			<trkpt lat="35.62007520100229" lon="-82.26622680584168">
				<ele>837.5860193157569</ele>
				<time>2025-06-06T13:08:39Z</time>
			</trkpt>
			<trkpt lat="35.620065016532266" lon="-82.26620578907261">
				<ele>837.2333051897585</ele>
				<time>2025-06-06T13:08:40Z</time>
			</trkpt>
			<trkpt lat="35.62005557318379" lon="-82.2661863016892">
				<ele>836.9071595147252</ele>
				<time>2025-06-06T13:08:41Z</time>
			</trkpt>
			<trkpt lat="35.620037974561185" lon="-82.26614938318521">
				<ele>837.8760442491621</ele>
				<time>2025-06-06T13:08:43Z</time>
			</trkpt>
			<trkpt lat="35.6200208029729" lon="-82.26611285016631">
				<ele>839.0659003937617</ele>
				<time>2025-06-06T13:08:45Z</time>
			</trkpt>
			<trkpt lat="35.62000164638994" lon="-82.26607209401706">
				<ele>840.5972432559356</ele>
				<time>2025-06-06T13:08:47Z</time>
			</trkpt>
			<trkpt lat="35.61999108483588" lon="-82.26604962402243">
				<ele>838.5211581634358</ele>
				<time>2025-06-06T13:08:48Z</time>
			</trkpt>
			<trkpt lat="35.61998147031995" lon="-82.26602900533183">
				<ele>840.0845892131329</ele>
				<time>2025-06-06T13:08:49Z</time>
			</trkpt>
			<trkpt lat="35.61996773745791" lon="-82.26599843242288">
				<ele>842.736752028577</ele>
				<time>2025-06-06T13:08:51Z</time>
			</trkpt>
			<trkpt lat="35.6199520569415" lon="-82.26596352352718">
				<ele>841.8881042571738</ele>
				<time>2025-06-06T13:08:53Z</time>
			</trkpt>
			<trkpt lat="35.61994071368452" lon="-82.26593827049933">
				<ele>844.2780763646588</ele>
				<time>2025-06-06T13:08:55Z</time>
			</trkpt>
			<trkpt lat="35.619924669219145" lon="-82.26590255135876">
				<ele>843.2024324433878</ele>
				<time>2025-06-06T13:08:58Z</time>
			</trkpt>
			<trkpt lat="35.619910839814" lon="-82.26587176351812">
				<ele>844.9163837069646</ele>
				<time>2025-06-06T13:09:00Z</time>
			</trkpt>
			<trkpt lat="35.619901129477796" lon="-82.26585014579054">
				<ele>844.4942597355694</ele>
				<time>2025-06-06T13:09:01Z</time>
			</trkpt>
			<trkpt lat="35.619891914928665" lon="-82.26582963181284">
				<ele>842.9126023584977</ele>
				<time>2025-06-06T13:09:02Z</time>
			</trkpt>
			<trkpt lat="35.61987705395526" lon="-82.26579654743074">
				<ele>844.019822275266</ele>
				<time>2025-06-06T13:09:04Z</time>
			</trkpt>
			<trkpt lat="35.6198592320224" lon="-82.26575675525514">
				<ele>842.8041471047327</ele>
				<time>2025-06-06T13:09:06Z</time>
			</trkpt>
			<trkpt lat="35.6198495261077" lon="-82.26573474892257">
				<ele>842.0335743166506</ele>
				<time>2025-06-06T13:09:07Z</time>
			</trkpt>
			<trkpt lat="35.61984008477369" lon="-82.26571334248997">
				<ele>843.6898075258359</ele>
				<time>2025-06-06T13:09:08Z</time>
			</trkpt>
			<trkpt lat="35.619823864866284" lon="-82.26567656692417">
				<ele>846.3010036805645</ele>
				<time>2025-06-06T13:09:10Z</time>
			</trkpt>
			<trkpt lat="35.61981354862684" lon="-82.26565317680117">
				<ele>846.1131820082664</ele>
				<time>2025-06-06T13:09:11Z</time>
			</trkpt>
			<trkpt lat="35.619800243681894" lon="-82.26562301035281">
				<ele>844.8263418450952</ele>
				<time>2025-06-06T13:09:12Z</time>
			</trkpt>
			<trkpt lat="35.619791207514545" lon="-82.26560282018286">
				<ele>846.6989426296204</ele>
				<time>2025-06-06T13:09:13Z</time>
			</trkpt>
			<trkpt lat="35.619777079880144" lon="-82.26557126894718">
				<ele>845.1845509679988</ele>
				<time>2025-06-06T13:09:14Z</time>
			</trkpt>
			<trkpt lat="35.61976139171088" lon="-82.26553623260429">
				<ele>847.7332381689921</ele>
				<time>2025-06-06T13:09:16Z</time>
			</trkpt>
			<trkpt lat="35.619751995367025" lon="-82.26551524776829">
				<ele>848.4508785931394</ele>
				<time>2025-06-06T13:09:17Z</time>
			</trkpt>
			<trkpt lat="35.619740838221006" lon="-82.26549033053284">
				<ele>846.8609461905435</ele>
				<time>2025-06-06T13:09:18Z</time>
			</trkpt>
			<trkpt lat="35.619728113158466" lon="-82.26546191167326">
				<ele>844.4081450197846</ele>
				<time>2025-06-06T13:09:19Z</time>
			</trkpt>
			<trkpt lat="35.61971133037994" lon="-82.26542443073333">
				<ele>847.4012327380478</ele>
				<time>2025-06-06T13:09:21Z</time>
			</trkpt>
			<trkpt lat="35.61970058851636" lon="-82.26540044094932">
				<ele>846.7607975099236</ele>
				<time>2025-06-06T13:09:22Z</time>
			</trkpt>
			<trkpt lat="35.619682591787566" lon="-82.26536024888891">
				<ele>845.7782072909176</ele>
				<time>2025-06-06T13:09:24Z</time>
			</trkpt>
			<trkpt lat="35.61966750176068" lon="-82.2653265483649">
				<ele>847.7872062008828</ele>
				<time>2025-06-06T13:09:26Z</time>
			</trkpt>
			<trkpt lat="35.619654717519936" lon="-82.26529799734216">
				<ele>845.6511491499841</ele>
				<time>2025-06-06T13:09:27Z</time>
			</trkpt>
			<trkpt lat="35.6196452583322" lon="-82.26527687216182">
				<ele>847.6479146145284</ele>
				<time>2025-06-06T13:09:28Z</time>
			</trkpt>
			<trkpt lat="35.619625613051454" lon="-82.26523299840098">
				<ele>849.2789860321209</ele>
				<time>2025-06-06T13:09:30Z</time>
			</trkpt>
			<trkpt lat="35.61960913945743" lon="-82.26519627948657">
				<ele>849.3933346811682</ele>
				<time>2025-06-06T13:09:32Z</time>
			</trkpt>
			<trkpt lat="35.619595031721964" lon="-82.26516523046044">
				<ele>849.5912713892758</ele>
				<time>2025-06-06T13:09:34Z</time>
			</trkpt>
			<trkpt lat="35.61958306442901" lon="-82.26513889221994">
				<ele>848.0845949789509</ele>
				<time>2025-06-06T13:09:36Z</time>
			</trkpt>
			<trkpt lat="35.61957251432595" lon="-82.26511567302094">
				<ele>850.3812006516382</ele>
				<time>2025-06-06T13:09:38Z</time>
			</trkpt>
			<trkpt lat="35.61955826053971" lon="-82.26508430254816">
				<ele>849.9592275070027</ele>
				<time>2025-06-06T13:09:40Z</time>
			</trkpt>
			<trkpt lat="35.61954817077412" lon="-82.26506209647401">
				<ele>848.324466672726</ele>
				<time>2025-06-06T13:09:41Z</time>
			</trkpt>
			<trkpt lat="35.61953408595322" lon="-82.26503109787818">
				<ele>850.3307818062603</ele>
				<time>2025-06-06T13:09:43Z</time>
			</trkpt>
			<trkpt lat="35.619514841641085" lon="-82.26498874400521">
				<ele>849.277377370745</ele>
				<time>2025-06-06T13:09:45Z</time>
			</trkpt>
			<trkpt lat="35.61949889132423" lon="-82.26495363973113">
				<ele>851.7570936214179</ele>
				<time>2025-06-06T13:09:47Z</time>
			</trkpt>
			<trkpt lat="35.61948861337648" lon="-82.26493101949664">
				<ele>852.8197827022523</ele>
				<time>2025-06-06T13:09:48Z</time>
			</trkpt>
			<trkpt lat="35.619466886047064" lon="-82.26488320087795">
				<ele>854.7670034607872</ele>
				<time>2025-06-06T13:09:50Z</time>
			</trkpt>
			<trkpt lat="35.619458120717184" lon="-82.26486390968122">
				<ele>854.1927157249302</ele>
				<time>2025-06-06T13:09:51Z</time>
			</trkpt>
			<trkpt lat="35.619446098483394" lon="-82.26483745054104">
				<ele>853.3073644703254</ele>
				<time>2025-06-06T13:09:52Z</time>
			</trkpt>
			<trkpt lat="35.619432094138695" lon="-82.26480662905247">
				<ele>851.6834905622527</ele>
				<time>2025-06-06T13:09:53Z</time>
			</trkpt>
			<trkpt lat="35.61941800487617" lon="-82.26477562068355">
				<ele>852.5116548649967</ele>
				<time>2025-06-06T13:09:55Z</time>
			</trkpt>
			<trkpt lat="35.61940512293098" lon="-82.26474726942996">
				<ele>851.555908142589</ele>
				<time>2025-06-06T13:09:57Z</time>
			</trkpt>
			<trkpt lat="35.61939046858274" lon="-82.26472698326063">
				<ele>853.0259458441287</ele>
				<time>2025-06-06T13:09:59Z</time>
			</trkpt>
			<trkpt lat="35.61936931994219" lon="-82.26469116997026">
				<ele>852.8883116170764</ele>
				<time>2025-06-06T13:10:01Z</time>
			</trkpt>
			<trkpt lat="35.61935973626894" lon="-82.26466827888241">
				<ele>852.077011005953</ele>
				<time>2025-06-06T13:10:02Z</time>
			</trkpt>
			<trkpt lat="35.61935122237383" lon="-82.26463201668165">
				<ele>853.1969992183149</ele>
				<time>2025-06-06T13:10:04Z</time>
			</trkpt>
			<trkpt lat="35.6193426148943" lon="-82.26460937264329">
				<ele>852.2819162840024</ele>
				<time>2025-06-06T13:10:05Z</time>
			</trkpt>
			<trkpt lat="35.61933316917413" lon="-82.26458828599957">
				<ele>851.9145897803828</ele>
				<time>2025-06-06T13:10:06Z</time>
			</trkpt>
			<trkpt lat="35.61931663909594" lon="-82.26455867305661">
				<ele>850.6626072200015</ele>
				<time>2025-06-06T13:10:08Z</time>
			</trkpt>
			<trkpt lat="35.619303071688606" lon="-82.26452534611984">
				<ele>851.4490024140105</ele>
				<time>2025-06-06T13:10:10Z</time>
			</trkpt>
			<trkpt lat="35.61928752297515" lon="-82.2644863853244">
				<ele>851.4651197921485</ele>
				<time>2025-06-06T13:10:12Z</time>
			</trkpt>
			<trkpt lat="35.61927259345058" lon="-82.26445305662071">
				<ele>853.2169525204226</ele>
				<time>2025-06-06T13:10:14Z</time>
			</trkpt>
			<trkpt lat="35.61925717491938" lon="-82.26441804868837">
				<ele>854.8499375823885</ele>
				<time>2025-06-06T13:10:16Z</time>
			</trkpt>
			<trkpt lat="35.6192401689709" lon="-82.26437849696848">
				<ele>853.8874657312408</ele>
				<time>2025-06-06T13:10:18Z</time>
			</trkpt>
			<trkpt lat="35.619228061333615" lon="-82.26435033753499">
				<ele>852.0538075976074</ele>
				<time>2025-06-06T13:10:20Z</time>
			</trkpt>
			<trkpt lat="35.6192154866446" lon="-82.26432563811217">
				<ele>851.9232771415263</ele>
				<time>2025-06-06T13:10:21Z</time>
			</trkpt>
			<trkpt lat="35.6192019614812" lon="-82.2643056021001">
				<ele>851.5650455933064</ele>
				<time>2025-06-06T13:10:22Z</time>
			</trkpt>
			<trkpt lat="35.6191906534194" lon="-82.26428702329443">
				<ele>850.6695558698848</ele>
				<time>2025-06-06T13:10:23Z</time>
			</trkpt>
			<trkpt lat="35.61918109783081" lon="-82.26426479931261">
				<ele>850.4293392030522</ele>
				<time>2025-06-06T13:10:24Z</time>
			</trkpt>
			<trkpt lat="35.6191718996923" lon="-82.2642434066732">
				<ele>849.8798178331926</ele>
				<time>2025-06-06T13:10:25Z</time>
			</trkpt>
			<trkpt lat="35.619161342473085" lon="-82.2642188531381">
				<ele>850.7953858012334</ele>
				<time>2025-06-06T13:10:26Z</time>
			</trkpt>
			<trkpt lat="35.619151742776864" lon="-82.26419524830462">
				<ele>851.3535149050876</ele>
				<time>2025-06-06T13:10:27Z</time>
			</trkpt>
			<trkpt lat="35.6191465573248" lon="-82.2641735282394">
				<ele>853.8421501936391</ele>
				<time>2025-06-06T13:10:28Z</time>
			</trkpt>
			<trkpt lat="35.6191410615707" lon="-82.26415057297329">
				<ele>853.9591442784294</ele>
				<time>2025-06-06T13:10:29Z</time>
			</trkpt>
			<trkpt lat="35.61913423654588" lon="-82.26413001825632">
				<ele>854.6271903477609</ele>
				<time>2025-06-06T13:10:30Z</time>
			</trkpt>
			<trkpt lat="35.61912279981305" lon="-82.26410112254939">
				<ele>855.6280899252743</ele>
				<time>2025-06-06T13:10:32Z</time>
			</trkpt>
			<trkpt lat="35.619114434343864" lon="-82.26407998660498">
				<ele>855.0840152138844</ele>
				<time>2025-06-06T13:10:33Z</time>
			</trkpt>
			<trkpt lat="35.61910176145808" lon="-82.26404723588074">
				<ele>855.583409554325</ele>
				<time>2025-06-06T13:10:35Z</time>
			</trkpt>
			<trkpt lat="35.619092075616635" lon="-82.2640184741076">
				<ele>855.9704163437709</ele>
				<time>2025-06-06T13:10:37Z</time>
			</trkpt>
			<trkpt lat="35.61908557687296" lon="-82.2639897947372">
				<ele>855.2324922047555</ele>
				<time>2025-06-06T13:10:39Z</time>
			</trkpt>
			<trkpt lat="35.61910880740114" lon="-82.26399102766636">
				<ele>860.5805397564545</ele>
				<time>2025-06-06T13:10:48Z</time>
			</trkpt>
			<trkpt lat="35.619118704107265" lon="-82.26396611046366">
				<ele>860.0414682393894</ele>
				<time>2025-06-06T13:10:49Z</time>
			</trkpt>
			<trkpt lat="35.61916663604855" lon="-82.26393391126996">
				<ele>862.2356279678643</ele>
				<time>2025-06-06T13:10:51Z</time>
			</trkpt>
			<trkpt lat="35.6192089376466" lon="-82.26395059591869">
				<ele>864.6962231211364</ele>
				<time>2025-06-06T13:10:53Z</time>
			</trkpt>
			<trkpt lat="35.61923098621732" lon="-82.26395952236271">
				<ele>865.1211363822222</ele>
				<time>2025-06-06T13:10:55Z</time>
			</trkpt>
			<trkpt lat="35.619253797689794" lon="-82.26397793715698">
				<ele>867.9507974730805</ele>
				<time>2025-06-06T13:10:59Z</time>
			</trkpt>
			<trkpt lat="35.61926726012418" lon="-82.26399485343279">
				<ele>868.4213602049276</ele>
				<time>2025-06-06T13:11:01Z</time>
			</trkpt>
			<trkpt lat="35.619290526751776" lon="-82.26400851257698">
				<ele>869.8797131609172</ele>
				<time>2025-06-06T13:11:04Z</time>
			</trkpt>
			<trkpt lat="35.619312109323396" lon="-82.26402715461948">
				<ele>869.6989526031539</ele>
				<time>2025-06-06T13:11:06Z</time>
			</trkpt>
			<trkpt lat="35.61933504823343" lon="-82.26403244142918">
				<ele>869.5651002554223</ele>
				<time>2025-06-06T13:11:08Z</time>
			</trkpt>
			<trkpt lat="35.619354512947076" lon="-82.26402922580964">
				<ele>868.870387012139</ele>
				<time>2025-06-06T13:11:12Z</time>
			</trkpt>
			<trkpt lat="35.61938032689809" lon="-82.26400067045319">
				<ele>868.7667344864458</ele>
				<time>2025-06-06T13:11:14Z</time>
			</trkpt>
			<trkpt lat="35.619381577786065" lon="-82.26396596777496">
				<ele>870.0737162837759</ele>
				<time>2025-06-06T13:11:16Z</time>
			</trkpt>
			<trkpt lat="35.619375329718395" lon="-82.26393654340634">
				<ele>868.512198026292</ele>
				<time>2025-06-06T13:11:19Z</time>
			</trkpt>
			<trkpt lat="35.6193714247407" lon="-82.26391224788264">
				<ele>872.2237546499819</ele>
				<time>2025-06-06T13:11:24Z</time>
			</trkpt>
			<trkpt lat="35.619371044051924" lon="-82.26388844287112">
				<ele>872.7914869422093</ele>
				<time>2025-06-06T13:11:26Z</time>
			</trkpt>
			<trkpt lat="35.61935947297241" lon="-82.26385923226483">
				<ele>871.9888367317617</ele>
				<time>2025-06-06T13:11:27Z</time>
			</trkpt>
			<trkpt lat="35.619350311891154" lon="-82.26383726437005">
				<ele>871.7268485836685</ele>
				<time>2025-06-06T13:11:28Z</time>
			</trkpt>
			<trkpt lat="35.61933568504314" lon="-82.26380452203077">
				<ele>872.6761099677533</ele>
				<time>2025-06-06T13:11:30Z</time>
			</trkpt>
			<trkpt lat="35.61932042356759" lon="-82.26378387449452">
				<ele>873.9409453878179</ele>
				<time>2025-06-06T13:11:33Z</time>
			</trkpt>
			<trkpt lat="35.61931019938054" lon="-82.26375301010691">
				<ele>872.0412480533123</ele>
				<time>2025-06-06T13:11:35Z</time>
			</trkpt>
			<trkpt lat="35.619297378035604" lon="-82.26372979898326">
				<ele>874.924931967631</ele>
				<time>2025-06-06T13:11:37Z</time>
			</trkpt>
			<trkpt lat="35.61927946919077" lon="-82.26369632822231">
				<ele>876.5633809259161</ele>
				<time>2025-06-06T13:11:40Z</time>
			</trkpt>
			<trkpt lat="35.61926727485423" lon="-82.26365842738882">
				<ele>877.4943326134235</ele>
				<time>2025-06-06T13:11:42Z</time>
			</trkpt>
			<trkpt lat="35.619255166298814" lon="-82.26363616227079">
				<ele>877.8906146390364</ele>
				<time>2025-06-06T13:11:44Z</time>
			</trkpt>
			<trkpt lat="35.6192331224243" lon="-82.26361328642037">
				<ele>877.8472401229665</ele>
				<time>2025-06-06T13:11:46Z</time>
			</trkpt>
			<trkpt lat="35.619222030428276" lon="-82.26358797839336">
				<ele>876.4698844337836</ele>
				<time>2025-06-06T13:11:48Z</time>
			</trkpt>
			<trkpt lat="35.61920325069699" lon="-82.26355744117153">
				<ele>877.5258433353156</ele>
				<time>2025-06-06T13:11:51Z</time>
			</trkpt>
			<trkpt lat="35.61919134651998" lon="-82.26353398306985">
				<ele>877.4678856665269</ele>
				<time>2025-06-06T13:11:53Z</time>
			</trkpt>
			<trkpt lat="35.61918663371322" lon="-82.26350675826087">
				<ele>878.236621491611</ele>
				<time>2025-06-06T13:11:55Z</time>
			</trkpt>
			<trkpt lat="35.61916940777338" lon="-82.26347868324791">
				<ele>878.7582774888724</ele>
				<time>2025-06-06T13:11:58Z</time>
			</trkpt>
			<trkpt lat="35.61915780647669" lon="-82.26345962926358">
				<ele>879.5321851847693</ele>
				<time>2025-06-06T13:11:59Z</time>
			</trkpt>
			<trkpt lat="35.61914397963956" lon="-82.26344502156357">
				<ele>880.4147295923904</ele>
				<time>2025-06-06T13:12:00Z</time>
			</trkpt>
			<trkpt lat="35.61912844631131" lon="-82.26341314134403">
				<ele>880.8613451886922</ele>
				<time>2025-06-06T13:12:02Z</time>
			</trkpt>
			<trkpt lat="35.61911358220665" lon="-82.26339223748884">
				<ele>881.5719233294949</ele>
				<time>2025-06-06T13:12:04Z</time>
			</trkpt>
			<trkpt lat="35.61909457530749" lon="-82.26337256724096">
				<ele>880.0109383529052</ele>
				<time>2025-06-06T13:12:06Z</time>
			</trkpt>
			<trkpt lat="35.619078955568455" lon="-82.26334652650937">
				<ele>882.1505271364003</ele>
				<time>2025-06-06T13:12:09Z</time>
			</trkpt>
			<trkpt lat="35.61906615315716" lon="-82.26332518274002">
				<ele>882.875009839423</ele>
				<time>2025-06-06T13:12:11Z</time>
			</trkpt>
			<trkpt lat="35.619054707851134" lon="-82.26330610148997">
				<ele>883.1844758959487</ele>
				<time>2025-06-06T13:12:13Z</time>
			</trkpt>
			<trkpt lat="35.61904462068117" lon="-82.26328432794826">
				<ele>884.2049021190032</ele>
				<time>2025-06-06T13:12:15Z</time>
			</trkpt>
			<trkpt lat="35.619026204741836" lon="-82.26325541714297">
				<ele>884.1960167065263</ele>
				<time>2025-06-06T13:12:18Z</time>
			</trkpt>
			<trkpt lat="35.61901373950548" lon="-82.26323780037956">
				<ele>885.0863504596055</ele>
				<time>2025-06-06T13:12:20Z</time>
			</trkpt>
			<trkpt lat="35.619001342639656" lon="-82.26321713272539">
				<ele>883.1525159422308</ele>
				<time>2025-06-06T13:12:22Z</time>
			</trkpt>
			<trkpt lat="35.61898748086727" lon="-82.26319402281945">
				<ele>885.0670424522832</ele>
				<time>2025-06-06T13:12:25Z</time>
			</trkpt>
			<trkpt lat="35.61897511114849" lon="-82.26317275534836">
				<ele>884.6674650069326</ele>
				<time>2025-06-06T13:12:27Z</time>
			</trkpt>
			<trkpt lat="35.61896331476044" lon="-82.26314730319329">
				<ele>884.2847582912073</ele>
				<time>2025-06-06T13:12:29Z</time>
			</trkpt>
			<trkpt lat="35.61894796314755" lon="-82.26311293375319">
				<ele>886.6073682233691</ele>
				<time>2025-06-06T13:12:31Z</time>
			</trkpt>
			<trkpt lat="35.61893198562059" lon="-82.2630782609019">
				<ele>886.3832715759054</ele>
				<time>2025-06-06T13:12:33Z</time>
			</trkpt>
			<trkpt lat="35.6189186727383" lon="-82.26305444666919">
				<ele>885.8690829342231</ele>
				<time>2025-06-06T13:12:35Z</time>
			</trkpt>
			<trkpt lat="35.6189042722508" lon="-82.2630274500948">
				<ele>886.7543868413195</ele>
				<time>2025-06-06T13:12:37Z</time>
			</trkpt>
			<trkpt lat="35.618890143070665" lon="-82.26300096213879">
				<ele>888.6791744455695</ele>
				<time>2025-06-06T13:12:40Z</time>
			</trkpt>
			<trkpt lat="35.61887783673576" lon="-82.26297726052223">
				<ele>887.430141877383</ele>
				<time>2025-06-06T13:12:42Z</time>
			</trkpt>
			<trkpt lat="35.61886242575595" lon="-82.26294586451847">
				<ele>888.9277165206149</ele>
				<time>2025-06-06T13:12:45Z</time>
			</trkpt>
			<trkpt lat="35.61885280889742" lon="-82.26292627258022">
				<ele>889.2761282762513</ele>
				<time>2025-06-06T13:12:48Z</time>
			</trkpt>
			<trkpt lat="35.61883945504828" lon="-82.26289778941704">
				<ele>889.9210738632828</ele>
				<time>2025-06-06T13:12:50Z</time>
			</trkpt>
			<trkpt lat="35.61882910997153" lon="-82.26287493858509">
				<ele>890.8922666134313</ele>
				<time>2025-06-06T13:12:53Z</time>
			</trkpt>
			<trkpt lat="35.618816669982124" lon="-82.26284746038048">
				<ele>890.2859088396654</ele>
				<time>2025-06-06T13:12:56Z</time>
			</trkpt>
			<trkpt lat="35.61880127996743" lon="-82.26281187887066">
				<ele>892.7784790648147</ele>
				<time>2025-06-06T13:12:58Z</time>
			</trkpt>
			<trkpt lat="35.61878627112639" lon="-82.2627770350229">
				<ele>897.1175017645583</ele>
				<time>2025-06-06T13:13:01Z</time>
			</trkpt>
			<trkpt lat="35.61877721780068" lon="-82.26275601718342">
				<ele>897.6213031550869</ele>
				<time>2025-06-06T13:13:03Z</time>
			</trkpt>
			<trkpt lat="35.618769310636296" lon="-82.26273210475843">
				<ele>896.055469728075</ele>
				<time>2025-06-06T13:13:05Z</time>
			</trkpt>
			<trkpt lat="35.61875934631214" lon="-82.26270425436635">
				<ele>896.3108062176034</ele>
				<time>2025-06-06T13:13:07Z</time>
			</trkpt>
			<trkpt lat="35.618749220596285" lon="-82.26267431273844">
				<ele>898.0971273025498</ele>
				<time>2025-06-06T13:13:10Z</time>
			</trkpt>
			<trkpt lat="35.618742258355965" lon="-82.26265028807677">
				<ele>898.4631772488356</ele>
				<time>2025-06-06T13:13:12Z</time>
			</trkpt>
			<trkpt lat="35.61873322900858" lon="-82.2626111678176">
				<ele>899.2425380209461</ele>
				<time>2025-06-06T13:13:15Z</time>
			</trkpt>
			<trkpt lat="35.61873520058981" lon="-82.26255723335208">
				<ele>898.9978289855644</ele>
				<time>2025-06-06T13:13:17Z</time>
			</trkpt>
			<trkpt lat="35.61874573776675" lon="-82.26252444323165">
				<ele>898.7062127171084</ele>
				<time>2025-06-06T13:13:19Z</time>
			</trkpt>
			<trkpt lat="35.618764589512885" lon="-82.26250765347733">
				<ele>896.2967271311209</ele>
				<time>2025-06-06T13:13:22Z</time>
			</trkpt>
			<trkpt lat="35.61878252675646" lon="-82.26250101128159">
				<ele>896.4255933463573</ele>
				<time>2025-06-06T13:13:27Z</time>
			</trkpt>
			<trkpt lat="35.61875176019449" lon="-82.26251753406608">
				<ele>899.6673540854827</ele>
				<time>2025-06-06T13:13:34Z</time>
			</trkpt>
			<trkpt lat="35.61877792428289" lon="-82.26250104725584">
				<ele>898.7450330005959</ele>
				<time>2025-06-06T13:13:35Z</time>
			</trkpt>
			<trkpt lat="35.61881301841149" lon="-82.26249943202303">
				<ele>899.0924914963543</ele>
				<time>2025-06-06T13:13:37Z</time>
			</trkpt>
			<trkpt lat="35.61883561231879" lon="-82.2625078643542">
				<ele>899.1854795375839</ele>
				<time>2025-06-06T13:13:38Z</time>
			</trkpt>
			<trkpt lat="35.61884587607544" lon="-82.2625289719256">
				<ele>899.7686544954777</ele>
				<time>2025-06-06T13:13:41Z</time>
			</trkpt>
			<trkpt lat="35.61884881288833" lon="-82.2625699711871">
				<ele>899.8506479775533</ele>
				<time>2025-06-06T13:13:44Z</time>
			</trkpt>
			<trkpt lat="35.61885552887632" lon="-82.26259336160076">
				<ele>900.41002109088</ele>
				<time>2025-06-06T13:13:45Z</time>
			</trkpt>
			<trkpt lat="35.618856486512506" lon="-82.26262051261395">
				<ele>900.9007655531168</ele>
				<time>2025-06-06T13:13:46Z</time>
			</trkpt>
			<trkpt lat="35.61890325933178" lon="-82.2626387007002">
				<ele>900.368364719674</ele>
				<time>2025-06-06T13:13:47Z</time>
			</trkpt>
			<trkpt lat="35.6189233406742" lon="-82.26264966775872">
				<ele>902.205565283075</ele>
				<time>2025-06-06T13:13:49Z</time>
			</trkpt>
			<trkpt lat="35.61895322306371" lon="-82.26266454764965">
				<ele>901.6609662938863</ele>
				<time>2025-06-06T13:13:51Z</time>
			</trkpt>
			<trkpt lat="35.61898355821981" lon="-82.26268379364105">
				<ele>902.7372660161927</ele>
				<time>2025-06-06T13:13:53Z</time>
			</trkpt>
			<trkpt lat="35.619000087266194" lon="-82.26269817755593">
				<ele>900.434672858566</ele>
				<time>2025-06-06T13:13:54Z</time>
			</trkpt>
			<trkpt lat="35.61902128260923" lon="-82.26272753714169">
				<ele>899.3417238742113</ele>
				<time>2025-06-06T13:13:56Z</time>
			</trkpt>
			<trkpt lat="35.6190413980676" lon="-82.26275540087452">
				<ele>901.2652447437868</ele>
				<time>2025-06-06T13:13:58Z</time>
			</trkpt>
			<trkpt lat="35.619053553157194" lon="-82.26277223798367">
				<ele>902.6093829153106</ele>
				<time>2025-06-06T13:13:59Z</time>
			</trkpt>
			<trkpt lat="35.61906565344355" lon="-82.26278899918205">
				<ele>902.9054251005873</ele>
				<time>2025-06-06T13:14:00Z</time>
			</trkpt>
			<trkpt lat="35.619082638924894" lon="-82.26281252730124">
				<ele>904.6888762507588</ele>
				<time>2025-06-06T13:14:02Z</time>
			</trkpt>
			<trkpt lat="35.61910265727049" lon="-82.26283923695283">
				<ele>905.5517341028899</ele>
				<time>2025-06-06T13:14:04Z</time>
			</trkpt>
			<trkpt lat="35.619118384649376" lon="-82.26286005048145">
				<ele>905.8307291409001</ele>
				<time>2025-06-06T13:14:06Z</time>
			</trkpt>
			<trkpt lat="35.61913351692165" lon="-82.26287922994159">
				<ele>905.924687714316</ele>
				<time>2025-06-06T13:14:09Z</time>
			</trkpt>
			<trkpt lat="35.619151453444516" lon="-82.26289871773653">
				<ele>904.1758728185669</ele>
				<time>2025-06-06T13:14:11Z</time>
			</trkpt>
			<trkpt lat="35.61917944441006" lon="-82.26292571914306">
				<ele>905.260688890703</ele>
				<time>2025-06-06T13:14:13Z</time>
			</trkpt>
			<trkpt lat="35.619199618906826" lon="-82.2629419478435">
				<ele>906.7337723858654</ele>
				<time>2025-06-06T13:14:15Z</time>
			</trkpt>
			<trkpt lat="35.619216690883555" lon="-82.2629512995342">
				<ele>906.6139637129381</ele>
				<time>2025-06-06T13:14:17Z</time>
			</trkpt>
			<trkpt lat="35.61923877284804" lon="-82.26296077406187">
				<ele>907.3523386949673</ele>
				<time>2025-06-06T13:14:19Z</time>
			</trkpt>
			<trkpt lat="35.61926245431248" lon="-82.262965726424">
				<ele>907.72230393067</ele>
				<time>2025-06-06T13:14:20Z</time>
			</trkpt>
			<trkpt lat="35.61928276443178" lon="-82.26296603312858">
				<ele>907.5493505708873</ele>
				<time>2025-06-06T13:14:22Z</time>
			</trkpt>
			<trkpt lat="35.61930321645539" lon="-82.26295781801558">
				<ele>907.9328638250008</ele>
				<time>2025-06-06T13:14:25Z</time>
			</trkpt>
			<trkpt lat="35.61931674879357" lon="-82.26291088733143">
				<ele>906.4828131021932</ele>
				<time>2025-06-06T13:14:28Z</time>
			</trkpt>
			<trkpt lat="35.61930723825201" lon="-82.26287380727693">
				<ele>907.5493009565398</ele>
				<time>2025-06-06T13:14:31Z</time>
			</trkpt>
			<trkpt lat="35.619298458150325" lon="-82.2628526790699">
				<ele>905.7316466905177</ele>
				<time>2025-06-06T13:14:34Z</time>
			</trkpt>
			<trkpt lat="35.619287275412894" lon="-82.26282576921403">
				<ele>907.1396513963118</ele>
				<time>2025-06-06T13:14:37Z</time>
			</trkpt>
			<trkpt lat="35.61927030947147" lon="-82.26278913656871">
				<ele>907.580893073231</ele>
				<time>2025-06-06T13:14:39Z</time>
			</trkpt>
			<trkpt lat="35.61925579282543" lon="-82.26274521746298">
				<ele>906.2176133133471</ele>
				<time>2025-06-06T13:14:41Z</time>
			</trkpt>
			<trkpt lat="35.619248968142344" lon="-82.26272286055743">
				<ele>906.1263489574194</ele>
				<time>2025-06-06T13:14:42Z</time>
			</trkpt>
			<trkpt lat="35.61923640418158" lon="-82.26269902010861">
				<ele>908.6242585843429</ele>
				<time>2025-06-06T13:14:44Z</time>
			</trkpt>
			<trkpt lat="35.61922353409088" lon="-82.26267459875488">
				<ele>909.2652435032651</ele>
				<time>2025-06-06T13:14:46Z</time>
			</trkpt>
			<trkpt lat="35.61921035366196" lon="-82.26265191358124">
				<ele>910.1735685039312</ele>
				<time>2025-06-06T13:14:48Z</time>
			</trkpt>
			<trkpt lat="35.619197288856874" lon="-82.26262891066003">
				<ele>909.610243562609</ele>
				<time>2025-06-06T13:14:50Z</time>
			</trkpt>
			<trkpt lat="35.61918619152082" lon="-82.26260937182111">
				<ele>910.7396505512297</ele>
				<time>2025-06-06T13:14:52Z</time>
			</trkpt>
			<trkpt lat="35.61917204082614" lon="-82.26258445700228">
				<ele>909.7557710083202</ele>
				<time>2025-06-06T13:14:54Z</time>
			</trkpt>
			<trkpt lat="35.61915570153567" lon="-82.26255568877296">
				<ele>911.2430851757526</ele>
				<time>2025-06-06T13:14:56Z</time>
			</trkpt>
			<trkpt lat="35.61913964640573" lon="-82.2625274208465">
				<ele>911.9559631124139</ele>
				<time>2025-06-06T13:14:58Z</time>
			</trkpt>
			<trkpt lat="35.61912472224788" lon="-82.2625011442054">
				<ele>912.2649822449312</ele>
				<time>2025-06-06T13:15:00Z</time>
			</trkpt>
			<trkpt lat="35.61911348052632" lon="-82.26248135114909">
				<ele>913.8340634908527</ele>
				<time>2025-06-06T13:15:02Z</time>
			</trkpt>
			<trkpt lat="35.61910219836796" lon="-82.26246148690134">
				<ele>914.0903228521347</ele>
				<time>2025-06-06T13:15:05Z</time>
			</trkpt>
			<trkpt lat="35.61908856914907" lon="-82.26243749022838">
				<ele>916.3395079066977</ele>
				<time>2025-06-06T13:15:07Z</time>
			</trkpt>
			<trkpt lat="35.619077239915335" lon="-82.26241754308795">
				<ele>915.4810311384499</ele>
				<time>2025-06-06T13:15:08Z</time>
			</trkpt>
			<trkpt lat="35.6190666432558" lon="-82.26239873200542">
				<ele>915.3341857129708</ele>
				<time>2025-06-06T13:15:09Z</time>
			</trkpt>
			<trkpt lat="35.6190472357699" lon="-82.2623625582874">
				<ele>914.6555147552863</ele>
				<time>2025-06-06T13:15:11Z</time>
			</trkpt>
			<trkpt lat="35.61903711817614" lon="-82.26234370005405">
				<ele>914.8946819771081</ele>
				<time>2025-06-06T13:15:12Z</time>
			</trkpt>
			<trkpt lat="35.619018393816695" lon="-82.26230373728323">
				<ele>914.3487659236416</ele>
				<time>2025-06-06T13:15:14Z</time>
			</trkpt>
			<trkpt lat="35.61900938496246" lon="-82.26228343557803">
				<ele>915.3861436732113</ele>
				<time>2025-06-06T13:15:15Z</time>
			</trkpt>
			<trkpt lat="35.618994406234364" lon="-82.26224054975478">
				<ele>913.4031486352906</ele>
				<time>2025-06-06T13:15:17Z</time>
			</trkpt>
			<trkpt lat="35.618987220962374" lon="-82.2622036198304">
				<ele>915.5513726044446</ele>
				<time>2025-06-06T13:15:19Z</time>
			</trkpt>
			<trkpt lat="35.618985572049226" lon="-82.26216885730273">
				<ele>914.889614478685</ele>
				<time>2025-06-06T13:15:22Z</time>
			</trkpt>
			<trkpt lat="35.61899920449434" lon="-82.26214442952966">
				<ele>915.0966545268893</ele>
				<time>2025-06-06T13:15:24Z</time>
			</trkpt>
			<trkpt lat="35.6190165617358" lon="-82.2621218134873">
				<ele>914.3104456374422</ele>
				<time>2025-06-06T13:15:26Z</time>
			</trkpt>
			<trkpt lat="35.619033684839096" lon="-82.26211319768771">
				<ele>913.1793079562485</ele>
				<time>2025-06-06T13:15:29Z</time>
			</trkpt>
			<trkpt lat="35.61905378765005" lon="-82.26212292931322">
				<ele>915.9204883147031</ele>
				<time>2025-06-06T13:15:35Z</time>
			</trkpt>
			<trkpt lat="35.61907601516575" lon="-82.26214090263045">
				<ele>915.9428515983745</ele>
				<time>2025-06-06T13:15:38Z</time>
			</trkpt>
			<trkpt lat="35.61909592606398" lon="-82.26216150032451">
				<ele>917.6784448614344</ele>
				<time>2025-06-06T13:15:41Z</time>
			</trkpt>
			<trkpt lat="35.619113594054944" lon="-82.26218262711315">
				<ele>917.2912715217099</ele>
				<time>2025-06-06T13:15:43Z</time>
			</trkpt>
			<trkpt lat="35.61912795862839" lon="-82.26220231732795">
				<ele>917.0937341963872</ele>
				<time>2025-06-06T13:15:45Z</time>
			</trkpt>
			<trkpt lat="35.619142171873065" lon="-82.26222266917856">
				<ele>918.3671231763437</ele>
				<time>2025-06-06T13:15:47Z</time>
			</trkpt>
			<trkpt lat="35.61915928946297" lon="-82.26224915586619">
				<ele>918.0531151229516</ele>
				<time>2025-06-06T13:15:49Z</time>
			</trkpt>
			<trkpt lat="35.61917253865021" lon="-82.26226981776493">
				<ele>920.2512070899829</ele>
				<time>2025-06-06T13:15:51Z</time>
			</trkpt>
			<trkpt lat="35.619184574801096" lon="-82.26228964200659">
				<ele>919.8466282878071</ele>
				<time>2025-06-06T13:15:52Z</time>
			</trkpt>
			<trkpt lat="35.61920419154055" lon="-82.2623219519277">
				<ele>918.9813640499488</ele>
				<time>2025-06-06T13:15:54Z</time>
			</trkpt>
			<trkpt lat="35.61922060552417" lon="-82.26234898672976">
				<ele>919.5580420503393</ele>
				<time>2025-06-06T13:15:56Z</time>
			</trkpt>
			<trkpt lat="35.619237548961" lon="-82.26237689356464">
				<ele>919.5169930681586</ele>
				<time>2025-06-06T13:15:58Z</time>
			</trkpt>
			<trkpt lat="35.61925854509793" lon="-82.26241147544076">
				<ele>919.4963032398373</ele>
				<time>2025-06-06T13:16:00Z</time>
			</trkpt>
			<trkpt lat="35.619272587057196" lon="-82.26243460336985">
				<ele>920.1837055133656</ele>
				<time>2025-06-06T13:16:01Z</time>
			</trkpt>
			<trkpt lat="35.61928941393793" lon="-82.26246231824199">
				<ele>922.8872276684269</ele>
				<time>2025-06-06T13:16:03Z</time>
			</trkpt>
			<trkpt lat="35.61930275919405" lon="-82.26248203786028">
				<ele>922.0422394210473</ele>
				<time>2025-06-06T13:16:04Z</time>
			</trkpt>
			<trkpt lat="35.619318057048275" lon="-82.2625051017121">
				<ele>924.2273824773729</ele>
				<time>2025-06-06T13:16:06Z</time>
			</trkpt>
			<trkpt lat="35.61933017684958" lon="-82.26252337419588">
				<ele>923.54571249336</ele>
				<time>2025-06-06T13:16:08Z</time>
			</trkpt>
			<trkpt lat="35.61934950126857" lon="-82.26254847715131">
				<ele>923.3474457077682</ele>
				<time>2025-06-06T13:16:10Z</time>
			</trkpt>
			<trkpt lat="35.61937286658476" lon="-82.26257830563382">
				<ele>923.9965879302472</ele>
				<time>2025-06-06T13:16:12Z</time>
			</trkpt>
			<trkpt lat="35.61938841144664" lon="-82.26259682992142">
				<ele>923.0175287891179</ele>
				<time>2025-06-06T13:16:13Z</time>
			</trkpt>
			<trkpt lat="35.61940330714213" lon="-82.26261391070236">
				<ele>923.5102777406573</ele>
				<time>2025-06-06T13:16:15Z</time>
			</trkpt>
			<trkpt lat="35.619421364671524" lon="-82.26263234739385">
				<ele>924.0677128825337</ele>
				<time>2025-06-06T13:16:17Z</time>
			</trkpt>
			<trkpt lat="35.619447402482955" lon="-82.26265774474214">
				<ele>923.193193920888</ele>
				<time>2025-06-06T13:16:19Z</time>
			</trkpt>
			<trkpt lat="35.61946689792829" lon="-82.26267669333622">
				<ele>923.1795666459948</ele>
				<time>2025-06-06T13:16:21Z</time>
			</trkpt>
			<trkpt lat="35.61948847131148" lon="-82.2626964733343">
				<ele>923.5580735895783</ele>
				<time>2025-06-06T13:16:24Z</time>
			</trkpt>
			<trkpt lat="35.61951196325395" lon="-82.26271751190527">
				<ele>923.1957337055355</ele>
				<time>2025-06-06T13:16:26Z</time>
			</trkpt>
			<trkpt lat="35.61953767130879" lon="-82.26273725333502">
				<ele>923.0254928153008</ele>
				<time>2025-06-06T13:16:28Z</time>
			</trkpt>
			<trkpt lat="35.619559122292735" lon="-82.26275269159801">
				<ele>925.1883419584483</ele>
				<time>2025-06-06T13:16:30Z</time>
			</trkpt>
			<trkpt lat="35.61957765614127" lon="-82.26276530165181">
				<ele>925.3153019575402</ele>
				<time>2025-06-06T13:16:31Z</time>
			</trkpt>
			<trkpt lat="35.619611361704884" lon="-82.26278159158818">
				<ele>926.3628930412233</ele>
				<time>2025-06-06T13:16:33Z</time>
			</trkpt>
			<trkpt lat="35.619637835053766" lon="-82.2627888147077">
				<ele>927.5460406467319</ele>
				<time>2025-06-06T13:16:35Z</time>
			</trkpt>
			<trkpt lat="35.61966921815109" lon="-82.26278652106737">
				<ele>925.9936272827908</ele>
				<time>2025-06-06T13:16:37Z</time>
			</trkpt>
			<trkpt lat="35.61969470687869" lon="-82.26277035987304">
				<ele>926.2688658116385</ele>
				<time>2025-06-06T13:16:39Z</time>
			</trkpt>
			<trkpt lat="35.61970678026654" lon="-82.26275014128352">
				<ele>924.2376135941595</ele>
				<time>2025-06-06T13:16:42Z</time>
			</trkpt>
			<trkpt lat="35.6197122863505" lon="-82.26272250705598">
				<ele>924.9166164835915</ele>
				<time>2025-06-06T13:16:48Z</time>
			</trkpt>
			<trkpt lat="35.61970093855078" lon="-82.26269132523176">
				<ele>924.7655891664326</ele>
				<time>2025-06-06T13:16:51Z</time>
			</trkpt>
			<trkpt lat="35.61969444303198" lon="-82.26266410050711">
				<ele>926.4164357529953</ele>
				<time>2025-06-06T13:16:53Z</time>
			</trkpt>
			<trkpt lat="35.61968547192697" lon="-82.26263387734774">
				<ele>926.7013139007613</ele>
				<time>2025-06-06T13:16:55Z</time>
			</trkpt>
			<trkpt lat="35.619673991385085" lon="-82.2625998583163">
				<ele>927.2129854224622</ele>
				<time>2025-06-06T13:16:58Z</time>
			</trkpt>
			<trkpt lat="35.6196645231338" lon="-82.26257418140665">
				<ele>926.7719106413424</ele>
				<time>2025-06-06T13:17:00Z</time>
			</trkpt>
			<trkpt lat="35.619655911735514" lon="-82.26254952998961">
				<ele>929.1114413430914</ele>
				<time>2025-06-06T13:17:02Z</time>
			</trkpt>
			<trkpt lat="35.619651343830924" lon="-82.26251425383272">
				<ele>930.5949858343229</ele>
				<time>2025-06-06T13:17:05Z</time>
			</trkpt>
			<trkpt lat="35.619640793184956" lon="-82.26249320667189">
				<ele>930.5433225575835</ele>
				<time>2025-06-06T13:17:07Z</time>
			</trkpt>
			<trkpt lat="35.61962702863026" lon="-82.26246222872506">
				<ele>928.5007403576747</ele>
				<time>2025-06-06T13:17:09Z</time>
			</trkpt>
			<trkpt lat="35.619618172959214" lon="-82.26244229850838">
				<ele>928.8661223584786</ele>
				<time>2025-06-06T13:17:10Z</time>
			</trkpt>
			<trkpt lat="35.61960727069148" lon="-82.2624177622658">
				<ele>928.9948417190462</ele>
				<time>2025-06-06T13:17:11Z</time>
			</trkpt>
			<trkpt lat="35.61958935587165" lon="-82.26238514009867">
				<ele>927.5674911653623</ele>
				<time>2025-06-06T13:17:13Z</time>
			</trkpt>
			<trkpt lat="35.619575723084914" lon="-82.26236081370836">
				<ele>929.8778082774952</ele>
				<time>2025-06-06T13:17:15Z</time>
			</trkpt>
			<trkpt lat="35.61956051483994" lon="-82.26233772026855">
				<ele>929.3307667579502</ele>
				<time>2025-06-06T13:17:17Z</time>
			</trkpt>
			<trkpt lat="35.61954396403387" lon="-82.26231485235895">
				<ele>930.0398247642443</ele>
				<time>2025-06-06T13:17:19Z</time>
			</trkpt>
			<trkpt lat="35.61952259852016" lon="-82.26228818320726">
				<ele>929.9793036645278</ele>
				<time>2025-06-06T13:17:21Z</time>
			</trkpt>
			<trkpt lat="35.61950136876934" lon="-82.26226166604808">
				<ele>930.5285671511665</ele>
				<time>2025-06-06T13:17:23Z</time>
			</trkpt>
			<trkpt lat="35.61947933891042" lon="-82.26223414950252">
				<ele>929.2600255385041</ele>
				<time>2025-06-06T13:17:25Z</time>
			</trkpt>
			<trkpt lat="35.619459960932744" lon="-82.26220921377325">
				<ele>929.5088127767667</ele>
				<time>2025-06-06T13:17:26Z</time>
			</trkpt>
			<trkpt lat="35.61944042287164" lon="-82.26218059385805">
				<ele>928.6547672059387</ele>
				<time>2025-06-06T13:17:27Z</time>
			</trkpt>
			<trkpt lat="35.61943007897322" lon="-82.26216145170258">
				<ele>930.620725158602</ele>
				<time>2025-06-06T13:17:28Z</time>
			</trkpt>
			<trkpt lat="35.619418061843696" lon="-82.26213484106019">
				<ele>931.1220394037664</ele>
				<time>2025-06-06T13:17:29Z</time>
			</trkpt>
			<trkpt lat="35.61940718874584" lon="-82.26210865432307">
				<ele>930.0658980226144</ele>
				<time>2025-06-06T13:17:30Z</time>
			</trkpt>
			<trkpt lat="35.61939296429693" lon="-82.26206754034312">
				<ele>931.8203372918069</ele>
				<time>2025-06-06T13:17:32Z</time>
			</trkpt>
			<trkpt lat="35.61938755863937" lon="-82.26204402107695">
				<ele>932.2363219978288</ele>
				<time>2025-06-06T13:17:33Z</time>
			</trkpt>
			<trkpt lat="35.61938383286854" lon="-82.2620218288505">
				<ele>933.3624805537984</ele>
				<time>2025-06-06T13:17:34Z</time>
			</trkpt>
			<trkpt lat="35.619381805790724" lon="-82.26199786985768">
				<ele>933.9629730172455</ele>
				<time>2025-06-06T13:17:35Z</time>
			</trkpt>
			<trkpt lat="35.61938363057469" lon="-82.26202010018291">
				<ele>937.0779011780396</ele>
				<time>2025-06-06T13:17:41Z</time>
			</trkpt>
			<trkpt lat="35.619381805786254" lon="-82.26199370745017">
				<ele>940.2644881242886</ele>
				<time>2025-06-06T13:17:51Z</time>
			</trkpt>
			<trkpt lat="35.61938282872749" lon="-82.26196845196195">
				<ele>938.8456332394853</ele>
				<time>2025-06-06T13:17:53Z</time>
			</trkpt>
			<trkpt lat="35.61939040197371" lon="-82.26193756698925">
				<ele>939.2600861024112</ele>
				<time>2025-06-06T13:17:54Z</time>
			</trkpt>
			<trkpt lat="35.61940547993355" lon="-82.26191446051673">
				<ele>940.6140219084918</ele>
				<time>2025-06-06T13:17:56Z</time>
			</trkpt>
			<trkpt lat="35.619411429583685" lon="-82.26189352697212">
				<ele>939.6826277859509</ele>
				<time>2025-06-06T13:18:02Z</time>
			</trkpt>
			<trkpt lat="35.61942612895122" lon="-82.26188052007771">
				<ele>942.2874826537445</ele>
				<time>2025-06-06T13:18:11Z</time>
			</trkpt>
			<trkpt lat="35.61941009541674" lon="-82.26186268807258">
				<ele>942.2816022997722</ele>
				<time>2025-06-06T13:18:13Z</time>
			</trkpt>
			<trkpt lat="35.619396564489755" lon="-82.26183577496154">
				<ele>941.1889277370647</ele>
				<time>2025-06-06T13:18:15Z</time>
			</trkpt>
			<trkpt lat="35.61938039089592" lon="-82.26180798102986">
				<ele>940.3829858405516</ele>
				<time>2025-06-06T13:18:17Z</time>
			</trkpt>
			<trkpt lat="35.619376800268086" lon="-82.26178454010754">
				<ele>942.5115437554196</ele>
				<time>2025-06-06T13:18:21Z</time>
			</trkpt>
			<trkpt lat="35.619389846790305" lon="-82.2618198564045">
				<ele>943.04663775675</ele>
				<time>2025-06-06T13:18:24Z</time>
			</trkpt>
			<trkpt lat="35.619407376595895" lon="-82.26184889616758">
				<ele>943.0195078477263</ele>
				<time>2025-06-06T13:18:26Z</time>
			</trkpt>
			<trkpt lat="35.61944281318817" lon="-82.2618482371032">
				<ele>944.588339320384</ele>
				<time>2025-06-06T13:18:29Z</time>
			</trkpt>
			<trkpt lat="35.61946919902387" lon="-82.26183362182016">
				<ele>943.8463677428663</ele>
				<time>2025-06-06T13:18:30Z</time>
			</trkpt>
			<trkpt lat="35.61949195587667" lon="-82.26182295392815">
				<ele>943.5843448136002</ele>
				<time>2025-06-06T13:18:32Z</time>
			</trkpt>
			<trkpt lat="35.61949901560068" lon="-82.2618013616025">
				<ele>940.5356831662357</ele>
				<time>2025-06-06T13:18:40Z</time>
			</trkpt>
			<trkpt lat="35.61950180848797" lon="-82.26177186705993">
				<ele>941.0265145394951</ele>
				<time>2025-06-06T13:18:43Z</time>
			</trkpt>
			<trkpt lat="35.6194975177726" lon="-82.26174711293878">
				<ele>942.4956219838932</ele>
				<time>2025-06-06T13:18:45Z</time>
			</trkpt>
			<trkpt lat="35.61948840918223" lon="-82.26171740590536">
				<ele>944.1137124877423</ele>
				<time>2025-06-06T13:18:50Z</time>
			</trkpt>
			<trkpt lat="35.61947760899544" lon="-82.26168938529165">
				<ele>944.3348946524784</ele>
				<time>2025-06-06T13:18:52Z</time>
			</trkpt>
			<trkpt lat="35.61946154620354" lon="-82.26165687456788">
				<ele>943.9088004119694</ele>
				<time>2025-06-06T13:18:54Z</time>
			</trkpt>
			<trkpt lat="35.619450381072205" lon="-82.26163427658923">
				<ele>944.4557883683592</ele>
				<time>2025-06-06T13:18:55Z</time>
			</trkpt>
			<trkpt lat="35.6194382206932" lon="-82.26160966425812">
				<ele>946.0624986533076</ele>
				<time>2025-06-06T13:18:57Z</time>
			</trkpt>
			<trkpt lat="35.619428447124285" lon="-82.26158988277996">
				<ele>947.1294975057244</ele>
				<time>2025-06-06T13:18:59Z</time>
			</trkpt>
			<trkpt lat="35.619415533942785" lon="-82.26156374678517">
				<ele>947.1371968640015</ele>
				<time>2025-06-06T13:19:03Z</time>
			</trkpt>
			<trkpt lat="35.61940224554934" lon="-82.26153208203358">
				<ele>948.1776454281062</ele>
				<time>2025-06-06T13:19:05Z</time>
			</trkpt>
			<trkpt lat="35.61939246613341" lon="-82.26150593706956">
				<ele>948.8727081827819</ele>
				<time>2025-06-06T13:19:07Z</time>
			</trkpt>
			<trkpt lat="35.61938606182864" lon="-82.26148290892102">
				<ele>949.4081698060036</ele>
				<time>2025-06-06T13:19:09Z</time>
			</trkpt>
			<trkpt lat="35.619412074970164" lon="-82.2614516470103">
				<ele>949.9682766413316</ele>
				<time>2025-06-06T13:19:10Z</time>
			</trkpt>
			<trkpt lat="35.619403274588535" lon="-82.26142162110993">
				<ele>950.6473071845248</ele>
				<time>2025-06-06T13:19:12Z</time>
			</trkpt>
			<trkpt lat="35.6194017981074" lon="-82.26139423484162">
				<ele>950.1765540204942</ele>
				<time>2025-06-06T13:19:14Z</time>
			</trkpt>
			<trkpt lat="35.61939906808795" lon="-82.26136476960912">
				<ele>950.5333500010893</ele>
				<time>2025-06-06T13:19:17Z</time>
			</trkpt>
			<trkpt lat="35.61940378275747" lon="-82.26133506623263">
				<ele>952.4003276061267</ele>
				<time>2025-06-06T13:19:20Z</time>
			</trkpt>
			<trkpt lat="35.61940137863222" lon="-82.26130104801915">
				<ele>953.7349357306957</ele>
				<time>2025-06-06T13:19:22Z</time>
			</trkpt>
			<trkpt lat="35.619388239112475" lon="-82.2612791052138">
				<ele>953.681684134528</ele>
				<time>2025-06-06T13:19:24Z</time>
			</trkpt>
			<trkpt lat="35.61938405541286" lon="-82.26125090699078">
				<ele>953.3194763660431</ele>
				<time>2025-06-06T13:19:26Z</time>
			</trkpt>
			<trkpt lat="35.61938060993273" lon="-82.2612163088748">
				<ele>953.7334420578554</ele>
				<time>2025-06-06T13:19:28Z</time>
			</trkpt>
			<trkpt lat="35.61937779647136" lon="-82.26117041602804">
				<ele>954.5959537979215</ele>
				<time>2025-06-06T13:19:30Z</time>
			</trkpt>
			<trkpt lat="35.61937930764708" lon="-82.26114252866347">
				<ele>954.9651540378109</ele>
				<time>2025-06-06T13:19:32Z</time>
			</trkpt>
			<trkpt lat="35.61938352036242" lon="-82.26111520021816">
				<ele>953.4205427728593</ele>
				<time>2025-06-06T13:19:34Z</time>
			</trkpt>
			<trkpt lat="35.619382730824526" lon="-82.26108542523305">
				<ele>954.3812085567042</ele>
				<time>2025-06-06T13:19:37Z</time>
			</trkpt>
			<trkpt lat="35.61938363155867" lon="-82.26105562419227">
				<ele>955.6835465515032</ele>
				<time>2025-06-06T13:19:40Z</time>
			</trkpt>
			<trkpt lat="35.61938682853515" lon="-82.26102782750756">
				<ele>952.9049585023895</ele>
				<time>2025-06-06T13:19:41Z</time>
			</trkpt>
			<trkpt lat="35.6193848571511" lon="-82.26099825994012">
				<ele>955.2135950969532</ele>
				<time>2025-06-06T13:19:44Z</time>
			</trkpt>
			<trkpt lat="35.61939264224206" lon="-82.26097787158254">
				<ele>953.6183556234464</ele>
				<time>2025-06-06T13:19:45Z</time>
			</trkpt>
			<trkpt lat="35.619392020404284" lon="-82.26094824246758">
				<ele>956.0049018962309</ele>
				<time>2025-06-06T13:19:47Z</time>
			</trkpt>
			<trkpt lat="35.61938256399787" lon="-82.26092605126419">
				<ele>954.9450890980661</ele>
				<time>2025-06-06T13:19:48Z</time>
			</trkpt>
			<trkpt lat="35.61937013796232" lon="-82.2608924824276">
				<ele>955.4581464510411</ele>
				<time>2025-06-06T13:19:50Z</time>
			</trkpt>
			<trkpt lat="35.61938185574674" lon="-82.26086562430282">
				<ele>954.4810742223635</ele>
				<time>2025-06-06T13:19:52Z</time>
			</trkpt>
			<trkpt lat="35.61939197049737" lon="-82.2608442943467">
				<ele>955.4347647922114</ele>
				<time>2025-06-06T13:19:55Z</time>
			</trkpt>
			<trkpt lat="35.61938595857631" lon="-82.26081474641603">
				<ele>956.7232529735193</ele>
				<time>2025-06-06T13:19:58Z</time>
			</trkpt>
			<trkpt lat="35.619378745808305" lon="-82.26079029534394">
				<ele>957.5677992384881</ele>
				<time>2025-06-06T13:20:00Z</time>
			</trkpt>
			<trkpt lat="35.61936691026814" lon="-82.26075593550574">
				<ele>957.6278212266043</ele>
				<time>2025-06-06T13:20:04Z</time>
			</trkpt>
			<trkpt lat="35.61937862786033" lon="-82.26073464116172">
				<ele>955.5159459644929</ele>
				<time>2025-06-06T13:20:07Z</time>
			</trkpt>
			<trkpt lat="35.61937300920532" lon="-82.26076453232203">
				<ele>954.9098386093974</ele>
				<time>2025-06-06T13:20:09Z</time>
			</trkpt>
			<trkpt lat="35.61936748565003" lon="-82.26078688246895">
				<ele>957.2289768978953</ele>
				<time>2025-06-06T13:20:13Z</time>
			</trkpt>
			<trkpt lat="35.61937084998038" lon="-82.26081171619754">
				<ele>957.6378282448277</ele>
				<time>2025-06-06T13:20:15Z</time>
			</trkpt>
			<trkpt lat="35.61937839183782" lon="-82.2608348572222">
				<ele>958.076481311582</ele>
				<time>2025-06-06T13:20:18Z</time>
			</trkpt>
			<trkpt lat="35.619387993582066" lon="-82.26086723742061">
				<ele>956.6503080241382</ele>
				<time>2025-06-06T13:20:21Z</time>
			</trkpt>
			<trkpt lat="35.619387991662634" lon="-82.26089411192628">
				<ele>957.7107272688299</ele>
				<time>2025-06-06T13:20:24Z</time>
			</trkpt>
			<trkpt lat="35.619380913076924" lon="-82.26092754035693">
				<ele>957.9883092045784</ele>
				<time>2025-06-06T13:20:27Z</time>
			</trkpt>
			<trkpt lat="35.619382287364864" lon="-82.26096003512728">
				<ele>962.0024093380198</ele>
				<time>2025-06-06T13:20:29Z</time>
			</trkpt>
			<trkpt lat="35.61938318048513" lon="-82.26098746397287">
				<ele>964.8255252465606</ele>
				<time>2025-06-06T13:20:32Z</time>
			</trkpt>
			<trkpt lat="35.61938371607911" lon="-82.2610122961123">
				<ele>966.5499329930171</ele>
				<time>2025-06-06T13:20:35Z</time>
			</trkpt>
			<trkpt lat="35.61938368897491" lon="-82.26104170712725">
				<ele>968.6398339439183</ele>
				<time>2025-06-06T13:20:38Z</time>
			</trkpt>
			<trkpt lat="35.619383171148236" lon="-82.26106759841514">
				<ele>970.2294370085001</ele>
				<time>2025-06-06T13:20:40Z</time>
			</trkpt>
			<trkpt lat="35.61938271381917" lon="-82.26109046490309">
				<ele>971.2171137360856</ele>
				<time>2025-06-06T13:20:42Z</time>
			</trkpt>
			<trkpt lat="35.61938082634951" lon="-82.26111655722849">
				<ele>972.9997089495882</ele>
				<time>2025-06-06T13:20:44Z</time>
			</trkpt>
			<trkpt lat="35.619378794895994" lon="-82.26115129693667">
				<ele>974.6623095935211</ele>
				<time>2025-06-06T13:20:47Z</time>
			</trkpt>
			<trkpt lat="35.619377229354114" lon="-82.2611780691167">
				<ele>976.2944000437856</ele>
				<time>2025-06-06T13:20:49Z</time>
			</trkpt>
			<trkpt lat="35.619378687984614" lon="-82.26115312514557">
				<ele>978.3360699051991</ele>
				<time>2025-06-06T13:20:58Z</time>
			</trkpt>
			<trkpt lat="35.619380195663325" lon="-82.26112734251039">
				<ele>977.0185673655942</ele>
				<time>2025-06-06T13:21:02Z</time>
			</trkpt>
			<trkpt lat="35.61938280679652" lon="-82.26108581596563">
				<ele>972.4182369317859</ele>
				<time>2025-06-06T13:21:13Z</time>
			</trkpt>
			<trkpt lat="35.619407558424726" lon="-82.26104979421778">
				<ele>969.4439246561378</ele>
				<time>2025-06-06T13:21:15Z</time>
			</trkpt>
			<trkpt lat="35.6194226547575" lon="-82.26103685493814">
				<ele>968.9164086645469</ele>
				<time>2025-06-06T13:21:16Z</time>
			</trkpt>
			<trkpt lat="35.619440224813964" lon="-82.26102204606939">
				<ele>968.5349760605022</ele>
				<time>2025-06-06T13:21:17Z</time>
			</trkpt>
			<trkpt lat="35.61945978641867" lon="-82.26099619141507">
				<ele>967.8688509147614</ele>
				<time>2025-06-06T13:21:18Z</time>
			</trkpt>
			<trkpt lat="35.61947880203761" lon="-82.26096832201776">
				<ele>967.9371235156432</ele>
				<time>2025-06-06T13:21:19Z</time>
			</trkpt>
			<trkpt lat="35.6195011243349" lon="-82.26095023794294">
				<ele>967.9233969636261</ele>
				<time>2025-06-06T13:21:20Z</time>
			</trkpt>
			<trkpt lat="35.61952388178946" lon="-82.26093512034599">
				<ele>967.9862535418943</ele>
				<time>2025-06-06T13:21:21Z</time>
			</trkpt>
			<trkpt lat="35.61954965627602" lon="-82.26091687607972">
				<ele>967.781938103959</ele>
				<time>2025-06-06T13:21:22Z</time>
			</trkpt>
			<trkpt lat="35.61957269942343" lon="-82.2609071180383">
				<ele>967.6448550624773</ele>
				<time>2025-06-06T13:21:23Z</time>
			</trkpt>
			<trkpt lat="35.61958486600802" lon="-82.2608744045105">
				<ele>971.6932377694175</ele>
				<time>2025-06-06T13:21:26Z</time>
			</trkpt>
			<trkpt lat="35.619595247458086" lon="-82.2608446591912">
				<ele>971.7689480725676</ele>
				<time>2025-06-06T13:21:28Z</time>
			</trkpt>
			<trkpt lat="35.61960570795427" lon="-82.26082295784994">
				<ele>971.9358857888728</ele>
				<time>2025-06-06T13:21:30Z</time>
			</trkpt>
			<trkpt lat="35.619611706939196" lon="-82.26079010699598">
				<ele>971.5537211215124</ele>
				<time>2025-06-06T13:21:32Z</time>
			</trkpt>
			<trkpt lat="35.61961551849622" lon="-82.26076540374206">
				<ele>971.7484361678362</ele>
				<time>2025-06-06T13:21:33Z</time>
			</trkpt>
			<trkpt lat="35.61961318253257" lon="-82.26073329946325">
				<ele>971.6082841763273</ele>
				<time>2025-06-06T13:21:34Z</time>
			</trkpt>
			<trkpt lat="35.6196105886333" lon="-82.26070096149425">
				<ele>971.7186859203503</ele>
				<time>2025-06-06T13:21:35Z</time>
			</trkpt>
			<trkpt lat="35.61960775079062" lon="-82.26064978007403">
				<ele>971.7834342708811</ele>
				<time>2025-06-06T13:21:37Z</time>
			</trkpt>
			<trkpt lat="35.619609567981136" lon="-82.26062117878351">
				<ele>972.9888455579057</ele>
				<time>2025-06-06T13:21:39Z</time>
			</trkpt>
			<trkpt lat="35.61961180615438" lon="-82.26058960625534">
				<ele>971.8952586939558</ele>
				<time>2025-06-06T13:21:40Z</time>
			</trkpt>
			<trkpt lat="35.619613357690014" lon="-82.2605464339946">
				<ele>971.7688469877467</ele>
				<time>2025-06-06T13:21:41Z</time>
			</trkpt>
			<trkpt lat="35.61961545250151" lon="-82.26049955102172">
				<ele>971.7473954511806</ele>
				<time>2025-06-06T13:21:42Z</time>
			</trkpt>
			<trkpt lat="35.61961256489108" lon="-82.26044948589531">
				<ele>971.8798936530948</ele>
				<time>2025-06-06T13:21:43Z</time>
			</trkpt>
			<trkpt lat="35.619616952061996" lon="-82.26041806712888">
				<ele>972.2919133054093</ele>
				<time>2025-06-06T13:21:44Z</time>
			</trkpt>
			<trkpt lat="35.61962290234245" lon="-82.26038963046854">
				<ele>971.7614206708968</ele>
				<time>2025-06-06T13:21:45Z</time>
			</trkpt>
			<trkpt lat="35.61963342836163" lon="-82.26035640775785">
				<ele>971.5064862258732</ele>
				<time>2025-06-06T13:21:46Z</time>
			</trkpt>
			<trkpt lat="35.61964296854469" lon="-82.26032691080444">
				<ele>971.7820127010345</ele>
				<time>2025-06-06T13:21:47Z</time>
			</trkpt>
			<trkpt lat="35.619653440202704" lon="-82.26029188814185">
				<ele>972.2603746587411</ele>
				<time>2025-06-06T13:21:48Z</time>
			</trkpt>
			<trkpt lat="35.619674289884315" lon="-82.26026965990133">
				<ele>971.2754093930125</ele>
				<time>2025-06-06T13:21:49Z</time>
			</trkpt>
			<trkpt lat="35.619720003982074" lon="-82.26023771959623">
				<ele>970.366319228895</ele>
				<time>2025-06-06T13:21:50Z</time>
			</trkpt>
			<trkpt lat="35.6197504041836" lon="-82.26021344021481">
				<ele>970.139904178679</ele>
				<time>2025-06-06T13:21:51Z</time>
			</trkpt>
			<trkpt lat="35.619786219738366" lon="-82.26019594119353">
				<ele>969.1553978975862</ele>
				<time>2025-06-06T13:21:52Z</time>
			</trkpt>
			<trkpt lat="35.61981981156569" lon="-82.26018192594123">
				<ele>969.2130345106125</ele>
				<time>2025-06-06T13:21:53Z</time>
			</trkpt>
			<trkpt lat="35.61985196192154" lon="-82.2601686530957">
				<ele>968.9328339621425</ele>
				<time>2025-06-06T13:21:54Z</time>
			</trkpt>
			<trkpt lat="35.619885472005436" lon="-82.26016866705515">
				<ele>969.1005938351154</ele>
				<time>2025-06-06T13:21:55Z</time>
			</trkpt>
			<trkpt lat="35.61992687744675" lon="-82.26015628350955">
				<ele>968.7679418586195</ele>
				<time>2025-06-06T13:21:56Z</time>
			</trkpt>
			<trkpt lat="35.61997932035427" lon="-82.26014309497741">
				<ele>967.7981523955241</ele>
				<time>2025-06-06T13:21:57Z</time>
			</trkpt>
			<trkpt lat="35.620012155926474" lon="-82.26014977069877">
				<ele>969.2160869240761</ele>
				<time>2025-06-06T13:21:58Z</time>
			</trkpt>
			<trkpt lat="35.6200410390228" lon="-82.26016766339224">
				<ele>968.5681506618857</ele>
				<time>2025-06-06T13:21:59Z</time>
			</trkpt>
			<trkpt lat="35.62007001059951" lon="-82.26018313685164">
				<ele>968.5598496925086</ele>
				<time>2025-06-06T13:22:00Z</time>
			</trkpt>
			<trkpt lat="35.620106005961695" lon="-82.26020489327263">
				<ele>968.5394582869485</ele>
				<time>2025-06-06T13:22:01Z</time>
			</trkpt>
			<trkpt lat="35.6201282374414" lon="-82.26021067061893">
				<ele>969.7240173844621</ele>
				<time>2025-06-06T13:22:02Z</time>
			</trkpt>
			<trkpt lat="35.6201507808776" lon="-82.26022317505983">
				<ele>970.636083859019</ele>
				<time>2025-06-06T13:22:03Z</time>
			</trkpt>
			<trkpt lat="35.62018870136932" lon="-82.26024233674602">
				<ele>969.4158996669576</ele>
				<time>2025-06-06T13:22:04Z</time>
			</trkpt>
			<trkpt lat="35.62022287970487" lon="-82.26024560894639">
				<ele>970.1542709749192</ele>
				<time>2025-06-06T13:22:05Z</time>
			</trkpt>
			<trkpt lat="35.620270606564866" lon="-82.26025024991287">
				<ele>968.7075531296432</ele>
				<time>2025-06-06T13:22:06Z</time>
			</trkpt>
			<trkpt lat="35.62030402415423" lon="-82.26024591035485">
				<ele>969.0275611402467</ele>
				<time>2025-06-06T13:22:07Z</time>
			</trkpt>
			<trkpt lat="35.62033971966924" lon="-82.26023598040022">
				<ele>968.4312550332397</ele>
				<time>2025-06-06T13:22:08Z</time>
			</trkpt>
			<trkpt lat="35.620380873291815" lon="-82.26019949332321">
				<ele>966.7712647356093</ele>
				<time>2025-06-06T13:22:09Z</time>
			</trkpt>
			<trkpt lat="35.62042336437125" lon="-82.26016006606405">
				<ele>966.0985584557056</ele>
				<time>2025-06-06T13:22:10Z</time>
			</trkpt>
			<trkpt lat="35.62046215338343" lon="-82.26010520487827">
				<ele>965.758008742705</ele>
				<time>2025-06-06T13:22:11Z</time>
			</trkpt>
			<trkpt lat="35.62050518321194" lon="-82.26005130780644">
				<ele>966.9975681221113</ele>
				<time>2025-06-06T13:22:12Z</time>
			</trkpt>
			<trkpt lat="35.62053757230058" lon="-82.26001334847643">
				<ele>965.338148904033</ele>
				<time>2025-06-06T13:22:13Z</time>
			</trkpt>
			<trkpt lat="35.620569746379786" lon="-82.25997421074725">
				<ele>963.454652951099</ele>
				<time>2025-06-06T13:22:14Z</time>
			</trkpt>
			<trkpt lat="35.62060840000578" lon="-82.25992423035964">
				<ele>963.0194098893553</ele>
				<time>2025-06-06T13:22:15Z</time>
			</trkpt>
			<trkpt lat="35.62063834233004" lon="-82.2598601799858">
				<ele>961.4679512726143</ele>
				<time>2025-06-06T13:22:16Z</time>
			</trkpt>
			<trkpt lat="35.62066710298937" lon="-82.25980046314413">
				<ele>960.3273965297267</ele>
				<time>2025-06-06T13:22:17Z</time>
			</trkpt>
			<trkpt lat="35.62070509608458" lon="-82.25975237980428">
				<ele>959.1377822142094</ele>
				<time>2025-06-06T13:22:18Z</time>
			</trkpt>
			<trkpt lat="35.62074701290179" lon="-82.25970814422523">
				<ele>958.5495916185901</ele>
				<time>2025-06-06T13:22:19Z</time>
			</trkpt>
			<trkpt lat="35.6207903214675" lon="-82.25966647246422">
				<ele>956.3584562288597</ele>
				<time>2025-06-06T13:22:20Z</time>
			</trkpt>
			<trkpt lat="35.6208263303804" lon="-82.2596144904126">
				<ele>956.4121738197282</ele>
				<time>2025-06-06T13:22:21Z</time>
			</trkpt>
			<trkpt lat="35.620863107182515" lon="-82.2595727330069">
				<ele>955.6000079922378</ele>
				<time>2025-06-06T13:22:22Z</time>
			</trkpt>
			<trkpt lat="35.620899028418116" lon="-82.25953114149488">
				<ele>954.607521943748</ele>
				<time>2025-06-06T13:22:23Z</time>
			</trkpt>
			<trkpt lat="35.620944889267676" lon="-82.25949235980382">
				<ele>953.3780977511778</ele>
				<time>2025-06-06T13:22:24Z</time>
			</trkpt>
			<trkpt lat="35.62098554647773" lon="-82.25945728087315">
				<ele>952.2931037703529</ele>
				<time>2025-06-06T13:22:25Z</time>
			</trkpt>
			<trkpt lat="35.62102800073743" lon="-82.2594205062414">
				<ele>951.0650781979784</ele>
				<time>2025-06-06T13:22:26Z</time>
			</trkpt>
			<trkpt lat="35.62106749834263" lon="-82.25939572506898">
				<ele>950.6025215378031</ele>
				<time>2025-06-06T13:22:27Z</time>
			</trkpt>
			<trkpt lat="35.62110253145809" lon="-82.2593718621798">
				<ele>949.0914302002639</ele>
				<time>2025-06-06T13:22:28Z</time>
			</trkpt>
			<trkpt lat="35.621145030376276" lon="-82.2593532837329">
				<ele>948.695391356945</ele>
				<time>2025-06-06T13:22:29Z</time>
			</trkpt>
			<trkpt lat="35.62118526563367" lon="-82.25932576106932">
				<ele>948.7206490058452</ele>
				<time>2025-06-06T13:22:30Z</time>
			</trkpt>
			<trkpt lat="35.621231612814356" lon="-82.25929337449514">
				<ele>945.7868576841429</ele>
				<time>2025-06-06T13:22:31Z</time>
			</trkpt>
			<trkpt lat="35.62127156377107" lon="-82.259255006611">
				<ele>945.116801074706</ele>
				<time>2025-06-06T13:22:32Z</time>
			</trkpt>
			<trkpt lat="35.62130671797243" lon="-82.25920497711135">
				<ele>945.4074523076415</ele>
				<time>2025-06-06T13:22:33Z</time>
			</trkpt>
			<trkpt lat="35.62131612555709" lon="-82.25914917072527">
				<ele>943.6771600143984</ele>
				<time>2025-06-06T13:22:34Z</time>
			</trkpt>
			<trkpt lat="35.621331728652535" lon="-82.25909621876178">
				<ele>944.4113989053294</ele>
				<time>2025-06-06T13:22:35Z</time>
			</trkpt>
			<trkpt lat="35.621330289269686" lon="-82.25905696271883">
				<ele>943.9621477294713</ele>
				<time>2025-06-06T13:22:36Z</time>
			</trkpt>
			<trkpt lat="35.62135380397841" lon="-82.25904525947642">
				<ele>943.6949642645195</ele>
				<time>2025-06-06T13:22:42Z</time>
			</trkpt>
			<trkpt lat="35.62137351465335" lon="-82.25902650146077">
				<ele>943.256265213713</ele>
				<time>2025-06-06T13:22:44Z</time>
			</trkpt>
			<trkpt lat="35.6213899452749" lon="-82.25900956021341">
				<ele>943.0458617312834</ele>
				<time>2025-06-06T13:22:45Z</time>
			</trkpt>
			<trkpt lat="35.62140187562447" lon="-82.25898399093398">
				<ele>944.5505460528657</ele>
				<time>2025-06-06T13:22:47Z</time>
			</trkpt>
			<trkpt lat="35.62140950902959" lon="-82.25894989663948">
				<ele>944.5173682905734</ele>
				<time>2025-06-06T13:22:49Z</time>
			</trkpt>
			<trkpt lat="35.62141738760232" lon="-82.25891764377954">
				<ele>947.2554039657116</ele>
				<time>2025-06-06T13:22:51Z</time>
			</trkpt>
			<trkpt lat="35.62142274832475" lon="-82.2588793576976">
				<ele>947.1615318600088</ele>
				<time>2025-06-06T13:22:53Z</time>
			</trkpt>
			<trkpt lat="35.62142532169016" lon="-82.25884669291928">
				<ele>947.659205339849</ele>
				<time>2025-06-06T13:22:55Z</time>
			</trkpt>
			<trkpt lat="35.62142553534677" lon="-82.25881426311453">
				<ele>947.2848971663043</ele>
				<time>2025-06-06T13:22:57Z</time>
			</trkpt>
			<trkpt lat="35.62143184862624" lon="-82.25878361462345">
				<ele>948.1982126319781</ele>
				<time>2025-06-06T13:22:59Z</time>
			</trkpt>
			<trkpt lat="35.62144413396703" lon="-82.25875601752779">
				<ele>949.2586873490363</ele>
				<time>2025-06-06T13:23:01Z</time>
			</trkpt>
			<trkpt lat="35.62145427325404" lon="-82.25873371825071">
				<ele>950.3642811272293</ele>
				<time>2025-06-06T13:23:03Z</time>
			</trkpt>
			<trkpt lat="35.621466231298164" lon="-82.25870741898947">
				<ele>949.8138934122398</ele>
				<time>2025-06-06T13:23:05Z</time>
			</trkpt>
			<trkpt lat="35.621479220443014" lon="-82.25867885202797">
				<ele>951.7812243429944</ele>
				<time>2025-06-06T13:23:07Z</time>
			</trkpt>
			<trkpt lat="35.62148895246845" lon="-82.25865744844134">
				<ele>951.8028813526034</ele>
				<time>2025-06-06T13:23:08Z</time>
			</trkpt>
			<trkpt lat="35.62150019924011" lon="-82.25862949463264">
				<ele>952.7499530306086</ele>
				<time>2025-06-06T13:23:10Z</time>
			</trkpt>
			<trkpt lat="35.62151182915784" lon="-82.25859250884982">
				<ele>952.7175485249609</ele>
				<time>2025-06-06T13:23:13Z</time>
			</trkpt>
			<trkpt lat="35.621518264159086" lon="-82.2585644255822">
				<ele>953.9420383824036</ele>
				<time>2025-06-06T13:23:15Z</time>
			</trkpt>
			<trkpt lat="35.62152379083354" lon="-82.2585306913363">
				<ele>953.4284849623218</ele>
				<time>2025-06-06T13:23:17Z</time>
			</trkpt>
			<trkpt lat="35.62152649737587" lon="-82.25849650716957">
				<ele>953.6604959340766</ele>
				<time>2025-06-06T13:23:20Z</time>
			</trkpt>
			<trkpt lat="35.62152807152639" lon="-82.2584744324632">
				<ele>952.6225155564025</ele>
				<time>2025-06-06T13:23:21Z</time>
			</trkpt>
			<trkpt lat="35.621528605777875" lon="-82.25843688808851">
				<ele>952.0957134319469</ele>
				<time>2025-06-06T13:23:23Z</time>
			</trkpt>
			<trkpt lat="35.62152860577745" lon="-82.25839927144425">
				<ele>952.7046188507229</ele>
				<time>2025-06-06T13:23:25Z</time>
			</trkpt>
			<trkpt lat="35.62152763735455" lon="-82.25837559995304">
				<ele>950.8808168498799</ele>
				<time>2025-06-06T13:23:26Z</time>
			</trkpt>
			<trkpt lat="35.62152569863265" lon="-82.25833871917645">
				<ele>951.526101667434</ele>
				<time>2025-06-06T13:23:28Z</time>
			</trkpt>
			<trkpt lat="35.62152441240842" lon="-82.25831315972626">
				<ele>952.9784402670339</ele>
				<time>2025-06-06T13:23:30Z</time>
			</trkpt>
			<trkpt lat="35.62152209324848" lon="-82.25828946738537">
				<ele>951.8007827727124</ele>
				<time>2025-06-06T13:23:32Z</time>
			</trkpt>
			<trkpt lat="35.62151965058916" lon="-82.25826451339802">
				<ele>952.7548994058743</ele>
				<time>2025-06-06T13:23:34Z</time>
			</trkpt>
			<trkpt lat="35.62151605086127" lon="-82.25822705428227">
				<ele>954.5328190634027</ele>
				<time>2025-06-06T13:23:36Z</time>
			</trkpt>
			<trkpt lat="35.62151331500722" lon="-82.25820125089766">
				<ele>953.2985453149304</ele>
				<time>2025-06-06T13:23:37Z</time>
			</trkpt>
			<trkpt lat="35.62150598730295" lon="-82.25816149474893">
				<ele>954.3922739066184</ele>
				<time>2025-06-06T13:23:38Z</time>
			</trkpt>
			<trkpt lat="35.62149593599296" lon="-82.25811973623799">
				<ele>954.7208344219252</ele>
				<time>2025-06-06T13:23:39Z</time>
			</trkpt>
			<trkpt lat="35.62148552905206" lon="-82.25808917794927">
				<ele>955.8599071912467</ele>
				<time>2025-06-06T13:23:40Z</time>
			</trkpt>
			<trkpt lat="35.621483331711026" lon="-82.258063905396">
				<ele>955.5473299752921</ele>
				<time>2025-06-06T13:23:42Z</time>
			</trkpt>
			<trkpt lat="35.621484741467995" lon="-82.25804074980135">
				<ele>955.6441427012905</ele>
				<time>2025-06-06T13:23:43Z</time>
			</trkpt>
			<trkpt lat="35.621488964986085" lon="-82.25801707122353">
				<ele>954.8829048695043</ele>
				<time>2025-06-06T13:23:44Z</time>
			</trkpt>
			<trkpt lat="35.62148882621852" lon="-82.257987892176">
				<ele>954.4960079891607</ele>
				<time>2025-06-06T13:23:45Z</time>
			</trkpt>
			<trkpt lat="35.62149668475003" lon="-82.25794556320376">
				<ele>955.3080282844603</ele>
				<time>2025-06-06T13:23:47Z</time>
			</trkpt>
			<trkpt lat="35.621502105322335" lon="-82.25791386227522">
				<ele>956.0799015220255</ele>
				<time>2025-06-06T13:23:49Z</time>
			</trkpt>
			<trkpt lat="35.621507936330566" lon="-82.25789167742674">
				<ele>955.3024509241804</ele>
				<time>2025-06-06T13:23:50Z</time>
			</trkpt>
			<trkpt lat="35.62150408290855" lon="-82.25786284592654">
				<ele>954.9215280944481</ele>
				<time>2025-06-06T13:23:51Z</time>
			</trkpt>
			<trkpt lat="35.621494582513805" lon="-82.25783350563512">
				<ele>955.0428269570693</ele>
				<time>2025-06-06T13:23:52Z</time>
			</trkpt>
			<trkpt lat="35.62148630660062" lon="-82.25779541539595">
				<ele>955.3500760784373</ele>
				<time>2025-06-06T13:23:53Z</time>
			</trkpt>
			<trkpt lat="35.621479921140654" lon="-82.25776632781798">
				<ele>956.3316560117528</ele>
				<time>2025-06-06T13:23:54Z</time>
			</trkpt>
			<trkpt lat="35.62147092176732" lon="-82.2577392764232">
				<ele>956.0817046482116</ele>
				<time>2025-06-06T13:23:56Z</time>
			</trkpt>
			<trkpt lat="35.62146890562756" lon="-82.25771408979129">
				<ele>954.494032480754</ele>
				<time>2025-06-06T13:23:58Z</time>
			</trkpt>
			<trkpt lat="35.62145918713415" lon="-82.2576745934463">
				<ele>955.6854203492403</ele>
				<time>2025-06-06T13:24:00Z</time>
			</trkpt>
			<trkpt lat="35.62146120302407" lon="-82.25764306662121">
				<ele>954.4706860492006</ele>
				<time>2025-06-06T13:24:02Z</time>
			</trkpt>
			<trkpt lat="35.621460321117674" lon="-82.25761851333307">
				<ele>955.9020239990205</ele>
				<time>2025-06-06T13:24:03Z</time>
			</trkpt>
			<trkpt lat="35.62146085531578" lon="-82.25759275699686">
				<ele>956.4649413730949</ele>
				<time>2025-06-06T13:24:04Z</time>
			</trkpt>
			<trkpt lat="35.62146105110501" lon="-82.2575601273066">
				<ele>958.3493878971785</ele>
				<time>2025-06-06T13:24:06Z</time>
			</trkpt>
			<trkpt lat="35.621459053748474" lon="-82.25752952649447">
				<ele>959.4553295895457</ele>
				<time>2025-06-06T13:24:08Z</time>
			</trkpt>
			<trkpt lat="35.621456900203114" lon="-82.25750490287446">
				<ele>959.0436950391158</ele>
				<time>2025-06-06T13:24:09Z</time>
			</trkpt>
			<trkpt lat="35.62144733598475" lon="-82.25746177364586">
				<ele>959.2145494893193</ele>
				<time>2025-06-06T13:24:11Z</time>
			</trkpt>
			<trkpt lat="35.621442675094286" lon="-82.25742143684384">
				<ele>960.9378328807652</ele>
				<time>2025-06-06T13:24:13Z</time>
			</trkpt>
			<trkpt lat="35.62144232255096" lon="-82.25737561987374">
				<ele>960.7294503943995</ele>
				<time>2025-06-06T13:24:15Z</time>
			</trkpt>
			<trkpt lat="35.62144875737773" lon="-82.25733568310405">
				<ele>961.8359025735408</ele>
				<time>2025-06-06T13:24:17Z</time>
			</trkpt>
			<trkpt lat="35.62145874213001" lon="-82.2572979746826">
				<ele>960.9639201657847</ele>
				<time>2025-06-06T13:24:19Z</time>
			</trkpt>
			<trkpt lat="35.62145839728495" lon="-82.25727194161217">
				<ele>960.360313989222</ele>
				<time>2025-06-06T13:24:20Z</time>
			</trkpt>
			<trkpt lat="35.62146292097286" lon="-82.2572431051457">
				<ele>959.6574365012348</ele>
				<time>2025-06-06T13:24:21Z</time>
			</trkpt>
			<trkpt lat="35.621468780306955" lon="-82.2572182041745">
				<ele>959.1252108886838</ele>
				<time>2025-06-06T13:24:22Z</time>
			</trkpt>
			<trkpt lat="35.621476921105646" lon="-82.25718013924563">
				<ele>957.3461744757369</ele>
				<time>2025-06-06T13:24:24Z</time>
			</trkpt>
			<trkpt lat="35.621490206908035" lon="-82.25715507127084">
				<ele>956.3768660826609</ele>
				<time>2025-06-06T13:24:25Z</time>
			</trkpt>
			<trkpt lat="35.62150896536281" lon="-82.25714511150984">
				<ele>956.6975340126082</ele>
				<time>2025-06-06T13:24:26Z</time>
			</trkpt>
			<trkpt lat="35.621523008044896" lon="-82.25712640981415">
				<ele>957.2375874714926</ele>
				<time>2025-06-06T13:24:27Z</time>
			</trkpt>
			<trkpt lat="35.62153131407078" lon="-82.25710291670742">
				<ele>958.9139475878328</ele>
				<time>2025-06-06T13:24:28Z</time>
			</trkpt>
			<trkpt lat="35.62154806950844" lon="-82.25708344733152">
				<ele>956.3706051604822</ele>
				<time>2025-06-06T13:24:29Z</time>
			</trkpt>
			<trkpt lat="35.62157134416317" lon="-82.25709155093921">
				<ele>955.9864560682327</ele>
				<time>2025-06-06T13:24:30Z</time>
			</trkpt>
			<trkpt lat="35.62161261136832" lon="-82.25708277707172">
				<ele>955.511798247695</ele>
				<time>2025-06-06T13:24:31Z</time>
			</trkpt>
			<trkpt lat="35.62166587581064" lon="-82.25707463051718">
				<ele>954.1423057466745</ele>
				<time>2025-06-06T13:24:32Z</time>
			</trkpt>
			<trkpt lat="35.62172222690425" lon="-82.25706800683047">
				<ele>954.5577535489574</ele>
				<time>2025-06-06T13:24:33Z</time>
			</trkpt>
			<trkpt lat="35.62179285494941" lon="-82.25705912453643">
				<ele>953.1566423838958</ele>
				<time>2025-06-06T13:24:34Z</time>
			</trkpt>
			<trkpt lat="35.62185360789845" lon="-82.25704526551633">
				<ele>952.1323315268382</ele>
				<time>2025-06-06T13:24:35Z</time>
			</trkpt>
			<trkpt lat="35.62190423586332" lon="-82.2570375783933">
				<ele>951.7980019412935</ele>
				<time>2025-06-06T13:24:36Z</time>
			</trkpt>
			<trkpt lat="35.6219405386296" lon="-82.25702888452221">
				<ele>951.9369748560712</ele>
				<time>2025-06-06T13:24:37Z</time>
			</trkpt>
			<trkpt lat="35.62197498808837" lon="-82.2570238755931">
				<ele>950.4557794751599</ele>
				<time>2025-06-06T13:24:38Z</time>
			</trkpt>
			<trkpt lat="35.62201407367684" lon="-82.25699910549935">
				<ele>950.1652918374166</ele>
				<time>2025-06-06T13:24:39Z</time>
			</trkpt>
			<trkpt lat="35.62206194138267" lon="-82.25698145088742">
				<ele>949.3551358012483</ele>
				<time>2025-06-06T13:24:40Z</time>
			</trkpt>
			<trkpt lat="35.62211586387658" lon="-82.25696560201632">
				<ele>948.0916973082349</ele>
				<time>2025-06-06T13:24:41Z</time>
			</trkpt>
			<trkpt lat="35.6221584860998" lon="-82.25695357995171">
				<ele>946.2159051951021</ele>
				<time>2025-06-06T13:24:42Z</time>
			</trkpt>
			<trkpt lat="35.622194222904575" lon="-82.25694515109305">
				<ele>945.5774672403932</ele>
				<time>2025-06-06T13:24:43Z</time>
			</trkpt>
			<trkpt lat="35.622224967415654" lon="-82.25692874344368">
				<ele>944.1757287401706</ele>
				<time>2025-06-06T13:24:44Z</time>
			</trkpt>
			<trkpt lat="35.62222059633024" lon="-82.25690401874508">
				<ele>944.3316384460777</ele>
				<time>2025-06-06T13:24:46Z</time>
			</trkpt>
			<trkpt lat="35.622206785137514" lon="-82.2568776507021">
				<ele>942.8898876318708</ele>
				<time>2025-06-06T13:24:47Z</time>
			</trkpt>
			<trkpt lat="35.62218260046473" lon="-82.2568545285902">
				<ele>942.4309407286346</ele>
				<time>2025-06-06T13:24:48Z</time>
			</trkpt>
			<trkpt lat="35.62213776863784" lon="-82.2568395705172">
				<ele>940.0971875600517</ele>
				<time>2025-06-06T13:24:49Z</time>
			</trkpt>
			<trkpt lat="35.62208035416646" lon="-82.25683620941182">
				<ele>940.508270625025</ele>
				<time>2025-06-06T13:24:50Z</time>
			</trkpt>
			<trkpt lat="35.622006168853176" lon="-82.25683844822048">
				<ele>939.9084581919014</ele>
				<time>2025-06-06T13:24:51Z</time>
			</trkpt>
			<trkpt lat="35.62194535584435" lon="-82.25682594465819">
				<ele>939.5178081206977</ele>
				<time>2025-06-06T13:24:52Z</time>
			</trkpt>
			<trkpt lat="35.621895321110095" lon="-82.25680455922965">
				<ele>937.7468975996599</ele>
				<time>2025-06-06T13:24:53Z</time>
			</trkpt>
			<trkpt lat="35.62185239414583" lon="-82.25677715130134">
				<ele>936.7764468211681</ele>
				<time>2025-06-06T13:24:54Z</time>
			</trkpt>
			<trkpt lat="35.62183326813512" lon="-82.25676099302">
				<ele>936.7973066903651</ele>
				<time>2025-06-06T13:24:55Z</time>
			</trkpt>
			<trkpt lat="35.621793829984966" lon="-82.25676505487719">
				<ele>936.4037899104878</ele>
				<time>2025-06-06T13:24:56Z</time>
			</trkpt>
			<trkpt lat="35.62176741802507" lon="-82.25676867315211">
				<ele>935.7067522592843</ele>
				<time>2025-06-06T13:24:57Z</time>
			</trkpt>
			<trkpt lat="35.62178733233706" lon="-82.25675136398598">
				<ele>934.6032770983875</ele>
				<time>2025-06-06T13:25:00Z</time>
			</trkpt>
			<trkpt lat="35.62182745392004" lon="-82.25675080939004">
				<ele>932.653143840842</ele>
				<time>2025-06-06T13:25:01Z</time>
			</trkpt>
			<trkpt lat="35.62187814910137" lon="-82.25674669864516">
				<ele>933.4626544462517</ele>
				<time>2025-06-06T13:25:02Z</time>
			</trkpt>
			<trkpt lat="35.621921342163304" lon="-82.25675278265479">
				<ele>933.8000410711393</ele>
				<time>2025-06-06T13:25:03Z</time>
			</trkpt>
			<trkpt lat="35.62195068695986" lon="-82.25674269632559">
				<ele>933.5549919260666</ele>
				<time>2025-06-06T13:25:04Z</time>
			</trkpt>
			<trkpt lat="35.62196460688038" lon="-82.25672042350288">
				<ele>932.5157707892358</ele>
				<time>2025-06-06T13:25:05Z</time>
			</trkpt>
			<trkpt lat="35.621974865231685" lon="-82.25667856387385">
				<ele>931.6736075561494</ele>
				<time>2025-06-06T13:25:06Z</time>
			</trkpt>
			<trkpt lat="35.62200123643903" lon="-82.25663281968247">
				<ele>930.7933327890933</ele>
				<time>2025-06-06T13:25:07Z</time>
			</trkpt>
			<trkpt lat="35.622019374877574" lon="-82.25659144771751">
				<ele>928.8246538285166</ele>
				<time>2025-06-06T13:25:08Z</time>
			</trkpt>
			<trkpt lat="35.62203991521251" lon="-82.25655251826139">
				<ele>928.5919940304011</ele>
				<time>2025-06-06T13:25:09Z</time>
			</trkpt>
			<trkpt lat="35.62207178326945" lon="-82.25650884732462">
				<ele>927.3053613090888</ele>
				<time>2025-06-06T13:25:10Z</time>
			</trkpt>
			<trkpt lat="35.62210498130102" lon="-82.25646877695388">
				<ele>927.0001933388412</ele>
				<time>2025-06-06T13:25:11Z</time>
			</trkpt>
			<trkpt lat="35.62212416612511" lon="-82.25643949082217">
				<ele>926.5395197104663</ele>
				<time>2025-06-06T13:25:12Z</time>
			</trkpt>
			<trkpt lat="35.62214378549294" lon="-82.25641448707218">
				<ele>925.8532947031781</ele>
				<time>2025-06-06T13:25:13Z</time>
			</trkpt>
			<trkpt lat="35.62217436023827" lon="-82.25638511550677">
				<ele>925.9697469221428</ele>
				<time>2025-06-06T13:25:14Z</time>
			</trkpt>
			<trkpt lat="35.62219802296747" lon="-82.25635812494227">
				<ele>924.1502316705883</ele>
				<time>2025-06-06T13:25:15Z</time>
			</trkpt>
			<trkpt lat="35.62221854422606" lon="-82.2563294766567">
				<ele>924.2500470513478</ele>
				<time>2025-06-06T13:25:16Z</time>
			</trkpt>
			<trkpt lat="35.62223986671577" lon="-82.25630637612576">
				<ele>925.8703136714175</ele>
				<time>2025-06-06T13:25:17Z</time>
			</trkpt>
			<trkpt lat="35.62226321834028" lon="-82.25629509340305">
				<ele>925.8447740226984</ele>
				<time>2025-06-06T13:25:18Z</time>
			</trkpt>
			<trkpt lat="35.62228631914321" lon="-82.25628671692603">
				<ele>924.747450822033</ele>
				<time>2025-06-06T13:25:19Z</time>
			</trkpt>
			<trkpt lat="35.62231485377539" lon="-82.25627533470471">
				<ele>923.8649668712169</ele>
				<time>2025-06-06T13:25:20Z</time>
			</trkpt>
			<trkpt lat="35.622352099168666" lon="-82.25625337201818">
				<ele>924.9002118259668</ele>
				<time>2025-06-06T13:25:21Z</time>
			</trkpt>
			<trkpt lat="35.62239494670072" lon="-82.256229978004">
				<ele>924.7402097349986</ele>
				<time>2025-06-06T13:25:22Z</time>
			</trkpt>
			<trkpt lat="35.62243498699279" lon="-82.25621909435414">
				<ele>923.3506685672328</ele>
				<time>2025-06-06T13:25:23Z</time>
			</trkpt>
			<trkpt lat="35.622478880938786" lon="-82.25620592031284">
				<ele>921.7954923640937</ele>
				<time>2025-06-06T13:25:24Z</time>
			</trkpt>
			<trkpt lat="35.62253672708042" lon="-82.2562143630474">
				<ele>919.6585933258757</ele>
				<time>2025-06-06T13:25:25Z</time>
			</trkpt>
			<trkpt lat="35.62259235373722" lon="-82.25620956657806">
				<ele>919.0743374256417</ele>
				<time>2025-06-06T13:25:26Z</time>
			</trkpt>
			<trkpt lat="35.62264293616934" lon="-82.25620138181574">
				<ele>919.1158682014793</ele>
				<time>2025-06-06T13:25:27Z</time>
			</trkpt>
			<trkpt lat="35.62267818758191" lon="-82.25619554162868">
				<ele>918.7579298345372</ele>
				<time>2025-06-06T13:25:28Z</time>
			</trkpt>
			<trkpt lat="35.62271125910082" lon="-82.25617284454398">
				<ele>919.0739546371624</ele>
				<time>2025-06-06T13:25:29Z</time>
			</trkpt>
			<trkpt lat="35.62273334214743" lon="-82.25615681314149">
				<ele>920.1987778227776</ele>
				<time>2025-06-06T13:25:30Z</time>
			</trkpt>
			<trkpt lat="35.62275505948975" lon="-82.25613412711076">
				<ele>921.5662304544821</ele>
				<time>2025-06-06T13:25:31Z</time>
			</trkpt>
			<trkpt lat="35.622788468593036" lon="-82.25610608124553">
				<ele>922.26057217177</ele>
				<time>2025-06-06T13:25:32Z</time>
			</trkpt>
			<trkpt lat="35.62281822768433" lon="-82.25610047088513">
				<ele>921.6105752754956</ele>
				<time>2025-06-06T13:25:33Z</time>
			</trkpt>
			<trkpt lat="35.622848829030836" lon="-82.25609773567622">
				<ele>919.6488406937569</ele>
				<time>2025-06-06T13:25:34Z</time>
			</trkpt>
			<trkpt lat="35.622879343088734" lon="-82.25609196468673">
				<ele>918.9248485285789</ele>
				<time>2025-06-06T13:25:35Z</time>
			</trkpt>
			<trkpt lat="35.62290818170781" lon="-82.25608675468452">
				<ele>917.198854027316</ele>
				<time>2025-06-06T13:25:36Z</time>
			</trkpt>
			<trkpt lat="35.62294295038274" lon="-82.25606973034749">
				<ele>915.9465180961415</ele>
				<time>2025-06-06T13:25:37Z</time>
			</trkpt>
			<trkpt lat="35.622976172843394" lon="-82.25605217258104">
				<ele>916.622840183787</ele>
				<time>2025-06-06T13:25:38Z</time>
			</trkpt>
			<trkpt lat="35.62301058700774" lon="-82.25603341058618">
				<ele>915.25710474886</ele>
				<time>2025-06-06T13:25:39Z</time>
			</trkpt>
			<trkpt lat="35.62304467192808" lon="-82.2560168807691">
				<ele>915.4710778687149</ele>
				<time>2025-06-06T13:25:40Z</time>
			</trkpt>
			<trkpt lat="35.623075878949" lon="-82.25599781275501">
				<ele>914.6663443623111</ele>
				<time>2025-06-06T13:25:41Z</time>
			</trkpt>
			<trkpt lat="35.62309940052753" lon="-82.25598196878892">
				<ele>913.3016021959484</ele>
				<time>2025-06-06T13:25:42Z</time>
			</trkpt>
			<trkpt lat="35.623119327168844" lon="-82.2559683688894">
				<ele>913.4355093380436</ele>
				<time>2025-06-06T13:25:43Z</time>
			</trkpt>
			<trkpt lat="35.6231434171862" lon="-82.2559602232289">
				<ele>911.8687709495425</ele>
				<time>2025-06-06T13:25:45Z</time>
			</trkpt>
			<trkpt lat="35.623167933519326" lon="-82.25594528960274">
				<ele>909.9712462946773</ele>
				<time>2025-06-06T13:25:47Z</time>
			</trkpt>
			<trkpt lat="35.62319249734872" lon="-82.25593041396189">
				<ele>908.2460022019222</ele>
				<time>2025-06-06T13:25:49Z</time>
			</trkpt>
			<trkpt lat="35.623220015304604" lon="-82.25591967662474">
				<ele>906.5676967008039</ele>
				<time>2025-06-06T13:25:51Z</time>
			</trkpt>
			<trkpt lat="35.62323644731151" lon="-82.25590417845031">
				<ele>906.559180887416</ele>
				<time>2025-06-06T13:25:52Z</time>
			</trkpt>
			<trkpt lat="35.62325885311899" lon="-82.25588849432175">
				<ele>906.0316196326166</ele>
				<time>2025-06-06T13:25:53Z</time>
			</trkpt>
			<trkpt lat="35.62328078984518" lon="-82.25587259403129">
				<ele>906.1470717051998</ele>
				<time>2025-06-06T13:25:54Z</time>
			</trkpt>
			<trkpt lat="35.6233202765405" lon="-82.25585246251646">
				<ele>904.7958080023527</ele>
				<time>2025-06-06T13:25:56Z</time>
			</trkpt>
			<trkpt lat="35.62334831855627" lon="-82.2558324882432">
				<ele>903.8468737415969</ele>
				<time>2025-06-06T13:25:57Z</time>
			</trkpt>
			<trkpt lat="35.62338416335631" lon="-82.25579700969269">
				<ele>904.7897341744974</ele>
				<time>2025-06-06T13:25:58Z</time>
			</trkpt>
			<trkpt lat="35.623417588030975" lon="-82.25575391024773">
				<ele>905.3333972487599</ele>
				<time>2025-06-06T13:25:59Z</time>
			</trkpt>
			<trkpt lat="35.6234285671128" lon="-82.25572219160111">
				<ele>906.1088638883084</ele>
				<time>2025-06-06T13:26:00Z</time>
			</trkpt>
			<trkpt lat="35.623442508472806" lon="-82.25568592266836">
				<ele>906.965925632976</ele>
				<time>2025-06-06T13:26:01Z</time>
			</trkpt>
			<trkpt lat="35.62345222487199" lon="-82.25565276360301">
				<ele>906.7647107345983</ele>
				<time>2025-06-06T13:26:02Z</time>
			</trkpt>
			<trkpt lat="35.623470001751976" lon="-82.25562827089497">
				<ele>906.4421379510313</ele>
				<time>2025-06-06T13:26:03Z</time>
			</trkpt>
			<trkpt lat="35.623497368345134" lon="-82.25559801334781">
				<ele>905.9179585082456</ele>
				<time>2025-06-06T13:26:04Z</time>
			</trkpt>
			<trkpt lat="35.623528500110694" lon="-82.25555900759824">
				<ele>905.3791574090719</ele>
				<time>2025-06-06T13:26:06Z</time>
			</trkpt>
			<trkpt lat="35.62355180062891" lon="-82.25551489281459">
				<ele>904.6700938614085</ele>
				<time>2025-06-06T13:26:07Z</time>
			</trkpt>
			<trkpt lat="35.62357201891727" lon="-82.2554744363668">
				<ele>904.5804813355207</ele>
				<time>2025-06-06T13:26:08Z</time>
			</trkpt>
			<trkpt lat="35.6235887702054" lon="-82.25542697832347">
				<ele>902.911837797612</ele>
				<time>2025-06-06T13:26:09Z</time>
			</trkpt>
			<trkpt lat="35.62361644309702" lon="-82.25538440180804">
				<ele>901.6999310301617</ele>
				<time>2025-06-06T13:26:10Z</time>
			</trkpt>
			<trkpt lat="35.62364960873525" lon="-82.25535299695478">
				<ele>900.1992392782122</ele>
				<time>2025-06-06T13:26:11Z</time>
			</trkpt>
			<trkpt lat="35.62368500229579" lon="-82.2553456098376">
				<ele>899.4962423732504</ele>
				<time>2025-06-06T13:26:13Z</time>
			</trkpt>
			<trkpt lat="35.623725710986555" lon="-82.25530645282934">
				<ele>897.4066595882177</ele>
				<time>2025-06-06T13:26:14Z</time>
			</trkpt>
			<trkpt lat="35.62374515182823" lon="-82.25528802018314">
				<ele>897.9980937214568</ele>
				<time>2025-06-06T13:26:15Z</time>
			</trkpt>
			<trkpt lat="35.62379032505739" lon="-82.25523766468258">
				<ele>898.3085521049798</ele>
				<time>2025-06-06T13:26:16Z</time>
			</trkpt>
			<trkpt lat="35.62382454310836" lon="-82.25519633508678">
				<ele>897.4973596530035</ele>
				<time>2025-06-06T13:26:17Z</time>
			</trkpt>
			<trkpt lat="35.62384693175021" lon="-82.25518639256725">
				<ele>898.1837600851431</ele>
				<time>2025-06-06T13:26:18Z</time>
			</trkpt>
			<trkpt lat="35.62387624176053" lon="-82.25519108187076">
				<ele>899.2382490606979</ele>
				<time>2025-06-06T13:26:20Z</time>
			</trkpt>
			<trkpt lat="35.62392062108791" lon="-82.25516078616283">
				<ele>898.2236321149394</ele>
				<time>2025-06-06T13:26:22Z</time>
			</trkpt>
			<trkpt lat="35.62395484707712" lon="-82.25513475287785">
				<ele>898.2268650215119</ele>
				<time>2025-06-06T13:26:24Z</time>
			</trkpt>
			<trkpt lat="35.62398288053419" lon="-82.25510817685168">
				<ele>897.2617194075137</ele>
				<time>2025-06-06T13:26:26Z</time>
			</trkpt>
			<trkpt lat="35.62400502021514" lon="-82.25507734289556">
				<ele>897.9039067961276</ele>
				<time>2025-06-06T13:26:28Z</time>
			</trkpt>
			<trkpt lat="35.62402244744932" lon="-82.25504506466056">
				<ele>897.1275261016563</ele>
				<time>2025-06-06T13:26:30Z</time>
			</trkpt>
			<trkpt lat="35.624038662155726" lon="-82.25500437228078">
				<ele>896.6345668546855</ele>
				<time>2025-06-06T13:26:32Z</time>
			</trkpt>
			<trkpt lat="35.624049582347986" lon="-82.25495566898715">
				<ele>896.4829815616831</ele>
				<time>2025-06-06T13:26:34Z</time>
			</trkpt>
			<trkpt lat="35.62405550211571" lon="-82.25493389784332">
				<ele>895.4843786358833</ele>
				<time>2025-06-06T13:26:35Z</time>
			</trkpt>
			<trkpt lat="35.62406860772459" lon="-82.25489854390045">
				<ele>895.2573468349874</ele>
				<time>2025-06-06T13:26:37Z</time>
			</trkpt>
			<trkpt lat="35.624077517417724" lon="-82.25486695007534">
				<ele>894.4834479503334</ele>
				<time>2025-06-06T13:26:39Z</time>
			</trkpt>
			<trkpt lat="35.6240833440103" lon="-82.2548414015091">
				<ele>895.0248525347561</ele>
				<time>2025-06-06T13:26:41Z</time>
			</trkpt>
			<trkpt lat="35.62409531748327" lon="-82.25481413951908">
				<ele>895.8293375344947</ele>
				<time>2025-06-06T13:26:43Z</time>
			</trkpt>
			<trkpt lat="35.62410450331183" lon="-82.25478938993193">
				<ele>895.7354453774169</ele>
				<time>2025-06-06T13:26:45Z</time>
			</trkpt>
			<trkpt lat="35.62411536856196" lon="-82.25475869986963">
				<ele>896.6531956475228</ele>
				<time>2025-06-06T13:26:47Z</time>
			</trkpt>
			<trkpt lat="35.62412569797489" lon="-82.25472352403304">
				<ele>896.2005251999944</ele>
				<time>2025-06-06T13:26:49Z</time>
			</trkpt>
			<trkpt lat="35.62413691450458" lon="-82.25467892821314">
				<ele>895.7314186692238</ele>
				<time>2025-06-06T13:26:51Z</time>
			</trkpt>
			<trkpt lat="35.62416853102424" lon="-82.25466747897765">
				<ele>896.3196510281414</ele>
				<time>2025-06-06T13:26:52Z</time>
			</trkpt>
			<trkpt lat="35.62417688258468" lon="-82.25464787202088">
				<ele>897.5660588340834</ele>
				<time>2025-06-06T13:26:54Z</time>
			</trkpt>
			<trkpt lat="35.62418781520734" lon="-82.25461334091803">
				<ele>897.9638572549447</ele>
				<time>2025-06-06T13:26:56Z</time>
			</trkpt>
			<trkpt lat="35.624191164637544" lon="-82.25457600294472">
				<ele>898.9479593411088</ele>
				<time>2025-06-06T13:26:58Z</time>
			</trkpt>
			<trkpt lat="35.62419072158723" lon="-82.25453165630681">
				<ele>897.8465336142108</ele>
				<time>2025-06-06T13:27:00Z</time>
			</trkpt>
			<trkpt lat="35.62419601441244" lon="-82.25449666409432">
				<ele>899.327130493708</ele>
				<time>2025-06-06T13:27:02Z</time>
			</trkpt>
			<trkpt lat="35.62419411992198" lon="-82.25446823291848">
				<ele>897.4384044716135</ele>
				<time>2025-06-06T13:27:03Z</time>
			</trkpt>
			<trkpt lat="35.62419368525556" lon="-82.25444607626035">
				<ele>896.8028110302985</ele>
				<time>2025-06-06T13:27:04Z</time>
			</trkpt>
			<trkpt lat="35.624196229185735" lon="-82.25440573007667">
				<ele>898.724272438325</ele>
				<time>2025-06-06T13:27:06Z</time>
			</trkpt>
			<trkpt lat="35.62418969900469" lon="-82.25435546401403">
				<ele>895.3891821922734</ele>
				<time>2025-06-06T13:27:08Z</time>
			</trkpt>
			<trkpt lat="35.624187145451245" lon="-82.25433313353129">
				<ele>895.1409180313349</ele>
				<time>2025-06-06T13:27:09Z</time>
			</trkpt>
			<trkpt lat="35.62419227449803" lon="-82.25430505561856">
				<ele>895.5681497212499</ele>
				<time>2025-06-06T13:27:10Z</time>
			</trkpt>
			<trkpt lat="35.624197256389344" lon="-82.25428011907192">
				<ele>893.755225835368</ele>
				<time>2025-06-06T13:27:11Z</time>
			</trkpt>
			<trkpt lat="35.6242031693162" lon="-82.2542530005835">
				<ele>895.0990205379203</ele>
				<time>2025-06-06T13:27:12Z</time>
			</trkpt>
			<trkpt lat="35.62420525986566" lon="-82.25423057618973">
				<ele>896.3363366676494</ele>
				<time>2025-06-06T13:27:13Z</time>
			</trkpt>
			<trkpt lat="35.62420322298518" lon="-82.25419823719184">
				<ele>897.4759810650721</ele>
				<time>2025-06-06T13:27:15Z</time>
			</trkpt>
			<trkpt lat="35.62420105335464" lon="-82.25416668665282">
				<ele>899.5130346659571</ele>
				<time>2025-06-06T13:27:19Z</time>
			</trkpt>
			<trkpt lat="35.62419861049374" lon="-82.25413116272732">
				<ele>900.7583781890571</ele>
				<time>2025-06-06T13:27:22Z</time>
			</trkpt>
			<trkpt lat="35.62419621889457" lon="-82.25409638402704">
				<ele>899.7513207392767</ele>
				<time>2025-06-06T13:27:24Z</time>
			</trkpt>
			<trkpt lat="35.624194455161906" lon="-82.25407073588748">
				<ele>900.1352895954624</ele>
				<time>2025-06-06T13:27:25Z</time>
			</trkpt>
			<trkpt lat="35.62419216857966" lon="-82.25403748441201">
				<ele>899.7312292307615</ele>
				<time>2025-06-06T13:27:27Z</time>
			</trkpt>
			<trkpt lat="35.624190125891765" lon="-82.25400254536588">
				<ele>899.475768792443</ele>
				<time>2025-06-06T13:27:29Z</time>
			</trkpt>
			<trkpt lat="35.62418457598716" lon="-82.25396474088818">
				<ele>898.812561666593</ele>
				<time>2025-06-06T13:27:31Z</time>
			</trkpt>
			<trkpt lat="35.62417806667271" lon="-82.25393452036218">
				<ele>899.5259908763692</ele>
				<time>2025-06-06T13:27:33Z</time>
			</trkpt>
			<trkpt lat="35.62417818784553" lon="-82.25390468232148">
				<ele>900.6212070425972</ele>
				<time>2025-06-06T13:27:36Z</time>
			</trkpt>
			<trkpt lat="35.624180911182115" lon="-82.25387285769199">
				<ele>900.6518162125722</ele>
				<time>2025-06-06T13:27:38Z</time>
			</trkpt>
			<trkpt lat="35.62417474184176" lon="-82.25384767835621">
				<ele>902.0277762738988</ele>
				<time>2025-06-06T13:27:40Z</time>
			</trkpt>
			<trkpt lat="35.624170229463715" lon="-82.2538127783635">
				<ele>902.671303476207</ele>
				<time>2025-06-06T13:27:42Z</time>
			</trkpt>
			<trkpt lat="35.62416989654246" lon="-82.25379017225613">
				<ele>903.7897371109575</ele>
				<time>2025-06-06T13:27:43Z</time>
			</trkpt>
			<trkpt lat="35.62416745319118" lon="-82.2537549948683">
				<ele>903.7744089048356</ele>
				<time>2025-06-06T13:27:45Z</time>
			</trkpt>
			<trkpt lat="35.62416426555525" lon="-82.25372502171345">
				<ele>905.0765483547002</ele>
				<time>2025-06-06T13:27:47Z</time>
			</trkpt>
			<trkpt lat="35.624173470285704" lon="-82.25368758001548">
				<ele>906.5980567550287</ele>
				<time>2025-06-06T13:27:50Z</time>
			</trkpt>
			<trkpt lat="35.6241850668947" lon="-82.25365570747812">
				<ele>907.4811547966674</ele>
				<time>2025-06-06T13:27:52Z</time>
			</trkpt>
			<trkpt lat="35.62418188325073" lon="-82.25363046635033">
				<ele>907.7510253656656</ele>
				<time>2025-06-06T13:27:54Z</time>
			</trkpt>
			<trkpt lat="35.62418032069178" lon="-82.25359674884805">
				<ele>908.308689802885</ele>
				<time>2025-06-06T13:27:56Z</time>
			</trkpt>
			<trkpt lat="35.62418098672938" lon="-82.25357459672355">
				<ele>908.3675724640489</ele>
				<time>2025-06-06T13:27:57Z</time>
			</trkpt>
			<trkpt lat="35.62418491883394" lon="-82.25354089657347">
				<ele>908.9536774344742</ele>
				<time>2025-06-06T13:27:59Z</time>
			</trkpt>
			<trkpt lat="35.62418532646244" lon="-82.25350814834268">
				<ele>909.3569208467379</ele>
				<time>2025-06-06T13:28:01Z</time>
			</trkpt>
			<trkpt lat="35.6241797588736" lon="-82.25348350716943">
				<ele>910.028750247322</ele>
				<time>2025-06-06T13:28:03Z</time>
			</trkpt>
			<trkpt lat="35.624177711111194" lon="-82.25345349535849">
				<ele>910.5798659203574</ele>
				<time>2025-06-06T13:28:06Z</time>
			</trkpt>
			<trkpt lat="35.62417053239523" lon="-82.25342769857122">
				<ele>910.3895536549389</ele>
				<time>2025-06-06T13:28:08Z</time>
			</trkpt>
			<trkpt lat="35.62416950385686" lon="-82.25340182846091">
				<ele>910.8680860362947</ele>
				<time>2025-06-06T13:28:11Z</time>
			</trkpt>
			<trkpt lat="35.62416924236188" lon="-82.25336820394625">
				<ele>911.6220824252814</ele>
				<time>2025-06-06T13:28:13Z</time>
			</trkpt>
			<trkpt lat="35.62417331532175" lon="-82.253335151217">
				<ele>911.6048829881474</ele>
				<time>2025-06-06T13:28:15Z</time>
			</trkpt>
			<trkpt lat="35.62417497116071" lon="-82.25329591551898">
				<ele>910.834187624976</ele>
				<time>2025-06-06T13:28:17Z</time>
			</trkpt>
			<trkpt lat="35.624181424745885" lon="-82.25326500552677">
				<ele>911.8151642922312</ele>
				<time>2025-06-06T13:28:19Z</time>
			</trkpt>
			<trkpt lat="35.62418764672695" lon="-82.25324371043405">
				<ele>910.4364304989576</ele>
				<time>2025-06-06T13:28:21Z</time>
			</trkpt>
			<trkpt lat="35.62418026337086" lon="-82.25321592089355">
				<ele>912.5134414350614</ele>
				<time>2025-06-06T13:28:24Z</time>
			</trkpt>
			<trkpt lat="35.624176120030064" lon="-82.25318422735656">
				<ele>914.1983615756035</ele>
				<time>2025-06-06T13:28:26Z</time>
			</trkpt>
			<trkpt lat="35.62417651159281" lon="-82.25315762631523">
				<ele>915.2284885374829</ele>
				<time>2025-06-06T13:28:28Z</time>
			</trkpt>
			<trkpt lat="35.62417293022208" lon="-82.25313172424801">
				<ele>915.7954707313329</ele>
				<time>2025-06-06T13:28:31Z</time>
			</trkpt>
			<trkpt lat="35.62416984793045" lon="-82.25309658854756">
				<ele>916.6449648132548</ele>
				<time>2025-06-06T13:28:34Z</time>
			</trkpt>
			<trkpt lat="35.62416419335415" lon="-82.2530621066173">
				<ele>916.8747451668605</ele>
				<time>2025-06-06T13:28:36Z</time>
			</trkpt>
			<trkpt lat="35.62415603445701" lon="-82.25304167904318">
				<ele>916.5623502377421</ele>
				<time>2025-06-06T13:28:38Z</time>
			</trkpt>
			<trkpt lat="35.62414561570344" lon="-82.25302165800153">
				<ele>918.0915223080665</ele>
				<time>2025-06-06T13:28:41Z</time>
			</trkpt>
			<trkpt lat="35.62414232563452" lon="-82.2529974780312">
				<ele>918.0902471002191</ele>
				<time>2025-06-06T13:28:43Z</time>
			</trkpt>
			<trkpt lat="35.624140983638895" lon="-82.25295730579562">
				<ele>916.9253768026829</ele>
				<time>2025-06-06T13:28:46Z</time>
			</trkpt>
			<trkpt lat="35.62413683564059" lon="-82.2529199625695">
				<ele>916.4244627421722</ele>
				<time>2025-06-06T13:28:48Z</time>
			</trkpt>
			<trkpt lat="35.624135290039845" lon="-82.25289755470692">
				<ele>917.56016605068</ele>
				<time>2025-06-06T13:28:50Z</time>
			</trkpt>
			<trkpt lat="35.62412133149755" lon="-82.2528666393047">
				<ele>918.3835239456967</ele>
				<time>2025-06-06T13:28:53Z</time>
			</trkpt>
			<trkpt lat="35.624108966983655" lon="-82.25284724642876">
				<ele>919.7082219244912</ele>
				<time>2025-06-06T13:28:56Z</time>
			</trkpt>
			<trkpt lat="35.624095501430155" lon="-82.25281121173354">
				<ele>921.6341346567497</ele>
				<time>2025-06-06T13:28:59Z</time>
			</trkpt>
			<trkpt lat="35.62408694657429" lon="-82.2527853361751">
				<ele>922.309859325178</ele>
				<time>2025-06-06T13:29:01Z</time>
			</trkpt>
			<trkpt lat="35.62408167505014" lon="-82.25275857575717">
				<ele>922.56678436324</ele>
				<time>2025-06-06T13:29:03Z</time>
			</trkpt>
			<trkpt lat="35.62407470925181" lon="-82.25272620093753">
				<ele>923.5180656304583</ele>
				<time>2025-06-06T13:29:05Z</time>
			</trkpt>
			<trkpt lat="35.624067410574405" lon="-82.25268623867169">
				<ele>924.2125341976061</ele>
				<time>2025-06-06T13:29:07Z</time>
			</trkpt>
			<trkpt lat="35.624056124236866" lon="-82.25266021931446">
				<ele>924.5223924014717</ele>
				<time>2025-06-06T13:29:09Z</time>
			</trkpt>
			<trkpt lat="35.624051395176885" lon="-82.25262829037246">
				<ele>925.4204054586589</ele>
				<time>2025-06-06T13:29:12Z</time>
			</trkpt>
			<trkpt lat="35.62404212869397" lon="-82.25258747801719">
				<ele>925.1946386052296</ele>
				<time>2025-06-06T13:29:15Z</time>
			</trkpt>
			<trkpt lat="35.624023386710604" lon="-82.2525750023011">
				<ele>928.0767424888909</ele>
				<time>2025-06-06T13:29:17Z</time>
			</trkpt>
			<trkpt lat="35.62400826574897" lon="-82.25255612679878">
				<ele>927.6723385248333</ele>
				<time>2025-06-06T13:29:19Z</time>
			</trkpt>
			<trkpt lat="35.62400001709735" lon="-82.25253303447371">
				<ele>927.411538139917</ele>
				<time>2025-06-06T13:29:21Z</time>
			</trkpt>
			<trkpt lat="35.62399126050015" lon="-82.25250936772476">
				<ele>927.6510593788698</ele>
				<time>2025-06-06T13:29:23Z</time>
			</trkpt>
			<trkpt lat="35.62398064000663" lon="-82.25247299875684">
				<ele>927.2032150570303</ele>
				<time>2025-06-06T13:29:25Z</time>
			</trkpt>
			<trkpt lat="35.62397511620298" lon="-82.25243862219456">
				<ele>925.9258254300803</ele>
				<time>2025-06-06T13:29:26Z</time>
			</trkpt>
			<trkpt lat="35.62397368456695" lon="-82.25241462068067">
				<ele>926.0892089502886</ele>
				<time>2025-06-06T13:29:27Z</time>
			</trkpt>
			<trkpt lat="35.623965165177886" lon="-82.25238951219508">
				<ele>927.029876794666</ele>
				<time>2025-06-06T13:29:29Z</time>
			</trkpt>
			<trkpt lat="35.623959615279844" lon="-82.25236535565217">
				<ele>926.1219954406843</ele>
				<time>2025-06-06T13:29:31Z</time>
			</trkpt>
			<trkpt lat="35.62395349417833" lon="-82.25233305772296">
				<ele>925.3985238783062</ele>
				<time>2025-06-06T13:29:33Z</time>
			</trkpt>
			<trkpt lat="35.62394405565152" lon="-82.2523139802899">
				<ele>926.7186863711104</ele>
				<time>2025-06-06T13:29:35Z</time>
			</trkpt>
			<trkpt lat="35.62393412948988" lon="-82.25228705035936">
				<ele>927.5244731139392</ele>
				<time>2025-06-06T13:29:38Z</time>
			</trkpt>
			<trkpt lat="35.62393214623572" lon="-82.25225032159817">
				<ele>927.2849536910653</ele>
				<time>2025-06-06T13:29:40Z</time>
			</trkpt>
			<trkpt lat="35.62392732982731" lon="-82.25221087574445">
				<ele>926.550990993157</ele>
				<time>2025-06-06T13:29:42Z</time>
			</trkpt>
			<trkpt lat="35.62391150717299" lon="-82.25218673566914">
				<ele>927.2816138835624</ele>
				<time>2025-06-06T13:29:44Z</time>
			</trkpt>
			<trkpt lat="35.623896430870225" lon="-82.252172809693">
				<ele>928.6624751500785</ele>
				<time>2025-06-06T13:29:46Z</time>
			</trkpt>
			<trkpt lat="35.62387865101785" lon="-82.25215667196606">
				<ele>929.7019666433334</ele>
				<time>2025-06-06T13:29:49Z</time>
			</trkpt>
			<trkpt lat="35.62386431291757" lon="-82.25213686260759">
				<ele>929.0070387162268</ele>
				<time>2025-06-06T13:29:51Z</time>
			</trkpt>
			<trkpt lat="35.623841204561145" lon="-82.25212347213106">
				<ele>929.3755766237155</ele>
				<time>2025-06-06T13:29:53Z</time>
			</trkpt>
			<trkpt lat="35.62382597919038" lon="-82.25210987994629">
				<ele>928.6011116178706</ele>
				<time>2025-06-06T13:29:54Z</time>
			</trkpt>
			<trkpt lat="35.62380269196365" lon="-82.25207232788026">
				<ele>928.9539865544066</ele>
				<time>2025-06-06T13:29:56Z</time>
			</trkpt>
			<trkpt lat="35.623790228895686" lon="-82.2520509210471">
				<ele>930.1235649706796</ele>
				<time>2025-06-06T13:29:59Z</time>
			</trkpt>
			<trkpt lat="35.62379094941765" lon="-82.25202858728649">
				<ele>930.1515547800809</ele>
				<time>2025-06-06T13:30:04Z</time>
			</trkpt>
			<trkpt lat="35.6238099266682" lon="-82.25203109118151">
				<ele>929.3971365699545</ele>
				<time>2025-06-06T13:30:08Z</time>
			</trkpt>
			<trkpt lat="35.62383177459023" lon="-82.25203708594957">
				<ele>929.1852685371414</ele>
				<time>2025-06-06T13:30:11Z</time>
			</trkpt>
			<trkpt lat="35.6238604983064" lon="-82.25204195620431">
				<ele>930.5007938696072</ele>
				<time>2025-06-06T13:30:14Z</time>
			</trkpt>
			<trkpt lat="35.62388023320721" lon="-82.25204959023819">
				<ele>931.155092369765</ele>
				<time>2025-06-06T13:30:17Z</time>
			</trkpt>
			<trkpt lat="35.62389674899423" lon="-82.25206241955985">
				<ele>931.6647711507976</ele>
				<time>2025-06-06T13:30:21Z</time>
			</trkpt>
			<trkpt lat="35.62391471072544" lon="-82.25208424279677">
				<ele>932.5828119395301</ele>
				<time>2025-06-06T13:30:23Z</time>
			</trkpt>
			<trkpt lat="35.62393552266674" lon="-82.25209932294932">
				<ele>933.5305728279054</ele>
				<time>2025-06-06T13:30:25Z</time>
			</trkpt>
			<trkpt lat="35.62395658649224" lon="-82.2521039870758">
				<ele>933.2423895476386</ele>
				<time>2025-06-06T13:30:26Z</time>
			</trkpt>
			<trkpt lat="35.62397719585435" lon="-82.25211823220269">
				<ele>933.6139797028154</ele>
				<time>2025-06-06T13:30:28Z</time>
			</trkpt>
			<trkpt lat="35.623998182112054" lon="-82.2521383269622">
				<ele>934.9698065109551</ele>
				<time>2025-06-06T13:30:31Z</time>
			</trkpt>
			<trkpt lat="35.62402036388329" lon="-82.25214023985706">
				<ele>935.0604364871979</ele>
				<time>2025-06-06T13:30:37Z</time>
			</trkpt>
			<trkpt lat="35.62404049500409" lon="-82.25215666879129">
				<ele>934.8744243066758</ele>
				<time>2025-06-06T13:30:40Z</time>
			</trkpt>
			<trkpt lat="35.62406235202677" lon="-82.25216116629925">
				<ele>934.4419077532366</ele>
				<time>2025-06-06T13:30:45Z</time>
			</trkpt>
			<trkpt lat="35.62408869741992" lon="-82.25216546955976">
				<ele>934.77247935161</ele>
				<time>2025-06-06T13:30:50Z</time>
			</trkpt>
			<trkpt lat="35.62410552865193" lon="-82.25218101969008">
				<ele>936.5002488251776</ele>
				<time>2025-06-06T13:30:54Z</time>
			</trkpt>
			<trkpt lat="35.624119579736565" lon="-82.25220090268294">
				<ele>936.993814532645</ele>
				<time>2025-06-06T13:30:57Z</time>
			</trkpt>
			<trkpt lat="35.62413778604901" lon="-82.25221389427948">
				<ele>935.8859071144834</ele>
				<time>2025-06-06T13:30:59Z</time>
			</trkpt>
			<trkpt lat="35.62416593764976" lon="-82.25222033554394">
				<ele>936.352949691005</ele>
				<time>2025-06-06T13:31:01Z</time>
			</trkpt>
			<trkpt lat="35.62418949626361" lon="-82.25222161092776">
				<ele>936.875755738467</ele>
				<time>2025-06-06T13:31:03Z</time>
			</trkpt>
			<trkpt lat="35.624208132145874" lon="-82.25222699414398">
				<ele>937.4555197926238</ele>
				<time>2025-06-06T13:31:05Z</time>
			</trkpt>
			<trkpt lat="35.624232487922995" lon="-82.25223343011322">
				<ele>937.323944400996</ele>
				<time>2025-06-06T13:31:07Z</time>
			</trkpt>
			<trkpt lat="35.6242562220589" lon="-82.2522443667788">
				<ele>937.9398554610088</ele>
				<time>2025-06-06T13:31:09Z</time>
			</trkpt>
			<trkpt lat="35.624284616502095" lon="-82.25225208925522">
				<ele>937.2715904526412</ele>
				<time>2025-06-06T13:31:11Z</time>
			</trkpt>
			<trkpt lat="35.624309653112455" lon="-82.25224905223362">
				<ele>937.557420075871</ele>
				<time>2025-06-06T13:31:13Z</time>
			</trkpt>
			<trkpt lat="35.62433093588208" lon="-82.25223727858679">
				<ele>937.8678076816723</ele>
				<time>2025-06-06T13:31:15Z</time>
			</trkpt>
			<trkpt lat="35.6243485238684" lon="-82.25222844061207">
				<ele>938.5044605955482</ele>
				<time>2025-06-06T13:31:17Z</time>
			</trkpt>
			<trkpt lat="35.62437761177245" lon="-82.252216908383">
				<ele>938.8936683712527</ele>
				<time>2025-06-06T13:31:19Z</time>
			</trkpt>
			<trkpt lat="35.62440733794984" lon="-82.25220729155383">
				<ele>937.9860404096544</ele>
				<time>2025-06-06T13:31:21Z</time>
			</trkpt>
			<trkpt lat="35.62443360148591" lon="-82.25220326616115">
				<ele>939.2141328109428</ele>
				<time>2025-06-06T13:31:23Z</time>
			</trkpt>
			<trkpt lat="35.62446085267903" lon="-82.25220126232954">
				<ele>939.7049442091957</ele>
				<time>2025-06-06T13:31:25Z</time>
			</trkpt>
			<trkpt lat="35.62448636396144" lon="-82.25220195537068">
				<ele>940.1182092037052</ele>
				<time>2025-06-06T13:31:27Z</time>
			</trkpt>
			<trkpt lat="35.6245092957739" lon="-82.25219537192054">
				<ele>940.0664603635669</ele>
				<time>2025-06-06T13:31:29Z</time>
			</trkpt>
			<trkpt lat="35.62453337582672" lon="-82.25217579182937">
				<ele>939.7929898500443</ele>
				<time>2025-06-06T13:31:31Z</time>
			</trkpt>
			<trkpt lat="35.6245548787343" lon="-82.25215594769293">
				<ele>939.8320304863155</ele>
				<time>2025-06-06T13:31:33Z</time>
			</trkpt>
			<trkpt lat="35.624577082583684" lon="-82.25213944028773">
				<ele>941.1612324174494</ele>
				<time>2025-06-06T13:31:35Z</time>
			</trkpt>
			<trkpt lat="35.62459185183288" lon="-82.25212073733897">
				<ele>941.3563581844792</ele>
				<time>2025-06-06T13:31:37Z</time>
			</trkpt>
			<trkpt lat="35.62459108517793" lon="-82.25209561078579">
				<ele>941.3186788745224</ele>
				<time>2025-06-06T13:31:39Z</time>
			</trkpt>
			<trkpt lat="35.6246068194634" lon="-82.25206895461166">
				<ele>941.5663615884259</ele>
				<time>2025-06-06T13:31:42Z</time>
			</trkpt>
			<trkpt lat="35.62460577915121" lon="-82.25204458007259">
				<ele>938.4598761210218</ele>
				<time>2025-06-06T13:31:46Z</time>
			</trkpt>
			<trkpt lat="35.62460079401106" lon="-82.25202039440539">
				<ele>938.5616978155449</ele>
				<time>2025-06-06T13:31:50Z</time>
			</trkpt>
			<trkpt lat="35.62457445434002" lon="-82.25200822058984">
				<ele>940.0663064252585</ele>
				<time>2025-06-06T13:31:54Z</time>
			</trkpt>
			<trkpt lat="35.62454749733985" lon="-82.25200100365538">
				<ele>941.6374587928876</ele>
				<time>2025-06-06T13:31:58Z</time>
			</trkpt>
			<trkpt lat="35.62453243325282" lon="-82.2519883345862">
				<ele>943.1509047392756</ele>
				<time>2025-06-06T13:32:02Z</time>
			</trkpt>
			<trkpt lat="35.62451475604703" lon="-82.25198076294589">
				<ele>942.6382499467582</ele>
				<time>2025-06-06T13:32:06Z</time>
			</trkpt>
			<trkpt lat="35.624491386481665" lon="-82.25198459435794">
				<ele>944.1562984930351</ele>
				<time>2025-06-06T13:32:16Z</time>
			</trkpt>
			<trkpt lat="35.62446518104375" lon="-82.2519849227693">
				<ele>944.6423220308498</ele>
				<time>2025-06-06T13:32:18Z</time>
			</trkpt>
			<trkpt lat="35.62445242477045" lon="-82.25196443452214">
				<ele>945.5125215630978</ele>
				<time>2025-06-06T13:32:21Z</time>
			</trkpt>
			<trkpt lat="35.62443906314332" lon="-82.25194952078519">
				<ele>945.7566695902497</ele>
				<time>2025-06-06T13:32:23Z</time>
			</trkpt>
			<trkpt lat="35.624420875253065" lon="-82.25192793136301">
				<ele>945.5625987080857</ele>
				<time>2025-06-06T13:32:25Z</time>
			</trkpt>
			<trkpt lat="35.624400025507065" lon="-82.2519088445195">
				<ele>946.3160401331261</ele>
				<time>2025-06-06T13:32:28Z</time>
			</trkpt>
			<trkpt lat="35.624380470945475" lon="-82.2518854640657">
				<ele>948.0524200219661</ele>
				<time>2025-06-06T13:32:30Z</time>
			</trkpt>
			<trkpt lat="35.62435897367495" lon="-82.25186364850357">
				<ele>949.3344307672232</ele>
				<time>2025-06-06T13:32:32Z</time>
			</trkpt>
			<trkpt lat="35.62434794887404" lon="-82.25183640988321">
				<ele>948.8516086162999</ele>
				<time>2025-06-06T13:32:34Z</time>
			</trkpt>
			<trkpt lat="35.62433555901007" lon="-82.25181050323064">
				<ele>949.209584406577</ele>
				<time>2025-06-06T13:32:36Z</time>
			</trkpt>
			<trkpt lat="35.62432909890121" lon="-82.25178693051895">
				<ele>950.8651962112635</ele>
				<time>2025-06-06T13:32:39Z</time>
			</trkpt>
			<trkpt lat="35.62432227055311" lon="-82.2517545678494">
				<ele>950.65761356242</ele>
				<time>2025-06-06T13:32:41Z</time>
			</trkpt>
			<trkpt lat="35.62430384921009" lon="-82.25172304139112">
				<ele>950.551129989326</ele>
				<time>2025-06-06T13:32:43Z</time>
			</trkpt>
			<trkpt lat="35.624286899003444" lon="-82.2516928702675">
				<ele>950.2227436657995</ele>
				<time>2025-06-06T13:32:45Z</time>
			</trkpt>
			<trkpt lat="35.62427172542582" lon="-82.25166308789841">
				<ele>951.2204240532592</ele>
				<time>2025-06-06T13:32:47Z</time>
			</trkpt>
			<trkpt lat="35.62426105218747" lon="-82.25164213867717">
				<ele>950.2657057419419</ele>
				<time>2025-06-06T13:32:48Z</time>
			</trkpt>
			<trkpt lat="35.624250528222035" lon="-82.2516202420486">
				<ele>948.9734736327082</ele>
				<time>2025-06-06T13:32:49Z</time>
			</trkpt>
			<trkpt lat="35.62423827320921" lon="-82.25159006990123">
				<ele>949.107225747779</ele>
				<time>2025-06-06T13:32:51Z</time>
			</trkpt>
			<trkpt lat="35.62422844998569" lon="-82.25156588487106">
				<ele>949.012310991995</ele>
				<time>2025-06-06T13:32:53Z</time>
			</trkpt>
			<trkpt lat="35.6242212851062" lon="-82.25154458611874">
				<ele>947.8393620671704</ele>
				<time>2025-06-06T13:32:56Z</time>
			</trkpt>
			<trkpt lat="35.6242148032979" lon="-82.2515192514908">
				<ele>947.1259097559378</ele>
				<time>2025-06-06T13:32:59Z</time>
			</trkpt>
			<trkpt lat="35.62420986351406" lon="-82.25149725050264">
				<ele>947.8301209481433</ele>
				<time>2025-06-06T13:33:02Z</time>
			</trkpt>
			<trkpt lat="35.624202365909994" lon="-82.25152046482182">
				<ele>948.9856699714437</ele>
				<time>2025-06-06T13:33:11Z</time>
			</trkpt>
			<trkpt lat="35.62420982342009" lon="-82.25149791862994">
				<ele>948.7798705250025</ele>
				<time>2025-06-06T13:33:21Z</time>
			</trkpt>
			<trkpt lat="35.62421098809474" lon="-82.25152293690707">
				<ele>948.5918824924156</ele>
				<time>2025-06-06T13:33:34Z</time>
			</trkpt>
			<trkpt lat="35.62421349185846" lon="-82.25149991100088">
				<ele>949.3788510346785</ele>
				<time>2025-06-06T13:33:52Z</time>
			</trkpt>
			<trkpt lat="35.62420522020473" lon="-82.25148004789524">
				<ele>949.3473928449675</ele>
				<time>2025-06-06T13:34:00Z</time>
			</trkpt>
			<trkpt lat="35.62419607446776" lon="-82.25150074941999">
				<ele>948.183481127955</ele>
				<time>2025-06-06T13:34:04Z</time>
			</trkpt>
			<trkpt lat="35.62417975247456" lon="-82.25151044361573">
				<ele>951.692818345502</ele>
				<time>2025-06-06T13:34:31Z</time>
			</trkpt>
			<trkpt lat="35.624200506136425" lon="-82.25151322288431">
				<ele>951.8788355514407</ele>
				<time>2025-06-06T13:34:44Z</time>
			</trkpt>
			<trkpt lat="35.624169437980434" lon="-82.25146586245523">
				<ele>951.58604518231</ele>
				<time>2025-06-06T13:35:32Z</time>
			</trkpt>
			<trkpt lat="35.62418772760798" lon="-82.25147101839688">
				<ele>950.9921677857637</ele>
				<time>2025-06-06T13:35:43Z</time>
			</trkpt>
			<trkpt lat="35.62420718054471" lon="-82.25147336063041">
				<ele>950.3068933151662</ele>
				<time>2025-06-06T13:36:07Z</time>
			</trkpt>
			<trkpt lat="35.62419459042846" lon="-82.25145324778906">
				<ele>950.335403803736</ele>
				<time>2025-06-06T13:36:15Z</time>
			</trkpt>
			<trkpt lat="35.62418703411598" lon="-82.25142875894707">
				<ele>949.9853891124949</ele>
				<time>2025-06-06T13:36:17Z</time>
			</trkpt>
			<trkpt lat="35.6242096104452" lon="-82.25141787491306">
				<ele>950.3242439264432</ele>
				<time>2025-06-06T13:36:19Z</time>
			</trkpt>
			<trkpt lat="35.62423378637744" lon="-82.25141821087267">
				<ele>951.4779078606516</ele>
				<time>2025-06-06T13:36:20Z</time>
			</trkpt>
			<trkpt lat="35.624279207792476" lon="-82.25141966679628">
				<ele>951.0911368271336</ele>
				<time>2025-06-06T13:36:21Z</time>
			</trkpt>
			<trkpt lat="35.624315424243235" lon="-82.25142658556574">
				<ele>951.1384821208194</ele>
				<time>2025-06-06T13:36:22Z</time>
			</trkpt>
			<trkpt lat="35.62435783032487" lon="-82.25142541171334">
				<ele>951.6257207272574</ele>
				<time>2025-06-06T13:36:23Z</time>
			</trkpt>
			<trkpt lat="35.62439379968" lon="-82.25142388226658">
				<ele>951.8052134588361</ele>
				<time>2025-06-06T13:36:24Z</time>
			</trkpt>
			<trkpt lat="35.62443481367489" lon="-82.25141053271808">
				<ele>952.480818560347</ele>
				<time>2025-06-06T13:36:25Z</time>
			</trkpt>
			<trkpt lat="35.62447159212294" lon="-82.25139573282779">
				<ele>953.0603976687416</ele>
				<time>2025-06-06T13:36:26Z</time>
			</trkpt>
			<trkpt lat="35.62450923012058" lon="-82.2513735005276">
				<ele>952.9872822435573</ele>
				<time>2025-06-06T13:36:27Z</time>
			</trkpt>
			<trkpt lat="35.62454110232348" lon="-82.25134976991464">
				<ele>952.7536066826433</ele>
				<time>2025-06-06T13:36:28Z</time>
			</trkpt>
			<trkpt lat="35.62457218300637" lon="-82.25132968927149">
				<ele>953.834430038929</ele>
				<time>2025-06-06T13:36:29Z</time>
			</trkpt>
			<trkpt lat="35.624609981551664" lon="-82.25132404912719">
				<ele>953.2210405133665</ele>
				<time>2025-06-06T13:36:30Z</time>
			</trkpt>
			<trkpt lat="35.6246377166014" lon="-82.25130314373354">
				<ele>955.1727048484609</ele>
				<time>2025-06-06T13:36:31Z</time>
			</trkpt>
			<trkpt lat="35.62467149390104" lon="-82.25131032301063">
				<ele>954.1392599977553</ele>
				<time>2025-06-06T13:36:32Z</time>
			</trkpt>
			<trkpt lat="35.62470839452528" lon="-82.2513085780637">
				<ele>954.3976218076423</ele>
				<time>2025-06-06T13:36:33Z</time>
			</trkpt>
			<trkpt lat="35.62474700025761" lon="-82.25131807877175">
				<ele>953.9657599069178</ele>
				<time>2025-06-06T13:36:34Z</time>
			</trkpt>
			<trkpt lat="35.624790172877795" lon="-82.25132347349276">
				<ele>953.520793790929</ele>
				<time>2025-06-06T13:36:35Z</time>
			</trkpt>
			<trkpt lat="35.624838339841304" lon="-82.2513224706504">
				<ele>953.1762192901224</ele>
				<time>2025-06-06T13:36:36Z</time>
			</trkpt>
			<trkpt lat="35.6248791518219" lon="-82.251314321774">
				<ele>951.7825645077974</ele>
				<time>2025-06-06T13:36:37Z</time>
			</trkpt>
			<trkpt lat="35.62491996548628" lon="-82.25129013154286">
				<ele>951.3403254402801</ele>
				<time>2025-06-06T13:36:38Z</time>
			</trkpt>
			<trkpt lat="35.62496917038617" lon="-82.25125516706477">
				<ele>950.2313423678279</ele>
				<time>2025-06-06T13:36:39Z</time>
			</trkpt>
			<trkpt lat="35.625010069837124" lon="-82.25124190267611">
				<ele>950.5624942397699</ele>
				<time>2025-06-06T13:36:40Z</time>
			</trkpt>
			<trkpt lat="35.625063562978035" lon="-82.25121969820441">
				<ele>948.4595672516152</ele>
				<time>2025-06-06T13:36:41Z</time>
			</trkpt>
			<trkpt lat="35.62511026038231" lon="-82.25119754659329">
				<ele>946.7287152921781</ele>
				<time>2025-06-06T13:36:42Z</time>
			</trkpt>
			<trkpt lat="35.62515408103557" lon="-82.25117528652935">
				<ele>946.2374938428402</ele>
				<time>2025-06-06T13:36:43Z</time>
			</trkpt>
			<trkpt lat="35.625186183253106" lon="-82.25114073104726">
				<ele>945.2246312955394</ele>
				<time>2025-06-06T13:36:44Z</time>
			</trkpt>
			<trkpt lat="35.6252074667212" lon="-82.25109983359253">
				<ele>944.260746402666</ele>
				<time>2025-06-06T13:36:45Z</time>
			</trkpt>
			<trkpt lat="35.62521491805248" lon="-82.25105157628875">
				<ele>942.0946206022054</ele>
				<time>2025-06-06T13:36:46Z</time>
			</trkpt>
			<trkpt lat="35.62521316027823" lon="-82.25100244782239">
				<ele>940.0450452715158</ele>
				<time>2025-06-06T13:36:47Z</time>
			</trkpt>
			<trkpt lat="35.625217185046324" lon="-82.25096381454787">
				<ele>938.9379822965711</ele>
				<time>2025-06-06T13:36:48Z</time>
			</trkpt>
			<trkpt lat="35.625241468497215" lon="-82.25094059388152">
				<ele>943.1387276919559</ele>
				<time>2025-06-06T13:36:49Z</time>
			</trkpt>
			<trkpt lat="35.62525984320547" lon="-82.25089682061628">
				<ele>941.8706863448024</ele>
				<time>2025-06-06T13:36:50Z</time>
			</trkpt>
			<trkpt lat="35.625274376928935" lon="-82.2508475571838">
				<ele>941.106685899198</ele>
				<time>2025-06-06T13:36:51Z</time>
			</trkpt>
			<trkpt lat="35.625292153643926" lon="-82.25079822320627">
				<ele>940.2485731579363</ele>
				<time>2025-06-06T13:36:52Z</time>
			</trkpt>
			<trkpt lat="35.6253066021038" lon="-82.25073187260189">
				<ele>938.3714917926118</ele>
				<time>2025-06-06T13:36:53Z</time>
			</trkpt>
			<trkpt lat="35.62531163153475" lon="-82.25066275946521">
				<ele>937.276300479658</ele>
				<time>2025-06-06T13:36:54Z</time>
			</trkpt>
			<trkpt lat="35.625311935810245" lon="-82.25061382265167">
				<ele>937.3802504818887</ele>
				<time>2025-06-06T13:36:55Z</time>
			</trkpt>
			<trkpt lat="35.6253179120512" lon="-82.25056666571241">
				<ele>936.2549941455945</ele>
				<time>2025-06-06T13:36:56Z</time>
			</trkpt>
			<trkpt lat="35.6253264664814" lon="-82.25051844342086">
				<ele>934.8753320090473</ele>
				<time>2025-06-06T13:36:57Z</time>
			</trkpt>
			<trkpt lat="35.6253414345533" lon="-82.250458402749">
				<ele>933.5446947421879</ele>
				<time>2025-06-06T13:36:58Z</time>
			</trkpt>
			<trkpt lat="35.62535546339701" lon="-82.25040705873216">
				<ele>932.5509994244203</ele>
				<time>2025-06-06T13:36:59Z</time>
			</trkpt>
			<trkpt lat="35.62536308374279" lon="-82.25035713317313">
				<ele>932.1828871043399</ele>
				<time>2025-06-06T13:37:00Z</time>
			</trkpt>
			<trkpt lat="35.625367046789414" lon="-82.25030277379821">
				<ele>931.3917636927217</ele>
				<time>2025-06-06T13:37:01Z</time>
			</trkpt>
			<trkpt lat="35.62536616767583" lon="-82.25024530181867">
				<ele>929.3670588070527</ele>
				<time>2025-06-06T13:37:02Z</time>
			</trkpt>
			<trkpt lat="35.62535191001175" lon="-82.25016848547261">
				<ele>929.1677796551958</ele>
				<time>2025-06-06T13:37:03Z</time>
			</trkpt>
			<trkpt lat="35.62533168345521" lon="-82.25009666096393">
				<ele>929.4772099172696</ele>
				<time>2025-06-06T13:37:04Z</time>
			</trkpt>
			<trkpt lat="35.62531723493193" lon="-82.25004223239597">
				<ele>929.8562804684043</ele>
				<time>2025-06-06T13:37:05Z</time>
			</trkpt>
			<trkpt lat="35.6253176231152" lon="-82.24999620657988">
				<ele>929.3562516020611</ele>
				<time>2025-06-06T13:37:06Z</time>
			</trkpt>
			<trkpt lat="35.625312140107894" lon="-82.24994475804635">
				<ele>929.0890628071502</ele>
				<time>2025-06-06T13:37:07Z</time>
			</trkpt>
			<trkpt lat="35.62530660634156" lon="-82.24990456642367">
				<ele>928.1510915029794</ele>
				<time>2025-06-06T13:37:08Z</time>
			</trkpt>
			<trkpt lat="35.625305506045784" lon="-82.24987710037335">
				<ele>928.2506282115355</ele>
				<time>2025-06-06T13:37:09Z</time>
			</trkpt>
			<trkpt lat="35.62532604671741" lon="-82.249854576364">
				<ele>927.7458380423486</ele>
				<time>2025-06-06T13:37:10Z</time>
			</trkpt>
			<trkpt lat="35.62535145048053" lon="-82.24984223307843">
				<ele>925.9291045898572</ele>
				<time>2025-06-06T13:37:11Z</time>
			</trkpt>
			<trkpt lat="35.625383370757724" lon="-82.24983550611867">
				<ele>926.4012168589979</ele>
				<time>2025-06-06T13:37:12Z</time>
			</trkpt>
			<trkpt lat="35.625409678457956" lon="-82.24983856093392">
				<ele>925.8540496788919</ele>
				<time>2025-06-06T13:37:13Z</time>
			</trkpt>
			<trkpt lat="35.625437682220095" lon="-82.24983795487293">
				<ele>924.943618263118</ele>
				<time>2025-06-06T13:37:14Z</time>
			</trkpt>
			<trkpt lat="35.62546701653582" lon="-82.24984999311626">
				<ele>923.5898449216038</ele>
				<time>2025-06-06T13:37:15Z</time>
			</trkpt>
			<trkpt lat="35.625505659309525" lon="-82.24985047895845">
				<ele>924.3191066430882</ele>
				<time>2025-06-06T13:37:16Z</time>
			</trkpt>
			<trkpt lat="35.62554099310761" lon="-82.24985783635692">
				<ele>923.7730164285749</ele>
				<time>2025-06-06T13:37:17Z</time>
			</trkpt>
			<trkpt lat="35.62556069830889" lon="-82.24985343156713">
				<ele>923.0457742074504</ele>
				<time>2025-06-06T13:37:18Z</time>
			</trkpt>
			<trkpt lat="35.62559306516169" lon="-82.24981176942806">
				<ele>922.681155089289</ele>
				<time>2025-06-06T13:37:19Z</time>
			</trkpt>
			<trkpt lat="35.625658070691706" lon="-82.24977929461272">
				<ele>921.3989376658574</ele>
				<time>2025-06-06T13:37:21Z</time>
			</trkpt>
			<trkpt lat="35.62571464348037" lon="-82.24973839777421">
				<ele>919.7740984642878</ele>
				<time>2025-06-06T13:37:22Z</time>
			</trkpt>
			<trkpt lat="35.625759521386264" lon="-82.24969224207076">
				<ele>919.8540791058913</ele>
				<time>2025-06-06T13:37:23Z</time>
			</trkpt>
			<trkpt lat="35.625799227963064" lon="-82.24964501659963">
				<ele>917.9553708406165</ele>
				<time>2025-06-06T13:37:24Z</time>
			</trkpt>
			<trkpt lat="35.62584273638012" lon="-82.24960727939894">
				<ele>915.9441421646625</ele>
				<time>2025-06-06T13:37:25Z</time>
			</trkpt>
			<trkpt lat="35.625881589270385" lon="-82.24955711706572">
				<ele>916.6875497242436</ele>
				<time>2025-06-06T13:37:26Z</time>
			</trkpt>
			<trkpt lat="35.62592259993648" lon="-82.24951524173927">
				<ele>916.9146120548248</ele>
				<time>2025-06-06T13:37:27Z</time>
			</trkpt>
			<trkpt lat="35.625969925510645" lon="-82.24947145966551">
				<ele>915.9732029885054</ele>
				<time>2025-06-06T13:37:28Z</time>
			</trkpt>
			<trkpt lat="35.62601378150748" lon="-82.24941305504555">
				<ele>914.8649947745726</ele>
				<time>2025-06-06T13:37:29Z</time>
			</trkpt>
			<trkpt lat="35.626051725639684" lon="-82.24936011361555">
				<ele>912.952269628644</ele>
				<time>2025-06-06T13:37:30Z</time>
			</trkpt>
			<trkpt lat="35.626089953474505" lon="-82.24930045806954">
				<ele>912.0072527294978</ele>
				<time>2025-06-06T13:37:31Z</time>
			</trkpt>
			<trkpt lat="35.626115596768834" lon="-82.2492443887133">
				<ele>912.2440584432334</ele>
				<time>2025-06-06T13:37:32Z</time>
			</trkpt>
			<trkpt lat="35.626143501468455" lon="-82.24918778207004">
				<ele>910.5411222781986</ele>
				<time>2025-06-06T13:37:33Z</time>
			</trkpt>
			<trkpt lat="35.626174438210114" lon="-82.2491218071498">
				<ele>909.3276183409616</ele>
				<time>2025-06-06T13:37:34Z</time>
			</trkpt>
			<trkpt lat="35.62619696677887" lon="-82.24904877487485">
				<ele>909.4543199129403</ele>
				<time>2025-06-06T13:37:35Z</time>
			</trkpt>
			<trkpt lat="35.626226561145984" lon="-82.24894985655726">
				<ele>908.2809507139027</ele>
				<time>2025-06-06T13:37:36Z</time>
			</trkpt>
			<trkpt lat="35.62625132515591" lon="-82.2488599768838">
				<ele>907.6860692957416</ele>
				<time>2025-06-06T13:37:37Z</time>
			</trkpt>
			<trkpt lat="35.62628761650915" lon="-82.24877863229989">
				<ele>907.6759079359472</ele>
				<time>2025-06-06T13:37:38Z</time>
			</trkpt>
			<trkpt lat="35.62631947352306" lon="-82.24870320845761">
				<ele>907.1930004134774</ele>
				<time>2025-06-06T13:37:39Z</time>
			</trkpt>
			<trkpt lat="35.62634478248122" lon="-82.24862704638407">
				<ele>905.918466870673</ele>
				<time>2025-06-06T13:37:40Z</time>
			</trkpt>
			<trkpt lat="35.62636066621752" lon="-82.24857305217965">
				<ele>905.1390936542302</ele>
				<time>2025-06-06T13:37:41Z</time>
			</trkpt>
			<trkpt lat="35.626388357328445" lon="-82.24853809171476">
				<ele>905.2057221718132</ele>
				<time>2025-06-06T13:37:42Z</time>
			</trkpt>
			<trkpt lat="35.62641554602027" lon="-82.24850392944856">
				<ele>904.4908969262615</ele>
				<time>2025-06-06T13:37:43Z</time>
			</trkpt>
			<trkpt lat="35.626432278393935" lon="-82.24848332838077">
				<ele>903.4932129243389</ele>
				<time>2025-06-06T13:37:44Z</time>
			</trkpt>
			<trkpt lat="35.62645339141754" lon="-82.24846603466985">
				<ele>903.6332334801555</ele>
				<time>2025-06-06T13:37:45Z</time>
			</trkpt>
			<trkpt lat="35.626468528590465" lon="-82.24843577976954">
				<ele>904.2480470212176</ele>
				<time>2025-06-06T13:37:48Z</time>
			</trkpt>
			<trkpt lat="35.62647748866905" lon="-82.24840016633064">
				<ele>905.8295798422769</ele>
				<time>2025-06-06T13:37:50Z</time>
			</trkpt>
			<trkpt lat="35.626483368157" lon="-82.248360939436">
				<ele>903.4130456093699</ele>
				<time>2025-06-06T13:37:52Z</time>
			</trkpt>
			<trkpt lat="35.62648994205855" lon="-82.24832524314807">
				<ele>904.7155509069562</ele>
				<time>2025-06-06T13:37:54Z</time>
			</trkpt>
			<trkpt lat="35.62649364278005" lon="-82.24828944436778">
				<ele>903.9011992048472</ele>
				<time>2025-06-06T13:37:56Z</time>
			</trkpt>
			<trkpt lat="35.62649115293435" lon="-82.24826613841493">
				<ele>903.6160159632564</ele>
				<time>2025-06-06T13:37:58Z</time>
			</trkpt>
			<trkpt lat="35.626496753246045" lon="-82.24823894984546">
				<ele>905.0788659434766</ele>
				<time>2025-06-06T13:38:00Z</time>
			</trkpt>
			<trkpt lat="35.626489647904755" lon="-82.24820253406703">
				<ele>902.8746672980487</ele>
				<time>2025-06-06T13:38:02Z</time>
			</trkpt>
			<trkpt lat="35.6264842829669" lon="-82.2481785808395">
				<ele>903.1671107308939</ele>
				<time>2025-06-06T13:38:03Z</time>
			</trkpt>
			<trkpt lat="35.62648009550318" lon="-82.24815621397286">
				<ele>903.8838113127276</ele>
				<time>2025-06-06T13:38:04Z</time>
			</trkpt>
			<trkpt lat="35.626478077850614" lon="-82.24812720372145">
				<ele>905.1318144723773</ele>
				<time>2025-06-06T13:38:06Z</time>
			</trkpt>
			<trkpt lat="35.62647449582422" lon="-82.24810160791567">
				<ele>905.2747938577086</ele>
				<time>2025-06-06T13:38:07Z</time>
			</trkpt>
			<trkpt lat="35.6264705390371" lon="-82.24807872176025">
				<ele>904.4788012234494</ele>
				<time>2025-06-06T13:38:08Z</time>
			</trkpt>
			<trkpt lat="35.62646139100421" lon="-82.2480495791814">
				<ele>905.7790561784059</ele>
				<time>2025-06-06T13:38:10Z</time>
			</trkpt>
			<trkpt lat="35.6264632439716" lon="-82.24801081234406">
				<ele>905.7506222231314</ele>
				<time>2025-06-06T13:38:12Z</time>
			</trkpt>
			<trkpt lat="35.626464902073074" lon="-82.24797953459598">
				<ele>905.4724328964949</ele>
				<time>2025-06-06T13:38:13Z</time>
			</trkpt>
			<trkpt lat="35.626465273087774" lon="-82.24794398250323">
				<ele>904.1871343431994</ele>
				<time>2025-06-06T13:38:14Z</time>
			</trkpt>
			<trkpt lat="35.62646074567436" lon="-82.24791525196333">
				<ele>905.5031871479005</ele>
				<time>2025-06-06T13:38:15Z</time>
			</trkpt>
			<trkpt lat="35.62645829507058" lon="-82.24788635248616">
				<ele>904.0177010605112</ele>
				<time>2025-06-06T13:38:16Z</time>
			</trkpt>
			<trkpt lat="35.626444071754136" lon="-82.24783427700194">
				<ele>904.2272524125874</ele>
				<time>2025-06-06T13:38:18Z</time>
			</trkpt>
			<trkpt lat="35.62643382628895" lon="-82.24779657800335">
				<ele>903.8075581882149</ele>
				<time>2025-06-06T13:38:19Z</time>
			</trkpt>
			<trkpt lat="35.62642785957543" lon="-82.24775544478668">
				<ele>904.0174703942612</ele>
				<time>2025-06-06T13:38:20Z</time>
			</trkpt>
			<trkpt lat="35.62641843197223" lon="-82.24772014261964">
				<ele>903.787431018427</ele>
				<time>2025-06-06T13:38:21Z</time>
			</trkpt>
			<trkpt lat="35.62641910499891" lon="-82.24767900418593">
				<ele>903.9919581841677</ele>
				<time>2025-06-06T13:38:22Z</time>
			</trkpt>
			<trkpt lat="35.62642214067694" lon="-82.24764817814096">
				<ele>904.4406564524397</ele>
				<time>2025-06-06T13:38:23Z</time>
			</trkpt>
			<trkpt lat="35.6264307879418" lon="-82.24761629188306">
				<ele>904.6305781118572</ele>
				<time>2025-06-06T13:38:24Z</time>
			</trkpt>
			<trkpt lat="35.626440970299704" lon="-82.24758579885656">
				<ele>904.4878440620378</ele>
				<time>2025-06-06T13:38:25Z</time>
			</trkpt>
			<trkpt lat="35.626456180201615" lon="-82.24755460793352">
				<ele>904.4512437088415</ele>
				<time>2025-06-06T13:38:26Z</time>
			</trkpt>
			<trkpt lat="35.62645753705897" lon="-82.24752753001589">
				<ele>904.7986511997879</ele>
				<time>2025-06-06T13:38:27Z</time>
			</trkpt>
			<trkpt lat="35.62645545981565" lon="-82.2475035800125">
				<ele>905.4967336980626</ele>
				<time>2025-06-06T13:38:28Z</time>
			</trkpt>
			<trkpt lat="35.62645231680159" lon="-82.24746734182608">
				<ele>904.281771030277</ele>
				<time>2025-06-06T13:38:29Z</time>
			</trkpt>
			<trkpt lat="35.62644840593197" lon="-82.24742225039785">
				<ele>902.2629222441465</ele>
				<time>2025-06-06T13:38:30Z</time>
			</trkpt>
			<trkpt lat="35.6264426729317" lon="-82.24736460808863">
				<ele>900.9545767353848</ele>
				<time>2025-06-06T13:38:31Z</time>
			</trkpt>
			<trkpt lat="35.62643725025113" lon="-82.24731525663589">
				<ele>899.5638385098428</ele>
				<time>2025-06-06T13:38:32Z</time>
			</trkpt>
			<trkpt lat="35.62643210705103" lon="-82.24727194371056">
				<ele>898.1719226231799</ele>
				<time>2025-06-06T13:38:33Z</time>
			</trkpt>
			<trkpt lat="35.62642740141462" lon="-82.24723457312511">
				<ele>898.4779737964272</ele>
				<time>2025-06-06T13:38:34Z</time>
			</trkpt>
			<trkpt lat="35.62642334901868" lon="-82.24720192948813">
				<ele>897.3183770468459</ele>
				<time>2025-06-06T13:38:35Z</time>
			</trkpt>
			<trkpt lat="35.62641890793874" lon="-82.2471720853845">
				<ele>896.418564346619</ele>
				<time>2025-06-06T13:38:36Z</time>
			</trkpt>
			<trkpt lat="35.626411702859194" lon="-82.24713136703551">
				<ele>896.316691189073</ele>
				<time>2025-06-06T13:38:37Z</time>
			</trkpt>
			<trkpt lat="35.62640119142471" lon="-82.24710053855713">
				<ele>895.8163688462228</ele>
				<time>2025-06-06T13:38:38Z</time>
			</trkpt>
			<trkpt lat="35.626396295812334" lon="-82.24707134980305">
				<ele>894.5623560417444</ele>
				<time>2025-06-06T13:38:39Z</time>
			</trkpt>
			<trkpt lat="35.62639394223735" lon="-82.24703686542522">
				<ele>895.1772774960846</ele>
				<time>2025-06-06T13:38:40Z</time>
			</trkpt>
			<trkpt lat="35.62639386160123" lon="-82.24700377392962">
				<ele>895.0649347873405</ele>
				<time>2025-06-06T13:38:41Z</time>
			</trkpt>
			<trkpt lat="35.626387191139955" lon="-82.24695894848864">
				<ele>896.2794326934963</ele>
				<time>2025-06-06T13:38:42Z</time>
			</trkpt>
			<trkpt lat="35.626381191468646" lon="-82.24691933991663">
				<ele>897.4100949168205</ele>
				<time>2025-06-06T13:38:43Z</time>
			</trkpt>
			<trkpt lat="35.62637436479742" lon="-82.24686691527114">
				<ele>898.2109539667144</ele>
				<time>2025-06-06T13:38:44Z</time>
			</trkpt>
			<trkpt lat="35.626367099467224" lon="-82.24681031330871">
				<ele>898.3359754560515</ele>
				<time>2025-06-06T13:38:45Z</time>
			</trkpt>
			<trkpt lat="35.626361678153955" lon="-82.2467584681433">
				<ele>898.8837110456079</ele>
				<time>2025-06-06T13:38:46Z</time>
			</trkpt>
			<trkpt lat="35.62635721156206" lon="-82.24671217231217">
				<ele>899.502013431862</ele>
				<time>2025-06-06T13:38:47Z</time>
			</trkpt>
			<trkpt lat="35.626354312317616" lon="-82.24667854595256">
				<ele>897.0898963371292</ele>
				<time>2025-06-06T13:38:48Z</time>
			</trkpt>
			<trkpt lat="35.62635161743513" lon="-82.24664729010395">
				<ele>898.0313873356208</ele>
				<time>2025-06-06T13:38:49Z</time>
			</trkpt>
			<trkpt lat="35.626347613220766" lon="-82.24660084818991">
				<ele>897.7386524025351</ele>
				<time>2025-06-06T13:38:50Z</time>
			</trkpt>
			<trkpt lat="35.62634299691943" lon="-82.246547307067">
				<ele>896.662056831643</ele>
				<time>2025-06-06T13:38:51Z</time>
			</trkpt>
			<trkpt lat="35.62633811292039" lon="-82.24649066114893">
				<ele>895.9716886198148</ele>
				<time>2025-06-06T13:38:52Z</time>
			</trkpt>
			<trkpt lat="35.62633266291517" lon="-82.2464188214485">
				<ele>895.967468961142</ele>
				<time>2025-06-06T13:38:53Z</time>
			</trkpt>
			<trkpt lat="35.62632854324417" lon="-82.24636087888248">
				<ele>896.4494848558679</ele>
				<time>2025-06-06T13:38:54Z</time>
			</trkpt>
			<trkpt lat="35.62632417362172" lon="-82.2462994207821">
				<ele>896.8487336449325</ele>
				<time>2025-06-06T13:38:55Z</time>
			</trkpt>
			<trkpt lat="35.62631865824076" lon="-82.24623497004086">
				<ele>896.1639203317463</ele>
				<time>2025-06-06T13:38:56Z</time>
			</trkpt>
			<trkpt lat="35.62631669204857" lon="-82.24617803972708">
				<ele>895.9851053953171</ele>
				<time>2025-06-06T13:38:57Z</time>
			</trkpt>
			<trkpt lat="35.626314629885414" lon="-82.24611833066012">
				<ele>895.5650883466005</ele>
				<time>2025-06-06T13:38:58Z</time>
			</trkpt>
			<trkpt lat="35.62631292598101" lon="-82.2460561202802">
				<ele>895.4039100538939</ele>
				<time>2025-06-06T13:38:59Z</time>
			</trkpt>
			<trkpt lat="35.626310997078676" lon="-82.24597525655051">
				<ele>895.461835725233</ele>
				<time>2025-06-06T13:39:00Z</time>
			</trkpt>
			<trkpt lat="35.62631311649422" lon="-82.24590724263962">
				<ele>894.9198985882103</ele>
				<time>2025-06-06T13:39:01Z</time>
			</trkpt>
			<trkpt lat="35.626316065532684" lon="-82.24584399804363">
				<ele>893.7720996681601</ele>
				<time>2025-06-06T13:39:02Z</time>
			</trkpt>
			<trkpt lat="35.626320623649164" lon="-82.24578768147373">
				<ele>892.0029258774593</ele>
				<time>2025-06-06T13:39:03Z</time>
			</trkpt>
			<trkpt lat="35.626327834063446" lon="-82.24572698465253">
				<ele>890.7979236263782</ele>
				<time>2025-06-06T13:39:04Z</time>
			</trkpt>
			<trkpt lat="35.626334779536535" lon="-82.24568065588737">
				<ele>889.9505175417289</ele>
				<time>2025-06-06T13:39:05Z</time>
			</trkpt>
			<trkpt lat="35.62634072272833" lon="-82.24565097884094">
				<ele>887.8333447957411</ele>
				<time>2025-06-06T13:39:06Z</time>
			</trkpt>
			<trkpt lat="35.62634779050399" lon="-82.24561651249647">
				<ele>885.4714308343828</ele>
				<time>2025-06-06T13:39:07Z</time>
			</trkpt>
			<trkpt lat="35.62635433716837" lon="-82.2455897615278">
				<ele>883.6860257657245</ele>
				<time>2025-06-06T13:39:08Z</time>
			</trkpt>
			<trkpt lat="35.626362125095916" lon="-82.24555793846618">
				<ele>882.7687643794343</ele>
				<time>2025-06-06T13:39:09Z</time>
			</trkpt>
			<trkpt lat="35.626373172568634" lon="-82.24552133217495">
				<ele>881.631338339299</ele>
				<time>2025-06-06T13:39:10Z</time>
			</trkpt>
			<trkpt lat="35.62638516528127" lon="-82.24548333278773">
				<ele>880.7543188752607</ele>
				<time>2025-06-06T13:39:11Z</time>
			</trkpt>
			<trkpt lat="35.62639430672659" lon="-82.24545842148494">
				<ele>878.4951783139259</ele>
				<time>2025-06-06T13:39:12Z</time>
			</trkpt>
			<trkpt lat="35.6264072028895" lon="-82.24542327813634">
				<ele>878.7781718876213</ele>
				<time>2025-06-06T13:39:13Z</time>
			</trkpt>
			<trkpt lat="35.62642133050971" lon="-82.24538823238794">
				<ele>877.9235076820478</ele>
				<time>2025-06-06T13:39:14Z</time>
			</trkpt>
			<trkpt lat="35.62643132083347" lon="-82.2453637137685">
				<ele>877.5515687130392</ele>
				<time>2025-06-06T13:39:15Z</time>
			</trkpt>
			<trkpt lat="35.626448894525055" lon="-82.2453250134423">
				<ele>877.4779517212883</ele>
				<time>2025-06-06T13:39:16Z</time>
			</trkpt>
			<trkpt lat="35.62647186393106" lon="-82.24527804884669">
				<ele>876.9068268695846</ele>
				<time>2025-06-06T13:39:17Z</time>
			</trkpt>
			<trkpt lat="35.626498007942395" lon="-82.24523268317378">
				<ele>876.7657034574077</ele>
				<time>2025-06-06T13:39:18Z</time>
			</trkpt>
			<trkpt lat="35.62651272972421" lon="-82.24521034880046">
				<ele>876.6260084575042</ele>
				<time>2025-06-06T13:39:19Z</time>
			</trkpt>
			<trkpt lat="35.62653363348484" lon="-82.2451786358073">
				<ele>877.8861422734335</ele>
				<time>2025-06-06T13:39:20Z</time>
			</trkpt>
			<trkpt lat="35.62655445558331" lon="-82.24514704673754">
				<ele>877.06645790115</ele>
				<time>2025-06-06T13:39:21Z</time>
			</trkpt>
			<trkpt lat="35.62657326272651" lon="-82.24511851448872">
				<ele>876.2435074914247</ele>
				<time>2025-06-06T13:39:22Z</time>
			</trkpt>
			<trkpt lat="35.62659350458965" lon="-82.24509016498226">
				<ele>876.5222567413002</ele>
				<time>2025-06-06T13:39:23Z</time>
			</trkpt>
			<trkpt lat="35.626617558543714" lon="-82.24505526073206">
				<ele>876.2673377757892</ele>
				<time>2025-06-06T13:39:24Z</time>
			</trkpt>
			<trkpt lat="35.62665164750858" lon="-82.24500579487614">
				<ele>876.2869409490377</ele>
				<time>2025-06-06T13:39:25Z</time>
			</trkpt>
			<trkpt lat="35.626682043545145" lon="-82.24495689107015">
				<ele>875.8751511629671</ele>
				<time>2025-06-06T13:39:26Z</time>
			</trkpt>
			<trkpt lat="35.62671210056525" lon="-82.24490282037502">
				<ele>875.4308763090521</ele>
				<time>2025-06-06T13:39:27Z</time>
			</trkpt>
			<trkpt lat="35.626737675872526" lon="-82.24484992875868">
				<ele>875.2008897205815</ele>
				<time>2025-06-06T13:39:28Z</time>
			</trkpt>
			<trkpt lat="35.6267578951028" lon="-82.24479848476692">
				<ele>874.4311668900773</ele>
				<time>2025-06-06T13:39:29Z</time>
			</trkpt>
			<trkpt lat="35.626778782450074" lon="-82.24473598024652">
				<ele>873.5578532880172</ele>
				<time>2025-06-06T13:39:30Z</time>
			</trkpt>
			<trkpt lat="35.62679219977607" lon="-82.24467964703528">
				<ele>873.3339099446312</ele>
				<time>2025-06-06T13:39:31Z</time>
			</trkpt>
			<trkpt lat="35.6268006643618" lon="-82.24462375094096">
				<ele>872.7493268866092</ele>
				<time>2025-06-06T13:39:32Z</time>
			</trkpt>
			<trkpt lat="35.62681019602666" lon="-82.24457816338361">
				<ele>872.9790147766471</ele>
				<time>2025-06-06T13:39:33Z</time>
			</trkpt>
			<trkpt lat="35.62681721454872" lon="-82.24451968986251">
				<ele>871.670418269001</ele>
				<time>2025-06-06T13:39:34Z</time>
			</trkpt>
			<trkpt lat="35.62682081615967" lon="-82.24444276026665">
				<ele>869.7172723887488</ele>
				<time>2025-06-06T13:39:35Z</time>
			</trkpt>
			<trkpt lat="35.626827880025374" lon="-82.2443934845722">
				<ele>869.1260810308158</ele>
				<time>2025-06-06T13:39:36Z</time>
			</trkpt>
			<trkpt lat="35.62682426535054" lon="-82.24432753801646">
				<ele>867.3151213014498</ele>
				<time>2025-06-06T13:39:37Z</time>
			</trkpt>
			<trkpt lat="35.62682298324678" lon="-82.24427119061656">
				<ele>865.6056983256713</ele>
				<time>2025-06-06T13:39:38Z</time>
			</trkpt>
			<trkpt lat="35.62683334938337" lon="-82.24422853370149">
				<ele>865.4207783052698</ele>
				<time>2025-06-06T13:39:39Z</time>
			</trkpt>
			<trkpt lat="35.626837840625875" lon="-82.24417996768895">
				<ele>864.4489760398865</ele>
				<time>2025-06-06T13:39:40Z</time>
			</trkpt>
			<trkpt lat="35.62683779573951" lon="-82.24414235155322">
				<ele>864.1187684601173</ele>
				<time>2025-06-06T13:39:41Z</time>
			</trkpt>
			<trkpt lat="35.62683428398352" lon="-82.2441021685288">
				<ele>862.2723585674539</ele>
				<time>2025-06-06T13:39:42Z</time>
			</trkpt>
			<trkpt lat="35.6268246549573" lon="-82.2440620649518">
				<ele>860.871988129802</ele>
				<time>2025-06-06T13:39:43Z</time>
			</trkpt>
			<trkpt lat="35.62681275605928" lon="-82.24402992239195">
				<ele>861.5990955550224</ele>
				<time>2025-06-06T13:39:44Z</time>
			</trkpt>
			<trkpt lat="35.62679952895715" lon="-82.24398834913069">
				<ele>861.5329508297145</ele>
				<time>2025-06-06T13:39:45Z</time>
			</trkpt>
			<trkpt lat="35.6267925391235" lon="-82.24395659809572">
				<ele>860.8674171380699</ele>
				<time>2025-06-06T13:39:46Z</time>
			</trkpt>
			<trkpt lat="35.62679779480763" lon="-82.24391201993186">
				<ele>860.5408075321466</ele>
				<time>2025-06-06T13:39:47Z</time>
			</trkpt>
			<trkpt lat="35.62680365179786" lon="-82.24386791702698">
				<ele>859.4632879188284</ele>
				<time>2025-06-06T13:39:48Z</time>
			</trkpt>
			<trkpt lat="35.62681968008587" lon="-82.24383387186678">
				<ele>858.8896767320111</ele>
				<time>2025-06-06T13:39:49Z</time>
			</trkpt>
			<trkpt lat="35.626832157855475" lon="-82.24378533329202">
				<ele>858.6057146321982</ele>
				<time>2025-06-06T13:39:50Z</time>
			</trkpt>
			<trkpt lat="35.62684190316396" lon="-82.24371917902798">
				<ele>858.3886275775731</ele>
				<time>2025-06-06T13:39:51Z</time>
			</trkpt>
			<trkpt lat="35.62685591169617" lon="-82.24364714671457">
				<ele>857.9035582365468</ele>
				<time>2025-06-06T13:39:52Z</time>
			</trkpt>
			<trkpt lat="35.62686582896893" lon="-82.24359287584359">
				<ele>857.3858677558601</ele>
				<time>2025-06-06T13:39:53Z</time>
			</trkpt>
			<trkpt lat="35.626880876784924" lon="-82.24353966688543">
				<ele>856.8456086711958</ele>
				<time>2025-06-06T13:39:54Z</time>
			</trkpt>
			<trkpt lat="35.626887596922614" lon="-82.2434907656843">
				<ele>858.1624653209001</ele>
				<time>2025-06-06T13:39:55Z</time>
			</trkpt>
			<trkpt lat="35.626899591554526" lon="-82.24344968054109">
				<ele>858.4937320183963</ele>
				<time>2025-06-06T13:39:56Z</time>
			</trkpt>
			<trkpt lat="35.626907004820225" lon="-82.2434201496795">
				<ele>857.4254441251978</ele>
				<time>2025-06-06T13:39:57Z</time>
			</trkpt>
			<trkpt lat="35.62692097479168" lon="-82.24340194202647">
				<ele>857.9814689019695</ele>
				<time>2025-06-06T13:39:58Z</time>
			</trkpt>
			<trkpt lat="35.626933944223374" lon="-82.24338418213024">
				<ele>857.5723126344383</ele>
				<time>2025-06-06T13:39:59Z</time>
			</trkpt>
			<trkpt lat="35.626950805524515" lon="-82.24337110741214">
				<ele>856.8574950806797</ele>
				<time>2025-06-06T13:40:00Z</time>
			</trkpt>
			<trkpt lat="35.62697168972852" lon="-82.24336046311014">
				<ele>856.5582356601954</ele>
				<time>2025-06-06T13:40:01Z</time>
			</trkpt>
			<trkpt lat="35.62700550929368" lon="-82.24334849377759">
				<ele>855.6880529914051</ele>
				<time>2025-06-06T13:40:02Z</time>
			</trkpt>
			<trkpt lat="35.62703744146413" lon="-82.24334375878738">
				<ele>855.6072627399117</ele>
				<time>2025-06-06T13:40:03Z</time>
			</trkpt>
			<trkpt lat="35.62706944627415" lon="-82.24334452016389">
				<ele>855.5003397930413</ele>
				<time>2025-06-06T13:40:04Z</time>
			</trkpt>
			<trkpt lat="35.6270896053456" lon="-82.24334770188952">
				<ele>856.0140273803845</ele>
				<time>2025-06-06T13:40:05Z</time>
			</trkpt>
			<trkpt lat="35.62711955342886" lon="-82.24335104844941">
				<ele>855.5759145077318</ele>
				<time>2025-06-06T13:40:06Z</time>
			</trkpt>
			<trkpt lat="35.627181588645506" lon="-82.2433690774508">
				<ele>855.7541963895783</ele>
				<time>2025-06-06T13:40:07Z</time>
			</trkpt>
			<trkpt lat="35.62723355122215" lon="-82.24339413006511">
				<ele>854.567981056869</ele>
				<time>2025-06-06T13:40:08Z</time>
			</trkpt>
			<trkpt lat="35.62728664282497" lon="-82.24343769059126">
				<ele>854.775410303846</ele>
				<time>2025-06-06T13:40:09Z</time>
			</trkpt>
			<trkpt lat="35.62731935799604" lon="-82.2434609264545">
				<ele>855.4555084891617</ele>
				<time>2025-06-06T13:40:10Z</time>
			</trkpt>
			<trkpt lat="35.62734122464384" lon="-82.24347219229598">
				<ele>854.256001772359</ele>
				<time>2025-06-06T13:40:11Z</time>
			</trkpt>
			<trkpt lat="35.6273961871134" lon="-82.24348771282594">
				<ele>853.0781623637304</ele>
				<time>2025-06-06T13:40:13Z</time>
			</trkpt>
			<trkpt lat="35.62746104041191" lon="-82.24347382627583">
				<ele>852.5633271746337</ele>
				<time>2025-06-06T13:40:14Z</time>
			</trkpt>
			<trkpt lat="35.62752649170975" lon="-82.24343512389547">
				<ele>852.2424207273871</ele>
				<time>2025-06-06T13:40:15Z</time>
			</trkpt>
			<trkpt lat="35.62757351386327" lon="-82.2433952156444">
				<ele>850.8674625782296</ele>
				<time>2025-06-06T13:40:16Z</time>
			</trkpt>
			<trkpt lat="35.62762561610178" lon="-82.24334991512656">
				<ele>850.3925206270069</ele>
				<time>2025-06-06T13:40:17Z</time>
			</trkpt>
			<trkpt lat="35.62767201367318" lon="-82.24329146487183">
				<ele>849.0196923241019</ele>
				<time>2025-06-06T13:40:18Z</time>
			</trkpt>
			<trkpt lat="35.62769614491722" lon="-82.24323945904636">
				<ele>847.4464163575321</ele>
				<time>2025-06-06T13:40:19Z</time>
			</trkpt>
			<trkpt lat="35.62771240045414" lon="-82.24319458124684">
				<ele>847.4115397352725</ele>
				<time>2025-06-06T13:40:20Z</time>
			</trkpt>
			<trkpt lat="35.627722073883774" lon="-82.24316191269611">
				<ele>846.3665249245241</ele>
				<time>2025-06-06T13:40:21Z</time>
			</trkpt>
			<trkpt lat="35.627732083222135" lon="-82.24312348880912">
				<ele>845.3299105828628</ele>
				<time>2025-06-06T13:40:22Z</time>
			</trkpt>
			<trkpt lat="35.62774680630674" lon="-82.24305755667945">
				<ele>844.0937489820644</ele>
				<time>2025-06-06T13:40:23Z</time>
			</trkpt>
			<trkpt lat="35.62776130969304" lon="-82.24298472445983">
				<ele>842.9837487312034</ele>
				<time>2025-06-06T13:40:24Z</time>
			</trkpt>
			<trkpt lat="35.627774828789995" lon="-82.2429168350927">
				<ele>841.317310905084</ele>
				<time>2025-06-06T13:40:25Z</time>
			</trkpt>
			<trkpt lat="35.627788104442274" lon="-82.24284888113773">
				<ele>840.1879726545885</ele>
				<time>2025-06-06T13:40:26Z</time>
			</trkpt>
			<trkpt lat="35.62779983191431" lon="-82.24278547978898">
				<ele>839.8519705301151</ele>
				<time>2025-06-06T13:40:27Z</time>
			</trkpt>
			<trkpt lat="35.62780990776074" lon="-82.24272623523814">
				<ele>839.3671121187508</ele>
				<time>2025-06-06T13:40:28Z</time>
			</trkpt>
			<trkpt lat="35.62781942723235" lon="-82.242670262091">
				<ele>839.3574373656884</ele>
				<time>2025-06-06T13:40:29Z</time>
			</trkpt>
			<trkpt lat="35.62782976240451" lon="-82.24260359386638">
				<ele>837.890367413871</ele>
				<time>2025-06-06T13:40:30Z</time>
			</trkpt>
			<trkpt lat="35.62783866779243" lon="-82.24253787288717">
				<ele>837.5998078528792</ele>
				<time>2025-06-06T13:40:31Z</time>
			</trkpt>
			<trkpt lat="35.62784790137059" lon="-82.24246972988836">
				<ele>837.2908657426015</ele>
				<time>2025-06-06T13:40:32Z</time>
			</trkpt>
			<trkpt lat="35.627853820861006" lon="-82.24241737386816">
				<ele>837.4254667237401</ele>
				<time>2025-06-06T13:40:33Z</time>
			</trkpt>
			<trkpt lat="35.6278580622786" lon="-82.24237881110611">
				<ele>836.3578497637063</ele>
				<time>2025-06-06T13:40:34Z</time>
			</trkpt>
			<trkpt lat="35.62786037993543" lon="-82.24234660685423">
				<ele>836.9269643090665</ele>
				<time>2025-06-06T13:40:35Z</time>
			</trkpt>
			<trkpt lat="35.62786304510823" lon="-82.24231127998566">
				<ele>835.2380663007498</ele>
				<time>2025-06-06T13:40:36Z</time>
			</trkpt>
			<trkpt lat="35.627864684449705" lon="-82.2422599920373">
				<ele>834.308899491094</ele>
				<time>2025-06-06T13:40:37Z</time>
			</trkpt>
			<trkpt lat="35.62786324098807" lon="-82.24221213336948">
				<ele>835.3577620787546</ele>
				<time>2025-06-06T13:40:38Z</time>
			</trkpt>
			<trkpt lat="35.627849409218605" lon="-82.24215612193113">
				<ele>836.1033206963912</ele>
				<time>2025-06-06T13:40:39Z</time>
			</trkpt>
			<trkpt lat="35.62784557071757" lon="-82.24212093567134">
				<ele>836.3192908409983</ele>
				<time>2025-06-06T13:40:40Z</time>
			</trkpt>
			<trkpt lat="35.62784275401156" lon="-82.24209511587208">
				<ele>835.3248477820307</ele>
				<time>2025-06-06T13:40:41Z</time>
			</trkpt>
			<trkpt lat="35.627848917040524" lon="-82.24206911131772">
				<ele>835.255927214399</ele>
				<time>2025-06-06T13:40:42Z</time>
			</trkpt>
			<trkpt lat="35.62784479861886" lon="-82.24203503137971">
				<ele>835.5858066380024</ele>
				<time>2025-06-06T13:40:43Z</time>
			</trkpt>
			<trkpt lat="35.62784063641267" lon="-82.24200058912936">
				<ele>836.5409067291766</ele>
				<time>2025-06-06T13:40:44Z</time>
			</trkpt>
			<trkpt lat="35.627837248246045" lon="-82.24194950762399">
				<ele>836.9861348541453</ele>
				<time>2025-06-06T13:40:45Z</time>
			</trkpt>
			<trkpt lat="35.62783792042044" lon="-82.24190858807852">
				<ele>836.9656625157222</ele>
				<time>2025-06-06T13:40:46Z</time>
			</trkpt>
			<trkpt lat="35.62784169723232" lon="-82.24187165211256">
				<ele>835.8156528389081</ele>
				<time>2025-06-06T13:40:47Z</time>
			</trkpt>
			<trkpt lat="35.62784723651831" lon="-82.2418413052569">
				<ele>837.2004909869283</ele>
				<time>2025-06-06T13:40:48Z</time>
			</trkpt>
			<trkpt lat="35.627855207653845" lon="-82.2418056695886">
				<ele>838.4410472419113</ele>
				<time>2025-06-06T13:40:49Z</time>
			</trkpt>
			<trkpt lat="35.62786449856463" lon="-82.24175917528436">
				<ele>838.8668601894751</ele>
				<time>2025-06-06T13:40:50Z</time>
			</trkpt>
			<trkpt lat="35.6278710603692" lon="-82.24170493332983">
				<ele>838.0568597298115</ele>
				<time>2025-06-06T13:40:51Z</time>
			</trkpt>
			<trkpt lat="35.6278727615867" lon="-82.24164347695377">
				<ele>837.6268701124936</ele>
				<time>2025-06-06T13:40:52Z</time>
			</trkpt>
			<trkpt lat="35.62786963646089" lon="-82.24158372074132">
				<ele>836.2665563952178</ele>
				<time>2025-06-06T13:40:53Z</time>
			</trkpt>
			<trkpt lat="35.627864958830685" lon="-82.24152993342157">
				<ele>835.5079931458458</ele>
				<time>2025-06-06T13:40:54Z</time>
			</trkpt>
			<trkpt lat="35.627860103998714" lon="-82.2414771590367">
				<ele>835.289623520337</ele>
				<time>2025-06-06T13:40:55Z</time>
			</trkpt>
			<trkpt lat="35.627854566650804" lon="-82.24143026402187">
				<ele>834.7663096841425</ele>
				<time>2025-06-06T13:40:56Z</time>
			</trkpt>
			<trkpt lat="35.62785015110763" lon="-82.24139286940628">
				<ele>833.8750338889658</ele>
				<time>2025-06-06T13:40:57Z</time>
			</trkpt>
			<trkpt lat="35.62784619564122" lon="-82.24135937111487">
				<ele>832.5929084038362</ele>
				<time>2025-06-06T13:40:58Z</time>
			</trkpt>
			<trkpt lat="35.62784226674591" lon="-82.24132609785674">
				<ele>831.4115293072537</ele>
				<time>2025-06-06T13:40:59Z</time>
			</trkpt>
			<trkpt lat="35.627838787133015" lon="-82.24129662949026">
				<ele>829.1271408647299</ele>
				<time>2025-06-06T13:41:00Z</time>
			</trkpt>
			<trkpt lat="35.62783502228575" lon="-82.2412647455224">
				<ele>827.6865868186578</ele>
				<time>2025-06-06T13:41:01Z</time>
			</trkpt>
			<trkpt lat="35.62783050249852" lon="-82.24122646807626">
				<ele>826.6653421055526</ele>
				<time>2025-06-06T13:41:02Z</time>
			</trkpt>
			<trkpt lat="35.62782591511003" lon="-82.24118761813048">
				<ele>825.6978615708649</ele>
				<time>2025-06-06T13:41:03Z</time>
			</trkpt>
			<trkpt lat="35.627820249131524" lon="-82.2411396337592">
				<ele>825.4357771901414</ele>
				<time>2025-06-06T13:41:04Z</time>
			</trkpt>
			<trkpt lat="35.627815514620615" lon="-82.24109953785117">
				<ele>823.9023339692503</ele>
				<time>2025-06-06T13:41:05Z</time>
			</trkpt>
			<trkpt lat="35.627807962006464" lon="-82.24103557584584">
				<ele>826.0260836528614</ele>
				<time>2025-06-06T13:41:06Z</time>
			</trkpt>
			<trkpt lat="35.62779995392573" lon="-82.24096851738307">
				<ele>826.5801866129041</ele>
				<time>2025-06-06T13:41:07Z</time>
			</trkpt>
			<trkpt lat="35.62779395913233" lon="-82.24091926656736">
				<ele>824.6740576596931</ele>
				<time>2025-06-06T13:41:08Z</time>
			</trkpt>
			<trkpt lat="35.62778638958464" lon="-82.24085707822184">
				<ele>825.035302342847</ele>
				<time>2025-06-06T13:41:09Z</time>
			</trkpt>
			<trkpt lat="35.627777712164736" lon="-82.24078578804823">
				<ele>825.9566827910021</ele>
				<time>2025-06-06T13:41:10Z</time>
			</trkpt>
			<trkpt lat="35.627768867888584" lon="-82.24071312705073">
				<ele>826.7111617010087</ele>
				<time>2025-06-06T13:41:11Z</time>
			</trkpt>
			<trkpt lat="35.62776218724312" lon="-82.24065824155313">
				<ele>824.8123361067846</ele>
				<time>2025-06-06T13:41:12Z</time>
			</trkpt>
			<trkpt lat="35.62775440877207" lon="-82.2405904145204">
				<ele>824.4822740191594</ele>
				<time>2025-06-06T13:41:13Z</time>
			</trkpt>
			<trkpt lat="35.62774693899659" lon="-82.24052553839716">
				<ele>822.914305569604</ele>
				<time>2025-06-06T13:41:14Z</time>
			</trkpt>
			<trkpt lat="35.627743674835564" lon="-82.24048426741271">
				<ele>823.3810908244923</ele>
				<time>2025-06-06T13:41:15Z</time>
			</trkpt>
			<trkpt lat="35.627741290793985" lon="-82.24045412435228">
				<ele>822.7618550136685</ele>
				<time>2025-06-06T13:41:16Z</time>
			</trkpt>
			<trkpt lat="35.62773950367871" lon="-82.24043152864478">
				<ele>822.9530004439875</ele>
				<time>2025-06-06T13:41:17Z</time>
			</trkpt>
			<trkpt lat="35.6277371545738" lon="-82.24039787954806">
				<ele>819.8167863599956</ele>
				<time>2025-06-06T13:41:19Z</time>
			</trkpt>
			<trkpt lat="35.62773584896907" lon="-82.24036963104734">
				<ele>822.0527458796278</ele>
				<time>2025-06-06T13:41:22Z</time>
			</trkpt>
			<trkpt lat="35.62773465286046" lon="-82.24034375157491">
				<ele>819.998348779045</ele>
				<time>2025-06-06T13:41:23Z</time>
			</trkpt>
			<trkpt lat="35.62773392816099" lon="-82.24028672429263">
				<ele>818.3623737171292</ele>
				<time>2025-06-06T13:41:25Z</time>
			</trkpt>
			<trkpt lat="35.62773628144237" lon="-82.24022703280822">
				<ele>819.744823589921</ele>
				<time>2025-06-06T13:41:27Z</time>
			</trkpt>
			<trkpt lat="35.62774006931288" lon="-82.24019720878105">
				<ele>817.857357300818</ele>
				<time>2025-06-06T13:41:28Z</time>
			</trkpt>
			<trkpt lat="35.62774512168835" lon="-82.24016116199346">
				<ele>817.6287431968376</ele>
				<time>2025-06-06T13:41:29Z</time>
			</trkpt>
			<trkpt lat="35.627752639567" lon="-82.24012730285136">
				<ele>815.7629081746563</ele>
				<time>2025-06-06T13:41:31Z</time>
			</trkpt>
			<trkpt lat="35.627760753317276" lon="-82.24009247909176">
				<ele>817.8777140853927</ele>
				<time>2025-06-06T13:41:33Z</time>
			</trkpt>
			<trkpt lat="35.627771466460054" lon="-82.24004917673105">
				<ele>817.9438196346164</ele>
				<time>2025-06-06T13:41:35Z</time>
			</trkpt>
			<trkpt lat="35.627780950168855" lon="-82.24001084372846">
				<ele>817.4208343382925</ele>
				<time>2025-06-06T13:41:37Z</time>
			</trkpt>
			<trkpt lat="35.62779137799352" lon="-82.2399581800687">
				<ele>820.4157343544066</ele>
				<time>2025-06-06T13:41:39Z</time>
			</trkpt>
			<trkpt lat="35.627795239559475" lon="-82.23992264858015">
				<ele>821.6903434004635</ele>
				<time>2025-06-06T13:41:41Z</time>
			</trkpt>
			<trkpt lat="35.62779743389119" lon="-82.23989521944554">
				<ele>820.3566268850118</ele>
				<time>2025-06-06T13:41:42Z</time>
			</trkpt>
			<trkpt lat="35.627796165463785" lon="-82.2398679846697">
				<ele>818.8690935261548</ele>
				<time>2025-06-06T13:41:43Z</time>
			</trkpt>
			<trkpt lat="35.62779404574496" lon="-82.23983408978671">
				<ele>822.0389604223892</ele>
				<time>2025-06-06T13:41:45Z</time>
			</trkpt>
			<trkpt lat="35.62778922427129" lon="-82.23980029663431">
				<ele>819.8983875541016</ele>
				<time>2025-06-06T13:41:46Z</time>
			</trkpt>
			<trkpt lat="35.627785678769555" lon="-82.23977739035543">
				<ele>821.6228231210262</ele>
				<time>2025-06-06T13:41:47Z</time>
			</trkpt>
			<trkpt lat="35.6277801266647" lon="-82.2397514892875">
				<ele>821.1287980331108</ele>
				<time>2025-06-06T13:41:48Z</time>
			</trkpt>
			<trkpt lat="35.62777221344821" lon="-82.23971468943029">
				<ele>821.5879654679447</ele>
				<time>2025-06-06T13:41:50Z</time>
			</trkpt>
			<trkpt lat="35.6277656133353" lon="-82.23968399607159">
				<ele>822.6781000234187</ele>
				<time>2025-06-06T13:41:52Z</time>
			</trkpt>
			<trkpt lat="35.627759014995455" lon="-82.23965331096323">
				<ele>825.2608853206038</ele>
				<time>2025-06-06T13:41:54Z</time>
			</trkpt>
			<trkpt lat="35.62775393543609" lon="-82.23962968882665">
				<ele>824.2860947363079</ele>
				<time>2025-06-06T13:41:55Z</time>
			</trkpt>
			<trkpt lat="35.62774804799269" lon="-82.23959832961918">
				<ele>822.7927777739242</ele>
				<time>2025-06-06T13:41:56Z</time>
			</trkpt>
			<trkpt lat="35.62774365248074" lon="-82.23957307785102">
				<ele>822.2127887671813</ele>
				<time>2025-06-06T13:41:57Z</time>
			</trkpt>
			<trkpt lat="35.62774101927892" lon="-82.2395467566035">
				<ele>821.9717370346189</ele>
				<time>2025-06-06T13:41:58Z</time>
			</trkpt>
			<trkpt lat="35.627738870096444" lon="-82.2394971381301">
				<ele>820.6890832642093</ele>
				<time>2025-06-06T13:42:00Z</time>
			</trkpt>
			<trkpt lat="35.627739542519315" lon="-82.23945856545791">
				<ele>821.9344793260098</ele>
				<time>2025-06-06T13:42:02Z</time>
			</trkpt>
			<trkpt lat="35.62774056308626" lon="-82.23943427660079">
				<ele>822.9332049507648</ele>
				<time>2025-06-06T13:42:03Z</time>
			</trkpt>
			<trkpt lat="35.62774384568977" lon="-82.23939354800639">
				<ele>822.368954602629</ele>
				<time>2025-06-06T13:42:05Z</time>
			</trkpt>
			<trkpt lat="35.62774626960995" lon="-82.23936890456945">
				<ele>821.1870615184307</ele>
				<time>2025-06-06T13:42:06Z</time>
			</trkpt>
			<trkpt lat="35.62775073270679" lon="-82.2393355702998">
				<ele>822.0113382069394</ele>
				<time>2025-06-06T13:42:08Z</time>
			</trkpt>
			<trkpt lat="35.62775374920421" lon="-82.23931304049142">
				<ele>821.583074468188</ele>
				<time>2025-06-06T13:42:09Z</time>
			</trkpt>
			<trkpt lat="35.627758028444426" lon="-82.2392810794193">
				<ele>822.6795048695058</ele>
				<time>2025-06-06T13:42:11Z</time>
			</trkpt>
			<trkpt lat="35.62776376884468" lon="-82.23923820515259">
				<ele>821.7703550541773</ele>
				<time>2025-06-06T13:42:13Z</time>
			</trkpt>
			<trkpt lat="35.6277697048175" lon="-82.23919387018594">
				<ele>820.2215885128826</ele>
				<time>2025-06-06T13:42:15Z</time>
			</trkpt>
			<trkpt lat="35.62777362548202" lon="-82.23916321025789">
				<ele>819.9281105743721</ele>
				<time>2025-06-06T13:42:16Z</time>
			</trkpt>
			<trkpt lat="35.62777643435647" lon="-82.23913892827704">
				<ele>820.1496798200533</ele>
				<time>2025-06-06T13:42:17Z</time>
			</trkpt>
			<trkpt lat="35.62778210073655" lon="-82.23907906706913">
				<ele>819.7358836177737</ele>
				<time>2025-06-06T13:42:18Z</time>
			</trkpt>
			<trkpt lat="35.62778517332785" lon="-82.23901100420909">
				<ele>819.9208663878962</ele>
				<time>2025-06-06T13:42:19Z</time>
			</trkpt>
			<trkpt lat="35.627784030438654" lon="-82.23895113432081">
				<ele>819.149273022078</ele>
				<time>2025-06-06T13:42:20Z</time>
			</trkpt>
			<trkpt lat="35.62777841432226" lon="-82.23887839018525">
				<ele>819.2659553634003</ele>
				<time>2025-06-06T13:42:22Z</time>
			</trkpt>
			<trkpt lat="35.62777647652053" lon="-82.23885598296111">
				<ele>819.0063232295215</ele>
				<time>2025-06-06T13:42:23Z</time>
			</trkpt>
			<trkpt lat="35.62777339461175" lon="-82.2388158669285">
				<ele>820.1809792052954</ele>
				<time>2025-06-06T13:42:24Z</time>
			</trkpt>
			<trkpt lat="35.62777140586618" lon="-82.2387737170106">
				<ele>822.2276181336492</ele>
				<time>2025-06-06T13:42:25Z</time>
			</trkpt>
			<trkpt lat="35.627771405865545" lon="-82.23874260646322">
				<ele>823.1111897779629</ele>
				<time>2025-06-06T13:42:26Z</time>
			</trkpt>
			<trkpt lat="35.627774170682656" lon="-82.23869659300782">
				<ele>823.3518109200522</ele>
				<time>2025-06-06T13:42:27Z</time>
			</trkpt>
			<trkpt lat="35.62777999361275" lon="-82.23864944061809">
				<ele>824.3608465380967</ele>
				<time>2025-06-06T13:42:28Z</time>
			</trkpt>
			<trkpt lat="35.62778423797301" lon="-82.23862243104692">
				<ele>825.8633588459343</ele>
				<time>2025-06-06T13:42:29Z</time>
			</trkpt>
			<trkpt lat="35.62779438751489" lon="-82.23857677524974">
				<ele>826.3753006216139</ele>
				<time>2025-06-06T13:42:30Z</time>
			</trkpt>
			<trkpt lat="35.62780518626094" lon="-82.23853393377551">
				<ele>825.970194878988</ele>
				<time>2025-06-06T13:42:31Z</time>
			</trkpt>
			<trkpt lat="35.627815850338784" lon="-82.2384955201634">
				<ele>825.6723109586164</ele>
				<time>2025-06-06T13:42:32Z</time>
			</trkpt>
			<trkpt lat="35.62782470853308" lon="-82.2384628755874">
				<ele>827.4215541286394</ele>
				<time>2025-06-06T13:42:33Z</time>
			</trkpt>
			<trkpt lat="35.627833725322375" lon="-82.23842919665898">
				<ele>827.2479154542089</ele>
				<time>2025-06-06T13:42:34Z</time>
			</trkpt>
			<trkpt lat="35.62784184174401" lon="-82.23839888073132">
				<ele>826.6083149379119</ele>
				<time>2025-06-06T13:42:35Z</time>
			</trkpt>
			<trkpt lat="35.627850321779924" lon="-82.2383672066478">
				<ele>826.1398260034621</ele>
				<time>2025-06-06T13:42:36Z</time>
			</trkpt>
			<trkpt lat="35.62785854709718" lon="-82.23833527915579">
				<ele>824.8165911072865</ele>
				<time>2025-06-06T13:42:37Z</time>
			</trkpt>
			<trkpt lat="35.62786486545173" lon="-82.23830842615313">
				<ele>823.667721121572</ele>
				<time>2025-06-06T13:42:38Z</time>
			</trkpt>
			<trkpt lat="35.627871974166034" lon="-82.23827956361323">
				<ele>823.5175646655262</ele>
				<time>2025-06-06T13:42:39Z</time>
			</trkpt>
			<trkpt lat="35.627878151648005" lon="-82.23824153527376">
				<ele>821.4056128766388</ele>
				<time>2025-06-06T13:42:40Z</time>
			</trkpt>
			<trkpt lat="35.62788352600496" lon="-82.23820845093123">
				<ele>821.202720683068</ele>
				<time>2025-06-06T13:42:41Z</time>
			</trkpt>
			<trkpt lat="35.62788732259554" lon="-82.23816125431333">
				<ele>821.0716791609302</ele>
				<time>2025-06-06T13:42:43Z</time>
			</trkpt>
			<trkpt lat="35.627889358980724" lon="-82.23813546011206">
				<ele>820.3478537714109</ele>
				<time>2025-06-06T13:42:44Z</time>
			</trkpt>
			<trkpt lat="35.62789079781963" lon="-82.23808690624182">
				<ele>819.8036433784291</ele>
				<time>2025-06-06T13:42:46Z</time>
			</trkpt>
			<trkpt lat="35.627890863866064" lon="-82.23804376120457">
				<ele>820.3383950097486</ele>
				<time>2025-06-06T13:42:48Z</time>
			</trkpt>
			<trkpt lat="35.62789050413205" lon="-82.23802139226733">
				<ele>820.0161987766623</ele>
				<time>2025-06-06T13:42:49Z</time>
			</trkpt>
			<trkpt lat="35.62788985283819" lon="-82.23798957129686">
				<ele>820.4156929003075</ele>
				<time>2025-06-06T13:42:50Z</time>
			</trkpt>
			<trkpt lat="35.627889231880346" lon="-82.23796628537207">
				<ele>820.1088568503037</ele>
				<time>2025-06-06T13:42:51Z</time>
			</trkpt>
			<trkpt lat="35.62788793323659" lon="-82.23791758623423">
				<ele>820.2938274228945</ele>
				<time>2025-06-06T13:42:52Z</time>
			</trkpt>
			<trkpt lat="35.62788706598013" lon="-82.23788506412772">
				<ele>820.52831200324</ele>
				<time>2025-06-06T13:42:54Z</time>
			</trkpt>
			<trkpt lat="35.6278858136721" lon="-82.23783810256826">
				<ele>820.4452079264447</ele>
				<time>2025-06-06T13:42:56Z</time>
			</trkpt>
			<trkpt lat="35.62788480586751" lon="-82.23779428879604">
				<ele>820.3474177317694</ele>
				<time>2025-06-06T13:42:58Z</time>
			</trkpt>
			<trkpt lat="35.627884805867765" lon="-82.23777017572975">
				<ele>819.9895798126236</ele>
				<time>2025-06-06T13:42:59Z</time>
			</trkpt>
			<trkpt lat="35.6278850969" lon="-82.23772887986784">
				<ele>820.3816744759679</ele>
				<time>2025-06-06T13:43:01Z</time>
			</trkpt>
			<trkpt lat="35.62788624586453" lon="-82.23770525428515">
				<ele>820.3584610475227</ele>
				<time>2025-06-06T13:43:02Z</time>
			</trkpt>
			<trkpt lat="35.62788792224476" lon="-82.23767078372776">
				<ele>819.5854392554611</ele>
				<time>2025-06-06T13:43:03Z</time>
			</trkpt>
			<trkpt lat="35.62789075861551" lon="-82.23764282710064">
				<ele>819.7748284349218</ele>
				<time>2025-06-06T13:43:04Z</time>
			</trkpt>
			<trkpt lat="35.62789524981932" lon="-82.23759971610497">
				<ele>819.5739054875448</ele>
				<time>2025-06-06T13:43:05Z</time>
			</trkpt>
			<trkpt lat="35.62789859502864" lon="-82.23755512752977">
				<ele>819.4500039219856</ele>
				<time>2025-06-06T13:43:06Z</time>
			</trkpt>
			<trkpt lat="35.627900923013065" lon="-82.23748455054861">
				<ele>819.0388320507482</ele>
				<time>2025-06-06T13:43:07Z</time>
			</trkpt>
			<trkpt lat="35.627907347922786" lon="-82.23742071509336">
				<ele>819.1112173264846</ele>
				<time>2025-06-06T13:43:08Z</time>
			</trkpt>
			<trkpt lat="35.62790642679851" lon="-82.23736328377855">
				<ele>818.5157160051167</ele>
				<time>2025-06-06T13:43:09Z</time>
			</trkpt>
			<trkpt lat="35.62789827095433" lon="-82.23731715315166">
				<ele>818.5756128737703</ele>
				<time>2025-06-06T13:43:10Z</time>
			</trkpt>
			<trkpt lat="35.62789646183038" lon="-82.23726191555697">
				<ele>818.4130735415965</ele>
				<time>2025-06-06T13:43:11Z</time>
			</trkpt>
			<trkpt lat="35.627895060070394" lon="-82.23720865500809">
				<ele>818.3969983793795</ele>
				<time>2025-06-06T13:43:12Z</time>
			</trkpt>
			<trkpt lat="35.62789783575727" lon="-82.23716305096391">
				<ele>817.9170464463532</ele>
				<time>2025-06-06T13:43:13Z</time>
			</trkpt>
			<trkpt lat="35.62789829815141" lon="-82.237109385164">
				<ele>817.1438603466377</ele>
				<time>2025-06-06T13:43:14Z</time>
			</trkpt>
			<trkpt lat="35.62789299394605" lon="-82.23708673555831">
				<ele>817.7595604853705</ele>
				<time>2025-06-06T13:43:15Z</time>
			</trkpt>
			<trkpt lat="35.62788432126787" lon="-82.23705929166005">
				<ele>817.9546444723383</ele>
				<time>2025-06-06T13:43:16Z</time>
			</trkpt>
			<trkpt lat="35.62787445895786" lon="-82.23703457231326">
				<ele>817.830899274908</ele>
				<time>2025-06-06T13:43:17Z</time>
			</trkpt>
			<trkpt lat="35.62787929584643" lon="-82.23701133041676">
				<ele>821.1643080934882</ele>
				<time>2025-06-06T13:43:18Z</time>
			</trkpt>
			<trkpt lat="35.627872954123106" lon="-82.23697314600325">
				<ele>821.030412635766</ele>
				<time>2025-06-06T13:43:20Z</time>
			</trkpt>
			<trkpt lat="35.62786237166577" lon="-82.23694896448723">
				<ele>818.1040733661503</ele>
				<time>2025-06-06T13:43:21Z</time>
			</trkpt>
			<trkpt lat="35.62785396986137" lon="-82.23692184605885">
				<ele>817.5414106007665</ele>
				<time>2025-06-06T13:43:22Z</time>
			</trkpt>
			<trkpt lat="35.62783931050138" lon="-82.236877814174">
				<ele>816.671832527034</ele>
				<time>2025-06-06T13:43:24Z</time>
			</trkpt>
			<trkpt lat="35.62783579672298" lon="-82.23685374218006">
				<ele>816.8175543351099</ele>
				<time>2025-06-06T13:43:25Z</time>
			</trkpt>
			<trkpt lat="35.62783010232858" lon="-82.23683070575214">
				<ele>817.0353329889476</ele>
				<time>2025-06-06T13:43:26Z</time>
			</trkpt>
			<trkpt lat="35.627820923496465" lon="-82.23680754752381">
				<ele>817.2305129794404</ele>
				<time>2025-06-06T13:43:27Z</time>
			</trkpt>
			<trkpt lat="35.62780094425997" lon="-82.23677311845928">
				<ele>817.326009331271</ele>
				<time>2025-06-06T13:43:29Z</time>
			</trkpt>
			<trkpt lat="35.627789273995305" lon="-82.23673338391724">
				<ele>817.7999695530161</ele>
				<time>2025-06-06T13:43:31Z</time>
			</trkpt>
			<trkpt lat="35.627783843904844" lon="-82.23670859580122">
				<ele>817.378724613227</ele>
				<time>2025-06-06T13:43:32Z</time>
			</trkpt>
			<trkpt lat="35.62778295622172" lon="-82.23666702163169">
				<ele>817.0618925048038</ele>
				<time>2025-06-06T13:43:34Z</time>
			</trkpt>
			<trkpt lat="35.62777396909247" lon="-82.23663018436399">
				<ele>817.3895565113053</ele>
				<time>2025-06-06T13:43:36Z</time>
			</trkpt>
			<trkpt lat="35.62777707291857" lon="-82.23658860741082">
				<ele>816.8303438695148</ele>
				<time>2025-06-06T13:43:37Z</time>
			</trkpt>
			<trkpt lat="35.62778070205949" lon="-82.23656403552718">
				<ele>817.053239710629</ele>
				<time>2025-06-06T13:43:38Z</time>
			</trkpt>
			<trkpt lat="35.62778469406497" lon="-82.2365157891362">
				<ele>815.6995033416897</ele>
				<time>2025-06-06T13:43:39Z</time>
			</trkpt>
			<trkpt lat="35.627784649627856" lon="-82.23648020404403">
				<ele>817.4510106602684</ele>
				<time>2025-06-06T13:43:40Z</time>
			</trkpt>
			<trkpt lat="35.62778424422336" lon="-82.23644482924504">
				<ele>816.9319246103987</ele>
				<time>2025-06-06T13:43:41Z</time>
			</trkpt>
			<trkpt lat="35.62778185230529" lon="-82.23641671489187">
				<ele>816.0844374457374</ele>
				<time>2025-06-06T13:43:42Z</time>
			</trkpt>
			<trkpt lat="35.62777659156399" lon="-82.23638850085487">
				<ele>815.5639065485448</ele>
				<time>2025-06-06T13:43:43Z</time>
			</trkpt>
			<trkpt lat="35.62778111933238" lon="-82.23633854286102">
				<ele>816.9133823085576</ele>
				<time>2025-06-06T13:43:45Z</time>
			</trkpt>
			<trkpt lat="35.6277832657747" lon="-82.23629461337235">
				<ele>817.1071029668674</ele>
				<time>2025-06-06T13:43:46Z</time>
			</trkpt>
			<trkpt lat="35.62780402497186" lon="-82.23625122513582">
				<ele>818.1074055656791</ele>
				<time>2025-06-06T13:43:47Z</time>
			</trkpt>
			<trkpt lat="35.62781813846083" lon="-82.23620285816689">
				<ele>816.8976692166179</ele>
				<time>2025-06-06T13:43:48Z</time>
			</trkpt>
			<trkpt lat="35.62782772012203" lon="-82.23614880808177">
				<ele>816.7994043463841</ele>
				<time>2025-06-06T13:43:49Z</time>
			</trkpt>
			<trkpt lat="35.62782966315528" lon="-82.23608855996552">
				<ele>816.5081265177578</ele>
				<time>2025-06-06T13:43:50Z</time>
			</trkpt>
			<trkpt lat="35.62782414768636" lon="-82.23604524093486">
				<ele>815.5071846889332</ele>
				<time>2025-06-06T13:43:51Z</time>
			</trkpt>
			<trkpt lat="35.6278268332004" lon="-82.23601585705529">
				<ele>817.1584843127057</ele>
				<time>2025-06-06T13:43:52Z</time>
			</trkpt>
			<trkpt lat="35.62781987051719" lon="-82.23599317675048">
				<ele>816.4042097181082</ele>
				<time>2025-06-06T13:43:53Z</time>
			</trkpt>
			<trkpt lat="35.627815298306004" lon="-82.23596596265453">
				<ele>815.1239864276722</ele>
				<time>2025-06-06T13:43:54Z</time>
			</trkpt>
			<trkpt lat="35.627813776910976" lon="-82.23592377352328">
				<ele>814.5217935079709</ele>
				<time>2025-06-06T13:43:56Z</time>
			</trkpt>
			<trkpt lat="35.62781573490114" lon="-82.23589797554631">
				<ele>814.2880874844268</ele>
				<time>2025-06-06T13:43:57Z</time>
			</trkpt>
			<trkpt lat="35.62781627929493" lon="-82.23585542103649">
				<ele>814.521287733689</ele>
				<time>2025-06-06T13:43:59Z</time>
			</trkpt>
			<trkpt lat="35.6278241616673" lon="-82.23580637176717">
				<ele>814.5456881923601</ele>
				<time>2025-06-06T13:44:01Z</time>
			</trkpt>
			<trkpt lat="35.627831807502446" lon="-82.235784584269">
				<ele>815.7497689779848</ele>
				<time>2025-06-06T13:44:02Z</time>
			</trkpt>
			<trkpt lat="35.62784903876535" lon="-82.23574629886365">
				<ele>817.0627195611596</ele>
				<time>2025-06-06T13:44:04Z</time>
			</trkpt>
			<trkpt lat="35.627851347090576" lon="-82.23571665858768">
				<ele>817.028973554261</ele>
				<time>2025-06-06T13:44:05Z</time>
			</trkpt>
			<trkpt lat="35.62784687387224" lon="-82.23569105305351">
				<ele>816.5411308007315</ele>
				<time>2025-06-06T13:44:06Z</time>
			</trkpt>
			<trkpt lat="35.62784186644627" lon="-82.23566096785062">
				<ele>815.1206093104556</ele>
				<time>2025-06-06T13:44:07Z</time>
			</trkpt>
			<trkpt lat="35.62784592159508" lon="-82.23562609562475">
				<ele>814.9737092945725</ele>
				<time>2025-06-06T13:44:08Z</time>
			</trkpt>
			<trkpt lat="35.62786631317447" lon="-82.23557550693664">
				<ele>815.7446088064462</ele>
				<time>2025-06-06T13:44:09Z</time>
			</trkpt>
			<trkpt lat="35.627893060285096" lon="-82.23552991877348">
				<ele>815.6439304612577</ele>
				<time>2025-06-06T13:44:10Z</time>
			</trkpt>
			<trkpt lat="35.627920621622856" lon="-82.23548791809444">
				<ele>816.4469330236316</ele>
				<time>2025-06-06T13:44:11Z</time>
			</trkpt>
			<trkpt lat="35.6279350119144" lon="-82.23542761595894">
				<ele>815.3821656182408</ele>
				<time>2025-06-06T13:44:12Z</time>
			</trkpt>
			<trkpt lat="35.62794429985711" lon="-82.23536623210134">
				<ele>814.1010263171047</ele>
				<time>2025-06-06T13:44:13Z</time>
			</trkpt>
			<trkpt lat="35.62795774140324" lon="-82.23530539743543">
				<ele>813.4588850634173</ele>
				<time>2025-06-06T13:44:14Z</time>
			</trkpt>
			<trkpt lat="35.627969071966874" lon="-82.23524573816114">
				<ele>812.9024891620502</ele>
				<time>2025-06-06T13:44:15Z</time>
			</trkpt>
			<trkpt lat="35.62797029222501" lon="-82.23519616720743">
				<ele>813.1729921586812</ele>
				<time>2025-06-06T13:44:16Z</time>
			</trkpt>
			<trkpt lat="35.62797535306724" lon="-82.23513146927174">
				<ele>812.100701270625</ele>
				<time>2025-06-06T13:44:17Z</time>
			</trkpt>
			<trkpt lat="35.62798130925213" lon="-82.23506728050873">
				<ele>812.2416806882247</ele>
				<time>2025-06-06T13:44:18Z</time>
			</trkpt>
			<trkpt lat="35.62798302093481" lon="-82.23500429227485">
				<ele>812.7438908247277</ele>
				<time>2025-06-06T13:44:19Z</time>
			</trkpt>
			<trkpt lat="35.627980373598845" lon="-82.23492511115562">
				<ele>812.727422112599</ele>
				<time>2025-06-06T13:44:20Z</time>
			</trkpt>
			<trkpt lat="35.62796967827967" lon="-82.23484588842446">
				<ele>811.7254414260387</ele>
				<time>2025-06-06T13:44:21Z</time>
			</trkpt>
			<trkpt lat="35.62796114415381" lon="-82.23477569584567">
				<ele>811.9387646904215</ele>
				<time>2025-06-06T13:44:22Z</time>
			</trkpt>
			<trkpt lat="35.627958951391385" lon="-82.23472460366955">
				<ele>811.3505406146869</ele>
				<time>2025-06-06T13:44:23Z</time>
			</trkpt>
			<trkpt lat="35.62795667373138" lon="-82.23467339582707">
				<ele>810.407325793989</ele>
				<time>2025-06-06T13:44:24Z</time>
			</trkpt>
			<trkpt lat="35.62795319471232" lon="-82.23462978522602">
				<ele>809.6808248618618</ele>
				<time>2025-06-06T13:44:25Z</time>
			</trkpt>
			<trkpt lat="35.62794696548446" lon="-82.23459111164681">
				<ele>809.2552173333243</ele>
				<time>2025-06-06T13:44:26Z</time>
			</trkpt>
			<trkpt lat="35.627942251443415" lon="-82.23456410708893">
				<ele>808.6985542383045</ele>
				<time>2025-06-06T13:44:27Z</time>
			</trkpt>
			<trkpt lat="35.62793853942885" lon="-82.2345325876847">
				<ele>810.8791751610115</ele>
				<time>2025-06-06T13:44:28Z</time>
			</trkpt>
			<trkpt lat="35.627937303057735" lon="-82.23450411641208">
				<ele>811.2154685193673</ele>
				<time>2025-06-06T13:44:29Z</time>
			</trkpt>
			<trkpt lat="35.62793670248218" lon="-82.23447669980682">
				<ele>812.1640172759071</ele>
				<time>2025-06-06T13:44:30Z</time>
			</trkpt>
			<trkpt lat="35.62793433238505" lon="-82.23442203727672">
				<ele>813.4033065410331</ele>
				<time>2025-06-06T13:44:32Z</time>
			</trkpt>
			<trkpt lat="35.62792882632908" lon="-82.23440088209179">
				<ele>814.4814617652446</ele>
				<time>2025-06-06T13:44:33Z</time>
			</trkpt>
			<trkpt lat="35.62792191062221" lon="-82.23437497656299">
				<ele>815.2553488789126</ele>
				<time>2025-06-06T13:44:34Z</time>
			</trkpt>
			<trkpt lat="35.62791373053824" lon="-82.23435381882422">
				<ele>815.7471171570942</ele>
				<time>2025-06-06T13:44:35Z</time>
			</trkpt>
			<trkpt lat="35.62791027942314" lon="-82.23432978310605">
				<ele>816.4663212215528</ele>
				<time>2025-06-06T13:44:36Z</time>
			</trkpt>
			<trkpt lat="35.62790476666944" lon="-82.23430426822478">
				<ele>816.8854386769235</ele>
				<time>2025-06-06T13:44:37Z</time>
			</trkpt>
			<trkpt lat="35.627888290923956" lon="-82.2342605696253">
				<ele>817.9664535671473</ele>
				<time>2025-06-06T13:44:39Z</time>
			</trkpt>
			<trkpt lat="35.62788120214424" lon="-82.23422733394739">
				<ele>818.4002191023901</ele>
				<time>2025-06-06T13:44:40Z</time>
			</trkpt>
			<trkpt lat="35.62787450796168" lon="-82.23419821636803">
				<ele>817.1109032891691</ele>
				<time>2025-06-06T13:44:41Z</time>
			</trkpt>
			<trkpt lat="35.627863132223254" lon="-82.23415603657216">
				<ele>818.7109189061448</ele>
				<time>2025-06-06T13:44:43Z</time>
			</trkpt>
			<trkpt lat="35.6278349646568" lon="-82.23413876715544">
				<ele>817.2933157347143</ele>
				<time>2025-06-06T13:44:44Z</time>
			</trkpt>
			<trkpt lat="35.627825706513555" lon="-82.2341101034606">
				<ele>815.1319935750216</ele>
				<time>2025-06-06T13:44:45Z</time>
			</trkpt>
			<trkpt lat="35.62781911234417" lon="-82.23408114201717">
				<ele>814.3733258238062</ele>
				<time>2025-06-06T13:44:46Z</time>
			</trkpt>
			<trkpt lat="35.62781837919126" lon="-82.23405800903875">
				<ele>815.2221316937357</ele>
				<time>2025-06-06T13:44:47Z</time>
			</trkpt>
			<trkpt lat="35.62781562265188" lon="-82.23402580331266">
				<ele>815.6611463334411</ele>
				<time>2025-06-06T13:44:48Z</time>
			</trkpt>
			<trkpt lat="35.62781032911591" lon="-82.2339839075274">
				<ele>816.1365217119455</ele>
				<time>2025-06-06T13:44:50Z</time>
			</trkpt>
			<trkpt lat="35.627806727855" lon="-82.23395514218154">
				<ele>817.336497835815</ele>
				<time>2025-06-06T13:44:51Z</time>
			</trkpt>
			<trkpt lat="35.627804075063274" lon="-82.23393286247212">
				<ele>817.133575161919</ele>
				<time>2025-06-06T13:44:52Z</time>
			</trkpt>
			<trkpt lat="35.62779828714744" lon="-82.23388784906568">
				<ele>816.4838323034346</ele>
				<time>2025-06-06T13:44:54Z</time>
			</trkpt>
			<trkpt lat="35.62778870017295" lon="-82.23384485762145">
				<ele>816.3488891609013</ele>
				<time>2025-06-06T13:44:55Z</time>
			</trkpt>
			<trkpt lat="35.62778447591186" lon="-82.2338143083663">
				<ele>815.8122243667021</ele>
				<time>2025-06-06T13:44:56Z</time>
			</trkpt>
			<trkpt lat="35.627769640866326" lon="-82.23375640876817">
				<ele>815.7084192018956</ele>
				<time>2025-06-06T13:44:57Z</time>
			</trkpt>
			<trkpt lat="35.62776391716447" lon="-82.23373210318937">
				<ele>815.6180565897375</ele>
				<time>2025-06-06T13:44:58Z</time>
			</trkpt>
			<trkpt lat="35.62775021203479" lon="-82.2336824653453">
				<ele>815.6797832353041</ele>
				<time>2025-06-06T13:44:59Z</time>
			</trkpt>
			<trkpt lat="35.62774335724658" lon="-82.23366183103384">
				<ele>815.9391517443582</ele>
				<time>2025-06-06T13:45:00Z</time>
			</trkpt>
			<trkpt lat="35.627724287936715" lon="-82.23361258842522">
				<ele>815.7427290584892</ele>
				<time>2025-06-06T13:45:01Z</time>
			</trkpt>
			<trkpt lat="35.62771585121925" lon="-82.23359232556865">
				<ele>816.5660448716953</ele>
				<time>2025-06-06T13:45:02Z</time>
			</trkpt>
			<trkpt lat="35.627701406259426" lon="-82.23355198536758">
				<ele>815.2140322737396</ele>
				<time>2025-06-06T13:45:03Z</time>
			</trkpt>
			<trkpt lat="35.6276927689648" lon="-82.23353070132869">
				<ele>815.2770459726453</ele>
				<time>2025-06-06T13:45:04Z</time>
			</trkpt>
			<trkpt lat="35.62766728144313" lon="-82.23349271992178">
				<ele>814.6212610909715</ele>
				<time>2025-06-06T13:45:05Z</time>
			</trkpt>
			<trkpt lat="35.62764136345282" lon="-82.23345737923597">
				<ele>814.3738140016794</ele>
				<time>2025-06-06T13:45:06Z</time>
			</trkpt>
			<trkpt lat="35.62760877173627" lon="-82.23341343268254">
				<ele>814.1970745082945</ele>
				<time>2025-06-06T13:45:07Z</time>
			</trkpt>
			<trkpt lat="35.62757881750449" lon="-82.23337389140302">
				<ele>815.3901567691937</ele>
				<time>2025-06-06T13:45:08Z</time>
			</trkpt>
			<trkpt lat="35.62754389906841" lon="-82.2333291978414">
				<ele>814.511567867361</ele>
				<time>2025-06-06T13:45:09Z</time>
			</trkpt>
			<trkpt lat="35.62750936730662" lon="-82.23327708388835">
				<ele>813.54122234229</ele>
				<time>2025-06-06T13:45:10Z</time>
			</trkpt>
			<trkpt lat="35.62748357274755" lon="-82.23323953420854">
				<ele>814.5245887311175</ele>
				<time>2025-06-06T13:45:11Z</time>
			</trkpt>
			<trkpt lat="35.62745627020505" lon="-82.23319978932403">
				<ele>814.4545719567686</ele>
				<time>2025-06-06T13:45:12Z</time>
			</trkpt>
			<trkpt lat="35.62742414332398" lon="-82.23315302154823">
				<ele>814.4134913738817</ele>
				<time>2025-06-06T13:45:13Z</time>
			</trkpt>
			<trkpt lat="35.627393587689966" lon="-82.23310854107247">
				<ele>815.2924675513059</ele>
				<time>2025-06-06T13:45:14Z</time>
			</trkpt>
			<trkpt lat="35.62735903742704" lon="-82.2330582455272">
				<ele>814.712773989886</ele>
				<time>2025-06-06T13:45:15Z</time>
			</trkpt>
			<trkpt lat="35.62732869361827" lon="-82.23301407340648">
				<ele>814.4648063993081</ele>
				<time>2025-06-06T13:45:16Z</time>
			</trkpt>
			<trkpt lat="35.62730740082965" lon="-82.23298307704788">
				<ele>814.5373815447092</ele>
				<time>2025-06-06T13:45:17Z</time>
			</trkpt>
			<trkpt lat="35.62728208781276" lon="-82.23294622835627">
				<ele>814.370498646982</ele>
				<time>2025-06-06T13:45:18Z</time>
			</trkpt>
			<trkpt lat="35.627251083147414" lon="-82.2329002815269">
				<ele>814.8826645705849</ele>
				<time>2025-06-06T13:45:19Z</time>
			</trkpt>
			<trkpt lat="35.627223795501685" lon="-82.232858578157">
				<ele>814.945201896131</ele>
				<time>2025-06-06T13:45:20Z</time>
			</trkpt>
			<trkpt lat="35.627194962842616" lon="-82.23281451357005">
				<ele>816.853767211549</ele>
				<time>2025-06-06T13:45:21Z</time>
			</trkpt>
			<trkpt lat="35.62714911772687" lon="-82.23274872190042">
				<ele>817.4296231027693</ele>
				<time>2025-06-06T13:45:22Z</time>
			</trkpt>
			<trkpt lat="35.62710674919532" lon="-82.23268467805687">
				<ele>818.3653856310993</ele>
				<time>2025-06-06T13:45:23Z</time>
			</trkpt>
			<trkpt lat="35.627062442743224" lon="-82.23261959508592">
				<ele>817.5242126248777</ele>
				<time>2025-06-06T13:45:24Z</time>
			</trkpt>
			<trkpt lat="35.62701583498936" lon="-82.23254985231718">
				<ele>817.5927167646587</ele>
				<time>2025-06-06T13:45:25Z</time>
			</trkpt>
			<trkpt lat="35.62699446448872" lon="-82.23249593593424">
				<ele>817.7402258189395</ele>
				<time>2025-06-06T13:45:26Z</time>
			</trkpt>
			<trkpt lat="35.62697148201152" lon="-82.23242388693835">
				<ele>815.7590982317924</ele>
				<time>2025-06-06T13:45:27Z</time>
			</trkpt>
			<trkpt lat="35.626957883189164" lon="-82.23234515557712">
				<ele>814.2624138332903</ele>
				<time>2025-06-06T13:45:28Z</time>
			</trkpt>
			<trkpt lat="35.626952522638696" lon="-82.23227634660748">
				<ele>812.675277100876</ele>
				<time>2025-06-06T13:45:29Z</time>
			</trkpt>
			<trkpt lat="35.62695012112095" lon="-82.23221016233309">
				<ele>811.0804839748889</ele>
				<time>2025-06-06T13:45:30Z</time>
			</trkpt>
			<trkpt lat="35.626949207860136" lon="-82.23215422561793">
				<ele>809.9181822612882</ele>
				<time>2025-06-06T13:45:31Z</time>
			</trkpt>
			<trkpt lat="35.62695092182434" lon="-82.23210393153872">
				<ele>807.5466717025265</ele>
				<time>2025-06-06T13:45:32Z</time>
			</trkpt>
			<trkpt lat="35.626951923206335" lon="-82.23207454724567">
				<ele>807.1320286421105</ele>
				<time>2025-06-06T13:45:33Z</time>
			</trkpt>
			<trkpt lat="35.62695281870109" lon="-82.23205184341576">
				<ele>806.2818796569481</ele>
				<time>2025-06-06T13:45:34Z</time>
			</trkpt>
			<trkpt lat="35.6269649388187" lon="-82.23201666604626">
				<ele>804.8569604335353</ele>
				<time>2025-06-06T13:45:35Z</time>
			</trkpt>
			<trkpt lat="35.62695787811709" lon="-82.23198499782634">
				<ele>803.3020653398708</ele>
				<time>2025-06-06T13:45:36Z</time>
			</trkpt>
			<trkpt lat="35.62697156866618" lon="-82.2319515577496">
				<ele>803.5091386400163</ele>
				<time>2025-06-06T13:45:37Z</time>
			</trkpt>
			<trkpt lat="35.62698459481462" lon="-82.23193090998765">
				<ele>805.2942275423557</ele>
				<time>2025-06-06T13:45:38Z</time>
			</trkpt>
			<trkpt lat="35.62699758885027" lon="-82.23191167390927">
				<ele>805.4311866080388</ele>
				<time>2025-06-06T13:45:39Z</time>
			</trkpt>
			<trkpt lat="35.62699612230347" lon="-82.231868740244">
				<ele>804.9705637721345</ele>
				<time>2025-06-06T13:45:40Z</time>
			</trkpt>
			<trkpt lat="35.62701398937605" lon="-82.23184398681705">
				<ele>805.3369075711817</ele>
				<time>2025-06-06T13:45:41Z</time>
			</trkpt>
			<trkpt lat="35.62704677812501" lon="-82.23181034404756">
				<ele>805.5230294400826</ele>
				<time>2025-06-06T13:45:42Z</time>
			</trkpt>
			<trkpt lat="35.6270976108665" lon="-82.23181620297629">
				<ele>805.58631861303</ele>
				<time>2025-06-06T13:45:44Z</time>
			</trkpt>
			<trkpt lat="35.627142731137255" lon="-82.23184957866056">
				<ele>805.3495549894869</ele>
				<time>2025-06-06T13:45:46Z</time>
			</trkpt>
			<trkpt lat="35.62716357539699" lon="-82.23187822579929">
				<ele>806.4374927515164</ele>
				<time>2025-06-06T13:45:47Z</time>
			</trkpt>
			<trkpt lat="35.62719197294305" lon="-82.23189930525885">
				<ele>806.5152225121856</ele>
				<time>2025-06-06T13:45:48Z</time>
			</trkpt>
			<trkpt lat="35.627218779995374" lon="-82.23192600362945">
				<ele>806.2470285566524</ele>
				<time>2025-06-06T13:45:49Z</time>
			</trkpt>
			<trkpt lat="35.6272400294672" lon="-82.23193865151288">
				<ele>805.8246352486312</ele>
				<time>2025-06-06T13:45:50Z</time>
			</trkpt>
			<trkpt lat="35.62726852897105" lon="-82.23196111777524">
				<ele>806.1449983324856</ele>
				<time>2025-06-06T13:45:51Z</time>
			</trkpt>
			<trkpt lat="35.627297522719566" lon="-82.23198733870916">
				<ele>805.059646547772</ele>
				<time>2025-06-06T13:45:52Z</time>
			</trkpt>
			<trkpt lat="35.62732076178956" lon="-82.23199964457048">
				<ele>805.9185056742281</ele>
				<time>2025-06-06T13:45:53Z</time>
			</trkpt>
			<trkpt lat="35.627371257134776" lon="-82.23204531287952">
				<ele>805.8300218787044</ele>
				<time>2025-06-06T13:45:54Z</time>
			</trkpt>
			<trkpt lat="35.62741278818909" lon="-82.23209178236048">
				<ele>804.8103384384885</ele>
				<time>2025-06-06T13:45:55Z</time>
			</trkpt>
			<trkpt lat="35.6274537407715" lon="-82.23213138093207">
				<ele>802.6064797090366</ele>
				<time>2025-06-06T13:45:56Z</time>
			</trkpt>
			<trkpt lat="35.62749272321882" lon="-82.23216504319623">
				<ele>802.2702258313075</ele>
				<time>2025-06-06T13:45:57Z</time>
			</trkpt>
			<trkpt lat="35.627541246596174" lon="-82.23220128010607">
				<ele>800.3666034396738</ele>
				<time>2025-06-06T13:45:58Z</time>
			</trkpt>
			<trkpt lat="35.62759435119493" lon="-82.23223349211227">
				<ele>799.2031870493665</ele>
				<time>2025-06-06T13:45:59Z</time>
			</trkpt>
			<trkpt lat="35.62765064772569" lon="-82.23226372234998">
				<ele>799.4631766248494</ele>
				<time>2025-06-06T13:46:00Z</time>
			</trkpt>
			<trkpt lat="35.62770041421362" lon="-82.23228342521918">
				<ele>798.6714563155547</ele>
				<time>2025-06-06T13:46:01Z</time>
			</trkpt>
			<trkpt lat="35.62775503245282" lon="-82.23230032187512">
				<ele>800.0541851539165</ele>
				<time>2025-06-06T13:46:02Z</time>
			</trkpt>
			<trkpt lat="35.62781865921676" lon="-82.23231068885141">
				<ele>800.3170507717878</ele>
				<time>2025-06-06T13:46:03Z</time>
			</trkpt>
			<trkpt lat="35.62787260359428" lon="-82.23231239224212">
				<ele>800.8553150463849</ele>
				<time>2025-06-06T13:46:04Z</time>
			</trkpt>
			<trkpt lat="35.627908588397766" lon="-82.23231029571325">
				<ele>800.0122542697936</ele>
				<time>2025-06-06T13:46:05Z</time>
			</trkpt>
			<trkpt lat="35.627941338571276" lon="-82.2323069142432">
				<ele>798.7053595036268</ele>
				<time>2025-06-06T13:46:06Z</time>
			</trkpt>
			<trkpt lat="35.62797385252729" lon="-82.2323019353176">
				<ele>797.286374822259</ele>
				<time>2025-06-06T13:46:07Z</time>
			</trkpt>
			<trkpt lat="35.628004512267424" lon="-82.23229579188836">
				<ele>795.5018378803506</ele>
				<time>2025-06-06T13:46:08Z</time>
			</trkpt>
			<trkpt lat="35.628039888868365" lon="-82.23228507180967">
				<ele>795.4968546759337</ele>
				<time>2025-06-06T13:46:09Z</time>
			</trkpt>
			<trkpt lat="35.628070355631905" lon="-82.23227453032607">
				<ele>794.5928967287764</ele>
				<time>2025-06-06T13:46:10Z</time>
			</trkpt>
			<trkpt lat="35.62810314231943" lon="-82.23224855071729">
				<ele>793.6110155591741</ele>
				<time>2025-06-06T13:46:11Z</time>
			</trkpt>
			<trkpt lat="35.62813083525325" lon="-82.2322445378409">
				<ele>790.9628411531448</ele>
				<time>2025-06-06T13:46:12Z</time>
			</trkpt>
			<trkpt lat="35.628161005278386" lon="-82.23222783416574">
				<ele>790.9385434305295</ele>
				<time>2025-06-06T13:46:13Z</time>
			</trkpt>
			<trkpt lat="35.6281825586283" lon="-82.23221175886225">
				<ele>790.31791241467</ele>
				<time>2025-06-06T13:46:14Z</time>
			</trkpt>
			<trkpt lat="35.62820040796485" lon="-82.2321974489484">
				<ele>789.1399885453284</ele>
				<time>2025-06-06T13:46:15Z</time>
			</trkpt>
			<trkpt lat="35.62822689427393" lon="-82.23217348224277">
				<ele>786.4109530039132</ele>
				<time>2025-06-06T13:46:17Z</time>
			</trkpt>
			<trkpt lat="35.62824467484044" lon="-82.23215534367917">
				<ele>785.1291754571721</ele>
				<time>2025-06-06T13:46:18Z</time>
			</trkpt>
			<trkpt lat="35.628254552005075" lon="-82.23213535274292">
				<ele>784.9192173108459</ele>
				<time>2025-06-06T13:46:19Z</time>
			</trkpt>
			<trkpt lat="35.62826686043634" lon="-82.23211505705386">
				<ele>784.0535439718515</ele>
				<time>2025-06-06T13:46:20Z</time>
			</trkpt>
			<trkpt lat="35.6282859407066" lon="-82.23209095323362">
				<ele>783.6103185378015</ele>
				<time>2025-06-06T13:46:21Z</time>
			</trkpt>
			<trkpt lat="35.62830794970658" lon="-82.23206048903639">
				<ele>782.8228504937142</ele>
				<time>2025-06-06T13:46:22Z</time>
			</trkpt>
			<trkpt lat="35.628333436941936" lon="-82.23203482441387">
				<ele>782.9917474435642</ele>
				<time>2025-06-06T13:46:23Z</time>
			</trkpt>
			<trkpt lat="35.62835489965709" lon="-82.23200563351647">
				<ele>784.0808038497344</ele>
				<time>2025-06-06T13:46:24Z</time>
			</trkpt>
			<trkpt lat="35.62837079664917" lon="-82.23197822059">
				<ele>784.8851989004761</ele>
				<time>2025-06-06T13:46:25Z</time>
			</trkpt>
			<trkpt lat="35.62841739463014" lon="-82.23199327839266">
				<ele>785.2207645624876</ele>
				<time>2025-06-06T13:46:26Z</time>
			</trkpt>
			<trkpt lat="35.628442047831584" lon="-82.23195702579964">
				<ele>782.4942005062476</ele>
				<time>2025-06-06T13:46:28Z</time>
			</trkpt>
			<trkpt lat="35.6284694711643" lon="-82.23192923788058">
				<ele>779.9288202235475</ele>
				<time>2025-06-06T13:46:30Z</time>
			</trkpt>
			<trkpt lat="35.62849587076742" lon="-82.23190236239748">
				<ele>777.8594673033804</ele>
				<time>2025-06-06T13:46:31Z</time>
			</trkpt>
			<trkpt lat="35.628506497696826" lon="-82.23187702805089">
				<ele>777.0454255081713</ele>
				<time>2025-06-06T13:46:32Z</time>
			</trkpt>
			<trkpt lat="35.62852058784532" lon="-82.23184665439169">
				<ele>776.1976694250479</ele>
				<time>2025-06-06T13:46:33Z</time>
			</trkpt>
			<trkpt lat="35.62852511025244" lon="-82.23181750240408">
				<ele>775.4680768810213</ele>
				<time>2025-06-06T13:46:34Z</time>
			</trkpt>
			<trkpt lat="35.628533539841236" lon="-82.23177020300146">
				<ele>774.3554300377145</ele>
				<time>2025-06-06T13:46:35Z</time>
			</trkpt>
			<trkpt lat="35.62853574685752" lon="-82.23173646882894">
				<ele>772.1424737740308</ele>
				<time>2025-06-06T13:46:36Z</time>
			</trkpt>
			<trkpt lat="35.6285419643402" lon="-82.23169278531375">
				<ele>770.7959817806259</ele>
				<time>2025-06-06T13:46:37Z</time>
			</trkpt>
			<trkpt lat="35.62854048630272" lon="-82.23166963151708">
				<ele>770.1998777296394</ele>
				<time>2025-06-06T13:46:38Z</time>
			</trkpt>
			<trkpt lat="35.62854541597808" lon="-82.23164026252262">
				<ele>770.0079029016197</ele>
				<time>2025-06-06T13:46:39Z</time>
			</trkpt>
			<trkpt lat="35.62855978836133" lon="-82.23160927335881">
				<ele>769.9498895453289</ele>
				<time>2025-06-06T13:46:40Z</time>
			</trkpt>
			<trkpt lat="35.628573789336905" lon="-82.23158781137002">
				<ele>770.1281052473933</ele>
				<time>2025-06-06T13:46:41Z</time>
			</trkpt>
			<trkpt lat="35.62859226637" lon="-82.23156541251439">
				<ele>769.3442629175261</ele>
				<time>2025-06-06T13:46:42Z</time>
			</trkpt>
			<trkpt lat="35.628609658785216" lon="-82.23154248872433">
				<ele>768.9496868001297</ele>
				<time>2025-06-06T13:46:43Z</time>
			</trkpt>
			<trkpt lat="35.62862653813608" lon="-82.23150640908983">
				<ele>767.6747427973896</ele>
				<time>2025-06-06T13:46:44Z</time>
			</trkpt>
			<trkpt lat="35.62863479039703" lon="-82.23148339280651">
				<ele>766.8683979166672</ele>
				<time>2025-06-06T13:46:45Z</time>
			</trkpt>
			<trkpt lat="35.628638536211405" lon="-82.23145226957081">
				<ele>767.1849474739283</ele>
				<time>2025-06-06T13:46:46Z</time>
			</trkpt>
			<trkpt lat="35.62864457166662" lon="-82.23142205986852">
				<ele>766.9157875897363</ele>
				<time>2025-06-06T13:46:47Z</time>
			</trkpt>
			<trkpt lat="35.628641023193715" lon="-82.23139587827256">
				<ele>765.3247339334339</ele>
				<time>2025-06-06T13:46:48Z</time>
			</trkpt>
			<trkpt lat="35.62864240356078" lon="-82.23136144165896">
				<ele>764.866540514864</ele>
				<time>2025-06-06T13:46:49Z</time>
			</trkpt>
			<trkpt lat="35.62864371462962" lon="-82.231335421748">
				<ele>763.5923232231289</ele>
				<time>2025-06-06T13:46:50Z</time>
			</trkpt>
			<trkpt lat="35.6286494651473" lon="-82.23130088301002">
				<ele>762.5848694182932</ele>
				<time>2025-06-06T13:46:51Z</time>
			</trkpt>
			<trkpt lat="35.628645540646666" lon="-82.23126744944815">
				<ele>760.6129777422175</ele>
				<time>2025-06-06T13:46:52Z</time>
			</trkpt>
			<trkpt lat="35.628653897667434" lon="-82.23123668738114">
				<ele>761.1477866536006</ele>
				<time>2025-06-06T13:46:53Z</time>
			</trkpt>
			<trkpt lat="35.62865753516974" lon="-82.23120393636583">
				<ele>760.5133639024571</ele>
				<time>2025-06-06T13:46:54Z</time>
			</trkpt>
			<trkpt lat="35.628663432035886" lon="-82.23117583166383">
				<ele>760.588531264104</ele>
				<time>2025-06-06T13:46:55Z</time>
			</trkpt>
			<trkpt lat="35.62866700207551" lon="-82.23114621006575">
				<ele>762.3583238255233</ele>
				<time>2025-06-06T13:46:56Z</time>
			</trkpt>
			<trkpt lat="35.628669943028875" lon="-82.23111574063273">
				<ele>762.4460198050365</ele>
				<time>2025-06-06T13:46:57Z</time>
			</trkpt>
			<trkpt lat="35.62867061236205" lon="-82.23107390597916">
				<ele>760.207849827595</ele>
				<time>2025-06-06T13:46:58Z</time>
			</trkpt>
			<trkpt lat="35.628673386986016" lon="-82.23102919263535">
				<ele>761.3503641942516</ele>
				<time>2025-06-06T13:46:59Z</time>
			</trkpt>
			<trkpt lat="35.62868875604375" lon="-82.23099177784593">
				<ele>759.6656620688736</ele>
				<time>2025-06-06T13:47:00Z</time>
			</trkpt>
			<trkpt lat="35.628703106041" lon="-82.23095240408006">
				<ele>757.6891656937078</ele>
				<time>2025-06-06T13:47:01Z</time>
			</trkpt>
			<trkpt lat="35.62871753829185" lon="-82.23092410738734">
				<ele>760.4484541350976</ele>
				<time>2025-06-06T13:47:02Z</time>
			</trkpt>
			<trkpt lat="35.62872926505411" lon="-82.23089307338824">
				<ele>760.1379673117772</ele>
				<time>2025-06-06T13:47:03Z</time>
			</trkpt>
			<trkpt lat="35.62874370616836" lon="-82.23085823120357">
				<ele>759.0503697516397</ele>
				<time>2025-06-06T13:47:04Z</time>
			</trkpt>
			<trkpt lat="35.62874585814612" lon="-82.23082221562099">
				<ele>760.5869010034949</ele>
				<time>2025-06-06T13:47:05Z</time>
			</trkpt>
			<trkpt lat="35.628757506194965" lon="-82.2307855601234">
				<ele>759.4600565461442</ele>
				<time>2025-06-06T13:47:06Z</time>
			</trkpt>
			<trkpt lat="35.62876060892162" lon="-82.23074653716014">
				<ele>758.5518593313172</ele>
				<time>2025-06-06T13:47:07Z</time>
			</trkpt>
			<trkpt lat="35.62876769891901" lon="-82.2306980892065">
				<ele>759.665651012212</ele>
				<time>2025-06-06T13:47:08Z</time>
			</trkpt>
			<trkpt lat="35.62878473532528" lon="-82.23065524289404">
				<ele>760.5230560107157</ele>
				<time>2025-06-06T13:47:09Z</time>
			</trkpt>
			<trkpt lat="35.62880994373266" lon="-82.2306138418695">
				<ele>758.7037501810119</ele>
				<time>2025-06-06T13:47:10Z</time>
			</trkpt>
			<trkpt lat="35.62882429919184" lon="-82.23056997809753">
				<ele>758.672606321983</ele>
				<time>2025-06-06T13:47:11Z</time>
			</trkpt>
			<trkpt lat="35.628836632107024" lon="-82.23054328197564">
				<ele>761.12909657415</ele>
				<time>2025-06-06T13:47:12Z</time>
			</trkpt>
			<trkpt lat="35.6288460493984" lon="-82.23049365383079">
				<ele>759.2018212992698</ele>
				<time>2025-06-06T13:47:13Z</time>
			</trkpt>
			<trkpt lat="35.628857084074355" lon="-82.23044104978756">
				<ele>758.9102414147928</ele>
				<time>2025-06-06T13:47:14Z</time>
			</trkpt>
			<trkpt lat="35.628866579212115" lon="-82.23039061712241">
				<ele>758.7887044269592</ele>
				<time>2025-06-06T13:47:15Z</time>
			</trkpt>
			<trkpt lat="35.62887508086574" lon="-82.23034870190698">
				<ele>758.291253587231</ele>
				<time>2025-06-06T13:47:16Z</time>
			</trkpt>
			<trkpt lat="35.62888397109544" lon="-82.2303108635517">
				<ele>757.4963496634737</ele>
				<time>2025-06-06T13:47:17Z</time>
			</trkpt>
			<trkpt lat="35.628896147726074" lon="-82.23027159872402">
				<ele>756.4392273807898</ele>
				<time>2025-06-06T13:47:18Z</time>
			</trkpt>
			<trkpt lat="35.62891278410563" lon="-82.230226021311">
				<ele>754.7322752056643</ele>
				<time>2025-06-06T13:47:19Z</time>
			</trkpt>
			<trkpt lat="35.62892756099488" lon="-82.23018050634828">
				<ele>755.8125958954915</ele>
				<time>2025-06-06T13:47:20Z</time>
			</trkpt>
			<trkpt lat="35.62893530515648" lon="-82.23012709227973">
				<ele>753.4127496741712</ele>
				<time>2025-06-06T13:47:21Z</time>
			</trkpt>
			<trkpt lat="35.628942672401124" lon="-82.23007734105134">
				<ele>753.4681422514841</ele>
				<time>2025-06-06T13:47:22Z</time>
			</trkpt>
			<trkpt lat="35.62894426612666" lon="-82.2300319581858">
				<ele>752.6084030997008</ele>
				<time>2025-06-06T13:47:23Z</time>
			</trkpt>
			<trkpt lat="35.62895022014826" lon="-82.22998757494604">
				<ele>753.146138436161</ele>
				<time>2025-06-06T13:47:24Z</time>
			</trkpt>
			<trkpt lat="35.62895384176471" lon="-82.2299449205305">
				<ele>752.0295296469703</ele>
				<time>2025-06-06T13:47:25Z</time>
			</trkpt>
			<trkpt lat="35.628949790028365" lon="-82.22990752269837">
				<ele>750.3541190745309</ele>
				<time>2025-06-06T13:47:26Z</time>
			</trkpt>
			<trkpt lat="35.6289491903938" lon="-82.22987334960942">
				<ele>748.8842380614951</ele>
				<time>2025-06-06T13:47:27Z</time>
			</trkpt>
			<trkpt lat="35.628952845649394" lon="-82.22983792356543">
				<ele>747.8618520610034</ele>
				<time>2025-06-06T13:47:28Z</time>
			</trkpt>
			<trkpt lat="35.62895654666203" lon="-82.22980634345016">
				<ele>746.9777424251661</ele>
				<time>2025-06-06T13:47:29Z</time>
			</trkpt>
			<trkpt lat="35.628956415038196" lon="-82.22977135616743">
				<ele>745.9549100650474</ele>
				<time>2025-06-06T13:47:30Z</time>
			</trkpt>
			<trkpt lat="35.62895220603571" lon="-82.22974715805496">
				<ele>745.0497443275526</ele>
				<time>2025-06-06T13:47:31Z</time>
			</trkpt>
			<trkpt lat="35.62894958019702" lon="-82.22971025441943">
				<ele>744.3674322403967</ele>
				<time>2025-06-06T13:47:33Z</time>
			</trkpt>
			<trkpt lat="35.62894328389691" lon="-82.2296853511258">
				<ele>743.5787942558527</ele>
				<time>2025-06-06T13:47:34Z</time>
			</trkpt>
			<trkpt lat="35.62893543960787" lon="-82.22965646603441">
				<ele>743.4437916781753</ele>
				<time>2025-06-06T13:47:35Z</time>
			</trkpt>
			<trkpt lat="35.62892954643739" lon="-82.22963005578218">
				<ele>742.8889560485259</ele>
				<time>2025-06-06T13:47:36Z</time>
			</trkpt>
			<trkpt lat="35.628920013603896" lon="-82.2295989658345">
				<ele>742.6241029454395</ele>
				<time>2025-06-06T13:47:37Z</time>
			</trkpt>
			<trkpt lat="35.628910768674395" lon="-82.22957549089395">
				<ele>742.3562692934647</ele>
				<time>2025-06-06T13:47:38Z</time>
			</trkpt>
			<trkpt lat="35.62889156207287" lon="-82.22953060148754">
				<ele>741.901788723655</ele>
				<time>2025-06-06T13:47:39Z</time>
			</trkpt>
			<trkpt lat="35.628878899842164" lon="-82.22949675277977">
				<ele>740.9991365615278</ele>
				<time>2025-06-06T13:47:40Z</time>
			</trkpt>
			<trkpt lat="35.628843738008406" lon="-82.22941432570029">
				<ele>740.4612283566967</ele>
				<time>2025-06-06T13:47:41Z</time>
			</trkpt>
			<trkpt lat="35.62881518828029" lon="-82.22935096370789">
				<ele>739.0271193450317</ele>
				<time>2025-06-06T13:47:42Z</time>
			</trkpt>
			<trkpt lat="35.62878518534551" lon="-82.2292853902801">
				<ele>737.1647594058886</ele>
				<time>2025-06-06T13:47:43Z</time>
			</trkpt>
			<trkpt lat="35.62875307335572" lon="-82.22921520737818">
				<ele>736.8744450462982</ele>
				<time>2025-06-06T13:47:44Z</time>
			</trkpt>
			<trkpt lat="35.62872916036472" lon="-82.22916116991362">
				<ele>737.5685877166688</ele>
				<time>2025-06-06T13:47:45Z</time>
			</trkpt>
			<trkpt lat="35.62870477288695" lon="-82.22910390156193">
				<ele>737.5402989536524</ele>
				<time>2025-06-06T13:47:46Z</time>
			</trkpt>
			<trkpt lat="35.628680069504526" lon="-82.22904338989605">
				<ele>737.1627587135881</ele>
				<time>2025-06-06T13:47:47Z</time>
			</trkpt>
			<trkpt lat="35.628664675858545" lon="-82.22900372940973">
				<ele>736.6851849230006</ele>
				<time>2025-06-06T13:47:48Z</time>
			</trkpt>
			<trkpt lat="35.628648152607056" lon="-82.22896115858862">
				<ele>737.4827959723771</ele>
				<time>2025-06-06T13:47:49Z</time>
			</trkpt>
			<trkpt lat="35.62863360661537" lon="-82.2289164577622">
				<ele>738.8522637886927</ele>
				<time>2025-06-06T13:47:50Z</time>
			</trkpt>
			<trkpt lat="35.62861879790347" lon="-82.22886918995293">
				<ele>738.9180326089263</ele>
				<time>2025-06-06T13:47:51Z</time>
			</trkpt>
			<trkpt lat="35.62860069644038" lon="-82.22880335950225">
				<ele>740.6025455463678</ele>
				<time>2025-06-06T13:47:52Z</time>
			</trkpt>
			<trkpt lat="35.628587354685024" lon="-82.22874696232171">
				<ele>741.5080295233056</ele>
				<time>2025-06-06T13:47:53Z</time>
			</trkpt>
			<trkpt lat="35.62857599940813" lon="-82.22869601093687">
				<ele>743.0525769647211</ele>
				<time>2025-06-06T13:47:54Z</time>
			</trkpt>
			<trkpt lat="35.62856333489833" lon="-82.22863026223702">
				<ele>742.9450211199</ele>
				<time>2025-06-06T13:47:55Z</time>
			</trkpt>
			<trkpt lat="35.62855113517612" lon="-82.228564552826">
				<ele>742.8926784144714</ele>
				<time>2025-06-06T13:47:56Z</time>
			</trkpt>
			<trkpt lat="35.62854105190502" lon="-82.2284994278483">
				<ele>743.357532759197</ele>
				<time>2025-06-06T13:47:57Z</time>
			</trkpt>
			<trkpt lat="35.62853288370378" lon="-82.22844667175325">
				<ele>742.1401952300221</ele>
				<time>2025-06-06T13:47:58Z</time>
			</trkpt>
			<trkpt lat="35.62852561054231" lon="-82.2283964812831">
				<ele>742.5624329838902</ele>
				<time>2025-06-06T13:47:59Z</time>
			</trkpt>
			<trkpt lat="35.62851814200437" lon="-82.22834397346942">
				<ele>742.4553160648793</ele>
				<time>2025-06-06T13:48:00Z</time>
			</trkpt>
			<trkpt lat="35.628511085155516" lon="-82.22829436004757">
				<ele>741.9382359813899</ele>
				<time>2025-06-06T13:48:01Z</time>
			</trkpt>
			<trkpt lat="35.62850516504521" lon="-82.22825273850546">
				<ele>741.1916240202263</ele>
				<time>2025-06-06T13:48:02Z</time>
			</trkpt>
			<trkpt lat="35.62849794521235" lon="-82.22820197921004">
				<ele>738.7501549161971</ele>
				<time>2025-06-06T13:48:03Z</time>
			</trkpt>
			<trkpt lat="35.62849094348784" lon="-82.22815341410197">
				<ele>738.3855084208772</ele>
				<time>2025-06-06T13:48:04Z</time>
			</trkpt>
			<trkpt lat="35.628484780949336" lon="-82.22811420652296">
				<ele>738.3013525726274</ele>
				<time>2025-06-06T13:48:05Z</time>
			</trkpt>
			<trkpt lat="35.6284794007136" lon="-82.22807997614808">
				<ele>738.8562347311527</ele>
				<time>2025-06-06T13:48:06Z</time>
			</trkpt>
			<trkpt lat="35.62847471285265" lon="-82.22805015082659">
				<ele>738.4907217621803</ele>
				<time>2025-06-06T13:48:07Z</time>
			</trkpt>
			<trkpt lat="35.62846863783338" lon="-82.22801399547257">
				<ele>737.8068598983809</ele>
				<time>2025-06-06T13:48:08Z</time>
			</trkpt>
			<trkpt lat="35.62846134887009" lon="-82.2279725673836">
				<ele>736.9821413550526</ele>
				<time>2025-06-06T13:48:09Z</time>
			</trkpt>
			<trkpt lat="35.62845508742614" lon="-82.22793697938334">
				<ele>736.8510941388085</ele>
				<time>2025-06-06T13:48:10Z</time>
			</trkpt>
			<trkpt lat="35.62844868310591" lon="-82.22790057934326">
				<ele>737.1363839870319</ele>
				<time>2025-06-06T13:48:11Z</time>
			</trkpt>
			<trkpt lat="35.62844168906278" lon="-82.22786755695141">
				<ele>736.2636362183839</ele>
				<time>2025-06-06T13:48:12Z</time>
			</trkpt>
			<trkpt lat="35.62843458840227" lon="-82.22783154151777">
				<ele>734.2895513912663</ele>
				<time>2025-06-06T13:48:13Z</time>
			</trkpt>
			<trkpt lat="35.6284234950139" lon="-82.22777527445623">
				<ele>733.528624875471</ele>
				<time>2025-06-06T13:48:14Z</time>
			</trkpt>
			<trkpt lat="35.62841389561871" lon="-82.22772658513169">
				<ele>734.0896038496867</ele>
				<time>2025-06-06T13:48:15Z</time>
			</trkpt>
			<trkpt lat="35.6283990666713" lon="-82.22767889937576">
				<ele>733.9581147348508</ele>
				<time>2025-06-06T13:48:16Z</time>
			</trkpt>
			<trkpt lat="35.628384650536226" lon="-82.22763061086675">
				<ele>734.1978628849611</ele>
				<time>2025-06-06T13:48:17Z</time>
			</trkpt>
			<trkpt lat="35.62837656171577" lon="-82.22758277407182">
				<ele>734.8882341096178</ele>
				<time>2025-06-06T13:48:18Z</time>
			</trkpt>
			<trkpt lat="35.62836038987103" lon="-82.22753168472636">
				<ele>733.7773607103154</ele>
				<time>2025-06-06T13:48:19Z</time>
			</trkpt>
			<trkpt lat="35.628336689182134" lon="-82.2274837704424">
				<ele>730.815051600337</ele>
				<time>2025-06-06T13:48:20Z</time>
			</trkpt>
			<trkpt lat="35.62830730013531" lon="-82.22743108003215">
				<ele>729.9131994741037</ele>
				<time>2025-06-06T13:48:21Z</time>
			</trkpt>
			<trkpt lat="35.62826439750955" lon="-82.22737841284516">
				<ele>727.820989638567</ele>
				<time>2025-06-06T13:48:22Z</time>
			</trkpt>
			<trkpt lat="35.628205288665235" lon="-82.22733424556381">
				<ele>725.2822221368551</ele>
				<time>2025-06-06T13:48:23Z</time>
			</trkpt>
			<trkpt lat="35.62814549643394" lon="-82.22729015558612">
				<ele>724.0550306495279</ele>
				<time>2025-06-06T13:48:24Z</time>
			</trkpt>
			<trkpt lat="35.62808715308618" lon="-82.2272620787627">
				<ele>723.085251186043</ele>
				<time>2025-06-06T13:48:25Z</time>
			</trkpt>
			<trkpt lat="35.62804152572905" lon="-82.22724012130831">
				<ele>722.1022875793278</ele>
				<time>2025-06-06T13:48:26Z</time>
			</trkpt>
			<trkpt lat="35.627991064472056" lon="-82.22720795881486">
				<ele>721.8359138220549</ele>
				<time>2025-06-06T13:48:27Z</time>
			</trkpt>
			<trkpt lat="35.62793923651349" lon="-82.22716256395745">
				<ele>721.3502049287781</ele>
				<time>2025-06-06T13:48:28Z</time>
			</trkpt>
			<trkpt lat="35.627896124524966" lon="-82.22710899599498">
				<ele>721.3698916528374</ele>
				<time>2025-06-06T13:48:29Z</time>
			</trkpt>
			<trkpt lat="35.627857294492294" lon="-82.22704976990659">
				<ele>720.4527828749269</ele>
				<time>2025-06-06T13:48:30Z</time>
			</trkpt>
			<trkpt lat="35.62782591988815" lon="-82.22699596242455">
				<ele>718.8641380881891</ele>
				<time>2025-06-06T13:48:31Z</time>
			</trkpt>
			<trkpt lat="35.62780103599286" lon="-82.22694959055022">
				<ele>717.9105039592832</ele>
				<time>2025-06-06T13:48:32Z</time>
			</trkpt>
			<trkpt lat="35.62777893624205" lon="-82.22690519744512">
				<ele>716.8872276488692</ele>
				<time>2025-06-06T13:48:33Z</time>
			</trkpt>
			<trkpt lat="35.62776065043085" lon="-82.2268676450951">
				<ele>716.7789427917451</ele>
				<time>2025-06-06T13:48:34Z</time>
			</trkpt>
			<trkpt lat="35.627737081373134" lon="-82.22681924289634">
				<ele>717.1324810944498</ele>
				<time>2025-06-06T13:48:35Z</time>
			</trkpt>
			<trkpt lat="35.6277166838783" lon="-82.22677735392368">
				<ele>717.5383442053571</ele>
				<time>2025-06-06T13:48:36Z</time>
			</trkpt>
			<trkpt lat="35.627701138087176" lon="-82.22674542856909">
				<ele>717.285761683248</ele>
				<time>2025-06-06T13:48:37Z</time>
			</trkpt>
			<trkpt lat="35.62767715886286" lon="-82.22669665582495">
				<ele>717.1632689796388</ele>
				<time>2025-06-06T13:48:38Z</time>
			</trkpt>
			<trkpt lat="35.627658150358414" lon="-82.22666053966886">
				<ele>717.2115281634033</ele>
				<time>2025-06-06T13:48:39Z</time>
			</trkpt>
			<trkpt lat="35.62763715162208" lon="-82.22662064207714">
				<ele>716.4569903230295</ele>
				<time>2025-06-06T13:48:40Z</time>
			</trkpt>
			<trkpt lat="35.62761238845881" lon="-82.22657720413564">
				<ele>715.5227520819753</ele>
				<time>2025-06-06T13:48:41Z</time>
			</trkpt>
			<trkpt lat="35.627590656997114" lon="-82.22653838557743">
				<ele>715.4399806987494</ele>
				<time>2025-06-06T13:48:42Z</time>
			</trkpt>
			<trkpt lat="35.6275721575271" lon="-82.22650534027129">
				<ele>715.7013251818717</ele>
				<time>2025-06-06T13:48:43Z</time>
			</trkpt>
			<trkpt lat="35.62754938221538" lon="-82.22646465709633">
				<ele>714.5441477391869</ele>
				<time>2025-06-06T13:48:44Z</time>
			</trkpt>
			<trkpt lat="35.62752638636925" lon="-82.2264235799837">
				<ele>711.657652030699</ele>
				<time>2025-06-06T13:48:45Z</time>
			</trkpt>
			<trkpt lat="35.62750555627327" lon="-82.22638740139612">
				<ele>710.9647455178201</ele>
				<time>2025-06-06T13:48:46Z</time>
			</trkpt>
			<trkpt lat="35.62748703749302" lon="-82.22635577381374">
				<ele>709.0744116278365</ele>
				<time>2025-06-06T13:48:47Z</time>
			</trkpt>
			<trkpt lat="35.627472963797885" lon="-82.22633173783774">
				<ele>707.6490603368729</ele>
				<time>2025-06-06T13:48:48Z</time>
			</trkpt>
			<trkpt lat="35.62745468980419" lon="-82.22630205695063">
				<ele>708.1330930283293</ele>
				<time>2025-06-06T13:48:49Z</time>
			</trkpt>
			<trkpt lat="35.62743821355604" lon="-82.22627722199745">
				<ele>706.9305938174948</ele>
				<time>2025-06-06T13:48:50Z</time>
			</trkpt>
			<trkpt lat="35.627418852345066" lon="-82.22625684847922">
				<ele>706.6958265025169</ele>
				<time>2025-06-06T13:48:51Z</time>
			</trkpt>
			<trkpt lat="35.627392150144146" lon="-82.22623003330162">
				<ele>705.5144607042894</ele>
				<time>2025-06-06T13:48:53Z</time>
			</trkpt>
			<trkpt lat="35.627371551461806" lon="-82.2262180215408">
				<ele>705.8918656008318</ele>
				<time>2025-06-06T13:48:54Z</time>
			</trkpt>
			<trkpt lat="35.627392744667944" lon="-82.22613408876079">
				<ele>705.6560763055459</ele>
				<time>2025-06-06T13:48:55Z</time>
			</trkpt>
			<trkpt lat="35.62739569575868" lon="-82.22611040153251">
				<ele>706.2734904875979</ele>
				<time>2025-06-06T13:48:56Z</time>
			</trkpt>
			<trkpt lat="35.62739218183958" lon="-82.22608188737188">
				<ele>707.1416529873386</ele>
				<time>2025-06-06T13:48:57Z</time>
			</trkpt>
			<trkpt lat="35.62730574363489" lon="-82.22604543397208">
				<ele>706.949964268133</ele>
				<time>2025-06-06T13:48:58Z</time>
			</trkpt>
			<trkpt lat="35.62730480594707" lon="-82.22600144663193">
				<ele>708.0859661744907</ele>
				<time>2025-06-06T13:48:59Z</time>
			</trkpt>
			<trkpt lat="35.627305466163456" lon="-82.22593168743687">
				<ele>707.1371352607384</ele>
				<time>2025-06-06T13:49:00Z</time>
			</trkpt>
			<trkpt lat="35.62730848082423" lon="-82.22585865299507">
				<ele>705.7765625137836</ele>
				<time>2025-06-06T13:49:01Z</time>
			</trkpt>
			<trkpt lat="35.62731181735832" lon="-82.2257793344821">
				<ele>705.6751292860135</ele>
				<time>2025-06-06T13:49:02Z</time>
			</trkpt>
			<trkpt lat="35.62731538242936" lon="-82.22569458303727">
				<ele>704.8564686533064</ele>
				<time>2025-06-06T13:49:03Z</time>
			</trkpt>
			<trkpt lat="35.627317596519646" lon="-82.22561194218301">
				<ele>703.6516244187951</ele>
				<time>2025-06-06T13:49:04Z</time>
			</trkpt>
			<trkpt lat="35.62732181802661" lon="-82.22551920133495">
				<ele>702.4547965824604</ele>
				<time>2025-06-06T13:49:05Z</time>
			</trkpt>
			<trkpt lat="35.62732765267621" lon="-82.22542362000365">
				<ele>700.9139359816909</ele>
				<time>2025-06-06T13:49:06Z</time>
			</trkpt>
			<trkpt lat="35.6273324089484" lon="-82.22534570430517">
				<ele>700.1430713785812</ele>
				<time>2025-06-06T13:49:07Z</time>
			</trkpt>
			<trkpt lat="35.62733314399608" lon="-82.22527579806454">
				<ele>699.2544220741838</ele>
				<time>2025-06-06T13:49:08Z</time>
			</trkpt>
			<trkpt lat="35.62732984176548" lon="-82.22520022602606">
				<ele>698.3137889914215</ele>
				<time>2025-06-06T13:49:09Z</time>
			</trkpt>
			<trkpt lat="35.627320767116274" lon="-82.22512072387632">
				<ele>697.3926671147346</ele>
				<time>2025-06-06T13:49:10Z</time>
			</trkpt>
			<trkpt lat="35.62730684643172" lon="-82.22504795093334">
				<ele>696.9269338967279</ele>
				<time>2025-06-06T13:49:11Z</time>
			</trkpt>
			<trkpt lat="35.62728782648623" lon="-82.22496520058714">
				<ele>695.5651517463848</ele>
				<time>2025-06-06T13:49:12Z</time>
			</trkpt>
			<trkpt lat="35.627262640221815" lon="-82.22487615293642">
				<ele>696.1831228565425</ele>
				<time>2025-06-06T13:49:13Z</time>
			</trkpt>
			<trkpt lat="35.627234382037294" lon="-82.22478732164308">
				<ele>694.1242579892278</ele>
				<time>2025-06-06T13:49:14Z</time>
			</trkpt>
			<trkpt lat="35.62720610435454" lon="-82.22469867415141">
				<ele>690.4533288823441</ele>
				<time>2025-06-06T13:49:15Z</time>
			</trkpt>
			<trkpt lat="35.627175425542994" lon="-82.22460965673588">
				<ele>691.0323388995603</ele>
				<time>2025-06-06T13:49:16Z</time>
			</trkpt>
			<trkpt lat="35.62714764670423" lon="-82.22452899716916">
				<ele>690.4244690695778</ele>
				<time>2025-06-06T13:49:17Z</time>
			</trkpt>
			<trkpt lat="35.627122335006" lon="-82.22445714907182">
				<ele>689.7229237547144</ele>
				<time>2025-06-06T13:49:18Z</time>
			</trkpt>
			<trkpt lat="35.62709919175116" lon="-82.22440843531504">
				<ele>690.3925272263587</ele>
				<time>2025-06-06T13:49:19Z</time>
			</trkpt>
			<trkpt lat="35.62708273072486" lon="-82.22437304497562">
				<ele>691.2173038404435</ele>
				<time>2025-06-06T13:49:20Z</time>
			</trkpt>
			<trkpt lat="35.62707417975307" lon="-82.22434795533664">
				<ele>690.9012857936323</ele>
				<time>2025-06-06T13:49:21Z</time>
			</trkpt>
			<trkpt lat="35.627065585327905" lon="-82.22432505649861">
				<ele>692.8612468382344</ele>
				<time>2025-06-06T13:49:23Z</time>
			</trkpt>
			<trkpt lat="35.627054654604194" lon="-82.22429439348963">
				<ele>691.532088495791</ele>
				<time>2025-06-06T13:49:26Z</time>
			</trkpt>
			<trkpt lat="35.62704560916057" lon="-82.2242558498505">
				<ele>689.5412957929075</ele>
				<time>2025-06-06T13:49:28Z</time>
			</trkpt>
			<trkpt lat="35.62704124925085" lon="-82.22423378905002">
				<ele>689.3429838689044</ele>
				<time>2025-06-06T13:49:29Z</time>
			</trkpt>
			<trkpt lat="35.627032266460624" lon="-82.22420985544856">
				<ele>688.8494275491685</ele>
				<time>2025-06-06T13:49:30Z</time>
			</trkpt>
			<trkpt lat="35.62702411436047" lon="-82.22418813512967">
				<ele>689.1283230641857</ele>
				<time>2025-06-06T13:49:31Z</time>
			</trkpt>
			<trkpt lat="35.627015563420024" lon="-82.22416535213934">
				<ele>688.5427161809057</ele>
				<time>2025-06-06T13:49:32Z</time>
			</trkpt>
			<trkpt lat="35.62699983704252" lon="-82.22412345104958">
				<ele>688.6001158431172</ele>
				<time>2025-06-06T13:49:33Z</time>
			</trkpt>
			<trkpt lat="35.62698622851681" lon="-82.22408944842226">
				<ele>686.9817306622863</ele>
				<time>2025-06-06T13:49:34Z</time>
			</trkpt>
			<trkpt lat="35.62696480898837" lon="-82.22403517997458">
				<ele>685.9586171004921</ele>
				<time>2025-06-06T13:49:35Z</time>
			</trkpt>
			<trkpt lat="35.626936545619195" lon="-82.22396357198839">
				<ele>685.5630480200052</ele>
				<time>2025-06-06T13:49:36Z</time>
			</trkpt>
			<trkpt lat="35.6269185705103" lon="-82.22391803031091">
				<ele>686.5680563887581</ele>
				<time>2025-06-06T13:49:37Z</time>
			</trkpt>
			<trkpt lat="35.62689884662563" lon="-82.2238680579379">
				<ele>685.588498916477</ele>
				<time>2025-06-06T13:49:38Z</time>
			</trkpt>
			<trkpt lat="35.62686870517455" lon="-82.22379169166946">
				<ele>684.2837180588394</ele>
				<time>2025-06-06T13:49:39Z</time>
			</trkpt>
			<trkpt lat="35.626845232548575" lon="-82.22373530572393">
				<ele>683.334473519586</ele>
				<time>2025-06-06T13:49:40Z</time>
			</trkpt>
			<trkpt lat="35.6268219441909" lon="-82.22367880541046">
				<ele>681.9653888177127</ele>
				<time>2025-06-06T13:49:41Z</time>
			</trkpt>
			<trkpt lat="35.62681113207493" lon="-82.22365411719053">
				<ele>680.0247040027753</ele>
				<time>2025-06-06T13:49:42Z</time>
			</trkpt>
			<trkpt lat="35.6267931643773" lon="-82.22361309002783">
				<ele>678.2451796839014</ele>
				<time>2025-06-06T13:49:43Z</time>
			</trkpt>
			<trkpt lat="35.626773875051576" lon="-82.22356904508226">
				<ele>677.1072546495125</ele>
				<time>2025-06-06T13:49:44Z</time>
			</trkpt>
			<trkpt lat="35.62674520798188" lon="-82.2235035871445">
				<ele>675.7060149041936</ele>
				<time>2025-06-06T13:49:45Z</time>
			</trkpt>
			<trkpt lat="35.62672901302097" lon="-82.22346660782068">
				<ele>674.9379544733092</ele>
				<time>2025-06-06T13:49:46Z</time>
			</trkpt>
			<trkpt lat="35.62671392125277" lon="-82.22343217707592">
				<ele>673.4608586421236</ele>
				<time>2025-06-06T13:49:47Z</time>
			</trkpt>
			<trkpt lat="35.62668969219728" lon="-82.2233769153865">
				<ele>673.2084698295221</ele>
				<time>2025-06-06T13:49:48Z</time>
			</trkpt>
			<trkpt lat="35.62666544389497" lon="-82.22332160980262">
				<ele>672.5588744068518</ele>
				<time>2025-06-06T13:49:49Z</time>
			</trkpt>
			<trkpt lat="35.62663843350217" lon="-82.2232600044323">
				<ele>669.4213865501806</ele>
				<time>2025-06-06T13:49:50Z</time>
			</trkpt>
			<trkpt lat="35.62661826819779" lon="-82.22321380347263">
				<ele>669.4179336149246</ele>
				<time>2025-06-06T13:49:51Z</time>
			</trkpt>
			<trkpt lat="35.62659804159196" lon="-82.2231659315026">
				<ele>667.3560033552349</ele>
				<time>2025-06-06T13:49:52Z</time>
			</trkpt>
			<trkpt lat="35.62658326676468" lon="-82.22313096270747">
				<ele>666.7386446995661</ele>
				<time>2025-06-06T13:49:53Z</time>
			</trkpt>
			<trkpt lat="35.62656804195157" lon="-82.22309492889325">
				<ele>666.5655673621222</ele>
				<time>2025-06-06T13:49:54Z</time>
			</trkpt>
			<trkpt lat="35.62655854834148" lon="-82.2230710142959">
				<ele>666.8334233993664</ele>
				<time>2025-06-06T13:49:55Z</time>
			</trkpt>
			<trkpt lat="35.626541354749875" lon="-82.22302468119582">
				<ele>668.8464531274512</ele>
				<time>2025-06-06T13:49:56Z</time>
			</trkpt>
			<trkpt lat="35.626529494861245" lon="-82.22299272129821">
				<ele>668.6248813569546</ele>
				<time>2025-06-06T13:49:58Z</time>
			</trkpt>
			<trkpt lat="35.626553262729054" lon="-82.22302014185">
				<ele>671.549493896775</ele>
				<time>2025-06-06T13:50:02Z</time>
			</trkpt>
			<trkpt lat="35.62655039648365" lon="-82.22298288156846">
				<ele>671.3444630950689</ele>
				<time>2025-06-06T13:50:04Z</time>
			</trkpt>
			<trkpt lat="35.6266247111647" lon="-82.22303854610603">
				<ele>671.1131150927395</ele>
				<time>2025-06-06T13:50:05Z</time>
			</trkpt>
			<trkpt lat="35.62666067782048" lon="-82.22308251384148">
				<ele>672.1709357555956</ele>
				<time>2025-06-06T13:50:06Z</time>
			</trkpt>
			<trkpt lat="35.62669982999347" lon="-82.22310778119976">
				<ele>672.5672268308699</ele>
				<time>2025-06-06T13:50:08Z</time>
			</trkpt>
			<trkpt lat="35.62672552528046" lon="-82.22313080817128">
				<ele>675.3708069166169</ele>
				<time>2025-06-06T13:50:09Z</time>
			</trkpt>
			<trkpt lat="35.626758044795054" lon="-82.22315578110116">
				<ele>676.0823209686205</ele>
				<time>2025-06-06T13:50:11Z</time>
			</trkpt>
			<trkpt lat="35.62677839246556" lon="-82.22317538206674">
				<ele>675.7207811661065</ele>
				<time>2025-06-06T13:50:12Z</time>
			</trkpt>
			<trkpt lat="35.62683487331816" lon="-82.22321840877211">
				<ele>675.7948875054717</ele>
				<time>2025-06-06T13:50:14Z</time>
			</trkpt>
			<trkpt lat="35.626856232762705" lon="-82.22323214975208">
				<ele>674.9952451121062</ele>
				<time>2025-06-06T13:50:15Z</time>
			</trkpt>
			<trkpt lat="35.62689457759617" lon="-82.22324464413622">
				<ele>674.9912065733224</ele>
				<time>2025-06-06T13:50:16Z</time>
			</trkpt>
			<trkpt lat="35.62694168216391" lon="-82.22325482764816">
				<ele>676.2762274015695</ele>
				<time>2025-06-06T13:50:17Z</time>
			</trkpt>
			<trkpt lat="35.62699247543232" lon="-82.22325919985022">
				<ele>677.9118650741875</ele>
				<time>2025-06-06T13:50:18Z</time>
			</trkpt>
			<trkpt lat="35.627026066247794" lon="-82.22325949886304">
				<ele>679.6733077345416</ele>
				<time>2025-06-06T13:50:19Z</time>
			</trkpt>
			<trkpt lat="35.62704820042088" lon="-82.22325848389276">
				<ele>678.7497442234308</ele>
				<time>2025-06-06T13:50:20Z</time>
			</trkpt>
			<trkpt lat="35.62708312651287" lon="-82.22325632097235">
				<ele>680.5723657375202</ele>
				<time>2025-06-06T13:50:21Z</time>
			</trkpt>
			<trkpt lat="35.62711127782664" lon="-82.22325280851474">
				<ele>680.46423525922</ele>
				<time>2025-06-06T13:50:22Z</time>
			</trkpt>
			<trkpt lat="35.62713911628555" lon="-82.22324892169833">
				<ele>679.5088849412277</ele>
				<time>2025-06-06T13:50:23Z</time>
			</trkpt>
			<trkpt lat="35.62718219924164" lon="-82.2232770756463">
				<ele>678.2616483597085</ele>
				<time>2025-06-06T13:50:24Z</time>
			</trkpt>
			<trkpt lat="35.627221815072225" lon="-82.22328608728836">
				<ele>677.1045540934429</ele>
				<time>2025-06-06T13:50:25Z</time>
			</trkpt>
			<trkpt lat="35.62725545067279" lon="-82.2232828445187">
				<ele>677.5273226294667</ele>
				<time>2025-06-06T13:50:26Z</time>
			</trkpt>
			<trkpt lat="35.62728934005359" lon="-82.22328255545625">
				<ele>674.8549914266914</ele>
				<time>2025-06-06T13:50:27Z</time>
			</trkpt>
			<trkpt lat="35.627335353655106" lon="-82.22328165470405">
				<ele>676.1384411901236</ele>
				<time>2025-06-06T13:50:28Z</time>
			</trkpt>
			<trkpt lat="35.627374034432876" lon="-82.22329590063642">
				<ele>673.7504362678155</ele>
				<time>2025-06-06T13:50:29Z</time>
			</trkpt>
			<trkpt lat="35.62740372321498" lon="-82.22334827014677">
				<ele>672.2177988952026</ele>
				<time>2025-06-06T13:50:30Z</time>
			</trkpt>
			<trkpt lat="35.627452995104086" lon="-82.22336521031113">
				<ele>670.6157995229587</ele>
				<time>2025-06-06T13:50:31Z</time>
			</trkpt>
			<trkpt lat="35.627462112401886" lon="-82.223414917576">
				<ele>668.3690260881558</ele>
				<time>2025-06-06T13:50:32Z</time>
			</trkpt>
			<trkpt lat="35.627492855584535" lon="-82.22341099126378">
				<ele>667.374415022321</ele>
				<time>2025-06-06T13:50:33Z</time>
			</trkpt>
			<trkpt lat="35.627530998495075" lon="-82.2234293965441">
				<ele>666.9514961810783</ele>
				<time>2025-06-06T13:50:34Z</time>
			</trkpt>
			<trkpt lat="35.62756404494371" lon="-82.22343413035195">
				<ele>666.1306773703545</ele>
				<time>2025-06-06T13:50:35Z</time>
			</trkpt>
			<trkpt lat="35.62759968677603" lon="-82.22345558394308">
				<ele>664.8476668680087</ele>
				<time>2025-06-06T13:50:36Z</time>
			</trkpt>
			<trkpt lat="35.627617112503835" lon="-82.22347101663689">
				<ele>664.3318230537698</ele>
				<time>2025-06-06T13:50:37Z</time>
			</trkpt>
			<trkpt lat="35.62764261087449" lon="-82.22350221754684">
				<ele>662.6811270471662</ele>
				<time>2025-06-06T13:50:38Z</time>
			</trkpt>
			<trkpt lat="35.627655793483264" lon="-82.22353186155108">
				<ele>662.6423014309257</ele>
				<time>2025-06-06T13:50:39Z</time>
			</trkpt>
			<trkpt lat="35.62765958055061" lon="-82.22356891855233">
				<ele>661.2099807560444</ele>
				<time>2025-06-06T13:50:40Z</time>
			</trkpt>
			<trkpt lat="35.62766349295096" lon="-82.22360001777405">
				<ele>660.63039550744</ele>
				<time>2025-06-06T13:50:41Z</time>
			</trkpt>
			<trkpt lat="35.62766091120097" lon="-82.22364062040131">
				<ele>657.2751615326852</ele>
				<time>2025-06-06T13:50:42Z</time>
			</trkpt>
			<trkpt lat="35.62765752795503" lon="-82.22368116881799">
				<ele>656.0532562928274</ele>
				<time>2025-06-06T13:50:43Z</time>
			</trkpt>
			<trkpt lat="35.627651059444226" lon="-82.22373071887979">
				<ele>655.34569412563</ele>
				<time>2025-06-06T13:50:44Z</time>
			</trkpt>
			<trkpt lat="35.62764365833308" lon="-82.22378160951274">
				<ele>653.2445342931896</ele>
				<time>2025-06-06T13:50:45Z</time>
			</trkpt>
			<trkpt lat="35.627641256472145" lon="-82.22382359878014">
				<ele>652.6385032758117</ele>
				<time>2025-06-06T13:50:46Z</time>
			</trkpt>
			<trkpt lat="35.62763901850717" lon="-82.22386638240569">
				<ele>651.993835316971</ele>
				<time>2025-06-06T13:50:47Z</time>
			</trkpt>
			<trkpt lat="35.627642638256155" lon="-82.22391060620811">
				<ele>650.9771758755669</ele>
				<time>2025-06-06T13:50:48Z</time>
			</trkpt>
			<trkpt lat="35.627650994708354" lon="-82.2239499226033">
				<ele>649.9917639289051</ele>
				<time>2025-06-06T13:50:49Z</time>
			</trkpt>
			<trkpt lat="35.627658845475935" lon="-82.22399689532068">
				<ele>649.6524883667007</ele>
				<time>2025-06-06T13:50:50Z</time>
			</trkpt>
			<trkpt lat="35.62767617977479" lon="-82.22403571843857">
				<ele>649.649132928811</ele>
				<time>2025-06-06T13:50:51Z</time>
			</trkpt>
			<trkpt lat="35.62771459673423" lon="-82.22403593964724">
				<ele>648.9553578682244</ele>
				<time>2025-06-06T13:50:52Z</time>
			</trkpt>
			<trkpt lat="35.627750622870664" lon="-82.22403960266129">
				<ele>648.2704155109823</ele>
				<time>2025-06-06T13:50:53Z</time>
			</trkpt>
			<trkpt lat="35.627793791398574" lon="-82.2240207877789">
				<ele>646.0349965710193</ele>
				<time>2025-06-06T13:50:54Z</time>
			</trkpt>
			<trkpt lat="35.62782688934094" lon="-82.22400193388982">
				<ele>645.7050040643662</ele>
				<time>2025-06-06T13:50:55Z</time>
			</trkpt>
			<trkpt lat="35.62785717216159" lon="-82.22397935329398">
				<ele>645.8351966170594</ele>
				<time>2025-06-06T13:50:56Z</time>
			</trkpt>
			<trkpt lat="35.62787877315486" lon="-82.22396220796404">
				<ele>644.1096160244197</ele>
				<time>2025-06-06T13:50:57Z</time>
			</trkpt>
			<trkpt lat="35.62791025461794" lon="-82.22393035596002">
				<ele>644.07218251843</ele>
				<time>2025-06-06T13:50:58Z</time>
			</trkpt>
			<trkpt lat="35.62793963582655" lon="-82.22389525703976">
				<ele>642.9289169106632</ele>
				<time>2025-06-06T13:50:59Z</time>
			</trkpt>
			<trkpt lat="35.6279757107546" lon="-82.22385061584177">
				<ele>642.3609349615872</ele>
				<time>2025-06-06T13:51:00Z</time>
			</trkpt>
			<trkpt lat="35.62800362523859" lon="-82.22381483348073">
				<ele>640.3923845440149</ele>
				<time>2025-06-06T13:51:01Z</time>
			</trkpt>
			<trkpt lat="35.62802708817863" lon="-82.22378084186103">
				<ele>639.7007347391918</ele>
				<time>2025-06-06T13:51:02Z</time>
			</trkpt>
			<trkpt lat="35.62805561007112" lon="-82.22375692852631">
				<ele>639.4086747206748</ele>
				<time>2025-06-06T13:51:03Z</time>
			</trkpt>
			<trkpt lat="35.62808678471758" lon="-82.2237281294198">
				<ele>638.3178996294737</ele>
				<time>2025-06-06T13:51:04Z</time>
			</trkpt>
			<trkpt lat="35.62811881058632" lon="-82.22370028803576">
				<ele>638.4570558033884</ele>
				<time>2025-06-06T13:51:05Z</time>
			</trkpt>
			<trkpt lat="35.6281476559508" lon="-82.22368893993568">
				<ele>637.3632481135428</ele>
				<time>2025-06-06T13:51:06Z</time>
			</trkpt>
			<trkpt lat="35.6281835610553" lon="-82.22366701633062">
				<ele>637.6037508305162</ele>
				<time>2025-06-06T13:51:07Z</time>
			</trkpt>
			<trkpt lat="35.628225398891736" lon="-82.22364570836965">
				<ele>636.4739295933396</ele>
				<time>2025-06-06T13:51:08Z</time>
			</trkpt>
			<trkpt lat="35.628264458848456" lon="-82.22362650868537">
				<ele>635.5230772448704</ele>
				<time>2025-06-06T13:51:09Z</time>
			</trkpt>
			<trkpt lat="35.6282935120022" lon="-82.22361039609177">
				<ele>634.9009805005044</ele>
				<time>2025-06-06T13:51:10Z</time>
			</trkpt>
			<trkpt lat="35.62831625864315" lon="-82.22360362584483">
				<ele>632.9077758034691</ele>
				<time>2025-06-06T13:51:11Z</time>
			</trkpt>
			<trkpt lat="35.62833326156209" lon="-82.22358496516532">
				<ele>631.8554213708267</ele>
				<time>2025-06-06T13:51:12Z</time>
			</trkpt>
			<trkpt lat="35.628351702323044" lon="-82.22356118664818">
				<ele>631.1974788261577</ele>
				<time>2025-06-06T13:51:13Z</time>
			</trkpt>
			<trkpt lat="35.628371553757276" lon="-82.22353720757008">
				<ele>630.2210085792467</ele>
				<time>2025-06-06T13:51:14Z</time>
			</trkpt>
			<trkpt lat="35.628399021468574" lon="-82.22350793317422">
				<ele>630.9285933943465</ele>
				<time>2025-06-06T13:51:15Z</time>
			</trkpt>
			<trkpt lat="35.628424911806356" lon="-82.22348914521599">
				<ele>631.735992285423</ele>
				<time>2025-06-06T13:51:16Z</time>
			</trkpt>
			<trkpt lat="35.62845447266213" lon="-82.22348358855322">
				<ele>630.1151587767527</ele>
				<time>2025-06-06T13:51:17Z</time>
			</trkpt>
			<trkpt lat="35.62847624511276" lon="-82.22349657514391">
				<ele>630.804384441115</ele>
				<time>2025-06-06T13:51:18Z</time>
			</trkpt>
			<trkpt lat="35.62850042572282" lon="-82.2235429301945">
				<ele>627.5429378263652</ele>
				<time>2025-06-06T13:51:19Z</time>
			</trkpt>
			<trkpt lat="35.62851314164971" lon="-82.22360296204631">
				<ele>626.2651985995471</ele>
				<time>2025-06-06T13:51:20Z</time>
			</trkpt>
			<trkpt lat="35.62853355115731" lon="-82.2236413138889">
				<ele>624.922699819319</ele>
				<time>2025-06-06T13:51:21Z</time>
			</trkpt>
			<trkpt lat="35.62855176604556" lon="-82.22367465763894">
				<ele>624.1414681011811</ele>
				<time>2025-06-06T13:51:22Z</time>
			</trkpt>
			<trkpt lat="35.62857249880466" lon="-82.2237158220391">
				<ele>623.2070885440335</ele>
				<time>2025-06-06T13:51:23Z</time>
			</trkpt>
			<trkpt lat="35.62858805406622" lon="-82.22373798374302">
				<ele>623.1746870642528</ele>
				<time>2025-06-06T13:51:24Z</time>
			</trkpt>
			<trkpt lat="35.62860524418629" lon="-82.22376869576846">
				<ele>621.6936533870175</ele>
				<time>2025-06-06T13:51:25Z</time>
			</trkpt>
			<trkpt lat="35.62861956448889" lon="-82.22379217696259">
				<ele>622.1773913735524</ele>
				<time>2025-06-06T13:51:26Z</time>
			</trkpt>
			<trkpt lat="35.62863871097545" lon="-82.22381266083187">
				<ele>622.0799433402717</ele>
				<time>2025-06-06T13:51:27Z</time>
			</trkpt>
			<trkpt lat="35.62865956866909" lon="-82.22382607750545">
				<ele>620.4963571177796</ele>
				<time>2025-06-06T13:51:28Z</time>
			</trkpt>
			<trkpt lat="35.62868900819506" lon="-82.2238207149622">
				<ele>621.2776871100068</ele>
				<time>2025-06-06T13:51:29Z</time>
			</trkpt>
			<trkpt lat="35.62873879909777" lon="-82.22380416599208">
				<ele>621.5178879955783</ele>
				<time>2025-06-06T13:51:30Z</time>
			</trkpt>
			<trkpt lat="35.62877250350193" lon="-82.22380042351396">
				<ele>621.9003678942099</ele>
				<time>2025-06-06T13:51:31Z</time>
			</trkpt>
			<trkpt lat="35.62880329564912" lon="-82.22379948966608">
				<ele>620.6633572420105</ele>
				<time>2025-06-06T13:51:32Z</time>
			</trkpt>
			<trkpt lat="35.62884281551664" lon="-82.22379757539129">
				<ele>620.3122946331277</ele>
				<time>2025-06-06T13:51:33Z</time>
			</trkpt>
			<trkpt lat="35.628885120524025" lon="-82.22378151475024">
				<ele>619.7686980338767</ele>
				<time>2025-06-06T13:51:34Z</time>
			</trkpt>
			<trkpt lat="35.62892769672998" lon="-82.22376387317233">
				<ele>618.946516500786</ele>
				<time>2025-06-06T13:51:35Z</time>
			</trkpt>
			<trkpt lat="35.62896479505057" lon="-82.22375598013907">
				<ele>618.7894941661507</ele>
				<time>2025-06-06T13:51:36Z</time>
			</trkpt>
			<trkpt lat="35.62900720627139" lon="-82.22373637510078">
				<ele>618.3957346165553</ele>
				<time>2025-06-06T13:51:37Z</time>
			</trkpt>
			<trkpt lat="35.62904968892068" lon="-82.223726855581">
				<ele>618.1621459200978</ele>
				<time>2025-06-06T13:51:38Z</time>
			</trkpt>
			<trkpt lat="35.629089472623754" lon="-82.22373359669903">
				<ele>617.2048846138641</ele>
				<time>2025-06-06T13:51:39Z</time>
			</trkpt>
			<trkpt lat="35.62912860121578" lon="-82.22372739086207">
				<ele>616.9041591724381</ele>
				<time>2025-06-06T13:51:40Z</time>
			</trkpt>
			<trkpt lat="35.629160358005294" lon="-82.223718400298">
				<ele>616.8744507264346</ele>
				<time>2025-06-06T13:51:41Z</time>
			</trkpt>
			<trkpt lat="35.62918618960343" lon="-82.22371158915489">
				<ele>617.4027274539694</ele>
				<time>2025-06-06T13:51:42Z</time>
			</trkpt>
			<trkpt lat="35.629207963637725" lon="-82.2237139739102">
				<ele>615.3125304654241</ele>
				<time>2025-06-06T13:51:43Z</time>
			</trkpt>
			<trkpt lat="35.62923578365162" lon="-82.22370065800052">
				<ele>614.7647271966562</ele>
				<time>2025-06-06T13:51:44Z</time>
			</trkpt>
			<trkpt lat="35.629267778497685" lon="-82.22368706327936">
				<ele>615.0757736628875</ele>
				<time>2025-06-06T13:51:45Z</time>
			</trkpt>
			<trkpt lat="35.62929761888304" lon="-82.22366333510948">
				<ele>614.7241617748514</ele>
				<time>2025-06-06T13:51:46Z</time>
			</trkpt>
			<trkpt lat="35.629316740276" lon="-82.22363992324978">
				<ele>615.1864584432915</ele>
				<time>2025-06-06T13:51:47Z</time>
			</trkpt>
			<trkpt lat="35.6293341052733" lon="-82.22364638947164">
				<ele>612.373786768876</ele>
				<time>2025-06-06T13:51:48Z</time>
			</trkpt>
			<trkpt lat="35.629369252725425" lon="-82.22363597364578">
				<ele>614.0705487467349</ele>
				<time>2025-06-06T13:51:49Z</time>
			</trkpt>
			<trkpt lat="35.629419849476925" lon="-82.22362061735815">
				<ele>614.1721342746168</ele>
				<time>2025-06-06T13:51:50Z</time>
			</trkpt>
			<trkpt lat="35.629475013867555" lon="-82.2236065836591">
				<ele>613.4583508307114</ele>
				<time>2025-06-06T13:51:51Z</time>
			</trkpt>
			<trkpt lat="35.629524497210944" lon="-82.22358183583205">
				<ele>612.0404201578349</ele>
				<time>2025-06-06T13:51:52Z</time>
			</trkpt>
			<trkpt lat="35.62957941982065" lon="-82.22355474345554">
				<ele>611.838806306012</ele>
				<time>2025-06-06T13:51:53Z</time>
			</trkpt>
			<trkpt lat="35.62963135413633" lon="-82.22353364256836">
				<ele>610.610259398818</ele>
				<time>2025-06-06T13:51:54Z</time>
			</trkpt>
			<trkpt lat="35.629664085151695" lon="-82.22351762293286">
				<ele>610.4915952701122</ele>
				<time>2025-06-06T13:51:55Z</time>
			</trkpt>
			<trkpt lat="35.629691279926966" lon="-82.22350225918828">
				<ele>610.3085175184533</ele>
				<time>2025-06-06T13:51:56Z</time>
			</trkpt>
			<trkpt lat="35.629712770577626" lon="-82.2234873573573">
				<ele>609.5926298089325</ele>
				<time>2025-06-06T13:51:57Z</time>
			</trkpt>
			<trkpt lat="35.6297374228079" lon="-82.22348573341034">
				<ele>608.9793431516737</ele>
				<time>2025-06-06T13:51:58Z</time>
			</trkpt>
			<trkpt lat="35.629758065771924" lon="-82.22348960167201">
				<ele>608.7352674985304</ele>
				<time>2025-06-06T13:51:59Z</time>
			</trkpt>
			<trkpt lat="35.62979975111543" lon="-82.22349933943717">
				<ele>609.4645938621834</ele>
				<time>2025-06-06T13:52:01Z</time>
			</trkpt>
			<trkpt lat="35.62982782620857" lon="-82.22349715972392">
				<ele>609.3471513101831</ele>
				<time>2025-06-06T13:52:03Z</time>
			</trkpt>
			<trkpt lat="35.629848479092345" lon="-82.22347181267398">
				<ele>610.3128311727196</ele>
				<time>2025-06-06T13:52:04Z</time>
			</trkpt>
			<trkpt lat="35.6298733024088" lon="-82.22345232856637">
				<ele>609.7919881371781</ele>
				<time>2025-06-06T13:52:05Z</time>
			</trkpt>
			<trkpt lat="35.62990351609694" lon="-82.2234337392179">
				<ele>609.7846777439117</ele>
				<time>2025-06-06T13:52:06Z</time>
			</trkpt>
			<trkpt lat="35.62993759628617" lon="-82.22341981478279">
				<ele>608.2519282866269</ele>
				<time>2025-06-06T13:52:07Z</time>
			</trkpt>
			<trkpt lat="35.62998277407996" lon="-82.22338613263398">
				<ele>608.3247440448031</ele>
				<time>2025-06-06T13:52:08Z</time>
			</trkpt>
			<trkpt lat="35.63002644192718" lon="-82.22334383730075">
				<ele>607.5827411422506</ele>
				<time>2025-06-06T13:52:09Z</time>
			</trkpt>
			<trkpt lat="35.63006668554237" lon="-82.22329464532683">
				<ele>605.9431347465143</ele>
				<time>2025-06-06T13:52:10Z</time>
			</trkpt>
			<trkpt lat="35.630112379179984" lon="-82.22322791000316">
				<ele>604.8107535438612</ele>
				<time>2025-06-06T13:52:11Z</time>
			</trkpt>
			<trkpt lat="35.63015484651324" lon="-82.22316463246588">
				<ele>604.676168252714</ele>
				<time>2025-06-06T13:52:12Z</time>
			</trkpt>
			<trkpt lat="35.630197546744064" lon="-82.22311349071535">
				<ele>603.8133018054068</ele>
				<time>2025-06-06T13:52:13Z</time>
			</trkpt>
			<trkpt lat="35.63023284188979" lon="-82.22306852586789">
				<ele>602.9125775098801</ele>
				<time>2025-06-06T13:52:14Z</time>
			</trkpt>
			<trkpt lat="35.6302684564891" lon="-82.22301937975713">
				<ele>602.7279220661148</ele>
				<time>2025-06-06T13:52:15Z</time>
			</trkpt>
			<trkpt lat="35.63029034697977" lon="-82.22298028681502">
				<ele>601.551326748915</ele>
				<time>2025-06-06T13:52:16Z</time>
			</trkpt>
			<trkpt lat="35.630314794518235" lon="-82.22295250033994">
				<ele>600.3723136549816</ele>
				<time>2025-06-06T13:52:17Z</time>
			</trkpt>
			<trkpt lat="35.630344159248615" lon="-82.2229299166239">
				<ele>599.3019425505772</ele>
				<time>2025-06-06T13:52:18Z</time>
			</trkpt>
			<trkpt lat="35.63037176953135" lon="-82.22289634327149">
				<ele>599.9141842182726</ele>
				<time>2025-06-06T13:52:19Z</time>
			</trkpt>
			<trkpt lat="35.63038563688665" lon="-82.22287546895846">
				<ele>598.0725267557427</ele>
				<time>2025-06-06T13:52:20Z</time>
			</trkpt>
			<trkpt lat="35.63040570491486" lon="-82.22285008076125">
				<ele>597.3711876031011</ele>
				<time>2025-06-06T13:52:21Z</time>
			</trkpt>
			<trkpt lat="35.63042801911173" lon="-82.22282028479303">
				<ele>595.4520438006148</ele>
				<time>2025-06-06T13:52:22Z</time>
			</trkpt>
			<trkpt lat="35.63045154848936" lon="-82.22279948655051">
				<ele>594.6070442413911</ele>
				<time>2025-06-06T13:52:23Z</time>
			</trkpt>
			<trkpt lat="35.63047357731755" lon="-82.22278466537057">
				<ele>594.1694378005341</ele>
				<time>2025-06-06T13:52:24Z</time>
			</trkpt>
			<trkpt lat="35.630501451109495" lon="-82.22276206833263">
				<ele>591.7383011877537</ele>
				<time>2025-06-06T13:52:26Z</time>
			</trkpt>
			<trkpt lat="35.63051055406983" lon="-82.22272193424922">
				<ele>589.4052911102772</ele>
				<time>2025-06-06T13:52:28Z</time>
			</trkpt>
			<trkpt lat="35.630509540962294" lon="-82.22269894467895">
				<ele>588.6135127516463</ele>
				<time>2025-06-06T13:52:29Z</time>
			</trkpt>
			<trkpt lat="35.630496983191534" lon="-82.22267970611166">
				<ele>587.7823122274131</ele>
				<time>2025-06-06T13:52:30Z</time>
			</trkpt>
			<trkpt lat="35.6304778894816" lon="-82.2226735752525">
				<ele>585.3098753709346</ele>
				<time>2025-06-06T13:52:31Z</time>
			</trkpt>
			<trkpt lat="35.63045650361563" lon="-82.22266224576015">
				<ele>584.6226670295</ele>
				<time>2025-06-06T13:52:32Z</time>
			</trkpt>
			<trkpt lat="35.63043651559166" lon="-82.22264089728162">
				<ele>584.0172820063308</ele>
				<time>2025-06-06T13:52:33Z</time>
			</trkpt>
			<trkpt lat="35.6304150203997" lon="-82.22263721985924">
				<ele>583.4900617012754</ele>
				<time>2025-06-06T13:52:34Z</time>
			</trkpt>
			<trkpt lat="35.630392138971004" lon="-82.22263005944532">
				<ele>582.8671321989968</ele>
				<time>2025-06-06T13:52:35Z</time>
			</trkpt>
			<trkpt lat="35.63036443137034" lon="-82.22261983569214">
				<ele>583.4497472429648</ele>
				<time>2025-06-06T13:52:36Z</time>
			</trkpt>
			<trkpt lat="35.63033571494876" lon="-82.22262313841617">
				<ele>583.3202013159171</ele>
				<time>2025-06-06T13:52:37Z</time>
			</trkpt>
			<trkpt lat="35.630303926450075" lon="-82.22261808935194">
				<ele>582.9342130208388</ele>
				<time>2025-06-06T13:52:38Z</time>
			</trkpt>
			<trkpt lat="35.630240254814304" lon="-82.2226230207641">
				<ele>582.3901876378804</ele>
				<time>2025-06-06T13:52:39Z</time>
			</trkpt>
			<trkpt lat="35.63017607156894" lon="-82.22261671054683">
				<ele>581.857114459388</ele>
				<time>2025-06-06T13:52:40Z</time>
			</trkpt>
			<trkpt lat="35.63012588959433" lon="-82.22260303311236">
				<ele>581.142557698302</ele>
				<time>2025-06-06T13:52:41Z</time>
			</trkpt>
			<trkpt lat="35.63007928506361" lon="-82.22259864821332">
				<ele>580.6893733032048</ele>
				<time>2025-06-06T13:52:42Z</time>
			</trkpt>
			<trkpt lat="35.630029762234834" lon="-82.22259597586422">
				<ele>580.0098200468346</ele>
				<time>2025-06-06T13:52:43Z</time>
			</trkpt>
			<trkpt lat="35.629975276913726" lon="-82.22259467534514">
				<ele>580.3645505253226</ele>
				<time>2025-06-06T13:52:45Z</time>
			</trkpt>
			<trkpt lat="35.6299488750243" lon="-82.22259797864136">
				<ele>579.8209162699059</ele>
				<time>2025-06-06T13:52:46Z</time>
			</trkpt>
			<trkpt lat="35.62992011785084" lon="-82.22259846715367">
				<ele>579.9937177076936</ele>
				<time>2025-06-06T13:52:47Z</time>
			</trkpt>
			<trkpt lat="35.629890428643556" lon="-82.22260257556266">
				<ele>578.7391593791544</ele>
				<time>2025-06-06T13:52:48Z</time>
			</trkpt>
			<trkpt lat="35.62985879473087" lon="-82.2225987694323">
				<ele>577.676232191734</ele>
				<time>2025-06-06T13:52:49Z</time>
			</trkpt>
			<trkpt lat="35.62982704353752" lon="-82.22258726563945">
				<ele>577.5217630183324</ele>
				<time>2025-06-06T13:52:50Z</time>
			</trkpt>
			<trkpt lat="35.62981676554001" lon="-82.22256410827924">
				<ele>576.793578623794</ele>
				<time>2025-06-06T13:52:51Z</time>
			</trkpt>
			<trkpt lat="35.62979974006745" lon="-82.22253385934789">
				<ele>575.4979717750102</ele>
				<time>2025-06-06T13:52:52Z</time>
			</trkpt>
			<trkpt lat="35.629789150845035" lon="-82.22250673923386">
				<ele>575.8775405120105</ele>
				<time>2025-06-06T13:52:53Z</time>
			</trkpt>
			<trkpt lat="35.62979528839211" lon="-82.22248372937794">
				<ele>574.5126874661073</ele>
				<time>2025-06-06T13:52:55Z</time>
			</trkpt>
			<trkpt lat="35.62980018615827" lon="-82.22245992088166">
				<ele>573.6507874196395</ele>
				<time>2025-06-06T13:52:56Z</time>
			</trkpt>
			<trkpt lat="35.629796089598806" lon="-82.22243038032278">
				<ele>572.9036218337715</ele>
				<time>2025-06-06T13:52:57Z</time>
			</trkpt>
			<trkpt lat="35.6297922721688" lon="-82.22240668069372">
				<ele>571.3398707062006</ele>
				<time>2025-06-06T13:52:58Z</time>
			</trkpt>
			<trkpt lat="35.62979209164723" lon="-82.22237241432047">
				<ele>571.2214387301356</ele>
				<time>2025-06-06T13:52:59Z</time>
			</trkpt>
			<trkpt lat="35.629797954739196" lon="-82.2223436349405">
				<ele>571.0690307701007</ele>
				<time>2025-06-06T13:53:00Z</time>
			</trkpt>
			<trkpt lat="35.629814686980936" lon="-82.22232744044076">
				<ele>570.2168175801635</ele>
				<time>2025-06-06T13:53:01Z</time>
			</trkpt>
			<trkpt lat="35.62984348371885" lon="-82.22230683909777">
				<ele>569.2139898706228</ele>
				<time>2025-06-06T13:53:02Z</time>
			</trkpt>
			<trkpt lat="35.6298625290487" lon="-82.22228925797448">
				<ele>568.4496146794409</ele>
				<time>2025-06-06T13:53:03Z</time>
			</trkpt>
			<trkpt lat="35.629885286582216" lon="-82.22224860941954">
				<ele>567.3131916448474</ele>
				<time>2025-06-06T13:53:04Z</time>
			</trkpt>
			<trkpt lat="35.62991085199909" lon="-82.22221634434915">
				<ele>567.2963090464473</ele>
				<time>2025-06-06T13:53:05Z</time>
			</trkpt>
			<trkpt lat="35.62993785028664" lon="-82.2221971991996">
				<ele>566.9405343858525</ele>
				<time>2025-06-06T13:53:06Z</time>
			</trkpt>
			<trkpt lat="35.62996726039086" lon="-82.22218983191674">
				<ele>566.9755718111992</ele>
				<time>2025-06-06T13:53:07Z</time>
			</trkpt>
			<trkpt lat="35.62999805376257" lon="-82.22220246919811">
				<ele>564.7034447444603</ele>
				<time>2025-06-06T13:53:08Z</time>
			</trkpt>
			<trkpt lat="35.63002383536668" lon="-82.22220705511087">
				<ele>562.5718786064535</ele>
				<time>2025-06-06T13:53:09Z</time>
			</trkpt>
			<trkpt lat="35.63004547487596" lon="-82.2222124858008">
				<ele>564.1647598231211</ele>
				<time>2025-06-06T13:53:10Z</time>
			</trkpt>
			<trkpt lat="35.63006836730642" lon="-82.22221560293082">
				<ele>564.5001403838396</ele>
				<time>2025-06-06T13:53:11Z</time>
			</trkpt>
			<trkpt lat="35.630089559354516" lon="-82.22221071961182">
				<ele>563.5456372266635</ele>
				<time>2025-06-06T13:53:12Z</time>
			</trkpt>
			<trkpt lat="35.63010931271879" lon="-82.22220317423101">
				<ele>563.1340692210943</ele>
				<time>2025-06-06T13:53:13Z</time>
			</trkpt>
			<trkpt lat="35.630132427696765" lon="-82.22219245518303">
				<ele>561.9606798114255</ele>
				<time>2025-06-06T13:53:14Z</time>
			</trkpt>
			<trkpt lat="35.63015764360392" lon="-82.22216014107086">
				<ele>562.1163947386667</ele>
				<time>2025-06-06T13:53:15Z</time>
			</trkpt>
			<trkpt lat="35.630185178759575" lon="-82.22213342340115">
				<ele>561.2202012725174</ele>
				<time>2025-06-06T13:53:16Z</time>
			</trkpt>
			<trkpt lat="35.630210434016576" lon="-82.22211134603803">
				<ele>559.143231863156</ele>
				<time>2025-06-06T13:53:17Z</time>
			</trkpt>
			<trkpt lat="35.63024343480878" lon="-82.22208350887055">
				<ele>559.7342712720856</ele>
				<time>2025-06-06T13:53:18Z</time>
			</trkpt>
			<trkpt lat="35.630271488674865" lon="-82.22205722599077">
				<ele>559.2444023620337</ele>
				<time>2025-06-06T13:53:19Z</time>
			</trkpt>
			<trkpt lat="35.63030200248391" lon="-82.22202824181271">
				<ele>559.029330169782</ele>
				<time>2025-06-06T13:53:20Z</time>
			</trkpt>
			<trkpt lat="35.630346165141916" lon="-82.22200729885942">
				<ele>557.6368076549843</ele>
				<time>2025-06-06T13:53:21Z</time>
			</trkpt>
			<trkpt lat="35.63036931487706" lon="-82.22199394283722">
				<ele>557.2437790995464</ele>
				<time>2025-06-06T13:53:22Z</time>
			</trkpt>
			<trkpt lat="35.630410121739985" lon="-82.22200309346474">
				<ele>556.1399207040668</ele>
				<time>2025-06-06T13:53:23Z</time>
			</trkpt>
			<trkpt lat="35.63044917269234" lon="-82.22199315282138">
				<ele>555.464089195244</ele>
				<time>2025-06-06T13:53:24Z</time>
			</trkpt>
			<trkpt lat="35.63047603679459" lon="-82.2219795037748">
				<ele>555.0289037693292</ele>
				<time>2025-06-06T13:53:25Z</time>
			</trkpt>
			<trkpt lat="35.630509232164385" lon="-82.2219622383566">
				<ele>553.3312411392108</ele>
				<time>2025-06-06T13:53:26Z</time>
			</trkpt>
			<trkpt lat="35.63054563709131" lon="-82.22193342656828">
				<ele>552.9424548530951</ele>
				<time>2025-06-06T13:53:27Z</time>
			</trkpt>
			<trkpt lat="35.63057740292964" lon="-82.22191270205572">
				<ele>552.1557682426646</ele>
				<time>2025-06-06T13:53:28Z</time>
			</trkpt>
			<trkpt lat="35.63061966100289" lon="-82.22189568219854">
				<ele>550.9631792232394</ele>
				<time>2025-06-06T13:53:29Z</time>
			</trkpt>
			<trkpt lat="35.630653852322645" lon="-82.22188637350739">
				<ele>549.1162832118571</ele>
				<time>2025-06-06T13:53:30Z</time>
			</trkpt>
			<trkpt lat="35.630691830524164" lon="-82.22187911078433">
				<ele>548.4579894468188</ele>
				<time>2025-06-06T13:53:31Z</time>
			</trkpt>
			<trkpt lat="35.63073100282234" lon="-82.22187734417956">
				<ele>548.7751525947824</ele>
				<time>2025-06-06T13:53:32Z</time>
			</trkpt>
			<trkpt lat="35.63077201611614" lon="-82.22188250475504">
				<ele>546.1222953302786</ele>
				<time>2025-06-06T13:53:33Z</time>
			</trkpt>
			<trkpt lat="35.63080563748112" lon="-82.2218959601952">
				<ele>545.8218044266105</ele>
				<time>2025-06-06T13:53:34Z</time>
			</trkpt>
			<trkpt lat="35.630844692893405" lon="-82.22190982114078">
				<ele>542.8177703907713</ele>
				<time>2025-06-06T13:53:35Z</time>
			</trkpt>
			<trkpt lat="35.630881422179314" lon="-82.22192283192047">
				<ele>541.960735719651</ele>
				<time>2025-06-06T13:53:36Z</time>
			</trkpt>
			<trkpt lat="35.630921036073104" lon="-82.2219145766073">
				<ele>540.5478951204568</ele>
				<time>2025-06-06T13:53:37Z</time>
			</trkpt>
			<trkpt lat="35.63096718690219" lon="-82.2218965478155">
				<ele>539.6495453780517</ele>
				<time>2025-06-06T13:53:38Z</time>
			</trkpt>
			<trkpt lat="35.631014775821605" lon="-82.22189054034979">
				<ele>539.8734815549105</ele>
				<time>2025-06-06T13:53:39Z</time>
			</trkpt>
			<trkpt lat="35.63105117253987" lon="-82.22187937792198">
				<ele>538.4401066256687</ele>
				<time>2025-06-06T13:53:40Z</time>
			</trkpt>
			<trkpt lat="35.63108594209145" lon="-82.22184387702207">
				<ele>537.8670027153566</ele>
				<time>2025-06-06T13:53:41Z</time>
			</trkpt>
			<trkpt lat="35.631109787332356" lon="-82.22180476131207">
				<ele>538.1614978145808</ele>
				<time>2025-06-06T13:53:42Z</time>
			</trkpt>
			<trkpt lat="35.63114859562834" lon="-82.22178509464837">
				<ele>535.6743373256177</ele>
				<time>2025-06-06T13:53:43Z</time>
			</trkpt>
			<trkpt lat="35.63118542050398" lon="-82.2217709749377">
				<ele>534.9659756943583</ele>
				<time>2025-06-06T13:53:44Z</time>
			</trkpt>
			<trkpt lat="35.6312228900558" lon="-82.22174857332979">
				<ele>535.4974346151575</ele>
				<time>2025-06-06T13:53:45Z</time>
			</trkpt>
			<trkpt lat="35.631251258632126" lon="-82.22172425069206">
				<ele>536.5618120422587</ele>
				<time>2025-06-06T13:53:46Z</time>
			</trkpt>
			<trkpt lat="35.63129785625752" lon="-82.22170590512421">
				<ele>536.6932089766487</ele>
				<time>2025-06-06T13:53:47Z</time>
			</trkpt>
			<trkpt lat="35.63134081669529" lon="-82.22168402271441">
				<ele>535.932792189531</ele>
				<time>2025-06-06T13:53:48Z</time>
			</trkpt>
			<trkpt lat="35.6313599538305" lon="-82.22167436164713">
				<ele>536.8882338404655</ele>
				<time>2025-06-06T13:53:49Z</time>
			</trkpt>
			<trkpt lat="35.631376057543584" lon="-82.22165937333644">
				<ele>536.8491606572643</ele>
				<time>2025-06-06T13:53:50Z</time>
			</trkpt>
			<trkpt lat="35.631402751660495" lon="-82.22164468692357">
				<ele>538.4508740538731</ele>
				<time>2025-06-06T13:53:52Z</time>
			</trkpt>
			<trkpt lat="35.631421653322" lon="-82.22164897042565">
				<ele>536.0552784102038</ele>
				<time>2025-06-06T13:53:53Z</time>
			</trkpt>
			<trkpt lat="35.631444995061095" lon="-82.22164537704799">
				<ele>537.5565095096827</ele>
				<time>2025-06-06T13:53:54Z</time>
			</trkpt>
			<trkpt lat="35.631469462400595" lon="-82.22163013351694">
				<ele>538.8536547813565</ele>
				<time>2025-06-06T13:53:55Z</time>
			</trkpt>
			<trkpt lat="35.63149519175877" lon="-82.22161671360566">
				<ele>539.7620954466984</ele>
				<time>2025-06-06T13:53:56Z</time>
			</trkpt>
			<trkpt lat="35.63151732898864" lon="-82.22160137432574">
				<ele>536.8441631393507</ele>
				<time>2025-06-06T13:53:57Z</time>
			</trkpt>
			<trkpt lat="35.63153648846371" lon="-82.22158497850404">
				<ele>536.325727198273</ele>
				<time>2025-06-06T13:53:58Z</time>
			</trkpt>
			<trkpt lat="35.63155473663096" lon="-82.22156666357839">
				<ele>535.7564948322251</ele>
				<time>2025-06-06T13:53:59Z</time>
			</trkpt>
			<trkpt lat="35.63157316855505" lon="-82.22154211289786">
				<ele>536.3112649358809</ele>
				<time>2025-06-06T13:54:00Z</time>
			</trkpt>
			<trkpt lat="35.631595003539694" lon="-82.22153323856288">
				<ele>536.3330455692485</ele>
				<time>2025-06-06T13:54:01Z</time>
			</trkpt>
			<trkpt lat="35.63163319762936" lon="-82.22153690536047">
				<ele>533.3011040817946</ele>
				<time>2025-06-06T13:54:03Z</time>
			</trkpt>
			<trkpt lat="35.631651152312074" lon="-82.2215288086533">
				<ele>534.7309694290161</ele>
				<time>2025-06-06T13:54:04Z</time>
			</trkpt>
			<trkpt lat="35.631673341636414" lon="-82.2215157365209">
				<ele>535.3365356391296</ele>
				<time>2025-06-06T13:54:05Z</time>
			</trkpt>
			<trkpt lat="35.631693604211996" lon="-82.22150580245336">
				<ele>535.2964226575568</ele>
				<time>2025-06-06T13:54:06Z</time>
			</trkpt>
			<trkpt lat="35.63171461451484" lon="-82.22149837156857">
				<ele>533.0934108747169</ele>
				<time>2025-06-06T13:54:07Z</time>
			</trkpt>
			<trkpt lat="35.631738611668176" lon="-82.22149158318383">
				<ele>534.1446175593883</ele>
				<time>2025-06-06T13:54:08Z</time>
			</trkpt>
			<trkpt lat="35.63176662652019" lon="-82.2214922803115">
				<ele>532.9127311557531</ele>
				<time>2025-06-06T13:54:09Z</time>
			</trkpt>
			<trkpt lat="35.63179558007443" lon="-82.2214949524049">
				<ele>533.0771001521498</ele>
				<time>2025-06-06T13:54:10Z</time>
			</trkpt>
			<trkpt lat="35.631826670503955" lon="-82.22151412208291">
				<ele>531.3224135013297</ele>
				<time>2025-06-06T13:54:11Z</time>
			</trkpt>
			<trkpt lat="35.63186043866021" lon="-82.22152263579211">
				<ele>530.9843707988039</ele>
				<time>2025-06-06T13:54:12Z</time>
			</trkpt>
			<trkpt lat="35.63189341416184" lon="-82.22152734062225">
				<ele>531.6934968661517</ele>
				<time>2025-06-06T13:54:13Z</time>
			</trkpt>
			<trkpt lat="35.631922643532626" lon="-82.22151463960355">
				<ele>531.490740637295</ele>
				<time>2025-06-06T13:54:14Z</time>
			</trkpt>
			<trkpt lat="35.63195652052107" lon="-82.2215029511131">
				<ele>531.8813884127885</ele>
				<time>2025-06-06T13:54:15Z</time>
			</trkpt>
			<trkpt lat="35.63199525118718" lon="-82.22149744397605">
				<ele>531.632443100214</ele>
				<time>2025-06-06T13:54:16Z</time>
			</trkpt>
			<trkpt lat="35.632060049673576" lon="-82.22147733232948">
				<ele>532.0870916135609</ele>
				<time>2025-06-06T13:54:17Z</time>
			</trkpt>
			<trkpt lat="35.632126941844" lon="-82.22148009911449">
				<ele>529.7251458000392</ele>
				<time>2025-06-06T13:54:18Z</time>
			</trkpt>
			<trkpt lat="35.63219627106891" lon="-82.22147998921137">
				<ele>529.4711049282923</ele>
				<time>2025-06-06T13:54:19Z</time>
			</trkpt>
			<trkpt lat="35.63226690017558" lon="-82.22149638823903">
				<ele>530.3760182186961</ele>
				<time>2025-06-06T13:54:20Z</time>
			</trkpt>
			<trkpt lat="35.63233420337603" lon="-82.22150277841277">
				<ele>526.6415729383007</ele>
				<time>2025-06-06T13:54:21Z</time>
			</trkpt>
			<trkpt lat="35.63238264346714" lon="-82.22150507788344">
				<ele>526.9049240434542</ele>
				<time>2025-06-06T13:54:22Z</time>
			</trkpt>
			<trkpt lat="35.6324316592541" lon="-82.22149685803235">
				<ele>525.5626560011879</ele>
				<time>2025-06-06T13:54:23Z</time>
			</trkpt>
			<trkpt lat="35.63249549463307" lon="-82.22146320904795">
				<ele>523.7009218931198</ele>
				<time>2025-06-06T13:54:24Z</time>
			</trkpt>
			<trkpt lat="35.63255071339834" lon="-82.2214335110984">
				<ele>522.7755869701505</ele>
				<time>2025-06-06T13:54:25Z</time>
			</trkpt>
			<trkpt lat="35.63260024480177" lon="-82.22141123503788">
				<ele>523.5603871624917</ele>
				<time>2025-06-06T13:54:26Z</time>
			</trkpt>
			<trkpt lat="35.63265636178512" lon="-82.22140609344679">
				<ele>522.5194279495627</ele>
				<time>2025-06-06T13:54:27Z</time>
			</trkpt>
			<trkpt lat="35.63270755970771" lon="-82.22139806185793">
				<ele>521.5936100017279</ele>
				<time>2025-06-06T13:54:28Z</time>
			</trkpt>
			<trkpt lat="35.63276747350979" lon="-82.22137624728019">
				<ele>521.7634249059483</ele>
				<time>2025-06-06T13:54:29Z</time>
			</trkpt>
			<trkpt lat="35.63282618712042" lon="-82.22134570459507">
				<ele>522.4350285893306</ele>
				<time>2025-06-06T13:54:30Z</time>
			</trkpt>
			<trkpt lat="35.632883679902115" lon="-82.22130173222929">
				<ele>521.353878820315</ele>
				<time>2025-06-06T13:54:31Z</time>
			</trkpt>
			<trkpt lat="35.632936532986044" lon="-82.22125836391913">
				<ele>520.131351123564</ele>
				<time>2025-06-06T13:54:32Z</time>
			</trkpt>
			<trkpt lat="35.63298628995174" lon="-82.22122789521669">
				<ele>519.4908342324197</ele>
				<time>2025-06-06T13:54:33Z</time>
			</trkpt>
			<trkpt lat="35.63302842512048" lon="-82.22122121310649">
				<ele>519.8375477250665</ele>
				<time>2025-06-06T13:54:34Z</time>
			</trkpt>
			<trkpt lat="35.633069896643875" lon="-82.22118053534598">
				<ele>519.0510163269937</ele>
				<time>2025-06-06T13:54:35Z</time>
			</trkpt>
			<trkpt lat="35.63310996388217" lon="-82.22114664283538">
				<ele>518.402678148821</ele>
				<time>2025-06-06T13:54:36Z</time>
			</trkpt>
			<trkpt lat="35.633150606055565" lon="-82.22113685966531">
				<ele>517.6068474268541</ele>
				<time>2025-06-06T13:54:37Z</time>
			</trkpt>
			<trkpt lat="35.633189308532124" lon="-82.22112480839378">
				<ele>518.3442891724408</ele>
				<time>2025-06-06T13:54:38Z</time>
			</trkpt>
			<trkpt lat="35.633234310112314" lon="-82.22109427285281">
				<ele>518.7436452908441</ele>
				<time>2025-06-06T13:54:39Z</time>
			</trkpt>
			<trkpt lat="35.63328133166532" lon="-82.22107315203567">
				<ele>517.2925736773759</ele>
				<time>2025-06-06T13:54:40Z</time>
			</trkpt>
			<trkpt lat="35.63331915656084" lon="-82.22105876193228">
				<ele>516.6965035917237</ele>
				<time>2025-06-06T13:54:41Z</time>
			</trkpt>
			<trkpt lat="35.63335173992646" lon="-82.2210415381984">
				<ele>516.1768325716257</ele>
				<time>2025-06-06T13:54:42Z</time>
			</trkpt>
			<trkpt lat="35.63338762928384" lon="-82.22102317013564">
				<ele>515.702276087366</ele>
				<time>2025-06-06T13:54:43Z</time>
			</trkpt>
			<trkpt lat="35.63343991112006" lon="-82.22102069216402">
				<ele>516.1659615905955</ele>
				<time>2025-06-06T13:54:44Z</time>
			</trkpt>
			<trkpt lat="35.63349153907587" lon="-82.22100645360103">
				<ele>515.8103357562795</ele>
				<time>2025-06-06T13:54:45Z</time>
			</trkpt>
			<trkpt lat="35.63354473249482" lon="-82.22100953147108">
				<ele>515.2361101442948</ele>
				<time>2025-06-06T13:54:46Z</time>
			</trkpt>
			<trkpt lat="35.63360617108058" lon="-82.22101768767114">
				<ele>514.372643857263</ele>
				<time>2025-06-06T13:54:47Z</time>
			</trkpt>
			<trkpt lat="35.633654311900074" lon="-82.22103587169802">
				<ele>514.5547123588622</ele>
				<time>2025-06-06T13:54:48Z</time>
			</trkpt>
			<trkpt lat="35.633692441139175" lon="-82.2210613804759">
				<ele>514.94847660698</ele>
				<time>2025-06-06T13:54:49Z</time>
			</trkpt>
			<trkpt lat="35.63371273297749" lon="-82.22107636600886">
				<ele>516.1770857842639</ele>
				<time>2025-06-06T13:54:50Z</time>
			</trkpt>
			<trkpt lat="35.63373062280519" lon="-82.22108677914717">
				<ele>514.8208895334974</ele>
				<time>2025-06-06T13:54:51Z</time>
			</trkpt>
			<trkpt lat="35.63375371631369" lon="-82.22110249345066">
				<ele>513.9993751719594</ele>
				<time>2025-06-06T13:54:53Z</time>
			</trkpt>
			<trkpt lat="35.633777162067645" lon="-82.22110633035702">
				<ele>512.3095999825746</ele>
				<time>2025-06-06T13:54:57Z</time>
			</trkpt>
			<trkpt lat="35.63380176482053" lon="-82.22108881309958">
				<ele>513.4122732542455</ele>
				<time>2025-06-06T13:55:01Z</time>
			</trkpt>
			<trkpt lat="35.63381659017411" lon="-82.22107565656708">
				<ele>513.5293865911663</ele>
				<time>2025-06-06T13:55:02Z</time>
			</trkpt>
			<trkpt lat="35.6338315530905" lon="-82.2210600897255">
				<ele>512.3810802521184</ele>
				<time>2025-06-06T13:55:04Z</time>
			</trkpt>
			<trkpt lat="35.63384466475316" lon="-82.2210378804592">
				<ele>513.9184544999152</ele>
				<time>2025-06-06T13:55:06Z</time>
			</trkpt>
			<trkpt lat="35.633859876588616" lon="-82.22102332674437">
				<ele>514.6512246085331</ele>
				<time>2025-06-06T13:55:08Z</time>
			</trkpt>
			<trkpt lat="35.63387521986615" lon="-82.22100602761182">
				<ele>515.1335745798424</ele>
				<time>2025-06-06T13:55:10Z</time>
			</trkpt>
			<trkpt lat="35.633891460447224" lon="-82.22106142057007">
				<ele>512.1625100746751</ele>
				<time>2025-06-06T13:55:19Z</time>
			</trkpt>
			<trkpt lat="35.633904435047704" lon="-82.22108933117318">
				<ele>510.10982430074364</ele>
				<time>2025-06-06T13:55:28Z</time>
			</trkpt>
			<trkpt lat="35.63393450935728" lon="-82.22111561968651">
				<ele>509.5913364868611</ele>
				<time>2025-06-06T13:55:54Z</time>
			</trkpt>
			<trkpt lat="35.63396376103107" lon="-82.22111629325678">
				<ele>507.13508229050785</ele>
				<time>2025-06-06T13:56:02Z</time>
			</trkpt>
			<trkpt lat="35.63395671037024" lon="-82.22109336329885">
				<ele>505.80065116100013</ele>
				<time>2025-06-06T13:56:05Z</time>
			</trkpt>
			<trkpt lat="35.6339408836001" lon="-82.22108213848303">
				<ele>504.9650208391249</ele>
				<time>2025-06-06T13:56:07Z</time>
			</trkpt>
			<trkpt lat="35.633920401253675" lon="-82.22109263107774">
				<ele>503.0951323909685</ele>
				<time>2025-06-06T13:56:20Z</time>
			</trkpt>
			<trkpt lat="35.63390792789772" lon="-82.22111880030684">
				<ele>502.3219995582476</ele>
				<time>2025-06-06T13:56:27Z</time>
			</trkpt>
			<trkpt lat="35.63393277388508" lon="-82.22110881408457">
				<ele>502.4731942433864</ele>
				<time>2025-06-06T13:56:32Z</time>
			</trkpt>
			<trkpt lat="35.63393590391094" lon="-82.22108676351826">
				<ele>501.8228108594194</ele>
				<time>2025-06-06T13:56:34Z</time>
			</trkpt>
			<trkpt lat="35.63392789617352" lon="-82.22111058960108">
				<ele>502.38508491031826</ele>
				<time>2025-06-06T13:56:40Z</time>
			</trkpt>
			<trkpt lat="35.633936603745944" lon="-82.22113389135201">
				<ele>503.55159674584866</ele>
				<time>2025-06-06T13:56:44Z</time>
			</trkpt>
			<trkpt lat="35.63395296202769" lon="-82.22114705604757">
				<ele>504.03345767222345</ele>
				<time>2025-06-06T13:56:46Z</time>
			</trkpt>
			<trkpt lat="35.633972201963516" lon="-82.22115914237273">
				<ele>503.9218182154</ele>
				<time>2025-06-06T13:56:48Z</time>
			</trkpt>
			<trkpt lat="35.63399273859083" lon="-82.22116475290238">
				<ele>503.4529505921528</ele>
				<time>2025-06-06T13:56:49Z</time>
			</trkpt>
			<trkpt lat="35.634016643276865" lon="-82.22116341182462">
				<ele>503.5692886179313</ele>
				<time>2025-06-06T13:56:50Z</time>
			</trkpt>
			<trkpt lat="35.63404833942176" lon="-82.2211670786381">
				<ele>503.04303183499724</ele>
				<time>2025-06-06T13:56:51Z</time>
			</trkpt>
			<trkpt lat="35.6340774768726" lon="-82.22117516539625">
				<ele>503.2419951641932</ele>
				<time>2025-06-06T13:56:52Z</time>
			</trkpt>
			<trkpt lat="35.63410736415218" lon="-82.22117741447228">
				<ele>502.66147701535374</ele>
				<time>2025-06-06T13:56:53Z</time>
			</trkpt>
			<trkpt lat="35.63412951809847" lon="-82.22118031632377">
				<ele>502.31283661630005</ele>
				<time>2025-06-06T13:56:54Z</time>
			</trkpt>
			<trkpt lat="35.634148953626806" lon="-82.22117433666946">
				<ele>501.8916896954179</ele>
				<time>2025-06-06T13:56:55Z</time>
			</trkpt>
			<trkpt lat="35.63417008835192" lon="-82.22116398303311">
				<ele>501.63702672719955</ele>
				<time>2025-06-06T13:56:56Z</time>
			</trkpt>
			<trkpt lat="35.63419582131374" lon="-82.221148768903">
				<ele>501.5814406685531</ele>
				<time>2025-06-06T13:56:57Z</time>
			</trkpt>
			<trkpt lat="35.63421593075436" lon="-82.2211298114842">
				<ele>501.6553939692676</ele>
				<time>2025-06-06T13:56:58Z</time>
			</trkpt>
			<trkpt lat="35.63423418995319" lon="-82.22110751648276">
				<ele>501.1925158407539</ele>
				<time>2025-06-06T13:56:59Z</time>
			</trkpt>
			<trkpt lat="35.6342468564572" lon="-82.22108802037256">
				<ele>500.5140244923532</ele>
				<time>2025-06-06T13:57:00Z</time>
			</trkpt>
			<trkpt lat="35.634306520620854" lon="-82.22106226140981">
				<ele>501.15571005735546</ele>
				<time>2025-06-06T13:57:02Z</time>
			</trkpt>
			<trkpt lat="35.63433685513325" lon="-82.22100706461106">
				<ele>500.6752004940063</ele>
				<time>2025-06-06T13:57:03Z</time>
			</trkpt>
			<trkpt lat="35.63437182053499" lon="-82.22096291776631">
				<ele>501.8249500859529</ele>
				<time>2025-06-06T13:57:04Z</time>
			</trkpt>
			<trkpt lat="35.63442932668974" lon="-82.22090089749017">
				<ele>501.67201354540884</ele>
				<time>2025-06-06T13:57:05Z</time>
			</trkpt>
			<trkpt lat="35.634471042369874" lon="-82.22084388446113">
				<ele>502.325978516601</ele>
				<time>2025-06-06T13:57:06Z</time>
			</trkpt>
			<trkpt lat="35.63450153729032" lon="-82.2207892580244">
				<ele>502.46429654583335</ele>
				<time>2025-06-06T13:57:07Z</time>
			</trkpt>
			<trkpt lat="35.634530898231226" lon="-82.22070374270821">
				<ele>502.68449887726456</ele>
				<time>2025-06-06T13:57:08Z</time>
			</trkpt>
			<trkpt lat="35.63454934108238" lon="-82.2206250249251">
				<ele>502.1581247681752</ele>
				<time>2025-06-06T13:57:09Z</time>
			</trkpt>
			<trkpt lat="35.63457663367512" lon="-82.22056137891711">
				<ele>502.11047086212784</ele>
				<time>2025-06-06T13:57:10Z</time>
			</trkpt>
			<trkpt lat="35.634597973572625" lon="-82.22051632150304">
				<ele>502.5624617822468</ele>
				<time>2025-06-06T13:57:11Z</time>
			</trkpt>
			<trkpt lat="35.63460827158513" lon="-82.22047780350229">
				<ele>501.9197955299169</ele>
				<time>2025-06-06T13:57:12Z</time>
			</trkpt>
			<trkpt lat="35.63463684552974" lon="-82.22045609517876">
				<ele>501.0130218267441</ele>
				<time>2025-06-06T13:57:14Z</time>
			</trkpt>
			<trkpt lat="35.634672008337354" lon="-82.22043145061845">
				<ele>500.0680081602186</ele>
				<time>2025-06-06T13:57:15Z</time>
			</trkpt>
			<trkpt lat="35.63470894854614" lon="-82.22039823728504">
				<ele>499.46963878069073</ele>
				<time>2025-06-06T13:57:16Z</time>
			</trkpt>
			<trkpt lat="35.63475310133264" lon="-82.22037029461096">
				<ele>501.5029524490237</ele>
				<time>2025-06-06T13:57:17Z</time>
			</trkpt>
			<trkpt lat="35.634801450275134" lon="-82.22032179640449">
				<ele>503.6118008578196</ele>
				<time>2025-06-06T13:57:18Z</time>
			</trkpt>
			<trkpt lat="35.634842588280094" lon="-82.22026992503254">
				<ele>503.28754858020693</ele>
				<time>2025-06-06T13:57:19Z</time>
			</trkpt>
			<trkpt lat="35.63487994826061" lon="-82.22020882764247">
				<ele>501.91672983113676</ele>
				<time>2025-06-06T13:57:20Z</time>
			</trkpt>
			<trkpt lat="35.6349074763544" lon="-82.22015096849115">
				<ele>501.78803978301585</ele>
				<time>2025-06-06T13:57:21Z</time>
			</trkpt>
			<trkpt lat="35.634931832650565" lon="-82.22008674110944">
				<ele>501.4042316088453</ele>
				<time>2025-06-06T13:57:22Z</time>
			</trkpt>
			<trkpt lat="35.63495546785034" lon="-82.22003177286842">
				<ele>500.9084033854306</ele>
				<time>2025-06-06T13:57:23Z</time>
			</trkpt>
			<trkpt lat="35.63497989842409" lon="-82.21996646575732">
				<ele>500.91049452126026</ele>
				<time>2025-06-06T13:57:24Z</time>
			</trkpt>
			<trkpt lat="35.63500137460085" lon="-82.21991063776895">
				<ele>500.6838285019621</ele>
				<time>2025-06-06T13:57:25Z</time>
			</trkpt>
			<trkpt lat="35.635017939632675" lon="-82.21986665869193">
				<ele>500.92393669020385</ele>
				<time>2025-06-06T13:57:26Z</time>
			</trkpt>
			<trkpt lat="35.63503939513578" lon="-82.21982344685195">
				<ele>500.80995524674654</ele>
				<time>2025-06-06T13:57:27Z</time>
			</trkpt>
			<trkpt lat="35.63505744919436" lon="-82.21980424379677">
				<ele>503.19021106883883</ele>
				<time>2025-06-06T13:57:28Z</time>
			</trkpt>
			<trkpt lat="35.63507002639224" lon="-82.21978275025039">
				<ele>504.69748592283577</ele>
				<time>2025-06-06T13:57:29Z</time>
			</trkpt>
			<trkpt lat="35.63508012572236" lon="-82.21974445956259">
				<ele>503.9303001826629</ele>
				<time>2025-06-06T13:57:30Z</time>
			</trkpt>
			<trkpt lat="35.635086452469054" lon="-82.21971261140133">
				<ele>504.0136208143085</ele>
				<time>2025-06-06T13:57:31Z</time>
			</trkpt>
			<trkpt lat="35.63509580161615" lon="-82.21967307606643">
				<ele>502.0893528610468</ele>
				<time>2025-06-06T13:57:32Z</time>
			</trkpt>
			<trkpt lat="35.63510374766429" lon="-82.2196372420951">
				<ele>502.2621954139322</ele>
				<time>2025-06-06T13:57:33Z</time>
			</trkpt>
			<trkpt lat="35.63512082022634" lon="-82.21961489081605">
				<ele>504.2098811548203</ele>
				<time>2025-06-06T13:57:34Z</time>
			</trkpt>
			<trkpt lat="35.63514483355797" lon="-82.21958950999586">
				<ele>504.51533882599324</ele>
				<time>2025-06-06T13:57:35Z</time>
			</trkpt>
			<trkpt lat="35.63517218745661" lon="-82.21956236738639">
				<ele>504.4175657769665</ele>
				<time>2025-06-06T13:57:36Z</time>
			</trkpt>
			<trkpt lat="35.63520015636975" lon="-82.21952716057218">
				<ele>503.72141902614385</ele>
				<time>2025-06-06T13:57:37Z</time>
			</trkpt>
			<trkpt lat="35.63522651051069" lon="-82.21949505952455">
				<ele>503.6500031184405</ele>
				<time>2025-06-06T13:57:38Z</time>
			</trkpt>
			<trkpt lat="35.635253951718305" lon="-82.21943362192077">
				<ele>500.80540939141065</ele>
				<time>2025-06-06T13:57:39Z</time>
			</trkpt>
			<trkpt lat="35.63527539873507" lon="-82.21938555943326">
				<ele>500.19324382487684</ele>
				<time>2025-06-06T13:57:40Z</time>
			</trkpt>
			<trkpt lat="35.635291271246466" lon="-82.21935940609919">
				<ele>500.1712056417018</ele>
				<time>2025-06-06T13:57:41Z</time>
			</trkpt>
			<trkpt lat="35.635321547718206" lon="-82.2193095166483">
				<ele>500.2052823714912</ele>
				<time>2025-06-06T13:57:42Z</time>
			</trkpt>
			<trkpt lat="35.63535923251031" lon="-82.2192722982375">
				<ele>500.7991757374257</ele>
				<time>2025-06-06T13:57:43Z</time>
			</trkpt>
			<trkpt lat="35.63540838196959" lon="-82.21923393443339">
				<ele>500.4651927379891</ele>
				<time>2025-06-06T13:57:44Z</time>
			</trkpt>
			<trkpt lat="35.63544194650079" lon="-82.21918846389966">
				<ele>499.39847023040056</ele>
				<time>2025-06-06T13:57:45Z</time>
			</trkpt>
			<trkpt lat="35.635463191821934" lon="-82.21916657377217">
				<ele>498.8862151103094</ele>
				<time>2025-06-06T13:57:46Z</time>
			</trkpt>
			<trkpt lat="35.63550784719412" lon="-82.21912238597717">
				<ele>498.18736909050494</ele>
				<time>2025-06-06T13:57:47Z</time>
			</trkpt>
			<trkpt lat="35.63554574369705" lon="-82.21908246716235">
				<ele>497.19112187437713</ele>
				<time>2025-06-06T13:57:48Z</time>
			</trkpt>
			<trkpt lat="35.63557472339439" lon="-82.2190403975803">
				<ele>495.99031878076494</ele>
				<time>2025-06-06T13:57:49Z</time>
			</trkpt>
			<trkpt lat="35.635604105822104" lon="-82.21898990398651">
				<ele>495.10245300270617</ele>
				<time>2025-06-06T13:57:50Z</time>
			</trkpt>
			<trkpt lat="35.635639596308074" lon="-82.21893531855359">
				<ele>494.25428694766015</ele>
				<time>2025-06-06T13:57:51Z</time>
			</trkpt>
			<trkpt lat="35.635682556766014" lon="-82.21887551378367">
				<ele>493.5833116788417</ele>
				<time>2025-06-06T13:57:52Z</time>
			</trkpt>
			<trkpt lat="35.6357123437005" lon="-82.21882854304788">
				<ele>493.437632615678</ele>
				<time>2025-06-06T13:57:53Z</time>
			</trkpt>
			<trkpt lat="35.63574677706282" lon="-82.21877622457406">
				<ele>493.2563055632636</ele>
				<time>2025-06-06T13:57:54Z</time>
			</trkpt>
			<trkpt lat="35.63577470728501" lon="-82.21873776071263">
				<ele>493.29300621151924</ele>
				<time>2025-06-06T13:57:55Z</time>
			</trkpt>
			<trkpt lat="35.635805748716216" lon="-82.21872017715043">
				<ele>493.23057731520385</ele>
				<time>2025-06-06T13:57:56Z</time>
			</trkpt>
			<trkpt lat="35.63583817256459" lon="-82.21872042239164">
				<ele>493.4145328430459</ele>
				<time>2025-06-06T13:57:57Z</time>
			</trkpt>
			<trkpt lat="35.63587941354104" lon="-82.21875019135355">
				<ele>494.10043625626713</ele>
				<time>2025-06-06T13:57:58Z</time>
			</trkpt>
			<trkpt lat="35.63591896115006" lon="-82.21875080422615">
				<ele>493.3662370815873</ele>
				<time>2025-06-06T13:57:59Z</time>
			</trkpt>
			<trkpt lat="35.63594698095259" lon="-82.21876323605412">
				<ele>492.7897381791845</ele>
				<time>2025-06-06T13:58:00Z</time>
			</trkpt>
			<trkpt lat="35.6359686560848" lon="-82.218770417045">
				<ele>492.0038453126326</ele>
				<time>2025-06-06T13:58:01Z</time>
			</trkpt>
			<trkpt lat="35.63596447634574" lon="-82.21879831869711">
				<ele>490.9750446928665</ele>
				<time>2025-06-06T13:58:03Z</time>
			</trkpt>
			<trkpt lat="35.63595804469277" lon="-82.218825792545">
				<ele>489.89149247296154</ele>
				<time>2025-06-06T13:58:04Z</time>
			</trkpt>
			<trkpt lat="35.63595321317781" lon="-82.21885357327926">
				<ele>488.0198132460937</ele>
				<time>2025-06-06T13:58:05Z</time>
			</trkpt>
			<trkpt lat="35.63595163174617" lon="-82.21889604264729">
				<ele>486.9901873813942</ele>
				<time>2025-06-06T13:58:06Z</time>
			</trkpt>
			<trkpt lat="35.63594610812274" lon="-82.21893105658845">
				<ele>484.9480155641213</ele>
				<time>2025-06-06T13:58:07Z</time>
			</trkpt>
			<trkpt lat="35.63594028185904" lon="-82.2189696073252">
				<ele>484.82269122917205</ele>
				<time>2025-06-06T13:58:08Z</time>
			</trkpt>
			<trkpt lat="35.63593279728512" lon="-82.21901079577583">
				<ele>484.6961106751114</ele>
				<time>2025-06-06T13:58:09Z</time>
			</trkpt>
			<trkpt lat="35.635928242749614" lon="-82.2190425490977">
				<ele>486.5796072296798</ele>
				<time>2025-06-06T13:58:10Z</time>
			</trkpt>
			<trkpt lat="35.63592390551645" lon="-82.21908125020107">
				<ele>486.1924117403105</ele>
				<time>2025-06-06T13:58:11Z</time>
			</trkpt>
			<trkpt lat="35.635916514283494" lon="-82.21911854794277">
				<ele>486.28274665307254</ele>
				<time>2025-06-06T13:58:12Z</time>
			</trkpt>
			<trkpt lat="35.6359050896464" lon="-82.21915674538928">
				<ele>488.02285579871386</ele>
				<time>2025-06-06T13:58:13Z</time>
			</trkpt>
			<trkpt lat="35.63589274325151" lon="-82.21919083960167">
				<ele>488.76188571657985</ele>
				<time>2025-06-06T13:58:14Z</time>
			</trkpt>
			<trkpt lat="35.63587692007986" lon="-82.21922280149494">
				<ele>488.7414404572919</ele>
				<time>2025-06-06T13:58:15Z</time>
			</trkpt>
			<trkpt lat="35.63586808365072" lon="-82.21925358574192">
				<ele>488.3036657674238</ele>
				<time>2025-06-06T13:58:16Z</time>
			</trkpt>
			<trkpt lat="35.635863309405735" lon="-82.21928666678035">
				<ele>488.5172270508483</ele>
				<time>2025-06-06T13:58:17Z</time>
			</trkpt>
			<trkpt lat="35.63585839613602" lon="-82.2193171224972">
				<ele>488.163879933767</ele>
				<time>2025-06-06T13:58:18Z</time>
			</trkpt>
			<trkpt lat="35.635847776554684" lon="-82.2193509040191">
				<ele>487.9184792889282</ele>
				<time>2025-06-06T13:58:19Z</time>
			</trkpt>
			<trkpt lat="35.63584045007152" lon="-82.21937572786595">
				<ele>490.7785961991176</ele>
				<time>2025-06-06T13:58:21Z</time>
			</trkpt>
			<trkpt lat="35.63582721714307" lon="-82.21940136031002">
				<ele>492.1425919821486</ele>
				<time>2025-06-06T13:58:22Z</time>
			</trkpt>
			<trkpt lat="35.63581193369208" lon="-82.2194400321558">
				<ele>493.0953266248107</ele>
				<time>2025-06-06T13:58:24Z</time>
			</trkpt>
			<trkpt lat="35.63580044611653" lon="-82.21947221530931">
				<ele>493.2560516698286</ele>
				<time>2025-06-06T13:58:25Z</time>
			</trkpt>
			<trkpt lat="35.635788054117505" lon="-82.2195188423066">
				<ele>494.58235663641244</ele>
				<time>2025-06-06T13:58:27Z</time>
			</trkpt>
			<trkpt lat="35.63577159688513" lon="-82.21956473410667">
				<ele>495.76481166202575</ele>
				<time>2025-06-06T13:58:29Z</time>
			</trkpt>
			<trkpt lat="35.63575881061862" lon="-82.21959493009186">
				<ele>495.0055017033592</ele>
				<time>2025-06-06T13:58:30Z</time>
			</trkpt>
			<trkpt lat="35.6357506023225" lon="-82.21961759425965">
				<ele>495.57582560926676</ele>
				<time>2025-06-06T13:58:31Z</time>
			</trkpt>
			<trkpt lat="35.63574165744577" lon="-82.21963701894988">
				<ele>496.3676586896181</ele>
				<time>2025-06-06T13:58:32Z</time>
			</trkpt>
			<trkpt lat="35.635729407001996" lon="-82.21966691224321">
				<ele>497.3812278257683</ele>
				<time>2025-06-06T13:58:33Z</time>
			</trkpt>
			<trkpt lat="35.635710457971754" lon="-82.21971562732931">
				<ele>496.8191320830956</ele>
				<time>2025-06-06T13:58:35Z</time>
			</trkpt>
			<trkpt lat="35.635698915885776" lon="-82.21974426960062">
				<ele>496.5184413800016</ele>
				<time>2025-06-06T13:58:36Z</time>
			</trkpt>
			<trkpt lat="35.63567533260508" lon="-82.21979279816406">
				<ele>498.01561843790114</ele>
				<time>2025-06-06T13:58:38Z</time>
			</trkpt>
			<trkpt lat="35.6356577381054" lon="-82.21984031459391">
				<ele>498.0864226529375</ele>
				<time>2025-06-06T13:58:40Z</time>
			</trkpt>
			<trkpt lat="35.63564753466988" lon="-82.21986411024349">
				<ele>498.50767666473985</ele>
				<time>2025-06-06T13:58:41Z</time>
			</trkpt>
			<trkpt lat="35.63563584036372" lon="-82.21988161361516">
				<ele>500.1186512662098</ele>
				<time>2025-06-06T13:58:42Z</time>
			</trkpt>
			<trkpt lat="35.635625706707415" lon="-82.21990648391265">
				<ele>500.1951905731112</ele>
				<time>2025-06-06T13:58:43Z</time>
			</trkpt>
			<trkpt lat="35.63561779062755" lon="-82.21993594342386">
				<ele>499.97954406403005</ele>
				<time>2025-06-06T13:58:44Z</time>
			</trkpt>
			<trkpt lat="35.63560783750587" lon="-82.21996197329801">
				<ele>500.002703637816</ele>
				<time>2025-06-06T13:58:45Z</time>
			</trkpt>
			<trkpt lat="35.6355982250804" lon="-82.21998560696333">
				<ele>500.26163533329964</ele>
				<time>2025-06-06T13:58:46Z</time>
			</trkpt>
			<trkpt lat="35.6355891539282" lon="-82.22000909140033">
				<ele>500.5159788047895</ele>
				<time>2025-06-06T13:58:47Z</time>
			</trkpt>
			<trkpt lat="35.63557777608768" lon="-82.22002916830253">
				<ele>501.33791914675385</ele>
				<time>2025-06-06T13:58:48Z</time>
			</trkpt>
			<trkpt lat="35.63557142311955" lon="-82.22005578585195">
				<ele>501.712061422877</ele>
				<time>2025-06-06T13:58:49Z</time>
			</trkpt>
			<trkpt lat="35.635562481136354" lon="-82.22008285541118">
				<ele>501.1984863812104</ele>
				<time>2025-06-06T13:58:50Z</time>
			</trkpt>
			<trkpt lat="35.63555250169177" lon="-82.22010903015831">
				<ele>500.89724196121097</ele>
				<time>2025-06-06T13:58:51Z</time>
			</trkpt>
			<trkpt lat="35.635540304772285" lon="-82.22012634127151">
				<ele>502.66579547151923</ele>
				<time>2025-06-06T13:58:52Z</time>
			</trkpt>
			<trkpt lat="35.63553201967764" lon="-82.22014632101518">
				<ele>503.241176799871</ele>
				<time>2025-06-06T13:58:53Z</time>
			</trkpt>
			<trkpt lat="35.635518506116" lon="-82.22016919667276">
				<ele>502.9346225298941</ele>
				<time>2025-06-06T13:58:54Z</time>
			</trkpt>
			<trkpt lat="35.6355076435137" lon="-82.22019227269578">
				<ele>502.56617531273514</ele>
				<time>2025-06-06T13:58:55Z</time>
			</trkpt>
			<trkpt lat="35.635494905477586" lon="-82.22020846025173">
				<ele>503.0712695457041</ele>
				<time>2025-06-06T13:58:56Z</time>
			</trkpt>
			<trkpt lat="35.63547291906554" lon="-82.22025218551994">
				<ele>502.86043070442975</ele>
				<time>2025-06-06T13:58:58Z</time>
			</trkpt>
			<trkpt lat="35.635459903050375" lon="-82.22026943083993">
				<ele>502.9658488109708</ele>
				<time>2025-06-06T13:58:59Z</time>
			</trkpt>
			<trkpt lat="35.63544585810497" lon="-82.22028888604163">
				<ele>503.5756201380864</ele>
				<time>2025-06-06T13:59:00Z</time>
			</trkpt>
			<trkpt lat="35.63542301758221" lon="-82.22033368020783">
				<ele>505.2354117818177</ele>
				<time>2025-06-06T13:59:02Z</time>
			</trkpt>
			<trkpt lat="35.63541643522018" lon="-82.22036582759874">
				<ele>504.5227548023686</ele>
				<time>2025-06-06T13:59:03Z</time>
			</trkpt>
			<trkpt lat="35.635407436231965" lon="-82.22038963319042">
				<ele>504.51759260706604</ele>
				<time>2025-06-06T13:59:04Z</time>
			</trkpt>
			<trkpt lat="35.63538998902981" lon="-82.22042957674434">
				<ele>505.91362298000604</ele>
				<time>2025-06-06T13:59:06Z</time>
			</trkpt>
			<trkpt lat="35.635382903556625" lon="-82.22045511146156">
				<ele>505.04262406378984</ele>
				<time>2025-06-06T13:59:07Z</time>
			</trkpt>
			<trkpt lat="35.63537585094258" lon="-82.22047886927211">
				<ele>505.00769130978733</ele>
				<time>2025-06-06T13:59:08Z</time>
			</trkpt>
			<trkpt lat="35.63536608539509" lon="-82.22050264276383">
				<ele>504.6714026685804</ele>
				<time>2025-06-06T13:59:09Z</time>
			</trkpt>
			<trkpt lat="35.63535354436682" lon="-82.22052554665788">
				<ele>505.48405779898167</ele>
				<time>2025-06-06T13:59:10Z</time>
			</trkpt>
			<trkpt lat="35.635340517281634" lon="-82.22054255706078">
				<ele>507.15808136668056</ele>
				<time>2025-06-06T13:59:11Z</time>
			</trkpt>
			<trkpt lat="35.63532701073591" lon="-82.22056486483923">
				<ele>507.27359990030527</ele>
				<time>2025-06-06T13:59:12Z</time>
			</trkpt>
			<trkpt lat="35.63531501592658" lon="-82.22058979532376">
				<ele>507.2196257663891</ele>
				<time>2025-06-06T13:59:13Z</time>
			</trkpt>
			<trkpt lat="35.63530673698001" lon="-82.22061596885744">
				<ele>507.04375635273755</ele>
				<time>2025-06-06T13:59:14Z</time>
			</trkpt>
			<trkpt lat="35.63529698861852" lon="-82.22064109488961">
				<ele>506.54127121623605</ele>
				<time>2025-06-06T13:59:15Z</time>
			</trkpt>
			<trkpt lat="35.63529267136897" lon="-82.22066642144418">
				<ele>507.2576368935406</ele>
				<time>2025-06-06T13:59:16Z</time>
			</trkpt>
			<trkpt lat="35.63528445612074" lon="-82.22068787356038">
				<ele>508.36238231975585</ele>
				<time>2025-06-06T13:59:17Z</time>
			</trkpt>
			<trkpt lat="35.63527690806314" lon="-82.22071392598008">
				<ele>507.2227564090863</ele>
				<time>2025-06-06T13:59:18Z</time>
			</trkpt>
			<trkpt lat="35.63526964281952" lon="-82.2207384408213">
				<ele>505.87132659740746</ele>
				<time>2025-06-06T13:59:19Z</time>
			</trkpt>
			<trkpt lat="35.63526160796309" lon="-82.22076163675767">
				<ele>505.5266438452527</ele>
				<time>2025-06-06T13:59:20Z</time>
			</trkpt>
			<trkpt lat="35.635254351910575" lon="-82.22078913978928">
				<ele>507.1203233450651</ele>
				<time>2025-06-06T13:59:21Z</time>
			</trkpt>
			<trkpt lat="35.63524679936564" lon="-82.220816029739">
				<ele>507.41083007026464</ele>
				<time>2025-06-06T13:59:22Z</time>
			</trkpt>
			<trkpt lat="35.635237490829965" lon="-82.2208405908895">
				<ele>508.1040365938097</ele>
				<time>2025-06-06T13:59:23Z</time>
			</trkpt>
			<trkpt lat="35.6352275307694" lon="-82.22086637082786">
				<ele>508.1758303241804</ele>
				<time>2025-06-06T13:59:24Z</time>
			</trkpt>
			<trkpt lat="35.63521491750738" lon="-82.22089819202964">
				<ele>506.55555502604693</ele>
				<time>2025-06-06T13:59:25Z</time>
			</trkpt>
			<trkpt lat="35.63519619760179" lon="-82.22091580205249">
				<ele>506.26462602894753</ele>
				<time>2025-06-06T13:59:26Z</time>
			</trkpt>
			<trkpt lat="35.63517740174531" lon="-82.22093217218877">
				<ele>507.7864868519828</ele>
				<time>2025-06-06T13:59:27Z</time>
			</trkpt>
			<trkpt lat="35.63516473151151" lon="-82.2209516819507">
				<ele>510.0667560203001</ele>
				<time>2025-06-06T13:59:28Z</time>
			</trkpt>
			<trkpt lat="35.63515260019439" lon="-82.22097533309231">
				<ele>510.33090452011675</ele>
				<time>2025-06-06T13:59:29Z</time>
			</trkpt>
			<trkpt lat="35.63514087449729" lon="-82.2210024888776">
				<ele>509.7488764114678</ele>
				<time>2025-06-06T13:59:30Z</time>
			</trkpt>
			<trkpt lat="35.635131969386556" lon="-82.22102828782248">
				<ele>510.22541197389364</ele>
				<time>2025-06-06T13:59:31Z</time>
			</trkpt>
			<trkpt lat="35.6351259432322" lon="-82.22105484350494">
				<ele>511.98225152119994</ele>
				<time>2025-06-06T13:59:32Z</time>
			</trkpt>
			<trkpt lat="35.63512547061504" lon="-82.22108623049385">
				<ele>512.8288165498525</ele>
				<time>2025-06-06T13:59:33Z</time>
			</trkpt>
			<trkpt lat="35.635122401344404" lon="-82.22112611576833">
				<ele>511.7216941760853</ele>
				<time>2025-06-06T13:59:34Z</time>
			</trkpt>
			<trkpt lat="35.635119069627436" lon="-82.22116195950838">
				<ele>510.49624027498066</ele>
				<time>2025-06-06T13:59:35Z</time>
			</trkpt>
			<trkpt lat="35.63510997803682" lon="-82.22118949036556">
				<ele>512.25589827355</ele>
				<time>2025-06-06T13:59:36Z</time>
			</trkpt>
			<trkpt lat="35.63510481663287" lon="-82.22121827839811">
				<ele>512.8418195284903</ele>
				<time>2025-06-06T13:59:37Z</time>
			</trkpt>
			<trkpt lat="35.635101021753854" lon="-82.22125691153346">
				<ele>511.9706157762557</ele>
				<time>2025-06-06T13:59:38Z</time>
			</trkpt>
			<trkpt lat="35.6350951374835" lon="-82.22128394756905">
				<ele>511.2767328741029</ele>
				<time>2025-06-06T13:59:39Z</time>
			</trkpt>
			<trkpt lat="35.63509305331351" lon="-82.22131104962513">
				<ele>509.9672058848664</ele>
				<time>2025-06-06T13:59:40Z</time>
			</trkpt>
			<trkpt lat="35.63508454315936" lon="-82.22133536932361">
				<ele>510.1800278099254</ele>
				<time>2025-06-06T13:59:41Z</time>
			</trkpt>
			<trkpt lat="35.63507579644892" lon="-82.22136178078196">
				<ele>512.1117058796808</ele>
				<time>2025-06-06T13:59:42Z</time>
			</trkpt>
			<trkpt lat="35.63506956641037" lon="-82.22138822526775">
				<ele>511.52578175533563</ele>
				<time>2025-06-06T13:59:43Z</time>
			</trkpt>
			<trkpt lat="35.635062886249685" lon="-82.22141892072656">
				<ele>511.5358891701326</ele>
				<time>2025-06-06T13:59:44Z</time>
			</trkpt>
			<trkpt lat="35.635057509934775" lon="-82.221452905439">
				<ele>511.5099147502333</ele>
				<time>2025-06-06T13:59:45Z</time>
			</trkpt>
			<trkpt lat="35.63505171159141" lon="-82.22148051235231">
				<ele>513.2669566934928</ele>
				<time>2025-06-06T13:59:46Z</time>
			</trkpt>
			<trkpt lat="35.63504688686042" lon="-82.22151198175051">
				<ele>513.4303928688169</ele>
				<time>2025-06-06T13:59:47Z</time>
			</trkpt>
			<trkpt lat="35.63503682717855" lon="-82.22154899333499">
				<ele>512.7606209088117</ele>
				<time>2025-06-06T13:59:48Z</time>
			</trkpt>
			<trkpt lat="35.63502521193174" lon="-82.22158079508903">
				<ele>512.4133647913113</ele>
				<time>2025-06-06T13:59:49Z</time>
			</trkpt>
			<trkpt lat="35.63501289647244" lon="-82.22161000381743">
				<ele>513.1129873627797</ele>
				<time>2025-06-06T13:59:50Z</time>
			</trkpt>
			<trkpt lat="35.63500584998314" lon="-82.22163862638153">
				<ele>513.9039261844009</ele>
				<time>2025-06-06T13:59:51Z</time>
			</trkpt>
			<trkpt lat="35.63499380423445" lon="-82.22166442262082">
				<ele>514.9048219639808</ele>
				<time>2025-06-06T13:59:52Z</time>
			</trkpt>
			<trkpt lat="35.63498932551702" lon="-82.22169073573897">
				<ele>516.0987965725362</ele>
				<time>2025-06-06T13:59:53Z</time>
			</trkpt>
			<trkpt lat="35.63498221108056" lon="-82.22172194077666">
				<ele>515.4578366279602</ele>
				<time>2025-06-06T13:59:54Z</time>
			</trkpt>
			<trkpt lat="35.634974626883974" lon="-82.22175145010104">
				<ele>515.0599040072411</ele>
				<time>2025-06-06T13:59:55Z</time>
			</trkpt>
			<trkpt lat="35.63496780446387" lon="-82.22177880228334">
				<ele>514.6248362045735</ele>
				<time>2025-06-06T13:59:56Z</time>
			</trkpt>
			<trkpt lat="35.63495599264932" lon="-82.22180071524485">
				<ele>516.4017559522763</ele>
				<time>2025-06-06T13:59:57Z</time>
			</trkpt>
			<trkpt lat="35.63495116148266" lon="-82.22182742337527">
				<ele>517.194301401265</ele>
				<time>2025-06-06T13:59:58Z</time>
			</trkpt>
			<trkpt lat="35.63494899680425" lon="-82.22186874691445">
				<ele>515.9658758677542</ele>
				<time>2025-06-06T13:59:59Z</time>
			</trkpt>
			<trkpt lat="35.63494559403232" lon="-82.22190743719909">
				<ele>514.7384804487228</ele>
				<time>2025-06-06T14:00:00Z</time>
			</trkpt>
			<trkpt lat="35.63493819519172" lon="-82.2219403894858">
				<ele>514.1386713283136</ele>
				<time>2025-06-06T14:00:01Z</time>
			</trkpt>
			<trkpt lat="35.6349319411521" lon="-82.22196823552783">
				<ele>515.073327369988</ele>
				<time>2025-06-06T14:00:02Z</time>
			</trkpt>
			<trkpt lat="35.63492335326587" lon="-82.22199388950918">
				<ele>515.5106375236064</ele>
				<time>2025-06-06T14:00:03Z</time>
			</trkpt>
			<trkpt lat="35.63491255917557" lon="-82.22201665947625">
				<ele>515.3527517104521</ele>
				<time>2025-06-06T14:00:04Z</time>
			</trkpt>
			<trkpt lat="35.634909084913694" lon="-82.22204227644274">
				<ele>514.7565725920722</ele>
				<time>2025-06-06T14:00:05Z</time>
			</trkpt>
			<trkpt lat="35.63490115048931" lon="-82.22206384622869">
				<ele>514.2891701264307</ele>
				<time>2025-06-06T14:00:06Z</time>
			</trkpt>
			<trkpt lat="35.63488911176389" lon="-82.22210278304428">
				<ele>516.7587124472484</ele>
				<time>2025-06-06T14:00:08Z</time>
			</trkpt>
			<trkpt lat="35.6348779534584" lon="-82.22214332652912">
				<ele>518.6028867186978</ele>
				<time>2025-06-06T14:00:10Z</time>
			</trkpt>
			<trkpt lat="35.63486748953506" lon="-82.22216885839616">
				<ele>518.2339410092682</ele>
				<time>2025-06-06T14:00:11Z</time>
			</trkpt>
			<trkpt lat="35.63485822368906" lon="-82.22219325542495">
				<ele>518.1531455116346</ele>
				<time>2025-06-06T14:00:12Z</time>
			</trkpt>
			<trkpt lat="35.634854634957186" lon="-82.22222268521651">
				<ele>518.220574147068</ele>
				<time>2025-06-06T14:00:13Z</time>
			</trkpt>
			<trkpt lat="35.634847537182395" lon="-82.22225417505284">
				<ele>517.2576141301543</ele>
				<time>2025-06-06T14:00:14Z</time>
			</trkpt>
			<trkpt lat="35.63483650595096" lon="-82.22228013045094">
				<ele>518.4662152351812</ele>
				<time>2025-06-06T14:00:15Z</time>
			</trkpt>
			<trkpt lat="35.63482892918164" lon="-82.22231348041832">
				<ele>517.7447809921578</ele>
				<time>2025-06-06T14:00:16Z</time>
			</trkpt>
			<trkpt lat="35.63482547060778" lon="-82.22235040205295">
				<ele>516.504073632881</ele>
				<time>2025-06-06T14:00:17Z</time>
			</trkpt>
			<trkpt lat="35.634823037745356" lon="-82.22238656356036">
				<ele>515.8666730001569</ele>
				<time>2025-06-06T14:00:18Z</time>
			</trkpt>
			<trkpt lat="35.63481512218294" lon="-82.2224127221568">
				<ele>517.579582423903</ele>
				<time>2025-06-06T14:00:19Z</time>
			</trkpt>
			<trkpt lat="35.63480640070268" lon="-82.2224470671736">
				<ele>516.3873332394287</ele>
				<time>2025-06-06T14:00:20Z</time>
			</trkpt>
			<trkpt lat="35.63480237591546" lon="-82.22247588903309">
				<ele>516.4981899727136</ele>
				<time>2025-06-06T14:00:21Z</time>
			</trkpt>
			<trkpt lat="35.63479833322229" lon="-82.22250917078111">
				<ele>516.239108402282</ele>
				<time>2025-06-06T14:00:22Z</time>
			</trkpt>
			<trkpt lat="35.63479530866549" lon="-82.2225435420231">
				<ele>515.7694235714152</ele>
				<time>2025-06-06T14:00:23Z</time>
			</trkpt>
			<trkpt lat="35.634789333704695" lon="-82.2225698220528">
				<ele>516.5694100456312</ele>
				<time>2025-06-06T14:00:24Z</time>
			</trkpt>
			<trkpt lat="35.63478209162472" lon="-82.22259635839256">
				<ele>516.7421203432605</ele>
				<time>2025-06-06T14:00:25Z</time>
			</trkpt>
			<trkpt lat="35.634776315768754" lon="-82.2226246001835">
				<ele>516.8819163748994</ele>
				<time>2025-06-06T14:00:26Z</time>
			</trkpt>
			<trkpt lat="35.63476720562902" lon="-82.2226500432066">
				<ele>517.1146802306175</ele>
				<time>2025-06-06T14:00:27Z</time>
			</trkpt>
			<trkpt lat="35.63475733597855" lon="-82.22267376392968">
				<ele>517.7951541095972</ele>
				<time>2025-06-06T14:00:28Z</time>
			</trkpt>
			<trkpt lat="35.63475020476039" lon="-82.2226948808283">
				<ele>519.5632495395839</ele>
				<time>2025-06-06T14:00:29Z</time>
			</trkpt>
			<trkpt lat="35.634743454277995" lon="-82.22271750468545">
				<ele>520.4981636106968</ele>
				<time>2025-06-06T14:00:30Z</time>
			</trkpt>
			<trkpt lat="35.63473736710224" lon="-82.22274665665516">
				<ele>520.6184468176216</ele>
				<time>2025-06-06T14:00:31Z</time>
			</trkpt>
			<trkpt lat="35.63472997606612" lon="-82.22277998380659">
				<ele>519.5131490360945</ele>
				<time>2025-06-06T14:00:32Z</time>
			</trkpt>
			<trkpt lat="35.63472447854241" lon="-82.2228066456919">
				<ele>519.9322006823495</ele>
				<time>2025-06-06T14:00:33Z</time>
			</trkpt>
			<trkpt lat="35.63472055567483" lon="-82.22283963737827">
				<ele>519.1930776992813</ele>
				<time>2025-06-06T14:00:34Z</time>
			</trkpt>
			<trkpt lat="35.63471928094124" lon="-82.22286429576096">
				<ele>520.9783060252666</ele>
				<time>2025-06-06T14:00:35Z</time>
			</trkpt>
			<trkpt lat="35.63472061466116" lon="-82.22289889651385">
				<ele>519.4166856231168</ele>
				<time>2025-06-06T14:00:36Z</time>
			</trkpt>
			<trkpt lat="35.63472089058768" lon="-82.2229262697861">
				<ele>519.8263977104798</ele>
				<time>2025-06-06T14:00:37Z</time>
			</trkpt>
			<trkpt lat="35.63471994154095" lon="-82.2229547367431">
				<ele>519.981940485537</ele>
				<time>2025-06-06T14:00:38Z</time>
			</trkpt>
			<trkpt lat="35.63470870652821" lon="-82.22299990001925">
				<ele>522.7395150121301</ele>
				<time>2025-06-06T14:00:40Z</time>
			</trkpt>
			<trkpt lat="35.634703252975015" lon="-82.22302995113034">
				<ele>522.2974627893418</ele>
				<time>2025-06-06T14:00:41Z</time>
			</trkpt>
			<trkpt lat="35.634696216382" lon="-82.22306197511662">
				<ele>521.490684909746</ele>
				<time>2025-06-06T14:00:42Z</time>
			</trkpt>
			<trkpt lat="35.634689064573315" lon="-82.22308819780382">
				<ele>522.0050032725558</ele>
				<time>2025-06-06T14:00:43Z</time>
			</trkpt>
			<trkpt lat="35.634685302144064" lon="-82.22312380184002">
				<ele>519.7134280530736</ele>
				<time>2025-06-06T14:00:44Z</time>
			</trkpt>
			<trkpt lat="35.63468048725641" lon="-82.22315284646855">
				<ele>519.6420572083443</ele>
				<time>2025-06-06T14:00:45Z</time>
			</trkpt>
			<trkpt lat="35.6346802999858" lon="-82.22318217812837">
				<ele>521.2223293567076</ele>
				<time>2025-06-06T14:00:46Z</time>
			</trkpt>
			<trkpt lat="35.63468229115612" lon="-82.22321508200599">
				<ele>521.552391525358</ele>
				<time>2025-06-06T14:00:47Z</time>
			</trkpt>
			<trkpt lat="35.63468196591291" lon="-82.22325280656257">
				<ele>519.9418533556163</ele>
				<time>2025-06-06T14:00:48Z</time>
			</trkpt>
			<trkpt lat="35.63467853265556" lon="-82.22328687901116">
				<ele>518.3352397754788</ele>
				<time>2025-06-06T14:00:49Z</time>
			</trkpt>
			<trkpt lat="35.634679970681766" lon="-82.22330931275798">
				<ele>519.6418272834271</ele>
				<time>2025-06-06T14:00:50Z</time>
			</trkpt>
			<trkpt lat="35.6346773421563" lon="-82.22333206247254">
				<ele>519.5954577634111</ele>
				<time>2025-06-06T14:00:51Z</time>
			</trkpt>
			<trkpt lat="35.63467717700256" lon="-82.22335732545176">
				<ele>518.2942773308605</ele>
				<time>2025-06-06T14:00:52Z</time>
			</trkpt>
			<trkpt lat="35.63468838031353" lon="-82.22339655352006">
				<ele>521.7749478556216</ele>
				<time>2025-06-06T14:00:54Z</time>
			</trkpt>
			<trkpt lat="35.63469386122887" lon="-82.22341779617834">
				<ele>522.5646532541141</ele>
				<time>2025-06-06T14:00:55Z</time>
			</trkpt>
			<trkpt lat="35.634700775735034" lon="-82.2234700116523">
				<ele>524.1874909009784</ele>
				<time>2025-06-06T14:00:57Z</time>
			</trkpt>
			<trkpt lat="35.63470941492136" lon="-82.2235049003451">
				<ele>523.5789677035064</ele>
				<time>2025-06-06T14:00:58Z</time>
			</trkpt>
			<trkpt lat="35.63471337304859" lon="-82.22353796245022">
				<ele>523.148349057883</ele>
				<time>2025-06-06T14:00:59Z</time>
			</trkpt>
			<trkpt lat="35.63471838394993" lon="-82.22356504050028">
				<ele>522.8323245495558</ele>
				<time>2025-06-06T14:01:00Z</time>
			</trkpt>
			<trkpt lat="35.63471775498992" lon="-82.223593803013">
				<ele>526.4499057745561</ele>
				<time>2025-06-06T14:01:02Z</time>
			</trkpt>
			<trkpt lat="35.63473165604395" lon="-82.22362496544726">
				<ele>524.9332824992016</ele>
				<time>2025-06-06T14:01:03Z</time>
			</trkpt>
			<trkpt lat="35.63473873775807" lon="-82.2236572771711">
				<ele>527.1644541779533</ele>
				<time>2025-06-06T14:01:05Z</time>
			</trkpt>
			<trkpt lat="35.634750266193244" lon="-82.22368107519692">
				<ele>525.8467215970159</ele>
				<time>2025-06-06T14:01:06Z</time>
			</trkpt>
			<trkpt lat="35.63476065661212" lon="-82.22372723910155">
				<ele>524.4387065721676</ele>
				<time>2025-06-06T14:01:08Z</time>
			</trkpt>
			<trkpt lat="35.6347681732737" lon="-82.22375090292563">
				<ele>525.4901272719726</ele>
				<time>2025-06-06T14:01:09Z</time>
			</trkpt>
			<trkpt lat="35.63477311273606" lon="-82.22377570323094">
				<ele>523.1452493760735</ele>
				<time>2025-06-06T14:01:10Z</time>
			</trkpt>
			<trkpt lat="35.634782928351925" lon="-82.22380017912877">
				<ele>524.6571022896096</ele>
				<time>2025-06-06T14:01:11Z</time>
			</trkpt>
			<trkpt lat="35.634790148674924" lon="-82.22382234815329">
				<ele>524.9400018202141</ele>
				<time>2025-06-06T14:01:12Z</time>
			</trkpt>
			<trkpt lat="35.634793172189106" lon="-82.22385627751487">
				<ele>523.9065118189901</ele>
				<time>2025-06-06T14:01:13Z</time>
			</trkpt>
			<trkpt lat="35.63480267943042" lon="-82.22388638035018">
				<ele>525.0496870083734</ele>
				<time>2025-06-06T14:01:14Z</time>
			</trkpt>
			<trkpt lat="35.634807941498245" lon="-82.22391810948659">
				<ele>525.528894671239</ele>
				<time>2025-06-06T14:01:15Z</time>
			</trkpt>
			<trkpt lat="35.63482811599714" lon="-82.22395395912912">
				<ele>528.3829631702974</ele>
				<time>2025-06-06T14:01:17Z</time>
			</trkpt>
			<trkpt lat="35.63484327978912" lon="-82.22398028640076">
				<ele>527.4025213262066</ele>
				<time>2025-06-06T14:01:18Z</time>
			</trkpt>
			<trkpt lat="35.63485540583802" lon="-82.2240098458209">
				<ele>526.7928738696501</ele>
				<time>2025-06-06T14:01:19Z</time>
			</trkpt>
			<trkpt lat="35.634864573931985" lon="-82.22403726980593">
				<ele>527.7781262528151</ele>
				<time>2025-06-06T14:01:20Z</time>
			</trkpt>
			<trkpt lat="35.63488471396704" lon="-82.22405942679679">
				<ele>528.2781194401905</ele>
				<time>2025-06-06T14:01:21Z</time>
			</trkpt>
			<trkpt lat="35.63490467589171" lon="-82.22408359467836">
				<ele>527.5131233558059</ele>
				<time>2025-06-06T14:01:22Z</time>
			</trkpt>
			<trkpt lat="35.63492358540792" lon="-82.22409805781494">
				<ele>528.8708410291001</ele>
				<time>2025-06-06T14:01:23Z</time>
			</trkpt>
			<trkpt lat="35.63495130360288" lon="-82.22412237573657">
				<ele>530.8467003917322</ele>
				<time>2025-06-06T14:01:25Z</time>
			</trkpt>
			<trkpt lat="35.63497911510303" lon="-82.22415327440333">
				<ele>531.7794372113422</ele>
				<time>2025-06-06T14:01:27Z</time>
			</trkpt>
			<trkpt lat="35.6349981303499" lon="-82.22417310108656">
				<ele>530.7729907212779</ele>
				<time>2025-06-06T14:01:28Z</time>
			</trkpt>
			<trkpt lat="35.63501651466528" lon="-82.22421466265473">
				<ele>530.4518124861643</ele>
				<time>2025-06-06T14:01:30Z</time>
			</trkpt>
			<trkpt lat="35.63502350370045" lon="-82.22423770004221">
				<ele>529.8087029512972</ele>
				<time>2025-06-06T14:01:31Z</time>
			</trkpt>
			<trkpt lat="35.63502567265129" lon="-82.22426103770756">
				<ele>531.6952970679849</ele>
				<time>2025-06-06T14:01:32Z</time>
			</trkpt>
			<trkpt lat="35.63502984980701" lon="-82.22429401749402">
				<ele>528.9853135654703</ele>
				<time>2025-06-06T14:01:33Z</time>
			</trkpt>
			<trkpt lat="35.63503855690818" lon="-82.22432663371931">
				<ele>528.4469609856606</ele>
				<time>2025-06-06T14:01:34Z</time>
			</trkpt>
			<trkpt lat="35.63504865141684" lon="-82.22435957907001">
				<ele>528.3680034177378</ele>
				<time>2025-06-06T14:01:35Z</time>
			</trkpt>
			<trkpt lat="35.635050912108376" lon="-82.22439441813239">
				<ele>528.6798571525142</ele>
				<time>2025-06-06T14:01:36Z</time>
			</trkpt>
			<trkpt lat="35.63506708891323" lon="-82.22442014278361">
				<ele>526.8708228254691</ele>
				<time>2025-06-06T14:01:37Z</time>
			</trkpt>
			<trkpt lat="35.63507724092587" lon="-82.22444495028563">
				<ele>526.2071734787896</ele>
				<time>2025-06-06T14:01:38Z</time>
			</trkpt>
			<trkpt lat="35.63508253008594" lon="-82.22447231759162">
				<ele>526.3812598669901</ele>
				<time>2025-06-06T14:01:39Z</time>
			</trkpt>
			<trkpt lat="35.63508746240199" lon="-82.2244985961139">
				<ele>528.3896801490337</ele>
				<time>2025-06-06T14:01:40Z</time>
			</trkpt>
			<trkpt lat="35.63510113135079" lon="-82.22452309350463">
				<ele>528.6828376213089</ele>
				<time>2025-06-06T14:01:41Z</time>
			</trkpt>
			<trkpt lat="35.63511209833308" lon="-82.2245431260409">
				<ele>530.3009956358001</ele>
				<time>2025-06-06T14:01:42Z</time>
			</trkpt>
			<trkpt lat="35.63511844289437" lon="-82.22456799166687">
				<ele>530.3500128677115</ele>
				<time>2025-06-06T14:01:43Z</time>
			</trkpt>
			<trkpt lat="35.635149383164524" lon="-82.224600431908">
				<ele>532.2986499937251</ele>
				<time>2025-06-06T14:01:45Z</time>
			</trkpt>
			<trkpt lat="35.63517949470553" lon="-82.22461947023588">
				<ele>532.4869247442111</ele>
				<time>2025-06-06T14:01:46Z</time>
			</trkpt>
			<trkpt lat="35.63521186909362" lon="-82.22463955546515">
				<ele>532.0214177109301</ele>
				<time>2025-06-06T14:01:47Z</time>
			</trkpt>
			<trkpt lat="35.63524322235013" lon="-82.22466097347072">
				<ele>531.5462724147364</ele>
				<time>2025-06-06T14:01:48Z</time>
			</trkpt>
			<trkpt lat="35.63527260619161" lon="-82.22468135964805">
				<ele>530.8323238911107</ele>
				<time>2025-06-06T14:01:49Z</time>
			</trkpt>
			<trkpt lat="35.635295856821905" lon="-82.22470102638502">
				<ele>527.2651832802221</ele>
				<time>2025-06-06T14:01:50Z</time>
			</trkpt>
			<trkpt lat="35.63532229235783" lon="-82.22473201356433">
				<ele>525.8634519465268</ele>
				<time>2025-06-06T14:01:51Z</time>
			</trkpt>
			<trkpt lat="35.63535000878711" lon="-82.22476104578004">
				<ele>524.410586707294</ele>
				<time>2025-06-06T14:01:53Z</time>
			</trkpt>
			<trkpt lat="35.635361814032095" lon="-82.22478286692755">
				<ele>526.9035222316161</ele>
				<time>2025-06-06T14:01:54Z</time>
			</trkpt>
			<trkpt lat="35.63538126395333" lon="-82.22481001349323">
				<ele>525.1763073047623</ele>
				<time>2025-06-06T14:01:55Z</time>
			</trkpt>
			<trkpt lat="35.63540797850665" lon="-82.22484899274382">
				<ele>526.3279195362702</ele>
				<time>2025-06-06T14:01:57Z</time>
			</trkpt>
			<trkpt lat="35.63541923365269" lon="-82.22486761146106">
				<ele>528.507337892428</ele>
				<time>2025-06-06T14:01:58Z</time>
			</trkpt>
			<trkpt lat="35.635432718183196" lon="-82.22490381641977">
				<ele>533.1508382381871</ele>
				<time>2025-06-06T14:02:00Z</time>
			</trkpt>
			<trkpt lat="35.63544161752675" lon="-82.2249235305542">
				<ele>533.8299846798182</ele>
				<time>2025-06-06T14:02:01Z</time>
			</trkpt>
			<trkpt lat="35.6354547078737" lon="-82.22494942198145">
				<ele>533.4772587856278</ele>
				<time>2025-06-06T14:02:02Z</time>
			</trkpt>
			<trkpt lat="35.635464754182124" lon="-82.22497251494848">
				<ele>533.1115815984085</ele>
				<time>2025-06-06T14:02:03Z</time>
			</trkpt>
			<trkpt lat="35.635472408193074" lon="-82.2250016860698">
				<ele>532.2912096912041</ele>
				<time>2025-06-06T14:02:05Z</time>
			</trkpt>
			<trkpt lat="35.635486968287246" lon="-82.2250209841883">
				<ele>529.6468962579966</ele>
				<time>2025-06-06T14:02:07Z</time>
			</trkpt>
			<trkpt lat="35.63551335505401" lon="-82.22503130380926">
				<ele>523.8061934318393</ele>
				<time>2025-06-06T14:02:09Z</time>
			</trkpt>
			<trkpt lat="35.635507808722366" lon="-82.2250534987322">
				<ele>522.8285866705701</ele>
				<time>2025-06-06T14:02:11Z</time>
			</trkpt>
			<trkpt lat="35.63549083991864" lon="-82.2250788227582">
				<ele>523.931522777304</ele>
				<time>2025-06-06T14:02:13Z</time>
			</trkpt>
			<trkpt lat="35.635478838187275" lon="-82.22509837753837">
				<ele>523.1274621570483</ele>
				<time>2025-06-06T14:02:14Z</time>
			</trkpt>
			<trkpt lat="35.63544331832101" lon="-82.2251155645849">
				<ele>525.3444201853126</ele>
				<time>2025-06-06T14:02:16Z</time>
			</trkpt>
			<trkpt lat="35.63542711373643" lon="-82.22512856089475">
				<ele>523.5356240719557</ele>
				<time>2025-06-06T14:02:17Z</time>
			</trkpt>
			<trkpt lat="35.635408311553" lon="-82.22513384697477">
				<ele>523.2166324397549</ele>
				<time>2025-06-06T14:02:18Z</time>
			</trkpt>
			<trkpt lat="35.63538303911958" lon="-82.22513413532432">
				<ele>524.3698139619082</ele>
				<time>2025-06-06T14:02:19Z</time>
			</trkpt>
			<trkpt lat="35.635365425447404" lon="-82.22514294717004">
				<ele>522.6556575866416</ele>
				<time>2025-06-06T14:02:20Z</time>
			</trkpt>
			<trkpt lat="35.635346173199935" lon="-82.22514953708632">
				<ele>522.3386517753825</ele>
				<time>2025-06-06T14:02:21Z</time>
			</trkpt>
			<trkpt lat="35.635320728432696" lon="-82.22514231769541">
				<ele>524.2596629112959</ele>
				<time>2025-06-06T14:02:22Z</time>
			</trkpt>
			<trkpt lat="35.635302727360454" lon="-82.2251372865791">
				<ele>525.4868414197117</ele>
				<time>2025-06-06T14:02:23Z</time>
			</trkpt>
			<trkpt lat="35.63528640020201" lon="-82.22514745633279">
				<ele>523.7048524757847</ele>
				<time>2025-06-06T14:02:24Z</time>
			</trkpt>
			<trkpt lat="35.635273542673616" lon="-82.22516606006091">
				<ele>522.3298290651292</ele>
				<time>2025-06-06T14:02:25Z</time>
			</trkpt>
			<trkpt lat="35.63526240758633" lon="-82.22518458371317">
				<ele>521.9732353221625</ele>
				<time>2025-06-06T14:02:26Z</time>
			</trkpt>
			<trkpt lat="35.63524131450599" lon="-82.22519320878597">
				<ele>524.1020962148905</ele>
				<time>2025-06-06T14:02:27Z</time>
			</trkpt>
			<trkpt lat="35.63522688477316" lon="-82.22520978408267">
				<ele>522.9045271100476</ele>
				<time>2025-06-06T14:02:28Z</time>
			</trkpt>
			<trkpt lat="35.63520581195988" lon="-82.2252177242606">
				<ele>524.2032121513039</ele>
				<time>2025-06-06T14:02:29Z</time>
			</trkpt>
			<trkpt lat="35.63518333590978" lon="-82.22522089362678">
				<ele>526.2211132934317</ele>
				<time>2025-06-06T14:02:30Z</time>
			</trkpt>
			<trkpt lat="35.6351582248091" lon="-82.2252313019475">
				<ele>524.7812040708959</ele>
				<time>2025-06-06T14:02:31Z</time>
			</trkpt>
			<trkpt lat="35.6351318405318" lon="-82.22523140716739">
				<ele>526.1901753395796</ele>
				<time>2025-06-06T14:02:32Z</time>
			</trkpt>
			<trkpt lat="35.63510869205648" lon="-82.22522953031212">
				<ele>528.7873784042895</ele>
				<time>2025-06-06T14:02:33Z</time>
			</trkpt>
			<trkpt lat="35.635086355193295" lon="-82.22523484695">
				<ele>528.9193043280393</ele>
				<time>2025-06-06T14:02:34Z</time>
			</trkpt>
			<trkpt lat="35.63506281659456" lon="-82.22524542360078">
				<ele>528.6179208066314</ele>
				<time>2025-06-06T14:02:35Z</time>
			</trkpt>
			<trkpt lat="35.63504295157106" lon="-82.22525986994032">
				<ele>528.3066326947883</ele>
				<time>2025-06-06T14:02:36Z</time>
			</trkpt>
			<trkpt lat="35.63502620966087" lon="-82.22527197912041">
				<ele>529.8456781571731</ele>
				<time>2025-06-06T14:02:37Z</time>
			</trkpt>
			<trkpt lat="35.63500058393718" lon="-82.22530618121782">
				<ele>530.6496987566352</ele>
				<time>2025-06-06T14:02:39Z</time>
			</trkpt>
			<trkpt lat="35.63498903334055" lon="-82.22533147230943">
				<ele>528.3375157518312</ele>
				<time>2025-06-06T14:02:40Z</time>
			</trkpt>
			<trkpt lat="35.63497492128797" lon="-82.22534917968399">
				<ele>529.652600986883</ele>
				<time>2025-06-06T14:02:41Z</time>
			</trkpt>
			<trkpt lat="35.63495529321474" lon="-82.2253568237645">
				<ele>532.3336298177019</ele>
				<time>2025-06-06T14:02:42Z</time>
			</trkpt>
			<trkpt lat="35.634936807263095" lon="-82.2253724186583">
				<ele>532.5173578513786</ele>
				<time>2025-06-06T14:02:43Z</time>
			</trkpt>
			<trkpt lat="35.634915559642046" lon="-82.22538765402449">
				<ele>532.4435145482421</ele>
				<time>2025-06-06T14:02:44Z</time>
			</trkpt>
			<trkpt lat="35.63489805964988" lon="-82.22540846942422">
				<ele>531.6803671829402</ele>
				<time>2025-06-06T14:02:45Z</time>
			</trkpt>
			<trkpt lat="35.63488558870878" lon="-82.22543111441199">
				<ele>531.6726197907701</ele>
				<time>2025-06-06T14:02:46Z</time>
			</trkpt>
			<trkpt lat="35.63486734224859" lon="-82.22544641246881">
				<ele>533.139557977207</ele>
				<time>2025-06-06T14:02:47Z</time>
			</trkpt>
			<trkpt lat="35.63485268548647" lon="-82.22549178546738">
				<ele>531.8569598589092</ele>
				<time>2025-06-06T14:02:49Z</time>
			</trkpt>
			<trkpt lat="35.634846507065404" lon="-82.2255144746046">
				<ele>531.426509052515</ele>
				<time>2025-06-06T14:02:50Z</time>
			</trkpt>
			<trkpt lat="35.6348394618301" lon="-82.22554189772366">
				<ele>531.8481148099527</ele>
				<time>2025-06-06T14:02:51Z</time>
			</trkpt>
			<trkpt lat="35.63482731067749" lon="-82.22557196378965">
				<ele>532.500302345492</ele>
				<time>2025-06-06T14:02:52Z</time>
			</trkpt>
			<trkpt lat="35.63481520621518" lon="-82.22560596928513">
				<ele>532.2115364465863</ele>
				<time>2025-06-06T14:02:53Z</time>
			</trkpt>
			<trkpt lat="35.63480690436922" lon="-82.22564283425754">
				<ele>530.6817971048877</ele>
				<time>2025-06-06T14:02:54Z</time>
			</trkpt>
			<trkpt lat="35.634799886860485" lon="-82.22567836971253">
				<ele>530.5516769103706</ele>
				<time>2025-06-06T14:02:55Z</time>
			</trkpt>
			<trkpt lat="35.634793649015066" lon="-82.22571666971542">
				<ele>530.9395038466901</ele>
				<time>2025-06-06T14:02:56Z</time>
			</trkpt>
			<trkpt lat="35.634786187216314" lon="-82.22575147800325">
				<ele>531.6716888817027</ele>
				<time>2025-06-06T14:02:57Z</time>
			</trkpt>
			<trkpt lat="35.63478106708475" lon="-82.22578283798201">
				<ele>532.2104669595137</ele>
				<time>2025-06-06T14:02:58Z</time>
			</trkpt>
			<trkpt lat="35.63477297256622" lon="-82.22581088427843">
				<ele>532.9290651120245</ele>
				<time>2025-06-06T14:02:59Z</time>
			</trkpt>
			<trkpt lat="35.63476620701367" lon="-82.22583954347405">
				<ele>533.1740342313424</ele>
				<time>2025-06-06T14:03:00Z</time>
			</trkpt>
			<trkpt lat="35.63476154755586" lon="-82.22586877594665">
				<ele>533.198471263051</ele>
				<time>2025-06-06T14:03:01Z</time>
			</trkpt>
			<trkpt lat="35.634756823921734" lon="-82.22589944452574">
				<ele>531.1873621549457</ele>
				<time>2025-06-06T14:03:02Z</time>
			</trkpt>
			<trkpt lat="35.63475312280213" lon="-82.22592608592642">
				<ele>530.9418801628053</ele>
				<time>2025-06-06T14:03:03Z</time>
			</trkpt>
			<trkpt lat="35.634749168961186" lon="-82.22595647652466">
				<ele>532.5175188360736</ele>
				<time>2025-06-06T14:03:04Z</time>
			</trkpt>
			<trkpt lat="35.634745057953104" lon="-82.22598478096197">
				<ele>532.9348111124709</ele>
				<time>2025-06-06T14:03:05Z</time>
			</trkpt>
			<trkpt lat="35.63474141252128" lon="-82.22601330593301">
				<ele>532.8425571601838</ele>
				<time>2025-06-06T14:03:06Z</time>
			</trkpt>
			<trkpt lat="35.634738139600486" lon="-82.2260426553807">
				<ele>531.8417411949486</ele>
				<time>2025-06-06T14:03:07Z</time>
			</trkpt>
			<trkpt lat="35.63473385386003" lon="-82.226072027089">
				<ele>531.0935387443751</ele>
				<time>2025-06-06T14:03:08Z</time>
			</trkpt>
			<trkpt lat="35.634729864470316" lon="-82.22609936780779">
				<ele>531.095184057951</ele>
				<time>2025-06-06T14:03:09Z</time>
			</trkpt>
			<trkpt lat="35.634729185161056" lon="-82.22612863612346">
				<ele>531.6959488987923</ele>
				<time>2025-06-06T14:03:10Z</time>
			</trkpt>
			<trkpt lat="35.634731379032495" lon="-82.226151730157">
				<ele>532.3589901262894</ele>
				<time>2025-06-06T14:03:11Z</time>
			</trkpt>
			<trkpt lat="35.63472581416744" lon="-82.22618986816742">
				<ele>534.8285763114691</ele>
				<time>2025-06-06T14:03:13Z</time>
			</trkpt>
			<trkpt lat="35.63472234061055" lon="-82.22621367369888">
				<ele>535.7532378518954</ele>
				<time>2025-06-06T14:03:15Z</time>
			</trkpt>
			<trkpt lat="35.63471800459472" lon="-82.22624338995843">
				<ele>538.4227645136416</ele>
				<time>2025-06-06T14:03:17Z</time>
			</trkpt>
			<trkpt lat="35.634713498538886" lon="-82.22627427154936">
				<ele>542.7515630126</ele>
				<time>2025-06-06T14:03:20Z</time>
			</trkpt>
			<trkpt lat="35.63470958588587" lon="-82.22630108633818">
				<ele>549.9104480203241</ele>
				<time>2025-06-06T14:03:24Z</time>
			</trkpt>
			<trkpt lat="35.63471448550991" lon="-82.22626750739292">
				<ele>563.1397610381246</ele>
				<time>2025-06-06T14:03:37Z</time>
			</trkpt>
			<trkpt lat="35.634719358000126" lon="-82.22623411445409">
				<ele>565.456899872981</ele>
				<time>2025-06-06T14:03:38Z</time>
			</trkpt>
			<trkpt lat="35.63472560352584" lon="-82.22619131163265">
				<ele>563.2690773801878</ele>
				<time>2025-06-06T14:03:39Z</time>
			</trkpt>
			<trkpt lat="35.634731280148024" lon="-82.22615240769873">
				<ele>564.080677319318</ele>
				<time>2025-06-06T14:03:40Z</time>
			</trkpt>
			<trkpt lat="35.63473825549564" lon="-82.2261046031297">
				<ele>565.5909059839323</ele>
				<time>2025-06-06T14:03:41Z</time>
			</trkpt>
			<trkpt lat="35.63474392995933" lon="-82.22606571399871">
				<ele>564.3435061937198</ele>
				<time>2025-06-06T14:03:42Z</time>
			</trkpt>
			<trkpt lat="35.634750692893775" lon="-82.22601936517813">
				<ele>564.4071662789211</ele>
				<time>2025-06-06T14:03:44Z</time>
			</trkpt>
			<trkpt lat="35.63475661264948" lon="-82.22597879497441">
				<ele>563.0349875958636</ele>
				<time>2025-06-06T14:03:46Z</time>
			</trkpt>
			<trkpt lat="35.634763188748856" lon="-82.22593372661976">
				<ele>559.1848694598302</ele>
				<time>2025-06-06T14:03:48Z</time>
			</trkpt>
			<trkpt lat="35.63476681287468" lon="-82.22590888920651">
				<ele>554.4395513124764</ele>
				<time>2025-06-06T14:03:51Z</time>
			</trkpt>
			<trkpt lat="35.63478541078732" lon="-82.22591162421756">
				<ele>551.6654987642542</ele>
				<time>2025-06-06T14:03:56Z</time>
			</trkpt>
			<trkpt lat="35.634808006944766" lon="-82.22592734541206">
				<ele>551.5540672838688</ele>
				<time>2025-06-06T14:03:58Z</time>
			</trkpt>
			<trkpt lat="35.634834734136746" lon="-82.22594875524163">
				<ele>550.2362977368757</ele>
				<time>2025-06-06T14:04:00Z</time>
			</trkpt>
			<trkpt lat="35.6348539977482" lon="-82.2259717639068">
				<ele>548.2847148794681</ele>
				<time>2025-06-06T14:04:01Z</time>
			</trkpt>
			<trkpt lat="35.63487708659677" lon="-82.22599505940535">
				<ele>547.5990899680182</ele>
				<time>2025-06-06T14:04:02Z</time>
			</trkpt>
			<trkpt lat="35.634901641188705" lon="-82.22602408408794">
				<ele>548.1344237076119</ele>
				<time>2025-06-06T14:04:03Z</time>
			</trkpt>
			<trkpt lat="35.634925012729695" lon="-82.22604490034486">
				<ele>546.8634447678924</ele>
				<time>2025-06-06T14:04:04Z</time>
			</trkpt>
			<trkpt lat="35.634940278237124" lon="-82.22608546789614">
				<ele>547.7289183670655</ele>
				<time>2025-06-06T14:04:07Z</time>
			</trkpt>
			<trkpt lat="35.634954389919734" lon="-82.22611816080966">
				<ele>546.1158864079043</ele>
				<time>2025-06-06T14:04:08Z</time>
			</trkpt>
			<trkpt lat="35.63496329697802" lon="-82.22614164993843">
				<ele>545.6263491809368</ele>
				<time>2025-06-06T14:04:09Z</time>
			</trkpt>
			<trkpt lat="35.634967118372124" lon="-82.22616837234595">
				<ele>544.5490186745301</ele>
				<time>2025-06-06T14:04:10Z</time>
			</trkpt>
			<trkpt lat="35.63497085130614" lon="-82.22619309731026">
				<ele>543.4816675558686</ele>
				<time>2025-06-06T14:04:11Z</time>
			</trkpt>
			<trkpt lat="35.634963683367026" lon="-82.22622157073351">
				<ele>544.1609961660579</ele>
				<time>2025-06-06T14:04:12Z</time>
			</trkpt>
			<trkpt lat="35.63495856494627" lon="-82.22624391129024">
				<ele>543.2482073726133</ele>
				<time>2025-06-06T14:04:13Z</time>
			</trkpt>
			<trkpt lat="35.63494699047932" lon="-82.22626672755337">
				<ele>544.4957462437451</ele>
				<time>2025-06-06T14:04:14Z</time>
			</trkpt>
			<trkpt lat="35.634937452296725" lon="-82.22628711337552">
				<ele>545.8222737973556</ele>
				<time>2025-06-06T14:04:15Z</time>
			</trkpt>
			<trkpt lat="35.63493474858961" lon="-82.2263253037935">
				<ele>546.1259399717674</ele>
				<time>2025-06-06T14:04:16Z</time>
			</trkpt>
			<trkpt lat="35.63493778367819" lon="-82.22635669275236">
				<ele>545.9842296596617</ele>
				<time>2025-06-06T14:04:17Z</time>
			</trkpt>
			<trkpt lat="35.63493958764126" lon="-82.22638504089949">
				<ele>546.3848679959774</ele>
				<time>2025-06-06T14:04:18Z</time>
			</trkpt>
			<trkpt lat="35.63493713886547" lon="-82.22642134557987">
				<ele>547.2792643029243</ele>
				<time>2025-06-06T14:04:19Z</time>
			</trkpt>
			<trkpt lat="35.63493143596553" lon="-82.22644834487176">
				<ele>547.2106967000291</ele>
				<time>2025-06-06T14:04:20Z</time>
			</trkpt>
			<trkpt lat="35.63491505554557" lon="-82.22649083761098">
				<ele>544.9273919351399</ele>
				<time>2025-06-06T14:04:22Z</time>
			</trkpt>
			<trkpt lat="35.634902412817546" lon="-82.22650723641631">
				<ele>544.3358121458441</ele>
				<time>2025-06-06T14:04:23Z</time>
			</trkpt>
			<trkpt lat="35.6348868403994" lon="-82.22654463674485">
				<ele>543.8308227583766</ele>
				<time>2025-06-06T14:04:25Z</time>
			</trkpt>
			<trkpt lat="35.634870934537055" lon="-82.2265738766619">
				<ele>546.7568567944691</ele>
				<time>2025-06-06T14:04:27Z</time>
			</trkpt>
			<trkpt lat="35.63486288724901" lon="-82.22659697986154">
				<ele>547.08636979945</ele>
				<time>2025-06-06T14:04:28Z</time>
			</trkpt>
			<trkpt lat="35.63485710789958" lon="-82.22662946212985">
				<ele>545.2424323000014</ele>
				<time>2025-06-06T14:04:29Z</time>
			</trkpt>
			<trkpt lat="35.63485147487095" lon="-82.22666455576362">
				<ele>543.8739193910733</ele>
				<time>2025-06-06T14:04:30Z</time>
			</trkpt>
			<trkpt lat="35.63484641393638" lon="-82.22668876529724">
				<ele>544.6549111325294</ele>
				<time>2025-06-06T14:04:31Z</time>
			</trkpt>
			<trkpt lat="35.634840390249074" lon="-82.22671917104645">
				<ele>545.471869174391</ele>
				<time>2025-06-06T14:04:32Z</time>
			</trkpt>
			<trkpt lat="35.634836080850846" lon="-82.22674113922467">
				<ele>546.3657915191725</ele>
				<time>2025-06-06T14:04:33Z</time>
			</trkpt>
			<trkpt lat="35.63483103012691" lon="-82.2267850690858">
				<ele>547.470313812606</ele>
				<time>2025-06-06T14:04:35Z</time>
			</trkpt>
			<trkpt lat="35.63483588528783" lon="-82.2268116836592">
				<ele>547.3003316167742</ele>
				<time>2025-06-06T14:04:36Z</time>
			</trkpt>
			<trkpt lat="35.63484425036214" lon="-82.22684579243926">
				<ele>544.8848224282265</ele>
				<time>2025-06-06T14:04:37Z</time>
			</trkpt>
			<trkpt lat="35.63485041111597" lon="-82.22687306853976">
				<ele>545.4522127462551</ele>
				<time>2025-06-06T14:04:38Z</time>
			</trkpt>
			<trkpt lat="35.63485632285697" lon="-82.22692248970098">
				<ele>546.0337490774691</ele>
				<time>2025-06-06T14:04:40Z</time>
			</trkpt>
			<trkpt lat="35.6348643603908" lon="-82.22697597608258">
				<ele>545.6997322440147</ele>
				<time>2025-06-06T14:04:41Z</time>
			</trkpt>
			<trkpt lat="35.634875927137465" lon="-82.22701391138382">
				<ele>544.1524354359135</ele>
				<time>2025-06-06T14:04:42Z</time>
			</trkpt>
			<trkpt lat="35.63489280684159" lon="-82.2270505079382">
				<ele>544.3516828697175</ele>
				<time>2025-06-06T14:04:44Z</time>
			</trkpt>
			<trkpt lat="35.63492065420501" lon="-82.2270458725368">
				<ele>543.9447608524933</ele>
				<time>2025-06-06T14:04:46Z</time>
			</trkpt>
			<trkpt lat="35.6349359884525" lon="-82.22702987230329">
				<ele>545.4347341610119</ele>
				<time>2025-06-06T14:04:48Z</time>
			</trkpt>
			<trkpt lat="35.63494561435534" lon="-82.22701047758916">
				<ele>547.1976120974869</ele>
				<time>2025-06-06T14:04:50Z</time>
			</trkpt>
			<trkpt lat="35.63496322743564" lon="-82.22698530157177">
				<ele>547.8392302151769</ele>
				<time>2025-06-06T14:04:52Z</time>
			</trkpt>
			<trkpt lat="35.634974966187535" lon="-82.22696482575496">
				<ele>550.9595634555444</ele>
				<time>2025-06-06T14:04:54Z</time>
			</trkpt>
			<trkpt lat="35.63499948307757" lon="-82.22695189150626">
				<ele>556.7957536820322</ele>
				<time>2025-06-06T14:04:58Z</time>
			</trkpt>
			<trkpt lat="35.63501720809839" lon="-82.22693172015092">
				<ele>557.1101870499551</ele>
				<time>2025-06-06T14:05:00Z</time>
			</trkpt>
			<trkpt lat="35.63502846611948" lon="-82.22690489928696">
				<ele>556.2901759976521</ele>
				<time>2025-06-06T14:05:02Z</time>
			</trkpt>
			<trkpt lat="35.63505183819382" lon="-82.22686877850165">
				<ele>554.4663407485932</ele>
				<time>2025-06-06T14:05:04Z</time>
			</trkpt>
			<trkpt lat="35.63507166469047" lon="-82.22684034256602">
				<ele>553.779972457327</ele>
				<time>2025-06-06T14:05:05Z</time>
			</trkpt>
			<trkpt lat="35.635082826643725" lon="-82.22682183149158">
				<ele>553.8391860080883</ele>
				<time>2025-06-06T14:05:06Z</time>
			</trkpt>
			<trkpt lat="35.63510583705225" lon="-82.22679758284781">
				<ele>553.0074763037264</ele>
				<time>2025-06-06T14:05:08Z</time>
			</trkpt>
			<trkpt lat="35.63512284743837" lon="-82.22678969242979">
				<ele>553.1138568371534</ele>
				<time>2025-06-06T14:05:09Z</time>
			</trkpt>
			<trkpt lat="35.635144518534894" lon="-82.2267693977058">
				<ele>552.5043777283281</ele>
				<time>2025-06-06T14:05:11Z</time>
			</trkpt>
			<trkpt lat="35.635145051102754" lon="-82.22673034476736">
				<ele>552.9340408137068</ele>
				<time>2025-06-06T14:05:15Z</time>
			</trkpt>
			<trkpt lat="35.63514189359887" lon="-82.22670524780257">
				<ele>553.1064505148679</ele>
				<time>2025-06-06T14:05:16Z</time>
			</trkpt>
			<trkpt lat="35.63514006197735" lon="-82.22667781296978">
				<ele>553.0835394989699</ele>
				<time>2025-06-06T14:05:17Z</time>
			</trkpt>
			<trkpt lat="35.635150346303945" lon="-82.22664577086184">
				<ele>553.2497719079256</ele>
				<time>2025-06-06T14:05:18Z</time>
			</trkpt>
			<trkpt lat="35.63516279081969" lon="-82.22660528944489">
				<ele>553.891669520177</ele>
				<time>2025-06-06T14:05:19Z</time>
			</trkpt>
			<trkpt lat="35.63516170528263" lon="-82.22657645795896">
				<ele>555.0911021903157</ele>
				<time>2025-06-06T14:05:20Z</time>
			</trkpt>
			<trkpt lat="35.6351699882969" lon="-82.22654355871924">
				<ele>553.0409819297493</ele>
				<time>2025-06-06T14:05:21Z</time>
			</trkpt>
			<trkpt lat="35.6351809195554" lon="-82.2265080492722">
				<ele>552.8833623165265</ele>
				<time>2025-06-06T14:05:23Z</time>
			</trkpt>
			<trkpt lat="35.63519198514483" lon="-82.22647207224705">
				<ele>555.3850320409983</ele>
				<time>2025-06-06T14:05:25Z</time>
			</trkpt>
			<trkpt lat="35.635198050427086" lon="-82.22644526980284">
				<ele>555.4173917099833</ele>
				<time>2025-06-06T14:05:27Z</time>
			</trkpt>
			<trkpt lat="35.63520306325686" lon="-82.22641803777641">
				<ele>554.7860912857577</ele>
				<time>2025-06-06T14:05:28Z</time>
			</trkpt>
			<trkpt lat="35.63520159737062" lon="-82.22639195776809">
				<ele>554.2181467153132</ele>
				<time>2025-06-06T14:05:29Z</time>
			</trkpt>
			<trkpt lat="35.63520309664672" lon="-82.22636721001918">
				<ele>553.513742910698</ele>
				<time>2025-06-06T14:05:30Z</time>
			</trkpt>
			<trkpt lat="35.635208676679966" lon="-82.22634615138132">
				<ele>556.1508114114404</ele>
				<time>2025-06-06T14:05:31Z</time>
			</trkpt>
			<trkpt lat="35.63521669293186" lon="-82.22631805672381">
				<ele>557.4888246748596</ele>
				<time>2025-06-06T14:05:32Z</time>
			</trkpt>
			<trkpt lat="35.635224037035876" lon="-82.22629672127188">
				<ele>558.1245562555268</ele>
				<time>2025-06-06T14:05:33Z</time>
			</trkpt>
			<trkpt lat="35.63523452333556" lon="-82.22626822278092">
				<ele>557.7879629340023</ele>
				<time>2025-06-06T14:05:34Z</time>
			</trkpt>
			<trkpt lat="35.63523542889108" lon="-82.22624417866656">
				<ele>557.2441801447421</ele>
				<time>2025-06-06T14:05:35Z</time>
			</trkpt>
			<trkpt lat="35.63523659911906" lon="-82.22621535973126">
				<ele>555.8697096062824</ele>
				<time>2025-06-06T14:05:36Z</time>
			</trkpt>
			<trkpt lat="35.63522320708709" lon="-82.22619137091968">
				<ele>556.8389227949083</ele>
				<time>2025-06-06T14:05:37Z</time>
			</trkpt>
			<trkpt lat="35.63521386528755" lon="-82.22616822255047">
				<ele>557.2256950577721</ele>
				<time>2025-06-06T14:05:38Z</time>
			</trkpt>
			<trkpt lat="35.63520465591001" lon="-82.2261432812244">
				<ele>556.2533746697009</ele>
				<time>2025-06-06T14:05:39Z</time>
			</trkpt>
			<trkpt lat="35.635196585423344" lon="-82.22611866313692">
				<ele>556.5025703618303</ele>
				<time>2025-06-06T14:05:40Z</time>
			</trkpt>
			<trkpt lat="35.63518756227473" lon="-82.22609426067034">
				<ele>557.3478057319298</ele>
				<time>2025-06-06T14:05:41Z</time>
			</trkpt>
			<trkpt lat="35.635185684455756" lon="-82.22606583347869">
				<ele>557.3963001146913</ele>
				<time>2025-06-06T14:05:42Z</time>
			</trkpt>
			<trkpt lat="35.63518321668316" lon="-82.22604025231433">
				<ele>557.760092753917</ele>
				<time>2025-06-06T14:05:43Z</time>
			</trkpt>
			<trkpt lat="35.63518978147265" lon="-82.22600899565197">
				<ele>554.6959138493985</ele>
				<time>2025-06-06T14:05:44Z</time>
			</trkpt>
			<trkpt lat="35.63519423250205" lon="-82.22598289006355">
				<ele>557.5583789870143</ele>
				<time>2025-06-06T14:05:45Z</time>
			</trkpt>
			<trkpt lat="35.635207022545856" lon="-82.22595901372529">
				<ele>557.6160571752116</ele>
				<time>2025-06-06T14:05:46Z</time>
			</trkpt>
			<trkpt lat="35.635220289627554" lon="-82.22593568031289">
				<ele>556.9721894590184</ele>
				<time>2025-06-06T14:05:47Z</time>
			</trkpt>
			<trkpt lat="35.635234854229225" lon="-82.22591237432471">
				<ele>554.8380025448278</ele>
				<time>2025-06-06T14:05:48Z</time>
			</trkpt>
			<trkpt lat="35.63524310775536" lon="-82.2258890430682">
				<ele>556.5931591652334</ele>
				<time>2025-06-06T14:05:49Z</time>
			</trkpt>
			<trkpt lat="35.635248768737554" lon="-82.2258654140468">
				<ele>556.7085234662518</ele>
				<time>2025-06-06T14:05:50Z</time>
			</trkpt>
			<trkpt lat="35.635254432386496" lon="-82.2258398899114">
				<ele>556.4547359477729</ele>
				<time>2025-06-06T14:05:51Z</time>
			</trkpt>
			<trkpt lat="35.63526163482192" lon="-82.22581575558029">
				<ele>555.1787966927513</ele>
				<time>2025-06-06T14:05:52Z</time>
			</trkpt>
			<trkpt lat="35.63526429597115" lon="-82.22579020476316">
				<ele>554.278605598025</ele>
				<time>2025-06-06T14:05:53Z</time>
			</trkpt>
			<trkpt lat="35.63527255009876" lon="-82.22576863456474">
				<ele>554.7451108461246</ele>
				<time>2025-06-06T14:05:54Z</time>
			</trkpt>
			<trkpt lat="35.63528986092595" lon="-82.22574105923363">
				<ele>555.7192431194708</ele>
				<time>2025-06-06T14:05:56Z</time>
			</trkpt>
			<trkpt lat="35.63530938114853" lon="-82.22572986951515">
				<ele>557.1507764244452</ele>
				<time>2025-06-06T14:05:58Z</time>
			</trkpt>
			<trkpt lat="35.63532521595797" lon="-82.225703500032">
				<ele>557.8736794833094</ele>
				<time>2025-06-06T14:06:00Z</time>
			</trkpt>
			<trkpt lat="35.63533550035429" lon="-82.2256672719199">
				<ele>554.84333334025</ele>
				<time>2025-06-06T14:06:02Z</time>
			</trkpt>
			<trkpt lat="35.635328580678454" lon="-82.22569281111367">
				<ele>551.8898485256359</ele>
				<time>2025-06-06T14:06:09Z</time>
			</trkpt>
			<trkpt lat="35.63532775628319" lon="-82.22572263459857">
				<ele>553.6540344543755</ele>
				<time>2025-06-06T14:06:12Z</time>
			</trkpt>
			<trkpt lat="35.63532548293899" lon="-82.22575751067984">
				<ele>552.6407578447834</ele>
				<time>2025-06-06T14:06:14Z</time>
			</trkpt>
			<trkpt lat="35.63531533236981" lon="-82.22578307482075">
				<ele>554.7615841319785</ele>
				<time>2025-06-06T14:06:16Z</time>
			</trkpt>
			<trkpt lat="35.63531144035357" lon="-82.22580850046272">
				<ele>554.4009477160871</ele>
				<time>2025-06-06T14:06:18Z</time>
			</trkpt>
			<trkpt lat="35.63531062256745" lon="-82.22583430714953">
				<ele>555.4957364881411</ele>
				<time>2025-06-06T14:06:20Z</time>
			</trkpt>
			<trkpt lat="35.635306547434176" lon="-82.22586408801155">
				<ele>554.1105375047773</ele>
				<time>2025-06-06T14:06:22Z</time>
			</trkpt>
			<trkpt lat="35.63530516847999" lon="-82.22589457572106">
				<ele>554.8350017061457</ele>
				<time>2025-06-06T14:06:24Z</time>
			</trkpt>
			<trkpt lat="35.635305446722136" lon="-82.2259233525648">
				<ele>555.103505499661</ele>
				<time>2025-06-06T14:06:26Z</time>
			</trkpt>
			<trkpt lat="35.63530782861843" lon="-82.2259500445738">
				<ele>556.2582337036729</ele>
				<time>2025-06-06T14:06:28Z</time>
			</trkpt>
			<trkpt lat="35.635318511063986" lon="-82.22597812778604">
				<ele>555.4999252567068</ele>
				<time>2025-06-06T14:06:30Z</time>
			</trkpt>
			<trkpt lat="35.63531200221727" lon="-82.22601228342288">
				<ele>559.1840215604752</ele>
				<time>2025-06-06T14:06:33Z</time>
			</trkpt>
			<trkpt lat="35.63530867039107" lon="-82.22604656427166">
				<ele>558.1710824714974</ele>
				<time>2025-06-06T14:06:35Z</time>
			</trkpt>
			<trkpt lat="35.635305627008" lon="-82.22607320667964">
				<ele>558.9585896618664</ele>
				<time>2025-06-06T14:06:37Z</time>
			</trkpt>
			<trkpt lat="35.63530856150992" lon="-82.22610998506885">
				<ele>558.9177774339914</ele>
				<time>2025-06-06T14:06:39Z</time>
			</trkpt>
			<trkpt lat="35.63531316774367" lon="-82.22614554048721">
				<ele>560.1743558030576</ele>
				<time>2025-06-06T14:06:41Z</time>
			</trkpt>
			<trkpt lat="35.63531745686776" lon="-82.22617789423569">
				<ele>560.8618579953909</ele>
				<time>2025-06-06T14:06:43Z</time>
			</trkpt>
			<trkpt lat="35.63533045690177" lon="-82.22622456424418">
				<ele>559.6070713708177</ele>
				<time>2025-06-06T14:06:45Z</time>
			</trkpt>
			<trkpt lat="35.635350353797676" lon="-82.22624302278513">
				<ele>559.4852174464613</ele>
				<time>2025-06-06T14:06:47Z</time>
			</trkpt>
			<trkpt lat="35.63536350962033" lon="-82.22626254363766">
				<ele>561.7868009470403</ele>
				<time>2025-06-06T14:06:49Z</time>
			</trkpt>
			<trkpt lat="35.635371928068714" lon="-82.22629369530296">
				<ele>561.4346076659858</ele>
				<time>2025-06-06T14:06:51Z</time>
			</trkpt>
			<trkpt lat="35.63537562832812" lon="-82.22632647290861">
				<ele>563.8722978392616</ele>
				<time>2025-06-06T14:06:53Z</time>
			</trkpt>
			<trkpt lat="35.63538213795602" lon="-82.22635622299752">
				<ele>563.3074122378603</ele>
				<time>2025-06-06T14:06:55Z</time>
			</trkpt>
			<trkpt lat="35.63539060947764" lon="-82.22639465363922">
				<ele>564.8988511785865</ele>
				<time>2025-06-06T14:06:57Z</time>
			</trkpt>
			<trkpt lat="35.63539839920145" lon="-82.22641853780172">
				<ele>567.9529140684754</ele>
				<time>2025-06-06T14:07:02Z</time>
			</trkpt>
			<trkpt lat="35.635405690877036" lon="-82.22643897850186">
				<ele>567.5692189214751</ele>
				<time>2025-06-06T14:07:04Z</time>
			</trkpt>
			<trkpt lat="35.6354073170225" lon="-82.22647148668644">
				<ele>567.5131767671555</ele>
				<time>2025-06-06T14:07:06Z</time>
			</trkpt>
			<trkpt lat="35.63540398190635" lon="-82.22651262186403">
				<ele>565.9989269161597</ele>
				<time>2025-06-06T14:07:08Z</time>
			</trkpt>
			<trkpt lat="35.635399515212896" lon="-82.22656124786384">
				<ele>566.4830454559997</ele>
				<time>2025-06-06T14:07:10Z</time>
			</trkpt>
			<trkpt lat="35.63539975146326" lon="-82.22660003765718">
				<ele>567.6950524644926</ele>
				<time>2025-06-06T14:07:12Z</time>
			</trkpt>
			<trkpt lat="35.635402941145365" lon="-82.2266372059923">
				<ele>568.7612794218585</ele>
				<time>2025-06-06T14:07:14Z</time>
			</trkpt>
			<trkpt lat="35.635408764051576" lon="-82.22665909286987">
				<ele>568.8436411647126</ele>
				<time>2025-06-06T14:07:15Z</time>
			</trkpt>
			<trkpt lat="35.635414754256196" lon="-82.22668342996329">
				<ele>567.2670260295272</ele>
				<time>2025-06-06T14:07:16Z</time>
			</trkpt>
			<trkpt lat="35.63542136540731" lon="-82.22670690613366">
				<ele>565.6822805004194</ele>
				<time>2025-06-06T14:07:17Z</time>
			</trkpt>
			<trkpt lat="35.63543660988644" lon="-82.22673476365831">
				<ele>568.2446606829762</ele>
				<time>2025-06-06T14:07:19Z</time>
			</trkpt>
			<trkpt lat="35.63544959785227" lon="-82.22675209019324">
				<ele>568.3176754200831</ele>
				<time>2025-06-06T14:07:21Z</time>
			</trkpt>
			<trkpt lat="35.63546998471102" lon="-82.22676338331654">
				<ele>569.0510874111205</ele>
				<time>2025-06-06T14:07:23Z</time>
			</trkpt>
			<trkpt lat="35.63547871410103" lon="-82.22679177438617">
				<ele>570.1722167823464</ele>
				<time>2025-06-06T14:07:25Z</time>
			</trkpt>
			<trkpt lat="35.63547759507112" lon="-82.22682548607783">
				<ele>570.593291413039</ele>
				<time>2025-06-06T14:07:27Z</time>
			</trkpt>
			<trkpt lat="35.635469624521406" lon="-82.22685733564455">
				<ele>572.2428636653349</ele>
				<time>2025-06-06T14:07:29Z</time>
			</trkpt>
			<trkpt lat="35.63546508770182" lon="-82.22688505294568">
				<ele>572.0849760649726</ele>
				<time>2025-06-06T14:07:31Z</time>
			</trkpt>
			<trkpt lat="35.63546387146807" lon="-82.22691214623971">
				<ele>572.3329615676776</ele>
				<time>2025-06-06T14:07:33Z</time>
			</trkpt>
			<trkpt lat="35.63547639045239" lon="-82.22693879837229">
				<ele>571.6584564568475</ele>
				<time>2025-06-06T14:07:35Z</time>
			</trkpt>
			<trkpt lat="35.635486811549676" lon="-82.22696771008107">
				<ele>570.8905586376786</ele>
				<time>2025-06-06T14:07:37Z</time>
			</trkpt>
			<trkpt lat="35.63550083596689" lon="-82.22700246293029">
				<ele>570.3233694462106</ele>
				<time>2025-06-06T14:07:39Z</time>
			</trkpt>
			<trkpt lat="35.63551699716253" lon="-82.2270425920578">
				<ele>570.6603051759303</ele>
				<time>2025-06-06T14:07:41Z</time>
			</trkpt>
			<trkpt lat="35.63552535256473" lon="-82.22707728367814">
				<ele>570.8725423309952</ele>
				<time>2025-06-06T14:07:43Z</time>
			</trkpt>
			<trkpt lat="35.63554451171851" lon="-82.2271083223948">
				<ele>570.5626600747928</ele>
				<time>2025-06-06T14:07:45Z</time>
			</trkpt>
			<trkpt lat="35.635559644874505" lon="-82.22713261670715">
				<ele>570.624448010698</ele>
				<time>2025-06-06T14:07:47Z</time>
			</trkpt>
			<trkpt lat="35.63556718441839" lon="-82.22716004559953">
				<ele>572.3516996363178</ele>
				<time>2025-06-06T14:07:50Z</time>
			</trkpt>
			<trkpt lat="35.6355825720547" lon="-82.22718829719555">
				<ele>572.0885745882988</ele>
				<time>2025-06-06T14:07:53Z</time>
			</trkpt>
			<trkpt lat="35.63559620013224" lon="-82.22722405760281">
				<ele>570.6820537690073</ele>
				<time>2025-06-06T14:07:55Z</time>
			</trkpt>
			<trkpt lat="35.63560678557162" lon="-82.2272446958199">
				<ele>572.188303696923</ele>
				<time>2025-06-06T14:07:57Z</time>
			</trkpt>
			<trkpt lat="35.635625831365076" lon="-82.22727542664072">
				<ele>572.1172139756382</ele>
				<time>2025-06-06T14:08:00Z</time>
			</trkpt>
			<trkpt lat="35.63563976942361" lon="-82.22729547215913">
				<ele>574.2624703543261</ele>
				<time>2025-06-06T14:08:02Z</time>
			</trkpt>
			<trkpt lat="35.63566052284061" lon="-82.22732003837844">
				<ele>572.7520975898951</ele>
				<time>2025-06-06T14:08:03Z</time>
			</trkpt>
			<trkpt lat="35.635674238044906" lon="-82.22733440676194">
				<ele>572.0787605009973</ele>
				<time>2025-06-06T14:08:04Z</time>
			</trkpt>
			<trkpt lat="35.63569199614322" lon="-82.22732763584825">
				<ele>573.0568064767867</ele>
				<time>2025-06-06T14:08:06Z</time>
			</trkpt>
			<trkpt lat="35.63570654814494" lon="-82.22735717404946">
				<ele>571.8754461565986</ele>
				<time>2025-06-06T14:08:08Z</time>
			</trkpt>
			<trkpt lat="35.63571884474016" lon="-82.22738647602061">
				<ele>573.8301638187841</ele>
				<time>2025-06-06T14:08:10Z</time>
			</trkpt>
			<trkpt lat="35.63572348967401" lon="-82.22742038730364">
				<ele>573.1735393255949</ele>
				<time>2025-06-06T14:08:12Z</time>
			</trkpt>
			<trkpt lat="35.63572997022728" lon="-82.22744649622875">
				<ele>575.7036552932113</ele>
				<time>2025-06-06T14:08:15Z</time>
			</trkpt>
			<trkpt lat="35.635740944621325" lon="-82.22747642468143">
				<ele>575.5161648355424</ele>
				<time>2025-06-06T14:08:18Z</time>
			</trkpt>
			<trkpt lat="35.63575928620464" lon="-82.2275015202417">
				<ele>575.7781638549641</ele>
				<time>2025-06-06T14:08:20Z</time>
			</trkpt>
			<trkpt lat="35.6357783491777" lon="-82.22752934877167">
				<ele>576.5635289885104</ele>
				<time>2025-06-06T14:08:23Z</time>
			</trkpt>
			<trkpt lat="35.635801912727885" lon="-82.227551680346">
				<ele>574.9588560247794</ele>
				<time>2025-06-06T14:08:25Z</time>
			</trkpt>
			<trkpt lat="35.63581894771878" lon="-82.22757299345801">
				<ele>575.5308908140287</ele>
				<time>2025-06-06T14:08:27Z</time>
			</trkpt>
			<trkpt lat="35.63583988462816" lon="-82.22759853764937">
				<ele>574.8510822346434</ele>
				<time>2025-06-06T14:08:29Z</time>
			</trkpt>
			<trkpt lat="35.635854839093135" lon="-82.22761933211567">
				<ele>575.7021344248205</ele>
				<time>2025-06-06T14:08:31Z</time>
			</trkpt>
			<trkpt lat="35.635874815817814" lon="-82.22764761425383">
				<ele>576.4511264087632</ele>
				<time>2025-06-06T14:08:34Z</time>
			</trkpt>
			<trkpt lat="35.635901833766745" lon="-82.22767067064157">
				<ele>576.8724352065474</ele>
				<time>2025-06-06T14:08:36Z</time>
			</trkpt>
			<trkpt lat="35.6359227822358" lon="-82.22767568747621">
				<ele>577.301856120117</ele>
				<time>2025-06-06T14:08:37Z</time>
			</trkpt>
			<trkpt lat="35.63594342066384" lon="-82.22768067593137">
				<ele>576.666064360179</ele>
				<time>2025-06-06T14:08:38Z</time>
			</trkpt>
			<trkpt lat="35.6359685348706" lon="-82.22767869450625">
				<ele>578.4379505682737</ele>
				<time>2025-06-06T14:08:39Z</time>
			</trkpt>
			<trkpt lat="35.6359850263209" lon="-82.22766260413323">
				<ele>578.7874671677127</ele>
				<time>2025-06-06T14:08:40Z</time>
			</trkpt>
			<trkpt lat="35.636002631991886" lon="-82.2276441040905">
				<ele>579.3168388009071</ele>
				<time>2025-06-06T14:08:43Z</time>
			</trkpt>
			<trkpt lat="35.63601311180978" lon="-82.22762488976954">
				<ele>578.0037387097254</ele>
				<time>2025-06-06T14:08:45Z</time>
			</trkpt>
			<trkpt lat="35.63601503464039" lon="-82.22759895539787">
				<ele>580.2728930218145</ele>
				<time>2025-06-06T14:08:48Z</time>
			</trkpt>
			<trkpt lat="35.63599477995634" lon="-82.22757304778622">
				<ele>579.5623484477401</ele>
				<time>2025-06-06T14:08:50Z</time>
			</trkpt>
			<trkpt lat="35.63598249871781" lon="-82.22753680544922">
				<ele>580.2702767429873</ele>
				<time>2025-06-06T14:08:53Z</time>
			</trkpt>
			<trkpt lat="35.635977130550245" lon="-82.2275109663613">
				<ele>580.0689540812746</ele>
				<time>2025-06-06T14:08:55Z</time>
			</trkpt>
			<trkpt lat="35.63597096191679" lon="-82.22748174732126">
				<ele>582.1424695840105</ele>
				<time>2025-06-06T14:08:57Z</time>
			</trkpt>
			<trkpt lat="35.63595996147005" lon="-82.2274519862516">
				<ele>582.918799225241</ele>
				<time>2025-06-06T14:08:59Z</time>
			</trkpt>
			<trkpt lat="35.63595208129366" lon="-82.22742913218005">
				<ele>581.4523069467396</ele>
				<time>2025-06-06T14:09:00Z</time>
			</trkpt>
			<trkpt lat="35.63594238784587" lon="-82.22739360509446">
				<ele>582.9795883381739</ele>
				<time>2025-06-06T14:09:02Z</time>
			</trkpt>
			<trkpt lat="35.6359379344232" lon="-82.22736156393506">
				<ele>582.3186581321061</ele>
				<time>2025-06-06T14:09:04Z</time>
			</trkpt>
			<trkpt lat="35.63592913079768" lon="-82.22733762214945">
				<ele>584.0051405783743</ele>
				<time>2025-06-06T14:09:06Z</time>
			</trkpt>
			<trkpt lat="35.635926096929" lon="-82.22730215488771">
				<ele>584.7323634540662</ele>
				<time>2025-06-06T14:09:08Z</time>
			</trkpt>
			<trkpt lat="35.63592913297785" lon="-82.22727899093223">
				<ele>583.496351595968</ele>
				<time>2025-06-06T14:09:09Z</time>
			</trkpt>
			<trkpt lat="35.63591961297053" lon="-82.22724998200734">
				<ele>584.5902738207951</ele>
				<time>2025-06-06T14:09:11Z</time>
			</trkpt>
			<trkpt lat="35.63591636829213" lon="-82.22722796318791">
				<ele>584.6366920825094</ele>
				<time>2025-06-06T14:09:12Z</time>
			</trkpt>
			<trkpt lat="35.63591377051864" lon="-82.22720578647817">
				<ele>584.8911676909775</ele>
				<time>2025-06-06T14:09:13Z</time>
			</trkpt>
			<trkpt lat="35.63591305049712" lon="-82.22717572340542">
				<ele>585.4124838160351</ele>
				<time>2025-06-06T14:09:15Z</time>
			</trkpt>
			<trkpt lat="35.63591606715238" lon="-82.22714793663864">
				<ele>585.9051541220397</ele>
				<time>2025-06-06T14:09:17Z</time>
			</trkpt>
			<trkpt lat="35.63590986265266" lon="-82.22711862195388">
				<ele>585.7489435365424</ele>
				<time>2025-06-06T14:09:18Z</time>
			</trkpt>
			<trkpt lat="35.63589714823504" lon="-82.22709362205977">
				<ele>585.5506095113233</ele>
				<time>2025-06-06T14:09:19Z</time>
			</trkpt>
			<trkpt lat="35.63589073535628" lon="-82.22706717467433">
				<ele>585.7215954018757</ele>
				<time>2025-06-06T14:09:20Z</time>
			</trkpt>
			<trkpt lat="35.63588756033124" lon="-82.22702844767379">
				<ele>586.8102186564356</ele>
				<time>2025-06-06T14:09:22Z</time>
			</trkpt>
			<trkpt lat="35.63589214241229" lon="-82.2269934324193">
				<ele>586.5720802228898</ele>
				<time>2025-06-06T14:09:24Z</time>
			</trkpt>
			<trkpt lat="35.63590628738661" lon="-82.2269655548593">
				<ele>588.0415435051546</ele>
				<time>2025-06-06T14:09:26Z</time>
			</trkpt>
			<trkpt lat="35.6359147079774" lon="-82.22693534517681">
				<ele>587.1548259165138</ele>
				<time>2025-06-06T14:09:28Z</time>
			</trkpt>
			<trkpt lat="35.63591587783487" lon="-82.22691256596221">
				<ele>587.1978716477752</ele>
				<time>2025-06-06T14:09:29Z</time>
			</trkpt>
			<trkpt lat="35.635921258352894" lon="-82.22687317907403">
				<ele>586.0731976749375</ele>
				<time>2025-06-06T14:09:30Z</time>
			</trkpt>
			<trkpt lat="35.635924808697375" lon="-82.226844558249">
				<ele>585.9381964756176</ele>
				<time>2025-06-06T14:09:31Z</time>
			</trkpt>
			<trkpt lat="35.63593631746869" lon="-82.22681312099148">
				<ele>585.6197631685063</ele>
				<time>2025-06-06T14:09:33Z</time>
			</trkpt>
			<trkpt lat="35.63593881754583" lon="-82.2267816621157">
				<ele>588.3911698674783</ele>
				<time>2025-06-06T14:09:35Z</time>
			</trkpt>
			<trkpt lat="35.635953770991" lon="-82.22674897906315">
				<ele>589.756714948453</ele>
				<time>2025-06-06T14:09:37Z</time>
			</trkpt>
			<trkpt lat="35.63596971144576" lon="-82.22672414945981">
				<ele>591.0315455310047</ele>
				<time>2025-06-06T14:09:39Z</time>
			</trkpt>
			<trkpt lat="35.6359815710055" lon="-82.22669556270276">
				<ele>590.2081448249519</ele>
				<time>2025-06-06T14:09:43Z</time>
			</trkpt>
			<trkpt lat="35.63599528319414" lon="-82.22666758833714">
				<ele>592.1927365884185</ele>
				<time>2025-06-06T14:09:45Z</time>
			</trkpt>
			<trkpt lat="35.63601080125425" lon="-82.22665302197719">
				<ele>591.5491079129279</ele>
				<time>2025-06-06T14:09:46Z</time>
			</trkpt>
			<trkpt lat="35.63602741766784" lon="-82.22663624381902">
				<ele>590.5588034726679</ele>
				<time>2025-06-06T14:09:47Z</time>
			</trkpt>
			<trkpt lat="35.636044224974846" lon="-82.22662320748763">
				<ele>590.7038832893595</ele>
				<time>2025-06-06T14:09:48Z</time>
			</trkpt>
			<trkpt lat="35.63607395578304" lon="-82.22661239973638">
				<ele>590.0483416179195</ele>
				<time>2025-06-06T14:09:50Z</time>
			</trkpt>
			<trkpt lat="35.63610052339575" lon="-82.22659464501133">
				<ele>592.8101708097383</ele>
				<time>2025-06-06T14:09:52Z</time>
			</trkpt>
			<trkpt lat="35.63611988358014" lon="-82.22657951537757">
				<ele>593.6005799155682</ele>
				<time>2025-06-06T14:09:54Z</time>
			</trkpt>
			<trkpt lat="35.63614816816356" lon="-82.22658955467016">
				<ele>590.5357994949445</ele>
				<time>2025-06-06T14:09:56Z</time>
			</trkpt>
			<trkpt lat="35.63618232591511" lon="-82.22659874654674">
				<ele>591.0419781785458</ele>
				<time>2025-06-06T14:09:58Z</time>
			</trkpt>
			<trkpt lat="35.636212115639395" lon="-82.22661265373809">
				<ele>590.8518299823627</ele>
				<time>2025-06-06T14:10:00Z</time>
			</trkpt>
			<trkpt lat="35.63623568322282" lon="-82.22662769027622">
				<ele>590.171783188358</ele>
				<time>2025-06-06T14:10:02Z</time>
			</trkpt>
			<trkpt lat="35.636258611150986" lon="-82.22665192835937">
				<ele>590.0573626914993</ele>
				<time>2025-06-06T14:10:04Z</time>
			</trkpt>
			<trkpt lat="35.63628672886667" lon="-82.22666485906674">
				<ele>593.6212060526013</ele>
				<time>2025-06-06T14:10:07Z</time>
			</trkpt>
			<trkpt lat="35.63630601009118" lon="-82.22666661204228">
				<ele>593.4074820531532</ele>
				<time>2025-06-06T14:10:09Z</time>
			</trkpt>
			<trkpt lat="35.636327460194366" lon="-82.22667705622418">
				<ele>593.9319513766095</ele>
				<time>2025-06-06T14:10:11Z</time>
			</trkpt>
			<trkpt lat="35.636345086779215" lon="-82.22669438159713">
				<ele>592.9381205029786</ele>
				<time>2025-06-06T14:10:12Z</time>
			</trkpt>
			<trkpt lat="35.636365949606" lon="-82.22672403865201">
				<ele>590.8710010815412</ele>
				<time>2025-06-06T14:10:13Z</time>
			</trkpt>
			<trkpt lat="35.636377815328636" lon="-82.22674592709271">
				<ele>592.9393551973626</ele>
				<time>2025-06-06T14:10:14Z</time>
			</trkpt>
			<trkpt lat="35.636392145795725" lon="-82.22678901851674">
				<ele>590.3628116473556</ele>
				<time>2025-06-06T14:10:17Z</time>
			</trkpt>
			<trkpt lat="35.63640576871492" lon="-82.22681572545608">
				<ele>591.497756909579</ele>
				<time>2025-06-06T14:10:19Z</time>
			</trkpt>
			<trkpt lat="35.63641950973761" lon="-82.22684562559384">
				<ele>591.3123166179284</ele>
				<time>2025-06-06T14:10:20Z</time>
			</trkpt>
			<trkpt lat="35.63643645722375" lon="-82.2268717143657">
				<ele>590.70801052358</ele>
				<time>2025-06-06T14:10:21Z</time>
			</trkpt>
			<trkpt lat="35.63645261020064" lon="-82.22690587474818">
				<ele>588.1493121506646</ele>
				<time>2025-06-06T14:10:22Z</time>
			</trkpt>
			<trkpt lat="35.63646743997589" lon="-82.22692127052323">
				<ele>588.0374042922631</ele>
				<time>2025-06-06T14:10:23Z</time>
			</trkpt>
			<trkpt lat="35.636488352493274" lon="-82.22694179917849">
				<ele>587.5114807123318</ele>
				<time>2025-06-06T14:10:24Z</time>
			</trkpt>
			<trkpt lat="35.636496680186326" lon="-82.22696180851459">
				<ele>585.5961801530793</ele>
				<time>2025-06-06T14:10:25Z</time>
			</trkpt>
			<trkpt lat="35.63650756888324" lon="-82.22698085315376">
				<ele>587.170559569262</ele>
				<time>2025-06-06T14:10:26Z</time>
			</trkpt>
			<trkpt lat="35.63651731925515" lon="-82.22700547758731">
				<ele>590.0689822491258</ele>
				<time>2025-06-06T14:10:29Z</time>
			</trkpt>
			<trkpt lat="35.63651893569988" lon="-82.22702803920792">
				<ele>588.7940008137375</ele>
				<time>2025-06-06T14:10:30Z</time>
			</trkpt>
			<trkpt lat="35.63652312118379" lon="-82.22705379197319">
				<ele>589.876322472468</ele>
				<time>2025-06-06T14:10:32Z</time>
			</trkpt>
			<trkpt lat="35.63652395878987" lon="-82.22707773844108">
				<ele>589.1934444746003</ele>
				<time>2025-06-06T14:10:33Z</time>
			</trkpt>
			<trkpt lat="35.63653043098905" lon="-82.22711455480987">
				<ele>590.5288760121912</ele>
				<time>2025-06-06T14:10:35Z</time>
			</trkpt>
			<trkpt lat="35.63653559990678" lon="-82.22714380302882">
				<ele>591.2782732937485</ele>
				<time>2025-06-06T14:10:37Z</time>
			</trkpt>
			<trkpt lat="35.636544511690666" lon="-82.22716724912465">
				<ele>592.5503023229539</ele>
				<time>2025-06-06T14:10:39Z</time>
			</trkpt>
			<trkpt lat="35.63654993597984" lon="-82.22719511447936">
				<ele>593.2947024069726</ele>
				<time>2025-06-06T14:10:41Z</time>
			</trkpt>
			<trkpt lat="35.63655314187778" lon="-82.22722856732734">
				<ele>594.3146636625752</ele>
				<time>2025-06-06T14:10:43Z</time>
			</trkpt>
			<trkpt lat="35.636558846407404" lon="-82.22725521680657">
				<ele>596.5336221437901</ele>
				<time>2025-06-06T14:10:46Z</time>
			</trkpt>
			<trkpt lat="35.636561480672114" lon="-82.22727792632273">
				<ele>595.6560334349051</ele>
				<time>2025-06-06T14:10:47Z</time>
			</trkpt>
			<trkpt lat="35.63657397184605" lon="-82.22732166963398">
				<ele>595.3047046633437</ele>
				<time>2025-06-06T14:10:49Z</time>
			</trkpt>
			<trkpt lat="35.63659359580231" lon="-82.22735422324159">
				<ele>597.3067509159446</ele>
				<time>2025-06-06T14:10:51Z</time>
			</trkpt>
			<trkpt lat="35.636600756614214" lon="-82.22737615963356">
				<ele>596.672457665205</ele>
				<time>2025-06-06T14:10:52Z</time>
			</trkpt>
			<trkpt lat="35.63660540467467" lon="-82.22741604240066">
				<ele>596.4852298032492</ele>
				<time>2025-06-06T14:10:54Z</time>
			</trkpt>
			<trkpt lat="35.63661012434306" lon="-82.2274407281563">
				<ele>595.9237704090774</ele>
				<time>2025-06-06T14:10:55Z</time>
			</trkpt>
			<trkpt lat="35.636619621369164" lon="-82.2274701446041">
				<ele>595.5207357322797</ele>
				<time>2025-06-06T14:10:56Z</time>
			</trkpt>
			<trkpt lat="35.63662763996751" lon="-82.22748992603466">
				<ele>595.8414289001375</ele>
				<time>2025-06-06T14:10:57Z</time>
			</trkpt>
			<trkpt lat="35.636641274141596" lon="-82.22751955281039">
				<ele>596.3303492059931</ele>
				<time>2025-06-06T14:10:58Z</time>
			</trkpt>
			<trkpt lat="35.63664449879489" lon="-82.22756745116135">
				<ele>597.4683582931757</ele>
				<time>2025-06-06T14:11:00Z</time>
			</trkpt>
			<trkpt lat="35.63664487537368" lon="-82.22761277317176">
				<ele>596.4691309342161</ele>
				<time>2025-06-06T14:11:02Z</time>
			</trkpt>
			<trkpt lat="35.6366425705616" lon="-82.22763580020124">
				<ele>597.4602085072547</ele>
				<time>2025-06-06T14:11:03Z</time>
			</trkpt>
			<trkpt lat="35.63664747530256" lon="-82.22766208568252">
				<ele>596.7267557810992</ele>
				<time>2025-06-06T14:11:04Z</time>
			</trkpt>
			<trkpt lat="35.63664912927352" lon="-82.22769640970468">
				<ele>595.3503751251847</ele>
				<time>2025-06-06T14:11:05Z</time>
			</trkpt>
			<trkpt lat="35.63664899326224" lon="-82.22772771383539">
				<ele>595.4458560599014</ele>
				<time>2025-06-06T14:11:06Z</time>
			</trkpt>
			<trkpt lat="35.63666012431391" lon="-82.22776652067894">
				<ele>596.055165248923</ele>
				<time>2025-06-06T14:11:07Z</time>
			</trkpt>
			<trkpt lat="35.63667019999233" lon="-82.22780234776532">
				<ele>594.9671663185582</ele>
				<time>2025-06-06T14:11:08Z</time>
			</trkpt>
			<trkpt lat="35.63670584655776" lon="-82.22783877942494">
				<ele>595.1048486893997</ele>
				<time>2025-06-06T14:11:09Z</time>
			</trkpt>
			<trkpt lat="35.63671724350334" lon="-82.22786252496677">
				<ele>594.9498028215021</ele>
				<time>2025-06-06T14:11:10Z</time>
			</trkpt>
			<trkpt lat="35.636746222395885" lon="-82.22789147488439">
				<ele>593.0080497330055</ele>
				<time>2025-06-06T14:11:11Z</time>
			</trkpt>
			<trkpt lat="35.63679546368502" lon="-82.22790582945265">
				<ele>593.1219052644446</ele>
				<time>2025-06-06T14:11:12Z</time>
			</trkpt>
			<trkpt lat="35.63682032412818" lon="-82.22791801673654">
				<ele>592.8680291296914</ele>
				<time>2025-06-06T14:11:13Z</time>
			</trkpt>
			<trkpt lat="35.63684283802643" lon="-82.22791664365312">
				<ele>593.911686710082</ele>
				<time>2025-06-06T14:11:14Z</time>
			</trkpt>
			<trkpt lat="35.63690640462866" lon="-82.22800576079884">
				<ele>594.2322947084904</ele>
				<time>2025-06-06T14:11:15Z</time>
			</trkpt>
			<trkpt lat="35.63695567922884" lon="-82.22801710910859">
				<ele>594.8120380165055</ele>
				<time>2025-06-06T14:11:16Z</time>
			</trkpt>
			<trkpt lat="35.63697561017639" lon="-82.22803750555862">
				<ele>594.5682811960578</ele>
				<time>2025-06-06T14:11:17Z</time>
			</trkpt>
			<trkpt lat="35.637020772025096" lon="-82.22806359848074">
				<ele>595.1450582863763</ele>
				<time>2025-06-06T14:11:18Z</time>
			</trkpt>
			<trkpt lat="35.63704042304599" lon="-82.22808087865877">
				<ele>594.7920504827052</ele>
				<time>2025-06-06T14:11:19Z</time>
			</trkpt>
			<trkpt lat="35.6370558843689" lon="-82.22810847855183">
				<ele>597.0131998639554</ele>
				<time>2025-06-06T14:11:20Z</time>
			</trkpt>
			<trkpt lat="35.63707126922237" lon="-82.22812456364169">
				<ele>596.2692196629941</ele>
				<time>2025-06-06T14:11:21Z</time>
			</trkpt>
			<trkpt lat="35.63708446645784" lon="-82.2281425029121">
				<ele>596.4651329219341</ele>
				<time>2025-06-06T14:11:22Z</time>
			</trkpt>
			<trkpt lat="35.63710173356235" lon="-82.22816641556788">
				<ele>597.7298626862466</ele>
				<time>2025-06-06T14:11:24Z</time>
			</trkpt>
			<trkpt lat="35.637119849887334" lon="-82.2281946805978">
				<ele>597.5393339684233</ele>
				<time>2025-06-06T14:11:26Z</time>
			</trkpt>
			<trkpt lat="35.63713660835521" lon="-82.22822525348069">
				<ele>598.4721065107733</ele>
				<time>2025-06-06T14:11:28Z</time>
			</trkpt>
			<trkpt lat="35.63714955008921" lon="-82.22825184743907">
				<ele>598.2252075923607</ele>
				<time>2025-06-06T14:11:29Z</time>
			</trkpt>
			<trkpt lat="35.63716064731617" lon="-82.22827266670343">
				<ele>598.4522375781089</ele>
				<time>2025-06-06T14:11:30Z</time>
			</trkpt>
			<trkpt lat="35.63717517467179" lon="-82.22829750041531">
				<ele>600.211283349432</ele>
				<time>2025-06-06T14:11:32Z</time>
			</trkpt>
			<trkpt lat="35.637187797797154" lon="-82.22833175637132">
				<ele>600.7750326422974</ele>
				<time>2025-06-06T14:11:34Z</time>
			</trkpt>
			<trkpt lat="35.637199542412546" lon="-82.22834850503128">
				<ele>600.0371330883354</ele>
				<time>2025-06-06T14:11:35Z</time>
			</trkpt>
			<trkpt lat="35.637206628960925" lon="-82.22837628627029">
				<ele>597.6477762255818</ele>
				<time>2025-06-06T14:11:38Z</time>
			</trkpt>
			<trkpt lat="35.63722389608695" lon="-82.22840790891753">
				<ele>597.0878966925666</ele>
				<time>2025-06-06T14:11:40Z</time>
			</trkpt>
			<trkpt lat="35.6372389131003" lon="-82.22844309875684">
				<ele>597.5775074567646</ele>
				<time>2025-06-06T14:11:42Z</time>
			</trkpt>
			<trkpt lat="35.637242049005934" lon="-82.22846794192814">
				<ele>598.550335707143</ele>
				<time>2025-06-06T14:11:44Z</time>
			</trkpt>
			<trkpt lat="35.63725212213931" lon="-82.22849508616116">
				<ele>596.9748418712988</ele>
				<time>2025-06-06T14:11:46Z</time>
			</trkpt>
			<trkpt lat="35.63727584421319" lon="-82.22852660969306">
				<ele>594.8759566675872</ele>
				<time>2025-06-06T14:11:48Z</time>
			</trkpt>
			<trkpt lat="35.637289187239325" lon="-82.22854355741327">
				<ele>593.0982287116349</ele>
				<time>2025-06-06T14:11:49Z</time>
			</trkpt>
			<trkpt lat="35.63730211855341" lon="-82.22856206550479">
				<ele>594.5832610381767</ele>
				<time>2025-06-06T14:11:50Z</time>
			</trkpt>
			<trkpt lat="35.63731536691432" lon="-82.22858414435176">
				<ele>594.9885571850464</ele>
				<time>2025-06-06T14:11:51Z</time>
			</trkpt>
			<trkpt lat="35.63732934234282" lon="-82.22860151299983">
				<ele>594.4199741976336</ele>
				<time>2025-06-06T14:11:52Z</time>
			</trkpt>
			<trkpt lat="35.63734745372001" lon="-82.22862801530404">
				<ele>596.6832449482754</ele>
				<time>2025-06-06T14:11:54Z</time>
			</trkpt>
			<trkpt lat="35.63737285762458" lon="-82.22865239389385">
				<ele>597.4086844949052</ele>
				<time>2025-06-06T14:11:56Z</time>
			</trkpt>
			<trkpt lat="35.63739145649175" lon="-82.22867826429305">
				<ele>598.936919153668</ele>
				<time>2025-06-06T14:11:58Z</time>
			</trkpt>
			<trkpt lat="35.63740470758892" lon="-82.2286989842349">
				<ele>597.8611399009824</ele>
				<time>2025-06-06T14:11:59Z</time>
			</trkpt>
			<trkpt lat="35.63742307171577" lon="-82.22872498814365">
				<ele>599.7443283451721</ele>
				<time>2025-06-06T14:12:01Z</time>
			</trkpt>
			<trkpt lat="35.63744999364628" lon="-82.2287561992343">
				<ele>597.993720878847</ele>
				<time>2025-06-06T14:12:03Z</time>
			</trkpt>
			<trkpt lat="35.637468481830155" lon="-82.2287808192248">
				<ele>599.6455828938633</ele>
				<time>2025-06-06T14:12:05Z</time>
			</trkpt>
			<trkpt lat="35.63749997908643" lon="-82.22881231485675">
				<ele>599.2064907923341</ele>
				<time>2025-06-06T14:12:07Z</time>
			</trkpt>
			<trkpt lat="35.63751498084431" lon="-82.22882748727983">
				<ele>599.2744142152369</ele>
				<time>2025-06-06T14:12:08Z</time>
			</trkpt>
			<trkpt lat="35.637532095428355" lon="-82.22884196201842">
				<ele>598.8390499856323</ele>
				<time>2025-06-06T14:12:09Z</time>
			</trkpt>
			<trkpt lat="35.63754673019362" lon="-82.22885919700566">
				<ele>599.0049685398117</ele>
				<time>2025-06-06T14:12:10Z</time>
			</trkpt>
			<trkpt lat="35.637569048616825" lon="-82.22889298907594">
				<ele>599.4184686308727</ele>
				<time>2025-06-06T14:12:12Z</time>
			</trkpt>
			<trkpt lat="35.63758859764637" lon="-82.22890744532259">
				<ele>598.4851849786937</ele>
				<time>2025-06-06T14:12:14Z</time>
			</trkpt>
			<trkpt lat="35.63761246060295" lon="-82.22891410957243">
				<ele>599.8823554385453</ele>
				<time>2025-06-06T14:12:16Z</time>
			</trkpt>
			<trkpt lat="35.637635889222786" lon="-82.22893547898231">
				<ele>599.7832812620327</ele>
				<time>2025-06-06T14:12:18Z</time>
			</trkpt>
			<trkpt lat="35.63764483917875" lon="-82.22895708778915">
				<ele>600.6624044282362</ele>
				<time>2025-06-06T14:12:20Z</time>
			</trkpt>
			<trkpt lat="35.63765807184493" lon="-82.22897814010014">
				<ele>602.0737459575757</ele>
				<time>2025-06-06T14:12:22Z</time>
			</trkpt>
			<trkpt lat="35.63767759938325" lon="-82.2290027082355">
				<ele>603.1934863775969</ele>
				<time>2025-06-06T14:12:24Z</time>
			</trkpt>
			<trkpt lat="35.63769670928856" lon="-82.22902565753847">
				<ele>602.668814397417</ele>
				<time>2025-06-06T14:12:26Z</time>
			</trkpt>
			<trkpt lat="35.63771546639958" lon="-82.22904730332436">
				<ele>604.216999700293</ele>
				<time>2025-06-06T14:12:28Z</time>
			</trkpt>
			<trkpt lat="35.63773617780801" lon="-82.22905984749833">
				<ele>603.7769738323987</ele>
				<time>2025-06-06T14:12:30Z</time>
			</trkpt>
			<trkpt lat="35.6377581938406" lon="-82.22907953583966">
				<ele>601.7748700473458</ele>
				<time>2025-06-06T14:12:32Z</time>
			</trkpt>
			<trkpt lat="35.63778279452332" lon="-82.22909782063594">
				<ele>601.2817859789357</ele>
				<time>2025-06-06T14:12:34Z</time>
			</trkpt>
			<trkpt lat="35.63780090394191" lon="-82.22910061423097">
				<ele>602.0569258946925</ele>
				<time>2025-06-06T14:12:35Z</time>
			</trkpt>
			<trkpt lat="35.63782950409475" lon="-82.22910988896737">
				<ele>603.2169714067131</ele>
				<time>2025-06-06T14:12:37Z</time>
			</trkpt>
			<trkpt lat="35.63784731048141" lon="-82.22911748952185">
				<ele>603.2064434438944</ele>
				<time>2025-06-06T14:12:38Z</time>
			</trkpt>
			<trkpt lat="35.63787825530632" lon="-82.22913062796398">
				<ele>606.1406036792323</ele>
				<time>2025-06-06T14:12:40Z</time>
			</trkpt>
			<trkpt lat="35.63789772211839" lon="-82.22913622774166">
				<ele>607.0057795178145</ele>
				<time>2025-06-06T14:12:41Z</time>
			</trkpt>
			<trkpt lat="35.637916371562" lon="-82.22914569091124">
				<ele>607.6375449728221</ele>
				<time>2025-06-06T14:12:42Z</time>
			</trkpt>
			<trkpt lat="35.63793605954516" lon="-82.22915563407535">
				<ele>606.8444889280945</ele>
				<time>2025-06-06T14:12:43Z</time>
			</trkpt>
			<trkpt lat="35.63795477869321" lon="-82.2291559723495">
				<ele>606.3763256818056</ele>
				<time>2025-06-06T14:12:44Z</time>
			</trkpt>
			<trkpt lat="35.63798620240441" lon="-82.22915121271986">
				<ele>604.2511055637151</ele>
				<time>2025-06-06T14:12:46Z</time>
			</trkpt>
			<trkpt lat="35.63800643954528" lon="-82.22916973895126">
				<ele>605.1773470751941</ele>
				<time>2025-06-06T14:12:48Z</time>
			</trkpt>
			<trkpt lat="35.6380330799977" lon="-82.229188325068">
				<ele>603.9132142439485</ele>
				<time>2025-06-06T14:12:50Z</time>
			</trkpt>
			<trkpt lat="35.63805030945873" lon="-82.22919953721848">
				<ele>603.836487702094</ele>
				<time>2025-06-06T14:12:51Z</time>
			</trkpt>
			<trkpt lat="35.638066244274015" lon="-82.22922281905436">
				<ele>606.063428630121</ele>
				<time>2025-06-06T14:12:54Z</time>
			</trkpt>
			<trkpt lat="35.63808239081566" lon="-82.22923538449972">
				<ele>604.4541295589879</ele>
				<time>2025-06-06T14:12:57Z</time>
			</trkpt>
			<trkpt lat="35.638096781432864" lon="-82.22925371990452">
				<ele>603.9837793549523</ele>
				<time>2025-06-06T14:12:59Z</time>
			</trkpt>
			<trkpt lat="35.638115736140115" lon="-82.22927777581997">
				<ele>605.5740035399795</ele>
				<time>2025-06-06T14:13:01Z</time>
			</trkpt>
			<trkpt lat="35.63813060234024" lon="-82.22929289568962">
				<ele>608.0113366469741</ele>
				<time>2025-06-06T14:13:03Z</time>
			</trkpt>
			<trkpt lat="35.638146755769355" lon="-82.22930297989929">
				<ele>607.3883095867932</ele>
				<time>2025-06-06T14:13:04Z</time>
			</trkpt>
			<trkpt lat="35.6381738731475" lon="-82.22931890374802">
				<ele>607.2857049787417</ele>
				<time>2025-06-06T14:13:06Z</time>
			</trkpt>
			<trkpt lat="35.63818779643235" lon="-82.22933869163599">
				<ele>607.3559567350894</ele>
				<time>2025-06-06T14:13:08Z</time>
			</trkpt>
			<trkpt lat="35.638206494797835" lon="-82.22936385871907">
				<ele>608.8255363870412</ele>
				<time>2025-06-06T14:13:12Z</time>
			</trkpt>
			<trkpt lat="35.63822666566034" lon="-82.22938833142365">
				<ele>609.1417808048427</ele>
				<time>2025-06-06T14:13:15Z</time>
			</trkpt>
			<trkpt lat="35.6382447990898" lon="-82.22941881609358">
				<ele>610.0328856324777</ele>
				<time>2025-06-06T14:13:17Z</time>
			</trkpt>
			<trkpt lat="35.638257584203046" lon="-82.22943740947068">
				<ele>608.374087174423</ele>
				<time>2025-06-06T14:13:18Z</time>
			</trkpt>
			<trkpt lat="35.63827149223067" lon="-82.2294573905758">
				<ele>608.4705421840772</ele>
				<time>2025-06-06T14:13:19Z</time>
			</trkpt>
			<trkpt lat="35.63828737835719" lon="-82.22947646509945">
				<ele>608.8495533289388</ele>
				<time>2025-06-06T14:13:20Z</time>
			</trkpt>
			<trkpt lat="35.638302098305644" lon="-82.22949359185242">
				<ele>607.9803116461262</ele>
				<time>2025-06-06T14:13:21Z</time>
			</trkpt>
			<trkpt lat="35.638314171726094" lon="-82.22951480940479">
				<ele>607.6551579618827</ele>
				<time>2025-06-06T14:13:22Z</time>
			</trkpt>
			<trkpt lat="35.63832469426797" lon="-82.2295327502836">
				<ele>607.9651802368462</ele>
				<time>2025-06-06T14:13:23Z</time>
			</trkpt>
			<trkpt lat="35.638343139998966" lon="-82.22956664512901">
				<ele>607.3565187584609</ele>
				<time>2025-06-06T14:13:25Z</time>
			</trkpt>
			<trkpt lat="35.63836266650358" lon="-82.22959181508841">
				<ele>608.8607443841174</ele>
				<time>2025-06-06T14:13:27Z</time>
			</trkpt>
			<trkpt lat="35.63839536415029" lon="-82.22961888308703">
				<ele>609.6184757919982</ele>
				<time>2025-06-06T14:13:29Z</time>
			</trkpt>
			<trkpt lat="35.63842812067059" lon="-82.22964164721404">
				<ele>609.3416436631233</ele>
				<time>2025-06-06T14:13:31Z</time>
			</trkpt>
			<trkpt lat="35.638445346769224" lon="-82.22965472834916">
				<ele>608.9220074964687</ele>
				<time>2025-06-06T14:13:32Z</time>
			</trkpt>
			<trkpt lat="35.63846926832322" lon="-82.2296702481129">
				<ele>608.578034571372</ele>
				<time>2025-06-06T14:13:34Z</time>
			</trkpt>
			<trkpt lat="35.638488564180314" lon="-82.22969766800246">
				<ele>608.7107722656801</ele>
				<time>2025-06-06T14:13:36Z</time>
			</trkpt>
			<trkpt lat="35.63850699731304" lon="-82.22971447216355">
				<ele>608.6708256807178</ele>
				<time>2025-06-06T14:13:38Z</time>
			</trkpt>
			<trkpt lat="35.63853322346685" lon="-82.2297307806869">
				<ele>608.5042393822223</ele>
				<time>2025-06-06T14:13:40Z</time>
			</trkpt>
			<trkpt lat="35.63855615222395" lon="-82.2297510070107">
				<ele>611.965042241849</ele>
				<time>2025-06-06T14:13:43Z</time>
			</trkpt>
			<trkpt lat="35.638573928574566" lon="-82.22978138546122">
				<ele>612.4617727035657</ele>
				<time>2025-06-06T14:13:45Z</time>
			</trkpt>
			<trkpt lat="35.63858902724481" lon="-82.22979605673645">
				<ele>614.1895652189851</ele>
				<time>2025-06-06T14:13:47Z</time>
			</trkpt>
			<trkpt lat="35.638614185338135" lon="-82.22982070779405">
				<ele>611.7141902064905</ele>
				<time>2025-06-06T14:13:49Z</time>
			</trkpt>
			<trkpt lat="35.6386337599084" lon="-82.22984383672649">
				<ele>612.0920372260734</ele>
				<time>2025-06-06T14:13:51Z</time>
			</trkpt>
			<trkpt lat="35.63865432616795" lon="-82.22985752082134">
				<ele>612.4657355407253</ele>
				<time>2025-06-06T14:13:53Z</time>
			</trkpt>
			<trkpt lat="35.63867999510265" lon="-82.22987041164318">
				<ele>611.6676189471036</ele>
				<time>2025-06-06T14:13:55Z</time>
			</trkpt>
			<trkpt lat="35.638714704703126" lon="-82.22989274254913">
				<ele>612.1064091436565</ele>
				<time>2025-06-06T14:13:57Z</time>
			</trkpt>
			<trkpt lat="35.638749557384095" lon="-82.22990718997303">
				<ele>612.501114259474</ele>
				<time>2025-06-06T14:13:59Z</time>
			</trkpt>
			<trkpt lat="35.63877349754543" lon="-82.2299160691674">
				<ele>612.4412267049775</ele>
				<time>2025-06-06T14:14:00Z</time>
			</trkpt>
			<trkpt lat="35.63879157982453" lon="-82.22992902798316">
				<ele>612.5802069213241</ele>
				<time>2025-06-06T14:14:01Z</time>
			</trkpt>
			<trkpt lat="35.638808096254984" lon="-82.2299447717713">
				<ele>612.3141214679927</ele>
				<time>2025-06-06T14:14:02Z</time>
			</trkpt>
			<trkpt lat="35.63881775439709" lon="-82.22996646188666">
				<ele>613.3911246834323</ele>
				<time>2025-06-06T14:14:04Z</time>
			</trkpt>
			<trkpt lat="35.6388264144318" lon="-82.23000251733141">
				<ele>613.7212101593614</ele>
				<time>2025-06-06T14:14:09Z</time>
			</trkpt>
			<trkpt lat="35.63882476046813" lon="-82.23002583594364">
				<ele>615.1519417380914</ele>
				<time>2025-06-06T14:14:11Z</time>
			</trkpt>
			<trkpt lat="35.63882242689711" lon="-82.23005030316352">
				<ele>616.8759133024141</ele>
				<time>2025-06-06T14:14:14Z</time>
			</trkpt>
			<trkpt lat="35.63882044117863" lon="-82.2300822877231">
				<ele>619.4459395743906</ele>
				<time>2025-06-06T14:14:17Z</time>
			</trkpt>
			<trkpt lat="35.638816861487214" lon="-82.23010942499585">
				<ele>620.9540505222976</ele>
				<time>2025-06-06T14:14:20Z</time>
			</trkpt>
			<trkpt lat="35.63881044096527" lon="-82.23013196965634">
				<ele>621.1373692015186</ele>
				<time>2025-06-06T14:14:21Z</time>
			</trkpt>
			<trkpt lat="35.63880717604457" lon="-82.2301787975497">
				<ele>619.2054460030049</ele>
				<time>2025-06-06T14:14:23Z</time>
			</trkpt>
			<trkpt lat="35.63880298723882" lon="-82.23022115049031">
				<ele>618.3605674467981</ele>
				<time>2025-06-06T14:14:25Z</time>
			</trkpt>
			<trkpt lat="35.63879700916035" lon="-82.23024336533197">
				<ele>619.9280224069953</ele>
				<time>2025-06-06T14:14:27Z</time>
			</trkpt>
			<trkpt lat="35.638786629874936" lon="-82.23027524452945">
				<ele>621.3591076731682</ele>
				<time>2025-06-06T14:14:30Z</time>
			</trkpt>
			<trkpt lat="35.63877696793342" lon="-82.23031696740766">
				<ele>619.8070527743548</ele>
				<time>2025-06-06T14:14:32Z</time>
			</trkpt>
			<trkpt lat="35.638768111527504" lon="-82.23033974278617">
				<ele>619.6352151297033</ele>
				<time>2025-06-06T14:14:33Z</time>
			</trkpt>
			<trkpt lat="35.63875565693608" lon="-82.23036219368082">
				<ele>619.3924139495939</ele>
				<time>2025-06-06T14:14:34Z</time>
			</trkpt>
			<trkpt lat="35.63874217198503" lon="-82.23040590230075">
				<ele>618.7255581077188</ele>
				<time>2025-06-06T14:14:36Z</time>
			</trkpt>
			<trkpt lat="35.638728113817564" lon="-82.23044637663367">
				<ele>619.9735133526847</ele>
				<time>2025-06-06T14:14:38Z</time>
			</trkpt>
			<trkpt lat="35.638705865622676" lon="-82.23048344439165">
				<ele>620.2186910957098</ele>
				<time>2025-06-06T14:14:40Z</time>
			</trkpt>
			<trkpt lat="35.63868925878566" lon="-82.23049706961963">
				<ele>620.8125172238797</ele>
				<time>2025-06-06T14:14:41Z</time>
			</trkpt>
			<trkpt lat="35.63867358229516" lon="-82.23052816002914">
				<ele>619.0387047491968</ele>
				<time>2025-06-06T14:14:42Z</time>
			</trkpt>
			<trkpt lat="35.63866308983077" lon="-82.23055171955068">
				<ele>619.3021156573668</ele>
				<time>2025-06-06T14:14:43Z</time>
			</trkpt>
			<trkpt lat="35.638656236145124" lon="-82.23059028404312">
				<ele>617.1218522777781</ele>
				<time>2025-06-06T14:14:44Z</time>
			</trkpt>
			<trkpt lat="35.6386543078635" lon="-82.23062611619085">
				<ele>616.1187958903611</ele>
				<time>2025-06-06T14:14:45Z</time>
			</trkpt>
			<trkpt lat="35.63865776580964" lon="-82.23067756743822">
				<ele>615.5001255786046</ele>
				<time>2025-06-06T14:14:47Z</time>
			</trkpt>
			<trkpt lat="35.638662091488435" lon="-82.2307078650156">
				<ele>616.1208135345951</ele>
				<time>2025-06-06T14:14:48Z</time>
			</trkpt>
			<trkpt lat="35.638665805518535" lon="-82.23074506221246">
				<ele>617.7474931171164</ele>
				<time>2025-06-06T14:14:49Z</time>
			</trkpt>
			<trkpt lat="35.63866749030056" lon="-82.23078226322349">
				<ele>618.1168529270217</ele>
				<time>2025-06-06T14:14:50Z</time>
			</trkpt>
			<trkpt lat="35.63867151376451" lon="-82.23082003676608">
				<ele>617.5808518808335</ele>
				<time>2025-06-06T14:14:51Z</time>
			</trkpt>
			<trkpt lat="35.63867943878963" lon="-82.23085037053126">
				<ele>617.6055155843496</ele>
				<time>2025-06-06T14:14:52Z</time>
			</trkpt>
			<trkpt lat="35.63868770024688" lon="-82.23087855832453">
				<ele>616.7094484549016</ele>
				<time>2025-06-06T14:14:53Z</time>
			</trkpt>
			<trkpt lat="35.638699758256486" lon="-82.23090616345978">
				<ele>616.0105538619682</ele>
				<time>2025-06-06T14:14:55Z</time>
			</trkpt>
			<trkpt lat="35.638725601444364" lon="-82.23093217926247">
				<ele>617.088148785755</ele>
				<time>2025-06-06T14:14:57Z</time>
			</trkpt>
			<trkpt lat="35.63875653722294" lon="-82.23094650924249">
				<ele>620.292522222735</ele>
				<time>2025-06-06T14:14:59Z</time>
			</trkpt>
			<trkpt lat="35.63878763915438" lon="-82.23096013639885">
				<ele>621.4134345445782</ele>
				<time>2025-06-06T14:15:01Z</time>
			</trkpt>
			<trkpt lat="35.6388217329873" lon="-82.23096582095953">
				<ele>623.5176006425172</ele>
				<time>2025-06-06T14:15:03Z</time>
			</trkpt>
			<trkpt lat="35.63884396282275" lon="-82.2309680718249">
				<ele>624.1633788095787</ele>
				<time>2025-06-06T14:15:04Z</time>
			</trkpt>
			<trkpt lat="35.638872200304306" lon="-82.23096283688054">
				<ele>623.0211922479793</ele>
				<time>2025-06-06T14:15:05Z</time>
			</trkpt>
			<trkpt lat="35.63889303667225" lon="-82.23095721866432">
				<ele>623.1146223014221</ele>
				<time>2025-06-06T14:15:06Z</time>
			</trkpt>
			<trkpt lat="35.63891095829203" lon="-82.23094995710403">
				<ele>623.2337727416307</ele>
				<time>2025-06-06T14:15:07Z</time>
			</trkpt>
			<trkpt lat="35.6389299651468" lon="-82.23094317627938">
				<ele>623.1281806901097</ele>
				<time>2025-06-06T14:15:08Z</time>
			</trkpt>
			<trkpt lat="35.63894920535314" lon="-82.23093520468026">
				<ele>622.252691664733</ele>
				<time>2025-06-06T14:15:09Z</time>
			</trkpt>
			<trkpt lat="35.63898322423157" lon="-82.23093652202404">
				<ele>621.4563005743548</ele>
				<time>2025-06-06T14:15:11Z</time>
			</trkpt>
			<trkpt lat="35.63901449470676" lon="-82.23092963040487">
				<ele>621.0625849403441</ele>
				<time>2025-06-06T14:15:13Z</time>
			</trkpt>
			<trkpt lat="35.63903405099301" lon="-82.23092101854093">
				<ele>619.9524538274854</ele>
				<time>2025-06-06T14:15:15Z</time>
			</trkpt>
			<trkpt lat="35.63904961297993" lon="-82.23093722792547">
				<ele>621.3452539118007</ele>
				<time>2025-06-06T14:15:17Z</time>
			</trkpt>
			<trkpt lat="35.63906776884528" lon="-82.23093464763068">
				<ele>620.9944485500455</ele>
				<time>2025-06-06T14:15:19Z</time>
			</trkpt>
			<trkpt lat="35.63909128380487" lon="-82.23092212537308">
				<ele>619.340574754402</ele>
				<time>2025-06-06T14:15:21Z</time>
			</trkpt>
			<trkpt lat="35.63911475325519" lon="-82.23091960572192">
				<ele>619.5480410614982</ele>
				<time>2025-06-06T14:15:24Z</time>
			</trkpt>
			<trkpt lat="35.639132838569736" lon="-82.23092670449276">
				<ele>620.4878670508042</ele>
				<time>2025-06-06T14:15:27Z</time>
			</trkpt>
			<trkpt lat="35.63915838411336" lon="-82.23093746630585">
				<ele>622.3843846367672</ele>
				<time>2025-06-06T14:15:29Z</time>
			</trkpt>
			<trkpt lat="35.63919141305677" lon="-82.23092990494823">
				<ele>620.6868147552013</ele>
				<time>2025-06-06T14:15:31Z</time>
			</trkpt>
			<trkpt lat="35.63921944689142" lon="-82.23092353385877">
				<ele>620.6637111948803</ele>
				<time>2025-06-06T14:15:33Z</time>
			</trkpt>
			<trkpt lat="35.63924200446737" lon="-82.23093497569965">
				<ele>618.3533318284899</ele>
				<time>2025-06-06T14:15:35Z</time>
			</trkpt>
			<trkpt lat="35.639261889482526" lon="-82.23096492062129">
				<ele>619.3755028685555</ele>
				<time>2025-06-06T14:15:37Z</time>
			</trkpt>
			<trkpt lat="35.63929052579604" lon="-82.23098357516564">
				<ele>620.0277424026281</ele>
				<time>2025-06-06T14:15:39Z</time>
			</trkpt>
			<trkpt lat="35.63932312477908" lon="-82.23099132327918">
				<ele>620.9125035488978</ele>
				<time>2025-06-06T14:15:41Z</time>
			</trkpt>
			<trkpt lat="35.639354144074694" lon="-82.23099102794083">
				<ele>621.0194719461724</ele>
				<time>2025-06-06T14:15:43Z</time>
			</trkpt>
			<trkpt lat="35.63937361314661" lon="-82.23099111666039">
				<ele>620.8121920917183</ele>
				<time>2025-06-06T14:15:44Z</time>
			</trkpt>
			<trkpt lat="35.6394140562895" lon="-82.23098587526623">
				<ele>620.972820837982</ele>
				<time>2025-06-06T14:15:46Z</time>
			</trkpt>
			<trkpt lat="35.63944476871662" lon="-82.23098410132667">
				<ele>621.2679991628975</ele>
				<time>2025-06-06T14:15:48Z</time>
			</trkpt>
			<trkpt lat="35.63946678565835" lon="-82.23098713575425">
				<ele>621.8812380488962</ele>
				<time>2025-06-06T14:15:50Z</time>
			</trkpt>
			<trkpt lat="35.63949471251897" lon="-82.23098337339675">
				<ele>622.2352863438427</ele>
				<time>2025-06-06T14:15:51Z</time>
			</trkpt>
			<trkpt lat="35.639516618403725" lon="-82.23098805693263">
				<ele>624.82892785687</ele>
				<time>2025-06-06T14:15:53Z</time>
			</trkpt>
			<trkpt lat="35.6395414301144" lon="-82.23100769065657">
				<ele>626.3903034152463</ele>
				<time>2025-06-06T14:15:57Z</time>
			</trkpt>
			<trkpt lat="35.63955797576405" lon="-82.23101713666563">
				<ele>626.8686852734536</ele>
				<time>2025-06-06T14:15:59Z</time>
			</trkpt>
			<trkpt lat="35.63958421200463" lon="-82.23102195806929">
				<ele>626.997580640018</ele>
				<time>2025-06-06T14:16:02Z</time>
			</trkpt>
			<trkpt lat="35.63960920647426" lon="-82.23103555280308">
				<ele>628.6332129538059</ele>
				<time>2025-06-06T14:16:06Z</time>
			</trkpt>
			<trkpt lat="35.639627062571954" lon="-82.2310462661783">
				<ele>630.2641690131277</ele>
				<time>2025-06-06T14:16:08Z</time>
			</trkpt>
			<trkpt lat="35.639642809642275" lon="-82.2310766654321">
				<ele>631.4239321937785</ele>
				<time>2025-06-06T14:16:10Z</time>
			</trkpt>
			<trkpt lat="35.639654459769666" lon="-82.23111439300328">
				<ele>631.6210055854172</ele>
				<time>2025-06-06T14:16:13Z</time>
			</trkpt>
			<trkpt lat="35.6396633572471" lon="-82.23113601264005">
				<ele>631.8941828981042</ele>
				<time>2025-06-06T14:16:14Z</time>
			</trkpt>
			<trkpt lat="35.63968053751197" lon="-82.23115976115103">
				<ele>629.3309975806624</ele>
				<time>2025-06-06T14:16:15Z</time>
			</trkpt>
			<trkpt lat="35.63969343062082" lon="-82.23117927663425">
				<ele>630.7376774037257</ele>
				<time>2025-06-06T14:16:16Z</time>
			</trkpt>
			<trkpt lat="35.63970778632244" lon="-82.23120517138788">
				<ele>629.5636319098994</ele>
				<time>2025-06-06T14:16:17Z</time>
			</trkpt>
			<trkpt lat="35.63971957028711" lon="-82.23123141192171">
				<ele>629.4068728480488</ele>
				<time>2025-06-06T14:16:18Z</time>
			</trkpt>
			<trkpt lat="35.63972998505454" lon="-82.23125726739211">
				<ele>629.4238608647138</ele>
				<time>2025-06-06T14:16:19Z</time>
			</trkpt>
			<trkpt lat="35.63974231819854" lon="-82.23128223415014">
				<ele>626.844290651381</ele>
				<time>2025-06-06T14:16:20Z</time>
			</trkpt>
			<trkpt lat="35.639751314766414" lon="-82.23131084660359">
				<ele>627.5855424832553</ele>
				<time>2025-06-06T14:16:21Z</time>
			</trkpt>
			<trkpt lat="35.63976371162179" lon="-82.23132800623273">
				<ele>626.4190423144028</ele>
				<time>2025-06-06T14:16:22Z</time>
			</trkpt>
			<trkpt lat="35.63977582259392" lon="-82.23134780191909">
				<ele>627.5590040646493</ele>
				<time>2025-06-06T14:16:23Z</time>
			</trkpt>
			<trkpt lat="35.63979253900931" lon="-82.23136346890136">
				<ele>626.4107807027176</ele>
				<time>2025-06-06T14:16:24Z</time>
			</trkpt>
			<trkpt lat="35.639820343643585" lon="-82.23139151008903">
				<ele>625.8074977677315</ele>
				<time>2025-06-06T14:16:26Z</time>
			</trkpt>
			<trkpt lat="35.639836685970906" lon="-82.2314167794461">
				<ele>626.1146055227146</ele>
				<time>2025-06-06T14:16:28Z</time>
			</trkpt>
			<trkpt lat="35.63985767270186" lon="-82.23142252169679">
				<ele>627.4563028141856</ele>
				<time>2025-06-06T14:16:31Z</time>
			</trkpt>
			<trkpt lat="35.6398808514435" lon="-82.23143414804285">
				<ele>627.5907656420022</ele>
				<time>2025-06-06T14:16:33Z</time>
			</trkpt>
			<trkpt lat="35.639898194900184" lon="-82.23144546858703">
				<ele>629.2097259033471</ele>
				<time>2025-06-06T14:16:36Z</time>
			</trkpt>
			<trkpt lat="35.6399265007692" lon="-82.23145091682726">
				<ele>627.663189184852</ele>
				<time>2025-06-06T14:16:38Z</time>
			</trkpt>
			<trkpt lat="35.639964002303984" lon="-82.23145890053154">
				<ele>626.8450071010739</ele>
				<time>2025-06-06T14:16:40Z</time>
			</trkpt>
			<trkpt lat="35.63999092996998" lon="-82.23146419393143">
				<ele>627.7986099738628</ele>
				<time>2025-06-06T14:16:42Z</time>
			</trkpt>
			<trkpt lat="35.640015930019096" lon="-82.23147178529368">
				<ele>629.3876457782462</ele>
				<time>2025-06-06T14:16:44Z</time>
			</trkpt>
			<trkpt lat="35.64003951378655" lon="-82.23148268575756">
				<ele>629.1331463456154</ele>
				<time>2025-06-06T14:16:46Z</time>
			</trkpt>
			<trkpt lat="35.64006559077062" lon="-82.23148626762264">
				<ele>629.5725493887439</ele>
				<time>2025-06-06T14:16:48Z</time>
			</trkpt>
			<trkpt lat="35.640089556735084" lon="-82.23149595110483">
				<ele>632.936261665076</ele>
				<time>2025-06-06T14:16:50Z</time>
			</trkpt>
			<trkpt lat="35.640128592494655" lon="-82.23150515888103">
				<ele>631.9062859062105</ele>
				<time>2025-06-06T14:16:52Z</time>
			</trkpt>
			<trkpt lat="35.640150316157005" lon="-82.23151063298936">
				<ele>631.9877866934985</ele>
				<time>2025-06-06T14:16:54Z</time>
			</trkpt>
			<trkpt lat="35.64017981727487" lon="-82.23151252090392">
				<ele>633.5988767342642</ele>
				<time>2025-06-06T14:16:56Z</time>
			</trkpt>
			<trkpt lat="35.640210067280776" lon="-82.23152506055695">
				<ele>632.2118600895628</ele>
				<time>2025-06-06T14:16:58Z</time>
			</trkpt>
			<trkpt lat="35.64023276269296" lon="-82.23153604771674">
				<ele>635.1407404066995</ele>
				<time>2025-06-06T14:17:00Z</time>
			</trkpt>
			<trkpt lat="35.64025857675408" lon="-82.23154132370702">
				<ele>637.5671271039173</ele>
				<time>2025-06-06T14:17:02Z</time>
			</trkpt>
			<trkpt lat="35.640284047941485" lon="-82.2315484996248">
				<ele>637.6222032690421</ele>
				<time>2025-06-06T14:17:04Z</time>
			</trkpt>
			<trkpt lat="35.64030412303531" lon="-82.23155136348835">
				<ele>637.5452130418271</ele>
				<time>2025-06-06T14:17:08Z</time>
			</trkpt>
			<trkpt lat="35.640323180851254" lon="-82.23156396210383">
				<ele>636.6764229722321</ele>
				<time>2025-06-06T14:17:10Z</time>
			</trkpt>
			<trkpt lat="35.64032374857929" lon="-82.23159167640695">
				<ele>638.6612081769854</ele>
				<time>2025-06-06T14:17:13Z</time>
			</trkpt>
			<trkpt lat="35.640314440493796" lon="-82.23161920750412">
				<ele>638.9936273945495</ele>
				<time>2025-06-06T14:17:17Z</time>
			</trkpt>
			<trkpt lat="35.64030617337632" lon="-82.2316460921017">
				<ele>641.3785247579217</ele>
				<time>2025-06-06T14:17:20Z</time>
			</trkpt>
			<trkpt lat="35.64030033644967" lon="-82.23167339172046">
				<ele>639.1496148686856</ele>
				<time>2025-06-06T14:17:22Z</time>
			</trkpt>
			<trkpt lat="35.64030928605168" lon="-82.23170888375901">
				<ele>642.4555129697546</ele>
				<time>2025-06-06T14:17:25Z</time>
			</trkpt>
			<trkpt lat="35.640325102576114" lon="-82.23174969048495">
				<ele>641.3477396201342</ele>
				<time>2025-06-06T14:17:27Z</time>
			</trkpt>
			<trkpt lat="35.640331137232025" lon="-82.2317883883462">
				<ele>641.9169024601579</ele>
				<time>2025-06-06T14:17:29Z</time>
			</trkpt>
			<trkpt lat="35.64033337487206" lon="-82.23181503887572">
				<ele>642.2369891423732</ele>
				<time>2025-06-06T14:17:31Z</time>
			</trkpt>
			<trkpt lat="35.64034173059913" lon="-82.23185843186505">
				<ele>640.815691000782</ele>
				<time>2025-06-06T14:17:33Z</time>
			</trkpt>
			<trkpt lat="35.64034805988247" lon="-82.23189255498538">
				<ele>642.4582914412022</ele>
				<time>2025-06-06T14:17:35Z</time>
			</trkpt>
			<trkpt lat="35.64035913528314" lon="-82.23192183555756">
				<ele>642.1438092179596</ele>
				<time>2025-06-06T14:17:37Z</time>
			</trkpt>
			<trkpt lat="35.640371796414236" lon="-82.23195698098222">
				<ele>642.1868306752294</ele>
				<time>2025-06-06T14:17:39Z</time>
			</trkpt>
			<trkpt lat="35.640389568942666" lon="-82.23198857233416">
				<ele>642.2646426260471</ele>
				<time>2025-06-06T14:17:41Z</time>
			</trkpt>
			<trkpt lat="35.64040154602511" lon="-82.2320123363714">
				<ele>644.0046850806102</ele>
				<time>2025-06-06T14:17:43Z</time>
			</trkpt>
			<trkpt lat="35.64041806082835" lon="-82.23202868160486">
				<ele>645.0524040963501</ele>
				<time>2025-06-06T14:17:45Z</time>
			</trkpt>
			<trkpt lat="35.640432844220186" lon="-82.23204329013625">
				<ele>645.6754389684647</ele>
				<time>2025-06-06T14:17:47Z</time>
			</trkpt>
			<trkpt lat="35.64045002763343" lon="-82.23205535108333">
				<ele>644.4995953487232</ele>
				<time>2025-06-06T14:17:49Z</time>
			</trkpt>
			<trkpt lat="35.64048101984193" lon="-82.2320773109609">
				<ele>644.3257344160229</ele>
				<time>2025-06-06T14:17:52Z</time>
			</trkpt>
			<trkpt lat="35.640495250584095" lon="-82.23210895233491">
				<ele>644.3223009351641</ele>
				<time>2025-06-06T14:17:55Z</time>
			</trkpt>
			<trkpt lat="35.640507406885185" lon="-82.23212640289476">
				<ele>643.0188281778246</ele>
				<time>2025-06-06T14:17:56Z</time>
			</trkpt>
			<trkpt lat="35.64051501524489" lon="-82.23214738454831">
				<ele>644.3628000784665</ele>
				<time>2025-06-06T14:17:57Z</time>
			</trkpt>
			<trkpt lat="35.64052634684359" lon="-82.23218372423239">
				<ele>644.1450178287923</ele>
				<time>2025-06-06T14:17:59Z</time>
			</trkpt>
			<trkpt lat="35.64054249028719" lon="-82.23220430215068">
				<ele>643.3927125269547</ele>
				<time>2025-06-06T14:18:01Z</time>
			</trkpt>
			<trkpt lat="35.640576898288025" lon="-82.23223694492144">
				<ele>642.7677833084017</ele>
				<time>2025-06-06T14:18:03Z</time>
			</trkpt>
			<trkpt lat="35.64060230020614" lon="-82.23225526375708">
				<ele>643.8251113435254</ele>
				<time>2025-06-06T14:18:05Z</time>
			</trkpt>
			<trkpt lat="35.6406199326516" lon="-82.23226237878016">
				<ele>642.4972948404029</ele>
				<time>2025-06-06T14:18:06Z</time>
			</trkpt>
			<trkpt lat="35.64064728438175" lon="-82.23228418192403">
				<ele>642.5443218834698</ele>
				<time>2025-06-06T14:18:08Z</time>
			</trkpt>
			<trkpt lat="35.640672578226855" lon="-82.23230443968788">
				<ele>643.7669821027666</ele>
				<time>2025-06-06T14:18:10Z</time>
			</trkpt>
			<trkpt lat="35.640690057383296" lon="-82.23231688544031">
				<ele>643.3601906178519</ele>
				<time>2025-06-06T14:18:12Z</time>
			</trkpt>
			<trkpt lat="35.64072407566659" lon="-82.23232727826588">
				<ele>644.7764641446993</ele>
				<time>2025-06-06T14:18:14Z</time>
			</trkpt>
			<trkpt lat="35.64074275357249" lon="-82.23231882169038">
				<ele>646.1516017727554</ele>
				<time>2025-06-06T14:18:15Z</time>
			</trkpt>
			<trkpt lat="35.64076011912844" lon="-82.23231289598841">
				<ele>647.2529918178916</ele>
				<time>2025-06-06T14:18:16Z</time>
			</trkpt>
			<trkpt lat="35.640780848492284" lon="-82.23229701670422">
				<ele>646.3717132164165</ele>
				<time>2025-06-06T14:18:20Z</time>
			</trkpt>
			<trkpt lat="35.64078734783498" lon="-82.23225893779788">
				<ele>648.6724963746965</ele>
				<time>2025-06-06T14:18:23Z</time>
			</trkpt>
			<trkpt lat="35.6407918022111" lon="-82.23223137182487">
				<ele>648.4303443571553</ele>
				<time>2025-06-06T14:18:25Z</time>
			</trkpt>
			<trkpt lat="35.640788775663935" lon="-82.23218211534025">
				<ele>650.0230115577579</ele>
				<time>2025-06-06T14:18:27Z</time>
			</trkpt>
			<trkpt lat="35.6407884120122" lon="-82.23215637901055">
				<ele>648.8475956507027</ele>
				<time>2025-06-06T14:18:28Z</time>
			</trkpt>
			<trkpt lat="35.64078061733223" lon="-82.2321295811209">
				<ele>649.8490198710933</ele>
				<time>2025-06-06T14:18:30Z</time>
			</trkpt>
			<trkpt lat="35.64077699030818" lon="-82.23209895531514">
				<ele>650.7230115318671</ele>
				<time>2025-06-06T14:18:33Z</time>
			</trkpt>
			<trkpt lat="35.64079337017189" lon="-82.23208372282369">
				<ele>650.5280301142484</ele>
				<time>2025-06-06T14:18:39Z</time>
			</trkpt>
			<trkpt lat="35.64081890279512" lon="-82.2320848123988">
				<ele>653.3890798771754</ele>
				<time>2025-06-06T14:18:44Z</time>
			</trkpt>
			<trkpt lat="35.640838519508634" lon="-82.23207735055826">
				<ele>654.579228874296</ele>
				<time>2025-06-06T14:18:46Z</time>
			</trkpt>
			<trkpt lat="35.640857520058326" lon="-82.23207005515431">
				<ele>654.5750957429409</ele>
				<time>2025-06-06T14:18:49Z</time>
			</trkpt>
			<trkpt lat="35.64087695842813" lon="-82.23206785472254">
				<ele>655.0218088757247</ele>
				<time>2025-06-06T14:18:51Z</time>
			</trkpt>
			<trkpt lat="35.64090329390188" lon="-82.23206598960886">
				<ele>655.3754139998928</ele>
				<time>2025-06-06T14:18:54Z</time>
			</trkpt>
			<trkpt lat="35.64092741561281" lon="-82.23206914094622">
				<ele>655.2391292424873</ele>
				<time>2025-06-06T14:18:56Z</time>
			</trkpt>
			<trkpt lat="35.64094794179525" lon="-82.2320669763338">
				<ele>655.3336550649256</ele>
				<time>2025-06-06T14:18:58Z</time>
			</trkpt>
			<trkpt lat="35.6409800074581" lon="-82.23206300486953">
				<ele>653.5355794737116</ele>
				<time>2025-06-06T14:19:00Z</time>
			</trkpt>
			<trkpt lat="35.64100233535849" lon="-82.2320625966331">
				<ele>654.5158042479306</ele>
				<time>2025-06-06T14:19:02Z</time>
			</trkpt>
			<trkpt lat="35.64102719652898" lon="-82.23205916462625">
				<ele>655.8018553862348</ele>
				<time>2025-06-06T14:19:04Z</time>
			</trkpt>
			<trkpt lat="35.641058468660056" lon="-82.23205792824174">
				<ele>655.2111328635365</ele>
				<time>2025-06-06T14:19:06Z</time>
			</trkpt>
			<trkpt lat="35.6410767589178" lon="-82.23205493646344">
				<ele>656.3393175294623</ele>
				<time>2025-06-06T14:19:08Z</time>
			</trkpt>
			<trkpt lat="35.64109763759299" lon="-82.23206664112467">
				<ele>655.2086802404374</ele>
				<time>2025-06-06T14:19:10Z</time>
			</trkpt>
			<trkpt lat="35.64111489149283" lon="-82.2320810280742">
				<ele>655.4755571046844</ele>
				<time>2025-06-06T14:19:12Z</time>
			</trkpt>
			<trkpt lat="35.64113276224363" lon="-82.23209497782645">
				<ele>655.485033608973</ele>
				<time>2025-06-06T14:19:14Z</time>
			</trkpt>
			<trkpt lat="35.64115603602119" lon="-82.23210168776741">
				<ele>657.5425806511194</ele>
				<time>2025-06-06T14:19:17Z</time>
			</trkpt>
			<trkpt lat="35.6411858661382" lon="-82.232101374069">
				<ele>658.7711342805997</ele>
				<time>2025-06-06T14:19:19Z</time>
			</trkpt>
			<trkpt lat="35.64121215170068" lon="-82.23210519373696">
				<ele>658.3433399805799</ele>
				<time>2025-06-06T14:19:20Z</time>
			</trkpt>
			<trkpt lat="35.64123591314045" lon="-82.23211368677696">
				<ele>657.0361625133082</ele>
				<time>2025-06-06T14:19:21Z</time>
			</trkpt>
			<trkpt lat="35.64125347969576" lon="-82.23211947039681">
				<ele>656.654692672193</ele>
				<time>2025-06-06T14:19:22Z</time>
			</trkpt>
			<trkpt lat="35.64127417605411" lon="-82.23212261560084">
				<ele>656.4185693124309</ele>
				<time>2025-06-06T14:19:24Z</time>
			</trkpt>
			<trkpt lat="35.64129906691419" lon="-82.23212835610434">
				<ele>655.1837635301054</ele>
				<time>2025-06-06T14:19:26Z</time>
			</trkpt>
			<trkpt lat="35.64131743054015" lon="-82.2321315583971">
				<ele>656.3766298759729</ele>
				<time>2025-06-06T14:19:28Z</time>
			</trkpt>
			<trkpt lat="35.64134602150923" lon="-82.23214471655184">
				<ele>657.1454519005492</ele>
				<time>2025-06-06T14:19:30Z</time>
			</trkpt>
			<trkpt lat="35.641366464454876" lon="-82.2321485366575">
				<ele>655.7773195141926</ele>
				<time>2025-06-06T14:19:31Z</time>
			</trkpt>
			<trkpt lat="35.64139254627446" lon="-82.23214635002702">
				<ele>657.4578844886273</ele>
				<time>2025-06-06T14:19:33Z</time>
			</trkpt>
			<trkpt lat="35.641416483424116" lon="-82.23214079229008">
				<ele>657.2086463803425</ele>
				<time>2025-06-06T14:19:35Z</time>
			</trkpt>
			<trkpt lat="35.64143857911723" lon="-82.23213735815334">
				<ele>659.7874725665897</ele>
				<time>2025-06-06T14:19:37Z</time>
			</trkpt>
			<trkpt lat="35.641465614600165" lon="-82.23212794844024">
				<ele>660.7031153580174</ele>
				<time>2025-06-06T14:19:40Z</time>
			</trkpt>
			<trkpt lat="35.64149902374473" lon="-82.23210967027477">
				<ele>660.5003937901929</ele>
				<time>2025-06-06T14:19:42Z</time>
			</trkpt>
			<trkpt lat="35.641523188496556" lon="-82.2320928735125">
				<ele>661.5561660006642</ele>
				<time>2025-06-06T14:19:44Z</time>
			</trkpt>
			<trkpt lat="35.64154507902358" lon="-82.23207071647737">
				<ele>662.8553994596004</ele>
				<time>2025-06-06T14:19:46Z</time>
			</trkpt>
			<trkpt lat="35.64156444379259" lon="-82.23205269079183">
				<ele>662.8808756247163</ele>
				<time>2025-06-06T14:19:48Z</time>
			</trkpt>
			<trkpt lat="35.64157927657998" lon="-82.23203420751005">
				<ele>662.5200507985428</ele>
				<time>2025-06-06T14:19:50Z</time>
			</trkpt>
			<trkpt lat="35.641589577255736" lon="-82.23201085950228">
				<ele>662.6918129567057</ele>
				<time>2025-06-06T14:19:51Z</time>
			</trkpt>
			<trkpt lat="35.64160135916999" lon="-82.2319766123952">
				<ele>661.1322546442971</ele>
				<time>2025-06-06T14:19:53Z</time>
			</trkpt>
			<trkpt lat="35.64161168206935" lon="-82.23194914579243">
				<ele>661.1529250387102</ele>
				<time>2025-06-06T14:19:55Z</time>
			</trkpt>
			<trkpt lat="35.64161459699987" lon="-82.23192553345362">
				<ele>663.1946961255744</ele>
				<time>2025-06-06T14:19:57Z</time>
			</trkpt>
			<trkpt lat="35.641624248718415" lon="-82.23190596380702">
				<ele>663.4158742250875</ele>
				<time>2025-06-06T14:19:59Z</time>
			</trkpt>
			<trkpt lat="35.64163564430723" lon="-82.231879059189">
				<ele>663.4353693379089</ele>
				<time>2025-06-06T14:20:01Z</time>
			</trkpt>
			<trkpt lat="35.64162253123411" lon="-82.231847554949">
				<ele>662.2200749414042</ele>
				<time>2025-06-06T14:20:04Z</time>
			</trkpt>
			<trkpt lat="35.64160691422627" lon="-82.23180386047149">
				<ele>663.242475271225</ele>
				<time>2025-06-06T14:20:05Z</time>
			</trkpt>
			<trkpt lat="35.64160215000814" lon="-82.2317637481008">
				<ele>663.1650159340352</ele>
				<time>2025-06-06T14:20:06Z</time>
			</trkpt>
			<trkpt lat="35.64159759635327" lon="-82.23172214596087">
				<ele>663.367847668007</ele>
				<time>2025-06-06T14:20:07Z</time>
			</trkpt>
			<trkpt lat="35.64159705230317" lon="-82.231692563473">
				<ele>663.7906761784106</ele>
				<time>2025-06-06T14:20:08Z</time>
			</trkpt>
			<trkpt lat="35.641599007019835" lon="-82.23166473985">
				<ele>664.3355051260442</ele>
				<time>2025-06-06T14:20:09Z</time>
			</trkpt>
			<trkpt lat="35.64160912827388" lon="-82.23161985129065">
				<ele>664.1919679818675</ele>
				<time>2025-06-06T14:20:10Z</time>
			</trkpt>
			<trkpt lat="35.641609572453405" lon="-82.23158548822018">
				<ele>664.4738167421892</ele>
				<time>2025-06-06T14:20:11Z</time>
			</trkpt>
			<trkpt lat="35.64160406603218" lon="-82.2315466384505">
				<ele>664.0794574404135</ele>
				<time>2025-06-06T14:20:12Z</time>
			</trkpt>
			<trkpt lat="35.64160496048044" lon="-82.23152311275557">
				<ele>663.652135880664</ele>
				<time>2025-06-06T14:20:13Z</time>
			</trkpt>
			<trkpt lat="35.64159265141029" lon="-82.23149688908873">
				<ele>665.2902132570744</ele>
				<time>2025-06-06T14:20:15Z</time>
			</trkpt>
			<trkpt lat="35.6415744527384" lon="-82.23147417186792">
				<ele>666.4532164856791</ele>
				<time>2025-06-06T14:20:17Z</time>
			</trkpt>
			<trkpt lat="35.64156632384756" lon="-82.23144868430215">
				<ele>664.2331944582984</ele>
				<time>2025-06-06T14:20:19Z</time>
			</trkpt>
			<trkpt lat="35.641571808934145" lon="-82.23141433532162">
				<ele>662.1475246101618</ele>
				<time>2025-06-06T14:20:21Z</time>
			</trkpt>
			<trkpt lat="35.64157211008447" lon="-82.23137141408385">
				<ele>662.5466497056186</ele>
				<time>2025-06-06T14:20:23Z</time>
			</trkpt>
			<trkpt lat="35.641575948229466" lon="-82.23133760773305">
				<ele>662.5208745207638</ele>
				<time>2025-06-06T14:20:25Z</time>
			</trkpt>
			<trkpt lat="35.641570965202604" lon="-82.23130095588013">
				<ele>661.90211499203</ele>
				<time>2025-06-06T14:20:27Z</time>
			</trkpt>
			<trkpt lat="35.64155784748962" lon="-82.23126883360354">
				<ele>662.2544261347502</ele>
				<time>2025-06-06T14:20:29Z</time>
			</trkpt>
			<trkpt lat="35.64155245397708" lon="-82.23124507278905">
				<ele>662.2563980212435</ele>
				<time>2025-06-06T14:20:30Z</time>
			</trkpt>
			<trkpt lat="35.64155589985909" lon="-82.23122232908489">
				<ele>660.7243262715638</ele>
				<time>2025-06-06T14:20:31Z</time>
			</trkpt>
			<trkpt lat="35.64154852721062" lon="-82.23118114376723">
				<ele>663.1456985892728</ele>
				<time>2025-06-06T14:20:33Z</time>
			</trkpt>
			<trkpt lat="35.64154759783945" lon="-82.23115410468645">
				<ele>663.1742448704317</ele>
				<time>2025-06-06T14:20:34Z</time>
			</trkpt>
			<trkpt lat="35.641548253381856" lon="-82.23112524370364">
				<ele>662.1249571302906</ele>
				<time>2025-06-06T14:20:35Z</time>
			</trkpt>
			<trkpt lat="35.64154949629756" lon="-82.23109519152983">
				<ele>661.1336864437908</ele>
				<time>2025-06-06T14:20:36Z</time>
			</trkpt>
			<trkpt lat="35.641548466674394" lon="-82.23105129625567">
				<ele>661.3363597216085</ele>
				<time>2025-06-06T14:20:37Z</time>
			</trkpt>
			<trkpt lat="35.64155015574436" lon="-82.23101320244764">
				<ele>661.1713505424559</ele>
				<time>2025-06-06T14:20:38Z</time>
			</trkpt>
			<trkpt lat="35.64154891453033" lon="-82.2309817635626">
				<ele>662.2326330784708</ele>
				<time>2025-06-06T14:20:39Z</time>
			</trkpt>
			<trkpt lat="35.64155200911161" lon="-82.23095313755523">
				<ele>661.3417993038893</ele>
				<time>2025-06-06T14:20:40Z</time>
			</trkpt>
			<trkpt lat="35.641567355399495" lon="-82.23092989816861">
				<ele>660.8730023084208</ele>
				<time>2025-06-06T14:20:41Z</time>
			</trkpt>
			<trkpt lat="35.641578622943015" lon="-82.23089214322437">
				<ele>662.3144509056583</ele>
				<time>2025-06-06T14:20:43Z</time>
			</trkpt>
			<trkpt lat="35.64159436045524" lon="-82.2308619300935">
				<ele>662.7998819146305</ele>
				<time>2025-06-06T14:20:45Z</time>
			</trkpt>
			<trkpt lat="35.641616240257115" lon="-82.23083802304795">
				<ele>662.1616502152756</ele>
				<time>2025-06-06T14:20:47Z</time>
			</trkpt>
			<trkpt lat="35.64163720159507" lon="-82.23082011923431">
				<ele>663.223514857702</ele>
				<time>2025-06-06T14:20:49Z</time>
			</trkpt>
			<trkpt lat="35.64165462324194" lon="-82.23079520784812">
				<ele>663.5709296651185</ele>
				<time>2025-06-06T14:20:51Z</time>
			</trkpt>
			<trkpt lat="35.64167187113405" lon="-82.23077139383737">
				<ele>661.363806030713</ele>
				<time>2025-06-06T14:20:53Z</time>
			</trkpt>
			<trkpt lat="35.641688842494744" lon="-82.23074777095698">
				<ele>661.0186421405524</ele>
				<time>2025-06-06T14:20:55Z</time>
			</trkpt>
			<trkpt lat="35.64169518232994" lon="-82.23072555272137">
				<ele>662.6327096056193</ele>
				<time>2025-06-06T14:20:56Z</time>
			</trkpt>
			<trkpt lat="35.641705667682196" lon="-82.2306893676475">
				<ele>662.2291690912098</ele>
				<time>2025-06-06T14:20:58Z</time>
			</trkpt>
			<trkpt lat="35.641722235023785" lon="-82.23066364875712">
				<ele>661.5339608192444</ele>
				<time>2025-06-06T14:21:00Z</time>
			</trkpt>
			<trkpt lat="35.641736157244715" lon="-82.23063562363916">
				<ele>661.1138685476035</ele>
				<time>2025-06-06T14:21:03Z</time>
			</trkpt>
			<trkpt lat="35.641742438699225" lon="-82.23060893876112">
				<ele>662.748200269416</ele>
				<time>2025-06-06T14:21:06Z</time>
			</trkpt>
			<trkpt lat="35.64175386809205" lon="-82.23059066634836">
				<ele>662.0336748119444</ele>
				<time>2025-06-06T14:21:09Z</time>
			</trkpt>
			<trkpt lat="35.64176394851684" lon="-82.23056269638063">
				<ele>661.0957198375836</ele>
				<time>2025-06-06T14:21:12Z</time>
			</trkpt>
			<trkpt lat="35.641747541399525" lon="-82.230576620655">
				<ele>660.3401415133849</ele>
				<time>2025-06-06T14:21:18Z</time>
			</trkpt>
			<trkpt lat="35.64173638780871" lon="-82.23059572095173">
				<ele>663.7692581163719</ele>
				<time>2025-06-06T14:21:22Z</time>
			</trkpt>
			<trkpt lat="35.641724144262014" lon="-82.23061988162138">
				<ele>663.8453316632658</ele>
				<time>2025-06-06T14:21:25Z</time>
			</trkpt>
			<trkpt lat="35.64170950290303" lon="-82.2306436049615">
				<ele>665.4795456118882</ele>
				<time>2025-06-06T14:21:27Z</time>
			</trkpt>
			<trkpt lat="35.64170221100815" lon="-82.23066494817937">
				<ele>664.5737054394558</ele>
				<time>2025-06-06T14:21:29Z</time>
			</trkpt>
			<trkpt lat="35.64169018602527" lon="-82.23068346972082">
				<ele>664.4965963484719</ele>
				<time>2025-06-06T14:21:31Z</time>
			</trkpt>
			<trkpt lat="35.64167878213733" lon="-82.23071034034386">
				<ele>665.5647646700963</ele>
				<time>2025-06-06T14:21:33Z</time>
			</trkpt>
			<trkpt lat="35.64167695577197" lon="-82.23073357709448">
				<ele>664.7420282969251</ele>
				<time>2025-06-06T14:21:34Z</time>
			</trkpt>
			<trkpt lat="35.64167468806604" lon="-82.2307734115871">
				<ele>664.4977038530633</ele>
				<time>2025-06-06T14:21:36Z</time>
			</trkpt>
			<trkpt lat="35.64167175318291" lon="-82.2308093905026">
				<ele>667.0584743013605</ele>
				<time>2025-06-06T14:21:38Z</time>
			</trkpt>
			<trkpt lat="35.64167779028131" lon="-82.23083675312053">
				<ele>665.1588813420385</ele>
				<time>2025-06-06T14:21:39Z</time>
			</trkpt>
			<trkpt lat="35.6416816292379" lon="-82.23087781534167">
				<ele>665.4063351415098</ele>
				<time>2025-06-06T14:21:41Z</time>
			</trkpt>
			<trkpt lat="35.641691777805974" lon="-82.2309237306306">
				<ele>664.5127059826627</ele>
				<time>2025-06-06T14:21:43Z</time>
			</trkpt>
			<trkpt lat="35.64169851256568" lon="-82.23095060104087">
				<ele>664.7354742418975</ele>
				<time>2025-06-06T14:21:45Z</time>
			</trkpt>
			<trkpt lat="35.641703980832816" lon="-82.23098360222428">
				<ele>666.2068712105975</ele>
				<time>2025-06-06T14:21:47Z</time>
			</trkpt>
			<trkpt lat="35.64170813927484" lon="-82.23101109661431">
				<ele>666.2310952153057</ele>
				<time>2025-06-06T14:21:49Z</time>
			</trkpt>
			<trkpt lat="35.641706389809634" lon="-82.2310358666469">
				<ele>667.1811630958691</ele>
				<time>2025-06-06T14:21:51Z</time>
			</trkpt>
			<trkpt lat="35.64170792736075" lon="-82.231060289529">
				<ele>667.7318942220882</ele>
				<time>2025-06-06T14:21:53Z</time>
			</trkpt>
			<trkpt lat="35.64170762011047" lon="-82.23109327558366">
				<ele>668.7688118964434</ele>
				<time>2025-06-06T14:21:55Z</time>
			</trkpt>
			<trkpt lat="35.64171052504968" lon="-82.23111592973581">
				<ele>669.4171956144273</ele>
				<time>2025-06-06T14:21:58Z</time>
			</trkpt>
			<trkpt lat="35.64171128177375" lon="-82.23114331868875">
				<ele>671.1149650495499</ele>
				<time>2025-06-06T14:22:02Z</time>
			</trkpt>
			<trkpt lat="35.641719675308636" lon="-82.23117048886878">
				<ele>672.0542907910421</ele>
				<time>2025-06-06T14:22:04Z</time>
			</trkpt>
			<trkpt lat="35.6417248809326" lon="-82.23120585752669">
				<ele>671.0040929215029</ele>
				<time>2025-06-06T14:22:06Z</time>
			</trkpt>
			<trkpt lat="35.64171777102859" lon="-82.23124026666866">
				<ele>672.9893569462001</ele>
				<time>2025-06-06T14:22:08Z</time>
			</trkpt>
			<trkpt lat="35.64171387318643" lon="-82.23127074372402">
				<ele>671.5029983939603</ele>
				<time>2025-06-06T14:22:10Z</time>
			</trkpt>
			<trkpt lat="35.64170603173094" lon="-82.23129928685786">
				<ele>672.4240948148072</ele>
				<time>2025-06-06T14:22:12Z</time>
			</trkpt>
			<trkpt lat="35.64170935804897" lon="-82.23133036441112">
				<ele>674.7313841413707</ele>
				<time>2025-06-06T14:22:14Z</time>
			</trkpt>
			<trkpt lat="35.64171426253766" lon="-82.23135355913354">
				<ele>674.666823875159</ele>
				<time>2025-06-06T14:22:15Z</time>
			</trkpt>
			<trkpt lat="35.64171692651415" lon="-82.23139330807497">
				<ele>675.2340111937374</ele>
				<time>2025-06-06T14:22:17Z</time>
			</trkpt>
			<trkpt lat="35.6417210166382" lon="-82.23143226165205">
				<ele>675.3234035028145</ele>
				<time>2025-06-06T14:22:19Z</time>
			</trkpt>
			<trkpt lat="35.6417243161853" lon="-82.23145422763561">
				<ele>674.8587858835235</ele>
				<time>2025-06-06T14:22:20Z</time>
			</trkpt>
			<trkpt lat="35.6417359851589" lon="-82.23147663204077">
				<ele>675.5401507904753</ele>
				<time>2025-06-06T14:22:22Z</time>
			</trkpt>
			<trkpt lat="35.64175116512873" lon="-82.23151950274881">
				<ele>674.7712485799566</ele>
				<time>2025-06-06T14:22:24Z</time>
			</trkpt>
			<trkpt lat="35.6417561538531" lon="-82.23154837856126">
				<ele>675.8901960710064</ele>
				<time>2025-06-06T14:22:25Z</time>
			</trkpt>
			<trkpt lat="35.64176309938355" lon="-82.23157406575113">
				<ele>675.1582131125033</ele>
				<time>2025-06-06T14:22:26Z</time>
			</trkpt>
			<trkpt lat="35.64176698856435" lon="-82.23160064709293">
				<ele>675.5458127316087</ele>
				<time>2025-06-06T14:22:28Z</time>
			</trkpt>
			<trkpt lat="35.64178593791481" lon="-82.23164376092554">
				<ele>674.0080942213535</ele>
				<time>2025-06-06T14:22:30Z</time>
			</trkpt>
			<trkpt lat="35.64179685672305" lon="-82.23168578903493">
				<ele>675.2624426791444</ele>
				<time>2025-06-06T14:22:32Z</time>
			</trkpt>
			<trkpt lat="35.641805245600175" lon="-82.23170747575416">
				<ele>676.1263232761994</ele>
				<time>2025-06-06T14:22:34Z</time>
			</trkpt>
			<trkpt lat="35.641816901944914" lon="-82.23172929866546">
				<ele>676.864585287869</ele>
				<time>2025-06-06T14:22:37Z</time>
			</trkpt>
			<trkpt lat="35.641809845508135" lon="-82.23175337668422">
				<ele>678.2197308950126</ele>
				<time>2025-06-06T14:22:40Z</time>
			</trkpt>
			<trkpt lat="35.64180690557506" lon="-82.23178511855588">
				<ele>678.2676310995594</ele>
				<time>2025-06-06T14:22:43Z</time>
			</trkpt>
			<trkpt lat="35.641801359688344" lon="-82.2318146162002">
				<ele>678.6998541457579</ele>
				<time>2025-06-06T14:22:45Z</time>
			</trkpt>
			<trkpt lat="35.64178655612599" lon="-82.2318355930923">
				<ele>680.713815334253</ele>
				<time>2025-06-06T14:22:47Z</time>
			</trkpt>
			<trkpt lat="35.64177892289686" lon="-82.23185587227069">
				<ele>680.5521030742675</ele>
				<time>2025-06-06T14:22:49Z</time>
			</trkpt>
			<trkpt lat="35.641777058527055" lon="-82.23188709195966">
				<ele>679.6048220060766</ele>
				<time>2025-06-06T14:22:51Z</time>
			</trkpt>
			<trkpt lat="35.64177125906971" lon="-82.23192092855498">
				<ele>678.6108340425417</ele>
				<time>2025-06-06T14:22:53Z</time>
			</trkpt>
			<trkpt lat="35.641756372060435" lon="-82.23195570045452">
				<ele>679.5362628838047</ele>
				<time>2025-06-06T14:22:55Z</time>
			</trkpt>
			<trkpt lat="35.641744843272164" lon="-82.23198395549372">
				<ele>679.5905188117176</ele>
				<time>2025-06-06T14:22:57Z</time>
			</trkpt>
			<trkpt lat="35.64173181709029" lon="-82.23200649129527">
				<ele>680.0812082830817</ele>
				<time>2025-06-06T14:22:59Z</time>
			</trkpt>
			<trkpt lat="35.64172520367415" lon="-82.23204139640639">
				<ele>680.1060072947294</ele>
				<time>2025-06-06T14:23:01Z</time>
			</trkpt>
			<trkpt lat="35.641728430634785" lon="-82.232067824576">
				<ele>678.8024616306648</ele>
				<time>2025-06-06T14:23:02Z</time>
			</trkpt>
			<trkpt lat="35.64171910855093" lon="-82.23209988830277">
				<ele>680.4979452174157</ele>
				<time>2025-06-06T14:23:04Z</time>
			</trkpt>
			<trkpt lat="35.64171228273234" lon="-82.23213109250923">
				<ele>679.2876305375248</ele>
				<time>2025-06-06T14:23:05Z</time>
			</trkpt>
			<trkpt lat="35.64167674937838" lon="-82.23217298950937">
				<ele>679.2074028495699</ele>
				<time>2025-06-06T14:23:07Z</time>
			</trkpt>
			<trkpt lat="35.64166246547817" lon="-82.23219371594303">
				<ele>680.4906660942361</ele>
				<time>2025-06-06T14:23:09Z</time>
			</trkpt>
			<trkpt lat="35.64163819483429" lon="-82.23220596562007">
				<ele>682.0041329907253</ele>
				<time>2025-06-06T14:23:11Z</time>
			</trkpt>
			<trkpt lat="35.641618805429516" lon="-82.23222722031305">
				<ele>682.6889669680968</ele>
				<time>2025-06-06T14:23:13Z</time>
			</trkpt>
			<trkpt lat="35.64160091326631" lon="-82.23225755951401">
				<ele>682.0621623629704</ele>
				<time>2025-06-06T14:23:15Z</time>
			</trkpt>
			<trkpt lat="35.64158360638251" lon="-82.23227330437268">
				<ele>680.8384677050635</ele>
				<time>2025-06-06T14:23:16Z</time>
			</trkpt>
			<trkpt lat="35.641551449716786" lon="-82.23228747608111">
				<ele>680.8796496503055</ele>
				<time>2025-06-06T14:23:18Z</time>
			</trkpt>
			<trkpt lat="35.6415176937225" lon="-82.23229492691082">
				<ele>684.2397880507633</ele>
				<time>2025-06-06T14:23:20Z</time>
			</trkpt>
			<trkpt lat="35.641494185638436" lon="-82.23231799609434">
				<ele>683.5248163146898</ele>
				<time>2025-06-06T14:23:22Z</time>
			</trkpt>
			<trkpt lat="35.64148114808583" lon="-82.23233544407992">
				<ele>683.9931290484965</ele>
				<time>2025-06-06T14:23:23Z</time>
			</trkpt>
			<trkpt lat="35.6414696184288" lon="-82.23235503823122">
				<ele>683.9245321955532</ele>
				<time>2025-06-06T14:23:24Z</time>
			</trkpt>
			<trkpt lat="35.641456488762536" lon="-82.23237087915807">
				<ele>684.0474351746961</ele>
				<time>2025-06-06T14:23:25Z</time>
			</trkpt>
			<trkpt lat="35.64144393488791" lon="-82.23239923963057">
				<ele>682.9294513110071</ele>
				<time>2025-06-06T14:23:26Z</time>
			</trkpt>
			<trkpt lat="35.641432433400695" lon="-82.2324250702712">
				<ele>683.0074800737202</ele>
				<time>2025-06-06T14:23:27Z</time>
			</trkpt>
			<trkpt lat="35.641426017809366" lon="-82.23245821537611">
				<ele>681.5010367743671</ele>
				<time>2025-06-06T14:23:28Z</time>
			</trkpt>
			<trkpt lat="35.641417487553035" lon="-82.23248170960899">
				<ele>681.3218673774973</ele>
				<time>2025-06-06T14:23:29Z</time>
			</trkpt>
			<trkpt lat="35.641413563197915" lon="-82.2325167511425">
				<ele>681.3839281322435</ele>
				<time>2025-06-06T14:23:31Z</time>
			</trkpt>
			<trkpt lat="35.641412671230626" lon="-82.23254151381198">
				<ele>680.4577137911692</ele>
				<time>2025-06-06T14:23:32Z</time>
			</trkpt>
			<trkpt lat="35.641416102050286" lon="-82.23257322038613">
				<ele>678.6109122037888</ele>
				<time>2025-06-06T14:23:34Z</time>
			</trkpt>
			<trkpt lat="35.64141894690684" lon="-82.23261166997786">
				<ele>678.329344346188</ele>
				<time>2025-06-06T14:23:36Z</time>
			</trkpt>
			<trkpt lat="35.64141859045537" lon="-82.23265006036092">
				<ele>679.0530953519046</ele>
				<time>2025-06-06T14:23:38Z</time>
			</trkpt>
			<trkpt lat="35.64142435386017" lon="-82.23267696550866">
				<ele>678.0646625673398</ele>
				<time>2025-06-06T14:23:39Z</time>
			</trkpt>
			<trkpt lat="35.64143333087699" lon="-82.23271508103984">
				<ele>678.3127031186596</ele>
				<time>2025-06-06T14:23:41Z</time>
			</trkpt>
			<trkpt lat="35.641433314376016" lon="-82.23274970663599">
				<ele>681.3049739245325</ele>
				<time>2025-06-06T14:23:44Z</time>
			</trkpt>
			<trkpt lat="35.64144271380616" lon="-82.23277661252807">
				<ele>683.2178227268159</ele>
				<time>2025-06-06T14:23:46Z</time>
			</trkpt>
			<trkpt lat="35.641455751195814" lon="-82.23280016961225">
				<ele>682.257992297411</ele>
				<time>2025-06-06T14:23:47Z</time>
			</trkpt>
			<trkpt lat="35.64147373947861" lon="-82.23283219708065">
				<ele>681.6558927968144</ele>
				<time>2025-06-06T14:23:49Z</time>
			</trkpt>
			<trkpt lat="35.64148868026364" lon="-82.23286779049366">
				<ele>684.3263720888644</ele>
				<time>2025-06-06T14:23:52Z</time>
			</trkpt>
			<trkpt lat="35.64150486448821" lon="-82.23289225907402">
				<ele>687.225422766991</ele>
				<time>2025-06-06T14:23:54Z</time>
			</trkpt>
			<trkpt lat="35.64151715938689" lon="-82.23291688879658">
				<ele>687.0272017391399</ele>
				<time>2025-06-06T14:23:56Z</time>
			</trkpt>
			<trkpt lat="35.64152401000918" lon="-82.23295075763342">
				<ele>688.7718175714836</ele>
				<time>2025-06-06T14:23:58Z</time>
			</trkpt>
			<trkpt lat="35.64153208142562" lon="-82.23297703425412">
				<ele>687.7225011531264</ele>
				<time>2025-06-06T14:23:59Z</time>
			</trkpt>
			<trkpt lat="35.641544659003955" lon="-82.23301766508908">
				<ele>689.5977359591052</ele>
				<time>2025-06-06T14:24:01Z</time>
			</trkpt>
			<trkpt lat="35.64156152583323" lon="-82.23303284500082">
				<ele>688.5044756708667</ele>
				<time>2025-06-06T14:24:03Z</time>
			</trkpt>
			<trkpt lat="35.64158348667368" lon="-82.2330381200731">
				<ele>688.5134980762377</ele>
				<time>2025-06-06T14:24:05Z</time>
			</trkpt>
			<trkpt lat="35.641615284861075" lon="-82.23303160288918">
				<ele>686.6055597728118</ele>
				<time>2025-06-06T14:24:07Z</time>
			</trkpt>
			<trkpt lat="35.64163654591352" lon="-82.23302512634315">
				<ele>687.459580425173</ele>
				<time>2025-06-06T14:24:09Z</time>
			</trkpt>
			<trkpt lat="35.641655485887604" lon="-82.23302332196151">
				<ele>691.2508147535846</ele>
				<time>2025-06-06T14:24:20Z</time>
			</trkpt>
			<trkpt lat="35.641667774536536" lon="-82.2330030626109">
				<ele>691.1091936565936</ele>
				<time>2025-06-06T14:24:27Z</time>
			</trkpt>
			<trkpt lat="35.64166063017492" lon="-82.23297945988107">
				<ele>692.1495635090396</ele>
				<time>2025-06-06T14:24:30Z</time>
			</trkpt>
			<trkpt lat="35.641666603053196" lon="-82.2329577988376">
				<ele>689.930522707291</ele>
				<time>2025-06-06T14:24:37Z</time>
			</trkpt>
			<trkpt lat="35.64167620927278" lon="-82.23293672200745">
				<ele>689.5278777489439</ele>
				<time>2025-06-06T14:24:58Z</time>
			</trkpt>
			<trkpt lat="35.64165871097688" lon="-82.23292433774013">
				<ele>691.2674959264696</ele>
				<time>2025-06-06T14:25:04Z</time>
			</trkpt>
			<trkpt lat="35.64165423843774" lon="-82.23289359358803">
				<ele>692.2951736645773</ele>
				<time>2025-06-06T14:25:07Z</time>
			</trkpt>
			<trkpt lat="35.64164501916945" lon="-82.23286887674803">
				<ele>694.5679857358336</ele>
				<time>2025-06-06T14:25:09Z</time>
			</trkpt>
			<trkpt lat="35.64163125899286" lon="-82.23284781798216">
				<ele>697.1039235508069</ele>
				<time>2025-06-06T14:25:12Z</time>
			</trkpt>
			<trkpt lat="35.641627996799485" lon="-82.23282163936078">
				<ele>696.9328239746392</ele>
				<time>2025-06-06T14:25:15Z</time>
			</trkpt>
			<trkpt lat="35.64163337300501" lon="-82.23278560472842">
				<ele>697.177180451341</ele>
				<time>2025-06-06T14:25:18Z</time>
			</trkpt>
			<trkpt lat="35.64164620341217" lon="-82.23274629747523">
				<ele>696.4445199118927</ele>
				<time>2025-06-06T14:25:20Z</time>
			</trkpt>
			<trkpt lat="35.64165266979341" lon="-82.23271701867155">
				<ele>695.9959285920486</ele>
				<time>2025-06-06T14:25:22Z</time>
			</trkpt>
			<trkpt lat="35.6416575172143" lon="-82.2326913814366">
				<ele>696.5082221692428</ele>
				<time>2025-06-06T14:25:24Z</time>
			</trkpt>
			<trkpt lat="35.6416644460514" lon="-82.23267065909022">
				<ele>696.6043252069503</ele>
				<time>2025-06-06T14:25:26Z</time>
			</trkpt>
			<trkpt lat="35.641678920012225" lon="-82.23264025933466">
				<ele>696.8856753148139</ele>
				<time>2025-06-06T14:25:28Z</time>
			</trkpt>
			<trkpt lat="35.64169597222361" lon="-82.2326145109085">
				<ele>696.109740617685</ele>
				<time>2025-06-06T14:25:30Z</time>
			</trkpt>
			<trkpt lat="35.64170426018344" lon="-82.23259290092652">
				<ele>697.314586003311</ele>
				<time>2025-06-06T14:25:32Z</time>
			</trkpt>
			<trkpt lat="35.641720741547296" lon="-82.23257319843746">
				<ele>697.1084683341905</ele>
				<time>2025-06-06T14:25:34Z</time>
			</trkpt>
			<trkpt lat="35.64174116504567" lon="-82.23255836660094">
				<ele>696.2627161955461</ele>
				<time>2025-06-06T14:25:36Z</time>
			</trkpt>
			<trkpt lat="35.64176365010448" lon="-82.2325316426464">
				<ele>696.319636230357</ele>
				<time>2025-06-06T14:25:38Z</time>
			</trkpt>
			<trkpt lat="35.64177779949008" lon="-82.23251289333123">
				<ele>696.5343126682565</ele>
				<time>2025-06-06T14:25:39Z</time>
			</trkpt>
			<trkpt lat="35.641799878110156" lon="-82.23248538285554">
				<ele>696.901893186383</ele>
				<time>2025-06-06T14:25:41Z</time>
			</trkpt>
			<trkpt lat="35.64181912581293" lon="-82.23246251500781">
				<ele>697.5138000147417</ele>
				<time>2025-06-06T14:25:43Z</time>
			</trkpt>
			<trkpt lat="35.64184066551631" lon="-82.23244122434437">
				<ele>697.328081863001</ele>
				<time>2025-06-06T14:25:45Z</time>
			</trkpt>
			<trkpt lat="35.64186390539127" lon="-82.23241527758651">
				<ele>697.9034069180489</ele>
				<time>2025-06-06T14:25:47Z</time>
			</trkpt>
			<trkpt lat="35.641885739221124" lon="-82.23239340805006">
				<ele>697.1190781388432</ele>
				<time>2025-06-06T14:25:49Z</time>
			</trkpt>
			<trkpt lat="35.641905565654575" lon="-82.2323672104587">
				<ele>697.4566996423528</ele>
				<time>2025-06-06T14:25:51Z</time>
			</trkpt>
			<trkpt lat="35.641910771085556" lon="-82.23234155714607">
				<ele>700.5422537168488</ele>
				<time>2025-06-06T14:25:53Z</time>
			</trkpt>
			<trkpt lat="35.64192919325775" lon="-82.23232824999334">
				<ele>699.3827693825588</ele>
				<time>2025-06-06T14:25:55Z</time>
			</trkpt>
			<trkpt lat="35.64195071649355" lon="-82.23230398971823">
				<ele>701.0942594138905</ele>
				<time>2025-06-06T14:25:58Z</time>
			</trkpt>
			<trkpt lat="35.64197778068718" lon="-82.23228769654884">
				<ele>700.6037087244913</ele>
				<time>2025-06-06T14:26:00Z</time>
			</trkpt>
			<trkpt lat="35.64200138033099" lon="-82.23226283950633">
				<ele>700.4811185915023</ele>
				<time>2025-06-06T14:26:02Z</time>
			</trkpt>
			<trkpt lat="35.64202997827444" lon="-82.23224983505192">
				<ele>699.9191539315507</ele>
				<time>2025-06-06T14:26:04Z</time>
			</trkpt>
			<trkpt lat="35.6420582674361" lon="-82.23223913041116">
				<ele>698.7771422220394</ele>
				<time>2025-06-06T14:26:06Z</time>
			</trkpt>
			<trkpt lat="35.642087398999216" lon="-82.23223295186654">
				<ele>697.2659059418365</ele>
				<time>2025-06-06T14:26:08Z</time>
			</trkpt>
			<trkpt lat="35.64211594420611" lon="-82.23223422044259">
				<ele>698.0079690441489</ele>
				<time>2025-06-06T14:26:10Z</time>
			</trkpt>
			<trkpt lat="35.64214590971057" lon="-82.23223656639158">
				<ele>698.1669185375795</ele>
				<time>2025-06-06T14:26:12Z</time>
			</trkpt>
			<trkpt lat="35.642164186203644" lon="-82.23224785217333">
				<ele>698.1877399003133</ele>
				<time>2025-06-06T14:26:14Z</time>
			</trkpt>
			<trkpt lat="35.64218080539165" lon="-82.23223377142604">
				<ele>699.254536726512</ele>
				<time>2025-06-06T14:26:17Z</time>
			</trkpt>
			<trkpt lat="35.64216142332401" lon="-82.23223665373304">
				<ele>700.1410199273378</ele>
				<time>2025-06-06T14:26:24Z</time>
			</trkpt>
			<trkpt lat="35.642138202474165" lon="-82.23224698138787">
				<ele>699.6954693440348</ele>
				<time>2025-06-06T14:26:27Z</time>
			</trkpt>
			<trkpt lat="35.64211593121947" lon="-82.23225349801429">
				<ele>699.7497915783897</ele>
				<time>2025-06-06T14:26:29Z</time>
			</trkpt>
			<trkpt lat="35.642092194101686" lon="-82.23226055660372">
				<ele>700.8871346684173</ele>
				<time>2025-06-06T14:26:31Z</time>
			</trkpt>
			<trkpt lat="35.64206242862688" lon="-82.23227480959612">
				<ele>701.5465583251789</ele>
				<time>2025-06-06T14:26:33Z</time>
			</trkpt>
			<trkpt lat="35.64204288468916" lon="-82.23229360068603">
				<ele>702.3927940027788</ele>
				<time>2025-06-06T14:26:36Z</time>
			</trkpt>
			<trkpt lat="35.642028856794724" lon="-82.23231924622321">
				<ele>703.8521660156548</ele>
				<time>2025-06-06T14:26:38Z</time>
			</trkpt>
			<trkpt lat="35.642018931681626" lon="-82.23234431016685">
				<ele>704.0836526378989</ele>
				<time>2025-06-06T14:26:40Z</time>
			</trkpt>
			<trkpt lat="35.642009776471276" lon="-82.23237667078746">
				<ele>704.4552988959476</ele>
				<time>2025-06-06T14:26:42Z</time>
			</trkpt>
			<trkpt lat="35.641993593226736" lon="-82.23241396888609">
				<ele>704.2836552811787</ele>
				<time>2025-06-06T14:26:44Z</time>
			</trkpt>
			<trkpt lat="35.64198165269787" lon="-82.2324553416426">
				<ele>702.5708714704961</ele>
				<time>2025-06-06T14:26:46Z</time>
			</trkpt>
			<trkpt lat="35.641965053389576" lon="-82.23247366648366">
				<ele>705.3226894615218</ele>
				<time>2025-06-06T14:26:48Z</time>
			</trkpt>
			<trkpt lat="35.64195512470304" lon="-82.23250489203436">
				<ele>705.3604922080413</ele>
				<time>2025-06-06T14:26:50Z</time>
			</trkpt>
			<trkpt lat="35.641947007862015" lon="-82.23252872482361">
				<ele>705.2688001813367</ele>
				<time>2025-06-06T14:26:52Z</time>
			</trkpt>
			<trkpt lat="35.64194662760172" lon="-82.23256405111334">
				<ele>704.9752715742216</ele>
				<time>2025-06-06T14:26:54Z</time>
			</trkpt>
			<trkpt lat="35.64194253774313" lon="-82.23259835607705">
				<ele>704.9495268659666</ele>
				<time>2025-06-06T14:26:56Z</time>
			</trkpt>
			<trkpt lat="35.64193876039914" lon="-82.23263072879014">
				<ele>705.0832112785429</ele>
				<time>2025-06-06T14:26:58Z</time>
			</trkpt>
			<trkpt lat="35.641940721223584" lon="-82.23265906804723">
				<ele>705.1251972410828</ele>
				<time>2025-06-06T14:27:00Z</time>
			</trkpt>
			<trkpt lat="35.6419415413089" lon="-82.23269579765305">
				<ele>704.7939130757004</ele>
				<time>2025-06-06T14:27:02Z</time>
			</trkpt>
			<trkpt lat="35.64194639845729" lon="-82.23273038648273">
				<ele>705.2539251046255</ele>
				<time>2025-06-06T14:27:04Z</time>
			</trkpt>
			<trkpt lat="35.64195069426072" lon="-82.23275588741988">
				<ele>704.733713622205</ele>
				<time>2025-06-06T14:27:05Z</time>
			</trkpt>
			<trkpt lat="35.641939723375046" lon="-82.23278870885181">
				<ele>707.3253167746589</ele>
				<time>2025-06-06T14:27:07Z</time>
			</trkpt>
			<trkpt lat="35.64193071543279" lon="-82.23281631614138">
				<ele>708.7302350625396</ele>
				<time>2025-06-06T14:27:09Z</time>
			</trkpt>
			<trkpt lat="35.64192669640905" lon="-82.23284454614468">
				<ele>708.639409202151</ele>
				<time>2025-06-06T14:27:11Z</time>
			</trkpt>
			<trkpt lat="35.64192313288674" lon="-82.23286996804323">
				<ele>708.5739659890532</ele>
				<time>2025-06-06T14:27:12Z</time>
			</trkpt>
			<trkpt lat="35.6419129885449" lon="-82.23291048749839">
				<ele>709.3589463233948</ele>
				<time>2025-06-06T14:27:14Z</time>
			</trkpt>
			<trkpt lat="35.64190647985382" lon="-82.23294017266998">
				<ele>710.2746264813468</ele>
				<time>2025-06-06T14:27:16Z</time>
			</trkpt>
			<trkpt lat="35.64190960017708" lon="-82.23296306052205">
				<ele>709.4192468216643</ele>
				<time>2025-06-06T14:27:17Z</time>
			</trkpt>
			<trkpt lat="35.64191917163088" lon="-82.23300037066203">
				<ele>710.0882491376251</ele>
				<time>2025-06-06T14:27:19Z</time>
			</trkpt>
			<trkpt lat="35.641925522471986" lon="-82.2330217687775">
				<ele>709.5754587138072</ele>
				<time>2025-06-06T14:27:20Z</time>
			</trkpt>
			<trkpt lat="35.641939082701924" lon="-82.2330533616578">
				<ele>710.2555822096765</ele>
				<time>2025-06-06T14:27:22Z</time>
			</trkpt>
			<trkpt lat="35.641950114086896" lon="-82.2330722659892">
				<ele>710.0723236100748</ele>
				<time>2025-06-06T14:27:23Z</time>
			</trkpt>
			<trkpt lat="35.64196585395956" lon="-82.23310140426564">
				<ele>711.2684924397618</ele>
				<time>2025-06-06T14:27:25Z</time>
			</trkpt>
			<trkpt lat="35.64198020501387" lon="-82.23313607740839">
				<ele>711.4644401520491</ele>
				<time>2025-06-06T14:27:27Z</time>
			</trkpt>
			<trkpt lat="35.6419926874015" lon="-82.23316351552563">
				<ele>712.3969215024263</ele>
				<time>2025-06-06T14:27:29Z</time>
			</trkpt>
			<trkpt lat="35.64201266464969" lon="-82.23320060520653">
				<ele>711.5921063860878</ele>
				<time>2025-06-06T14:27:31Z</time>
			</trkpt>
			<trkpt lat="35.64202728496591" lon="-82.23323016418679">
				<ele>710.1538311550394</ele>
				<time>2025-06-06T14:27:33Z</time>
			</trkpt>
			<trkpt lat="35.64202807155716" lon="-82.23326619262205">
				<ele>711.1232134718448</ele>
				<time>2025-06-06T14:27:35Z</time>
			</trkpt>
			<trkpt lat="35.64203265044036" lon="-82.23330352636803">
				<ele>711.906072746031</ele>
				<time>2025-06-06T14:27:37Z</time>
			</trkpt>
			<trkpt lat="35.64204198169895" lon="-82.2333339534075">
				<ele>713.1329276347533</ele>
				<time>2025-06-06T14:27:39Z</time>
			</trkpt>
			<trkpt lat="35.6420548580491" lon="-82.23335419495984">
				<ele>712.7600302156061</ele>
				<time>2025-06-06T14:27:40Z</time>
			</trkpt>
			<trkpt lat="35.642066603924036" lon="-82.2333828312029">
				<ele>713.8683608146384</ele>
				<time>2025-06-06T14:27:42Z</time>
			</trkpt>
			<trkpt lat="35.642074652163245" lon="-82.23340308309163">
				<ele>714.9126609787345</ele>
				<time>2025-06-06T14:27:44Z</time>
			</trkpt>
			<trkpt lat="35.64209207421302" lon="-82.23343301185166">
				<ele>714.844623063691</ele>
				<time>2025-06-06T14:27:46Z</time>
			</trkpt>
			<trkpt lat="35.64210822157648" lon="-82.23346771337017">
				<ele>715.644248412922</ele>
				<time>2025-06-06T14:27:48Z</time>
			</trkpt>
			<trkpt lat="35.642120120654596" lon="-82.23348460033064">
				<ele>714.9718990689144</ele>
				<time>2025-06-06T14:27:49Z</time>
			</trkpt>
			<trkpt lat="35.64213710629648" lon="-82.23350667150534">
				<ele>716.1300107268617</ele>
				<time>2025-06-06T14:27:51Z</time>
			</trkpt>
			<trkpt lat="35.64216908719436" lon="-82.23354138081696">
				<ele>715.0393165778369</ele>
				<time>2025-06-06T14:27:53Z</time>
			</trkpt>
			<trkpt lat="35.64217882420747" lon="-82.23356101917459">
				<ele>714.3257972793654</ele>
				<time>2025-06-06T14:27:54Z</time>
			</trkpt>
			<trkpt lat="35.642191559103196" lon="-82.23357808827274">
				<ele>714.8845972977579</ele>
				<time>2025-06-06T14:27:57Z</time>
			</trkpt>
			<trkpt lat="35.64219671268329" lon="-82.23360252407274">
				<ele>714.4844961445779</ele>
				<time>2025-06-06T14:28:00Z</time>
			</trkpt>
			<trkpt lat="35.64219647940694" lon="-82.23363063392479">
				<ele>714.2236733334139</ele>
				<time>2025-06-06T14:28:03Z</time>
			</trkpt>
			<trkpt lat="35.64218878634517" lon="-82.23365326045399">
				<ele>714.9319154378027</ele>
				<time>2025-06-06T14:28:05Z</time>
			</trkpt>
			<trkpt lat="35.64217694694851" lon="-82.23368505806376">
				<ele>716.6165070766583</ele>
				<time>2025-06-06T14:28:07Z</time>
			</trkpt>
			<trkpt lat="35.64216043833605" lon="-82.23370413287964">
				<ele>719.9786501647905</ele>
				<time>2025-06-06T14:28:09Z</time>
			</trkpt>
			<trkpt lat="35.64216059238916" lon="-82.23373377109367">
				<ele>719.5295236706734</ele>
				<time>2025-06-06T14:28:11Z</time>
			</trkpt>
			<trkpt lat="35.64216042050586" lon="-82.2337757463441">
				<ele>719.2223835708573</ele>
				<time>2025-06-06T14:28:13Z</time>
			</trkpt>
			<trkpt lat="35.642165173709444" lon="-82.23381618264278">
				<ele>717.7181976148859</ele>
				<time>2025-06-06T14:28:15Z</time>
			</trkpt>
			<trkpt lat="35.64215987336508" lon="-82.23385817854103">
				<ele>716.541373046115</ele>
				<time>2025-06-06T14:28:17Z</time>
			</trkpt>
			<trkpt lat="35.642154754304066" lon="-82.23388373998452">
				<ele>716.4002435896546</ele>
				<time>2025-06-06T14:28:18Z</time>
			</trkpt>
			<trkpt lat="35.64214869520266" lon="-82.23390890071104">
				<ele>716.4772744840011</ele>
				<time>2025-06-06T14:28:19Z</time>
			</trkpt>
			<trkpt lat="35.64214234015294" lon="-82.23394265682926">
				<ele>716.7449151929468</ele>
				<time>2025-06-06T14:28:21Z</time>
			</trkpt>
			<trkpt lat="35.64214755044493" lon="-82.23398452650991">
				<ele>715.5176120530814</ele>
				<time>2025-06-06T14:28:23Z</time>
			</trkpt>
			<trkpt lat="35.64214893172908" lon="-82.23402168129115">
				<ele>717.2330813901499</ele>
				<time>2025-06-06T14:28:25Z</time>
			</trkpt>
			<trkpt lat="35.642153711104726" lon="-82.2340446136576">
				<ele>715.9558344203979</ele>
				<time>2025-06-06T14:28:26Z</time>
			</trkpt>
			<trkpt lat="35.64216902957237" lon="-82.23408677909718">
				<ele>715.8865670217201</ele>
				<time>2025-06-06T14:28:28Z</time>
			</trkpt>
			<trkpt lat="35.64217494380418" lon="-82.23411450132464">
				<ele>715.7806288553402</ele>
				<time>2025-06-06T14:28:29Z</time>
			</trkpt>
			<trkpt lat="35.642178593046616" lon="-82.23413711423994">
				<ele>716.4957057675347</ele>
				<time>2025-06-06T14:28:30Z</time>
			</trkpt>
			<trkpt lat="35.64219248047715" lon="-82.2341526288171">
				<ele>715.2754353135824</ele>
				<time>2025-06-06T14:28:31Z</time>
			</trkpt>
			<trkpt lat="35.64220961813295" lon="-82.2341721887114">
				<ele>716.764371925965</ele>
				<time>2025-06-06T14:28:33Z</time>
			</trkpt>
			<trkpt lat="35.64221072500947" lon="-82.23420106319134">
				<ele>715.859572596848</ele>
				<time>2025-06-06T14:28:37Z</time>
			</trkpt>
			<trkpt lat="35.64219636856174" lon="-82.23423220677118">
				<ele>715.8655684869736</ele>
				<time>2025-06-06T14:28:39Z</time>
			</trkpt>
			<trkpt lat="35.642191141445316" lon="-82.23425356048563">
				<ele>715.7990511860698</ele>
				<time>2025-06-06T14:28:40Z</time>
			</trkpt>
			<trkpt lat="35.64218118755806" lon="-82.23428920020558">
				<ele>716.3886411543936</ele>
				<time>2025-06-06T14:28:42Z</time>
			</trkpt>
			<trkpt lat="35.6421836960475" lon="-82.2343192279151">
				<ele>716.546447516419</ele>
				<time>2025-06-06T14:28:44Z</time>
			</trkpt>
			<trkpt lat="35.642177632364614" lon="-82.23434910500843">
				<ele>720.0240089641884</ele>
				<time>2025-06-06T14:28:46Z</time>
			</trkpt>
			<trkpt lat="35.642184562614815" lon="-82.23437563482022">
				<ele>720.3116826489568</ele>
				<time>2025-06-06T14:28:48Z</time>
			</trkpt>
			<trkpt lat="35.64219292291337" lon="-82.23440709129419">
				<ele>719.7246421948075</ele>
				<time>2025-06-06T14:28:50Z</time>
			</trkpt>
			<trkpt lat="35.642195611612436" lon="-82.2344331645164">
				<ele>720.665566730313</ele>
				<time>2025-06-06T14:28:51Z</time>
			</trkpt>
			<trkpt lat="35.64220163924516" lon="-82.23446027293232">
				<ele>720.1959691094235</ele>
				<time>2025-06-06T14:28:52Z</time>
			</trkpt>
			<trkpt lat="35.64220727906577" lon="-82.23448422336195">
				<ele>720.3318828772753</ele>
				<time>2025-06-06T14:28:53Z</time>
			</trkpt>
			<trkpt lat="35.64221669727448" lon="-82.23452599551727">
				<ele>722.745575485751</ele>
				<time>2025-06-06T14:28:55Z</time>
			</trkpt>
			<trkpt lat="35.64223240625733" lon="-82.2345527001564">
				<ele>723.2558467797935</ele>
				<time>2025-06-06T14:28:56Z</time>
			</trkpt>
			<trkpt lat="35.642253220145676" lon="-82.23457005602772">
				<ele>722.5436857668683</ele>
				<time>2025-06-06T14:28:57Z</time>
			</trkpt>
			<trkpt lat="35.64227983458616" lon="-82.23457882845487">
				<ele>722.7368698436767</ele>
				<time>2025-06-06T14:28:59Z</time>
			</trkpt>
			<trkpt lat="35.6422949433712" lon="-82.23456144874542">
				<ele>723.4717260934412</ele>
				<time>2025-06-06T14:29:03Z</time>
			</trkpt>
			<trkpt lat="35.642306305206716" lon="-82.23453490746819">
				<ele>726.7401700802147</ele>
				<time>2025-06-06T14:29:07Z</time>
			</trkpt>
			<trkpt lat="35.642315712290355" lon="-82.2345037509996">
				<ele>727.8505037650466</ele>
				<time>2025-06-06T14:29:10Z</time>
			</trkpt>
			<trkpt lat="35.64232261052277" lon="-82.23448104190474">
				<ele>728.165508730337</ele>
				<time>2025-06-06T14:29:12Z</time>
			</trkpt>
			<trkpt lat="35.642327431589976" lon="-82.2344560325326">
				<ele>728.2140468843281</ele>
				<time>2025-06-06T14:29:14Z</time>
			</trkpt>
			<trkpt lat="35.64232928091596" lon="-82.23443281245905">
				<ele>729.2452970054001</ele>
				<time>2025-06-06T14:29:16Z</time>
			</trkpt>
			<trkpt lat="35.642348098869626" lon="-82.23440228947159">
				<ele>728.8293857751414</ele>
				<time>2025-06-06T14:29:18Z</time>
			</trkpt>
			<trkpt lat="35.64235545620361" lon="-82.23438098352685">
				<ele>728.7514324430376</ele>
				<time>2025-06-06T14:29:19Z</time>
			</trkpt>
			<trkpt lat="35.6423649351498" lon="-82.23434654339509">
				<ele>729.434398829937</ele>
				<time>2025-06-06T14:29:21Z</time>
			</trkpt>
			<trkpt lat="35.642375620374786" lon="-82.23430616485345">
				<ele>729.9002541657537</ele>
				<time>2025-06-06T14:29:23Z</time>
			</trkpt>
			<trkpt lat="35.64237083602676" lon="-82.23428374448383">
				<ele>729.4384902408347</ele>
				<time>2025-06-06T14:29:24Z</time>
			</trkpt>
			<trkpt lat="35.64235834037438" lon="-82.23425340541846">
				<ele>729.1990199526772</ele>
				<time>2025-06-06T14:29:25Z</time>
			</trkpt>
			<trkpt lat="35.64234130445992" lon="-82.23424367767633">
				<ele>729.3234572391957</ele>
				<time>2025-06-06T14:29:26Z</time>
			</trkpt>
			<trkpt lat="35.642331079865535" lon="-82.2342088567624">
				<ele>729.3671268569306</ele>
				<time>2025-06-06T14:29:27Z</time>
			</trkpt>
			<trkpt lat="35.64232772433357" lon="-82.23416472292854">
				<ele>729.6559124263003</ele>
				<time>2025-06-06T14:29:28Z</time>
			</trkpt>
			<trkpt lat="35.64231875634874" lon="-82.23411510783549">
				<ele>730.0242735696957</ele>
				<time>2025-06-06T14:29:29Z</time>
			</trkpt>
			<trkpt lat="35.642315783704134" lon="-82.23408748156155">
				<ele>732.3224543817341</ele>
				<time>2025-06-06T14:29:30Z</time>
			</trkpt>
			<trkpt lat="35.64233673043454" lon="-82.23405328466077">
				<ele>733.696437808685</ele>
				<time>2025-06-06T14:29:32Z</time>
			</trkpt>
			<trkpt lat="35.64236206385965" lon="-82.23401345433183">
				<ele>730.90386226587</ele>
				<time>2025-06-06T14:29:34Z</time>
			</trkpt>
			<trkpt lat="35.64236653699823" lon="-82.23398687553109">
				<ele>730.454104822129</ele>
				<time>2025-06-06T14:29:35Z</time>
			</trkpt>
			<trkpt lat="35.64236840951901" lon="-82.2339594170136">
				<ele>731.1156713506207</ele>
				<time>2025-06-06T14:29:36Z</time>
			</trkpt>
			<trkpt lat="35.642379288374705" lon="-82.23394019467304">
				<ele>728.993560211733</ele>
				<time>2025-06-06T14:29:37Z</time>
			</trkpt>
			<trkpt lat="35.642384797965654" lon="-82.23391495676118">
				<ele>729.0263831177726</ele>
				<time>2025-06-06T14:29:38Z</time>
			</trkpt>
			<trkpt lat="35.6423929944353" lon="-82.23388459177875">
				<ele>729.3390199774876</ele>
				<time>2025-06-06T14:29:39Z</time>
			</trkpt>
			<trkpt lat="35.642399744295766" lon="-82.23385879817641">
				<ele>729.7764054238796</ele>
				<time>2025-06-06T14:29:40Z</time>
			</trkpt>
			<trkpt lat="35.64240607001767" lon="-82.23383706072832">
				<ele>729.5090800821781</ele>
				<time>2025-06-06T14:29:41Z</time>
			</trkpt>
			<trkpt lat="35.642423398275916" lon="-82.23380821275802">
				<ele>729.1642761323601</ele>
				<time>2025-06-06T14:29:43Z</time>
			</trkpt>
			<trkpt lat="35.64243939079345" lon="-82.23377938257015">
				<ele>730.2817365573719</ele>
				<time>2025-06-06T14:29:45Z</time>
			</trkpt>
			<trkpt lat="35.642453392787814" lon="-82.23376302407898">
				<ele>731.0815219413489</ele>
				<time>2025-06-06T14:29:47Z</time>
			</trkpt>
			<trkpt lat="35.642478077633605" lon="-82.23375724913939">
				<ele>730.1073307413608</ele>
				<time>2025-06-06T14:29:49Z</time>
			</trkpt>
			<trkpt lat="35.642502428862485" lon="-82.23374741362677">
				<ele>731.0591667396948</ele>
				<time>2025-06-06T14:29:51Z</time>
			</trkpt>
			<trkpt lat="35.642540242490696" lon="-82.23374535265089">
				<ele>730.346395002678</ele>
				<time>2025-06-06T14:29:53Z</time>
			</trkpt>
			<trkpt lat="35.6425609928827" lon="-82.233743806802">
				<ele>730.1090894276276</ele>
				<time>2025-06-06T14:29:54Z</time>
			</trkpt>
			<trkpt lat="35.64257956074958" lon="-82.23374438810993">
				<ele>730.4826871883124</ele>
				<time>2025-06-06T14:29:55Z</time>
			</trkpt>
			<trkpt lat="35.64260060721903" lon="-82.23374285919895">
				<ele>731.28609080147</ele>
				<time>2025-06-06T14:29:56Z</time>
			</trkpt>
			<trkpt lat="35.64262034837045" lon="-82.23374649135837">
				<ele>730.8009227886796</ele>
				<time>2025-06-06T14:29:57Z</time>
			</trkpt>
			<trkpt lat="35.642649133271775" lon="-82.23374228095633">
				<ele>732.4548664893955</ele>
				<time>2025-06-06T14:29:59Z</time>
			</trkpt>
			<trkpt lat="35.64267024598765" lon="-82.23374678422348">
				<ele>731.3177581168711</ele>
				<time>2025-06-06T14:30:01Z</time>
			</trkpt>
			<trkpt lat="35.64269137435509" lon="-82.23375244703205">
				<ele>733.7321991445497</ele>
				<time>2025-06-06T14:30:03Z</time>
			</trkpt>
			<trkpt lat="35.642710683522075" lon="-82.23377781459304">
				<ele>731.795702832751</ele>
				<time>2025-06-06T14:30:05Z</time>
			</trkpt>
			<trkpt lat="35.64273762231221" lon="-82.2337868426418">
				<ele>732.3546693492681</ele>
				<time>2025-06-06T14:30:07Z</time>
			</trkpt>
			<trkpt lat="35.6427680853611" lon="-82.23381889493004">
				<ele>731.1535998107865</ele>
				<time>2025-06-06T14:30:09Z</time>
			</trkpt>
			<trkpt lat="35.642793169509005" lon="-82.23384251572134">
				<ele>730.4244799688458</ele>
				<time>2025-06-06T14:30:11Z</time>
			</trkpt>
			<trkpt lat="35.64281149927586" lon="-82.23386272982512">
				<ele>732.7774513550103</ele>
				<time>2025-06-06T14:30:13Z</time>
			</trkpt>
			<trkpt lat="35.642833659475386" lon="-82.23388636455">
				<ele>732.3974334252998</ele>
				<time>2025-06-06T14:30:15Z</time>
			</trkpt>
			<trkpt lat="35.64285420427501" lon="-82.23390012612542">
				<ele>733.773509467952</ele>
				<time>2025-06-06T14:30:17Z</time>
			</trkpt>
			<trkpt lat="35.64287027183456" lon="-82.23391403550148">
				<ele>732.4930903054774</ele>
				<time>2025-06-06T14:30:18Z</time>
			</trkpt>
			<trkpt lat="35.64289358482374" lon="-82.23393598992784">
				<ele>731.222483554855</ele>
				<time>2025-06-06T14:30:20Z</time>
			</trkpt>
			<trkpt lat="35.64291771972915" lon="-82.23395607303368">
				<ele>731.4886150555685</ele>
				<time>2025-06-06T14:30:22Z</time>
			</trkpt>
			<trkpt lat="35.642946851129366" lon="-82.23398589623963">
				<ele>731.7675415640697</ele>
				<time>2025-06-06T14:30:24Z</time>
			</trkpt>
			<trkpt lat="35.64296369990444" lon="-82.23400645436146">
				<ele>732.0072160726413</ele>
				<time>2025-06-06T14:30:25Z</time>
			</trkpt>
			<trkpt lat="35.642986866309556" lon="-82.23402921672849">
				<ele>733.2038110904396</ele>
				<time>2025-06-06T14:30:27Z</time>
			</trkpt>
			<trkpt lat="35.64299661305287" lon="-82.23405528732434">
				<ele>735.2878346918151</ele>
				<time>2025-06-06T14:30:29Z</time>
			</trkpt>
			<trkpt lat="35.64301328977099" lon="-82.23408545846385">
				<ele>734.9777261763811</ele>
				<time>2025-06-06T14:30:31Z</time>
			</trkpt>
			<trkpt lat="35.64302780205263" lon="-82.23411499389454">
				<ele>736.0775914601982</ele>
				<time>2025-06-06T14:30:33Z</time>
			</trkpt>
			<trkpt lat="35.64305586584857" lon="-82.23414237221937">
				<ele>735.4059554934502</ele>
				<time>2025-06-06T14:30:35Z</time>
			</trkpt>
			<trkpt lat="35.64308528606126" lon="-82.23415020672215">
				<ele>735.6408357862383</ele>
				<time>2025-06-06T14:30:37Z</time>
			</trkpt>
			<trkpt lat="35.643116413184444" lon="-82.23416284494903">
				<ele>736.4702860713005</ele>
				<time>2025-06-06T14:30:39Z</time>
			</trkpt>
			<trkpt lat="35.643132192193626" lon="-82.23417629716441">
				<ele>737.7642947454005</ele>
				<time>2025-06-06T14:30:40Z</time>
			</trkpt>
			<trkpt lat="35.64315876160011" lon="-82.23421302765678">
				<ele>738.0475336285308</ele>
				<time>2025-06-06T14:30:42Z</time>
			</trkpt>
			<trkpt lat="35.64317787763152" lon="-82.2341994619649">
				<ele>738.885225883685</ele>
				<time>2025-06-06T14:30:45Z</time>
			</trkpt>
			<trkpt lat="35.643144862372665" lon="-82.2341876679206">
				<ele>736.4694272689521</ele>
				<time>2025-06-06T14:30:55Z</time>
			</trkpt>
			<trkpt lat="35.64312509382923" lon="-82.23417180358524">
				<ele>736.5791142620146</ele>
				<time>2025-06-06T14:30:56Z</time>
			</trkpt>
			<trkpt lat="35.64309918855004" lon="-82.23414587614425">
				<ele>737.6869425699115</ele>
				<time>2025-06-06T14:30:58Z</time>
			</trkpt>
			<trkpt lat="35.64306833382039" lon="-82.23413208242172">
				<ele>738.1820141905919</ele>
				<time>2025-06-06T14:31:00Z</time>
			</trkpt>
			<trkpt lat="35.643050062232064" lon="-82.23411794714664">
				<ele>738.1623758031055</ele>
				<time>2025-06-06T14:31:03Z</time>
			</trkpt>
			<trkpt lat="35.6430267219449" lon="-82.23411158045137">
				<ele>738.3312336672097</ele>
				<time>2025-06-06T14:31:06Z</time>
			</trkpt>
			<trkpt lat="35.64300564571209" lon="-82.23410692433016">
				<ele>738.4644187185913</ele>
				<time>2025-06-06T14:31:08Z</time>
			</trkpt>
			<trkpt lat="35.642976370547174" lon="-82.23410188046566">
				<ele>738.5149692110717</ele>
				<time>2025-06-06T14:31:10Z</time>
			</trkpt>
			<trkpt lat="35.64295772767055" lon="-82.23409861014287">
				<ele>738.441537246108</ele>
				<time>2025-06-06T14:31:11Z</time>
			</trkpt>
			<trkpt lat="35.64294005055669" lon="-82.23409342796778">
				<ele>738.6733229169622</ele>
				<time>2025-06-06T14:31:12Z</time>
			</trkpt>
			<trkpt lat="35.64290484573607" lon="-82.23408586638992">
				<ele>739.3729670513421</ele>
				<time>2025-06-06T14:31:14Z</time>
			</trkpt>
			<trkpt lat="35.642883454085606" lon="-82.23408697968408">
				<ele>738.7611460732296</ele>
				<time>2025-06-06T14:31:15Z</time>
			</trkpt>
			<trkpt lat="35.64285604183526" lon="-82.23408830039003">
				<ele>738.1148835727945</ele>
				<time>2025-06-06T14:31:16Z</time>
			</trkpt>
			<trkpt lat="35.64283027342635" lon="-82.23409275243513">
				<ele>737.2493495969102</ele>
				<time>2025-06-06T14:31:17Z</time>
			</trkpt>
			<trkpt lat="35.64280772302742" lon="-82.2340991297006">
				<ele>737.2798970350996</ele>
				<time>2025-06-06T14:31:18Z</time>
			</trkpt>
			<trkpt lat="35.64278651921499" lon="-82.23410583555416">
				<ele>736.854132976383</ele>
				<time>2025-06-06T14:31:19Z</time>
			</trkpt>
			<trkpt lat="35.64275476041172" lon="-82.2341107802658">
				<ele>736.8123485576361</ele>
				<time>2025-06-06T14:31:21Z</time>
			</trkpt>
			<trkpt lat="35.64272912760115" lon="-82.23413344822224">
				<ele>735.8762895567343</ele>
				<time>2025-06-06T14:31:23Z</time>
			</trkpt>
			<trkpt lat="35.64270481992965" lon="-82.23415876683961">
				<ele>736.0784184429795</ele>
				<time>2025-06-06T14:31:25Z</time>
			</trkpt>
			<trkpt lat="35.64268935547238" lon="-82.23418090095095">
				<ele>733.9139960668981</ele>
				<time>2025-06-06T14:31:27Z</time>
			</trkpt>
			<trkpt lat="35.64267529397011" lon="-82.23419814937722">
				<ele>735.2176325619221</ele>
				<time>2025-06-06T14:31:29Z</time>
			</trkpt>
			<trkpt lat="35.642662991873394" lon="-82.2342168896086">
				<ele>736.0236798645929</ele>
				<time>2025-06-06T14:31:31Z</time>
			</trkpt>
			<trkpt lat="35.64264935921493" lon="-82.23424542207644">
				<ele>737.6722482824698</ele>
				<time>2025-06-06T14:31:34Z</time>
			</trkpt>
			<trkpt lat="35.64264124075146" lon="-82.23427000818533">
				<ele>739.12677399721</ele>
				<time>2025-06-06T14:31:36Z</time>
			</trkpt>
			<trkpt lat="35.642637815855075" lon="-82.2343051081373">
				<ele>739.1976362280548</ele>
				<time>2025-06-06T14:31:38Z</time>
			</trkpt>
			<trkpt lat="35.64263393678668" lon="-82.23433973013292">
				<ele>740.6266527269036</ele>
				<time>2025-06-06T14:31:40Z</time>
			</trkpt>
			<trkpt lat="35.64263404232082" lon="-82.23437516587612">
				<ele>740.1595333945006</ele>
				<time>2025-06-06T14:31:42Z</time>
			</trkpt>
			<trkpt lat="35.64263695576083" lon="-82.23441237257855">
				<ele>742.1963913692161</ele>
				<time>2025-06-06T14:31:44Z</time>
			</trkpt>
			<trkpt lat="35.64263734977011" lon="-82.23443491611049">
				<ele>741.6196002634242</ele>
				<time>2025-06-06T14:31:45Z</time>
			</trkpt>
			<trkpt lat="35.64264615697825" lon="-82.23447299482196">
				<ele>739.7871409943327</ele>
				<time>2025-06-06T14:31:47Z</time>
			</trkpt>
			<trkpt lat="35.6426472609474" lon="-82.23449563452841">
				<ele>741.048299940303</ele>
				<time>2025-06-06T14:31:49Z</time>
			</trkpt>
			<trkpt lat="35.64265751101774" lon="-82.2345305915759">
				<ele>741.6747754700482</ele>
				<time>2025-06-06T14:31:51Z</time>
			</trkpt>
			<trkpt lat="35.64266767879941" lon="-82.23456331709636">
				<ele>741.220762799494</ele>
				<time>2025-06-06T14:31:53Z</time>
			</trkpt>
			<trkpt lat="35.64267595502513" lon="-82.23460222167309">
				<ele>741.4245443819091</ele>
				<time>2025-06-06T14:31:55Z</time>
			</trkpt>
			<trkpt lat="35.642677003535354" lon="-82.23462492046754">
				<ele>741.7878316016868</ele>
				<time>2025-06-06T14:31:56Z</time>
			</trkpt>
			<trkpt lat="35.64267677314221" lon="-82.2346584809514">
				<ele>743.0647413544357</ele>
				<time>2025-06-06T14:31:58Z</time>
			</trkpt>
			<trkpt lat="35.64268801474952" lon="-82.23469255446302">
				<ele>743.4566251290962</ele>
				<time>2025-06-06T14:32:00Z</time>
			</trkpt>
			<trkpt lat="35.642703589288836" lon="-82.23471270818851">
				<ele>742.455401093699</ele>
				<time>2025-06-06T14:32:02Z</time>
			</trkpt>
			<trkpt lat="35.64270778601672" lon="-82.23474867093934">
				<ele>744.7715784143656</ele>
				<time>2025-06-06T14:32:07Z</time>
			</trkpt>
			<trkpt lat="35.64271234006328" lon="-82.23478202787462">
				<ele>744.3662151293829</ele>
				<time>2025-06-06T14:32:09Z</time>
			</trkpt>
			<trkpt lat="35.64271925842391" lon="-82.23481044986401">
				<ele>744.1657567555085</ele>
				<time>2025-06-06T14:32:11Z</time>
			</trkpt>
			<trkpt lat="35.64271811643865" lon="-82.23483728202773">
				<ele>745.1118443449959</ele>
				<time>2025-06-06T14:32:13Z</time>
			</trkpt>
			<trkpt lat="35.64271268604449" lon="-82.23488791907553">
				<ele>746.4637288218364</ele>
				<time>2025-06-06T14:32:15Z</time>
			</trkpt>
			<trkpt lat="35.642713764150805" lon="-82.23492001876215">
				<ele>746.6137139108032</ele>
				<time>2025-06-06T14:32:16Z</time>
			</trkpt>
			<trkpt lat="35.642723320269454" lon="-82.2349494306474">
				<ele>746.9693973101676</ele>
				<time>2025-06-06T14:32:17Z</time>
			</trkpt>
			<trkpt lat="35.64273942092283" lon="-82.2349699328082">
				<ele>747.9214899772778</ele>
				<time>2025-06-06T14:32:18Z</time>
			</trkpt>
			<trkpt lat="35.64275187693346" lon="-82.23498706720214">
				<ele>748.738443707116</ele>
				<time>2025-06-06T14:32:19Z</time>
			</trkpt>
			<trkpt lat="35.64277575370238" lon="-82.23499435435254">
				<ele>747.875189607963</ele>
				<time>2025-06-06T14:32:21Z</time>
			</trkpt>
			<trkpt lat="35.64279621848661" lon="-82.23498438731338">
				<ele>749.7464993931353</ele>
				<time>2025-06-06T14:32:24Z</time>
			</trkpt>
			<trkpt lat="35.64281960397987" lon="-82.23497944826549">
				<ele>747.9177092732862</ele>
				<time>2025-06-06T14:32:26Z</time>
			</trkpt>
			<trkpt lat="35.642831182783105" lon="-82.2349537930478">
				<ele>750.8153678709641</ele>
				<time>2025-06-06T14:32:30Z</time>
			</trkpt>
			<trkpt lat="35.64284564343201" lon="-82.23492294171483">
				<ele>750.9677389664575</ele>
				<time>2025-06-06T14:32:32Z</time>
			</trkpt>
			<trkpt lat="35.642848129810005" lon="-82.23488968965279">
				<ele>751.6902839401737</ele>
				<time>2025-06-06T14:32:34Z</time>
			</trkpt>
			<trkpt lat="35.64285428738189" lon="-82.23485896797271">
				<ele>753.2394599067047</ele>
				<time>2025-06-06T14:32:37Z</time>
			</trkpt>
			<trkpt lat="35.64286532065255" lon="-82.23483935666886">
				<ele>753.738997804001</ele>
				<time>2025-06-06T14:32:38Z</time>
			</trkpt>
			<trkpt lat="35.64289004498545" lon="-82.23480212990279">
				<ele>752.714603764005</ele>
				<time>2025-06-06T14:32:40Z</time>
			</trkpt>
			<trkpt lat="35.642902684340086" lon="-82.23478060837851">
				<ele>754.0876983199269</ele>
				<time>2025-06-06T14:32:41Z</time>
			</trkpt>
			<trkpt lat="35.64291512104217" lon="-82.23476400707277">
				<ele>753.8255972461775</ele>
				<time>2025-06-06T14:32:42Z</time>
			</trkpt>
			<trkpt lat="35.64293654389687" lon="-82.23472408524692">
				<ele>754.4478967376053</ele>
				<time>2025-06-06T14:32:44Z</time>
			</trkpt>
			<trkpt lat="35.64294902337927" lon="-82.2346982722947">
				<ele>753.1812757877633</ele>
				<time>2025-06-06T14:32:46Z</time>
			</trkpt>
			<trkpt lat="35.64296105659872" lon="-82.2346779641252">
				<ele>753.523873925209</ele>
				<time>2025-06-06T14:32:49Z</time>
			</trkpt>
			<trkpt lat="35.64298759477216" lon="-82.23466334327537">
				<ele>754.6037869201973</ele>
				<time>2025-06-06T14:32:51Z</time>
			</trkpt>
			<trkpt lat="35.64300733910031" lon="-82.23465983613995">
				<ele>752.8056563986465</ele>
				<time>2025-06-06T14:32:53Z</time>
			</trkpt>
			<trkpt lat="35.643030760141535" lon="-82.23465484254687">
				<ele>755.3263210598379</ele>
				<time>2025-06-06T14:32:56Z</time>
			</trkpt>
			<trkpt lat="35.64305286556157" lon="-82.2346582068533">
				<ele>756.3691493635997</ele>
				<time>2025-06-06T14:32:58Z</time>
			</trkpt>
			<trkpt lat="35.64308256188202" lon="-82.234664249668">
				<ele>755.8702836893499</ele>
				<time>2025-06-06T14:33:00Z</time>
			</trkpt>
			<trkpt lat="35.643111016119434" lon="-82.23466627439736">
				<ele>756.2059160526842</ele>
				<time>2025-06-06T14:33:02Z</time>
			</trkpt>
			<trkpt lat="35.64313949669664" lon="-82.234685849251">
				<ele>755.0112926848233</ele>
				<time>2025-06-06T14:33:04Z</time>
			</trkpt>
			<trkpt lat="35.64317318333875" lon="-82.234685468629">
				<ele>757.1754515329376</ele>
				<time>2025-06-06T14:33:06Z</time>
			</trkpt>
			<trkpt lat="35.64320222630407" lon="-82.23469139286655">
				<ele>755.6633440945297</ele>
				<time>2025-06-06T14:33:07Z</time>
			</trkpt>
			<trkpt lat="35.64322856834709" lon="-82.23469735628515">
				<ele>755.0071089435369</ele>
				<time>2025-06-06T14:33:08Z</time>
			</trkpt>
			<trkpt lat="35.6432493753236" lon="-82.23469914219638">
				<ele>754.5579352397472</ele>
				<time>2025-06-06T14:33:09Z</time>
			</trkpt>
			<trkpt lat="35.643270065970064" lon="-82.23469998965089">
				<ele>753.1406210875139</ele>
				<time>2025-06-06T14:33:10Z</time>
			</trkpt>
			<trkpt lat="35.643293661524524" lon="-82.2347065083249">
				<ele>753.6434884853661</ele>
				<time>2025-06-06T14:33:11Z</time>
			</trkpt>
			<trkpt lat="35.64332209555856" lon="-82.23470633198878">
				<ele>754.1664809053764</ele>
				<time>2025-06-06T14:33:13Z</time>
			</trkpt>
			<trkpt lat="35.64334242028144" lon="-82.2347198194253">
				<ele>753.2281378963962</ele>
				<time>2025-06-06T14:33:14Z</time>
			</trkpt>
			<trkpt lat="35.64337135770794" lon="-82.23472792921957">
				<ele>757.6555459713563</ele>
				<time>2025-06-06T14:33:16Z</time>
			</trkpt>
			<trkpt lat="35.643402866459354" lon="-82.23475741997117">
				<ele>758.2211856013164</ele>
				<time>2025-06-06T14:33:18Z</time>
			</trkpt>
			<trkpt lat="35.64341804454511" lon="-82.23477153039141">
				<ele>758.102102660574</ele>
				<time>2025-06-06T14:33:19Z</time>
			</trkpt>
			<trkpt lat="35.64343293640387" lon="-82.23478864809705">
				<ele>757.6975390808657</ele>
				<time>2025-06-06T14:33:20Z</time>
			</trkpt>
			<trkpt lat="35.64345233426044" lon="-82.23480579290232">
				<ele>757.8216272806749</ele>
				<time>2025-06-06T14:33:21Z</time>
			</trkpt>
			<trkpt lat="35.6434816724863" lon="-82.23483796982903">
				<ele>758.5047639990225</ele>
				<time>2025-06-06T14:33:23Z</time>
			</trkpt>
			<trkpt lat="35.643496406069865" lon="-82.23485196967192">
				<ele>759.2607642998919</ele>
				<time>2025-06-06T14:33:26Z</time>
			</trkpt>
			<trkpt lat="35.64349211518422" lon="-82.23487609646251">
				<ele>755.7602758985013</ele>
				<time>2025-06-06T14:33:29Z</time>
			</trkpt>
			<trkpt lat="35.64347565056674" lon="-82.23485473341654">
				<ele>754.7308069104329</ele>
				<time>2025-06-06T14:33:36Z</time>
			</trkpt>
			<trkpt lat="35.64345952300001" lon="-82.23484423812002">
				<ele>754.8330941265449</ele>
				<time>2025-06-06T14:33:38Z</time>
			</trkpt>
			<trkpt lat="35.643443782977016" lon="-82.2348268882808">
				<ele>755.8274157689884</ele>
				<time>2025-06-06T14:33:40Z</time>
			</trkpt>
			<trkpt lat="35.643427943130206" lon="-82.23480298235383">
				<ele>757.3354231864214</ele>
				<time>2025-06-06T14:33:42Z</time>
			</trkpt>
			<trkpt lat="35.6434074731375" lon="-82.23479132307875">
				<ele>756.6009355597198</ele>
				<time>2025-06-06T14:33:44Z</time>
			</trkpt>
			<trkpt lat="35.6433916764828" lon="-82.2347800912975">
				<ele>756.9716652007774</ele>
				<time>2025-06-06T14:33:46Z</time>
			</trkpt>
			<trkpt lat="35.6433701763893" lon="-82.23477524822233">
				<ele>757.4807866588235</ele>
				<time>2025-06-06T14:33:48Z</time>
			</trkpt>
			<trkpt lat="35.64334452846678" lon="-82.23476923995196">
				<ele>756.3720833435655</ele>
				<time>2025-06-06T14:33:49Z</time>
			</trkpt>
			<trkpt lat="35.643313600687065" lon="-82.23476450939329">
				<ele>755.957516187802</ele>
				<time>2025-06-06T14:33:50Z</time>
			</trkpt>
			<trkpt lat="35.64329092801463" lon="-82.23476400450558">
				<ele>755.1668326817453</ele>
				<time>2025-06-06T14:33:51Z</time>
			</trkpt>
			<trkpt lat="35.643268907875765" lon="-82.23475938961025">
				<ele>756.969667234458</ele>
				<time>2025-06-06T14:33:52Z</time>
			</trkpt>
			<trkpt lat="35.64324686725712" lon="-82.23475497356324">
				<ele>759.8235259251669</ele>
				<time>2025-06-06T14:33:54Z</time>
			</trkpt>
			<trkpt lat="35.643225236582545" lon="-82.23476544621379">
				<ele>759.9309056466445</ele>
				<time>2025-06-06T14:33:56Z</time>
			</trkpt>
			<trkpt lat="35.64319446343394" lon="-82.23477761950426">
				<ele>759.6660343399271</ele>
				<time>2025-06-06T14:33:58Z</time>
			</trkpt>
			<trkpt lat="35.64317414600722" lon="-82.2347889822203">
				<ele>759.9412684282288</ele>
				<time>2025-06-06T14:33:59Z</time>
			</trkpt>
			<trkpt lat="35.64315888236294" lon="-82.23480082863198">
				<ele>759.2229975732043</ele>
				<time>2025-06-06T14:34:00Z</time>
			</trkpt>
			<trkpt lat="35.6431264563046" lon="-82.2348217281926">
				<ele>759.4015361489728</ele>
				<time>2025-06-06T14:34:02Z</time>
			</trkpt>
			<trkpt lat="35.643099368573964" lon="-82.23484071820288">
				<ele>758.0870118131861</ele>
				<time>2025-06-06T14:34:04Z</time>
			</trkpt>
			<trkpt lat="35.643078144474494" lon="-82.23486141307067">
				<ele>757.8961452906951</ele>
				<time>2025-06-06T14:34:06Z</time>
			</trkpt>
			<trkpt lat="35.64306245078019" lon="-82.23488988556643">
				<ele>757.3108800286427</ele>
				<time>2025-06-06T14:34:08Z</time>
			</trkpt>
			<trkpt lat="35.64304929297274" lon="-82.23492799632365">
				<ele>758.6974989408627</ele>
				<time>2025-06-06T14:34:10Z</time>
			</trkpt>
			<trkpt lat="35.643049277890846" lon="-82.23496104911223">
				<ele>759.696459676139</ele>
				<time>2025-06-06T14:34:12Z</time>
			</trkpt>
			<trkpt lat="35.64305642685613" lon="-82.23498226924866">
				<ele>759.2556152008474</ele>
				<time>2025-06-06T14:34:14Z</time>
			</trkpt>
			<trkpt lat="35.64305235144957" lon="-82.2350099658571">
				<ele>759.7893708897755</ele>
				<time>2025-06-06T14:34:16Z</time>
			</trkpt>
			<trkpt lat="35.64304327903328" lon="-82.2350419409025">
				<ele>761.0989869600162</ele>
				<time>2025-06-06T14:34:18Z</time>
			</trkpt>
			<trkpt lat="35.64304072952769" lon="-82.23506766714506">
				<ele>761.1803295360878</ele>
				<time>2025-06-06T14:34:19Z</time>
			</trkpt>
			<trkpt lat="35.643041241866044" lon="-82.23509203531799">
				<ele>760.1962857022882</ele>
				<time>2025-06-06T14:34:20Z</time>
			</trkpt>
			<trkpt lat="35.643041205873836" lon="-82.2351175033296">
				<ele>760.3031339291483</ele>
				<time>2025-06-06T14:34:21Z</time>
			</trkpt>
			<trkpt lat="35.64303846759514" lon="-82.2351471179315">
				<ele>760.2830144735053</ele>
				<time>2025-06-06T14:34:22Z</time>
			</trkpt>
			<trkpt lat="35.64303229243778" lon="-82.23518619473587">
				<ele>759.7156707402319</ele>
				<time>2025-06-06T14:34:23Z</time>
			</trkpt>
			<trkpt lat="35.643024654183556" lon="-82.23521014710244">
				<ele>759.5605294173583</ele>
				<time>2025-06-06T14:34:24Z</time>
			</trkpt>
			<trkpt lat="35.6430116462525" lon="-82.23523670704652">
				<ele>760.0102441627532</ele>
				<time>2025-06-06T14:34:25Z</time>
			</trkpt>
			<trkpt lat="35.6430082207283" lon="-82.23526857801899">
				<ele>758.9043804192916</ele>
				<time>2025-06-06T14:34:26Z</time>
			</trkpt>
			<trkpt lat="35.643002795583484" lon="-82.23529883549267">
				<ele>758.7235849294811</ele>
				<time>2025-06-06T14:34:27Z</time>
			</trkpt>
			<trkpt lat="35.643000622921576" lon="-82.23532225592696">
				<ele>758.4632036332041</ele>
				<time>2025-06-06T14:34:28Z</time>
			</trkpt>
			<trkpt lat="35.642998466289626" lon="-82.23534445014715">
				<ele>758.7994582569227</ele>
				<time>2025-06-06T14:34:29Z</time>
			</trkpt>
			<trkpt lat="35.64299542687325" lon="-82.23537929651388">
				<ele>757.8678655363619</ele>
				<time>2025-06-06T14:34:31Z</time>
			</trkpt>
			<trkpt lat="35.642993371816395" lon="-82.2354026266896">
				<ele>758.7389054028317</ele>
				<time>2025-06-06T14:34:32Z</time>
			</trkpt>
			<trkpt lat="35.64299434857491" lon="-82.23542559909907">
				<ele>757.8994936570525</ele>
				<time>2025-06-06T14:34:33Z</time>
			</trkpt>
			<trkpt lat="35.64299920264672" lon="-82.23544861442156">
				<ele>757.2246206849813</ele>
				<time>2025-06-06T14:34:34Z</time>
			</trkpt>
			<trkpt lat="35.643019776945856" lon="-82.23549690189819">
				<ele>758.3777466537431</ele>
				<time>2025-06-06T14:34:36Z</time>
			</trkpt>
			<trkpt lat="35.64303170346056" lon="-82.2355368367477">
				<ele>761.0424884669483</ele>
				<time>2025-06-06T14:34:38Z</time>
			</trkpt>
			<trkpt lat="35.64303846330483" lon="-82.23557844268802">
				<ele>764.9195978688076</ele>
				<time>2025-06-06T14:34:40Z</time>
			</trkpt>
			<trkpt lat="35.643044229534596" lon="-82.23560247422556">
				<ele>764.4058044319972</ele>
				<time>2025-06-06T14:34:41Z</time>
			</trkpt>
			<trkpt lat="35.64305064159683" lon="-82.23562357735975">
				<ele>764.2327010389417</ele>
				<time>2025-06-06T14:34:42Z</time>
			</trkpt>
			<trkpt lat="35.64306801418265" lon="-82.23561749556676">
				<ele>765.0712813660502</ele>
				<time>2025-06-06T14:34:48Z</time>
			</trkpt>
			<trkpt lat="35.64308572568524" lon="-82.23560070070842">
				<ele>765.0472618043423</ele>
				<time>2025-06-06T14:34:51Z</time>
			</trkpt>
			<trkpt lat="35.64310250243202" lon="-82.23558197063603">
				<ele>765.2085074400529</ele>
				<time>2025-06-06T14:34:53Z</time>
			</trkpt>
			<trkpt lat="35.6431182576733" lon="-82.23555122376868">
				<ele>764.7637366401032</ele>
				<time>2025-06-06T14:34:55Z</time>
			</trkpt>
			<trkpt lat="35.643124909521525" lon="-82.2355161770884">
				<ele>766.4442458925769</ele>
				<time>2025-06-06T14:34:57Z</time>
			</trkpt>
			<trkpt lat="35.643137954385956" lon="-82.23548880547413">
				<ele>767.2723354957998</ele>
				<time>2025-06-06T14:34:59Z</time>
			</trkpt>
			<trkpt lat="35.643147705330044" lon="-82.23545505513108">
				<ele>769.8103052442893</ele>
				<time>2025-06-06T14:35:01Z</time>
			</trkpt>
			<trkpt lat="35.643165180919" lon="-82.23543262734631">
				<ele>771.2926808865741</ele>
				<time>2025-06-06T14:35:04Z</time>
			</trkpt>
			<trkpt lat="35.643171708796054" lon="-82.23540541892909">
				<ele>772.8001112407073</ele>
				<time>2025-06-06T14:35:07Z</time>
			</trkpt>
			<trkpt lat="35.6431839187196" lon="-82.23538760550248">
				<ele>772.9125667456537</ele>
				<time>2025-06-06T14:35:08Z</time>
			</trkpt>
			<trkpt lat="35.64319873151373" lon="-82.23535863773705">
				<ele>774.2333990056068</ele>
				<time>2025-06-06T14:35:10Z</time>
			</trkpt>
			<trkpt lat="35.64321227953915" lon="-82.23533274029334">
				<ele>774.9854058586061</ele>
				<time>2025-06-06T14:35:12Z</time>
			</trkpt>
			<trkpt lat="35.64322707113272" lon="-82.23530286254395">
				<ele>775.1988052111119</ele>
				<time>2025-06-06T14:35:15Z</time>
			</trkpt>
			<trkpt lat="35.64323954381888" lon="-82.23527461064604">
				<ele>775.4229409107938</ele>
				<time>2025-06-06T14:35:17Z</time>
			</trkpt>
			<trkpt lat="35.64325814670663" lon="-82.23525378209546">
				<ele>774.1386951962486</ele>
				<time>2025-06-06T14:35:19Z</time>
			</trkpt>
			<trkpt lat="35.643280963789586" lon="-82.23523510857035">
				<ele>774.152724346146</ele>
				<time>2025-06-06T14:35:21Z</time>
			</trkpt>
			<trkpt lat="35.64331678825274" lon="-82.2352222667556">
				<ele>774.1789930621162</ele>
				<time>2025-06-06T14:35:23Z</time>
			</trkpt>
			<trkpt lat="35.64334375638082" lon="-82.23520963343223">
				<ele>773.4234922397882</ele>
				<time>2025-06-06T14:35:25Z</time>
			</trkpt>
			<trkpt lat="35.643364414821875" lon="-82.23521627376248">
				<ele>772.6102989725769</ele>
				<time>2025-06-06T14:35:27Z</time>
			</trkpt>
			<trkpt lat="35.6433845940493" lon="-82.23523634881575">
				<ele>771.8539627334103</ele>
				<time>2025-06-06T14:35:29Z</time>
			</trkpt>
			<trkpt lat="35.64338987872914" lon="-82.23525990240557">
				<ele>771.8212811164558</ele>
				<time>2025-06-06T14:35:30Z</time>
			</trkpt>
			<trkpt lat="35.64338968522719" lon="-82.23529375658904">
				<ele>771.5111287496984</ele>
				<time>2025-06-06T14:35:31Z</time>
			</trkpt>
			<trkpt lat="35.643388198356575" lon="-82.23533569946741">
				<ele>771.929151000455</ele>
				<time>2025-06-06T14:35:32Z</time>
			</trkpt>
			<trkpt lat="35.643392731266864" lon="-82.23538154351786">
				<ele>771.3163349991664</ele>
				<time>2025-06-06T14:35:33Z</time>
			</trkpt>
			<trkpt lat="35.64339474429521" lon="-82.23541339643505">
				<ele>772.7616563374177</ele>
				<time>2025-06-06T14:35:34Z</time>
			</trkpt>
			<trkpt lat="35.643397516374705" lon="-82.23543977370878">
				<ele>773.5144312363118</ele>
				<time>2025-06-06T14:35:35Z</time>
			</trkpt>
			<trkpt lat="35.64340138267173" lon="-82.23547754124947">
				<ele>772.8293110448867</ele>
				<time>2025-06-06T14:35:37Z</time>
			</trkpt>
			<trkpt lat="35.64340205548316" lon="-82.23550184637412">
				<ele>770.8859987454489</ele>
				<time>2025-06-06T14:35:38Z</time>
			</trkpt>
			<trkpt lat="35.643406643349245" lon="-82.2355445443603">
				<ele>771.0029907096177</ele>
				<time>2025-06-06T14:35:40Z</time>
			</trkpt>
			<trkpt lat="35.64340256559954" lon="-82.23557434951569">
				<ele>771.6054321974516</ele>
				<time>2025-06-06T14:35:42Z</time>
			</trkpt>
			<trkpt lat="35.643391480089086" lon="-82.23560740118876">
				<ele>771.7049027802423</ele>
				<time>2025-06-06T14:35:44Z</time>
			</trkpt>
			<trkpt lat="35.64336849818443" lon="-82.23563617691548">
				<ele>770.1114340098575</ele>
				<time>2025-06-06T14:35:46Z</time>
			</trkpt>
			<trkpt lat="35.643346624436646" lon="-82.23565489298201">
				<ele>770.9074210170656</ele>
				<time>2025-06-06T14:35:48Z</time>
			</trkpt>
			<trkpt lat="35.64331870706548" lon="-82.23566961258292">
				<ele>772.2341662151739</ele>
				<time>2025-06-06T14:35:50Z</time>
			</trkpt>
			<trkpt lat="35.6432950878666" lon="-82.23568620897959">
				<ele>772.0104360552505</ele>
				<time>2025-06-06T14:35:51Z</time>
			</trkpt>
			<trkpt lat="35.643249683093934" lon="-82.23569507949406">
				<ele>770.9654906382784</ele>
				<time>2025-06-06T14:35:52Z</time>
			</trkpt>
			<trkpt lat="35.64321235372816" lon="-82.23571038445556">
				<ele>770.3026132006198</ele>
				<time>2025-06-06T14:35:53Z</time>
			</trkpt>
			<trkpt lat="35.64318830269162" lon="-82.23575051424783">
				<ele>769.9394602878019</ele>
				<time>2025-06-06T14:35:54Z</time>
			</trkpt>
			<trkpt lat="35.64316359834599" lon="-82.23580583745247">
				<ele>771.0943491747603</ele>
				<time>2025-06-06T14:35:55Z</time>
			</trkpt>
			<trkpt lat="35.64316193737505" lon="-82.23583227190998">
				<ele>771.0007446110249</ele>
				<time>2025-06-06T14:35:56Z</time>
			</trkpt>
			<trkpt lat="35.64315191519429" lon="-82.2358835588494">
				<ele>771.5051809176803</ele>
				<time>2025-06-06T14:35:57Z</time>
			</trkpt>
			<trkpt lat="35.64314210507242" lon="-82.23590494491557">
				<ele>771.0036773411557</ele>
				<time>2025-06-06T14:35:58Z</time>
			</trkpt>
			<trkpt lat="35.643120982048096" lon="-82.23594995297842">
				<ele>770.8466902878135</ele>
				<time>2025-06-06T14:35:59Z</time>
			</trkpt>
			<trkpt lat="35.64309479976247" lon="-82.23601121866145">
				<ele>769.4238755544648</ele>
				<time>2025-06-06T14:36:01Z</time>
			</trkpt>
			<trkpt lat="35.64308720863904" lon="-82.2360575514488">
				<ele>769.4932169187814</ele>
				<time>2025-06-06T14:36:03Z</time>
			</trkpt>
			<trkpt lat="35.643085688902914" lon="-82.2360816601408">
				<ele>768.9108255608007</ele>
				<time>2025-06-06T14:36:04Z</time>
			</trkpt>
			<trkpt lat="35.64308126129409" lon="-82.2361110216276">
				<ele>768.5446270126849</ele>
				<time>2025-06-06T14:36:05Z</time>
			</trkpt>
			<trkpt lat="35.64307246788631" lon="-82.23613971198715">
				<ele>768.1446850942448</ele>
				<time>2025-06-06T14:36:06Z</time>
			</trkpt>
			<trkpt lat="35.64305982866439" lon="-82.2361730156709">
				<ele>768.1602542968467</ele>
				<time>2025-06-06T14:36:07Z</time>
			</trkpt>
			<trkpt lat="35.64304867283721" lon="-82.23619396764882">
				<ele>767.8512365175411</ele>
				<time>2025-06-06T14:36:08Z</time>
			</trkpt>
			<trkpt lat="35.64302621764583" lon="-82.23622562566918">
				<ele>768.9090611077845</ele>
				<time>2025-06-06T14:36:09Z</time>
			</trkpt>
			<trkpt lat="35.64300451877963" lon="-82.23626734838197">
				<ele>767.3262461926788</ele>
				<time>2025-06-06T14:36:11Z</time>
			</trkpt>
			<trkpt lat="35.6429815160056" lon="-82.23629996767828">
				<ele>768.3621560260653</ele>
				<time>2025-06-06T14:36:12Z</time>
			</trkpt>
			<trkpt lat="35.64296597493491" lon="-82.2363420470364">
				<ele>767.7377843083814</ele>
				<time>2025-06-06T14:36:13Z</time>
			</trkpt>
			<trkpt lat="35.64294411005121" lon="-82.23637168320161">
				<ele>769.7236808426678</ele>
				<time>2025-06-06T14:36:14Z</time>
			</trkpt>
			<trkpt lat="35.642926818061234" lon="-82.23639235197189">
				<ele>768.7902674088255</ele>
				<time>2025-06-06T14:36:15Z</time>
			</trkpt>
			<trkpt lat="35.642917678328615" lon="-82.23641276974452">
				<ele>769.4740090789273</ele>
				<time>2025-06-06T14:36:16Z</time>
			</trkpt>
			<trkpt lat="35.64291682783013" lon="-82.23643760791684">
				<ele>769.1099935919046</ele>
				<time>2025-06-06T14:36:17Z</time>
			</trkpt>
			<trkpt lat="35.64291357303533" lon="-82.23646521723715">
				<ele>769.1098594386131</ele>
				<time>2025-06-06T14:36:18Z</time>
			</trkpt>
			<trkpt lat="35.642907846433765" lon="-82.2364925810017">
				<ele>768.6502699693665</ele>
				<time>2025-06-06T14:36:19Z</time>
			</trkpt>
			<trkpt lat="35.64290177496691" lon="-82.23652540086036">
				<ele>768.9340850226581</ele>
				<time>2025-06-06T14:36:20Z</time>
			</trkpt>
			<trkpt lat="35.64289974004866" lon="-82.23656444970486">
				<ele>767.9400742109865</ele>
				<time>2025-06-06T14:36:21Z</time>
			</trkpt>
			<trkpt lat="35.64289787976856" lon="-82.23659265129596">
				<ele>767.9122030502185</ele>
				<time>2025-06-06T14:36:22Z</time>
			</trkpt>
			<trkpt lat="35.64289265037418" lon="-82.23661747485207">
				<ele>769.799089314416</ele>
				<time>2025-06-06T14:36:23Z</time>
			</trkpt>
			<trkpt lat="35.642891296625976" lon="-82.2366408386812">
				<ele>769.9461461668834</ele>
				<time>2025-06-06T14:36:24Z</time>
			</trkpt>
			<trkpt lat="35.642890662273295" lon="-82.23666800856454">
				<ele>770.4709621723741</ele>
				<time>2025-06-06T14:36:25Z</time>
			</trkpt>
			<trkpt lat="35.64289783456232" lon="-82.23669722089181">
				<ele>769.169696235098</ele>
				<time>2025-06-06T14:36:26Z</time>
			</trkpt>
			<trkpt lat="35.64290122145221" lon="-82.23675522183727">
				<ele>770.2287650136277</ele>
				<time>2025-06-06T14:36:28Z</time>
			</trkpt>
			<trkpt lat="35.6429018442012" lon="-82.23678380599118">
				<ele>770.5399869894609</ele>
				<time>2025-06-06T14:36:29Z</time>
			</trkpt>
			<trkpt lat="35.642902337960905" lon="-82.23681103563425">
				<ele>770.3828168334439</ele>
				<time>2025-06-06T14:36:30Z</time>
			</trkpt>
			<trkpt lat="35.642903575757586" lon="-82.23684019903808">
				<ele>770.5215861722827</ele>
				<time>2025-06-06T14:36:31Z</time>
			</trkpt>
			<trkpt lat="35.642910470835275" lon="-82.23686670057825">
				<ele>770.3912253389135</ele>
				<time>2025-06-06T14:36:32Z</time>
			</trkpt>
			<trkpt lat="35.642919214061216" lon="-82.23689367769077">
				<ele>770.3328455556184</ele>
				<time>2025-06-06T14:36:33Z</time>
			</trkpt>
			<trkpt lat="35.64292440659254" lon="-82.23691952617932">
				<ele>770.4541603699327</ele>
				<time>2025-06-06T14:36:34Z</time>
			</trkpt>
			<trkpt lat="35.6429306130393" lon="-82.23695337983199">
				<ele>769.8959322189912</ele>
				<time>2025-06-06T14:36:36Z</time>
			</trkpt>
			<trkpt lat="35.64293486901817" lon="-82.23698045992377">
				<ele>769.1892541609704</ele>
				<time>2025-06-06T14:36:39Z</time>
			</trkpt>
			<trkpt lat="35.642938304792416" lon="-82.23700384393378">
				<ele>768.2708813780919</ele>
				<time>2025-06-06T14:36:42Z</time>
			</trkpt>
			<trkpt lat="35.64294175571861" lon="-82.23702874709397">
				<ele>767.4474181346595</ele>
				<time>2025-06-06T14:36:44Z</time>
			</trkpt>
			<trkpt lat="35.64294946980879" lon="-82.23705084432555">
				<ele>767.033623130992</ele>
				<time>2025-06-06T14:36:48Z</time>
			</trkpt>
			<trkpt lat="35.64294839192203" lon="-82.23707909424054">
				<ele>768.3925426555797</ele>
				<time>2025-06-06T14:36:52Z</time>
			</trkpt>
			<trkpt lat="35.642964677812145" lon="-82.23709367986714">
				<ele>767.9979440188035</ele>
				<time>2025-06-06T14:36:57Z</time>
			</trkpt>
			<trkpt lat="35.64298469434615" lon="-82.23709514251983">
				<ele>768.0575670190156</ele>
				<time>2025-06-06T14:37:28Z</time>
			</trkpt>
			<trkpt lat="35.64297270659745" lon="-82.23707854146572">
				<ele>765.9664567979053</ele>
				<time>2025-06-06T14:37:55Z</time>
			</trkpt>
			<trkpt lat="35.64298865499843" lon="-82.23708939584237">
				<ele>766.9837105972692</ele>
				<time>2025-06-06T14:38:37Z</time>
			</trkpt>
			<trkpt lat="35.64297735329893" lon="-82.23711059813408">
				<ele>767.3894169488922</ele>
				<time>2025-06-06T14:39:29Z</time>
			</trkpt>
			<trkpt lat="35.64296002667027" lon="-82.23710214628048">
				<ele>768.858955883421</ele>
				<time>2025-06-06T14:39:31Z</time>
			</trkpt>
			<trkpt lat="35.642951292853205" lon="-82.23708075262509">
				<ele>768.0380464224145</ele>
				<time>2025-06-06T14:39:34Z</time>
			</trkpt>
			<trkpt lat="35.64295353457683" lon="-82.23704980737031">
				<ele>769.5011769356206</ele>
				<time>2025-06-06T14:39:47Z</time>
			</trkpt>
			<trkpt lat="35.642947141855615" lon="-82.23707364838349">
				<ele>769.8220118703321</ele>
				<time>2025-06-06T14:39:50Z</time>
			</trkpt>
			<trkpt lat="35.6429429534005" lon="-82.23709586298169">
				<ele>769.3910840908065</ele>
				<time>2025-06-06T14:39:52Z</time>
			</trkpt>
			<trkpt lat="35.64292752856293" lon="-82.23714314736036">
				<ele>768.2011528378353</ele>
				<time>2025-06-06T14:39:54Z</time>
			</trkpt>
			<trkpt lat="35.6429170979392" lon="-82.237174298042">
				<ele>768.1391398953274</ele>
				<time>2025-06-06T14:39:55Z</time>
			</trkpt>
			<trkpt lat="35.642906883243526" lon="-82.23721134366477">
				<ele>768.728975545615</ele>
				<time>2025-06-06T14:39:56Z</time>
			</trkpt>
			<trkpt lat="35.64289400271999" lon="-82.23724416826644">
				<ele>769.3586969356984</ele>
				<time>2025-06-06T14:39:57Z</time>
			</trkpt>
			<trkpt lat="35.64287779372926" lon="-82.23728841322934">
				<ele>770.5220518130809</ele>
				<time>2025-06-06T14:39:58Z</time>
			</trkpt>
			<trkpt lat="35.64286133373915" lon="-82.23733724731672">
				<ele>771.3229211131111</ele>
				<time>2025-06-06T14:39:59Z</time>
			</trkpt>
			<trkpt lat="35.642857575427946" lon="-82.2374045201582">
				<ele>772.1975167365745</ele>
				<time>2025-06-06T14:40:00Z</time>
			</trkpt>
			<trkpt lat="35.642845634488175" lon="-82.23747021881144">
				<ele>771.9069187156856</ele>
				<time>2025-06-06T14:40:01Z</time>
			</trkpt>
			<trkpt lat="35.6428468863992" lon="-82.23753818806172">
				<ele>771.6236796518788</ele>
				<time>2025-06-06T14:40:02Z</time>
			</trkpt>
			<trkpt lat="35.64284443485723" lon="-82.23759541041568">
				<ele>770.8957615969703</ele>
				<time>2025-06-06T14:40:03Z</time>
			</trkpt>
			<trkpt lat="35.642846655501735" lon="-82.23764888503841">
				<ele>769.8932864144444</ele>
				<time>2025-06-06T14:40:04Z</time>
			</trkpt>
			<trkpt lat="35.642861324348274" lon="-82.23769714905788">
				<ele>767.8367694271728</ele>
				<time>2025-06-06T14:40:05Z</time>
			</trkpt>
			<trkpt lat="35.64287098711956" lon="-82.23774192628967">
				<ele>767.8186085848138</ele>
				<time>2025-06-06T14:40:06Z</time>
			</trkpt>
			<trkpt lat="35.642874975686176" lon="-82.23777674950918">
				<ele>768.074563995935</ele>
				<time>2025-06-06T14:40:07Z</time>
			</trkpt>
			<trkpt lat="35.6428851016735" lon="-82.23780939164085">
				<ele>768.2782785864547</ele>
				<time>2025-06-06T14:40:09Z</time>
			</trkpt>
			<trkpt lat="35.64290296239119" lon="-82.23784653451668">
				<ele>767.310582017526</ele>
				<time>2025-06-06T14:40:11Z</time>
			</trkpt>
			<trkpt lat="35.6429162193723" lon="-82.23787252827593">
				<ele>766.4400371937081</ele>
				<time>2025-06-06T14:40:12Z</time>
			</trkpt>
			<trkpt lat="35.642921905092535" lon="-82.23789701702789">
				<ele>766.8909321716055</ele>
				<time>2025-06-06T14:40:13Z</time>
			</trkpt>
			<trkpt lat="35.64292363193558" lon="-82.23792218005833">
				<ele>767.7043256741017</ele>
				<time>2025-06-06T14:40:14Z</time>
			</trkpt>
			<trkpt lat="35.64292414816154" lon="-82.23795946867163">
				<ele>767.2660238854587</ele>
				<time>2025-06-06T14:40:16Z</time>
			</trkpt>
			<trkpt lat="35.642920504286316" lon="-82.23798365823865">
				<ele>770.5921098561957</ele>
				<time>2025-06-06T14:40:19Z</time>
			</trkpt>
			<trkpt lat="35.64292909201731" lon="-82.23801824979171">
				<ele>768.4195773424581</ele>
				<time>2025-06-06T14:40:21Z</time>
			</trkpt>
			<trkpt lat="35.642931277316364" lon="-82.23804072157569">
				<ele>770.0733181685209</ele>
				<time>2025-06-06T14:40:23Z</time>
			</trkpt>
			<trkpt lat="35.642935838654424" lon="-82.23807227205147">
				<ele>767.5621627299115</ele>
				<time>2025-06-06T14:40:24Z</time>
			</trkpt>
			<trkpt lat="35.642942285778936" lon="-82.23810600495352">
				<ele>767.6390783768147</ele>
				<time>2025-06-06T14:40:26Z</time>
			</trkpt>
			<trkpt lat="35.642950808742874" lon="-82.23814374079556">
				<ele>766.3379846857861</ele>
				<time>2025-06-06T14:40:28Z</time>
			</trkpt>
			<trkpt lat="35.64294876483555" lon="-82.23818064910927">
				<ele>766.3884965144098</ele>
				<time>2025-06-06T14:40:30Z</time>
			</trkpt>
			<trkpt lat="35.64295224256464" lon="-82.23820305229077">
				<ele>764.7914606370032</ele>
				<time>2025-06-06T14:40:31Z</time>
			</trkpt>
			<trkpt lat="35.64295352728656" lon="-82.2382369102185">
				<ele>764.0880127409473</ele>
				<time>2025-06-06T14:40:33Z</time>
			</trkpt>
			<trkpt lat="35.642953044244386" lon="-82.23825946455452">
				<ele>764.8828965593129</ele>
				<time>2025-06-06T14:40:34Z</time>
			</trkpt>
			<trkpt lat="35.64294523978268" lon="-82.23829774602022">
				<ele>765.6474733958021</ele>
				<time>2025-06-06T14:40:36Z</time>
			</trkpt>
			<trkpt lat="35.64294374742232" lon="-82.23835796932846">
				<ele>765.3500228263438</ele>
				<time>2025-06-06T14:40:38Z</time>
			</trkpt>
			<trkpt lat="35.6429453098596" lon="-82.2383853726183">
				<ele>765.8663429282606</ele>
				<time>2025-06-06T14:40:39Z</time>
			</trkpt>
			<trkpt lat="35.64295055867794" lon="-82.23841841029162">
				<ele>764.1397819621488</ele>
				<time>2025-06-06T14:40:40Z</time>
			</trkpt>
			<trkpt lat="35.64296301969385" lon="-82.23845186580486">
				<ele>764.2474385136738</ele>
				<time>2025-06-06T14:40:41Z</time>
			</trkpt>
			<trkpt lat="35.64297359145174" lon="-82.23847161273918">
				<ele>764.8043295871466</ele>
				<time>2025-06-06T14:40:42Z</time>
			</trkpt>
			<trkpt lat="35.642982024171005" lon="-82.23849649372563">
				<ele>765.9630646305159</ele>
				<time>2025-06-06T14:40:43Z</time>
			</trkpt>
			<trkpt lat="35.64298958541789" lon="-82.23852571572858">
				<ele>765.7316013174132</ele>
				<time>2025-06-06T14:40:44Z</time>
			</trkpt>
			<trkpt lat="35.64299298329599" lon="-82.2385520916922">
				<ele>765.5359854009002</ele>
				<time>2025-06-06T14:40:45Z</time>
			</trkpt>
			<trkpt lat="35.64300127911078" lon="-82.23858045038422">
				<ele>766.1527205314487</ele>
				<time>2025-06-06T14:40:46Z</time>
			</trkpt>
			<trkpt lat="35.64301093307329" lon="-82.23860739983027">
				<ele>765.9354495042935</ele>
				<time>2025-06-06T14:40:47Z</time>
			</trkpt>
			<trkpt lat="35.64301137278152" lon="-82.23863697975197">
				<ele>767.1720855636522</ele>
				<time>2025-06-06T14:40:48Z</time>
			</trkpt>
			<trkpt lat="35.643012248447675" lon="-82.23867068752">
				<ele>767.566409535706</ele>
				<time>2025-06-06T14:40:49Z</time>
			</trkpt>
			<trkpt lat="35.64300468073423" lon="-82.23869669705545">
				<ele>768.7737733814865</ele>
				<time>2025-06-06T14:40:50Z</time>
			</trkpt>
			<trkpt lat="35.64299203460807" lon="-82.23872743124063">
				<ele>769.0952054355294</ele>
				<time>2025-06-06T14:40:51Z</time>
			</trkpt>
			<trkpt lat="35.64297606133377" lon="-82.23875536898677">
				<ele>770.0048831310123</ele>
				<time>2025-06-06T14:40:52Z</time>
			</trkpt>
			<trkpt lat="35.64295851858598" lon="-82.23878623691482">
				<ele>770.7831176603213</ele>
				<time>2025-06-06T14:40:53Z</time>
			</trkpt>
			<trkpt lat="35.642938570670545" lon="-82.23881767185917">
				<ele>770.1532370420173</ele>
				<time>2025-06-06T14:40:54Z</time>
			</trkpt>
			<trkpt lat="35.64291877043885" lon="-82.23883940241437">
				<ele>768.7357361810282</ele>
				<time>2025-06-06T14:40:55Z</time>
			</trkpt>
			<trkpt lat="35.642902956195584" lon="-82.23887143275758">
				<ele>768.323646501638</ele>
				<time>2025-06-06T14:40:57Z</time>
			</trkpt>
			<trkpt lat="35.64289420057725" lon="-82.238904473721">
				<ele>768.8823712076992</ele>
				<time>2025-06-06T14:40:59Z</time>
			</trkpt>
			<trkpt lat="35.64287554257679" lon="-82.23895564027995">
				<ele>769.2438326990232</ele>
				<time>2025-06-06T14:41:01Z</time>
			</trkpt>
			<trkpt lat="35.64285880474606" lon="-82.23899360630642">
				<ele>769.3691135700792</ele>
				<time>2025-06-06T14:41:02Z</time>
			</trkpt>
			<trkpt lat="35.642833485484914" lon="-82.23904743333135">
				<ele>769.3484413716942</ele>
				<time>2025-06-06T14:41:03Z</time>
			</trkpt>
			<trkpt lat="35.642808894476595" lon="-82.2391035774336">
				<ele>769.5988610768691</ele>
				<time>2025-06-06T14:41:04Z</time>
			</trkpt>
			<trkpt lat="35.6427883331218" lon="-82.23917622876121">
				<ele>769.7091268189251</ele>
				<time>2025-06-06T14:41:05Z</time>
			</trkpt>
			<trkpt lat="35.642767968070345" lon="-82.23923316202051">
				<ele>769.3458471661434</ele>
				<time>2025-06-06T14:41:06Z</time>
			</trkpt>
			<trkpt lat="35.64275720141939" lon="-82.23925957207955">
				<ele>769.6360223954543</ele>
				<time>2025-06-06T14:41:07Z</time>
			</trkpt>
			<trkpt lat="35.64275360369159" lon="-82.23928209269738">
				<ele>769.2512001246214</ele>
				<time>2025-06-06T14:41:08Z</time>
			</trkpt>
			<trkpt lat="35.64274840677398" lon="-82.23931318109115">
				<ele>768.6962992399931</ele>
				<time>2025-06-06T14:41:10Z</time>
			</trkpt>
			<trkpt lat="35.64275372409979" lon="-82.23934933660716">
				<ele>766.5083242598921</ele>
				<time>2025-06-06T14:41:12Z</time>
			</trkpt>
			<trkpt lat="35.6427484872155" lon="-82.23937427009548">
				<ele>766.7939874883741</ele>
				<time>2025-06-06T14:41:13Z</time>
			</trkpt>
			<trkpt lat="35.64274049623864" lon="-82.2394066306939">
				<ele>766.3956896197051</ele>
				<time>2025-06-06T14:41:15Z</time>
			</trkpt>
			<trkpt lat="35.642728686408624" lon="-82.23943427069108">
				<ele>765.6224356377497</ele>
				<time>2025-06-06T14:41:17Z</time>
			</trkpt>
			<trkpt lat="35.642708746932314" lon="-82.23946064199444">
				<ele>763.4149760035798</ele>
				<time>2025-06-06T14:41:19Z</time>
			</trkpt>
			<trkpt lat="35.642697594666025" lon="-82.23948828715986">
				<ele>764.0506355138496</ele>
				<time>2025-06-06T14:41:21Z</time>
			</trkpt>
			<trkpt lat="35.64269113843176" lon="-82.23952191884496">
				<ele>764.4021987998858</ele>
				<time>2025-06-06T14:41:23Z</time>
			</trkpt>
			<trkpt lat="35.642687321102485" lon="-82.23954369038418">
				<ele>765.072378478013</ele>
				<time>2025-06-06T14:41:24Z</time>
			</trkpt>
			<trkpt lat="35.6426792987768" lon="-82.23957545012702">
				<ele>766.1130878785625</ele>
				<time>2025-06-06T14:41:26Z</time>
			</trkpt>
			<trkpt lat="35.64267522220286" lon="-82.23961303549237">
				<ele>764.2715116590261</ele>
				<time>2025-06-06T14:41:28Z</time>
			</trkpt>
			<trkpt lat="35.64266398589214" lon="-82.23964084563484">
				<ele>766.3938290374354</ele>
				<time>2025-06-06T14:41:30Z</time>
			</trkpt>
			<trkpt lat="35.642658859005614" lon="-82.23966703884068">
				<ele>765.3381829028949</ele>
				<time>2025-06-06T14:41:32Z</time>
			</trkpt>
			<trkpt lat="35.64264765590654" lon="-82.23969410947824">
				<ele>765.6501672472805</ele>
				<time>2025-06-06T14:41:34Z</time>
			</trkpt>
			<trkpt lat="35.642629582610546" lon="-82.23972098366055">
				<ele>766.6379491677508</ele>
				<time>2025-06-06T14:41:36Z</time>
			</trkpt>
			<trkpt lat="35.642609658117124" lon="-82.2397468603952">
				<ele>767.0801531309262</ele>
				<time>2025-06-06T14:41:38Z</time>
			</trkpt>
			<trkpt lat="35.64259150039608" lon="-82.2397713212073">
				<ele>767.0705012809485</ele>
				<time>2025-06-06T14:41:40Z</time>
			</trkpt>
			<trkpt lat="35.64257764116731" lon="-82.23979129286907">
				<ele>767.0696890549734</ele>
				<time>2025-06-06T14:41:42Z</time>
			</trkpt>
			<trkpt lat="35.642562212869585" lon="-82.23981342538251">
				<ele>767.5855665663257</ele>
				<time>2025-06-06T14:41:44Z</time>
			</trkpt>
			<trkpt lat="35.64254433801551" lon="-82.23982975099975">
				<ele>769.7092212922871</ele>
				<time>2025-06-06T14:41:46Z</time>
			</trkpt>
			<trkpt lat="35.64253415910579" lon="-82.23984907273538">
				<ele>768.5437590144575</ele>
				<time>2025-06-06T14:41:47Z</time>
			</trkpt>
			<trkpt lat="35.64252168914543" lon="-82.2398756866219">
				<ele>768.1855412339792</ele>
				<time>2025-06-06T14:41:49Z</time>
			</trkpt>
			<trkpt lat="35.64249950030827" lon="-82.23990271874612">
				<ele>769.611537839286</ele>
				<time>2025-06-06T14:41:51Z</time>
			</trkpt>
			<trkpt lat="35.64248243927302" lon="-82.23992278536277">
				<ele>769.1547400606796</ele>
				<time>2025-06-06T14:41:52Z</time>
			</trkpt>
			<trkpt lat="35.64245570894249" lon="-82.23994051060644">
				<ele>769.8456571837887</ele>
				<time>2025-06-06T14:41:54Z</time>
			</trkpt>
			<trkpt lat="35.64243770709006" lon="-82.23994673649163">
				<ele>770.1478065839037</ele>
				<time>2025-06-06T14:41:55Z</time>
			</trkpt>
			<trkpt lat="35.64241126522725" lon="-82.23995943027872">
				<ele>770.4824245963246</ele>
				<time>2025-06-06T14:41:57Z</time>
			</trkpt>
			<trkpt lat="35.64238396149598" lon="-82.23997644845475">
				<ele>770.8808261686936</ele>
				<time>2025-06-06T14:42:00Z</time>
			</trkpt>
			<trkpt lat="35.6423528182982" lon="-82.23998572587759">
				<ele>772.0483926301822</ele>
				<time>2025-06-06T14:42:02Z</time>
			</trkpt>
			<trkpt lat="35.64231833922524" lon="-82.24000020871884">
				<ele>772.3896983144805</ele>
				<time>2025-06-06T14:42:04Z</time>
			</trkpt>
			<trkpt lat="35.64230108723644" lon="-82.24001668022704">
				<ele>770.3153722546995</ele>
				<time>2025-06-06T14:42:05Z</time>
			</trkpt>
			<trkpt lat="35.642282688871305" lon="-82.2400174975792">
				<ele>771.842671093531</ele>
				<time>2025-06-06T14:42:06Z</time>
			</trkpt>
			<trkpt lat="35.64225239647043" lon="-82.24002597652994">
				<ele>772.094684892334</ele>
				<time>2025-06-06T14:42:08Z</time>
			</trkpt>
			<trkpt lat="35.64222999299673" lon="-82.24003408993313">
				<ele>771.3990430282429</ele>
				<time>2025-06-06T14:42:09Z</time>
			</trkpt>
			<trkpt lat="35.64220039631822" lon="-82.24003491958175">
				<ele>773.0511767715216</ele>
				<time>2025-06-06T14:42:11Z</time>
			</trkpt>
			<trkpt lat="35.64217264816665" lon="-82.240045257804">
				<ele>771.6550213843584</ele>
				<time>2025-06-06T14:42:13Z</time>
			</trkpt>
			<trkpt lat="35.642154197428795" lon="-82.24004067349333">
				<ele>771.9633885929361</ele>
				<time>2025-06-06T14:42:14Z</time>
			</trkpt>
			<trkpt lat="35.64212531180615" lon="-82.24004251861504">
				<ele>770.7422405593097</ele>
				<time>2025-06-06T14:42:16Z</time>
			</trkpt>
			<trkpt lat="35.64210030375847" lon="-82.24004525065448">
				<ele>770.5033306395635</ele>
				<time>2025-06-06T14:42:18Z</time>
			</trkpt>
			<trkpt lat="35.64206884111342" lon="-82.24003973156569">
				<ele>770.7697446728125</ele>
				<time>2025-06-06T14:42:20Z</time>
			</trkpt>
			<trkpt lat="35.642050005582945" lon="-82.24003321951247">
				<ele>770.7009414667264</ele>
				<time>2025-06-06T14:42:21Z</time>
			</trkpt>
			<trkpt lat="35.64203228194636" lon="-82.24001301528028">
				<ele>772.1425048038363</ele>
				<time>2025-06-06T14:42:22Z</time>
			</trkpt>
			<trkpt lat="35.64201452365802" lon="-82.23999783254636">
				<ele>772.3426671680063</ele>
				<time>2025-06-06T14:42:23Z</time>
			</trkpt>
			<trkpt lat="35.641995320032855" lon="-82.23998031756187">
				<ele>771.7017313875258</ele>
				<time>2025-06-06T14:42:24Z</time>
			</trkpt>
			<trkpt lat="35.641964388197806" lon="-82.23997003492869">
				<ele>773.8908119080588</ele>
				<time>2025-06-06T14:42:26Z</time>
			</trkpt>
			<trkpt lat="35.64192523259466" lon="-82.23995912746979">
				<ele>774.5958530055359</ele>
				<time>2025-06-06T14:42:28Z</time>
			</trkpt>
			<trkpt lat="35.641888873942186" lon="-82.23994287035325">
				<ele>774.9073802661151</ele>
				<time>2025-06-06T14:42:30Z</time>
			</trkpt>
			<trkpt lat="35.64185831075226" lon="-82.23992866636392">
				<ele>773.5235715964809</ele>
				<time>2025-06-06T14:42:32Z</time>
			</trkpt>
			<trkpt lat="35.64182891870741" lon="-82.239921177751">
				<ele>774.9351215157658</ele>
				<time>2025-06-06T14:42:34Z</time>
			</trkpt>
			<trkpt lat="35.641808019693244" lon="-82.23991605593183">
				<ele>773.4358546184376</ele>
				<time>2025-06-06T14:42:35Z</time>
			</trkpt>
			<trkpt lat="35.64178914545159" lon="-82.23991141791159">
				<ele>772.3275314895436</ele>
				<time>2025-06-06T14:42:36Z</time>
			</trkpt>
			<trkpt lat="35.641771832573276" lon="-82.23990508731137">
				<ele>773.5360383093357</ele>
				<time>2025-06-06T14:42:37Z</time>
			</trkpt>
			<trkpt lat="35.64174961426007" lon="-82.23990530947829">
				<ele>772.0964890448377</ele>
				<time>2025-06-06T14:42:38Z</time>
			</trkpt>
			<trkpt lat="35.64172706518499" lon="-82.23990513310675">
				<ele>772.1436919365078</ele>
				<time>2025-06-06T14:42:39Z</time>
			</trkpt>
			<trkpt lat="35.641703859356916" lon="-82.2399103913228">
				<ele>770.7704085130244</ele>
				<time>2025-06-06T14:42:40Z</time>
			</trkpt>
			<trkpt lat="35.64167683774149" lon="-82.23991452904811">
				<ele>771.1698415065184</ele>
				<time>2025-06-06T14:42:41Z</time>
			</trkpt>
			<trkpt lat="35.64164405029714" lon="-82.23992227448596">
				<ele>770.5679504899308</ele>
				<time>2025-06-06T14:42:42Z</time>
			</trkpt>
			<trkpt lat="35.64161326192122" lon="-82.23993830878926">
				<ele>770.158236281015</ele>
				<time>2025-06-06T14:42:43Z</time>
			</trkpt>
			<trkpt lat="35.64159629891371" lon="-82.23996042770942">
				<ele>769.2507697958499</ele>
				<time>2025-06-06T14:42:44Z</time>
			</trkpt>
			<trkpt lat="35.64159792038331" lon="-82.23998308298003">
				<ele>769.3087718077004</ele>
				<time>2025-06-06T14:42:45Z</time>
			</trkpt>
			<trkpt lat="35.64161212460622" lon="-82.23999953163312">
				<ele>769.501520560123</ele>
				<time>2025-06-06T14:42:46Z</time>
			</trkpt>
			<trkpt lat="35.64161932674671" lon="-82.24003876091622">
				<ele>770.2899793833494</ele>
				<time>2025-06-06T14:42:48Z</time>
			</trkpt>
			<trkpt lat="35.64162688743552" lon="-82.24006176416742">
				<ele>771.0886725401506</ele>
				<time>2025-06-06T14:42:49Z</time>
			</trkpt>
			<trkpt lat="35.64163019549339" lon="-82.2400920358844">
				<ele>772.9694719910622</ele>
				<time>2025-06-06T14:42:50Z</time>
			</trkpt>
			<trkpt lat="35.6416493390531" lon="-82.24011985956747">
				<ele>773.7585314381868</ele>
				<time>2025-06-06T14:42:51Z</time>
			</trkpt>
			<trkpt lat="35.641669023462995" lon="-82.24015433933927">
				<ele>773.8650926817209</ele>
				<time>2025-06-06T14:42:52Z</time>
			</trkpt>
			<trkpt lat="35.64169095972364" lon="-82.24018140015426">
				<ele>774.4946238100529</ele>
				<time>2025-06-06T14:42:53Z</time>
			</trkpt>
			<trkpt lat="35.64170789154902" lon="-82.24019364802888">
				<ele>773.679655265063</ele>
				<time>2025-06-06T14:42:54Z</time>
			</trkpt>
			<trkpt lat="35.641694123408115" lon="-82.24025951831247">
				<ele>774.2235639616847</ele>
				<time>2025-06-06T14:42:55Z</time>
			</trkpt>
			<trkpt lat="35.641698484403726" lon="-82.24029271157012">
				<ele>773.7776729818434</ele>
				<time>2025-06-06T14:42:56Z</time>
			</trkpt>
			<trkpt lat="35.64170953911863" lon="-82.24034030075337">
				<ele>773.6570752672851</ele>
				<time>2025-06-06T14:42:57Z</time>
			</trkpt>
			<trkpt lat="35.64171741367843" lon="-82.24036640454395">
				<ele>773.6104314150289</ele>
				<time>2025-06-06T14:42:58Z</time>
			</trkpt>
			<trkpt lat="35.64173511942411" lon="-82.24043046530375">
				<ele>773.1796097885817</ele>
				<time>2025-06-06T14:42:59Z</time>
			</trkpt>
			<trkpt lat="35.64175442634245" lon="-82.24045352828426">
				<ele>772.7345628216863</ele>
				<time>2025-06-06T14:43:00Z</time>
			</trkpt>
			<trkpt lat="35.64177242080147" lon="-82.24051148801172">
				<ele>772.2090950636193</ele>
				<time>2025-06-06T14:43:02Z</time>
			</trkpt>
			<trkpt lat="35.641790228828334" lon="-82.24058055759605">
				<ele>769.5884457891807</ele>
				<time>2025-06-06T14:43:04Z</time>
			</trkpt>
			<trkpt lat="35.641994843419376" lon="-82.24096874358457">
				<ele>778.185776415281</ele>
				<time>2025-06-06T14:43:06Z</time>
			</trkpt>
			<trkpt lat="35.642018553386094" lon="-82.241019721126">
				<ele>777.888223297894</ele>
				<time>2025-06-06T14:43:07Z</time>
			</trkpt>
			<trkpt lat="35.64203802865822" lon="-82.24106682666591">
				<ele>778.186863434501</ele>
				<time>2025-06-06T14:43:08Z</time>
			</trkpt>
			<trkpt lat="35.64208823939352" lon="-82.24110082655912">
				<ele>774.4275816287845</ele>
				<time>2025-06-06T14:43:09Z</time>
			</trkpt>
			<trkpt lat="35.642116107930946" lon="-82.2411421234419">
				<ele>773.7867267932743</ele>
				<time>2025-06-06T14:43:10Z</time>
			</trkpt>
			<trkpt lat="35.642140816998996" lon="-82.24118063748217">
				<ele>773.3785397615284</ele>
				<time>2025-06-06T14:43:11Z</time>
			</trkpt>
			<trkpt lat="35.64215449116856" lon="-82.2412096008961">
				<ele>773.5843017026782</ele>
				<time>2025-06-06T14:43:12Z</time>
			</trkpt>
			<trkpt lat="35.64216324747886" lon="-82.24124517101842">
				<ele>774.3561377925798</ele>
				<time>2025-06-06T14:43:13Z</time>
			</trkpt>
			<trkpt lat="35.64217303564017" lon="-82.24127996159794">
				<ele>775.5578333418816</ele>
				<time>2025-06-06T14:43:14Z</time>
			</trkpt>
			<trkpt lat="35.64219935380735" lon="-82.24133907868578">
				<ele>775.3558253031224</ele>
				<time>2025-06-06T14:43:15Z</time>
			</trkpt>
			<trkpt lat="35.642221651090544" lon="-82.24139230942478">
				<ele>775.5750810625032</ele>
				<time>2025-06-06T14:43:16Z</time>
			</trkpt>
			<trkpt lat="35.64224098728786" lon="-82.24143784219463">
				<ele>776.0820559505373</ele>
				<time>2025-06-06T14:43:17Z</time>
			</trkpt>
			<trkpt lat="35.64224795133001" lon="-82.24146632131134">
				<ele>776.5316860042512</ele>
				<time>2025-06-06T14:43:18Z</time>
			</trkpt>
			<trkpt lat="35.6420167281245" lon="-82.24112800451239">
				<ele>754.7314715143293</ele>
				<time>2025-06-06T14:43:19Z</time>
			</trkpt>
			<trkpt lat="35.64201409352684" lon="-82.24114999257674">
				<ele>756.5850168466568</ele>
				<time>2025-06-06T14:43:20Z</time>
			</trkpt>
			<trkpt lat="35.642021512805535" lon="-82.24118132695183">
				<ele>756.1375195970759</ele>
				<time>2025-06-06T14:43:21Z</time>
			</trkpt>
			<trkpt lat="35.642027601568216" lon="-82.24122569594248">
				<ele>754.8735140794888</ele>
				<time>2025-06-06T14:43:23Z</time>
			</trkpt>
			<trkpt lat="35.642037226877925" lon="-82.24126994389042">
				<ele>756.0569163635373</ele>
				<time>2025-06-06T14:43:25Z</time>
			</trkpt>
			<trkpt lat="35.64204538158461" lon="-82.24130259698568">
				<ele>755.3589185485616</ele>
				<time>2025-06-06T14:43:27Z</time>
			</trkpt>
			<trkpt lat="35.64205195140764" lon="-82.2413243230178">
				<ele>755.1885570539162</ele>
				<time>2025-06-06T14:43:28Z</time>
			</trkpt>
			<trkpt lat="35.64206826373215" lon="-82.24134421887297">
				<ele>754.1142168901861</ele>
				<time>2025-06-06T14:43:29Z</time>
			</trkpt>
			<trkpt lat="35.64209561372333" lon="-82.24137494351795">
				<ele>753.1893084477633</ele>
				<time>2025-06-06T14:43:31Z</time>
			</trkpt>
			<trkpt lat="35.64210294721752" lon="-82.24141437105763">
				<ele>754.6511590648443</ele>
				<time>2025-06-06T14:43:33Z</time>
			</trkpt>
			<trkpt lat="35.64211053186304" lon="-82.24143963087812">
				<ele>753.7587208366022</ele>
				<time>2025-06-06T14:43:34Z</time>
			</trkpt>
			<trkpt lat="35.642121309192724" lon="-82.24148014379074">
				<ele>752.4281541807577</ele>
				<time>2025-06-06T14:43:35Z</time>
			</trkpt>
			<trkpt lat="35.64213071648055" lon="-82.24153046676992">
				<ele>751.309620375745</ele>
				<time>2025-06-06T14:43:36Z</time>
			</trkpt>
			<trkpt lat="35.64212377959098" lon="-82.24158178461863">
				<ele>751.4038678398356</ele>
				<time>2025-06-06T14:43:37Z</time>
			</trkpt>
			<trkpt lat="35.64213357749007" lon="-82.24162293488165">
				<ele>748.7913289228454</ele>
				<time>2025-06-06T14:43:38Z</time>
			</trkpt>
			<trkpt lat="35.64213521635403" lon="-82.24166904686987">
				<ele>747.4726982144639</ele>
				<time>2025-06-06T14:43:39Z</time>
			</trkpt>
			<trkpt lat="35.642143052701535" lon="-82.24171207337794">
				<ele>747.2935739150271</ele>
				<time>2025-06-06T14:43:40Z</time>
			</trkpt>
			<trkpt lat="35.642154559869624" lon="-82.24176219694398">
				<ele>744.8066044943407</ele>
				<time>2025-06-06T14:43:41Z</time>
			</trkpt>
			<trkpt lat="35.64216638616419" lon="-82.24179749277057">
				<ele>745.0775204813108</ele>
				<time>2025-06-06T14:43:43Z</time>
			</trkpt>
			<trkpt lat="35.64217330310143" lon="-82.24183263276258">
				<ele>745.3829040434211</ele>
				<time>2025-06-06T14:43:44Z</time>
			</trkpt>
			<trkpt lat="35.64218630861517" lon="-82.24185848015554">
				<ele>744.0907962499186</ele>
				<time>2025-06-06T14:43:45Z</time>
			</trkpt>
			<trkpt lat="35.642196647685104" lon="-82.2418837760188">
				<ele>745.7142006689683</ele>
				<time>2025-06-06T14:43:47Z</time>
			</trkpt>
			<trkpt lat="35.642205882979205" lon="-82.24190342055596">
				<ele>746.8330535944551</ele>
				<time>2025-06-06T14:43:48Z</time>
			</trkpt>
			<trkpt lat="35.64221595497432" lon="-82.2419290500261">
				<ele>746.1046709390357</ele>
				<time>2025-06-06T14:43:49Z</time>
			</trkpt>
			<trkpt lat="35.64222695987211" lon="-82.24195604107462">
				<ele>746.7963525988162</ele>
				<time>2025-06-06T14:43:51Z</time>
			</trkpt>
			<trkpt lat="35.64223157663272" lon="-82.24198043202065">
				<ele>747.0639843419194</ele>
				<time>2025-06-06T14:43:52Z</time>
			</trkpt>
			<trkpt lat="35.64223338441913" lon="-82.24200508512415">
				<ele>746.8384896609932</ele>
				<time>2025-06-06T14:43:53Z</time>
			</trkpt>
			<trkpt lat="35.64223396485439" lon="-82.24202793264065">
				<ele>746.0284211179242</ele>
				<time>2025-06-06T14:43:54Z</time>
			</trkpt>
			<trkpt lat="35.64223185184808" lon="-82.24205884871115">
				<ele>746.3771034888923</ele>
				<time>2025-06-06T14:43:55Z</time>
			</trkpt>
			<trkpt lat="35.642229223220674" lon="-82.24208772856635">
				<ele>746.3113226825371</ele>
				<time>2025-06-06T14:43:56Z</time>
			</trkpt>
			<trkpt lat="35.642228836641934" lon="-82.24211498706819">
				<ele>745.2808633605018</ele>
				<time>2025-06-06T14:43:57Z</time>
			</trkpt>
			<trkpt lat="35.64222990027876" lon="-82.24215940982111">
				<ele>742.831720973365</ele>
				<time>2025-06-06T14:43:58Z</time>
			</trkpt>
			<trkpt lat="35.642230209801596" lon="-82.24219195621353">
				<ele>742.7929024975747</ele>
				<time>2025-06-06T14:43:59Z</time>
			</trkpt>
			<trkpt lat="35.64223077723736" lon="-82.24221773307536">
				<ele>742.3182137170807</ele>
				<time>2025-06-06T14:44:00Z</time>
			</trkpt>
			<trkpt lat="35.642229726344446" lon="-82.24224210612374">
				<ele>742.7881589876488</ele>
				<time>2025-06-06T14:44:01Z</time>
			</trkpt>
			<trkpt lat="35.642231308633654" lon="-82.24227174161989">
				<ele>742.4607819290832</ele>
				<time>2025-06-06T14:44:02Z</time>
			</trkpt>
			<trkpt lat="35.64223967715621" lon="-82.24229340058767">
				<ele>741.7363488357514</ele>
				<time>2025-06-06T14:44:03Z</time>
			</trkpt>
			<trkpt lat="35.64223424955811" lon="-82.24232557748682">
				<ele>743.878827046603</ele>
				<time>2025-06-06T14:44:05Z</time>
			</trkpt>
			<trkpt lat="35.64225285330976" lon="-82.2423848528065">
				<ele>744.1820443365723</ele>
				<time>2025-06-06T14:44:07Z</time>
			</trkpt>
			<trkpt lat="35.642266597675764" lon="-82.24243598737078">
				<ele>745.6081730183214</ele>
				<time>2025-06-06T14:44:08Z</time>
			</trkpt>
			<trkpt lat="35.64228361056824" lon="-82.24248481141075">
				<ele>744.8813919490203</ele>
				<time>2025-06-06T14:44:09Z</time>
			</trkpt>
			<trkpt lat="35.64228681324851" lon="-82.24250824304114">
				<ele>746.512542760931</ele>
				<time>2025-06-06T14:44:10Z</time>
			</trkpt>
			<trkpt lat="35.64229968125269" lon="-82.24253362070564">
				<ele>747.280871191062</ele>
				<time>2025-06-06T14:44:11Z</time>
			</trkpt>
			<trkpt lat="35.642309679345054" lon="-82.24256842177951">
				<ele>748.0021137297153</ele>
				<time>2025-06-06T14:44:12Z</time>
			</trkpt>
			<trkpt lat="35.64233291505322" lon="-82.24259555301603">
				<ele>748.7268695263192</ele>
				<time>2025-06-06T14:44:13Z</time>
			</trkpt>
			<trkpt lat="35.64237000863482" lon="-82.24264095172646">
				<ele>748.8224199991673</ele>
				<time>2025-06-06T14:44:14Z</time>
			</trkpt>
			<trkpt lat="35.64242172638384" lon="-82.2427037675445">
				<ele>751.4320680005476</ele>
				<time>2025-06-06T14:44:15Z</time>
			</trkpt>
			<trkpt lat="35.64246040147041" lon="-82.24276331353605">
				<ele>750.4957032939419</ele>
				<time>2025-06-06T14:44:16Z</time>
			</trkpt>
			<trkpt lat="35.64248410269422" lon="-82.24282040489094">
				<ele>750.8496845206246</ele>
				<time>2025-06-06T14:44:17Z</time>
			</trkpt>
			<trkpt lat="35.6424940824763" lon="-82.24286660586176">
				<ele>753.2405251711607</ele>
				<time>2025-06-06T14:44:18Z</time>
			</trkpt>
			<trkpt lat="35.64249940881661" lon="-82.24290212659135">
				<ele>753.4270562166348</ele>
				<time>2025-06-06T14:44:19Z</time>
			</trkpt>
			<trkpt lat="35.64250546113401" lon="-82.24292640908014">
				<ele>754.3118453519419</ele>
				<time>2025-06-06T14:44:20Z</time>
			</trkpt>
			<trkpt lat="35.64249758244831" lon="-82.24294913096622">
				<ele>757.1372105013579</ele>
				<time>2025-06-06T14:44:22Z</time>
			</trkpt>
			<trkpt lat="35.64248338480757" lon="-82.242973707194">
				<ele>758.5535805327818</ele>
				<time>2025-06-06T14:44:24Z</time>
			</trkpt>
			<trkpt lat="35.642469630448986" lon="-82.24298839489182">
				<ele>762.1027671247721</ele>
				<time>2025-06-06T14:44:27Z</time>
			</trkpt>
			<trkpt lat="35.642479501499466" lon="-82.24301569154264">
				<ele>764.7883199863136</ele>
				<time>2025-06-06T14:44:33Z</time>
			</trkpt>
			<trkpt lat="35.64248463071354" lon="-82.24305247991352">
				<ele>764.3921970399097</ele>
				<time>2025-06-06T14:44:36Z</time>
			</trkpt>
			<trkpt lat="35.6424807531874" lon="-82.24307497663494">
				<ele>764.2400085376576</ele>
				<time>2025-06-06T14:44:37Z</time>
			</trkpt>
			<trkpt lat="35.64246200773562" lon="-82.24309916718003">
				<ele>766.6483648614958</ele>
				<time>2025-06-06T14:44:39Z</time>
			</trkpt>
			<trkpt lat="35.64245414198673" lon="-82.24312848859206">
				<ele>767.1217915453017</ele>
				<time>2025-06-06T14:44:41Z</time>
			</trkpt>
			<trkpt lat="35.642433583122134" lon="-82.2431638092356">
				<ele>767.2831209041178</ele>
				<time>2025-06-06T14:44:44Z</time>
			</trkpt>
			<trkpt lat="35.64242075178363" lon="-82.24319846095602">
				<ele>769.0908238552511</ele>
				<time>2025-06-06T14:44:47Z</time>
			</trkpt>
			<trkpt lat="35.6424172273868" lon="-82.24322751707395">
				<ele>767.0190584706143</ele>
				<time>2025-06-06T14:44:48Z</time>
			</trkpt>
			<trkpt lat="35.642404150117095" lon="-82.24326043950316">
				<ele>766.5665725665167</ele>
				<time>2025-06-06T14:44:50Z</time>
			</trkpt>
			<trkpt lat="35.642392036699064" lon="-82.24331191753413">
				<ele>766.8650021003559</ele>
				<time>2025-06-06T14:44:51Z</time>
			</trkpt>
			<trkpt lat="35.64238426780827" lon="-82.243365254185">
				<ele>767.3260412896052</ele>
				<time>2025-06-06T14:44:52Z</time>
			</trkpt>
			<trkpt lat="35.64237366573455" lon="-82.24340465025179">
				<ele>767.570078776218</ele>
				<time>2025-06-06T14:44:53Z</time>
			</trkpt>
			<trkpt lat="35.64235213314546" lon="-82.24344618646022">
				<ele>769.0325237335637</ele>
				<time>2025-06-06T14:44:54Z</time>
			</trkpt>
			<trkpt lat="35.6423098373895" lon="-82.24349147683539">
				<ele>769.6775436457247</ele>
				<time>2025-06-06T14:44:55Z</time>
			</trkpt>
			<trkpt lat="35.64226954905162" lon="-82.24352981784536">
				<ele>771.3189551271498</ele>
				<time>2025-06-06T14:44:56Z</time>
			</trkpt>
			<trkpt lat="35.64224552965995" lon="-82.24356365192266">
				<ele>771.4108151094988</ele>
				<time>2025-06-06T14:44:57Z</time>
			</trkpt>
			<trkpt lat="35.64222918313331" lon="-82.24358852174713">
				<ele>771.4815243361518</ele>
				<time>2025-06-06T14:44:58Z</time>
			</trkpt>
			<trkpt lat="35.642212679809035" lon="-82.24362302915387">
				<ele>769.9452740475535</ele>
				<time>2025-06-06T14:44:59Z</time>
			</trkpt>
			<trkpt lat="35.64217333763024" lon="-82.24365435311299">
				<ele>771.0832489393651</ele>
				<time>2025-06-06T14:45:00Z</time>
			</trkpt>
			<trkpt lat="35.642132545914734" lon="-82.24369747808976">
				<ele>770.2606693319976</ele>
				<time>2025-06-06T14:45:01Z</time>
			</trkpt>
			<trkpt lat="35.6421057501897" lon="-82.24373131102949">
				<ele>769.0889277383685</ele>
				<time>2025-06-06T14:45:02Z</time>
			</trkpt>
			<trkpt lat="35.642086341607445" lon="-82.2437720849634">
				<ele>768.9255217155442</ele>
				<time>2025-06-06T14:45:03Z</time>
			</trkpt>
			<trkpt lat="35.64207871007472" lon="-82.24379711925245">
				<ele>769.5385705558583</ele>
				<time>2025-06-06T14:45:04Z</time>
			</trkpt>
			<trkpt lat="35.64207500755834" lon="-82.24381945576948">
				<ele>769.1992443669587</ele>
				<time>2025-06-06T14:45:05Z</time>
			</trkpt>
			<trkpt lat="35.642071614830904" lon="-82.24384771974033">
				<ele>766.2085166312754</ele>
				<time>2025-06-06T14:45:06Z</time>
			</trkpt>
			<trkpt lat="35.64205037631875" lon="-82.24386898999889">
				<ele>766.6151913059875</ele>
				<time>2025-06-06T14:45:08Z</time>
			</trkpt>
			<trkpt lat="35.64203317357836" lon="-82.24388019239426">
				<ele>766.4526923745871</ele>
				<time>2025-06-06T14:45:10Z</time>
			</trkpt>
			<trkpt lat="35.64202028340819" lon="-82.2439172658029">
				<ele>767.1532986573875</ele>
				<time>2025-06-06T14:45:12Z</time>
			</trkpt>
			<trkpt lat="35.64201064865583" lon="-82.2439390676012">
				<ele>767.429312074557</ele>
				<time>2025-06-06T14:45:13Z</time>
			</trkpt>
			<trkpt lat="35.6419995207629" lon="-82.2439572410731">
				<ele>767.4432767666876</ele>
				<time>2025-06-06T14:45:14Z</time>
			</trkpt>
			<trkpt lat="35.64198112496559" lon="-82.24397025518314">
				<ele>767.3269908446819</ele>
				<time>2025-06-06T14:45:15Z</time>
			</trkpt>
			<trkpt lat="35.64195151008753" lon="-82.24396383290708">
				<ele>767.5166429877281</ele>
				<time>2025-06-06T14:45:17Z</time>
			</trkpt>
			<trkpt lat="35.64192964820708" lon="-82.24393642811765">
				<ele>768.8081701882184</ele>
				<time>2025-06-06T14:45:19Z</time>
			</trkpt>
			<trkpt lat="35.641905222515575" lon="-82.24391324243753">
				<ele>770.6967668337747</ele>
				<time>2025-06-06T14:45:25Z</time>
			</trkpt>
			<trkpt lat="35.64187187731954" lon="-82.24390694916129">
				<ele>770.0517064863816</ele>
				<time>2025-06-06T14:45:27Z</time>
			</trkpt>
			<trkpt lat="35.64185224458274" lon="-82.24391202076117">
				<ele>769.7357226582244</ele>
				<time>2025-06-06T14:45:28Z</time>
			</trkpt>
			<trkpt lat="35.64181991708193" lon="-82.24391559424375">
				<ele>769.5944456150755</ele>
				<time>2025-06-06T14:45:29Z</time>
			</trkpt>
			<trkpt lat="35.64178675021732" lon="-82.24392212782955">
				<ele>769.7383931856602</ele>
				<time>2025-06-06T14:45:30Z</time>
			</trkpt>
			<trkpt lat="35.641743360046846" lon="-82.24392685157004">
				<ele>768.9958001468331</ele>
				<time>2025-06-06T14:45:31Z</time>
			</trkpt>
			<trkpt lat="35.641704483920115" lon="-82.24393719110927">
				<ele>768.4553239289671</ele>
				<time>2025-06-06T14:45:32Z</time>
			</trkpt>
			<trkpt lat="35.64166615966166" lon="-82.24395643794777">
				<ele>767.7699661431834</ele>
				<time>2025-06-06T14:45:33Z</time>
			</trkpt>
			<trkpt lat="35.64164087660188" lon="-82.24397185934724">
				<ele>767.9170988919213</ele>
				<time>2025-06-06T14:45:34Z</time>
			</trkpt>
			<trkpt lat="35.641616987317434" lon="-82.24399744602289">
				<ele>767.2947052745149</ele>
				<time>2025-06-06T14:45:35Z</time>
			</trkpt>
			<trkpt lat="35.64160124845128" lon="-82.24401520767299">
				<ele>767.6658393153921</ele>
				<time>2025-06-06T14:45:36Z</time>
			</trkpt>
			<trkpt lat="35.64158738525753" lon="-82.24403724686444">
				<ele>767.9537392575294</ele>
				<time>2025-06-06T14:45:37Z</time>
			</trkpt>
			<trkpt lat="35.64158223299661" lon="-82.2440586689458">
				<ele>766.2677305936813</ele>
				<time>2025-06-06T14:45:38Z</time>
			</trkpt>
			<trkpt lat="35.64157849265667" lon="-82.24408168060883">
				<ele>765.530163930729</ele>
				<time>2025-06-06T14:45:39Z</time>
			</trkpt>
			<trkpt lat="35.64156453342915" lon="-82.24411009215113">
				<ele>766.9269889732823</ele>
				<time>2025-06-06T14:45:41Z</time>
			</trkpt>
			<trkpt lat="35.641555604952735" lon="-82.24414612124706">
				<ele>765.8893537884578</ele>
				<time>2025-06-06T14:45:43Z</time>
			</trkpt>
			<trkpt lat="35.64155927816466" lon="-82.24418730131656">
				<ele>764.4026416549459</ele>
				<time>2025-06-06T14:45:45Z</time>
			</trkpt>
			<trkpt lat="35.641564009760344" lon="-82.24422950363981">
				<ele>767.3792846174911</ele>
				<time>2025-06-06T14:45:47Z</time>
			</trkpt>
			<trkpt lat="35.64157109053511" lon="-82.24425579259253">
				<ele>767.8827849728987</ele>
				<time>2025-06-06T14:45:48Z</time>
			</trkpt>
			<trkpt lat="35.64158285585171" lon="-82.2442801465275">
				<ele>767.4345506252721</ele>
				<time>2025-06-06T14:45:49Z</time>
			</trkpt>
			<trkpt lat="35.641588721858206" lon="-82.24430259187302">
				<ele>767.4628427783027</ele>
				<time>2025-06-06T14:45:50Z</time>
			</trkpt>
			<trkpt lat="35.64159994511639" lon="-82.24432668735">
				<ele>767.1894163358957</ele>
				<time>2025-06-06T14:45:51Z</time>
			</trkpt>
			<trkpt lat="35.641611793272574" lon="-82.24434715909162">
				<ele>767.4487018529326</ele>
				<time>2025-06-06T14:45:52Z</time>
			</trkpt>
			<trkpt lat="35.64163209645364" lon="-82.24437428742067">
				<ele>767.1460439348593</ele>
				<time>2025-06-06T14:45:53Z</time>
			</trkpt>
			<trkpt lat="35.641650986339386" lon="-82.24439686965164">
				<ele>771.3195016924292</ele>
				<time>2025-06-06T14:45:55Z</time>
			</trkpt>
			<trkpt lat="35.641672069658924" lon="-82.24442832935772">
				<ele>772.6241304660216</ele>
				<time>2025-06-06T14:45:57Z</time>
			</trkpt>
			<trkpt lat="35.64168580796243" lon="-82.24444355395103">
				<ele>771.5352334892377</ele>
				<time>2025-06-06T14:45:58Z</time>
			</trkpt>
			<trkpt lat="35.64169692646554" lon="-82.24446094599287">
				<ele>771.979469479993</ele>
				<time>2025-06-06T14:45:59Z</time>
			</trkpt>
			<trkpt lat="35.64171183632361" lon="-82.24448291174295">
				<ele>770.752729350701</ele>
				<time>2025-06-06T14:46:00Z</time>
			</trkpt>
			<trkpt lat="35.64172990684487" lon="-82.24451841612037">
				<ele>773.5646210368723</ele>
				<time>2025-06-06T14:46:02Z</time>
			</trkpt>
			<trkpt lat="35.641742713841815" lon="-82.24454401363245">
				<ele>774.4642806667835</ele>
				<time>2025-06-06T14:46:03Z</time>
			</trkpt>
			<trkpt lat="35.641755999553595" lon="-82.2445865975114">
				<ele>774.1704245703295</ele>
				<time>2025-06-06T14:46:05Z</time>
			</trkpt>
			<trkpt lat="35.641765279709745" lon="-82.24460839587215">
				<ele>774.6354463556781</ele>
				<time>2025-06-06T14:46:06Z</time>
			</trkpt>
			<trkpt lat="35.64178081831805" lon="-82.24463549543671">
				<ele>775.4188081203029</ele>
				<time>2025-06-06T14:46:08Z</time>
			</trkpt>
			<trkpt lat="35.64180920490166" lon="-82.24466873957041">
				<ele>773.6236526453868</ele>
				<time>2025-06-06T14:46:10Z</time>
			</trkpt>
			<trkpt lat="35.641821097780934" lon="-82.24468769267344">
				<ele>773.8625271292403</ele>
				<time>2025-06-06T14:46:11Z</time>
			</trkpt>
			<trkpt lat="35.641834568292566" lon="-82.24471426775229">
				<ele>776.6222627321258</ele>
				<time>2025-06-06T14:46:14Z</time>
			</trkpt>
			<trkpt lat="35.64185379985864" lon="-82.24472954617059">
				<ele>777.4126829523593</ele>
				<time>2025-06-06T14:46:16Z</time>
			</trkpt>
			<trkpt lat="35.64187282070919" lon="-82.24475074245407">
				<ele>777.284059247002</ele>
				<time>2025-06-06T14:46:18Z</time>
			</trkpt>
			<trkpt lat="35.641893823573476" lon="-82.24477458020452">
				<ele>776.3017125399783</ele>
				<time>2025-06-06T14:46:20Z</time>
			</trkpt>
			<trkpt lat="35.641912254926" lon="-82.24480301585602">
				<ele>778.4693901734427</ele>
				<time>2025-06-06T14:46:23Z</time>
			</trkpt>
			<trkpt lat="35.641928512956454" lon="-82.24483795403823">
				<ele>778.9857491943985</ele>
				<time>2025-06-06T14:46:25Z</time>
			</trkpt>
			<trkpt lat="35.641945917539374" lon="-82.24485804792728">
				<ele>777.593292042613</ele>
				<time>2025-06-06T14:46:26Z</time>
			</trkpt>
			<trkpt lat="35.64195834616077" lon="-82.24488316705452">
				<ele>777.1915077511221</ele>
				<time>2025-06-06T14:46:27Z</time>
			</trkpt>
			<trkpt lat="35.64195886715353" lon="-82.24492227535534">
				<ele>779.1075595943257</ele>
				<time>2025-06-06T14:46:29Z</time>
			</trkpt>
			<trkpt lat="35.641959231470985" lon="-82.24495317166176">
				<ele>780.1962985079736</ele>
				<time>2025-06-06T14:46:32Z</time>
			</trkpt>
			<trkpt lat="35.641965773434734" lon="-82.24499364372636">
				<ele>781.1255896165967</ele>
				<time>2025-06-06T14:46:34Z</time>
			</trkpt>
			<trkpt lat="35.64197052242861" lon="-82.24502987613924">
				<ele>780.9811914674938</ele>
				<time>2025-06-06T14:46:35Z</time>
			</trkpt>
			<trkpt lat="35.64198754746234" lon="-82.24507025501924">
				<ele>781.4624472288415</ele>
				<time>2025-06-06T14:46:37Z</time>
			</trkpt>
			<trkpt lat="35.64199536739872" lon="-82.24509191976591">
				<ele>781.4095664741471</ele>
				<time>2025-06-06T14:46:38Z</time>
			</trkpt>
			<trkpt lat="35.64200272757643" lon="-82.24512483871382">
				<ele>780.6748437844217</ele>
				<time>2025-06-06T14:46:40Z</time>
			</trkpt>
			<trkpt lat="35.642012971831974" lon="-82.24515961953021">
				<ele>781.083707999438</ele>
				<time>2025-06-06T14:46:42Z</time>
			</trkpt>
			<trkpt lat="35.64202437693812" lon="-82.24518268329425">
				<ele>780.2372809099033</ele>
				<time>2025-06-06T14:46:44Z</time>
			</trkpt>
			<trkpt lat="35.64204755508678" lon="-82.24519904376554">
				<ele>778.2638931041583</ele>
				<time>2025-06-06T14:46:46Z</time>
			</trkpt>
			<trkpt lat="35.642060931786574" lon="-82.2452294346618">
				<ele>779.280978855677</ele>
				<time>2025-06-06T14:46:48Z</time>
			</trkpt>
			<trkpt lat="35.64208509387765" lon="-82.24524685504578">
				<ele>779.4471169644967</ele>
				<time>2025-06-06T14:46:51Z</time>
			</trkpt>
			<trkpt lat="35.64210310130496" lon="-82.24528131902314">
				<ele>779.8611115887761</ele>
				<time>2025-06-06T14:46:54Z</time>
			</trkpt>
			<trkpt lat="35.64209978456464" lon="-82.24530844249199">
				<ele>780.1301363725215</ele>
				<time>2025-06-06T14:46:55Z</time>
			</trkpt>
			<trkpt lat="35.64209262690421" lon="-82.24533870170269">
				<ele>780.3404321903363</ele>
				<time>2025-06-06T14:46:56Z</time>
			</trkpt>
			<trkpt lat="35.642075098916735" lon="-82.24537649747181">
				<ele>780.1355665037408</ele>
				<time>2025-06-06T14:46:58Z</time>
			</trkpt>
			<trkpt lat="35.6420644954433" lon="-82.24539687076204">
				<ele>780.128325778991</ele>
				<time>2025-06-06T14:47:00Z</time>
			</trkpt>
			<trkpt lat="35.64206578540984" lon="-82.24542005710614">
				<ele>780.3535539181903</ele>
				<time>2025-06-06T14:47:01Z</time>
			</trkpt>
			<trkpt lat="35.642066456084606" lon="-82.24544913525155">
				<ele>780.0371972406283</ele>
				<time>2025-06-06T14:47:02Z</time>
			</trkpt>
			<trkpt lat="35.642074075782446" lon="-82.24547319878135">
				<ele>780.5174765465781</ele>
				<time>2025-06-06T14:47:03Z</time>
			</trkpt>
			<trkpt lat="35.64208073130694" lon="-82.24550143403613">
				<ele>779.8740060757846</ele>
				<time>2025-06-06T14:47:04Z</time>
			</trkpt>
			<trkpt lat="35.64209003042138" lon="-82.24552779889213">
				<ele>780.2663641823456</ele>
				<time>2025-06-06T14:47:05Z</time>
			</trkpt>
			<trkpt lat="35.64210617707855" lon="-82.24556684952321">
				<ele>778.323091567494</ele>
				<time>2025-06-06T14:47:06Z</time>
			</trkpt>
			<trkpt lat="35.64211804911053" lon="-82.24559747777651">
				<ele>778.9751222524792</ele>
				<time>2025-06-06T14:47:07Z</time>
			</trkpt>
			<trkpt lat="35.642133319461315" lon="-82.24562825483152">
				<ele>778.0033363513649</ele>
				<time>2025-06-06T14:47:08Z</time>
			</trkpt>
			<trkpt lat="35.64214896077108" lon="-82.24565479841186">
				<ele>776.6952585764229</ele>
				<time>2025-06-06T14:47:09Z</time>
			</trkpt>
			<trkpt lat="35.64217137225519" lon="-82.2456659569134">
				<ele>775.7860038718209</ele>
				<time>2025-06-06T14:47:10Z</time>
			</trkpt>
			<trkpt lat="35.642197544437046" lon="-82.24567338049272">
				<ele>775.0241820225492</ele>
				<time>2025-06-06T14:47:11Z</time>
			</trkpt>
			<trkpt lat="35.64223188295193" lon="-82.24568448932551">
				<ele>774.033543843776</ele>
				<time>2025-06-06T14:47:12Z</time>
			</trkpt>
			<trkpt lat="35.642251248897196" lon="-82.24568646389879">
				<ele>774.1263697212562</ele>
				<time>2025-06-06T14:47:13Z</time>
			</trkpt>
			<trkpt lat="35.64228518837174" lon="-82.2456815977784">
				<ele>773.9148434335366</ele>
				<time>2025-06-06T14:47:14Z</time>
			</trkpt>
			<trkpt lat="35.642316745021276" lon="-82.24566162542973">
				<ele>773.5126858688891</ele>
				<time>2025-06-06T14:47:15Z</time>
			</trkpt>
			<trkpt lat="35.642365975533934" lon="-82.24563588987922">
				<ele>774.0937540205196</ele>
				<time>2025-06-06T14:47:16Z</time>
			</trkpt>
			<trkpt lat="35.64240442955912" lon="-82.24562446734184">
				<ele>774.2565069599077</ele>
				<time>2025-06-06T14:47:17Z</time>
			</trkpt>
			<trkpt lat="35.64244269723451" lon="-82.24560559671272">
				<ele>774.6093473639339</ele>
				<time>2025-06-06T14:47:18Z</time>
			</trkpt>
			<trkpt lat="35.64249145143745" lon="-82.24558525474568">
				<ele>775.1951776947826</ele>
				<time>2025-06-06T14:47:19Z</time>
			</trkpt>
			<trkpt lat="35.64252217076248" lon="-82.24556737268874">
				<ele>774.8397366013378</ele>
				<time>2025-06-06T14:47:20Z</time>
			</trkpt>
			<trkpt lat="35.64253747985226" lon="-82.2455552264455">
				<ele>774.8850992638618</ele>
				<time>2025-06-06T14:47:21Z</time>
			</trkpt>
			<trkpt lat="35.642556699270486" lon="-82.2455507798284">
				<ele>775.7660560011864</ele>
				<time>2025-06-06T14:47:22Z</time>
			</trkpt>
			<trkpt lat="35.64256921435631" lon="-82.24556882276097">
				<ele>777.9803217789158</ele>
				<time>2025-06-06T14:47:24Z</time>
			</trkpt>
			<trkpt lat="35.642557840484265" lon="-82.24559607903896">
				<ele>777.0020338715985</ele>
				<time>2025-06-06T14:47:25Z</time>
			</trkpt>
			<trkpt lat="35.64254385472589" lon="-82.24563000781625">
				<ele>777.5159162310883</ele>
				<time>2025-06-06T14:47:26Z</time>
			</trkpt>
			<trkpt lat="35.642522401658546" lon="-82.245659596573">
				<ele>777.7408228414133</ele>
				<time>2025-06-06T14:47:27Z</time>
			</trkpt>
			<trkpt lat="35.6425049284223" lon="-82.24568825853675">
				<ele>778.9132511969656</ele>
				<time>2025-06-06T14:47:28Z</time>
			</trkpt>
			<trkpt lat="35.64247935916593" lon="-82.24572988540459">
				<ele>778.7851515971124</ele>
				<time>2025-06-06T14:47:29Z</time>
			</trkpt>
			<trkpt lat="35.64243509639539" lon="-82.24576523975168">
				<ele>778.2395981736481</ele>
				<time>2025-06-06T14:47:30Z</time>
			</trkpt>
			<trkpt lat="35.64239266491907" lon="-82.2457915303194">
				<ele>779.024225121364</ele>
				<time>2025-06-06T14:47:31Z</time>
			</trkpt>
			<trkpt lat="35.64234867468637" lon="-82.24580780841013">
				<ele>779.1449139053002</ele>
				<time>2025-06-06T14:47:32Z</time>
			</trkpt>
			<trkpt lat="35.642319225537705" lon="-82.24581642411638">
				<ele>779.2465650159866</ele>
				<time>2025-06-06T14:47:33Z</time>
			</trkpt>
			<trkpt lat="35.64228920239656" lon="-82.2458342730924">
				<ele>780.0389723358676</ele>
				<time>2025-06-06T14:47:34Z</time>
			</trkpt>
			<trkpt lat="35.642265099381405" lon="-82.24585842570063">
				<ele>779.0900309020653</ele>
				<time>2025-06-06T14:47:35Z</time>
			</trkpt>
			<trkpt lat="35.64223384859529" lon="-82.24588892672703">
				<ele>779.9803686952218</ele>
				<time>2025-06-06T14:47:36Z</time>
			</trkpt>
			<trkpt lat="35.642209708475036" lon="-82.24593913904609">
				<ele>779.9213298605755</ele>
				<time>2025-06-06T14:47:37Z</time>
			</trkpt>
			<trkpt lat="35.642180485438736" lon="-82.24597904849047">
				<ele>779.239810783416</ele>
				<time>2025-06-06T14:47:38Z</time>
			</trkpt>
			<trkpt lat="35.642151447177774" lon="-82.24602385222225">
				<ele>778.4435875630006</ele>
				<time>2025-06-06T14:47:39Z</time>
			</trkpt>
			<trkpt lat="35.64211857074043" lon="-82.24607427713823">
				<ele>777.4442261727527</ele>
				<time>2025-06-06T14:47:40Z</time>
			</trkpt>
			<trkpt lat="35.64207572269624" lon="-82.24610410436713">
				<ele>776.5557016255334</ele>
				<time>2025-06-06T14:47:41Z</time>
			</trkpt>
			<trkpt lat="35.64204904241449" lon="-82.24613557221373">
				<ele>775.9978420156986</ele>
				<time>2025-06-06T14:47:42Z</time>
			</trkpt>
			<trkpt lat="35.642037281800135" lon="-82.24615673982002">
				<ele>775.3902753153816</ele>
				<time>2025-06-06T14:47:43Z</time>
			</trkpt>
			<trkpt lat="35.64201900380089" lon="-82.24617095838816">
				<ele>776.856307586655</ele>
				<time>2025-06-06T14:47:44Z</time>
			</trkpt>
			<trkpt lat="35.64199438963885" lon="-82.24618445932161">
				<ele>776.7519032862037</ele>
				<time>2025-06-06T14:47:45Z</time>
			</trkpt>
			<trkpt lat="35.64196467206002" lon="-82.24619239920968">
				<ele>774.6773352222517</ele>
				<time>2025-06-06T14:47:46Z</time>
			</trkpt>
			<trkpt lat="35.64193537326707" lon="-82.2461935987354">
				<ele>774.0098199481145</ele>
				<time>2025-06-06T14:47:47Z</time>
			</trkpt>
			<trkpt lat="35.641905695360734" lon="-82.24618616525699">
				<ele>774.0727290678769</ele>
				<time>2025-06-06T14:47:48Z</time>
			</trkpt>
			<trkpt lat="35.64188227884315" lon="-82.2461624236251">
				<ele>773.4143758127466</ele>
				<time>2025-06-06T14:47:49Z</time>
			</trkpt>
			<trkpt lat="35.64188297114178" lon="-82.2461297697253">
				<ele>772.1491530267522</ele>
				<time>2025-06-06T14:47:50Z</time>
			</trkpt>
			<trkpt lat="35.64188271812839" lon="-82.24610289959297">
				<ele>770.1973575772718</ele>
				<time>2025-06-06T14:47:51Z</time>
			</trkpt>
			<trkpt lat="35.64187472036509" lon="-82.24606877619767">
				<ele>768.2774217445403</ele>
				<time>2025-06-06T14:47:52Z</time>
			</trkpt>
			<trkpt lat="35.64184220521662" lon="-82.24604735689609">
				<ele>766.7458053454757</ele>
				<time>2025-06-06T14:47:54Z</time>
			</trkpt>
			<trkpt lat="35.64180607858983" lon="-82.24603945117322">
				<ele>766.4779599467292</ele>
				<time>2025-06-06T14:47:55Z</time>
			</trkpt>
			<trkpt lat="35.64176261116696" lon="-82.24604435118137">
				<ele>766.9022438442335</ele>
				<time>2025-06-06T14:47:56Z</time>
			</trkpt>
			<trkpt lat="35.64170831816637" lon="-82.24607377120843">
				<ele>767.3384199952707</ele>
				<time>2025-06-06T14:47:57Z</time>
			</trkpt>
			<trkpt lat="35.64168225411152" lon="-82.24609460604401">
				<ele>770.2786819087341</ele>
				<time>2025-06-06T14:47:58Z</time>
			</trkpt>
			<trkpt lat="35.64165444440951" lon="-82.24610807398027">
				<ele>774.2628304865211</ele>
				<time>2025-06-06T14:47:59Z</time>
			</trkpt>
			<trkpt lat="35.6416238851132" lon="-82.2461222837364">
				<ele>778.018026702106</ele>
				<time>2025-06-06T14:48:00Z</time>
			</trkpt>
			<trkpt lat="35.64161000773322" lon="-82.24614335310957">
				<ele>778.0742207644507</ele>
				<time>2025-06-06T14:48:01Z</time>
			</trkpt>
			<trkpt lat="35.64159422913639" lon="-82.24617624477213">
				<ele>780.3876252183691</ele>
				<time>2025-06-06T14:48:02Z</time>
			</trkpt>
			<trkpt lat="35.64159060018262" lon="-82.2462113647639">
				<ele>783.8806887799874</ele>
				<time>2025-06-06T14:48:03Z</time>
			</trkpt>
			<trkpt lat="35.641601510144156" lon="-82.24624953805913">
				<ele>784.7269282825291</ele>
				<time>2025-06-06T14:48:04Z</time>
			</trkpt>
			<trkpt lat="35.6416234907226" lon="-82.24627608463524">
				<ele>781.9825262185186</ele>
				<time>2025-06-06T14:48:05Z</time>
			</trkpt>
			<trkpt lat="35.64164945143715" lon="-82.24629266827384">
				<ele>780.3614476146176</ele>
				<time>2025-06-06T14:48:06Z</time>
			</trkpt>
			<trkpt lat="35.64166155122653" lon="-82.2463174354778">
				<ele>778.6863346537575</ele>
				<time>2025-06-06T14:48:07Z</time>
			</trkpt>
			<trkpt lat="35.64167442583697" lon="-82.24633798428327">
				<ele>777.1608702829108</ele>
				<time>2025-06-06T14:48:08Z</time>
			</trkpt>
			<trkpt lat="35.64169885848241" lon="-82.24637409309786">
				<ele>772.3159905793145</ele>
				<time>2025-06-06T14:48:10Z</time>
			</trkpt>
			<trkpt lat="35.641717338584314" lon="-82.24641073312982">
				<ele>771.6125774420798</ele>
				<time>2025-06-06T14:48:12Z</time>
			</trkpt>
			<trkpt lat="35.6417462653386" lon="-82.24642500297276">
				<ele>768.3873448362574</ele>
				<time>2025-06-06T14:48:13Z</time>
			</trkpt>
			<trkpt lat="35.64178505357387" lon="-82.24644628776016">
				<ele>766.5518209189177</ele>
				<time>2025-06-06T14:48:15Z</time>
			</trkpt>
			<trkpt lat="35.64183365785932" lon="-82.24646553488192">
				<ele>766.6508688433096</ele>
				<time>2025-06-06T14:48:17Z</time>
			</trkpt>
			<trkpt lat="35.64185618605736" lon="-82.24647628763789">
				<ele>765.6851664949208</ele>
				<time>2025-06-06T14:48:18Z</time>
			</trkpt>
			<trkpt lat="35.641885085346544" lon="-82.24648966642776">
				<ele>764.8407247671857</ele>
				<time>2025-06-06T14:48:19Z</time>
			</trkpt>
			<trkpt lat="35.64189900701971" lon="-82.24651319083638">
				<ele>764.9530381439254</ele>
				<time>2025-06-06T14:48:20Z</time>
			</trkpt>
			<trkpt lat="35.64192429548724" lon="-82.24653389904994">
				<ele>763.3589519476518</ele>
				<time>2025-06-06T14:48:22Z</time>
			</trkpt>
			<trkpt lat="35.6418851494118" lon="-82.24655221804562">
				<ele>764.2157555762678</ele>
				<time>2025-06-06T14:48:24Z</time>
			</trkpt>
			<trkpt lat="35.641853889065786" lon="-82.24656503702555">
				<ele>764.1818050341681</ele>
				<time>2025-06-06T14:48:25Z</time>
			</trkpt>
			<trkpt lat="35.64182503200671" lon="-82.24656953869633">
				<ele>763.6369660571218</ele>
				<time>2025-06-06T14:48:26Z</time>
			</trkpt>
			<trkpt lat="35.64180077217691" lon="-82.24657388264944">
				<ele>763.560828898102</ele>
				<time>2025-06-06T14:48:27Z</time>
			</trkpt>
			<trkpt lat="35.641773814730264" lon="-82.24657630051378">
				<ele>763.7985103996471</ele>
				<time>2025-06-06T14:48:28Z</time>
			</trkpt>
			<trkpt lat="35.64174415953863" lon="-82.24657543905079">
				<ele>763.5415998473763</ele>
				<time>2025-06-06T14:48:29Z</time>
			</trkpt>
			<trkpt lat="35.64171490468142" lon="-82.2465736145208">
				<ele>763.8414535569027</ele>
				<time>2025-06-06T14:48:30Z</time>
			</trkpt>
			<trkpt lat="35.64169295786885" lon="-82.24656529462976">
				<ele>764.6117528593168</ele>
				<time>2025-06-06T14:48:31Z</time>
			</trkpt>
			<trkpt lat="35.641655905203955" lon="-82.24656615005591">
				<ele>764.5001648757607</ele>
				<time>2025-06-06T14:48:32Z</time>
			</trkpt>
			<trkpt lat="35.64161078259186" lon="-82.24656471189421">
				<ele>764.3336910186335</ele>
				<time>2025-06-06T14:48:33Z</time>
			</trkpt>
			<trkpt lat="35.64156958830939" lon="-82.24657570336372">
				<ele>764.8241839045659</ele>
				<time>2025-06-06T14:48:34Z</time>
			</trkpt>
			<trkpt lat="35.641514003740454" lon="-82.2465829518424">
				<ele>764.7226595608518</ele>
				<time>2025-06-06T14:48:35Z</time>
			</trkpt>
			<trkpt lat="35.641483524194705" lon="-82.24656649319897">
				<ele>765.4611079813913</ele>
				<time>2025-06-06T14:48:36Z</time>
			</trkpt>
			<trkpt lat="35.641460648038425" lon="-82.24655253224567">
				<ele>764.8276294646785</ele>
				<time>2025-06-06T14:48:37Z</time>
			</trkpt>
			<trkpt lat="35.641418275072326" lon="-82.24652491071329">
				<ele>763.2156837591901</ele>
				<time>2025-06-06T14:48:39Z</time>
			</trkpt>
			<trkpt lat="35.64139877496836" lon="-82.2465180837772">
				<ele>762.2487335372716</ele>
				<time>2025-06-06T14:48:40Z</time>
			</trkpt>
			<trkpt lat="35.64135873905814" lon="-82.24649814759908">
				<ele>760.241112196818</ele>
				<time>2025-06-06T14:48:41Z</time>
			</trkpt>
			<trkpt lat="35.64133299642032" lon="-82.24649658022767">
				<ele>760.1411517607048</ele>
				<time>2025-06-06T14:48:42Z</time>
			</trkpt>
			<trkpt lat="35.64130364130375" lon="-82.2464929149386">
				<ele>758.4303174894303</ele>
				<time>2025-06-06T14:48:43Z</time>
			</trkpt>
			<trkpt lat="35.641265168069545" lon="-82.24648904487692">
				<ele>758.5692999428138</ele>
				<time>2025-06-06T14:48:44Z</time>
			</trkpt>
			<trkpt lat="35.641243339064424" lon="-82.24650176558431">
				<ele>759.0359412189573</ele>
				<time>2025-06-06T14:48:45Z</time>
			</trkpt>
			<trkpt lat="35.64120281353329" lon="-82.24652216530042">
				<ele>759.1714927405119</ele>
				<time>2025-06-06T14:48:46Z</time>
			</trkpt>
			<trkpt lat="35.64116569151632" lon="-82.24653567667563">
				<ele>760.5708058802411</ele>
				<time>2025-06-06T14:48:47Z</time>
			</trkpt>
			<trkpt lat="35.64114835864672" lon="-82.24657039109822">
				<ele>760.1693213339895</ele>
				<time>2025-06-06T14:48:48Z</time>
			</trkpt>
			<trkpt lat="35.64113293416374" lon="-82.24659186173702">
				<ele>759.7449380289763</ele>
				<time>2025-06-06T14:48:49Z</time>
			</trkpt>
			<trkpt lat="35.641114942650034" lon="-82.24659929065169">
				<ele>761.7633508630097</ele>
				<time>2025-06-06T14:48:50Z</time>
			</trkpt>
			<trkpt lat="35.641096421897146" lon="-82.24661172804475">
				<ele>760.7468458805233</ele>
				<time>2025-06-06T14:48:51Z</time>
			</trkpt>
			<trkpt lat="35.64107741986214" lon="-82.24663300289484">
				<ele>759.4316985001788</ele>
				<time>2025-06-06T14:48:52Z</time>
			</trkpt>
			<trkpt lat="35.64105677978436" lon="-82.246645862304">
				<ele>760.2459315052256</ele>
				<time>2025-06-06T14:48:53Z</time>
			</trkpt>
			<trkpt lat="35.641041737076876" lon="-82.24666604205602">
				<ele>758.5697832312435</ele>
				<time>2025-06-06T14:48:54Z</time>
			</trkpt>
			<trkpt lat="35.64102462948866" lon="-82.24668244444865">
				<ele>760.1325898366049</ele>
				<time>2025-06-06T14:48:55Z</time>
			</trkpt>
			<trkpt lat="35.64101325296788" lon="-82.24670341836561">
				<ele>758.8017635848373</ele>
				<time>2025-06-06T14:48:56Z</time>
			</trkpt>
			<trkpt lat="35.6409933139921" lon="-82.2467230262563">
				<ele>759.1670377766714</ele>
				<time>2025-06-06T14:48:58Z</time>
			</trkpt>
			<trkpt lat="35.64098130014794" lon="-82.24676134842207">
				<ele>759.2501256782562</ele>
				<time>2025-06-06T14:49:00Z</time>
			</trkpt>
			<trkpt lat="35.64097550210473" lon="-82.24679262165515">
				<ele>761.8698465609923</ele>
				<time>2025-06-06T14:49:02Z</time>
			</trkpt>
			<trkpt lat="35.6409817456473" lon="-82.24681544387481">
				<ele>760.4845425495878</ele>
				<time>2025-06-06T14:49:03Z</time>
			</trkpt>
			<trkpt lat="35.64098509546714" lon="-82.2468446349038">
				<ele>762.3934677550569</ele>
				<time>2025-06-06T14:49:05Z</time>
			</trkpt>
			<trkpt lat="35.64098445066806" lon="-82.24688301873206">
				<ele>761.396944835782</ele>
				<time>2025-06-06T14:49:07Z</time>
			</trkpt>
			<trkpt lat="35.640982911694564" lon="-82.24692132314628">
				<ele>761.8804855262861</ele>
				<time>2025-06-06T14:49:09Z</time>
			</trkpt>
			<trkpt lat="35.64098745316505" lon="-82.24696044685905">
				<ele>762.5345339709893</ele>
				<time>2025-06-06T14:49:11Z</time>
			</trkpt>
			<trkpt lat="35.640994388089034" lon="-82.24699279124678">
				<ele>762.8331282082945</ele>
				<time>2025-06-06T14:49:13Z</time>
			</trkpt>
			<trkpt lat="35.6409998775071" lon="-82.24702817707104">
				<ele>763.0595924695954</ele>
				<time>2025-06-06T14:49:15Z</time>
			</trkpt>
			<trkpt lat="35.641003532778505" lon="-82.24705600978123">
				<ele>764.0156831713393</ele>
				<time>2025-06-06T14:49:17Z</time>
			</trkpt>
			<trkpt lat="35.64101018179244" lon="-82.24707838535826">
				<ele>763.2119202082977</ele>
				<time>2025-06-06T14:49:18Z</time>
			</trkpt>
			<trkpt lat="35.64102376277321" lon="-82.24709984988277">
				<ele>766.2115136543289</ele>
				<time>2025-06-06T14:49:20Z</time>
			</trkpt>
			<trkpt lat="35.64103472328802" lon="-82.247118072002">
				<ele>766.3660317901522</ele>
				<time>2025-06-06T14:49:21Z</time>
			</trkpt>
			<trkpt lat="35.64105883859416" lon="-82.24715241939643">
				<ele>766.4520628293976</ele>
				<time>2025-06-06T14:49:23Z</time>
			</trkpt>
			<trkpt lat="35.64107154920231" lon="-82.24717033138455">
				<ele>767.6773057719693</ele>
				<time>2025-06-06T14:49:24Z</time>
			</trkpt>
			<trkpt lat="35.641091498458096" lon="-82.24721010731498">
				<ele>767.7368594286963</ele>
				<time>2025-06-06T14:49:26Z</time>
			</trkpt>
			<trkpt lat="35.64110983711659" lon="-82.24723635542978">
				<ele>766.2213980741799</ele>
				<time>2025-06-06T14:49:27Z</time>
			</trkpt>
			<trkpt lat="35.641123409731314" lon="-82.24725522873152">
				<ele>767.0582752907649</ele>
				<time>2025-06-06T14:49:28Z</time>
			</trkpt>
			<trkpt lat="35.64113675688958" lon="-82.24727400914563">
				<ele>766.5440509496257</ele>
				<time>2025-06-06T14:49:29Z</time>
			</trkpt>
			<trkpt lat="35.64115703532969" lon="-82.2473048535171">
				<ele>764.7760614855215</ele>
				<time>2025-06-06T14:49:31Z</time>
			</trkpt>
			<trkpt lat="35.64117276521466" lon="-82.24733719473107">
				<ele>765.2859775498509</ele>
				<time>2025-06-06T14:49:33Z</time>
			</trkpt>
			<trkpt lat="35.64119662684529" lon="-82.24736317569857">
				<ele>764.7021337272599</ele>
				<time>2025-06-06T14:49:35Z</time>
			</trkpt>
			<trkpt lat="35.641208133143046" lon="-82.24738899251268">
				<ele>765.4198053460568</ele>
				<time>2025-06-06T14:49:37Z</time>
			</trkpt>
			<trkpt lat="35.64122364847899" lon="-82.24741885931033">
				<ele>765.8214102843776</ele>
				<time>2025-06-06T14:49:39Z</time>
			</trkpt>
			<trkpt lat="35.641234706464466" lon="-82.24743687717371">
				<ele>764.8905983651057</ele>
				<time>2025-06-06T14:49:40Z</time>
			</trkpt>
			<trkpt lat="35.64126016492425" lon="-82.24745437801315">
				<ele>765.3676658347249</ele>
				<time>2025-06-06T14:49:42Z</time>
			</trkpt>
			<trkpt lat="35.641275744018216" lon="-82.2474683979276">
				<ele>766.5000734394416</ele>
				<time>2025-06-06T14:49:43Z</time>
			</trkpt>
			<trkpt lat="35.641292246683165" lon="-82.2474954898034">
				<ele>766.0623269546777</ele>
				<time>2025-06-06T14:49:45Z</time>
			</trkpt>
			<trkpt lat="35.641302238158126" lon="-82.24751559394592">
				<ele>765.7532266639173</ele>
				<time>2025-06-06T14:49:47Z</time>
			</trkpt>
			<trkpt lat="35.64131899365374" lon="-82.24753068059496">
				<ele>766.6885258303955</ele>
				<time>2025-06-06T14:49:49Z</time>
			</trkpt>
			<trkpt lat="35.641336675750736" lon="-82.24754529798247">
				<ele>768.2487128013745</ele>
				<time>2025-06-06T14:49:51Z</time>
			</trkpt>
			<trkpt lat="35.64134707655341" lon="-82.24756477090689">
				<ele>768.3517722859979</ele>
				<time>2025-06-06T14:49:52Z</time>
			</trkpt>
			<trkpt lat="35.64136722988842" lon="-82.24759945771187">
				<ele>767.7151529751718</ele>
				<time>2025-06-06T14:49:54Z</time>
			</trkpt>
			<trkpt lat="35.64138308429334" lon="-82.24761742531004">
				<ele>766.2803397579119</ele>
				<time>2025-06-06T14:49:55Z</time>
			</trkpt>
			<trkpt lat="35.641408866906104" lon="-82.24764761266927">
				<ele>768.8414532635361</ele>
				<time>2025-06-06T14:49:57Z</time>
			</trkpt>
			<trkpt lat="35.64142931098061" lon="-82.2476859072765">
				<ele>767.4916166048497</ele>
				<time>2025-06-06T14:49:59Z</time>
			</trkpt>
			<trkpt lat="35.64144458430688" lon="-82.24771235600852">
				<ele>767.5506439432502</ele>
				<time>2025-06-06T14:50:01Z</time>
			</trkpt>
			<trkpt lat="35.64146418854022" lon="-82.24773425374484">
				<ele>768.5269695641473</ele>
				<time>2025-06-06T14:50:03Z</time>
			</trkpt>
			<trkpt lat="35.641481081017126" lon="-82.24775414565127">
				<ele>770.0603003939614</ele>
				<time>2025-06-06T14:50:05Z</time>
			</trkpt>
			<trkpt lat="35.64149747207926" lon="-82.24777126948605">
				<ele>770.4142781626433</ele>
				<time>2025-06-06T14:50:07Z</time>
			</trkpt>
			<trkpt lat="35.64151806752676" lon="-82.24778364347226">
				<ele>769.8542593540624</ele>
				<time>2025-06-06T14:50:09Z</time>
			</trkpt>
			<trkpt lat="35.64154378664729" lon="-82.24779211971253">
				<ele>770.5408449973911</ele>
				<time>2025-06-06T14:50:11Z</time>
			</trkpt>
			<trkpt lat="35.641565333783674" lon="-82.24780074291975">
				<ele>771.4832509402186</ele>
				<time>2025-06-06T14:50:13Z</time>
			</trkpt>
			<trkpt lat="35.64159465583802" lon="-82.24781923664439">
				<ele>768.8545113410801</ele>
				<time>2025-06-06T14:50:15Z</time>
			</trkpt>
			<trkpt lat="35.641616547012795" lon="-82.24784702439369">
				<ele>770.5953737972304</ele>
				<time>2025-06-06T14:50:17Z</time>
			</trkpt>
			<trkpt lat="35.64163714848404" lon="-82.24787487519937">
				<ele>770.9975469224155</ele>
				<time>2025-06-06T14:50:19Z</time>
			</trkpt>
			<trkpt lat="35.64165830323989" lon="-82.24789548244523">
				<ele>771.7344663636759</ele>
				<time>2025-06-06T14:50:21Z</time>
			</trkpt>
			<trkpt lat="35.6416797599635" lon="-82.24792905997118">
				<ele>771.6417304193601</ele>
				<time>2025-06-06T14:50:23Z</time>
			</trkpt>
			<trkpt lat="35.64169662203827" lon="-82.24796582563167">
				<ele>770.8924329904839</ele>
				<time>2025-06-06T14:50:25Z</time>
			</trkpt>
			<trkpt lat="35.64171114134857" lon="-82.24799465399728">
				<ele>771.2326710671186</ele>
				<time>2025-06-06T14:50:27Z</time>
			</trkpt>
			<trkpt lat="35.641727875316946" lon="-82.2480189589952">
				<ele>773.120236071758</ele>
				<time>2025-06-06T14:50:30Z</time>
			</trkpt>
			<trkpt lat="35.6417468346963" lon="-82.24805148791815">
				<ele>769.4813492633402</ele>
				<time>2025-06-06T14:50:32Z</time>
			</trkpt>
			<trkpt lat="35.64175957862311" lon="-82.24807364300312">
				<ele>769.6544914571568</ele>
				<time>2025-06-06T14:50:34Z</time>
			</trkpt>
			<trkpt lat="35.64177620991949" lon="-82.24810125568371">
				<ele>768.4319706643</ele>
				<time>2025-06-06T14:50:36Z</time>
			</trkpt>
			<trkpt lat="35.6417941047881" lon="-82.24811695084612">
				<ele>768.2385221906006</ele>
				<time>2025-06-06T14:50:37Z</time>
			</trkpt>
			<trkpt lat="35.64181456128978" lon="-82.2481300404868">
				<ele>768.793096639216</ele>
				<time>2025-06-06T14:50:38Z</time>
			</trkpt>
			<trkpt lat="35.641841246600315" lon="-82.24815570447798">
				<ele>768.4599470859393</ele>
				<time>2025-06-06T14:50:40Z</time>
			</trkpt>
			<trkpt lat="35.64185277680156" lon="-82.24817767269823">
				<ele>767.969133567065</ele>
				<time>2025-06-06T14:50:41Z</time>
			</trkpt>
			<trkpt lat="35.64187397484144" lon="-82.24821424569232">
				<ele>767.8651673104614</ele>
				<time>2025-06-06T14:50:43Z</time>
			</trkpt>
			<trkpt lat="35.64189427961524" lon="-82.2482478780977">
				<ele>767.3582021184266</ele>
				<time>2025-06-06T14:50:45Z</time>
			</trkpt>
			<trkpt lat="35.641916764260905" lon="-82.24827431757011">
				<ele>767.9373901663348</ele>
				<time>2025-06-06T14:50:47Z</time>
			</trkpt>
			<trkpt lat="35.64193670416616" lon="-82.24828703355738">
				<ele>768.7645451398566</ele>
				<time>2025-06-06T14:50:49Z</time>
			</trkpt>
			<trkpt lat="35.64195449760328" lon="-82.2482977669382">
				<ele>770.7685051895678</ele>
				<time>2025-06-06T14:50:51Z</time>
			</trkpt>
			<trkpt lat="35.641971101364284" lon="-82.24832223019303">
				<ele>771.7877967292443</ele>
				<time>2025-06-06T14:50:53Z</time>
			</trkpt>
			<trkpt lat="35.64198476441281" lon="-82.24834058038559">
				<ele>773.2985069416463</ele>
				<time>2025-06-06T14:50:55Z</time>
			</trkpt>
			<trkpt lat="35.64198646901249" lon="-82.24837016173024">
				<ele>773.5731347473338</ele>
				<time>2025-06-06T14:50:58Z</time>
			</trkpt>
			<trkpt lat="35.641987041711054" lon="-82.24839306366282">
				<ele>772.914847176522</ele>
				<time>2025-06-06T14:51:00Z</time>
			</trkpt>
			<trkpt lat="35.64196835086582" lon="-82.24841321815909">
				<ele>771.9274810897186</ele>
				<time>2025-06-06T14:51:03Z</time>
			</trkpt>
			<trkpt lat="35.64195239478026" lon="-82.24842528472661">
				<ele>772.4983258210123</ele>
				<time>2025-06-06T14:51:05Z</time>
			</trkpt>
			<trkpt lat="35.64193212054339" lon="-82.24843784859054">
				<ele>772.6650058096275</ele>
				<time>2025-06-06T14:51:07Z</time>
			</trkpt>
			<trkpt lat="35.64190993162473" lon="-82.24844536059592">
				<ele>773.9549417318776</ele>
				<time>2025-06-06T14:51:09Z</time>
			</trkpt>
			<trkpt lat="35.641888387668864" lon="-82.24844952586847">
				<ele>774.8837705263868</ele>
				<time>2025-06-06T14:51:11Z</time>
			</trkpt>
			<trkpt lat="35.641862294657635" lon="-82.24846171982362">
				<ele>773.9988679131493</ele>
				<time>2025-06-06T14:51:13Z</time>
			</trkpt>
			<trkpt lat="35.64183699753676" lon="-82.24846789344946">
				<ele>775.0766251012683</ele>
				<time>2025-06-06T14:51:15Z</time>
			</trkpt>
			<trkpt lat="35.64181680072013" lon="-82.24847760912517">
				<ele>775.0069452906027</ele>
				<time>2025-06-06T14:51:17Z</time>
			</trkpt>
			<trkpt lat="35.64179476777872" lon="-82.24849289198029">
				<ele>775.1941463975236</ele>
				<time>2025-06-06T14:51:19Z</time>
			</trkpt>
			<trkpt lat="35.64177137491437" lon="-82.2485097421058">
				<ele>775.2001382410526</ele>
				<time>2025-06-06T14:51:21Z</time>
			</trkpt>
			<trkpt lat="35.64174601158172" lon="-82.24851889852593">
				<ele>775.1704673580825</ele>
				<time>2025-06-06T14:51:23Z</time>
			</trkpt>
			<trkpt lat="35.64170855141467" lon="-82.24852377792797">
				<ele>775.199152648449</ele>
				<time>2025-06-06T14:51:25Z</time>
			</trkpt>
			<trkpt lat="35.64168307326255" lon="-82.24852887430266">
				<ele>776.0245310794562</ele>
				<time>2025-06-06T14:51:26Z</time>
			</trkpt>
			<trkpt lat="35.64164787799555" lon="-82.24853025362371">
				<ele>776.8013616539538</ele>
				<time>2025-06-06T14:51:28Z</time>
			</trkpt>
			<trkpt lat="35.64162642751297" lon="-82.2485283933113">
				<ele>777.0655630044639</ele>
				<time>2025-06-06T14:51:29Z</time>
			</trkpt>
			<trkpt lat="35.6415979553762" lon="-82.24852665177401">
				<ele>777.7538793385029</ele>
				<time>2025-06-06T14:51:31Z</time>
			</trkpt>
			<trkpt lat="35.641569133071336" lon="-82.24852568792117">
				<ele>777.8662965223193</ele>
				<time>2025-06-06T14:51:33Z</time>
			</trkpt>
			<trkpt lat="35.64154624267361" lon="-82.2485195820851">
				<ele>777.3473971066996</ele>
				<time>2025-06-06T14:51:36Z</time>
			</trkpt>
			<trkpt lat="35.64152260969506" lon="-82.2485089030932">
				<ele>780.2321201534942</ele>
				<time>2025-06-06T14:51:38Z</time>
			</trkpt>
			<trkpt lat="35.641496106890635" lon="-82.24849916080993">
				<ele>780.6119027780369</ele>
				<time>2025-06-06T14:51:40Z</time>
			</trkpt>
			<trkpt lat="35.641465550636056" lon="-82.24849753873444">
				<ele>781.9461737591773</ele>
				<time>2025-06-06T14:51:42Z</time>
			</trkpt>
			<trkpt lat="35.641434584535226" lon="-82.24848219592124">
				<ele>780.8278521019965</ele>
				<time>2025-06-06T14:51:44Z</time>
			</trkpt>
			<trkpt lat="35.641414449128085" lon="-82.24848155101688">
				<ele>782.0150109343231</ele>
				<time>2025-06-06T14:51:46Z</time>
			</trkpt>
			<trkpt lat="35.641389938795456" lon="-82.24847743907442">
				<ele>781.7585419639945</ele>
				<time>2025-06-06T14:51:48Z</time>
			</trkpt>
			<trkpt lat="35.64137081005973" lon="-82.24847259606425">
				<ele>779.9647559784353</ele>
				<time>2025-06-06T14:51:49Z</time>
			</trkpt>
			<trkpt lat="35.641350863658275" lon="-82.24847215899707">
				<ele>780.867377855815</ele>
				<time>2025-06-06T14:51:50Z</time>
			</trkpt>
			<trkpt lat="35.64132356093525" lon="-82.24845943285482">
				<ele>780.7328853690997</ele>
				<time>2025-06-06T14:51:52Z</time>
			</trkpt>
			<trkpt lat="35.64130134353087" lon="-82.24845151000548">
				<ele>782.6161167966202</ele>
				<time>2025-06-06T14:51:54Z</time>
			</trkpt>
			<trkpt lat="35.64128015309129" lon="-82.2484442438645">
				<ele>781.0356304431334</ele>
				<time>2025-06-06T14:51:56Z</time>
			</trkpt>
			<trkpt lat="35.64125213732348" lon="-82.2484481385578">
				<ele>784.4192796805874</ele>
				<time>2025-06-06T14:51:58Z</time>
			</trkpt>
			<trkpt lat="35.64122732145152" lon="-82.24843319603039">
				<ele>784.7126955557615</ele>
				<time>2025-06-06T14:52:00Z</time>
			</trkpt>
			<trkpt lat="35.64119019514765" lon="-82.24842233672598">
				<ele>784.8572684042156</ele>
				<time>2025-06-06T14:52:02Z</time>
			</trkpt>
			<trkpt lat="35.64117039777067" lon="-82.24841619063082">
				<ele>784.7702651647851</ele>
				<time>2025-06-06T14:52:03Z</time>
			</trkpt>
			<trkpt lat="35.641148455433374" lon="-82.24841941547459">
				<ele>785.7951661674306</ele>
				<time>2025-06-06T14:52:04Z</time>
			</trkpt>
			<trkpt lat="35.64111712215217" lon="-82.24841742863403">
				<ele>784.9717491874471</ele>
				<time>2025-06-06T14:52:06Z</time>
			</trkpt>
			<trkpt lat="35.64109296675149" lon="-82.24842376962425">
				<ele>784.6694399481639</ele>
				<time>2025-06-06T14:52:08Z</time>
			</trkpt>
			<trkpt lat="35.64107178388833" lon="-82.24843222145363">
				<ele>786.5524781364948</ele>
				<time>2025-06-06T14:52:09Z</time>
			</trkpt>
			<trkpt lat="35.64104575893032" lon="-82.24843247381698">
				<ele>787.2882892880589</ele>
				<time>2025-06-06T14:52:10Z</time>
			</trkpt>
			<trkpt lat="35.64103064689696" lon="-82.24841961531625">
				<ele>785.0826696865261</ele>
				<time>2025-06-06T14:52:11Z</time>
			</trkpt>
			<trkpt lat="35.64100678116739" lon="-82.24842288416617">
				<ele>785.7870943024755</ele>
				<time>2025-06-06T14:52:12Z</time>
			</trkpt>
			<trkpt lat="35.640986597899484" lon="-82.24842557257959">
				<ele>785.5072812438011</ele>
				<time>2025-06-06T14:52:14Z</time>
			</trkpt>
			<trkpt lat="35.64096102936543" lon="-82.24843408737394">
				<ele>786.5905170468614</ele>
				<time>2025-06-06T14:52:16Z</time>
			</trkpt>
			<trkpt lat="35.64093064213515" lon="-82.24843817658892">
				<ele>787.882671632804</ele>
				<time>2025-06-06T14:52:18Z</time>
			</trkpt>
			<trkpt lat="35.64089398833938" lon="-82.2484438167417">
				<ele>788.6193214599043</ele>
				<time>2025-06-06T14:52:20Z</time>
			</trkpt>
			<trkpt lat="35.64085816941616" lon="-82.24844570807016">
				<ele>786.7886838158593</ele>
				<time>2025-06-06T14:52:22Z</time>
			</trkpt>
			<trkpt lat="35.64083942291214" lon="-82.24844541421642">
				<ele>786.195893170312</ele>
				<time>2025-06-06T14:52:23Z</time>
			</trkpt>
			<trkpt lat="35.640821134776786" lon="-82.24844755362105">
				<ele>786.4094255696982</ele>
				<time>2025-06-06T14:52:25Z</time>
			</trkpt>
			<trkpt lat="35.64080199940969" lon="-82.24844521496594">
				<ele>784.6007702583447</ele>
				<time>2025-06-06T14:52:26Z</time>
			</trkpt>
			<trkpt lat="35.64076452292567" lon="-82.24844324893992">
				<ele>785.7854506550357</ele>
				<time>2025-06-06T14:52:28Z</time>
			</trkpt>
			<trkpt lat="35.64074490267774" lon="-82.24844908892749">
				<ele>787.326109004207</ele>
				<time>2025-06-06T14:52:29Z</time>
			</trkpt>
			<trkpt lat="35.640713198439535" lon="-82.24844031873586">
				<ele>786.8982711723074</ele>
				<time>2025-06-06T14:52:31Z</time>
			</trkpt>
			<trkpt lat="35.64069335421536" lon="-82.24843757156712">
				<ele>785.3340483512729</ele>
				<time>2025-06-06T14:52:32Z</time>
			</trkpt>
			<trkpt lat="35.64066504889994" lon="-82.24843746054873">
				<ele>784.8037468427792</ele>
				<time>2025-06-06T14:52:34Z</time>
			</trkpt>
			<trkpt lat="35.64063691946796" lon="-82.24844447836836">
				<ele>784.3693899372593</ele>
				<time>2025-06-06T14:52:36Z</time>
			</trkpt>
			<trkpt lat="35.640615189403675" lon="-82.2484435242681">
				<ele>782.4628968248144</ele>
				<time>2025-06-06T14:52:38Z</time>
			</trkpt>
			<trkpt lat="35.64058505353967" lon="-82.24843941265434">
				<ele>782.3360463753343</ele>
				<time>2025-06-06T14:52:39Z</time>
			</trkpt>
			<trkpt lat="35.6405593522033" lon="-82.24843665846609">
				<ele>782.4321587011218</ele>
				<time>2025-06-06T14:52:40Z</time>
			</trkpt>
			<trkpt lat="35.640526624815536" lon="-82.2484314485861">
				<ele>779.9360254127532</ele>
				<time>2025-06-06T14:52:42Z</time>
			</trkpt>
			<trkpt lat="35.64050433951834" lon="-82.24843304181567">
				<ele>779.3834120351821</ele>
				<time>2025-06-06T14:52:43Z</time>
			</trkpt>
			<trkpt lat="35.64047659224524" lon="-82.24842996011783">
				<ele>779.5959118111059</ele>
				<time>2025-06-06T14:52:44Z</time>
			</trkpt>
			<trkpt lat="35.64045761215649" lon="-82.24843504489789">
				<ele>779.0006491495296</ele>
				<time>2025-06-06T14:52:45Z</time>
			</trkpt>
			<trkpt lat="35.64042812809365" lon="-82.24844464019978">
				<ele>778.7961515979841</ele>
				<time>2025-06-06T14:52:46Z</time>
			</trkpt>
			<trkpt lat="35.64040648583256" lon="-82.24845274889307">
				<ele>778.7632325291634</ele>
				<time>2025-06-06T14:52:47Z</time>
			</trkpt>
			<trkpt lat="35.64036755637052" lon="-82.24846638148857">
				<ele>778.7605860680342</ele>
				<time>2025-06-06T14:52:48Z</time>
			</trkpt>
			<trkpt lat="35.64032762300147" lon="-82.24848775619527">
				<ele>777.2207111828029</ele>
				<time>2025-06-06T14:52:50Z</time>
			</trkpt>
			<trkpt lat="35.64029723410659" lon="-82.24850226917262">
				<ele>776.8648803438991</ele>
				<time>2025-06-06T14:52:52Z</time>
			</trkpt>
			<trkpt lat="35.6402692902648" lon="-82.2485278586735">
				<ele>776.6873744977638</ele>
				<time>2025-06-06T14:52:54Z</time>
			</trkpt>
			<trkpt lat="35.64025033990653" lon="-82.24853689365565">
				<ele>777.9628913942724</ele>
				<time>2025-06-06T14:52:55Z</time>
			</trkpt>
			<trkpt lat="35.640222471841874" lon="-82.24855398577056">
				<ele>780.4597632735968</ele>
				<time>2025-06-06T14:52:57Z</time>
			</trkpt>
			<trkpt lat="35.64020568806144" lon="-82.24856518171102">
				<ele>781.2591674374416</ele>
				<time>2025-06-06T14:52:58Z</time>
			</trkpt>
			<trkpt lat="35.64018940945274" lon="-82.2485862501058">
				<ele>781.3811154877767</ele>
				<time>2025-06-06T14:52:59Z</time>
			</trkpt>
			<trkpt lat="35.64016630975263" lon="-82.24860381886339">
				<ele>783.1804563328624</ele>
				<time>2025-06-06T14:53:01Z</time>
			</trkpt>
			<trkpt lat="35.64014589410657" lon="-82.24861529635703">
				<ele>783.6433033784851</ele>
				<time>2025-06-06T14:53:02Z</time>
			</trkpt>
			<trkpt lat="35.64012686907902" lon="-82.24862665710513">
				<ele>783.3210777612403</ele>
				<time>2025-06-06T14:53:03Z</time>
			</trkpt>
			<trkpt lat="35.640113478959684" lon="-82.2486424108678">
				<ele>782.5216712914407</ele>
				<time>2025-06-06T14:53:04Z</time>
			</trkpt>
			<trkpt lat="35.640096306062915" lon="-82.24867105583262">
				<ele>783.6653267294168</ele>
				<time>2025-06-06T14:53:06Z</time>
			</trkpt>
			<trkpt lat="35.64007971551516" lon="-82.2486927908796">
				<ele>785.7154423920438</ele>
				<time>2025-06-06T14:53:08Z</time>
			</trkpt>
			<trkpt lat="35.64006129556361" lon="-82.24871647637097">
				<ele>785.9619448268786</ele>
				<time>2025-06-06T14:53:10Z</time>
			</trkpt>
			<trkpt lat="35.640051105489086" lon="-82.24873475939432">
				<ele>785.8777862647548</ele>
				<time>2025-06-06T14:53:11Z</time>
			</trkpt>
			<trkpt lat="35.64003941934588" lon="-82.24875662864378">
				<ele>784.7654143255204</ele>
				<time>2025-06-06T14:53:12Z</time>
			</trkpt>
			<trkpt lat="35.640019957448295" lon="-82.24879165406435">
				<ele>783.8708105254918</ele>
				<time>2025-06-06T14:53:14Z</time>
			</trkpt>
			<trkpt lat="35.64000440025803" lon="-82.24882623976667">
				<ele>784.8659733077511</ele>
				<time>2025-06-06T14:53:16Z</time>
			</trkpt>
			<trkpt lat="35.63999295379074" lon="-82.24886151595827">
				<ele>783.7489645266905</ele>
				<time>2025-06-06T14:53:18Z</time>
			</trkpt>
			<trkpt lat="35.639981331786686" lon="-82.24888495219709">
				<ele>786.6683418853208</ele>
				<time>2025-06-06T14:53:20Z</time>
			</trkpt>
			<trkpt lat="35.63996543338726" lon="-82.2489114258646">
				<ele>786.7130714766681</ele>
				<time>2025-06-06T14:53:22Z</time>
			</trkpt>
			<trkpt lat="35.63994610112772" lon="-82.24894314950521">
				<ele>786.970519582741</ele>
				<time>2025-06-06T14:53:24Z</time>
			</trkpt>
			<trkpt lat="35.63993300403021" lon="-82.24895927486777">
				<ele>786.2748202988878</ele>
				<time>2025-06-06T14:53:25Z</time>
			</trkpt>
			<trkpt lat="35.63992672638906" lon="-82.24898816037468">
				<ele>787.7740450110286</ele>
				<time>2025-06-06T14:53:27Z</time>
			</trkpt>
			<trkpt lat="35.639914899542234" lon="-82.24902626580524">
				<ele>787.5624907305464</ele>
				<time>2025-06-06T14:53:29Z</time>
			</trkpt>
			<trkpt lat="35.639901688219474" lon="-82.2490457016106">
				<ele>786.0754872690886</ele>
				<time>2025-06-06T14:53:30Z</time>
			</trkpt>
			<trkpt lat="35.63989299670701" lon="-82.24906837926899">
				<ele>785.5957023333758</ele>
				<time>2025-06-06T14:53:31Z</time>
			</trkpt>
			<trkpt lat="35.639884321162775" lon="-82.249092432481">
				<ele>785.0364173697308</ele>
				<time>2025-06-06T14:53:32Z</time>
			</trkpt>
			<trkpt lat="35.63987607856357" lon="-82.24911856081604">
				<ele>785.0526096550748</ele>
				<time>2025-06-06T14:53:33Z</time>
			</trkpt>
			<trkpt lat="35.63985885068415" lon="-82.24913448716217">
				<ele>784.921720075421</ele>
				<time>2025-06-06T14:53:34Z</time>
			</trkpt>
			<trkpt lat="35.63984558012579" lon="-82.249171266928">
				<ele>784.2270515616983</ele>
				<time>2025-06-06T14:53:36Z</time>
			</trkpt>
			<trkpt lat="35.639832903823255" lon="-82.2491893124557">
				<ele>783.7359318174422</ele>
				<time>2025-06-06T14:53:37Z</time>
			</trkpt>
			<trkpt lat="35.6398244035405" lon="-82.24921063321327">
				<ele>783.485084656626</ele>
				<time>2025-06-06T14:53:38Z</time>
			</trkpt>
			<trkpt lat="35.639804993662594" lon="-82.2492333026053">
				<ele>783.085928119719</ele>
				<time>2025-06-06T14:53:39Z</time>
			</trkpt>
			<trkpt lat="35.639779872606866" lon="-82.24926283631936">
				<ele>782.5964020509273</ele>
				<time>2025-06-06T14:53:40Z</time>
			</trkpt>
			<trkpt lat="35.63975983816305" lon="-82.24930652576381">
				<ele>782.0460169352591</ele>
				<time>2025-06-06T14:53:41Z</time>
			</trkpt>
			<trkpt lat="35.63973408850944" lon="-82.24934555614607">
				<ele>781.9704449176788</ele>
				<time>2025-06-06T14:53:42Z</time>
			</trkpt>
			<trkpt lat="35.63972446300232" lon="-82.24939727248899">
				<ele>782.544566671364</ele>
				<time>2025-06-06T14:53:43Z</time>
			</trkpt>
			<trkpt lat="35.63971339498831" lon="-82.24945070765374">
				<ele>783.9702312266454</ele>
				<time>2025-06-06T14:53:44Z</time>
			</trkpt>
			<trkpt lat="35.639696102374415" lon="-82.24950440110447">
				<ele>784.1110142236575</ele>
				<time>2025-06-06T14:53:45Z</time>
			</trkpt>
			<trkpt lat="35.639686209144614" lon="-82.24955459201792">
				<ele>784.9683729391545</ele>
				<time>2025-06-06T14:53:46Z</time>
			</trkpt>
			<trkpt lat="35.63965564155817" lon="-82.24958683934675">
				<ele>784.7789491424337</ele>
				<time>2025-06-06T14:53:47Z</time>
			</trkpt>
			<trkpt lat="35.63961929523362" lon="-82.24960193386428">
				<ele>784.7575917355716</ele>
				<time>2025-06-06T14:53:48Z</time>
			</trkpt>
			<trkpt lat="35.6395708050346" lon="-82.24963075698192">
				<ele>784.7381745940074</ele>
				<time>2025-06-06T14:53:49Z</time>
			</trkpt>
			<trkpt lat="35.63951587846163" lon="-82.24964929252627">
				<ele>784.4564301427454</ele>
				<time>2025-06-06T14:53:50Z</time>
			</trkpt>
			<trkpt lat="35.63948561819221" lon="-82.24966606388419">
				<ele>784.6999101238325</ele>
				<time>2025-06-06T14:53:51Z</time>
			</trkpt>
			<trkpt lat="35.63945070282622" lon="-82.2496574269262">
				<ele>785.0685964869335</ele>
				<time>2025-06-06T14:53:52Z</time>
			</trkpt>
			<trkpt lat="35.639385798061014" lon="-82.24964077894704">
				<ele>785.1106631420553</ele>
				<time>2025-06-06T14:53:53Z</time>
			</trkpt>
			<trkpt lat="35.63932511494617" lon="-82.24965405411994">
				<ele>785.7861030614004</ele>
				<time>2025-06-06T14:53:54Z</time>
			</trkpt>
			<trkpt lat="35.63926002677138" lon="-82.24967689234333">
				<ele>785.5345699954778</ele>
				<time>2025-06-06T14:53:55Z</time>
			</trkpt>
			<trkpt lat="35.63920752112904" lon="-82.24969979103798">
				<ele>785.3543178942055</ele>
				<time>2025-06-06T14:53:56Z</time>
			</trkpt>
			<trkpt lat="35.6391412224758" lon="-82.24972820024932">
				<ele>785.4906628029421</ele>
				<time>2025-06-06T14:53:57Z</time>
			</trkpt>
			<trkpt lat="35.63906765589069" lon="-82.24976348559292">
				<ele>784.761501382105</ele>
				<time>2025-06-06T14:53:58Z</time>
			</trkpt>
			<trkpt lat="35.6390004084602" lon="-82.24983464859278">
				<ele>784.2989296587184</ele>
				<time>2025-06-06T14:53:59Z</time>
			</trkpt>
			<trkpt lat="35.638905165699065" lon="-82.24987942563516">
				<ele>783.9089422477409</ele>
				<time>2025-06-06T14:54:00Z</time>
			</trkpt>
			<trkpt lat="35.63879554500602" lon="-82.24992375468273">
				<ele>780.4575648615137</ele>
				<time>2025-06-06T14:54:01Z</time>
			</trkpt>
			<trkpt lat="35.63870414570921" lon="-82.24994238237761">
				<ele>779.259866814129</ele>
				<time>2025-06-06T14:54:02Z</time>
			</trkpt>
			<trkpt lat="35.63859614866133" lon="-82.24995491767633">
				<ele>778.256466852501</ele>
				<time>2025-06-06T14:54:03Z</time>
			</trkpt>
			<trkpt lat="35.63848780854888" lon="-82.24993283361866">
				<ele>776.0979401580989</ele>
				<time>2025-06-06T14:54:04Z</time>
			</trkpt>
			<trkpt lat="35.63837876245053" lon="-82.24991855357871">
				<ele>774.575535855256</ele>
				<time>2025-06-06T14:54:05Z</time>
			</trkpt>
			<trkpt lat="35.63828745907806" lon="-82.24994464728171">
				<ele>773.07405912783</ele>
				<time>2025-06-06T14:54:06Z</time>
			</trkpt>
			<trkpt lat="35.6382030994654" lon="-82.24994493961118">
				<ele>772.0285531831905</ele>
				<time>2025-06-06T14:54:07Z</time>
			</trkpt>
			<trkpt lat="35.638123415989824" lon="-82.249920654992">
				<ele>770.4605689719319</ele>
				<time>2025-06-06T14:54:08Z</time>
			</trkpt>
			<trkpt lat="35.638052887614464" lon="-82.2498901876615">
				<ele>768.3730067769065</ele>
				<time>2025-06-06T14:54:09Z</time>
			</trkpt>
			<trkpt lat="35.637965512331895" lon="-82.24987606977925">
				<ele>766.825878447853</ele>
				<time>2025-06-06T14:54:10Z</time>
			</trkpt>
			<trkpt lat="35.6378831469851" lon="-82.24988883512667">
				<ele>766.4003566289321</ele>
				<time>2025-06-06T14:54:11Z</time>
			</trkpt>
			<trkpt lat="35.637804121470616" lon="-82.24990227303569">
				<ele>766.3579666698352</ele>
				<time>2025-06-06T14:54:12Z</time>
			</trkpt>
			<trkpt lat="35.63774221778793" lon="-82.24993104531522">
				<ele>766.9799583088607</ele>
				<time>2025-06-06T14:54:13Z</time>
			</trkpt>
			<trkpt lat="35.63767563300936" lon="-82.25000061952682">
				<ele>766.1965271662921</ele>
				<time>2025-06-06T14:54:14Z</time>
			</trkpt>
			<trkpt lat="35.637625389848424" lon="-82.25005104885757">
				<ele>765.3343617208302</ele>
				<time>2025-06-06T14:54:15Z</time>
			</trkpt>
			<trkpt lat="35.63758165874932" lon="-82.25009605861919">
				<ele>765.106394293718</ele>
				<time>2025-06-06T14:54:16Z</time>
			</trkpt>
			<trkpt lat="35.6375475844623" lon="-82.25013421088006">
				<ele>765.2962961271405</ele>
				<time>2025-06-06T14:54:17Z</time>
			</trkpt>
			<trkpt lat="35.63751502947383" lon="-82.25016974829265">
				<ele>764.3693792335689</ele>
				<time>2025-06-06T14:54:18Z</time>
			</trkpt>
			<trkpt lat="35.637499979761486" lon="-82.25021227225497">
				<ele>763.3352853050455</ele>
				<time>2025-06-06T14:54:19Z</time>
			</trkpt>
			<trkpt lat="35.637516417188046" lon="-82.25023297968971">
				<ele>761.5362214064226</ele>
				<time>2025-06-06T14:54:21Z</time>
			</trkpt>
			<trkpt lat="35.637519529171875" lon="-82.25025743706539">
				<ele>759.7525513228029</ele>
				<time>2025-06-06T14:54:23Z</time>
			</trkpt>
			<trkpt lat="35.63750931472224" lon="-82.25029294001585">
				<ele>760.7232346087694</ele>
				<time>2025-06-06T14:54:25Z</time>
			</trkpt>
			<trkpt lat="35.63748333900454" lon="-82.25031205012259">
				<ele>765.1565217813477</ele>
				<time>2025-06-06T14:54:27Z</time>
			</trkpt>
			<trkpt lat="35.637477627919786" lon="-82.2503339562929">
				<ele>764.4883852340281</ele>
				<time>2025-06-06T14:54:28Z</time>
			</trkpt>
			<trkpt lat="35.6374556927198" lon="-82.25037350356035">
				<ele>764.5516822254285</ele>
				<time>2025-06-06T14:54:30Z</time>
			</trkpt>
			<trkpt lat="35.637447859796254" lon="-82.25040120454712">
				<ele>765.0270845107734</ele>
				<time>2025-06-06T14:54:31Z</time>
			</trkpt>
			<trkpt lat="35.63743229744505" lon="-82.25043111898371">
				<ele>767.4900634940714</ele>
				<time>2025-06-06T14:54:33Z</time>
			</trkpt>
			<trkpt lat="35.63742480138867" lon="-82.25047005240967">
				<ele>768.3752146614715</ele>
				<time>2025-06-06T14:54:35Z</time>
			</trkpt>
			<trkpt lat="35.637428672414984" lon="-82.25049467351629">
				<ele>767.5854206914082</ele>
				<time>2025-06-06T14:54:36Z</time>
			</trkpt>
			<trkpt lat="35.63742718546596" lon="-82.25051874969473">
				<ele>767.5820052307099</ele>
				<time>2025-06-06T14:54:37Z</time>
			</trkpt>
			<trkpt lat="35.63742659510988" lon="-82.25054116814609">
				<ele>768.5743726370856</ele>
				<time>2025-06-06T14:54:38Z</time>
			</trkpt>
			<trkpt lat="35.6374271631448" lon="-82.25057169311658">
				<ele>768.555956418626</ele>
				<time>2025-06-06T14:54:39Z</time>
			</trkpt>
			<trkpt lat="35.637425335831665" lon="-82.25061769720736">
				<ele>769.276405041106</ele>
				<time>2025-06-06T14:54:41Z</time>
			</trkpt>
			<trkpt lat="35.637427743002675" lon="-82.25066011324898">
				<ele>770.1535370294005</ele>
				<time>2025-06-06T14:54:43Z</time>
			</trkpt>
			<trkpt lat="35.63742745115507" lon="-82.25068803259246">
				<ele>770.70727957692</ele>
				<time>2025-06-06T14:54:44Z</time>
			</trkpt>
			<trkpt lat="35.63742924696868" lon="-82.25071378242022">
				<ele>770.0880679273978</ele>
				<time>2025-06-06T14:54:45Z</time>
			</trkpt>
			<trkpt lat="35.63742867305746" lon="-82.25074084363818">
				<ele>770.1865181373432</ele>
				<time>2025-06-06T14:54:46Z</time>
			</trkpt>
			<trkpt lat="35.63743013339905" lon="-82.25076846921232">
				<ele>770.5538063952699</ele>
				<time>2025-06-06T14:54:47Z</time>
			</trkpt>
			<trkpt lat="35.63743350944712" lon="-82.25080057063627">
				<ele>770.4010991044343</ele>
				<time>2025-06-06T14:54:48Z</time>
			</trkpt>
			<trkpt lat="35.637436409317246" lon="-82.25082282614858">
				<ele>769.6990415630862</ele>
				<time>2025-06-06T14:54:49Z</time>
			</trkpt>
			<trkpt lat="35.6374396597638" lon="-82.25085792833632">
				<ele>769.6619097851217</ele>
				<time>2025-06-06T14:54:50Z</time>
			</trkpt>
			<trkpt lat="35.63744260843428" lon="-82.25088129250277">
				<ele>769.5661317734048</ele>
				<time>2025-06-06T14:54:51Z</time>
			</trkpt>
			<trkpt lat="35.637447416596764" lon="-82.25092166539096">
				<ele>769.3330029528588</ele>
				<time>2025-06-06T14:54:52Z</time>
			</trkpt>
			<trkpt lat="35.63745220471764" lon="-82.25094660192828">
				<ele>769.2009881213307</ele>
				<time>2025-06-06T14:54:53Z</time>
			</trkpt>
			<trkpt lat="35.63745562154169" lon="-82.25098864000135">
				<ele>769.2622683187947</ele>
				<time>2025-06-06T14:54:54Z</time>
			</trkpt>
			<trkpt lat="35.63746306166285" lon="-82.25106113773396">
				<ele>768.9910677764565</ele>
				<time>2025-06-06T14:54:56Z</time>
			</trkpt>
			<trkpt lat="35.63747318460543" lon="-82.25115123638393">
				<ele>768.020496211946</ele>
				<time>2025-06-06T14:54:58Z</time>
			</trkpt>
			<trkpt lat="35.637479701239236" lon="-82.2512199199605">
				<ele>768.1953870076686</ele>
				<time>2025-06-06T14:54:59Z</time>
			</trkpt>
			<trkpt lat="35.637483644710166" lon="-82.25127991821579">
				<ele>767.6937685748562</ele>
				<time>2025-06-06T14:55:00Z</time>
			</trkpt>
			<trkpt lat="35.637490036946375" lon="-82.25133674517947">
				<ele>767.4882344696671</ele>
				<time>2025-06-06T14:55:01Z</time>
			</trkpt>
			<trkpt lat="35.637501244634066" lon="-82.25139295085974">
				<ele>767.7897623218596</ele>
				<time>2025-06-06T14:55:02Z</time>
			</trkpt>
			<trkpt lat="35.637527785679794" lon="-82.25145187715164">
				<ele>767.0088079767302</ele>
				<time>2025-06-06T14:55:03Z</time>
			</trkpt>
			<trkpt lat="35.637561788321094" lon="-82.25150662325098">
				<ele>767.7087733177468</ele>
				<time>2025-06-06T14:55:04Z</time>
			</trkpt>
			<trkpt lat="35.6376130510573" lon="-82.25157917761285">
				<ele>766.49745177757</ele>
				<time>2025-06-06T14:55:05Z</time>
			</trkpt>
			<trkpt lat="35.63768071610636" lon="-82.25164259777412">
				<ele>766.5797250354663</ele>
				<time>2025-06-06T14:55:06Z</time>
			</trkpt>
			<trkpt lat="35.63772423334164" lon="-82.2517083572915">
				<ele>767.2033499758691</ele>
				<time>2025-06-06T14:55:07Z</time>
			</trkpt>
			<trkpt lat="35.63776167195325" lon="-82.25177076652638">
				<ele>767.5964842978865</ele>
				<time>2025-06-06T14:55:08Z</time>
			</trkpt>
			<trkpt lat="35.63779701584438" lon="-82.25183243428107">
				<ele>765.8145730504766</ele>
				<time>2025-06-06T14:55:09Z</time>
			</trkpt>
			<trkpt lat="35.63781186623914" lon="-82.25190590388097">
				<ele>764.7975696958601</ele>
				<time>2025-06-06T14:55:10Z</time>
			</trkpt>
			<trkpt lat="35.63780110844348" lon="-82.25196948732135">
				<ele>763.6371729914099</ele>
				<time>2025-06-06T14:55:11Z</time>
			</trkpt>
			<trkpt lat="35.63776788022609" lon="-82.25202335005417">
				<ele>762.432573992759</ele>
				<time>2025-06-06T14:55:12Z</time>
			</trkpt>
			<trkpt lat="35.63775175260458" lon="-82.25201167557356">
				<ele>762.4482905315235</ele>
				<time>2025-06-06T14:55:13Z</time>
			</trkpt>
			<trkpt lat="35.637720138474705" lon="-82.25205729253827">
				<ele>762.2004365352914</ele>
				<time>2025-06-06T14:55:14Z</time>
			</trkpt>
			<trkpt lat="35.637714524491926" lon="-82.25207903734997">
				<ele>762.0263022333384</ele>
				<time>2025-06-06T14:55:15Z</time>
			</trkpt>
			<trkpt lat="35.637651094925396" lon="-82.25216717652258">
				<ele>761.9051099047065</ele>
				<time>2025-06-06T14:55:16Z</time>
			</trkpt>
			<trkpt lat="35.637600458738966" lon="-82.25220768507764">
				<ele>761.3593832645565</ele>
				<time>2025-06-06T14:55:17Z</time>
			</trkpt>
			<trkpt lat="35.6375081679745" lon="-82.25229008168714">
				<ele>760.4195437850431</ele>
				<time>2025-06-06T14:55:18Z</time>
			</trkpt>
			<trkpt lat="35.637392556833625" lon="-82.25236469176448">
				<ele>757.8408094057813</ele>
				<time>2025-06-06T14:55:19Z</time>
			</trkpt>
			<trkpt lat="35.63730998340533" lon="-82.25240513917845">
				<ele>756.8524591512978</ele>
				<time>2025-06-06T14:55:20Z</time>
			</trkpt>
			<trkpt lat="35.637233919385935" lon="-82.25243381280073">
				<ele>755.1068137483671</ele>
				<time>2025-06-06T14:55:21Z</time>
			</trkpt>
			<trkpt lat="35.6371748178699" lon="-82.25245291102033">
				<ele>755.032637369819</ele>
				<time>2025-06-06T14:55:22Z</time>
			</trkpt>
			<trkpt lat="35.63710636973886" lon="-82.25247348777077">
				<ele>754.6902089295909</ele>
				<time>2025-06-06T14:55:23Z</time>
			</trkpt>
			<trkpt lat="35.63703798576458" lon="-82.2524796360061">
				<ele>755.9308880688623</ele>
				<time>2025-06-06T14:55:24Z</time>
			</trkpt>
			<trkpt lat="35.63695933882819" lon="-82.25252231726493">
				<ele>756.9755656104535</ele>
				<time>2025-06-06T14:55:25Z</time>
			</trkpt>
			<trkpt lat="35.636911770265364" lon="-82.25255570963286">
				<ele>756.5686692781746</ele>
				<time>2025-06-06T14:55:26Z</time>
			</trkpt>
			<trkpt lat="35.63685966719122" lon="-82.25259511287338">
				<ele>756.7861991263926</ele>
				<time>2025-06-06T14:55:27Z</time>
			</trkpt>
			<trkpt lat="35.63681797515688" lon="-82.25262730074898">
				<ele>758.2054063091055</ele>
				<time>2025-06-06T14:55:28Z</time>
			</trkpt>
			<trkpt lat="35.63680219186469" lon="-82.25264939177148">
				<ele>761.5685399109498</ele>
				<time>2025-06-06T14:55:29Z</time>
			</trkpt>
			<trkpt lat="35.63681886258514" lon="-82.25267904418367">
				<ele>761.9992222813889</ele>
				<time>2025-06-06T14:55:30Z</time>
			</trkpt>
			<trkpt lat="35.636840458616625" lon="-82.25271020427468">
				<ele>762.568133556284</ele>
				<time>2025-06-06T14:55:31Z</time>
			</trkpt>
			<trkpt lat="35.636861017613406" lon="-82.25274211624402">
				<ele>762.0770836248994</ele>
				<time>2025-06-06T14:55:32Z</time>
			</trkpt>
			<trkpt lat="35.63690460690987" lon="-82.25277868481281">
				<ele>763.4294601958245</ele>
				<time>2025-06-06T14:55:33Z</time>
			</trkpt>
			<trkpt lat="35.63696575475429" lon="-82.25284448158926">
				<ele>763.1026628054678</ele>
				<time>2025-06-06T14:55:34Z</time>
			</trkpt>
			<trkpt lat="35.636994564087594" lon="-82.25288122003188">
				<ele>763.0090966960415</ele>
				<time>2025-06-06T14:55:35Z</time>
			</trkpt>
			<trkpt lat="35.63700862843445" lon="-82.2528996696722">
				<ele>764.4023307841271</ele>
				<time>2025-06-06T14:55:36Z</time>
			</trkpt>
			<trkpt lat="35.6370245359213" lon="-82.25292321165546">
				<ele>763.2160241091624</ele>
				<time>2025-06-06T14:55:37Z</time>
			</trkpt>
			<trkpt lat="35.63704374325373" lon="-82.2529675971128">
				<ele>766.2644027993083</ele>
				<time>2025-06-06T14:55:39Z</time>
			</trkpt>
			<trkpt lat="35.6370509102221" lon="-82.25299379036231">
				<ele>767.1614415105432</ele>
				<time>2025-06-06T14:55:40Z</time>
			</trkpt>
			<trkpt lat="35.63706224412102" lon="-82.25302113084645">
				<ele>767.7531375074759</ele>
				<time>2025-06-06T14:55:41Z</time>
			</trkpt>
			<trkpt lat="35.63707961453414" lon="-82.25304263496822">
				<ele>767.5535514634103</ele>
				<time>2025-06-06T14:55:42Z</time>
			</trkpt>
			<trkpt lat="35.63711129761744" lon="-82.25307406840261">
				<ele>770.9428324596956</ele>
				<time>2025-06-06T14:55:44Z</time>
			</trkpt>
			<trkpt lat="35.63713739155972" lon="-82.25309964507663">
				<ele>769.4875295581296</ele>
				<time>2025-06-06T14:55:45Z</time>
			</trkpt>
			<trkpt lat="35.63715494922587" lon="-82.2531079981352">
				<ele>767.8740024026483</ele>
				<time>2025-06-06T14:55:46Z</time>
			</trkpt>
			<trkpt lat="35.63717691544291" lon="-82.25312610772909">
				<ele>768.1882662456483</ele>
				<time>2025-06-06T14:55:47Z</time>
			</trkpt>
			<trkpt lat="35.637209020824855" lon="-82.25315376717258">
				<ele>764.8633500235155</ele>
				<time>2025-06-06T14:55:48Z</time>
			</trkpt>
			<trkpt lat="35.63727434660777" lon="-82.25318936028916">
				<ele>763.3416969561949</ele>
				<time>2025-06-06T14:55:50Z</time>
			</trkpt>
			<trkpt lat="35.63730996691845" lon="-82.25322141693746">
				<ele>764.9616076815873</ele>
				<time>2025-06-06T14:55:52Z</time>
			</trkpt>
			<trkpt lat="35.63733758260088" lon="-82.25323622422871">
				<ele>766.074913087301</ele>
				<time>2025-06-06T14:55:53Z</time>
			</trkpt>
			<trkpt lat="35.63737148642364" lon="-82.25325495272826">
				<ele>765.5609113844112</ele>
				<time>2025-06-06T14:55:54Z</time>
			</trkpt>
			<trkpt lat="35.637399629796306" lon="-82.25327161186198">
				<ele>766.0504168085754</ele>
				<time>2025-06-06T14:55:55Z</time>
			</trkpt>
			<trkpt lat="35.637435916445774" lon="-82.25329182588553">
				<ele>763.8328519249335</ele>
				<time>2025-06-06T14:55:56Z</time>
			</trkpt>
			<trkpt lat="35.63746673673008" lon="-82.2532971070943">
				<ele>765.3111980790272</ele>
				<time>2025-06-06T14:55:57Z</time>
			</trkpt>
			<trkpt lat="35.63750262115361" lon="-82.25330409166429">
				<ele>765.1521247187629</ele>
				<time>2025-06-06T14:55:58Z</time>
			</trkpt>
			<trkpt lat="35.63754140320756" lon="-82.25331421873615">
				<ele>763.9208218147978</ele>
				<time>2025-06-06T14:55:59Z</time>
			</trkpt>
			<trkpt lat="35.637575206690144" lon="-82.25332891808264">
				<ele>763.3897438095883</ele>
				<time>2025-06-06T14:56:00Z</time>
			</trkpt>
			<trkpt lat="35.63760737378563" lon="-82.25334523320919">
				<ele>762.8756865337491</ele>
				<time>2025-06-06T14:56:01Z</time>
			</trkpt>
			<trkpt lat="35.63763555922452" lon="-82.25336767476526">
				<ele>762.0307752713561</ele>
				<time>2025-06-06T14:56:02Z</time>
			</trkpt>
			<trkpt lat="35.63766425356363" lon="-82.25338567821709">
				<ele>761.4870243407786</ele>
				<time>2025-06-06T14:56:03Z</time>
			</trkpt>
			<trkpt lat="35.63768842306522" lon="-82.25341158824908">
				<ele>761.3167356187478</ele>
				<time>2025-06-06T14:56:04Z</time>
			</trkpt>
			<trkpt lat="35.63771544777059" lon="-82.25343662893934">
				<ele>760.9068471193314</ele>
				<time>2025-06-06T14:56:05Z</time>
			</trkpt>
			<trkpt lat="35.63774556088507" lon="-82.25346069158252">
				<ele>760.2510328684002</ele>
				<time>2025-06-06T14:56:06Z</time>
			</trkpt>
			<trkpt lat="35.63777755249742" lon="-82.25347703472274">
				<ele>760.2666816730052</ele>
				<time>2025-06-06T14:56:07Z</time>
			</trkpt>
			<trkpt lat="35.63781656000908" lon="-82.25348571815559">
				<ele>760.5679818401113</ele>
				<time>2025-06-06T14:56:08Z</time>
			</trkpt>
			<trkpt lat="35.63786184908037" lon="-82.25348561256234">
				<ele>759.9600795311853</ele>
				<time>2025-06-06T14:56:09Z</time>
			</trkpt>
			<trkpt lat="35.63789875592059" lon="-82.25349342730536">
				<ele>760.7554343836382</ele>
				<time>2025-06-06T14:56:10Z</time>
			</trkpt>
			<trkpt lat="35.637940260603386" lon="-82.25350542019514">
				<ele>759.8837116649374</ele>
				<time>2025-06-06T14:56:11Z</time>
			</trkpt>
			<trkpt lat="35.63798717910492" lon="-82.253545735581">
				<ele>760.8691406026483</ele>
				<time>2025-06-06T14:56:12Z</time>
			</trkpt>
			<trkpt lat="35.63804008436215" lon="-82.25357885313804">
				<ele>760.295440976508</ele>
				<time>2025-06-06T14:56:13Z</time>
			</trkpt>
			<trkpt lat="35.63808866072294" lon="-82.25361428866704">
				<ele>759.7248304542154</ele>
				<time>2025-06-06T14:56:14Z</time>
			</trkpt>
			<trkpt lat="35.63813234779748" lon="-82.25364723988635">
				<ele>759.3418311458081</ele>
				<time>2025-06-06T14:56:15Z</time>
			</trkpt>
			<trkpt lat="35.638171153695446" lon="-82.25369708454873">
				<ele>758.3672676179558</ele>
				<time>2025-06-06T14:56:16Z</time>
			</trkpt>
			<trkpt lat="35.63820606658819" lon="-82.25373957382376">
				<ele>757.5864510666579</ele>
				<time>2025-06-06T14:56:17Z</time>
			</trkpt>
			<trkpt lat="35.63824751932212" lon="-82.25378053810564">
				<ele>756.5384286576882</ele>
				<time>2025-06-06T14:56:18Z</time>
			</trkpt>
			<trkpt lat="35.638281503461286" lon="-82.25381839378932">
				<ele>756.117288377136</ele>
				<time>2025-06-06T14:56:19Z</time>
			</trkpt>
			<trkpt lat="35.63832206259898" lon="-82.25385856214804">
				<ele>755.5814202595502</ele>
				<time>2025-06-06T14:56:20Z</time>
			</trkpt>
			<trkpt lat="35.63836473560784" lon="-82.253905255683">
				<ele>755.113664441742</ele>
				<time>2025-06-06T14:56:21Z</time>
			</trkpt>
			<trkpt lat="35.638418951622484" lon="-82.25396299805583">
				<ele>755.1564005231485</ele>
				<time>2025-06-06T14:56:22Z</time>
			</trkpt>
			<trkpt lat="35.638477300883046" lon="-82.2540002036355">
				<ele>754.8417801372707</ele>
				<time>2025-06-06T14:56:23Z</time>
			</trkpt>
			<trkpt lat="35.638532409371344" lon="-82.25404657187515">
				<ele>754.1611620960757</ele>
				<time>2025-06-06T14:56:24Z</time>
			</trkpt>
			<trkpt lat="35.63857562220772" lon="-82.25409285214901">
				<ele>754.3411492453888</ele>
				<time>2025-06-06T14:56:25Z</time>
			</trkpt>
			<trkpt lat="35.638619235869804" lon="-82.25412011496675">
				<ele>754.2312704371288</ele>
				<time>2025-06-06T14:56:26Z</time>
			</trkpt>
			<trkpt lat="35.63868270023155" lon="-82.2541426865775">
				<ele>753.7594632115215</ele>
				<time>2025-06-06T14:56:27Z</time>
			</trkpt>
			<trkpt lat="35.63873971037642" lon="-82.2541576287532">
				<ele>753.3659760029987</ele>
				<time>2025-06-06T14:56:28Z</time>
			</trkpt>
			<trkpt lat="35.63879113168884" lon="-82.25416521921592">
				<ele>753.9238304402679</ele>
				<time>2025-06-06T14:56:29Z</time>
			</trkpt>
			<trkpt lat="35.6388487479726" lon="-82.2541403747271">
				<ele>753.7025177115574</ele>
				<time>2025-06-06T14:56:30Z</time>
			</trkpt>
			<trkpt lat="35.638913382297815" lon="-82.25410469896826">
				<ele>753.0258451700211</ele>
				<time>2025-06-06T14:56:31Z</time>
			</trkpt>
			<trkpt lat="35.63897753234501" lon="-82.25406903112561">
				<ele>757.3384372256696</ele>
				<time>2025-06-06T14:56:32Z</time>
			</trkpt>
			<trkpt lat="35.639039924338775" lon="-82.25406661194489">
				<ele>754.3035914879292</ele>
				<time>2025-06-06T14:56:33Z</time>
			</trkpt>
			<trkpt lat="35.63907415683309" lon="-82.25406304451094">
				<ele>754.2167787421495</ele>
				<time>2025-06-06T14:56:34Z</time>
			</trkpt>
			<trkpt lat="35.6391012918266" lon="-82.2540934769034">
				<ele>751.314085287042</ele>
				<time>2025-06-06T14:56:35Z</time>
			</trkpt>
			<trkpt lat="35.639122341828866" lon="-82.25411038476481">
				<ele>749.8579082004726</ele>
				<time>2025-06-06T14:56:36Z</time>
			</trkpt>
			<trkpt lat="35.63913386349663" lon="-82.25414839034771">
				<ele>748.88077333197</ele>
				<time>2025-06-06T14:56:38Z</time>
			</trkpt>
			<trkpt lat="35.639145134199" lon="-82.25418902051227">
				<ele>747.4248764459044</ele>
				<time>2025-06-06T14:56:40Z</time>
			</trkpt>
			<trkpt lat="35.63916353048106" lon="-82.25418492724198">
				<ele>752.1475285962224</ele>
				<time>2025-06-06T14:56:41Z</time>
			</trkpt>
			<trkpt lat="35.639196084379435" lon="-82.25420585945726">
				<ele>753.6212574178353</ele>
				<time>2025-06-06T14:56:42Z</time>
			</trkpt>
			<trkpt lat="35.639232699011515" lon="-82.25423158807502">
				<ele>753.1045472612604</ele>
				<time>2025-06-06T14:56:43Z</time>
			</trkpt>
			<trkpt lat="35.63926067759703" lon="-82.25424504245278">
				<ele>754.6679868157953</ele>
				<time>2025-06-06T14:56:44Z</time>
			</trkpt>
			<trkpt lat="35.63928693047962" lon="-82.25427380528225">
				<ele>752.567308511585</ele>
				<time>2025-06-06T14:56:45Z</time>
			</trkpt>
			<trkpt lat="35.63930853098365" lon="-82.25428649660127">
				<ele>753.7557539558038</ele>
				<time>2025-06-06T14:56:46Z</time>
			</trkpt>
			<trkpt lat="35.639322266268906" lon="-82.25430682130573">
				<ele>752.2709698481485</ele>
				<time>2025-06-06T14:56:47Z</time>
			</trkpt>
			<trkpt lat="35.639342341056356" lon="-82.25431532517051">
				<ele>752.1961609730497</ele>
				<time>2025-06-06T14:56:48Z</time>
			</trkpt>
			<trkpt lat="35.63936718248436" lon="-82.25431938491232">
				<ele>750.8258217647672</ele>
				<time>2025-06-06T14:56:49Z</time>
			</trkpt>
			<trkpt lat="35.63939321476739" lon="-82.25431867162759">
				<ele>751.7074823305011</ele>
				<time>2025-06-06T14:56:50Z</time>
			</trkpt>
			<trkpt lat="35.639417607580334" lon="-82.25432303941712">
				<ele>752.4315543361008</ele>
				<time>2025-06-06T14:56:51Z</time>
			</trkpt>
			<trkpt lat="35.63943808354184" lon="-82.25432982437557">
				<ele>753.0405433895066</ele>
				<time>2025-06-06T14:56:52Z</time>
			</trkpt>
			<trkpt lat="35.639459069905726" lon="-82.25433407040093">
				<ele>753.4001296255738</ele>
				<time>2025-06-06T14:56:53Z</time>
			</trkpt>
			<trkpt lat="35.63948287855441" lon="-82.25434844849669">
				<ele>751.8604883449152</ele>
				<time>2025-06-06T14:56:54Z</time>
			</trkpt>
			<trkpt lat="35.639499503885396" lon="-82.2543591676542">
				<ele>753.1612214986235</ele>
				<time>2025-06-06T14:56:55Z</time>
			</trkpt>
			<trkpt lat="35.63952034338935" lon="-82.25437402251697">
				<ele>751.7017628438771</ele>
				<time>2025-06-06T14:56:56Z</time>
			</trkpt>
			<trkpt lat="35.63953990025331" lon="-82.25438412041457">
				<ele>751.8153394162655</ele>
				<time>2025-06-06T14:56:57Z</time>
			</trkpt>
			<trkpt lat="35.639559851301286" lon="-82.2543946020285">
				<ele>751.5494970129803</ele>
				<time>2025-06-06T14:56:58Z</time>
			</trkpt>
			<trkpt lat="35.63958171991062" lon="-82.25440278080927">
				<ele>752.1306735416874</ele>
				<time>2025-06-06T14:56:59Z</time>
			</trkpt>
			<trkpt lat="35.63959882671027" lon="-82.25441181015387">
				<ele>752.408618488349</ele>
				<time>2025-06-06T14:57:00Z</time>
			</trkpt>
			<trkpt lat="35.6396261016829" lon="-82.2544278264809">
				<ele>753.9792954130098</ele>
				<time>2025-06-06T14:57:01Z</time>
			</trkpt>
			<trkpt lat="35.639642712351616" lon="-82.25443898002436">
				<ele>753.924763741903</ele>
				<time>2025-06-06T14:57:02Z</time>
			</trkpt>
			<trkpt lat="35.63968310873782" lon="-82.25447255725281">
				<ele>754.6539669139311</ele>
				<time>2025-06-06T14:57:03Z</time>
			</trkpt>
			<trkpt lat="35.63973484546756" lon="-82.25450939370383">
				<ele>755.0629883315414</ele>
				<time>2025-06-06T14:57:04Z</time>
			</trkpt>
			<trkpt lat="35.63977559337849" lon="-82.25454953724987">
				<ele>755.6435952652246</ele>
				<time>2025-06-06T14:57:05Z</time>
			</trkpt>
			<trkpt lat="35.63981476180624" lon="-82.25459503381738">
				<ele>754.7817490817979</ele>
				<time>2025-06-06T14:57:06Z</time>
			</trkpt>
			<trkpt lat="35.63985654856891" lon="-82.2546252761106">
				<ele>755.0261179152876</ele>
				<time>2025-06-06T14:57:07Z</time>
			</trkpt>
			<trkpt lat="35.63993793546053" lon="-82.2546416385245">
				<ele>755.3081386703998</ele>
				<time>2025-06-06T14:57:08Z</time>
			</trkpt>
			<trkpt lat="35.64002357393969" lon="-82.25464439217609">
				<ele>754.6785228615627</ele>
				<time>2025-06-06T14:57:09Z</time>
			</trkpt>
			<trkpt lat="35.640088999322806" lon="-82.25465055940184">
				<ele>753.0615495974198</ele>
				<time>2025-06-06T14:57:10Z</time>
			</trkpt>
			<trkpt lat="35.64016125886652" lon="-82.25464022587744">
				<ele>751.9622163893655</ele>
				<time>2025-06-06T14:57:11Z</time>
			</trkpt>
			<trkpt lat="35.64023311793524" lon="-82.25461932498013">
				<ele>751.0946010239422</ele>
				<time>2025-06-06T14:57:12Z</time>
			</trkpt>
			<trkpt lat="35.640284123473684" lon="-82.25461978177026">
				<ele>749.8649741318077</ele>
				<time>2025-06-06T14:57:13Z</time>
			</trkpt>
			<trkpt lat="35.64032703903499" lon="-82.25462881773136">
				<ele>748.3124476550147</ele>
				<time>2025-06-06T14:57:14Z</time>
			</trkpt>
			<trkpt lat="35.640372998841805" lon="-82.25463233892033">
				<ele>747.2959152422845</ele>
				<time>2025-06-06T14:57:15Z</time>
			</trkpt>
			<trkpt lat="35.64040823931896" lon="-82.25464092987147">
				<ele>746.9657223653048</ele>
				<time>2025-06-06T14:57:16Z</time>
			</trkpt>
			<trkpt lat="35.64046001502721" lon="-82.2547027691131">
				<ele>745.9607067350298</ele>
				<time>2025-06-06T14:57:17Z</time>
			</trkpt>
			<trkpt lat="35.64051123982624" lon="-82.25474891427011">
				<ele>745.3716100985184</ele>
				<time>2025-06-06T14:57:18Z</time>
			</trkpt>
			<trkpt lat="35.640560333536534" lon="-82.2547680406877">
				<ele>744.7791249006987</ele>
				<time>2025-06-06T14:57:19Z</time>
			</trkpt>
			<trkpt lat="35.64060520068172" lon="-82.25478226761282">
				<ele>743.9520125892013</ele>
				<time>2025-06-06T14:57:20Z</time>
			</trkpt>
			<trkpt lat="35.64065102860521" lon="-82.25478156614547">
				<ele>744.9439135221764</ele>
				<time>2025-06-06T14:57:21Z</time>
			</trkpt>
			<trkpt lat="35.64071105747356" lon="-82.25475660709071">
				<ele>745.9503111494705</ele>
				<time>2025-06-06T14:57:22Z</time>
			</trkpt>
			<trkpt lat="35.64075680796902" lon="-82.25474651860085">
				<ele>743.5176697671413</ele>
				<time>2025-06-06T14:57:23Z</time>
			</trkpt>
			<trkpt lat="35.640770811849194" lon="-82.25472941031613">
				<ele>745.0662861168385</ele>
				<time>2025-06-06T14:57:24Z</time>
			</trkpt>
			<trkpt lat="35.64079418902249" lon="-82.25472709696348">
				<ele>748.0527838682756</ele>
				<time>2025-06-06T14:57:26Z</time>
			</trkpt>
			<trkpt lat="35.64081974164825" lon="-82.25472399073276">
				<ele>745.6382785970345</ele>
				<time>2025-06-06T14:57:27Z</time>
			</trkpt>
			<trkpt lat="35.64083379973332" lon="-82.25470032083787">
				<ele>748.5766197703779</ele>
				<time>2025-06-06T14:57:28Z</time>
			</trkpt>
			<trkpt lat="35.64086235372131" lon="-82.25469899188411">
				<ele>747.4694728665054</ele>
				<time>2025-06-06T14:57:29Z</time>
			</trkpt>
			<trkpt lat="35.64089721444675" lon="-82.2546978171746">
				<ele>745.3633477604017</ele>
				<time>2025-06-06T14:57:30Z</time>
			</trkpt>
			<trkpt lat="35.64094541847221" lon="-82.25468521972374">
				<ele>748.3805916132405</ele>
				<time>2025-06-06T14:57:32Z</time>
			</trkpt>
			<trkpt lat="35.64097907471744" lon="-82.25469134077326">
				<ele>744.8898634407669</ele>
				<time>2025-06-06T14:57:33Z</time>
			</trkpt>
			<trkpt lat="35.64101040010091" lon="-82.25469927609132">
				<ele>743.5260206218809</ele>
				<time>2025-06-06T14:57:34Z</time>
			</trkpt>
			<trkpt lat="35.64103976364527" lon="-82.25470182411777">
				<ele>743.8415278214961</ele>
				<time>2025-06-06T14:57:35Z</time>
			</trkpt>
			<trkpt lat="35.64107103419955" lon="-82.25470531189801">
				<ele>745.4499843548983</ele>
				<time>2025-06-06T14:57:36Z</time>
			</trkpt>
			<trkpt lat="35.64110349258537" lon="-82.25471792699054">
				<ele>743.6681808801368</ele>
				<time>2025-06-06T14:57:37Z</time>
			</trkpt>
			<trkpt lat="35.64113061189766" lon="-82.25472939160865">
				<ele>742.3431662004441</ele>
				<time>2025-06-06T14:57:38Z</time>
			</trkpt>
			<trkpt lat="35.64115542203399" lon="-82.25472899004116">
				<ele>741.9822193952277</ele>
				<time>2025-06-06T14:57:39Z</time>
			</trkpt>
			<trkpt lat="35.64118323093884" lon="-82.25472880711412">
				<ele>742.2234386084601</ele>
				<time>2025-06-06T14:57:40Z</time>
			</trkpt>
			<trkpt lat="35.64121684219514" lon="-82.25472070481611">
				<ele>743.9449990009889</ele>
				<time>2025-06-06T14:57:42Z</time>
			</trkpt>
			<trkpt lat="35.64123710159464" lon="-82.25472346002695">
				<ele>744.700677444227</ele>
				<time>2025-06-06T14:57:43Z</time>
			</trkpt>
			<trkpt lat="35.64127232085282" lon="-82.25472435812527">
				<ele>746.5990265486762</ele>
				<time>2025-06-06T14:57:45Z</time>
			</trkpt>
			<trkpt lat="35.64129636909093" lon="-82.25473172765254">
				<ele>746.7699298970401</ele>
				<time>2025-06-06T14:57:46Z</time>
			</trkpt>
			<trkpt lat="35.64133383982129" lon="-82.2547480249904">
				<ele>745.3147561503574</ele>
				<time>2025-06-06T14:57:48Z</time>
			</trkpt>
			<trkpt lat="35.64136973794028" lon="-82.25476632357298">
				<ele>748.08569603879</ele>
				<time>2025-06-06T14:57:50Z</time>
			</trkpt>
			<trkpt lat="35.64138799144765" lon="-82.25478472540843">
				<ele>748.2405731929466</ele>
				<time>2025-06-06T14:57:51Z</time>
			</trkpt>
			<trkpt lat="35.64140316564849" lon="-82.25480064822413">
				<ele>748.2294823657721</ele>
				<time>2025-06-06T14:57:52Z</time>
			</trkpt>
			<trkpt lat="35.641420245468545" lon="-82.25481616133328">
				<ele>748.0811935877427</ele>
				<time>2025-06-06T14:57:53Z</time>
			</trkpt>
			<trkpt lat="35.64144566869501" lon="-82.25483675603816">
				<ele>750.191407029517</ele>
				<time>2025-06-06T14:57:55Z</time>
			</trkpt>
			<trkpt lat="35.64146684684284" lon="-82.25485273619103">
				<ele>749.8542646951973</ele>
				<time>2025-06-06T14:57:57Z</time>
			</trkpt>
			<trkpt lat="35.64148728426767" lon="-82.25486688711563">
				<ele>750.60908119753</ele>
				<time>2025-06-06T14:57:59Z</time>
			</trkpt>
			<trkpt lat="35.64151087291606" lon="-82.25487996304307">
				<ele>751.2864780481905</ele>
				<time>2025-06-06T14:58:01Z</time>
			</trkpt>
			<trkpt lat="35.6415370699894" lon="-82.25489288869687">
				<ele>750.8979330984876</ele>
				<time>2025-06-06T14:58:03Z</time>
			</trkpt>
			<trkpt lat="35.64156081016802" lon="-82.25489885629874">
				<ele>751.2505442369729</ele>
				<time>2025-06-06T14:58:05Z</time>
			</trkpt>
			<trkpt lat="35.64159125690405" lon="-82.25490641052633">
				<ele>751.0073972074315</ele>
				<time>2025-06-06T14:58:07Z</time>
			</trkpt>
			<trkpt lat="35.641609332218174" lon="-82.25491714334122">
				<ele>749.4424030389637</ele>
				<time>2025-06-06T14:58:08Z</time>
			</trkpt>
			<trkpt lat="35.641640290653434" lon="-82.25493341666703">
				<ele>748.6226197658107</ele>
				<time>2025-06-06T14:58:10Z</time>
			</trkpt>
			<trkpt lat="35.641672657245834" lon="-82.25494942078569">
				<ele>747.9852761439979</ele>
				<time>2025-06-06T14:58:12Z</time>
			</trkpt>
			<trkpt lat="35.64170282579725" lon="-82.25495839262366">
				<ele>746.5325904488564</ele>
				<time>2025-06-06T14:58:14Z</time>
			</trkpt>
			<trkpt lat="35.641721533680844" lon="-82.25497391252703">
				<ele>747.1065547028556</ele>
				<time>2025-06-06T14:58:16Z</time>
			</trkpt>
			<trkpt lat="35.64174768260308" lon="-82.254990612271">
				<ele>745.974755470641</ele>
				<time>2025-06-06T14:58:19Z</time>
			</trkpt>
			<trkpt lat="35.641765103900596" lon="-82.25500710769427">
				<ele>747.0721211088821</ele>
				<time>2025-06-06T14:58:22Z</time>
			</trkpt>
			<trkpt lat="35.64178031003082" lon="-82.2550231475336">
				<ele>746.4536069463938</ele>
				<time>2025-06-06T14:58:24Z</time>
			</trkpt>
			<trkpt lat="35.64179547608752" lon="-82.25503977733196">
				<ele>748.060530109331</ele>
				<time>2025-06-06T14:58:28Z</time>
			</trkpt>
			<trkpt lat="35.641803640416015" lon="-82.25506980763102">
				<ele>749.0462790234014</ele>
				<time>2025-06-06T14:58:32Z</time>
			</trkpt>
			<trkpt lat="35.6417988278681" lon="-82.25509851332195">
				<ele>750.0513286329806</ele>
				<time>2025-06-06T14:58:37Z</time>
			</trkpt>
			<trkpt lat="35.64178986414126" lon="-82.25512797014532">
				<ele>748.949242615141</ele>
				<time>2025-06-06T14:58:40Z</time>
			</trkpt>
			<trkpt lat="35.641764859969484" lon="-82.25515486391983">
				<ele>748.5342963440344</ele>
				<time>2025-06-06T14:58:42Z</time>
			</trkpt>
			<trkpt lat="35.64173909980477" lon="-82.25517080171149">
				<ele>749.0861360775307</ele>
				<time>2025-06-06T14:58:44Z</time>
			</trkpt>
			<trkpt lat="35.641723683761164" lon="-82.25518490487703">
				<ele>749.3168775821105</ele>
				<time>2025-06-06T14:58:45Z</time>
			</trkpt>
			<trkpt lat="35.64170788091592" lon="-82.25519841039747">
				<ele>749.6878824885935</ele>
				<time>2025-06-06T14:58:46Z</time>
			</trkpt>
			<trkpt lat="35.64167465753247" lon="-82.25523630729958">
				<ele>749.4119160734117</ele>
				<time>2025-06-06T14:58:48Z</time>
			</trkpt>
			<trkpt lat="35.641644563990795" lon="-82.25527865205716">
				<ele>748.7814429560676</ele>
				<time>2025-06-06T14:58:50Z</time>
			</trkpt>
			<trkpt lat="35.64161442548645" lon="-82.25532036789394">
				<ele>748.5913593368605</ele>
				<time>2025-06-06T14:58:51Z</time>
			</trkpt>
			<trkpt lat="35.64158474202338" lon="-82.25536429239527">
				<ele>748.6315003382042</ele>
				<time>2025-06-06T14:58:52Z</time>
			</trkpt>
			<trkpt lat="35.64155866152985" lon="-82.25541876092578">
				<ele>748.0524031659588</ele>
				<time>2025-06-06T14:58:53Z</time>
			</trkpt>
			<trkpt lat="35.641515972571185" lon="-82.2554630210978">
				<ele>748.5296416524798</ele>
				<time>2025-06-06T14:58:54Z</time>
			</trkpt>
			<trkpt lat="35.64148770520653" lon="-82.25550909825017">
				<ele>749.3442174093798</ele>
				<time>2025-06-06T14:58:55Z</time>
			</trkpt>
			<trkpt lat="35.64143872079955" lon="-82.2555533712737">
				<ele>749.878857624717</ele>
				<time>2025-06-06T14:58:56Z</time>
			</trkpt>
			<trkpt lat="35.641403493790285" lon="-82.25562715224798">
				<ele>749.3032157719135</ele>
				<time>2025-06-06T14:58:57Z</time>
			</trkpt>
			<trkpt lat="35.64137748752581" lon="-82.25569971848637">
				<ele>748.4687565006316</ele>
				<time>2025-06-06T14:58:58Z</time>
			</trkpt>
			<trkpt lat="35.64133074379464" lon="-82.25577327522005">
				<ele>748.0264012729749</ele>
				<time>2025-06-06T14:58:59Z</time>
			</trkpt>
			<trkpt lat="35.64126932079555" lon="-82.2558410666272">
				<ele>746.1143414471298</ele>
				<time>2025-06-06T14:59:00Z</time>
			</trkpt>
			<trkpt lat="35.64118990453492" lon="-82.25587909249407">
				<ele>744.257072175853</ele>
				<time>2025-06-06T14:59:01Z</time>
			</trkpt>
			<trkpt lat="35.641111150085926" lon="-82.25591508860437">
				<ele>742.3282132325694</ele>
				<time>2025-06-06T14:59:02Z</time>
			</trkpt>
			<trkpt lat="35.64102974209348" lon="-82.25593820726506">
				<ele>740.2261936850846</ele>
				<time>2025-06-06T14:59:03Z</time>
			</trkpt>
			<trkpt lat="35.64096018319283" lon="-82.2559664540708">
				<ele>739.8283743821084</ele>
				<time>2025-06-06T14:59:04Z</time>
			</trkpt>
			<trkpt lat="35.64089963398993" lon="-82.2559925416311">
				<ele>739.3500103037804</ele>
				<time>2025-06-06T14:59:05Z</time>
			</trkpt>
			<trkpt lat="35.64082796700476" lon="-82.25602604078699">
				<ele>739.3910501832142</ele>
				<time>2025-06-06T14:59:06Z</time>
			</trkpt>
			<trkpt lat="35.64075224554516" lon="-82.25607095401158">
				<ele>738.3184696119279</ele>
				<time>2025-06-06T14:59:07Z</time>
			</trkpt>
			<trkpt lat="35.64069453359588" lon="-82.25611888508483">
				<ele>737.8991033248603</ele>
				<time>2025-06-06T14:59:08Z</time>
			</trkpt>
			<trkpt lat="35.64064013056648" lon="-82.25617246508527">
				<ele>738.941440012306</ele>
				<time>2025-06-06T14:59:09Z</time>
			</trkpt>
			<trkpt lat="35.64056378968854" lon="-82.2562282343165">
				<ele>737.5418464355171</ele>
				<time>2025-06-06T14:59:10Z</time>
			</trkpt>
			<trkpt lat="35.640491888563" lon="-82.25627409120817">
				<ele>736.6910131387413</ele>
				<time>2025-06-06T14:59:11Z</time>
			</trkpt>
			<trkpt lat="35.640422863707656" lon="-82.25631520461317">
				<ele>736.8119247145951</ele>
				<time>2025-06-06T14:59:12Z</time>
			</trkpt>
			<trkpt lat="35.640352289886984" lon="-82.25637270799854">
				<ele>737.6965193264186</ele>
				<time>2025-06-06T14:59:13Z</time>
			</trkpt>
			<trkpt lat="35.64028030818427" lon="-82.25642374040584">
				<ele>735.569379741326</ele>
				<time>2025-06-06T14:59:14Z</time>
			</trkpt>
			<trkpt lat="35.640210782032995" lon="-82.2564583661361">
				<ele>736.0387225244194</ele>
				<time>2025-06-06T14:59:15Z</time>
			</trkpt>
			<trkpt lat="35.64013741357794" lon="-82.25651128980451">
				<ele>733.9906133729964</ele>
				<time>2025-06-06T14:59:16Z</time>
			</trkpt>
			<trkpt lat="35.640073028619945" lon="-82.25654619700155">
				<ele>733.0820038178936</ele>
				<time>2025-06-06T14:59:17Z</time>
			</trkpt>
			<trkpt lat="35.640018172088304" lon="-82.25655458028521">
				<ele>732.4275391781703</ele>
				<time>2025-06-06T14:59:18Z</time>
			</trkpt>
			<trkpt lat="35.63995985872295" lon="-82.25654743280336">
				<ele>732.4662061929703</ele>
				<time>2025-06-06T14:59:19Z</time>
			</trkpt>
			<trkpt lat="35.63992661043284" lon="-82.25654794677408">
				<ele>732.8867788948119</ele>
				<time>2025-06-06T14:59:20Z</time>
			</trkpt>
			<trkpt lat="35.63988413740719" lon="-82.25653636605823">
				<ele>732.9577148621902</ele>
				<time>2025-06-06T14:59:21Z</time>
			</trkpt>
			<trkpt lat="35.63981446505717" lon="-82.25653725249472">
				<ele>734.670882477425</ele>
				<time>2025-06-06T14:59:22Z</time>
			</trkpt>
			<trkpt lat="35.63973043952404" lon="-82.25655388262165">
				<ele>733.0805307338014</ele>
				<time>2025-06-06T14:59:23Z</time>
			</trkpt>
			<trkpt lat="35.63962477510516" lon="-82.25659669960598">
				<ele>733.8376516373828</ele>
				<time>2025-06-06T14:59:24Z</time>
			</trkpt>
			<trkpt lat="35.63953850033048" lon="-82.25663826790965">
				<ele>733.3513118680567</ele>
				<time>2025-06-06T14:59:25Z</time>
			</trkpt>
			<trkpt lat="35.639466153308334" lon="-82.25666642338436">
				<ele>732.6228545634076</ele>
				<time>2025-06-06T14:59:26Z</time>
			</trkpt>
			<trkpt lat="35.639395793828854" lon="-82.25669553456639">
				<ele>731.4140460314229</ele>
				<time>2025-06-06T14:59:27Z</time>
			</trkpt>
			<trkpt lat="35.63932526615843" lon="-82.25670169849813">
				<ele>730.996130454354</ele>
				<time>2025-06-06T14:59:28Z</time>
			</trkpt>
			<trkpt lat="35.639255400657596" lon="-82.25670222948452">
				<ele>729.7566612232476</ele>
				<time>2025-06-06T14:59:29Z</time>
			</trkpt>
			<trkpt lat="35.6391846778329" lon="-82.25670213096856">
				<ele>729.0557426903397</ele>
				<time>2025-06-06T14:59:30Z</time>
			</trkpt>
			<trkpt lat="35.639116830474286" lon="-82.25670951448258">
				<ele>728.1988094542176</ele>
				<time>2025-06-06T14:59:31Z</time>
			</trkpt>
			<trkpt lat="35.6390521017669" lon="-82.2567312700577">
				<ele>727.0757908979431</ele>
				<time>2025-06-06T14:59:32Z</time>
			</trkpt>
			<trkpt lat="35.63900066123069" lon="-82.25675225701751">
				<ele>728.7039564717561</ele>
				<time>2025-06-06T14:59:33Z</time>
			</trkpt>
			<trkpt lat="35.638961117964676" lon="-82.25676926381408">
				<ele>728.926336441189</ele>
				<time>2025-06-06T14:59:34Z</time>
			</trkpt>
			<trkpt lat="35.63892765331135" lon="-82.25677957546274">
				<ele>728.6220942744985</ele>
				<time>2025-06-06T14:59:35Z</time>
			</trkpt>
			<trkpt lat="35.63890417305096" lon="-82.25678736099873">
				<ele>727.9123760871589</ele>
				<time>2025-06-06T14:59:36Z</time>
			</trkpt>
			<trkpt lat="35.63888321701507" lon="-82.25679494070292">
				<ele>728.2712054867297</ele>
				<time>2025-06-06T14:59:37Z</time>
			</trkpt>
			<trkpt lat="35.63886257678158" lon="-82.25679851227542">
				<ele>727.968851740472</ele>
				<time>2025-06-06T14:59:39Z</time>
			</trkpt>
			<trkpt lat="35.6388324466594" lon="-82.25681309498155">
				<ele>729.5754140857607</ele>
				<time>2025-06-06T14:59:41Z</time>
			</trkpt>
			<trkpt lat="35.63881082311532" lon="-82.25680820868632">
				<ele>729.3057893626392</ele>
				<time>2025-06-06T14:59:42Z</time>
			</trkpt>
			<trkpt lat="35.63878798075521" lon="-82.25684012042504">
				<ele>731.9732790188864</ele>
				<time>2025-06-06T14:59:46Z</time>
			</trkpt>
			<trkpt lat="35.63876836497229" lon="-82.25685308213562">
				<ele>730.3753963680938</ele>
				<time>2025-06-06T14:59:47Z</time>
			</trkpt>
			<trkpt lat="35.63874185226954" lon="-82.25687174295163">
				<ele>730.835390840657</ele>
				<time>2025-06-06T14:59:48Z</time>
			</trkpt>
			<trkpt lat="35.63871072132955" lon="-82.25689053913835">
				<ele>730.4481681855395</ele>
				<time>2025-06-06T14:59:49Z</time>
			</trkpt>
			<trkpt lat="35.63868274867234" lon="-82.25691336537811">
				<ele>730.335402417928</ele>
				<time>2025-06-06T14:59:50Z</time>
			</trkpt>
			<trkpt lat="35.638658806558965" lon="-82.25693048384225">
				<ele>730.9902236899361</ele>
				<time>2025-06-06T14:59:51Z</time>
			</trkpt>
			<trkpt lat="35.638639862117685" lon="-82.25694975798558">
				<ele>733.9159261640161</ele>
				<time>2025-06-06T14:59:52Z</time>
			</trkpt>
			<trkpt lat="35.638617184191965" lon="-82.25696830029725">
				<ele>735.2363376067951</ele>
				<time>2025-06-06T14:59:53Z</time>
			</trkpt>
			<trkpt lat="35.63858346405825" lon="-82.25699205940181">
				<ele>732.0821543810889</ele>
				<time>2025-06-06T14:59:55Z</time>
			</trkpt>
			<trkpt lat="35.63856339891232" lon="-82.25699816101839">
				<ele>732.072595525533</ele>
				<time>2025-06-06T14:59:56Z</time>
			</trkpt>
			<trkpt lat="35.63853846813241" lon="-82.2570190717651">
				<ele>729.0793303102255</ele>
				<time>2025-06-06T14:59:58Z</time>
			</trkpt>
			<trkpt lat="35.63851628074265" lon="-82.25703800737604">
				<ele>731.3005508920178</ele>
				<time>2025-06-06T14:59:59Z</time>
			</trkpt>
			<trkpt lat="35.63850540071464" lon="-82.25705985830618">
				<ele>732.2311072098091</ele>
				<time>2025-06-06T15:00:00Z</time>
			</trkpt>
			<trkpt lat="35.63850010591266" lon="-82.25708325088986">
				<ele>731.3076764782891</ele>
				<time>2025-06-06T15:00:02Z</time>
			</trkpt>
			<trkpt lat="35.63847593534526" lon="-82.25709347657222">
				<ele>732.5284603647888</ele>
				<time>2025-06-06T15:00:04Z</time>
			</trkpt>
			<trkpt lat="35.638458150869894" lon="-82.25710116462753">
				<ele>731.5178846344352</ele>
				<time>2025-06-06T15:00:05Z</time>
			</trkpt>
			<trkpt lat="35.63843958751202" lon="-82.2571130799819">
				<ele>731.6538370242342</ele>
				<time>2025-06-06T15:00:06Z</time>
			</trkpt>
			<trkpt lat="35.63841447993852" lon="-82.25712298336315">
				<ele>732.0085123516619</ele>
				<time>2025-06-06T15:00:07Z</time>
			</trkpt>
			<trkpt lat="35.63839138205244" lon="-82.25712232861254">
				<ele>729.8273548139259</ele>
				<time>2025-06-06T15:00:08Z</time>
			</trkpt>
			<trkpt lat="35.63835655106544" lon="-82.25712387165544">
				<ele>731.750188739039</ele>
				<time>2025-06-06T15:00:09Z</time>
			</trkpt>
			<trkpt lat="35.63833396872482" lon="-82.25712482389866">
				<ele>732.1648375233635</ele>
				<time>2025-06-06T15:00:10Z</time>
			</trkpt>
			<trkpt lat="35.638309143419555" lon="-82.25711889817946">
				<ele>732.1183078577742</ele>
				<time>2025-06-06T15:00:11Z</time>
			</trkpt>
			<trkpt lat="35.63828604204852" lon="-82.25710962169342">
				<ele>731.406266274862</ele>
				<time>2025-06-06T15:00:12Z</time>
			</trkpt>
			<trkpt lat="35.63825873592118" lon="-82.25710004133525">
				<ele>731.5969606032595</ele>
				<time>2025-06-06T15:00:13Z</time>
			</trkpt>
			<trkpt lat="35.63823940713278" lon="-82.25709882767406">
				<ele>731.3256162405014</ele>
				<time>2025-06-06T15:00:14Z</time>
			</trkpt>
			<trkpt lat="35.63821944132305" lon="-82.25710288884703">
				<ele>731.215369633399</ele>
				<time>2025-06-06T15:00:15Z</time>
			</trkpt>
			<trkpt lat="35.63819403672049" lon="-82.25711415445981">
				<ele>731.4634420480579</ele>
				<time>2025-06-06T15:00:16Z</time>
			</trkpt>
			<trkpt lat="35.63815562397669" lon="-82.25712024711427">
				<ele>731.585882069543</ele>
				<time>2025-06-06T15:00:18Z</time>
			</trkpt>
			<trkpt lat="35.6381202895545" lon="-82.25714127382199">
				<ele>732.1614056201652</ele>
				<time>2025-06-06T15:00:19Z</time>
			</trkpt>
			<trkpt lat="35.638085322484116" lon="-82.25715217176462">
				<ele>731.806553944014</ele>
				<time>2025-06-06T15:00:21Z</time>
			</trkpt>
			<trkpt lat="35.63806981577074" lon="-82.25716358107307">
				<ele>732.1083845999092</ele>
				<time>2025-06-06T15:00:23Z</time>
			</trkpt>
			<trkpt lat="35.637894812945966" lon="-82.25727802214811">
				<ele>741.5801081387326</ele>
				<time>2025-06-06T15:00:24Z</time>
			</trkpt>
			<trkpt lat="35.63788558415181" lon="-82.25738260928831">
				<ele>742.1656792759895</ele>
				<time>2025-06-06T15:00:25Z</time>
			</trkpt>
			<trkpt lat="35.63788832740854" lon="-82.25744126725061">
				<ele>743.5449801823124</ele>
				<time>2025-06-06T15:00:26Z</time>
			</trkpt>
			<trkpt lat="35.63790299620659" lon="-82.25749220522383">
				<ele>743.1199575830251</ele>
				<time>2025-06-06T15:00:27Z</time>
			</trkpt>
			<trkpt lat="35.63792976466462" lon="-82.25756127010476">
				<ele>743.2106359740719</ele>
				<time>2025-06-06T15:00:28Z</time>
			</trkpt>
			<trkpt lat="35.63796878596107" lon="-82.25761600593226">
				<ele>742.6523010060191</ele>
				<time>2025-06-06T15:00:29Z</time>
			</trkpt>
			<trkpt lat="35.6380277889235" lon="-82.25765137350211">
				<ele>741.397492586635</ele>
				<time>2025-06-06T15:00:30Z</time>
			</trkpt>
			<trkpt lat="35.63809488794038" lon="-82.25767972446683">
				<ele>739.2977524213493</ele>
				<time>2025-06-06T15:00:31Z</time>
			</trkpt>
			<trkpt lat="35.63815450511105" lon="-82.25771633128609">
				<ele>737.3934903182089</ele>
				<time>2025-06-06T15:00:32Z</time>
			</trkpt>
			<trkpt lat="35.63821849947963" lon="-82.25774393028757">
				<ele>735.4188353866339</ele>
				<time>2025-06-06T15:00:33Z</time>
			</trkpt>
			<trkpt lat="35.63827056794382" lon="-82.25776720249539">
				<ele>734.1489589419216</ele>
				<time>2025-06-06T15:00:34Z</time>
			</trkpt>
			<trkpt lat="35.63832712670776" lon="-82.25777662609863">
				<ele>732.3842868553475</ele>
				<time>2025-06-06T15:00:35Z</time>
			</trkpt>
			<trkpt lat="35.63838319896356" lon="-82.25779112132817">
				<ele>730.5466400142759</ele>
				<time>2025-06-06T15:00:36Z</time>
			</trkpt>
			<trkpt lat="35.638446024471165" lon="-82.25778066221176">
				<ele>728.6920006293803</ele>
				<time>2025-06-06T15:00:37Z</time>
			</trkpt>
			<trkpt lat="35.63851030039342" lon="-82.25776851303064">
				<ele>727.7992805149406</ele>
				<time>2025-06-06T15:00:38Z</time>
			</trkpt>
			<trkpt lat="35.63857441649916" lon="-82.25775497844285">
				<ele>726.9593283189461</ele>
				<time>2025-06-06T15:00:39Z</time>
			</trkpt>
			<trkpt lat="35.63864555679554" lon="-82.2577402031218">
				<ele>725.6222758740187</ele>
				<time>2025-06-06T15:00:40Z</time>
			</trkpt>
			<trkpt lat="35.638701332668454" lon="-82.25773192226995">
				<ele>724.695090659894</ele>
				<time>2025-06-06T15:00:41Z</time>
			</trkpt>
			<trkpt lat="35.638745554781195" lon="-82.25771138679768">
				<ele>724.1645447146147</ele>
				<time>2025-06-06T15:00:42Z</time>
			</trkpt>
			<trkpt lat="35.63885135826484" lon="-82.25770243420176">
				<ele>719.3691533496603</ele>
				<time>2025-06-06T15:00:43Z</time>
			</trkpt>
			<trkpt lat="35.638900127022985" lon="-82.25767144879839">
				<ele>719.8591460781172</ele>
				<time>2025-06-06T15:00:44Z</time>
			</trkpt>
			<trkpt lat="35.63891909289686" lon="-82.257669687682">
				<ele>718.309156421572</ele>
				<time>2025-06-06T15:00:45Z</time>
			</trkpt>
			<trkpt lat="35.63892314580866" lon="-82.2576912524853">
				<ele>719.3503566654399</ele>
				<time>2025-06-06T15:00:46Z</time>
			</trkpt>
			<trkpt lat="35.6389492133825" lon="-82.25770054478787">
				<ele>718.0537848845124</ele>
				<time>2025-06-06T15:00:48Z</time>
			</trkpt>
			<trkpt lat="35.63897062126408" lon="-82.25771124435">
				<ele>716.607531032525</ele>
				<time>2025-06-06T15:00:52Z</time>
			</trkpt>
			<trkpt lat="35.6390004358243" lon="-82.25771227513565">
				<ele>718.0163816111162</ele>
				<time>2025-06-06T15:00:55Z</time>
			</trkpt>
			<trkpt lat="35.63902208060628" lon="-82.25772777732072">
				<ele>716.2883507637307</ele>
				<time>2025-06-06T15:00:58Z</time>
			</trkpt>
			<trkpt lat="35.63899801996713" lon="-82.25775101427821">
				<ele>716.8255789820105</ele>
				<time>2025-06-06T15:01:07Z</time>
			</trkpt>
			<trkpt lat="35.638983984310855" lon="-82.25777071277057">
				<ele>717.2088496433571</ele>
				<time>2025-06-06T15:01:09Z</time>
			</trkpt>
			<trkpt lat="35.63896519287429" lon="-82.25778528444336">
				<ele>717.7118560401723</ele>
				<time>2025-06-06T15:01:11Z</time>
			</trkpt>
			<trkpt lat="35.638943175947404" lon="-82.25779519888347">
				<ele>717.6301146959886</ele>
				<time>2025-06-06T15:01:13Z</time>
			</trkpt>
			<trkpt lat="35.63892140872996" lon="-82.25778968034756">
				<ele>720.1390126636252</ele>
				<time>2025-06-06T15:01:15Z</time>
			</trkpt>
			<trkpt lat="35.6388975707782" lon="-82.25778965085985">
				<ele>720.4480770071968</ele>
				<time>2025-06-06T15:01:17Z</time>
			</trkpt>
			<trkpt lat="35.63887171341986" lon="-82.25779223915399">
				<ele>721.8016175813973</ele>
				<time>2025-06-06T15:01:19Z</time>
			</trkpt>
			<trkpt lat="35.6388443695063" lon="-82.25779231762827">
				<ele>722.9881921373308</ele>
				<time>2025-06-06T15:01:21Z</time>
			</trkpt>
			<trkpt lat="35.6388105064625" lon="-82.2577922700592">
				<ele>723.4681939249858</ele>
				<time>2025-06-06T15:01:23Z</time>
			</trkpt>
			<trkpt lat="35.638777738620135" lon="-82.25779468049788">
				<ele>725.1113710673526</ele>
				<time>2025-06-06T15:01:25Z</time>
			</trkpt>
			<trkpt lat="35.63874421229015" lon="-82.25779980025506">
				<ele>725.3437630329281</ele>
				<time>2025-06-06T15:01:27Z</time>
			</trkpt>
			<trkpt lat="35.6387103086431" lon="-82.25780741774545">
				<ele>727.6958659579977</ele>
				<time>2025-06-06T15:01:29Z</time>
			</trkpt>
			<trkpt lat="35.63869041917972" lon="-82.25781323065289">
				<ele>726.8860578211024</ele>
				<time>2025-06-06T15:01:30Z</time>
			</trkpt>
			<trkpt lat="35.63867323380934" lon="-82.25780597821293">
				<ele>727.8370773894712</ele>
				<time>2025-06-06T15:01:31Z</time>
			</trkpt>
			<trkpt lat="35.63864088563532" lon="-82.25780920959245">
				<ele>727.7694550380111</ele>
				<time>2025-06-06T15:01:33Z</time>
			</trkpt>
			<trkpt lat="35.638600493743" lon="-82.25781246184837">
				<ele>727.7374690296128</ele>
				<time>2025-06-06T15:01:35Z</time>
			</trkpt>
			<trkpt lat="35.638567465275734" lon="-82.2578307762285">
				<ele>726.0770253296942</ele>
				<time>2025-06-06T15:01:36Z</time>
			</trkpt>
			<trkpt lat="35.63852785265975" lon="-82.25783935109172">
				<ele>724.8577058501542</ele>
				<time>2025-06-06T15:01:37Z</time>
			</trkpt>
			<trkpt lat="35.63850052911098" lon="-82.25784138668453">
				<ele>724.8693608073518</ele>
				<time>2025-06-06T15:01:38Z</time>
			</trkpt>
			<trkpt lat="35.63847133503386" lon="-82.2578527034194">
				<ele>724.9217089731246</ele>
				<time>2025-06-06T15:01:39Z</time>
			</trkpt>
			<trkpt lat="35.63844250053302" lon="-82.25785594930127">
				<ele>724.1172054661438</ele>
				<time>2025-06-06T15:01:40Z</time>
			</trkpt>
			<trkpt lat="35.6384202127996" lon="-82.25786249291998">
				<ele>722.9979667225853</ele>
				<time>2025-06-06T15:01:41Z</time>
			</trkpt>
			<trkpt lat="35.63840232029418" lon="-82.25786735040208">
				<ele>722.6529575046152</ele>
				<time>2025-06-06T15:01:42Z</time>
			</trkpt>
			<trkpt lat="35.63837702566772" lon="-82.2578675825686">
				<ele>722.5164415771142</ele>
				<time>2025-06-06T15:01:43Z</time>
			</trkpt>
			<trkpt lat="35.63833251485922" lon="-82.25787834875172">
				<ele>723.1896787686273</ele>
				<time>2025-06-06T15:01:45Z</time>
			</trkpt>
			<trkpt lat="35.638284568778" lon="-82.25787629145192">
				<ele>722.8562866030261</ele>
				<time>2025-06-06T15:01:47Z</time>
			</trkpt>
			<trkpt lat="35.63825999033265" lon="-82.25787323610162">
				<ele>722.8689777050167</ele>
				<time>2025-06-06T15:01:48Z</time>
			</trkpt>
			<trkpt lat="35.63823859298341" lon="-82.25786060128294">
				<ele>724.3784681018442</ele>
				<time>2025-06-06T15:01:49Z</time>
			</trkpt>
			<trkpt lat="35.63820218066216" lon="-82.2578604502873">
				<ele>724.1800520485267</ele>
				<time>2025-06-06T15:01:51Z</time>
			</trkpt>
			<trkpt lat="35.63817445588362" lon="-82.25785625160724">
				<ele>723.9493378447369</ele>
				<time>2025-06-06T15:01:53Z</time>
			</trkpt>
			<trkpt lat="35.63813611261149" lon="-82.25784693916178">
				<ele>723.8864703308791</ele>
				<time>2025-06-06T15:01:55Z</time>
			</trkpt>
			<trkpt lat="35.63811110350903" lon="-82.25782609328485">
				<ele>724.1895648445934</ele>
				<time>2025-06-06T15:01:57Z</time>
			</trkpt>
			<trkpt lat="35.63808366618879" lon="-82.25782047600232">
				<ele>724.8080943189561</ele>
				<time>2025-06-06T15:01:59Z</time>
			</trkpt>
			<trkpt lat="35.63805205854408" lon="-82.25781838736934">
				<ele>725.8794727884233</ele>
				<time>2025-06-06T15:02:01Z</time>
			</trkpt>
			<trkpt lat="35.63802755963239" lon="-82.25781580404723">
				<ele>726.3350721802562</ele>
				<time>2025-06-06T15:02:02Z</time>
			</trkpt>
			<trkpt lat="35.637991246531136" lon="-82.25781472743164">
				<ele>728.0257933884859</ele>
				<time>2025-06-06T15:02:04Z</time>
			</trkpt>
			<trkpt lat="35.63797353146464" lon="-82.25780429650757">
				<ele>728.9174839444458</ele>
				<time>2025-06-06T15:02:06Z</time>
			</trkpt>
			<trkpt lat="35.63794447206571" lon="-82.25778639642625">
				<ele>729.6444153385237</ele>
				<time>2025-06-06T15:02:08Z</time>
			</trkpt>
			<trkpt lat="35.63792407864655" lon="-82.25776628845144">
				<ele>730.3619580166414</ele>
				<time>2025-06-06T15:02:10Z</time>
			</trkpt>
			<trkpt lat="35.637904439980375" lon="-82.25776642115156">
				<ele>728.9931468190625</ele>
				<time>2025-06-06T15:02:12Z</time>
			</trkpt>
			<trkpt lat="35.63788420159709" lon="-82.25775854725687">
				<ele>731.4057759521529</ele>
				<time>2025-06-06T15:02:13Z</time>
			</trkpt>
			<trkpt lat="35.63786665265758" lon="-82.25775287161804">
				<ele>732.1444600243121</ele>
				<time>2025-06-06T15:02:15Z</time>
			</trkpt>
			<trkpt lat="35.63784054965391" lon="-82.25774981015539">
				<ele>729.6481869667768</ele>
				<time>2025-06-06T15:02:18Z</time>
			</trkpt>
			<trkpt lat="35.63781928025115" lon="-82.25774597493208">
				<ele>730.2108481125906</ele>
				<time>2025-06-06T15:02:19Z</time>
			</trkpt>
			<trkpt lat="35.63780149595956" lon="-82.25775085266302">
				<ele>729.8000044450164</ele>
				<time>2025-06-06T15:02:20Z</time>
			</trkpt>
			<trkpt lat="35.637768432785435" lon="-82.257737508073">
				<ele>729.7698209630325</ele>
				<time>2025-06-06T15:02:22Z</time>
			</trkpt>
			<trkpt lat="35.63775079739976" lon="-82.25772969088864">
				<ele>731.0756835853681</ele>
				<time>2025-06-06T15:02:23Z</time>
			</trkpt>
			<trkpt lat="35.63773517301874" lon="-82.25771861818998">
				<ele>731.9020998962224</ele>
				<time>2025-06-06T15:02:25Z</time>
			</trkpt>
			<trkpt lat="35.63771665702717" lon="-82.25771223437532">
				<ele>731.1935700410977</ele>
				<time>2025-06-06T15:02:27Z</time>
			</trkpt>
			<trkpt lat="35.637687247208206" lon="-82.25771200347917">
				<ele>732.8564908886328</ele>
				<time>2025-06-06T15:02:29Z</time>
			</trkpt>
			<trkpt lat="35.637643851152724" lon="-82.25771993403596">
				<ele>733.0434382362291</ele>
				<time>2025-06-06T15:02:31Z</time>
			</trkpt>
			<trkpt lat="35.63759988471943" lon="-82.25773455576166">
				<ele>733.3546541156247</ele>
				<time>2025-06-06T15:02:32Z</time>
			</trkpt>
			<trkpt lat="35.63757200681268" lon="-82.25775447706407">
				<ele>734.203038261272</ele>
				<time>2025-06-06T15:02:33Z</time>
			</trkpt>
			<trkpt lat="35.637528380633746" lon="-82.25778427611218">
				<ele>735.0706170042977</ele>
				<time>2025-06-06T15:02:34Z</time>
			</trkpt>
			<trkpt lat="35.6374930676144" lon="-82.25778806787451">
				<ele>735.0238722320646</ele>
				<time>2025-06-06T15:02:35Z</time>
			</trkpt>
			<trkpt lat="35.637453065623454" lon="-82.25781053411495">
				<ele>734.3210571445525</ele>
				<time>2025-06-06T15:02:36Z</time>
			</trkpt>
			<trkpt lat="35.63742694485519" lon="-82.2578237920118">
				<ele>734.4537564301863</ele>
				<time>2025-06-06T15:02:37Z</time>
			</trkpt>
			<trkpt lat="35.637393665625304" lon="-82.25784122984736">
				<ele>733.8582529546693</ele>
				<time>2025-06-06T15:02:38Z</time>
			</trkpt>
			<trkpt lat="35.637372018122434" lon="-82.2578616092369">
				<ele>733.0653800200671</ele>
				<time>2025-06-06T15:02:39Z</time>
			</trkpt>
			<trkpt lat="35.6373552903317" lon="-82.25787598619291">
				<ele>733.0376966428012</ele>
				<time>2025-06-06T15:02:40Z</time>
			</trkpt>
			<trkpt lat="35.63733923593986" lon="-82.25789192485223">
				<ele>733.0900502111763</ele>
				<time>2025-06-06T15:02:41Z</time>
			</trkpt>
			<trkpt lat="35.63732255555414" lon="-82.25790506352305">
				<ele>734.4416698850691</ele>
				<time>2025-06-06T15:02:42Z</time>
			</trkpt>
			<trkpt lat="35.63730106441566" lon="-82.25792209811118">
				<ele>734.3226650254801</ele>
				<time>2025-06-06T15:02:43Z</time>
			</trkpt>
			<trkpt lat="35.6372819830136" lon="-82.25793508684936">
				<ele>734.3565748333931</ele>
				<time>2025-06-06T15:02:44Z</time>
			</trkpt>
			<trkpt lat="35.63726556758346" lon="-82.25794825044824">
				<ele>735.1012637494132</ele>
				<time>2025-06-06T15:02:45Z</time>
			</trkpt>
			<trkpt lat="35.63723851164181" lon="-82.25796940057425">
				<ele>735.1216085245833</ele>
				<time>2025-06-06T15:02:47Z</time>
			</trkpt>
			<trkpt lat="35.63720960828291" lon="-82.25798374971117">
				<ele>735.46717816405</ele>
				<time>2025-06-06T15:02:49Z</time>
			</trkpt>
			<trkpt lat="35.6371741526011" lon="-82.25801792446269">
				<ele>735.1257224464789</ele>
				<time>2025-06-06T15:02:51Z</time>
			</trkpt>
			<trkpt lat="35.63713808983958" lon="-82.25804227517337">
				<ele>735.1299946419895</ele>
				<time>2025-06-06T15:02:53Z</time>
			</trkpt>
			<trkpt lat="35.63711410819543" lon="-82.25807240077329">
				<ele>734.4144663671032</ele>
				<time>2025-06-06T15:02:55Z</time>
			</trkpt>
			<trkpt lat="35.6371052050824" lon="-82.25809316579796">
				<ele>734.677311479114</ele>
				<time>2025-06-06T15:02:56Z</time>
			</trkpt>
			<trkpt lat="35.63709267835197" lon="-82.25811585550083">
				<ele>735.4112473791465</ele>
				<time>2025-06-06T15:02:57Z</time>
			</trkpt>
			<trkpt lat="35.637080024871715" lon="-82.25814527795082">
				<ele>735.9204153493047</ele>
				<time>2025-06-06T15:02:58Z</time>
			</trkpt>
			<trkpt lat="35.63707685595761" lon="-82.2581742568079">
				<ele>736.7517092302442</ele>
				<time>2025-06-06T15:02:59Z</time>
			</trkpt>
			<trkpt lat="35.63706945080268" lon="-82.25819526584533">
				<ele>736.794290469028</ele>
				<time>2025-06-06T15:03:00Z</time>
			</trkpt>
			<trkpt lat="35.63705993933289" lon="-82.25821945887022">
				<ele>736.4823075355962</ele>
				<time>2025-06-06T15:03:01Z</time>
			</trkpt>
			<trkpt lat="35.63704478432608" lon="-82.25824861172447">
				<ele>736.4730791784823</ele>
				<time>2025-06-06T15:03:03Z</time>
			</trkpt>
			<trkpt lat="35.637030743034856" lon="-82.25827844904983">
				<ele>736.2961606569588</ele>
				<time>2025-06-06T15:03:05Z</time>
			</trkpt>
			<trkpt lat="35.637027391330264" lon="-82.25830320002912">
				<ele>736.2486908566207</ele>
				<time>2025-06-06T15:03:06Z</time>
			</trkpt>
			<trkpt lat="35.63701849862444" lon="-82.2583248314901">
				<ele>736.286054994911</ele>
				<time>2025-06-06T15:03:07Z</time>
			</trkpt>
			<trkpt lat="35.637001664553594" lon="-82.25835859651589">
				<ele>735.8151363190264</ele>
				<time>2025-06-06T15:03:09Z</time>
			</trkpt>
			<trkpt lat="35.636985841036584" lon="-82.25838189918184">
				<ele>736.1610759226605</ele>
				<time>2025-06-06T15:03:11Z</time>
			</trkpt>
			<trkpt lat="35.63696247395501" lon="-82.25839389032708">
				<ele>735.8333301413804</ele>
				<time>2025-06-06T15:03:14Z</time>
			</trkpt>
			<trkpt lat="35.63694299848388" lon="-82.25838845590528">
				<ele>737.2271565143019</ele>
				<time>2025-06-06T15:03:18Z</time>
			</trkpt>
			<trkpt lat="35.636920939427014" lon="-82.25837200054498">
				<ele>740.4185945903882</ele>
				<time>2025-06-06T15:03:21Z</time>
			</trkpt>
			<trkpt lat="35.63689726626493" lon="-82.25836763941956">
				<ele>738.6261103143916</ele>
				<time>2025-06-06T15:03:23Z</time>
			</trkpt>
			<trkpt lat="35.63687467111" lon="-82.25836774072826">
				<ele>738.4474720610306</ele>
				<time>2025-06-06T15:03:26Z</time>
			</trkpt>
			<trkpt lat="35.63685283267982" lon="-82.25837190317733">
				<ele>740.564065839164</ele>
				<time>2025-06-06T15:03:29Z</time>
			</trkpt>
			<trkpt lat="35.63682474724717" lon="-82.25838739821427">
				<ele>740.4842810258269</ele>
				<time>2025-06-06T15:03:31Z</time>
			</trkpt>
			<trkpt lat="35.63680671946939" lon="-82.25839300966027">
				<ele>740.835381896235</ele>
				<time>2025-06-06T15:03:32Z</time>
			</trkpt>
			<trkpt lat="35.63677744128426" lon="-82.25839816885637">
				<ele>742.6873050704598</ele>
				<time>2025-06-06T15:03:33Z</time>
			</trkpt>
			<trkpt lat="35.63674882192723" lon="-82.25840955637472">
				<ele>741.9791352953762</ele>
				<time>2025-06-06T15:03:34Z</time>
			</trkpt>
			<trkpt lat="35.63672238915566" lon="-82.25840824314159">
				<ele>742.9914500666782</ele>
				<time>2025-06-06T15:03:35Z</time>
			</trkpt>
			<trkpt lat="35.63669594071886" lon="-82.25842248670368">
				<ele>741.7882454292849</ele>
				<time>2025-06-06T15:03:36Z</time>
			</trkpt>
			<trkpt lat="35.6366734775429" lon="-82.25843321369094">
				<ele>741.9203898655251</ele>
				<time>2025-06-06T15:03:37Z</time>
			</trkpt>
			<trkpt lat="35.636650405637376" lon="-82.25843165330213">
				<ele>744.5185951776803</ele>
				<time>2025-06-06T15:03:38Z</time>
			</trkpt>
			<trkpt lat="35.63662644610066" lon="-82.25843955402405">
				<ele>744.061382628046</ele>
				<time>2025-06-06T15:03:39Z</time>
			</trkpt>
			<trkpt lat="35.63660164921915" lon="-82.25844571147738">
				<ele>742.9946518903598</ele>
				<time>2025-06-06T15:03:40Z</time>
			</trkpt>
			<trkpt lat="35.636580755175096" lon="-82.25845459631141">
				<ele>743.2257366487756</ele>
				<time>2025-06-06T15:03:41Z</time>
			</trkpt>
			<trkpt lat="35.636560573348" lon="-82.25845835838045">
				<ele>744.6096408078447</ele>
				<time>2025-06-06T15:03:42Z</time>
			</trkpt>
			<trkpt lat="35.636540500913156" lon="-82.25847159860135">
				<ele>743.3228239100426</ele>
				<time>2025-06-06T15:03:43Z</time>
			</trkpt>
			<trkpt lat="35.636520220087874" lon="-82.25846660228503">
				<ele>745.7290390627459</ele>
				<time>2025-06-06T15:03:44Z</time>
			</trkpt>
			<trkpt lat="35.636501787905345" lon="-82.25847321428562">
				<ele>746.0309808226302</ele>
				<time>2025-06-06T15:03:45Z</time>
			</trkpt>
			<trkpt lat="35.63647985415101" lon="-82.2584776720771">
				<ele>745.5682277055457</ele>
				<time>2025-06-06T15:03:46Z</time>
			</trkpt>
			<trkpt lat="35.63644650950473" lon="-82.25848235635343">
				<ele>747.4795775730163</ele>
				<time>2025-06-06T15:03:48Z</time>
			</trkpt>
			<trkpt lat="35.63642449792249" lon="-82.25848728238424">
				<ele>745.8771420335397</ele>
				<time>2025-06-06T15:03:49Z</time>
			</trkpt>
			<trkpt lat="35.6364053796475" lon="-82.25849153077341">
				<ele>745.2150988513604</ele>
				<time>2025-06-06T15:03:50Z</time>
			</trkpt>
			<trkpt lat="35.63638664110764" lon="-82.25849408178522">
				<ele>744.875323176384</ele>
				<time>2025-06-06T15:03:51Z</time>
			</trkpt>
			<trkpt lat="35.63636749228491" lon="-82.25849558209387">
				<ele>745.3628983981907</ele>
				<time>2025-06-06T15:03:52Z</time>
			</trkpt>
			<trkpt lat="35.636348570861536" lon="-82.25849644525171">
				<ele>745.5133982412517</ele>
				<time>2025-06-06T15:03:53Z</time>
			</trkpt>
			<trkpt lat="35.63631560163606" lon="-82.25850764532854">
				<ele>745.5466383397579</ele>
				<time>2025-06-06T15:03:55Z</time>
			</trkpt>
			<trkpt lat="35.6362841182386" lon="-82.25851505152251">
				<ele>748.0350361894816</ele>
				<time>2025-06-06T15:03:57Z</time>
			</trkpt>
			<trkpt lat="35.63625070164258" lon="-82.25852793559889">
				<ele>747.2320594917983</ele>
				<time>2025-06-06T15:03:59Z</time>
			</trkpt>
			<trkpt lat="35.63623276523227" lon="-82.25853139769838">
				<ele>746.0639417339116</ele>
				<time>2025-06-06T15:04:00Z</time>
			</trkpt>
			<trkpt lat="35.63619846192476" lon="-82.25853770269279">
				<ele>747.022972824052</ele>
				<time>2025-06-06T15:04:02Z</time>
			</trkpt>
			<trkpt lat="35.63616818848039" lon="-82.25853704679743">
				<ele>747.5488294903189</ele>
				<time>2025-06-06T15:04:04Z</time>
			</trkpt>
			<trkpt lat="35.63613444219693" lon="-82.25853762215051">
				<ele>748.2158051300794</ele>
				<time>2025-06-06T15:04:06Z</time>
			</trkpt>
			<trkpt lat="35.63610134768177" lon="-82.25853486047387">
				<ele>748.6408942751586</ele>
				<time>2025-06-06T15:04:08Z</time>
			</trkpt>
			<trkpt lat="35.636067656224306" lon="-82.25853204897517">
				<ele>748.3201063787565</ele>
				<time>2025-06-06T15:04:10Z</time>
			</trkpt>
			<trkpt lat="35.636035324856906" lon="-82.25852935095975">
				<ele>747.1365022659302</ele>
				<time>2025-06-06T15:04:12Z</time>
			</trkpt>
			<trkpt lat="35.636006197691195" lon="-82.25852692035913">
				<ele>747.8568929508328</ele>
				<time>2025-06-06T15:04:14Z</time>
			</trkpt>
			<trkpt lat="35.635972019594334" lon="-82.25852406822803">
				<ele>746.0742577621713</ele>
				<time>2025-06-06T15:04:16Z</time>
			</trkpt>
			<trkpt lat="35.635938667900916" lon="-82.25852183299314">
				<ele>746.2276161247864</ele>
				<time>2025-06-06T15:04:18Z</time>
			</trkpt>
			<trkpt lat="35.63590575247156" lon="-82.25852501448">
				<ele>747.3518962217495</ele>
				<time>2025-06-06T15:04:20Z</time>
			</trkpt>
			<trkpt lat="35.63588701417795" lon="-82.25852220604992">
				<ele>746.845550103113</ele>
				<time>2025-06-06T15:04:21Z</time>
			</trkpt>
			<trkpt lat="35.63586910095997" lon="-82.2585172536634">
				<ele>746.6434756219387</ele>
				<time>2025-06-06T15:04:22Z</time>
			</trkpt>
			<trkpt lat="35.63583624918133" lon="-82.25851524497158">
				<ele>745.4243266768754</ele>
				<time>2025-06-06T15:04:24Z</time>
			</trkpt>
			<trkpt lat="35.635806187021615" lon="-82.25851351697135">
				<ele>748.7183490991592</ele>
				<time>2025-06-06T15:04:26Z</time>
			</trkpt>
			<trkpt lat="35.635787225862785" lon="-82.25851266229267">
				<ele>748.5619415091351</ele>
				<time>2025-06-06T15:04:27Z</time>
			</trkpt>
			<trkpt lat="35.63576773327544" lon="-82.25851178365365">
				<ele>748.0943328728899</ele>
				<time>2025-06-06T15:04:28Z</time>
			</trkpt>
			<trkpt lat="35.635748688983924" lon="-82.25851092521314">
				<ele>747.3996356185526</ele>
				<time>2025-06-06T15:04:29Z</time>
			</trkpt>
			<trkpt lat="35.63571352184849" lon="-82.25851159736152">
				<ele>748.9265345092863</ele>
				<time>2025-06-06T15:04:31Z</time>
			</trkpt>
			<trkpt lat="35.635679106298845" lon="-82.25851372335741">
				<ele>749.3674957053736</ele>
				<time>2025-06-06T15:04:33Z</time>
			</trkpt>
			<trkpt lat="35.63566012820529" lon="-82.25851529035198">
				<ele>749.1142806876451</ele>
				<time>2025-06-06T15:04:34Z</time>
			</trkpt>
			<trkpt lat="35.63564167625993" lon="-82.25851912898187">
				<ele>748.985903522931</ele>
				<time>2025-06-06T15:04:35Z</time>
			</trkpt>
			<trkpt lat="35.635611221555166" lon="-82.25852652655838">
				<ele>752.2886841520667</ele>
				<time>2025-06-06T15:04:37Z</time>
			</trkpt>
			<trkpt lat="35.63559033136787" lon="-82.25853815313653">
				<ele>752.5893907360733</ele>
				<time>2025-06-06T15:04:38Z</time>
			</trkpt>
			<trkpt lat="35.63556878118195" lon="-82.25854852159948">
				<ele>753.0652025947347</ele>
				<time>2025-06-06T15:04:39Z</time>
			</trkpt>
			<trkpt lat="35.635547581037045" lon="-82.25855894822266">
				<ele>752.8606355842203</ele>
				<time>2025-06-06T15:04:40Z</time>
			</trkpt>
			<trkpt lat="35.63552423450738" lon="-82.2585685087898">
				<ele>752.3475573305041</ele>
				<time>2025-06-06T15:04:41Z</time>
			</trkpt>
			<trkpt lat="35.635503042569326" lon="-82.25858096867643">
				<ele>752.2033623456955</ele>
				<time>2025-06-06T15:04:42Z</time>
			</trkpt>
			<trkpt lat="35.6354844257636" lon="-82.25859424591552">
				<ele>752.1936383703724</ele>
				<time>2025-06-06T15:04:43Z</time>
			</trkpt>
			<trkpt lat="35.635465939376246" lon="-82.25860488877362">
				<ele>752.4816209012643</ele>
				<time>2025-06-06T15:04:44Z</time>
			</trkpt>
			<trkpt lat="35.635445746548" lon="-82.25861375624957">
				<ele>753.4905118048191</ele>
				<time>2025-06-06T15:04:45Z</time>
			</trkpt>
			<trkpt lat="35.63542618958992" lon="-82.25862263394224">
				<ele>752.9892644537613</ele>
				<time>2025-06-06T15:04:46Z</time>
			</trkpt>
			<trkpt lat="35.635410412527" lon="-82.25863406196693">
				<ele>752.1782248597592</ele>
				<time>2025-06-06T15:04:47Z</time>
			</trkpt>
			<trkpt lat="35.63538976861429" lon="-82.25864571716944">
				<ele>752.5583612490445</ele>
				<time>2025-06-06T15:04:48Z</time>
			</trkpt>
			<trkpt lat="35.635372186715884" lon="-82.25865125733314">
				<ele>754.4046454783529</ele>
				<time>2025-06-06T15:04:49Z</time>
			</trkpt>
			<trkpt lat="35.635352375515396" lon="-82.25866577078709">
				<ele>755.1306642023847</ele>
				<time>2025-06-06T15:04:50Z</time>
			</trkpt>
			<trkpt lat="35.63533226352977" lon="-82.25868448146423">
				<ele>754.401801340282</ele>
				<time>2025-06-06T15:04:51Z</time>
			</trkpt>
			<trkpt lat="35.63531490421657" lon="-82.25870852100296">
				<ele>753.2671125326306</ele>
				<time>2025-06-06T15:04:52Z</time>
			</trkpt>
			<trkpt lat="35.635297226710826" lon="-82.25873530174637">
				<ele>752.8877600515261</ele>
				<time>2025-06-06T15:04:53Z</time>
			</trkpt>
			<trkpt lat="35.63527407780848" lon="-82.25875220341815">
				<ele>753.3564684409648</ele>
				<time>2025-06-06T15:04:54Z</time>
			</trkpt>
			<trkpt lat="35.63525412306796" lon="-82.25876892765709">
				<ele>753.6590491570532</ele>
				<time>2025-06-06T15:04:55Z</time>
			</trkpt>
			<trkpt lat="35.63523671566069" lon="-82.25878348553634">
				<ele>753.8840550165623</ele>
				<time>2025-06-06T15:04:56Z</time>
			</trkpt>
			<trkpt lat="35.6352212119129" lon="-82.2587985197537">
				<ele>754.0318525871262</ele>
				<time>2025-06-06T15:04:57Z</time>
			</trkpt>
			<trkpt lat="35.63521018204365" lon="-82.25881803244303">
				<ele>753.5123521499336</ele>
				<time>2025-06-06T15:04:58Z</time>
			</trkpt>
			<trkpt lat="35.63520224169192" lon="-82.25884820134112">
				<ele>751.6919050710276</ele>
				<time>2025-06-06T15:04:59Z</time>
			</trkpt>
			<trkpt lat="35.63519621544554" lon="-82.25887800544398">
				<ele>751.6647407272831</ele>
				<time>2025-06-06T15:05:00Z</time>
			</trkpt>
			<trkpt lat="35.63518415770929" lon="-82.25889560639116">
				<ele>754.0762399444357</ele>
				<time>2025-06-06T15:05:01Z</time>
			</trkpt>
			<trkpt lat="35.635175394190306" lon="-82.25891966475456">
				<ele>754.1264419406652</ele>
				<time>2025-06-06T15:05:02Z</time>
			</trkpt>
			<trkpt lat="35.63516371300352" lon="-82.25894649390709">
				<ele>754.3416076730937</ele>
				<time>2025-06-06T15:05:03Z</time>
			</trkpt>
			<trkpt lat="35.63514768507842" lon="-82.25897307256872">
				<ele>754.2167860977352</ele>
				<time>2025-06-06T15:05:04Z</time>
			</trkpt>
			<trkpt lat="35.635139727871184" lon="-82.25900023037212">
				<ele>754.3849340509623</ele>
				<time>2025-06-06T15:05:05Z</time>
			</trkpt>
			<trkpt lat="35.63513436309992" lon="-82.25902756835228">
				<ele>753.9141095858067</ele>
				<time>2025-06-06T15:05:06Z</time>
			</trkpt>
			<trkpt lat="35.63512859083374" lon="-82.25904940449779">
				<ele>754.630526076071</ele>
				<time>2025-06-06T15:05:07Z</time>
			</trkpt>
			<trkpt lat="35.63512335483446" lon="-82.25909259461096">
				<ele>754.3082412332296</ele>
				<time>2025-06-06T15:05:09Z</time>
			</trkpt>
			<trkpt lat="35.63511509496735" lon="-82.25913466921938">
				<ele>754.206731618382</ele>
				<time>2025-06-06T15:05:11Z</time>
			</trkpt>
			<trkpt lat="35.63510865448603" lon="-82.25916918675931">
				<ele>756.1723650936037</ele>
				<time>2025-06-06T15:05:13Z</time>
			</trkpt>
			<trkpt lat="35.635100319156585" lon="-82.25919213185509">
				<ele>755.4674083068967</ele>
				<time>2025-06-06T15:05:14Z</time>
			</trkpt>
			<trkpt lat="35.63509398861461" lon="-82.25921470088659">
				<ele>755.3047105902806</ele>
				<time>2025-06-06T15:05:15Z</time>
			</trkpt>
			<trkpt lat="35.63509070855814" lon="-82.25924375942985">
				<ele>754.6233959598467</ele>
				<time>2025-06-06T15:05:16Z</time>
			</trkpt>
			<trkpt lat="35.63508014908215" lon="-82.25927249690685">
				<ele>755.3985499264672</ele>
				<time>2025-06-06T15:05:17Z</time>
			</trkpt>
			<trkpt lat="35.63506560451527" lon="-82.25931818588083">
				<ele>755.3882219139487</ele>
				<time>2025-06-06T15:05:19Z</time>
			</trkpt>
			<trkpt lat="35.635061794798546" lon="-82.25934013326766">
				<ele>754.9367354437709</ele>
				<time>2025-06-06T15:05:20Z</time>
			</trkpt>
			<trkpt lat="35.63506646752062" lon="-82.25936186780444">
				<ele>755.0303628426045</ele>
				<time>2025-06-06T15:05:21Z</time>
			</trkpt>
			<trkpt lat="35.635077820768984" lon="-82.25940341280547">
				<ele>758.2616643533111</ele>
				<time>2025-06-06T15:05:23Z</time>
			</trkpt>
			<trkpt lat="35.63507843196442" lon="-82.25943037694212">
				<ele>757.817728381604</ele>
				<time>2025-06-06T15:05:24Z</time>
			</trkpt>
			<trkpt lat="35.6350779941669" lon="-82.25945956692844">
				<ele>757.345834617503</ele>
				<time>2025-06-06T15:05:25Z</time>
			</trkpt>
			<trkpt lat="35.635073003307724" lon="-82.25948249506023">
				<ele>758.2724289745092</ele>
				<time>2025-06-06T15:05:26Z</time>
			</trkpt>
			<trkpt lat="35.63506946804688" lon="-82.25950474194786">
				<ele>758.1019617188722</ele>
				<time>2025-06-06T15:05:27Z</time>
			</trkpt>
			<trkpt lat="35.63505804746508" lon="-82.2595450959016">
				<ele>758.3533136919141</ele>
				<time>2025-06-06T15:05:29Z</time>
			</trkpt>
			<trkpt lat="35.63505455968452" lon="-82.25957879918944">
				<ele>759.2694467250258</ele>
				<time>2025-06-06T15:05:31Z</time>
			</trkpt>
			<trkpt lat="35.635047151245764" lon="-82.25960377032439">
				<ele>760.4195364378393</ele>
				<time>2025-06-06T15:05:33Z</time>
			</trkpt>
			<trkpt lat="35.63504293394898" lon="-82.25962617174466">
				<ele>760.403380275704</ele>
				<time>2025-06-06T15:05:34Z</time>
			</trkpt>
			<trkpt lat="35.63503049885433" lon="-82.25964522327551">
				<ele>762.1122106546536</ele>
				<time>2025-06-06T15:05:36Z</time>
			</trkpt>
			<trkpt lat="35.635021381844965" lon="-82.25966940084675">
				<ele>763.5075234016404</ele>
				<time>2025-06-06T15:05:38Z</time>
			</trkpt>
			<trkpt lat="35.63500176129464" lon="-82.25969206018962">
				<ele>764.6295379316434</ele>
				<time>2025-06-06T15:05:41Z</time>
			</trkpt>
			<trkpt lat="35.63499218066452" lon="-82.25971367368584">
				<ele>765.1340757999569</ele>
				<time>2025-06-06T15:05:43Z</time>
			</trkpt>
			<trkpt lat="35.63497536688651" lon="-82.25973855858764">
				<ele>765.9800367793068</ele>
				<time>2025-06-06T15:05:45Z</time>
			</trkpt>
			<trkpt lat="35.634952829889684" lon="-82.25976699871057">
				<ele>766.0287655852735</ele>
				<time>2025-06-06T15:05:47Z</time>
			</trkpt>
			<trkpt lat="35.63493034788661" lon="-82.25980149860908">
				<ele>763.613283470273</ele>
				<time>2025-06-06T15:05:50Z</time>
			</trkpt>
			<trkpt lat="35.63492882401723" lon="-82.25977584711777">
				<ele>756.2613721899688</ele>
				<time>2025-06-06T15:06:01Z</time>
			</trkpt>
			<trkpt lat="35.63494572851893" lon="-82.25975913663306">
				<ele>759.1114888451993</ele>
				<time>2025-06-06T15:06:03Z</time>
			</trkpt>
			<trkpt lat="35.63496483949343" lon="-82.25973374738344">
				<ele>762.2249563066289</ele>
				<time>2025-06-06T15:06:05Z</time>
			</trkpt>
			<trkpt lat="35.63495477070852" lon="-82.25969066830434">
				<ele>765.4761443855241</ele>
				<time>2025-06-06T15:06:07Z</time>
			</trkpt>
			<trkpt lat="35.63495036195297" lon="-82.25965567427806">
				<ele>765.2961837127805</ele>
				<time>2025-06-06T15:06:08Z</time>
			</trkpt>
			<trkpt lat="35.63495419308828" lon="-82.25963308922557">
				<ele>766.0345261124894</ele>
				<time>2025-06-06T15:06:09Z</time>
			</trkpt>
			<trkpt lat="35.63496116800679" lon="-82.25960589634296">
				<ele>765.1759847560897</ele>
				<time>2025-06-06T15:06:10Z</time>
			</trkpt>
			<trkpt lat="35.634968892271594" lon="-82.25956189475231">
				<ele>767.8344549015164</ele>
				<time>2025-06-06T15:06:12Z</time>
			</trkpt>
			<trkpt lat="35.634966655828" lon="-82.25953301216951">
				<ele>767.8543401034549</ele>
				<time>2025-06-06T15:06:13Z</time>
			</trkpt>
			<trkpt lat="35.634958944019424" lon="-82.25950241486996">
				<ele>767.2580571509898</ele>
				<time>2025-06-06T15:06:14Z</time>
			</trkpt>
			<trkpt lat="35.63496673303061" lon="-82.2594744859328">
				<ele>766.8764978144318</ele>
				<time>2025-06-06T15:06:15Z</time>
			</trkpt>
			<trkpt lat="35.63495902866008" lon="-82.25942469342998">
				<ele>768.2673882087693</ele>
				<time>2025-06-06T15:06:17Z</time>
			</trkpt>
			<trkpt lat="35.63494246131039" lon="-82.25939518005293">
				<ele>770.2599000828341</ele>
				<time>2025-06-06T15:06:19Z</time>
			</trkpt>
			<trkpt lat="35.63492143660911" lon="-82.25935655064647">
				<ele>769.8442568089813</ele>
				<time>2025-06-06T15:06:21Z</time>
			</trkpt>
			<trkpt lat="35.63490894751603" lon="-82.25933322385609">
				<ele>769.0821971781552</ele>
				<time>2025-06-06T15:06:22Z</time>
			</trkpt>
			<trkpt lat="35.634896408884266" lon="-82.2593039377104">
				<ele>767.5356712127104</ele>
				<time>2025-06-06T15:06:23Z</time>
			</trkpt>
			<trkpt lat="35.63488520971725" lon="-82.25927462785147">
				<ele>764.7415580172092</ele>
				<time>2025-06-06T15:06:24Z</time>
			</trkpt>
			<trkpt lat="35.63487197962252" lon="-82.25924499776343">
				<ele>763.5530040320009</ele>
				<time>2025-06-06T15:06:25Z</time>
			</trkpt>
			<trkpt lat="35.63485470565498" lon="-82.25921819808345">
				<ele>762.9864535117522</ele>
				<time>2025-06-06T15:06:26Z</time>
			</trkpt>
			<trkpt lat="35.63483522327743" lon="-82.25919407618831">
				<ele>762.5138623658568</ele>
				<time>2025-06-06T15:06:27Z</time>
			</trkpt>
			<trkpt lat="35.63481366171219" lon="-82.25916915671509">
				<ele>761.1612247563899</ele>
				<time>2025-06-06T15:06:28Z</time>
			</trkpt>
			<trkpt lat="35.634788039431555" lon="-82.25914916386472">
				<ele>759.2549904696643</ele>
				<time>2025-06-06T15:06:29Z</time>
			</trkpt>
			<trkpt lat="35.63476636271676" lon="-82.25913405641766">
				<ele>757.6223988737911</ele>
				<time>2025-06-06T15:06:30Z</time>
			</trkpt>
			<trkpt lat="35.63474687902191" lon="-82.25912122592848">
				<ele>756.537023412995</ele>
				<time>2025-06-06T15:06:31Z</time>
			</trkpt>
			<trkpt lat="35.634725474907825" lon="-82.2591114233069">
				<ele>756.5703313359991</ele>
				<time>2025-06-06T15:06:32Z</time>
			</trkpt>
			<trkpt lat="35.63470662121899" lon="-82.25910709908979">
				<ele>755.383346430026</ele>
				<time>2025-06-06T15:06:33Z</time>
			</trkpt>
			<trkpt lat="35.63467185847319" lon="-82.25909809142928">
				<ele>754.9544128328562</ele>
				<time>2025-06-06T15:06:35Z</time>
			</trkpt>
			<trkpt lat="35.63465462003357" lon="-82.25908940159377">
				<ele>755.1706762919202</ele>
				<time>2025-06-06T15:06:36Z</time>
			</trkpt>
			<trkpt lat="35.634624648693695" lon="-82.25907892166965">
				<ele>756.9429182847962</ele>
				<time>2025-06-06T15:06:38Z</time>
			</trkpt>
			<trkpt lat="35.634588256908124" lon="-82.2590798399518">
				<ele>756.5356911141425</ele>
				<time>2025-06-06T15:06:40Z</time>
			</trkpt>
			<trkpt lat="35.634555953913605" lon="-82.25907326215116">
				<ele>756.9393147686496</ele>
				<time>2025-06-06T15:06:42Z</time>
			</trkpt>
			<trkpt lat="35.634521737348415" lon="-82.25907623474839">
				<ele>756.626220325008</ele>
				<time>2025-06-06T15:06:44Z</time>
			</trkpt>
			<trkpt lat="35.63449042814557" lon="-82.25907106040286">
				<ele>759.4505270747468</ele>
				<time>2025-06-06T15:06:46Z</time>
			</trkpt>
			<trkpt lat="35.63446289520966" lon="-82.2590689586425">
				<ele>761.9926254330203</ele>
				<time>2025-06-06T15:06:48Z</time>
			</trkpt>
			<trkpt lat="35.63442805563036" lon="-82.2590725596199">
				<ele>763.0853061852977</ele>
				<time>2025-06-06T15:06:50Z</time>
			</trkpt>
			<trkpt lat="35.634393029152925" lon="-82.2590710831877">
				<ele>763.7595436088741</ele>
				<time>2025-06-06T15:06:52Z</time>
			</trkpt>
			<trkpt lat="35.63436126477125" lon="-82.25907663170808">
				<ele>765.1877888757735</ele>
				<time>2025-06-06T15:06:54Z</time>
			</trkpt>
			<trkpt lat="35.634326865638194" lon="-82.25907936779696">
				<ele>765.3147000437602</ele>
				<time>2025-06-06T15:06:56Z</time>
			</trkpt>
			<trkpt lat="35.63429331457178" lon="-82.25909056109423">
				<ele>766.0772996097803</ele>
				<time>2025-06-06T15:06:58Z</time>
			</trkpt>
			<trkpt lat="35.63426030578438" lon="-82.25911267837215">
				<ele>767.1835024170578</ele>
				<time>2025-06-06T15:07:00Z</time>
			</trkpt>
			<trkpt lat="35.63424096955285" lon="-82.25912517440862">
				<ele>766.8222096795216</ele>
				<time>2025-06-06T15:07:01Z</time>
			</trkpt>
			<trkpt lat="35.63422154624152" lon="-82.25913490312594">
				<ele>766.3906189063564</ele>
				<time>2025-06-06T15:07:02Z</time>
			</trkpt>
			<trkpt lat="35.63420336822629" lon="-82.25914382003165">
				<ele>766.0844894442707</ele>
				<time>2025-06-06T15:07:03Z</time>
			</trkpt>
			<trkpt lat="35.63418423889836" lon="-82.25915119638977">
				<ele>765.7193977404386</ele>
				<time>2025-06-06T15:07:04Z</time>
			</trkpt>
			<trkpt lat="35.63415123494752" lon="-82.25916342215723">
				<ele>766.6310765203089</ele>
				<time>2025-06-06T15:07:06Z</time>
			</trkpt>
			<trkpt lat="35.63412051875455" lon="-82.25918138723912">
				<ele>767.8007351690903</ele>
				<time>2025-06-06T15:07:08Z</time>
			</trkpt>
			<trkpt lat="35.634091527185596" lon="-82.25920011522811">
				<ele>768.456370851025</ele>
				<time>2025-06-06T15:07:10Z</time>
			</trkpt>
			<trkpt lat="35.63406147789374" lon="-82.25921385263456">
				<ele>767.4296470377594</ele>
				<time>2025-06-06T15:07:12Z</time>
			</trkpt>
			<trkpt lat="35.63404336354012" lon="-82.25921247719613">
				<ele>768.9128116322681</ele>
				<time>2025-06-06T15:07:13Z</time>
			</trkpt>
			<trkpt lat="35.63402520574378" lon="-82.25920851085078">
				<ele>770.0397181771696</ele>
				<time>2025-06-06T15:07:14Z</time>
			</trkpt>
			<trkpt lat="35.633990432204605" lon="-82.25921632970434">
				<ele>770.1896219877526</ele>
				<time>2025-06-06T15:07:16Z</time>
			</trkpt>
			<trkpt lat="35.633969544990315" lon="-82.25922501091296">
				<ele>769.5363153778017</ele>
				<time>2025-06-06T15:07:17Z</time>
			</trkpt>
			<trkpt lat="35.633950003081445" lon="-82.25923233080331">
				<ele>769.5649848179892</ele>
				<time>2025-06-06T15:07:18Z</time>
			</trkpt>
			<trkpt lat="35.63393288806642" lon="-82.25924409419096">
				<ele>769.8226016508415</ele>
				<time>2025-06-06T15:07:19Z</time>
			</trkpt>
			<trkpt lat="35.63391274461966" lon="-82.2592461279487">
				<ele>771.444843204692</ele>
				<time>2025-06-06T15:07:20Z</time>
			</trkpt>
			<trkpt lat="35.633895800393994" lon="-82.25925718290328">
				<ele>771.4047675831243</ele>
				<time>2025-06-06T15:07:21Z</time>
			</trkpt>
			<trkpt lat="35.63387979661825" lon="-82.2592695700696">
				<ele>771.3806598801166</ele>
				<time>2025-06-06T15:07:22Z</time>
			</trkpt>
			<trkpt lat="35.63386376766438" lon="-82.25928310319158">
				<ele>770.9909988762811</ele>
				<time>2025-06-06T15:07:23Z</time>
			</trkpt>
			<trkpt lat="35.63383559232077" lon="-82.25929674807858">
				<ele>771.8522939551622</ele>
				<time>2025-06-06T15:07:25Z</time>
			</trkpt>
			<trkpt lat="35.63381012123519" lon="-82.25930456248365">
				<ele>773.7388060083613</ele>
				<time>2025-06-06T15:07:27Z</time>
			</trkpt>
			<trkpt lat="35.63377616753076" lon="-82.25931196292143">
				<ele>774.9449032703415</ele>
				<time>2025-06-06T15:07:29Z</time>
			</trkpt>
			<trkpt lat="35.633757656785114" lon="-82.25932060154966">
				<ele>774.6147659551352</ele>
				<time>2025-06-06T15:07:30Z</time>
			</trkpt>
			<trkpt lat="35.63373854903824" lon="-82.25933054004645">
				<ele>773.6851270403713</ele>
				<time>2025-06-06T15:07:31Z</time>
			</trkpt>
			<trkpt lat="35.633721396010664" lon="-82.25933900645427">
				<ele>774.2580794701353</ele>
				<time>2025-06-06T15:07:32Z</time>
			</trkpt>
			<trkpt lat="35.6336901173265" lon="-82.25935903123681">
				<ele>774.6584213962778</ele>
				<time>2025-06-06T15:07:34Z</time>
			</trkpt>
			<trkpt lat="35.63366152610019" lon="-82.25937245289107">
				<ele>774.16502411291</ele>
				<time>2025-06-06T15:07:36Z</time>
			</trkpt>
			<trkpt lat="35.63364117728776" lon="-82.25938200530797">
				<ele>775.5449178861454</ele>
				<time>2025-06-06T15:07:38Z</time>
			</trkpt>
			<trkpt lat="35.6336207001096" lon="-82.2593921226269">
				<ele>775.6859638951719</ele>
				<time>2025-06-06T15:07:40Z</time>
			</trkpt>
			<trkpt lat="35.63359420405293" lon="-82.25940357858599">
				<ele>775.0086591728032</ele>
				<time>2025-06-06T15:07:42Z</time>
			</trkpt>
			<trkpt lat="35.63356905039867" lon="-82.25941093795991">
				<ele>775.2787491837516</ele>
				<time>2025-06-06T15:07:44Z</time>
			</trkpt>
			<trkpt lat="35.63355115314537" lon="-82.2594185441261">
				<ele>775.4802396595478</ele>
				<time>2025-06-06T15:07:45Z</time>
			</trkpt>
			<trkpt lat="35.63353214958608" lon="-82.25942290460446">
				<ele>775.3538385620341</ele>
				<time>2025-06-06T15:07:46Z</time>
			</trkpt>
			<trkpt lat="35.633503009751315" lon="-82.25942959092188">
				<ele>776.126831298694</ele>
				<time>2025-06-06T15:07:48Z</time>
			</trkpt>
			<trkpt lat="35.63348407394547" lon="-82.25943393584026">
				<ele>775.459681677632</ele>
				<time>2025-06-06T15:07:50Z</time>
			</trkpt>
			<trkpt lat="35.63345640828723" lon="-82.25944296168024">
				<ele>772.8550133956596</ele>
				<time>2025-06-06T15:07:52Z</time>
			</trkpt>
			<trkpt lat="35.633423335794916" lon="-82.2594478725391">
				<ele>774.4262827336788</ele>
				<time>2025-06-06T15:07:54Z</time>
			</trkpt>
			<trkpt lat="35.63339599911599" lon="-82.25945413708246">
				<ele>773.7398057524115</ele>
				<time>2025-06-06T15:07:55Z</time>
			</trkpt>
			<trkpt lat="35.63337635306307" lon="-82.2594554678466">
				<ele>772.8658233936876</ele>
				<time>2025-06-06T15:07:56Z</time>
			</trkpt>
			<trkpt lat="35.6333522247134" lon="-82.25946115719901">
				<ele>772.6766679473221</ele>
				<time>2025-06-06T15:07:57Z</time>
			</trkpt>
			<trkpt lat="35.63332271502379" lon="-82.2594634363188">
				<ele>773.998999110423</ele>
				<time>2025-06-06T15:07:58Z</time>
			</trkpt>
			<trkpt lat="35.633288465842" lon="-82.2594684465781">
				<ele>774.4958793688565</ele>
				<time>2025-06-06T15:07:59Z</time>
			</trkpt>
			<trkpt lat="35.6332600568757" lon="-82.25947260246652">
				<ele>773.962554381229</ele>
				<time>2025-06-06T15:08:00Z</time>
			</trkpt>
			<trkpt lat="35.63323387139779" lon="-82.25947643309169">
				<ele>773.8650675099343</ele>
				<time>2025-06-06T15:08:01Z</time>
			</trkpt>
			<trkpt lat="35.633209836544154" lon="-82.25947994911189">
				<ele>774.0679949689656</ele>
				<time>2025-06-06T15:08:02Z</time>
			</trkpt>
			<trkpt lat="35.63318786366462" lon="-82.25948566360418">
				<ele>774.4670618139207</ele>
				<time>2025-06-06T15:08:03Z</time>
			</trkpt>
			<trkpt lat="35.633166995907594" lon="-82.25948995119644">
				<ele>775.0593130262569</ele>
				<time>2025-06-06T15:08:04Z</time>
			</trkpt>
			<trkpt lat="35.63314440976651" lon="-82.25949459185247">
				<ele>775.4476338047534</ele>
				<time>2025-06-06T15:08:05Z</time>
			</trkpt>
			<trkpt lat="35.633126279430236" lon="-82.25949831699985">
				<ele>775.800414529629</ele>
				<time>2025-06-06T15:08:06Z</time>
			</trkpt>
			<trkpt lat="35.63310738531657" lon="-82.25950390272955">
				<ele>775.5719698918983</ele>
				<time>2025-06-06T15:08:07Z</time>
			</trkpt>
			<trkpt lat="35.633088981859345" lon="-82.25950903131526">
				<ele>775.0624500671402</ele>
				<time>2025-06-06T15:08:08Z</time>
			</trkpt>
			<trkpt lat="35.633070681672514" lon="-82.25951373018471">
				<ele>775.5688563100994</ele>
				<time>2025-06-06T15:08:09Z</time>
			</trkpt>
			<trkpt lat="35.633052795000026" lon="-82.25951951865764">
				<ele>776.4586840989068</ele>
				<time>2025-06-06T15:08:10Z</time>
			</trkpt>
			<trkpt lat="35.63301825615318" lon="-82.2595350806753">
				<ele>776.1358046038076</ele>
				<time>2025-06-06T15:08:12Z</time>
			</trkpt>
			<trkpt lat="35.6329996984534" lon="-82.2595411533095">
				<ele>775.8396446369588</ele>
				<time>2025-06-06T15:08:13Z</time>
			</trkpt>
			<trkpt lat="35.632982955830684" lon="-82.25955150284575">
				<ele>775.4017301481217</ele>
				<time>2025-06-06T15:08:14Z</time>
			</trkpt>
			<trkpt lat="35.632959161909646" lon="-82.25956165127394">
				<ele>776.4359803041443</ele>
				<time>2025-06-06T15:08:16Z</time>
			</trkpt>
			<trkpt lat="35.63293204131727" lon="-82.25956863993193">
				<ele>779.3261948078871</ele>
				<time>2025-06-06T15:08:18Z</time>
			</trkpt>
			<trkpt lat="35.63291241231473" lon="-82.25957033595614">
				<ele>780.0525336982682</ele>
				<time>2025-06-06T15:08:19Z</time>
			</trkpt>
			<trkpt lat="35.63289342009873" lon="-82.25957365581156">
				<ele>780.452230585739</ele>
				<time>2025-06-06T15:08:20Z</time>
			</trkpt>
			<trkpt lat="35.63285454868544" lon="-82.25958534292279">
				<ele>780.3177362997085</ele>
				<time>2025-06-06T15:08:22Z</time>
			</trkpt>
			<trkpt lat="35.63282099702554" lon="-82.25959884532888">
				<ele>781.5713684055954</ele>
				<time>2025-06-06T15:08:24Z</time>
			</trkpt>
			<trkpt lat="35.63280299486747" lon="-82.25961589132986">
				<ele>780.4122917531058</ele>
				<time>2025-06-06T15:08:25Z</time>
			</trkpt>
			<trkpt lat="35.632770270842926" lon="-82.25962445752002">
				<ele>782.7589261010289</ele>
				<time>2025-06-06T15:08:27Z</time>
			</trkpt>
			<trkpt lat="35.632751324707606" lon="-82.2596354345225">
				<ele>782.1293307607993</ele>
				<time>2025-06-06T15:08:28Z</time>
			</trkpt>
			<trkpt lat="35.63273265492788" lon="-82.25964970367312">
				<ele>781.1405883785337</ele>
				<time>2025-06-06T15:08:29Z</time>
			</trkpt>
			<trkpt lat="35.63271452254153" lon="-82.25965824400943">
				<ele>781.8137188134715</ele>
				<time>2025-06-06T15:08:30Z</time>
			</trkpt>
			<trkpt lat="35.6326967901301" lon="-82.25966919487692">
				<ele>781.3277803333476</ele>
				<time>2025-06-06T15:08:31Z</time>
			</trkpt>
			<trkpt lat="35.632678497940155" lon="-82.2596817030864">
				<ele>780.7080299984664</ele>
				<time>2025-06-06T15:08:32Z</time>
			</trkpt>
			<trkpt lat="35.63266079862076" lon="-82.25969468771193">
				<ele>780.5682176928967</ele>
				<time>2025-06-06T15:08:33Z</time>
			</trkpt>
			<trkpt lat="35.632643931031645" lon="-82.25970945612043">
				<ele>780.5263603813946</ele>
				<time>2025-06-06T15:08:34Z</time>
			</trkpt>
			<trkpt lat="35.63262583352325" lon="-82.2597188863639">
				<ele>780.2402867078781</ele>
				<time>2025-06-06T15:08:35Z</time>
			</trkpt>
			<trkpt lat="35.63260063461608" lon="-82.25972402187901">
				<ele>781.2898958679289</ele>
				<time>2025-06-06T15:08:37Z</time>
			</trkpt>
			<trkpt lat="35.63256866260735" lon="-82.25972472130744">
				<ele>782.4371482562274</ele>
				<time>2025-06-06T15:08:39Z</time>
			</trkpt>
			<trkpt lat="35.632545375845694" lon="-82.25972893818454">
				<ele>783.0219593178481</ele>
				<time>2025-06-06T15:08:41Z</time>
			</trkpt>
			<trkpt lat="35.63252195519643" lon="-82.25973453635135">
				<ele>783.8054940411821</ele>
				<time>2025-06-06T15:08:43Z</time>
			</trkpt>
			<trkpt lat="35.63249349949995" lon="-82.2597418562126">
				<ele>784.2249482320622</ele>
				<time>2025-06-06T15:08:45Z</time>
			</trkpt>
			<trkpt lat="35.63246956012981" lon="-82.2597510963995">
				<ele>784.4716352410614</ele>
				<time>2025-06-06T15:08:47Z</time>
			</trkpt>
			<trkpt lat="35.63244740363336" lon="-82.2597660882363">
				<ele>783.2438846826553</ele>
				<time>2025-06-06T15:08:49Z</time>
			</trkpt>
			<trkpt lat="35.63241168964189" lon="-82.25978365035019">
				<ele>782.9561396157369</ele>
				<time>2025-06-06T15:08:51Z</time>
			</trkpt>
			<trkpt lat="35.63238204735446" lon="-82.25979767897454">
				<ele>783.7094060517848</ele>
				<time>2025-06-06T15:08:52Z</time>
			</trkpt>
			<trkpt lat="35.6323605109174" lon="-82.2598067831827">
				<ele>784.0785515820608</ele>
				<time>2025-06-06T15:08:53Z</time>
			</trkpt>
			<trkpt lat="35.632342001271645" lon="-82.2598118085069">
				<ele>783.8022771896794</ele>
				<time>2025-06-06T15:08:54Z</time>
			</trkpt>
			<trkpt lat="35.63232040422633" lon="-82.25981767204543">
				<ele>783.3234634269029</ele>
				<time>2025-06-06T15:08:55Z</time>
			</trkpt>
			<trkpt lat="35.632300413621834" lon="-82.259823099451">
				<ele>783.6198086347431</ele>
				<time>2025-06-06T15:08:56Z</time>
			</trkpt>
			<trkpt lat="35.632275161169176" lon="-82.25982995544733">
				<ele>784.659311930649</ele>
				<time>2025-06-06T15:08:58Z</time>
			</trkpt>
			<trkpt lat="35.63224198746676" lon="-82.25983896204708">
				<ele>785.8516270322725</ele>
				<time>2025-06-06T15:09:00Z</time>
			</trkpt>
			<trkpt lat="35.63222278924254" lon="-82.25984513458195">
				<ele>786.1510851467028</ele>
				<time>2025-06-06T15:09:01Z</time>
			</trkpt>
			<trkpt lat="35.632204562255396" lon="-82.25985122046276">
				<ele>786.1039003599435</ele>
				<time>2025-06-06T15:09:02Z</time>
			</trkpt>
			<trkpt lat="35.63218845048073" lon="-82.25986547281074">
				<ele>786.0661225263029</ele>
				<time>2025-06-06T15:09:03Z</time>
			</trkpt>
			<trkpt lat="35.63216732019121" lon="-82.25988342092963">
				<ele>786.3546103388071</ele>
				<time>2025-06-06T15:09:04Z</time>
			</trkpt>
			<trkpt lat="35.63215396822387" lon="-82.25990392147999">
				<ele>784.9631357667968</ele>
				<time>2025-06-06T15:09:05Z</time>
			</trkpt>
			<trkpt lat="35.63214015188081" lon="-82.25991962167133">
				<ele>786.6460768049583</ele>
				<time>2025-06-06T15:09:06Z</time>
			</trkpt>
			<trkpt lat="35.63212397877917" lon="-82.25993520557806">
				<ele>788.6993899894878</ele>
				<time>2025-06-06T15:09:07Z</time>
			</trkpt>
			<trkpt lat="35.632104245124744" lon="-82.25995636012716">
				<ele>790.1818970320746</ele>
				<time>2025-06-06T15:09:08Z</time>
			</trkpt>
			<trkpt lat="35.632092796746186" lon="-82.25997447454012">
				<ele>789.1945165526122</ele>
				<time>2025-06-06T15:09:09Z</time>
			</trkpt>
			<trkpt lat="35.63208349599436" lon="-82.2600124492569">
				<ele>789.2777187414467</ele>
				<time>2025-06-06T15:09:11Z</time>
			</trkpt>
			<trkpt lat="35.63207972691418" lon="-82.26003503650588">
				<ele>789.1534779174253</ele>
				<time>2025-06-06T15:09:12Z</time>
			</trkpt>
			<trkpt lat="35.63207792692804" lon="-82.26007695580897">
				<ele>789.6453850744292</ele>
				<time>2025-06-06T15:09:14Z</time>
			</trkpt>
			<trkpt lat="35.632081659922854" lon="-82.26010350000952">
				<ele>789.9216703567654</ele>
				<time>2025-06-06T15:09:15Z</time>
			</trkpt>
			<trkpt lat="35.63207620814229" lon="-82.2601334733104">
				<ele>791.0156167401001</ele>
				<time>2025-06-06T15:09:17Z</time>
			</trkpt>
			<trkpt lat="35.63206886963691" lon="-82.26017291372233">
				<ele>790.3832730660215</ele>
				<time>2025-06-06T15:09:19Z</time>
			</trkpt>
			<trkpt lat="35.632062690690276" lon="-82.26020957464762">
				<ele>790.231166491285</ele>
				<time>2025-06-06T15:09:21Z</time>
			</trkpt>
			<trkpt lat="35.632061204726696" lon="-82.26024172448538">
				<ele>792.2332609752193</ele>
				<time>2025-06-06T15:09:23Z</time>
			</trkpt>
			<trkpt lat="35.632067929524005" lon="-82.26028195500334">
				<ele>793.4122718134895</ele>
				<time>2025-06-06T15:09:25Z</time>
			</trkpt>
			<trkpt lat="35.63207222214306" lon="-82.26030773370796">
				<ele>792.9971987837926</ele>
				<time>2025-06-06T15:09:26Z</time>
			</trkpt>
			<trkpt lat="35.632077945757906" lon="-82.26033106828521">
				<ele>793.0938839167356</ele>
				<time>2025-06-06T15:09:27Z</time>
			</trkpt>
			<trkpt lat="35.632088601540595" lon="-82.26036121678199">
				<ele>792.197684998624</ele>
				<time>2025-06-06T15:09:28Z</time>
			</trkpt>
			<trkpt lat="35.63209822050903" lon="-82.2603977150501">
				<ele>793.7884690882638</ele>
				<time>2025-06-06T15:09:30Z</time>
			</trkpt>
			<trkpt lat="35.63210700181447" lon="-82.26042153004728">
				<ele>794.9916577339172</ele>
				<time>2025-06-06T15:09:33Z</time>
			</trkpt>
			<trkpt lat="35.63213245382874" lon="-82.26043022567482">
				<ele>791.5198172498494</ele>
				<time>2025-06-06T15:09:47Z</time>
			</trkpt>
			<trkpt lat="35.63214991011256" lon="-82.26041949565851">
				<ele>786.8944524107501</ele>
				<time>2025-06-06T15:09:50Z</time>
			</trkpt>
			<trkpt lat="35.63213844931678" lon="-82.2603960264134">
				<ele>785.4912953004241</ele>
				<time>2025-06-06T15:09:53Z</time>
			</trkpt>
			<trkpt lat="35.632120322468715" lon="-82.26038949800667">
				<ele>783.5933083100244</ele>
				<time>2025-06-06T15:09:54Z</time>
			</trkpt>
			<trkpt lat="35.632103069076614" lon="-82.2603774570057">
				<ele>784.2093161679804</ele>
				<time>2025-06-06T15:09:55Z</time>
			</trkpt>
			<trkpt lat="35.6320829480763" lon="-82.26034890007571">
				<ele>782.5672869179398</ele>
				<time>2025-06-06T15:09:57Z</time>
			</trkpt>
			<trkpt lat="35.63205968167351" lon="-82.26032797707055">
				<ele>782.6912647904828</ele>
				<time>2025-06-06T15:09:58Z</time>
			</trkpt>
			<trkpt lat="35.632044912878484" lon="-82.26031518687184">
				<ele>782.806363383308</ele>
				<time>2025-06-06T15:09:59Z</time>
			</trkpt>
			<trkpt lat="35.63203522518436" lon="-82.26029455442654">
				<ele>784.0946429185569</ele>
				<time>2025-06-06T15:10:00Z</time>
			</trkpt>
			<trkpt lat="35.632021137137734" lon="-82.2602645503597">
				<ele>782.8390833092853</ele>
				<time>2025-06-06T15:10:02Z</time>
			</trkpt>
			<trkpt lat="35.63201144486673" lon="-82.26024390809104">
				<ele>785.6510725030676</ele>
				<time>2025-06-06T15:10:04Z</time>
			</trkpt>
			<trkpt lat="35.63198713019008" lon="-82.26023742640766">
				<ele>783.9752894751728</ele>
				<time>2025-06-06T15:10:06Z</time>
			</trkpt>
			<trkpt lat="35.63195122194088" lon="-82.26023133517295">
				<ele>787.5211143260822</ele>
				<time>2025-06-06T15:10:08Z</time>
			</trkpt>
			<trkpt lat="35.63192874853542" lon="-82.26023233715962">
				<ele>787.9424335090443</ele>
				<time>2025-06-06T15:10:09Z</time>
			</trkpt>
			<trkpt lat="35.63190037925534" lon="-82.26024191634733">
				<ele>787.4110404001549</ele>
				<time>2025-06-06T15:10:10Z</time>
			</trkpt>
			<trkpt lat="35.631873463684066" lon="-82.26025910081518">
				<ele>787.4395695989951</ele>
				<time>2025-06-06T15:10:11Z</time>
			</trkpt>
			<trkpt lat="35.63184484076663" lon="-82.26028269508788">
				<ele>787.6934610614553</ele>
				<time>2025-06-06T15:10:12Z</time>
			</trkpt>
			<trkpt lat="35.63181160293769" lon="-82.26030375618942">
				<ele>787.6884463690221</ele>
				<time>2025-06-06T15:10:13Z</time>
			</trkpt>
			<trkpt lat="35.631776557911216" lon="-82.26032619233595">
				<ele>787.8799585904926</ele>
				<time>2025-06-06T15:10:14Z</time>
			</trkpt>
			<trkpt lat="35.63175575788619" lon="-82.2603417029745">
				<ele>788.8401058241725</ele>
				<time>2025-06-06T15:10:16Z</time>
			</trkpt>
			<trkpt lat="35.63172692577517" lon="-82.26035261361677">
				<ele>788.8099862737581</ele>
				<time>2025-06-06T15:10:18Z</time>
			</trkpt>
			<trkpt lat="35.631694464390215" lon="-82.26038042835944">
				<ele>788.9288104828447</ele>
				<time>2025-06-06T15:10:20Z</time>
			</trkpt>
			<trkpt lat="35.63168368911137" lon="-82.26040083615865">
				<ele>789.0987441996112</ele>
				<time>2025-06-06T15:10:21Z</time>
			</trkpt>
			<trkpt lat="35.63165797930265" lon="-82.26043421516214">
				<ele>790.5850613974035</ele>
				<time>2025-06-06T15:10:23Z</time>
			</trkpt>
			<trkpt lat="35.63164399884952" lon="-82.26045050053914">
				<ele>793.5982388323173</ele>
				<time>2025-06-06T15:10:24Z</time>
			</trkpt>
			<trkpt lat="35.63162818237099" lon="-82.26046512786077">
				<ele>795.226902239956</ele>
				<time>2025-06-06T15:10:25Z</time>
			</trkpt>
			<trkpt lat="35.631612080770694" lon="-82.26048728896559">
				<ele>795.7146023036912</ele>
				<time>2025-06-06T15:10:26Z</time>
			</trkpt>
			<trkpt lat="35.631597477524984" lon="-82.2605100845235">
				<ele>795.5366101842374</ele>
				<time>2025-06-06T15:10:27Z</time>
			</trkpt>
			<trkpt lat="35.631584170424915" lon="-82.26053650801927">
				<ele>794.7656876370311</ele>
				<time>2025-06-06T15:10:28Z</time>
			</trkpt>
			<trkpt lat="35.631570665622384" lon="-82.26056281358439">
				<ele>794.2965409811586</ele>
				<time>2025-06-06T15:10:29Z</time>
			</trkpt>
			<trkpt lat="35.63155468954395" lon="-82.26058663779834">
				<ele>794.9152831882238</ele>
				<time>2025-06-06T15:10:30Z</time>
			</trkpt>
			<trkpt lat="35.63153623983301" lon="-82.26060994560942">
				<ele>795.6650177901611</ele>
				<time>2025-06-06T15:10:31Z</time>
			</trkpt>
			<trkpt lat="35.631524102712206" lon="-82.26063439243772">
				<ele>796.7581611629575</ele>
				<time>2025-06-06T15:10:32Z</time>
			</trkpt>
			<trkpt lat="35.63151584033871" lon="-82.26066059105257">
				<ele>796.5639145988971</ele>
				<time>2025-06-06T15:10:33Z</time>
			</trkpt>
			<trkpt lat="35.63149836443616" lon="-82.26068151535785">
				<ele>796.152285553515</ele>
				<time>2025-06-06T15:10:34Z</time>
			</trkpt>
			<trkpt lat="35.63148786206141" lon="-82.26070637256964">
				<ele>794.1744562182575</ele>
				<time>2025-06-06T15:10:35Z</time>
			</trkpt>
			<trkpt lat="35.63147850232131" lon="-82.26072527478736">
				<ele>794.0929548637941</ele>
				<time>2025-06-06T15:10:36Z</time>
			</trkpt>
			<trkpt lat="35.63146017079857" lon="-82.26072939163113">
				<ele>796.9021512418985</ele>
				<time>2025-06-06T15:10:38Z</time>
			</trkpt>
			<trkpt lat="35.6314558795585" lon="-82.26075773989132">
				<ele>797.4444973077625</ele>
				<time>2025-06-06T15:10:40Z</time>
			</trkpt>
			<trkpt lat="35.631436068755725" lon="-82.26075736132678">
				<ele>797.3045332012698</ele>
				<time>2025-06-06T15:10:42Z</time>
			</trkpt>
			<trkpt lat="35.63141239628423" lon="-82.26075348343281">
				<ele>797.3823811588809</ele>
				<time>2025-06-06T15:10:44Z</time>
			</trkpt>
			<trkpt lat="35.63138812905139" lon="-82.26073640266813">
				<ele>796.4935527313501</ele>
				<time>2025-06-06T15:10:46Z</time>
			</trkpt>
			<trkpt lat="35.63139903487474" lon="-82.26075741943077">
				<ele>795.5080091273412</ele>
				<time>2025-06-06T15:10:50Z</time>
			</trkpt>
			<trkpt lat="35.631404106930106" lon="-82.26072160997374">
				<ele>797.521685872227</ele>
				<time>2025-06-06T15:10:56Z</time>
			</trkpt>
			<trkpt lat="35.631428301115115" lon="-82.26070574374857">
				<ele>798.6048128474504</ele>
				<time>2025-06-06T15:10:58Z</time>
			</trkpt>
			<trkpt lat="35.63144915779895" lon="-82.26069820508428">
				<ele>797.1157449865714</ele>
				<time>2025-06-06T15:10:59Z</time>
			</trkpt>
			<trkpt lat="35.631466343292715" lon="-82.26067553815002">
				<ele>804.1823222078383</ele>
				<time>2025-06-06T15:11:04Z</time>
			</trkpt>
			<trkpt lat="35.631473179148486" lon="-82.26065477567163">
				<ele>803.9100365135819</ele>
				<time>2025-06-06T15:11:05Z</time>
			</trkpt>
			<trkpt lat="35.63148844657317" lon="-82.26062781067155">
				<ele>806.0915025277063</ele>
				<time>2025-06-06T15:11:07Z</time>
			</trkpt>
			<trkpt lat="35.631500543898966" lon="-82.26060703872766">
				<ele>805.767982470803</ele>
				<time>2025-06-06T15:11:08Z</time>
			</trkpt>
			<trkpt lat="35.631522814589786" lon="-82.26058959419575">
				<ele>806.5466748895124</ele>
				<time>2025-06-06T15:11:09Z</time>
			</trkpt>
			<trkpt lat="35.63153847316903" lon="-82.26056426315843">
				<ele>808.3316304180771</ele>
				<time>2025-06-06T15:11:10Z</time>
			</trkpt>
			<trkpt lat="35.63155177672708" lon="-82.26054052257346">
				<ele>809.1869970839471</ele>
				<time>2025-06-06T15:11:11Z</time>
			</trkpt>
			<trkpt lat="35.63156527781238" lon="-82.26051599757969">
				<ele>808.790701629594</ele>
				<time>2025-06-06T15:11:12Z</time>
			</trkpt>
			<trkpt lat="35.63157906077193" lon="-82.2604918087798">
				<ele>807.3490815171972</ele>
				<time>2025-06-06T15:11:13Z</time>
			</trkpt>
			<trkpt lat="35.631589649618995" lon="-82.26047172511402">
				<ele>808.6924305390567</ele>
				<time>2025-06-06T15:11:14Z</time>
			</trkpt>
			<trkpt lat="35.63160116061791" lon="-82.26045081486212">
				<ele>810.4109119111672</ele>
				<time>2025-06-06T15:11:15Z</time>
			</trkpt>
			<trkpt lat="35.63161307011868" lon="-82.26042918068495">
				<ele>809.3958034766838</ele>
				<time>2025-06-06T15:11:16Z</time>
			</trkpt>
			<trkpt lat="35.63162519345687" lon="-82.26040715668317">
				<ele>808.7813338302076</ele>
				<time>2025-06-06T15:11:17Z</time>
			</trkpt>
			<trkpt lat="35.631633905252016" lon="-82.2603796795436">
				<ele>808.8905875254422</ele>
				<time>2025-06-06T15:11:18Z</time>
			</trkpt>
			<trkpt lat="35.63163897857408" lon="-82.2603487830899">
				<ele>809.8049526708201</ele>
				<time>2025-06-06T15:11:19Z</time>
			</trkpt>
			<trkpt lat="35.63164208547762" lon="-82.26031225141261">
				<ele>809.1352873500437</ele>
				<time>2025-06-06T15:11:20Z</time>
			</trkpt>
			<trkpt lat="35.63163872489147" lon="-82.26027296050688">
				<ele>807.7294341279194</ele>
				<time>2025-06-06T15:11:21Z</time>
			</trkpt>
			<trkpt lat="35.631630589396096" lon="-82.26023518496555">
				<ele>809.0995683660731</ele>
				<time>2025-06-06T15:11:22Z</time>
			</trkpt>
			<trkpt lat="35.63162485440933" lon="-82.26019550894203">
				<ele>808.9326310968027</ele>
				<time>2025-06-06T15:11:23Z</time>
			</trkpt>
			<trkpt lat="35.63161112900686" lon="-82.26015539146378">
				<ele>809.1821022303775</ele>
				<time>2025-06-06T15:11:24Z</time>
			</trkpt>
			<trkpt lat="35.63158501310158" lon="-82.26012138169028">
				<ele>806.9471104564145</ele>
				<time>2025-06-06T15:11:25Z</time>
			</trkpt>
			<trkpt lat="35.631564596344944" lon="-82.26006842125065">
				<ele>805.9537699976936</ele>
				<time>2025-06-06T15:11:26Z</time>
			</trkpt>
			<trkpt lat="35.631540176466515" lon="-82.26001076177765">
				<ele>805.9074158491567</ele>
				<time>2025-06-06T15:11:27Z</time>
			</trkpt>
			<trkpt lat="35.631520513165796" lon="-82.25997708001135">
				<ele>803.5295339366421</ele>
				<time>2025-06-06T15:11:28Z</time>
			</trkpt>
			<trkpt lat="35.631509703491076" lon="-82.25994346704213">
				<ele>801.8454678570852</ele>
				<time>2025-06-06T15:11:29Z</time>
			</trkpt>
			<trkpt lat="35.631501383598845" lon="-82.25990964781454">
				<ele>798.9495963128284</ele>
				<time>2025-06-06T15:11:30Z</time>
			</trkpt>
			<trkpt lat="35.63149324175845" lon="-82.25987945509911">
				<ele>799.385246090591</ele>
				<time>2025-06-06T15:11:31Z</time>
			</trkpt>
			<trkpt lat="35.631483022024476" lon="-82.25985541806773">
				<ele>798.0176794985309</ele>
				<time>2025-06-06T15:11:32Z</time>
			</trkpt>
			<trkpt lat="35.63145978414694" lon="-82.25982434831242">
				<ele>800.6560043273494</ele>
				<time>2025-06-06T15:11:34Z</time>
			</trkpt>
			<trkpt lat="35.63143294305461" lon="-82.25980605019733">
				<ele>798.9535492425784</ele>
				<time>2025-06-06T15:11:35Z</time>
			</trkpt>
			<trkpt lat="35.63141258784516" lon="-82.25978936503562">
				<ele>798.1010977039114</ele>
				<time>2025-06-06T15:11:36Z</time>
			</trkpt>
			<trkpt lat="35.63139909423262" lon="-82.25977106241636">
				<ele>798.9449008246884</ele>
				<time>2025-06-06T15:11:37Z</time>
			</trkpt>
			<trkpt lat="35.63138198172284" lon="-82.25974901487298">
				<ele>797.9765395801514</ele>
				<time>2025-06-06T15:11:38Z</time>
			</trkpt>
			<trkpt lat="35.63136825614114" lon="-82.2597254437804">
				<ele>797.4466896951199</ele>
				<time>2025-06-06T15:11:39Z</time>
			</trkpt>
			<trkpt lat="35.63135838997392" lon="-82.25970018453363">
				<ele>797.1216381024569</ele>
				<time>2025-06-06T15:11:40Z</time>
			</trkpt>
			<trkpt lat="35.63134922437306" lon="-82.25967479005656">
				<ele>799.0419613458216</ele>
				<time>2025-06-06T15:11:41Z</time>
			</trkpt>
			<trkpt lat="35.631338870165486" lon="-82.2596519639891">
				<ele>799.1217344617471</ele>
				<time>2025-06-06T15:11:42Z</time>
			</trkpt>
			<trkpt lat="35.631325597397776" lon="-82.25962547812814">
				<ele>797.7651998903602</ele>
				<time>2025-06-06T15:11:43Z</time>
			</trkpt>
			<trkpt lat="35.63130900446142" lon="-82.25960613848503">
				<ele>798.3569728657603</ele>
				<time>2025-06-06T15:11:44Z</time>
			</trkpt>
			<trkpt lat="35.631293621369224" lon="-82.2595825403809">
				<ele>797.0608747461811</ele>
				<time>2025-06-06T15:11:45Z</time>
			</trkpt>
			<trkpt lat="35.631281996777346" lon="-82.25956195117371">
				<ele>798.0979437530041</ele>
				<time>2025-06-06T15:11:46Z</time>
			</trkpt>
			<trkpt lat="35.631267293490886" lon="-82.25952272756666">
				<ele>799.3661064477637</ele>
				<time>2025-06-06T15:11:48Z</time>
			</trkpt>
			<trkpt lat="35.63125152066329" lon="-82.2594861724184">
				<ele>799.5304423104972</ele>
				<time>2025-06-06T15:11:50Z</time>
			</trkpt>
			<trkpt lat="35.6312408790821" lon="-82.25945423280267">
				<ele>802.3537241211161</ele>
				<time>2025-06-06T15:11:52Z</time>
			</trkpt>
			<trkpt lat="35.631219991921625" lon="-82.2594043852871">
				<ele>802.4655451709405</ele>
				<time>2025-06-06T15:11:54Z</time>
			</trkpt>
			<trkpt lat="35.63122187933221" lon="-82.25936206693167">
				<ele>806.2693004114553</ele>
				<time>2025-06-06T15:11:56Z</time>
			</trkpt>
			<trkpt lat="35.631227569465594" lon="-82.25933547130415">
				<ele>805.0154768219218</ele>
				<time>2025-06-06T15:11:57Z</time>
			</trkpt>
			<trkpt lat="35.631223909937795" lon="-82.25929856015861">
				<ele>804.5393571844324</ele>
				<time>2025-06-06T15:11:58Z</time>
			</trkpt>
			<trkpt lat="35.63122034124827" lon="-82.25927306935004">
				<ele>804.5037813773379</ele>
				<time>2025-06-06T15:11:59Z</time>
			</trkpt>
			<trkpt lat="35.63121155213472" lon="-82.25924524311368">
				<ele>803.7948975889012</ele>
				<time>2025-06-06T15:12:00Z</time>
			</trkpt>
			<trkpt lat="35.631207921246826" lon="-82.25922269711353">
				<ele>806.7378839273006</ele>
				<time>2025-06-06T15:12:01Z</time>
			</trkpt>
			<trkpt lat="35.6312037669669" lon="-82.25919931533994">
				<ele>806.7673435583711</ele>
				<time>2025-06-06T15:12:02Z</time>
			</trkpt>
			<trkpt lat="35.63119873613074" lon="-82.25917262603043">
				<ele>806.0208429051563</ele>
				<time>2025-06-06T15:12:03Z</time>
			</trkpt>
			<trkpt lat="35.631191736128564" lon="-82.25914915356232">
				<ele>805.9806315293536</ele>
				<time>2025-06-06T15:12:04Z</time>
			</trkpt>
			<trkpt lat="35.63118409639582" lon="-82.25912641492802">
				<ele>806.8442451609299</ele>
				<time>2025-06-06T15:12:05Z</time>
			</trkpt>
			<trkpt lat="35.631177680374996" lon="-82.25909913570582">
				<ele>806.8066751835868</ele>
				<time>2025-06-06T15:12:06Z</time>
			</trkpt>
			<trkpt lat="35.631171709804825" lon="-82.25906787224015">
				<ele>805.9254654627293</ele>
				<time>2025-06-06T15:12:07Z</time>
			</trkpt>
			<trkpt lat="35.631167104062705" lon="-82.25904341756313">
				<ele>806.8719620192423</ele>
				<time>2025-06-06T15:12:08Z</time>
			</trkpt>
			<trkpt lat="35.63116785194645" lon="-82.25901738921209">
				<ele>808.7233308777213</ele>
				<time>2025-06-06T15:12:09Z</time>
			</trkpt>
			<trkpt lat="35.631167046403284" lon="-82.2589892889409">
				<ele>809.1063469275832</ele>
				<time>2025-06-06T15:12:10Z</time>
			</trkpt>
			<trkpt lat="35.63115341210368" lon="-82.25895898934468">
				<ele>808.3465958712623</ele>
				<time>2025-06-06T15:12:11Z</time>
			</trkpt>
			<trkpt lat="35.631139368134555" lon="-82.25893241309527">
				<ele>807.5604440458119</ele>
				<time>2025-06-06T15:12:12Z</time>
			</trkpt>
			<trkpt lat="35.6311327643047" lon="-82.25890643264793">
				<ele>807.6018749084324</ele>
				<time>2025-06-06T15:12:13Z</time>
			</trkpt>
			<trkpt lat="35.63112557816975" lon="-82.25888039723951">
				<ele>807.651952829212</ele>
				<time>2025-06-06T15:12:14Z</time>
			</trkpt>
			<trkpt lat="35.63112449438726" lon="-82.25885069697487">
				<ele>808.547408323735</ele>
				<time>2025-06-06T15:12:15Z</time>
			</trkpt>
			<trkpt lat="35.63110380536679" lon="-82.25881958167145">
				<ele>807.967001773417</ele>
				<time>2025-06-06T15:12:16Z</time>
			</trkpt>
			<trkpt lat="35.63108876399882" lon="-82.25878616651052">
				<ele>806.0563853690401</ele>
				<time>2025-06-06T15:12:17Z</time>
			</trkpt>
			<trkpt lat="35.631081189332185" lon="-82.25875579009632">
				<ele>805.9796596933156</ele>
				<time>2025-06-06T15:12:18Z</time>
			</trkpt>
			<trkpt lat="35.63107692544449" lon="-82.25872901108504">
				<ele>807.8701429087669</ele>
				<time>2025-06-06T15:12:19Z</time>
			</trkpt>
			<trkpt lat="35.63106530024839" lon="-82.2586906823546">
				<ele>805.8102556532249</ele>
				<time>2025-06-06T15:12:20Z</time>
			</trkpt>
			<trkpt lat="35.63105766414629" lon="-82.2586657849749">
				<ele>807.1876472206786</ele>
				<time>2025-06-06T15:12:21Z</time>
			</trkpt>
			<trkpt lat="35.63103598015674" lon="-82.25863100713758">
				<ele>804.7670486802235</ele>
				<time>2025-06-06T15:12:22Z</time>
			</trkpt>
			<trkpt lat="35.63102241656798" lon="-82.25859943979916">
				<ele>803.8743233848363</ele>
				<time>2025-06-06T15:12:23Z</time>
			</trkpt>
			<trkpt lat="35.63101339511255" lon="-82.2585695490698">
				<ele>802.9120625266805</ele>
				<time>2025-06-06T15:12:24Z</time>
			</trkpt>
			<trkpt lat="35.63100615535322" lon="-82.25854208409427">
				<ele>803.3627656698227</ele>
				<time>2025-06-06T15:12:25Z</time>
			</trkpt>
			<trkpt lat="35.63100147785479" lon="-82.25851584111061">
				<ele>803.8542770603672</ele>
				<time>2025-06-06T15:12:26Z</time>
			</trkpt>
			<trkpt lat="35.63099273398669" lon="-82.2584889069173">
				<ele>803.6025994205847</ele>
				<time>2025-06-06T15:12:27Z</time>
			</trkpt>
			<trkpt lat="35.63098600170046" lon="-82.2584618410436">
				<ele>803.0627245139331</ele>
				<time>2025-06-06T15:12:28Z</time>
			</trkpt>
			<trkpt lat="35.630977321081964" lon="-82.25843647083703">
				<ele>802.9351907419041</ele>
				<time>2025-06-06T15:12:29Z</time>
			</trkpt>
			<trkpt lat="35.630970303027276" lon="-82.25841045614841">
				<ele>803.4305972279981</ele>
				<time>2025-06-06T15:12:30Z</time>
			</trkpt>
			<trkpt lat="35.63096329060469" lon="-82.2583864150153">
				<ele>804.1630324227735</ele>
				<time>2025-06-06T15:12:31Z</time>
			</trkpt>
			<trkpt lat="35.63095889027003" lon="-82.25836411142903">
				<ele>805.6996540538967</ele>
				<time>2025-06-06T15:12:32Z</time>
			</trkpt>
			<trkpt lat="35.630951403773174" lon="-82.25833834556407">
				<ele>805.9274463737383</ele>
				<time>2025-06-06T15:12:33Z</time>
			</trkpt>
			<trkpt lat="35.63093771146182" lon="-82.25830928690301">
				<ele>804.966361714527</ele>
				<time>2025-06-06T15:12:34Z</time>
			</trkpt>
			<trkpt lat="35.63093182452139" lon="-82.2582829404014">
				<ele>804.9636552976444</ele>
				<time>2025-06-06T15:12:35Z</time>
			</trkpt>
			<trkpt lat="35.630934982915235" lon="-82.25826109486016">
				<ele>806.5822950107977</ele>
				<time>2025-06-06T15:12:36Z</time>
			</trkpt>
			<trkpt lat="35.63092159642216" lon="-82.25823656953027">
				<ele>806.6672701798379</ele>
				<time>2025-06-06T15:12:37Z</time>
			</trkpt>
			<trkpt lat="35.63090968771031" lon="-82.25820957792936">
				<ele>805.8317396035418</ele>
				<time>2025-06-06T15:12:38Z</time>
			</trkpt>
			<trkpt lat="35.630905742649375" lon="-82.2581848370827">
				<ele>805.6545773791149</ele>
				<time>2025-06-06T15:12:39Z</time>
			</trkpt>
			<trkpt lat="35.63090126581425" lon="-82.25814135142635">
				<ele>807.9425365785137</ele>
				<time>2025-06-06T15:12:41Z</time>
			</trkpt>
			<trkpt lat="35.6308904031948" lon="-82.258111234469">
				<ele>807.0023722499609</ele>
				<time>2025-06-06T15:12:42Z</time>
			</trkpt>
			<trkpt lat="35.63087680547977" lon="-82.25808594190005">
				<ele>806.318397551775</ele>
				<time>2025-06-06T15:12:43Z</time>
			</trkpt>
			<trkpt lat="35.630868279457694" lon="-82.25806535110956">
				<ele>807.335217048414</ele>
				<time>2025-06-06T15:12:44Z</time>
			</trkpt>
			<trkpt lat="35.630859075957176" lon="-82.25803959829949">
				<ele>806.5078672552481</ele>
				<time>2025-06-06T15:12:45Z</time>
			</trkpt>
			<trkpt lat="35.630844621611104" lon="-82.25801715501693">
				<ele>805.7216305444017</ele>
				<time>2025-06-06T15:12:46Z</time>
			</trkpt>
			<trkpt lat="35.630841221494826" lon="-82.25798778081246">
				<ele>805.970139211975</ele>
				<time>2025-06-06T15:12:47Z</time>
			</trkpt>
			<trkpt lat="35.6308389920358" lon="-82.25796440071642">
				<ele>807.2037866357714</ele>
				<time>2025-06-06T15:12:48Z</time>
			</trkpt>
			<trkpt lat="35.63082363152788" lon="-82.25794196123765">
				<ele>807.4143192637712</ele>
				<time>2025-06-06T15:12:49Z</time>
			</trkpt>
			<trkpt lat="35.630802350876685" lon="-82.25791629955906">
				<ele>805.9816669411957</ele>
				<time>2025-06-06T15:12:50Z</time>
			</trkpt>
			<trkpt lat="35.630793308298614" lon="-82.25789105453404">
				<ele>805.629592702724</ele>
				<time>2025-06-06T15:12:51Z</time>
			</trkpt>
			<trkpt lat="35.63078250639743" lon="-82.25786805218218">
				<ele>804.8094504112378</ele>
				<time>2025-06-06T15:12:52Z</time>
			</trkpt>
			<trkpt lat="35.6307747374158" lon="-82.25784557132339">
				<ele>803.6175953429192</ele>
				<time>2025-06-06T15:12:53Z</time>
			</trkpt>
			<trkpt lat="35.63076050867973" lon="-82.25781629187627">
				<ele>806.0473926085979</ele>
				<time>2025-06-06T15:12:55Z</time>
			</trkpt>
			<trkpt lat="35.63074631141764" lon="-82.25777678720813">
				<ele>806.6921267742291</ele>
				<time>2025-06-06T15:12:57Z</time>
			</trkpt>
			<trkpt lat="35.63073306200059" lon="-82.25774957583528">
				<ele>804.3697632942349</ele>
				<time>2025-06-06T15:12:58Z</time>
			</trkpt>
			<trkpt lat="35.630712962497206" lon="-82.25773538774699">
				<ele>805.0750348074362</ele>
				<time>2025-06-06T15:12:59Z</time>
			</trkpt>
			<trkpt lat="35.63069289538809" lon="-82.25772249131015">
				<ele>806.0581225529313</ele>
				<time>2025-06-06T15:13:00Z</time>
			</trkpt>
			<trkpt lat="35.63067439425377" lon="-82.25771294242385">
				<ele>807.6213895259425</ele>
				<time>2025-06-06T15:13:01Z</time>
			</trkpt>
			<trkpt lat="35.63065825642708" lon="-82.25769426568392">
				<ele>807.3318714676425</ele>
				<time>2025-06-06T15:13:02Z</time>
			</trkpt>
			<trkpt lat="35.63063618314553" lon="-82.25767813834631">
				<ele>806.3543559750542</ele>
				<time>2025-06-06T15:13:03Z</time>
			</trkpt>
			<trkpt lat="35.63061433806612" lon="-82.25766870670331">
				<ele>805.5834973603487</ele>
				<time>2025-06-06T15:13:04Z</time>
			</trkpt>
			<trkpt lat="35.630582151257954" lon="-82.25766430698603">
				<ele>802.7526709455997</ele>
				<time>2025-06-06T15:13:05Z</time>
			</trkpt>
			<trkpt lat="35.630550966305556" lon="-82.25766219039099">
				<ele>801.0608019391075</ele>
				<time>2025-06-06T15:13:06Z</time>
			</trkpt>
			<trkpt lat="35.63052052242483" lon="-82.25766301728645">
				<ele>798.7673676032573</ele>
				<time>2025-06-06T15:13:07Z</time>
			</trkpt>
			<trkpt lat="35.63049246617547" lon="-82.25768887308828">
				<ele>796.8301629014313</ele>
				<time>2025-06-06T15:13:08Z</time>
			</trkpt>
			<trkpt lat="35.630461965152804" lon="-82.25770203973285">
				<ele>795.6296314038336</ele>
				<time>2025-06-06T15:13:09Z</time>
			</trkpt>
			<trkpt lat="35.63043195762678" lon="-82.25769298755559">
				<ele>795.9058980839327</ele>
				<time>2025-06-06T15:13:10Z</time>
			</trkpt>
			<trkpt lat="35.63041028096349" lon="-82.25769705181273">
				<ele>796.0671997331083</ele>
				<time>2025-06-06T15:13:11Z</time>
			</trkpt>
			<trkpt lat="35.630367638042124" lon="-82.25772136163154">
				<ele>795.96374582313</ele>
				<time>2025-06-06T15:13:12Z</time>
			</trkpt>
			<trkpt lat="35.630297170485385" lon="-82.25780981052336">
				<ele>796.3359785312787</ele>
				<time>2025-06-06T15:13:13Z</time>
			</trkpt>
			<trkpt lat="35.6302711694438" lon="-82.25789273131177">
				<ele>795.5809538140893</ele>
				<time>2025-06-06T15:13:14Z</time>
			</trkpt>
			<trkpt lat="35.63023947605381" lon="-82.25794334574577">
				<ele>794.7268126299605</ele>
				<time>2025-06-06T15:13:15Z</time>
			</trkpt>
			<trkpt lat="35.6302006265624" lon="-82.25799841694062">
				<ele>794.223232889548</ele>
				<time>2025-06-06T15:13:16Z</time>
			</trkpt>
			<trkpt lat="35.63015534629148" lon="-82.25805100780008">
				<ele>794.0197081966326</ele>
				<time>2025-06-06T15:13:17Z</time>
			</trkpt>
			<trkpt lat="35.63010574390046" lon="-82.25810429264888">
				<ele>792.3749518617988</ele>
				<time>2025-06-06T15:13:18Z</time>
			</trkpt>
			<trkpt lat="35.63006422439503" lon="-82.25813329427007">
				<ele>792.2819823566824</ele>
				<time>2025-06-06T15:13:19Z</time>
			</trkpt>
			<trkpt lat="35.63002478798775" lon="-82.25817477438207">
				<ele>792.6277478765696</ele>
				<time>2025-06-06T15:13:20Z</time>
			</trkpt>
			<trkpt lat="35.62998853752313" lon="-82.25822919587314">
				<ele>792.078649728559</ele>
				<time>2025-06-06T15:13:21Z</time>
			</trkpt>
			<trkpt lat="35.6299564536643" lon="-82.25826532978337">
				<ele>792.4136096164584</ele>
				<time>2025-06-06T15:13:22Z</time>
			</trkpt>
			<trkpt lat="35.62992695946836" lon="-82.25830599966882">
				<ele>792.8929310608655</ele>
				<time>2025-06-06T15:13:23Z</time>
			</trkpt>
			<trkpt lat="35.62989490407464" lon="-82.2583512753357">
				<ele>794.0927685014904</ele>
				<time>2025-06-06T15:13:24Z</time>
			</trkpt>
			<trkpt lat="35.629864257366236" lon="-82.25838781176863">
				<ele>795.1228524995968</ele>
				<time>2025-06-06T15:13:26Z</time>
			</trkpt>
			<trkpt lat="35.629851556734295" lon="-82.25841627696002">
				<ele>794.6224860781804</ele>
				<time>2025-06-06T15:13:27Z</time>
			</trkpt>
			<trkpt lat="35.629827272542" lon="-82.2584433595471">
				<ele>796.6840798826888</ele>
				<time>2025-06-06T15:13:28Z</time>
			</trkpt>
			<trkpt lat="35.629821001143256" lon="-82.258469234307">
				<ele>795.982435981743</ele>
				<time>2025-06-06T15:13:29Z</time>
			</trkpt>
			<trkpt lat="35.62980167898096" lon="-82.25851372233953">
				<ele>794.6935267830268</ele>
				<time>2025-06-06T15:13:30Z</time>
			</trkpt>
			<trkpt lat="35.629786954399336" lon="-82.2585269065481">
				<ele>795.883466665633</ele>
				<time>2025-06-06T15:13:31Z</time>
			</trkpt>
			<trkpt lat="35.629768152459086" lon="-82.25858052844526">
				<ele>797.2386912275106</ele>
				<time>2025-06-06T15:13:32Z</time>
			</trkpt>
			<trkpt lat="35.629754362610846" lon="-82.25863951936851">
				<ele>797.7800046363845</ele>
				<time>2025-06-06T15:13:34Z</time>
			</trkpt>
			<trkpt lat="35.629745788851025" lon="-82.25867749341306">
				<ele>799.9127078298479</ele>
				<time>2025-06-06T15:13:35Z</time>
			</trkpt>
			<trkpt lat="35.629741528244665" lon="-82.25870733953926">
				<ele>800.1030025985092</ele>
				<time>2025-06-06T15:13:36Z</time>
			</trkpt>
			<trkpt lat="35.62972623722982" lon="-82.25876056134499">
				<ele>802.4726850409061</ele>
				<time>2025-06-06T15:13:37Z</time>
			</trkpt>
			<trkpt lat="35.629702382665776" lon="-82.25882086674395">
				<ele>804.7680345736444</ele>
				<time>2025-06-06T15:13:39Z</time>
			</trkpt>
			<trkpt lat="35.62969775680763" lon="-82.258870767106">
				<ele>804.9584526326507</ele>
				<time>2025-06-06T15:13:40Z</time>
			</trkpt>
			<trkpt lat="35.629679373545194" lon="-82.2589160636778">
				<ele>806.5629227422178</ele>
				<time>2025-06-06T15:13:41Z</time>
			</trkpt>
			<trkpt lat="35.62967301387136" lon="-82.25896347341097">
				<ele>805.0175789026543</ele>
				<time>2025-06-06T15:13:42Z</time>
			</trkpt>
			<trkpt lat="35.62965578218354" lon="-82.25900043933092">
				<ele>805.4494019644335</ele>
				<time>2025-06-06T15:13:43Z</time>
			</trkpt>
			<trkpt lat="35.629640848624" lon="-82.25904250606483">
				<ele>804.57346079126</ele>
				<time>2025-06-06T15:13:44Z</time>
			</trkpt>
			<trkpt lat="35.62962529987711" lon="-82.25908189498968">
				<ele>804.5689267823473</ele>
				<time>2025-06-06T15:13:45Z</time>
			</trkpt>
			<trkpt lat="35.629608794057525" lon="-82.25912875161127">
				<ele>803.9588281987235</ele>
				<time>2025-06-06T15:13:46Z</time>
			</trkpt>
			<trkpt lat="35.62959335518657" lon="-82.25917259453934">
				<ele>802.8621785212308</ele>
				<time>2025-06-06T15:13:47Z</time>
			</trkpt>
			<trkpt lat="35.62957867991446" lon="-82.25921997866831">
				<ele>802.4985320512205</ele>
				<time>2025-06-06T15:13:48Z</time>
			</trkpt>
			<trkpt lat="35.62956181187105" lon="-82.25927444294386">
				<ele>802.2318042293191</ele>
				<time>2025-06-06T15:13:49Z</time>
			</trkpt>
			<trkpt lat="35.62954695079949" lon="-82.25932242699965">
				<ele>801.7910483051091</ele>
				<time>2025-06-06T15:13:50Z</time>
			</trkpt>
			<trkpt lat="35.629530779094175" lon="-82.25937402205376">
				<ele>801.8155037974939</ele>
				<time>2025-06-06T15:13:51Z</time>
			</trkpt>
			<trkpt lat="35.62951853226355" lon="-82.25941461300896">
				<ele>803.3117424063385</ele>
				<time>2025-06-06T15:13:52Z</time>
			</trkpt>
			<trkpt lat="35.62950773286491" lon="-82.25945866349184">
				<ele>803.9378755344078</ele>
				<time>2025-06-06T15:13:53Z</time>
			</trkpt>
			<trkpt lat="35.629490541735905" lon="-82.25950171275782">
				<ele>805.0607107738033</ele>
				<time>2025-06-06T15:13:54Z</time>
			</trkpt>
			<trkpt lat="35.62948123134804" lon="-82.25955848203317">
				<ele>803.0965653369203</ele>
				<time>2025-06-06T15:13:55Z</time>
			</trkpt>
			<trkpt lat="35.62946986428007" lon="-82.25959498194524">
				<ele>803.7454001065344</ele>
				<time>2025-06-06T15:13:56Z</time>
			</trkpt>
			<trkpt lat="35.62946304219754" lon="-82.2596473730714">
				<ele>801.3672212539241</ele>
				<time>2025-06-06T15:13:57Z</time>
			</trkpt>
			<trkpt lat="35.62944004015517" lon="-82.25967989162393">
				<ele>803.004548705183</ele>
				<time>2025-06-06T15:13:58Z</time>
			</trkpt>
			<trkpt lat="35.629413091754635" lon="-82.25970422077596">
				<ele>804.9188077868894</ele>
				<time>2025-06-06T15:13:59Z</time>
			</trkpt>
			<trkpt lat="35.629402893809775" lon="-82.2597517290784">
				<ele>802.8274667048827</ele>
				<time>2025-06-06T15:14:00Z</time>
			</trkpt>
			<trkpt lat="35.62938501896943" lon="-82.25978320397977">
				<ele>803.6982929548249</ele>
				<time>2025-06-06T15:14:01Z</time>
			</trkpt>
			<trkpt lat="35.62937268666623" lon="-82.25981688674908">
				<ele>803.4573050867766</ele>
				<time>2025-06-06T15:14:02Z</time>
			</trkpt>
			<trkpt lat="35.629359189192265" lon="-82.25985144558996">
				<ele>802.8031817954034</ele>
				<time>2025-06-06T15:14:03Z</time>
			</trkpt>
			<trkpt lat="35.62933863222253" lon="-82.25986834722447">
				<ele>805.2649239934981</ele>
				<time>2025-06-06T15:14:04Z</time>
			</trkpt>
			<trkpt lat="35.62932126223534" lon="-82.2598944948811">
				<ele>805.7645586375147</ele>
				<time>2025-06-06T15:14:05Z</time>
			</trkpt>
			<trkpt lat="35.62930482892863" lon="-82.25992498698567">
				<ele>805.1016461113468</ele>
				<time>2025-06-06T15:14:06Z</time>
			</trkpt>
			<trkpt lat="35.62928660147451" lon="-82.25995227289249">
				<ele>805.849524631165</ele>
				<time>2025-06-06T15:14:07Z</time>
			</trkpt>
			<trkpt lat="35.62926416814474" lon="-82.25998159340985">
				<ele>806.3852711459622</ele>
				<time>2025-06-06T15:14:08Z</time>
			</trkpt>
			<trkpt lat="35.62924682175558" lon="-82.26001586944658">
				<ele>805.2131873797625</ele>
				<time>2025-06-06T15:14:09Z</time>
			</trkpt>
			<trkpt lat="35.62922353100671" lon="-82.26004460748065">
				<ele>807.4739130856469</ele>
				<time>2025-06-06T15:14:10Z</time>
			</trkpt>
			<trkpt lat="35.629199738162235" lon="-82.2600737841602">
				<ele>808.2865896271542</ele>
				<time>2025-06-06T15:14:11Z</time>
			</trkpt>
			<trkpt lat="35.62917906152127" lon="-82.26011644809103">
				<ele>807.203229052946</ele>
				<time>2025-06-06T15:14:12Z</time>
			</trkpt>
			<trkpt lat="35.629157284485764" lon="-82.26017368720139">
				<ele>806.114485279657</ele>
				<time>2025-06-06T15:14:13Z</time>
			</trkpt>
			<trkpt lat="35.62914055830303" lon="-82.26021844825594">
				<ele>806.4783266726881</ele>
				<time>2025-06-06T15:14:14Z</time>
			</trkpt>
			<trkpt lat="35.629124788331076" lon="-82.26027075043058">
				<ele>806.3018049094826</ele>
				<time>2025-06-06T15:14:15Z</time>
			</trkpt>
			<trkpt lat="35.62910617634926" lon="-82.26030506017234">
				<ele>806.9844411788508</ele>
				<time>2025-06-06T15:14:16Z</time>
			</trkpt>
			<trkpt lat="35.629086037344834" lon="-82.26034184682551">
				<ele>806.9201302845031</ele>
				<time>2025-06-06T15:14:17Z</time>
			</trkpt>
			<trkpt lat="35.62906025488107" lon="-82.26037591222646">
				<ele>807.1715089473873</ele>
				<time>2025-06-06T15:14:18Z</time>
			</trkpt>
			<trkpt lat="35.62905077606953" lon="-82.26040263380442">
				<ele>806.012357937172</ele>
				<time>2025-06-06T15:14:19Z</time>
			</trkpt>
			<trkpt lat="35.6290229974678" lon="-82.26044318582562">
				<ele>808.6976226009429</ele>
				<time>2025-06-06T15:14:20Z</time>
			</trkpt>
			<trkpt lat="35.629019308219064" lon="-82.26046515544908">
				<ele>808.4213275136426</ele>
				<time>2025-06-06T15:14:21Z</time>
			</trkpt>
			<trkpt lat="35.62900148834889" lon="-82.26049336927328">
				<ele>810.1645759632811</ele>
				<time>2025-06-06T15:14:22Z</time>
			</trkpt>
			<trkpt lat="35.62898609396796" lon="-82.26053431389687">
				<ele>809.688530719839</ele>
				<time>2025-06-06T15:14:23Z</time>
			</trkpt>
			<trkpt lat="35.62896989091945" lon="-82.26057166961573">
				<ele>808.898229913786</ele>
				<time>2025-06-06T15:14:24Z</time>
			</trkpt>
			<trkpt lat="35.628949914688015" lon="-82.26060444158117">
				<ele>808.0353894839063</ele>
				<time>2025-06-06T15:14:25Z</time>
			</trkpt>
			<trkpt lat="35.628931010175826" lon="-82.26063759319516">
				<ele>807.679668776691</ele>
				<time>2025-06-06T15:14:26Z</time>
			</trkpt>
			<trkpt lat="35.62891448946124" lon="-82.26066650003158">
				<ele>807.2923698220402</ele>
				<time>2025-06-06T15:14:27Z</time>
			</trkpt>
			<trkpt lat="35.62888452476587" lon="-82.26071577760837">
				<ele>807.408135718666</ele>
				<time>2025-06-06T15:14:28Z</time>
			</trkpt>
			<trkpt lat="35.62885027566709" lon="-82.26075953620897">
				<ele>807.7835618248209</ele>
				<time>2025-06-06T15:14:30Z</time>
			</trkpt>
			<trkpt lat="35.62883001354698" lon="-82.26080387443635">
				<ele>807.5242019118741</ele>
				<time>2025-06-06T15:14:31Z</time>
			</trkpt>
			<trkpt lat="35.6288156058023" lon="-82.26082901339683">
				<ele>807.5193064436316</ele>
				<time>2025-06-06T15:14:32Z</time>
			</trkpt>
			<trkpt lat="35.62879053800913" lon="-82.26086922681952">
				<ele>807.9447292983532</ele>
				<time>2025-06-06T15:14:33Z</time>
			</trkpt>
			<trkpt lat="35.62877048431877" lon="-82.26090647717608">
				<ele>808.4030023692176</ele>
				<time>2025-06-06T15:14:34Z</time>
			</trkpt>
			<trkpt lat="35.6287324571556" lon="-82.26096762862419">
				<ele>809.6464983839542</ele>
				<time>2025-06-06T15:14:35Z</time>
			</trkpt>
			<trkpt lat="35.62871376225455" lon="-82.26104407261968">
				<ele>809.1755286483094</ele>
				<time>2025-06-06T15:14:36Z</time>
			</trkpt>
			<trkpt lat="35.62869958045586" lon="-82.26110667932957">
				<ele>808.6288710599765</ele>
				<time>2025-06-06T15:14:37Z</time>
			</trkpt>
			<trkpt lat="35.62868264124813" lon="-82.2611704613084">
				<ele>808.5323749240488</ele>
				<time>2025-06-06T15:14:38Z</time>
			</trkpt>
			<trkpt lat="35.628656833768666" lon="-82.26123528953899">
				<ele>808.3435658644885</ele>
				<time>2025-06-06T15:14:39Z</time>
			</trkpt>
			<trkpt lat="35.628629028423276" lon="-82.26130025754844">
				<ele>807.5499639026821</ele>
				<time>2025-06-06T15:14:40Z</time>
			</trkpt>
			<trkpt lat="35.62859871523551" lon="-82.26135445837855">
				<ele>808.9769683545455</ele>
				<time>2025-06-06T15:14:41Z</time>
			</trkpt>
			<trkpt lat="35.62858114263145" lon="-82.26141375387888">
				<ele>808.0082660177723</ele>
				<time>2025-06-06T15:14:42Z</time>
			</trkpt>
			<trkpt lat="35.628564259995876" lon="-82.26146513454518">
				<ele>807.7336007775739</ele>
				<time>2025-06-06T15:14:43Z</time>
			</trkpt>
			<trkpt lat="35.6285475332198" lon="-82.26152337925589">
				<ele>807.705275178887</ele>
				<time>2025-06-06T15:14:44Z</time>
			</trkpt>
			<trkpt lat="35.62853032405736" lon="-82.26158313892168">
				<ele>806.995870099403</ele>
				<time>2025-06-06T15:14:45Z</time>
			</trkpt>
			<trkpt lat="35.62851579849494" lon="-82.26164765597873">
				<ele>804.067199928686</ele>
				<time>2025-06-06T15:14:46Z</time>
			</trkpt>
			<trkpt lat="35.62850326756543" lon="-82.26167998062637">
				<ele>803.436884008348</ele>
				<time>2025-06-06T15:14:47Z</time>
			</trkpt>
			<trkpt lat="35.62848811670565" lon="-82.26171368048513">
				<ele>802.5701500969008</ele>
				<time>2025-06-06T15:14:48Z</time>
			</trkpt>
			<trkpt lat="35.62847424282352" lon="-82.2617280388576">
				<ele>803.0785387130454</ele>
				<time>2025-06-06T15:14:49Z</time>
			</trkpt>
			<trkpt lat="35.628453625866484" lon="-82.26176705911423">
				<ele>802.9605699544773</ele>
				<time>2025-06-06T15:14:51Z</time>
			</trkpt>
			<trkpt lat="35.62844050342069" lon="-82.26179155409564">
				<ele>803.3138783080503</ele>
				<time>2025-06-06T15:14:52Z</time>
			</trkpt>
			<trkpt lat="35.62843079610452" lon="-82.26181860274987">
				<ele>802.3921648757532</ele>
				<time>2025-06-06T15:14:54Z</time>
			</trkpt>
			<trkpt lat="35.62841615736484" lon="-82.26183418820301">
				<ele>804.0742825465277</ele>
				<time>2025-06-06T15:14:56Z</time>
			</trkpt>
			<trkpt lat="35.628396400628795" lon="-82.26186519916733">
				<ele>804.2845503138378</ele>
				<time>2025-06-06T15:14:58Z</time>
			</trkpt>
			<trkpt lat="35.62838435838168" lon="-82.26188681048593">
				<ele>804.616066290997</ele>
				<time>2025-06-06T15:15:00Z</time>
			</trkpt>
			<trkpt lat="35.62837518275692" lon="-82.26191438974578">
				<ele>804.7063285252079</ele>
				<time>2025-06-06T15:15:02Z</time>
			</trkpt>
			<trkpt lat="35.62836196943298" lon="-82.26192964074308">
				<ele>805.4667290998623</ele>
				<time>2025-06-06T15:15:03Z</time>
			</trkpt>
			<trkpt lat="35.628343766174034" lon="-82.26195910721846">
				<ele>805.4541707644239</ele>
				<time>2025-06-06T15:15:05Z</time>
			</trkpt>
			<trkpt lat="35.62834485021501" lon="-82.26198359036972">
				<ele>805.0713527295738</ele>
				<time>2025-06-06T15:15:09Z</time>
			</trkpt>
			<trkpt lat="35.62836434938179" lon="-82.2619927659211">
				<ele>803.8492944920436</ele>
				<time>2025-06-06T15:15:10Z</time>
			</trkpt>
			<trkpt lat="35.62837989783818" lon="-82.26203404952439">
				<ele>803.5183591051027</ele>
				<time>2025-06-06T15:15:12Z</time>
			</trkpt>
			<trkpt lat="35.62836676053261" lon="-82.26205413514657">
				<ele>803.1676747919992</ele>
				<time>2025-06-06T15:15:14Z</time>
			</trkpt>
			<trkpt lat="35.628360977489976" lon="-82.2620761713166">
				<ele>804.4491617185995</ele>
				<time>2025-06-06T15:15:16Z</time>
			</trkpt>
			<trkpt lat="35.62835312285816" lon="-82.2620453868874">
				<ele>801.4952546106651</ele>
				<time>2025-06-06T15:15:19Z</time>
			</trkpt>
		</trkseg>
	</trk>
	<trk>
	</trk>
</gpx>
