<?xml version="1.0" encoding="UTF-8"?>
<gpx xmlns:xsi="http://www.w3.org/2001/XMLSchema-instance" xmlns="http://www.topografix.com/GPX/1/1" xsi:schemaLocation="http://www.topografix.com/GPX/1/1 http://www.topografix.com/GPX/1/1/gpx.xsd" version="1.1" creator="Open GPX Tracker for iOS">
	<trk>
		<trkseg>
			<trkpt lat="35.40635196885393" lon="-83.58511985810694">
				<ele>556.23625561413</ele>
				<time>2025-11-15T16:50:19Z</time>
			</trkpt>
			<trkpt lat="35.406368671470844" lon="-83.58512826262849">
				<ele>555.9631261742894</ele>
				<time>2025-11-15T16:50:21Z</time>
			</trkpt>
			<trkpt lat="35.4063773342262" lon="-83.5851511063068">
				<ele>554.4476140452172</ele>
				<time>2025-11-15T16:50:25Z</time>
			</trkpt>
			<trkpt lat="35.406374730691084" lon="-83.58519372799336">
				<ele>552.7969048609957</ele>
				<time>2025-11-15T16:50:42Z</time>
			</trkpt>
			<trkpt lat="35.40636863370027" lon="-83.58521665698927">
				<ele>552.7149810036644</ele>
				<time>2025-11-15T16:50:43Z</time>
			</trkpt>
			<trkpt lat="35.40636059112995" lon="-83.58525324904866">
				<ele>552.5167592894286</ele>
				<time>2025-11-15T16:50:44Z</time>
			</trkpt>
			<trkpt lat="35.40634876684359" lon="-83.58530573041567">
				<ele>552.3216173378751</ele>
				<time>2025-11-15T16:50:45Z</time>
			</trkpt>
			<trkpt lat="35.4063369612213" lon="-83.58535360294444">
				<ele>552.1097719948739</ele>
				<time>2025-11-15T16:50:46Z</time>
			</trkpt>
			<trkpt lat="35.40639975577284" lon="-83.58539871206216">
				<ele>554.6707536196336</ele>
				<time>2025-11-15T16:50:47Z</time>
			</trkpt>
			<trkpt lat="35.406389512291234" lon="-83.58545125808475">
				<ele>554.1789945866913</ele>
				<time>2025-11-15T16:50:48Z</time>
			</trkpt>
			<trkpt lat="35.40637823964957" lon="-83.58550068352028">
				<ele>554.2529648998752</ele>
				<time>2025-11-15T16:50:49Z</time>
			</trkpt>
			<trkpt lat="35.406373485387526" lon="-83.58555063319095">
				<ele>553.662378706038</ele>
				<time>2025-11-15T16:50:50Z</time>
			</trkpt>
			<trkpt lat="35.406358027169475" lon="-83.58560936044432">
				<ele>553.817425637506</ele>
				<time>2025-11-15T16:50:51Z</time>
			</trkpt>
			<trkpt lat="35.40636483720629" lon="-83.5856551153894">
				<ele>553.9523882512003</ele>
				<time>2025-11-15T16:50:52Z</time>
			</trkpt>
			<trkpt lat="35.406358972923776" lon="-83.58572046306595">
				<ele>553.4627828178927</ele>
				<time>2025-11-15T16:50:53Z</time>
			</trkpt>
			<trkpt lat="35.406359256010006" lon="-83.585765358831">
				<ele>552.9600623520091</ele>
				<time>2025-11-15T16:50:54Z</time>
			</trkpt>
			<trkpt lat="35.4063556420078" lon="-83.58581648577275">
				<ele>552.4323439942673</ele>
				<time>2025-11-15T16:50:55Z</time>
			</trkpt>
			<trkpt lat="35.40634519073103" lon="-83.58586859889317">
				<ele>552.0593840805814</ele>
				<time>2025-11-15T16:50:56Z</time>
			</trkpt>
			<trkpt lat="35.406323572184554" lon="-83.58591397327696">
				<ele>551.5117771644145</ele>
				<time>2025-11-15T16:50:57Z</time>
			</trkpt>
			<trkpt lat="35.40630247884195" lon="-83.58595758495485">
				<ele>550.4117957036942</ele>
				<time>2025-11-15T16:50:58Z</time>
			</trkpt>
			<trkpt lat="35.406284055848175" lon="-83.58600920813329">
				<ele>549.3881990658119</ele>
				<time>2025-11-15T16:50:59Z</time>
			</trkpt>
			<trkpt lat="35.40628413939629" lon="-83.58608708848534">
				<ele>548.9451307877898</ele>
				<time>2025-11-15T16:51:00Z</time>
			</trkpt>
			<trkpt lat="35.40628288474941" lon="-83.58613497620176">
				<ele>548.0804961696267</ele>
				<time>2025-11-15T16:51:01Z</time>
			</trkpt>
			<trkpt lat="35.406276927695316" lon="-83.58618600420246">
				<ele>548.0684149777517</ele>
				<time>2025-11-15T16:51:02Z</time>
			</trkpt>
			<trkpt lat="35.40627010715598" lon="-83.58623729214153">
				<ele>549.076049878262</ele>
				<time>2025-11-15T16:51:03Z</time>
			</trkpt>
			<trkpt lat="35.406243906770236" lon="-83.58630199315381">
				<ele>550.0185084119439</ele>
				<time>2025-11-15T16:51:04Z</time>
			</trkpt>
			<trkpt lat="35.4062059061226" lon="-83.5863595163238">
				<ele>549.7621227093041</ele>
				<time>2025-11-15T16:51:05Z</time>
			</trkpt>
			<trkpt lat="35.40616530975243" lon="-83.58641705784648">
				<ele>549.456144769676</ele>
				<time>2025-11-15T16:51:06Z</time>
			</trkpt>
			<trkpt lat="35.40612693537869" lon="-83.58646301511652">
				<ele>549.7901548072696</ele>
				<time>2025-11-15T16:51:07Z</time>
			</trkpt>
			<trkpt lat="35.40608414252073" lon="-83.58650607158053">
				<ele>549.4167857542634</ele>
				<time>2025-11-15T16:51:08Z</time>
			</trkpt>
			<trkpt lat="35.40604101670344" lon="-83.58655415658015">
				<ele>549.5691156731918</ele>
				<time>2025-11-15T16:51:09Z</time>
			</trkpt>
			<trkpt lat="35.40598898413555" lon="-83.58658968736603">
				<ele>548.9062298098579</ele>
				<time>2025-11-15T16:51:10Z</time>
			</trkpt>
			<trkpt lat="35.40593736100021" lon="-83.586630630988">
				<ele>548.6865377547219</ele>
				<time>2025-11-15T16:51:11Z</time>
			</trkpt>
			<trkpt lat="35.40589524960029" lon="-83.58667084431319">
				<ele>548.8741156915203</ele>
				<time>2025-11-15T16:51:12Z</time>
			</trkpt>
			<trkpt lat="35.4058521750295" lon="-83.58671711989062">
				<ele>548.8972105532885</ele>
				<time>2025-11-15T16:51:13Z</time>
			</trkpt>
			<trkpt lat="35.405802739302175" lon="-83.58676160596966">
				<ele>548.7065285379067</ele>
				<time>2025-11-15T16:51:14Z</time>
			</trkpt>
			<trkpt lat="35.40573729552779" lon="-83.58677992162745">
				<ele>548.4712161300704</ele>
				<time>2025-11-15T16:51:15Z</time>
			</trkpt>
			<trkpt lat="35.405687292483314" lon="-83.58681919581376">
				<ele>547.5677002295852</ele>
				<time>2025-11-15T16:51:16Z</time>
			</trkpt>
			<trkpt lat="35.40566066485566" lon="-83.58685382020938">
				<ele>547.6007955186069</ele>
				<time>2025-11-15T16:51:17Z</time>
			</trkpt>
			<trkpt lat="35.4056343604155" lon="-83.58688033096577">
				<ele>547.1105902474374</ele>
				<time>2025-11-15T16:51:18Z</time>
			</trkpt>
			<trkpt lat="35.40559525105554" lon="-83.58691843397312">
				<ele>546.9708649897948</ele>
				<time>2025-11-15T16:51:19Z</time>
			</trkpt>
			<trkpt lat="35.40557753757154" lon="-83.58695087812671">
				<ele>545.7048590118065</ele>
				<time>2025-11-15T16:51:20Z</time>
			</trkpt>
			<trkpt lat="35.40557462582945" lon="-83.5870051692167">
				<ele>546.301483203657</ele>
				<time>2025-11-15T16:51:21Z</time>
			</trkpt>
			<trkpt lat="35.40558637649401" lon="-83.58703959949432">
				<ele>546.9664090704173</ele>
				<time>2025-11-15T16:51:22Z</time>
			</trkpt>
			<trkpt lat="35.40560999235465" lon="-83.58705600213624">
				<ele>547.5802484424785</ele>
				<time>2025-11-15T16:51:23Z</time>
			</trkpt>
			<trkpt lat="35.40563191286504" lon="-83.58706993385104">
				<ele>547.5206719180569</ele>
				<time>2025-11-15T16:51:24Z</time>
			</trkpt>
			<trkpt lat="35.40565795686952" lon="-83.58706820622373">
				<ele>546.8562625404447</ele>
				<time>2025-11-15T16:51:25Z</time>
			</trkpt>
			<trkpt lat="35.405634173719534" lon="-83.58707669228981">
				<ele>545.7572529362515</ele>
				<time>2025-11-15T16:51:29Z</time>
			</trkpt>
			<trkpt lat="35.40561658620251" lon="-83.58709007324869">
				<ele>545.360540390946</ele>
				<time>2025-11-15T16:51:30Z</time>
			</trkpt>
			<trkpt lat="35.405591775559" lon="-83.5871115740048">
				<ele>545.8313347185031</ele>
				<time>2025-11-15T16:51:34Z</time>
			</trkpt>
			<trkpt lat="35.4055657738629" lon="-83.58713739116264">
				<ele>546.0281052552164</ele>
				<time>2025-11-15T16:51:36Z</time>
			</trkpt>
			<trkpt lat="35.405538825338446" lon="-83.5871598570138">
				<ele>547.3066979665309</ele>
				<time>2025-11-15T16:51:39Z</time>
			</trkpt>
			<trkpt lat="35.40551814142279" lon="-83.58715482020841">
				<ele>548.2512841057032</ele>
				<time>2025-11-15T16:51:41Z</time>
			</trkpt>
			<trkpt lat="35.40551711328735" lon="-83.58713069299124">
				<ele>549.9376756250858</ele>
				<time>2025-11-15T16:51:45Z</time>
			</trkpt>
			<trkpt lat="35.40552108059355" lon="-83.58710312348312">
				<ele>551.4236020827666</ele>
				<time>2025-11-15T16:51:50Z</time>
			</trkpt>
			<trkpt lat="35.40551834149243" lon="-83.58708098574253">
				<ele>550.0219965586439</ele>
				<time>2025-11-15T16:52:01Z</time>
			</trkpt>
			<trkpt lat="35.40554240983189" lon="-83.58707287085197">
				<ele>549.306242431514</ele>
				<time>2025-11-15T16:52:16Z</time>
			</trkpt>
			<trkpt lat="35.40556192393156" lon="-83.58707164711998">
				<ele>550.1659785378724</ele>
				<time>2025-11-15T16:52:18Z</time>
			</trkpt>
			<trkpt lat="35.40557873942382" lon="-83.58705645382679">
				<ele>549.757536098361</ele>
				<time>2025-11-15T16:52:20Z</time>
			</trkpt>
			<trkpt lat="35.405597675194464" lon="-83.5870408816218">
				<ele>550.2887247763574</ele>
				<time>2025-11-15T16:52:23Z</time>
			</trkpt>
			<trkpt lat="35.405629669681105" lon="-83.58703155918603">
				<ele>552.9000716414303</ele>
				<time>2025-11-15T16:52:25Z</time>
			</trkpt>
			<trkpt lat="35.40565690245837" lon="-83.58701843438898">
				<ele>552.0478075603023</ele>
				<time>2025-11-15T16:52:27Z</time>
			</trkpt>
			<trkpt lat="35.40569219519207" lon="-83.58699830556058">
				<ele>552.9720190949738</ele>
				<time>2025-11-15T16:52:29Z</time>
			</trkpt>
			<trkpt lat="35.40571074057612" lon="-83.58699131227092">
				<ele>554.52835678868</ele>
				<time>2025-11-15T16:52:30Z</time>
			</trkpt>
			<trkpt lat="35.405731613851025" lon="-83.58698405097226">
				<ele>555.2220619339496</ele>
				<time>2025-11-15T16:52:32Z</time>
			</trkpt>
			<trkpt lat="35.40575546130645" lon="-83.58699311233234">
				<ele>553.4415282271802</ele>
				<time>2025-11-15T16:52:34Z</time>
			</trkpt>
			<trkpt lat="35.405779999874824" lon="-83.58699741512815">
				<ele>555.3687046458945</ele>
				<time>2025-11-15T16:52:35Z</time>
			</trkpt>
			<trkpt lat="35.405803963264574" lon="-83.58700742488796">
				<ele>554.8898500772193</ele>
				<time>2025-11-15T16:52:36Z</time>
			</trkpt>
			<trkpt lat="35.40582555168187" lon="-83.58702464455504">
				<ele>553.544812111184</ele>
				<time>2025-11-15T16:52:37Z</time>
			</trkpt>
			<trkpt lat="35.40584916295001" lon="-83.58703791326369">
				<ele>553.7819598084316</ele>
				<time>2025-11-15T16:52:38Z</time>
			</trkpt>
			<trkpt lat="35.40587627719187" lon="-83.58705083803663">
				<ele>553.9537767823786</ele>
				<time>2025-11-15T16:52:39Z</time>
			</trkpt>
			<trkpt lat="35.40590587165556" lon="-83.58706801225085">
				<ele>552.5979933254421</ele>
				<time>2025-11-15T16:52:40Z</time>
			</trkpt>
			<trkpt lat="35.40593468643274" lon="-83.587084984929">
				<ele>551.9657635428011</ele>
				<time>2025-11-15T16:52:41Z</time>
			</trkpt>
			<trkpt lat="35.405958286732925" lon="-83.58710587604476">
				<ele>553.1394319683313</ele>
				<time>2025-11-15T16:52:42Z</time>
			</trkpt>
			<trkpt lat="35.40597524221307" lon="-83.5871359524567">
				<ele>550.4278794694692</ele>
				<time>2025-11-15T16:52:43Z</time>
			</trkpt>
			<trkpt lat="35.40599223109618" lon="-83.58714622331935">
				<ele>551.5073481658474</ele>
				<time>2025-11-15T16:52:44Z</time>
			</trkpt>
			<trkpt lat="35.406002895446974" lon="-83.5871683718041">
				<ele>551.3826714688912</ele>
				<time>2025-11-15T16:52:45Z</time>
			</trkpt>
			<trkpt lat="35.40601770262387" lon="-83.58719785100836">
				<ele>552.041810484603</ele>
				<time>2025-11-15T16:52:46Z</time>
			</trkpt>
			<trkpt lat="35.40603417683322" lon="-83.58722588273217">
				<ele>550.3635905571282</ele>
				<time>2025-11-15T16:52:47Z</time>
			</trkpt>
			<trkpt lat="35.40604991940096" lon="-83.58725309871491">
				<ele>549.4560156194493</ele>
				<time>2025-11-15T16:52:48Z</time>
			</trkpt>
			<trkpt lat="35.406070624624256" lon="-83.5872787797027">
				<ele>551.1445616995916</ele>
				<time>2025-11-15T16:52:49Z</time>
			</trkpt>
			<trkpt lat="35.40608755502005" lon="-83.58730055758217">
				<ele>550.6117071211338</ele>
				<time>2025-11-15T16:52:50Z</time>
			</trkpt>
			<trkpt lat="35.406101162294206" lon="-83.58731946738328">
				<ele>549.0392123078927</ele>
				<time>2025-11-15T16:52:51Z</time>
			</trkpt>
			<trkpt lat="35.40611989523696" lon="-83.58733577221963">
				<ele>549.9043307155371</ele>
				<time>2025-11-15T16:52:52Z</time>
			</trkpt>
			<trkpt lat="35.406135297656036" lon="-83.58734875618892">
				<ele>550.9411415252835</ele>
				<time>2025-11-15T16:52:53Z</time>
			</trkpt>
			<trkpt lat="35.406151570469845" lon="-83.58736805416953">
				<ele>549.825583239086</ele>
				<time>2025-11-15T16:52:54Z</time>
			</trkpt>
			<trkpt lat="35.40616840288041" lon="-83.58737992623685">
				<ele>550.0541998483241</ele>
				<time>2025-11-15T16:52:55Z</time>
			</trkpt>
			<trkpt lat="35.40618426540458" lon="-83.58739649990677">
				<ele>551.6895040059462</ele>
				<time>2025-11-15T16:52:56Z</time>
			</trkpt>
			<trkpt lat="35.406199501349356" lon="-83.58741369158685">
				<ele>552.4732751566917</ele>
				<time>2025-11-15T16:52:57Z</time>
			</trkpt>
			<trkpt lat="35.40621407942776" lon="-83.58742726282942">
				<ele>553.5680064437911</ele>
				<time>2025-11-15T16:52:58Z</time>
			</trkpt>
			<trkpt lat="35.40623062448827" lon="-83.58744879211555">
				<ele>552.7533737039194</ele>
				<time>2025-11-15T16:52:59Z</time>
			</trkpt>
			<trkpt lat="35.4062456425382" lon="-83.58746619964516">
				<ele>553.5068997237831</ele>
				<time>2025-11-15T16:53:00Z</time>
			</trkpt>
			<trkpt lat="35.40626425727032" lon="-83.58748559271028">
				<ele>552.9987439643592</ele>
				<time>2025-11-15T16:53:01Z</time>
			</trkpt>
			<trkpt lat="35.40627859295965" lon="-83.58751391801583">
				<ele>552.4026772789657</ele>
				<time>2025-11-15T16:53:02Z</time>
			</trkpt>
			<trkpt lat="35.40629372501953" lon="-83.58753822937001">
				<ele>551.5474600018933</ele>
				<time>2025-11-15T16:53:03Z</time>
			</trkpt>
			<trkpt lat="35.40631066841671" lon="-83.58755934745857">
				<ele>550.5410595778376</ele>
				<time>2025-11-15T16:53:04Z</time>
			</trkpt>
			<trkpt lat="35.40632674438024" lon="-83.58757545623781">
				<ele>551.4891013791785</ele>
				<time>2025-11-15T16:53:05Z</time>
			</trkpt>
			<trkpt lat="35.406342066470835" lon="-83.58760327619403">
				<ele>549.9661970855668</ele>
				<time>2025-11-15T16:53:06Z</time>
			</trkpt>
			<trkpt lat="35.406355045224835" lon="-83.58762992738639">
				<ele>550.2534194653854</ele>
				<time>2025-11-15T16:53:07Z</time>
			</trkpt>
			<trkpt lat="35.40636729311817" lon="-83.58765310166666">
				<ele>550.7317566936836</ele>
				<time>2025-11-15T16:53:08Z</time>
			</trkpt>
			<trkpt lat="35.40638067574491" lon="-83.58767897182129">
				<ele>549.8716237964109</ele>
				<time>2025-11-15T16:53:09Z</time>
			</trkpt>
			<trkpt lat="35.40639226749199" lon="-83.58769754490322">
				<ele>550.2660706555471</ele>
				<time>2025-11-15T16:53:10Z</time>
			</trkpt>
			<trkpt lat="35.40641897877661" lon="-83.58773192644257">
				<ele>550.1757864188403</ele>
				<time>2025-11-15T16:53:12Z</time>
			</trkpt>
			<trkpt lat="35.40643223906114" lon="-83.58775386654322">
				<ele>548.7658885661513</ele>
				<time>2025-11-15T16:53:13Z</time>
			</trkpt>
			<trkpt lat="35.40644614704067" lon="-83.58777050627965">
				<ele>549.6926857996732</ele>
				<time>2025-11-15T16:53:14Z</time>
			</trkpt>
			<trkpt lat="35.40646047634711" lon="-83.58778847776001">
				<ele>550.7110456451774</ele>
				<time>2025-11-15T16:53:15Z</time>
			</trkpt>
			<trkpt lat="35.40647337110212" lon="-83.58780888303141">
				<ele>552.090864751488</ele>
				<time>2025-11-15T16:53:16Z</time>
			</trkpt>
			<trkpt lat="35.40647927688138" lon="-83.5878342232807">
				<ele>552.536034447141</ele>
				<time>2025-11-15T16:53:17Z</time>
			</trkpt>
			<trkpt lat="35.40649064144573" lon="-83.58785864342242">
				<ele>552.1838516127318</ele>
				<time>2025-11-15T16:53:18Z</time>
			</trkpt>
			<trkpt lat="35.40650587895835" lon="-83.58787695381154">
				<ele>551.3088325476274</ele>
				<time>2025-11-15T16:53:19Z</time>
			</trkpt>
			<trkpt lat="35.40653964038061" lon="-83.5879007992803">
				<ele>552.7337919371203</ele>
				<time>2025-11-15T16:53:21Z</time>
			</trkpt>
			<trkpt lat="35.40655360622579" lon="-83.5879148318304">
				<ele>553.7533597359434</ele>
				<time>2025-11-15T16:53:22Z</time>
			</trkpt>
			<trkpt lat="35.40657918923825" lon="-83.58794031209727">
				<ele>554.5736465835944</ele>
				<time>2025-11-15T16:53:24Z</time>
			</trkpt>
			<trkpt lat="35.406611334684335" lon="-83.58795966725152">
				<ele>556.7905952716246</ele>
				<time>2025-11-15T16:53:26Z</time>
			</trkpt>
			<trkpt lat="35.40664217038456" lon="-83.58796603534753">
				<ele>559.0183911947533</ele>
				<time>2025-11-15T16:53:28Z</time>
			</trkpt>
			<trkpt lat="35.40666167243717" lon="-83.58797451474936">
				<ele>558.2656697789207</ele>
				<time>2025-11-15T16:53:29Z</time>
			</trkpt>
			<trkpt lat="35.40667927870388" lon="-83.58798577965662">
				<ele>558.0105079337955</ele>
				<time>2025-11-15T16:53:30Z</time>
			</trkpt>
			<trkpt lat="35.4066969763187" lon="-83.5879947606757">
				<ele>559.0306854154915</ele>
				<time>2025-11-15T16:53:31Z</time>
			</trkpt>
			<trkpt lat="35.40671394660215" lon="-83.58800533940564">
				<ele>559.3625464336947</ele>
				<time>2025-11-15T16:53:32Z</time>
			</trkpt>
			<trkpt lat="35.40673423377237" lon="-83.58802076095638">
				<ele>558.1107025807723</ele>
				<time>2025-11-15T16:53:33Z</time>
			</trkpt>
			<trkpt lat="35.40675241439657" lon="-83.58804117321557">
				<ele>558.7624671133235</ele>
				<time>2025-11-15T16:53:34Z</time>
			</trkpt>
			<trkpt lat="35.40677168992746" lon="-83.58805289244978">
				<ele>558.7568089123815</ele>
				<time>2025-11-15T16:53:35Z</time>
			</trkpt>
			<trkpt lat="35.406787676710636" lon="-83.58806572750012">
				<ele>558.909884874709</ele>
				<time>2025-11-15T16:53:36Z</time>
			</trkpt>
			<trkpt lat="35.40680809211868" lon="-83.58808176405297">
				<ele>558.7919761491939</ele>
				<time>2025-11-15T16:53:37Z</time>
			</trkpt>
			<trkpt lat="35.40681901281879" lon="-83.58810295391926">
				<ele>560.3475304814056</ele>
				<time>2025-11-15T16:53:38Z</time>
			</trkpt>
			<trkpt lat="35.40681844741073" lon="-83.5881299650982">
				<ele>561.1753178779036</ele>
				<time>2025-11-15T16:53:39Z</time>
			</trkpt>
			<trkpt lat="35.406838506471495" lon="-83.58815193679085">
				<ele>561.5598278241232</ele>
				<time>2025-11-15T16:53:40Z</time>
			</trkpt>
			<trkpt lat="35.40686434566106" lon="-83.58817057271256">
				<ele>560.8588504297659</ele>
				<time>2025-11-15T16:53:41Z</time>
			</trkpt>
			<trkpt lat="35.406885140134584" lon="-83.5881806183496">
				<ele>561.0861505120993</ele>
				<time>2025-11-15T16:53:42Z</time>
			</trkpt>
			<trkpt lat="35.406901570210074" lon="-83.58819119401124">
				<ele>561.5662255985662</ele>
				<time>2025-11-15T16:53:43Z</time>
			</trkpt>
			<trkpt lat="35.4069157074736" lon="-83.58821602748252">
				<ele>561.508908607997</ele>
				<time>2025-11-15T16:53:44Z</time>
			</trkpt>
			<trkpt lat="35.40692988417024" lon="-83.58823796856792">
				<ele>560.5129302246496</ele>
				<time>2025-11-15T16:53:45Z</time>
			</trkpt>
			<trkpt lat="35.40694925956625" lon="-83.58826185889306">
				<ele>560.1215623198077</ele>
				<time>2025-11-15T16:53:46Z</time>
			</trkpt>
			<trkpt lat="35.40696737321267" lon="-83.58828283919995">
				<ele>560.4978934116662</ele>
				<time>2025-11-15T16:53:47Z</time>
			</trkpt>
			<trkpt lat="35.40698441885591" lon="-83.58830941191944">
				<ele>558.9874642621726</ele>
				<time>2025-11-15T16:53:48Z</time>
			</trkpt>
			<trkpt lat="35.407003811432254" lon="-83.58833075195194">
				<ele>558.7274140585214</ele>
				<time>2025-11-15T16:53:49Z</time>
			</trkpt>
			<trkpt lat="35.40701815479879" lon="-83.58836408120122">
				<ele>558.804052640684</ele>
				<time>2025-11-15T16:53:50Z</time>
			</trkpt>
			<trkpt lat="35.407028364744775" lon="-83.58840628169472">
				<ele>556.3846940565854</ele>
				<time>2025-11-15T16:53:51Z</time>
			</trkpt>
			<trkpt lat="35.40703919872486" lon="-83.58844552322527">
				<ele>556.4378004427999</ele>
				<time>2025-11-15T16:53:52Z</time>
			</trkpt>
			<trkpt lat="35.407055272253714" lon="-83.58848516885352">
				<ele>554.4172631213441</ele>
				<time>2025-11-15T16:53:53Z</time>
			</trkpt>
			<trkpt lat="35.407066866572386" lon="-83.58851657650278">
				<ele>554.0966665670276</ele>
				<time>2025-11-15T16:53:54Z</time>
			</trkpt>
			<trkpt lat="35.407073098023915" lon="-83.58854837562333">
				<ele>554.2616282571107</ele>
				<time>2025-11-15T16:53:55Z</time>
			</trkpt>
			<trkpt lat="35.40707719850189" lon="-83.58858314341549">
				<ele>552.8246198315173</ele>
				<time>2025-11-15T16:53:56Z</time>
			</trkpt>
			<trkpt lat="35.40708185007907" lon="-83.58861004974027">
				<ele>552.5690299849957</ele>
				<time>2025-11-15T16:53:57Z</time>
			</trkpt>
			<trkpt lat="35.40709148603837" lon="-83.58863311649195">
				<ele>554.0557478163391</ele>
				<time>2025-11-15T16:53:58Z</time>
			</trkpt>
			<trkpt lat="35.40709534298968" lon="-83.58866334752959">
				<ele>553.6935790712014</ele>
				<time>2025-11-15T16:53:59Z</time>
			</trkpt>
			<trkpt lat="35.407100663507634" lon="-83.58868790321891">
				<ele>553.594186751172</ele>
				<time>2025-11-15T16:54:00Z</time>
			</trkpt>
			<trkpt lat="35.407098512401184" lon="-83.58872422492162">
				<ele>554.25782911852</ele>
				<time>2025-11-15T16:54:01Z</time>
			</trkpt>
			<trkpt lat="35.40709579932493" lon="-83.58874703862365">
				<ele>554.2110324725509</ele>
				<time>2025-11-15T16:54:02Z</time>
			</trkpt>
			<trkpt lat="35.40709607136313" lon="-83.58877530641294">
				<ele>554.4713865341619</ele>
				<time>2025-11-15T16:54:03Z</time>
			</trkpt>
			<trkpt lat="35.407105158523926" lon="-83.58880032791609">
				<ele>555.5184658560902</ele>
				<time>2025-11-15T16:54:04Z</time>
			</trkpt>
			<trkpt lat="35.40711095600239" lon="-83.58882845773743">
				<ele>555.3671257505193</ele>
				<time>2025-11-15T16:54:05Z</time>
			</trkpt>
			<trkpt lat="35.407104667523704" lon="-83.58888432173542">
				<ele>554.7433122834191</ele>
				<time>2025-11-15T16:54:06Z</time>
			</trkpt>
			<trkpt lat="35.407100168951075" lon="-83.58893319570102">
				<ele>554.7899620626122</ele>
				<time>2025-11-15T16:54:07Z</time>
			</trkpt>
			<trkpt lat="35.407071512567654" lon="-83.58898541788291">
				<ele>553.9996318072081</ele>
				<time>2025-11-15T16:54:08Z</time>
			</trkpt>
			<trkpt lat="35.4070598837141" lon="-83.58903710926076">
				<ele>553.5546843539923</ele>
				<time>2025-11-15T16:54:09Z</time>
			</trkpt>
			<trkpt lat="35.407052396991105" lon="-83.58908422053292">
				<ele>553.9642703775316</ele>
				<time>2025-11-15T16:54:10Z</time>
			</trkpt>
			<trkpt lat="35.407050162076864" lon="-83.58912160751845">
				<ele>553.9417000347748</ele>
				<time>2025-11-15T16:54:11Z</time>
			</trkpt>
			<trkpt lat="35.407045909763205" lon="-83.58917426627032">
				<ele>553.3274751696736</ele>
				<time>2025-11-15T16:54:12Z</time>
			</trkpt>
			<trkpt lat="35.40703805290744" lon="-83.58924120037342">
				<ele>552.509422394447</ele>
				<time>2025-11-15T16:54:13Z</time>
			</trkpt>
			<trkpt lat="35.40702669657178" lon="-83.58928663054112">
				<ele>552.1927215568721</ele>
				<time>2025-11-15T16:54:14Z</time>
			</trkpt>
			<trkpt lat="35.4070075716812" lon="-83.58934110931256">
				<ele>550.7594006983563</ele>
				<time>2025-11-15T16:54:15Z</time>
			</trkpt>
			<trkpt lat="35.40698351652449" lon="-83.5894110193152">
				<ele>550.0562695395201</ele>
				<time>2025-11-15T16:54:16Z</time>
			</trkpt>
			<trkpt lat="35.40694588729793" lon="-83.58949445580322">
				<ele>549.5494567258283</ele>
				<time>2025-11-15T16:54:17Z</time>
			</trkpt>
			<trkpt lat="35.406913130136175" lon="-83.58957499064154">
				<ele>549.7648489261046</ele>
				<time>2025-11-15T16:54:18Z</time>
			</trkpt>
			<trkpt lat="35.40688745030396" lon="-83.58964007720205">
				<ele>550.0192130934447</ele>
				<time>2025-11-15T16:54:19Z</time>
			</trkpt>
			<trkpt lat="35.40686348059009" lon="-83.58970225525434">
				<ele>549.5125812916085</ele>
				<time>2025-11-15T16:54:20Z</time>
			</trkpt>
			<trkpt lat="35.40684672853384" lon="-83.58976981535535">
				<ele>549.4967289986089</ele>
				<time>2025-11-15T16:54:21Z</time>
			</trkpt>
			<trkpt lat="35.40683219948108" lon="-83.58982505317972">
				<ele>549.8947994299233</ele>
				<time>2025-11-15T16:54:22Z</time>
			</trkpt>
			<trkpt lat="35.40681360666554" lon="-83.5898793909835">
				<ele>548.6690544933081</ele>
				<time>2025-11-15T16:54:23Z</time>
			</trkpt>
			<trkpt lat="35.406794377336304" lon="-83.58994469437123">
				<ele>547.9069102639332</ele>
				<time>2025-11-15T16:54:24Z</time>
			</trkpt>
			<trkpt lat="35.40678305724766" lon="-83.5900050029634">
				<ele>547.0510797649622</ele>
				<time>2025-11-15T16:54:25Z</time>
			</trkpt>
			<trkpt lat="35.40676345717036" lon="-83.59006676307644">
				<ele>546.2738619400188</ele>
				<time>2025-11-15T16:54:26Z</time>
			</trkpt>
			<trkpt lat="35.406739816078534" lon="-83.5901551850666">
				<ele>545.8467578748241</ele>
				<time>2025-11-15T16:54:27Z</time>
			</trkpt>
			<trkpt lat="35.40672288840131" lon="-83.59022551650523">
				<ele>545.4650877797976</ele>
				<time>2025-11-15T16:54:28Z</time>
			</trkpt>
			<trkpt lat="35.406705805846045" lon="-83.59028512357702">
				<ele>545.753914902918</ele>
				<time>2025-11-15T16:54:29Z</time>
			</trkpt>
			<trkpt lat="35.406692562183494" lon="-83.5903269694214">
				<ele>545.8120683813468</ele>
				<time>2025-11-15T16:54:30Z</time>
			</trkpt>
			<trkpt lat="35.40667952402917" lon="-83.59038071195593">
				<ele>545.5465314369649</ele>
				<time>2025-11-15T16:54:31Z</time>
			</trkpt>
			<trkpt lat="35.40666147754368" lon="-83.59044467263072">
				<ele>546.0647069532424</ele>
				<time>2025-11-15T16:54:32Z</time>
			</trkpt>
			<trkpt lat="35.406641706403434" lon="-83.59049873938962">
				<ele>546.3349477322772</ele>
				<time>2025-11-15T16:54:33Z</time>
			</trkpt>
			<trkpt lat="35.406626207581034" lon="-83.59054112317573">
				<ele>546.9538322100416</ele>
				<time>2025-11-15T16:54:34Z</time>
			</trkpt>
			<trkpt lat="35.40660973232838" lon="-83.59059662200437">
				<ele>547.5560991996899</ele>
				<time>2025-11-15T16:54:35Z</time>
			</trkpt>
			<trkpt lat="35.406598033738334" lon="-83.59064086490409">
				<ele>546.315798685886</ele>
				<time>2025-11-15T16:54:36Z</time>
			</trkpt>
			<trkpt lat="35.40658452084104" lon="-83.59069849865442">
				<ele>546.7460335148498</ele>
				<time>2025-11-15T16:54:37Z</time>
			</trkpt>
			<trkpt lat="35.406575158985376" lon="-83.59073842760438">
				<ele>545.9268418299034</ele>
				<time>2025-11-15T16:54:38Z</time>
			</trkpt>
			<trkpt lat="35.406563545380415" lon="-83.59078796066254">
				<ele>545.3528334898874</ele>
				<time>2025-11-15T16:54:39Z</time>
			</trkpt>
			<trkpt lat="35.40655048488277" lon="-83.59084071523353">
				<ele>547.9752439679578</ele>
				<time>2025-11-15T16:54:40Z</time>
			</trkpt>
			<trkpt lat="35.406528570282155" lon="-83.5908840559715">
				<ele>546.4127261647955</ele>
				<time>2025-11-15T16:54:41Z</time>
			</trkpt>
			<trkpt lat="35.40651597173731" lon="-83.59093172652545">
				<ele>545.6138213481754</ele>
				<time>2025-11-15T16:54:42Z</time>
			</trkpt>
			<trkpt lat="35.40650952568485" lon="-83.59097613910964">
				<ele>545.9186224611476</ele>
				<time>2025-11-15T16:54:43Z</time>
			</trkpt>
			<trkpt lat="35.40650766093578" lon="-83.59101169457095">
				<ele>546.0784297566861</ele>
				<time>2025-11-15T16:54:44Z</time>
			</trkpt>
			<trkpt lat="35.406507038195755" lon="-83.59103970106949">
				<ele>546.4749013381079</ele>
				<time>2025-11-15T16:54:45Z</time>
			</trkpt>
			<trkpt lat="35.40651149769567" lon="-83.59106414687406">
				<ele>547.4496866539121</ele>
				<time>2025-11-15T16:54:46Z</time>
			</trkpt>
			<trkpt lat="35.406527379564544" lon="-83.59110059137296">
				<ele>550.298319960013</ele>
				<time>2025-11-15T16:54:48Z</time>
			</trkpt>
			<trkpt lat="35.406536820642174" lon="-83.59114047856708">
				<ele>547.3938335636631</ele>
				<time>2025-11-15T16:54:49Z</time>
			</trkpt>
			<trkpt lat="35.40655011089522" lon="-83.59117839051487">
				<ele>548.5577417882159</ele>
				<time>2025-11-15T16:54:50Z</time>
			</trkpt>
			<trkpt lat="35.406559368831054" lon="-83.59120479980041">
				<ele>550.1372428676113</ele>
				<time>2025-11-15T16:54:51Z</time>
			</trkpt>
			<trkpt lat="35.40656869954862" lon="-83.5912314167279">
				<ele>552.6035075662658</ele>
				<time>2025-11-15T16:54:52Z</time>
			</trkpt>
			<trkpt lat="35.40658317028834" lon="-83.59127269612576">
				<ele>554.8435090370476</ele>
				<time>2025-11-15T16:54:53Z</time>
			</trkpt>
			<trkpt lat="35.406605704084285" lon="-83.59133358914137">
				<ele>555.0213737506419</ele>
				<time>2025-11-15T16:54:54Z</time>
			</trkpt>
			<trkpt lat="35.4066239277525" lon="-83.59138248502052">
				<ele>554.8753951769322</ele>
				<time>2025-11-15T16:54:55Z</time>
			</trkpt>
			<trkpt lat="35.40664146007679" lon="-83.59142952601762">
				<ele>552.5313458936289</ele>
				<time>2025-11-15T16:54:56Z</time>
			</trkpt>
			<trkpt lat="35.40665887553505" lon="-83.59147717321348">
				<ele>550.2463838038966</ele>
				<time>2025-11-15T16:54:57Z</time>
			</trkpt>
			<trkpt lat="35.406667308249006" lon="-83.59150345128285">
				<ele>551.0372464563698</ele>
				<time>2025-11-15T16:54:58Z</time>
			</trkpt>
			<trkpt lat="35.40667829066827" lon="-83.59153767461436">
				<ele>550.8737229080871</ele>
				<time>2025-11-15T16:54:59Z</time>
			</trkpt>
			<trkpt lat="35.406691984289814" lon="-83.59158034654409">
				<ele>551.0073598874733</ele>
				<time>2025-11-15T16:55:00Z</time>
			</trkpt>
			<trkpt lat="35.40670338421679" lon="-83.59161587090135">
				<ele>550.942534847185</ele>
				<time>2025-11-15T16:55:01Z</time>
			</trkpt>
			<trkpt lat="35.40671128777486" lon="-83.59164684958843">
				<ele>551.75450100936</ele>
				<time>2025-11-15T16:55:02Z</time>
			</trkpt>
			<trkpt lat="35.406717530895804" lon="-83.59168789910917">
				<ele>551.4248820357025</ele>
				<time>2025-11-15T16:55:03Z</time>
			</trkpt>
			<trkpt lat="35.406724916766095" lon="-83.59173646245232">
				<ele>551.6230697622523</ele>
				<time>2025-11-15T16:55:04Z</time>
			</trkpt>
			<trkpt lat="35.40672334628505" lon="-83.59177254802985">
				<ele>551.0813939534128</ele>
				<time>2025-11-15T16:55:05Z</time>
			</trkpt>
			<trkpt lat="35.40672193442411" lon="-83.59180467856737">
				<ele>551.2912415685132</ele>
				<time>2025-11-15T16:55:06Z</time>
			</trkpt>
			<trkpt lat="35.40671962992481" lon="-83.59183037163973">
				<ele>551.2359421662986</ele>
				<time>2025-11-15T16:55:07Z</time>
			</trkpt>
			<trkpt lat="35.406715636986206" lon="-83.59186674774256">
				<ele>551.2447483548895</ele>
				<time>2025-11-15T16:55:09Z</time>
			</trkpt>
			<trkpt lat="35.40671272996617" lon="-83.59189323082782">
				<ele>550.8833578852937</ele>
				<time>2025-11-15T16:55:10Z</time>
			</trkpt>
			<trkpt lat="35.40670971466855" lon="-83.591922865304">
				<ele>551.1756268041208</ele>
				<time>2025-11-15T16:55:11Z</time>
			</trkpt>
			<trkpt lat="35.40670637640127" lon="-83.59196080939525">
				<ele>551.9850942026824</ele>
				<time>2025-11-15T16:55:12Z</time>
			</trkpt>
			<trkpt lat="35.40670217136274" lon="-83.59200860564681">
				<ele>552.6812564050779</ele>
				<time>2025-11-15T16:55:14Z</time>
			</trkpt>
			<trkpt lat="35.40669973254629" lon="-83.59203632616403">
				<ele>552.5206540916115</ele>
				<time>2025-11-15T16:55:15Z</time>
			</trkpt>
			<trkpt lat="35.40669718562646" lon="-83.5920644431168">
				<ele>553.1721774172038</ele>
				<time>2025-11-15T16:55:16Z</time>
			</trkpt>
			<trkpt lat="35.406694520086084" lon="-83.59208903471414">
				<ele>554.1996669387445</ele>
				<time>2025-11-15T16:55:17Z</time>
			</trkpt>
			<trkpt lat="35.406692043014594" lon="-83.59211188781998">
				<ele>554.1511508105323</ele>
				<time>2025-11-15T16:55:18Z</time>
			</trkpt>
			<trkpt lat="35.40668935331295" lon="-83.59213670250757">
				<ele>554.9961021253839</ele>
				<time>2025-11-15T16:55:19Z</time>
			</trkpt>
			<trkpt lat="35.40668597106784" lon="-83.59216790638824">
				<ele>554.7220445144922</ele>
				<time>2025-11-15T16:55:20Z</time>
			</trkpt>
			<trkpt lat="35.406683518496614" lon="-83.59219053343651">
				<ele>555.4360540937632</ele>
				<time>2025-11-15T16:55:21Z</time>
			</trkpt>
			<trkpt lat="35.406679679904165" lon="-83.59222594752723">
				<ele>555.1528297811747</ele>
				<time>2025-11-15T16:55:22Z</time>
			</trkpt>
			<trkpt lat="35.406672606742525" lon="-83.59227197998833">
				<ele>554.8972110310569</ele>
				<time>2025-11-15T16:55:24Z</time>
			</trkpt>
			<trkpt lat="35.406669065972075" lon="-83.5922939138582">
				<ele>555.7013656692579</ele>
				<time>2025-11-15T16:55:25Z</time>
			</trkpt>
			<trkpt lat="35.40666401619515" lon="-83.59232519550089">
				<ele>555.4751596357673</ele>
				<time>2025-11-15T16:55:26Z</time>
			</trkpt>
			<trkpt lat="35.40665544695674" lon="-83.59237827896938">
				<ele>556.7956849206239</ele>
				<time>2025-11-15T16:55:28Z</time>
			</trkpt>
			<trkpt lat="35.406649171007615" lon="-83.5924130921627">
				<ele>555.9735310925171</ele>
				<time>2025-11-15T16:55:29Z</time>
			</trkpt>
			<trkpt lat="35.406642336307286" lon="-83.59244756510053">
				<ele>555.2024283064529</ele>
				<time>2025-11-15T16:55:30Z</time>
			</trkpt>
			<trkpt lat="35.40663487284072" lon="-83.59248520926738">
				<ele>555.0056485282257</ele>
				<time>2025-11-15T16:55:31Z</time>
			</trkpt>
			<trkpt lat="35.40662805724779" lon="-83.59251958568846">
				<ele>554.3811068944633</ele>
				<time>2025-11-15T16:55:32Z</time>
			</trkpt>
			<trkpt lat="35.40662031125332" lon="-83.5925525611599">
				<ele>554.4523926880211</ele>
				<time>2025-11-15T16:55:33Z</time>
			</trkpt>
			<trkpt lat="35.406611926839936" lon="-83.59258448650596">
				<ele>554.1712384857237</ele>
				<time>2025-11-15T16:55:34Z</time>
			</trkpt>
			<trkpt lat="35.40660289469508" lon="-83.59261887827739">
				<ele>554.0639489144087</ele>
				<time>2025-11-15T16:55:35Z</time>
			</trkpt>
			<trkpt lat="35.40659422383472" lon="-83.59265189408882">
				<ele>553.6402183668688</ele>
				<time>2025-11-15T16:55:36Z</time>
			</trkpt>
			<trkpt lat="35.40657744534741" lon="-83.59269305124131">
				<ele>554.5187686840072</ele>
				<time>2025-11-15T16:55:38Z</time>
			</trkpt>
			<trkpt lat="35.40657466920737" lon="-83.59272041858608">
				<ele>553.9643194181845</ele>
				<time>2025-11-15T16:55:39Z</time>
			</trkpt>
			<trkpt lat="35.40657526422939" lon="-83.59274637603306">
				<ele>554.5964083457366</ele>
				<time>2025-11-15T16:55:40Z</time>
			</trkpt>
			<trkpt lat="35.40655821630348" lon="-83.59276047381817">
				<ele>555.4170940183103</ele>
				<time>2025-11-15T16:55:41Z</time>
			</trkpt>
			<trkpt lat="35.4065402156875" lon="-83.59277350940111">
				<ele>555.9679516144097</ele>
				<time>2025-11-15T16:55:42Z</time>
			</trkpt>
			<trkpt lat="35.40652348068574" lon="-83.59280374282561">
				<ele>558.3695146897808</ele>
				<time>2025-11-15T16:55:45Z</time>
			</trkpt>
			<trkpt lat="35.40651021539412" lon="-83.59282130304624">
				<ele>558.7578806057572</ele>
				<time>2025-11-15T16:55:46Z</time>
			</trkpt>
			<trkpt lat="35.40649579901714" lon="-83.59284038692952">
				<ele>559.5064297923818</ele>
				<time>2025-11-15T16:55:47Z</time>
			</trkpt>
			<trkpt lat="35.40648317620334" lon="-83.59288037232457">
				<ele>560.3262933362275</ele>
				<time>2025-11-15T16:55:49Z</time>
			</trkpt>
			<trkpt lat="35.406481793804474" lon="-83.59290816761056">
				<ele>561.0979997329414</ele>
				<time>2025-11-15T16:55:50Z</time>
			</trkpt>
			<trkpt lat="35.406484637537595" lon="-83.59293111497146">
				<ele>561.63044773601</ele>
				<time>2025-11-15T16:55:51Z</time>
			</trkpt>
			<trkpt lat="35.40648571177718" lon="-83.59295930959392">
				<ele>561.6398462345824</ele>
				<time>2025-11-15T16:55:52Z</time>
			</trkpt>
			<trkpt lat="35.40648228979085" lon="-83.59299415623441">
				<ele>562.9118719026446</ele>
				<time>2025-11-15T16:55:53Z</time>
			</trkpt>
			<trkpt lat="35.40648325126386" lon="-83.59302264065936">
				<ele>562.4433708824217</ele>
				<time>2025-11-15T16:55:54Z</time>
			</trkpt>
			<trkpt lat="35.40648296009161" lon="-83.5930527846295">
				<ele>562.3908661613241</ele>
				<time>2025-11-15T16:55:55Z</time>
			</trkpt>
			<trkpt lat="35.40648233286983" lon="-83.59308205003762">
				<ele>563.0978607423604</ele>
				<time>2025-11-15T16:55:56Z</time>
			</trkpt>
			<trkpt lat="35.40647553715679" lon="-83.59311828174657">
				<ele>563.1341989096254</ele>
				<time>2025-11-15T16:55:57Z</time>
			</trkpt>
			<trkpt lat="35.406474448919184" lon="-83.5931516604548">
				<ele>562.492885094136</ele>
				<time>2025-11-15T16:55:58Z</time>
			</trkpt>
			<trkpt lat="35.4064586773998" lon="-83.59317118219676">
				<ele>561.2065809182823</ele>
				<time>2025-11-15T16:55:59Z</time>
			</trkpt>
			<trkpt lat="35.40643950773112" lon="-83.59319332646885">
				<ele>562.3790043713525</ele>
				<time>2025-11-15T16:56:00Z</time>
			</trkpt>
			<trkpt lat="35.4064240333448" lon="-83.59320862443053">
				<ele>562.5953691871837</ele>
				<time>2025-11-15T16:56:01Z</time>
			</trkpt>
			<trkpt lat="35.4064059007711" lon="-83.59322387892">
				<ele>561.7137554995716</ele>
				<time>2025-11-15T16:56:02Z</time>
			</trkpt>
			<trkpt lat="35.406389196539855" lon="-83.59323742185995">
				<ele>562.9754594825208</ele>
				<time>2025-11-15T16:56:03Z</time>
			</trkpt>
			<trkpt lat="35.40637599729401" lon="-83.59325285200526">
				<ele>563.4130631769076</ele>
				<time>2025-11-15T16:56:04Z</time>
			</trkpt>
			<trkpt lat="35.40636152192162" lon="-83.59327057753733">
				<ele>563.2817066637799</ele>
				<time>2025-11-15T16:56:05Z</time>
			</trkpt>
			<trkpt lat="35.40634332937638" lon="-83.59328583107181">
				<ele>562.8859740430489</ele>
				<time>2025-11-15T16:56:06Z</time>
			</trkpt>
			<trkpt lat="35.40632680831794" lon="-83.59330162720451">
				<ele>563.2910369550809</ele>
				<time>2025-11-15T16:56:07Z</time>
			</trkpt>
			<trkpt lat="35.4063069263652" lon="-83.59331453646219">
				<ele>563.0970225743949</ele>
				<time>2025-11-15T16:56:08Z</time>
			</trkpt>
			<trkpt lat="35.40628929449257" lon="-83.59333841346435">
				<ele>562.5980830863118</ele>
				<time>2025-11-15T16:56:09Z</time>
			</trkpt>
			<trkpt lat="35.40626990316795" lon="-83.59335871630267">
				<ele>563.1493446594104</ele>
				<time>2025-11-15T16:56:10Z</time>
			</trkpt>
			<trkpt lat="35.40625250237082" lon="-83.59338240890916">
				<ele>563.137868873775</ele>
				<time>2025-11-15T16:56:11Z</time>
			</trkpt>
			<trkpt lat="35.40624348984636" lon="-83.59340923809737">
				<ele>563.6618654644117</ele>
				<time>2025-11-15T16:56:12Z</time>
			</trkpt>
			<trkpt lat="35.406227609868616" lon="-83.59344222334913">
				<ele>564.9639315763488</ele>
				<time>2025-11-15T16:56:14Z</time>
			</trkpt>
			<trkpt lat="35.40620790069348" lon="-83.59345708358762">
				<ele>564.706558519043</ele>
				<time>2025-11-15T16:56:16Z</time>
			</trkpt>
			<trkpt lat="35.406187085194986" lon="-83.59347200305767">
				<ele>562.870496080257</ele>
				<time>2025-11-15T16:56:18Z</time>
			</trkpt>
			<trkpt lat="35.40617047072373" lon="-83.59348364571363">
				<ele>560.7997902166098</ele>
				<time>2025-11-15T16:56:20Z</time>
			</trkpt>
			<trkpt lat="35.40619743907142" lon="-83.59347495319847">
				<ele>558.2869875058532</ele>
				<time>2025-11-15T16:56:29Z</time>
			</trkpt>
			<trkpt lat="35.40622318860588" lon="-83.5934597736066">
				<ele>559.0430740453303</ele>
				<time>2025-11-15T16:56:31Z</time>
			</trkpt>
			<trkpt lat="35.406250244559736" lon="-83.59344218969672">
				<ele>559.173841512762</ele>
				<time>2025-11-15T16:56:33Z</time>
			</trkpt>
			<trkpt lat="35.406268028571546" lon="-83.59343063167374">
				<ele>559.4162420323119</ele>
				<time>2025-11-15T16:56:34Z</time>
			</trkpt>
			<trkpt lat="35.40629500977451" lon="-83.59341574354232">
				<ele>558.3118455847725</ele>
				<time>2025-11-15T16:56:36Z</time>
			</trkpt>
			<trkpt lat="35.406315920732794" lon="-83.59340412304583">
				<ele>557.4629342164844</ele>
				<time>2025-11-15T16:56:37Z</time>
			</trkpt>
			<trkpt lat="35.40633604592098" lon="-83.59339293917552">
				<ele>557.1485419841483</ele>
				<time>2025-11-15T16:56:38Z</time>
			</trkpt>
			<trkpt lat="35.406366812308015" lon="-83.59337793735726">
				<ele>556.3475659294054</ele>
				<time>2025-11-15T16:56:40Z</time>
			</trkpt>
			<trkpt lat="35.40638616309133" lon="-83.59336855017277">
				<ele>556.1816633995622</ele>
				<time>2025-11-15T16:56:41Z</time>
			</trkpt>
			<trkpt lat="35.4064154102376" lon="-83.59335436219921">
				<ele>556.4068208849058</ele>
				<time>2025-11-15T16:56:43Z</time>
			</trkpt>
			<trkpt lat="35.40644079734328" lon="-83.59334234461582">
				<ele>555.3289627591148</ele>
				<time>2025-11-15T16:56:45Z</time>
			</trkpt>
			<trkpt lat="35.40646925087611" lon="-83.59332943251052">
				<ele>558.1094530178234</ele>
				<time>2025-11-15T16:56:47Z</time>
			</trkpt>
			<trkpt lat="35.406486590245656" lon="-83.59332156394221">
				<ele>558.2060835957527</ele>
				<time>2025-11-15T16:56:48Z</time>
			</trkpt>
			<trkpt lat="35.406503541077086" lon="-83.5933138717032">
				<ele>558.4390049390495</ele>
				<time>2025-11-15T16:56:49Z</time>
			</trkpt>
			<trkpt lat="35.40652121393429" lon="-83.59330585182212">
				<ele>558.943176346831</ele>
				<time>2025-11-15T16:56:50Z</time>
			</trkpt>
			<trkpt lat="35.40655771590203" lon="-83.59329137200467">
				<ele>558.863306180574</ele>
				<time>2025-11-15T16:56:52Z</time>
			</trkpt>
			<trkpt lat="35.40658108341935" lon="-83.59328365178636">
				<ele>557.9899695925415</ele>
				<time>2025-11-15T16:56:53Z</time>
			</trkpt>
			<trkpt lat="35.406604538020105" lon="-83.59327590275724">
				<ele>558.2355035562068</ele>
				<time>2025-11-15T16:56:54Z</time>
			</trkpt>
			<trkpt lat="35.40662715583359" lon="-83.59326843020656">
				<ele>558.2170963734388</ele>
				<time>2025-11-15T16:56:55Z</time>
			</trkpt>
			<trkpt lat="35.4066481226506" lon="-83.59326193415548">
				<ele>558.2279427256435</ele>
				<time>2025-11-15T16:56:56Z</time>
			</trkpt>
			<trkpt lat="35.40667280063637" lon="-83.5932558027935">
				<ele>558.33294121176</ele>
				<time>2025-11-15T16:56:57Z</time>
			</trkpt>
			<trkpt lat="35.40669712267524" lon="-83.59324975986489">
				<ele>557.516136392951</ele>
				<time>2025-11-15T16:56:58Z</time>
			</trkpt>
			<trkpt lat="35.40671854175162" lon="-83.59324443819845">
				<ele>558.5918146278709</ele>
				<time>2025-11-15T16:56:59Z</time>
			</trkpt>
			<trkpt lat="35.406756286990245" lon="-83.59324069785399">
				<ele>559.2613103594631</ele>
				<time>2025-11-15T16:57:01Z</time>
			</trkpt>
			<trkpt lat="35.40677883692383" lon="-83.59323905896">
				<ele>559.6826181560755</ele>
				<time>2025-11-15T16:57:02Z</time>
			</trkpt>
			<trkpt lat="35.4068041113053" lon="-83.59323722204762">
				<ele>559.0816655699164</ele>
				<time>2025-11-15T16:57:03Z</time>
			</trkpt>
			<trkpt lat="35.40683986776604" lon="-83.59324937327936">
				<ele>559.604568569921</ele>
				<time>2025-11-15T16:57:05Z</time>
			</trkpt>
			<trkpt lat="35.406860673062816" lon="-83.59325546317802">
				<ele>560.701961165294</ele>
				<time>2025-11-15T16:57:06Z</time>
			</trkpt>
			<trkpt lat="35.406882076223084" lon="-83.59326172808382">
				<ele>561.135671114549</ele>
				<time>2025-11-15T16:57:07Z</time>
			</trkpt>
			<trkpt lat="35.40691866464756" lon="-83.59328081897534">
				<ele>561.9492712430656</ele>
				<time>2025-11-15T16:57:09Z</time>
			</trkpt>
			<trkpt lat="35.40693580372246" lon="-83.59329133779909">
				<ele>562.6524322079495</ele>
				<time>2025-11-15T16:57:10Z</time>
			</trkpt>
			<trkpt lat="35.40696618552878" lon="-83.59330994480747">
				<ele>563.9290686361492</ele>
				<time>2025-11-15T16:57:12Z</time>
			</trkpt>
			<trkpt lat="35.406988640879334" lon="-83.5933234567332">
				<ele>564.377732783556</ele>
				<time>2025-11-15T16:57:13Z</time>
			</trkpt>
			<trkpt lat="35.40700762239811" lon="-83.59333487835376">
				<ele>566.2188317840919</ele>
				<time>2025-11-15T16:57:14Z</time>
			</trkpt>
			<trkpt lat="35.4070241670229" lon="-83.59334528245803">
				<ele>566.0721556181088</ele>
				<time>2025-11-15T16:57:15Z</time>
			</trkpt>
			<trkpt lat="35.407041200574334" lon="-83.59335800489183">
				<ele>567.0378592247143</ele>
				<time>2025-11-15T16:57:16Z</time>
			</trkpt>
			<trkpt lat="35.40707249927193" lon="-83.59338138203871">
				<ele>567.6963412128389</ele>
				<time>2025-11-15T16:57:18Z</time>
			</trkpt>
			<trkpt lat="35.40709727017055" lon="-83.59339988360064">
				<ele>568.2656995411962</ele>
				<time>2025-11-15T16:57:20Z</time>
			</trkpt>
			<trkpt lat="35.40712096392494" lon="-83.59341758056269">
				<ele>568.087559866719</ele>
				<time>2025-11-15T16:57:22Z</time>
			</trkpt>
			<trkpt lat="35.407151486599936" lon="-83.59344037812019">
				<ele>568.422031994909</ele>
				<time>2025-11-15T16:57:24Z</time>
			</trkpt>
			<trkpt lat="35.407183298505466" lon="-83.59346578091707">
				<ele>568.3303432036191</ele>
				<time>2025-11-15T16:57:26Z</time>
			</trkpt>
			<trkpt lat="35.4072002002983" lon="-83.59348008350659">
				<ele>568.3474501464516</ele>
				<time>2025-11-15T16:57:27Z</time>
			</trkpt>
			<trkpt lat="35.40722696225144" lon="-83.5935027298523">
				<ele>568.6186693729833</ele>
				<time>2025-11-15T16:57:29Z</time>
			</trkpt>
			<trkpt lat="35.407245333213346" lon="-83.59351827559529">
				<ele>568.9430888909847</ele>
				<time>2025-11-15T16:57:31Z</time>
			</trkpt>
			<trkpt lat="35.40726437076235" lon="-83.59353438547241">
				<ele>569.2930141976103</ele>
				<time>2025-11-15T16:57:33Z</time>
			</trkpt>
			<trkpt lat="35.407292888654254" lon="-83.59355851773162">
				<ele>569.6953214053065</ele>
				<time>2025-11-15T16:57:35Z</time>
			</trkpt>
			<trkpt lat="35.40731865055324" lon="-83.59358376921455">
				<ele>571.6618593847379</ele>
				<time>2025-11-15T16:57:37Z</time>
			</trkpt>
			<trkpt lat="35.40733313735639" lon="-83.59359804027979">
				<ele>572.1906437315047</ele>
				<time>2025-11-15T16:57:38Z</time>
			</trkpt>
			<trkpt lat="35.40736069261559" lon="-83.59359597780748">
				<ele>573.0786708816886</ele>
				<time>2025-11-15T16:57:40Z</time>
			</trkpt>
			<trkpt lat="35.4073934359567" lon="-83.5935890487374">
				<ele>573.4630628544837</ele>
				<time>2025-11-15T16:57:42Z</time>
			</trkpt>
			<trkpt lat="35.407432243600915" lon="-83.59358032812591">
				<ele>575.0233910595998</ele>
				<time>2025-11-15T16:57:44Z</time>
			</trkpt>
			<trkpt lat="35.407456911554256" lon="-83.59359273085245">
				<ele>575.295093415305</ele>
				<time>2025-11-15T16:57:45Z</time>
			</trkpt>
			<trkpt lat="35.40748078646941" lon="-83.59360609856014">
				<ele>575.1880637155846</ele>
				<time>2025-11-15T16:57:46Z</time>
			</trkpt>
			<trkpt lat="35.407498294443805" lon="-83.59362167678871">
				<ele>574.0842551449314</ele>
				<time>2025-11-15T16:57:47Z</time>
			</trkpt>
			<trkpt lat="35.407513291755805" lon="-83.59363663935734">
				<ele>573.7303485190496</ele>
				<time>2025-11-15T16:57:48Z</time>
			</trkpt>
			<trkpt lat="35.407521217949466" lon="-83.59367099824698">
				<ele>572.591812454164</ele>
				<time>2025-11-15T16:57:49Z</time>
			</trkpt>
			<trkpt lat="35.40753353114331" lon="-83.59369728222461">
				<ele>572.9420156711712</ele>
				<time>2025-11-15T16:57:50Z</time>
			</trkpt>
			<trkpt lat="35.4075450803785" lon="-83.5937241141292">
				<ele>572.0035250596702</ele>
				<time>2025-11-15T16:57:51Z</time>
			</trkpt>
			<trkpt lat="35.40755394491061" lon="-83.59376337726185">
				<ele>571.1851557083428</ele>
				<time>2025-11-15T16:57:52Z</time>
			</trkpt>
			<trkpt lat="35.40756428696556" lon="-83.59379191494693">
				<ele>569.9526742501184</ele>
				<time>2025-11-15T16:57:53Z</time>
			</trkpt>
			<trkpt lat="35.40757840120658" lon="-83.59381410072069">
				<ele>569.6842938987538</ele>
				<time>2025-11-15T16:57:54Z</time>
			</trkpt>
			<trkpt lat="35.40757948836834" lon="-83.59385836293269">
				<ele>570.2271540984511</ele>
				<time>2025-11-15T16:57:56Z</time>
			</trkpt>
			<trkpt lat="35.407580337698555" lon="-83.593886551848">
				<ele>570.1066920757294</ele>
				<time>2025-11-15T16:57:57Z</time>
			</trkpt>
			<trkpt lat="35.407582395231636" lon="-83.59391235726362">
				<ele>569.836697075516</ele>
				<time>2025-11-15T16:57:58Z</time>
			</trkpt>
			<trkpt lat="35.407579535290175" lon="-83.59395447836215">
				<ele>569.6903752600774</ele>
				<time>2025-11-15T16:58:00Z</time>
			</trkpt>
			<trkpt lat="35.407580059023005" lon="-83.59398443727086">
				<ele>568.7682406147942</ele>
				<time>2025-11-15T16:58:01Z</time>
			</trkpt>
			<trkpt lat="35.407589302760655" lon="-83.59402001276433">
				<ele>568.3150605568662</ele>
				<time>2025-11-15T16:58:02Z</time>
			</trkpt>
			<trkpt lat="35.407599597086374" lon="-83.59406743347361">
				<ele>567.9329511225224</ele>
				<time>2025-11-15T16:58:04Z</time>
			</trkpt>
			<trkpt lat="35.40760666594108" lon="-83.59410156594365">
				<ele>568.5606449237093</ele>
				<time>2025-11-15T16:58:06Z</time>
			</trkpt>
			<trkpt lat="35.40761128532363" lon="-83.59412387119839">
				<ele>567.7643775166944</ele>
				<time>2025-11-15T16:58:15Z</time>
			</trkpt>
			<trkpt lat="35.407644957357526" lon="-83.5941211070886">
				<ele>567.8486234880984</ele>
				<time>2025-11-15T16:58:19Z</time>
			</trkpt>
			<trkpt lat="35.407625227643464" lon="-83.59412712415204">
				<ele>568.2464581532404</ele>
				<time>2025-11-15T16:58:22Z</time>
			</trkpt>
			<trkpt lat="35.40763274717811" lon="-83.59415625658268">
				<ele>568.2678566016257</ele>
				<time>2025-11-15T16:58:25Z</time>
			</trkpt>
			<trkpt lat="35.40763013500086" lon="-83.59419267453885">
				<ele>567.845964548178</ele>
				<time>2025-11-15T16:58:27Z</time>
			</trkpt>
			<trkpt lat="35.407615285521715" lon="-83.5942182446339">
				<ele>569.2855164343491</ele>
				<time>2025-11-15T16:58:28Z</time>
			</trkpt>
			<trkpt lat="35.40759168996089" lon="-83.59424524221029">
				<ele>568.8818407747895</ele>
				<time>2025-11-15T16:58:29Z</time>
			</trkpt>
			<trkpt lat="35.407560864190216" lon="-83.59427058678203">
				<ele>569.0032717175782</ele>
				<time>2025-11-15T16:58:30Z</time>
			</trkpt>
			<trkpt lat="35.40752688593104" lon="-83.59429617189306">
				<ele>568.318827801384</ele>
				<time>2025-11-15T16:58:31Z</time>
			</trkpt>
			<trkpt lat="35.40750388936912" lon="-83.59432200517568">
				<ele>568.3291750764474</ele>
				<time>2025-11-15T16:58:32Z</time>
			</trkpt>
			<trkpt lat="35.407488134556736" lon="-83.5943577503731">
				<ele>568.4609072525054</ele>
				<time>2025-11-15T16:58:33Z</time>
			</trkpt>
			<trkpt lat="35.407474626554645" lon="-83.59440156195146">
				<ele>568.4206872489303</ele>
				<time>2025-11-15T16:58:34Z</time>
			</trkpt>
			<trkpt lat="35.40747609809619" lon="-83.59445392072028">
				<ele>568.0988071188331</ele>
				<time>2025-11-15T16:58:35Z</time>
			</trkpt>
			<trkpt lat="35.4074811986353" lon="-83.59450349910394">
				<ele>567.7816971037537</ele>
				<time>2025-11-15T16:58:36Z</time>
			</trkpt>
			<trkpt lat="35.407482279118575" lon="-83.59454608263194">
				<ele>569.7718866569921</ele>
				<time>2025-11-15T16:58:37Z</time>
			</trkpt>
			<trkpt lat="35.407474097977484" lon="-83.5946221798932">
				<ele>567.1104546999559</ele>
				<time>2025-11-15T16:58:38Z</time>
			</trkpt>
			<trkpt lat="35.40747034679641" lon="-83.5946988385276">
				<ele>567.6501870742068</ele>
				<time>2025-11-15T16:58:39Z</time>
			</trkpt>
			<trkpt lat="35.40745861658905" lon="-83.59478768180361">
				<ele>567.6690061017871</ele>
				<time>2025-11-15T16:58:40Z</time>
			</trkpt>
			<trkpt lat="35.40743826619932" lon="-83.59488342796267">
				<ele>567.624702591449</ele>
				<time>2025-11-15T16:58:41Z</time>
			</trkpt>
			<trkpt lat="35.4074150528405" lon="-83.59496897840737">
				<ele>567.3377378378063</ele>
				<time>2025-11-15T16:58:42Z</time>
			</trkpt>
			<trkpt lat="35.4073944766414" lon="-83.59507431957061">
				<ele>565.4193087508902</ele>
				<time>2025-11-15T16:58:43Z</time>
			</trkpt>
			<trkpt lat="35.40737433080606" lon="-83.59517540211276">
				<ele>564.5038306415081</ele>
				<time>2025-11-15T16:58:44Z</time>
			</trkpt>
			<trkpt lat="35.40735068358907" lon="-83.59526187755375">
				<ele>563.841117859818</ele>
				<time>2025-11-15T16:58:45Z</time>
			</trkpt>
			<trkpt lat="35.4073242900164" lon="-83.59534885737389">
				<ele>562.6830853456631</ele>
				<time>2025-11-15T16:58:46Z</time>
			</trkpt>
			<trkpt lat="35.40730247792874" lon="-83.59543479665216">
				<ele>563.4467927450314</ele>
				<time>2025-11-15T16:58:47Z</time>
			</trkpt>
			<trkpt lat="35.40727348673137" lon="-83.59550787732599">
				<ele>562.2543908637017</ele>
				<time>2025-11-15T16:58:48Z</time>
			</trkpt>
			<trkpt lat="35.40723704570326" lon="-83.59558090912883">
				<ele>560.4227755209431</ele>
				<time>2025-11-15T16:58:49Z</time>
			</trkpt>
			<trkpt lat="35.40717892070698" lon="-83.59566826021543">
				<ele>558.3727467879653</ele>
				<time>2025-11-15T16:58:50Z</time>
			</trkpt>
			<trkpt lat="35.40716309285641" lon="-83.59573370794098">
				<ele>558.3119586668909</ele>
				<time>2025-11-15T16:58:51Z</time>
			</trkpt>
			<trkpt lat="35.40718417032151" lon="-83.59576317170297">
				<ele>559.2675756830722</ele>
				<time>2025-11-15T16:58:52Z</time>
			</trkpt>
			<trkpt lat="35.40721585912309" lon="-83.59576522923753">
				<ele>560.1610848242417</ele>
				<time>2025-11-15T16:58:53Z</time>
			</trkpt>
			<trkpt lat="35.40723889932929" lon="-83.5957733284936">
				<ele>559.1228312784806</ele>
				<time>2025-11-15T16:58:54Z</time>
			</trkpt>
			<trkpt lat="35.40725961560968" lon="-83.59578588798907">
				<ele>560.8843650044873</ele>
				<time>2025-11-15T16:58:55Z</time>
			</trkpt>
			<trkpt lat="35.40726868525998" lon="-83.59581998245099">
				<ele>559.3617652021348</ele>
				<time>2025-11-15T16:58:56Z</time>
			</trkpt>
			<trkpt lat="35.40727136711393" lon="-83.59586236432344">
				<ele>559.1785607980564</ele>
				<time>2025-11-15T16:58:57Z</time>
			</trkpt>
			<trkpt lat="35.4072843937225" lon="-83.59591721660577">
				<ele>560.927203098312</ele>
				<time>2025-11-15T16:58:58Z</time>
			</trkpt>
			<trkpt lat="35.407283978568046" lon="-83.59598056941407">
				<ele>562.3421270688996</ele>
				<time>2025-11-15T16:58:59Z</time>
			</trkpt>
			<trkpt lat="35.4072868592524" lon="-83.59607913842959">
				<ele>561.2176118046045</ele>
				<time>2025-11-15T16:59:00Z</time>
			</trkpt>
			<trkpt lat="35.4072588531401" lon="-83.59616327111867">
				<ele>562.8263381170109</ele>
				<time>2025-11-15T16:59:02Z</time>
			</trkpt>
			<trkpt lat="35.40722418536686" lon="-83.59630043623083">
				<ele>575.450038023293</ele>
				<time>2025-11-15T16:59:04Z</time>
			</trkpt>
			<trkpt lat="35.407223411958725" lon="-83.59634831544449">
				<ele>577.6781137231737</ele>
				<time>2025-11-15T16:59:05Z</time>
			</trkpt>
			<trkpt lat="35.40718626840447" lon="-83.59634912172969">
				<ele>579.1086012171581</ele>
				<time>2025-11-15T16:59:06Z</time>
			</trkpt>
			<trkpt lat="35.407151559445275" lon="-83.59640141536853">
				<ele>578.6499271094799</ele>
				<time>2025-11-15T16:59:07Z</time>
			</trkpt>
			<trkpt lat="35.40708698070098" lon="-83.59645891454574">
				<ele>576.1404279591516</ele>
				<time>2025-11-15T16:59:08Z</time>
			</trkpt>
			<trkpt lat="35.407041191409625" lon="-83.59649364395761">
				<ele>574.2663353970274</ele>
				<time>2025-11-15T16:59:09Z</time>
			</trkpt>
			<trkpt lat="35.40701213150279" lon="-83.59649507558177">
				<ele>573.8204190200195</ele>
				<time>2025-11-15T16:59:10Z</time>
			</trkpt>
			<trkpt lat="35.40697539008428" lon="-83.59650521021128">
				<ele>572.9840702367947</ele>
				<time>2025-11-15T16:59:11Z</time>
			</trkpt>
			<trkpt lat="35.40694945366613" lon="-83.59653133781553">
				<ele>572.1320692608133</ele>
				<time>2025-11-15T16:59:12Z</time>
			</trkpt>
			<trkpt lat="35.406937078604955" lon="-83.59656310382533">
				<ele>571.5413438696414</ele>
				<time>2025-11-15T16:59:14Z</time>
			</trkpt>
			<trkpt lat="35.406929585714146" lon="-83.59658844953195">
				<ele>570.9756858283654</ele>
				<time>2025-11-15T16:59:15Z</time>
			</trkpt>
			<trkpt lat="35.40692420890521" lon="-83.59661214842342">
				<ele>570.8125349180773</ele>
				<time>2025-11-15T16:59:16Z</time>
			</trkpt>
			<trkpt lat="35.40691235621234" lon="-83.59663207789569">
				<ele>570.5906115667894</ele>
				<time>2025-11-15T16:59:17Z</time>
			</trkpt>
			<trkpt lat="35.406893595698875" lon="-83.59665647914119">
				<ele>570.4145987723023</ele>
				<time>2025-11-15T16:59:18Z</time>
			</trkpt>
			<trkpt lat="35.4068823156715" lon="-83.59668001416286">
				<ele>570.3688419982791</ele>
				<time>2025-11-15T16:59:19Z</time>
			</trkpt>
			<trkpt lat="35.4068670679932" lon="-83.59669788733872">
				<ele>570.40971246548</ele>
				<time>2025-11-15T16:59:20Z</time>
			</trkpt>
			<trkpt lat="35.406775004120256" lon="-83.59680440043336">
				<ele>559.4632115280256</ele>
				<time>2025-11-15T16:59:21Z</time>
			</trkpt>
			<trkpt lat="35.40675316488893" lon="-83.59681567375921">
				<ele>560.2464719880372</ele>
				<time>2025-11-15T16:59:22Z</time>
			</trkpt>
			<trkpt lat="35.40672674025381" lon="-83.596829889054">
				<ele>560.6483919834718</ele>
				<time>2025-11-15T16:59:23Z</time>
			</trkpt>
			<trkpt lat="35.406706044211695" lon="-83.59683709340185">
				<ele>560.5941893057898</ele>
				<time>2025-11-15T16:59:24Z</time>
			</trkpt>
			<trkpt lat="35.40668281937538" lon="-83.59684505453684">
				<ele>559.4458391685039</ele>
				<time>2025-11-15T16:59:26Z</time>
			</trkpt>
			<trkpt lat="35.40668569417285" lon="-83.59682217679433">
				<ele>557.2928798347712</ele>
				<time>2025-11-15T16:59:30Z</time>
			</trkpt>
			<trkpt lat="35.40671759083362" lon="-83.59680999171165">
				<ele>557.155971378088</ele>
				<time>2025-11-15T16:59:31Z</time>
			</trkpt>
			<trkpt lat="35.40675035584907" lon="-83.59680058740395">
				<ele>558.0658737532794</ele>
				<time>2025-11-15T16:59:33Z</time>
			</trkpt>
			<trkpt lat="35.4067742086393" lon="-83.59679957410684">
				<ele>558.74522631336</ele>
				<time>2025-11-15T16:59:34Z</time>
			</trkpt>
			<trkpt lat="35.40680157664006" lon="-83.59679464700672">
				<ele>559.2110851397738</ele>
				<time>2025-11-15T16:59:35Z</time>
			</trkpt>
			<trkpt lat="35.406844983976214" lon="-83.59677029527779">
				<ele>559.14019621443</ele>
				<time>2025-11-15T16:59:36Z</time>
			</trkpt>
			<trkpt lat="35.406869810104645" lon="-83.59677194633937">
				<ele>559.0400964869186</ele>
				<time>2025-11-15T16:59:37Z</time>
			</trkpt>
			<trkpt lat="35.406906277230135" lon="-83.59678068691139">
				<ele>560.4501030817628</ele>
				<time>2025-11-15T16:59:38Z</time>
			</trkpt>
			<trkpt lat="35.406944876357755" lon="-83.59680289643511">
				<ele>560.5592732625082</ele>
				<time>2025-11-15T16:59:39Z</time>
			</trkpt>
			<trkpt lat="35.406968647760905" lon="-83.59680448402528">
				<ele>559.8911056118086</ele>
				<time>2025-11-15T16:59:40Z</time>
			</trkpt>
			<trkpt lat="35.40707097493533" lon="-83.59691218482277">
				<ele>561.8770156735554</ele>
				<time>2025-11-15T16:59:42Z</time>
			</trkpt>
			<trkpt lat="35.40705359536803" lon="-83.59690406969175">
				<ele>562.1628983356059</ele>
				<time>2025-11-15T16:59:43Z</time>
			</trkpt>
			<trkpt lat="35.407336138483686" lon="-83.5969309701958">
				<ele>567.5298284944147</ele>
				<time>2025-11-15T16:59:44Z</time>
			</trkpt>
			<trkpt lat="35.4073820771851" lon="-83.59696713198521">
				<ele>570.3580277711153</ele>
				<time>2025-11-15T16:59:45Z</time>
			</trkpt>
			<trkpt lat="35.40744608754645" lon="-83.5970007963033">
				<ele>572.3682769834995</ele>
				<time>2025-11-15T16:59:46Z</time>
			</trkpt>
			<trkpt lat="35.40749703390457" lon="-83.59706320498974">
				<ele>574.0524290632457</ele>
				<time>2025-11-15T16:59:47Z</time>
			</trkpt>
			<trkpt lat="35.4075473753888" lon="-83.59711908540281">
				<ele>575.4251179844141</ele>
				<time>2025-11-15T16:59:48Z</time>
			</trkpt>
			<trkpt lat="35.40758936799588" lon="-83.59717967603939">
				<ele>576.285099751316</ele>
				<time>2025-11-15T16:59:49Z</time>
			</trkpt>
			<trkpt lat="35.40762952798732" lon="-83.59724526152715">
				<ele>576.3377823531628</ele>
				<time>2025-11-15T16:59:50Z</time>
			</trkpt>
			<trkpt lat="35.4076678770301" lon="-83.59731916606948">
				<ele>575.636078260839</ele>
				<time>2025-11-15T16:59:51Z</time>
			</trkpt>
			<trkpt lat="35.4077114643016" lon="-83.59740162463207">
				<ele>574.2254106681794</ele>
				<time>2025-11-15T16:59:52Z</time>
			</trkpt>
			<trkpt lat="35.40774214446241" lon="-83.59748183079037">
				<ele>573.0532393250614</ele>
				<time>2025-11-15T16:59:53Z</time>
			</trkpt>
			<trkpt lat="35.407778676515136" lon="-83.59756080957159">
				<ele>572.2562949480489</ele>
				<time>2025-11-15T16:59:54Z</time>
			</trkpt>
			<trkpt lat="35.407819963744494" lon="-83.59766080571953">
				<ele>571.073037141934</ele>
				<time>2025-11-15T16:59:55Z</time>
			</trkpt>
			<trkpt lat="35.40785745916375" lon="-83.59773970563525">
				<ele>570.6858311388642</ele>
				<time>2025-11-15T16:59:56Z</time>
			</trkpt>
			<trkpt lat="35.407890564389575" lon="-83.59782392857089">
				<ele>568.5449412455782</ele>
				<time>2025-11-15T16:59:57Z</time>
			</trkpt>
			<trkpt lat="35.40793339997788" lon="-83.59789283252633">
				<ele>567.6269695479423</ele>
				<time>2025-11-15T16:59:58Z</time>
			</trkpt>
			<trkpt lat="35.40796224162133" lon="-83.59799050906916">
				<ele>566.6140964012593</ele>
				<time>2025-11-15T16:59:59Z</time>
			</trkpt>
			<trkpt lat="35.40798572588648" lon="-83.5980823051463">
				<ele>565.3963377987966</ele>
				<time>2025-11-15T17:00:00Z</time>
			</trkpt>
			<trkpt lat="35.40800342504027" lon="-83.59817423517342">
				<ele>564.7359578255564</ele>
				<time>2025-11-15T17:00:01Z</time>
			</trkpt>
			<trkpt lat="35.408012717774355" lon="-83.59826498332758">
				<ele>562.7608734965324</ele>
				<time>2025-11-15T17:00:02Z</time>
			</trkpt>
			<trkpt lat="35.40803759389127" lon="-83.59849585884884">
				<ele>545.2172344410792</ele>
				<time>2025-11-15T17:00:03Z</time>
			</trkpt>
			<trkpt lat="35.408030946067385" lon="-83.59854854966471">
				<ele>540.9086606297642</ele>
				<time>2025-11-15T17:00:05Z</time>
			</trkpt>
			<trkpt lat="35.408017449928096" lon="-83.59857882586894">
				<ele>540.7771088825539</ele>
				<time>2025-11-15T17:00:06Z</time>
			</trkpt>
			<trkpt lat="35.40800541228402" lon="-83.59861264575707">
				<ele>539.8662168718874</ele>
				<time>2025-11-15T17:00:07Z</time>
			</trkpt>
			<trkpt lat="35.40800703357044" lon="-83.59864304728757">
				<ele>539.7730735130608</ele>
				<time>2025-11-15T17:00:08Z</time>
			</trkpt>
			<trkpt lat="35.40801781536904" lon="-83.59866404220733">
				<ele>538.2327957144007</ele>
				<time>2025-11-15T17:00:09Z</time>
			</trkpt>
			<trkpt lat="35.40800940776953" lon="-83.59870219360882">
				<ele>537.1914919856936</ele>
				<time>2025-11-15T17:00:10Z</time>
			</trkpt>
			<trkpt lat="35.40801311113359" lon="-83.59874054937882">
				<ele>538.0280015124008</ele>
				<time>2025-11-15T17:00:11Z</time>
			</trkpt>
			<trkpt lat="35.408020377163055" lon="-83.5988001723671">
				<ele>540.2228060141206</ele>
				<time>2025-11-15T17:00:12Z</time>
			</trkpt>
			<trkpt lat="35.40802272237318" lon="-83.59884451357266">
				<ele>540.1263479627669</ele>
				<time>2025-11-15T17:00:13Z</time>
			</trkpt>
			<trkpt lat="35.40802660291798" lon="-83.59889074594814">
				<ele>538.765084114857</ele>
				<time>2025-11-15T17:00:14Z</time>
			</trkpt>
			<trkpt lat="35.408031660974224" lon="-83.59891697191873">
				<ele>539.9128067344427</ele>
				<time>2025-11-15T17:00:15Z</time>
			</trkpt>
			<trkpt lat="35.408019035680795" lon="-83.5989582479002">
				<ele>540.3294953107834</ele>
				<time>2025-11-15T17:00:16Z</time>
			</trkpt>
			<trkpt lat="35.40801205263145" lon="-83.5989951390767">
				<ele>539.3006388014182</ele>
				<time>2025-11-15T17:00:17Z</time>
			</trkpt>
			<trkpt lat="35.40800280856001" lon="-83.5990354510436">
				<ele>538.3500250661746</ele>
				<time>2025-11-15T17:00:18Z</time>
			</trkpt>
			<trkpt lat="35.40799398070938" lon="-83.59907501845363">
				<ele>540.5156845627353</ele>
				<time>2025-11-15T17:00:19Z</time>
			</trkpt>
			<trkpt lat="35.40798957792187" lon="-83.5991080276439">
				<ele>538.2816961454228</ele>
				<time>2025-11-15T17:00:20Z</time>
			</trkpt>
			<trkpt lat="35.40798556733215" lon="-83.59913809632108">
				<ele>537.7401272291318</ele>
				<time>2025-11-15T17:00:21Z</time>
			</trkpt>
			<trkpt lat="35.40798229121573" lon="-83.59916265820937">
				<ele>538.523091500625</ele>
				<time>2025-11-15T17:00:22Z</time>
			</trkpt>
			<trkpt lat="35.40797841280282" lon="-83.59919173595483">
				<ele>539.5307821435854</ele>
				<time>2025-11-15T17:00:23Z</time>
			</trkpt>
			<trkpt lat="35.40796598256884" lon="-83.59924446389424">
				<ele>539.01747546345</ele>
				<time>2025-11-15T17:00:25Z</time>
			</trkpt>
			<trkpt lat="35.40795387115474" lon="-83.59928047040407">
				<ele>539.5625571468845</ele>
				<time>2025-11-15T17:00:28Z</time>
			</trkpt>
			<trkpt lat="35.40794398142035" lon="-83.59930987191352">
				<ele>540.0820637401193</ele>
				<time>2025-11-15T17:00:30Z</time>
			</trkpt>
			<trkpt lat="35.40793214793267" lon="-83.59934505211572">
				<ele>540.9040523283184</ele>
				<time>2025-11-15T17:00:32Z</time>
			</trkpt>
			<trkpt lat="35.40792080947325" lon="-83.59937876062793">
				<ele>541.0344704091549</ele>
				<time>2025-11-15T17:00:34Z</time>
			</trkpt>
			<trkpt lat="35.40791197220511" lon="-83.59940503331283">
				<ele>540.4296545740217</ele>
				<time>2025-11-15T17:00:36Z</time>
			</trkpt>
			<trkpt lat="35.40790490313933" lon="-83.59942604921972">
				<ele>539.6108607919887</ele>
				<time>2025-11-15T17:00:37Z</time>
			</trkpt>
			<trkpt lat="35.40789594607951" lon="-83.59945267796465">
				<ele>540.7880493160337</ele>
				<time>2025-11-15T17:00:38Z</time>
			</trkpt>
			<trkpt lat="35.40788652699732" lon="-83.59947827713758">
				<ele>539.2699125455692</ele>
				<time>2025-11-15T17:00:39Z</time>
			</trkpt>
			<trkpt lat="35.40787704093231" lon="-83.59950384818941">
				<ele>539.7077698027715</ele>
				<time>2025-11-15T17:00:40Z</time>
			</trkpt>
			<trkpt lat="35.407864391950405" lon="-83.59953794549652">
				<ele>539.8626170223579</ele>
				<time>2025-11-15T17:00:42Z</time>
			</trkpt>
			<trkpt lat="35.40785284074859" lon="-83.59956908352467">
				<ele>540.0152235645801</ele>
				<time>2025-11-15T17:00:44Z</time>
			</trkpt>
			<trkpt lat="35.40784387137759" lon="-83.59959326179721">
				<ele>541.0289349900559</ele>
				<time>2025-11-15T17:00:45Z</time>
			</trkpt>
			<trkpt lat="35.4078343084361" lon="-83.59961904014574">
				<ele>539.6264931019396</ele>
				<time>2025-11-15T17:00:46Z</time>
			</trkpt>
			<trkpt lat="35.40782365335375" lon="-83.59964506723358">
				<ele>539.9946498516947</ele>
				<time>2025-11-15T17:00:47Z</time>
			</trkpt>
			<trkpt lat="35.407810020709256" lon="-83.59966987940695">
				<ele>541.3514286559075</ele>
				<time>2025-11-15T17:00:48Z</time>
			</trkpt>
			<trkpt lat="35.40779661726605" lon="-83.59969427448175">
				<ele>540.4039066927508</ele>
				<time>2025-11-15T17:00:49Z</time>
			</trkpt>
			<trkpt lat="35.40778338142582" lon="-83.59971836451889">
				<ele>540.9915629206225</ele>
				<time>2025-11-15T17:00:50Z</time>
			</trkpt>
			<trkpt lat="35.40776503075295" lon="-83.59975176381097">
				<ele>540.9083135938272</ele>
				<time>2025-11-15T17:00:51Z</time>
			</trkpt>
			<trkpt lat="35.40774254386225" lon="-83.59978340494452">
				<ele>540.1571101481095</ele>
				<time>2025-11-15T17:00:53Z</time>
			</trkpt>
			<trkpt lat="35.40772799068345" lon="-83.59979713823948">
				<ele>540.915292525664</ele>
				<time>2025-11-15T17:00:54Z</time>
			</trkpt>
			<trkpt lat="35.407702611806315" lon="-83.59980482934276">
				<ele>540.8869980229065</ele>
				<time>2025-11-15T17:00:55Z</time>
			</trkpt>
			<trkpt lat="35.40768237761774" lon="-83.59980762463871">
				<ele>541.6379156811163</ele>
				<time>2025-11-15T17:00:56Z</time>
			</trkpt>
			<trkpt lat="35.40765370530301" lon="-83.59980620698384">
				<ele>542.3174282126129</ele>
				<time>2025-11-15T17:00:57Z</time>
			</trkpt>
			<trkpt lat="35.40762792927341" lon="-83.59980847747794">
				<ele>542.2376741804183</ele>
				<time>2025-11-15T17:00:58Z</time>
			</trkpt>
			<trkpt lat="35.40760522194044" lon="-83.59981277960412">
				<ele>542.3270268328488</ele>
				<time>2025-11-15T17:00:59Z</time>
			</trkpt>
			<trkpt lat="35.40757318650971" lon="-83.59981607832005">
				<ele>542.0715918010101</ele>
				<time>2025-11-15T17:01:00Z</time>
			</trkpt>
			<trkpt lat="35.407555236731326" lon="-83.59981283469683">
				<ele>543.6832419624552</ele>
				<time>2025-11-15T17:01:01Z</time>
			</trkpt>
			<trkpt lat="35.407526293523574" lon="-83.59980837177581">
				<ele>544.1038650507107</ele>
				<time>2025-11-15T17:01:02Z</time>
			</trkpt>
			<trkpt lat="35.40750308024489" lon="-83.59981068238343">
				<ele>544.2223047353327</ele>
				<time>2025-11-15T17:01:03Z</time>
			</trkpt>
			<trkpt lat="35.407478600039724" lon="-83.59980311877287">
				<ele>545.3114753942937</ele>
				<time>2025-11-15T17:01:04Z</time>
			</trkpt>
			<trkpt lat="35.407457193972995" lon="-83.59979996366343">
				<ele>545.2637090720236</ele>
				<time>2025-11-15T17:01:05Z</time>
			</trkpt>
			<trkpt lat="35.40743694065772" lon="-83.59979534167968">
				<ele>544.9975163368508</ele>
				<time>2025-11-15T17:01:06Z</time>
			</trkpt>
			<trkpt lat="35.407413995364024" lon="-83.59978774854882">
				<ele>544.6978542655706</ele>
				<time>2025-11-15T17:01:07Z</time>
			</trkpt>
			<trkpt lat="35.4073784781767" lon="-83.59977612713686">
				<ele>547.0199944507331</ele>
				<time>2025-11-15T17:01:09Z</time>
			</trkpt>
			<trkpt lat="35.40735585450015" lon="-83.59978392581527">
				<ele>546.6594635955989</ele>
				<time>2025-11-15T17:01:11Z</time>
			</trkpt>
			<trkpt lat="35.40733235921141" lon="-83.59978342580652">
				<ele>547.0882617132738</ele>
				<time>2025-11-15T17:01:13Z</time>
			</trkpt>
			<trkpt lat="35.40728974699663" lon="-83.59977737485431">
				<ele>548.07353668008</ele>
				<time>2025-11-15T17:01:15Z</time>
			</trkpt>
			<trkpt lat="35.407273693130314" lon="-83.59976628708928">
				<ele>546.9996851207688</ele>
				<time>2025-11-15T17:01:16Z</time>
			</trkpt>
			<trkpt lat="35.40724409115783" lon="-83.59974584216096">
				<ele>547.5850805295631</ele>
				<time>2025-11-15T17:01:17Z</time>
			</trkpt>
			<trkpt lat="35.407214465897354" lon="-83.59973362500749">
				<ele>547.2213124092668</ele>
				<time>2025-11-15T17:01:18Z</time>
			</trkpt>
			<trkpt lat="35.40717973308572" lon="-83.59972109219315">
				<ele>548.9684872506186</ele>
				<time>2025-11-15T17:01:19Z</time>
			</trkpt>
			<trkpt lat="35.407161553234396" lon="-83.59971453226274">
				<ele>549.4513899404556</ele>
				<time>2025-11-15T17:01:20Z</time>
			</trkpt>
			<trkpt lat="35.40712183654487" lon="-83.59970372620978">
				<ele>549.9763962943107</ele>
				<time>2025-11-15T17:01:21Z</time>
			</trkpt>
			<trkpt lat="35.407077460839034" lon="-83.59969423732251">
				<ele>551.4498609676957</ele>
				<time>2025-11-15T17:01:23Z</time>
			</trkpt>
			<trkpt lat="35.40704366787126" lon="-83.5996850274385">
				<ele>552.663984910585</ele>
				<time>2025-11-15T17:01:25Z</time>
			</trkpt>
			<trkpt lat="35.407022830892004" lon="-83.59966596683563">
				<ele>553.8664709655568</ele>
				<time>2025-11-15T17:01:27Z</time>
			</trkpt>
			<trkpt lat="35.407015578131016" lon="-83.59964015379758">
				<ele>553.1749830553308</ele>
				<time>2025-11-15T17:01:29Z</time>
			</trkpt>
			<trkpt lat="35.40700730057416" lon="-83.599617627478">
				<ele>552.6226801080629</ele>
				<time>2025-11-15T17:01:34Z</time>
			</trkpt>
			<trkpt lat="35.40698325770129" lon="-83.5996289792892">
				<ele>552.4564373148605</ele>
				<time>2025-11-15T17:01:37Z</time>
			</trkpt>
			<trkpt lat="35.40696532793218" lon="-83.59965270005199">
				<ele>551.8990272106603</ele>
				<time>2025-11-15T17:01:39Z</time>
			</trkpt>
			<trkpt lat="35.40694897458793" lon="-83.59967336402244">
				<ele>551.9835773669183</ele>
				<time>2025-11-15T17:01:41Z</time>
			</trkpt>
			<trkpt lat="35.40691899349578" lon="-83.59968422332898">
				<ele>551.7150127124041</ele>
				<time>2025-11-15T17:01:44Z</time>
			</trkpt>
			<trkpt lat="35.40689620455793" lon="-83.59968801229583">
				<ele>551.5354358321056</ele>
				<time>2025-11-15T17:01:46Z</time>
			</trkpt>
			<trkpt lat="35.40687514405232" lon="-83.59969236293446">
				<ele>551.1762803420424</ele>
				<time>2025-11-15T17:01:48Z</time>
			</trkpt>
			<trkpt lat="35.40685290054381" lon="-83.5996969579352">
				<ele>551.6078072125092</ele>
				<time>2025-11-15T17:01:50Z</time>
			</trkpt>
			<trkpt lat="35.40681439720589" lon="-83.59970527558103">
				<ele>551.9852369548753</ele>
				<time>2025-11-15T17:01:52Z</time>
			</trkpt>
			<trkpt lat="35.40677935582337" lon="-83.599715037636">
				<ele>551.4149867510423</ele>
				<time>2025-11-15T17:01:54Z</time>
			</trkpt>
			<trkpt lat="35.40675621888328" lon="-83.59972148327681">
				<ele>551.4349401816726</ele>
				<time>2025-11-15T17:01:55Z</time>
			</trkpt>
			<trkpt lat="35.406735324548436" lon="-83.59972730414201">
				<ele>550.6792027605698</ele>
				<time>2025-11-15T17:01:56Z</time>
			</trkpt>
			<trkpt lat="35.406710808412264" lon="-83.5997357542066">
				<ele>550.0464785369113</ele>
				<time>2025-11-15T17:01:57Z</time>
			</trkpt>
			<trkpt lat="35.40668330996673" lon="-83.5997452777981">
				<ele>550.1035654880106</ele>
				<time>2025-11-15T17:01:59Z</time>
			</trkpt>
			<trkpt lat="35.40665983497939" lon="-83.59975322817024">
				<ele>550.5251773297787</ele>
				<time>2025-11-15T17:02:00Z</time>
			</trkpt>
			<trkpt lat="35.40662577972815" lon="-83.59975898865433">
				<ele>551.1607771199197</ele>
				<time>2025-11-15T17:02:02Z</time>
			</trkpt>
			<trkpt lat="35.40660242654302" lon="-83.59976284366633">
				<ele>553.0299569573253</ele>
				<time>2025-11-15T17:02:03Z</time>
			</trkpt>
			<trkpt lat="35.406583176976945" lon="-83.59976602129524">
				<ele>553.9006914589554</ele>
				<time>2025-11-15T17:02:04Z</time>
			</trkpt>
			<trkpt lat="35.406564656891035" lon="-83.59976517210595">
				<ele>553.7594609335065</ele>
				<time>2025-11-15T17:02:05Z</time>
			</trkpt>
			<trkpt lat="35.4065381068516" lon="-83.5997616307503">
				<ele>553.3483728691936</ele>
				<time>2025-11-15T17:02:06Z</time>
			</trkpt>
			<trkpt lat="35.4065126375434" lon="-83.59975823355275">
				<ele>552.6404342250898</ele>
				<time>2025-11-15T17:02:07Z</time>
			</trkpt>
			<trkpt lat="35.406485710218" lon="-83.59975464186346">
				<ele>553.9106406262144</ele>
				<time>2025-11-15T17:02:08Z</time>
			</trkpt>
			<trkpt lat="35.406457684819465" lon="-83.59975090370662">
				<ele>554.3233461407945</ele>
				<time>2025-11-15T17:02:09Z</time>
			</trkpt>
			<trkpt lat="35.406431816715084" lon="-83.5997469684604">
				<ele>556.2658112253994</ele>
				<time>2025-11-15T17:02:10Z</time>
			</trkpt>
			<trkpt lat="35.40640544022061" lon="-83.59974196898165">
				<ele>556.3696502810344</ele>
				<time>2025-11-15T17:02:11Z</time>
			</trkpt>
			<trkpt lat="35.40636793615633" lon="-83.59973486036492">
				<ele>556.5674700196832</ele>
				<time>2025-11-15T17:02:12Z</time>
			</trkpt>
			<trkpt lat="35.40633220817656" lon="-83.59972143997865">
				<ele>557.3776491116732</ele>
				<time>2025-11-15T17:02:13Z</time>
			</trkpt>
			<trkpt lat="35.4062992232593" lon="-83.5996970364712">
				<ele>557.1507058162242</ele>
				<time>2025-11-15T17:02:14Z</time>
			</trkpt>
			<trkpt lat="35.40626738323417" lon="-83.59968158357796">
				<ele>558.4109350573272</ele>
				<time>2025-11-15T17:02:15Z</time>
			</trkpt>
			<trkpt lat="35.40622910998204" lon="-83.59966767129418">
				<ele>558.9796845251694</ele>
				<time>2025-11-15T17:02:16Z</time>
			</trkpt>
			<trkpt lat="35.40619842199361" lon="-83.5996526380665">
				<ele>560.3299319539219</ele>
				<time>2025-11-15T17:02:17Z</time>
			</trkpt>
			<trkpt lat="35.40616493507665" lon="-83.59964562506555">
				<ele>560.8865951271728</ele>
				<time>2025-11-15T17:02:18Z</time>
			</trkpt>
			<trkpt lat="35.40613082832875" lon="-83.59963555774337">
				<ele>559.7940021436661</ele>
				<time>2025-11-15T17:02:19Z</time>
			</trkpt>
			<trkpt lat="35.40610839069871" lon="-83.59962695149814">
				<ele>562.0207200879231</ele>
				<time>2025-11-15T17:02:20Z</time>
			</trkpt>
			<trkpt lat="35.40608010912079" lon="-83.59961194862028">
				<ele>560.7351485826075</ele>
				<time>2025-11-15T17:02:21Z</time>
			</trkpt>
			<trkpt lat="35.406041112011074" lon="-83.59959558770146">
				<ele>559.087001782842</ele>
				<time>2025-11-15T17:02:22Z</time>
			</trkpt>
			<trkpt lat="35.40601582465041" lon="-83.59959108123972">
				<ele>559.672436548397</ele>
				<time>2025-11-15T17:02:23Z</time>
			</trkpt>
			<trkpt lat="35.40598402975283" lon="-83.5995727987343">
				<ele>559.0379097359255</ele>
				<time>2025-11-15T17:02:24Z</time>
			</trkpt>
			<trkpt lat="35.40595227214887" lon="-83.59956124962368">
				<ele>558.7141595231369</ele>
				<time>2025-11-15T17:02:25Z</time>
			</trkpt>
			<trkpt lat="35.40592120889821" lon="-83.59954302140773">
				<ele>558.2923377379775</ele>
				<time>2025-11-15T17:02:26Z</time>
			</trkpt>
			<trkpt lat="35.40589397794383" lon="-83.59952395049339">
				<ele>558.0744878267869</ele>
				<time>2025-11-15T17:02:27Z</time>
			</trkpt>
			<trkpt lat="35.40587821308299" lon="-83.59951290979805">
				<ele>557.3694891911</ele>
				<time>2025-11-15T17:02:28Z</time>
			</trkpt>
			<trkpt lat="35.40585136873134" lon="-83.59949410965172">
				<ele>555.8320567952469</ele>
				<time>2025-11-15T17:02:30Z</time>
			</trkpt>
			<trkpt lat="35.40583416921108" lon="-83.59948206411727">
				<ele>557.0363041041419</ele>
				<time>2025-11-15T17:02:31Z</time>
			</trkpt>
			<trkpt lat="35.40580620495469" lon="-83.59946257857754">
				<ele>557.3000804213807</ele>
				<time>2025-11-15T17:02:33Z</time>
			</trkpt>
			<trkpt lat="35.40578447799483" lon="-83.59944749256576">
				<ele>557.9363323757425</ele>
				<time>2025-11-15T17:02:34Z</time>
			</trkpt>
			<trkpt lat="35.40575283488415" lon="-83.59942552134709">
				<ele>558.1756855947897</ele>
				<time>2025-11-15T17:02:36Z</time>
			</trkpt>
			<trkpt lat="35.40573058607708" lon="-83.5994100730069">
				<ele>558.0337511263788</ele>
				<time>2025-11-15T17:02:37Z</time>
			</trkpt>
			<trkpt lat="35.40569344156836" lon="-83.59938428197741">
				<ele>559.2151917107403</ele>
				<time>2025-11-15T17:02:39Z</time>
			</trkpt>
			<trkpt lat="35.40565827290758" lon="-83.59936009700631">
				<ele>560.3496282510459</ele>
				<time>2025-11-15T17:02:41Z</time>
			</trkpt>
			<trkpt lat="35.405621203881616" lon="-83.59933111228142">
				<ele>560.4954854696989</ele>
				<time>2025-11-15T17:02:43Z</time>
			</trkpt>
			<trkpt lat="35.405604865315574" lon="-83.59931833697499">
				<ele>559.3304297383875</ele>
				<time>2025-11-15T17:02:44Z</time>
			</trkpt>
			<trkpt lat="35.405585876882235" lon="-83.59930348975021">
				<ele>560.0249702287838</ele>
				<time>2025-11-15T17:02:45Z</time>
			</trkpt>
			<trkpt lat="35.405570055852046" lon="-83.59928842239817">
				<ele>559.6047193259001</ele>
				<time>2025-11-15T17:02:46Z</time>
			</trkpt>
			<trkpt lat="35.405545919369125" lon="-83.59925939481961">
				<ele>559.2167404843494</ele>
				<time>2025-11-15T17:02:47Z</time>
			</trkpt>
			<trkpt lat="35.40552794340474" lon="-83.59925099271331">
				<ele>558.7750153606758</ele>
				<time>2025-11-15T17:02:48Z</time>
			</trkpt>
			<trkpt lat="35.405505594427126" lon="-83.59921929260064">
				<ele>559.0303697409108</ele>
				<time>2025-11-15T17:02:49Z</time>
			</trkpt>
			<trkpt lat="35.40547702389659" lon="-83.59919419918407">
				<ele>560.5268547134474</ele>
				<time>2025-11-15T17:02:50Z</time>
			</trkpt>
			<trkpt lat="35.405462538126145" lon="-83.59917488440158">
				<ele>561.4879364129156</ele>
				<time>2025-11-15T17:02:51Z</time>
			</trkpt>
			<trkpt lat="35.40543717816761" lon="-83.59916286030848">
				<ele>562.1024537626654</ele>
				<time>2025-11-15T17:02:53Z</time>
			</trkpt>
			<trkpt lat="35.40541280484132" lon="-83.59916552240311">
				<ele>562.9793235380203</ele>
				<time>2025-11-15T17:02:55Z</time>
			</trkpt>
			<trkpt lat="35.40537232848201" lon="-83.59914339782765">
				<ele>563.6642717663199</ele>
				<time>2025-11-15T17:02:57Z</time>
			</trkpt>
			<trkpt lat="35.40534932018493" lon="-83.59912106626287">
				<ele>564.487468495965</ele>
				<time>2025-11-15T17:02:58Z</time>
			</trkpt>
			<trkpt lat="35.40532322605317" lon="-83.59909538760733">
				<ele>565.0348117919639</ele>
				<time>2025-11-15T17:02:59Z</time>
			</trkpt>
			<trkpt lat="35.40529571633238" lon="-83.59907669961922">
				<ele>565.5153632629663</ele>
				<time>2025-11-15T17:03:00Z</time>
			</trkpt>
			<trkpt lat="35.40526533621363" lon="-83.5990570505313">
				<ele>565.079743382521</ele>
				<time>2025-11-15T17:03:01Z</time>
			</trkpt>
			<trkpt lat="35.40524660767585" lon="-83.59904653186102">
				<ele>565.757928612642</ele>
				<time>2025-11-15T17:03:02Z</time>
			</trkpt>
			<trkpt lat="35.40522605297628" lon="-83.59904541226696">
				<ele>565.8377735670656</ele>
				<time>2025-11-15T17:03:03Z</time>
			</trkpt>
			<trkpt lat="35.405201699699234" lon="-83.59904593595525">
				<ele>567.2214431306347</ele>
				<time>2025-11-15T17:03:04Z</time>
			</trkpt>
			<trkpt lat="35.40517515022085" lon="-83.59904263543176">
				<ele>566.3496390311047</ele>
				<time>2025-11-15T17:03:05Z</time>
			</trkpt>
			<trkpt lat="35.40514374829031" lon="-83.59904122107977">
				<ele>567.0353448577225</ele>
				<time>2025-11-15T17:03:06Z</time>
			</trkpt>
			<trkpt lat="35.40511520846097" lon="-83.59903912230239">
				<ele>566.7945397431031</ele>
				<time>2025-11-15T17:03:07Z</time>
			</trkpt>
			<trkpt lat="35.40508740203022" lon="-83.59902990894767">
				<ele>565.7597453407943</ele>
				<time>2025-11-15T17:03:08Z</time>
			</trkpt>
			<trkpt lat="35.40505947150689" lon="-83.59902441910754">
				<ele>565.4402267746627</ele>
				<time>2025-11-15T17:03:09Z</time>
			</trkpt>
			<trkpt lat="35.40503052004793" lon="-83.59901522247331">
				<ele>564.8967437939718</ele>
				<time>2025-11-15T17:03:10Z</time>
			</trkpt>
			<trkpt lat="35.40499715597114" lon="-83.59901092459516">
				<ele>564.7146577984095</ele>
				<time>2025-11-15T17:03:11Z</time>
			</trkpt>
			<trkpt lat="35.40495848121771" lon="-83.59900021884611">
				<ele>565.3467729976401</ele>
				<time>2025-11-15T17:03:12Z</time>
			</trkpt>
			<trkpt lat="35.404928431163334" lon="-83.59898958458731">
				<ele>565.196639124304</ele>
				<time>2025-11-15T17:03:13Z</time>
			</trkpt>
			<trkpt lat="35.4049047220762" lon="-83.59898699803293">
				<ele>565.1740246163681</ele>
				<time>2025-11-15T17:03:14Z</time>
			</trkpt>
			<trkpt lat="35.40487809597333" lon="-83.5989808224257">
				<ele>566.7845090115443</ele>
				<time>2025-11-15T17:03:15Z</time>
			</trkpt>
			<trkpt lat="35.404855068351765" lon="-83.59897065070764">
				<ele>567.152567810379</ele>
				<time>2025-11-15T17:03:16Z</time>
			</trkpt>
			<trkpt lat="35.4048139554946" lon="-83.59895116153051">
				<ele>567.6299860766158</ele>
				<time>2025-11-15T17:03:17Z</time>
			</trkpt>
			<trkpt lat="35.40476561204614" lon="-83.59893523945192">
				<ele>569.1087185749784</ele>
				<time>2025-11-15T17:03:18Z</time>
			</trkpt>
			<trkpt lat="35.40472726253112" lon="-83.5989240681373">
				<ele>568.5747580938041</ele>
				<time>2025-11-15T17:03:19Z</time>
			</trkpt>
			<trkpt lat="35.40470742552258" lon="-83.59890521920005">
				<ele>568.9149008132517</ele>
				<time>2025-11-15T17:03:20Z</time>
			</trkpt>
			<trkpt lat="35.40465983274824" lon="-83.59889823171125">
				<ele>570.1599115990102</ele>
				<time>2025-11-15T17:03:21Z</time>
			</trkpt>
			<trkpt lat="35.40462533213126" lon="-83.59889131423428">
				<ele>571.4730777125806</ele>
				<time>2025-11-15T17:03:22Z</time>
			</trkpt>
			<trkpt lat="35.40459200876729" lon="-83.59887803214696">
				<ele>571.3839870868251</ele>
				<time>2025-11-15T17:03:23Z</time>
			</trkpt>
			<trkpt lat="35.40455804507732" lon="-83.59886936815506">
				<ele>571.6147185955197</ele>
				<time>2025-11-15T17:03:24Z</time>
			</trkpt>
			<trkpt lat="35.40452659569015" lon="-83.5988578982825">
				<ele>570.9415043620393</ele>
				<time>2025-11-15T17:03:25Z</time>
			</trkpt>
			<trkpt lat="35.40449311532311" lon="-83.59885173190008">
				<ele>571.5698116747662</ele>
				<time>2025-11-15T17:03:26Z</time>
			</trkpt>
			<trkpt lat="35.4044637568835" lon="-83.59884396515221">
				<ele>571.2154095927253</ele>
				<time>2025-11-15T17:03:27Z</time>
			</trkpt>
			<trkpt lat="35.40443360067019" lon="-83.59883016572886">
				<ele>570.7164716031402</ele>
				<time>2025-11-15T17:03:28Z</time>
			</trkpt>
			<trkpt lat="35.4044058057216" lon="-83.59881466657622">
				<ele>570.4425135236233</ele>
				<time>2025-11-15T17:03:29Z</time>
			</trkpt>
			<trkpt lat="35.40438553376281" lon="-83.59880411484802">
				<ele>569.8965286565945</ele>
				<time>2025-11-15T17:03:30Z</time>
			</trkpt>
			<trkpt lat="35.404357126830675" lon="-83.59878932875405">
				<ele>567.9173753410578</ele>
				<time>2025-11-15T17:03:31Z</time>
			</trkpt>
			<trkpt lat="35.40431751098329" lon="-83.59876870831064">
				<ele>568.5246286634356</ele>
				<time>2025-11-15T17:03:33Z</time>
			</trkpt>
			<trkpt lat="35.40429181862862" lon="-83.5987553351877">
				<ele>568.0982129657641</ele>
				<time>2025-11-15T17:03:34Z</time>
			</trkpt>
			<trkpt lat="35.40427039043847" lon="-83.59874418161132">
				<ele>568.4654377494007</ele>
				<time>2025-11-15T17:03:35Z</time>
			</trkpt>
			<trkpt lat="35.40424038469549" lon="-83.59872876404188">
				<ele>568.1465006405488</ele>
				<time>2025-11-15T17:03:36Z</time>
			</trkpt>
			<trkpt lat="35.40421366326618" lon="-83.59871423907133">
				<ele>567.3633670760319</ele>
				<time>2025-11-15T17:03:37Z</time>
			</trkpt>
			<trkpt lat="35.40418824020685" lon="-83.59870042011232">
				<ele>566.7817465020344</ele>
				<time>2025-11-15T17:03:38Z</time>
			</trkpt>
			<trkpt lat="35.40416239480486" lon="-83.59868637154392">
				<ele>567.8135497504845</ele>
				<time>2025-11-15T17:03:39Z</time>
			</trkpt>
			<trkpt lat="35.40413114297647" lon="-83.59865899204799">
				<ele>568.4005620665848</ele>
				<time>2025-11-15T17:03:41Z</time>
			</trkpt>
			<trkpt lat="35.40411457599474" lon="-83.59864530417904">
				<ele>567.2212255746126</ele>
				<time>2025-11-15T17:03:42Z</time>
			</trkpt>
			<trkpt lat="35.40408652848212" lon="-83.59861909377697">
				<ele>566.9422700135037</ele>
				<time>2025-11-15T17:03:43Z</time>
			</trkpt>
			<trkpt lat="35.40405308961606" lon="-83.59859240391158">
				<ele>566.9793574847281</ele>
				<time>2025-11-15T17:03:45Z</time>
			</trkpt>
			<trkpt lat="35.40403701197965" lon="-83.59858205446362">
				<ele>567.7696592314169</ele>
				<time>2025-11-15T17:03:46Z</time>
			</trkpt>
			<trkpt lat="35.40401708513822" lon="-83.59857061008267">
				<ele>566.6891605313867</ele>
				<time>2025-11-15T17:03:47Z</time>
			</trkpt>
			<trkpt lat="35.40398629751179" lon="-83.5985566841497">
				<ele>568.2338779885322</ele>
				<time>2025-11-15T17:03:49Z</time>
			</trkpt>
			<trkpt lat="35.40395921396176" lon="-83.5985498793209">
				<ele>569.289891032502</ele>
				<time>2025-11-15T17:03:50Z</time>
			</trkpt>
			<trkpt lat="35.403924627311746" lon="-83.59853893330146">
				<ele>570.6603142414242</ele>
				<time>2025-11-15T17:03:52Z</time>
			</trkpt>
			<trkpt lat="35.403907189963874" lon="-83.59853228033128">
				<ele>570.7061312366277</ele>
				<time>2025-11-15T17:03:53Z</time>
			</trkpt>
			<trkpt lat="35.403873929271846" lon="-83.59851919216618">
				<ele>570.2784153260291</ele>
				<time>2025-11-15T17:03:54Z</time>
			</trkpt>
			<trkpt lat="35.403855500496626" lon="-83.59850805065312">
				<ele>570.156404347159</ele>
				<time>2025-11-15T17:03:55Z</time>
			</trkpt>
			<trkpt lat="35.40382425704401" lon="-83.59849018064304">
				<ele>570.9472572412342</ele>
				<time>2025-11-15T17:03:56Z</time>
			</trkpt>
			<trkpt lat="35.40377392741492" lon="-83.59846175162556">
				<ele>572.6395998913795</ele>
				<time>2025-11-15T17:03:58Z</time>
			</trkpt>
			<trkpt lat="35.403741203921484" lon="-83.5984432675259">
				<ele>575.3647481454536</ele>
				<time>2025-11-15T17:04:00Z</time>
			</trkpt>
			<trkpt lat="35.40371901016468" lon="-83.59843073125865">
				<ele>574.6761889448389</ele>
				<time>2025-11-15T17:04:01Z</time>
			</trkpt>
			<trkpt lat="35.403698185977674" lon="-83.59841896857722">
				<ele>576.1647163154557</ele>
				<time>2025-11-15T17:04:02Z</time>
			</trkpt>
			<trkpt lat="35.403660835596725" lon="-83.59840098132287">
				<ele>575.3233540998772</ele>
				<time>2025-11-15T17:04:03Z</time>
			</trkpt>
			<trkpt lat="35.40361849097099" lon="-83.59838749992213">
				<ele>574.2159354398027</ele>
				<time>2025-11-15T17:04:04Z</time>
			</trkpt>
			<trkpt lat="35.40359226288682" lon="-83.59837914950369">
				<ele>575.8065277347341</ele>
				<time>2025-11-15T17:04:05Z</time>
			</trkpt>
			<trkpt lat="35.40355812537379" lon="-83.59836886878647">
				<ele>576.2452005837113</ele>
				<time>2025-11-15T17:04:06Z</time>
			</trkpt>
			<trkpt lat="35.40352426258336" lon="-83.59836367702043">
				<ele>576.5764951556921</ele>
				<time>2025-11-15T17:04:07Z</time>
			</trkpt>
			<trkpt lat="35.40349534946841" lon="-83.59835885604998">
				<ele>577.7095067929476</ele>
				<time>2025-11-15T17:04:08Z</time>
			</trkpt>
			<trkpt lat="35.40345359486504" lon="-83.59835166728328">
				<ele>577.1829855227843</ele>
				<time>2025-11-15T17:04:09Z</time>
			</trkpt>
			<trkpt lat="35.40343031035111" lon="-83.59834612757992">
				<ele>577.4306737342849</ele>
				<time>2025-11-15T17:04:10Z</time>
			</trkpt>
			<trkpt lat="35.403404178809126" lon="-83.59833991054543">
				<ele>577.6533603100106</ele>
				<time>2025-11-15T17:04:11Z</time>
			</trkpt>
			<trkpt lat="35.403380943717565" lon="-83.59833438261546">
				<ele>577.793147277087</ele>
				<time>2025-11-15T17:04:12Z</time>
			</trkpt>
			<trkpt lat="35.40336031042439" lon="-83.59832947368724">
				<ele>577.6726421006024</ele>
				<time>2025-11-15T17:04:13Z</time>
			</trkpt>
			<trkpt lat="35.4033304284812" lon="-83.59832236439803">
				<ele>576.7672379966825</ele>
				<time>2025-11-15T17:04:14Z</time>
			</trkpt>
			<trkpt lat="35.40329563418631" lon="-83.59831408637882">
				<ele>576.4473131336272</ele>
				<time>2025-11-15T17:04:15Z</time>
			</trkpt>
			<trkpt lat="35.40325991046723" lon="-83.59830558721929">
				<ele>576.4769008355215</ele>
				<time>2025-11-15T17:04:16Z</time>
			</trkpt>
			<trkpt lat="35.40323393074831" lon="-83.59829940633635">
				<ele>576.0765496585518</ele>
				<time>2025-11-15T17:04:17Z</time>
			</trkpt>
			<trkpt lat="35.403207462747844" lon="-83.59829310926185">
				<ele>573.6593359503895</ele>
				<time>2025-11-15T17:04:19Z</time>
			</trkpt>
			<trkpt lat="35.40318175862325" lon="-83.59830297575944">
				<ele>565.6830208934844</ele>
				<time>2025-11-15T17:04:24Z</time>
			</trkpt>
			<trkpt lat="35.40317471904389" lon="-83.59833872902013">
				<ele>564.3410994717851</ele>
				<time>2025-11-15T17:04:26Z</time>
			</trkpt>
			<trkpt lat="35.40318675425382" lon="-83.59836347119833">
				<ele>565.3206812730059</ele>
				<time>2025-11-15T17:04:27Z</time>
			</trkpt>
			<trkpt lat="35.403203296864454" lon="-83.59839003056734">
				<ele>565.6849141111597</ele>
				<time>2025-11-15T17:04:28Z</time>
			</trkpt>
			<trkpt lat="35.403227171211086" lon="-83.59848820029424">
				<ele>567.8053632667288</ele>
				<time>2025-11-15T17:04:30Z</time>
			</trkpt>
			<trkpt lat="35.40323103518816" lon="-83.59851996064013">
				<ele>567.6976578552276</ele>
				<time>2025-11-15T17:04:32Z</time>
			</trkpt>
			<trkpt lat="35.40323829694157" lon="-83.59855747591982">
				<ele>567.9394609974697</ele>
				<time>2025-11-15T17:04:33Z</time>
			</trkpt>
			<trkpt lat="35.403244649720484" lon="-83.59858792647621">
				<ele>567.9040489634499</ele>
				<time>2025-11-15T17:04:34Z</time>
			</trkpt>
			<trkpt lat="35.40325015178695" lon="-83.59861735540606">
				<ele>567.58187802881</ele>
				<time>2025-11-15T17:04:35Z</time>
			</trkpt>
			<trkpt lat="35.40324165804816" lon="-83.59865286355625">
				<ele>566.4247368425131</ele>
				<time>2025-11-15T17:04:36Z</time>
			</trkpt>
			<trkpt lat="35.40323186170976" lon="-83.59867940926935">
				<ele>565.6616198448464</ele>
				<time>2025-11-15T17:04:37Z</time>
			</trkpt>
			<trkpt lat="35.40324547000575" lon="-83.59870630194379">
				<ele>564.6837322749197</ele>
				<time>2025-11-15T17:04:38Z</time>
			</trkpt>
			<trkpt lat="35.40325935012403" lon="-83.59872753560767">
				<ele>565.5566591024399</ele>
				<time>2025-11-15T17:04:39Z</time>
			</trkpt>
			<trkpt lat="35.403278735606115" lon="-83.59874366592187">
				<ele>564.7578256484121</ele>
				<time>2025-11-15T17:04:40Z</time>
			</trkpt>
			<trkpt lat="35.40330069164979" lon="-83.59874926172235">
				<ele>566.0410453146324</ele>
				<time>2025-11-15T17:04:41Z</time>
			</trkpt>
			<trkpt lat="35.40331936022958" lon="-83.59876426463262">
				<ele>565.6263455487788</ele>
				<time>2025-11-15T17:04:43Z</time>
			</trkpt>
			<trkpt lat="35.40333084632417" lon="-83.59880180932942">
				<ele>565.4407020891085</ele>
				<time>2025-11-15T17:04:45Z</time>
			</trkpt>
			<trkpt lat="35.40336484189929" lon="-83.59885092727846">
				<ele>564.9069212283939</ele>
				<time>2025-11-15T17:04:46Z</time>
			</trkpt>
			<trkpt lat="35.40339304585043" lon="-83.59886751038285">
				<ele>564.9417709931731</ele>
				<time>2025-11-15T17:04:47Z</time>
			</trkpt>
			<trkpt lat="35.4034254648788" lon="-83.59887068179302">
				<ele>565.2069692825899</ele>
				<time>2025-11-15T17:04:48Z</time>
			</trkpt>
			<trkpt lat="35.40353341821267" lon="-83.59887592055601">
				<ele>565.1086867032573</ele>
				<time>2025-11-15T17:04:49Z</time>
			</trkpt>
			<trkpt lat="35.40356841121147" lon="-83.59889071344865">
				<ele>566.0952884843573</ele>
				<time>2025-11-15T17:04:50Z</time>
			</trkpt>
			<trkpt lat="35.40360069583564" lon="-83.59890553011086">
				<ele>566.0065863505006</ele>
				<time>2025-11-15T17:04:51Z</time>
			</trkpt>
			<trkpt lat="35.403635546372286" lon="-83.59892082735489">
				<ele>565.288290867582</ele>
				<time>2025-11-15T17:04:52Z</time>
			</trkpt>
			<trkpt lat="35.40370133802929" lon="-83.59893543270518">
				<ele>564.572786022909</ele>
				<time>2025-11-15T17:04:53Z</time>
			</trkpt>
			<trkpt lat="35.40376323473404" lon="-83.5989503221351">
				<ele>563.9417318273336</ele>
				<time>2025-11-15T17:04:54Z</time>
			</trkpt>
			<trkpt lat="35.403818104303795" lon="-83.59896568084106">
				<ele>566.0113673591986</ele>
				<time>2025-11-15T17:04:55Z</time>
			</trkpt>
			<trkpt lat="35.40387620863917" lon="-83.59898194493383">
				<ele>566.7854705145583</ele>
				<time>2025-11-15T17:04:56Z</time>
			</trkpt>
			<trkpt lat="35.403914107085235" lon="-83.59899255318007">
				<ele>568.1431400561705</ele>
				<time>2025-11-15T17:04:57Z</time>
			</trkpt>
			<trkpt lat="35.40393537551956" lon="-83.59899850648114">
				<ele>568.1816006107256</ele>
				<time>2025-11-15T17:04:58Z</time>
			</trkpt>
			<trkpt lat="35.40399786869241" lon="-83.59901596733687">
				<ele>570.2528603663668</ele>
				<time>2025-11-15T17:04:59Z</time>
			</trkpt>
			<trkpt lat="35.40404167871402" lon="-83.59902804897713">
				<ele>569.5495467195287</ele>
				<time>2025-11-15T17:05:00Z</time>
			</trkpt>
			<trkpt lat="35.404075559812604" lon="-83.59903773495506">
				<ele>567.6104439217597</ele>
				<time>2025-11-15T17:05:01Z</time>
			</trkpt>
			<trkpt lat="35.40411610110029" lon="-83.59905088291234">
				<ele>567.0456946473569</ele>
				<time>2025-11-15T17:05:02Z</time>
			</trkpt>
			<trkpt lat="35.40416006735612" lon="-83.59906514163129">
				<ele>566.306771996431</ele>
				<time>2025-11-15T17:05:03Z</time>
			</trkpt>
			<trkpt lat="35.404198851966854" lon="-83.59907771982544">
				<ele>565.4171423027292</ele>
				<time>2025-11-15T17:05:04Z</time>
			</trkpt>
			<trkpt lat="35.404240820791294" lon="-83.59909133076793">
				<ele>564.5350852524862</ele>
				<time>2025-11-15T17:05:05Z</time>
			</trkpt>
			<trkpt lat="35.40427988046827" lon="-83.59910669489439">
				<ele>564.6867790799588</ele>
				<time>2025-11-15T17:05:06Z</time>
			</trkpt>
			<trkpt lat="35.40432333311023" lon="-83.59911809030605">
				<ele>563.9229654995725</ele>
				<time>2025-11-15T17:05:07Z</time>
			</trkpt>
			<trkpt lat="35.404381916359014" lon="-83.59913708946746">
				<ele>563.2290804320946</ele>
				<time>2025-11-15T17:05:08Z</time>
			</trkpt>
			<trkpt lat="35.40442459126529" lon="-83.59915092933157">
				<ele>560.3388234283775</ele>
				<time>2025-11-15T17:05:09Z</time>
			</trkpt>
			<trkpt lat="35.404457779244616" lon="-83.59916169260003">
				<ele>559.8278284827247</ele>
				<time>2025-11-15T17:05:10Z</time>
			</trkpt>
			<trkpt lat="35.40447680279377" lon="-83.59916898733319">
				<ele>559.8565989015624</ele>
				<time>2025-11-15T17:05:11Z</time>
			</trkpt>
			<trkpt lat="35.40451552730839" lon="-83.59918319847313">
				<ele>559.3369063502178</ele>
				<time>2025-11-15T17:05:12Z</time>
			</trkpt>
			<trkpt lat="35.404578089307755" lon="-83.59920892678163">
				<ele>558.5272999862209</ele>
				<time>2025-11-15T17:05:13Z</time>
			</trkpt>
			<trkpt lat="35.40464411700238" lon="-83.59923628618465">
				<ele>558.6079264944419</ele>
				<time>2025-11-15T17:05:14Z</time>
			</trkpt>
			<trkpt lat="35.40470215611283" lon="-83.59927232911252">
				<ele>558.8840413531289</ele>
				<time>2025-11-15T17:05:15Z</time>
			</trkpt>
			<trkpt lat="35.404756215689076" lon="-83.59931362998216">
				<ele>558.2483290107921</ele>
				<time>2025-11-15T17:05:16Z</time>
			</trkpt>
			<trkpt lat="35.40481007220798" lon="-83.59935815847179">
				<ele>557.2306423215196</ele>
				<time>2025-11-15T17:05:17Z</time>
			</trkpt>
			<trkpt lat="35.40486968824735" lon="-83.59938532504232">
				<ele>557.4536536261439</ele>
				<time>2025-11-15T17:05:18Z</time>
			</trkpt>
			<trkpt lat="35.40494086758889" lon="-83.59941354370056">
				<ele>558.3246715776622</ele>
				<time>2025-11-15T17:05:19Z</time>
			</trkpt>
			<trkpt lat="35.40500539752689" lon="-83.59944366824116">
				<ele>558.4293612008914</ele>
				<time>2025-11-15T17:05:20Z</time>
			</trkpt>
			<trkpt lat="35.40506006127283" lon="-83.59947869836539">
				<ele>557.9502572240308</ele>
				<time>2025-11-15T17:05:21Z</time>
			</trkpt>
			<trkpt lat="35.405084601635465" lon="-83.59950820111561">
				<ele>557.3401521490887</ele>
				<time>2025-11-15T17:05:22Z</time>
			</trkpt>
			<trkpt lat="35.40511263503482" lon="-83.59954085358204">
				<ele>557.5270960619673</ele>
				<time>2025-11-15T17:05:23Z</time>
			</trkpt>
			<trkpt lat="35.405143525491845" lon="-83.59956620387304">
				<ele>557.1085181664675</ele>
				<time>2025-11-15T17:05:24Z</time>
			</trkpt>
			<trkpt lat="35.40516326202376" lon="-83.59959312335731">
				<ele>556.8764943759888</ele>
				<time>2025-11-15T17:05:25Z</time>
			</trkpt>
			<trkpt lat="35.40517611675019" lon="-83.59963523128047">
				<ele>555.4893369618803</ele>
				<time>2025-11-15T17:05:26Z</time>
			</trkpt>
			<trkpt lat="35.405175898631605" lon="-83.59966673604836">
				<ele>554.7773087210953</ele>
				<time>2025-11-15T17:05:27Z</time>
			</trkpt>
			<trkpt lat="35.405176998321245" lon="-83.599694368489">
				<ele>553.3840363947675</ele>
				<time>2025-11-15T17:05:28Z</time>
			</trkpt>
			<trkpt lat="35.405183517035624" lon="-83.59973478123871">
				<ele>551.9194115698338</ele>
				<time>2025-11-15T17:05:30Z</time>
			</trkpt>
			<trkpt lat="35.40518385967263" lon="-83.59975889621168">
				<ele>550.5854237414896</ele>
				<time>2025-11-15T17:05:31Z</time>
			</trkpt>
			<trkpt lat="35.40517566658266" lon="-83.59978979463226">
				<ele>549.239235850051</ele>
				<time>2025-11-15T17:05:32Z</time>
			</trkpt>
			<trkpt lat="35.40516776891609" lon="-83.59981957858736">
				<ele>547.8203317569569</ele>
				<time>2025-11-15T17:05:33Z</time>
			</trkpt>
			<trkpt lat="35.40515356975193" lon="-83.59985392330881">
				<ele>545.8546077059582</ele>
				<time>2025-11-15T17:05:35Z</time>
			</trkpt>
			<trkpt lat="35.40515747882401" lon="-83.59989662234601">
				<ele>546.2739284299314</ele>
				<time>2025-11-15T17:05:37Z</time>
			</trkpt>
			<trkpt lat="35.40516748626216" lon="-83.59993923575404">
				<ele>548.0792845655233</ele>
				<time>2025-11-15T17:05:39Z</time>
			</trkpt>
			<trkpt lat="35.405170865840546" lon="-83.5999707918578">
				<ele>548.5907096648589</ele>
				<time>2025-11-15T17:05:40Z</time>
			</trkpt>
			<trkpt lat="35.40517425708659" lon="-83.60000507515804">
				<ele>547.4360185805708</ele>
				<time>2025-11-15T17:05:41Z</time>
			</trkpt>
			<trkpt lat="35.40518129952144" lon="-83.60003226531113">
				<ele>549.1466957628727</ele>
				<time>2025-11-15T17:05:42Z</time>
			</trkpt>
			<trkpt lat="35.40518932359283" lon="-83.60006605600046">
				<ele>548.237932825461</ele>
				<time>2025-11-15T17:05:43Z</time>
			</trkpt>
			<trkpt lat="35.40519812083577" lon="-83.60009410421617">
				<ele>548.2987899370492</ele>
				<time>2025-11-15T17:05:44Z</time>
			</trkpt>
			<trkpt lat="35.40521279910859" lon="-83.60013324372876">
				<ele>548.4029767820612</ele>
				<time>2025-11-15T17:05:45Z</time>
			</trkpt>
			<trkpt lat="35.40520925838441" lon="-83.60016005199638">
				<ele>548.2874731812626</ele>
				<time>2025-11-15T17:05:46Z</time>
			</trkpt>
			<trkpt lat="35.40520182260597" lon="-83.60018461816055">
				<ele>548.0792463840917</ele>
				<time>2025-11-15T17:05:47Z</time>
			</trkpt>
			<trkpt lat="35.40519435624781" lon="-83.60020680686988">
				<ele>549.2895340351388</ele>
				<time>2025-11-15T17:05:48Z</time>
			</trkpt>
			<trkpt lat="35.40518742976295" lon="-83.60023018668062">
				<ele>549.9764862461016</ele>
				<time>2025-11-15T17:05:49Z</time>
			</trkpt>
			<trkpt lat="35.405174364662734" lon="-83.60025080478152">
				<ele>548.8403174607083</ele>
				<time>2025-11-15T17:05:50Z</time>
			</trkpt>
			<trkpt lat="35.40516830383959" lon="-83.60027673627015">
				<ele>549.964360287413</ele>
				<time>2025-11-15T17:05:51Z</time>
			</trkpt>
			<trkpt lat="35.40515572186282" lon="-83.60030427952249">
				<ele>549.7773435348645</ele>
				<time>2025-11-15T17:05:52Z</time>
			</trkpt>
			<trkpt lat="35.40515020265394" lon="-83.60032552533112">
				<ele>551.2335801776499</ele>
				<time>2025-11-15T17:05:53Z</time>
			</trkpt>
			<trkpt lat="35.40514567308584" lon="-83.600348694105">
				<ele>552.1426884820685</ele>
				<time>2025-11-15T17:05:54Z</time>
			</trkpt>
			<trkpt lat="35.40513409476874" lon="-83.60037848649256">
				<ele>551.8379484238103</ele>
				<time>2025-11-15T17:05:55Z</time>
			</trkpt>
			<trkpt lat="35.40512808947011" lon="-83.60040160838247">
				<ele>552.6746142646298</ele>
				<time>2025-11-15T17:05:56Z</time>
			</trkpt>
			<trkpt lat="35.40511198054736" lon="-83.60044872292238">
				<ele>553.6308197947219</ele>
				<time>2025-11-15T17:05:58Z</time>
			</trkpt>
			<trkpt lat="35.4051025351344" lon="-83.60047421339597">
				<ele>553.6268027266487</ele>
				<time>2025-11-15T17:05:59Z</time>
			</trkpt>
			<trkpt lat="35.405091973298006" lon="-83.60050042223769">
				<ele>554.1558089591563</ele>
				<time>2025-11-15T17:06:00Z</time>
			</trkpt>
			<trkpt lat="35.40508031891194" lon="-83.60052101491459">
				<ele>555.2390908217058</ele>
				<time>2025-11-15T17:06:01Z</time>
			</trkpt>
			<trkpt lat="35.40506462037267" lon="-83.60053974318397">
				<ele>554.2814167076722</ele>
				<time>2025-11-15T17:06:02Z</time>
			</trkpt>
			<trkpt lat="35.40505234038676" lon="-83.6005574330057">
				<ele>553.8830686127767</ele>
				<time>2025-11-15T17:06:03Z</time>
			</trkpt>
			<trkpt lat="35.4050343430859" lon="-83.60056994080007">
				<ele>554.6329037547112</ele>
				<time>2025-11-15T17:06:04Z</time>
			</trkpt>
			<trkpt lat="35.405016265476995" lon="-83.6005847045577">
				<ele>554.3529308177531</ele>
				<time>2025-11-15T17:06:05Z</time>
			</trkpt>
			<trkpt lat="35.40499826566911" lon="-83.60060242724506">
				<ele>554.8818552754819</ele>
				<time>2025-11-15T17:06:06Z</time>
			</trkpt>
			<trkpt lat="35.40498194942274" lon="-83.60062137783949">
				<ele>554.3311500670388</ele>
				<time>2025-11-15T17:06:07Z</time>
			</trkpt>
			<trkpt lat="35.40496867087279" lon="-83.60064463681152">
				<ele>554.9786965083331</ele>
				<time>2025-11-15T17:06:08Z</time>
			</trkpt>
			<trkpt lat="35.40495502942447" lon="-83.60066745863425">
				<ele>555.1430411664769</ele>
				<time>2025-11-15T17:06:09Z</time>
			</trkpt>
			<trkpt lat="35.404940774538076" lon="-83.60068659376455">
				<ele>556.1453112643212</ele>
				<time>2025-11-15T17:06:10Z</time>
			</trkpt>
			<trkpt lat="35.40493172782592" lon="-83.60071412985843">
				<ele>556.4516709130257</ele>
				<time>2025-11-15T17:06:11Z</time>
			</trkpt>
			<trkpt lat="35.40492691247547" lon="-83.60074176280146">
				<ele>557.1034940583631</ele>
				<time>2025-11-15T17:06:12Z</time>
			</trkpt>
			<trkpt lat="35.40491595923334" lon="-83.60076956414193">
				<ele>556.140871796757</ele>
				<time>2025-11-15T17:06:13Z</time>
			</trkpt>
			<trkpt lat="35.40489878957839" lon="-83.60078819202627">
				<ele>555.3311151955277</ele>
				<time>2025-11-15T17:06:14Z</time>
			</trkpt>
			<trkpt lat="35.40487341581748" lon="-83.60080952829162">
				<ele>554.4475074885413</ele>
				<time>2025-11-15T17:06:15Z</time>
			</trkpt>
			<trkpt lat="35.404852094822296" lon="-83.60082751358394">
				<ele>553.7413197010756</ele>
				<time>2025-11-15T17:06:16Z</time>
			</trkpt>
			<trkpt lat="35.40483851402594" lon="-83.60084211472424">
				<ele>555.3642078284174</ele>
				<time>2025-11-15T17:06:17Z</time>
			</trkpt>
			<trkpt lat="35.40482457577768" lon="-83.60081577008326">
				<ele>555.4413830339909</ele>
				<time>2025-11-15T17:06:24Z</time>
			</trkpt>
			<trkpt lat="35.404833359157614" lon="-83.60078351058883">
				<ele>554.106166921556</ele>
				<time>2025-11-15T17:06:28Z</time>
			</trkpt>
			<trkpt lat="35.40484722303132" lon="-83.60075902139427">
				<ele>554.635905649513</ele>
				<time>2025-11-15T17:06:29Z</time>
			</trkpt>
			<trkpt lat="35.404879905473166" lon="-83.60072256845032">
				<ele>555.7696466259658</ele>
				<time>2025-11-15T17:06:31Z</time>
			</trkpt>
			<trkpt lat="35.404919791869126" lon="-83.60068244642366">
				<ele>556.1584811126813</ele>
				<time>2025-11-15T17:06:33Z</time>
			</trkpt>
			<trkpt lat="35.40493640334571" lon="-83.60067234914615">
				<ele>556.0304993642494</ele>
				<time>2025-11-15T17:06:34Z</time>
			</trkpt>
			<trkpt lat="35.404972536508645" lon="-83.60062700074693">
				<ele>555.4228734457865</ele>
				<time>2025-11-15T17:06:35Z</time>
			</trkpt>
			<trkpt lat="35.40503439028788" lon="-83.60060191622173">
				<ele>553.527007763274</ele>
				<time>2025-11-15T17:06:37Z</time>
			</trkpt>
			<trkpt lat="35.40506401053408" lon="-83.60059934899522">
				<ele>553.4808923201635</ele>
				<time>2025-11-15T17:06:38Z</time>
			</trkpt>
			<trkpt lat="35.405092434214474" lon="-83.60061325714894">
				<ele>552.2863987730816</ele>
				<time>2025-11-15T17:06:39Z</time>
			</trkpt>
			<trkpt lat="35.405124127057235" lon="-83.60060714802057">
				<ele>551.2746111247689</ele>
				<time>2025-11-15T17:06:40Z</time>
			</trkpt>
			<trkpt lat="35.40511057590719" lon="-83.60057939689966">
				<ele>550.7687143571675</ele>
				<time>2025-11-15T17:06:42Z</time>
			</trkpt>
			<trkpt lat="35.40511465514539" lon="-83.6005417285502">
				<ele>552.7826125975698</ele>
				<time>2025-11-15T17:06:45Z</time>
			</trkpt>
			<trkpt lat="35.405125603803555" lon="-83.60051919017586">
				<ele>552.3521805955097</ele>
				<time>2025-11-15T17:06:46Z</time>
			</trkpt>
			<trkpt lat="35.40514694982319" lon="-83.60048738798837">
				<ele>552.4357681646943</ele>
				<time>2025-11-15T17:06:47Z</time>
			</trkpt>
			<trkpt lat="35.40518206280582" lon="-83.60045013276482">
				<ele>552.5525918267667</ele>
				<time>2025-11-15T17:06:48Z</time>
			</trkpt>
			<trkpt lat="35.405207801161" lon="-83.60041750700975">
				<ele>552.3425026955083</ele>
				<time>2025-11-15T17:06:49Z</time>
			</trkpt>
			<trkpt lat="35.405233179603655" lon="-83.60038160732687">
				<ele>551.2652557240799</ele>
				<time>2025-11-15T17:06:50Z</time>
			</trkpt>
			<trkpt lat="35.40525448600793" lon="-83.60034066853468">
				<ele>550.7946773888543</ele>
				<time>2025-11-15T17:06:51Z</time>
			</trkpt>
			<trkpt lat="35.40527988857891" lon="-83.60027424332782">
				<ele>550.922845305875</ele>
				<time>2025-11-15T17:06:52Z</time>
			</trkpt>
			<trkpt lat="35.40530663597659" lon="-83.60025306638667">
				<ele>551.5097591821104</ele>
				<time>2025-11-15T17:06:53Z</time>
			</trkpt>
			<trkpt lat="35.405327302005965" lon="-83.60023565864932">
				<ele>549.5681979814544</ele>
				<time>2025-11-15T17:06:54Z</time>
			</trkpt>
			<trkpt lat="35.40535202698314" lon="-83.60021359762234">
				<ele>548.8985172715038</ele>
				<time>2025-11-15T17:06:55Z</time>
			</trkpt>
			<trkpt lat="35.405381950352705" lon="-83.6001855456989">
				<ele>548.7709909081459</ele>
				<time>2025-11-15T17:06:56Z</time>
			</trkpt>
			<trkpt lat="35.405409619945935" lon="-83.60016230106012">
				<ele>547.6660042973235</ele>
				<time>2025-11-15T17:06:57Z</time>
			</trkpt>
			<trkpt lat="35.4054364358586" lon="-83.60014938252152">
				<ele>547.5330150583759</ele>
				<time>2025-11-15T17:06:58Z</time>
			</trkpt>
			<trkpt lat="35.40548870281469" lon="-83.6001387506124">
				<ele>547.7112237941474</ele>
				<time>2025-11-15T17:06:59Z</time>
			</trkpt>
			<trkpt lat="35.405545484812215" lon="-83.60012054038434">
				<ele>549.1985674016178</ele>
				<time>2025-11-15T17:07:00Z</time>
			</trkpt>
			<trkpt lat="35.40559325940646" lon="-83.60009973158076">
				<ele>551.1611489905044</ele>
				<time>2025-11-15T17:07:01Z</time>
			</trkpt>
			<trkpt lat="35.40564465231497" lon="-83.60008720500872">
				<ele>552.5183450616896</ele>
				<time>2025-11-15T17:07:02Z</time>
			</trkpt>
			<trkpt lat="35.40570644550989" lon="-83.60007980663592">
				<ele>553.2795724906027</ele>
				<time>2025-11-15T17:07:03Z</time>
			</trkpt>
			<trkpt lat="35.405759155442894" lon="-83.60008645169765">
				<ele>553.3445805227384</ele>
				<time>2025-11-15T17:07:04Z</time>
			</trkpt>
			<trkpt lat="35.40581610183674" lon="-83.60008187549991">
				<ele>553.7826240835711</ele>
				<time>2025-11-15T17:07:05Z</time>
			</trkpt>
			<trkpt lat="35.405870383293234" lon="-83.60008113360507">
				<ele>553.9580418067053</ele>
				<time>2025-11-15T17:07:06Z</time>
			</trkpt>
			<trkpt lat="35.405920784812295" lon="-83.6000815971793">
				<ele>554.5002998346463</ele>
				<time>2025-11-15T17:07:07Z</time>
			</trkpt>
			<trkpt lat="35.405959534152586" lon="-83.6000980426474">
				<ele>555.3003102345392</ele>
				<time>2025-11-15T17:07:08Z</time>
			</trkpt>
			<trkpt lat="35.40599992407359" lon="-83.60012067356992">
				<ele>555.4613923057914</ele>
				<time>2025-11-15T17:07:09Z</time>
			</trkpt>
			<trkpt lat="35.40603514733115" lon="-83.60012788023663">
				<ele>555.8475283626467</ele>
				<time>2025-11-15T17:07:10Z</time>
			</trkpt>
			<trkpt lat="35.40607787389595" lon="-83.60013900582113">
				<ele>557.1791320517659</ele>
				<time>2025-11-15T17:07:11Z</time>
			</trkpt>
			<trkpt lat="35.406116553553424" lon="-83.60014514060339">
				<ele>557.8674789527431</ele>
				<time>2025-11-15T17:07:12Z</time>
			</trkpt>
			<trkpt lat="35.40615684647243" lon="-83.60014654865046">
				<ele>558.7415493307635</ele>
				<time>2025-11-15T17:07:13Z</time>
			</trkpt>
			<trkpt lat="35.4061897627099" lon="-83.60014878222748">
				<ele>558.8148758914322</ele>
				<time>2025-11-15T17:07:14Z</time>
			</trkpt>
			<trkpt lat="35.40622031532434" lon="-83.60015707022784">
				<ele>557.7766147181392</ele>
				<time>2025-11-15T17:07:15Z</time>
			</trkpt>
			<trkpt lat="35.40624833572751" lon="-83.60016467133268">
				<ele>558.6401609741151</ele>
				<time>2025-11-15T17:07:16Z</time>
			</trkpt>
			<trkpt lat="35.406289099362894" lon="-83.60017572927849">
				<ele>558.2081311605871</ele>
				<time>2025-11-15T17:07:17Z</time>
			</trkpt>
			<trkpt lat="35.4063490825384" lon="-83.60019100862144">
				<ele>557.1853798739612</ele>
				<time>2025-11-15T17:07:18Z</time>
			</trkpt>
			<trkpt lat="35.406382295162615" lon="-83.60019944084364">
				<ele>557.1395148038864</ele>
				<time>2025-11-15T17:07:19Z</time>
			</trkpt>
			<trkpt lat="35.406401706753755" lon="-83.60020436918369">
				<ele>557.2374289026484</ele>
				<time>2025-11-15T17:07:20Z</time>
			</trkpt>
			<trkpt lat="35.40642269207475" lon="-83.60020969705253">
				<ele>556.8383215786889</ele>
				<time>2025-11-15T17:07:21Z</time>
			</trkpt>
			<trkpt lat="35.40644834271875" lon="-83.60021620938599">
				<ele>557.0055012246594</ele>
				<time>2025-11-15T17:07:22Z</time>
			</trkpt>
			<trkpt lat="35.40648538289262" lon="-83.60022561338212">
				<ele>556.6462604543194</ele>
				<time>2025-11-15T17:07:23Z</time>
			</trkpt>
			<trkpt lat="35.40650791697832" lon="-83.60023133447538">
				<ele>556.5369652062654</ele>
				<time>2025-11-15T17:07:24Z</time>
			</trkpt>
			<trkpt lat="35.40655657673672" lon="-83.60024368849037">
				<ele>556.4418466286734</ele>
				<time>2025-11-15T17:07:25Z</time>
			</trkpt>
			<trkpt lat="35.40660594932694" lon="-83.60025622346471">
				<ele>556.4026288492605</ele>
				<time>2025-11-15T17:07:27Z</time>
			</trkpt>
			<trkpt lat="35.40665255631187" lon="-83.60026805636835">
				<ele>556.0798247847706</ele>
				<time>2025-11-15T17:07:29Z</time>
			</trkpt>
			<trkpt lat="35.40668574047028" lon="-83.60027648133862">
				<ele>555.4442612240091</ele>
				<time>2025-11-15T17:07:30Z</time>
			</trkpt>
			<trkpt lat="35.406716235121124" lon="-83.60028422353638">
				<ele>555.4426780045033</ele>
				<time>2025-11-15T17:07:31Z</time>
			</trkpt>
			<trkpt lat="35.406762235280326" lon="-83.60028865994809">
				<ele>555.5679115615785</ele>
				<time>2025-11-15T17:07:32Z</time>
			</trkpt>
			<trkpt lat="35.4067986890311" lon="-83.6002892833508">
				<ele>555.2309801867232</ele>
				<time>2025-11-15T17:07:33Z</time>
			</trkpt>
			<trkpt lat="35.406839863961544" lon="-83.6002899874903">
				<ele>554.4920770265162</ele>
				<time>2025-11-15T17:07:34Z</time>
			</trkpt>
			<trkpt lat="35.406897264348466" lon="-83.60020645067885">
				<ele>553.918369224295</ele>
				<time>2025-11-15T17:07:35Z</time>
			</trkpt>
			<trkpt lat="35.40696994815479" lon="-83.60020991143966">
				<ele>552.7390469685197</ele>
				<time>2025-11-15T17:07:36Z</time>
			</trkpt>
			<trkpt lat="35.40702207817068" lon="-83.60022783392635">
				<ele>552.4473178805783</ele>
				<time>2025-11-15T17:07:37Z</time>
			</trkpt>
			<trkpt lat="35.40708167145937" lon="-83.6002604835039">
				<ele>552.0424035470933</ele>
				<time>2025-11-15T17:07:38Z</time>
			</trkpt>
			<trkpt lat="35.40713907003084" lon="-83.60029397394506">
				<ele>554.1314727589488</ele>
				<time>2025-11-15T17:07:39Z</time>
			</trkpt>
			<trkpt lat="35.40717163856023" lon="-83.60033945283813">
				<ele>553.4586155414581</ele>
				<time>2025-11-15T17:07:40Z</time>
			</trkpt>
			<trkpt lat="35.40720933365774" lon="-83.60037810152176">
				<ele>552.7613606611267</ele>
				<time>2025-11-15T17:07:41Z</time>
			</trkpt>
			<trkpt lat="35.40724774487515" lon="-83.6004169904528">
				<ele>553.4025246659294</ele>
				<time>2025-11-15T17:07:42Z</time>
			</trkpt>
			<trkpt lat="35.40727760813721" lon="-83.6004574282402">
				<ele>553.4645308526233</ele>
				<time>2025-11-15T17:07:43Z</time>
			</trkpt>
			<trkpt lat="35.407319471958154" lon="-83.60048496527685">
				<ele>553.2577831335366</ele>
				<time>2025-11-15T17:07:44Z</time>
			</trkpt>
			<trkpt lat="35.4073441983996" lon="-83.6005122677482">
				<ele>554.1482813768089</ele>
				<time>2025-11-15T17:07:45Z</time>
			</trkpt>
			<trkpt lat="35.407373497624626" lon="-83.60052026090823">
				<ele>555.2784340698272</ele>
				<time>2025-11-15T17:07:46Z</time>
			</trkpt>
			<trkpt lat="35.40740129571848" lon="-83.60054013916981">
				<ele>554.0734569774941</ele>
				<time>2025-11-15T17:07:47Z</time>
			</trkpt>
			<trkpt lat="35.407445294964745" lon="-83.600560466732">
				<ele>553.7708951970562</ele>
				<time>2025-11-15T17:07:48Z</time>
			</trkpt>
			<trkpt lat="35.40747899410587" lon="-83.60057926792516">
				<ele>552.2006048057228</ele>
				<time>2025-11-15T17:07:49Z</time>
			</trkpt>
			<trkpt lat="35.4075092190304" lon="-83.6005828364439">
				<ele>553.2270707599819</ele>
				<time>2025-11-15T17:07:50Z</time>
			</trkpt>
			<trkpt lat="35.4075436070368" lon="-83.60059692322568">
				<ele>552.736352596432</ele>
				<time>2025-11-15T17:07:51Z</time>
			</trkpt>
			<trkpt lat="35.40756928247009" lon="-83.60062334249433">
				<ele>551.8176670093089</ele>
				<time>2025-11-15T17:07:52Z</time>
			</trkpt>
			<trkpt lat="35.407595601164815" lon="-83.6006458732115">
				<ele>551.8490956556052</ele>
				<time>2025-11-15T17:07:53Z</time>
			</trkpt>
			<trkpt lat="35.407613030803056" lon="-83.60067463938832">
				<ele>548.95055178646</ele>
				<time>2025-11-15T17:07:55Z</time>
			</trkpt>
			<trkpt lat="35.407619813981036" lon="-83.60065205051598">
				<ele>544.9901898941025</ele>
				<time>2025-11-15T17:08:04Z</time>
			</trkpt>
			<trkpt lat="35.40763962116264" lon="-83.60062812909656">
				<ele>545.2252995092422</ele>
				<time>2025-11-15T17:08:05Z</time>
			</trkpt>
			<trkpt lat="35.40767014013871" lon="-83.60058760022818">
				<ele>545.519580822438</ele>
				<time>2025-11-15T17:08:07Z</time>
			</trkpt>
			<trkpt lat="35.40770344803196" lon="-83.60056303773206">
				<ele>547.0550129869953</ele>
				<time>2025-11-15T17:08:09Z</time>
			</trkpt>
			<trkpt lat="35.407727076693114" lon="-83.60055216275379">
				<ele>546.9350747456774</ele>
				<time>2025-11-15T17:08:10Z</time>
			</trkpt>
			<trkpt lat="35.40775318034622" lon="-83.60054116082797">
				<ele>547.4794301278889</ele>
				<time>2025-11-15T17:08:11Z</time>
			</trkpt>
			<trkpt lat="35.40779300877001" lon="-83.60053294173866">
				<ele>547.0629634540528</ele>
				<time>2025-11-15T17:08:12Z</time>
			</trkpt>
			<trkpt lat="35.40784371253568" lon="-83.60052755828472">
				<ele>546.9418609570712</ele>
				<time>2025-11-15T17:08:13Z</time>
			</trkpt>
			<trkpt lat="35.40787716511332" lon="-83.60052867760962">
				<ele>546.8594238460064</ele>
				<time>2025-11-15T17:08:14Z</time>
			</trkpt>
			<trkpt lat="35.40791921155894" lon="-83.60053365450723">
				<ele>546.3215206740424</ele>
				<time>2025-11-15T17:08:15Z</time>
			</trkpt>
			<trkpt lat="35.407969147991885" lon="-83.60054260264832">
				<ele>545.6000603577122</ele>
				<time>2025-11-15T17:08:16Z</time>
			</trkpt>
			<trkpt lat="35.40802814620482" lon="-83.6005478715624">
				<ele>545.2802468454465</ele>
				<time>2025-11-15T17:08:17Z</time>
			</trkpt>
			<trkpt lat="35.40806715095996" lon="-83.60057108533027">
				<ele>546.7993877027184</ele>
				<time>2025-11-15T17:08:18Z</time>
			</trkpt>
			<trkpt lat="35.40811561915661" lon="-83.60058892290407">
				<ele>547.6518767680973</ele>
				<time>2025-11-15T17:08:19Z</time>
			</trkpt>
			<trkpt lat="35.40816113083607" lon="-83.60059037385867">
				<ele>547.9861289756373</ele>
				<time>2025-11-15T17:08:20Z</time>
			</trkpt>
			<trkpt lat="35.40819716345991" lon="-83.60060375239159">
				<ele>548.1138058202341</ele>
				<time>2025-11-15T17:08:21Z</time>
			</trkpt>
			<trkpt lat="35.40822889255274" lon="-83.60061789436878">
				<ele>547.2742601763457</ele>
				<time>2025-11-15T17:08:22Z</time>
			</trkpt>
			<trkpt lat="35.408243102639865" lon="-83.60063871752952">
				<ele>548.3389397179708</ele>
				<time>2025-11-15T17:08:23Z</time>
			</trkpt>
			<trkpt lat="35.40826521768541" lon="-83.60065297326825">
				<ele>547.6133617796004</ele>
				<time>2025-11-15T17:08:24Z</time>
			</trkpt>
			<trkpt lat="35.40828776488771" lon="-83.60067367461674">
				<ele>548.3296520952135</ele>
				<time>2025-11-15T17:08:25Z</time>
			</trkpt>
			<trkpt lat="35.408316400900404" lon="-83.60069377997583">
				<ele>547.0773114319891</ele>
				<time>2025-11-15T17:08:26Z</time>
			</trkpt>
			<trkpt lat="35.40834842109583" lon="-83.60072052785014">
				<ele>546.889029844664</ele>
				<time>2025-11-15T17:08:27Z</time>
			</trkpt>
			<trkpt lat="35.408377041211665" lon="-83.60075756230205">
				<ele>547.0484164096415</ele>
				<time>2025-11-15T17:08:28Z</time>
			</trkpt>
			<trkpt lat="35.40842789865093" lon="-83.60080034259475">
				<ele>547.0355228148401</ele>
				<time>2025-11-15T17:08:29Z</time>
			</trkpt>
			<trkpt lat="35.40845521021185" lon="-83.60084566902584">
				<ele>549.1492388099432</ele>
				<time>2025-11-15T17:08:30Z</time>
			</trkpt>
			<trkpt lat="35.4084820082316" lon="-83.60089014309263">
				<ele>549.6797326980159</ele>
				<time>2025-11-15T17:08:31Z</time>
			</trkpt>
			<trkpt lat="35.40850991981338" lon="-83.6009364652935">
				<ele>549.5390415992588</ele>
				<time>2025-11-15T17:08:33Z</time>
			</trkpt>
			<trkpt lat="35.40852570619801" lon="-83.6009626645173">
				<ele>549.5546627240255</ele>
				<time>2025-11-15T17:08:34Z</time>
			</trkpt>
			<trkpt lat="35.40855417867672" lon="-83.60100991755115">
				<ele>549.6040325835347</ele>
				<time>2025-11-15T17:08:35Z</time>
			</trkpt>
			<trkpt lat="35.40856887326463" lon="-83.60103430476592">
				<ele>548.6691637150943</ele>
				<time>2025-11-15T17:08:36Z</time>
			</trkpt>
			<trkpt lat="35.40858314031419" lon="-83.60105798242861">
				<ele>548.8689078027382</ele>
				<time>2025-11-15T17:08:37Z</time>
			</trkpt>
			<trkpt lat="35.40865250287412" lon="-83.601205062719">
				<ele>556.1936581553891</ele>
				<time>2025-11-15T17:08:38Z</time>
			</trkpt>
			<trkpt lat="35.408693756845516" lon="-83.60130130545899">
				<ele>554.713971667923</ele>
				<time>2025-11-15T17:08:39Z</time>
			</trkpt>
			<trkpt lat="35.40872446189602" lon="-83.60137293833836">
				<ele>553.6131723020226</ele>
				<time>2025-11-15T17:08:40Z</time>
			</trkpt>
			<trkpt lat="35.40874589988863" lon="-83.60144734119346">
				<ele>552.6558714993298</ele>
				<time>2025-11-15T17:08:41Z</time>
			</trkpt>
			<trkpt lat="35.40875975238887" lon="-83.60150479819694">
				<ele>551.8840120974928</ele>
				<time>2025-11-15T17:08:42Z</time>
			</trkpt>
			<trkpt lat="35.40877442592266" lon="-83.60156421314562">
				<ele>551.6514950618148</ele>
				<time>2025-11-15T17:08:43Z</time>
			</trkpt>
			<trkpt lat="35.40879159736421" lon="-83.60162126873647">
				<ele>550.893010395579</ele>
				<time>2025-11-15T17:08:44Z</time>
			</trkpt>
			<trkpt lat="35.4087987999449" lon="-83.60168404693765">
				<ele>549.94998346176</ele>
				<time>2025-11-15T17:08:45Z</time>
			</trkpt>
			<trkpt lat="35.40880530450382" lon="-83.60174074123661">
				<ele>549.4209833750501</ele>
				<time>2025-11-15T17:08:46Z</time>
			</trkpt>
			<trkpt lat="35.40881003890967" lon="-83.60178200686268">
				<ele>549.5951804788783</ele>
				<time>2025-11-15T17:08:47Z</time>
			</trkpt>
			<trkpt lat="35.40881012839798" lon="-83.6018178321415">
				<ele>549.8487160410732</ele>
				<time>2025-11-15T17:08:48Z</time>
			</trkpt>
			<trkpt lat="35.40880985749434" lon="-83.60185218741907">
				<ele>549.9486144045368</ele>
				<time>2025-11-15T17:08:49Z</time>
			</trkpt>
			<trkpt lat="35.408809485888305" lon="-83.60189931347928">
				<ele>550.3627738924697</ele>
				<time>2025-11-15T17:08:50Z</time>
			</trkpt>
			<trkpt lat="35.40880907633791" lon="-83.60195125265795">
				<ele>549.6729985345155</ele>
				<time>2025-11-15T17:08:51Z</time>
			</trkpt>
			<trkpt lat="35.408808676198014" lon="-83.60200199770327">
				<ele>549.267248836346</ele>
				<time>2025-11-15T17:08:52Z</time>
			</trkpt>
			<trkpt lat="35.40881410205756" lon="-83.60209426009614">
				<ele>549.5382672986016</ele>
				<time>2025-11-15T17:08:53Z</time>
			</trkpt>
			<trkpt lat="35.40882450117174" lon="-83.60215122559461">
				<ele>548.7207098379731</ele>
				<time>2025-11-15T17:08:54Z</time>
			</trkpt>
			<trkpt lat="35.40883953069737" lon="-83.60223355610279">
				<ele>546.8841010639444</ele>
				<time>2025-11-15T17:08:55Z</time>
			</trkpt>
			<trkpt lat="35.40885344986085" lon="-83.60230980398909">
				<ele>545.5747172161937</ele>
				<time>2025-11-15T17:08:56Z</time>
			</trkpt>
			<trkpt lat="35.408865740764675" lon="-83.60237713235868">
				<ele>539.9574921932071</ele>
				<time>2025-11-15T17:08:57Z</time>
			</trkpt>
			<trkpt lat="35.40887350024491" lon="-83.60243164497692">
				<ele>540.6677960790694</ele>
				<time>2025-11-15T17:08:58Z</time>
			</trkpt>
			<trkpt lat="35.40887983875272" lon="-83.60249693899922">
				<ele>539.9082032321021</ele>
				<time>2025-11-15T17:08:59Z</time>
			</trkpt>
			<trkpt lat="35.40888517363797" lon="-83.60255189529208">
				<ele>539.8471016464755</ele>
				<time>2025-11-15T17:09:01Z</time>
			</trkpt>
			<trkpt lat="35.40888914289159" lon="-83.60259278350507">
				<ele>540.8490370763466</ele>
				<time>2025-11-15T17:09:02Z</time>
			</trkpt>
			<trkpt lat="35.40889355490594" lon="-83.60263823283205">
				<ele>541.5031943377107</ele>
				<time>2025-11-15T17:09:03Z</time>
			</trkpt>
			<trkpt lat="35.40889796660578" lon="-83.6026836786899">
				<ele>539.5068476460874</ele>
				<time>2025-11-15T17:09:04Z</time>
			</trkpt>
			<trkpt lat="35.408902504920526" lon="-83.60273042889054">
				<ele>540.3472222862765</ele>
				<time>2025-11-15T17:09:05Z</time>
			</trkpt>
			<trkpt lat="35.40890723096098" lon="-83.60277911310531">
				<ele>541.4159454684705</ele>
				<time>2025-11-15T17:09:06Z</time>
			</trkpt>
			<trkpt lat="35.4089121059765" lon="-83.60282933153428">
				<ele>541.4526704335585</ele>
				<time>2025-11-15T17:09:07Z</time>
			</trkpt>
			<trkpt lat="35.40890594404801" lon="-83.60289452693416">
				<ele>541.006719735451</ele>
				<time>2025-11-15T17:09:08Z</time>
			</trkpt>
			<trkpt lat="35.408901030776086" lon="-83.60294224640803">
				<ele>540.9626137400046</ele>
				<time>2025-11-15T17:09:09Z</time>
			</trkpt>
			<trkpt lat="35.40889559129721" lon="-83.60299507637946">
				<ele>541.1273920852691</ele>
				<time>2025-11-15T17:09:10Z</time>
			</trkpt>
			<trkpt lat="35.40889014617123" lon="-83.60304796136724">
				<ele>541.3043769756332</ele>
				<time>2025-11-15T17:09:11Z</time>
			</trkpt>
			<trkpt lat="35.40888497416534" lon="-83.603098193967">
				<ele>538.6558803943917</ele>
				<time>2025-11-15T17:09:12Z</time>
			</trkpt>
			<trkpt lat="35.40887849088724" lon="-83.60316116188994">
				<ele>539.8299520388246</ele>
				<time>2025-11-15T17:09:13Z</time>
			</trkpt>
			<trkpt lat="35.40887381881345" lon="-83.60320653844362">
				<ele>539.2109408602118</ele>
				<time>2025-11-15T17:09:14Z</time>
			</trkpt>
			<trkpt lat="35.408868329753574" lon="-83.6032598503406">
				<ele>539.1585602760315</ele>
				<time>2025-11-15T17:09:15Z</time>
			</trkpt>
			<trkpt lat="35.40886202764986" lon="-83.60332105868162">
				<ele>537.7087846640497</ele>
				<time>2025-11-15T17:09:16Z</time>
			</trkpt>
			<trkpt lat="35.40885617449406" lon="-83.60337790673456">
				<ele>537.105568238534</ele>
				<time>2025-11-15T17:09:17Z</time>
			</trkpt>
			<trkpt lat="35.408847415792614" lon="-83.6034413067065">
				<ele>537.006463970989</ele>
				<time>2025-11-15T17:09:18Z</time>
			</trkpt>
			<trkpt lat="35.408832888399814" lon="-83.60351877453172">
				<ele>536.5725455693901</ele>
				<time>2025-11-15T17:09:19Z</time>
			</trkpt>
			<trkpt lat="35.40881627289851" lon="-83.60360737711213">
				<ele>536.9726829566061</ele>
				<time>2025-11-15T17:09:20Z</time>
			</trkpt>
			<trkpt lat="35.40880060126448" lon="-83.603692042412">
				<ele>536.9170085582882</ele>
				<time>2025-11-15T17:09:21Z</time>
			</trkpt>
			<trkpt lat="35.40878738769447" lon="-83.60376398028961">
				<ele>535.7448650309816</ele>
				<time>2025-11-15T17:09:22Z</time>
			</trkpt>
			<trkpt lat="35.40877880832564" lon="-83.6038106884905">
				<ele>535.6115805897862</ele>
				<time>2025-11-15T17:09:23Z</time>
			</trkpt>
			<trkpt lat="35.408767984364324" lon="-83.60386415293208">
				<ele>535.3297395734116</ele>
				<time>2025-11-15T17:09:24Z</time>
			</trkpt>
			<trkpt lat="35.40873570916358" lon="-83.60391884706401">
				<ele>533.9736803835258</ele>
				<time>2025-11-15T17:09:25Z</time>
			</trkpt>
			<trkpt lat="35.40871261782341" lon="-83.60398059030113">
				<ele>533.8384305043146</ele>
				<time>2025-11-15T17:09:26Z</time>
			</trkpt>
			<trkpt lat="35.408664364671715" lon="-83.60405328390175">
				<ele>532.3618044611067</ele>
				<time>2025-11-15T17:09:27Z</time>
			</trkpt>
			<trkpt lat="35.408634529023296" lon="-83.60412636497573">
				<ele>532.3142230017111</ele>
				<time>2025-11-15T17:09:28Z</time>
			</trkpt>
			<trkpt lat="35.40859912396494" lon="-83.60420524983377">
				<ele>531.4529332192615</ele>
				<time>2025-11-15T17:09:29Z</time>
			</trkpt>
			<trkpt lat="35.40860005665627" lon="-83.6042752633217">
				<ele>534.4283278696239</ele>
				<time>2025-11-15T17:09:30Z</time>
			</trkpt>
			<trkpt lat="35.40858803557018" lon="-83.60433713743754">
				<ele>534.4140908624977</ele>
				<time>2025-11-15T17:09:31Z</time>
			</trkpt>
			<trkpt lat="35.408572564878405" lon="-83.6043788819851">
				<ele>535.0928030870855</ele>
				<time>2025-11-15T17:09:32Z</time>
			</trkpt>
			<trkpt lat="35.40856097760371" lon="-83.60440226176979">
				<ele>536.7512513324618</ele>
				<time>2025-11-15T17:09:33Z</time>
			</trkpt>
			<trkpt lat="35.40854938764008" lon="-83.60442564687406">
				<ele>536.3584873555228</ele>
				<time>2025-11-15T17:09:34Z</time>
			</trkpt>
			<trkpt lat="35.408534888289175" lon="-83.60449126210469">
				<ele>536.7099902378395</ele>
				<time>2025-11-15T17:09:36Z</time>
			</trkpt>
			<trkpt lat="35.408540883217455" lon="-83.60451832379135">
				<ele>536.4669326012954</ele>
				<time>2025-11-15T17:09:37Z</time>
			</trkpt>
			<trkpt lat="35.40854639257547" lon="-83.60454741576606">
				<ele>537.2139491541311</ele>
				<time>2025-11-15T17:09:38Z</time>
			</trkpt>
			<trkpt lat="35.408557773893456" lon="-83.60459056097662">
				<ele>536.268945902586</ele>
				<time>2025-11-15T17:09:40Z</time>
			</trkpt>
			<trkpt lat="35.40856414022127" lon="-83.60461411656784">
				<ele>536.7302597789094</ele>
				<time>2025-11-15T17:09:41Z</time>
			</trkpt>
			<trkpt lat="35.40857086308023" lon="-83.60463519078853">
				<ele>535.8528159083799</ele>
				<time>2025-11-15T17:09:42Z</time>
			</trkpt>
			<trkpt lat="35.40858081687902" lon="-83.6046661397544">
				<ele>535.7246817657724</ele>
				<time>2025-11-15T17:09:43Z</time>
			</trkpt>
			<trkpt lat="35.40859516945742" lon="-83.60470114149047">
				<ele>536.0174281215295</ele>
				<time>2025-11-15T17:09:44Z</time>
			</trkpt>
			<trkpt lat="35.40860204150197" lon="-83.60472553625378">
				<ele>536.1488067675382</ele>
				<time>2025-11-15T17:09:45Z</time>
			</trkpt>
			<trkpt lat="35.40860452801482" lon="-83.6047567113632">
				<ele>537.385225366801</ele>
				<time>2025-11-15T17:09:46Z</time>
			</trkpt>
			<trkpt lat="35.40859467288253" lon="-83.60481063786554">
				<ele>537.409917306155</ele>
				<time>2025-11-15T17:09:48Z</time>
			</trkpt>
			<trkpt lat="35.40859402518619" lon="-83.60483318454548">
				<ele>537.4477870957926</ele>
				<time>2025-11-15T17:09:49Z</time>
			</trkpt>
			<trkpt lat="35.408590742307105" lon="-83.60486399959842">
				<ele>536.4437202624977</ele>
				<time>2025-11-15T17:09:50Z</time>
			</trkpt>
			<trkpt lat="35.408576113494256" lon="-83.60489895409218">
				<ele>535.6548437122256</ele>
				<time>2025-11-15T17:09:51Z</time>
			</trkpt>
			<trkpt lat="35.408566420985764" lon="-83.60492268591231">
				<ele>535.7093761134893</ele>
				<time>2025-11-15T17:09:52Z</time>
			</trkpt>
			<trkpt lat="35.40853858875166" lon="-83.60493335772551">
				<ele>534.5734202479944</ele>
				<time>2025-11-15T17:09:53Z</time>
			</trkpt>
			<trkpt lat="35.408528348690865" lon="-83.6049627504299">
				<ele>533.7748337341473</ele>
				<time>2025-11-15T17:09:56Z</time>
			</trkpt>
			<trkpt lat="35.40852663174068" lon="-83.60498753152933">
				<ele>534.145645685494</ele>
				<time>2025-11-15T17:09:59Z</time>
			</trkpt>
			<trkpt lat="35.408524084755015" lon="-83.6050178251158">
				<ele>534.0815059775487</ele>
				<time>2025-11-15T17:10:01Z</time>
			</trkpt>
			<trkpt lat="35.408525038729884" lon="-83.60505423076395">
				<ele>534.3459997158498</ele>
				<time>2025-11-15T17:10:03Z</time>
			</trkpt>
			<trkpt lat="35.40852476434338" lon="-83.6050798688885">
				<ele>534.6362617937848</ele>
				<time>2025-11-15T17:10:04Z</time>
			</trkpt>
			<trkpt lat="35.40852327133415" lon="-83.60511215171829">
				<ele>534.9913211353123</ele>
				<time>2025-11-15T17:10:06Z</time>
			</trkpt>
			<trkpt lat="35.408520579906046" lon="-83.60513730775008">
				<ele>535.9944854592904</ele>
				<time>2025-11-15T17:10:09Z</time>
			</trkpt>
			<trkpt lat="35.40852195449413" lon="-83.60516507311287">
				<ele>537.3917284775525</ele>
				<time>2025-11-15T17:10:15Z</time>
			</trkpt>
			<trkpt lat="35.408529882782744" lon="-83.60519490192466">
				<ele>537.0539796538651</ele>
				<time>2025-11-15T17:10:17Z</time>
			</trkpt>
			<trkpt lat="35.408544156612926" lon="-83.60522024079741">
				<ele>537.8515855344012</ele>
				<time>2025-11-15T17:10:18Z</time>
			</trkpt>
			<trkpt lat="35.40856846882516" lon="-83.60525973656466">
				<ele>536.990478316322</ele>
				<time>2025-11-15T17:10:19Z</time>
			</trkpt>
			<trkpt lat="35.40858793955503" lon="-83.60529478782124">
				<ele>537.1654942631721</ele>
				<time>2025-11-15T17:10:20Z</time>
			</trkpt>
			<trkpt lat="35.40858271328015" lon="-83.60534085335586">
				<ele>538.3087989678606</ele>
				<time>2025-11-15T17:10:21Z</time>
			</trkpt>
			<trkpt lat="35.40856949777943" lon="-83.60538313157379">
				<ele>539.9278199756518</ele>
				<time>2025-11-15T17:10:22Z</time>
			</trkpt>
			<trkpt lat="35.40856876582401" lon="-83.60541818160821">
				<ele>540.4396004751325</ele>
				<time>2025-11-15T17:10:23Z</time>
			</trkpt>
			<trkpt lat="35.40856847806502" lon="-83.60546826663276">
				<ele>541.5250540468842</ele>
				<time>2025-11-15T17:10:24Z</time>
			</trkpt>
			<trkpt lat="35.40857132113498" lon="-83.60550698684762">
				<ele>542.318466661498</ele>
				<time>2025-11-15T17:10:25Z</time>
			</trkpt>
			<trkpt lat="35.40855119511588" lon="-83.60553437641317">
				<ele>541.5870735645294</ele>
				<time>2025-11-15T17:10:27Z</time>
			</trkpt>
			<trkpt lat="35.408542081555765" lon="-83.60555442353665">
				<ele>541.5785587979481</ele>
				<time>2025-11-15T17:10:28Z</time>
			</trkpt>
			<trkpt lat="35.40853422797075" lon="-83.60558307975697">
				<ele>543.1628861809149</ele>
				<time>2025-11-15T17:10:29Z</time>
			</trkpt>
			<trkpt lat="35.408524799489946" lon="-83.60561348104474">
				<ele>542.6183078028262</ele>
				<time>2025-11-15T17:10:30Z</time>
			</trkpt>
			<trkpt lat="35.40852420897909" lon="-83.60564744860312">
				<ele>543.9680986749008</ele>
				<time>2025-11-15T17:10:31Z</time>
			</trkpt>
			<trkpt lat="35.408505908297776" lon="-83.60569076402419">
				<ele>542.535153334029</ele>
				<time>2025-11-15T17:10:32Z</time>
			</trkpt>
			<trkpt lat="35.40851236192303" lon="-83.60571666998857">
				<ele>543.0936987390742</ele>
				<time>2025-11-15T17:10:33Z</time>
			</trkpt>
			<trkpt lat="35.4085113045506" lon="-83.6057707483432">
				<ele>543.1290259100497</ele>
				<time>2025-11-15T17:10:34Z</time>
			</trkpt>
			<trkpt lat="35.40849537720786" lon="-83.60579830316321">
				<ele>542.9020386133343</ele>
				<time>2025-11-15T17:10:35Z</time>
			</trkpt>
			<trkpt lat="35.408483890031206" lon="-83.60585195970512">
				<ele>542.9792421041057</ele>
				<time>2025-11-15T17:10:36Z</time>
			</trkpt>
			<trkpt lat="35.40846989749581" lon="-83.60587791764405">
				<ele>541.948300533928</ele>
				<time>2025-11-15T17:10:37Z</time>
			</trkpt>
			<trkpt lat="35.40845049098225" lon="-83.60591295667905">
				<ele>541.833605744876</ele>
				<time>2025-11-15T17:10:38Z</time>
			</trkpt>
			<trkpt lat="35.40842801649023" lon="-83.60594926191581">
				<ele>540.7194957239553</ele>
				<time>2025-11-15T17:10:39Z</time>
			</trkpt>
			<trkpt lat="35.40840667355227" lon="-83.60596933783965">
				<ele>541.3988042827696</ele>
				<time>2025-11-15T17:10:40Z</time>
			</trkpt>
			<trkpt lat="35.40837567098946" lon="-83.60601252238112">
				<ele>541.3991297120228</ele>
				<time>2025-11-15T17:10:41Z</time>
			</trkpt>
			<trkpt lat="35.40835330647405" lon="-83.60603012856565">
				<ele>541.6418256917968</ele>
				<time>2025-11-15T17:10:42Z</time>
			</trkpt>
			<trkpt lat="35.40832685332314" lon="-83.60605012251918">
				<ele>540.675222738646</ele>
				<time>2025-11-15T17:10:43Z</time>
			</trkpt>
			<trkpt lat="35.40830347605622" lon="-83.60606232759615">
				<ele>540.1780725754797</ele>
				<time>2025-11-15T17:10:44Z</time>
			</trkpt>
			<trkpt lat="35.408273743211986" lon="-83.60606122663381">
				<ele>539.9578556064516</ele>
				<time>2025-11-15T17:10:45Z</time>
			</trkpt>
			<trkpt lat="35.40825166902945" lon="-83.60606734956883">
				<ele>540.7237672004849</ele>
				<time>2025-11-15T17:10:46Z</time>
			</trkpt>
			<trkpt lat="35.408224472921425" lon="-83.60605808113912">
				<ele>539.4056528089568</ele>
				<time>2025-11-15T17:10:47Z</time>
			</trkpt>
			<trkpt lat="35.40820474936698" lon="-83.6060599101836">
				<ele>539.9299006545916</ele>
				<time>2025-11-15T17:10:48Z</time>
			</trkpt>
			<trkpt lat="35.408183071482334" lon="-83.60605632507811">
				<ele>539.4951975308359</ele>
				<time>2025-11-15T17:10:49Z</time>
			</trkpt>
			<trkpt lat="35.408161382251485" lon="-83.60604729672306">
				<ele>539.7023687595502</ele>
				<time>2025-11-15T17:10:50Z</time>
			</trkpt>
			<trkpt lat="35.40813342572895" lon="-83.60603740295157">
				<ele>539.0733267972246</ele>
				<time>2025-11-15T17:10:51Z</time>
			</trkpt>
			<trkpt lat="35.40810445826986" lon="-83.60602976263813">
				<ele>538.7673286730424</ele>
				<time>2025-11-15T17:10:52Z</time>
			</trkpt>
			<trkpt lat="35.40806342362252" lon="-83.60603348239367">
				<ele>539.1870273239911</ele>
				<time>2025-11-15T17:10:54Z</time>
			</trkpt>
			<trkpt lat="35.408034207941625" lon="-83.60604819003807">
				<ele>540.0502731921151</ele>
				<time>2025-11-15T17:10:55Z</time>
			</trkpt>
			<trkpt lat="35.40800875335088" lon="-83.60605069649175">
				<ele>539.1024926202372</ele>
				<time>2025-11-15T17:10:56Z</time>
			</trkpt>
			<trkpt lat="35.40798263735249" lon="-83.60605385120321">
				<ele>540.6771861715242</ele>
				<time>2025-11-15T17:10:57Z</time>
			</trkpt>
			<trkpt lat="35.407962472126464" lon="-83.60604786006304">
				<ele>541.4291341928765</ele>
				<time>2025-11-15T17:10:58Z</time>
			</trkpt>
			<trkpt lat="35.40793527282515" lon="-83.60603898012904">
				<ele>540.6370454560965</ele>
				<time>2025-11-15T17:10:59Z</time>
			</trkpt>
			<trkpt lat="35.407915434216406" lon="-83.60602595622561">
				<ele>540.8774377927184</ele>
				<time>2025-11-15T17:11:00Z</time>
			</trkpt>
			<trkpt lat="35.407896208155805" lon="-83.60600558357959">
				<ele>540.5485977549106</ele>
				<time>2025-11-15T17:11:01Z</time>
			</trkpt>
			<trkpt lat="35.40787543002045" lon="-83.60600209629423">
				<ele>540.4602346559986</ele>
				<time>2025-11-15T17:11:02Z</time>
			</trkpt>
			<trkpt lat="35.407824109668354" lon="-83.60597795819247">
				<ele>539.5354254152626</ele>
				<time>2025-11-15T17:11:03Z</time>
			</trkpt>
			<trkpt lat="35.40778371607186" lon="-83.60597894149288">
				<ele>540.6962655941024</ele>
				<time>2025-11-15T17:11:04Z</time>
			</trkpt>
			<trkpt lat="35.40774615365146" lon="-83.60596635512607">
				<ele>540.0326697696</ele>
				<time>2025-11-15T17:11:05Z</time>
			</trkpt>
			<trkpt lat="35.40772473010896" lon="-83.60595543492778">
				<ele>539.3682033773512</ele>
				<time>2025-11-15T17:11:06Z</time>
			</trkpt>
			<trkpt lat="35.40768794436911" lon="-83.60595099408182">
				<ele>540.92771891132</ele>
				<time>2025-11-15T17:11:07Z</time>
			</trkpt>
			<trkpt lat="35.407657324081775" lon="-83.60594956436606">
				<ele>541.9258146593347</ele>
				<time>2025-11-15T17:11:08Z</time>
			</trkpt>
			<trkpt lat="35.40761844008914" lon="-83.60594317478531">
				<ele>542.4426796063781</ele>
				<time>2025-11-15T17:11:09Z</time>
			</trkpt>
			<trkpt lat="35.40758869862521" lon="-83.60593598816932">
				<ele>543.0233757281676</ele>
				<time>2025-11-15T17:11:10Z</time>
			</trkpt>
			<trkpt lat="35.40755333082615" lon="-83.60592104091319">
				<ele>542.4673942159861</ele>
				<time>2025-11-15T17:11:11Z</time>
			</trkpt>
			<trkpt lat="35.40751773186173" lon="-83.60591138888101">
				<ele>543.8493126258254</ele>
				<time>2025-11-15T17:11:12Z</time>
			</trkpt>
			<trkpt lat="35.407488478725035" lon="-83.60590359597491">
				<ele>543.1809738622978</ele>
				<time>2025-11-15T17:11:13Z</time>
			</trkpt>
			<trkpt lat="35.40746142658905" lon="-83.60588822694412">
				<ele>543.5288643166423</ele>
				<time>2025-11-15T17:11:14Z</time>
			</trkpt>
			<trkpt lat="35.407420218533446" lon="-83.6058362260229">
				<ele>543.0154599696398</ele>
				<time>2025-11-15T17:11:16Z</time>
			</trkpt>
			<trkpt lat="35.40740653246626" lon="-83.6058207385125">
				<ele>543.8809930123389</ele>
				<time>2025-11-15T17:11:17Z</time>
			</trkpt>
			<trkpt lat="35.40738353920601" lon="-83.60580101247045">
				<ele>544.8944487413391</ele>
				<time>2025-11-15T17:11:18Z</time>
			</trkpt>
			<trkpt lat="35.40736214784034" lon="-83.60578551485696">
				<ele>545.432652451098</ele>
				<time>2025-11-15T17:11:19Z</time>
			</trkpt>
			<trkpt lat="35.40733012268657" lon="-83.60576112343394">
				<ele>545.3851405493915</ele>
				<time>2025-11-15T17:11:20Z</time>
			</trkpt>
			<trkpt lat="35.40729832569163" lon="-83.60573778145307">
				<ele>546.2712628627196</ele>
				<time>2025-11-15T17:11:21Z</time>
			</trkpt>
			<trkpt lat="35.407266660264476" lon="-83.60571544176183">
				<ele>546.619689389132</ele>
				<time>2025-11-15T17:11:22Z</time>
			</trkpt>
			<trkpt lat="35.40722541960972" lon="-83.60568397950684">
				<ele>546.3583812080324</ele>
				<time>2025-11-15T17:11:23Z</time>
			</trkpt>
			<trkpt lat="35.40720567371161" lon="-83.60566982934493">
				<ele>547.8870712872595</ele>
				<time>2025-11-15T17:11:24Z</time>
			</trkpt>
			<trkpt lat="35.407168723661094" lon="-83.60564298277812">
				<ele>548.8207990638912</ele>
				<time>2025-11-15T17:11:25Z</time>
			</trkpt>
			<trkpt lat="35.40714807999524" lon="-83.60562697823342">
				<ele>548.6276325825602</ele>
				<time>2025-11-15T17:11:26Z</time>
			</trkpt>
			<trkpt lat="35.40712034980729" lon="-83.60560454598998">
				<ele>549.2815801203251</ele>
				<time>2025-11-15T17:11:27Z</time>
			</trkpt>
			<trkpt lat="35.40709531972729" lon="-83.60558429814665">
				<ele>549.9403436975554</ele>
				<time>2025-11-15T17:11:28Z</time>
			</trkpt>
			<trkpt lat="35.407072625323906" lon="-83.6055659395828">
				<ele>549.9672572379932</ele>
				<time>2025-11-15T17:11:29Z</time>
			</trkpt>
			<trkpt lat="35.40704864615927" lon="-83.60554654184547">
				<ele>550.1735236709937</ele>
				<time>2025-11-15T17:11:30Z</time>
			</trkpt>
			<trkpt lat="35.40703005381356" lon="-83.60553150170409">
				<ele>550.409400800243</ele>
				<time>2025-11-15T17:11:31Z</time>
			</trkpt>
			<trkpt lat="35.40700704093706" lon="-83.60551250339246">
				<ele>550.9370585139841</ele>
				<time>2025-11-15T17:11:32Z</time>
			</trkpt>
			<trkpt lat="35.40698592598139" lon="-83.60549086997541">
				<ele>551.2404520800337</ele>
				<time>2025-11-15T17:11:33Z</time>
			</trkpt>
			<trkpt lat="35.40696129135679" lon="-83.60546563042486">
				<ele>550.3511098064482</ele>
				<time>2025-11-15T17:11:34Z</time>
			</trkpt>
			<trkpt lat="35.40694610486595" lon="-83.6054500709429">
				<ele>550.4771379176527</ele>
				<time>2025-11-15T17:11:35Z</time>
			</trkpt>
			<trkpt lat="35.40692479472202" lon="-83.60542820686494">
				<ele>551.2549952957779</ele>
				<time>2025-11-15T17:11:36Z</time>
			</trkpt>
			<trkpt lat="35.40690475261545" lon="-83.60540760266171">
				<ele>552.3422624245286</ele>
				<time>2025-11-15T17:11:37Z</time>
			</trkpt>
			<trkpt lat="35.40686890983194" lon="-83.60537196868485">
				<ele>551.8434393610805</ele>
				<time>2025-11-15T17:11:39Z</time>
			</trkpt>
			<trkpt lat="35.40684199749638" lon="-83.60534701734981">
				<ele>551.0692586461082</ele>
				<time>2025-11-15T17:11:40Z</time>
			</trkpt>
			<trkpt lat="35.40681782767938" lon="-83.60533845340433">
				<ele>547.9937854744494</ele>
				<time>2025-11-15T17:11:42Z</time>
			</trkpt>
			<trkpt lat="35.406797660265894" lon="-83.60533669597673">
				<ele>549.7394893877208</ele>
				<time>2025-11-15T17:11:43Z</time>
			</trkpt>
			<trkpt lat="35.406773983148526" lon="-83.6053331692522">
				<ele>548.6773639684543</ele>
				<time>2025-11-15T17:11:44Z</time>
			</trkpt>
			<trkpt lat="35.40674817903332" lon="-83.60532678526218">
				<ele>548.4646076792851</ele>
				<time>2025-11-15T17:11:45Z</time>
			</trkpt>
			<trkpt lat="35.40672660415231" lon="-83.60529119445208">
				<ele>548.3735124338418</ele>
				<time>2025-11-15T17:11:46Z</time>
			</trkpt>
			<trkpt lat="35.40671498113553" lon="-83.60526800020295">
				<ele>546.9129032799974</ele>
				<time>2025-11-15T17:11:47Z</time>
			</trkpt>
			<trkpt lat="35.40670200364036" lon="-83.60524659581114">
				<ele>546.3146910266951</ele>
				<time>2025-11-15T17:11:48Z</time>
			</trkpt>
			<trkpt lat="35.40667239974417" lon="-83.60524079181828">
				<ele>544.8494755076244</ele>
				<time>2025-11-15T17:11:49Z</time>
			</trkpt>
			<trkpt lat="35.40664809012714" lon="-83.60521407582142">
				<ele>544.349793500267</ele>
				<time>2025-11-15T17:11:50Z</time>
			</trkpt>
			<trkpt lat="35.40662814444527" lon="-83.60518956899642">
				<ele>544.8568313475698</ele>
				<time>2025-11-15T17:11:51Z</time>
			</trkpt>
			<trkpt lat="35.406606157014615" lon="-83.60517651236525">
				<ele>544.4712755717337</ele>
				<time>2025-11-15T17:11:52Z</time>
			</trkpt>
			<trkpt lat="35.40658973939861" lon="-83.60516676318308">
				<ele>544.6447197180241</ele>
				<time>2025-11-15T17:11:53Z</time>
			</trkpt>
			<trkpt lat="35.406548944731064" lon="-83.60514634865048">
				<ele>543.5218443842605</ele>
				<time>2025-11-15T17:11:54Z</time>
			</trkpt>
			<trkpt lat="35.40652970490368" lon="-83.60513712235762">
				<ele>544.2572010466829</ele>
				<time>2025-11-15T17:11:55Z</time>
			</trkpt>
			<trkpt lat="35.40650335206408" lon="-83.60512513059194">
				<ele>544.1783248465508</ele>
				<time>2025-11-15T17:11:56Z</time>
			</trkpt>
			<trkpt lat="35.40647948848233" lon="-83.60511427154802">
				<ele>542.6088137831539</ele>
				<time>2025-11-15T17:11:57Z</time>
			</trkpt>
			<trkpt lat="35.406452144021806" lon="-83.60510182845391">
				<ele>544.0822978736833</ele>
				<time>2025-11-15T17:11:58Z</time>
			</trkpt>
			<trkpt lat="35.40643295298674" lon="-83.60509309564688">
				<ele>544.1395635623485</ele>
				<time>2025-11-15T17:11:59Z</time>
			</trkpt>
			<trkpt lat="35.4064090794227" lon="-83.60508223208102">
				<ele>543.8633667090908</ele>
				<time>2025-11-15T17:12:00Z</time>
			</trkpt>
			<trkpt lat="35.406388369539656" lon="-83.60507253174339">
				<ele>543.3283524662256</ele>
				<time>2025-11-15T17:12:01Z</time>
			</trkpt>
			<trkpt lat="35.406362113887305" lon="-83.60506019476507">
				<ele>542.7811536518857</ele>
				<time>2025-11-15T17:12:02Z</time>
			</trkpt>
			<trkpt lat="35.40633954411909" lon="-83.60504958967452">
				<ele>542.0563910454512</ele>
				<time>2025-11-15T17:12:03Z</time>
			</trkpt>
			<trkpt lat="35.40631411076485" lon="-83.60507122909084">
				<ele>540.5263378899544</ele>
				<time>2025-11-15T17:12:05Z</time>
			</trkpt>
			<trkpt lat="35.406301391786435" lon="-83.60510055369345">
				<ele>538.7487119343132</ele>
				<time>2025-11-15T17:12:07Z</time>
			</trkpt>
			<trkpt lat="35.40622704636667" lon="-83.60521084658798">
				<ele>537.0641817664728</ele>
				<time>2025-11-15T17:12:09Z</time>
			</trkpt>
			<trkpt lat="35.40620918409582" lon="-83.60522762821151">
				<ele>535.9081615526229</ele>
				<time>2025-11-15T17:12:11Z</time>
			</trkpt>
			<trkpt lat="35.40622114674642" lon="-83.60527426328238">
				<ele>536.0546163562685</ele>
				<time>2025-11-15T17:12:13Z</time>
			</trkpt>
			<trkpt lat="35.40623786584983" lon="-83.6053076662204">
				<ele>536.8267454551533</ele>
				<time>2025-11-15T17:12:15Z</time>
			</trkpt>
			<trkpt lat="35.406256216019" lon="-83.60532755230132">
				<ele>537.1800478417426</ele>
				<time>2025-11-15T17:12:17Z</time>
			</trkpt>
			<trkpt lat="35.40627861005889" lon="-83.60535182063339">
				<ele>536.9206563793123</ele>
				<time>2025-11-15T17:12:19Z</time>
			</trkpt>
			<trkpt lat="35.40630240407804" lon="-83.60537760617532">
				<ele>537.4064306449145</ele>
				<time>2025-11-15T17:12:21Z</time>
			</trkpt>
			<trkpt lat="35.4063197786452" lon="-83.60539643500776">
				<ele>537.8780076010153</ele>
				<time>2025-11-15T17:12:22Z</time>
			</trkpt>
			<trkpt lat="35.406350925368805" lon="-83.60543018871141">
				<ele>538.4293297231197</ele>
				<time>2025-11-15T17:12:23Z</time>
			</trkpt>
			<trkpt lat="35.40638650895736" lon="-83.60546875056792">
				<ele>536.9478794215247</ele>
				<time>2025-11-15T17:12:25Z</time>
			</trkpt>
			<trkpt lat="35.40641039160961" lon="-83.60549621050367">
				<ele>535.7490757219493</ele>
				<time>2025-11-15T17:12:26Z</time>
			</trkpt>
			<trkpt lat="35.40642124425693" lon="-83.60552470485605">
				<ele>534.7888439409435</ele>
				<time>2025-11-15T17:12:27Z</time>
			</trkpt>
			<trkpt lat="35.40643027478687" lon="-83.60555204400956">
				<ele>534.6501669595018</ele>
				<time>2025-11-15T17:12:28Z</time>
			</trkpt>
			<trkpt lat="35.40643591663674" lon="-83.60559639600302">
				<ele>533.4007888482884</ele>
				<time>2025-11-15T17:12:29Z</time>
			</trkpt>
			<trkpt lat="35.406456511879874" lon="-83.60564125814055">
				<ele>532.0400677891448</ele>
				<time>2025-11-15T17:12:31Z</time>
			</trkpt>
			<trkpt lat="35.40647374433064" lon="-83.60564931380017">
				<ele>531.4392775623128</ele>
				<time>2025-11-15T17:12:32Z</time>
			</trkpt>
			<trkpt lat="35.406505746872824" lon="-83.60565662160641">
				<ele>531.848322913982</ele>
				<time>2025-11-15T17:12:33Z</time>
			</trkpt>
			<trkpt lat="35.40654226413311" lon="-83.60568161343238">
				<ele>532.9720033416525</ele>
				<time>2025-11-15T17:12:34Z</time>
			</trkpt>
			<trkpt lat="35.40657529686481" lon="-83.6057071800483">
				<ele>533.5040874490514</ele>
				<time>2025-11-15T17:12:35Z</time>
			</trkpt>
			<trkpt lat="35.40660102703384" lon="-83.60573640671552">
				<ele>533.9061631131917</ele>
				<time>2025-11-15T17:12:36Z</time>
			</trkpt>
			<trkpt lat="35.406606989344404" lon="-83.60576347205395">
				<ele>534.2531214281917</ele>
				<time>2025-11-15T17:12:37Z</time>
			</trkpt>
			<trkpt lat="35.40659944631803" lon="-83.60581251278906">
				<ele>534.9572543464601</ele>
				<time>2025-11-15T17:12:38Z</time>
			</trkpt>
			<trkpt lat="35.40660497787192" lon="-83.60584924539339">
				<ele>534.8966172263026</ele>
				<time>2025-11-15T17:12:39Z</time>
			</trkpt>
			<trkpt lat="35.40662516267682" lon="-83.60588051860007">
				<ele>535.2379881162196</ele>
				<time>2025-11-15T17:12:40Z</time>
			</trkpt>
			<trkpt lat="35.406629541995514" lon="-83.60590904674405">
				<ele>535.1569793345407</ele>
				<time>2025-11-15T17:12:41Z</time>
			</trkpt>
			<trkpt lat="35.40663423996753" lon="-83.60593965067291">
				<ele>535.6086946381256</ele>
				<time>2025-11-15T17:12:42Z</time>
			</trkpt>
			<trkpt lat="35.40663807240393" lon="-83.6059646162291">
				<ele>536.0173318954185</ele>
				<time>2025-11-15T17:12:43Z</time>
			</trkpt>
			<trkpt lat="35.406641800927936" lon="-83.6059919255236">
				<ele>536.305002936162</ele>
				<time>2025-11-15T17:12:44Z</time>
			</trkpt>
			<trkpt lat="35.4066478684915" lon="-83.60603666312576">
				<ele>536.1155822491273</ele>
				<time>2025-11-15T17:12:46Z</time>
			</trkpt>
			<trkpt lat="35.40665263390054" lon="-83.60607242792162">
				<ele>537.0756847783923</ele>
				<time>2025-11-15T17:12:48Z</time>
			</trkpt>
			<trkpt lat="35.40665528982355" lon="-83.60609697230112">
				<ele>539.4369763955474</ele>
				<time>2025-11-15T17:12:51Z</time>
			</trkpt>
			<trkpt lat="35.40667336488814" lon="-83.60610393261105">
				<ele>540.0021312842146</ele>
				<time>2025-11-15T17:12:55Z</time>
			</trkpt>
			<trkpt lat="35.40669780717795" lon="-83.60611712076992">
				<ele>540.0979787139222</ele>
				<time>2025-11-15T17:12:56Z</time>
			</trkpt>
			<trkpt lat="35.406721408765144" lon="-83.60611749405082">
				<ele>540.8748642988503</ele>
				<time>2025-11-15T17:12:57Z</time>
			</trkpt>
			<trkpt lat="35.406738345639184" lon="-83.6061294246621">
				<ele>540.5145376464352</ele>
				<time>2025-11-15T17:12:58Z</time>
			</trkpt>
			<trkpt lat="35.40675517746143" lon="-83.60614569139707">
				<ele>540.8921786071733</ele>
				<time>2025-11-15T17:12:59Z</time>
			</trkpt>
			<trkpt lat="35.40678059149918" lon="-83.6061585999486">
				<ele>540.7099673878402</ele>
				<time>2025-11-15T17:13:00Z</time>
			</trkpt>
			<trkpt lat="35.406831294412534" lon="-83.60616740278887">
				<ele>540.0897691622376</ele>
				<time>2025-11-15T17:13:01Z</time>
			</trkpt>
			<trkpt lat="35.40689243162811" lon="-83.6061767932817">
				<ele>540.5500604016706</ele>
				<time>2025-11-15T17:13:02Z</time>
			</trkpt>
			<trkpt lat="35.40694481178118" lon="-83.60619950224807">
				<ele>540.1813794057816</ele>
				<time>2025-11-15T17:13:03Z</time>
			</trkpt>
			<trkpt lat="35.406957601103535" lon="-83.6062185013474">
				<ele>541.0130048794672</ele>
				<time>2025-11-15T17:13:04Z</time>
			</trkpt>
			<trkpt lat="35.407005036932354" lon="-83.60625971957309">
				<ele>541.5277522457764</ele>
				<time>2025-11-15T17:13:05Z</time>
			</trkpt>
			<trkpt lat="35.40702854752255" lon="-83.60627910530694">
				<ele>541.9223711444065</ele>
				<time>2025-11-15T17:13:06Z</time>
			</trkpt>
			<trkpt lat="35.407081317739376" lon="-83.60631913033626">
				<ele>543.1419351985678</ele>
				<time>2025-11-15T17:13:07Z</time>
			</trkpt>
			<trkpt lat="35.40709902470812" lon="-83.60633706984346">
				<ele>543.6214383253828</ele>
				<time>2025-11-15T17:13:08Z</time>
			</trkpt>
			<trkpt lat="35.40712720591888" lon="-83.60635720310583">
				<ele>544.8426704257727</ele>
				<time>2025-11-15T17:13:09Z</time>
			</trkpt>
			<trkpt lat="35.407156409133066" lon="-83.60638662898734">
				<ele>544.0479066027328</ele>
				<time>2025-11-15T17:13:10Z</time>
			</trkpt>
			<trkpt lat="35.407179909608445" lon="-83.60641076229098">
				<ele>544.6283147921786</ele>
				<time>2025-11-15T17:13:11Z</time>
			</trkpt>
			<trkpt lat="35.407215645194675" lon="-83.6064408189479">
				<ele>544.4913686122745</ele>
				<time>2025-11-15T17:13:12Z</time>
			</trkpt>
			<trkpt lat="35.40723553556999" lon="-83.60645574088369">
				<ele>544.328295991756</ele>
				<time>2025-11-15T17:13:13Z</time>
			</trkpt>
			<trkpt lat="35.407270173910256" lon="-83.60650235602108">
				<ele>545.529373944737</ele>
				<time>2025-11-15T17:13:14Z</time>
			</trkpt>
			<trkpt lat="35.40728259693587" lon="-83.60652152944758">
				<ele>545.0063140755519</ele>
				<time>2025-11-15T17:13:15Z</time>
			</trkpt>
			<trkpt lat="35.40732748846155" lon="-83.6065483732248">
				<ele>546.5359477698803</ele>
				<time>2025-11-15T17:13:16Z</time>
			</trkpt>
			<trkpt lat="35.407341742025025" lon="-83.60657347741395">
				<ele>545.24349952396</ele>
				<time>2025-11-15T17:13:17Z</time>
			</trkpt>
			<trkpt lat="35.40736736800938" lon="-83.60659575346605">
				<ele>545.0139957405627</ele>
				<time>2025-11-15T17:13:18Z</time>
			</trkpt>
			<trkpt lat="35.407394580101666" lon="-83.60663060041132">
				<ele>543.8048444073647</ele>
				<time>2025-11-15T17:13:19Z</time>
			</trkpt>
			<trkpt lat="35.407411257111555" lon="-83.60666731728048">
				<ele>542.9430380677804</ele>
				<time>2025-11-15T17:13:20Z</time>
			</trkpt>
			<trkpt lat="35.40742668443429" lon="-83.60670128254357">
				<ele>543.5408136574551</ele>
				<time>2025-11-15T17:13:21Z</time>
			</trkpt>
			<trkpt lat="35.40744048435738" lon="-83.60673166544699">
				<ele>543.5567953241989</ele>
				<time>2025-11-15T17:13:22Z</time>
			</trkpt>
			<trkpt lat="35.40746222275802" lon="-83.6067789014287">
				<ele>542.4599744267762</ele>
				<time>2025-11-15T17:13:23Z</time>
			</trkpt>
			<trkpt lat="35.40747235269959" lon="-83.6067985246697">
				<ele>542.6528550479561</ele>
				<time>2025-11-15T17:13:24Z</time>
			</trkpt>
			<trkpt lat="35.40748900793933" lon="-83.60683078835905">
				<ele>542.1021205391735</ele>
				<time>2025-11-15T17:13:25Z</time>
			</trkpt>
			<trkpt lat="35.4075127089524" lon="-83.60687670092557">
				<ele>542.1726179197431</ele>
				<time>2025-11-15T17:13:27Z</time>
			</trkpt>
			<trkpt lat="35.40754120016166" lon="-83.60691022659924">
				<ele>541.7234017243609</ele>
				<time>2025-11-15T17:13:29Z</time>
			</trkpt>
			<trkpt lat="35.407567704766876" lon="-83.60693437786121">
				<ele>541.2983164396137</ele>
				<time>2025-11-15T17:13:30Z</time>
			</trkpt>
			<trkpt lat="35.40765483206093" lon="-83.60695405172794">
				<ele>540.2147590117529</ele>
				<time>2025-11-15T17:13:31Z</time>
			</trkpt>
			<trkpt lat="35.40768719398241" lon="-83.60697252280195">
				<ele>539.6074399258941</ele>
				<time>2025-11-15T17:13:32Z</time>
			</trkpt>
			<trkpt lat="35.407720364324724" lon="-83.60698767820602">
				<ele>539.4077039761469</ele>
				<time>2025-11-15T17:13:33Z</time>
			</trkpt>
			<trkpt lat="35.40774687034292" lon="-83.6069991202893">
				<ele>538.3302414100617</ele>
				<time>2025-11-15T17:13:34Z</time>
			</trkpt>
			<trkpt lat="35.40777377178097" lon="-83.60700426347701">
				<ele>538.3212348716334</ele>
				<time>2025-11-15T17:13:35Z</time>
			</trkpt>
			<trkpt lat="35.40780481314444" lon="-83.60701019813082">
				<ele>539.6412625927478</ele>
				<time>2025-11-15T17:13:36Z</time>
			</trkpt>
			<trkpt lat="35.4078335475412" lon="-83.60702245181686">
				<ele>539.7428528666496</ele>
				<time>2025-11-15T17:13:37Z</time>
			</trkpt>
			<trkpt lat="35.40786621508967" lon="-83.60703692081735">
				<ele>540.1928690224886</ele>
				<time>2025-11-15T17:13:38Z</time>
			</trkpt>
			<trkpt lat="35.407899565854734" lon="-83.6070517715968">
				<ele>540.5972051704302</ele>
				<time>2025-11-15T17:13:39Z</time>
			</trkpt>
			<trkpt lat="35.40792802572256" lon="-83.60708471044222">
				<ele>540.114504178986</ele>
				<time>2025-11-15T17:13:40Z</time>
			</trkpt>
			<trkpt lat="35.40795630049646" lon="-83.60710144500977">
				<ele>539.4186128070578</ele>
				<time>2025-11-15T17:13:41Z</time>
			</trkpt>
			<trkpt lat="35.40798109326789" lon="-83.60712035256421">
				<ele>538.9951874334365</ele>
				<time>2025-11-15T17:13:42Z</time>
			</trkpt>
			<trkpt lat="35.40802914752595" lon="-83.60714416495271">
				<ele>538.4122217176482</ele>
				<time>2025-11-15T17:13:43Z</time>
			</trkpt>
			<trkpt lat="35.40807731168807" lon="-83.60716603707267">
				<ele>538.3816157085821</ele>
				<time>2025-11-15T17:13:44Z</time>
			</trkpt>
			<trkpt lat="35.40811790433383" lon="-83.60716825246195">
				<ele>539.0314445486292</ele>
				<time>2025-11-15T17:13:45Z</time>
			</trkpt>
			<trkpt lat="35.40814915471146" lon="-83.60718329108852">
				<ele>538.2677791919559</ele>
				<time>2025-11-15T17:13:46Z</time>
			</trkpt>
			<trkpt lat="35.408182354434835" lon="-83.60720089299397">
				<ele>538.3939708108082</ele>
				<time>2025-11-15T17:13:47Z</time>
			</trkpt>
			<trkpt lat="35.40820978260812" lon="-83.60722425922302">
				<ele>538.5776850031689</ele>
				<time>2025-11-15T17:13:48Z</time>
			</trkpt>
			<trkpt lat="35.40824165828301" lon="-83.60724918693664">
				<ele>538.785179162398</ele>
				<time>2025-11-15T17:13:49Z</time>
			</trkpt>
			<trkpt lat="35.408267031489466" lon="-83.60727821604789">
				<ele>539.1151171484962</ele>
				<time>2025-11-15T17:13:50Z</time>
			</trkpt>
			<trkpt lat="35.4082856396331" lon="-83.60731148825967">
				<ele>539.4912414457649</ele>
				<time>2025-11-15T17:13:51Z</time>
			</trkpt>
			<trkpt lat="35.4082982855057" lon="-83.60735437460865">
				<ele>537.9498221343383</ele>
				<time>2025-11-15T17:13:52Z</time>
			</trkpt>
			<trkpt lat="35.40830646316678" lon="-83.60739274812465">
				<ele>536.0063423579559</ele>
				<time>2025-11-15T17:13:53Z</time>
			</trkpt>
			<trkpt lat="35.40830775894545" lon="-83.60742207806051">
				<ele>534.529759908095</ele>
				<time>2025-11-15T17:13:54Z</time>
			</trkpt>
			<trkpt lat="35.40830301421635" lon="-83.6074463251698">
				<ele>533.4066981384531</ele>
				<time>2025-11-15T17:13:55Z</time>
			</trkpt>
			<trkpt lat="35.40830219350486" lon="-83.60747371343662">
				<ele>532.4883977510035</ele>
				<time>2025-11-15T17:13:57Z</time>
			</trkpt>
			<trkpt lat="35.40827353891802" lon="-83.60749123388366">
				<ele>532.0469969352707</ele>
				<time>2025-11-15T17:13:59Z</time>
			</trkpt>
			<trkpt lat="35.40824674505895" lon="-83.6074998241149">
				<ele>533.6296413755044</ele>
				<time>2025-11-15T17:14:01Z</time>
			</trkpt>
			<trkpt lat="35.40823125945353" lon="-83.60751614622693">
				<ele>532.9324502935633</ele>
				<time>2025-11-15T17:14:02Z</time>
			</trkpt>
			<trkpt lat="35.40820023063593" lon="-83.60753221335442">
				<ele>535.0863607637584</ele>
				<time>2025-11-15T17:14:04Z</time>
			</trkpt>
			<trkpt lat="35.408175506651595" lon="-83.60756576820343">
				<ele>534.5723776193336</ele>
				<time>2025-11-15T17:14:06Z</time>
			</trkpt>
			<trkpt lat="35.40816209880231" lon="-83.60758246164173">
				<ele>535.6658687386662</ele>
				<time>2025-11-15T17:14:07Z</time>
			</trkpt>
			<trkpt lat="35.40814378257392" lon="-83.60759566655292">
				<ele>535.2520830454305</ele>
				<time>2025-11-15T17:14:08Z</time>
			</trkpt>
			<trkpt lat="35.40812475973193" lon="-83.60760558028423">
				<ele>535.6477703843266</ele>
				<time>2025-11-15T17:14:09Z</time>
			</trkpt>
			<trkpt lat="35.408108203339246" lon="-83.60761654516648">
				<ele>536.0491160247475</ele>
				<time>2025-11-15T17:14:10Z</time>
			</trkpt>
			<trkpt lat="35.40808743306395" lon="-83.60762370126147">
				<ele>536.0098560918123</ele>
				<time>2025-11-15T17:14:11Z</time>
			</trkpt>
			<trkpt lat="35.40806745590451" lon="-83.60762604420503">
				<ele>535.9316064575687</ele>
				<time>2025-11-15T17:14:12Z</time>
			</trkpt>
			<trkpt lat="35.40804262239186" lon="-83.60763120800026">
				<ele>536.4809310818091</ele>
				<time>2025-11-15T17:14:14Z</time>
			</trkpt>
			<trkpt lat="35.408016104384146" lon="-83.60764867170157">
				<ele>535.1316985739395</ele>
				<time>2025-11-15T17:14:15Z</time>
			</trkpt>
			<trkpt lat="35.40799765224494" lon="-83.60765766623702">
				<ele>536.5685990657657</ele>
				<time>2025-11-15T17:14:16Z</time>
			</trkpt>
			<trkpt lat="35.407977854370465" lon="-83.60766832787883">
				<ele>535.7482186127454</ele>
				<time>2025-11-15T17:14:17Z</time>
			</trkpt>
			<trkpt lat="35.407963447813735" lon="-83.60768499941788">
				<ele>536.9250431684777</ele>
				<time>2025-11-15T17:14:18Z</time>
			</trkpt>
			<trkpt lat="35.407945612565165" lon="-83.60769844051379">
				<ele>536.8163505820557</ele>
				<time>2025-11-15T17:14:19Z</time>
			</trkpt>
			<trkpt lat="35.407925556940995" lon="-83.60770747473205">
				<ele>536.317681173794</ele>
				<time>2025-11-15T17:14:20Z</time>
			</trkpt>
			<trkpt lat="35.40790553671002" lon="-83.60771649297045">
				<ele>536.9998742574826</ele>
				<time>2025-11-15T17:14:21Z</time>
			</trkpt>
			<trkpt lat="35.407885265523305" lon="-83.60772562427326">
				<ele>536.495269854553</ele>
				<time>2025-11-15T17:14:22Z</time>
			</trkpt>
			<trkpt lat="35.40785052915748" lon="-83.60773934009022">
				<ele>536.4728804621845</ele>
				<time>2025-11-15T17:14:24Z</time>
			</trkpt>
			<trkpt lat="35.40782026028667" lon="-83.60775071209446">
				<ele>536.2775307558477</ele>
				<time>2025-11-15T17:14:25Z</time>
			</trkpt>
			<trkpt lat="35.407795614829446" lon="-83.6077599531346">
				<ele>536.6915557915345</ele>
				<time>2025-11-15T17:14:26Z</time>
			</trkpt>
			<trkpt lat="35.40777947589023" lon="-83.6077776605746">
				<ele>536.7770245950669</ele>
				<time>2025-11-15T17:14:27Z</time>
			</trkpt>
			<trkpt lat="35.4077583083285" lon="-83.60780119119057">
				<ele>536.5987223926932</ele>
				<time>2025-11-15T17:14:28Z</time>
			</trkpt>
			<trkpt lat="35.4077449894125" lon="-83.60784380508723">
				<ele>536.1744926506653</ele>
				<time>2025-11-15T17:14:30Z</time>
			</trkpt>
			<trkpt lat="35.40769702132881" lon="-83.60788400610129">
				<ele>536.6994755109772</ele>
				<time>2025-11-15T17:14:31Z</time>
			</trkpt>
			<trkpt lat="35.40763290433933" lon="-83.60796187886707">
				<ele>535.4726939778775</ele>
				<time>2025-11-15T17:14:32Z</time>
			</trkpt>
			<trkpt lat="35.40758292408929" lon="-83.60799966954747">
				<ele>533.7702505942434</ele>
				<time>2025-11-15T17:14:33Z</time>
			</trkpt>
			<trkpt lat="35.40754882839504" lon="-83.6080230232192">
				<ele>534.108460710384</ele>
				<time>2025-11-15T17:14:34Z</time>
			</trkpt>
			<trkpt lat="35.40749588053216" lon="-83.60804547498913">
				<ele>535.3387263882905</ele>
				<time>2025-11-15T17:14:36Z</time>
			</trkpt>
			<trkpt lat="35.40746624963905" lon="-83.60806382934558">
				<ele>534.3990773009136</ele>
				<time>2025-11-15T17:14:37Z</time>
			</trkpt>
			<trkpt lat="35.40744705617941" lon="-83.6080757184136">
				<ele>534.9695704346523</ele>
				<time>2025-11-15T17:14:38Z</time>
			</trkpt>
			<trkpt lat="35.407418521303136" lon="-83.60809339387033">
				<ele>534.7099454794079</ele>
				<time>2025-11-15T17:14:39Z</time>
			</trkpt>
			<trkpt lat="35.407401666786974" lon="-83.60810383411459">
				<ele>534.6000716928393</ele>
				<time>2025-11-15T17:14:40Z</time>
			</trkpt>
			<trkpt lat="35.40738170081557" lon="-83.60811465420804">
				<ele>533.7283576419577</ele>
				<time>2025-11-15T17:14:41Z</time>
			</trkpt>
			<trkpt lat="35.40735552854604" lon="-83.60812416968028">
				<ele>533.4624254330993</ele>
				<time>2025-11-15T17:14:42Z</time>
			</trkpt>
			<trkpt lat="35.407333807511264" lon="-83.60813206683756">
				<ele>534.5474349567667</ele>
				<time>2025-11-15T17:14:43Z</time>
			</trkpt>
			<trkpt lat="35.40729333793071" lon="-83.60814678044898">
				<ele>532.0621145460755</ele>
				<time>2025-11-15T17:14:44Z</time>
			</trkpt>
			<trkpt lat="35.407259238803746" lon="-83.60815917791022">
				<ele>533.3372123008594</ele>
				<time>2025-11-15T17:14:45Z</time>
			</trkpt>
			<trkpt lat="35.40723429375005" lon="-83.6081668362652">
				<ele>533.6770024867728</ele>
				<time>2025-11-15T17:14:46Z</time>
			</trkpt>
			<trkpt lat="35.40719593167194" lon="-83.60817190105506">
				<ele>534.4756292486563</ele>
				<time>2025-11-15T17:14:47Z</time>
			</trkpt>
			<trkpt lat="35.407158243062845" lon="-83.60817687693851">
				<ele>534.4852610062808</ele>
				<time>2025-11-15T17:14:48Z</time>
			</trkpt>
			<trkpt lat="35.40712686703875" lon="-83.60818101939675">
				<ele>533.4551073005423</ele>
				<time>2025-11-15T17:14:49Z</time>
			</trkpt>
			<trkpt lat="35.40708688348269" lon="-83.60818629827489">
				<ele>533.2655363380909</ele>
				<time>2025-11-15T17:14:50Z</time>
			</trkpt>
			<trkpt lat="35.407034840444574" lon="-83.60819170342613">
				<ele>534.7809205884114</ele>
				<time>2025-11-15T17:14:51Z</time>
			</trkpt>
			<trkpt lat="35.40698822421456" lon="-83.60819644005508">
				<ele>534.8341134460643</ele>
				<time>2025-11-15T17:14:52Z</time>
			</trkpt>
			<trkpt lat="35.406949449577965" lon="-83.60820121213007">
				<ele>538.6523182522506</ele>
				<time>2025-11-15T17:14:53Z</time>
			</trkpt>
			<trkpt lat="35.406901036333274" lon="-83.60820860216414">
				<ele>539.6131719416007</ele>
				<time>2025-11-15T17:14:54Z</time>
			</trkpt>
			<trkpt lat="35.40686799568888" lon="-83.60821758358263">
				<ele>540.0242947610095</ele>
				<time>2025-11-15T17:14:55Z</time>
			</trkpt>
			<trkpt lat="35.40683529928281" lon="-83.60822647142648">
				<ele>540.1577896261588</ele>
				<time>2025-11-15T17:14:56Z</time>
			</trkpt>
			<trkpt lat="35.40680734793745" lon="-83.60823406941975">
				<ele>539.9058429943398</ele>
				<time>2025-11-15T17:14:57Z</time>
			</trkpt>
			<trkpt lat="35.40678556238847" lon="-83.60823999137256">
				<ele>542.5261671412736</ele>
				<time>2025-11-15T17:14:58Z</time>
			</trkpt>
			<trkpt lat="35.406760285504035" lon="-83.60824686235705">
				<ele>544.0045119328424</ele>
				<time>2025-11-15T17:14:59Z</time>
			</trkpt>
			<trkpt lat="35.40673046036825" lon="-83.60825496971071">
				<ele>543.6125916177407</ele>
				<time>2025-11-15T17:15:00Z</time>
			</trkpt>
			<trkpt lat="35.406698893294966" lon="-83.60826415248908">
				<ele>544.0182919446379</ele>
				<time>2025-11-15T17:15:01Z</time>
			</trkpt>
			<trkpt lat="35.40665604080127" lon="-83.60827666281011">
				<ele>541.8610152965412</ele>
				<time>2025-11-15T17:15:02Z</time>
			</trkpt>
			<trkpt lat="35.40662995105192" lon="-83.60828427941182">
				<ele>544.0142924729735</ele>
				<time>2025-11-15T17:15:03Z</time>
			</trkpt>
			<trkpt lat="35.406600530154954" lon="-83.6082928685287">
				<ele>542.619365170598</ele>
				<time>2025-11-15T17:15:04Z</time>
			</trkpt>
			<trkpt lat="35.406576580768146" lon="-83.60829986029056">
				<ele>542.3600944438949</ele>
				<time>2025-11-15T17:15:05Z</time>
			</trkpt>
			<trkpt lat="35.4065578100704" lon="-83.60830534020229">
				<ele>541.5244072033092</ele>
				<time>2025-11-15T17:15:06Z</time>
			</trkpt>
			<trkpt lat="35.40651972664196" lon="-83.60831401932076">
				<ele>541.6321048503742</ele>
				<time>2025-11-15T17:15:08Z</time>
			</trkpt>
			<trkpt lat="35.40649683107169" lon="-83.60831709877881">
				<ele>541.3640319239348</ele>
				<time>2025-11-15T17:15:10Z</time>
			</trkpt>
			<trkpt lat="35.406463724598815" lon="-83.6083215515914">
				<ele>541.9066764274612</ele>
				<time>2025-11-15T17:15:12Z</time>
			</trkpt>
			<trkpt lat="35.406445511883035" lon="-83.60832400119249">
				<ele>542.7169765532017</ele>
				<time>2025-11-15T17:15:13Z</time>
			</trkpt>
			<trkpt lat="35.40642561646534" lon="-83.60832667713265">
				<ele>542.2574895350263</ele>
				<time>2025-11-15T17:15:14Z</time>
			</trkpt>
			<trkpt lat="35.40640414742582" lon="-83.60832956472038">
				<ele>542.0575337745249</ele>
				<time>2025-11-15T17:15:15Z</time>
			</trkpt>
			<trkpt lat="35.40638041131038" lon="-83.60833275722514">
				<ele>541.8805134296417</ele>
				<time>2025-11-15T17:15:17Z</time>
			</trkpt>
			<trkpt lat="35.40634567773225" lon="-83.60833742887829">
				<ele>543.4974291156977</ele>
				<time>2025-11-15T17:15:19Z</time>
			</trkpt>
			<trkpt lat="35.40631642154137" lon="-83.60835768172873">
				<ele>543.213930462487</ele>
				<time>2025-11-15T17:15:20Z</time>
			</trkpt>
			<trkpt lat="35.40628421066286" lon="-83.60835931439482">
				<ele>543.1090571284294</ele>
				<time>2025-11-15T17:15:23Z</time>
			</trkpt>
			<trkpt lat="35.40626455107902" lon="-83.60836735259598">
				<ele>544.0213296655566</ele>
				<time>2025-11-15T17:15:26Z</time>
			</trkpt>
			<trkpt lat="35.40630700228884" lon="-83.60834999554459">
				<ele>545.1927523342893</ele>
				<time>2025-11-15T17:15:29Z</time>
			</trkpt>
			<trkpt lat="35.40632647158826" lon="-83.60834203512185">
				<ele>545.163531312719</ele>
				<time>2025-11-15T17:15:31Z</time>
			</trkpt>
			<trkpt lat="35.40634496684232" lon="-83.60833752446842">
				<ele>546.551714158617</ele>
				<time>2025-11-15T17:15:32Z</time>
			</trkpt>
			<trkpt lat="35.406376432930564" lon="-83.60833329227852">
				<ele>547.1040918780491</ele>
				<time>2025-11-15T17:15:34Z</time>
			</trkpt>
			<trkpt lat="35.40641120582123" lon="-83.60832861531568">
				<ele>548.4950441895053</ele>
				<time>2025-11-15T17:15:36Z</time>
			</trkpt>
			<trkpt lat="35.406469104806646" lon="-83.60832082788932">
				<ele>549.528380789794</ele>
				<time>2025-11-15T17:15:38Z</time>
			</trkpt>
			<trkpt lat="35.40650157112732" lon="-83.60831646116785">
				<ele>550.1763095119968</ele>
				<time>2025-11-15T17:15:39Z</time>
			</trkpt>
			<trkpt lat="35.406528163965035" lon="-83.60831288442105">
				<ele>551.412966908887</ele>
				<time>2025-11-15T17:15:40Z</time>
			</trkpt>
			<trkpt lat="35.406551745608986" lon="-83.6083071105892">
				<ele>549.421610259451</ele>
				<time>2025-11-15T17:15:41Z</time>
			</trkpt>
			<trkpt lat="35.40657554411591" lon="-83.60830016286242">
				<ele>550.619175623171</ele>
				<time>2025-11-15T17:15:42Z</time>
			</trkpt>
			<trkpt lat="35.406608793879705" lon="-83.6082904559555">
				<ele>550.1109096836299</ele>
				<time>2025-11-15T17:15:43Z</time>
			</trkpt>
			<trkpt lat="35.406649028878995" lon="-83.60827870979296">
				<ele>550.6741375457495</ele>
				<time>2025-11-15T17:15:44Z</time>
			</trkpt>
			<trkpt lat="35.40669061552536" lon="-83.60826656902536">
				<ele>550.1573114087805</ele>
				<time>2025-11-15T17:15:45Z</time>
			</trkpt>
			<trkpt lat="35.406728994514246" lon="-83.60825536811709">
				<ele>550.4118145816028</ele>
				<time>2025-11-15T17:15:46Z</time>
			</trkpt>
			<trkpt lat="35.40676645476224" lon="-83.60824518531442">
				<ele>550.9201213009655</ele>
				<time>2025-11-15T17:15:47Z</time>
			</trkpt>
			<trkpt lat="35.406808194827555" lon="-83.60823383913187">
				<ele>550.9659050758928</ele>
				<time>2025-11-15T17:15:48Z</time>
			</trkpt>
			<trkpt lat="35.40686067473973" lon="-83.60821957354403">
				<ele>550.9185596425086</ele>
				<time>2025-11-15T17:15:49Z</time>
			</trkpt>
			<trkpt lat="35.40689466520532" lon="-83.60821033393337">
				<ele>551.022538616322</ele>
				<time>2025-11-15T17:15:50Z</time>
			</trkpt>
			<trkpt lat="35.40693851861976" lon="-83.6082021858338">
				<ele>551.5966433370486</ele>
				<time>2025-11-15T17:15:51Z</time>
			</trkpt>
			<trkpt lat="35.40697773958514" lon="-83.60819750524938">
				<ele>551.4457298954949</ele>
				<time>2025-11-15T17:15:52Z</time>
			</trkpt>
			<trkpt lat="35.40702289905848" lon="-83.60819291664997">
				<ele>551.2604658547789</ele>
				<time>2025-11-15T17:15:53Z</time>
			</trkpt>
			<trkpt lat="35.407052924098586" lon="-83.60818986583746">
				<ele>551.8976979833096</ele>
				<time>2025-11-15T17:15:54Z</time>
			</trkpt>
			<trkpt lat="35.407096557248906" lon="-83.60818502093463">
				<ele>552.2405752660707</ele>
				<time>2025-11-15T17:15:55Z</time>
			</trkpt>
			<trkpt lat="35.407148979867486" lon="-83.60817809977281">
				<ele>552.9842123165727</ele>
				<time>2025-11-15T17:15:56Z</time>
			</trkpt>
			<trkpt lat="35.40718648030505" lon="-83.60817314872314">
				<ele>554.149723360315</ele>
				<time>2025-11-15T17:15:57Z</time>
			</trkpt>
			<trkpt lat="35.40722755968111" lon="-83.60816772517333">
				<ele>554.8848569765687</ele>
				<time>2025-11-15T17:15:58Z</time>
			</trkpt>
			<trkpt lat="35.4072942100165" lon="-83.60814646318475">
				<ele>554.8708102172241</ele>
				<time>2025-11-15T17:16:00Z</time>
			</trkpt>
			<trkpt lat="35.40735632058571" lon="-83.60814409803803">
				<ele>555.8969766646624</ele>
				<time>2025-11-15T17:16:01Z</time>
			</trkpt>
			<trkpt lat="35.40742204105364" lon="-83.60814683402555">
				<ele>555.5073886858299</ele>
				<time>2025-11-15T17:16:02Z</time>
			</trkpt>
			<trkpt lat="35.40745684203907" lon="-83.60816580569029">
				<ele>554.850178828463</ele>
				<time>2025-11-15T17:16:03Z</time>
			</trkpt>
			<trkpt lat="35.407501334106605" lon="-83.60819326700044">
				<ele>555.051544287242</ele>
				<time>2025-11-15T17:16:04Z</time>
			</trkpt>
			<trkpt lat="35.40754600105297" lon="-83.60822267202386">
				<ele>555.5522850267589</ele>
				<time>2025-11-15T17:16:05Z</time>
			</trkpt>
			<trkpt lat="35.40758469498501" lon="-83.6082574643659">
				<ele>555.5118550695479</ele>
				<time>2025-11-15T17:16:06Z</time>
			</trkpt>
			<trkpt lat="35.40762242704575" lon="-83.60829636324125">
				<ele>555.4885116955265</ele>
				<time>2025-11-15T17:16:07Z</time>
			</trkpt>
			<trkpt lat="35.407652881939434" lon="-83.60835916273662">
				<ele>553.9756978051737</ele>
				<time>2025-11-15T17:16:08Z</time>
			</trkpt>
			<trkpt lat="35.407685558971046" lon="-83.60840793236815">
				<ele>555.2525535840541</ele>
				<time>2025-11-15T17:16:09Z</time>
			</trkpt>
			<trkpt lat="35.40773488390269" lon="-83.60847706140065">
				<ele>551.6234622821212</ele>
				<time>2025-11-15T17:16:10Z</time>
			</trkpt>
			<trkpt lat="35.407765658916475" lon="-83.60848811429159">
				<ele>550.5433158949018</ele>
				<time>2025-11-15T17:16:11Z</time>
			</trkpt>
			<trkpt lat="35.4077940033206" lon="-83.60850268332484">
				<ele>548.9055543327704</ele>
				<time>2025-11-15T17:16:12Z</time>
			</trkpt>
			<trkpt lat="35.4078223911918" lon="-83.60852503899085">
				<ele>547.0807553259656</ele>
				<time>2025-11-15T17:16:13Z</time>
			</trkpt>
			<trkpt lat="35.407844847283656" lon="-83.6085468360535">
				<ele>545.3904094789177</ele>
				<time>2025-11-15T17:16:14Z</time>
			</trkpt>
			<trkpt lat="35.407864052930364" lon="-83.60856644744597">
				<ele>544.8702817605808</ele>
				<time>2025-11-15T17:16:15Z</time>
			</trkpt>
			<trkpt lat="35.40788296296805" lon="-83.60860597356722">
				<ele>542.8197180014104</ele>
				<time>2025-11-15T17:16:17Z</time>
			</trkpt>
			<trkpt lat="35.40790529207473" lon="-83.60862676459381">
				<ele>541.9715793505311</ele>
				<time>2025-11-15T17:16:18Z</time>
			</trkpt>
			<trkpt lat="35.40793176428966" lon="-83.60865016747789">
				<ele>541.1944599542767</ele>
				<time>2025-11-15T17:16:19Z</time>
			</trkpt>
			<trkpt lat="35.40795435064099" lon="-83.60866479511913">
				<ele>540.8010258199647</ele>
				<time>2025-11-15T17:16:20Z</time>
			</trkpt>
			<trkpt lat="35.40797342963059" lon="-83.60867844112786">
				<ele>540.5886730179191</ele>
				<time>2025-11-15T17:16:21Z</time>
			</trkpt>
			<trkpt lat="35.4079936881339" lon="-83.60868737564488">
				<ele>540.338287923485</ele>
				<time>2025-11-15T17:16:22Z</time>
			</trkpt>
			<trkpt lat="35.40801662534222" lon="-83.60869783008492">
				<ele>538.8429716592655</ele>
				<time>2025-11-15T17:16:23Z</time>
			</trkpt>
			<trkpt lat="35.40803736736178" lon="-83.60870168623305">
				<ele>538.4196732919663</ele>
				<time>2025-11-15T17:16:24Z</time>
			</trkpt>
			<trkpt lat="35.40805862581164" lon="-83.60870966491551">
				<ele>539.1865574344993</ele>
				<time>2025-11-15T17:16:25Z</time>
			</trkpt>
			<trkpt lat="35.40807735858044" lon="-83.60871585353658">
				<ele>539.8984732218087</ele>
				<time>2025-11-15T17:16:26Z</time>
			</trkpt>
			<trkpt lat="35.40809320822734" lon="-83.60872747879617">
				<ele>538.4466244727373</ele>
				<time>2025-11-15T17:16:27Z</time>
			</trkpt>
			<trkpt lat="35.408126994696495" lon="-83.60874231996924">
				<ele>539.8752740267664</ele>
				<time>2025-11-15T17:16:28Z</time>
			</trkpt>
			<trkpt lat="35.40818277937249" lon="-83.6087724027834">
				<ele>541.0273352311924</ele>
				<time>2025-11-15T17:16:30Z</time>
			</trkpt>
			<trkpt lat="35.408228751433526" lon="-83.60881493464224">
				<ele>539.1843176521361</ele>
				<time>2025-11-15T17:16:31Z</time>
			</trkpt>
			<trkpt lat="35.40828113597216" lon="-83.60887487343275">
				<ele>539.8013151045889</ele>
				<time>2025-11-15T17:16:33Z</time>
			</trkpt>
			<trkpt lat="35.40829344811452" lon="-83.6088911877848">
				<ele>539.8417358091101</ele>
				<time>2025-11-15T17:16:34Z</time>
			</trkpt>
			<trkpt lat="35.40832072763079" lon="-83.60891218748559">
				<ele>540.2545518921688</ele>
				<time>2025-11-15T17:16:35Z</time>
			</trkpt>
			<trkpt lat="35.40835923224963" lon="-83.60892109903452">
				<ele>542.6147253578529</ele>
				<time>2025-11-15T17:16:36Z</time>
			</trkpt>
			<trkpt lat="35.40837758586463" lon="-83.60891613726692">
				<ele>543.6301535740495</ele>
				<time>2025-11-15T17:16:37Z</time>
			</trkpt>
			<trkpt lat="35.408405593694084" lon="-83.60891228042554">
				<ele>544.2246232042089</ele>
				<time>2025-11-15T17:16:38Z</time>
			</trkpt>
			<trkpt lat="35.408443657386556" lon="-83.6089011447834">
				<ele>545.3151695970446</ele>
				<time>2025-11-15T17:16:40Z</time>
			</trkpt>
			<trkpt lat="35.4084889185763" lon="-83.60890469475233">
				<ele>543.880053512752</ele>
				<time>2025-11-15T17:16:42Z</time>
			</trkpt>
			<trkpt lat="35.40850558059812" lon="-83.60891726951128">
				<ele>543.3478657538071</ele>
				<time>2025-11-15T17:16:43Z</time>
			</trkpt>
			<trkpt lat="35.408532928503746" lon="-83.6089239537606">
				<ele>544.295057115145</ele>
				<time>2025-11-15T17:16:44Z</time>
			</trkpt>
			<trkpt lat="35.40855832891993" lon="-83.60894730211106">
				<ele>541.8646169044077</ele>
				<time>2025-11-15T17:16:45Z</time>
			</trkpt>
			<trkpt lat="35.40859183640347" lon="-83.60896546606742">
				<ele>540.8461262825876</ele>
				<time>2025-11-15T17:16:46Z</time>
			</trkpt>
			<trkpt lat="35.40861548718992" lon="-83.60898054172192">
				<ele>540.1621529515833</ele>
				<time>2025-11-15T17:16:47Z</time>
			</trkpt>
			<trkpt lat="35.40865562756004" lon="-83.60900361571723">
				<ele>539.6799463033676</ele>
				<time>2025-11-15T17:16:48Z</time>
			</trkpt>
			<trkpt lat="35.40867602863931" lon="-83.60902320117006">
				<ele>539.8060696879402</ele>
				<time>2025-11-15T17:16:49Z</time>
			</trkpt>
			<trkpt lat="35.40870448828981" lon="-83.60904717623661">
				<ele>539.0223794598132</ele>
				<time>2025-11-15T17:16:50Z</time>
			</trkpt>
			<trkpt lat="35.408725792205054" lon="-83.60907265180896">
				<ele>537.3498643534258</ele>
				<time>2025-11-15T17:16:51Z</time>
			</trkpt>
			<trkpt lat="35.40874704032991" lon="-83.60909042908978">
				<ele>537.1641586385667</ele>
				<time>2025-11-15T17:16:52Z</time>
			</trkpt>
			<trkpt lat="35.40877079521745" lon="-83.60910668079184">
				<ele>536.5111119402573</ele>
				<time>2025-11-15T17:16:53Z</time>
			</trkpt>
			<trkpt lat="35.40879301805714" lon="-83.60912675065018">
				<ele>535.988290659152</ele>
				<time>2025-11-15T17:16:54Z</time>
			</trkpt>
			<trkpt lat="35.40881122759047" lon="-83.60914821406334">
				<ele>536.3175981147215</ele>
				<time>2025-11-15T17:16:55Z</time>
			</trkpt>
			<trkpt lat="35.40883420715517" lon="-83.60917568798003">
				<ele>535.2295078737661</ele>
				<time>2025-11-15T17:16:56Z</time>
			</trkpt>
			<trkpt lat="35.40884848954937" lon="-83.60919372574428">
				<ele>534.6615876322612</ele>
				<time>2025-11-15T17:16:57Z</time>
			</trkpt>
			<trkpt lat="35.40886974995103" lon="-83.6092204320346">
				<ele>534.7916230065748</ele>
				<time>2025-11-15T17:16:58Z</time>
			</trkpt>
			<trkpt lat="35.40889199531966" lon="-83.60924319974818">
				<ele>534.7661120183766</ele>
				<time>2025-11-15T17:16:59Z</time>
			</trkpt>
			<trkpt lat="35.40891013738587" lon="-83.60926242958804">
				<ele>535.4847411802039</ele>
				<time>2025-11-15T17:17:00Z</time>
			</trkpt>
			<trkpt lat="35.40892824781103" lon="-83.60928171222474">
				<ele>534.9954409683123</ele>
				<time>2025-11-15T17:17:01Z</time>
			</trkpt>
			<trkpt lat="35.4089457612325" lon="-83.60929881153069">
				<ele>535.6189510682598</ele>
				<time>2025-11-15T17:17:02Z</time>
			</trkpt>
			<trkpt lat="35.40896002501512" lon="-83.60931525137657">
				<ele>535.8997509283945</ele>
				<time>2025-11-15T17:17:03Z</time>
			</trkpt>
			<trkpt lat="35.40897575132599" lon="-83.60934800414124">
				<ele>536.0971344895661</ele>
				<time>2025-11-15T17:17:05Z</time>
			</trkpt>
			<trkpt lat="35.40898597454356" lon="-83.60937688553767">
				<ele>537.7074777502567</ele>
				<time>2025-11-15T17:17:13Z</time>
			</trkpt>
			<trkpt lat="35.40898909018798" lon="-83.60940586593871">
				<ele>538.586483489722</ele>
				<time>2025-11-15T17:17:16Z</time>
			</trkpt>
			<trkpt lat="35.408979264325794" lon="-83.6094369363676">
				<ele>540.0306557090953</ele>
				<time>2025-11-15T17:17:19Z</time>
			</trkpt>
			<trkpt lat="35.40897958296842" lon="-83.60946209891488">
				<ele>540.6787434825674</ele>
				<time>2025-11-15T17:17:21Z</time>
			</trkpt>
			<trkpt lat="35.40898096608481" lon="-83.60949285478809">
				<ele>542.2668986115605</ele>
				<time>2025-11-15T17:17:23Z</time>
			</trkpt>
			<trkpt lat="35.40898409725985" lon="-83.60952619499466">
				<ele>543.8162479987368</ele>
				<time>2025-11-15T17:17:25Z</time>
			</trkpt>
			<trkpt lat="35.40898237508066" lon="-83.60955688346877">
				<ele>545.2863581199199</ele>
				<time>2025-11-15T17:17:27Z</time>
			</trkpt>
			<trkpt lat="35.40899270280088" lon="-83.60958648448171">
				<ele>545.2802044879645</ele>
				<time>2025-11-15T17:17:29Z</time>
			</trkpt>
			<trkpt lat="35.40899689458293" lon="-83.60963003816009">
				<ele>545.8141691824421</ele>
				<time>2025-11-15T17:17:31Z</time>
			</trkpt>
			<trkpt lat="35.40899890190008" lon="-83.60967306228333">
				<ele>546.1304652141407</ele>
				<time>2025-11-15T17:17:33Z</time>
			</trkpt>
			<trkpt lat="35.408998882781496" lon="-83.60969751330069">
				<ele>545.5311439223588</ele>
				<time>2025-11-15T17:17:34Z</time>
			</trkpt>
			<trkpt lat="35.40900303640677" lon="-83.60973544995458">
				<ele>545.4142005909234</ele>
				<time>2025-11-15T17:17:36Z</time>
			</trkpt>
			<trkpt lat="35.40901282858419" lon="-83.60976714575463">
				<ele>548.088265100494</ele>
				<time>2025-11-15T17:17:38Z</time>
			</trkpt>
			<trkpt lat="35.40901942110243" lon="-83.60980911046939">
				<ele>547.524786086753</ele>
				<time>2025-11-15T17:17:40Z</time>
			</trkpt>
			<trkpt lat="35.409028835299196" lon="-83.60982946028886">
				<ele>547.8841649433598</ele>
				<time>2025-11-15T17:17:41Z</time>
			</trkpt>
			<trkpt lat="35.40904210292577" lon="-83.6098468127681">
				<ele>549.1982626095414</ele>
				<time>2025-11-15T17:17:42Z</time>
			</trkpt>
			<trkpt lat="35.409053659410546" lon="-83.60988361186945">
				<ele>549.4079266330227</ele>
				<time>2025-11-15T17:17:44Z</time>
			</trkpt>
			<trkpt lat="35.40905677197312" lon="-83.60990763862516">
				<ele>549.8664473416284</ele>
				<time>2025-11-15T17:17:46Z</time>
			</trkpt>
			<trkpt lat="35.40907473763016" lon="-83.60992544057753">
				<ele>550.0202541667968</ele>
				<time>2025-11-15T17:17:48Z</time>
			</trkpt>
			<trkpt lat="35.40909763265376" lon="-83.60992543998381">
				<ele>551.4814164657146</ele>
				<time>2025-11-15T17:17:49Z</time>
			</trkpt>
			<trkpt lat="35.40911766976085" lon="-83.60994750713229">
				<ele>552.4152289722115</ele>
				<time>2025-11-15T17:17:52Z</time>
			</trkpt>
			<trkpt lat="35.409132875761195" lon="-83.6099620140516">
				<ele>551.6835790118203</ele>
				<time>2025-11-15T17:17:53Z</time>
			</trkpt>
			<trkpt lat="35.40916139548473" lon="-83.60998205527844">
				<ele>553.2226068079472</ele>
				<time>2025-11-15T17:17:55Z</time>
			</trkpt>
			<trkpt lat="35.40917727958675" lon="-83.61000275090419">
				<ele>552.5425165416673</ele>
				<time>2025-11-15T17:17:56Z</time>
			</trkpt>
			<trkpt lat="35.40919597632674" lon="-83.61002085265712">
				<ele>552.0423426115885</ele>
				<time>2025-11-15T17:17:57Z</time>
			</trkpt>
			<trkpt lat="35.409212756451915" lon="-83.6100473806859">
				<ele>553.4436868224293</ele>
				<time>2025-11-15T17:17:58Z</time>
			</trkpt>
			<trkpt lat="35.40923010027927" lon="-83.61006987711258">
				<ele>553.6468369429931</ele>
				<time>2025-11-15T17:17:59Z</time>
			</trkpt>
			<trkpt lat="35.409244702239896" lon="-83.61009268521191">
				<ele>554.3461891049519</ele>
				<time>2025-11-15T17:18:00Z</time>
			</trkpt>
			<trkpt lat="35.409257172164466" lon="-83.6101208062967">
				<ele>553.1941747236997</ele>
				<time>2025-11-15T17:18:01Z</time>
			</trkpt>
			<trkpt lat="35.40927277645469" lon="-83.61014128069466">
				<ele>553.1115958327428</ele>
				<time>2025-11-15T17:18:02Z</time>
			</trkpt>
			<trkpt lat="35.40929628724681" lon="-83.61016691624218">
				<ele>552.8094097003341</ele>
				<time>2025-11-15T17:18:04Z</time>
			</trkpt>
			<trkpt lat="35.40931641838921" lon="-83.61019487900892">
				<ele>554.1508555253968</ele>
				<time>2025-11-15T17:18:06Z</time>
			</trkpt>
			<trkpt lat="35.409329138987395" lon="-83.61022159556663">
				<ele>552.0173280667514</ele>
				<time>2025-11-15T17:18:07Z</time>
			</trkpt>
			<trkpt lat="35.40934050645564" lon="-83.61024238526645">
				<ele>551.6583850681782</ele>
				<time>2025-11-15T17:18:08Z</time>
			</trkpt>
			<trkpt lat="35.40935409186795" lon="-83.61026018974448">
				<ele>551.2412241343409</ele>
				<time>2025-11-15T17:18:09Z</time>
			</trkpt>
			<trkpt lat="35.40936995338488" lon="-83.61028981964415">
				<ele>551.776288128458</ele>
				<time>2025-11-15T17:18:11Z</time>
			</trkpt>
			<trkpt lat="35.40939627262624" lon="-83.61031852345941">
				<ele>552.2216070443392</ele>
				<time>2025-11-15T17:18:13Z</time>
			</trkpt>
			<trkpt lat="35.40941728977929" lon="-83.61034123851594">
				<ele>552.7786063281819</ele>
				<time>2025-11-15T17:18:14Z</time>
			</trkpt>
			<trkpt lat="35.40943479612613" lon="-83.6103617099131">
				<ele>553.5072982916608</ele>
				<time>2025-11-15T17:18:15Z</time>
			</trkpt>
			<trkpt lat="35.40944898012291" lon="-83.61038329843056">
				<ele>553.8294556597248</ele>
				<time>2025-11-15T17:18:16Z</time>
			</trkpt>
			<trkpt lat="35.40947253458495" lon="-83.61040905479999">
				<ele>554.592475968413</ele>
				<time>2025-11-15T17:18:18Z</time>
			</trkpt>
			<trkpt lat="35.40948394895669" lon="-83.61042738231782">
				<ele>554.135745040141</ele>
				<time>2025-11-15T17:18:19Z</time>
			</trkpt>
			<trkpt lat="35.40949215412014" lon="-83.61045125784662">
				<ele>554.1067288937047</ele>
				<time>2025-11-15T17:18:20Z</time>
			</trkpt>
			<trkpt lat="35.409498818477054" lon="-83.61047221637182">
				<ele>554.1103708604351</ele>
				<time>2025-11-15T17:18:21Z</time>
			</trkpt>
			<trkpt lat="35.40951366728721" lon="-83.6105104420994">
				<ele>554.1410523047671</ele>
				<time>2025-11-15T17:18:23Z</time>
			</trkpt>
			<trkpt lat="35.409528924271186" lon="-83.61052769140049">
				<ele>554.3736595697701</ele>
				<time>2025-11-15T17:18:24Z</time>
			</trkpt>
			<trkpt lat="35.4095550385064" lon="-83.61056581516918">
				<ele>554.1481695696712</ele>
				<time>2025-11-15T17:18:26Z</time>
			</trkpt>
			<trkpt lat="35.40956941532196" lon="-83.61058309231366">
				<ele>554.4631518162787</ele>
				<time>2025-11-15T17:18:27Z</time>
			</trkpt>
			<trkpt lat="35.40958449119296" lon="-83.61060880874552">
				<ele>554.0562674310058</ele>
				<time>2025-11-15T17:18:28Z</time>
			</trkpt>
			<trkpt lat="35.40960098636141" lon="-83.61063115973687">
				<ele>555.0231089470908</ele>
				<time>2025-11-15T17:18:29Z</time>
			</trkpt>
			<trkpt lat="35.40963156473739" lon="-83.61066288727201">
				<ele>555.7980916677043</ele>
				<time>2025-11-15T17:18:30Z</time>
			</trkpt>
			<trkpt lat="35.40965309167143" lon="-83.61068998586073">
				<ele>556.8623780841008</ele>
				<time>2025-11-15T17:18:31Z</time>
			</trkpt>
			<trkpt lat="35.40967218931021" lon="-83.61072398196008">
				<ele>556.9501726171002</ele>
				<time>2025-11-15T17:18:32Z</time>
			</trkpt>
			<trkpt lat="35.409674875838526" lon="-83.61076726417397">
				<ele>555.6178025174886</ele>
				<time>2025-11-15T17:18:33Z</time>
			</trkpt>
			<trkpt lat="35.40967550210944" lon="-83.61080327870901">
				<ele>556.1295448169112</ele>
				<time>2025-11-15T17:18:34Z</time>
			</trkpt>
			<trkpt lat="35.40967308272037" lon="-83.61084080622133">
				<ele>555.8890467844903</ele>
				<time>2025-11-15T17:18:35Z</time>
			</trkpt>
			<trkpt lat="35.4096635322774" lon="-83.61087152283675">
				<ele>555.29787984211</ele>
				<time>2025-11-15T17:18:36Z</time>
			</trkpt>
			<trkpt lat="35.40965188956962" lon="-83.6109139626714">
				<ele>554.3045986024663</ele>
				<time>2025-11-15T17:18:37Z</time>
			</trkpt>
			<trkpt lat="35.409647389158714" lon="-83.61095306911535">
				<ele>553.7988404482603</ele>
				<time>2025-11-15T17:18:38Z</time>
			</trkpt>
			<trkpt lat="35.40964308627959" lon="-83.61098637537522">
				<ele>553.1915990039706</ele>
				<time>2025-11-15T17:18:39Z</time>
			</trkpt>
			<trkpt lat="35.40963862718635" lon="-83.61101418528897">
				<ele>553.2467244677246</ele>
				<time>2025-11-15T17:18:40Z</time>
			</trkpt>
			<trkpt lat="35.409632299587116" lon="-83.61104037178943">
				<ele>553.0516969030723</ele>
				<time>2025-11-15T17:18:41Z</time>
			</trkpt>
			<trkpt lat="35.40962669788255" lon="-83.61107086352015">
				<ele>553.3321934249252</ele>
				<time>2025-11-15T17:18:42Z</time>
			</trkpt>
			<trkpt lat="35.4096284741853" lon="-83.61110607837769">
				<ele>552.7429655585438</ele>
				<time>2025-11-15T17:18:43Z</time>
			</trkpt>
			<trkpt lat="35.40963831854939" lon="-83.61113104423636">
				<ele>553.6184404557571</ele>
				<time>2025-11-15T17:18:44Z</time>
			</trkpt>
			<trkpt lat="35.40965519711583" lon="-83.61115899293064">
				<ele>554.0301624424756</ele>
				<time>2025-11-15T17:18:45Z</time>
			</trkpt>
			<trkpt lat="35.40967217340498" lon="-83.61118072039218">
				<ele>554.4587962552905</ele>
				<time>2025-11-15T17:18:46Z</time>
			</trkpt>
			<trkpt lat="35.409690169287266" lon="-83.6112016026834">
				<ele>553.976481419988</ele>
				<time>2025-11-15T17:18:47Z</time>
			</trkpt>
			<trkpt lat="35.409704446373674" lon="-83.6112287159017">
				<ele>555.7061474593356</ele>
				<time>2025-11-15T17:18:49Z</time>
			</trkpt>
			<trkpt lat="35.409725143449116" lon="-83.61126841300208">
				<ele>556.6971913306043</ele>
				<time>2025-11-15T17:18:51Z</time>
			</trkpt>
			<trkpt lat="35.40974179014581" lon="-83.6112899823605">
				<ele>557.6329173445702</ele>
				<time>2025-11-15T17:18:54Z</time>
			</trkpt>
			<trkpt lat="35.409753090227795" lon="-83.61131363907047">
				<ele>557.0213314490393</ele>
				<time>2025-11-15T17:18:56Z</time>
			</trkpt>
			<trkpt lat="35.40977559136287" lon="-83.61134100057286">
				<ele>556.548666337505</ele>
				<time>2025-11-15T17:18:58Z</time>
			</trkpt>
			<trkpt lat="35.409795659806974" lon="-83.61135932707299">
				<ele>557.2172426749021</ele>
				<time>2025-11-15T17:19:00Z</time>
			</trkpt>
			<trkpt lat="35.40981527262557" lon="-83.61137215021587">
				<ele>556.5979744456708</ele>
				<time>2025-11-15T17:19:01Z</time>
			</trkpt>
			<trkpt lat="35.40983312284107" lon="-83.611383134761">
				<ele>558.4620205387473</ele>
				<time>2025-11-15T17:19:02Z</time>
			</trkpt>
			<trkpt lat="35.409853649327616" lon="-83.6113959492483">
				<ele>557.918997685425</ele>
				<time>2025-11-15T17:19:03Z</time>
			</trkpt>
			<trkpt lat="35.409871757901996" lon="-83.61140550282404">
				<ele>560.227256285958</ele>
				<time>2025-11-15T17:19:04Z</time>
			</trkpt>
			<trkpt lat="35.40990091173082" lon="-83.61143201898406">
				<ele>560.9160884758458</ele>
				<time>2025-11-15T17:19:06Z</time>
			</trkpt>
			<trkpt lat="35.40992800798322" lon="-83.61145999167485">
				<ele>560.8289817338809</ele>
				<time>2025-11-15T17:19:08Z</time>
			</trkpt>
			<trkpt lat="35.40994500806829" lon="-83.61147226564711">
				<ele>560.8270215624943</ele>
				<time>2025-11-15T17:19:09Z</time>
			</trkpt>
			<trkpt lat="35.409960173860476" lon="-83.61149002468855">
				<ele>560.9660644279793</ele>
				<time>2025-11-15T17:19:10Z</time>
			</trkpt>
			<trkpt lat="35.409972278114104" lon="-83.61151136025673">
				<ele>560.6509875860065</ele>
				<time>2025-11-15T17:19:11Z</time>
			</trkpt>
			<trkpt lat="35.40998720407714" lon="-83.61153650402069">
				<ele>559.1907925261185</ele>
				<time>2025-11-15T17:19:12Z</time>
			</trkpt>
			<trkpt lat="35.40999995257569" lon="-83.61155930079477">
				<ele>560.0255862735212</ele>
				<time>2025-11-15T17:19:13Z</time>
			</trkpt>
			<trkpt lat="35.41001945984228" lon="-83.61158047777981">
				<ele>560.2060853596777</ele>
				<time>2025-11-15T17:19:14Z</time>
			</trkpt>
			<trkpt lat="35.41004371073522" lon="-83.61160296625866">
				<ele>559.8161380002275</ele>
				<time>2025-11-15T17:19:15Z</time>
			</trkpt>
			<trkpt lat="35.41006503898046" lon="-83.61163451749722">
				<ele>558.0072149522603</ele>
				<time>2025-11-15T17:19:16Z</time>
			</trkpt>
			<trkpt lat="35.41008459450271" lon="-83.6116630927072">
				<ele>557.1766098588705</ele>
				<time>2025-11-15T17:19:17Z</time>
			</trkpt>
			<trkpt lat="35.41010065167921" lon="-83.61168591120315">
				<ele>557.9494552724063</ele>
				<time>2025-11-15T17:19:18Z</time>
			</trkpt>
			<trkpt lat="35.41011309504993" lon="-83.61171227126299">
				<ele>556.7695728391409</ele>
				<time>2025-11-15T17:19:19Z</time>
			</trkpt>
			<trkpt lat="35.41012467022174" lon="-83.61173314614682">
				<ele>556.348160716705</ele>
				<time>2025-11-15T17:19:20Z</time>
			</trkpt>
			<trkpt lat="35.41013382487924" lon="-83.61175481188874">
				<ele>555.7658603172749</ele>
				<time>2025-11-15T17:19:21Z</time>
			</trkpt>
			<trkpt lat="35.41015389119406" lon="-83.61179112681653">
				<ele>556.4485033759847</ele>
				<time>2025-11-15T17:19:23Z</time>
			</trkpt>
			<trkpt lat="35.41016883758053" lon="-83.61180911152259">
				<ele>556.6333002252504</ele>
				<time>2025-11-15T17:19:24Z</time>
			</trkpt>
			<trkpt lat="35.41018255452675" lon="-83.61182838362865">
				<ele>556.5796428844333</ele>
				<time>2025-11-15T17:19:25Z</time>
			</trkpt>
			<trkpt lat="35.4101973937306" lon="-83.61184517817382">
				<ele>556.5237643104047</ele>
				<time>2025-11-15T17:19:26Z</time>
			</trkpt>
			<trkpt lat="35.410204891762035" lon="-83.61186830461193">
				<ele>556.1950825303793</ele>
				<time>2025-11-15T17:19:27Z</time>
			</trkpt>
			<trkpt lat="35.41022018115187" lon="-83.61190508878917">
				<ele>556.6856740862131</ele>
				<time>2025-11-15T17:19:29Z</time>
			</trkpt>
			<trkpt lat="35.41022777701577" lon="-83.61192795634055">
				<ele>557.0630164509639</ele>
				<time>2025-11-15T17:19:30Z</time>
			</trkpt>
			<trkpt lat="35.4102355498747" lon="-83.61196070764662">
				<ele>557.5781990550458</ele>
				<time>2025-11-15T17:19:32Z</time>
			</trkpt>
			<trkpt lat="35.4102363506325" lon="-83.61198597898975">
				<ele>556.0278776558116</ele>
				<time>2025-11-15T17:19:33Z</time>
			</trkpt>
			<trkpt lat="35.41023802763764" lon="-83.61203677410218">
				<ele>556.7798018129542</ele>
				<time>2025-11-15T17:19:35Z</time>
			</trkpt>
			<trkpt lat="35.410241620867865" lon="-83.6120705300249">
				<ele>556.8708067098632</ele>
				<time>2025-11-15T17:19:36Z</time>
			</trkpt>
			<trkpt lat="35.41024456921079" lon="-83.61209941664296">
				<ele>557.3137766690925</ele>
				<time>2025-11-15T17:19:37Z</time>
			</trkpt>
			<trkpt lat="35.41025075792825" lon="-83.61212938053598">
				<ele>556.8196895942092</ele>
				<time>2025-11-15T17:19:38Z</time>
			</trkpt>
			<trkpt lat="35.41025830203945" lon="-83.61215597020859">
				<ele>557.0037262551486</ele>
				<time>2025-11-15T17:19:39Z</time>
			</trkpt>
			<trkpt lat="35.4102651877979" lon="-83.6121893399696">
				<ele>556.198032961227</ele>
				<time>2025-11-15T17:19:40Z</time>
			</trkpt>
			<trkpt lat="35.41026850452802" lon="-83.61222144324563">
				<ele>555.9066655961797</ele>
				<time>2025-11-15T17:19:41Z</time>
			</trkpt>
			<trkpt lat="35.41027157898871" lon="-83.61224747929872">
				<ele>556.3931164368987</ele>
				<time>2025-11-15T17:19:42Z</time>
			</trkpt>
			<trkpt lat="35.41027388568269" lon="-83.6122711991934">
				<ele>556.1541534531862</ele>
				<time>2025-11-15T17:19:43Z</time>
			</trkpt>
			<trkpt lat="35.410277345015444" lon="-83.61229705000555">
				<ele>557.4533139029518</ele>
				<time>2025-11-15T17:19:44Z</time>
			</trkpt>
			<trkpt lat="35.41028410841677" lon="-83.61233935863658">
				<ele>558.313313354738</ele>
				<time>2025-11-15T17:19:46Z</time>
			</trkpt>
			<trkpt lat="35.41029032820938" lon="-83.61238476179349">
				<ele>559.0867039402947</ele>
				<time>2025-11-15T17:19:48Z</time>
			</trkpt>
			<trkpt lat="35.41029937960362" lon="-83.61243126877567">
				<ele>558.7968466384336</ele>
				<time>2025-11-15T17:19:50Z</time>
			</trkpt>
			<trkpt lat="35.410303080772266" lon="-83.61246102328683">
				<ele>558.8751204516739</ele>
				<time>2025-11-15T17:19:51Z</time>
			</trkpt>
			<trkpt lat="35.41031720002113" lon="-83.61250404399361">
				<ele>559.2417800929397</ele>
				<time>2025-11-15T17:19:53Z</time>
			</trkpt>
			<trkpt lat="35.41032111520254" lon="-83.61253294399593">
				<ele>559.4700567694381</ele>
				<time>2025-11-15T17:19:54Z</time>
			</trkpt>
			<trkpt lat="35.41032958189121" lon="-83.61257200784833">
				<ele>559.7731828689575</ele>
				<time>2025-11-15T17:19:55Z</time>
			</trkpt>
			<trkpt lat="35.41031568777079" lon="-83.61260951050164">
				<ele>560.8863734854385</ele>
				<time>2025-11-15T17:19:57Z</time>
			</trkpt>
			<trkpt lat="35.41029919967631" lon="-83.61265401497513">
				<ele>559.5696627078578</ele>
				<time>2025-11-15T17:19:59Z</time>
			</trkpt>
			<trkpt lat="35.410285131707575" lon="-83.61269198707984">
				<ele>559.4432367552072</ele>
				<time>2025-11-15T17:20:01Z</time>
			</trkpt>
			<trkpt lat="35.41027141770484" lon="-83.61272900373126">
				<ele>557.7346881106496</ele>
				<time>2025-11-15T17:20:02Z</time>
			</trkpt>
			<trkpt lat="35.41026145062183" lon="-83.61275590680096">
				<ele>556.5953310076147</ele>
				<time>2025-11-15T17:20:03Z</time>
			</trkpt>
			<trkpt lat="35.41024841096984" lon="-83.61279110325019">
				<ele>556.2513962369412</ele>
				<time>2025-11-15T17:20:04Z</time>
			</trkpt>
			<trkpt lat="35.41023558128189" lon="-83.61282573290622">
				<ele>557.6189287817106</ele>
				<time>2025-11-15T17:20:05Z</time>
			</trkpt>
			<trkpt lat="35.410227757468014" lon="-83.61285113334728">
				<ele>558.0566298449412</ele>
				<time>2025-11-15T17:20:07Z</time>
			</trkpt>
			<trkpt lat="35.41020058942133" lon="-83.6128860043615">
				<ele>557.6629293849692</ele>
				<time>2025-11-15T17:20:09Z</time>
			</trkpt>
			<trkpt lat="35.41017703075162" lon="-83.61291624276257">
				<ele>558.3141574691981</ele>
				<time>2025-11-15T17:20:11Z</time>
			</trkpt>
			<trkpt lat="35.41015905528447" lon="-83.61293931491781">
				<ele>558.8991260388866</ele>
				<time>2025-11-15T17:20:13Z</time>
			</trkpt>
			<trkpt lat="35.41014210022797" lon="-83.61296107736966">
				<ele>559.2830422492698</ele>
				<time>2025-11-15T17:20:15Z</time>
			</trkpt>
			<trkpt lat="35.41012390097521" lon="-83.612984436767">
				<ele>559.8216492310166</ele>
				<time>2025-11-15T17:20:17Z</time>
			</trkpt>
			<trkpt lat="35.410093819937835" lon="-83.61302304687226">
				<ele>559.8919452428818</ele>
				<time>2025-11-15T17:20:19Z</time>
			</trkpt>
			<trkpt lat="35.410069290281115" lon="-83.61305453158947">
				<ele>559.886176132597</ele>
				<time>2025-11-15T17:20:21Z</time>
			</trkpt>
			<trkpt lat="35.410055492623975" lon="-83.61307224135169">
				<ele>561.7843358926475</ele>
				<time>2025-11-15T17:20:23Z</time>
			</trkpt>
			<trkpt lat="35.41004108390467" lon="-83.61309073378574">
				<ele>563.1049539595842</ele>
				<time>2025-11-15T17:20:26Z</time>
			</trkpt>
			<trkpt lat="35.410026635845306" lon="-83.61310927675711">
				<ele>563.0419917367399</ele>
				<time>2025-11-15T17:20:28Z</time>
			</trkpt>
			<trkpt lat="35.410008800680146" lon="-83.61313216680024">
				<ele>563.7367052212358</ele>
				<time>2025-11-15T17:20:30Z</time>
			</trkpt>
			<trkpt lat="35.4099922599618" lon="-83.61315339552094">
				<ele>563.7326892837882</ele>
				<time>2025-11-15T17:20:32Z</time>
			</trkpt>
			<trkpt lat="35.40997035702142" lon="-83.61318150628098">
				<ele>562.951497187838</ele>
				<time>2025-11-15T17:20:34Z</time>
			</trkpt>
			<trkpt lat="35.409954147780006" lon="-83.61320230957323">
				<ele>562.6210670964792</ele>
				<time>2025-11-15T17:20:36Z</time>
			</trkpt>
			<trkpt lat="35.40994123231654" lon="-83.61321888557342">
				<ele>562.6813701400533</ele>
				<time>2025-11-15T17:20:37Z</time>
			</trkpt>
			<trkpt lat="35.40992492187309" lon="-83.61323981873666">
				<ele>562.450528409332</ele>
				<time>2025-11-15T17:20:39Z</time>
			</trkpt>
			<trkpt lat="35.40990361541759" lon="-83.6132671639658">
				<ele>561.9803301282227</ele>
				<time>2025-11-15T17:20:41Z</time>
			</trkpt>
			<trkpt lat="35.40988460840125" lon="-83.61329148684159">
				<ele>562.6980374297127</ele>
				<time>2025-11-15T17:20:43Z</time>
			</trkpt>
			<trkpt lat="35.40986955629457" lon="-83.6133047763832">
				<ele>562.7620387803763</ele>
				<time>2025-11-15T17:20:44Z</time>
			</trkpt>
			<trkpt lat="35.409854805514016" lon="-83.61331779992214">
				<ele>563.5729470532387</ele>
				<time>2025-11-15T17:20:45Z</time>
			</trkpt>
			<trkpt lat="35.409839883121144" lon="-83.61333097501041">
				<ele>562.7837843736634</ele>
				<time>2025-11-15T17:20:46Z</time>
			</trkpt>
			<trkpt lat="35.409811215602055" lon="-83.61335628574292">
				<ele>563.879017864354</ele>
				<time>2025-11-15T17:20:48Z</time>
			</trkpt>
			<trkpt lat="35.40979103317883" lon="-83.61337410495044">
				<ele>563.9883359884843</ele>
				<time>2025-11-15T17:20:49Z</time>
			</trkpt>
			<trkpt lat="35.409762698481096" lon="-83.61339802147022">
				<ele>563.4508227063343</ele>
				<time>2025-11-15T17:20:51Z</time>
			</trkpt>
			<trkpt lat="35.409732381167174" lon="-83.61340538875187">
				<ele>563.9485448021442</ele>
				<time>2025-11-15T17:20:52Z</time>
			</trkpt>
			<trkpt lat="35.40968780097127" lon="-83.61342222408454">
				<ele>563.7205455861986</ele>
				<time>2025-11-15T17:20:54Z</time>
			</trkpt>
			<trkpt lat="35.40966867025966" lon="-83.61342385847817">
				<ele>563.5514865331352</ele>
				<time>2025-11-15T17:20:55Z</time>
			</trkpt>
			<trkpt lat="35.4096410561899" lon="-83.61342966869292">
				<ele>563.5755393300205</ele>
				<time>2025-11-15T17:20:56Z</time>
			</trkpt>
			<trkpt lat="35.40960895912818" lon="-83.61343205094944">
				<ele>563.9476406555623</ele>
				<time>2025-11-15T17:20:57Z</time>
			</trkpt>
			<trkpt lat="35.409576125008535" lon="-83.61343316243773">
				<ele>564.090643780306</ele>
				<time>2025-11-15T17:20:58Z</time>
			</trkpt>
			<trkpt lat="35.409550785199876" lon="-83.6134317866856">
				<ele>564.339949671179</ele>
				<time>2025-11-15T17:20:59Z</time>
			</trkpt>
			<trkpt lat="35.409522899253346" lon="-83.61343295809657">
				<ele>564.7505279062316</ele>
				<time>2025-11-15T17:21:00Z</time>
			</trkpt>
			<trkpt lat="35.409500846573465" lon="-83.61342997252608">
				<ele>564.2472143573686</ele>
				<time>2025-11-15T17:21:01Z</time>
			</trkpt>
			<trkpt lat="35.409481063227226" lon="-83.61343007356335">
				<ele>563.8840062534437</ele>
				<time>2025-11-15T17:21:02Z</time>
			</trkpt>
			<trkpt lat="35.409444991835215" lon="-83.61343612760312">
				<ele>563.2451159544289</ele>
				<time>2025-11-15T17:21:04Z</time>
			</trkpt>
			<trkpt lat="35.409425146398085" lon="-83.61343215392678">
				<ele>561.1969330534339</ele>
				<time>2025-11-15T17:21:05Z</time>
			</trkpt>
			<trkpt lat="35.409395316069876" lon="-83.6134261810053">
				<ele>562.4669326310977</ele>
				<time>2025-11-15T17:21:06Z</time>
			</trkpt>
			<trkpt lat="35.409375345020614" lon="-83.61342218220375">
				<ele>562.486778174527</ele>
				<time>2025-11-15T17:21:07Z</time>
			</trkpt>
			<trkpt lat="35.409357338654296" lon="-83.61341156770463">
				<ele>562.3833677405491</ele>
				<time>2025-11-15T17:21:08Z</time>
			</trkpt>
			<trkpt lat="35.40934113993975" lon="-83.6133983618321">
				<ele>562.883511448279</ele>
				<time>2025-11-15T17:21:09Z</time>
			</trkpt>
			<trkpt lat="35.40932339504092" lon="-83.61335707045113">
				<ele>563.6733578657731</ele>
				<time>2025-11-15T17:21:11Z</time>
			</trkpt>
			<trkpt lat="35.409308893192616" lon="-83.61323802061234">
				<ele>565.273420999758</ele>
				<time>2025-11-15T17:21:12Z</time>
			</trkpt>
			<trkpt lat="35.40929941272006" lon="-83.6132111654073">
				<ele>567.1611978588626</ele>
				<time>2025-11-15T17:21:13Z</time>
			</trkpt>
			<trkpt lat="35.40929996669305" lon="-83.61318792596089">
				<ele>568.4839137028903</ele>
				<time>2025-11-15T17:21:14Z</time>
			</trkpt>
			<trkpt lat="35.40930093180475" lon="-83.61315401447361">
				<ele>568.6628719456494</ele>
				<time>2025-11-15T17:21:15Z</time>
			</trkpt>
			<trkpt lat="35.40930418884544" lon="-83.61311391930256">
				<ele>570.2791248681024</ele>
				<time>2025-11-15T17:21:17Z</time>
			</trkpt>
			<trkpt lat="35.40930838562572" lon="-83.6130708293543">
				<ele>569.3920532483608</ele>
				<time>2025-11-15T17:21:19Z</time>
			</trkpt>
			<trkpt lat="35.409307719827034" lon="-83.61304775911151">
				<ele>569.0425192881376</ele>
				<time>2025-11-15T17:21:20Z</time>
			</trkpt>
			<trkpt lat="35.409312988527894" lon="-83.6130031417258">
				<ele>568.9139759624377</ele>
				<time>2025-11-15T17:21:22Z</time>
			</trkpt>
			<trkpt lat="35.409318921755805" lon="-83.61296265073256">
				<ele>569.1352389575914</ele>
				<time>2025-11-15T17:21:24Z</time>
			</trkpt>
			<trkpt lat="35.40932373720352" lon="-83.61293606367131">
				<ele>568.6133227357641</ele>
				<time>2025-11-15T17:21:25Z</time>
			</trkpt>
			<trkpt lat="35.40933304109458" lon="-83.61289915367776">
				<ele>571.67785776034</ele>
				<time>2025-11-15T17:21:27Z</time>
			</trkpt>
			<trkpt lat="35.409339580314494" lon="-83.61287321180951">
				<ele>570.7250431580469</ele>
				<time>2025-11-15T17:21:28Z</time>
			</trkpt>
			<trkpt lat="35.409347365025816" lon="-83.61283021176133">
				<ele>571.6677906000987</ele>
				<time>2025-11-15T17:21:30Z</time>
			</trkpt>
			<trkpt lat="35.40935045943631" lon="-83.61280580829497">
				<ele>571.5179954143241</ele>
				<time>2025-11-15T17:21:31Z</time>
			</trkpt>
			<trkpt lat="35.40935800602568" lon="-83.61277058059392">
				<ele>572.2774880928919</ele>
				<time>2025-11-15T17:21:33Z</time>
			</trkpt>
			<trkpt lat="35.40936576500518" lon="-83.61273971251723">
				<ele>572.0384310195222</ele>
				<time>2025-11-15T17:21:35Z</time>
			</trkpt>
			<trkpt lat="35.409377930610674" lon="-83.61272027736851">
				<ele>572.6223807772622</ele>
				<time>2025-11-15T17:21:38Z</time>
			</trkpt>
			<trkpt lat="35.409388025218156" lon="-83.61269139324213">
				<ele>572.0293495235965</ele>
				<time>2025-11-15T17:21:39Z</time>
			</trkpt>
			<trkpt lat="35.409403520469354" lon="-83.61263405072737">
				<ele>566.643061527051</ele>
				<time>2025-11-15T17:21:43Z</time>
			</trkpt>
			<trkpt lat="35.409405423890455" lon="-83.61260833296602">
				<ele>565.8446310106665</ele>
				<time>2025-11-15T17:21:50Z</time>
			</trkpt>
			<trkpt lat="35.40940729743155" lon="-83.6125830186588">
				<ele>566.4469821518287</ele>
				<time>2025-11-15T17:21:59Z</time>
			</trkpt>
			<trkpt lat="35.409434428349456" lon="-83.61258111360577">
				<ele>567.7361910184845</ele>
				<time>2025-11-15T17:22:03Z</time>
			</trkpt>
			<trkpt lat="35.409461424189494" lon="-83.612574124321">
				<ele>568.3952650101855</ele>
				<time>2025-11-15T17:22:06Z</time>
			</trkpt>
			<trkpt lat="35.40948794173218" lon="-83.61257705230766">
				<ele>568.3952650101855</ele>
				<time>2025-11-15T17:22:09Z</time>
			</trkpt>
			<trkpt lat="35.40949306320114" lon="-83.61255519010481">
				<ele>568.483733613044</ele>
				<time>2025-11-15T17:22:17Z</time>
			</trkpt>
			<trkpt lat="35.409470461777815" lon="-83.61255033771674">
				<ele>569.4167858399451</ele>
				<time>2025-11-15T17:22:28Z</time>
			</trkpt>
			<trkpt lat="35.4094620296595" lon="-83.6125276104925">
				<ele>568.4994151899591</ele>
				<time>2025-11-15T17:22:31Z</time>
			</trkpt>
			<trkpt lat="35.409442607928746" lon="-83.6125309258515">
				<ele>568.8767367796972</ele>
				<time>2025-11-15T17:22:37Z</time>
			</trkpt>
			<trkpt lat="35.40945036790144" lon="-83.61250117032645">
				<ele>571.0841478537768</ele>
				<time>2025-11-15T17:22:42Z</time>
			</trkpt>
			<trkpt lat="35.40944409501945" lon="-83.61245184040176">
				<ele>570.9970308141783</ele>
				<time>2025-11-15T17:22:44Z</time>
			</trkpt>
			<trkpt lat="35.40942913594596" lon="-83.61242786336409">
				<ele>570.9799810443074</ele>
				<time>2025-11-15T17:22:45Z</time>
			</trkpt>
			<trkpt lat="35.40940068494747" lon="-83.61242408662386">
				<ele>572.7555355997756</ele>
				<time>2025-11-15T17:22:47Z</time>
			</trkpt>
			<trkpt lat="35.409374678805364" lon="-83.61242250345009">
				<ele>573.0701267980039</ele>
				<time>2025-11-15T17:22:48Z</time>
			</trkpt>
			<trkpt lat="35.40933923082591" lon="-83.61242436279721">
				<ele>571.9641371490434</ele>
				<time>2025-11-15T17:22:50Z</time>
			</trkpt>
			<trkpt lat="35.40931833385781" lon="-83.61242726731365">
				<ele>571.9998535905033</ele>
				<time>2025-11-15T17:22:51Z</time>
			</trkpt>
			<trkpt lat="35.409296349939694" lon="-83.61243909434354">
				<ele>573.0018270993605</ele>
				<time>2025-11-15T17:22:52Z</time>
			</trkpt>
			<trkpt lat="35.40925009101965" lon="-83.61244740120769">
				<ele>573.5346518894657</ele>
				<time>2025-11-15T17:22:53Z</time>
			</trkpt>
			<trkpt lat="35.4091881919675" lon="-83.61246021357015">
				<ele>574.9754245467484</ele>
				<time>2025-11-15T17:22:54Z</time>
			</trkpt>
			<trkpt lat="35.409157359752285" lon="-83.61245584977819">
				<ele>576.4305373877287</ele>
				<time>2025-11-15T17:22:55Z</time>
			</trkpt>
			<trkpt lat="35.40911937690875" lon="-83.61246388520217">
				<ele>577.1855290448293</ele>
				<time>2025-11-15T17:22:56Z</time>
			</trkpt>
			<trkpt lat="35.409096807825414" lon="-83.61246577828699">
				<ele>576.4944019308314</ele>
				<time>2025-11-15T17:22:57Z</time>
			</trkpt>
			<trkpt lat="35.40907504077423" lon="-83.61247753941853">
				<ele>578.4633595803753</ele>
				<time>2025-11-15T17:22:58Z</time>
			</trkpt>
			<trkpt lat="35.40904701088842" lon="-83.61248912342812">
				<ele>574.9164434457198</ele>
				<time>2025-11-15T17:23:00Z</time>
			</trkpt>
			<trkpt lat="35.40902718548582" lon="-83.61250317772357">
				<ele>575.4062346117571</ele>
				<time>2025-11-15T17:23:01Z</time>
			</trkpt>
			<trkpt lat="35.40899693394081" lon="-83.61252667737173">
				<ele>575.2008126014844</ele>
				<time>2025-11-15T17:23:02Z</time>
			</trkpt>
			<trkpt lat="35.408974368361655" lon="-83.61254676931775">
				<ele>575.0839679576457</ele>
				<time>2025-11-15T17:23:03Z</time>
			</trkpt>
			<trkpt lat="35.408941854255026" lon="-83.61258757168672">
				<ele>576.6126448847353</ele>
				<time>2025-11-15T17:23:04Z</time>
			</trkpt>
			<trkpt lat="35.40890311561421" lon="-83.61262918186398">
				<ele>575.5953436363488</ele>
				<time>2025-11-15T17:23:05Z</time>
			</trkpt>
			<trkpt lat="35.40886767269558" lon="-83.61265598445559">
				<ele>575.7409326983616</ele>
				<time>2025-11-15T17:23:06Z</time>
			</trkpt>
			<trkpt lat="35.408830633419925" lon="-83.61268481576565">
				<ele>574.8160466309637</ele>
				<time>2025-11-15T17:23:07Z</time>
			</trkpt>
			<trkpt lat="35.40879210998415" lon="-83.61270541027326">
				<ele>573.3453303370625</ele>
				<time>2025-11-15T17:23:08Z</time>
			</trkpt>
			<trkpt lat="35.40873053500217" lon="-83.61271121275756">
				<ele>573.1097881272435</ele>
				<time>2025-11-15T17:23:09Z</time>
			</trkpt>
			<trkpt lat="35.408685864120166" lon="-83.61269130244843">
				<ele>571.6800940940157</ele>
				<time>2025-11-15T17:23:10Z</time>
			</trkpt>
			<trkpt lat="35.4086555271045" lon="-83.61267163797501">
				<ele>570.6483535785228</ele>
				<time>2025-11-15T17:23:11Z</time>
			</trkpt>
			<trkpt lat="35.408617157967434" lon="-83.61264444748562">
				<ele>567.2508667195216</ele>
				<time>2025-11-15T17:23:12Z</time>
			</trkpt>
			<trkpt lat="35.408585976868224" lon="-83.61260814963481">
				<ele>565.8301905598491</ele>
				<time>2025-11-15T17:23:13Z</time>
			</trkpt>
			<trkpt lat="35.40855608341191" lon="-83.61259966178237">
				<ele>564.4117630692199</ele>
				<time>2025-11-15T17:23:14Z</time>
			</trkpt>
			<trkpt lat="35.4085295123359" lon="-83.61256452315156">
				<ele>564.1808281652629</ele>
				<time>2025-11-15T17:23:15Z</time>
			</trkpt>
			<trkpt lat="35.40850805160937" lon="-83.61254019364233">
				<ele>564.2199649177492</ele>
				<time>2025-11-15T17:23:16Z</time>
			</trkpt>
			<trkpt lat="35.40850485926962" lon="-83.61249168776204">
				<ele>564.3497102558613</ele>
				<time>2025-11-15T17:23:17Z</time>
			</trkpt>
			<trkpt lat="35.408513825901686" lon="-83.6124209718211">
				<ele>563.5457258932292</ele>
				<time>2025-11-15T17:23:19Z</time>
			</trkpt>
			<trkpt lat="35.408530095616584" lon="-83.61234427979763">
				<ele>562.8781590117142</ele>
				<time>2025-11-15T17:23:21Z</time>
			</trkpt>
			<trkpt lat="35.40854601163157" lon="-83.61229156113004">
				<ele>564.3310457300395</ele>
				<time>2025-11-15T17:23:23Z</time>
			</trkpt>
			<trkpt lat="35.40855914191321" lon="-83.61225145342091">
				<ele>564.6804726906121</ele>
				<time>2025-11-15T17:23:24Z</time>
			</trkpt>
			<trkpt lat="35.40856800318055" lon="-83.61222320848601">
				<ele>564.8808620758355</ele>
				<time>2025-11-15T17:23:25Z</time>
			</trkpt>
			<trkpt lat="35.408598739935506" lon="-83.61217284663545">
				<ele>564.0513623524457</ele>
				<time>2025-11-15T17:23:26Z</time>
			</trkpt>
			<trkpt lat="35.408615966212004" lon="-83.6121299713178">
				<ele>563.7379227085039</ele>
				<time>2025-11-15T17:23:28Z</time>
			</trkpt>
			<trkpt lat="35.40862411074634" lon="-83.6121035381115">
				<ele>563.6052787136286</ele>
				<time>2025-11-15T17:23:29Z</time>
			</trkpt>
			<trkpt lat="35.408636884785686" lon="-83.61207884540144">
				<ele>562.8438587514684</ele>
				<time>2025-11-15T17:23:30Z</time>
			</trkpt>
			<trkpt lat="35.4086431053085" lon="-83.61204937058724">
				<ele>563.3980741696432</ele>
				<time>2025-11-15T17:23:31Z</time>
			</trkpt>
			<trkpt lat="35.4086722598364" lon="-83.61202167607667">
				<ele>562.9940161947161</ele>
				<time>2025-11-15T17:23:32Z</time>
			</trkpt>
			<trkpt lat="35.40871266370677" lon="-83.61198025337715">
				<ele>564.6050057290122</ele>
				<time>2025-11-15T17:23:34Z</time>
			</trkpt>
			<trkpt lat="35.40872465898402" lon="-83.61196319240548">
				<ele>565.2400298295543</ele>
				<time>2025-11-15T17:23:35Z</time>
			</trkpt>
			<trkpt lat="35.40874297155179" lon="-83.61193714639958">
				<ele>564.24506300129</ele>
				<time>2025-11-15T17:23:36Z</time>
			</trkpt>
			<trkpt lat="35.408761581808676" lon="-83.61190558434865">
				<ele>563.9245498506352</ele>
				<time>2025-11-15T17:23:37Z</time>
			</trkpt>
			<trkpt lat="35.408782112198075" lon="-83.61186776518565">
				<ele>563.8508190298453</ele>
				<time>2025-11-15T17:23:38Z</time>
			</trkpt>
			<trkpt lat="35.40879847457521" lon="-83.61183368707128">
				<ele>565.6562556419522</ele>
				<time>2025-11-15T17:23:39Z</time>
			</trkpt>
			<trkpt lat="35.408807740320015" lon="-83.61181205328008">
				<ele>570.124699481763</ele>
				<time>2025-11-15T17:23:40Z</time>
			</trkpt>
			<trkpt lat="35.40882310460393" lon="-83.61177618045231">
				<ele>570.5832741474733</ele>
				<time>2025-11-15T17:23:41Z</time>
			</trkpt>
			<trkpt lat="35.40883968253762" lon="-83.6117355814029">
				<ele>568.5108802095056</ele>
				<time>2025-11-15T17:23:42Z</time>
			</trkpt>
			<trkpt lat="35.40885906885246" lon="-83.61168411417258">
				<ele>568.6130941370502</ele>
				<time>2025-11-15T17:23:43Z</time>
			</trkpt>
			<trkpt lat="35.40887355641633" lon="-83.61164565234691">
				<ele>570.390725158155</ele>
				<time>2025-11-15T17:23:44Z</time>
			</trkpt>
			<trkpt lat="35.40888849140726" lon="-83.611610546842">
				<ele>571.8711071908474</ele>
				<time>2025-11-15T17:23:45Z</time>
			</trkpt>
			<trkpt lat="35.40890987747275" lon="-83.61155462770324">
				<ele>571.8490859586746</ele>
				<time>2025-11-15T17:23:46Z</time>
			</trkpt>
			<trkpt lat="35.40892730585587" lon="-83.61150377194143">
				<ele>571.8238654425368</ele>
				<time>2025-11-15T17:23:47Z</time>
			</trkpt>
			<trkpt lat="35.40894110004368" lon="-83.61145473252873">
				<ele>573.2208279613405</ele>
				<time>2025-11-15T17:23:48Z</time>
			</trkpt>
			<trkpt lat="35.40895125717046" lon="-83.6114167023613">
				<ele>575.3141134865582</ele>
				<time>2025-11-15T17:23:49Z</time>
			</trkpt>
			<trkpt lat="35.408963479955915" lon="-83.61137093800839">
				<ele>574.0554846599698</ele>
				<time>2025-11-15T17:23:50Z</time>
			</trkpt>
			<trkpt lat="35.40897543006612" lon="-83.61132619454308">
				<ele>573.9685329040512</ele>
				<time>2025-11-15T17:23:51Z</time>
			</trkpt>
			<trkpt lat="35.40899606163416" lon="-83.61128348141318">
				<ele>573.101442810148</ele>
				<time>2025-11-15T17:23:52Z</time>
			</trkpt>
			<trkpt lat="35.40900508868052" lon="-83.6112425379301">
				<ele>572.852674331516</ele>
				<time>2025-11-15T17:23:53Z</time>
			</trkpt>
			<trkpt lat="35.40901155100999" lon="-83.61120081439884">
				<ele>573.5398457767442</ele>
				<time>2025-11-15T17:23:54Z</time>
			</trkpt>
			<trkpt lat="35.40901832522252" lon="-83.61116605199885">
				<ele>573.6147479219362</ele>
				<time>2025-11-15T17:23:55Z</time>
			</trkpt>
			<trkpt lat="35.40902684023584" lon="-83.61112926666675">
				<ele>573.3545346651226</ele>
				<time>2025-11-15T17:23:56Z</time>
			</trkpt>
			<trkpt lat="35.40903426004662" lon="-83.61110047146772">
				<ele>573.7332500470802</ele>
				<time>2025-11-15T17:23:57Z</time>
			</trkpt>
			<trkpt lat="35.409041422182256" lon="-83.61107267632714">
				<ele>574.7479493096471</ele>
				<time>2025-11-15T17:23:58Z</time>
			</trkpt>
			<trkpt lat="35.409049635030335" lon="-83.61104559286433">
				<ele>572.9673273917288</ele>
				<time>2025-11-15T17:23:59Z</time>
			</trkpt>
			<trkpt lat="35.409056631674275" lon="-83.61102262156702">
				<ele>571.6088632848114</ele>
				<time>2025-11-15T17:24:00Z</time>
			</trkpt>
			<trkpt lat="35.409056608639496" lon="-83.610988431582">
				<ele>569.919437081553</ele>
				<time>2025-11-15T17:24:02Z</time>
			</trkpt>
			<trkpt lat="35.4090474930012" lon="-83.61096757242936">
				<ele>570.0850085448474</ele>
				<time>2025-11-15T17:24:03Z</time>
			</trkpt>
			<trkpt lat="35.40902298795763" lon="-83.61094026917594">
				<ele>568.8820097604766</ele>
				<time>2025-11-15T17:24:05Z</time>
			</trkpt>
			<trkpt lat="35.409013753885944" lon="-83.61090255479803">
				<ele>568.8657182538882</ele>
				<time>2025-11-15T17:24:06Z</time>
			</trkpt>
			<trkpt lat="35.40900265686275" lon="-83.61088417174287">
				<ele>568.2507198825479</ele>
				<time>2025-11-15T17:24:07Z</time>
			</trkpt>
			<trkpt lat="35.40898293603983" lon="-83.6108461595677">
				<ele>568.25954661984</ele>
				<time>2025-11-15T17:24:08Z</time>
			</trkpt>
			<trkpt lat="35.40894243072313" lon="-83.61080674308822">
				<ele>567.7169642448425</ele>
				<time>2025-11-15T17:24:10Z</time>
			</trkpt>
			<trkpt lat="35.40892143897363" lon="-83.61078739693778">
				<ele>566.6977436663583</ele>
				<time>2025-11-15T17:24:12Z</time>
			</trkpt>
			<trkpt lat="35.40890499135962" lon="-83.61076339038893">
				<ele>567.3051563687623</ele>
				<time>2025-11-15T17:24:15Z</time>
			</trkpt>
			<trkpt lat="35.40891513138145" lon="-83.61070700289399">
				<ele>565.1376828132197</ele>
				<time>2025-11-15T17:24:18Z</time>
			</trkpt>
			<trkpt lat="35.40892017362478" lon="-83.61068160312583">
				<ele>563.9621242778376</ele>
				<time>2025-11-15T17:24:20Z</time>
			</trkpt>
			<trkpt lat="35.40892640627047" lon="-83.6106570631528">
				<ele>562.4276250964031</ele>
				<time>2025-11-15T17:24:24Z</time>
			</trkpt>
			<trkpt lat="35.40891755762569" lon="-83.6106363739268">
				<ele>561.6624201200902</ele>
				<time>2025-11-15T17:24:27Z</time>
			</trkpt>
			<trkpt lat="35.40889904600222" lon="-83.61062307619567">
				<ele>562.7268807981163</ele>
				<time>2025-11-15T17:25:03Z</time>
			</trkpt>
			<trkpt lat="35.40889612415456" lon="-83.61064828727541">
				<ele>562.4401627536863</ele>
				<time>2025-11-15T17:25:11Z</time>
			</trkpt>
			<trkpt lat="35.40890907095533" lon="-83.61067025949325">
				<ele>561.4132061805576</ele>
				<time>2025-11-15T17:25:20Z</time>
			</trkpt>
			<trkpt lat="35.408891937223146" lon="-83.61066154536636">
				<ele>560.7904125461355</ele>
				<time>2025-11-15T17:25:28Z</time>
			</trkpt>
			<trkpt lat="35.408876042929464" lon="-83.61064652599553">
				<ele>561.7396657476202</ele>
				<time>2025-11-15T17:25:30Z</time>
			</trkpt>
			<trkpt lat="35.40883979095475" lon="-83.61062879784826">
				<ele>563.776988147758</ele>
				<time>2025-11-15T17:25:32Z</time>
			</trkpt>
			<trkpt lat="35.408809242830536" lon="-83.6106011727625">
				<ele>564.5499981604517</ele>
				<time>2025-11-15T17:25:33Z</time>
			</trkpt>
			<trkpt lat="35.408782117117674" lon="-83.61059337791481">
				<ele>565.3826027130708</ele>
				<time>2025-11-15T17:25:34Z</time>
			</trkpt>
			<trkpt lat="35.408758911043556" lon="-83.6105831327738">
				<ele>565.8569753095508</ele>
				<time>2025-11-15T17:25:35Z</time>
			</trkpt>
			<trkpt lat="35.40873992398006" lon="-83.61056899979587">
				<ele>565.3518571304157</ele>
				<time>2025-11-15T17:25:36Z</time>
			</trkpt>
			<trkpt lat="35.408711580407356" lon="-83.61055074060984">
				<ele>566.1259216619655</ele>
				<time>2025-11-15T17:25:37Z</time>
			</trkpt>
			<trkpt lat="35.4086788173111" lon="-83.61052967329086">
				<ele>566.8460718644783</ele>
				<time>2025-11-15T17:25:38Z</time>
			</trkpt>
			<trkpt lat="35.408655341647446" lon="-83.61050834577196">
				<ele>567.442091957666</ele>
				<time>2025-11-15T17:25:39Z</time>
			</trkpt>
			<trkpt lat="35.40863488294609" lon="-83.61048301877801">
				<ele>568.4925672197714</ele>
				<time>2025-11-15T17:25:40Z</time>
			</trkpt>
			<trkpt lat="35.40861739200338" lon="-83.61045995894344">
				<ele>567.3827403001487</ele>
				<time>2025-11-15T17:25:41Z</time>
			</trkpt>
			<trkpt lat="35.40859534470785" lon="-83.61043920578794">
				<ele>568.3148060049862</ele>
				<time>2025-11-15T17:25:42Z</time>
			</trkpt>
			<trkpt lat="35.408585255239316" lon="-83.61041907542153">
				<ele>568.721471899189</ele>
				<time>2025-11-15T17:25:43Z</time>
			</trkpt>
			<trkpt lat="35.40855596406335" lon="-83.6103923018282">
				<ele>568.8346875617281</ele>
				<time>2025-11-15T17:25:45Z</time>
			</trkpt>
			<trkpt lat="35.408530267804316" lon="-83.61036991108018">
				<ele>568.1188518544659</ele>
				<time>2025-11-15T17:25:47Z</time>
			</trkpt>
			<trkpt lat="35.40851601431977" lon="-83.61035532297771">
				<ele>566.3191313361749</ele>
				<time>2025-11-15T17:25:48Z</time>
			</trkpt>
			<trkpt lat="35.4084917566275" lon="-83.61033881854887">
				<ele>566.7579663991928</ele>
				<time>2025-11-15T17:25:50Z</time>
			</trkpt>
			<trkpt lat="35.4084661604394" lon="-83.61032588183141">
				<ele>566.4179512402043</ele>
				<time>2025-11-15T17:25:52Z</time>
			</trkpt>
			<trkpt lat="35.40844770743257" lon="-83.6103199248681">
				<ele>566.6408897498623</ele>
				<time>2025-11-15T17:25:53Z</time>
			</trkpt>
			<trkpt lat="35.40841687922025" lon="-83.61030722681943">
				<ele>565.5334434779361</ele>
				<time>2025-11-15T17:25:55Z</time>
			</trkpt>
			<trkpt lat="35.408400998038424" lon="-83.61029607551723">
				<ele>566.6748082526028</ele>
				<time>2025-11-15T17:25:56Z</time>
			</trkpt>
			<trkpt lat="35.40838411908237" lon="-83.61028039890803">
				<ele>565.072193116881</ele>
				<time>2025-11-15T17:25:58Z</time>
			</trkpt>
			<trkpt lat="35.40836775767145" lon="-83.61026854403454">
				<ele>564.2741035064682</ele>
				<time>2025-11-15T17:25:59Z</time>
			</trkpt>
			<trkpt lat="35.40834844432178" lon="-83.61025908292832">
				<ele>564.7173540918157</ele>
				<time>2025-11-15T17:26:00Z</time>
			</trkpt>
			<trkpt lat="35.40832800191062" lon="-83.61024659023168">
				<ele>564.9161888239905</ele>
				<time>2025-11-15T17:26:01Z</time>
			</trkpt>
			<trkpt lat="35.4083096356771" lon="-83.61024179618809">
				<ele>564.4504768932238</ele>
				<time>2025-11-15T17:26:02Z</time>
			</trkpt>
			<trkpt lat="35.408279044186884" lon="-83.61023747720276">
				<ele>564.871042445302</ele>
				<time>2025-11-15T17:26:04Z</time>
			</trkpt>
			<trkpt lat="35.408257638229095" lon="-83.61023425483322">
				<ele>564.9990531913936</ele>
				<time>2025-11-15T17:26:05Z</time>
			</trkpt>
			<trkpt lat="35.40821944545651" lon="-83.6102322485915">
				<ele>563.772098059766</ele>
				<time>2025-11-15T17:26:07Z</time>
			</trkpt>
			<trkpt lat="35.408199657881" lon="-83.61023120916227">
				<ele>564.3899268172681</ele>
				<time>2025-11-15T17:26:08Z</time>
			</trkpt>
			<trkpt lat="35.40817568386977" lon="-83.61023049189201">
				<ele>562.9158151000738</ele>
				<time>2025-11-15T17:26:09Z</time>
			</trkpt>
			<trkpt lat="35.4081558926628" lon="-83.61022998180628">
				<ele>563.4744670446962</ele>
				<time>2025-11-15T17:26:10Z</time>
			</trkpt>
			<trkpt lat="35.40813628937649" lon="-83.61022947656897">
				<ele>563.1484473757446</ele>
				<time>2025-11-15T17:26:11Z</time>
			</trkpt>
			<trkpt lat="35.40811589024259" lon="-83.61022895080072">
				<ele>565.1810920042917</ele>
				<time>2025-11-15T17:26:13Z</time>
			</trkpt>
			<trkpt lat="35.40808680844574" lon="-83.61022820127462">
				<ele>564.6333651505411</ele>
				<time>2025-11-15T17:26:15Z</time>
			</trkpt>
			<trkpt lat="35.408065298592284" lon="-83.61022764688927">
				<ele>565.6779182506725</ele>
				<time>2025-11-15T17:26:16Z</time>
			</trkpt>
			<trkpt lat="35.408038573531904" lon="-83.61022724169919">
				<ele>565.9498638687655</ele>
				<time>2025-11-15T17:26:17Z</time>
			</trkpt>
			<trkpt lat="35.408015034398375" lon="-83.61022834893717">
				<ele>566.4650852801278</ele>
				<time>2025-11-15T17:26:18Z</time>
			</trkpt>
			<trkpt lat="35.40798617746606" lon="-83.610229706326">
				<ele>565.6232822723687</ele>
				<time>2025-11-15T17:26:19Z</time>
			</trkpt>
			<trkpt lat="35.407959352538214" lon="-83.6102309681365">
				<ele>564.2257964257151</ele>
				<time>2025-11-15T17:26:20Z</time>
			</trkpt>
			<trkpt lat="35.40791756464258" lon="-83.61023511291022">
				<ele>564.9987293742597</ele>
				<time>2025-11-15T17:26:22Z</time>
			</trkpt>
			<trkpt lat="35.407895564845894" lon="-83.61023956497033">
				<ele>564.4933187616989</ele>
				<time>2025-11-15T17:26:23Z</time>
			</trkpt>
			<trkpt lat="35.407871168449255" lon="-83.61025610415668">
				<ele>563.5681556006894</ele>
				<time>2025-11-15T17:26:24Z</time>
			</trkpt>
			<trkpt lat="35.40780989924411" lon="-83.61028104309551">
				<ele>563.3982450598851</ele>
				<time>2025-11-15T17:26:25Z</time>
			</trkpt>
			<trkpt lat="35.40777837706474" lon="-83.61030430907257">
				<ele>563.5487494273111</ele>
				<time>2025-11-15T17:26:27Z</time>
			</trkpt>
			<trkpt lat="35.40775851276362" lon="-83.61031801541793">
				<ele>565.0938849458471</ele>
				<time>2025-11-15T17:26:28Z</time>
			</trkpt>
			<trkpt lat="35.40774007041337" lon="-83.61033074066773">
				<ele>565.1094651827589</ele>
				<time>2025-11-15T17:26:29Z</time>
			</trkpt>
			<trkpt lat="35.407722643271754" lon="-83.61034276534272">
				<ele>564.4781537875533</ele>
				<time>2025-11-15T17:26:30Z</time>
			</trkpt>
			<trkpt lat="35.40769850603846" lon="-83.61034905342149">
				<ele>564.2197832735255</ele>
				<time>2025-11-15T17:26:32Z</time>
			</trkpt>
			<trkpt lat="35.40766989879004" lon="-83.6103534951404">
				<ele>563.1984366411343</ele>
				<time>2025-11-15T17:26:33Z</time>
			</trkpt>
			<trkpt lat="35.40764794232659" lon="-83.61035690421407">
				<ele>563.5233127186075</ele>
				<time>2025-11-15T17:26:34Z</time>
			</trkpt>
			<trkpt lat="35.40762633173847" lon="-83.61036025958775">
				<ele>563.0544226011261</ele>
				<time>2025-11-15T17:26:35Z</time>
			</trkpt>
			<trkpt lat="35.40760305674358" lon="-83.61036387337055">
				<ele>564.8162466576323</ele>
				<time>2025-11-15T17:26:36Z</time>
			</trkpt>
			<trkpt lat="35.40757683647921" lon="-83.61036783763146">
				<ele>564.9293842166662</ele>
				<time>2025-11-15T17:26:37Z</time>
			</trkpt>
			<trkpt lat="35.4075530385054" lon="-83.61036952621761">
				<ele>564.6553718615323</ele>
				<time>2025-11-15T17:26:38Z</time>
			</trkpt>
			<trkpt lat="35.4075215906167" lon="-83.61037175759905">
				<ele>564.3568488489836</ele>
				<time>2025-11-15T17:26:39Z</time>
			</trkpt>
			<trkpt lat="35.407494819841304" lon="-83.6103736571196">
				<ele>564.2086381884292</ele>
				<time>2025-11-15T17:26:40Z</time>
			</trkpt>
			<trkpt lat="35.407463034012956" lon="-83.61037591247485">
				<ele>564.8369143707678</ele>
				<time>2025-11-15T17:26:41Z</time>
			</trkpt>
			<trkpt lat="35.40744188666842" lon="-83.6103774129792">
				<ele>565.3808417310938</ele>
				<time>2025-11-15T17:26:42Z</time>
			</trkpt>
			<trkpt lat="35.40741358295669" lon="-83.61037997077268">
				<ele>565.1278692157939</ele>
				<time>2025-11-15T17:26:43Z</time>
			</trkpt>
			<trkpt lat="35.407394724733784" lon="-83.6103821059169">
				<ele>564.952367211692</ele>
				<time>2025-11-15T17:26:44Z</time>
			</trkpt>
			<trkpt lat="35.40737533833125" lon="-83.61038430086194">
				<ele>564.7484144754708</ele>
				<time>2025-11-15T17:26:45Z</time>
			</trkpt>
			<trkpt lat="35.40733578861569" lon="-83.6103887787172">
				<ele>564.3140429770574</ele>
				<time>2025-11-15T17:26:47Z</time>
			</trkpt>
			<trkpt lat="35.407317606606874" lon="-83.61039083730252">
				<ele>563.3752852156758</ele>
				<time>2025-11-15T17:26:48Z</time>
			</trkpt>
			<trkpt lat="35.407296365964925" lon="-83.61039324217725">
				<ele>564.7924747755751</ele>
				<time>2025-11-15T17:26:49Z</time>
			</trkpt>
			<trkpt lat="35.40727405406711" lon="-83.6103946159313">
				<ele>565.6232576752082</ele>
				<time>2025-11-15T17:26:50Z</time>
			</trkpt>
			<trkpt lat="35.40723482696929" lon="-83.61039391867756">
				<ele>565.422470764257</ele>
				<time>2025-11-15T17:26:52Z</time>
			</trkpt>
			<trkpt lat="35.40721658378237" lon="-83.61039359438985">
				<ele>567.3498036088422</ele>
				<time>2025-11-15T17:26:53Z</time>
			</trkpt>
			<trkpt lat="35.407195846958906" lon="-83.61039322579903">
				<ele>566.8865427542478</ele>
				<time>2025-11-15T17:26:54Z</time>
			</trkpt>
			<trkpt lat="35.407172525033346" lon="-83.61039281125414">
				<ele>567.2477928362787</ele>
				<time>2025-11-15T17:26:55Z</time>
			</trkpt>
			<trkpt lat="35.407151193453316" lon="-83.61039243209792">
				<ele>566.075507003814</ele>
				<time>2025-11-15T17:26:56Z</time>
			</trkpt>
			<trkpt lat="35.407127266093596" lon="-83.61039200678752">
				<ele>566.8102028928697</ele>
				<time>2025-11-15T17:26:57Z</time>
			</trkpt>
			<trkpt lat="35.40710716110548" lon="-83.61038739988578">
				<ele>565.4433847889304</ele>
				<time>2025-11-15T17:26:58Z</time>
			</trkpt>
			<trkpt lat="35.407085374375185" lon="-83.61038166856306">
				<ele>566.8649109024554</ele>
				<time>2025-11-15T17:26:59Z</time>
			</trkpt>
			<trkpt lat="35.40705810214521" lon="-83.61037449420905">
				<ele>567.9161947043613</ele>
				<time>2025-11-15T17:27:00Z</time>
			</trkpt>
			<trkpt lat="35.40703989947226" lon="-83.61036970573963">
				<ele>567.1885108761489</ele>
				<time>2025-11-15T17:27:01Z</time>
			</trkpt>
			<trkpt lat="35.40700982408022" lon="-83.61036179398394">
				<ele>567.8020064784214</ele>
				<time>2025-11-15T17:27:02Z</time>
			</trkpt>
			<trkpt lat="35.40696719891874" lon="-83.61035058083199">
				<ele>567.9564655097201</ele>
				<time>2025-11-15T17:27:04Z</time>
			</trkpt>
			<trkpt lat="35.40694791813104" lon="-83.61034593859998">
				<ele>566.636117852293</ele>
				<time>2025-11-15T17:27:05Z</time>
			</trkpt>
			<trkpt lat="35.40692375007983" lon="-83.61033867014723">
				<ele>568.5860037049279</ele>
				<time>2025-11-15T17:27:07Z</time>
			</trkpt>
			<trkpt lat="35.406903234430466" lon="-83.61033048265331">
				<ele>569.1358058508486</ele>
				<time>2025-11-15T17:27:08Z</time>
			</trkpt>
			<trkpt lat="35.40687907931457" lon="-83.61032084271083">
				<ele>568.2223108699545</ele>
				<time>2025-11-15T17:27:09Z</time>
			</trkpt>
			<trkpt lat="35.40685683178398" lon="-83.61031196402433">
				<ele>570.4104831609875</ele>
				<time>2025-11-15T17:27:10Z</time>
			</trkpt>
			<trkpt lat="35.406837555209805" lon="-83.61030427103675">
				<ele>570.0954282162711</ele>
				<time>2025-11-15T17:27:11Z</time>
			</trkpt>
			<trkpt lat="35.406819653765254" lon="-83.61029712682675">
				<ele>571.4065403658897</ele>
				<time>2025-11-15T17:27:12Z</time>
			</trkpt>
			<trkpt lat="35.406784590751414" lon="-83.61028313368934">
				<ele>572.1605237368494</ele>
				<time>2025-11-15T17:27:14Z</time>
			</trkpt>
			<trkpt lat="35.40676180120269" lon="-83.61027403871097">
				<ele>573.5072075519711</ele>
				<time>2025-11-15T17:27:16Z</time>
			</trkpt>
			<trkpt lat="35.406742437585514" lon="-83.61026321360119">
				<ele>574.0164811210707</ele>
				<time>2025-11-15T17:27:18Z</time>
			</trkpt>
			<trkpt lat="35.40672072820607" lon="-83.61024931061002">
				<ele>573.9855304090306</ele>
				<time>2025-11-15T17:27:20Z</time>
			</trkpt>
			<trkpt lat="35.40669757164397" lon="-83.61023448081312">
				<ele>576.2195758307353</ele>
				<time>2025-11-15T17:27:22Z</time>
			</trkpt>
			<trkpt lat="35.406679215610055" lon="-83.61022272533891">
				<ele>577.1051270766184</ele>
				<time>2025-11-15T17:27:24Z</time>
			</trkpt>
			<trkpt lat="35.40666084459535" lon="-83.6102109602865">
				<ele>578.1279444769025</ele>
				<time>2025-11-15T17:27:26Z</time>
			</trkpt>
			<trkpt lat="35.40663549677044" lon="-83.61019472719568">
				<ele>578.0625393856317</ele>
				<time>2025-11-15T17:27:28Z</time>
			</trkpt>
			<trkpt lat="35.40661016904358" lon="-83.61017751649126">
				<ele>578.4475763188675</ele>
				<time>2025-11-15T17:27:30Z</time>
			</trkpt>
			<trkpt lat="35.40658597511899" lon="-83.6101604771722">
				<ele>579.1105825761333</ele>
				<time>2025-11-15T17:27:32Z</time>
			</trkpt>
			<trkpt lat="35.4065570533065" lon="-83.61014010812166">
				<ele>578.9026419725269</ele>
				<time>2025-11-15T17:27:34Z</time>
			</trkpt>
			<trkpt lat="35.40653894566248" lon="-83.6101273552603">
				<ele>578.843888791278</ele>
				<time>2025-11-15T17:27:35Z</time>
			</trkpt>
			<trkpt lat="35.40650448244385" lon="-83.61011043854309">
				<ele>578.786527287215</ele>
				<time>2025-11-15T17:27:36Z</time>
			</trkpt>
			<trkpt lat="35.40647044447216" lon="-83.61009789822744">
				<ele>578.1968144970015</ele>
				<time>2025-11-15T17:27:38Z</time>
			</trkpt>
			<trkpt lat="35.40642901799134" lon="-83.61008399264817">
				<ele>579.2922852095217</ele>
				<time>2025-11-15T17:27:40Z</time>
			</trkpt>
			<trkpt lat="35.40639859386301" lon="-83.61007536909617">
				<ele>581.1266556074843</ele>
				<time>2025-11-15T17:27:42Z</time>
			</trkpt>
			<trkpt lat="35.40637491255804" lon="-83.61006865678675">
				<ele>580.3148367013782</ele>
				<time>2025-11-15T17:27:43Z</time>
			</trkpt>
			<trkpt lat="35.40633913398367" lon="-83.6100543611758">
				<ele>580.1990348631516</ele>
				<time>2025-11-15T17:27:45Z</time>
			</trkpt>
			<trkpt lat="35.40630257184354" lon="-83.61003884813256">
				<ele>581.7254772409797</ele>
				<time>2025-11-15T17:27:46Z</time>
			</trkpt>
			<trkpt lat="35.40626614374811" lon="-83.6100174383948">
				<ele>580.7955238241702</ele>
				<time>2025-11-15T17:27:48Z</time>
			</trkpt>
			<trkpt lat="35.40623913306303" lon="-83.61000167899823">
				<ele>581.4093886958435</ele>
				<time>2025-11-15T17:27:49Z</time>
			</trkpt>
			<trkpt lat="35.406223924245666" lon="-83.60998961827408">
				<ele>582.4341439818963</ele>
				<time>2025-11-15T17:27:50Z</time>
			</trkpt>
			<trkpt lat="35.406202883174515" lon="-83.60997293247574">
				<ele>582.4365404229611</ele>
				<time>2025-11-15T17:27:51Z</time>
			</trkpt>
			<trkpt lat="35.40617674228627" lon="-83.60995172582687">
				<ele>584.271320684813</ele>
				<time>2025-11-15T17:27:53Z</time>
			</trkpt>
			<trkpt lat="35.40616085447138" lon="-83.60992985865082">
				<ele>583.7074133167043</ele>
				<time>2025-11-15T17:27:54Z</time>
			</trkpt>
			<trkpt lat="35.40614478516397" lon="-83.60991255486802">
				<ele>584.5522749638185</ele>
				<time>2025-11-15T17:27:55Z</time>
			</trkpt>
			<trkpt lat="35.40613267967523" lon="-83.60989567990974">
				<ele>584.7668475173414</ele>
				<time>2025-11-15T17:27:56Z</time>
			</trkpt>
			<trkpt lat="35.40611756538309" lon="-83.60987562756364">
				<ele>585.0087174214423</ele>
				<time>2025-11-15T17:27:57Z</time>
			</trkpt>
			<trkpt lat="35.40607547863841" lon="-83.60984390879223">
				<ele>583.5676815379411</ele>
				<time>2025-11-15T17:27:59Z</time>
			</trkpt>
			<trkpt lat="35.40603689885041" lon="-83.6098037766217">
				<ele>585.7470015380532</ele>
				<time>2025-11-15T17:28:01Z</time>
			</trkpt>
			<trkpt lat="35.40600902650223" lon="-83.6097779373967">
				<ele>585.0453798426315</ele>
				<time>2025-11-15T17:28:03Z</time>
			</trkpt>
			<trkpt lat="35.40599605947346" lon="-83.60976181443198">
				<ele>584.0310195377097</ele>
				<time>2025-11-15T17:28:04Z</time>
			</trkpt>
			<trkpt lat="35.40597565557398" lon="-83.60975276597676">
				<ele>583.7961259745061</ele>
				<time>2025-11-15T17:28:05Z</time>
			</trkpt>
			<trkpt lat="35.40594634218986" lon="-83.60975675947249">
				<ele>580.3403372159228</ele>
				<time>2025-11-15T17:28:08Z</time>
			</trkpt>
			<trkpt lat="35.405924491228184" lon="-83.60975473818631">
				<ele>579.3764372142032</ele>
				<time>2025-11-15T17:28:10Z</time>
			</trkpt>
			<trkpt lat="35.40590388836105" lon="-83.60976593982689">
				<ele>578.0821890207008</ele>
				<time>2025-11-15T17:28:12Z</time>
			</trkpt>
			<trkpt lat="35.4058699690225" lon="-83.60975754527077">
				<ele>578.2280774498358</ele>
				<time>2025-11-15T17:28:14Z</time>
			</trkpt>
			<trkpt lat="35.40584136855853" lon="-83.60975522003059">
				<ele>578.1331416387111</ele>
				<time>2025-11-15T17:28:15Z</time>
			</trkpt>
			<trkpt lat="35.405816593635876" lon="-83.60975320580256">
				<ele>578.9222370423377</ele>
				<time>2025-11-15T17:28:16Z</time>
			</trkpt>
			<trkpt lat="35.40575657014876" lon="-83.60976988084568">
				<ele>580.6759184869006</ele>
				<time>2025-11-15T17:28:17Z</time>
			</trkpt>
			<trkpt lat="35.40572298050136" lon="-83.60977469947694">
				<ele>581.5315990457311</ele>
				<time>2025-11-15T17:28:19Z</time>
			</trkpt>
			<trkpt lat="35.405695904037835" lon="-83.60976924004534">
				<ele>582.4208047259599</ele>
				<time>2025-11-15T17:28:20Z</time>
			</trkpt>
			<trkpt lat="35.40567343160061" lon="-83.60976456616389">
				<ele>583.0472383117303</ele>
				<time>2025-11-15T17:28:21Z</time>
			</trkpt>
			<trkpt lat="35.40564991810388" lon="-83.60976001372916">
				<ele>584.0235231332481</ele>
				<time>2025-11-15T17:28:22Z</time>
			</trkpt>
			<trkpt lat="35.405624926702316" lon="-83.6097486878491">
				<ele>583.7807785626501</ele>
				<time>2025-11-15T17:28:23Z</time>
			</trkpt>
			<trkpt lat="35.40560332788937" lon="-83.60972748981352">
				<ele>583.5512307994068</ele>
				<time>2025-11-15T17:28:24Z</time>
			</trkpt>
			<trkpt lat="35.40558087143621" lon="-83.60972375937973">
				<ele>583.7155215311795</ele>
				<time>2025-11-15T17:28:25Z</time>
			</trkpt>
			<trkpt lat="35.40554814500033" lon="-83.6097084146255">
				<ele>584.5232512783259</ele>
				<time>2025-11-15T17:28:26Z</time>
			</trkpt>
			<trkpt lat="35.40552648231596" lon="-83.60969044436672">
				<ele>585.3793697273359</ele>
				<time>2025-11-15T17:28:27Z</time>
			</trkpt>
			<trkpt lat="35.405513107343076" lon="-83.60963989909838">
				<ele>586.255482503213</ele>
				<time>2025-11-15T17:28:28Z</time>
			</trkpt>
			<trkpt lat="35.405496388522884" lon="-83.60961684019864">
				<ele>586.4706192882732</ele>
				<time>2025-11-15T17:28:29Z</time>
			</trkpt>
			<trkpt lat="35.405462930336576" lon="-83.60957479644168">
				<ele>587.4767454545945</ele>
				<time>2025-11-15T17:28:30Z</time>
			</trkpt>
			<trkpt lat="35.40541636924626" lon="-83.60956366062716">
				<ele>588.0007501589134</ele>
				<time>2025-11-15T17:28:31Z</time>
			</trkpt>
			<trkpt lat="35.4053982712069" lon="-83.60954382648882">
				<ele>588.6417943621054</ele>
				<time>2025-11-15T17:28:32Z</time>
			</trkpt>
			<trkpt lat="35.40538561066895" lon="-83.60951218061287">
				<ele>589.0182965286076</ele>
				<time>2025-11-15T17:28:33Z</time>
			</trkpt>
			<trkpt lat="35.40536202010796" lon="-83.60947000430657">
				<ele>589.8248449023813</ele>
				<time>2025-11-15T17:28:34Z</time>
			</trkpt>
			<trkpt lat="35.40531786875775" lon="-83.609423131572">
				<ele>589.9055660031736</ele>
				<time>2025-11-15T17:28:35Z</time>
			</trkpt>
			<trkpt lat="35.40529530000965" lon="-83.60940200615828">
				<ele>590.8720326013863</ele>
				<time>2025-11-15T17:28:36Z</time>
			</trkpt>
			<trkpt lat="35.40526261352999" lon="-83.60937361612768">
				<ele>590.2860226975754</ele>
				<time>2025-11-15T17:28:37Z</time>
			</trkpt>
			<trkpt lat="35.40523140156435" lon="-83.60936045628424">
				<ele>589.6777969850227</ele>
				<time>2025-11-15T17:28:38Z</time>
			</trkpt>
			<trkpt lat="35.40519957861332" lon="-83.60934627104828">
				<ele>589.4757972089574</ele>
				<time>2025-11-15T17:28:39Z</time>
			</trkpt>
			<trkpt lat="35.40517484311927" lon="-83.6093113822586">
				<ele>588.1954508991912</ele>
				<time>2025-11-15T17:28:40Z</time>
			</trkpt>
			<trkpt lat="35.405154292318436" lon="-83.60928228117871">
				<ele>588.4794812658802</ele>
				<time>2025-11-15T17:28:41Z</time>
			</trkpt>
			<trkpt lat="35.40513155830783" lon="-83.60926311219501">
				<ele>587.4325236622244</ele>
				<time>2025-11-15T17:28:42Z</time>
			</trkpt>
			<trkpt lat="35.40510924369463" lon="-83.60924315757826">
				<ele>587.1048755748197</ele>
				<time>2025-11-15T17:28:43Z</time>
			</trkpt>
			<trkpt lat="35.405085449558676" lon="-83.6092214664012">
				<ele>586.7707265391946</ele>
				<time>2025-11-15T17:28:44Z</time>
			</trkpt>
			<trkpt lat="35.40505739146973" lon="-83.60919588809904">
				<ele>586.8215648541227</ele>
				<time>2025-11-15T17:28:45Z</time>
			</trkpt>
			<trkpt lat="35.40503894486773" lon="-83.60917907181386">
				<ele>586.4289250206202</ele>
				<time>2025-11-15T17:28:46Z</time>
			</trkpt>
			<trkpt lat="35.405014538710255" lon="-83.60915682269061">
				<ele>586.2023912342265</ele>
				<time>2025-11-15T17:28:47Z</time>
			</trkpt>
			<trkpt lat="35.40499115654033" lon="-83.60913550703529">
				<ele>586.5005125151947</ele>
				<time>2025-11-15T17:28:48Z</time>
			</trkpt>
			<trkpt lat="35.404972905698514" lon="-83.60911886924038">
				<ele>585.7903971262276</ele>
				<time>2025-11-15T17:28:49Z</time>
			</trkpt>
			<trkpt lat="35.4049575212345" lon="-83.60910423742787">
				<ele>586.790770418942</ele>
				<time>2025-11-15T17:28:50Z</time>
			</trkpt>
			<trkpt lat="35.40494209078194" lon="-83.60907824811056">
				<ele>586.7410817090422</ele>
				<time>2025-11-15T17:28:51Z</time>
			</trkpt>
			<trkpt lat="35.40493237883524" lon="-83.609050175963">
				<ele>586.6489853560925</ele>
				<time>2025-11-15T17:28:52Z</time>
			</trkpt>
			<trkpt lat="35.40491634061757" lon="-83.60901232299541">
				<ele>586.8230602862313</ele>
				<time>2025-11-15T17:28:53Z</time>
			</trkpt>
			<trkpt lat="35.4048917125287" lon="-83.60896705664382">
				<ele>586.7317085405812</ele>
				<time>2025-11-15T17:28:55Z</time>
			</trkpt>
			<trkpt lat="35.404877599072144" lon="-83.60893959810217">
				<ele>588.1629126537591</ele>
				<time>2025-11-15T17:28:56Z</time>
			</trkpt>
			<trkpt lat="35.40486207376341" lon="-83.60892814944586">
				<ele>588.2172685991973</ele>
				<time>2025-11-15T17:28:57Z</time>
			</trkpt>
			<trkpt lat="35.40484953990645" lon="-83.60890611472159">
				<ele>587.7814066819847</ele>
				<time>2025-11-15T17:28:58Z</time>
			</trkpt>
			<trkpt lat="35.40483573828651" lon="-83.60885387740522">
				<ele>584.506988979876</ele>
				<time>2025-11-15T17:29:02Z</time>
			</trkpt>
			<trkpt lat="35.40481625053626" lon="-83.60884010046686">
				<ele>583.9088027542457</ele>
				<time>2025-11-15T17:29:04Z</time>
			</trkpt>
			<trkpt lat="35.40478716741863" lon="-83.60885032998827">
				<ele>584.3051439123228</ele>
				<time>2025-11-15T17:29:06Z</time>
			</trkpt>
			<trkpt lat="35.404760906567056" lon="-83.6088547291512">
				<ele>584.5664926050231</ele>
				<time>2025-11-15T17:29:07Z</time>
			</trkpt>
			<trkpt lat="35.40474141954903" lon="-83.60886596327143">
				<ele>584.0878590373322</ele>
				<time>2025-11-15T17:29:08Z</time>
			</trkpt>
			<trkpt lat="35.404668592910774" lon="-83.6088799617261">
				<ele>585.3306816332042</ele>
				<time>2025-11-15T17:29:09Z</time>
			</trkpt>
			<trkpt lat="35.404643234056365" lon="-83.60888433943256">
				<ele>585.0857875747606</ele>
				<time>2025-11-15T17:29:10Z</time>
			</trkpt>
			<trkpt lat="35.40461829782123" lon="-83.60888386043207">
				<ele>583.8999425321817</ele>
				<time>2025-11-15T17:29:11Z</time>
			</trkpt>
			<trkpt lat="35.404591705115045" lon="-83.60886859910606">
				<ele>583.8707870906219</ele>
				<time>2025-11-15T17:29:13Z</time>
			</trkpt>
			<trkpt lat="35.404570703410634" lon="-83.60885459698581">
				<ele>583.4749865289778</ele>
				<time>2025-11-15T17:29:14Z</time>
			</trkpt>
			<trkpt lat="35.404528002946" lon="-83.60883625326127">
				<ele>583.0338183436543</ele>
				<time>2025-11-15T17:29:15Z</time>
			</trkpt>
			<trkpt lat="35.40449199489306" lon="-83.60882467262638">
				<ele>584.0767682967708</ele>
				<time>2025-11-15T17:29:16Z</time>
			</trkpt>
			<trkpt lat="35.40444031934794" lon="-83.60880835105026">
				<ele>584.7566281855106</ele>
				<time>2025-11-15T17:29:17Z</time>
			</trkpt>
			<trkpt lat="35.40441704399686" lon="-83.60880808871151">
				<ele>584.2273458652198</ele>
				<time>2025-11-15T17:29:18Z</time>
			</trkpt>
			<trkpt lat="35.40438719437176" lon="-83.60880142677685">
				<ele>584.9475677646697</ele>
				<time>2025-11-15T17:29:19Z</time>
			</trkpt>
			<trkpt lat="35.404363522041045" lon="-83.60880069142682">
				<ele>586.1107623325661</ele>
				<time>2025-11-15T17:29:20Z</time>
			</trkpt>
			<trkpt lat="35.404334863246476" lon="-83.60878962100968">
				<ele>587.34467935469</ele>
				<time>2025-11-15T17:29:21Z</time>
			</trkpt>
			<trkpt lat="35.404313758474984" lon="-83.60877895821866">
				<ele>586.2924792580307</ele>
				<time>2025-11-15T17:29:22Z</time>
			</trkpt>
			<trkpt lat="35.404293487368975" lon="-83.60875207594049">
				<ele>586.3689751671627</ele>
				<time>2025-11-15T17:29:23Z</time>
			</trkpt>
			<trkpt lat="35.40426628780749" lon="-83.60871153711864">
				<ele>586.180311079137</ele>
				<time>2025-11-15T17:29:25Z</time>
			</trkpt>
			<trkpt lat="35.40423727114793" lon="-83.6086723309331">
				<ele>585.1771902469918</ele>
				<time>2025-11-15T17:29:27Z</time>
			</trkpt>
			<trkpt lat="35.404196067699594" lon="-83.60862340426614">
				<ele>586.8302383674309</ele>
				<time>2025-11-15T17:29:29Z</time>
			</trkpt>
			<trkpt lat="35.40418052112451" lon="-83.60861187918411">
				<ele>586.2848751246929</ele>
				<time>2025-11-15T17:29:30Z</time>
			</trkpt>
			<trkpt lat="35.4041605803923" lon="-83.60860952177646">
				<ele>585.8529305225238</ele>
				<time>2025-11-15T17:29:31Z</time>
			</trkpt>
			<trkpt lat="35.40412638878363" lon="-83.6086031281403">
				<ele>585.9775193789974</ele>
				<time>2025-11-15T17:29:32Z</time>
			</trkpt>
			<trkpt lat="35.4041083739049" lon="-83.60860838042672">
				<ele>584.2254382008687</ele>
				<time>2025-11-15T17:29:33Z</time>
			</trkpt>
			<trkpt lat="35.40408037932648" lon="-83.60861274466885">
				<ele>583.943499612622</ele>
				<time>2025-11-15T17:29:34Z</time>
			</trkpt>
			<trkpt lat="35.404062470313185" lon="-83.60862118972996">
				<ele>584.8365965718403</ele>
				<time>2025-11-15T17:29:35Z</time>
			</trkpt>
			<trkpt lat="35.40404053748811" lon="-83.60863501146596">
				<ele>584.9078742479905</ele>
				<time>2025-11-15T17:29:36Z</time>
			</trkpt>
			<trkpt lat="35.40398999941787" lon="-83.60861891069948">
				<ele>584.6794356349856</ele>
				<time>2025-11-15T17:29:37Z</time>
			</trkpt>
			<trkpt lat="35.40395277533232" lon="-83.60862417370393">
				<ele>584.0562376696616</ele>
				<time>2025-11-15T17:29:38Z</time>
			</trkpt>
			<trkpt lat="35.40392691565759" lon="-83.60863288994562">
				<ele>583.7835295647383</ele>
				<time>2025-11-15T17:29:39Z</time>
			</trkpt>
			<trkpt lat="35.40389593946457" lon="-83.60863946818043">
				<ele>584.6980597795919</ele>
				<time>2025-11-15T17:29:40Z</time>
			</trkpt>
			<trkpt lat="35.40386967231753" lon="-83.60862541537954">
				<ele>585.3211221778765</ele>
				<time>2025-11-15T17:29:41Z</time>
			</trkpt>
			<trkpt lat="35.40383900008343" lon="-83.60861493395151">
				<ele>585.0010536536574</ele>
				<time>2025-11-15T17:29:42Z</time>
			</trkpt>
			<trkpt lat="35.40381056683173" lon="-83.60860588540692">
				<ele>585.1355435047299</ele>
				<time>2025-11-15T17:29:43Z</time>
			</trkpt>
			<trkpt lat="35.40378179210959" lon="-83.6085883766855">
				<ele>585.0304020643234</ele>
				<time>2025-11-15T17:29:44Z</time>
			</trkpt>
			<trkpt lat="35.40374741972665" lon="-83.60856716072986">
				<ele>585.1871840916574</ele>
				<time>2025-11-15T17:29:45Z</time>
			</trkpt>
			<trkpt lat="35.403724848925485" lon="-83.60854639042883">
				<ele>585.2450959701091</ele>
				<time>2025-11-15T17:29:46Z</time>
			</trkpt>
			<trkpt lat="35.403686447781176" lon="-83.6085331228807">
				<ele>585.3571934336796</ele>
				<time>2025-11-15T17:29:47Z</time>
			</trkpt>
			<trkpt lat="35.4036621245267" lon="-83.60852829928002">
				<ele>585.0443883826956</ele>
				<time>2025-11-15T17:29:48Z</time>
			</trkpt>
			<trkpt lat="35.40363138845623" lon="-83.60852658185964">
				<ele>585.7496872041374</ele>
				<time>2025-11-15T17:29:49Z</time>
			</trkpt>
			<trkpt lat="35.403604282516014" lon="-83.60852638505585">
				<ele>586.3761439751834</ele>
				<time>2025-11-15T17:29:50Z</time>
			</trkpt>
			<trkpt lat="35.40357817983519" lon="-83.60852617866156">
				<ele>586.3943471768871</ele>
				<time>2025-11-15T17:29:51Z</time>
			</trkpt>
			<trkpt lat="35.403555971854786" lon="-83.608526220504">
				<ele>588.2995475269854</ele>
				<time>2025-11-15T17:29:52Z</time>
			</trkpt>
			<trkpt lat="35.403537305519954" lon="-83.60852507530286">
				<ele>588.4679317567497</ele>
				<time>2025-11-15T17:29:53Z</time>
			</trkpt>
			<trkpt lat="35.40351817424085" lon="-83.60852056480064">
				<ele>589.9711412265897</ele>
				<time>2025-11-15T17:29:55Z</time>
			</trkpt>
			<trkpt lat="35.40350209099432" lon="-83.60853194190122">
				<ele>591.1843009991571</ele>
				<time>2025-11-15T17:29:57Z</time>
			</trkpt>
			<trkpt lat="35.40346184021395" lon="-83.60855160298229">
				<ele>590.3419028650969</ele>
				<time>2025-11-15T17:29:59Z</time>
			</trkpt>
			<trkpt lat="35.403446847360385" lon="-83.60858279810967">
				<ele>589.7810062011704</ele>
				<time>2025-11-15T17:30:01Z</time>
			</trkpt>
			<trkpt lat="35.40343279123083" lon="-83.60864630817724">
				<ele>590.0754784541205</ele>
				<time>2025-11-15T17:30:02Z</time>
			</trkpt>
			<trkpt lat="35.40341812911949" lon="-83.60866107056688">
				<ele>588.5836247149855</ele>
				<time>2025-11-15T17:30:03Z</time>
			</trkpt>
			<trkpt lat="35.40340661866502" lon="-83.6086804278589">
				<ele>588.8459534104913</ele>
				<time>2025-11-15T17:30:04Z</time>
			</trkpt>
			<trkpt lat="35.40339562256354" lon="-83.60870157919739">
				<ele>588.3955669626594</ele>
				<time>2025-11-15T17:30:05Z</time>
			</trkpt>
			<trkpt lat="35.4033635481372" lon="-83.60872996781052">
				<ele>587.3092134902254</ele>
				<time>2025-11-15T17:30:07Z</time>
			</trkpt>
			<trkpt lat="35.40333523010045" lon="-83.60875536924132">
				<ele>585.40831704624</ele>
				<time>2025-11-15T17:30:08Z</time>
			</trkpt>
			<trkpt lat="35.40332007071387" lon="-83.60876804688665">
				<ele>585.7927876897156</ele>
				<time>2025-11-15T17:30:09Z</time>
			</trkpt>
			<trkpt lat="35.40330265046465" lon="-83.6087870586922">
				<ele>584.7555890781805</ele>
				<time>2025-11-15T17:30:10Z</time>
			</trkpt>
			<trkpt lat="35.40326363470001" lon="-83.60879823823412">
				<ele>584.9637707751244</ele>
				<time>2025-11-15T17:30:12Z</time>
			</trkpt>
			<trkpt lat="35.403221554473525" lon="-83.60879971399518">
				<ele>584.110421041958</ele>
				<time>2025-11-15T17:30:14Z</time>
			</trkpt>
			<trkpt lat="35.403204173141006" lon="-83.60880561036053">
				<ele>584.2332374379039</ele>
				<time>2025-11-15T17:30:15Z</time>
			</trkpt>
			<trkpt lat="35.40317582321543" lon="-83.60880689648319">
				<ele>584.9910738049075</ele>
				<time>2025-11-15T17:30:16Z</time>
			</trkpt>
			<trkpt lat="35.40315651180056" lon="-83.60880494535067">
				<ele>584.7067938987166</ele>
				<time>2025-11-15T17:30:17Z</time>
			</trkpt>
			<trkpt lat="35.403129998492176" lon="-83.60880767887511">
				<ele>584.2964086886495</ele>
				<time>2025-11-15T17:30:18Z</time>
			</trkpt>
			<trkpt lat="35.403104679722055" lon="-83.60881586267911">
				<ele>584.1028489768505</ele>
				<time>2025-11-15T17:30:19Z</time>
			</trkpt>
			<trkpt lat="35.403080323058674" lon="-83.60881426268885">
				<ele>583.1747822351754</ele>
				<time>2025-11-15T17:30:20Z</time>
			</trkpt>
			<trkpt lat="35.40305501060674" lon="-83.6087973467619">
				<ele>584.4402800519019</ele>
				<time>2025-11-15T17:30:21Z</time>
			</trkpt>
			<trkpt lat="35.40302414214075" lon="-83.6087717572461">
				<ele>584.6407684693113</ele>
				<time>2025-11-15T17:30:23Z</time>
			</trkpt>
			<trkpt lat="35.403005955270736" lon="-83.60875121161925">
				<ele>585.9877828769386</ele>
				<time>2025-11-15T17:30:25Z</time>
			</trkpt>
			<trkpt lat="35.40299238095403" lon="-83.60873629734277">
				<ele>585.2426071697846</ele>
				<time>2025-11-15T17:30:26Z</time>
			</trkpt>
			<trkpt lat="35.402978103224065" lon="-83.60872213107298">
				<ele>585.5549618573859</ele>
				<time>2025-11-15T17:30:27Z</time>
			</trkpt>
			<trkpt lat="35.40295374616452" lon="-83.6086939500494">
				<ele>587.4037717776373</ele>
				<time>2025-11-15T17:30:29Z</time>
			</trkpt>
			<trkpt lat="35.40293952461236" lon="-83.60866253889422">
				<ele>585.9268137989566</ele>
				<time>2025-11-15T17:30:31Z</time>
			</trkpt>
			<trkpt lat="35.402922976349814" lon="-83.60863353980193">
				<ele>586.8687241561711</ele>
				<time>2025-11-15T17:30:33Z</time>
			</trkpt>
			<trkpt lat="35.40290170573384" lon="-83.6086029012246">
				<ele>587.0954701965675</ele>
				<time>2025-11-15T17:30:35Z</time>
			</trkpt>
			<trkpt lat="35.40289055844857" lon="-83.60858204469852">
				<ele>589.3337514130399</ele>
				<time>2025-11-15T17:30:37Z</time>
			</trkpt>
			<trkpt lat="35.402882646342775" lon="-83.60855484262409">
				<ele>590.4888267507777</ele>
				<time>2025-11-15T17:30:39Z</time>
			</trkpt>
			<trkpt lat="35.40287233023439" lon="-83.60851937556541">
				<ele>590.576671727933</ele>
				<time>2025-11-15T17:30:41Z</time>
			</trkpt>
			<trkpt lat="35.4028626542883" lon="-83.6084861093734">
				<ele>590.8586281463504</ele>
				<time>2025-11-15T17:30:43Z</time>
			</trkpt>
			<trkpt lat="35.40284948627598" lon="-83.60844083740187">
				<ele>590.8860736088827</ele>
				<time>2025-11-15T17:30:45Z</time>
			</trkpt>
			<trkpt lat="35.40283303623536" lon="-83.60840723496459">
				<ele>591.2857593465596</ele>
				<time>2025-11-15T17:30:46Z</time>
			</trkpt>
			<trkpt lat="35.40282070981595" lon="-83.60838753730656">
				<ele>590.9752753563225</ele>
				<time>2025-11-15T17:30:47Z</time>
			</trkpt>
			<trkpt lat="35.40280727960233" lon="-83.60836607581231">
				<ele>591.0227617053315</ele>
				<time>2025-11-15T17:30:48Z</time>
			</trkpt>
			<trkpt lat="35.40279510691157" lon="-83.60834662383998">
				<ele>591.1284580687061</ele>
				<time>2025-11-15T17:30:49Z</time>
			</trkpt>
			<trkpt lat="35.402777560939604" lon="-83.60831858531806">
				<ele>593.064990109764</ele>
				<time>2025-11-15T17:30:51Z</time>
			</trkpt>
			<trkpt lat="35.40275861836106" lon="-83.60828831506717">
				<ele>593.3103616693988</ele>
				<time>2025-11-15T17:30:53Z</time>
			</trkpt>
			<trkpt lat="35.40274009533135" lon="-83.60825871522898">
				<ele>594.6656503286213</ele>
				<time>2025-11-15T17:30:55Z</time>
			</trkpt>
			<trkpt lat="35.40271747440603" lon="-83.60822256698171">
				<ele>594.6985298078507</ele>
				<time>2025-11-15T17:30:57Z</time>
			</trkpt>
			<trkpt lat="35.402698692574816" lon="-83.60818323200225">
				<ele>594.9979101549834</ele>
				<time>2025-11-15T17:30:59Z</time>
			</trkpt>
			<trkpt lat="35.40268296050786" lon="-83.60815044485555">
				<ele>595.0690430635586</ele>
				<time>2025-11-15T17:31:01Z</time>
			</trkpt>
			<trkpt lat="35.40266428512992" lon="-83.60811152361359">
				<ele>595.4542365027592</ele>
				<time>2025-11-15T17:31:03Z</time>
			</trkpt>
			<trkpt lat="35.40265288870173" lon="-83.60808777237591">
				<ele>595.8635485609993</ele>
				<time>2025-11-15T17:31:04Z</time>
			</trkpt>
			<trkpt lat="35.40264334013501" lon="-83.6080678722783">
				<ele>595.509576542303</ele>
				<time>2025-11-15T17:31:05Z</time>
			</trkpt>
			<trkpt lat="35.40263369332072" lon="-83.60804776734886">
				<ele>595.9136541886255</ele>
				<time>2025-11-15T17:31:06Z</time>
			</trkpt>
			<trkpt lat="35.40262117071189" lon="-83.60802166908229">
				<ele>596.1057121595368</ele>
				<time>2025-11-15T17:31:07Z</time>
			</trkpt>
			<trkpt lat="35.40260796537775" lon="-83.60799414787768">
				<ele>595.8156515685841</ele>
				<time>2025-11-15T17:31:08Z</time>
			</trkpt>
			<trkpt lat="35.4025982231104" lon="-83.60796780313942">
				<ele>596.8296246584505</ele>
				<time>2025-11-15T17:31:09Z</time>
			</trkpt>
			<trkpt lat="35.40259578067025" lon="-83.60794197947241">
				<ele>597.2682169554755</ele>
				<time>2025-11-15T17:31:10Z</time>
			</trkpt>
			<trkpt lat="35.40259619314905" lon="-83.6079004332444">
				<ele>598.1542307613418</ele>
				<time>2025-11-15T17:31:12Z</time>
			</trkpt>
			<trkpt lat="35.402589463525686" lon="-83.60785844397479">
				<ele>598.5998036973178</ele>
				<time>2025-11-15T17:31:14Z</time>
			</trkpt>
			<trkpt lat="35.40259066113995" lon="-83.60783306420556">
				<ele>598.1276783961803</ele>
				<time>2025-11-15T17:31:15Z</time>
			</trkpt>
			<trkpt lat="35.40259293930698" lon="-83.60779256056217">
				<ele>598.4347997959703</ele>
				<time>2025-11-15T17:31:17Z</time>
			</trkpt>
			<trkpt lat="35.40259421700867" lon="-83.60776987114394">
				<ele>598.1719726575539</ele>
				<time>2025-11-15T17:31:18Z</time>
			</trkpt>
			<trkpt lat="35.402598836280326" lon="-83.60774777004248">
				<ele>597.8748081577942</ele>
				<time>2025-11-15T17:31:19Z</time>
			</trkpt>
			<trkpt lat="35.40260005660612" lon="-83.60770768110659">
				<ele>596.7362865433097</ele>
				<time>2025-11-15T17:31:21Z</time>
			</trkpt>
			<trkpt lat="35.40260177578435" lon="-83.60766883534224">
				<ele>597.9724124409258</ele>
				<time>2025-11-15T17:31:23Z</time>
			</trkpt>
			<trkpt lat="35.40259183632785" lon="-83.60763527853005">
				<ele>598.2682158565149</ele>
				<time>2025-11-15T17:31:25Z</time>
			</trkpt>
			<trkpt lat="35.40258701698095" lon="-83.60760874441665">
				<ele>597.6573700420558</ele>
				<time>2025-11-15T17:31:27Z</time>
			</trkpt>
			<trkpt lat="35.402577195950684" lon="-83.6075846656654">
				<ele>597.512967784889</ele>
				<time>2025-11-15T17:31:29Z</time>
			</trkpt>
			<trkpt lat="35.402571117978695" lon="-83.6075530448233">
				<ele>599.3444933332503</ele>
				<time>2025-11-15T17:31:31Z</time>
			</trkpt>
			<trkpt lat="35.40257839469731" lon="-83.60751957602359">
				<ele>599.8229461768642</ele>
				<time>2025-11-15T17:31:34Z</time>
			</trkpt>
			<trkpt lat="35.40257440712052" lon="-83.60749510248085">
				<ele>601.4532262301072</ele>
				<time>2025-11-15T17:31:37Z</time>
			</trkpt>
			<trkpt lat="35.40256327222079" lon="-83.60747573887052">
				<ele>599.5520838368684</ele>
				<time>2025-11-15T17:31:39Z</time>
			</trkpt>
			<trkpt lat="35.40255460837338" lon="-83.60749505216722">
				<ele>597.7703674444929</ele>
				<time>2025-11-15T17:31:40Z</time>
			</trkpt>
			<trkpt lat="35.402530775079576" lon="-83.6074905554125">
				<ele>596.1184644931927</ele>
				<time>2025-11-15T17:31:42Z</time>
			</trkpt>
			<trkpt lat="35.402516767613626" lon="-83.60747410954079">
				<ele>596.9496378256008</ele>
				<time>2025-11-15T17:31:43Z</time>
			</trkpt>
			<trkpt lat="35.40249902079315" lon="-83.6074822547493">
				<ele>596.9520343365148</ele>
				<time>2025-11-15T17:31:44Z</time>
			</trkpt>
			<trkpt lat="35.40246894818488" lon="-83.60748328871276">
				<ele>596.7520674429834</ele>
				<time>2025-11-15T17:31:45Z</time>
			</trkpt>
			<trkpt lat="35.40243474395919" lon="-83.60747012174049">
				<ele>597.3179516298696</ele>
				<time>2025-11-15T17:31:46Z</time>
			</trkpt>
			<trkpt lat="35.40241086128097" lon="-83.60745612768808">
				<ele>596.1176035720855</ele>
				<time>2025-11-15T17:31:47Z</time>
			</trkpt>
			<trkpt lat="35.40237750795735" lon="-83.60744752723987">
				<ele>597.5845709471032</ele>
				<time>2025-11-15T17:31:48Z</time>
			</trkpt>
			<trkpt lat="35.402338805657386" lon="-83.60741362829603">
				<ele>597.3435627007857</ele>
				<time>2025-11-15T17:31:50Z</time>
			</trkpt>
			<trkpt lat="35.40232724535778" lon="-83.6073945987806">
				<ele>596.0825642943382</ele>
				<time>2025-11-15T17:31:51Z</time>
			</trkpt>
			<trkpt lat="35.40229675320445" lon="-83.60736528997896">
				<ele>596.6330074733123</ele>
				<time>2025-11-15T17:31:52Z</time>
			</trkpt>
			<trkpt lat="35.40227644026245" lon="-83.60733837567498">
				<ele>596.7452518837526</ele>
				<time>2025-11-15T17:31:54Z</time>
			</trkpt>
			<trkpt lat="35.40226805237481" lon="-83.60731267504883">
				<ele>598.5742675606161</ele>
				<time>2025-11-15T17:31:55Z</time>
			</trkpt>
			<trkpt lat="35.40225757749286" lon="-83.60729194299839">
				<ele>599.2100236071274</ele>
				<time>2025-11-15T17:31:56Z</time>
			</trkpt>
			<trkpt lat="35.402245638998146" lon="-83.60726831423209">
				<ele>598.5709386868402</ele>
				<time>2025-11-15T17:31:57Z</time>
			</trkpt>
			<trkpt lat="35.40222739886002" lon="-83.60723221322911">
				<ele>599.6285296194255</ele>
				<time>2025-11-15T17:31:59Z</time>
			</trkpt>
			<trkpt lat="35.40221880603705" lon="-83.6072067683563">
				<ele>598.4729613745585</ele>
				<time>2025-11-15T17:32:03Z</time>
			</trkpt>
			<trkpt lat="35.402218375139604" lon="-83.60716630276339">
				<ele>599.0048885745928</ele>
				<time>2025-11-15T17:32:05Z</time>
			</trkpt>
			<trkpt lat="35.402218070225075" lon="-83.60713766846705">
				<ele>598.7124470751733</ele>
				<time>2025-11-15T17:32:07Z</time>
			</trkpt>
			<trkpt lat="35.40221781373482" lon="-83.60711358221802">
				<ele>597.8673095908016</ele>
				<time>2025-11-15T17:32:09Z</time>
			</trkpt>
			<trkpt lat="35.40221504077377" lon="-83.60708249206063">
				<ele>598.5010542571545</ele>
				<time>2025-11-15T17:32:11Z</time>
			</trkpt>
			<trkpt lat="35.402210953064404" lon="-83.60705275602528">
				<ele>597.9715048987418</ele>
				<time>2025-11-15T17:32:14Z</time>
			</trkpt>
			<trkpt lat="35.40219136093479" lon="-83.60703638500105">
				<ele>598.3340017795563</ele>
				<time>2025-11-15T17:32:16Z</time>
			</trkpt>
			<trkpt lat="35.402171677783556" lon="-83.60702598570754">
				<ele>598.4545043120161</ele>
				<time>2025-11-15T17:32:18Z</time>
			</trkpt>
			<trkpt lat="35.40211640247334" lon="-83.60699433961396">
				<ele>598.4592025093734</ele>
				<time>2025-11-15T17:32:20Z</time>
			</trkpt>
			<trkpt lat="35.40209735425264" lon="-83.60696039243322">
				<ele>600.0477960836142</ele>
				<time>2025-11-15T17:32:22Z</time>
			</trkpt>
			<trkpt lat="35.40208679183482" lon="-83.60694222099472">
				<ele>599.7204427784309</ele>
				<time>2025-11-15T17:32:23Z</time>
			</trkpt>
			<trkpt lat="35.40207284287023" lon="-83.60690936874893">
				<ele>601.4294463517144</ele>
				<time>2025-11-15T17:32:25Z</time>
			</trkpt>
			<trkpt lat="35.40206128788435" lon="-83.60688850039561">
				<ele>603.0931905843318</ele>
				<time>2025-11-15T17:32:26Z</time>
			</trkpt>
			<trkpt lat="35.402045851240075" lon="-83.60687454059858">
				<ele>604.7915683789179</ele>
				<time>2025-11-15T17:32:27Z</time>
			</trkpt>
			<trkpt lat="35.40202718671836" lon="-83.6068576617938">
				<ele>604.1818564394489</ele>
				<time>2025-11-15T17:32:29Z</time>
			</trkpt>
			<trkpt lat="35.40199925628093" lon="-83.60683240351982">
				<ele>605.3833774924278</ele>
				<time>2025-11-15T17:32:31Z</time>
			</trkpt>
			<trkpt lat="35.40197807658561" lon="-83.60680949117655">
				<ele>605.1299259215593</ele>
				<time>2025-11-15T17:32:33Z</time>
			</trkpt>
			<trkpt lat="35.40197463326796" lon="-83.60678205783738">
				<ele>604.9710391862318</ele>
				<time>2025-11-15T17:32:34Z</time>
			</trkpt>
			<trkpt lat="35.4019703275124" lon="-83.60675607441549">
				<ele>603.2701454022899</ele>
				<time>2025-11-15T17:32:35Z</time>
			</trkpt>
			<trkpt lat="35.401972599123994" lon="-83.60673015227476">
				<ele>604.3041450604796</ele>
				<time>2025-11-15T17:32:36Z</time>
			</trkpt>
			<trkpt lat="35.401969573218466" lon="-83.6067057997614">
				<ele>604.9587657265365</ele>
				<time>2025-11-15T17:32:37Z</time>
			</trkpt>
			<trkpt lat="35.40196269462603" lon="-83.60668298883431">
				<ele>604.458711807616</ele>
				<time>2025-11-15T17:32:38Z</time>
			</trkpt>
			<trkpt lat="35.40195632974107" lon="-83.60666160437799">
				<ele>604.943470354192</ele>
				<time>2025-11-15T17:32:39Z</time>
			</trkpt>
			<trkpt lat="35.401946637215744" lon="-83.60663974217739">
				<ele>605.4818848045543</ele>
				<time>2025-11-15T17:32:40Z</time>
			</trkpt>
			<trkpt lat="35.40194382943658" lon="-83.60661546564936">
				<ele>604.7368978736922</ele>
				<time>2025-11-15T17:32:41Z</time>
			</trkpt>
			<trkpt lat="35.401944444525355" lon="-83.60657797344325">
				<ele>605.4419583445415</ele>
				<time>2025-11-15T17:32:43Z</time>
			</trkpt>
			<trkpt lat="35.40194483084199" lon="-83.60655442541008">
				<ele>604.577778538689</ele>
				<time>2025-11-15T17:32:45Z</time>
			</trkpt>
			<trkpt lat="35.40194520819467" lon="-83.6065314242471">
				<ele>605.1276043476537</ele>
				<time>2025-11-15T17:32:47Z</time>
			</trkpt>
			<trkpt lat="35.40194126320939" lon="-83.60650596050502">
				<ele>605.6092613004148</ele>
				<time>2025-11-15T17:32:48Z</time>
			</trkpt>
			<trkpt lat="35.40193188586" lon="-83.60646403956761">
				<ele>606.1114576701075</ele>
				<time>2025-11-15T17:32:50Z</time>
			</trkpt>
			<trkpt lat="35.40192115319201" lon="-83.60641605970686">
				<ele>608.2822132343426</ele>
				<time>2025-11-15T17:32:52Z</time>
			</trkpt>
			<trkpt lat="35.40191543072889" lon="-83.6063904779721">
				<ele>609.6966149536893</ele>
				<time>2025-11-15T17:32:53Z</time>
			</trkpt>
			<trkpt lat="35.4019061476831" lon="-83.60635268995142">
				<ele>608.4622119693086</ele>
				<time>2025-11-15T17:32:54Z</time>
			</trkpt>
			<trkpt lat="35.401899563186994" lon="-83.60632942368923">
				<ele>608.706352384761</ele>
				<time>2025-11-15T17:32:55Z</time>
			</trkpt>
			<trkpt lat="35.401892436426444" lon="-83.606304241531">
				<ele>608.5604739720002</ele>
				<time>2025-11-15T17:32:56Z</time>
			</trkpt>
			<trkpt lat="35.40188593759436" lon="-83.60628127787984">
				<ele>609.4837563056499</ele>
				<time>2025-11-15T17:32:57Z</time>
			</trkpt>
			<trkpt lat="35.401873890347495" lon="-83.6062387093744">
				<ele>608.4896131101996</ele>
				<time>2025-11-15T17:32:59Z</time>
			</trkpt>
			<trkpt lat="35.40186756243747" lon="-83.60621634964906">
				<ele>608.0116153834388</ele>
				<time>2025-11-15T17:33:00Z</time>
			</trkpt>
			<trkpt lat="35.401858796669806" lon="-83.60619038804917">
				<ele>607.8014703923836</ele>
				<time>2025-11-15T17:33:01Z</time>
			</trkpt>
			<trkpt lat="35.401847510064634" lon="-83.60615809125872">
				<ele>609.6506161391735</ele>
				<time>2025-11-15T17:33:03Z</time>
			</trkpt>
			<trkpt lat="35.4018184409247" lon="-83.60613280321098">
				<ele>608.7726330356672</ele>
				<time>2025-11-15T17:33:05Z</time>
			</trkpt>
			<trkpt lat="35.4018021667879" lon="-83.60612134353046">
				<ele>609.8883795030415</ele>
				<time>2025-11-15T17:33:06Z</time>
			</trkpt>
			<trkpt lat="35.40180308696378" lon="-83.60609633867476">
				<ele>608.3508219951764</ele>
				<time>2025-11-15T17:33:07Z</time>
			</trkpt>
			<trkpt lat="35.401805576255654" lon="-83.60607277207124">
				<ele>609.1781557705253</ele>
				<time>2025-11-15T17:33:08Z</time>
			</trkpt>
			<trkpt lat="35.40180777207441" lon="-83.60604813854212">
				<ele>609.3278568759561</ele>
				<time>2025-11-15T17:33:09Z</time>
			</trkpt>
			<trkpt lat="35.40179370881943" lon="-83.6060101791824">
				<ele>609.6924964468926</ele>
				<time>2025-11-15T17:33:11Z</time>
			</trkpt>
			<trkpt lat="35.401785655486755" lon="-83.60598844173467">
				<ele>609.0877716634423</ele>
				<time>2025-11-15T17:33:12Z</time>
			</trkpt>
			<trkpt lat="35.40177338333053" lon="-83.60595387742806">
				<ele>610.3040719460696</ele>
				<time>2025-11-15T17:33:14Z</time>
			</trkpt>
			<trkpt lat="35.40176605986556" lon="-83.60593284403603">
				<ele>609.1685929819942</ele>
				<time>2025-11-15T17:33:15Z</time>
			</trkpt>
			<trkpt lat="35.4017507427675" lon="-83.60588885231603">
				<ele>609.9146546917036</ele>
				<time>2025-11-15T17:33:17Z</time>
			</trkpt>
			<trkpt lat="35.40174302317893" lon="-83.60586668116568">
				<ele>610.2141080750152</ele>
				<time>2025-11-15T17:33:18Z</time>
			</trkpt>
			<trkpt lat="35.40173112082083" lon="-83.60582640723905">
				<ele>610.8467209376395</ele>
				<time>2025-11-15T17:33:20Z</time>
			</trkpt>
			<trkpt lat="35.401723489764215" lon="-83.60580049415526">
				<ele>609.961573666893</ele>
				<time>2025-11-15T17:33:21Z</time>
			</trkpt>
			<trkpt lat="35.40170741917886" lon="-83.60578326010024">
				<ele>611.111724389717</ele>
				<time>2025-11-15T17:33:22Z</time>
			</trkpt>
			<trkpt lat="35.401691326510836" lon="-83.60576725089925">
				<ele>612.9205786753446</ele>
				<time>2025-11-15T17:33:23Z</time>
			</trkpt>
			<trkpt lat="35.4016918908093" lon="-83.60572897128344">
				<ele>611.4744439721107</ele>
				<time>2025-11-15T17:33:24Z</time>
			</trkpt>
			<trkpt lat="35.40169384143561" lon="-83.60569981559365">
				<ele>612.7395510543138</ele>
				<time>2025-11-15T17:33:25Z</time>
			</trkpt>
			<trkpt lat="35.401685321452426" lon="-83.60565815180496">
				<ele>613.3532133186236</ele>
				<time>2025-11-15T17:33:27Z</time>
			</trkpt>
			<trkpt lat="35.40167949425746" lon="-83.60563042568215">
				<ele>612.1573342606425</ele>
				<time>2025-11-15T17:33:28Z</time>
			</trkpt>
			<trkpt lat="35.4016747380666" lon="-83.60560779529723">
				<ele>613.0668645547703</ele>
				<time>2025-11-15T17:33:29Z</time>
			</trkpt>
			<trkpt lat="35.40166958648892" lon="-83.60558328392464">
				<ele>612.5277421250939</ele>
				<time>2025-11-15T17:33:30Z</time>
			</trkpt>
			<trkpt lat="35.401664779320406" lon="-83.60556041109903">
				<ele>612.9692057259381</ele>
				<time>2025-11-15T17:33:31Z</time>
			</trkpt>
			<trkpt lat="35.40165957247731" lon="-83.60553563670338">
				<ele>611.0380172356963</ele>
				<time>2025-11-15T17:33:32Z</time>
			</trkpt>
			<trkpt lat="35.401654421762245" lon="-83.6055023546526">
				<ele>611.5764317642897</ele>
				<time>2025-11-15T17:33:34Z</time>
			</trkpt>
			<trkpt lat="35.4016518151032" lon="-83.60547797883953">
				<ele>611.8105790680274</ele>
				<time>2025-11-15T17:33:36Z</time>
			</trkpt>
			<trkpt lat="35.40164872019697" lon="-83.60544903719311">
				<ele>611.550956659019</ele>
				<time>2025-11-15T17:33:38Z</time>
			</trkpt>
			<trkpt lat="35.40164583927419" lon="-83.60542209666671">
				<ele>612.7145420983434</ele>
				<time>2025-11-15T17:33:40Z</time>
			</trkpt>
			<trkpt lat="35.40164341711446" lon="-83.60539944618398">
				<ele>612.9762830501422</ele>
				<time>2025-11-15T17:33:42Z</time>
			</trkpt>
			<trkpt lat="35.40164074757041" lon="-83.60537448239981">
				<ele>613.1846692785621</ele>
				<time>2025-11-15T17:33:44Z</time>
			</trkpt>
			<trkpt lat="35.40163750016206" lon="-83.60534411453874">
				<ele>613.7984517132863</ele>
				<time>2025-11-15T17:33:46Z</time>
			</trkpt>
			<trkpt lat="35.40164051474479" lon="-83.60530952574283">
				<ele>613.6294427243993</ele>
				<time>2025-11-15T17:33:48Z</time>
			</trkpt>
			<trkpt lat="35.40164480144656" lon="-83.60527366354304">
				<ele>612.9892943305895</ele>
				<time>2025-11-15T17:33:50Z</time>
			</trkpt>
			<trkpt lat="35.401649478631214" lon="-83.60524505300864">
				<ele>612.9691302273422</ele>
				<time>2025-11-15T17:33:52Z</time>
			</trkpt>
			<trkpt lat="35.40164869001914" lon="-83.6052040824074">
				<ele>612.3638596860692</ele>
				<time>2025-11-15T17:33:54Z</time>
			</trkpt>
			<trkpt lat="35.40165584306531" lon="-83.6051604365591">
				<ele>612.040047348477</ele>
				<time>2025-11-15T17:33:56Z</time>
			</trkpt>
			<trkpt lat="35.40166941537051" lon="-83.60512244534753">
				<ele>611.2517491271719</ele>
				<time>2025-11-15T17:33:58Z</time>
			</trkpt>
			<trkpt lat="35.40168536600174" lon="-83.60510609082785">
				<ele>612.8581376010552</ele>
				<time>2025-11-15T17:34:00Z</time>
			</trkpt>
			<trkpt lat="35.40170127683564" lon="-83.605075482991">
				<ele>612.1799246175215</ele>
				<time>2025-11-15T17:34:02Z</time>
			</trkpt>
			<trkpt lat="35.401714672635876" lon="-83.60505462562897">
				<ele>612.8455633195117</ele>
				<time>2025-11-15T17:34:04Z</time>
			</trkpt>
			<trkpt lat="35.401733173309374" lon="-83.60503041236962">
				<ele>612.6403247890994</ele>
				<time>2025-11-15T17:34:05Z</time>
			</trkpt>
			<trkpt lat="35.401750811564455" lon="-83.60501687286988">
				<ele>612.1947303870693</ele>
				<time>2025-11-15T17:34:06Z</time>
			</trkpt>
			<trkpt lat="35.40177635937774" lon="-83.60500652632075">
				<ele>612.4669123934582</ele>
				<time>2025-11-15T17:34:07Z</time>
			</trkpt>
			<trkpt lat="35.401818974960364" lon="-83.60499955365984">
				<ele>612.6406601499766</ele>
				<time>2025-11-15T17:34:09Z</time>
			</trkpt>
			<trkpt lat="35.4018599786058" lon="-83.60500179513262">
				<ele>611.3719339687377</ele>
				<time>2025-11-15T17:34:11Z</time>
			</trkpt>
			<trkpt lat="35.40188629252017" lon="-83.60501929066805">
				<ele>613.0823178989813</ele>
				<time>2025-11-15T17:34:13Z</time>
			</trkpt>
			<trkpt lat="35.40191258192287" lon="-83.60503330709872">
				<ele>611.9362253295258</ele>
				<time>2025-11-15T17:34:15Z</time>
			</trkpt>
			<trkpt lat="35.401930675962085" lon="-83.60504355255651">
				<ele>612.6296761622652</ele>
				<time>2025-11-15T17:34:16Z</time>
			</trkpt>
			<trkpt lat="35.40196771387456" lon="-83.60505784379316">
				<ele>613.1198222413659</ele>
				<time>2025-11-15T17:34:18Z</time>
			</trkpt>
			<trkpt lat="35.402001288564634" lon="-83.60507180017142">
				<ele>612.9168315194547</ele>
				<time>2025-11-15T17:34:20Z</time>
			</trkpt>
			<trkpt lat="35.40202880825193" lon="-83.60507998831338">
				<ele>613.8685608329251</ele>
				<time>2025-11-15T17:34:22Z</time>
			</trkpt>
			<trkpt lat="35.40205262595496" lon="-83.60507952246759">
				<ele>613.1869705924764</ele>
				<time>2025-11-15T17:34:23Z</time>
			</trkpt>
			<trkpt lat="35.40209752220715" lon="-83.60507675537616">
				<ele>613.0471270931885</ele>
				<time>2025-11-15T17:34:25Z</time>
			</trkpt>
			<trkpt lat="35.40211714022264" lon="-83.60508390578426">
				<ele>613.8340752469376</ele>
				<time>2025-11-15T17:34:26Z</time>
			</trkpt>
			<trkpt lat="35.40215399386048" lon="-83.60509736718181">
				<ele>614.6732649998739</ele>
				<time>2025-11-15T17:34:27Z</time>
			</trkpt>
			<trkpt lat="35.402177579513136" lon="-83.60510598223424">
				<ele>615.5771537683904</ele>
				<time>2025-11-15T17:34:28Z</time>
			</trkpt>
			<trkpt lat="35.402211837552045" lon="-83.60511849549916">
				<ele>615.6731585273519</ele>
				<time>2025-11-15T17:34:29Z</time>
			</trkpt>
			<trkpt lat="35.402241243688714" lon="-83.60514392888145">
				<ele>615.8671922823414</ele>
				<time>2025-11-15T17:34:30Z</time>
			</trkpt>
			<trkpt lat="35.402275295986406" lon="-83.60516938751502">
				<ele>616.0803831107914</ele>
				<time>2025-11-15T17:34:31Z</time>
			</trkpt>
			<trkpt lat="35.40233102055983" lon="-83.60521268568394">
				<ele>616.2783880382776</ele>
				<time>2025-11-15T17:34:32Z</time>
			</trkpt>
			<trkpt lat="35.40237698904302" lon="-83.60524362459023">
				<ele>616.6484945463017</ele>
				<time>2025-11-15T17:34:33Z</time>
			</trkpt>
			<trkpt lat="35.40242791900715" lon="-83.60527003816252">
				<ele>616.0023822300136</ele>
				<time>2025-11-15T17:34:34Z</time>
			</trkpt>
			<trkpt lat="35.40247737410666" lon="-83.60528908350491">
				<ele>615.2105723535642</ele>
				<time>2025-11-15T17:34:35Z</time>
			</trkpt>
			<trkpt lat="35.402533922188624" lon="-83.60530881558518">
				<ele>614.5099457297474</ele>
				<time>2025-11-15T17:34:36Z</time>
			</trkpt>
			<trkpt lat="35.40259104961153" lon="-83.6053303218707">
				<ele>614.4895187830552</ele>
				<time>2025-11-15T17:34:37Z</time>
			</trkpt>
			<trkpt lat="35.40265786696799" lon="-83.60534834767246">
				<ele>614.9703552108258</ele>
				<time>2025-11-15T17:34:38Z</time>
			</trkpt>
			<trkpt lat="35.40270155215766" lon="-83.60536259147909">
				<ele>615.5583580117673</ele>
				<time>2025-11-15T17:34:39Z</time>
			</trkpt>
			<trkpt lat="35.40274468713318" lon="-83.60537276045496">
				<ele>615.3045354578644</ele>
				<time>2025-11-15T17:34:40Z</time>
			</trkpt>
			<trkpt lat="35.40279479678806" lon="-83.6053774234099">
				<ele>614.6186929736286</ele>
				<time>2025-11-15T17:34:41Z</time>
			</trkpt>
			<trkpt lat="35.40284272309808" lon="-83.60537688514223">
				<ele>613.5087164277211</ele>
				<time>2025-11-15T17:34:42Z</time>
			</trkpt>
			<trkpt lat="35.4028777524244" lon="-83.60537559012198">
				<ele>611.2726051360369</ele>
				<time>2025-11-15T17:34:43Z</time>
			</trkpt>
			<trkpt lat="35.40291702662683" lon="-83.60536750610682">
				<ele>609.8396357577294</ele>
				<time>2025-11-15T17:34:44Z</time>
			</trkpt>
			<trkpt lat="35.40294167010549" lon="-83.60535177490777">
				<ele>608.3355398951098</ele>
				<time>2025-11-15T17:34:45Z</time>
			</trkpt>
			<trkpt lat="35.402978416362714" lon="-83.60531295608611">
				<ele>606.3717412771657</ele>
				<time>2025-11-15T17:34:46Z</time>
			</trkpt>
			<trkpt lat="35.40299665567948" lon="-83.6052796285518">
				<ele>606.9766174880788</ele>
				<time>2025-11-15T17:34:47Z</time>
			</trkpt>
			<trkpt lat="35.40301502995562" lon="-83.60522382650075">
				<ele>606.4076282195747</ele>
				<time>2025-11-15T17:34:48Z</time>
			</trkpt>
			<trkpt lat="35.4030248137393" lon="-83.60518393875411">
				<ele>606.495879390277</ele>
				<time>2025-11-15T17:34:49Z</time>
			</trkpt>
			<trkpt lat="35.40302950524607" lon="-83.60511006545255">
				<ele>605.5807372201234</ele>
				<time>2025-11-15T17:34:50Z</time>
			</trkpt>
			<trkpt lat="35.403029186158044" lon="-83.60505385558773">
				<ele>606.2422797298059</ele>
				<time>2025-11-15T17:34:51Z</time>
			</trkpt>
			<trkpt lat="35.40302695003647" lon="-83.60500803518174">
				<ele>607.5617698570713</ele>
				<time>2025-11-15T17:34:52Z</time>
			</trkpt>
			<trkpt lat="35.4030244697328" lon="-83.60495317512235">
				<ele>605.9385950025171</ele>
				<time>2025-11-15T17:34:53Z</time>
			</trkpt>
			<trkpt lat="35.40302592540188" lon="-83.60491413648093">
				<ele>605.8168907575309</ele>
				<time>2025-11-15T17:34:54Z</time>
			</trkpt>
			<trkpt lat="35.40302753431491" lon="-83.6048709886675">
				<ele>606.1064044833183</ele>
				<time>2025-11-15T17:34:55Z</time>
			</trkpt>
			<trkpt lat="35.40302884186608" lon="-83.60482629780607">
				<ele>607.0385051826015</ele>
				<time>2025-11-15T17:34:56Z</time>
			</trkpt>
			<trkpt lat="35.40297638601775" lon="-83.6047962472781">
				<ele>608.3872653087601</ele>
				<time>2025-11-15T17:34:57Z</time>
			</trkpt>
			<trkpt lat="35.40299889331971" lon="-83.6047560660535">
				<ele>610.6460300656036</ele>
				<time>2025-11-15T17:34:59Z</time>
			</trkpt>
			<trkpt lat="35.40301621239222" lon="-83.6047423374733">
				<ele>610.6866008834913</ele>
				<time>2025-11-15T17:35:00Z</time>
			</trkpt>
			<trkpt lat="35.40303980431021" lon="-83.60472765697195">
				<ele>610.7647752184421</ele>
				<time>2025-11-15T17:35:01Z</time>
			</trkpt>
			<trkpt lat="35.403064578693694" lon="-83.60471898614882">
				<ele>609.7494898932055</ele>
				<time>2025-11-15T17:35:02Z</time>
			</trkpt>
			<trkpt lat="35.40309428247435" lon="-83.6047107524944">
				<ele>608.1609492367133</ele>
				<time>2025-11-15T17:35:03Z</time>
			</trkpt>
			<trkpt lat="35.403120507345726" lon="-83.60470557162893">
				<ele>608.4359233789146</ele>
				<time>2025-11-15T17:35:04Z</time>
			</trkpt>
			<trkpt lat="35.403148197026" lon="-83.60469838417835">
				<ele>608.3317468138412</ele>
				<time>2025-11-15T17:35:05Z</time>
			</trkpt>
			<trkpt lat="35.403175007089644" lon="-83.60469021883083">
				<ele>609.3022939171642</ele>
				<time>2025-11-15T17:35:06Z</time>
			</trkpt>
			<trkpt lat="35.40320775546718" lon="-83.60467983386435">
				<ele>607.7263374682516</ele>
				<time>2025-11-15T17:35:07Z</time>
			</trkpt>
			<trkpt lat="35.40324257993986" lon="-83.60466392247893">
				<ele>607.6610730662942</ele>
				<time>2025-11-15T17:35:08Z</time>
			</trkpt>
			<trkpt lat="35.40329195847387" lon="-83.60465454489461">
				<ele>607.9091126034036</ele>
				<time>2025-11-15T17:35:09Z</time>
			</trkpt>
			<trkpt lat="35.40335614356861" lon="-83.60462326969007">
				<ele>608.0119098387659</ele>
				<time>2025-11-15T17:35:10Z</time>
			</trkpt>
			<trkpt lat="35.403409887944605" lon="-83.60458310164734">
				<ele>607.1831974675879</ele>
				<time>2025-11-15T17:35:11Z</time>
			</trkpt>
			<trkpt lat="35.403447194230814" lon="-83.60457288030325">
				<ele>607.5964626763016</ele>
				<time>2025-11-15T17:35:12Z</time>
			</trkpt>
			<trkpt lat="35.40349298880013" lon="-83.60456532525448">
				<ele>607.6763421110809</ele>
				<time>2025-11-15T17:35:13Z</time>
			</trkpt>
			<trkpt lat="35.403527419799076" lon="-83.60458258493038">
				<ele>608.2788134422153</ele>
				<time>2025-11-15T17:35:14Z</time>
			</trkpt>
			<trkpt lat="35.4035587392145" lon="-83.60460629621257">
				<ele>607.8735505491495</ele>
				<time>2025-11-15T17:35:15Z</time>
			</trkpt>
			<trkpt lat="35.40360227313156" lon="-83.60463137056661">
				<ele>607.3944838438183</ele>
				<time>2025-11-15T17:35:16Z</time>
			</trkpt>
			<trkpt lat="35.4036498379212" lon="-83.60462710611792">
				<ele>607.9872744195163</ele>
				<time>2025-11-15T17:35:17Z</time>
			</trkpt>
			<trkpt lat="35.403693948173235" lon="-83.60460229904868">
				<ele>606.5330400606617</ele>
				<time>2025-11-15T17:35:18Z</time>
			</trkpt>
			<trkpt lat="35.40374785044124" lon="-83.60455814411316">
				<ele>605.7121324557811</ele>
				<time>2025-11-15T17:35:19Z</time>
			</trkpt>
			<trkpt lat="35.403795272365215" lon="-83.60453541127404">
				<ele>605.6795407338068</ele>
				<time>2025-11-15T17:35:20Z</time>
			</trkpt>
			<trkpt lat="35.40384415004148" lon="-83.60453030819806">
				<ele>606.5558753246441</ele>
				<time>2025-11-15T17:35:21Z</time>
			</trkpt>
			<trkpt lat="35.4038866361824" lon="-83.604547610808">
				<ele>606.2817990332842</ele>
				<time>2025-11-15T17:35:22Z</time>
			</trkpt>
			<trkpt lat="35.40392119197147" lon="-83.60457426321298">
				<ele>607.0790912117809</ele>
				<time>2025-11-15T17:35:23Z</time>
			</trkpt>
			<trkpt lat="35.40396873095226" lon="-83.60460194749474">
				<ele>607.3830576129258</ele>
				<time>2025-11-15T17:35:24Z</time>
			</trkpt>
			<trkpt lat="35.40402765760882" lon="-83.60463195836343">
				<ele>606.8710889276117</ele>
				<time>2025-11-15T17:35:25Z</time>
			</trkpt>
			<trkpt lat="35.40408730342714" lon="-83.60466251607131">
				<ele>606.4202934568748</ele>
				<time>2025-11-15T17:35:26Z</time>
			</trkpt>
			<trkpt lat="35.404118612693196" lon="-83.60470432284791">
				<ele>606.5933426953852</ele>
				<time>2025-11-15T17:35:27Z</time>
			</trkpt>
			<trkpt lat="35.40413447696075" lon="-83.60475687654754">
				<ele>607.7567437179387</ele>
				<time>2025-11-15T17:35:28Z</time>
			</trkpt>
			<trkpt lat="35.40413072996969" lon="-83.60480024178139">
				<ele>608.3573936456814</ele>
				<time>2025-11-15T17:35:29Z</time>
			</trkpt>
			<trkpt lat="35.40413977263494" lon="-83.60486907230384">
				<ele>608.6364595647901</ele>
				<time>2025-11-15T17:35:30Z</time>
			</trkpt>
			<trkpt lat="35.40415647229113" lon="-83.60495512731707">
				<ele>608.8253384567797</ele>
				<time>2025-11-15T17:35:31Z</time>
			</trkpt>
			<trkpt lat="35.404170641956846" lon="-83.60504524538702">
				<ele>608.7292084787041</ele>
				<time>2025-11-15T17:35:32Z</time>
			</trkpt>
			<trkpt lat="35.404179571193026" lon="-83.60512078075195">
				<ele>607.5937692290172</ele>
				<time>2025-11-15T17:35:33Z</time>
			</trkpt>
			<trkpt lat="35.404187180182525" lon="-83.60518722118174">
				<ele>604.7501531355083</ele>
				<time>2025-11-15T17:35:34Z</time>
			</trkpt>
			<trkpt lat="35.404233022826425" lon="-83.60524013930485">
				<ele>603.3624277692288</ele>
				<time>2025-11-15T17:35:35Z</time>
			</trkpt>
			<trkpt lat="35.40429985116271" lon="-83.60527136418715">
				<ele>603.7899682465941</ele>
				<time>2025-11-15T17:35:36Z</time>
			</trkpt>
			<trkpt lat="35.404351463880126" lon="-83.6052787003499">
				<ele>603.1840027980506</ele>
				<time>2025-11-15T17:35:37Z</time>
			</trkpt>
			<trkpt lat="35.40440241799375" lon="-83.6052573412642">
				<ele>603.7858605273068</ele>
				<time>2025-11-15T17:35:38Z</time>
			</trkpt>
			<trkpt lat="35.40443119861436" lon="-83.60520685643613">
				<ele>599.8047579359263</ele>
				<time>2025-11-15T17:35:39Z</time>
			</trkpt>
			<trkpt lat="35.40445345011082" lon="-83.6051637720912">
				<ele>598.9440363384783</ele>
				<time>2025-11-15T17:35:40Z</time>
			</trkpt>
			<trkpt lat="35.404478808678085" lon="-83.605124554666">
				<ele>597.6642670845613</ele>
				<time>2025-11-15T17:35:41Z</time>
			</trkpt>
			<trkpt lat="35.40450589839032" lon="-83.60509390181066">
				<ele>599.1660873377696</ele>
				<time>2025-11-15T17:35:42Z</time>
			</trkpt>
			<trkpt lat="35.40455382548483" lon="-83.60507657167693">
				<ele>598.1310009919107</ele>
				<time>2025-11-15T17:35:43Z</time>
			</trkpt>
			<trkpt lat="35.40458761249391" lon="-83.60507698589205">
				<ele>598.5121179521084</ele>
				<time>2025-11-15T17:35:44Z</time>
			</trkpt>
			<trkpt lat="35.40464123217154" lon="-83.60507620368587">
				<ele>599.0417815633118</ele>
				<time>2025-11-15T17:35:45Z</time>
			</trkpt>
			<trkpt lat="35.404678276900846" lon="-83.60509366683506">
				<ele>600.1526853600517</ele>
				<time>2025-11-15T17:35:46Z</time>
			</trkpt>
			<trkpt lat="35.404715722165356" lon="-83.60512464320054">
				<ele>601.3534305039793</ele>
				<time>2025-11-15T17:35:47Z</time>
			</trkpt>
			<trkpt lat="35.4047558507187" lon="-83.60516216239951">
				<ele>601.2744141984731</ele>
				<time>2025-11-15T17:35:48Z</time>
			</trkpt>
			<trkpt lat="35.40478833323931" lon="-83.60520563917841">
				<ele>601.3253096202388</ele>
				<time>2025-11-15T17:35:49Z</time>
			</trkpt>
			<trkpt lat="35.40481894269763" lon="-83.60524938141985">
				<ele>601.2317360471934</ele>
				<time>2025-11-15T17:35:50Z</time>
			</trkpt>
			<trkpt lat="35.40484492660551" lon="-83.60528595087301">
				<ele>598.344694500789</ele>
				<time>2025-11-15T17:35:51Z</time>
			</trkpt>
			<trkpt lat="35.40486739998848" lon="-83.6053172202764">
				<ele>599.6587213370949</ele>
				<time>2025-11-15T17:35:52Z</time>
			</trkpt>
			<trkpt lat="35.4048943142067" lon="-83.60535304912798">
				<ele>598.8552913768217</ele>
				<time>2025-11-15T17:35:53Z</time>
			</trkpt>
			<trkpt lat="35.404918969002786" lon="-83.60539378621107">
				<ele>599.3182186409831</ele>
				<time>2025-11-15T17:35:54Z</time>
			</trkpt>
			<trkpt lat="35.404939475752734" lon="-83.60543408432899">
				<ele>600.9383918857202</ele>
				<time>2025-11-15T17:35:55Z</time>
			</trkpt>
			<trkpt lat="35.404958320426296" lon="-83.6054684870101">
				<ele>599.7144056120887</ele>
				<time>2025-11-15T17:35:56Z</time>
			</trkpt>
			<trkpt lat="35.40497843608347" lon="-83.6055009442521">
				<ele>600.8660713341087</ele>
				<time>2025-11-15T17:35:57Z</time>
			</trkpt>
			<trkpt lat="35.404997732384736" lon="-83.6055292399669">
				<ele>601.8757239785045</ele>
				<time>2025-11-15T17:35:58Z</time>
			</trkpt>
			<trkpt lat="35.40501828769" lon="-83.6055618759354">
				<ele>602.5595465721563</ele>
				<time>2025-11-15T17:35:59Z</time>
			</trkpt>
			<trkpt lat="35.4050357989696" lon="-83.60559703926221">
				<ele>603.0595059646294</ele>
				<time>2025-11-15T17:36:00Z</time>
			</trkpt>
			<trkpt lat="35.405050183730765" lon="-83.60562705075746">
				<ele>602.217262422666</ele>
				<time>2025-11-15T17:36:01Z</time>
			</trkpt>
			<trkpt lat="35.40506774595553" lon="-83.60566175983891">
				<ele>601.6535418685526</ele>
				<time>2025-11-15T17:36:02Z</time>
			</trkpt>
			<trkpt lat="35.40508142279929" lon="-83.60570740852916">
				<ele>599.9327606540173</ele>
				<time>2025-11-15T17:36:04Z</time>
			</trkpt>
			<trkpt lat="35.40509056541927" lon="-83.60572790418993">
				<ele>599.3606105353683</ele>
				<time>2025-11-15T17:36:05Z</time>
			</trkpt>
			<trkpt lat="35.40510460025226" lon="-83.60575616382475">
				<ele>600.2140976283699</ele>
				<time>2025-11-15T17:36:06Z</time>
			</trkpt>
			<trkpt lat="35.40511898160616" lon="-83.60580019507007">
				<ele>600.538211915642</ele>
				<time>2025-11-15T17:36:08Z</time>
			</trkpt>
			<trkpt lat="35.40513309248039" lon="-83.60583077080263">
				<ele>600.5635898364708</ele>
				<time>2025-11-15T17:36:09Z</time>
			</trkpt>
			<trkpt lat="35.4051442236457" lon="-83.60585254447989">
				<ele>600.4799205865711</ele>
				<time>2025-11-15T17:36:10Z</time>
			</trkpt>
			<trkpt lat="35.40516583313808" lon="-83.6058886560576">
				<ele>599.5662593143061</ele>
				<time>2025-11-15T17:36:11Z</time>
			</trkpt>
			<trkpt lat="35.40519068435293" lon="-83.60592691595483">
				<ele>600.5401635961607</ele>
				<time>2025-11-15T17:36:13Z</time>
			</trkpt>
			<trkpt lat="35.40521447691994" lon="-83.60595707393156">
				<ele>598.993129234761</ele>
				<time>2025-11-15T17:36:14Z</time>
			</trkpt>
			<trkpt lat="35.40525179876106" lon="-83.60598087667888">
				<ele>599.5351459207013</ele>
				<time>2025-11-15T17:36:16Z</time>
			</trkpt>
			<trkpt lat="35.40527588074185" lon="-83.60597440547238">
				<ele>597.272697375156</ele>
				<time>2025-11-15T17:36:18Z</time>
			</trkpt>
			<trkpt lat="35.405313622306046" lon="-83.60599241394759">
				<ele>595.9727013641968</ele>
				<time>2025-11-15T17:36:21Z</time>
			</trkpt>
			<trkpt lat="35.40532169665679" lon="-83.60596259859675">
				<ele>596.5673622377217</ele>
				<time>2025-11-15T17:36:23Z</time>
			</trkpt>
			<trkpt lat="35.40531467340319" lon="-83.60593227217501">
				<ele>597.4438114529476</ele>
				<time>2025-11-15T17:36:24Z</time>
			</trkpt>
			<trkpt lat="35.40532040183877" lon="-83.60585713772696">
				<ele>597.775123664178</ele>
				<time>2025-11-15T17:36:25Z</time>
			</trkpt>
			<trkpt lat="35.40531434192679" lon="-83.60581833783137">
				<ele>598.4110285267234</ele>
				<time>2025-11-15T17:36:26Z</time>
			</trkpt>
			<trkpt lat="35.4053090087566" lon="-83.6057515216">
				<ele>599.7434135647491</ele>
				<time>2025-11-15T17:36:27Z</time>
			</trkpt>
			<trkpt lat="35.40526285864887" lon="-83.60565094594324">
				<ele>599.3987017767504</ele>
				<time>2025-11-15T17:36:28Z</time>
			</trkpt>
			<trkpt lat="35.405229320725574" lon="-83.60555862370097">
				<ele>599.5526117188856</ele>
				<time>2025-11-15T17:36:29Z</time>
			</trkpt>
			<trkpt lat="35.40520687819853" lon="-83.60549330521548">
				<ele>599.4042604612187</ele>
				<time>2025-11-15T17:36:30Z</time>
			</trkpt>
			<trkpt lat="35.405202430976736" lon="-83.60541749878706">
				<ele>599.7826352771372</ele>
				<time>2025-11-15T17:36:31Z</time>
			</trkpt>
			<trkpt lat="35.40520763609623" lon="-83.60535605071523">
				<ele>601.450786399655</ele>
				<time>2025-11-15T17:36:32Z</time>
			</trkpt>
			<trkpt lat="35.405243894184665" lon="-83.60526236460406">
				<ele>601.4108510911465</ele>
				<time>2025-11-15T17:36:33Z</time>
			</trkpt>
			<trkpt lat="35.40525979537144" lon="-83.6051690120608">
				<ele>602.138874004595</ele>
				<time>2025-11-15T17:36:34Z</time>
			</trkpt>
			<trkpt lat="35.405263954598226" lon="-83.60509911232086">
				<ele>601.3595898626372</ele>
				<time>2025-11-15T17:36:35Z</time>
			</trkpt>
			<trkpt lat="35.40527589041613" lon="-83.60504223333824">
				<ele>600.0251442659646</ele>
				<time>2025-11-15T17:36:36Z</time>
			</trkpt>
			<trkpt lat="35.405281588927814" lon="-83.60499361006418">
				<ele>599.4213578198105</ele>
				<time>2025-11-15T17:36:37Z</time>
			</trkpt>
			<trkpt lat="35.405252402945585" lon="-83.6049122716363">
				<ele>599.0638495637104</ele>
				<time>2025-11-15T17:36:38Z</time>
			</trkpt>
			<trkpt lat="35.40525008614536" lon="-83.60484351425835">
				<ele>598.7223493494093</ele>
				<time>2025-11-15T17:36:39Z</time>
			</trkpt>
			<trkpt lat="35.40524480291738" lon="-83.60473729449623">
				<ele>599.1325679169968</ele>
				<time>2025-11-15T17:36:40Z</time>
			</trkpt>
			<trkpt lat="35.405224382166736" lon="-83.60462508091761">
				<ele>600.1529195336625</ele>
				<time>2025-11-15T17:36:41Z</time>
			</trkpt>
			<trkpt lat="35.40520143482319" lon="-83.60454058693509">
				<ele>599.8059248784557</ele>
				<time>2025-11-15T17:36:42Z</time>
			</trkpt>
			<trkpt lat="35.40516953377297" lon="-83.60446317869592">
				<ele>599.6738446438685</ele>
				<time>2025-11-15T17:36:43Z</time>
			</trkpt>
			<trkpt lat="35.40514655554613" lon="-83.6044145143196">
				<ele>600.436469078064</ele>
				<time>2025-11-15T17:36:44Z</time>
			</trkpt>
			<trkpt lat="35.405121740283015" lon="-83.60436195930228">
				<ele>599.8993208063766</ele>
				<time>2025-11-15T17:36:45Z</time>
			</trkpt>
			<trkpt lat="35.40509021628799" lon="-83.60429860577382">
				<ele>600.6670961920172</ele>
				<time>2025-11-15T17:36:46Z</time>
			</trkpt>
			<trkpt lat="35.405062455890686" lon="-83.60425658739203">
				<ele>600.6822605505586</ele>
				<time>2025-11-15T17:36:47Z</time>
			</trkpt>
			<trkpt lat="35.40502636920067" lon="-83.60420810248017">
				<ele>600.6833440577611</ele>
				<time>2025-11-15T17:36:48Z</time>
			</trkpt>
			<trkpt lat="35.40500742486932" lon="-83.6041848246306">
				<ele>601.4887594431639</ele>
				<time>2025-11-15T17:36:49Z</time>
			</trkpt>
			<trkpt lat="35.40499084106728" lon="-83.60416045258445">
				<ele>601.3795961951837</ele>
				<time>2025-11-15T17:36:50Z</time>
			</trkpt>
			<trkpt lat="35.40497089111931" lon="-83.60412853908421">
				<ele>603.55212541949</ele>
				<time>2025-11-15T17:36:51Z</time>
			</trkpt>
			<trkpt lat="35.404949452898094" lon="-83.60409424500345">
				<ele>603.0644398918375</ele>
				<time>2025-11-15T17:36:52Z</time>
			</trkpt>
			<trkpt lat="35.40492882697016" lon="-83.60405899108984">
				<ele>603.4110010145232</ele>
				<time>2025-11-15T17:36:53Z</time>
			</trkpt>
			<trkpt lat="35.40491342559002" lon="-83.60403049849945">
				<ele>604.7747233333066</ele>
				<time>2025-11-15T17:36:54Z</time>
			</trkpt>
			<trkpt lat="35.40489864887273" lon="-83.60400316155322">
				<ele>604.6217695372179</ele>
				<time>2025-11-15T17:36:55Z</time>
			</trkpt>
			<trkpt lat="35.404879967573386" lon="-83.6039686010674">
				<ele>603.875642279163</ele>
				<time>2025-11-15T17:36:56Z</time>
			</trkpt>
			<trkpt lat="35.404869102680394" lon="-83.60393997367687">
				<ele>604.3232176881284</ele>
				<time>2025-11-15T17:36:57Z</time>
			</trkpt>
			<trkpt lat="35.4048523677104" lon="-83.60389048839278">
				<ele>603.5821528537199</ele>
				<time>2025-11-15T17:36:58Z</time>
			</trkpt>
			<trkpt lat="35.40483672469122" lon="-83.60384423207195">
				<ele>601.7013136707246</ele>
				<time>2025-11-15T17:36:59Z</time>
			</trkpt>
			<trkpt lat="35.40482621126581" lon="-83.6038110873453">
				<ele>602.3345063952729</ele>
				<time>2025-11-15T17:37:00Z</time>
			</trkpt>
			<trkpt lat="35.40481377018494" lon="-83.60377210757335">
				<ele>601.8370012408122</ele>
				<time>2025-11-15T17:37:01Z</time>
			</trkpt>
			<trkpt lat="35.40478995847324" lon="-83.60372119907856">
				<ele>602.4217945588753</ele>
				<time>2025-11-15T17:37:02Z</time>
			</trkpt>
			<trkpt lat="35.40477010831145" lon="-83.60368836559516">
				<ele>600.9776600133628</ele>
				<time>2025-11-15T17:37:03Z</time>
			</trkpt>
			<trkpt lat="35.40475220123423" lon="-83.60365774603238">
				<ele>601.1092227986082</ele>
				<time>2025-11-15T17:37:04Z</time>
			</trkpt>
			<trkpt lat="35.40473876696336" lon="-83.60363338497672">
				<ele>602.18145705387</ele>
				<time>2025-11-15T17:37:05Z</time>
			</trkpt>
			<trkpt lat="35.40471575624324" lon="-83.60361268725023">
				<ele>602.0041697127745</ele>
				<time>2025-11-15T17:37:06Z</time>
			</trkpt>
			<trkpt lat="35.40469018164825" lon="-83.60359067199772">
				<ele>602.0174033632502</ele>
				<time>2025-11-15T17:37:07Z</time>
			</trkpt>
			<trkpt lat="35.40464864701407" lon="-83.6035716031636">
				<ele>601.955996251665</ele>
				<time>2025-11-15T17:37:09Z</time>
			</trkpt>
			<trkpt lat="35.40462329066456" lon="-83.60354451625061">
				<ele>602.7386056957766</ele>
				<time>2025-11-15T17:37:10Z</time>
			</trkpt>
			<trkpt lat="35.40460420257619" lon="-83.60352704713064">
				<ele>602.3489386616275</ele>
				<time>2025-11-15T17:37:11Z</time>
			</trkpt>
			<trkpt lat="35.404582309565036" lon="-83.60350343782929">
				<ele>602.7896095337346</ele>
				<time>2025-11-15T17:37:12Z</time>
			</trkpt>
			<trkpt lat="35.40456228969591" lon="-83.60349247687203">
				<ele>603.4039435265586</ele>
				<time>2025-11-15T17:37:13Z</time>
			</trkpt>
			<trkpt lat="35.40452995935801" lon="-83.60348623725174">
				<ele>603.3058225214481</ele>
				<time>2025-11-15T17:37:15Z</time>
			</trkpt>
			<trkpt lat="35.404522681939355" lon="-83.60344847919175">
				<ele>602.1489775804803</ele>
				<time>2025-11-15T17:37:17Z</time>
			</trkpt>
			<trkpt lat="35.40452266069119" lon="-83.60342029575006">
				<ele>604.4217411968857</ele>
				<time>2025-11-15T17:37:18Z</time>
			</trkpt>
			<trkpt lat="35.40452242506388" lon="-83.60338461319321">
				<ele>605.6130905542523</ele>
				<time>2025-11-15T17:37:20Z</time>
			</trkpt>
			<trkpt lat="35.40452505024451" lon="-83.60334917816431">
				<ele>605.0421147076413</ele>
				<time>2025-11-15T17:37:22Z</time>
			</trkpt>
			<trkpt lat="35.404526261584266" lon="-83.60331530176055">
				<ele>604.1443479722366</ele>
				<time>2025-11-15T17:37:24Z</time>
			</trkpt>
			<trkpt lat="35.40452315266055" lon="-83.60329088117902">
				<ele>603.876689276658</ele>
				<time>2025-11-15T17:37:26Z</time>
			</trkpt>
			<trkpt lat="35.404518601052445" lon="-83.60325741788559">
				<ele>600.8081726292148</ele>
				<time>2025-11-15T17:37:28Z</time>
			</trkpt>
			<trkpt lat="35.40451246559041" lon="-83.60322622065408">
				<ele>599.8022499065846</ele>
				<time>2025-11-15T17:37:30Z</time>
			</trkpt>
			<trkpt lat="35.40450642004945" lon="-83.60320455956538">
				<ele>602.3436281895265</ele>
				<time>2025-11-15T17:37:31Z</time>
			</trkpt>
			<trkpt lat="35.40450109027974" lon="-83.60317982103997">
				<ele>603.652192757465</ele>
				<time>2025-11-15T17:37:33Z</time>
			</trkpt>
			<trkpt lat="35.40450888420053" lon="-83.60314054644037">
				<ele>604.7341984463856</ele>
				<time>2025-11-15T17:37:35Z</time>
			</trkpt>
			<trkpt lat="35.40450527235402" lon="-83.60310756193476">
				<ele>604.9788852399215</ele>
				<time>2025-11-15T17:37:36Z</time>
			</trkpt>
			<trkpt lat="35.404507634706356" lon="-83.60308502411918">
				<ele>604.7890513921157</ele>
				<time>2025-11-15T17:37:37Z</time>
			</trkpt>
			<trkpt lat="35.404513276059724" lon="-83.60306122616186">
				<ele>606.0452129757032</ele>
				<time>2025-11-15T17:37:38Z</time>
			</trkpt>
			<trkpt lat="35.40451739930886" lon="-83.60303501760151">
				<ele>605.6608406230807</ele>
				<time>2025-11-15T17:37:39Z</time>
			</trkpt>
			<trkpt lat="35.404519014195856" lon="-83.60300036338693">
				<ele>604.7476179869846</ele>
				<time>2025-11-15T17:37:40Z</time>
			</trkpt>
			<trkpt lat="35.40451944872243" lon="-83.60297287492594">
				<ele>602.8797929696739</ele>
				<time>2025-11-15T17:37:41Z</time>
			</trkpt>
			<trkpt lat="35.40451989185367" lon="-83.60294495073046">
				<ele>602.8477722285315</ele>
				<time>2025-11-15T17:37:42Z</time>
			</trkpt>
			<trkpt lat="35.40451897013892" lon="-83.60291507546539">
				<ele>603.2626397339627</ele>
				<time>2025-11-15T17:37:43Z</time>
			</trkpt>
			<trkpt lat="35.40450732006995" lon="-83.60287371005133">
				<ele>603.430700478144</ele>
				<time>2025-11-15T17:37:45Z</time>
			</trkpt>
			<trkpt lat="35.40450151866512" lon="-83.60285131797184">
				<ele>602.6322294548154</ele>
				<time>2025-11-15T17:37:46Z</time>
			</trkpt>
			<trkpt lat="35.40449611650283" lon="-83.60282982792639">
				<ele>602.7799872839823</ele>
				<time>2025-11-15T17:37:47Z</time>
			</trkpt>
			<trkpt lat="35.40448539055526" lon="-83.60278715999829">
				<ele>602.67306618765</ele>
				<time>2025-11-15T17:37:49Z</time>
			</trkpt>
			<trkpt lat="35.40447598732562" lon="-83.60274975313531">
				<ele>605.1872695945203</ele>
				<time>2025-11-15T17:37:51Z</time>
			</trkpt>
			<trkpt lat="35.40446951172768" lon="-83.60272629103983">
				<ele>605.8876237608492</ele>
				<time>2025-11-15T17:37:52Z</time>
			</trkpt>
			<trkpt lat="35.404463294511416" lon="-83.60270317887189">
				<ele>603.907021173276</ele>
				<time>2025-11-15T17:37:53Z</time>
			</trkpt>
			<trkpt lat="35.40445684819237" lon="-83.60267921497832">
				<ele>603.3408885765821</ele>
				<time>2025-11-15T17:37:54Z</time>
			</trkpt>
			<trkpt lat="35.40445108228089" lon="-83.6026577805111">
				<ele>602.0282733440399</ele>
				<time>2025-11-15T17:37:55Z</time>
			</trkpt>
			<trkpt lat="35.4044446237804" lon="-83.60263377150312">
				<ele>601.4109092587605</ele>
				<time>2025-11-15T17:37:58Z</time>
			</trkpt>
			<trkpt lat="35.40443484046779" lon="-83.60259766243519">
				<ele>601.6441597947851</ele>
				<time>2025-11-15T17:38:01Z</time>
			</trkpt>
			<trkpt lat="35.40443675385387" lon="-83.60257447215238">
				<ele>600.786335118115</ele>
				<time>2025-11-15T17:38:03Z</time>
			</trkpt>
			<trkpt lat="35.404440655706125" lon="-83.6025437885303">
				<ele>598.7088901922107</ele>
				<time>2025-11-15T17:38:06Z</time>
			</trkpt>
			<trkpt lat="35.404463291133865" lon="-83.60248880182709">
				<ele>596.6916448669508</ele>
				<time>2025-11-15T17:38:36Z</time>
			</trkpt>
			<trkpt lat="35.40447320733176" lon="-83.60246947132556">
				<ele>596.6608567554504</ele>
				<time>2025-11-15T17:39:18Z</time>
			</trkpt>
			<trkpt lat="35.404487438073666" lon="-83.60248443721147">
				<ele>599.2944842223078</ele>
				<time>2025-11-15T17:39:49Z</time>
			</trkpt>
			<trkpt lat="35.40447227251477" lon="-83.60249832494293">
				<ele>601.9509804369882</ele>
				<time>2025-11-15T17:39:55Z</time>
			</trkpt>
			<trkpt lat="35.40444402167083" lon="-83.60249821898566">
				<ele>603.9810109855607</ele>
				<time>2025-11-15T17:39:58Z</time>
			</trkpt>
			<trkpt lat="35.40442603315362" lon="-83.60250012636583">
				<ele>604.1337602362037</ele>
				<time>2025-11-15T17:39:59Z</time>
			</trkpt>
			<trkpt lat="35.404388469366616" lon="-83.60252382927557">
				<ele>604.8937405934557</ele>
				<time>2025-11-15T17:40:01Z</time>
			</trkpt>
			<trkpt lat="35.40436562478792" lon="-83.60253332075034">
				<ele>604.6876709870994</ele>
				<time>2025-11-15T17:40:02Z</time>
			</trkpt>
			<trkpt lat="35.40434386676099" lon="-83.6025412667316">
				<ele>605.0749515602365</ele>
				<time>2025-11-15T17:40:03Z</time>
			</trkpt>
			<trkpt lat="35.40432396336173" lon="-83.60254701509118">
				<ele>604.6485967775807</ele>
				<time>2025-11-15T17:40:04Z</time>
			</trkpt>
			<trkpt lat="35.404303338854476" lon="-83.60255601084539">
				<ele>605.7849657516927</ele>
				<time>2025-11-15T17:40:05Z</time>
			</trkpt>
			<trkpt lat="35.404275901444976" lon="-83.60256002852728">
				<ele>606.9210912408307</ele>
				<time>2025-11-15T17:40:07Z</time>
			</trkpt>
			<trkpt lat="35.40425051877554" lon="-83.60256675190153">
				<ele>605.761409830302</ele>
				<time>2025-11-15T17:40:08Z</time>
			</trkpt>
			<trkpt lat="35.404229793499866" lon="-83.60257197520193">
				<ele>606.9573763981462</ele>
				<time>2025-11-15T17:40:09Z</time>
			</trkpt>
			<trkpt lat="35.40421150383347" lon="-83.60257947769986">
				<ele>607.0258867321536</ele>
				<time>2025-11-15T17:40:10Z</time>
			</trkpt>
			<trkpt lat="35.40419104371653" lon="-83.60258490330646">
				<ele>606.6166913816705</ele>
				<time>2025-11-15T17:40:11Z</time>
			</trkpt>
			<trkpt lat="35.40416732221997" lon="-83.60258710291636">
				<ele>605.9538226826116</ele>
				<time>2025-11-15T17:40:12Z</time>
			</trkpt>
			<trkpt lat="35.40414524781993" lon="-83.60259035212806">
				<ele>605.4600924495608</ele>
				<time>2025-11-15T17:40:13Z</time>
			</trkpt>
			<trkpt lat="35.404123098718216" lon="-83.60259090695523">
				<ele>605.8535822052509</ele>
				<time>2025-11-15T17:40:14Z</time>
			</trkpt>
			<trkpt lat="35.40410181957766" lon="-83.60258930253143">
				<ele>605.6881236163899</ele>
				<time>2025-11-15T17:40:15Z</time>
			</trkpt>
			<trkpt lat="35.40407723772046" lon="-83.60258370269528">
				<ele>605.7346464572474</ele>
				<time>2025-11-15T17:40:16Z</time>
			</trkpt>
			<trkpt lat="35.404055184598185" lon="-83.60257083002729">
				<ele>607.0759871518239</ele>
				<time>2025-11-15T17:40:17Z</time>
			</trkpt>
			<trkpt lat="35.404031226904436" lon="-83.60256201108952">
				<ele>608.126809194684</ele>
				<time>2025-11-15T17:40:18Z</time>
			</trkpt>
			<trkpt lat="35.40401026962834" lon="-83.60254479727816">
				<ele>609.4467098228633</ele>
				<time>2025-11-15T17:40:19Z</time>
			</trkpt>
			<trkpt lat="35.4039610476842" lon="-83.6025314230728">
				<ele>609.4997789403424</ele>
				<time>2025-11-15T17:40:21Z</time>
			</trkpt>
			<trkpt lat="35.40392199299882" lon="-83.60251907364321">
				<ele>609.7491586757824</ele>
				<time>2025-11-15T17:40:23Z</time>
			</trkpt>
			<trkpt lat="35.40388238965122" lon="-83.60250551189247">
				<ele>608.5252669379115</ele>
				<time>2025-11-15T17:40:25Z</time>
			</trkpt>
			<trkpt lat="35.4038426754558" lon="-83.6024810069254">
				<ele>610.0073095560074</ele>
				<time>2025-11-15T17:40:27Z</time>
			</trkpt>
			<trkpt lat="35.40382948714684" lon="-83.60246013289049">
				<ele>610.2491525830701</ele>
				<time>2025-11-15T17:40:28Z</time>
			</trkpt>
			<trkpt lat="35.4038001469952" lon="-83.60243630091807">
				<ele>610.778662844561</ele>
				<time>2025-11-15T17:40:29Z</time>
			</trkpt>
			<trkpt lat="35.403767395341525" lon="-83.60241579641267">
				<ele>612.4254799997434</ele>
				<time>2025-11-15T17:40:31Z</time>
			</trkpt>
			<trkpt lat="35.403740160731964" lon="-83.60239927465368">
				<ele>613.5691366968676</ele>
				<time>2025-11-15T17:40:32Z</time>
			</trkpt>
			<trkpt lat="35.40369179213322" lon="-83.60236760388986">
				<ele>613.8195315897465</ele>
				<time>2025-11-15T17:40:33Z</time>
			</trkpt>
			<trkpt lat="35.403649609195355" lon="-83.60234620795943">
				<ele>614.1209410037845</ele>
				<time>2025-11-15T17:40:34Z</time>
			</trkpt>
			<trkpt lat="35.40361466928036" lon="-83.60234402636809">
				<ele>614.2210239954293</ele>
				<time>2025-11-15T17:40:36Z</time>
			</trkpt>
			<trkpt lat="35.403574201790384" lon="-83.60233371553002">
				<ele>616.4992652097717</ele>
				<time>2025-11-15T17:40:37Z</time>
			</trkpt>
			<trkpt lat="35.40352972191862" lon="-83.60232273021876">
				<ele>616.7403166033328</ele>
				<time>2025-11-15T17:40:39Z</time>
			</trkpt>
			<trkpt lat="35.4034717318889" lon="-83.60232658142309">
				<ele>618.0826775459573</ele>
				<time>2025-11-15T17:40:41Z</time>
			</trkpt>
			<trkpt lat="35.40342701605883" lon="-83.60232528905102">
				<ele>618.606432504952</ele>
				<time>2025-11-15T17:40:42Z</time>
			</trkpt>
			<trkpt lat="35.403393588521375" lon="-83.60231723311381">
				<ele>619.7006212603301</ele>
				<time>2025-11-15T17:40:43Z</time>
			</trkpt>
			<trkpt lat="35.403349655890715" lon="-83.60231043823453">
				<ele>619.838136731647</ele>
				<time>2025-11-15T17:40:44Z</time>
			</trkpt>
			<trkpt lat="35.40330925611164" lon="-83.60230612918116">
				<ele>620.2199744572863</ele>
				<time>2025-11-15T17:40:45Z</time>
			</trkpt>
			<trkpt lat="35.40325962341219" lon="-83.60230658738458">
				<ele>619.2105138432235</ele>
				<time>2025-11-15T17:40:46Z</time>
			</trkpt>
			<trkpt lat="35.40320312426377" lon="-83.60231128839769">
				<ele>618.6614139061421</ele>
				<time>2025-11-15T17:40:47Z</time>
			</trkpt>
			<trkpt lat="35.40317835787877" lon="-83.60231799455973">
				<ele>618.7141747036949</ele>
				<time>2025-11-15T17:40:48Z</time>
			</trkpt>
			<trkpt lat="35.40314302538092" lon="-83.60232935582509">
				<ele>618.9244068823755</ele>
				<time>2025-11-15T17:40:49Z</time>
			</trkpt>
			<trkpt lat="35.40312351909867" lon="-83.60232803290324">
				<ele>617.6322442535311</ele>
				<time>2025-11-15T17:40:50Z</time>
			</trkpt>
			<trkpt lat="35.40309238599811" lon="-83.60229904660497">
				<ele>616.7782962992787</ele>
				<time>2025-11-15T17:40:51Z</time>
			</trkpt>
			<trkpt lat="35.40307344474772" lon="-83.60227212323235">
				<ele>618.4358354695141</ele>
				<time>2025-11-15T17:40:52Z</time>
			</trkpt>
			<trkpt lat="35.40304762797764" lon="-83.60225807810149">
				<ele>619.103045752272</ele>
				<time>2025-11-15T17:40:53Z</time>
			</trkpt>
			<trkpt lat="35.40299827018597" lon="-83.60226858198499">
				<ele>617.3764591868967</ele>
				<time>2025-11-15T17:40:54Z</time>
			</trkpt>
			<trkpt lat="35.40295283875543" lon="-83.60226806291615">
				<ele>619.7222915720195</ele>
				<time>2025-11-15T17:40:55Z</time>
			</trkpt>
			<trkpt lat="35.40289758055264" lon="-83.60224284210511">
				<ele>620.815985608846</ele>
				<time>2025-11-15T17:40:56Z</time>
			</trkpt>
			<trkpt lat="35.402854662465685" lon="-83.60217924403732">
				<ele>619.5360026536509</ele>
				<time>2025-11-15T17:40:57Z</time>
			</trkpt>
			<trkpt lat="35.402813777500086" lon="-83.6021549286223">
				<ele>619.3852134868503</ele>
				<time>2025-11-15T17:40:59Z</time>
			</trkpt>
			<trkpt lat="35.402776357516096" lon="-83.60214612771277">
				<ele>618.3864524383098</ele>
				<time>2025-11-15T17:41:00Z</time>
			</trkpt>
			<trkpt lat="35.40274228459941" lon="-83.60213777315121">
				<ele>617.3552342355251</ele>
				<time>2025-11-15T17:41:01Z</time>
			</trkpt>
			<trkpt lat="35.40271106924985" lon="-83.60210801735647">
				<ele>617.0971612399444</ele>
				<time>2025-11-15T17:41:02Z</time>
			</trkpt>
			<trkpt lat="35.402688820504544" lon="-83.60209855097459">
				<ele>616.0965337008238</ele>
				<time>2025-11-15T17:41:03Z</time>
			</trkpt>
			<trkpt lat="35.40265735404674" lon="-83.60209276116518">
				<ele>616.5209553679451</ele>
				<time>2025-11-15T17:41:04Z</time>
			</trkpt>
			<trkpt lat="35.40263834576323" lon="-83.60208926363399">
				<ele>616.7013533087447</ele>
				<time>2025-11-15T17:41:05Z</time>
			</trkpt>
			<trkpt lat="35.40261242362355" lon="-83.60208354493693">
				<ele>617.3033455125988</ele>
				<time>2025-11-15T17:41:06Z</time>
			</trkpt>
			<trkpt lat="35.40259303770327" lon="-83.6020771156006">
				<ele>617.0353537406772</ele>
				<time>2025-11-15T17:41:07Z</time>
			</trkpt>
			<trkpt lat="35.402563139308924" lon="-83.6020703892242">
				<ele>617.5273647457361</ele>
				<time>2025-11-15T17:41:08Z</time>
			</trkpt>
			<trkpt lat="35.40253779451548" lon="-83.6020615661372">
				<ele>619.2519711693749</ele>
				<time>2025-11-15T17:41:10Z</time>
			</trkpt>
			<trkpt lat="35.40251123367397" lon="-83.60205231964203">
				<ele>619.2466349648312</ele>
				<time>2025-11-15T17:41:11Z</time>
			</trkpt>
			<trkpt lat="35.40247223746874" lon="-83.60203874424505">
				<ele>620.4571776753291</ele>
				<time>2025-11-15T17:41:13Z</time>
			</trkpt>
			<trkpt lat="35.40244490048285" lon="-83.60202922758498">
				<ele>620.0734283206984</ele>
				<time>2025-11-15T17:41:14Z</time>
			</trkpt>
			<trkpt lat="35.402422115019775" lon="-83.6020214402197">
				<ele>620.7287024175748</ele>
				<time>2025-11-15T17:41:15Z</time>
			</trkpt>
			<trkpt lat="35.40239918890597" lon="-83.60201231096876">
				<ele>620.6189994793385</ele>
				<time>2025-11-15T17:41:16Z</time>
			</trkpt>
			<trkpt lat="35.40237330590067" lon="-83.60200200455212">
				<ele>620.5293808942661</ele>
				<time>2025-11-15T17:41:17Z</time>
			</trkpt>
			<trkpt lat="35.40234752328404" lon="-83.60199146355721">
				<ele>620.7129795076326</ele>
				<time>2025-11-15T17:41:18Z</time>
			</trkpt>
			<trkpt lat="35.40232239168459" lon="-83.60197174688528">
				<ele>621.4429680174217</ele>
				<time>2025-11-15T17:41:19Z</time>
			</trkpt>
			<trkpt lat="35.40229855196627" lon="-83.60196131144973">
				<ele>620.4764765053988</ele>
				<time>2025-11-15T17:41:20Z</time>
			</trkpt>
			<trkpt lat="35.402270864561345" lon="-83.60193829915673">
				<ele>618.8941564988345</ele>
				<time>2025-11-15T17:41:21Z</time>
			</trkpt>
			<trkpt lat="35.402254960005905" lon="-83.60192753407321">
				<ele>618.319417196326</ele>
				<time>2025-11-15T17:41:22Z</time>
			</trkpt>
			<trkpt lat="35.402245686872895" lon="-83.60190856718387">
				<ele>619.1834777276963</ele>
				<time>2025-11-15T17:41:23Z</time>
			</trkpt>
			<trkpt lat="35.40223543164188" lon="-83.60186567523067">
				<ele>620.0531951505691</ele>
				<time>2025-11-15T17:41:25Z</time>
			</trkpt>
			<trkpt lat="35.40223140162341" lon="-83.60183942763733">
				<ele>619.928175130859</ele>
				<time>2025-11-15T17:41:26Z</time>
			</trkpt>
			<trkpt lat="35.40222462250314" lon="-83.60181462481341">
				<ele>619.3748059133068</ele>
				<time>2025-11-15T17:41:28Z</time>
			</trkpt>
			<trkpt lat="35.40221124776384" lon="-83.6017797315978">
				<ele>618.8039110302925</ele>
				<time>2025-11-15T17:41:30Z</time>
			</trkpt>
			<trkpt lat="35.40220917167715" lon="-83.60175250062275">
				<ele>617.5052722673863</ele>
				<time>2025-11-15T17:41:31Z</time>
			</trkpt>
			<trkpt lat="35.40220560340089" lon="-83.60171756391266">
				<ele>617.9302241317928</ele>
				<time>2025-11-15T17:41:32Z</time>
			</trkpt>
			<trkpt lat="35.402210642392056" lon="-83.60167599383898">
				<ele>618.4668037015945</ele>
				<time>2025-11-15T17:41:33Z</time>
			</trkpt>
			<trkpt lat="35.402221729491096" lon="-83.60163028041416">
				<ele>616.6234913896769</ele>
				<time>2025-11-15T17:41:34Z</time>
			</trkpt>
			<trkpt lat="35.402244199884656" lon="-83.6015737848004">
				<ele>618.5912665901706</ele>
				<time>2025-11-15T17:41:35Z</time>
			</trkpt>
			<trkpt lat="35.40227495590937" lon="-83.60152917251432">
				<ele>617.3944530449808</ele>
				<time>2025-11-15T17:41:36Z</time>
			</trkpt>
			<trkpt lat="35.40231916418306" lon="-83.60148858655117">
				<ele>616.8494117977098</ele>
				<time>2025-11-15T17:41:37Z</time>
			</trkpt>
			<trkpt lat="35.40234259212428" lon="-83.60147659408435">
				<ele>617.2466943841428</ele>
				<time>2025-11-15T17:41:38Z</time>
			</trkpt>
			<trkpt lat="35.40237912769553" lon="-83.6014389484248">
				<ele>617.1019643144682</ele>
				<time>2025-11-15T17:41:39Z</time>
			</trkpt>
			<trkpt lat="35.40239097767174" lon="-83.60141986082773">
				<ele>616.8855930529535</ele>
				<time>2025-11-15T17:41:40Z</time>
			</trkpt>
			<trkpt lat="35.40240299533983" lon="-83.60139435105951">
				<ele>617.9136611726135</ele>
				<time>2025-11-15T17:41:41Z</time>
			</trkpt>
			<trkpt lat="35.40242797384668" lon="-83.60136976376475">
				<ele>616.9713557790965</ele>
				<time>2025-11-15T17:41:42Z</time>
			</trkpt>
			<trkpt lat="35.40244691311406" lon="-83.60135133722942">
				<ele>617.6781753459945</ele>
				<time>2025-11-15T17:41:43Z</time>
			</trkpt>
			<trkpt lat="35.40248184952667" lon="-83.6013393460082">
				<ele>618.8206074647605</ele>
				<time>2025-11-15T17:41:44Z</time>
			</trkpt>
			<trkpt lat="35.40252299440395" lon="-83.60134103675182">
				<ele>617.4713504351676</ele>
				<time>2025-11-15T17:41:45Z</time>
			</trkpt>
			<trkpt lat="35.40255848870541" lon="-83.60134842956299">
				<ele>618.1253862287849</ele>
				<time>2025-11-15T17:41:46Z</time>
			</trkpt>
			<trkpt lat="35.4025903718327" lon="-83.60135613044432">
				<ele>618.6841690754518</ele>
				<time>2025-11-15T17:41:47Z</time>
			</trkpt>
			<trkpt lat="35.402616917224385" lon="-83.60135374305317">
				<ele>617.2505184514448</ele>
				<time>2025-11-15T17:41:48Z</time>
			</trkpt>
			<trkpt lat="35.40264767016584" lon="-83.6013491120803">
				<ele>616.1815941203386</ele>
				<time>2025-11-15T17:41:49Z</time>
			</trkpt>
			<trkpt lat="35.40266744249123" lon="-83.60133920098589">
				<ele>614.5826314901933</ele>
				<time>2025-11-15T17:41:50Z</time>
			</trkpt>
			<trkpt lat="35.40268702121995" lon="-83.60133017278675">
				<ele>615.5975658409297</ele>
				<time>2025-11-15T17:41:51Z</time>
			</trkpt>
			<trkpt lat="35.40271762463093" lon="-83.60131041364495">
				<ele>613.9676981689408</ele>
				<time>2025-11-15T17:41:53Z</time>
			</trkpt>
			<trkpt lat="35.4027451203243" lon="-83.60129509155966">
				<ele>615.5030065709725</ele>
				<time>2025-11-15T17:41:55Z</time>
			</trkpt>
			<trkpt lat="35.40276228568768" lon="-83.6012815647077">
				<ele>615.3594110095873</ele>
				<time>2025-11-15T17:41:56Z</time>
			</trkpt>
			<trkpt lat="35.40279749721244" lon="-83.601260560724">
				<ele>614.9837870206684</ele>
				<time>2025-11-15T17:41:58Z</time>
			</trkpt>
			<trkpt lat="35.40282015617052" lon="-83.60125459979174">
				<ele>614.8954051081091</ele>
				<time>2025-11-15T17:41:59Z</time>
			</trkpt>
			<trkpt lat="35.402842719397015" lon="-83.60124755798799">
				<ele>614.1196334613487</ele>
				<time>2025-11-15T17:42:00Z</time>
			</trkpt>
			<trkpt lat="35.40286353972433" lon="-83.60123726076606">
				<ele>614.5184352742508</ele>
				<time>2025-11-15T17:42:01Z</time>
			</trkpt>
			<trkpt lat="35.4028808539819" lon="-83.60122737792247">
				<ele>614.2253688815981</ele>
				<time>2025-11-15T17:42:02Z</time>
			</trkpt>
			<trkpt lat="35.40290176162374" lon="-83.60120537172855">
				<ele>613.5749422982335</ele>
				<time>2025-11-15T17:42:03Z</time>
			</trkpt>
			<trkpt lat="35.4029154796509" lon="-83.60118342577745">
				<ele>613.2411167230457</ele>
				<time>2025-11-15T17:42:04Z</time>
			</trkpt>
			<trkpt lat="35.40292770495577" lon="-83.6011569781873">
				<ele>614.3808321002871</ele>
				<time>2025-11-15T17:42:06Z</time>
			</trkpt>
			<trkpt lat="35.40293871416021" lon="-83.60112407635155">
				<ele>614.3259478341788</ele>
				<time>2025-11-15T17:42:08Z</time>
			</trkpt>
			<trkpt lat="35.40294841927615" lon="-83.60108822085341">
				<ele>615.7865395182744</ele>
				<time>2025-11-15T17:42:11Z</time>
			</trkpt>
			<trkpt lat="35.402953078560145" lon="-83.60106459134599">
				<ele>616.6516252690926</ele>
				<time>2025-11-15T17:42:13Z</time>
			</trkpt>
			<trkpt lat="35.40295076458697" lon="-83.6010268247464">
				<ele>617.0363839846104</ele>
				<time>2025-11-15T17:42:15Z</time>
			</trkpt>
			<trkpt lat="35.40294370250247" lon="-83.60099346426377">
				<ele>618.3800684250891</ele>
				<time>2025-11-15T17:42:17Z</time>
			</trkpt>
			<trkpt lat="35.40293678094832" lon="-83.60096563750736">
				<ele>618.1455939076841</ele>
				<time>2025-11-15T17:42:19Z</time>
			</trkpt>
			<trkpt lat="35.40292675474882" lon="-83.60092968637889">
				<ele>617.9568303441629</ele>
				<time>2025-11-15T17:42:21Z</time>
			</trkpt>
			<trkpt lat="35.402912099202574" lon="-83.6008914011926">
				<ele>618.4724814519286</ele>
				<time>2025-11-15T17:42:23Z</time>
			</trkpt>
			<trkpt lat="35.402903910774995" lon="-83.60087001038016">
				<ele>618.2391340266913</ele>
				<time>2025-11-15T17:42:24Z</time>
			</trkpt>
			<trkpt lat="35.40289464035225" lon="-83.60084579299652">
				<ele>618.2277015913278</ele>
				<time>2025-11-15T17:42:25Z</time>
			</trkpt>
			<trkpt lat="35.402886258453655" lon="-83.60082389677338">
				<ele>618.3602808155119</ele>
				<time>2025-11-15T17:42:26Z</time>
			</trkpt>
			<trkpt lat="35.402879709764676" lon="-83.60079538502495">
				<ele>618.3774397308007</ele>
				<time>2025-11-15T17:42:27Z</time>
			</trkpt>
			<trkpt lat="35.40287650176709" lon="-83.60076180344909">
				<ele>617.5907340319827</ele>
				<time>2025-11-15T17:42:28Z</time>
			</trkpt>
			<trkpt lat="35.40287165766203" lon="-83.60073467437498">
				<ele>617.071030087769</ele>
				<time>2025-11-15T17:42:29Z</time>
			</trkpt>
			<trkpt lat="35.40286633455171" lon="-83.60070604206867">
				<ele>616.3342486238107</ele>
				<time>2025-11-15T17:42:30Z</time>
			</trkpt>
			<trkpt lat="35.40286083993893" lon="-83.60068309684098">
				<ele>615.3877037800848</ele>
				<time>2025-11-15T17:42:31Z</time>
			</trkpt>
			<trkpt lat="35.40285522253566" lon="-83.60065842284017">
				<ele>615.9220274835825</ele>
				<time>2025-11-15T17:42:32Z</time>
			</trkpt>
			<trkpt lat="35.40285455224514" lon="-83.60062827028885">
				<ele>614.3355467868969</ele>
				<time>2025-11-15T17:42:34Z</time>
			</trkpt>
			<trkpt lat="35.4028589445751" lon="-83.60060084320759">
				<ele>612.875370580703</ele>
				<time>2025-11-15T17:42:36Z</time>
			</trkpt>
			<trkpt lat="35.40285944451242" lon="-83.60053433353032">
				<ele>612.5702783083543</ele>
				<time>2025-11-15T17:42:38Z</time>
			</trkpt>
			<trkpt lat="35.4028475286661" lon="-83.60051268990485">
				<ele>613.0077688489109</ele>
				<time>2025-11-15T17:42:39Z</time>
			</trkpt>
			<trkpt lat="35.402826741360094" lon="-83.60048399436756">
				<ele>614.1672186721116</ele>
				<time>2025-11-15T17:42:40Z</time>
			</trkpt>
			<trkpt lat="35.4027931064204" lon="-83.6004644594491">
				<ele>613.243510321714</ele>
				<time>2025-11-15T17:42:41Z</time>
			</trkpt>
			<trkpt lat="35.40275388711984" lon="-83.60045852110747">
				<ele>615.2623337293044</ele>
				<time>2025-11-15T17:42:42Z</time>
			</trkpt>
			<trkpt lat="35.40271516368251" lon="-83.60046157187261">
				<ele>615.4147816887125</ele>
				<time>2025-11-15T17:42:43Z</time>
			</trkpt>
			<trkpt lat="35.40269696097899" lon="-83.60044962310232">
				<ele>617.0997309777886</ele>
				<time>2025-11-15T17:42:44Z</time>
			</trkpt>
			<trkpt lat="35.40267383490121" lon="-83.60043536804811">
				<ele>616.6542057860643</ele>
				<time>2025-11-15T17:42:45Z</time>
			</trkpt>
			<trkpt lat="35.402653946606904" lon="-83.60042570775279">
				<ele>617.3663420854136</ele>
				<time>2025-11-15T17:42:46Z</time>
			</trkpt>
			<trkpt lat="35.4026340193026" lon="-83.6004183325969">
				<ele>619.2073351433501</ele>
				<time>2025-11-15T17:42:47Z</time>
			</trkpt>
			<trkpt lat="35.402610810745735" lon="-83.60040974305656">
				<ele>618.631116880104</ele>
				<time>2025-11-15T17:42:48Z</time>
			</trkpt>
			<trkpt lat="35.40259086366846" lon="-83.60040236063979">
				<ele>619.2942783106118</ele>
				<time>2025-11-15T17:42:49Z</time>
			</trkpt>
			<trkpt lat="35.40257050161925" lon="-83.60039399338908">
				<ele>619.8165700640529</ele>
				<time>2025-11-15T17:42:50Z</time>
			</trkpt>
			<trkpt lat="35.40255578220295" lon="-83.6003744449863">
				<ele>620.3846928607672</ele>
				<time>2025-11-15T17:42:51Z</time>
			</trkpt>
			<trkpt lat="35.402534048217916" lon="-83.60035882631645">
				<ele>619.8641313556582</ele>
				<time>2025-11-15T17:42:52Z</time>
			</trkpt>
			<trkpt lat="35.402512607532614" lon="-83.60034305524545">
				<ele>619.8532766895369</ele>
				<time>2025-11-15T17:42:53Z</time>
			</trkpt>
			<trkpt lat="35.40249214863266" lon="-83.60032583889038">
				<ele>619.5199656719342</ele>
				<time>2025-11-15T17:42:54Z</time>
			</trkpt>
			<trkpt lat="35.40247189143778" lon="-83.6003127550698">
				<ele>619.2444941615686</ele>
				<time>2025-11-15T17:42:55Z</time>
			</trkpt>
			<trkpt lat="35.40245286731821" lon="-83.6002976443968">
				<ele>619.371667239815</ele>
				<time>2025-11-15T17:42:56Z</time>
			</trkpt>
			<trkpt lat="35.40243136192301" lon="-83.60029275205412">
				<ele>619.6809011911973</ele>
				<time>2025-11-15T17:42:57Z</time>
			</trkpt>
			<trkpt lat="35.40240910159866" lon="-83.60029145226285">
				<ele>619.5298851439729</ele>
				<time>2025-11-15T17:42:58Z</time>
			</trkpt>
			<trkpt lat="35.402385677447825" lon="-83.60029284454033">
				<ele>617.3420272273943</ele>
				<time>2025-11-15T17:42:59Z</time>
			</trkpt>
			<trkpt lat="35.40235580280175" lon="-83.60027723103359">
				<ele>618.4607411231846</ele>
				<time>2025-11-15T17:43:01Z</time>
			</trkpt>
			<trkpt lat="35.40232257688905" lon="-83.60025798401267">
				<ele>617.2203046381474</ele>
				<time>2025-11-15T17:43:03Z</time>
			</trkpt>
			<trkpt lat="35.40229903836164" lon="-83.60024667375143">
				<ele>617.5916031571105</ele>
				<time>2025-11-15T17:43:04Z</time>
			</trkpt>
			<trkpt lat="35.402280115964146" lon="-83.60023960136435">
				<ele>617.639574916102</ele>
				<time>2025-11-15T17:43:05Z</time>
			</trkpt>
			<trkpt lat="35.40225860516101" lon="-83.6002315615118">
				<ele>617.1380309043452</ele>
				<time>2025-11-15T17:43:06Z</time>
			</trkpt>
			<trkpt lat="35.402229269053024" lon="-83.6002225629056">
				<ele>617.5684881284833</ele>
				<time>2025-11-15T17:43:07Z</time>
			</trkpt>
			<trkpt lat="35.40220937040699" lon="-83.60021691005107">
				<ele>617.8580749128014</ele>
				<time>2025-11-15T17:43:08Z</time>
			</trkpt>
			<trkpt lat="35.402188960870426" lon="-83.60021111209947">
				<ele>617.5433042906225</ele>
				<time>2025-11-15T17:43:09Z</time>
			</trkpt>
			<trkpt lat="35.40216684957079" lon="-83.60020483066005">
				<ele>618.4248717455193</ele>
				<time>2025-11-15T17:43:10Z</time>
			</trkpt>
			<trkpt lat="35.402147072109216" lon="-83.60019921225793">
				<ele>619.079827265814</ele>
				<time>2025-11-15T17:43:11Z</time>
			</trkpt>
			<trkpt lat="35.40212447770152" lon="-83.60019286801196">
				<ele>620.0679568145424</ele>
				<time>2025-11-15T17:43:12Z</time>
			</trkpt>
			<trkpt lat="35.40209117220118" lon="-83.6001838316396">
				<ele>621.7016306715086</ele>
				<time>2025-11-15T17:43:14Z</time>
			</trkpt>
			<trkpt lat="35.402067598089666" lon="-83.60017743553614">
				<ele>622.5397735238075</ele>
				<time>2025-11-15T17:43:15Z</time>
			</trkpt>
			<trkpt lat="35.402046702043236" lon="-83.60017186026424">
				<ele>623.5481274900958</ele>
				<time>2025-11-15T17:43:16Z</time>
			</trkpt>
			<trkpt lat="35.40202091529291" lon="-83.60016498910258">
				<ele>621.9611326232553</ele>
				<time>2025-11-15T17:43:17Z</time>
			</trkpt>
			<trkpt lat="35.401997573191956" lon="-83.60015876936265">
				<ele>622.3153037801385</ele>
				<time>2025-11-15T17:43:18Z</time>
			</trkpt>
			<trkpt lat="35.401974219910066" lon="-83.60015254663891">
				<ele>622.6608180766925</ele>
				<time>2025-11-15T17:43:19Z</time>
			</trkpt>
			<trkpt lat="35.40194928989463" lon="-83.60014590378763">
				<ele>621.8193512149155</ele>
				<time>2025-11-15T17:43:20Z</time>
			</trkpt>
			<trkpt lat="35.40192108204816" lon="-83.60013838752796">
				<ele>621.7964910995215</ele>
				<time>2025-11-15T17:43:21Z</time>
			</trkpt>
			<trkpt lat="35.401895048077414" lon="-83.60012963175348">
				<ele>622.7823347430676</ele>
				<time>2025-11-15T17:43:22Z</time>
			</trkpt>
			<trkpt lat="35.40187195536079" lon="-83.60011666193057">
				<ele>623.2792437700555</ele>
				<time>2025-11-15T17:43:23Z</time>
			</trkpt>
			<trkpt lat="35.401849550673994" lon="-83.60010683401994">
				<ele>623.8657917240635</ele>
				<time>2025-11-15T17:43:24Z</time>
			</trkpt>
			<trkpt lat="35.401826412476886" lon="-83.60010145791416">
				<ele>623.121724058874</ele>
				<time>2025-11-15T17:43:25Z</time>
			</trkpt>
			<trkpt lat="35.401807156409504" lon="-83.60009398253551">
				<ele>624.4946704981849</ele>
				<time>2025-11-15T17:43:26Z</time>
			</trkpt>
			<trkpt lat="35.401785570387176" lon="-83.60009055759058">
				<ele>623.4974114689976</ele>
				<time>2025-11-15T17:43:27Z</time>
			</trkpt>
			<trkpt lat="35.40176750723874" lon="-83.60008047512477">
				<ele>624.2561563774943</ele>
				<time>2025-11-15T17:43:28Z</time>
			</trkpt>
			<trkpt lat="35.40174817432408" lon="-83.6000741245944">
				<ele>624.333536176011</ele>
				<time>2025-11-15T17:43:29Z</time>
			</trkpt>
			<trkpt lat="35.40172788128572" lon="-83.60006441226567">
				<ele>623.5311088524759</ele>
				<time>2025-11-15T17:43:30Z</time>
			</trkpt>
			<trkpt lat="35.401707463324485" lon="-83.6000586002548">
				<ele>625.5050835469738</ele>
				<time>2025-11-15T17:43:31Z</time>
			</trkpt>
			<trkpt lat="35.40168746259393" lon="-83.6000546074766">
				<ele>626.1312841000035</ele>
				<time>2025-11-15T17:43:32Z</time>
			</trkpt>
			<trkpt lat="35.40166189300099" lon="-83.60005082339151">
				<ele>625.5507771056145</ele>
				<time>2025-11-15T17:43:33Z</time>
			</trkpt>
			<trkpt lat="35.40164172028738" lon="-83.60004754718624">
				<ele>626.5951394038275</ele>
				<time>2025-11-15T17:43:34Z</time>
			</trkpt>
			<trkpt lat="35.401616822412116" lon="-83.60004998458106">
				<ele>625.9406077219173</ele>
				<time>2025-11-15T17:43:35Z</time>
			</trkpt>
			<trkpt lat="35.40159607289841" lon="-83.60005004848016">
				<ele>625.8513451777399</ele>
				<time>2025-11-15T17:43:36Z</time>
			</trkpt>
			<trkpt lat="35.40157138553542" lon="-83.60004208571941">
				<ele>626.1423348728567</ele>
				<time>2025-11-15T17:43:37Z</time>
			</trkpt>
			<trkpt lat="35.40154537462455" lon="-83.60003050142664">
				<ele>626.9163066167384</ele>
				<time>2025-11-15T17:43:38Z</time>
			</trkpt>
			<trkpt lat="35.4015261744663" lon="-83.60002356700682">
				<ele>627.2403176622465</ele>
				<time>2025-11-15T17:43:39Z</time>
			</trkpt>
			<trkpt lat="35.40150416972302" lon="-83.60002030891162">
				<ele>626.6023668805137</ele>
				<time>2025-11-15T17:43:40Z</time>
			</trkpt>
			<trkpt lat="35.40148099752604" lon="-83.60001880994021">
				<ele>626.3601917885244</ele>
				<time>2025-11-15T17:43:41Z</time>
			</trkpt>
			<trkpt lat="35.40145844327656" lon="-83.6000187009563">
				<ele>626.4900507917628</ele>
				<time>2025-11-15T17:43:42Z</time>
			</trkpt>
			<trkpt lat="35.40143530743208" lon="-83.60001425328562">
				<ele>626.5427896957844</ele>
				<time>2025-11-15T17:43:43Z</time>
			</trkpt>
			<trkpt lat="35.401411615391275" lon="-83.60001272723727">
				<ele>627.1171413976699</ele>
				<time>2025-11-15T17:43:44Z</time>
			</trkpt>
			<trkpt lat="35.40138160945359" lon="-83.60000716469415">
				<ele>627.0762210600078</ele>
				<time>2025-11-15T17:43:45Z</time>
			</trkpt>
			<trkpt lat="35.401352175834795" lon="-83.59999933338828">
				<ele>625.3754135379568</ele>
				<time>2025-11-15T17:43:46Z</time>
			</trkpt>
			<trkpt lat="35.40131935874757" lon="-83.59999277650053">
				<ele>624.602432448417</ele>
				<time>2025-11-15T17:43:47Z</time>
			</trkpt>
			<trkpt lat="35.40129498080902" lon="-83.59997748467308">
				<ele>624.6771988635883</ele>
				<time>2025-11-15T17:43:48Z</time>
			</trkpt>
			<trkpt lat="35.40127509948582" lon="-83.59995136065571">
				<ele>625.224760280922</ele>
				<time>2025-11-15T17:43:50Z</time>
			</trkpt>
			<trkpt lat="35.40127346468575" lon="-83.59992885950071">
				<ele>624.5262057371438</ele>
				<time>2025-11-15T17:43:51Z</time>
			</trkpt>
			<trkpt lat="35.40127428063433" lon="-83.59989591008846">
				<ele>623.3596755284816</ele>
				<time>2025-11-15T17:43:52Z</time>
			</trkpt>
			<trkpt lat="35.40126289832151" lon="-83.59984929978168">
				<ele>622.6927643893287</ele>
				<time>2025-11-15T17:43:56Z</time>
			</trkpt>
			<trkpt lat="35.401257042861474" lon="-83.59980384879032">
				<ele>622.7744313636795</ele>
				<time>2025-11-15T17:43:57Z</time>
			</trkpt>
			<trkpt lat="35.40127074919424" lon="-83.59976046303508">
				<ele>620.7327159587294</ele>
				<time>2025-11-15T17:43:58Z</time>
			</trkpt>
			<trkpt lat="35.401292427271464" lon="-83.59971807782274">
				<ele>620.3828015830368</ele>
				<time>2025-11-15T17:43:59Z</time>
			</trkpt>
			<trkpt lat="35.40132057674747" lon="-83.59968635195175">
				<ele>621.7285982398316</ele>
				<time>2025-11-15T17:44:00Z</time>
			</trkpt>
			<trkpt lat="35.401346919243444" lon="-83.59966380449441">
				<ele>620.7943658484146</ele>
				<time>2025-11-15T17:44:01Z</time>
			</trkpt>
			<trkpt lat="35.4013614062507" lon="-83.59964609320652">
				<ele>622.0194468218833</ele>
				<time>2025-11-15T17:44:02Z</time>
			</trkpt>
			<trkpt lat="35.40137493385619" lon="-83.59961072547387">
				<ele>621.0578625816852</ele>
				<time>2025-11-15T17:44:04Z</time>
			</trkpt>
			<trkpt lat="35.40139026533828" lon="-83.5995767685687">
				<ele>621.6652706386521</ele>
				<time>2025-11-15T17:44:06Z</time>
			</trkpt>
			<trkpt lat="35.401403765188554" lon="-83.59956091094135">
				<ele>620.6865564696491</ele>
				<time>2025-11-15T17:44:07Z</time>
			</trkpt>
			<trkpt lat="35.40142982386936" lon="-83.59953071535742">
				<ele>621.0463132010773</ele>
				<time>2025-11-15T17:44:09Z</time>
			</trkpt>
			<trkpt lat="35.40144295623796" lon="-83.59950998877886">
				<ele>619.3705189814791</ele>
				<time>2025-11-15T17:44:10Z</time>
			</trkpt>
			<trkpt lat="35.40145504962276" lon="-83.59947498272086">
				<ele>619.1868637390435</ele>
				<time>2025-11-15T17:44:12Z</time>
			</trkpt>
			<trkpt lat="35.40147059761393" lon="-83.5994509139891">
				<ele>618.9360369276255</ele>
				<time>2025-11-15T17:44:14Z</time>
			</trkpt>
			<trkpt lat="35.40148356665545" lon="-83.59943232579819">
				<ele>617.9588298397139</ele>
				<time>2025-11-15T17:44:17Z</time>
			</trkpt>
			<trkpt lat="35.4014969074977" lon="-83.59941313530321">
				<ele>617.9719038540497</ele>
				<time>2025-11-15T17:44:20Z</time>
			</trkpt>
			<trkpt lat="35.40150922801425" lon="-83.59939434310027">
				<ele>618.6852906374261</ele>
				<time>2025-11-15T17:44:22Z</time>
			</trkpt>
			<trkpt lat="35.40152687206066" lon="-83.5993615586586">
				<ele>617.648970820941</ele>
				<time>2025-11-15T17:44:25Z</time>
			</trkpt>
			<trkpt lat="35.401539934677054" lon="-83.59932710834106">
				<ele>617.9617371167988</ele>
				<time>2025-11-15T17:44:27Z</time>
			</trkpt>
			<trkpt lat="35.40154251944798" lon="-83.5992759917184">
				<ele>618.460544004105</ele>
				<time>2025-11-15T17:44:28Z</time>
			</trkpt>
			<trkpt lat="35.401536795375165" lon="-83.59924699256317">
				<ele>618.1341762626544</ele>
				<time>2025-11-15T17:44:29Z</time>
			</trkpt>
			<trkpt lat="35.401531469626576" lon="-83.59922350072326">
				<ele>618.841831991449</ele>
				<time>2025-11-15T17:44:30Z</time>
			</trkpt>
			<trkpt lat="35.401521604920234" lon="-83.59917998807249">
				<ele>619.652116487734</ele>
				<time>2025-11-15T17:44:32Z</time>
			</trkpt>
			<trkpt lat="35.40151290895081" lon="-83.59914665711811">
				<ele>619.0715654250234</ele>
				<time>2025-11-15T17:44:33Z</time>
			</trkpt>
			<trkpt lat="35.40150715139001" lon="-83.5991254827775">
				<ele>620.247893913649</ele>
				<time>2025-11-15T17:44:34Z</time>
			</trkpt>
			<trkpt lat="35.401497419032424" lon="-83.59908969030774">
				<ele>618.5561530282721</ele>
				<time>2025-11-15T17:44:35Z</time>
			</trkpt>
			<trkpt lat="35.401489578101646" lon="-83.5990608541616">
				<ele>619.2362862741575</ele>
				<time>2025-11-15T17:44:36Z</time>
			</trkpt>
			<trkpt lat="35.401475866299315" lon="-83.59900612735265">
				<ele>620.2022000951692</ele>
				<time>2025-11-15T17:44:38Z</time>
			</trkpt>
			<trkpt lat="35.401470758715924" lon="-83.59898236142101">
				<ele>621.138916362077</ele>
				<time>2025-11-15T17:44:39Z</time>
			</trkpt>
			<trkpt lat="35.401466322629034" lon="-83.59894429789863">
				<ele>620.0798420747742</ele>
				<time>2025-11-15T17:44:40Z</time>
			</trkpt>
			<trkpt lat="35.40146722487823" lon="-83.5989160816376">
				<ele>620.3844366883859</ele>
				<time>2025-11-15T17:44:41Z</time>
			</trkpt>
			<trkpt lat="35.40146893826465" lon="-83.59888133238503">
				<ele>620.3756040669978</ele>
				<time>2025-11-15T17:44:42Z</time>
			</trkpt>
			<trkpt lat="35.40147083912509" lon="-83.59884897904357">
				<ele>619.5858592484146</ele>
				<time>2025-11-15T17:44:43Z</time>
			</trkpt>
			<trkpt lat="35.4014752945081" lon="-83.59881828199818">
				<ele>620.1031815893948</ele>
				<time>2025-11-15T17:44:44Z</time>
			</trkpt>
			<trkpt lat="35.40147924379505" lon="-83.59879107165541">
				<ele>620.1495461780578</ele>
				<time>2025-11-15T17:44:45Z</time>
			</trkpt>
			<trkpt lat="35.40148181916527" lon="-83.5987638667903">
				<ele>620.1524298610166</ele>
				<time>2025-11-15T17:44:46Z</time>
			</trkpt>
			<trkpt lat="35.40148360621167" lon="-83.59873117228014">
				<ele>620.1405213354155</ele>
				<time>2025-11-15T17:44:47Z</time>
			</trkpt>
			<trkpt lat="35.40148514195026" lon="-83.59869524450714">
				<ele>619.6719699911773</ele>
				<time>2025-11-15T17:44:49Z</time>
			</trkpt>
			<trkpt lat="35.40147592680626" lon="-83.59866695283444">
				<ele>621.6131964866072</ele>
				<time>2025-11-15T17:44:51Z</time>
			</trkpt>
			<trkpt lat="35.401463818329916" lon="-83.59864724140576">
				<ele>623.0415764898062</ele>
				<time>2025-11-15T17:44:52Z</time>
			</trkpt>
			<trkpt lat="35.40144937431397" lon="-83.59862834006547">
				<ele>623.1659118458629</ele>
				<time>2025-11-15T17:44:53Z</time>
			</trkpt>
			<trkpt lat="35.401425174471115" lon="-83.59859354758336">
				<ele>623.1862394604832</ele>
				<time>2025-11-15T17:44:54Z</time>
			</trkpt>
			<trkpt lat="35.40140386546617" lon="-83.5985716892188">
				<ele>624.7534973109141</ele>
				<time>2025-11-15T17:44:55Z</time>
			</trkpt>
			<trkpt lat="35.40136377916893" lon="-83.59854522722458">
				<ele>625.0303872581571</ele>
				<time>2025-11-15T17:44:56Z</time>
			</trkpt>
			<trkpt lat="35.401312301430714" lon="-83.59854674049737">
				<ele>625.8563526915386</ele>
				<time>2025-11-15T17:44:57Z</time>
			</trkpt>
			<trkpt lat="35.401286762596484" lon="-83.59853727291863">
				<ele>626.0223409542814</ele>
				<time>2025-11-15T17:44:58Z</time>
			</trkpt>
			<trkpt lat="35.40125652215505" lon="-83.59853002003172">
				<ele>626.4552691830322</ele>
				<time>2025-11-15T17:44:59Z</time>
			</trkpt>
			<trkpt lat="35.401234045294046" lon="-83.59852446333957">
				<ele>626.0684261219576</ele>
				<time>2025-11-15T17:45:00Z</time>
			</trkpt>
			<trkpt lat="35.401205291990124" lon="-83.59852034939559">
				<ele>627.0446515800431</ele>
				<time>2025-11-15T17:45:01Z</time>
			</trkpt>
			<trkpt lat="35.40117216645918" lon="-83.59852068691598">
				<ele>627.729908876121</ele>
				<time>2025-11-15T17:45:02Z</time>
			</trkpt>
			<trkpt lat="35.40114587468003" lon="-83.59852599137865">
				<ele>627.5835819430649</ele>
				<time>2025-11-15T17:45:03Z</time>
			</trkpt>
			<trkpt lat="35.40110402313442" lon="-83.5985336703802">
				<ele>629.1089241504669</ele>
				<time>2025-11-15T17:45:04Z</time>
			</trkpt>
			<trkpt lat="35.401069696209916" lon="-83.59853918402847">
				<ele>630.0052881678566</ele>
				<time>2025-11-15T17:45:06Z</time>
			</trkpt>
			<trkpt lat="35.40104909349388" lon="-83.59854077409398">
				<ele>631.2231056513265</ele>
				<time>2025-11-15T17:45:07Z</time>
			</trkpt>
			<trkpt lat="35.40101512384136" lon="-83.5985361634036">
				<ele>632.3067848784849</ele>
				<time>2025-11-15T17:45:08Z</time>
			</trkpt>
			<trkpt lat="35.40097111298925" lon="-83.59850193148885">
				<ele>633.336316626519</ele>
				<time>2025-11-15T17:45:09Z</time>
			</trkpt>
			<trkpt lat="35.40094252055246" lon="-83.59846464124645">
				<ele>633.5993738044053</ele>
				<time>2025-11-15T17:45:10Z</time>
			</trkpt>
			<trkpt lat="35.40091943342235" lon="-83.59843460851636">
				<ele>634.9832073142752</ele>
				<time>2025-11-15T17:45:11Z</time>
			</trkpt>
			<trkpt lat="35.40087146431819" lon="-83.59842371009422">
				<ele>635.7629391178489</ele>
				<time>2025-11-15T17:45:12Z</time>
			</trkpt>
			<trkpt lat="35.40083335397272" lon="-83.59838909093172">
				<ele>636.3595383381471</ele>
				<time>2025-11-15T17:45:13Z</time>
			</trkpt>
			<trkpt lat="35.400793396452805" lon="-83.59835586519134">
				<ele>637.0116415284574</ele>
				<time>2025-11-15T17:45:14Z</time>
			</trkpt>
			<trkpt lat="35.40074544952657" lon="-83.59834226379685">
				<ele>635.929897797294</ele>
				<time>2025-11-15T17:45:15Z</time>
			</trkpt>
			<trkpt lat="35.40068364508169" lon="-83.59833637569342">
				<ele>634.5452348189428</ele>
				<time>2025-11-15T17:45:16Z</time>
			</trkpt>
			<trkpt lat="35.400655811517545" lon="-83.59832351055954">
				<ele>633.5289521096274</ele>
				<time>2025-11-15T17:45:17Z</time>
			</trkpt>
			<trkpt lat="35.4006108562274" lon="-83.59830901911877">
				<ele>634.956967045553</ele>
				<time>2025-11-15T17:45:18Z</time>
			</trkpt>
			<trkpt lat="35.40057964782103" lon="-83.59829944130321">
				<ele>634.7047083554789</ele>
				<time>2025-11-15T17:45:19Z</time>
			</trkpt>
			<trkpt lat="35.40053733827896" lon="-83.59828597002173">
				<ele>634.1035303073004</ele>
				<time>2025-11-15T17:45:20Z</time>
			</trkpt>
			<trkpt lat="35.400513239932685" lon="-83.59827969707928">
				<ele>633.13714280352</ele>
				<time>2025-11-15T17:45:21Z</time>
			</trkpt>
			<trkpt lat="35.400478274793386" lon="-83.59827059533822">
				<ele>632.1571027571335</ele>
				<time>2025-11-15T17:45:22Z</time>
			</trkpt>
			<trkpt lat="35.400447180492634" lon="-83.59826262857656">
				<ele>631.6680561145768</ele>
				<time>2025-11-15T17:45:23Z</time>
			</trkpt>
			<trkpt lat="35.40042519056725" lon="-83.5982578422325">
				<ele>631.3677087360993</ele>
				<time>2025-11-15T17:45:24Z</time>
			</trkpt>
			<trkpt lat="35.40040031173965" lon="-83.59825242709934">
				<ele>631.7038031406701</ele>
				<time>2025-11-15T17:45:25Z</time>
			</trkpt>
			<trkpt lat="35.40038132043962" lon="-83.59824829342497">
				<ele>631.7312652766705</ele>
				<time>2025-11-15T17:45:26Z</time>
			</trkpt>
			<trkpt lat="35.40034282727412" lon="-83.59823991496948">
				<ele>631.977589792572</ele>
				<time>2025-11-15T17:45:27Z</time>
			</trkpt>
			<trkpt lat="35.40029041561235" lon="-83.59822818142415">
				<ele>632.3464173832908</ele>
				<time>2025-11-15T17:45:29Z</time>
			</trkpt>
			<trkpt lat="35.400245352673686" lon="-83.59822403990464">
				<ele>632.2260461337864</ele>
				<time>2025-11-15T17:45:31Z</time>
			</trkpt>
			<trkpt lat="35.400207103732235" lon="-83.59821903764086">
				<ele>634.0135616092011</ele>
				<time>2025-11-15T17:45:33Z</time>
			</trkpt>
			<trkpt lat="35.400179336873535" lon="-83.59821682817052">
				<ele>633.2344570793211</ele>
				<time>2025-11-15T17:45:34Z</time>
			</trkpt>
			<trkpt lat="35.40015497760597" lon="-83.5982148898422">
				<ele>633.6541604576632</ele>
				<time>2025-11-15T17:45:35Z</time>
			</trkpt>
			<trkpt lat="35.400120831950545" lon="-83.59821400851433">
				<ele>633.4979449650273</ele>
				<time>2025-11-15T17:45:36Z</time>
			</trkpt>
			<trkpt lat="35.40009881121671" lon="-83.59821489990141">
				<ele>634.5073511237279</ele>
				<time>2025-11-15T17:45:37Z</time>
			</trkpt>
			<trkpt lat="35.40006324246339" lon="-83.59821701053197">
				<ele>635.318149224855</ele>
				<time>2025-11-15T17:45:38Z</time>
			</trkpt>
			<trkpt lat="35.40004248665768" lon="-83.59821931913235">
				<ele>635.5909170135856</ele>
				<time>2025-11-15T17:45:39Z</time>
			</trkpt>
			<trkpt lat="35.399999862296276" lon="-83.59822406009992">
				<ele>635.7025414938107</ele>
				<time>2025-11-15T17:45:40Z</time>
			</trkpt>
			<trkpt lat="35.39996861895586" lon="-83.59822845098402">
				<ele>636.5046540647745</ele>
				<time>2025-11-15T17:45:41Z</time>
			</trkpt>
			<trkpt lat="35.39993271878257" lon="-83.59823554798334">
				<ele>635.0634028511122</ele>
				<time>2025-11-15T17:45:42Z</time>
			</trkpt>
			<trkpt lat="35.39991311141629" lon="-83.59823942408975">
				<ele>635.8706352710724</ele>
				<time>2025-11-15T17:45:43Z</time>
			</trkpt>
			<trkpt lat="35.39987762098516" lon="-83.59824725215017">
				<ele>636.070033127442</ele>
				<time>2025-11-15T17:45:44Z</time>
			</trkpt>
			<trkpt lat="35.39984821835245" lon="-83.5982556117308">
				<ele>635.1544168032706</ele>
				<time>2025-11-15T17:45:45Z</time>
			</trkpt>
			<trkpt lat="35.399813859907724" lon="-83.59826770449749">
				<ele>633.2100025285035</ele>
				<time>2025-11-15T17:45:46Z</time>
			</trkpt>
			<trkpt lat="35.399783658022024" lon="-83.5982818757484">
				<ele>632.9837207524106</ele>
				<time>2025-11-15T17:45:47Z</time>
			</trkpt>
			<trkpt lat="35.39975523692346" lon="-83.59827933191696">
				<ele>632.4222475690767</ele>
				<time>2025-11-15T17:45:48Z</time>
			</trkpt>
			<trkpt lat="35.399699690528216" lon="-83.59825590264309">
				<ele>632.0787429688498</ele>
				<time>2025-11-15T17:45:49Z</time>
			</trkpt>
			<trkpt lat="35.39967016613357" lon="-83.5982545364619">
				<ele>631.7581232823431</ele>
				<time>2025-11-15T17:45:50Z</time>
			</trkpt>
			<trkpt lat="35.399638079353664" lon="-83.5982358035347">
				<ele>632.3664148971438</ele>
				<time>2025-11-15T17:45:51Z</time>
			</trkpt>
			<trkpt lat="35.399617447876096" lon="-83.59823023973082">
				<ele>631.9637189796194</ele>
				<time>2025-11-15T17:45:52Z</time>
			</trkpt>
			<trkpt lat="35.39959214823364" lon="-83.59821596292856">
				<ele>634.0773796280846</ele>
				<time>2025-11-15T17:45:55Z</time>
			</trkpt>
			<trkpt lat="35.39957482962543" lon="-83.59820576127568">
				<ele>634.4816160779446</ele>
				<time>2025-11-15T17:45:56Z</time>
			</trkpt>
			<trkpt lat="35.399560460128775" lon="-83.59817709288708">
				<ele>635.2143066590652</ele>
				<time>2025-11-15T17:45:58Z</time>
			</trkpt>
			<trkpt lat="35.39956118568028" lon="-83.59815404260686">
				<ele>634.348749880679</ele>
				<time>2025-11-15T17:45:59Z</time>
			</trkpt>
			<trkpt lat="35.39956264884343" lon="-83.59812932351161">
				<ele>634.8528435155749</ele>
				<time>2025-11-15T17:46:00Z</time>
			</trkpt>
			<trkpt lat="35.39956160557069" lon="-83.59808928452196">
				<ele>633.8095412049443</ele>
				<time>2025-11-15T17:46:01Z</time>
			</trkpt>
			<trkpt lat="35.3995728727043" lon="-83.59805774001103">
				<ele>633.3862638305873</ele>
				<time>2025-11-15T17:46:02Z</time>
			</trkpt>
			<trkpt lat="35.39957717451777" lon="-83.59799990714488">
				<ele>632.6360809700564</ele>
				<time>2025-11-15T17:46:03Z</time>
			</trkpt>
			<trkpt lat="35.3995877242927" lon="-83.59794158781158">
				<ele>632.030871742405</ele>
				<time>2025-11-15T17:46:04Z</time>
			</trkpt>
			<trkpt lat="35.39960866859612" lon="-83.59789410259529">
				<ele>631.0256615662947</ele>
				<time>2025-11-15T17:46:05Z</time>
			</trkpt>
			<trkpt lat="35.3996308185317" lon="-83.59785571194566">
				<ele>632.276544816792</ele>
				<time>2025-11-15T17:46:06Z</time>
			</trkpt>
			<trkpt lat="35.39963592450699" lon="-83.59780994601128">
				<ele>631.0636000102386</ele>
				<time>2025-11-15T17:46:07Z</time>
			</trkpt>
			<trkpt lat="35.39964248775513" lon="-83.59778375682157">
				<ele>631.7792476657778</ele>
				<time>2025-11-15T17:46:08Z</time>
			</trkpt>
			<trkpt lat="35.39966035766294" lon="-83.59774600473534">
				<ele>631.731065758504</ele>
				<time>2025-11-15T17:46:09Z</time>
			</trkpt>
			<trkpt lat="35.39967940021817" lon="-83.59771493755103">
				<ele>631.4454986630008</ele>
				<time>2025-11-15T17:46:10Z</time>
			</trkpt>
			<trkpt lat="35.39969486417265" lon="-83.5976934526316">
				<ele>631.558110550046</ele>
				<time>2025-11-15T17:46:11Z</time>
			</trkpt>
			<trkpt lat="35.399719788917345" lon="-83.59766158393892">
				<ele>631.362682745792</ele>
				<time>2025-11-15T17:46:12Z</time>
			</trkpt>
			<trkpt lat="35.39973372794435" lon="-83.59763902442276">
				<ele>631.3650849014521</ele>
				<time>2025-11-15T17:46:13Z</time>
			</trkpt>
			<trkpt lat="35.399764452120785" lon="-83.59760273207078">
				<ele>631.2868551220745</ele>
				<time>2025-11-15T17:46:14Z</time>
			</trkpt>
			<trkpt lat="35.39977592102248" lon="-83.5975820977311">
				<ele>630.4855489609763</ele>
				<time>2025-11-15T17:46:15Z</time>
			</trkpt>
			<trkpt lat="35.399806168667716" lon="-83.59753537544944">
				<ele>630.8072992237285</ele>
				<time>2025-11-15T17:46:16Z</time>
			</trkpt>
			<trkpt lat="35.39982869997234" lon="-83.59752327317757">
				<ele>630.9749674545601</ele>
				<time>2025-11-15T17:46:17Z</time>
			</trkpt>
			<trkpt lat="35.39984788756546" lon="-83.59749223648008">
				<ele>630.6785018378869</ele>
				<time>2025-11-15T17:46:18Z</time>
			</trkpt>
			<trkpt lat="35.39987693884796" lon="-83.59745200738024">
				<ele>628.6410059938207</ele>
				<time>2025-11-15T17:46:19Z</time>
			</trkpt>
			<trkpt lat="35.39989500772756" lon="-83.59742868731735">
				<ele>628.3175692744553</ele>
				<time>2025-11-15T17:46:20Z</time>
			</trkpt>
			<trkpt lat="35.399919519530286" lon="-83.59738792428453">
				<ele>628.7923030806705</ele>
				<time>2025-11-15T17:46:21Z</time>
			</trkpt>
			<trkpt lat="35.39993378513744" lon="-83.59737386174562">
				<ele>626.1253825491294</ele>
				<time>2025-11-15T17:46:22Z</time>
			</trkpt>
			<trkpt lat="35.39994843862001" lon="-83.59735802705391">
				<ele>627.246898968704</ele>
				<time>2025-11-15T17:46:23Z</time>
			</trkpt>
			<trkpt lat="35.39996266244321" lon="-83.59734265662026">
				<ele>625.9722296027467</ele>
				<time>2025-11-15T17:46:24Z</time>
			</trkpt>
			<trkpt lat="35.39998080072536" lon="-83.59732127566464">
				<ele>627.634975111112</ele>
				<time>2025-11-15T17:46:25Z</time>
			</trkpt>
			<trkpt lat="35.400003731542604" lon="-83.5972914211107">
				<ele>627.442735417746</ele>
				<time>2025-11-15T17:46:27Z</time>
			</trkpt>
			<trkpt lat="35.40001923899271" lon="-83.59726884029696">
				<ele>628.129967732355</ele>
				<time>2025-11-15T17:46:28Z</time>
			</trkpt>
			<trkpt lat="35.400031372530464" lon="-83.59725075897941">
				<ele>628.8911838531494</ele>
				<time>2025-11-15T17:46:29Z</time>
			</trkpt>
			<trkpt lat="35.400045627088765" lon="-83.59722476702674">
				<ele>629.1108669452369</ele>
				<time>2025-11-15T17:46:30Z</time>
			</trkpt>
			<trkpt lat="35.40005816525588" lon="-83.59719789986364">
				<ele>629.6540728900582</ele>
				<time>2025-11-15T17:46:31Z</time>
			</trkpt>
			<trkpt lat="35.400068624850775" lon="-83.59715781506443">
				<ele>629.2872019754723</ele>
				<time>2025-11-15T17:46:32Z</time>
			</trkpt>
			<trkpt lat="35.40007301849894" lon="-83.59711999195643">
				<ele>629.8391460655257</ele>
				<time>2025-11-15T17:46:33Z</time>
			</trkpt>
			<trkpt lat="35.40007310615332" lon="-83.59708627923071">
				<ele>629.9076366610825</ele>
				<time>2025-11-15T17:46:34Z</time>
			</trkpt>
			<trkpt lat="35.40006908508732" lon="-83.59705060516218">
				<ele>628.9274231884629</ele>
				<time>2025-11-15T17:46:35Z</time>
			</trkpt>
			<trkpt lat="35.400047190792826" lon="-83.59699219397055">
				<ele>629.5210242159665</ele>
				<time>2025-11-15T17:46:36Z</time>
			</trkpt>
			<trkpt lat="35.4000343766073" lon="-83.59697486893711">
				<ele>631.3580102529377</ele>
				<time>2025-11-15T17:46:37Z</time>
			</trkpt>
			<trkpt lat="35.40001200032197" lon="-83.59695135303504">
				<ele>632.3129808828235</ele>
				<time>2025-11-15T17:46:38Z</time>
			</trkpt>
			<trkpt lat="35.399987121737766" lon="-83.59692923385695">
				<ele>633.6196899646893</ele>
				<time>2025-11-15T17:46:40Z</time>
			</trkpt>
			<trkpt lat="35.39997108031525" lon="-83.59691736095812">
				<ele>634.0670650834218</ele>
				<time>2025-11-15T17:46:41Z</time>
			</trkpt>
			<trkpt lat="35.39994411877688" lon="-83.59690075378148">
				<ele>633.9050054410473</ele>
				<time>2025-11-15T17:46:42Z</time>
			</trkpt>
			<trkpt lat="35.39990508733099" lon="-83.59688139850252">
				<ele>634.3554778043181</ele>
				<time>2025-11-15T17:46:44Z</time>
			</trkpt>
			<trkpt lat="35.39986387625846" lon="-83.59686789232377">
				<ele>634.3852745704353</ele>
				<time>2025-11-15T17:46:46Z</time>
			</trkpt>
			<trkpt lat="35.399828281410336" lon="-83.59685765952565">
				<ele>636.9992520399392</ele>
				<time>2025-11-15T17:46:48Z</time>
			</trkpt>
			<trkpt lat="35.39977323199607" lon="-83.59684183396726">
				<ele>635.932140645571</ele>
				<time>2025-11-15T17:46:50Z</time>
			</trkpt>
			<trkpt lat="35.39974020365654" lon="-83.59683166382197">
				<ele>636.3374619558454</ele>
				<time>2025-11-15T17:46:52Z</time>
			</trkpt>
			<trkpt lat="35.39972142207207" lon="-83.59682472142183">
				<ele>637.0343545600772</ele>
				<time>2025-11-15T17:46:53Z</time>
			</trkpt>
			<trkpt lat="35.39969292122121" lon="-83.5968123863668">
				<ele>637.6019766721874</ele>
				<time>2025-11-15T17:46:54Z</time>
			</trkpt>
			<trkpt lat="35.39964789060583" lon="-83.59678476361749">
				<ele>637.3921790421009</ele>
				<time>2025-11-15T17:46:56Z</time>
			</trkpt>
			<trkpt lat="35.39963203985554" lon="-83.59677267915036">
				<ele>637.037551718764</ele>
				<time>2025-11-15T17:46:57Z</time>
			</trkpt>
			<trkpt lat="35.39960295965455" lon="-83.59674528347195">
				<ele>638.2016496937722</ele>
				<time>2025-11-15T17:46:58Z</time>
			</trkpt>
			<trkpt lat="35.39957729815059" lon="-83.59671460858266">
				<ele>639.6197321955115</ele>
				<time>2025-11-15T17:47:00Z</time>
			</trkpt>
			<trkpt lat="35.399551881041596" lon="-83.59667990065246">
				<ele>640.1299095433205</ele>
				<time>2025-11-15T17:47:02Z</time>
			</trkpt>
			<trkpt lat="35.39955183871138" lon="-83.59664693959068">
				<ele>639.6987506113946</ele>
				<time>2025-11-15T17:47:04Z</time>
			</trkpt>
			<trkpt lat="35.39955835584904" lon="-83.59662371419604">
				<ele>640.1626451397315</ele>
				<time>2025-11-15T17:47:05Z</time>
			</trkpt>
			<trkpt lat="35.39957956350735" lon="-83.59658908745615">
				<ele>639.3929937705398</ele>
				<time>2025-11-15T17:47:06Z</time>
			</trkpt>
			<trkpt lat="35.39958714829418" lon="-83.59656021903854">
				<ele>640.3281639451161</ele>
				<time>2025-11-15T17:47:07Z</time>
			</trkpt>
			<trkpt lat="35.39958546274246" lon="-83.59653211154807">
				<ele>639.191960869357</ele>
				<time>2025-11-15T17:47:08Z</time>
			</trkpt>
			<trkpt lat="35.39958431280351" lon="-83.59650396937354">
				<ele>639.4876427948475</ele>
				<time>2025-11-15T17:47:09Z</time>
			</trkpt>
			<trkpt lat="35.399593204898764" lon="-83.59645560598028">
				<ele>638.6396211879328</ele>
				<time>2025-11-15T17:47:10Z</time>
			</trkpt>
			<trkpt lat="35.3996316619507" lon="-83.59641792594371">
				<ele>638.8918195227161</ele>
				<time>2025-11-15T17:47:11Z</time>
			</trkpt>
			<trkpt lat="35.39966040742585" lon="-83.59639318088297">
				<ele>637.9742651032284</ele>
				<time>2025-11-15T17:47:12Z</time>
			</trkpt>
			<trkpt lat="35.399690388033065" lon="-83.59634304271094">
				<ele>639.4590874621645</ele>
				<time>2025-11-15T17:47:14Z</time>
			</trkpt>
			<trkpt lat="35.399704239499165" lon="-83.59632409757488">
				<ele>638.4192539528012</ele>
				<time>2025-11-15T17:47:15Z</time>
			</trkpt>
			<trkpt lat="35.399725974391025" lon="-83.59628612420626">
				<ele>638.6026055542752</ele>
				<time>2025-11-15T17:47:16Z</time>
			</trkpt>
			<trkpt lat="35.39973449946503" lon="-83.59626522233818">
				<ele>637.5916684661061</ele>
				<time>2025-11-15T17:47:17Z</time>
			</trkpt>
			<trkpt lat="35.39974697664178" lon="-83.59622259258893">
				<ele>637.6488291285932</ele>
				<time>2025-11-15T17:47:18Z</time>
			</trkpt>
			<trkpt lat="35.39975726682398" lon="-83.5962000047245">
				<ele>637.680033438839</ele>
				<time>2025-11-15T17:47:19Z</time>
			</trkpt>
			<trkpt lat="35.39977227770335" lon="-83.59616933955883">
				<ele>637.6691741170362</ele>
				<time>2025-11-15T17:47:20Z</time>
			</trkpt>
			<trkpt lat="35.39978314810383" lon="-83.5961500864404">
				<ele>638.3274369435385</ele>
				<time>2025-11-15T17:47:21Z</time>
			</trkpt>
			<trkpt lat="35.39980894658036" lon="-83.59614472061394">
				<ele>637.4549708021805</ele>
				<time>2025-11-15T17:47:23Z</time>
			</trkpt>
			<trkpt lat="35.399826182822615" lon="-83.59612832257136">
				<ele>636.8083735937253</ele>
				<time>2025-11-15T17:47:25Z</time>
			</trkpt>
			<trkpt lat="35.39983808055124" lon="-83.5961097560649">
				<ele>635.7263140818104</ele>
				<time>2025-11-15T17:47:28Z</time>
			</trkpt>
			<trkpt lat="35.399854450167304" lon="-83.5960952098042">
				<ele>635.8641137862578</ele>
				<time>2025-11-15T17:47:31Z</time>
			</trkpt>
			<trkpt lat="35.39986072625164" lon="-83.59606277611796">
				<ele>636.3893633717671</ele>
				<time>2025-11-15T17:47:33Z</time>
			</trkpt>
			<trkpt lat="35.399856700208666" lon="-83.59601652997138">
				<ele>636.4570962125435</ele>
				<time>2025-11-15T17:47:35Z</time>
			</trkpt>
			<trkpt lat="35.39985500365529" lon="-83.59599068621866">
				<ele>636.8795425659046</ele>
				<time>2025-11-15T17:47:36Z</time>
			</trkpt>
			<trkpt lat="35.3998536164651" lon="-83.59593743210029">
				<ele>638.8637241870165</ele>
				<time>2025-11-15T17:47:38Z</time>
			</trkpt>
			<trkpt lat="35.399849634122056" lon="-83.59591548127426">
				<ele>639.0404516272247</ele>
				<time>2025-11-15T17:47:39Z</time>
			</trkpt>
			<trkpt lat="35.399851376082026" lon="-83.59588881664645">
				<ele>639.8061587885022</ele>
				<time>2025-11-15T17:47:40Z</time>
			</trkpt>
			<trkpt lat="35.399854736089466" lon="-83.59585812829421">
				<ele>640.327369203791</ele>
				<time>2025-11-15T17:47:41Z</time>
			</trkpt>
			<trkpt lat="35.39985708163105" lon="-83.59583094132138">
				<ele>639.9227208681405</ele>
				<time>2025-11-15T17:47:42Z</time>
			</trkpt>
			<trkpt lat="35.39985757773414" lon="-83.5958059925589">
				<ele>640.2326111383736</ele>
				<time>2025-11-15T17:47:43Z</time>
			</trkpt>
			<trkpt lat="35.39985792725586" lon="-83.59577955541843">
				<ele>639.0305457562208</ele>
				<time>2025-11-15T17:47:44Z</time>
			</trkpt>
			<trkpt lat="35.39985827981726" lon="-83.5957528883515">
				<ele>637.8977627623826</ele>
				<time>2025-11-15T17:47:45Z</time>
			</trkpt>
			<trkpt lat="35.399857486618764" lon="-83.59571753187085">
				<ele>637.1056089233607</ele>
				<time>2025-11-15T17:47:46Z</time>
			</trkpt>
			<trkpt lat="35.399856891459926" lon="-83.59569532703006">
				<ele>637.2186145670712</ele>
				<time>2025-11-15T17:47:47Z</time>
			</trkpt>
			<trkpt lat="35.399855886932336" lon="-83.59565784898436">
				<ele>637.4029587712139</ele>
				<time>2025-11-15T17:47:49Z</time>
			</trkpt>
			<trkpt lat="35.39985489061625" lon="-83.5956206773723">
				<ele>637.216328731738</ele>
				<time>2025-11-15T17:47:51Z</time>
			</trkpt>
			<trkpt lat="35.39985423016003" lon="-83.59559603651135">
				<ele>636.5515617569908</ele>
				<time>2025-11-15T17:47:52Z</time>
			</trkpt>
			<trkpt lat="35.399849422124404" lon="-83.5955431091651">
				<ele>636.3969952557236</ele>
				<time>2025-11-15T17:48:01Z</time>
			</trkpt>
			<trkpt lat="35.399846832106896" lon="-83.5955207101737">
				<ele>637.2025955049321</ele>
				<time>2025-11-15T17:48:07Z</time>
			</trkpt>
			<trkpt lat="35.3998515413789" lon="-83.5954957209494">
				<ele>637.8169662570581</ele>
				<time>2025-11-15T17:48:15Z</time>
			</trkpt>
			<trkpt lat="35.39985087671067" lon="-83.59547092289723">
				<ele>638.8382441019639</ele>
				<time>2025-11-15T17:48:22Z</time>
			</trkpt>
			<trkpt lat="35.3998501748204" lon="-83.59544473609185">
				<ele>640.1896534198895</ele>
				<time>2025-11-15T17:48:32Z</time>
			</trkpt>
			<trkpt lat="35.39980060001705" lon="-83.595425891026">
				<ele>642.1950036976486</ele>
				<time>2025-11-15T17:48:52Z</time>
			</trkpt>
			<trkpt lat="35.39982212502851" lon="-83.59540815271365">
				<ele>642.7900514341891</ele>
				<time>2025-11-15T17:49:20Z</time>
			</trkpt>
			<trkpt lat="35.399837523951675" lon="-83.59537756294193">
				<ele>648.6644142922014</ele>
				<time>2025-11-15T17:49:56Z</time>
			</trkpt>
			<trkpt lat="35.39984464982537" lon="-83.59535170717305">
				<ele>649.1939655803144</ele>
				<time>2025-11-15T17:49:58Z</time>
			</trkpt>
			<trkpt lat="35.39984491096741" lon="-83.59538226838677">
				<ele>645.4739772370085</ele>
				<time>2025-11-15T17:50:01Z</time>
			</trkpt>
			<trkpt lat="35.39984550216207" lon="-83.59543816495828">
				<ele>643.7045177491382</ele>
				<time>2025-11-15T17:50:07Z</time>
			</trkpt>
			<trkpt lat="35.399856080450824" lon="-83.5954637000251">
				<ele>641.6318088546395</ele>
				<time>2025-11-15T17:50:09Z</time>
			</trkpt>
			<trkpt lat="35.39986906536359" lon="-83.59548009075361">
				<ele>639.6569999828935</ele>
				<time>2025-11-15T17:50:11Z</time>
			</trkpt>
			<trkpt lat="35.39987859208523" lon="-83.59549877940825">
				<ele>637.6199364475906</ele>
				<time>2025-11-15T17:50:28Z</time>
			</trkpt>
			<trkpt lat="35.39987834366026" lon="-83.59547104748674">
				<ele>637.9716904051602</ele>
				<time>2025-11-15T17:50:34Z</time>
			</trkpt>
			<trkpt lat="35.399851292977324" lon="-83.59542433045141">
				<ele>638.3003528863192</ele>
				<time>2025-11-15T17:50:51Z</time>
			</trkpt>
			<trkpt lat="35.399872501389815" lon="-83.595404846053">
				<ele>638.0295298993587</ele>
				<time>2025-11-15T17:51:31Z</time>
			</trkpt>
			<trkpt lat="35.39987823214033" lon="-83.59537925941166">
				<ele>639.5718855271116</ele>
				<time>2025-11-15T17:51:33Z</time>
			</trkpt>
			<trkpt lat="35.39989725938394" lon="-83.59536112886789">
				<ele>639.2778562037274</ele>
				<time>2025-11-15T17:51:36Z</time>
			</trkpt>
			<trkpt lat="35.39992011866415" lon="-83.59533888808025">
				<ele>640.3987137181684</ele>
				<time>2025-11-15T17:51:38Z</time>
			</trkpt>
			<trkpt lat="35.39994517813275" lon="-83.59531819661612">
				<ele>642.0771372811869</ele>
				<time>2025-11-15T17:51:39Z</time>
			</trkpt>
			<trkpt lat="35.39996170826341" lon="-83.59530451892222">
				<ele>642.8638128517196</ele>
				<time>2025-11-15T17:51:40Z</time>
			</trkpt>
			<trkpt lat="35.39998653414825" lon="-83.59529580612396">
				<ele>643.3641173839569</ele>
				<time>2025-11-15T17:51:42Z</time>
			</trkpt>
			<trkpt lat="35.40002783390633" lon="-83.59529059032057">
				<ele>642.3229581927881</ele>
				<time>2025-11-15T17:51:44Z</time>
			</trkpt>
			<trkpt lat="35.400050016944654" lon="-83.59528330255552">
				<ele>644.2977493535727</ele>
				<time>2025-11-15T17:51:45Z</time>
			</trkpt>
			<trkpt lat="35.40007140832706" lon="-83.59527450337224">
				<ele>644.3330779252574</ele>
				<time>2025-11-15T17:51:46Z</time>
			</trkpt>
			<trkpt lat="35.400102814036245" lon="-83.59527305526282">
				<ele>644.9611292006448</ele>
				<time>2025-11-15T17:51:48Z</time>
			</trkpt>
			<trkpt lat="35.40013682992229" lon="-83.5952702033884">
				<ele>646.3637418411672</ele>
				<time>2025-11-15T17:51:50Z</time>
			</trkpt>
			<trkpt lat="35.400161775239816" lon="-83.59526766449883">
				<ele>646.119741126895</ele>
				<time>2025-11-15T17:51:52Z</time>
			</trkpt>
			<trkpt lat="35.40019267365786" lon="-83.59525609005166">
				<ele>646.7942049782723</ele>
				<time>2025-11-15T17:51:54Z</time>
			</trkpt>
			<trkpt lat="35.400216513180034" lon="-83.59525437296774">
				<ele>648.1893776748329</ele>
				<time>2025-11-15T17:51:56Z</time>
			</trkpt>
			<trkpt lat="35.400243395286836" lon="-83.59525290825445">
				<ele>647.589592368342</ele>
				<time>2025-11-15T17:51:58Z</time>
			</trkpt>
			<trkpt lat="35.40026797103088" lon="-83.59524720495193">
				<ele>647.836782286875</ele>
				<time>2025-11-15T17:52:01Z</time>
			</trkpt>
			<trkpt lat="35.40029550850144" lon="-83.59523696992245">
				<ele>647.8613117532805</ele>
				<time>2025-11-15T17:52:03Z</time>
			</trkpt>
			<trkpt lat="35.400318347924646" lon="-83.59522741688997">
				<ele>647.8790465574712</ele>
				<time>2025-11-15T17:52:05Z</time>
			</trkpt>
			<trkpt lat="35.40034328534938" lon="-83.59521501201037">
				<ele>647.2550859451294</ele>
				<time>2025-11-15T17:52:07Z</time>
			</trkpt>
			<trkpt lat="35.40036870124418" lon="-83.59519873772096">
				<ele>644.9735899157822</ele>
				<time>2025-11-15T17:52:09Z</time>
			</trkpt>
			<trkpt lat="35.400391867663075" lon="-83.59517740535314">
				<ele>644.1846210099757</ele>
				<time>2025-11-15T17:52:11Z</time>
			</trkpt>
			<trkpt lat="35.4004059239007" lon="-83.5951596562451">
				<ele>644.222584434785</ele>
				<time>2025-11-15T17:52:13Z</time>
			</trkpt>
			<trkpt lat="35.40042837173406" lon="-83.5951264732128">
				<ele>644.2298297062516</ele>
				<time>2025-11-15T17:52:16Z</time>
			</trkpt>
			<trkpt lat="35.40043988166378" lon="-83.59510562925085">
				<ele>644.9562395401299</ele>
				<time>2025-11-15T17:52:18Z</time>
			</trkpt>
			<trkpt lat="35.40044719844668" lon="-83.59508498681473">
				<ele>645.7431842628866</ele>
				<time>2025-11-15T17:52:20Z</time>
			</trkpt>
			<trkpt lat="35.40045830772581" lon="-83.59505436327821">
				<ele>646.1278849765658</ele>
				<time>2025-11-15T17:52:22Z</time>
			</trkpt>
			<trkpt lat="35.40046935493368" lon="-83.59502913913417">
				<ele>645.4887142824009</ele>
				<time>2025-11-15T17:52:24Z</time>
			</trkpt>
			<trkpt lat="35.40048119626251" lon="-83.59499380177272">
				<ele>645.5361628597602</ele>
				<time>2025-11-15T17:52:26Z</time>
			</trkpt>
			<trkpt lat="35.40049061626527" lon="-83.59496450006208">
				<ele>647.2888345094398</ele>
				<time>2025-11-15T17:52:28Z</time>
			</trkpt>
			<trkpt lat="35.40049743698162" lon="-83.59494172266443">
				<ele>647.07959504053</ele>
				<time>2025-11-15T17:52:29Z</time>
			</trkpt>
			<trkpt lat="35.40053641178214" lon="-83.59492870880065">
				<ele>646.4014810146764</ele>
				<time>2025-11-15T17:52:30Z</time>
			</trkpt>
			<trkpt lat="35.40054283675431" lon="-83.59489678875481">
				<ele>647.7324933912605</ele>
				<time>2025-11-15T17:52:32Z</time>
			</trkpt>
			<trkpt lat="35.400549780656114" lon="-83.59486229055418">
				<ele>647.693471509032</ele>
				<time>2025-11-15T17:52:34Z</time>
			</trkpt>
			<trkpt lat="35.400556810370134" lon="-83.59482116668869">
				<ele>647.1841320032254</ele>
				<time>2025-11-15T17:52:36Z</time>
			</trkpt>
			<trkpt lat="35.400561752540185" lon="-83.59478790765571">
				<ele>647.8624880826101</ele>
				<time>2025-11-15T17:52:38Z</time>
			</trkpt>
			<trkpt lat="35.400567619080995" lon="-83.59474842792962">
				<ele>646.9170165918767</ele>
				<time>2025-11-15T17:52:40Z</time>
			</trkpt>
			<trkpt lat="35.40057162496985" lon="-83.59472146977409">
				<ele>648.0320121087134</ele>
				<time>2025-11-15T17:52:42Z</time>
			</trkpt>
			<trkpt lat="35.400578008748695" lon="-83.59467850919246">
				<ele>647.3866616096348</ele>
				<time>2025-11-15T17:52:44Z</time>
			</trkpt>
			<trkpt lat="35.40058414188935" lon="-83.59462970367048">
				<ele>648.0497009055689</ele>
				<time>2025-11-15T17:52:46Z</time>
			</trkpt>
			<trkpt lat="35.40058499979615" lon="-83.59459646775166">
				<ele>648.4773426475003</ele>
				<time>2025-11-15T17:52:48Z</time>
			</trkpt>
			<trkpt lat="35.40058601173653" lon="-83.59455726439762">
				<ele>647.8132296977565</ele>
				<time>2025-11-15T17:52:50Z</time>
			</trkpt>
			<trkpt lat="35.40058688998601" lon="-83.59452324036948">
				<ele>647.7865956192836</ele>
				<time>2025-11-15T17:52:52Z</time>
			</trkpt>
			<trkpt lat="35.400587557437134" lon="-83.59449738280317">
				<ele>647.7332868166268</ele>
				<time>2025-11-15T17:52:53Z</time>
			</trkpt>
			<trkpt lat="35.40058812966115" lon="-83.59447521449064">
				<ele>649.4102545445785</ele>
				<time>2025-11-15T17:52:54Z</time>
			</trkpt>
			<trkpt lat="35.40058952945694" lon="-83.59440947054522">
				<ele>650.2542303074151</ele>
				<time>2025-11-15T17:52:56Z</time>
			</trkpt>
			<trkpt lat="35.40058991643381" lon="-83.59437548688291">
				<ele>650.325279859826</ele>
				<time>2025-11-15T17:52:57Z</time>
			</trkpt>
			<trkpt lat="35.40059032684151" lon="-83.59433944562014">
				<ele>650.7078922810033</ele>
				<time>2025-11-15T17:52:58Z</time>
			</trkpt>
			<trkpt lat="35.40059070087503" lon="-83.59430659876841">
				<ele>650.8225996997207</ele>
				<time>2025-11-15T17:52:59Z</time>
			</trkpt>
			<trkpt lat="35.400590991006034" lon="-83.59428111991885">
				<ele>650.9322083164006</ele>
				<time>2025-11-15T17:53:00Z</time>
			</trkpt>
			<trkpt lat="35.40059134858139" lon="-83.59424971848672">
				<ele>652.2589849745855</ele>
				<time>2025-11-15T17:53:01Z</time>
			</trkpt>
			<trkpt lat="35.400596392261" lon="-83.59420334897757">
				<ele>652.6587596898898</ele>
				<time>2025-11-15T17:53:03Z</time>
			</trkpt>
			<trkpt lat="35.40060124817126" lon="-83.59417047819431">
				<ele>653.011315535754</ele>
				<time>2025-11-15T17:53:04Z</time>
			</trkpt>
			<trkpt lat="35.40060697661058" lon="-83.59413170108682">
				<ele>652.1288372911513</ele>
				<time>2025-11-15T17:53:05Z</time>
			</trkpt>
			<trkpt lat="35.400612132433565" lon="-83.59409606925493">
				<ele>651.6820325152948</ele>
				<time>2025-11-15T17:53:06Z</time>
			</trkpt>
			<trkpt lat="35.40062495443186" lon="-83.5940431374391">
				<ele>651.0526185622439</ele>
				<time>2025-11-15T17:53:07Z</time>
			</trkpt>
			<trkpt lat="35.40064457369549" lon="-83.59396554183543">
				<ele>649.7592011708766</ele>
				<time>2025-11-15T17:53:08Z</time>
			</trkpt>
			<trkpt lat="35.40067400145246" lon="-83.59389774376247">
				<ele>648.7401898363605</ele>
				<time>2025-11-15T17:53:09Z</time>
			</trkpt>
			<trkpt lat="35.40070128902345" lon="-83.59383322800471">
				<ele>647.8496240694076</ele>
				<time>2025-11-15T17:53:10Z</time>
			</trkpt>
			<trkpt lat="35.400750889555866" lon="-83.59375823099617">
				<ele>645.9770005857572</ele>
				<time>2025-11-15T17:53:11Z</time>
			</trkpt>
			<trkpt lat="35.40079014870278" lon="-83.59369485735749">
				<ele>646.0105948392302</ele>
				<time>2025-11-15T17:53:12Z</time>
			</trkpt>
			<trkpt lat="35.40082216248384" lon="-83.59360003535716">
				<ele>644.1527031622827</ele>
				<time>2025-11-15T17:53:13Z</time>
			</trkpt>
			<trkpt lat="35.4008459567495" lon="-83.59349553286533">
				<ele>641.8466672990471</ele>
				<time>2025-11-15T17:53:14Z</time>
			</trkpt>
			<trkpt lat="35.400868322276935" lon="-83.59339210939194">
				<ele>641.7408475894481</ele>
				<time>2025-11-15T17:53:15Z</time>
			</trkpt>
			<trkpt lat="35.40088754758216" lon="-83.59331098120698">
				<ele>640.6392237395048</ele>
				<time>2025-11-15T17:53:16Z</time>
			</trkpt>
			<trkpt lat="35.400912577268734" lon="-83.59321166208242">
				<ele>639.2651438107714</ele>
				<time>2025-11-15T17:53:17Z</time>
			</trkpt>
			<trkpt lat="35.4009279985776" lon="-83.59311256195326">
				<ele>638.0432715741917</ele>
				<time>2025-11-15T17:53:18Z</time>
			</trkpt>
			<trkpt lat="35.40093587279007" lon="-83.5930415223843">
				<ele>636.2763668689877</ele>
				<time>2025-11-15T17:53:19Z</time>
			</trkpt>
			<trkpt lat="35.40095414442013" lon="-83.59294200239349">
				<ele>635.3045654231682</ele>
				<time>2025-11-15T17:53:20Z</time>
			</trkpt>
			<trkpt lat="35.40096370787259" lon="-83.59290791995035">
				<ele>634.1340706618503</ele>
				<time>2025-11-15T17:53:21Z</time>
			</trkpt>
			<trkpt lat="35.40100884917387" lon="-83.59286672247572">
				<ele>631.724820160307</ele>
				<time>2025-11-15T17:53:22Z</time>
			</trkpt>
			<trkpt lat="35.40107207458313" lon="-83.59279867154038">
				<ele>631.6443446008489</ele>
				<time>2025-11-15T17:53:23Z</time>
			</trkpt>
			<trkpt lat="35.40110098880008" lon="-83.59274934111048">
				<ele>631.6199244000018</ele>
				<time>2025-11-15T17:53:24Z</time>
			</trkpt>
			<trkpt lat="35.40116274153963" lon="-83.59269418341283">
				<ele>631.9077882105485</ele>
				<time>2025-11-15T17:53:25Z</time>
			</trkpt>
			<trkpt lat="35.40122670460361" lon="-83.59266545026539">
				<ele>631.2056211186573</ele>
				<time>2025-11-15T17:53:26Z</time>
			</trkpt>
			<trkpt lat="35.401316589366175" lon="-83.59263991666339">
				<ele>630.8925129072741</ele>
				<time>2025-11-15T17:53:27Z</time>
			</trkpt>
			<trkpt lat="35.40140614796878" lon="-83.59261311260924">
				<ele>629.450835657306</ele>
				<time>2025-11-15T17:53:28Z</time>
			</trkpt>
			<trkpt lat="35.401497693925144" lon="-83.59258503101218">
				<ele>627.6941554946825</ele>
				<time>2025-11-15T17:53:29Z</time>
			</trkpt>
			<trkpt lat="35.40158843792794" lon="-83.59252234489064">
				<ele>626.0727815413848</ele>
				<time>2025-11-15T17:53:30Z</time>
			</trkpt>
			<trkpt lat="35.40165510301673" lon="-83.59247783805993">
				<ele>626.0553706809878</ele>
				<time>2025-11-15T17:53:31Z</time>
			</trkpt>
			<trkpt lat="35.401711963751424" lon="-83.59242118340443">
				<ele>625.5639405287802</ele>
				<time>2025-11-15T17:53:32Z</time>
			</trkpt>
			<trkpt lat="35.401779725109094" lon="-83.59236004577569">
				<ele>623.7114218883216</ele>
				<time>2025-11-15T17:53:33Z</time>
			</trkpt>
			<trkpt lat="35.40184948554154" lon="-83.5923105332791">
				<ele>622.4825627868995</ele>
				<time>2025-11-15T17:53:34Z</time>
			</trkpt>
			<trkpt lat="35.40191864454006" lon="-83.59224871629031">
				<ele>619.97724474594</ele>
				<time>2025-11-15T17:53:35Z</time>
			</trkpt>
			<trkpt lat="35.40198305474166" lon="-83.59220300011846">
				<ele>623.1349737141281</ele>
				<time>2025-11-15T17:53:36Z</time>
			</trkpt>
			<trkpt lat="35.40204467413206" lon="-83.59213882914445">
				<ele>622.7783416435122</ele>
				<time>2025-11-15T17:53:37Z</time>
			</trkpt>
			<trkpt lat="35.40211587026451" lon="-83.59208350397797">
				<ele>620.5807002652436</ele>
				<time>2025-11-15T17:53:38Z</time>
			</trkpt>
			<trkpt lat="35.402176938081276" lon="-83.5920235850602">
				<ele>618.1518929228187</ele>
				<time>2025-11-15T17:53:39Z</time>
			</trkpt>
			<trkpt lat="35.402242058295705" lon="-83.59196775751508">
				<ele>617.7403934560716</ele>
				<time>2025-11-15T17:53:40Z</time>
			</trkpt>
			<trkpt lat="35.402306522619284" lon="-83.591912492214">
				<ele>618.0439605582505</ele>
				<time>2025-11-15T17:53:41Z</time>
			</trkpt>
			<trkpt lat="35.40235703084173" lon="-83.59187149360304">
				<ele>620.5963053340092</ele>
				<time>2025-11-15T17:53:42Z</time>
			</trkpt>
			<trkpt lat="35.40242169377218" lon="-83.5918359879006">
				<ele>621.3087017089128</ele>
				<time>2025-11-15T17:53:43Z</time>
			</trkpt>
			<trkpt lat="35.40247681602482" lon="-83.59180572092453">
				<ele>622.1208571717143</ele>
				<time>2025-11-15T17:53:44Z</time>
			</trkpt>
			<trkpt lat="35.4025321782317" lon="-83.59177873420488">
				<ele>622.6069867834449</ele>
				<time>2025-11-15T17:53:45Z</time>
			</trkpt>
			<trkpt lat="35.40258261795041" lon="-83.59175653028447">
				<ele>623.1277930112556</ele>
				<time>2025-11-15T17:53:46Z</time>
			</trkpt>
			<trkpt lat="35.402627839163884" lon="-83.59173192067267">
				<ele>624.1578577831388</ele>
				<time>2025-11-15T17:53:47Z</time>
			</trkpt>
			<trkpt lat="35.402673511150745" lon="-83.59171005989555">
				<ele>625.3765685288236</ele>
				<time>2025-11-15T17:53:48Z</time>
			</trkpt>
			<trkpt lat="35.40272893284777" lon="-83.59168172946991">
				<ele>625.2510586548597</ele>
				<time>2025-11-15T17:53:49Z</time>
			</trkpt>
			<trkpt lat="35.402785488218704" lon="-83.59165154481488">
				<ele>625.0854901596904</ele>
				<time>2025-11-15T17:53:50Z</time>
			</trkpt>
			<trkpt lat="35.40284866294376" lon="-83.59161893127687">
				<ele>624.1815469460562</ele>
				<time>2025-11-15T17:53:51Z</time>
			</trkpt>
			<trkpt lat="35.40292092655371" lon="-83.59158275820869">
				<ele>621.8657548436895</ele>
				<time>2025-11-15T17:53:52Z</time>
			</trkpt>
			<trkpt lat="35.40298438174782" lon="-83.59154406909573">
				<ele>620.9807131970301</ele>
				<time>2025-11-15T17:53:53Z</time>
			</trkpt>
			<trkpt lat="35.40304756492265" lon="-83.59150647951473">
				<ele>620.6124464087188</ele>
				<time>2025-11-15T17:53:54Z</time>
			</trkpt>
			<trkpt lat="35.40312339876044" lon="-83.59146716187836">
				<ele>619.0177508648485</ele>
				<time>2025-11-15T17:53:55Z</time>
			</trkpt>
			<trkpt lat="35.40320031991837" lon="-83.59142728051991">
				<ele>616.4930887678638</ele>
				<time>2025-11-15T17:53:56Z</time>
			</trkpt>
			<trkpt lat="35.40326193082744" lon="-83.59138606148996">
				<ele>614.5544894281775</ele>
				<time>2025-11-15T17:53:57Z</time>
			</trkpt>
			<trkpt lat="35.403321845223644" lon="-83.59134425577177">
				<ele>612.3656648052856</ele>
				<time>2025-11-15T17:53:58Z</time>
			</trkpt>
			<trkpt lat="35.40336810011607" lon="-83.59131198151162">
				<ele>611.2555470205843</ele>
				<time>2025-11-15T17:53:59Z</time>
			</trkpt>
			<trkpt lat="35.403385884690195" lon="-83.59129957236888">
				<ele>611.509928512387</ele>
				<time>2025-11-15T17:54:00Z</time>
			</trkpt>
			<trkpt lat="35.40334182520928" lon="-83.59133148082333">
				<ele>611.1623434070498</ele>
				<time>2025-11-15T17:54:01Z</time>
			</trkpt>
			<trkpt lat="35.40331968910942" lon="-83.59133166186957">
				<ele>610.0121284499764</ele>
				<time>2025-11-15T17:54:03Z</time>
			</trkpt>
			<trkpt lat="35.403304347872435" lon="-83.59134341622908">
				<ele>610.8364153318107</ele>
				<time>2025-11-15T17:54:07Z</time>
			</trkpt>
			<trkpt lat="35.40327579905157" lon="-83.59133274391772">
				<ele>611.1125286249444</ele>
				<time>2025-11-15T17:54:09Z</time>
			</trkpt>
			<trkpt lat="35.40324740379006" lon="-83.59135803950886">
				<ele>611.7055259644985</ele>
				<time>2025-11-15T17:54:10Z</time>
			</trkpt>
			<trkpt lat="35.4032085658092" lon="-83.59138928143331">
				<ele>611.2714600926265</ele>
				<time>2025-11-15T17:54:11Z</time>
			</trkpt>
			<trkpt lat="35.40314975312298" lon="-83.5914129950295">
				<ele>610.9279931681231</ele>
				<time>2025-11-15T17:54:12Z</time>
			</trkpt>
			<trkpt lat="35.403088774982294" lon="-83.59146044948521">
				<ele>612.265486292541</ele>
				<time>2025-11-15T17:54:13Z</time>
			</trkpt>
			<trkpt lat="35.403030626919616" lon="-83.59147666881151">
				<ele>613.4762187106535</ele>
				<time>2025-11-15T17:54:14Z</time>
			</trkpt>
			<trkpt lat="35.402990163910246" lon="-83.59144628303285">
				<ele>615.3066440094262</ele>
				<time>2025-11-15T17:54:15Z</time>
			</trkpt>
			<trkpt lat="35.40296641015782" lon="-83.59138083172624">
				<ele>615.0111246081069</ele>
				<time>2025-11-15T17:54:16Z</time>
			</trkpt>
			<trkpt lat="35.402915561353495" lon="-83.59133991527335">
				<ele>613.9483935125172</ele>
				<time>2025-11-15T17:54:17Z</time>
			</trkpt>
			<trkpt lat="35.40288856069732" lon="-83.5913036965769">
				<ele>614.1008106656373</ele>
				<time>2025-11-15T17:54:18Z</time>
			</trkpt>
			<trkpt lat="35.402842833388206" lon="-83.59124995591061">
				<ele>614.2939543817192</ele>
				<time>2025-11-15T17:54:19Z</time>
			</trkpt>
			<trkpt lat="35.40278740556372" lon="-83.59121549821826">
				<ele>614.2824734393507</ele>
				<time>2025-11-15T17:54:20Z</time>
			</trkpt>
			<trkpt lat="35.40273645675068" lon="-83.59118407455813">
				<ele>614.568918353878</ele>
				<time>2025-11-15T17:54:21Z</time>
			</trkpt>
			<trkpt lat="35.402680641427025" lon="-83.59114026217195">
				<ele>614.4063406810164</ele>
				<time>2025-11-15T17:54:22Z</time>
			</trkpt>
			<trkpt lat="35.4026382371038" lon="-83.59109795832867">
				<ele>614.2626330666244</ele>
				<time>2025-11-15T17:54:23Z</time>
			</trkpt>
			<trkpt lat="35.40261331744802" lon="-83.59105672807979">
				<ele>615.3088925480843</ele>
				<time>2025-11-15T17:54:24Z</time>
			</trkpt>
			<trkpt lat="35.40260336129131" lon="-83.59101219548603">
				<ele>616.3066400978714</ele>
				<time>2025-11-15T17:54:25Z</time>
			</trkpt>
			<trkpt lat="35.40259016404389" lon="-83.59096200204253">
				<ele>616.619708201848</ele>
				<time>2025-11-15T17:54:26Z</time>
			</trkpt>
			<trkpt lat="35.40257938601896" lon="-83.59092020684986">
				<ele>615.9884198252112</ele>
				<time>2025-11-15T17:54:27Z</time>
			</trkpt>
			<trkpt lat="35.40257159012025" lon="-83.59085015849998">
				<ele>614.9370142966509</ele>
				<time>2025-11-15T17:54:28Z</time>
			</trkpt>
			<trkpt lat="35.402557036115184" lon="-83.59077607288812">
				<ele>615.0140480361879</ele>
				<time>2025-11-15T17:54:29Z</time>
			</trkpt>
			<trkpt lat="35.40254897210619" lon="-83.59072473745427">
				<ele>615.2672732537612</ele>
				<time>2025-11-15T17:54:30Z</time>
			</trkpt>
			<trkpt lat="35.402536408652615" lon="-83.5906728579382">
				<ele>615.2117596874014</ele>
				<time>2025-11-15T17:54:31Z</time>
			</trkpt>
			<trkpt lat="35.402528675201566" lon="-83.5906472603067">
				<ele>614.2908836212009</ele>
				<time>2025-11-15T17:54:32Z</time>
			</trkpt>
			<trkpt lat="35.40251831618083" lon="-83.59068274705092">
				<ele>609.9858188293874</ele>
				<time>2025-11-15T17:54:35Z</time>
			</trkpt>
			<trkpt lat="35.40252945071182" lon="-83.59071463061808">
				<ele>609.9274795530364</ele>
				<time>2025-11-15T17:54:36Z</time>
			</trkpt>
			<trkpt lat="35.40253993752782" lon="-83.59073968280053">
				<ele>608.5729559622705</ele>
				<time>2025-11-15T17:54:37Z</time>
			</trkpt>
			<trkpt lat="35.402552592700395" lon="-83.59076573846721">
				<ele>607.3792682215571</ele>
				<time>2025-11-15T17:54:38Z</time>
			</trkpt>
			<trkpt lat="35.40256399475329" lon="-83.59079694420396">
				<ele>605.7079698592424</ele>
				<time>2025-11-15T17:54:39Z</time>
			</trkpt>
			<trkpt lat="35.40257255386884" lon="-83.59083095676914">
				<ele>605.7102452171966</ele>
				<time>2025-11-15T17:54:40Z</time>
			</trkpt>
			<trkpt lat="35.40256144355048" lon="-83.59087517515589">
				<ele>604.4478572281078</ele>
				<time>2025-11-15T17:54:41Z</time>
			</trkpt>
			<trkpt lat="35.40254929322863" lon="-83.59092089294369">
				<ele>604.1119539225474</ele>
				<time>2025-11-15T17:54:42Z</time>
			</trkpt>
			<trkpt lat="35.40252554857778" lon="-83.59096516254364">
				<ele>605.2751972274855</ele>
				<time>2025-11-15T17:54:43Z</time>
			</trkpt>
			<trkpt lat="35.40251167370105" lon="-83.59099888276086">
				<ele>606.5016055451706</ele>
				<time>2025-11-15T17:54:44Z</time>
			</trkpt>
			<trkpt lat="35.40248492262189" lon="-83.59104267611168">
				<ele>606.6195683414117</ele>
				<time>2025-11-15T17:54:45Z</time>
			</trkpt>
			<trkpt lat="35.402441269655625" lon="-83.59108566171756">
				<ele>607.6823191344738</ele>
				<time>2025-11-15T17:54:47Z</time>
			</trkpt>
			<trkpt lat="35.402413118177" lon="-83.59110833250362">
				<ele>608.3778742514551</ele>
				<time>2025-11-15T17:54:48Z</time>
			</trkpt>
			<trkpt lat="35.4023707002365" lon="-83.5911517498572">
				<ele>609.97009416949</ele>
				<time>2025-11-15T17:54:49Z</time>
			</trkpt>
			<trkpt lat="35.40235841357298" lon="-83.5911706907866">
				<ele>610.052582190372</ele>
				<time>2025-11-15T17:54:50Z</time>
			</trkpt>
			<trkpt lat="35.40234389904149" lon="-83.59121078021626">
				<ele>610.2268948107958</ele>
				<time>2025-11-15T17:54:51Z</time>
			</trkpt>
			<trkpt lat="35.40233091174194" lon="-83.59125773250226">
				<ele>609.8967323061079</ele>
				<time>2025-11-15T17:54:52Z</time>
			</trkpt>
			<trkpt lat="35.40230883367767" lon="-83.59126084954687">
				<ele>609.4109268663451</ele>
				<time>2025-11-15T17:54:54Z</time>
			</trkpt>
			<trkpt lat="35.40226370387318" lon="-83.59140663952415">
				<ele>609.3565265694633</ele>
				<time>2025-11-15T17:54:55Z</time>
			</trkpt>
			<trkpt lat="35.402234511761144" lon="-83.59145285605811">
				<ele>610.5610895128921</ele>
				<time>2025-11-15T17:54:56Z</time>
			</trkpt>
			<trkpt lat="35.40220150702393" lon="-83.59147991064275">
				<ele>611.5819556005299</ele>
				<time>2025-11-15T17:54:57Z</time>
			</trkpt>
			<trkpt lat="35.40216253930749" lon="-83.59149793368002">
				<ele>611.9817033084109</ele>
				<time>2025-11-15T17:54:58Z</time>
			</trkpt>
			<trkpt lat="35.40213030841539" lon="-83.59151536927182">
				<ele>612.3010262111202</ele>
				<time>2025-11-15T17:54:59Z</time>
			</trkpt>
			<trkpt lat="35.40208411238979" lon="-83.5915482978873">
				<ele>612.1009582858533</ele>
				<time>2025-11-15T17:55:00Z</time>
			</trkpt>
			<trkpt lat="35.40202968821944" lon="-83.59159295540705">
				<ele>610.9518171176314</ele>
				<time>2025-11-15T17:55:01Z</time>
			</trkpt>
			<trkpt lat="35.40197702057547" lon="-83.59163229702597">
				<ele>610.8606864297763</ele>
				<time>2025-11-15T17:55:02Z</time>
			</trkpt>
			<trkpt lat="35.40192106670578" lon="-83.5916737529821">
				<ele>611.0396820260212</ele>
				<time>2025-11-15T17:55:03Z</time>
			</trkpt>
			<trkpt lat="35.401883166788814" lon="-83.5916901212112">
				<ele>611.3123928336427</ele>
				<time>2025-11-15T17:55:04Z</time>
			</trkpt>
			<trkpt lat="35.40184564589526" lon="-83.59165492824613">
				<ele>611.7286969264969</ele>
				<time>2025-11-15T17:55:05Z</time>
			</trkpt>
			<trkpt lat="35.40180498148917" lon="-83.59160391130112">
				<ele>612.0838707201183</ele>
				<time>2025-11-15T17:55:06Z</time>
			</trkpt>
			<trkpt lat="35.401757368200414" lon="-83.59155707808709">
				<ele>611.5359038859606</ele>
				<time>2025-11-15T17:55:07Z</time>
			</trkpt>
			<trkpt lat="35.40171131000598" lon="-83.59148968113381">
				<ele>612.4781779730693</ele>
				<time>2025-11-15T17:55:08Z</time>
			</trkpt>
			<trkpt lat="35.40168332070311" lon="-83.59144247146325">
				<ele>613.516090227291</ele>
				<time>2025-11-15T17:55:09Z</time>
			</trkpt>
			<trkpt lat="35.40164348726739" lon="-83.59138091054133">
				<ele>612.9878813251853</ele>
				<time>2025-11-15T17:55:10Z</time>
			</trkpt>
			<trkpt lat="35.401597882061346" lon="-83.59130174441454">
				<ele>612.0345192644745</ele>
				<time>2025-11-15T17:55:11Z</time>
			</trkpt>
			<trkpt lat="35.40154787204625" lon="-83.59123997836153">
				<ele>611.3033333690837</ele>
				<time>2025-11-15T17:55:12Z</time>
			</trkpt>
			<trkpt lat="35.40149078412057" lon="-83.59120906992227">
				<ele>609.9885846013203</ele>
				<time>2025-11-15T17:55:13Z</time>
			</trkpt>
			<trkpt lat="35.401443128589705" lon="-83.5911869727355">
				<ele>609.0419211862609</ele>
				<time>2025-11-15T17:55:14Z</time>
			</trkpt>
			<trkpt lat="35.401406992697915" lon="-83.59116854281058">
				<ele>607.9443144556135</ele>
				<time>2025-11-15T17:55:15Z</time>
			</trkpt>
			<trkpt lat="35.40137450672167" lon="-83.59115733790591">
				<ele>607.4107865374535</ele>
				<time>2025-11-15T17:55:16Z</time>
			</trkpt>
			<trkpt lat="35.401401582901435" lon="-83.59117794560666">
				<ele>608.5503648724407</ele>
				<time>2025-11-15T17:55:17Z</time>
			</trkpt>
			<trkpt lat="35.40135932677204" lon="-83.59117318003904">
				<ele>607.4351468551904</ele>
				<time>2025-11-15T17:55:18Z</time>
			</trkpt>
			<trkpt lat="35.401294509818634" lon="-83.59117322392044">
				<ele>606.2709506284446</ele>
				<time>2025-11-15T17:55:19Z</time>
			</trkpt>
			<trkpt lat="35.4012126557471" lon="-83.59119978009284">
				<ele>604.8846235778183</ele>
				<time>2025-11-15T17:55:20Z</time>
			</trkpt>
			<trkpt lat="35.40115568292829" lon="-83.5912316963664">
				<ele>605.0503584574908</ele>
				<time>2025-11-15T17:55:21Z</time>
			</trkpt>
			<trkpt lat="35.40108553483277" lon="-83.59129175605234">
				<ele>603.7445019483566</ele>
				<time>2025-11-15T17:55:22Z</time>
			</trkpt>
			<trkpt lat="35.40104274785036" lon="-83.59134424047294">
				<ele>602.3223839811981</ele>
				<time>2025-11-15T17:55:23Z</time>
			</trkpt>
			<trkpt lat="35.401006656573806" lon="-83.59140538029045">
				<ele>601.3679172480479</ele>
				<time>2025-11-15T17:55:24Z</time>
			</trkpt>
			<trkpt lat="35.40098909042205" lon="-83.5914422441903">
				<ele>599.7584590381011</ele>
				<time>2025-11-15T17:55:25Z</time>
			</trkpt>
			<trkpt lat="35.40097007380509" lon="-83.59148215203868">
				<ele>599.121321159415</ele>
				<time>2025-11-15T17:55:26Z</time>
			</trkpt>
			<trkpt lat="35.40096018967035" lon="-83.59152412027777">
				<ele>599.3819088060409</ele>
				<time>2025-11-15T17:55:27Z</time>
			</trkpt>
			<trkpt lat="35.400941359371444" lon="-83.59154241157601">
				<ele>599.3100638035685</ele>
				<time>2025-11-15T17:55:28Z</time>
			</trkpt>
			<trkpt lat="35.40093817709117" lon="-83.59151983038166">
				<ele>595.8069267012179</ele>
				<time>2025-11-15T17:55:30Z</time>
			</trkpt>
			<trkpt lat="35.40088780436813" lon="-83.59161764624288">
				<ele>595.3615575563163</ele>
				<time>2025-11-15T17:55:31Z</time>
			</trkpt>
			<trkpt lat="35.400848062498106" lon="-83.59166208957403">
				<ele>593.6265432331711</ele>
				<time>2025-11-15T17:55:32Z</time>
			</trkpt>
			<trkpt lat="35.40072216694927" lon="-83.59172135061536">
				<ele>593.2290976131335</ele>
				<time>2025-11-15T17:55:33Z</time>
			</trkpt>
			<trkpt lat="35.4006435765791" lon="-83.59173276743674">
				<ele>592.4572807475924</ele>
				<time>2025-11-15T17:55:34Z</time>
			</trkpt>
			<trkpt lat="35.40058145515381" lon="-83.59172603441662">
				<ele>591.931981511414</ele>
				<time>2025-11-15T17:55:35Z</time>
			</trkpt>
			<trkpt lat="35.400507729967224" lon="-83.59173435211348">
				<ele>590.4671618035063</ele>
				<time>2025-11-15T17:55:36Z</time>
			</trkpt>
			<trkpt lat="35.40045202102876" lon="-83.5917601398935">
				<ele>589.6517115617171</ele>
				<time>2025-11-15T17:55:37Z</time>
			</trkpt>
			<trkpt lat="35.40042369231239" lon="-83.5917614820293">
				<ele>589.9279457125813</ele>
				<time>2025-11-15T17:55:38Z</time>
			</trkpt>
			<trkpt lat="35.400388932165534" lon="-83.59177757256039">
				<ele>589.1084668477997</ele>
				<time>2025-11-15T17:55:40Z</time>
			</trkpt>
			<trkpt lat="35.40036334772279" lon="-83.59178941567474">
				<ele>588.9929039459676</ele>
				<time>2025-11-15T17:55:41Z</time>
			</trkpt>
			<trkpt lat="35.400343340282895" lon="-83.59179867716738">
				<ele>588.345596101135</ele>
				<time>2025-11-15T17:55:42Z</time>
			</trkpt>
			<trkpt lat="35.40030695385764" lon="-83.59181332109463">
				<ele>587.8255045842379</ele>
				<time>2025-11-15T17:55:43Z</time>
			</trkpt>
			<trkpt lat="35.400280648096775" lon="-83.59181388613543">
				<ele>587.7364417538047</ele>
				<time>2025-11-15T17:55:44Z</time>
			</trkpt>
			<trkpt lat="35.40026206811906" lon="-83.5918041668102">
				<ele>586.8395024640486</ele>
				<time>2025-11-15T17:55:46Z</time>
			</trkpt>
			<trkpt lat="35.400257658946934" lon="-83.5917706703982">
				<ele>585.498160360381</ele>
				<time>2025-11-15T17:55:48Z</time>
			</trkpt>
			<trkpt lat="35.400260019442165" lon="-83.59174745715696">
				<ele>584.504718426615</ele>
				<time>2025-11-15T17:55:49Z</time>
			</trkpt>
			<trkpt lat="35.40019986103083" lon="-83.59166444141621">
				<ele>583.6336213154718</ele>
				<time>2025-11-15T17:55:50Z</time>
			</trkpt>
			<trkpt lat="35.40025021754047" lon="-83.59160538045343">
				<ele>583.3111741030589</ele>
				<time>2025-11-15T17:55:52Z</time>
			</trkpt>
			<trkpt lat="35.40025515337288" lon="-83.59157994868814">
				<ele>582.2632779292762</ele>
				<time>2025-11-15T17:56:00Z</time>
			</trkpt>
			<trkpt lat="35.4002689529267" lon="-83.59156087055982">
				<ele>582.990328207612</ele>
				<time>2025-11-15T17:56:02Z</time>
			</trkpt>
			<trkpt lat="35.40028294658417" lon="-83.59154252466907">
				<ele>583.2945324741304</ele>
				<time>2025-11-15T17:56:03Z</time>
			</trkpt>
			<trkpt lat="35.400302826388106" lon="-83.59152695270313">
				<ele>583.5702541070059</ele>
				<time>2025-11-15T17:56:04Z</time>
			</trkpt>
			<trkpt lat="35.40032031499494" lon="-83.59150648717016">
				<ele>584.0200784048066</ele>
				<time>2025-11-15T17:56:05Z</time>
			</trkpt>
			<trkpt lat="35.40033867256905" lon="-83.59148110750867">
				<ele>584.4506654869765</ele>
				<time>2025-11-15T17:56:06Z</time>
			</trkpt>
			<trkpt lat="35.40037054986277" lon="-83.59144116326024">
				<ele>585.3751769568771</ele>
				<time>2025-11-15T17:56:07Z</time>
			</trkpt>
			<trkpt lat="35.40039517176229" lon="-83.59141160355091">
				<ele>585.4890714874491</ele>
				<time>2025-11-15T17:56:08Z</time>
			</trkpt>
			<trkpt lat="35.40041728143653" lon="-83.59138505981242">
				<ele>585.3384687071666</ele>
				<time>2025-11-15T17:56:09Z</time>
			</trkpt>
			<trkpt lat="35.40044000338663" lon="-83.59135778106257">
				<ele>584.6533349277452</ele>
				<time>2025-11-15T17:56:10Z</time>
			</trkpt>
			<trkpt lat="35.400462815819296" lon="-83.59133039364217">
				<ele>583.7959353039041</ele>
				<time>2025-11-15T17:56:11Z</time>
			</trkpt>
			<trkpt lat="35.40048263555417" lon="-83.59129116446474">
				<ele>584.3054945208132</ele>
				<time>2025-11-15T17:56:12Z</time>
			</trkpt>
			<trkpt lat="35.40050652199749" lon="-83.5912624876878">
				<ele>584.5108062112704</ele>
				<time>2025-11-15T17:56:13Z</time>
			</trkpt>
			<trkpt lat="35.400533323460046" lon="-83.59123031123285">
				<ele>585.5291579579934</ele>
				<time>2025-11-15T17:56:14Z</time>
			</trkpt>
			<trkpt lat="35.40056368107125" lon="-83.59119386548534">
				<ele>586.3315667929128</ele>
				<time>2025-11-15T17:56:15Z</time>
			</trkpt>
			<trkpt lat="35.40058483148329" lon="-83.59117134650525">
				<ele>587.0250098071992</ele>
				<time>2025-11-15T17:56:16Z</time>
			</trkpt>
			<trkpt lat="35.400623140333785" lon="-83.59116143079532">
				<ele>587.768711829558</ele>
				<time>2025-11-15T17:56:17Z</time>
			</trkpt>
			<trkpt lat="35.40065510424428" lon="-83.59112525260905">
				<ele>587.5225327117369</ele>
				<time>2025-11-15T17:56:18Z</time>
			</trkpt>
			<trkpt lat="35.40067812783267" lon="-83.59108296922234">
				<ele>587.1936778677627</ele>
				<time>2025-11-15T17:56:19Z</time>
			</trkpt>
			<trkpt lat="35.400679137098955" lon="-83.59103059263259">
				<ele>588.2852725079283</ele>
				<time>2025-11-15T17:56:20Z</time>
			</trkpt>
			<trkpt lat="35.40069484635643" lon="-83.5909868701393">
				<ele>587.6597764566541</ele>
				<time>2025-11-15T17:56:21Z</time>
			</trkpt>
			<trkpt lat="35.40072242970761" lon="-83.59096133796321">
				<ele>588.5270226569846</ele>
				<time>2025-11-15T17:56:22Z</time>
			</trkpt>
			<trkpt lat="35.400739339088595" lon="-83.59092532635347">
				<ele>588.4445595154539</ele>
				<time>2025-11-15T17:56:23Z</time>
			</trkpt>
			<trkpt lat="35.400771999653514" lon="-83.59089067764017">
				<ele>587.2537238923833</ele>
				<time>2025-11-15T17:56:24Z</time>
			</trkpt>
			<trkpt lat="35.40082442047799" lon="-83.59085170808332">
				<ele>586.9378411155194</ele>
				<time>2025-11-15T17:56:25Z</time>
			</trkpt>
			<trkpt lat="35.40086190467294" lon="-83.59080598174874">
				<ele>586.0417797742411</ele>
				<time>2025-11-15T17:56:26Z</time>
			</trkpt>
			<trkpt lat="35.40089569595619" lon="-83.59076175075636">
				<ele>585.4410747494549</ele>
				<time>2025-11-15T17:56:27Z</time>
			</trkpt>
			<trkpt lat="35.40091846103557" lon="-83.59072066639663">
				<ele>585.0134035032243</ele>
				<time>2025-11-15T17:56:28Z</time>
			</trkpt>
			<trkpt lat="35.400944029624966" lon="-83.59067985566585">
				<ele>583.6554709095508</ele>
				<time>2025-11-15T17:56:29Z</time>
			</trkpt>
			<trkpt lat="35.40096512499476" lon="-83.59065072835944">
				<ele>582.8414657292888</ele>
				<time>2025-11-15T17:56:30Z</time>
			</trkpt>
			<trkpt lat="35.400992397399015" lon="-83.59062762012924">
				<ele>582.7689527263865</ele>
				<time>2025-11-15T17:56:31Z</time>
			</trkpt>
			<trkpt lat="35.401027506140856" lon="-83.59059567653092">
				<ele>582.6653569377959</ele>
				<time>2025-11-15T17:56:32Z</time>
			</trkpt>
			<trkpt lat="35.40106962674739" lon="-83.59055753137152">
				<ele>583.0067547857761</ele>
				<time>2025-11-15T17:56:33Z</time>
			</trkpt>
			<trkpt lat="35.401104482467815" lon="-83.59052290619645">
				<ele>583.3674694765359</ele>
				<time>2025-11-15T17:56:34Z</time>
			</trkpt>
			<trkpt lat="35.401129412086476" lon="-83.59047990757037">
				<ele>583.3913238029927</ele>
				<time>2025-11-15T17:56:35Z</time>
			</trkpt>
			<trkpt lat="35.40116409493016" lon="-83.59041794061238">
				<ele>585.2016190253198</ele>
				<time>2025-11-15T17:56:36Z</time>
			</trkpt>
			<trkpt lat="35.40120258741353" lon="-83.59035878959915">
				<ele>586.1928863245994</ele>
				<time>2025-11-15T17:56:37Z</time>
			</trkpt>
			<trkpt lat="35.401232361011104" lon="-83.59030128736332">
				<ele>584.3876013373956</ele>
				<time>2025-11-15T17:56:38Z</time>
			</trkpt>
			<trkpt lat="35.40124414355768" lon="-83.59025727045571">
				<ele>584.7069983128458</ele>
				<time>2025-11-15T17:56:39Z</time>
			</trkpt>
			<trkpt lat="35.40126217027535" lon="-83.59023003305748">
				<ele>583.9101110957563</ele>
				<time>2025-11-15T17:56:40Z</time>
			</trkpt>
			<trkpt lat="35.40129148375186" lon="-83.59020395090025">
				<ele>583.0956630837172</ele>
				<time>2025-11-15T17:56:41Z</time>
			</trkpt>
			<trkpt lat="35.40131541376864" lon="-83.59017392705262">
				<ele>582.7749646035954</ele>
				<time>2025-11-15T17:56:42Z</time>
			</trkpt>
			<trkpt lat="35.40134377177301" lon="-83.59013956192406">
				<ele>581.6032603876665</ele>
				<time>2025-11-15T17:56:43Z</time>
			</trkpt>
			<trkpt lat="35.40137718075119" lon="-83.59009499211193">
				<ele>581.0716396169737</ele>
				<time>2025-11-15T17:56:44Z</time>
			</trkpt>
			<trkpt lat="35.40141362173385" lon="-83.59006714369352">
				<ele>579.4762861290947</ele>
				<time>2025-11-15T17:56:45Z</time>
			</trkpt>
			<trkpt lat="35.40144670712673" lon="-83.59003845155326">
				<ele>579.8440264584497</ele>
				<time>2025-11-15T17:56:46Z</time>
			</trkpt>
			<trkpt lat="35.40148001726407" lon="-83.59000235571561">
				<ele>578.7514197248966</ele>
				<time>2025-11-15T17:56:47Z</time>
			</trkpt>
			<trkpt lat="35.401511319419676" lon="-83.58998175295478">
				<ele>579.5566459735855</ele>
				<time>2025-11-15T17:56:48Z</time>
			</trkpt>
			<trkpt lat="35.40154636849891" lon="-83.58994801052978">
				<ele>579.4556215284392</ele>
				<time>2025-11-15T17:56:49Z</time>
			</trkpt>
			<trkpt lat="35.401567833700724" lon="-83.58992040344764">
				<ele>579.2174936980009</ele>
				<time>2025-11-15T17:56:50Z</time>
			</trkpt>
			<trkpt lat="35.40157793978721" lon="-83.58989505643956">
				<ele>579.2959717055783</ele>
				<time>2025-11-15T17:56:51Z</time>
			</trkpt>
			<trkpt lat="35.40172224527689" lon="-83.58969745385254">
				<ele>575.2900857646018</ele>
				<time>2025-11-15T17:56:52Z</time>
			</trkpt>
			<trkpt lat="35.401752682310054" lon="-83.58963137257292">
				<ele>576.0603342233226</ele>
				<time>2025-11-15T17:56:53Z</time>
			</trkpt>
			<trkpt lat="35.40178707475277" lon="-83.5895836400595">
				<ele>576.7755079893395</ele>
				<time>2025-11-15T17:56:54Z</time>
			</trkpt>
			<trkpt lat="35.401820073707945" lon="-83.58953448237213">
				<ele>577.4320892496035</ele>
				<time>2025-11-15T17:56:55Z</time>
			</trkpt>
			<trkpt lat="35.4018511460663" lon="-83.58948565784">
				<ele>577.9196422006935</ele>
				<time>2025-11-15T17:56:56Z</time>
			</trkpt>
			<trkpt lat="35.401889225001035" lon="-83.58943912854998">
				<ele>577.4281177334487</ele>
				<time>2025-11-15T17:56:57Z</time>
			</trkpt>
			<trkpt lat="35.401927232298256" lon="-83.58937796372877">
				<ele>577.6412878688425</ele>
				<time>2025-11-15T17:56:58Z</time>
			</trkpt>
			<trkpt lat="35.40194537365143" lon="-83.58931527257981">
				<ele>576.4244801383466</ele>
				<time>2025-11-15T17:56:59Z</time>
			</trkpt>
			<trkpt lat="35.40198868908425" lon="-83.58923510421658">
				<ele>576.9362794831395</ele>
				<time>2025-11-15T17:57:00Z</time>
			</trkpt>
			<trkpt lat="35.40201773055079" lon="-83.5891782746507">
				<ele>575.7264742394909</ele>
				<time>2025-11-15T17:57:01Z</time>
			</trkpt>
			<trkpt lat="35.4020489438845" lon="-83.58913321695333">
				<ele>574.6628137128428</ele>
				<time>2025-11-15T17:57:02Z</time>
			</trkpt>
			<trkpt lat="35.40208189672937" lon="-83.5890744621427">
				<ele>573.5585341062397</ele>
				<time>2025-11-15T17:57:03Z</time>
			</trkpt>
			<trkpt lat="35.4021178723584" lon="-83.5890144396205">
				<ele>572.6970286052674</ele>
				<time>2025-11-15T17:57:04Z</time>
			</trkpt>
			<trkpt lat="35.40214282661771" lon="-83.58896771850543">
				<ele>571.4128720881417</ele>
				<time>2025-11-15T17:57:05Z</time>
			</trkpt>
			<trkpt lat="35.40217011734643" lon="-83.58891482727805">
				<ele>570.4351761704311</ele>
				<time>2025-11-15T17:57:06Z</time>
			</trkpt>
			<trkpt lat="35.402190277939866" lon="-83.58886510802803">
				<ele>568.7020561359823</ele>
				<time>2025-11-15T17:57:07Z</time>
			</trkpt>
			<trkpt lat="35.40221064824214" lon="-83.5888137656226">
				<ele>567.2788215912879</ele>
				<time>2025-11-15T17:57:08Z</time>
			</trkpt>
			<trkpt lat="35.40222698167429" lon="-83.58877026105525">
				<ele>567.4127351986244</ele>
				<time>2025-11-15T17:57:09Z</time>
			</trkpt>
			<trkpt lat="35.40224544038255" lon="-83.58872647232927">
				<ele>567.5363033758476</ele>
				<time>2025-11-15T17:57:10Z</time>
			</trkpt>
			<trkpt lat="35.40226990184526" lon="-83.58869490071437">
				<ele>566.9138128561899</ele>
				<time>2025-11-15T17:57:11Z</time>
			</trkpt>
			<trkpt lat="35.40230289925059" lon="-83.58866081180696">
				<ele>565.8646607790142</ele>
				<time>2025-11-15T17:57:12Z</time>
			</trkpt>
			<trkpt lat="35.40232493529032" lon="-83.58863068844437">
				<ele>566.460228166543</ele>
				<time>2025-11-15T17:57:13Z</time>
			</trkpt>
			<trkpt lat="35.40233970582342" lon="-83.58867577797663">
				<ele>569.374881785363</ele>
				<time>2025-11-15T17:57:14Z</time>
			</trkpt>
			<trkpt lat="35.402383996521294" lon="-83.58863744919474">
				<ele>569.7351437415928</ele>
				<time>2025-11-15T17:57:15Z</time>
			</trkpt>
			<trkpt lat="35.402412265007435" lon="-83.5886150948697">
				<ele>568.8131363326684</ele>
				<time>2025-11-15T17:57:16Z</time>
			</trkpt>
			<trkpt lat="35.402430887441305" lon="-83.58857632037157">
				<ele>567.1543895965442</ele>
				<time>2025-11-15T17:57:17Z</time>
			</trkpt>
			<trkpt lat="35.40245982440488" lon="-83.58854599523245">
				<ele>566.5641474742442</ele>
				<time>2025-11-15T17:57:18Z</time>
			</trkpt>
			<trkpt lat="35.40247874665159" lon="-83.58852126168242">
				<ele>566.1636247402057</ele>
				<time>2025-11-15T17:57:19Z</time>
			</trkpt>
			<trkpt lat="35.40251137078804" lon="-83.58849095169028">
				<ele>565.1703351028264</ele>
				<time>2025-11-15T17:57:20Z</time>
			</trkpt>
			<trkpt lat="35.402537785176804" lon="-83.58846689911178">
				<ele>565.101538293995</ele>
				<time>2025-11-15T17:57:21Z</time>
			</trkpt>
			<trkpt lat="35.402560191366035" lon="-83.5884427518221">
				<ele>565.0171259520575</ele>
				<time>2025-11-15T17:57:22Z</time>
			</trkpt>
			<trkpt lat="35.402585284675226" lon="-83.58841630360979">
				<ele>564.2538991887122</ele>
				<time>2025-11-15T17:57:23Z</time>
			</trkpt>
			<trkpt lat="35.40260685348413" lon="-83.58839806118175">
				<ele>563.1126872636378</ele>
				<time>2025-11-15T17:57:24Z</time>
			</trkpt>
			<trkpt lat="35.40263927293628" lon="-83.58837164448114">
				<ele>563.7345191277564</ele>
				<time>2025-11-15T17:57:25Z</time>
			</trkpt>
			<trkpt lat="35.402668522473576" lon="-83.58835119646646">
				<ele>564.2792985634878</ele>
				<time>2025-11-15T17:57:26Z</time>
			</trkpt>
			<trkpt lat="35.40269378534404" lon="-83.58832474736408">
				<ele>563.539474493824</ele>
				<time>2025-11-15T17:57:27Z</time>
			</trkpt>
			<trkpt lat="35.4027177210515" lon="-83.58830906556592">
				<ele>563.5249656522647</ele>
				<time>2025-11-15T17:57:28Z</time>
			</trkpt>
			<trkpt lat="35.40274945705808" lon="-83.58830026046343">
				<ele>564.1068644663319</ele>
				<time>2025-11-15T17:57:29Z</time>
			</trkpt>
			<trkpt lat="35.402792207435986" lon="-83.58827244776542">
				<ele>563.7085642144084</ele>
				<time>2025-11-15T17:57:30Z</time>
			</trkpt>
			<trkpt lat="35.40283235730027" lon="-83.5882447674728">
				<ele>564.4122043857351</ele>
				<time>2025-11-15T17:57:31Z</time>
			</trkpt>
			<trkpt lat="35.402858245057814" lon="-83.58823732607866">
				<ele>565.0450946604833</ele>
				<time>2025-11-15T17:57:32Z</time>
			</trkpt>
			<trkpt lat="35.40289892131108" lon="-83.58822445811181">
				<ele>564.8907134663314</ele>
				<time>2025-11-15T17:57:33Z</time>
			</trkpt>
			<trkpt lat="35.402946009892105" lon="-83.58820399174395">
				<ele>564.5872583333403</ele>
				<time>2025-11-15T17:57:34Z</time>
			</trkpt>
			<trkpt lat="35.402968255473205" lon="-83.58817985857412">
				<ele>565.0476771881804</ele>
				<time>2025-11-15T17:57:35Z</time>
			</trkpt>
			<trkpt lat="35.40299649051357" lon="-83.58816275577429">
				<ele>564.9981633108109</ele>
				<time>2025-11-15T17:57:36Z</time>
			</trkpt>
			<trkpt lat="35.40302706464101" lon="-83.58816170955149">
				<ele>563.6386908832937</ele>
				<time>2025-11-15T17:57:37Z</time>
			</trkpt>
			<trkpt lat="35.403048834537245" lon="-83.58814750200074">
				<ele>563.1572021609172</ele>
				<time>2025-11-15T17:57:38Z</time>
			</trkpt>
			<trkpt lat="35.40307017675388" lon="-83.58813887342998">
				<ele>563.632047410123</ele>
				<time>2025-11-15T17:57:39Z</time>
			</trkpt>
			<trkpt lat="35.40310022289868" lon="-83.5881289062774">
				<ele>563.4284875234589</ele>
				<time>2025-11-15T17:57:40Z</time>
			</trkpt>
			<trkpt lat="35.403128666653686" lon="-83.58813160889724">
				<ele>563.681411026977</ele>
				<time>2025-11-15T17:57:41Z</time>
			</trkpt>
			<trkpt lat="35.403153938566255" lon="-83.58812444638082">
				<ele>563.8459442909807</ele>
				<time>2025-11-15T17:57:42Z</time>
			</trkpt>
			<trkpt lat="35.40317877670705" lon="-83.58811746046518">
				<ele>563.0743430927396</ele>
				<time>2025-11-15T17:57:43Z</time>
			</trkpt>
			<trkpt lat="35.40321164362546" lon="-83.58810489101538">
				<ele>562.5938709760085</ele>
				<time>2025-11-15T17:57:44Z</time>
			</trkpt>
			<trkpt lat="35.403240255445546" lon="-83.5880980110525">
				<ele>562.5194155452773</ele>
				<time>2025-11-15T17:57:45Z</time>
			</trkpt>
			<trkpt lat="35.40325776538173" lon="-83.58807425473668">
				<ele>564.1055420935154</ele>
				<time>2025-11-15T17:57:46Z</time>
			</trkpt>
			<trkpt lat="35.4033009955795" lon="-83.588063361856">
				<ele>561.5727252848446</ele>
				<time>2025-11-15T17:57:47Z</time>
			</trkpt>
			<trkpt lat="35.403331044150995" lon="-83.5880504579505">
				<ele>562.4509602682665</ele>
				<time>2025-11-15T17:57:48Z</time>
			</trkpt>
			<trkpt lat="35.4033577094341" lon="-83.58803610653294">
				<ele>562.1482740221545</ele>
				<time>2025-11-15T17:57:49Z</time>
			</trkpt>
			<trkpt lat="35.403389192614334" lon="-83.58803418090083">
				<ele>562.012253658846</ele>
				<time>2025-11-15T17:57:50Z</time>
			</trkpt>
			<trkpt lat="35.40341438215187" lon="-83.5880322315085">
				<ele>561.0443512648344</ele>
				<time>2025-11-15T17:57:51Z</time>
			</trkpt>
			<trkpt lat="35.40344903305705" lon="-83.58802919395212">
				<ele>561.2738508265465</ele>
				<time>2025-11-15T17:57:52Z</time>
			</trkpt>
			<trkpt lat="35.4034879958089" lon="-83.5880080951765">
				<ele>562.3247725041583</ele>
				<time>2025-11-15T17:57:54Z</time>
			</trkpt>
			<trkpt lat="35.40351053832849" lon="-83.58800612531108">
				<ele>563.3952682483941</ele>
				<time>2025-11-15T17:57:55Z</time>
			</trkpt>
			<trkpt lat="35.40353935089341" lon="-83.58800123885219">
				<ele>563.751345353201</ele>
				<time>2025-11-15T17:57:56Z</time>
			</trkpt>
			<trkpt lat="35.40356062010404" lon="-83.58799334802626">
				<ele>564.467183872126</ele>
				<time>2025-11-15T17:57:57Z</time>
			</trkpt>
			<trkpt lat="35.40359258345864" lon="-83.58798980186221">
				<ele>563.9943368192762</ele>
				<time>2025-11-15T17:57:58Z</time>
			</trkpt>
			<trkpt lat="35.40361460322115" lon="-83.58798936764279">
				<ele>563.6300745587796</ele>
				<time>2025-11-15T17:57:59Z</time>
			</trkpt>
			<trkpt lat="35.403642642787695" lon="-83.5879850309837">
				<ele>563.2061055246741</ele>
				<time>2025-11-15T17:58:00Z</time>
			</trkpt>
			<trkpt lat="35.40366711792125" lon="-83.58798293100367">
				<ele>560.9346985835582</ele>
				<time>2025-11-15T17:58:01Z</time>
			</trkpt>
			<trkpt lat="35.40369476947383" lon="-83.58797524442032">
				<ele>559.4999173097312</ele>
				<time>2025-11-15T17:58:02Z</time>
			</trkpt>
			<trkpt lat="35.40371901383151" lon="-83.58796929149737">
				<ele>562.4186576213688</ele>
				<time>2025-11-15T17:58:03Z</time>
			</trkpt>
			<trkpt lat="35.40375488860225" lon="-83.58796395353309">
				<ele>562.338370360434</ele>
				<time>2025-11-15T17:58:04Z</time>
			</trkpt>
			<trkpt lat="35.403781967388085" lon="-83.58797386742228">
				<ele>563.0142251728103</ele>
				<time>2025-11-15T17:58:05Z</time>
			</trkpt>
			<trkpt lat="35.403807498526085" lon="-83.58797997405614">
				<ele>561.3754865163937</ele>
				<time>2025-11-15T17:58:06Z</time>
			</trkpt>
			<trkpt lat="35.403838440141705" lon="-83.58800086936726">
				<ele>561.6256207078695</ele>
				<time>2025-11-15T17:58:07Z</time>
			</trkpt>
			<trkpt lat="35.40386095687952" lon="-83.58799883518896">
				<ele>562.6906361896545</ele>
				<time>2025-11-15T17:58:08Z</time>
			</trkpt>
			<trkpt lat="35.40388804702653" lon="-83.58799399084998">
				<ele>561.618394321762</ele>
				<time>2025-11-15T17:58:09Z</time>
			</trkpt>
			<trkpt lat="35.40392135111775" lon="-83.58798561420917">
				<ele>561.683826287277</ele>
				<time>2025-11-15T17:58:10Z</time>
			</trkpt>
			<trkpt lat="35.40394816370759" lon="-83.58797903316467">
				<ele>561.6762539735064</ele>
				<time>2025-11-15T17:58:11Z</time>
			</trkpt>
			<trkpt lat="35.40398101299095" lon="-83.5879733605023">
				<ele>562.5774397272617</ele>
				<time>2025-11-15T17:58:12Z</time>
			</trkpt>
			<trkpt lat="35.40401527494028" lon="-83.5879689644299">
				<ele>562.5763461850584</ele>
				<time>2025-11-15T17:58:13Z</time>
			</trkpt>
			<trkpt lat="35.4040410199546" lon="-83.58796952193518">
				<ele>563.674746338278</ele>
				<time>2025-11-15T17:58:14Z</time>
			</trkpt>
			<trkpt lat="35.404078853526464" lon="-83.58796728601146">
				<ele>563.8071561055258</ele>
				<time>2025-11-15T17:58:15Z</time>
			</trkpt>
			<trkpt lat="35.40410218790694" lon="-83.58796557888256">
				<ele>565.6307034725323</ele>
				<time>2025-11-15T17:58:16Z</time>
			</trkpt>
			<trkpt lat="35.40413718524501" lon="-83.58796899991295">
				<ele>565.5038239629939</ele>
				<time>2025-11-15T17:58:17Z</time>
			</trkpt>
			<trkpt lat="35.40418050003451" lon="-83.58798191125959">
				<ele>565.0835827551782</ele>
				<time>2025-11-15T17:58:18Z</time>
			</trkpt>
			<trkpt lat="35.40422451076004" lon="-83.58800530255938">
				<ele>563.7735143890604</ele>
				<time>2025-11-15T17:58:19Z</time>
			</trkpt>
			<trkpt lat="35.404260045361745" lon="-83.58801741392283">
				<ele>563.3557751951739</ele>
				<time>2025-11-15T17:58:20Z</time>
			</trkpt>
			<trkpt lat="35.40427929376058" lon="-83.58803239675717">
				<ele>563.1992893135175</ele>
				<time>2025-11-15T17:58:21Z</time>
			</trkpt>
			<trkpt lat="35.4042950044749" lon="-83.58804526047463">
				<ele>562.6545113474131</ele>
				<time>2025-11-15T17:58:22Z</time>
			</trkpt>
			<trkpt lat="35.404317491823825" lon="-83.58806598410177">
				<ele>563.5437219627202</ele>
				<time>2025-11-15T17:58:24Z</time>
			</trkpt>
			<trkpt lat="35.40434407201286" lon="-83.58804905294008">
				<ele>563.880354180932</ele>
				<time>2025-11-15T17:58:26Z</time>
			</trkpt>
			<trkpt lat="35.40438564819786" lon="-83.58804375794726">
				<ele>564.1850133948028</ele>
				<time>2025-11-15T17:58:27Z</time>
			</trkpt>
			<trkpt lat="35.40445524495909" lon="-83.58781607217647">
				<ele>563.3804946681485</ele>
				<time>2025-11-15T17:58:28Z</time>
			</trkpt>
			<trkpt lat="35.4044952580122" lon="-83.58776546451747">
				<ele>564.014764720574</ele>
				<time>2025-11-15T17:58:29Z</time>
			</trkpt>
			<trkpt lat="35.40452795163674" lon="-83.58773014941214">
				<ele>564.2586847227067</ele>
				<time>2025-11-15T17:58:30Z</time>
			</trkpt>
			<trkpt lat="35.40456624638285" lon="-83.58769513882669">
				<ele>564.4935914529487</ele>
				<time>2025-11-15T17:58:31Z</time>
			</trkpt>
			<trkpt lat="35.40461688247425" lon="-83.58766466055361">
				<ele>564.0961521361023</ele>
				<time>2025-11-15T17:58:32Z</time>
			</trkpt>
			<trkpt lat="35.404653555427934" lon="-83.58763091278347">
				<ele>564.7461816398427</ele>
				<time>2025-11-15T17:58:33Z</time>
			</trkpt>
			<trkpt lat="35.404686643095566" lon="-83.58758588336075">
				<ele>564.5033185752109</ele>
				<time>2025-11-15T17:58:34Z</time>
			</trkpt>
			<trkpt lat="35.40472640817097" lon="-83.58755666288977">
				<ele>565.3579387394711</ele>
				<time>2025-11-15T17:58:35Z</time>
			</trkpt>
			<trkpt lat="35.40476364797115" lon="-83.58752250479291">
				<ele>565.283998163417</ele>
				<time>2025-11-15T17:58:36Z</time>
			</trkpt>
			<trkpt lat="35.40481479731274" lon="-83.58748707912974">
				<ele>565.0260914955288</ele>
				<time>2025-11-15T17:58:37Z</time>
			</trkpt>
			<trkpt lat="35.40487332940162" lon="-83.58742994354085">
				<ele>562.6865120921284</ele>
				<time>2025-11-15T17:58:38Z</time>
			</trkpt>
			<trkpt lat="35.404942175324976" lon="-83.58737112333233">
				<ele>561.5387157043442</ele>
				<time>2025-11-15T17:58:39Z</time>
			</trkpt>
			<trkpt lat="35.40499773700227" lon="-83.58736650379042">
				<ele>560.1832737606019</ele>
				<time>2025-11-15T17:58:40Z</time>
			</trkpt>
			<trkpt lat="35.40505280025958" lon="-83.58732618807561">
				<ele>559.6946280542761</ele>
				<time>2025-11-15T17:58:41Z</time>
			</trkpt>
			<trkpt lat="35.40510849567309" lon="-83.58729116165921">
				<ele>560.9665045198053</ele>
				<time>2025-11-15T17:58:42Z</time>
			</trkpt>
			<trkpt lat="35.40514497821576" lon="-83.5872660134533">
				<ele>561.7298996439204</ele>
				<time>2025-11-15T17:58:43Z</time>
			</trkpt>
			<trkpt lat="35.4051825913844" lon="-83.58723551656576">
				<ele>561.5102199399844</ele>
				<time>2025-11-15T17:58:44Z</time>
			</trkpt>
			<trkpt lat="35.40522434079375" lon="-83.58720611277774">
				<ele>561.4390300754458</ele>
				<time>2025-11-15T17:58:45Z</time>
			</trkpt>
			<trkpt lat="35.40525767324949" lon="-83.58717763356994">
				<ele>558.6414942741394</ele>
				<time>2025-11-15T17:58:46Z</time>
			</trkpt>
			<trkpt lat="35.40527536418626" lon="-83.58715061870997">
				<ele>559.9366648644209</ele>
				<time>2025-11-15T17:58:47Z</time>
			</trkpt>
			<trkpt lat="35.40529734766154" lon="-83.58713159862957">
				<ele>558.0727192768827</ele>
				<time>2025-11-15T17:58:50Z</time>
			</trkpt>
			<trkpt lat="35.40532106226761" lon="-83.58712099810992">
				<ele>556.5901640225202</ele>
				<time>2025-11-15T17:58:52Z</time>
			</trkpt>
			<trkpt lat="35.40534626437632" lon="-83.58710450563983">
				<ele>556.2021885989234</ele>
				<time>2025-11-15T17:58:54Z</time>
			</trkpt>
			<trkpt lat="35.40536293859209" lon="-83.58709069207839">
				<ele>553.3633237844333</ele>
				<time>2025-11-15T17:58:55Z</time>
			</trkpt>
			<trkpt lat="35.40538220702274" lon="-83.58707470705316">
				<ele>554.6540295640007</ele>
				<time>2025-11-15T17:58:58Z</time>
			</trkpt>
			<trkpt lat="35.40540909717996" lon="-83.58706327987159">
				<ele>555.6977183530107</ele>
				<time>2025-11-15T17:59:03Z</time>
			</trkpt>
			<trkpt lat="35.40542736485333" lon="-83.58703724426907">
				<ele>556.2065548365936</ele>
				<time>2025-11-15T17:59:05Z</time>
			</trkpt>
			<trkpt lat="35.40544575376872" lon="-83.58702198888881">
				<ele>556.0846072752029</ele>
				<time>2025-11-15T17:59:06Z</time>
			</trkpt>
			<trkpt lat="35.40546104936833" lon="-83.58700929971857">
				<ele>556.3042574347928</ele>
				<time>2025-11-15T17:59:07Z</time>
			</trkpt>
			<trkpt lat="35.405476374377" lon="-83.58699658632419">
				<ele>555.193345149979</ele>
				<time>2025-11-15T17:59:08Z</time>
			</trkpt>
			<trkpt lat="35.4055120519018" lon="-83.58701925809245">
				<ele>554.656620121561</ele>
				<time>2025-11-15T17:59:09Z</time>
			</trkpt>
			<trkpt lat="35.405533668151925" lon="-83.58699853982687">
				<ele>554.067260847427</ele>
				<time>2025-11-15T17:59:10Z</time>
			</trkpt>
			<trkpt lat="35.40555652602449" lon="-83.58697767588178">
				<ele>554.5161323426291</ele>
				<time>2025-11-15T17:59:11Z</time>
			</trkpt>
			<trkpt lat="35.405579207210245" lon="-83.58695709262011">
				<ele>553.951805354096</ele>
				<time>2025-11-15T17:59:12Z</time>
			</trkpt>
			<trkpt lat="35.40560200015192" lon="-83.58693123220237">
				<ele>553.8565610749647</ele>
				<time>2025-11-15T17:59:13Z</time>
			</trkpt>
			<trkpt lat="35.40564411822" lon="-83.58693688026653">
				<ele>551.9253019019961</ele>
				<time>2025-11-15T17:59:15Z</time>
			</trkpt>
			<trkpt lat="35.40567148423955" lon="-83.58693924832937">
				<ele>553.4249171242118</ele>
				<time>2025-11-15T17:59:16Z</time>
			</trkpt>
			<trkpt lat="35.40568972571547" lon="-83.58695190281144">
				<ele>551.7362823113799</ele>
				<time>2025-11-15T17:59:17Z</time>
			</trkpt>
			<trkpt lat="35.40571909831266" lon="-83.5869627311023">
				<ele>552.579190579243</ele>
				<time>2025-11-15T17:59:18Z</time>
			</trkpt>
			<trkpt lat="35.40574784509241" lon="-83.58698048675151">
				<ele>551.4922329420224</ele>
				<time>2025-11-15T17:59:19Z</time>
			</trkpt>
			<trkpt lat="35.40580080256406" lon="-83.58709059076489">
				<ele>553.4102625632659</ele>
				<time>2025-11-15T17:59:20Z</time>
			</trkpt>
			<trkpt lat="35.405829596148685" lon="-83.5870899902588">
				<ele>552.8825901187956</ele>
				<time>2025-11-15T17:59:21Z</time>
			</trkpt>
			<trkpt lat="35.40584770713686" lon="-83.58709106741854">
				<ele>552.9146241890267</ele>
				<time>2025-11-15T17:59:22Z</time>
			</trkpt>
			<trkpt lat="35.405859244692984" lon="-83.58711345152447">
				<ele>553.1511420337483</ele>
				<time>2025-11-15T17:59:23Z</time>
			</trkpt>
			<trkpt lat="35.40587281482946" lon="-83.58713063344588">
				<ele>553.0029904963449</ele>
				<time>2025-11-15T17:59:24Z</time>
			</trkpt>
			<trkpt lat="35.405886531630436" lon="-83.58715036099045">
				<ele>551.5914932554588</ele>
				<time>2025-11-15T17:59:25Z</time>
			</trkpt>
			<trkpt lat="35.4059019932328" lon="-83.58717226937173">
				<ele>550.7641010992229</ele>
				<time>2025-11-15T17:59:26Z</time>
			</trkpt>
			<trkpt lat="35.40591873579487" lon="-83.587195759769">
				<ele>551.1961501277983</ele>
				<time>2025-11-15T17:59:27Z</time>
			</trkpt>
			<trkpt lat="35.40593526377658" lon="-83.58723053174127">
				<ele>553.0018072174862</ele>
				<time>2025-11-15T17:59:29Z</time>
			</trkpt>
			<trkpt lat="35.405945517383856" lon="-83.58726788965981">
				<ele>553.690760971047</ele>
				<time>2025-11-15T17:59:31Z</time>
			</trkpt>
			<trkpt lat="35.40597331852246" lon="-83.58730387638168">
				<ele>553.6710523786023</ele>
				<time>2025-11-15T17:59:33Z</time>
			</trkpt>
			<trkpt lat="35.405985748594766" lon="-83.58732142589864">
				<ele>554.569207271561</ele>
				<time>2025-11-15T17:59:34Z</time>
			</trkpt>
			<trkpt lat="35.40599959982035" lon="-83.58734078813598">
				<ele>552.961656531319</ele>
				<time>2025-11-15T17:59:35Z</time>
			</trkpt>
			<trkpt lat="35.406018045053806" lon="-83.58735058376959">
				<ele>552.8876866977662</ele>
				<time>2025-11-15T17:59:36Z</time>
			</trkpt>
			<trkpt lat="35.40604308552108" lon="-83.58736592663877">
				<ele>553.5374271972105</ele>
				<time>2025-11-15T17:59:37Z</time>
			</trkpt>
			<trkpt lat="35.406052664757226" lon="-83.58739347457998">
				<ele>552.7642146190628</ele>
				<time>2025-11-15T17:59:38Z</time>
			</trkpt>
			<trkpt lat="35.40605994452121" lon="-83.58741804918212">
				<ele>553.3881958518177</ele>
				<time>2025-11-15T17:59:39Z</time>
			</trkpt>
			<trkpt lat="35.40607502598196" lon="-83.58743654395363">
				<ele>552.8772515896708</ele>
				<time>2025-11-15T17:59:40Z</time>
			</trkpt>
			<trkpt lat="35.40609714038289" lon="-83.58746015769925">
				<ele>553.3398362062871</ele>
				<time>2025-11-15T17:59:41Z</time>
			</trkpt>
			<trkpt lat="35.40611483408542" lon="-83.58747809607898">
				<ele>553.9396730083972</ele>
				<time>2025-11-15T17:59:42Z</time>
			</trkpt>
			<trkpt lat="35.40612966825015" lon="-83.5874931353453">
				<ele>554.6999615682289</ele>
				<time>2025-11-15T17:59:43Z</time>
			</trkpt>
			<trkpt lat="35.40614388978903" lon="-83.58750755357919">
				<ele>555.2083931947127</ele>
				<time>2025-11-15T17:59:44Z</time>
			</trkpt>
			<trkpt lat="35.406159788061416" lon="-83.58752367172991">
				<ele>554.3219370404258</ele>
				<time>2025-11-15T17:59:45Z</time>
			</trkpt>
			<trkpt lat="35.406177054869886" lon="-83.58754105751231">
				<ele>554.4698460968211</ele>
				<time>2025-11-15T17:59:46Z</time>
			</trkpt>
			<trkpt lat="35.40620569704706" lon="-83.58756878327044">
				<ele>554.1291784718633</ele>
				<time>2025-11-15T17:59:48Z</time>
			</trkpt>
			<trkpt lat="35.406221406232376" lon="-83.58758398989335">
				<ele>554.7378224655986</ele>
				<time>2025-11-15T17:59:49Z</time>
			</trkpt>
			<trkpt lat="35.406237496249496" lon="-83.58759956511078">
				<ele>553.4305845927447</ele>
				<time>2025-11-15T17:59:50Z</time>
			</trkpt>
			<trkpt lat="35.40625372689528" lon="-83.58761527654633">
				<ele>554.6788036078215</ele>
				<time>2025-11-15T17:59:51Z</time>
			</trkpt>
			<trkpt lat="35.4062743072728" lon="-83.58763519841638">
				<ele>553.7805272974074</ele>
				<time>2025-11-15T17:59:52Z</time>
			</trkpt>
			<trkpt lat="35.40629817250314" lon="-83.58766110665489">
				<ele>554.1382303787395</ele>
				<time>2025-11-15T17:59:54Z</time>
			</trkpt>
			<trkpt lat="35.406314225015" lon="-83.58767981579422">
				<ele>553.8008016915992</ele>
				<time>2025-11-15T17:59:55Z</time>
			</trkpt>
			<trkpt lat="35.40632998801906" lon="-83.5876981874843">
				<ele>555.1412442661822</ele>
				<time>2025-11-15T17:59:56Z</time>
			</trkpt>
			<trkpt lat="35.40634609651517" lon="-83.5877169620075">
				<ele>554.7450825721025</ele>
				<time>2025-11-15T17:59:57Z</time>
			</trkpt>
			<trkpt lat="35.406364091025495" lon="-83.58773793421605">
				<ele>554.2463166052476</ele>
				<time>2025-11-15T17:59:58Z</time>
			</trkpt>
			<trkpt lat="35.406381711478986" lon="-83.58777061467275">
				<ele>555.0725512197241</ele>
				<time>2025-11-15T18:00:00Z</time>
			</trkpt>
			<trkpt lat="35.40639263868953" lon="-83.58779449267958">
				<ele>553.6843682220206</ele>
				<time>2025-11-15T18:00:01Z</time>
			</trkpt>
			<trkpt lat="35.40640312897509" lon="-83.58781741583923">
				<ele>555.2913106903434</ele>
				<time>2025-11-15T18:00:02Z</time>
			</trkpt>
			<trkpt lat="35.40641465015599" lon="-83.58785133602929">
				<ele>554.6883488893509</ele>
				<time>2025-11-15T18:00:04Z</time>
			</trkpt>
			<trkpt lat="35.406420572985716" lon="-83.58787810719475">
				<ele>553.810725627467</ele>
				<time>2025-11-15T18:00:05Z</time>
			</trkpt>
			<trkpt lat="35.40643499715666" lon="-83.58789910605073">
				<ele>554.9841859498993</ele>
				<time>2025-11-15T18:00:06Z</time>
			</trkpt>
			<trkpt lat="35.40644144686927" lon="-83.58794625151462">
				<ele>554.0688244765624</ele>
				<time>2025-11-15T18:00:07Z</time>
			</trkpt>
			<trkpt lat="35.40647706246236" lon="-83.58800307649781">
				<ele>555.4639115538448</ele>
				<time>2025-11-15T18:00:08Z</time>
			</trkpt>
			<trkpt lat="35.40652084353532" lon="-83.58804009107293">
				<ele>555.7593983123079</ele>
				<time>2025-11-15T18:00:10Z</time>
			</trkpt>
			<trkpt lat="35.40654137099129" lon="-83.58805292993134">
				<ele>557.3998463088647</ele>
				<time>2025-11-15T18:00:12Z</time>
			</trkpt>
			<trkpt lat="35.40656368790145" lon="-83.58806657391649">
				<ele>558.6819516941905</ele>
				<time>2025-11-15T18:00:14Z</time>
			</trkpt>
			<trkpt lat="35.406586787172195" lon="-83.58808003952836">
				<ele>557.4777299528942</ele>
				<time>2025-11-15T18:00:16Z</time>
			</trkpt>
			<trkpt lat="35.40661652810254" lon="-83.5880714449104">
				<ele>558.7446602536365</ele>
				<time>2025-11-15T18:00:18Z</time>
			</trkpt>
			<trkpt lat="35.406636697704414" lon="-83.5880701474153">
				<ele>557.3448495781049</ele>
				<time>2025-11-15T18:00:19Z</time>
			</trkpt>
			<trkpt lat="35.4066510682955" lon="-83.58809128420984">
				<ele>557.8967972490937</ele>
				<time>2025-11-15T18:00:20Z</time>
			</trkpt>
			<trkpt lat="35.40666568527271" lon="-83.58811291997348">
				<ele>556.4202552791685</ele>
				<time>2025-11-15T18:00:21Z</time>
			</trkpt>
			<trkpt lat="35.406677409979956" lon="-83.58813177426043">
				<ele>557.3526757853106</ele>
				<time>2025-11-15T18:00:22Z</time>
			</trkpt>
			<trkpt lat="35.40669921916809" lon="-83.58814412719072">
				<ele>556.6357641890645</ele>
				<time>2025-11-15T18:00:23Z</time>
			</trkpt>
			<trkpt lat="35.406723292545905" lon="-83.58814414062489">
				<ele>557.135563232936</ele>
				<time>2025-11-15T18:00:24Z</time>
			</trkpt>
			<trkpt lat="35.40674038103157" lon="-83.58816627004329">
				<ele>556.9169901218265</ele>
				<time>2025-11-15T18:00:25Z</time>
			</trkpt>
			<trkpt lat="35.40676213593433" lon="-83.58817797301792">
				<ele>557.195110982284</ele>
				<time>2025-11-15T18:00:26Z</time>
			</trkpt>
			<trkpt lat="35.40678040228551" lon="-83.58818779932658">
				<ele>557.5657701641321</ele>
				<time>2025-11-15T18:00:27Z</time>
			</trkpt>
			<trkpt lat="35.40681411609754" lon="-83.58820809958875">
				<ele>556.3983539817855</ele>
				<time>2025-11-15T18:00:29Z</time>
			</trkpt>
			<trkpt lat="35.40683464356035" lon="-83.58822108466805">
				<ele>556.7680871123448</ele>
				<time>2025-11-15T18:00:30Z</time>
			</trkpt>
			<trkpt lat="35.406855797323715" lon="-83.58823446593668">
				<ele>557.5953696640208</ele>
				<time>2025-11-15T18:00:31Z</time>
			</trkpt>
			<trkpt lat="35.40688517865668" lon="-83.58825474141037">
				<ele>557.4984596334398</ele>
				<time>2025-11-15T18:00:33Z</time>
			</trkpt>
			<trkpt lat="35.40691600248247" lon="-83.58827692473004">
				<ele>558.2642799392343</ele>
				<time>2025-11-15T18:00:35Z</time>
			</trkpt>
			<trkpt lat="35.40693604492431" lon="-83.58829677645056">
				<ele>560.0478271301836</ele>
				<time>2025-11-15T18:00:37Z</time>
			</trkpt>
			<trkpt lat="35.406952318377165" lon="-83.58831300334974">
				<ele>559.772479952313</ele>
				<time>2025-11-15T18:00:38Z</time>
			</trkpt>
			<trkpt lat="35.406969224140305" lon="-83.58834500213935">
				<ele>559.4367704978213</ele>
				<time>2025-11-15T18:00:40Z</time>
			</trkpt>
			<trkpt lat="35.40698370850558" lon="-83.58837209071307">
				<ele>558.6105702314526</ele>
				<time>2025-11-15T18:00:41Z</time>
			</trkpt>
			<trkpt lat="35.40699990295809" lon="-83.5884206254747">
				<ele>557.7128611402586</ele>
				<time>2025-11-15T18:00:43Z</time>
			</trkpt>
			<trkpt lat="35.40700852796004" lon="-83.58844786233635">
				<ele>557.3948862049729</ele>
				<time>2025-11-15T18:00:44Z</time>
			</trkpt>
			<trkpt lat="35.40701902486934" lon="-83.5884810105367">
				<ele>556.3169375434518</ele>
				<time>2025-11-15T18:00:45Z</time>
			</trkpt>
			<trkpt lat="35.40702633917801" lon="-83.58850894440674">
				<ele>555.7740064878017</ele>
				<time>2025-11-15T18:00:46Z</time>
			</trkpt>
			<trkpt lat="35.40703257344701" lon="-83.58853570614966">
				<ele>555.8108344832435</ele>
				<time>2025-11-15T18:00:47Z</time>
			</trkpt>
			<trkpt lat="35.40703882132333" lon="-83.58856252628297">
				<ele>555.8990402305499</ele>
				<time>2025-11-15T18:00:48Z</time>
			</trkpt>
			<trkpt lat="35.407045949864354" lon="-83.58859312684554">
				<ele>555.0915337521583</ele>
				<time>2025-11-15T18:00:49Z</time>
			</trkpt>
			<trkpt lat="35.40705253035916" lon="-83.58862137486788">
				<ele>554.6031824480742</ele>
				<time>2025-11-15T18:00:50Z</time>
			</trkpt>
			<trkpt lat="35.407057406726544" lon="-83.58864503895924">
				<ele>554.281862590462</ele>
				<time>2025-11-15T18:00:51Z</time>
			</trkpt>
			<trkpt lat="35.407062332780335" lon="-83.58867170296536">
				<ele>554.7192209484056</ele>
				<time>2025-11-15T18:00:52Z</time>
			</trkpt>
			<trkpt lat="35.407066780782614" lon="-83.58869577928195">
				<ele>555.6587042678148</ele>
				<time>2025-11-15T18:00:53Z</time>
			</trkpt>
			<trkpt lat="35.40707156246759" lon="-83.58872166180502">
				<ele>555.938950188458</ele>
				<time>2025-11-15T18:00:54Z</time>
			</trkpt>
			<trkpt lat="35.4070770625983" lon="-83.58875270193528">
				<ele>555.2940735332668</ele>
				<time>2025-11-15T18:00:55Z</time>
			</trkpt>
			<trkpt lat="35.40707999788351" lon="-83.5887863776452">
				<ele>556.0737475939095</ele>
				<time>2025-11-15T18:00:56Z</time>
			</trkpt>
			<trkpt lat="35.40708328927687" lon="-83.5888086087014">
				<ele>556.5257933754474</ele>
				<time>2025-11-15T18:00:57Z</time>
			</trkpt>
			<trkpt lat="35.407076957675464" lon="-83.58885284059987">
				<ele>556.819000964053</ele>
				<time>2025-11-15T18:00:58Z</time>
			</trkpt>
			<trkpt lat="35.407066202395015" lon="-83.58893382171614">
				<ele>556.3911002185196</ele>
				<time>2025-11-15T18:00:59Z</time>
			</trkpt>
			<trkpt lat="35.40705948033716" lon="-83.58900086696751">
				<ele>556.5941617880017</ele>
				<time>2025-11-15T18:01:00Z</time>
			</trkpt>
			<trkpt lat="35.407057000676545" lon="-83.58902559892458">
				<ele>556.1726820962504</ele>
				<time>2025-11-15T18:01:01Z</time>
			</trkpt>
			<trkpt lat="35.40705220498985" lon="-83.5890734306649">
				<ele>556.7305222311988</ele>
				<time>2025-11-15T18:01:02Z</time>
			</trkpt>
			<trkpt lat="35.40704817294845" lon="-83.58911364588887">
				<ele>556.5583666618913</ele>
				<time>2025-11-15T18:01:03Z</time>
			</trkpt>
			<trkpt lat="35.40703718649334" lon="-83.58920960085491">
				<ele>556.2645721826702</ele>
				<time>2025-11-15T18:01:04Z</time>
			</trkpt>
			<trkpt lat="35.40703425181326" lon="-83.58923386084794">
				<ele>556.5669275987893</ele>
				<time>2025-11-15T18:01:05Z</time>
			</trkpt>
			<trkpt lat="35.40702474463184" lon="-83.58929190796532">
				<ele>558.1707767443731</ele>
				<time>2025-11-15T18:01:06Z</time>
			</trkpt>
			<trkpt lat="35.40700604764952" lon="-83.58934744689061">
				<ele>558.7272891746834</ele>
				<time>2025-11-15T18:01:07Z</time>
			</trkpt>
			<trkpt lat="35.407016474064584" lon="-83.58944116573653">
				<ele>558.5919099058956</ele>
				<time>2025-11-15T18:01:08Z</time>
			</trkpt>
			<trkpt lat="35.40698206146763" lon="-83.58950468711353">
				<ele>558.9561645761132</ele>
				<time>2025-11-15T18:01:09Z</time>
			</trkpt>
			<trkpt lat="35.40696116080134" lon="-83.5895923818831">
				<ele>558.6102918768302</ele>
				<time>2025-11-15T18:01:10Z</time>
			</trkpt>
			<trkpt lat="35.40695987752265" lon="-83.58968569332895">
				<ele>558.8091029152274</ele>
				<time>2025-11-15T18:01:11Z</time>
			</trkpt>
			<trkpt lat="35.40696064616744" lon="-83.58977800897887">
				<ele>558.9462812663987</ele>
				<time>2025-11-15T18:01:12Z</time>
			</trkpt>
			<trkpt lat="35.40695592604711" lon="-83.58986841131633">
				<ele>558.5698589272797</ele>
				<time>2025-11-15T18:01:13Z</time>
			</trkpt>
			<trkpt lat="35.40693057750845" lon="-83.58995652680348">
				<ele>558.0912277149037</ele>
				<time>2025-11-15T18:01:14Z</time>
			</trkpt>
			<trkpt lat="35.40693587698687" lon="-83.59004258731845">
				<ele>558.2240336816758</ele>
				<time>2025-11-15T18:01:15Z</time>
			</trkpt>
			<trkpt lat="35.40690330715225" lon="-83.59011937348217">
				<ele>557.0040948214009</ele>
				<time>2025-11-15T18:01:16Z</time>
			</trkpt>
			<trkpt lat="35.406864692326" lon="-83.590213499116">
				<ele>555.7474919762462</ele>
				<time>2025-11-15T18:01:17Z</time>
			</trkpt>
			<trkpt lat="35.406845366850696" lon="-83.59029610311215">
				<ele>554.7819191021845</ele>
				<time>2025-11-15T18:01:18Z</time>
			</trkpt>
			<trkpt lat="35.40681964337961" lon="-83.59037147601605">
				<ele>554.2275167340413</ele>
				<time>2025-11-15T18:01:19Z</time>
			</trkpt>
			<trkpt lat="35.406797665631295" lon="-83.59044961982534">
				<ele>553.8263352038339</ele>
				<time>2025-11-15T18:01:20Z</time>
			</trkpt>
			<trkpt lat="35.40678618158732" lon="-83.59050217367069">
				<ele>553.4901896314695</ele>
				<time>2025-11-15T18:01:21Z</time>
			</trkpt>
			<trkpt lat="35.40678381489474" lon="-83.59056357112195">
				<ele>553.1884333062917</ele>
				<time>2025-11-15T18:01:22Z</time>
			</trkpt>
			<trkpt lat="35.406788315097266" lon="-83.59061860849027">
				<ele>553.5331691624597</ele>
				<time>2025-11-15T18:01:23Z</time>
			</trkpt>
			<trkpt lat="35.40678409976992" lon="-83.59068167985482">
				<ele>553.15613665618</ele>
				<time>2025-11-15T18:01:24Z</time>
			</trkpt>
			<trkpt lat="35.40676363943467" lon="-83.59074112792796">
				<ele>552.8905086722225</ele>
				<time>2025-11-15T18:01:25Z</time>
			</trkpt>
			<trkpt lat="35.40674138213631" lon="-83.59081195071884">
				<ele>550.987213453278</ele>
				<time>2025-11-15T18:01:27Z</time>
			</trkpt>
			<trkpt lat="35.406724108473036" lon="-83.59085919549531">
				<ele>551.678165813908</ele>
				<time>2025-11-15T18:01:28Z</time>
			</trkpt>
			<trkpt lat="35.406710487585755" lon="-83.59091762078455">
				<ele>550.8714619502425</ele>
				<time>2025-11-15T18:01:29Z</time>
			</trkpt>
			<trkpt lat="35.40670575509578" lon="-83.59096209105589">
				<ele>552.7541056154296</ele>
				<time>2025-11-15T18:01:30Z</time>
			</trkpt>
			<trkpt lat="35.40669801048651" lon="-83.59099993434471">
				<ele>551.8910102350637</ele>
				<time>2025-11-15T18:01:31Z</time>
			</trkpt>
			<trkpt lat="35.40670412969222" lon="-83.59103804633223">
				<ele>552.520571667701</ele>
				<time>2025-11-15T18:01:33Z</time>
			</trkpt>
			<trkpt lat="35.40671112054425" lon="-83.59109242561216">
				<ele>553.3927950486541</ele>
				<time>2025-11-15T18:01:35Z</time>
			</trkpt>
			<trkpt lat="35.40671721882963" lon="-83.59111975680261">
				<ele>553.4664781028405</ele>
				<time>2025-11-15T18:01:36Z</time>
			</trkpt>
			<trkpt lat="35.406715626730694" lon="-83.59114901608464">
				<ele>553.0428613629192</ele>
				<time>2025-11-15T18:01:37Z</time>
			</trkpt>
			<trkpt lat="35.4067140953748" lon="-83.59117824969245">
				<ele>554.8665682347491</ele>
				<time>2025-11-15T18:01:38Z</time>
			</trkpt>
			<trkpt lat="35.40670853591389" lon="-83.59121906346924">
				<ele>556.1713469708338</ele>
				<time>2025-11-15T18:01:40Z</time>
			</trkpt>
			<trkpt lat="35.40671173276014" lon="-83.59124372883964">
				<ele>557.6296691875905</ele>
				<time>2025-11-15T18:01:41Z</time>
			</trkpt>
			<trkpt lat="35.40672583696042" lon="-83.59130001764142">
				<ele>556.921263477765</ele>
				<time>2025-11-15T18:01:43Z</time>
			</trkpt>
			<trkpt lat="35.40673189241916" lon="-83.59133545497819">
				<ele>557.1174662271515</ele>
				<time>2025-11-15T18:01:44Z</time>
			</trkpt>
			<trkpt lat="35.40674451409165" lon="-83.59137109724877">
				<ele>558.3486369345337</ele>
				<time>2025-11-15T18:01:45Z</time>
			</trkpt>
			<trkpt lat="35.40675119863372" lon="-83.59140112341647">
				<ele>557.21330608055</ele>
				<time>2025-11-15T18:01:46Z</time>
			</trkpt>
			<trkpt lat="35.40675902631535" lon="-83.59145649251948">
				<ele>558.5886552920565</ele>
				<time>2025-11-15T18:01:48Z</time>
			</trkpt>
			<trkpt lat="35.40676171792037" lon="-83.59147974468117">
				<ele>557.3964709946886</ele>
				<time>2025-11-15T18:01:49Z</time>
			</trkpt>
			<trkpt lat="35.406766699082596" lon="-83.59151360416541">
				<ele>557.3686278574169</ele>
				<time>2025-11-15T18:01:50Z</time>
			</trkpt>
			<trkpt lat="35.406769007940575" lon="-83.59153722765214">
				<ele>557.3468308439478</ele>
				<time>2025-11-15T18:01:51Z</time>
			</trkpt>
			<trkpt lat="35.40677049001823" lon="-83.59156548889715">
				<ele>559.2515496313572</ele>
				<time>2025-11-15T18:01:52Z</time>
			</trkpt>
			<trkpt lat="35.40677530131901" lon="-83.5915950182421">
				<ele>558.0482852552086</ele>
				<time>2025-11-15T18:01:53Z</time>
			</trkpt>
			<trkpt lat="35.40677116950467" lon="-83.591634994567">
				<ele>559.4549739686772</ele>
				<time>2025-11-15T18:01:54Z</time>
			</trkpt>
			<trkpt lat="35.40677896515488" lon="-83.59166094271995">
				<ele>557.5705755613744</ele>
				<time>2025-11-15T18:01:55Z</time>
			</trkpt>
			<trkpt lat="35.40678664844098" lon="-83.59170523859513">
				<ele>559.3403245676309</ele>
				<time>2025-11-15T18:01:57Z</time>
			</trkpt>
			<trkpt lat="35.40679084136017" lon="-83.59173111934571">
				<ele>559.5332756713033</ele>
				<time>2025-11-15T18:01:58Z</time>
			</trkpt>
			<trkpt lat="35.406796747743776" lon="-83.5917595983211">
				<ele>558.6863646414131</ele>
				<time>2025-11-15T18:01:59Z</time>
			</trkpt>
			<trkpt lat="35.40680747031067" lon="-83.59179403000029">
				<ele>559.3027554126456</ele>
				<time>2025-11-15T18:02:01Z</time>
			</trkpt>
			<trkpt lat="35.40681563004214" lon="-83.59181840159115">
				<ele>559.7504223147407</ele>
				<time>2025-11-15T18:02:03Z</time>
			</trkpt>
			<trkpt lat="35.40680617051465" lon="-83.59184542563017">
				<ele>561.5724635785446</ele>
				<time>2025-11-15T18:02:05Z</time>
			</trkpt>
			<trkpt lat="35.40680335795614" lon="-83.59187178514881">
				<ele>560.9048040416092</ele>
				<time>2025-11-15T18:02:06Z</time>
			</trkpt>
			<trkpt lat="35.406797683309584" lon="-83.59190772193195">
				<ele>560.3029872020707</ele>
				<time>2025-11-15T18:02:07Z</time>
			</trkpt>
			<trkpt lat="35.40679352686545" lon="-83.5919331097552">
				<ele>559.8691972615197</ele>
				<time>2025-11-15T18:02:08Z</time>
			</trkpt>
			<trkpt lat="35.40679236306703" lon="-83.59197385423921">
				<ele>559.9533312190324</ele>
				<time>2025-11-15T18:02:09Z</time>
			</trkpt>
			<trkpt lat="35.4067902000241" lon="-83.59199623112664">
				<ele>560.5191867714748</ele>
				<time>2025-11-15T18:02:10Z</time>
			</trkpt>
			<trkpt lat="35.40678684238086" lon="-83.59203465708296">
				<ele>561.790019409731</ele>
				<time>2025-11-15T18:02:11Z</time>
			</trkpt>
			<trkpt lat="35.40678144928322" lon="-83.59205806046964">
				<ele>561.2072133449838</ele>
				<time>2025-11-15T18:02:12Z</time>
			</trkpt>
			<trkpt lat="35.40678191683584" lon="-83.59208394196614">
				<ele>561.6421646680683</ele>
				<time>2025-11-15T18:02:13Z</time>
			</trkpt>
			<trkpt lat="35.406783132446755" lon="-83.59211220427815">
				<ele>560.5485224835575</ele>
				<time>2025-11-15T18:02:14Z</time>
			</trkpt>
			<trkpt lat="35.40678299632099" lon="-83.59213681230725">
				<ele>560.25916757714</ele>
				<time>2025-11-15T18:02:15Z</time>
			</trkpt>
			<trkpt lat="35.40678318854651" lon="-83.59218924846421">
				<ele>561.2252938523889</ele>
				<time>2025-11-15T18:02:17Z</time>
			</trkpt>
			<trkpt lat="35.406782505487634" lon="-83.59222054402646">
				<ele>560.738120790571</ele>
				<time>2025-11-15T18:02:18Z</time>
			</trkpt>
			<trkpt lat="35.40677982572783" lon="-83.59225419486792">
				<ele>562.0081121092662</ele>
				<time>2025-11-15T18:02:19Z</time>
			</trkpt>
			<trkpt lat="35.40678426391839" lon="-83.59228532683862">
				<ele>561.192249241285</ele>
				<time>2025-11-15T18:02:20Z</time>
			</trkpt>
			<trkpt lat="35.4067894252849" lon="-83.59231929445458">
				<ele>561.1252375878394</ele>
				<time>2025-11-15T18:02:21Z</time>
			</trkpt>
			<trkpt lat="35.406795754941875" lon="-83.5923434944069">
				<ele>561.6898528719321</ele>
				<time>2025-11-15T18:02:22Z</time>
			</trkpt>
			<trkpt lat="35.40679460987662" lon="-83.59237909424809">
				<ele>561.5959538808092</ele>
				<time>2025-11-15T18:02:23Z</time>
			</trkpt>
			<trkpt lat="35.4067927765036" lon="-83.59241026572904">
				<ele>559.6343852560967</ele>
				<time>2025-11-15T18:02:24Z</time>
			</trkpt>
			<trkpt lat="35.406788763301286" lon="-83.5924385055315">
				<ele>560.6537805702537</ele>
				<time>2025-11-15T18:02:25Z</time>
			</trkpt>
			<trkpt lat="35.40678863153494" lon="-83.59247037570847">
				<ele>559.5769124887884</ele>
				<time>2025-11-15T18:02:26Z</time>
			</trkpt>
			<trkpt lat="35.40678484296359" lon="-83.59249883315">
				<ele>560.2250187350437</ele>
				<time>2025-11-15T18:02:27Z</time>
			</trkpt>
			<trkpt lat="35.406784881118625" lon="-83.59252951856655">
				<ele>559.8951743068174</ele>
				<time>2025-11-15T18:02:28Z</time>
			</trkpt>
			<trkpt lat="35.4067773312586" lon="-83.5925561257219">
				<ele>560.4084108881652</ele>
				<time>2025-11-15T18:02:29Z</time>
			</trkpt>
			<trkpt lat="35.40677929754341" lon="-83.59258783424075">
				<ele>559.7682057600468</ele>
				<time>2025-11-15T18:02:30Z</time>
			</trkpt>
			<trkpt lat="35.40677080798187" lon="-83.59261623665529">
				<ele>559.6976679647341</ele>
				<time>2025-11-15T18:02:31Z</time>
			</trkpt>
			<trkpt lat="35.40676310736813" lon="-83.59264374560331">
				<ele>560.3904167097062</ele>
				<time>2025-11-15T18:02:32Z</time>
			</trkpt>
			<trkpt lat="35.406754188807405" lon="-83.59266554229487">
				<ele>560.2288546944037</ele>
				<time>2025-11-15T18:02:33Z</time>
			</trkpt>
			<trkpt lat="35.40673873750847" lon="-83.59269501880262">
				<ele>561.5552773633972</ele>
				<time>2025-11-15T18:02:34Z</time>
			</trkpt>
			<trkpt lat="35.40672954944635" lon="-83.59271575275211">
				<ele>560.772097424604</ele>
				<time>2025-11-15T18:02:35Z</time>
			</trkpt>
			<trkpt lat="35.40672004365531" lon="-83.59274508195055">
				<ele>560.5436264993623</ele>
				<time>2025-11-15T18:02:36Z</time>
			</trkpt>
			<trkpt lat="35.406706673056696" lon="-83.59276062354259">
				<ele>560.7410571351647</ele>
				<time>2025-11-15T18:02:37Z</time>
			</trkpt>
			<trkpt lat="35.40669372751671" lon="-83.59279261640906">
				<ele>560.3038148675114</ele>
				<time>2025-11-15T18:02:38Z</time>
			</trkpt>
			<trkpt lat="35.4066779995809" lon="-83.5928409023145">
				<ele>561.3795414501801</ele>
				<time>2025-11-15T18:02:40Z</time>
			</trkpt>
			<trkpt lat="35.40665228761464" lon="-83.5928865169196">
				<ele>560.3610575934872</ele>
				<time>2025-11-15T18:02:42Z</time>
			</trkpt>
			<trkpt lat="35.406620522266415" lon="-83.59293361609362">
				<ele>562.6394443772733</ele>
				<time>2025-11-15T18:02:44Z</time>
			</trkpt>
			<trkpt lat="35.40658845724162" lon="-83.59297472984477">
				<ele>560.512190640904</ele>
				<time>2025-11-15T18:02:46Z</time>
			</trkpt>
			<trkpt lat="35.40657186259232" lon="-83.5929879034062">
				<ele>560.5499578863382</ele>
				<time>2025-11-15T18:02:47Z</time>
			</trkpt>
			<trkpt lat="35.40655320527259" lon="-83.59301287180259">
				<ele>560.9653769107535</ele>
				<time>2025-11-15T18:02:48Z</time>
			</trkpt>
			<trkpt lat="35.40653538912869" lon="-83.59303188561196">
				<ele>560.9058815129101</ele>
				<time>2025-11-15T18:02:49Z</time>
			</trkpt>
			<trkpt lat="35.40651890024309" lon="-83.59306014580972">
				<ele>560.5958181200549</ele>
				<time>2025-11-15T18:02:50Z</time>
			</trkpt>
			<trkpt lat="35.406506108110314" lon="-83.59307763383934">
				<ele>559.9847757089883</ele>
				<time>2025-11-15T18:02:51Z</time>
			</trkpt>
			<trkpt lat="35.40648627115895" lon="-83.59310495315778">
				<ele>560.0599802108482</ele>
				<time>2025-11-15T18:02:52Z</time>
			</trkpt>
			<trkpt lat="35.4064580382104" lon="-83.59314659029174">
				<ele>560.728487025015</ele>
				<time>2025-11-15T18:02:54Z</time>
			</trkpt>
			<trkpt lat="35.406441208088424" lon="-83.59316017174812">
				<ele>560.748581240885</ele>
				<time>2025-11-15T18:02:55Z</time>
			</trkpt>
			<trkpt lat="35.40642184214421" lon="-83.59318301587383">
				<ele>561.0975682102144</ele>
				<time>2025-11-15T18:02:56Z</time>
			</trkpt>
			<trkpt lat="35.40639231167281" lon="-83.59321997015199">
				<ele>562.8506073364988</ele>
				<time>2025-11-15T18:02:58Z</time>
			</trkpt>
			<trkpt lat="35.40636727755347" lon="-83.59326480433236">
				<ele>562.7119794534519</ele>
				<time>2025-11-15T18:03:00Z</time>
			</trkpt>
			<trkpt lat="35.406349798796704" lon="-83.59327611260449">
				<ele>562.7380180833861</ele>
				<time>2025-11-15T18:03:01Z</time>
			</trkpt>
			<trkpt lat="35.406326674916784" lon="-83.59330032332967">
				<ele>562.8311947919428</ele>
				<time>2025-11-15T18:03:02Z</time>
			</trkpt>
			<trkpt lat="35.406305956403145" lon="-83.59331428005379">
				<ele>563.7668211441487</ele>
				<time>2025-11-15T18:03:03Z</time>
			</trkpt>
			<trkpt lat="35.40627204566345" lon="-83.59333412761973">
				<ele>562.8953433698043</ele>
				<time>2025-11-15T18:03:04Z</time>
			</trkpt>
			<trkpt lat="35.40625584699511" lon="-83.59335061971719">
				<ele>562.7773285042495</ele>
				<time>2025-11-15T18:03:05Z</time>
			</trkpt>
			<trkpt lat="35.406227649394665" lon="-83.59338186970275">
				<ele>563.0607899269089</ele>
				<time>2025-11-15T18:03:06Z</time>
			</trkpt>
			<trkpt lat="35.40621540177826" lon="-83.59340288574215">
				<ele>561.6297820089385</ele>
				<time>2025-11-15T18:03:07Z</time>
			</trkpt>
			<trkpt lat="35.406194418377495" lon="-83.59343981527162">
				<ele>561.8372285077348</ele>
				<time>2025-11-15T18:03:08Z</time>
			</trkpt>
			<trkpt lat="35.40618162964412" lon="-83.59347194664203">
				<ele>564.3035199986771</ele>
				<time>2025-11-15T18:03:10Z</time>
			</trkpt>
			<trkpt lat="35.406206907643195" lon="-83.59349706708332">
				<ele>562.7525117341429</ele>
				<time>2025-11-15T18:03:12Z</time>
			</trkpt>
			<trkpt lat="35.40622525283504" lon="-83.59349000339604">
				<ele>565.0334146711975</ele>
				<time>2025-11-15T18:03:13Z</time>
			</trkpt>
			<trkpt lat="35.406224866126635" lon="-83.59346506396871">
				<ele>565.2788608307019</ele>
				<time>2025-11-15T18:03:15Z</time>
			</trkpt>
			<trkpt lat="35.40623108557591" lon="-83.59343964727198">
				<ele>564.706260252744</ele>
				<time>2025-11-15T18:03:19Z</time>
			</trkpt>
			<trkpt lat="35.40621290953756" lon="-83.59346135481924">
				<ele>562.4420317430049</ele>
				<time>2025-11-15T18:03:22Z</time>
			</trkpt>
			<trkpt lat="35.40619467235428" lon="-83.59347643928182">
				<ele>563.1398222986609</ele>
				<time>2025-11-15T18:03:25Z</time>
			</trkpt>
			<trkpt lat="35.4062146007421" lon="-83.59346535501042">
				<ele>561.197358975187</ele>
				<time>2025-11-15T18:03:29Z</time>
			</trkpt>
			<trkpt lat="35.40623989507554" lon="-83.5934489159405">
				<ele>560.6225445875898</ele>
				<time>2025-11-15T18:03:32Z</time>
			</trkpt>
			<trkpt lat="35.40626145388581" lon="-83.5934349046457">
				<ele>560.3598930640146</ele>
				<time>2025-11-15T18:03:35Z</time>
			</trkpt>
			<trkpt lat="35.40628393184981" lon="-83.59342189970572">
				<ele>560.0280620958656</ele>
				<time>2025-11-15T18:03:37Z</time>
			</trkpt>
			<trkpt lat="35.40631425110534" lon="-83.5934050508613">
				<ele>559.8022152865306</ele>
				<time>2025-11-15T18:03:39Z</time>
			</trkpt>
			<trkpt lat="35.40634281721" lon="-83.59338957753094">
				<ele>558.9170888103545</ele>
				<time>2025-11-15T18:03:41Z</time>
			</trkpt>
			<trkpt lat="35.40637120075297" lon="-83.5933758084983">
				<ele>557.9496819265187</ele>
				<time>2025-11-15T18:03:43Z</time>
			</trkpt>
			<trkpt lat="35.406398226411554" lon="-83.59336269817824">
				<ele>557.7929917927831</ele>
				<time>2025-11-15T18:03:45Z</time>
			</trkpt>
			<trkpt lat="35.40642004890413" lon="-83.59335211194623">
				<ele>558.4021941702813</ele>
				<time>2025-11-15T18:03:47Z</time>
			</trkpt>
			<trkpt lat="35.40643869473325" lon="-83.59334329877325">
				<ele>556.762320253998</ele>
				<time>2025-11-15T18:03:48Z</time>
			</trkpt>
			<trkpt lat="35.406456469914936" lon="-83.59333523244845">
				<ele>558.0229761684313</ele>
				<time>2025-11-15T18:03:49Z</time>
			</trkpt>
			<trkpt lat="35.406492372759885" lon="-83.59331893986037">
				<ele>556.2059959471226</ele>
				<time>2025-11-15T18:03:51Z</time>
			</trkpt>
			<trkpt lat="35.406523219862464" lon="-83.59330494153185">
				<ele>555.9255089918151</ele>
				<time>2025-11-15T18:03:53Z</time>
			</trkpt>
			<trkpt lat="35.406541125061054" lon="-83.59329681621682">
				<ele>554.1713352836668</ele>
				<time>2025-11-15T18:03:54Z</time>
			</trkpt>
			<trkpt lat="35.4065611681402" lon="-83.59329023144792">
				<ele>553.759804922156</ele>
				<time>2025-11-15T18:03:55Z</time>
			</trkpt>
			<trkpt lat="35.40658806855315" lon="-83.59328134399358">
				<ele>551.9807547032833</ele>
				<time>2025-11-15T18:03:57Z</time>
			</trkpt>
			<trkpt lat="35.4066071335784" lon="-83.59327504522871">
				<ele>553.3231776449829</ele>
				<time>2025-11-15T18:03:58Z</time>
			</trkpt>
			<trkpt lat="35.406641160396234" lon="-83.5932636639421">
				<ele>552.9119246024638</ele>
				<time>2025-11-15T18:04:00Z</time>
			</trkpt>
			<trkpt lat="35.4066600387668" lon="-83.59325897353257">
				<ele>552.2755708564073</ele>
				<time>2025-11-15T18:04:01Z</time>
			</trkpt>
			<trkpt lat="35.40669153236191" lon="-83.59325114879604">
				<ele>554.0433470122516</ele>
				<time>2025-11-15T18:04:03Z</time>
			</trkpt>
			<trkpt lat="35.406720430513055" lon="-83.59324396890946">
				<ele>555.8559511937201</ele>
				<time>2025-11-15T18:04:05Z</time>
			</trkpt>
			<trkpt lat="35.40674388485738" lon="-83.59324159921485">
				<ele>556.7065465003252</ele>
				<time>2025-11-15T18:04:07Z</time>
			</trkpt>
			<trkpt lat="35.406767676548306" lon="-83.59323987006833">
				<ele>555.7082130359486</ele>
				<time>2025-11-15T18:04:08Z</time>
			</trkpt>
			<trkpt lat="35.40680328473247" lon="-83.59323728213849">
				<ele>557.6175643242896</ele>
				<time>2025-11-15T18:04:10Z</time>
			</trkpt>
			<trkpt lat="35.40682199121704" lon="-83.59324414063975">
				<ele>558.4750360772014</ele>
				<time>2025-11-15T18:04:12Z</time>
			</trkpt>
			<trkpt lat="35.406851892398805" lon="-83.59325289300003">
				<ele>560.2150928257033</ele>
				<time>2025-11-15T18:04:14Z</time>
			</trkpt>
			<trkpt lat="35.40688230734144" lon="-83.59326179574981">
				<ele>560.6705432925373</ele>
				<time>2025-11-15T18:04:16Z</time>
			</trkpt>
			<trkpt lat="35.406901879864854" lon="-83.59327051759472">
				<ele>563.0664952332154</ele>
				<time>2025-11-15T18:04:18Z</time>
			</trkpt>
			<trkpt lat="35.40692880633078" lon="-83.5932870432821">
				<ele>564.4006117647514</ele>
				<time>2025-11-15T18:04:20Z</time>
			</trkpt>
			<trkpt lat="35.40694933041722" lon="-83.59329963960478">
				<ele>564.992570896633</ele>
				<time>2025-11-15T18:04:22Z</time>
			</trkpt>
			<trkpt lat="35.406979481691195" lon="-83.59331794540942">
				<ele>566.9878434473649</ele>
				<time>2025-11-15T18:04:24Z</time>
			</trkpt>
			<trkpt lat="35.40700157581431" lon="-83.59333123998664">
				<ele>566.0770727330819</ele>
				<time>2025-11-15T18:04:25Z</time>
			</trkpt>
			<trkpt lat="35.40702126625333" lon="-83.5933430881855">
				<ele>566.8149566696957</ele>
				<time>2025-11-15T18:04:26Z</time>
			</trkpt>
			<trkpt lat="35.407046846171504" lon="-83.59336222163705">
				<ele>567.3083506627008</ele>
				<time>2025-11-15T18:04:28Z</time>
			</trkpt>
			<trkpt lat="35.407063397354705" lon="-83.5933745837885">
				<ele>567.4388101957738</ele>
				<time>2025-11-15T18:04:29Z</time>
			</trkpt>
			<trkpt lat="35.40708523730364" lon="-83.59339089618004">
				<ele>568.9062115037814</ele>
				<time>2025-11-15T18:04:31Z</time>
			</trkpt>
			<trkpt lat="35.40710802525182" lon="-83.59340791660395">
				<ele>568.2438532076776</ele>
				<time>2025-11-15T18:04:33Z</time>
			</trkpt>
			<trkpt lat="35.407134492011984" lon="-83.59342768475813">
				<ele>567.4084012666717</ele>
				<time>2025-11-15T18:04:35Z</time>
			</trkpt>
			<trkpt lat="35.407157704172576" lon="-83.59344502204362">
				<ele>567.9245558138937</ele>
				<time>2025-11-15T18:04:37Z</time>
			</trkpt>
			<trkpt lat="35.40718686764312" lon="-83.59344201764169">
				<ele>569.435349971056</ele>
				<time>2025-11-15T18:04:39Z</time>
			</trkpt>
			<trkpt lat="35.40719905228695" lon="-83.59347911203326">
				<ele>568.9742801589891</ele>
				<time>2025-11-15T18:04:41Z</time>
			</trkpt>
			<trkpt lat="35.40722244114549" lon="-83.59349890401239">
				<ele>569.3609128985554</ele>
				<time>2025-11-15T18:04:43Z</time>
			</trkpt>
			<trkpt lat="35.407244748985214" lon="-83.59351778124194">
				<ele>568.5234978720546</ele>
				<time>2025-11-15T18:04:46Z</time>
			</trkpt>
			<trkpt lat="35.40727496383908" lon="-83.59352861937084">
				<ele>568.6273548258469</ele>
				<time>2025-11-15T18:04:48Z</time>
			</trkpt>
			<trkpt lat="35.40729447950435" lon="-83.59352940733194">
				<ele>568.4762788452208</ele>
				<time>2025-11-15T18:04:49Z</time>
			</trkpt>
			<trkpt lat="35.40732513116999" lon="-83.59352209888326">
				<ele>568.547902927734</ele>
				<time>2025-11-15T18:04:51Z</time>
			</trkpt>
			<trkpt lat="35.40734337926163" lon="-83.59351762647893">
				<ele>569.2349714748561</ele>
				<time>2025-11-15T18:04:52Z</time>
			</trkpt>
			<trkpt lat="35.407362429687964" lon="-83.59351563864206">
				<ele>570.0652826847509</ele>
				<time>2025-11-15T18:04:53Z</time>
			</trkpt>
			<trkpt lat="35.40738362072397" lon="-83.59351217174076">
				<ele>569.4266929710284</ele>
				<time>2025-11-15T18:04:54Z</time>
			</trkpt>
			<trkpt lat="35.407408005276835" lon="-83.5935087938446">
				<ele>572.3711371924728</ele>
				<time>2025-11-15T18:04:56Z</time>
			</trkpt>
			<trkpt lat="35.40742799942341" lon="-83.59351531395875">
				<ele>572.2882663132623</ele>
				<time>2025-11-15T18:04:58Z</time>
			</trkpt>
			<trkpt lat="35.407449191427084" lon="-83.59352761386806">
				<ele>571.3902280870825</ele>
				<time>2025-11-15T18:05:00Z</time>
			</trkpt>
			<trkpt lat="35.40747411597442" lon="-83.59354842023318">
				<ele>573.1139481812716</ele>
				<time>2025-11-15T18:05:02Z</time>
			</trkpt>
			<trkpt lat="35.4074896830395" lon="-83.59357190622896">
				<ele>572.3087042439729</ele>
				<time>2025-11-15T18:05:03Z</time>
			</trkpt>
			<trkpt lat="35.40750596733013" lon="-83.59359736709018">
				<ele>571.8907008757815</ele>
				<time>2025-11-15T18:05:04Z</time>
			</trkpt>
			<trkpt lat="35.40753487078593" lon="-83.59364963724995">
				<ele>570.7737336028367</ele>
				<time>2025-11-15T18:05:06Z</time>
			</trkpt>
			<trkpt lat="35.40754377262761" lon="-83.59367460803769">
				<ele>571.0258213263005</ele>
				<time>2025-11-15T18:05:07Z</time>
			</trkpt>
			<trkpt lat="35.40757224829028" lon="-83.59372207846863">
				<ele>571.0780235501006</ele>
				<time>2025-11-15T18:05:09Z</time>
			</trkpt>
			<trkpt lat="35.407582858058646" lon="-83.59374093628817">
				<ele>572.6557757072151</ele>
				<time>2025-11-15T18:05:10Z</time>
			</trkpt>
			<trkpt lat="35.40759502205708" lon="-83.59376755984265">
				<ele>571.4990338599309</ele>
				<time>2025-11-15T18:05:11Z</time>
			</trkpt>
			<trkpt lat="35.407614333443114" lon="-83.59380939154782">
				<ele>571.8205426419154</ele>
				<time>2025-11-15T18:05:13Z</time>
			</trkpt>
			<trkpt lat="35.40762579171058" lon="-83.59382909438162">
				<ele>572.2292105117813</ele>
				<time>2025-11-15T18:05:14Z</time>
			</trkpt>
			<trkpt lat="35.40763820426332" lon="-83.59387370797968">
				<ele>572.3515053335577</ele>
				<time>2025-11-15T18:05:16Z</time>
			</trkpt>
			<trkpt lat="35.40763097612392" lon="-83.59390114722919">
				<ele>573.3005399405956</ele>
				<time>2025-11-15T18:05:17Z</time>
			</trkpt>
			<trkpt lat="35.4076273008233" lon="-83.59393387118044">
				<ele>571.5705405278131</ele>
				<time>2025-11-15T18:05:18Z</time>
			</trkpt>
			<trkpt lat="35.407622497490465" lon="-83.59395842749431">
				<ele>571.584431707859</ele>
				<time>2025-11-15T18:05:19Z</time>
			</trkpt>
			<trkpt lat="35.407621335101034" lon="-83.59399827082966">
				<ele>571.8847554000095</ele>
				<time>2025-11-15T18:05:20Z</time>
			</trkpt>
			<trkpt lat="35.407621147609014" lon="-83.59402281903894">
				<ele>572.1863822219893</ele>
				<time>2025-11-15T18:05:21Z</time>
			</trkpt>
			<trkpt lat="35.4076221714499" lon="-83.59405214232153">
				<ele>571.4929392291233</ele>
				<time>2025-11-15T18:05:22Z</time>
			</trkpt>
			<trkpt lat="35.40761963231661" lon="-83.59407504017382">
				<ele>571.7986932918429</ele>
				<time>2025-11-15T18:05:23Z</time>
			</trkpt>
			<trkpt lat="35.407614384994204" lon="-83.59410319632171">
				<ele>571.2112648971379</ele>
				<time>2025-11-15T18:05:25Z</time>
			</trkpt>
			<trkpt lat="35.40761033380262" lon="-83.59414430922422">
				<ele>572.4003344662488</ele>
				<time>2025-11-15T18:05:30Z</time>
			</trkpt>
			<trkpt lat="35.407611503953085" lon="-83.59417781807626">
				<ele>572.9611719660461</ele>
				<time>2025-11-15T18:05:32Z</time>
			</trkpt>
			<trkpt lat="35.407617238103214" lon="-83.59420379811714">
				<ele>574.5600692657754</ele>
				<time>2025-11-15T18:05:34Z</time>
			</trkpt>
			<trkpt lat="35.40763008964299" lon="-83.59426986325865">
				<ele>573.7670401120558</ele>
				<time>2025-11-15T18:05:35Z</time>
			</trkpt>
			<trkpt lat="35.40763508113559" lon="-83.59432635101862">
				<ele>575.9487950624898</ele>
				<time>2025-11-15T18:05:36Z</time>
			</trkpt>
			<trkpt lat="35.407639904502695" lon="-83.5943697109733">
				<ele>575.0291506079957</ele>
				<time>2025-11-15T18:05:37Z</time>
			</trkpt>
			<trkpt lat="35.407661114778264" lon="-83.59441931430918">
				<ele>575.3905791658908</ele>
				<time>2025-11-15T18:05:38Z</time>
			</trkpt>
			<trkpt lat="35.407676202512036" lon="-83.59445319433291">
				<ele>575.3686903249472</ele>
				<time>2025-11-15T18:05:39Z</time>
			</trkpt>
			<trkpt lat="35.40771088796261" lon="-83.5944935152229">
				<ele>575.6334818992764</ele>
				<time>2025-11-15T18:05:40Z</time>
			</trkpt>
			<trkpt lat="35.40772353660501" lon="-83.59454228179037">
				<ele>575.1187209459022</ele>
				<time>2025-11-15T18:05:41Z</time>
			</trkpt>
			<trkpt lat="35.40781367873847" lon="-83.59463082537945">
				<ele>573.2830048995093</ele>
				<time>2025-11-15T18:05:42Z</time>
			</trkpt>
			<trkpt lat="35.40784913901638" lon="-83.59465629445496">
				<ele>573.5693654799834</ele>
				<time>2025-11-15T18:05:43Z</time>
			</trkpt>
			<trkpt lat="35.40786890947102" lon="-83.59467068508408">
				<ele>573.0531180640683</ele>
				<time>2025-11-15T18:05:44Z</time>
			</trkpt>
			<trkpt lat="35.40789245633343" lon="-83.59470753505596">
				<ele>574.1159258820117</ele>
				<time>2025-11-15T18:05:45Z</time>
			</trkpt>
			<trkpt lat="35.40790787900955" lon="-83.59475070884648">
				<ele>574.1788864787668</ele>
				<time>2025-11-15T18:05:46Z</time>
			</trkpt>
			<trkpt lat="35.4079280813121" lon="-83.59481970865177">
				<ele>574.1720046801493</ele>
				<time>2025-11-15T18:05:47Z</time>
			</trkpt>
			<trkpt lat="35.407942661398366" lon="-83.59487816727777">
				<ele>573.9189279498532</ele>
				<time>2025-11-15T18:05:48Z</time>
			</trkpt>
			<trkpt lat="35.407933298743814" lon="-83.59494883586373">
				<ele>574.5241312682629</ele>
				<time>2025-11-15T18:05:49Z</time>
			</trkpt>
			<trkpt lat="35.40789824590039" lon="-83.595019626367">
				<ele>573.6068894602358</ele>
				<time>2025-11-15T18:05:50Z</time>
			</trkpt>
			<trkpt lat="35.407878100421335" lon="-83.59509807126632">
				<ele>573.8410002961755</ele>
				<time>2025-11-15T18:05:51Z</time>
			</trkpt>
			<trkpt lat="35.40786666707958" lon="-83.59518788799355">
				<ele>572.5338612906635</ele>
				<time>2025-11-15T18:05:52Z</time>
			</trkpt>
			<trkpt lat="35.40785488133038" lon="-83.59527273687343">
				<ele>571.5800477331504</ele>
				<time>2025-11-15T18:05:53Z</time>
			</trkpt>
			<trkpt lat="35.40785275838244" lon="-83.5953445770319">
				<ele>569.7397232400253</ele>
				<time>2025-11-15T18:05:54Z</time>
			</trkpt>
			<trkpt lat="35.40785139259158" lon="-83.59540975878251">
				<ele>568.2036097636446</ele>
				<time>2025-11-15T18:05:55Z</time>
			</trkpt>
			<trkpt lat="35.40786411422894" lon="-83.59555370874816">
				<ele>568.7326022861525</ele>
				<time>2025-11-15T18:05:56Z</time>
			</trkpt>
			<trkpt lat="35.40790487771666" lon="-83.59564009085673">
				<ele>568.4761649016291</ele>
				<time>2025-11-15T18:05:57Z</time>
			</trkpt>
			<trkpt lat="35.40794004596296" lon="-83.5957054075462">
				<ele>567.5938566504046</ele>
				<time>2025-11-15T18:05:58Z</time>
			</trkpt>
			<trkpt lat="35.407979105728074" lon="-83.59577795190513">
				<ele>566.5213577318937</ele>
				<time>2025-11-15T18:05:59Z</time>
			</trkpt>
			<trkpt lat="35.408022032983695" lon="-83.59586005955704">
				<ele>565.0987268518656</ele>
				<time>2025-11-15T18:06:00Z</time>
			</trkpt>
			<trkpt lat="35.408053802327075" lon="-83.59593204656763">
				<ele>564.4404354095459</ele>
				<time>2025-11-15T18:06:01Z</time>
			</trkpt>
			<trkpt lat="35.408088695883976" lon="-83.596015767282">
				<ele>564.4293956039473</ele>
				<time>2025-11-15T18:06:02Z</time>
			</trkpt>
			<trkpt lat="35.408108217806074" lon="-83.5960854398983">
				<ele>565.0635613361374</ele>
				<time>2025-11-15T18:06:03Z</time>
			</trkpt>
			<trkpt lat="35.4080892144469" lon="-83.59614368780288">
				<ele>566.3126782281324</ele>
				<time>2025-11-15T18:06:04Z</time>
			</trkpt>
			<trkpt lat="35.40804391934277" lon="-83.59621796501948">
				<ele>566.3001845311373</ele>
				<time>2025-11-15T18:06:05Z</time>
			</trkpt>
			<trkpt lat="35.40802473567066" lon="-83.59629388671226">
				<ele>564.5858272779733</ele>
				<time>2025-11-15T18:06:06Z</time>
			</trkpt>
			<trkpt lat="35.4080161651326" lon="-83.5963610988181">
				<ele>563.467448557727</ele>
				<time>2025-11-15T18:06:07Z</time>
			</trkpt>
			<trkpt lat="35.40800892009923" lon="-83.59643293684348">
				<ele>561.1573423594236</ele>
				<time>2025-11-15T18:06:08Z</time>
			</trkpt>
			<trkpt lat="35.40800221164166" lon="-83.59649945417185">
				<ele>560.2083546044305</ele>
				<time>2025-11-15T18:06:09Z</time>
			</trkpt>
			<trkpt lat="35.40800104560722" lon="-83.59656081288624">
				<ele>559.6035984996706</ele>
				<time>2025-11-15T18:06:10Z</time>
			</trkpt>
			<trkpt lat="35.408037306082676" lon="-83.59664537877971">
				<ele>558.8175742384046</ele>
				<time>2025-11-15T18:06:11Z</time>
			</trkpt>
			<trkpt lat="35.40806133051441" lon="-83.59670032740597">
				<ele>559.1065926551819</ele>
				<time>2025-11-15T18:06:12Z</time>
			</trkpt>
			<trkpt lat="35.408080727165576" lon="-83.59675776461215">
				<ele>559.3245768873021</ele>
				<time>2025-11-15T18:06:13Z</time>
			</trkpt>
			<trkpt lat="35.40810615444613" lon="-83.59682817005901">
				<ele>560.3458356894553</ele>
				<time>2025-11-15T18:06:14Z</time>
			</trkpt>
			<trkpt lat="35.40812197380068" lon="-83.59689728989332">
				<ele>560.1386383445933</ele>
				<time>2025-11-15T18:06:15Z</time>
			</trkpt>
			<trkpt lat="35.408142742519985" lon="-83.59696820513652">
				<ele>559.3978458195925</ele>
				<time>2025-11-15T18:06:16Z</time>
			</trkpt>
			<trkpt lat="35.408209522966445" lon="-83.59707803240815">
				<ele>557.7375768302009</ele>
				<time>2025-11-15T18:06:17Z</time>
			</trkpt>
			<trkpt lat="35.408290392871415" lon="-83.5971299537436">
				<ele>557.2466998575255</ele>
				<time>2025-11-15T18:06:18Z</time>
			</trkpt>
			<trkpt lat="35.40834825883734" lon="-83.59716881987288">
				<ele>555.8407932091504</ele>
				<time>2025-11-15T18:06:19Z</time>
			</trkpt>
			<trkpt lat="35.40838948960177" lon="-83.59721215495414">
				<ele>555.4978851890191</ele>
				<time>2025-11-15T18:06:20Z</time>
			</trkpt>
			<trkpt lat="35.408418590824446" lon="-83.59725542087364">
				<ele>554.2896798914298</ele>
				<time>2025-11-15T18:06:21Z</time>
			</trkpt>
			<trkpt lat="35.408431698408" lon="-83.59729559618805">
				<ele>556.6051681265235</ele>
				<time>2025-11-15T18:06:22Z</time>
			</trkpt>
			<trkpt lat="35.40842846698775" lon="-83.59733776568058">
				<ele>558.1594998212531</ele>
				<time>2025-11-15T18:06:23Z</time>
			</trkpt>
			<trkpt lat="35.40841017898114" lon="-83.59738715386042">
				<ele>561.4535451177508</ele>
				<time>2025-11-15T18:06:24Z</time>
			</trkpt>
			<trkpt lat="35.408389720647435" lon="-83.59742943029468">
				<ele>560.2380129937083</ele>
				<time>2025-11-15T18:06:25Z</time>
			</trkpt>
			<trkpt lat="35.408382930268246" lon="-83.59747463061812">
				<ele>559.9978827238083</ele>
				<time>2025-11-15T18:06:26Z</time>
			</trkpt>
			<trkpt lat="35.40838000190579" lon="-83.59750035991844">
				<ele>560.0837505403906</ele>
				<time>2025-11-15T18:06:27Z</time>
			</trkpt>
			<trkpt lat="35.40838798115786" lon="-83.59753441079242">
				<ele>558.0515905311331</ele>
				<time>2025-11-15T18:06:28Z</time>
			</trkpt>
			<trkpt lat="35.40839987285854" lon="-83.5975815676038">
				<ele>557.0684391288087</ele>
				<time>2025-11-15T18:06:29Z</time>
			</trkpt>
			<trkpt lat="35.40840921375815" lon="-83.59761743402791">
				<ele>556.1229137675837</ele>
				<time>2025-11-15T18:06:30Z</time>
			</trkpt>
			<trkpt lat="35.408413544164404" lon="-83.59765721292563">
				<ele>555.5048085926101</ele>
				<time>2025-11-15T18:06:31Z</time>
			</trkpt>
			<trkpt lat="35.408419074119436" lon="-83.59769232603145">
				<ele>554.0734515367076</ele>
				<time>2025-11-15T18:06:32Z</time>
			</trkpt>
			<trkpt lat="35.40842274418806" lon="-83.59771587974805">
				<ele>555.1024109013379</ele>
				<time>2025-11-15T18:06:33Z</time>
			</trkpt>
			<trkpt lat="35.40842921176542" lon="-83.59776053039451">
				<ele>556.3947297167033</ele>
				<time>2025-11-15T18:06:35Z</time>
			</trkpt>
			<trkpt lat="35.40843065445933" lon="-83.59778336895948">
				<ele>557.623351466842</ele>
				<time>2025-11-15T18:06:36Z</time>
			</trkpt>
			<trkpt lat="35.40843229854226" lon="-83.59782602460798">
				<ele>556.3396364431828</ele>
				<time>2025-11-15T18:06:38Z</time>
			</trkpt>
			<trkpt lat="35.40843444400775" lon="-83.59784963140481">
				<ele>556.3751690248027</ele>
				<time>2025-11-15T18:06:39Z</time>
			</trkpt>
			<trkpt lat="35.40844213398151" lon="-83.59788374892449">
				<ele>556.5302921822295</ele>
				<time>2025-11-15T18:06:41Z</time>
			</trkpt>
			<trkpt lat="35.40844759171635" lon="-83.59790628014797">
				<ele>556.1291311075911</ele>
				<time>2025-11-15T18:06:42Z</time>
			</trkpt>
			<trkpt lat="35.408455399567046" lon="-83.59793045444312">
				<ele>558.442621265538</ele>
				<time>2025-11-15T18:06:44Z</time>
			</trkpt>
			<trkpt lat="35.40846375763671" lon="-83.59795633232176">
				<ele>559.1034067347646</ele>
				<time>2025-11-15T18:06:46Z</time>
			</trkpt>
			<trkpt lat="35.408477743324454" lon="-83.59798953025864">
				<ele>558.8222212027758</ele>
				<time>2025-11-15T18:06:48Z</time>
			</trkpt>
			<trkpt lat="35.40849126359236" lon="-83.59802032641807">
				<ele>559.6106812441722</ele>
				<time>2025-11-15T18:06:50Z</time>
			</trkpt>
			<trkpt lat="35.40850805887323" lon="-83.59805690311693">
				<ele>560.0128186484799</ele>
				<time>2025-11-15T18:06:52Z</time>
			</trkpt>
			<trkpt lat="35.40852334296816" lon="-83.59808981106504">
				<ele>559.1391472555697</ele>
				<time>2025-11-15T18:06:54Z</time>
			</trkpt>
			<trkpt lat="35.40853941434564" lon="-83.59812275962152">
				<ele>559.7894701696932</ele>
				<time>2025-11-15T18:06:56Z</time>
			</trkpt>
			<trkpt lat="35.40855816762032" lon="-83.59815728345762">
				<ele>559.1800945186988</ele>
				<time>2025-11-15T18:06:58Z</time>
			</trkpt>
			<trkpt lat="35.408585944727136" lon="-83.59820606325667">
				<ele>557.7528169406578</ele>
				<time>2025-11-15T18:07:00Z</time>
			</trkpt>
			<trkpt lat="35.40860169104655" lon="-83.59822649463295">
				<ele>556.2460677940398</ele>
				<time>2025-11-15T18:07:01Z</time>
			</trkpt>
			<trkpt lat="35.40861486681698" lon="-83.5982435906512">
				<ele>556.5158710880205</ele>
				<time>2025-11-15T18:07:02Z</time>
			</trkpt>
			<trkpt lat="35.40864689611159" lon="-83.59827743315435">
				<ele>553.7976859109476</ele>
				<time>2025-11-15T18:07:04Z</time>
			</trkpt>
			<trkpt lat="35.408668516782406" lon="-83.59829409278629">
				<ele>554.9319459479302</ele>
				<time>2025-11-15T18:07:06Z</time>
			</trkpt>
			<trkpt lat="35.408695348271216" lon="-83.59831206482545">
				<ele>555.4301741551608</ele>
				<time>2025-11-15T18:07:08Z</time>
			</trkpt>
			<trkpt lat="35.408714144679536" lon="-83.59831974484277">
				<ele>559.0650254758075</ele>
				<time>2025-11-15T18:07:10Z</time>
			</trkpt>
			<trkpt lat="35.40873923981205" lon="-83.59832999840252">
				<ele>559.8827680852264</ele>
				<time>2025-11-15T18:07:14Z</time>
			</trkpt>
			<trkpt lat="35.408764702484234" lon="-83.59833761195954">
				<ele>561.72179256659</ele>
				<time>2025-11-15T18:07:16Z</time>
			</trkpt>
			<trkpt lat="35.4087862769664" lon="-83.59833996986465">
				<ele>562.3307801242918</ele>
				<time>2025-11-15T18:07:18Z</time>
			</trkpt>
			<trkpt lat="35.40880647351295" lon="-83.59834245147123">
				<ele>561.6366796009243</ele>
				<time>2025-11-15T18:07:20Z</time>
			</trkpt>
			<trkpt lat="35.408832754582285" lon="-83.59834055129629">
				<ele>563.4129225825891</ele>
				<time>2025-11-15T18:07:22Z</time>
			</trkpt>
			<trkpt lat="35.4088654937628" lon="-83.59833297439809">
				<ele>561.332955381833</ele>
				<time>2025-11-15T18:07:23Z</time>
			</trkpt>
			<trkpt lat="35.40889592146563" lon="-83.59832778059517">
				<ele>563.8586480356753</ele>
				<time>2025-11-15T18:07:25Z</time>
			</trkpt>
			<trkpt lat="35.408938047922696" lon="-83.59831816124844">
				<ele>561.4421291192994</ele>
				<time>2025-11-15T18:07:27Z</time>
			</trkpt>
			<trkpt lat="35.408957290141835" lon="-83.59831422613017">
				<ele>564.3558154841885</ele>
				<time>2025-11-15T18:07:28Z</time>
			</trkpt>
			<trkpt lat="35.40897858718862" lon="-83.59831253568338">
				<ele>564.2846900252625</ele>
				<time>2025-11-15T18:07:29Z</time>
			</trkpt>
			<trkpt lat="35.40901236578532" lon="-83.59829671100277">
				<ele>564.1848946241662</ele>
				<time>2025-11-15T18:07:31Z</time>
			</trkpt>
			<trkpt lat="35.40902981542067" lon="-83.5982881792807">
				<ele>562.7807603953406</ele>
				<time>2025-11-15T18:07:32Z</time>
			</trkpt>
			<trkpt lat="35.40905940696089" lon="-83.59827538948599">
				<ele>564.4726944137365</ele>
				<time>2025-11-15T18:07:34Z</time>
			</trkpt>
			<trkpt lat="35.40908531338119" lon="-83.59826868597605">
				<ele>564.3149134488776</ele>
				<time>2025-11-15T18:07:36Z</time>
			</trkpt>
			<trkpt lat="35.40912076713597" lon="-83.59826322018792">
				<ele>563.1965841269121</ele>
				<time>2025-11-15T18:07:38Z</time>
			</trkpt>
			<trkpt lat="35.40915222786033" lon="-83.5982718973038">
				<ele>564.791895207949</ele>
				<time>2025-11-15T18:07:40Z</time>
			</trkpt>
			<trkpt lat="35.40916957973814" lon="-83.59828175432231">
				<ele>566.3153847530484</ele>
				<time>2025-11-15T18:07:41Z</time>
			</trkpt>
			<trkpt lat="35.40919247029298" lon="-83.59829237695796">
				<ele>564.8570176586509</ele>
				<time>2025-11-15T18:07:42Z</time>
			</trkpt>
			<trkpt lat="35.40921240350825" lon="-83.59829768542849">
				<ele>563.8741706730798</ele>
				<time>2025-11-15T18:07:43Z</time>
			</trkpt>
			<trkpt lat="35.40924593172449" lon="-83.5983176592884">
				<ele>564.8864266732708</ele>
				<time>2025-11-15T18:07:45Z</time>
			</trkpt>
			<trkpt lat="35.40926081133245" lon="-83.59833380612083">
				<ele>564.0397553136572</ele>
				<time>2025-11-15T18:07:46Z</time>
			</trkpt>
			<trkpt lat="35.40926918116453" lon="-83.59835843426461">
				<ele>565.3834193404764</ele>
				<time>2025-11-15T18:07:47Z</time>
			</trkpt>
			<trkpt lat="35.4092776107742" lon="-83.59838509247916">
				<ele>565.6782811582088</ele>
				<time>2025-11-15T18:07:48Z</time>
			</trkpt>
			<trkpt lat="35.40928907260683" lon="-83.59840820713397">
				<ele>565.903560671024</ele>
				<time>2025-11-15T18:07:49Z</time>
			</trkpt>
			<trkpt lat="35.40929799575265" lon="-83.59843511325714">
				<ele>565.7211158601567</ele>
				<time>2025-11-15T18:07:50Z</time>
			</trkpt>
			<trkpt lat="35.40930510231068" lon="-83.59845752704094">
				<ele>567.1486750263721</ele>
				<time>2025-11-15T18:07:51Z</time>
			</trkpt>
			<trkpt lat="35.40931448385371" lon="-83.59848159750089">
				<ele>566.3640058357269</ele>
				<time>2025-11-15T18:07:52Z</time>
			</trkpt>
			<trkpt lat="35.409323439775754" lon="-83.59850698712627">
				<ele>565.6818488463759</ele>
				<time>2025-11-15T18:07:53Z</time>
			</trkpt>
			<trkpt lat="35.40932676479764" lon="-83.5985324769717">
				<ele>566.36234231852</ele>
				<time>2025-11-15T18:07:54Z</time>
			</trkpt>
			<trkpt lat="35.409327221955806" lon="-83.59855920699962">
				<ele>567.0835216110572</ele>
				<time>2025-11-15T18:07:55Z</time>
			</trkpt>
			<trkpt lat="35.40932275119715" lon="-83.59858610969421">
				<ele>569.0243675978854</ele>
				<time>2025-11-15T18:07:56Z</time>
			</trkpt>
			<trkpt lat="35.40931276897318" lon="-83.59861050527985">
				<ele>568.6808535829186</ele>
				<time>2025-11-15T18:07:57Z</time>
			</trkpt>
			<trkpt lat="35.409302312814184" lon="-83.59863576225379">
				<ele>568.3575964197516</ele>
				<time>2025-11-15T18:07:58Z</time>
			</trkpt>
			<trkpt lat="35.409292184556364" lon="-83.59866022723216">
				<ele>568.1339471554384</ele>
				<time>2025-11-15T18:07:59Z</time>
			</trkpt>
			<trkpt lat="35.40928285713529" lon="-83.59868275761728">
				<ele>568.6091659339145</ele>
				<time>2025-11-15T18:08:00Z</time>
			</trkpt>
			<trkpt lat="35.409269791182076" lon="-83.59870989619309">
				<ele>569.7428049463779</ele>
				<time>2025-11-15T18:08:01Z</time>
			</trkpt>
			<trkpt lat="35.40925748854947" lon="-83.59873579775581">
				<ele>568.810763974674</ele>
				<time>2025-11-15T18:08:02Z</time>
			</trkpt>
			<trkpt lat="35.409244655039636" lon="-83.59876281693516">
				<ele>570.5280801011249</ele>
				<time>2025-11-15T18:08:03Z</time>
			</trkpt>
			<trkpt lat="35.40923040976923" lon="-83.59879350327984">
				<ele>569.5029741730541</ele>
				<time>2025-11-15T18:08:04Z</time>
			</trkpt>
			<trkpt lat="35.40921871053858" lon="-83.5988206953365">
				<ele>569.7227816293016</ele>
				<time>2025-11-15T18:08:05Z</time>
			</trkpt>
			<trkpt lat="35.40920819509569" lon="-83.59884513589317">
				<ele>569.8922392809764</ele>
				<time>2025-11-15T18:08:06Z</time>
			</trkpt>
			<trkpt lat="35.40919794831475" lon="-83.59886895210958">
				<ele>568.2983774440363</ele>
				<time>2025-11-15T18:08:07Z</time>
			</trkpt>
			<trkpt lat="35.409188232477376" lon="-83.59889695493898">
				<ele>569.5599726382643</ele>
				<time>2025-11-15T18:08:08Z</time>
			</trkpt>
			<trkpt lat="35.40918101298613" lon="-83.59891975882779">
				<ele>568.5020321412012</ele>
				<time>2025-11-15T18:08:09Z</time>
			</trkpt>
			<trkpt lat="35.40917409698148" lon="-83.59894400517203">
				<ele>569.1869561355561</ele>
				<time>2025-11-15T18:08:10Z</time>
			</trkpt>
			<trkpt lat="35.40916932397128" lon="-83.59896633764863">
				<ele>568.7219455037266</ele>
				<time>2025-11-15T18:08:11Z</time>
			</trkpt>
			<trkpt lat="35.409165345239735" lon="-83.59899503880422">
				<ele>568.7411896018311</ele>
				<time>2025-11-15T18:08:12Z</time>
			</trkpt>
			<trkpt lat="35.409164354991205" lon="-83.59904189125028">
				<ele>566.6708217887208</ele>
				<time>2025-11-15T18:08:14Z</time>
			</trkpt>
			<trkpt lat="35.4091664572217" lon="-83.59907181207281">
				<ele>565.19383928366</ele>
				<time>2025-11-15T18:08:15Z</time>
			</trkpt>
			<trkpt lat="35.409176495339416" lon="-83.59910274230528">
				<ele>563.5757186990231</ele>
				<time>2025-11-15T18:08:17Z</time>
			</trkpt>
			<trkpt lat="35.409192016472254" lon="-83.59912001189497">
				<ele>564.150031988509</ele>
				<time>2025-11-15T18:08:18Z</time>
			</trkpt>
			<trkpt lat="35.40921089473359" lon="-83.59913871106762">
				<ele>561.5866379979998</ele>
				<time>2025-11-15T18:08:21Z</time>
			</trkpt>
			<trkpt lat="35.40923710768015" lon="-83.59913525617442">
				<ele>560.8020170163363</ele>
				<time>2025-11-15T18:08:23Z</time>
			</trkpt>
			<trkpt lat="35.40926555794759" lon="-83.5991299291781">
				<ele>562.978174623102</ele>
				<time>2025-11-15T18:08:26Z</time>
			</trkpt>
			<trkpt lat="35.40928998044596" lon="-83.5991294173378">
				<ele>565.0266284504905</ele>
				<time>2025-11-15T18:08:28Z</time>
			</trkpt>
			<trkpt lat="35.40931779929495" lon="-83.59912076519356">
				<ele>567.2918362962082</ele>
				<time>2025-11-15T18:08:30Z</time>
			</trkpt>
			<trkpt lat="35.40934924300262" lon="-83.599110512011">
				<ele>567.2353655090556</ele>
				<time>2025-11-15T18:08:32Z</time>
			</trkpt>
			<trkpt lat="35.40938393359188" lon="-83.59911141068051">
				<ele>567.1526269605383</ele>
				<time>2025-11-15T18:08:34Z</time>
			</trkpt>
			<trkpt lat="35.40940151629669" lon="-83.59912176595634">
				<ele>569.3682328052819</ele>
				<time>2025-11-15T18:08:35Z</time>
			</trkpt>
			<trkpt lat="35.409419540690024" lon="-83.5991271443791">
				<ele>569.2239505043253</ele>
				<time>2025-11-15T18:08:36Z</time>
			</trkpt>
			<trkpt lat="35.40943941573159" lon="-83.59913947296447">
				<ele>568.46986858733</ele>
				<time>2025-11-15T18:08:37Z</time>
			</trkpt>
			<trkpt lat="35.40945620401488" lon="-83.59914903874797">
				<ele>569.8652458777651</ele>
				<time>2025-11-15T18:08:38Z</time>
			</trkpt>
			<trkpt lat="35.40947485998875" lon="-83.5991616750522">
				<ele>569.3163259625435</ele>
				<time>2025-11-15T18:08:39Z</time>
			</trkpt>
			<trkpt lat="35.40949419198384" lon="-83.59917608571796">
				<ele>568.0726888393983</ele>
				<time>2025-11-15T18:08:40Z</time>
			</trkpt>
			<trkpt lat="35.40951067732577" lon="-83.59918915351652">
				<ele>568.0194776887074</ele>
				<time>2025-11-15T18:08:41Z</time>
			</trkpt>
			<trkpt lat="35.409527823460024" lon="-83.59920116212778">
				<ele>567.8135577356443</ele>
				<time>2025-11-15T18:08:42Z</time>
			</trkpt>
			<trkpt lat="35.40954218897597" lon="-83.59921522706381">
				<ele>568.8276157397777</ele>
				<time>2025-11-15T18:08:43Z</time>
			</trkpt>
			<trkpt lat="35.40955786502206" lon="-83.59922780420119">
				<ele>569.4222439508885</ele>
				<time>2025-11-15T18:08:44Z</time>
			</trkpt>
			<trkpt lat="35.40957934104844" lon="-83.59924003243408">
				<ele>569.1280815359205</ele>
				<time>2025-11-15T18:08:45Z</time>
			</trkpt>
			<trkpt lat="35.409602846531435" lon="-83.59925724163205">
				<ele>566.9645287562162</ele>
				<time>2025-11-15T18:08:46Z</time>
			</trkpt>
			<trkpt lat="35.40961646676981" lon="-83.59927404660571">
				<ele>567.7095623482019</ele>
				<time>2025-11-15T18:08:47Z</time>
			</trkpt>
			<trkpt lat="35.409646038237554" lon="-83.59930013312866">
				<ele>566.6380450241268</ele>
				<time>2025-11-15T18:08:49Z</time>
			</trkpt>
			<trkpt lat="35.40966195684547" lon="-83.5993154547985">
				<ele>565.4555994113907</ele>
				<time>2025-11-15T18:08:50Z</time>
			</trkpt>
			<trkpt lat="35.40968386671303" lon="-83.59934541254229">
				<ele>567.3238242100924</ele>
				<time>2025-11-15T18:08:52Z</time>
			</trkpt>
			<trkpt lat="35.40969771690543" lon="-83.59936435010877">
				<ele>565.6907135983929</ele>
				<time>2025-11-15T18:08:53Z</time>
			</trkpt>
			<trkpt lat="35.40972023001166" lon="-83.59939513264618">
				<ele>564.9812370240688</ele>
				<time>2025-11-15T18:08:55Z</time>
			</trkpt>
			<trkpt lat="35.40973948691132" lon="-83.59942067477905">
				<ele>562.9934051055461</ele>
				<time>2025-11-15T18:08:57Z</time>
			</trkpt>
			<trkpt lat="35.409755220583335" lon="-83.59944116614825">
				<ele>561.1987355612218</ele>
				<time>2025-11-15T18:08:59Z</time>
			</trkpt>
			<trkpt lat="35.40977136850202" lon="-83.59946219704484">
				<ele>560.4389972984791</ele>
				<time>2025-11-15T18:09:01Z</time>
			</trkpt>
			<trkpt lat="35.40978782498153" lon="-83.59948362980256">
				<ele>559.8503616498783</ele>
				<time>2025-11-15T18:09:03Z</time>
			</trkpt>
			<trkpt lat="35.40980836953774" lon="-83.59950598339945">
				<ele>562.5272424407303</ele>
				<time>2025-11-15T18:09:05Z</time>
			</trkpt>
			<trkpt lat="35.40982697734539" lon="-83.59952368139434">
				<ele>565.2688436293975</ele>
				<time>2025-11-15T18:09:07Z</time>
			</trkpt>
			<trkpt lat="35.40985700516892" lon="-83.59954649955817">
				<ele>564.1010387074202</ele>
				<time>2025-11-15T18:09:09Z</time>
			</trkpt>
			<trkpt lat="35.40989702038381" lon="-83.59954575734896">
				<ele>565.0836218930781</ele>
				<time>2025-11-15T18:09:11Z</time>
			</trkpt>
			<trkpt lat="35.409915395178416" lon="-83.59953439577076">
				<ele>565.316601537168</ele>
				<time>2025-11-15T18:09:12Z</time>
			</trkpt>
			<trkpt lat="35.40993901210527" lon="-83.59950275048476">
				<ele>565.2078233323991</ele>
				<time>2025-11-15T18:09:14Z</time>
			</trkpt>
			<trkpt lat="35.40994973286363" lon="-83.59947700287144">
				<ele>565.2658129446208</ele>
				<time>2025-11-15T18:09:15Z</time>
			</trkpt>
			<trkpt lat="35.409956951038545" lon="-83.59944784304757">
				<ele>565.9585834667087</ele>
				<time>2025-11-15T18:09:16Z</time>
			</trkpt>
			<trkpt lat="35.409964832478494" lon="-83.59940982940552">
				<ele>564.9104105522856</ele>
				<time>2025-11-15T18:09:17Z</time>
			</trkpt>
			<trkpt lat="35.409969684582435" lon="-83.59936497640541">
				<ele>565.5170756923035</ele>
				<time>2025-11-15T18:09:18Z</time>
			</trkpt>
			<trkpt lat="35.40997165375483" lon="-83.59934054081785">
				<ele>566.3012535320595</ele>
				<time>2025-11-15T18:09:19Z</time>
			</trkpt>
			<trkpt lat="35.40997233469459" lon="-83.59931332994282">
				<ele>567.4894461343065</ele>
				<time>2025-11-15T18:09:20Z</time>
			</trkpt>
			<trkpt lat="35.409971317649024" lon="-83.59928811932127">
				<ele>568.8859683303162</ele>
				<time>2025-11-15T18:09:21Z</time>
			</trkpt>
			<trkpt lat="35.4099701507316" lon="-83.59925919382646">
				<ele>569.2173001831397</ele>
				<time>2025-11-15T18:09:22Z</time>
			</trkpt>
			<trkpt lat="35.409965930933794" lon="-83.59922362442164">
				<ele>570.5535241197795</ele>
				<time>2025-11-15T18:09:23Z</time>
			</trkpt>
			<trkpt lat="35.40995927498254" lon="-83.59917675539356">
				<ele>570.3330730926245</ele>
				<time>2025-11-15T18:09:24Z</time>
			</trkpt>
			<trkpt lat="35.40995407877145" lon="-83.59913269119455">
				<ele>567.71458895877</ele>
				<time>2025-11-15T18:09:25Z</time>
			</trkpt>
			<trkpt lat="35.40995531353395" lon="-83.59908284003815">
				<ele>565.783156838268</ele>
				<time>2025-11-15T18:09:26Z</time>
			</trkpt>
			<trkpt lat="35.40997828240426" lon="-83.59905600152901">
				<ele>567.3906946834177</ele>
				<time>2025-11-15T18:09:27Z</time>
			</trkpt>
			<trkpt lat="35.40999963074806" lon="-83.5990287699861">
				<ele>565.1722790626809</ele>
				<time>2025-11-15T18:09:28Z</time>
			</trkpt>
			<trkpt lat="35.41001672983947" lon="-83.5990173827678">
				<ele>566.8573385616764</ele>
				<time>2025-11-15T18:09:29Z</time>
			</trkpt>
			<trkpt lat="35.41004292834186" lon="-83.59901973189838">
				<ele>566.7777329301462</ele>
				<time>2025-11-15T18:09:30Z</time>
			</trkpt>
			<trkpt lat="35.41007079486992" lon="-83.5989948101586">
				<ele>565.0271607441828</ele>
				<time>2025-11-15T18:09:32Z</time>
			</trkpt>
			<trkpt lat="35.41010591194213" lon="-83.5989893290963">
				<ele>563.8708586459979</ele>
				<time>2025-11-15T18:09:33Z</time>
			</trkpt>
			<trkpt lat="35.41014725867176" lon="-83.5990131919056">
				<ele>564.5197466127574</ele>
				<time>2025-11-15T18:09:34Z</time>
			</trkpt>
			<trkpt lat="35.410166773519485" lon="-83.59903217642838">
				<ele>564.8794011846185</ele>
				<time>2025-11-15T18:09:35Z</time>
			</trkpt>
			<trkpt lat="35.4101973174467" lon="-83.59903448698314">
				<ele>563.8071860177442</ele>
				<time>2025-11-15T18:09:36Z</time>
			</trkpt>
			<trkpt lat="35.41024684345907" lon="-83.59902292041379">
				<ele>564.4157081497833</ele>
				<time>2025-11-15T18:09:38Z</time>
			</trkpt>
			<trkpt lat="35.410276605957854" lon="-83.5990153447803">
				<ele>565.6054505789652</ele>
				<time>2025-11-15T18:09:39Z</time>
			</trkpt>
			<trkpt lat="35.4103073211226" lon="-83.59900645368596">
				<ele>565.8489664969966</ele>
				<time>2025-11-15T18:09:40Z</time>
			</trkpt>
			<trkpt lat="35.410357430552736" lon="-83.5989890095195">
				<ele>566.6115910252556</ele>
				<time>2025-11-15T18:09:41Z</time>
			</trkpt>
			<trkpt lat="35.4104076298691" lon="-83.59896827440751">
				<ele>568.0571146504954</ele>
				<time>2025-11-15T18:09:43Z</time>
			</trkpt>
			<trkpt lat="35.41044514408441" lon="-83.59896944552037">
				<ele>568.6836064141244</ele>
				<time>2025-11-15T18:09:44Z</time>
			</trkpt>
			<trkpt lat="35.41047019997333" lon="-83.59900091937834">
				<ele>569.1972972471267</ele>
				<time>2025-11-15T18:09:45Z</time>
			</trkpt>
			<trkpt lat="35.41049791965015" lon="-83.59901917992376">
				<ele>569.751599131152</ele>
				<time>2025-11-15T18:09:46Z</time>
			</trkpt>
			<trkpt lat="35.41053111112833" lon="-83.59902292631946">
				<ele>569.2064349846914</ele>
				<time>2025-11-15T18:09:47Z</time>
			</trkpt>
			<trkpt lat="35.41058358066826" lon="-83.59913238407229">
				<ele>566.1373366462067</ele>
				<time>2025-11-15T18:09:48Z</time>
			</trkpt>
			<trkpt lat="35.410585141582594" lon="-83.59919861551892">
				<ele>564.4925996595994</ele>
				<time>2025-11-15T18:09:49Z</time>
			</trkpt>
			<trkpt lat="35.4105851415753" lon="-83.59926341297121">
				<ele>563.3967991350219</ele>
				<time>2025-11-15T18:09:50Z</time>
			</trkpt>
			<trkpt lat="35.41058505507084" lon="-83.59932731960271">
				<ele>561.7435570554808</ele>
				<time>2025-11-15T18:09:51Z</time>
			</trkpt>
			<trkpt lat="35.41058460625015" lon="-83.59939186776282">
				<ele>561.2984070694074</ele>
				<time>2025-11-15T18:09:52Z</time>
			</trkpt>
			<trkpt lat="35.410584157929975" lon="-83.59945634574618">
				<ele>562.7269513746724</ele>
				<time>2025-11-15T18:09:53Z</time>
			</trkpt>
			<trkpt lat="35.41058451955922" lon="-83.59950669643295">
				<ele>562.2947554774582</ele>
				<time>2025-11-15T18:09:54Z</time>
			</trkpt>
			<trkpt lat="35.41059401781945" lon="-83.59954516100734">
				<ele>563.0019577248022</ele>
				<time>2025-11-15T18:09:55Z</time>
			</trkpt>
			<trkpt lat="35.41059978386708" lon="-83.59960675292294">
				<ele>563.5070793423802</ele>
				<time>2025-11-15T18:09:56Z</time>
			</trkpt>
			<trkpt lat="35.41060783980629" lon="-83.5996688411497">
				<ele>563.9361295802519</ele>
				<time>2025-11-15T18:09:57Z</time>
			</trkpt>
			<trkpt lat="35.410627454046654" lon="-83.59973685041024">
				<ele>562.5812855996192</ele>
				<time>2025-11-15T18:09:58Z</time>
			</trkpt>
			<trkpt lat="35.41064817927339" lon="-83.59980375106493">
				<ele>562.4832876855507</ele>
				<time>2025-11-15T18:09:59Z</time>
			</trkpt>
			<trkpt lat="35.41066519235753" lon="-83.59986636922805">
				<ele>562.8609971636906</ele>
				<time>2025-11-15T18:10:00Z</time>
			</trkpt>
			<trkpt lat="35.410674145629336" lon="-83.59993430428226">
				<ele>562.8548833029345</ele>
				<time>2025-11-15T18:10:01Z</time>
			</trkpt>
			<trkpt lat="35.410670823611575" lon="-83.59999746399687">
				<ele>563.5384975438938</ele>
				<time>2025-11-15T18:10:02Z</time>
			</trkpt>
			<trkpt lat="35.41067445044594" lon="-83.60006986805628">
				<ele>564.0018913559616</ele>
				<time>2025-11-15T18:10:03Z</time>
			</trkpt>
			<trkpt lat="35.410674314374134" lon="-83.6001271658062">
				<ele>564.0288109481335</ele>
				<time>2025-11-15T18:10:04Z</time>
			</trkpt>
			<trkpt lat="35.410677352208324" lon="-83.60018131746374">
				<ele>563.3018092699349</ele>
				<time>2025-11-15T18:10:05Z</time>
			</trkpt>
			<trkpt lat="35.41066853971687" lon="-83.60022072957491">
				<ele>562.1898630745709</ele>
				<time>2025-11-15T18:10:06Z</time>
			</trkpt>
			<trkpt lat="35.41065730410869" lon="-83.60025426518">
				<ele>561.2049072152004</ele>
				<time>2025-11-15T18:10:07Z</time>
			</trkpt>
			<trkpt lat="35.41064508682018" lon="-83.60029057328269">
				<ele>561.9960716860369</ele>
				<time>2025-11-15T18:10:08Z</time>
			</trkpt>
			<trkpt lat="35.41062886542068" lon="-83.60033329929843">
				<ele>561.8024080190808</ele>
				<time>2025-11-15T18:10:09Z</time>
			</trkpt>
			<trkpt lat="35.4106127515818" lon="-83.6003757420105">
				<ele>561.2419120864943</ele>
				<time>2025-11-15T18:10:10Z</time>
			</trkpt>
			<trkpt lat="35.41059544353122" lon="-83.60042203873898">
				<ele>561.8989958390594</ele>
				<time>2025-11-15T18:10:11Z</time>
			</trkpt>
			<trkpt lat="35.41057907467819" lon="-83.60046744660555">
				<ele>561.8135316260159</ele>
				<time>2025-11-15T18:10:12Z</time>
			</trkpt>
			<trkpt lat="35.410563208510574" lon="-83.60051145990965">
				<ele>561.6460621794686</ele>
				<time>2025-11-15T18:10:13Z</time>
			</trkpt>
			<trkpt lat="35.41054595608922" lon="-83.60056584578012">
				<ele>562.265820720233</ele>
				<time>2025-11-15T18:10:14Z</time>
			</trkpt>
			<trkpt lat="35.410532099025986" lon="-83.60061094275636">
				<ele>561.0976909007877</ele>
				<time>2025-11-15T18:10:15Z</time>
			</trkpt>
			<trkpt lat="35.410521494613874" lon="-83.60064688814404">
				<ele>562.6872603716329</ele>
				<time>2025-11-15T18:10:16Z</time>
			</trkpt>
			<trkpt lat="35.41050835314764" lon="-83.60069352741777">
				<ele>563.0790275828913</ele>
				<time>2025-11-15T18:10:17Z</time>
			</trkpt>
			<trkpt lat="35.4104945493492" lon="-83.60074439497028">
				<ele>562.0900147650391</ele>
				<time>2025-11-15T18:10:18Z</time>
			</trkpt>
			<trkpt lat="35.410484400465904" lon="-83.6007905503056">
				<ele>560.2759349104017</ele>
				<time>2025-11-15T18:10:19Z</time>
			</trkpt>
			<trkpt lat="35.41047367957443" lon="-83.60084060207393">
				<ele>561.3660541977733</ele>
				<time>2025-11-15T18:10:20Z</time>
			</trkpt>
			<trkpt lat="35.410466824567166" lon="-83.60088688470275">
				<ele>559.7261454379186</ele>
				<time>2025-11-15T18:10:21Z</time>
			</trkpt>
			<trkpt lat="35.41046140213478" lon="-83.60092349486467">
				<ele>561.3109277617186</ele>
				<time>2025-11-15T18:10:22Z</time>
			</trkpt>
			<trkpt lat="35.41045657775538" lon="-83.60096596218173">
				<ele>562.7622289834544</ele>
				<time>2025-11-15T18:10:23Z</time>
			</trkpt>
			<trkpt lat="35.4104529289276" lon="-83.60100293456308">
				<ele>562.2684147534892</ele>
				<time>2025-11-15T18:10:24Z</time>
			</trkpt>
			<trkpt lat="35.410449752602915" lon="-83.6010363241004">
				<ele>563.1774837644771</ele>
				<time>2025-11-15T18:10:25Z</time>
			</trkpt>
			<trkpt lat="35.41044791959261" lon="-83.60106538561139">
				<ele>563.5180276585743</ele>
				<time>2025-11-15T18:10:26Z</time>
			</trkpt>
			<trkpt lat="35.410446440426014" lon="-83.60108883713669">
				<ele>563.3345070034266</ele>
				<time>2025-11-15T18:10:27Z</time>
			</trkpt>
			<trkpt lat="35.410437695342985" lon="-83.60111511363229">
				<ele>564.3398617925122</ele>
				<time>2025-11-15T18:10:28Z</time>
			</trkpt>
			<trkpt lat="35.41043653087571" lon="-83.6011434752944">
				<ele>565.087573592551</ele>
				<time>2025-11-15T18:10:29Z</time>
			</trkpt>
			<trkpt lat="35.41043329066545" lon="-83.60116624421612">
				<ele>566.4453874751925</ele>
				<time>2025-11-15T18:10:30Z</time>
			</trkpt>
			<trkpt lat="35.41043612202633" lon="-83.60119629384405">
				<ele>564.5063927667215</ele>
				<time>2025-11-15T18:10:31Z</time>
			</trkpt>
			<trkpt lat="35.410433602052734" lon="-83.60121924304202">
				<ele>563.1672536097467</ele>
				<time>2025-11-15T18:10:32Z</time>
			</trkpt>
			<trkpt lat="35.41043457307778" lon="-83.60124673940106">
				<ele>564.5241653649136</ele>
				<time>2025-11-15T18:10:33Z</time>
			</trkpt>
			<trkpt lat="35.41044947370377" lon="-83.60128871321298">
				<ele>562.6550308996812</ele>
				<time>2025-11-15T18:10:34Z</time>
			</trkpt>
			<trkpt lat="35.41046963397731" lon="-83.60132112210043">
				<ele>563.3301680544391</ele>
				<time>2025-11-15T18:10:35Z</time>
			</trkpt>
			<trkpt lat="35.41048733037362" lon="-83.60134401821936">
				<ele>563.140323497355</ele>
				<time>2025-11-15T18:10:36Z</time>
			</trkpt>
			<trkpt lat="35.41051063265986" lon="-83.60136708925758">
				<ele>562.800434092991</ele>
				<time>2025-11-15T18:10:37Z</time>
			</trkpt>
			<trkpt lat="35.410538546615506" lon="-83.60138795280211">
				<ele>562.7875806000084</ele>
				<time>2025-11-15T18:10:38Z</time>
			</trkpt>
			<trkpt lat="35.41057955874562" lon="-83.60140339934615">
				<ele>562.0923049077392</ele>
				<time>2025-11-15T18:10:39Z</time>
			</trkpt>
			<trkpt lat="35.41061314259071" lon="-83.60140948997261">
				<ele>561.95420757588</ele>
				<time>2025-11-15T18:10:40Z</time>
			</trkpt>
			<trkpt lat="35.410656676563946" lon="-83.60141831176038">
				<ele>561.6052002217621</ele>
				<time>2025-11-15T18:10:41Z</time>
			</trkpt>
			<trkpt lat="35.410688716414015" lon="-83.60144024164028">
				<ele>562.0829761438072</ele>
				<time>2025-11-15T18:10:42Z</time>
			</trkpt>
			<trkpt lat="35.41069913312886" lon="-83.60145849532151">
				<ele>563.0704609723762</ele>
				<time>2025-11-15T18:10:43Z</time>
			</trkpt>
			<trkpt lat="35.41071630482563" lon="-83.6014796504413">
				<ele>563.5610495712608</ele>
				<time>2025-11-15T18:10:44Z</time>
			</trkpt>
			<trkpt lat="35.41073374356098" lon="-83.60151672126895">
				<ele>564.2991969548166</ele>
				<time>2025-11-15T18:10:45Z</time>
			</trkpt>
			<trkpt lat="35.410750733092" lon="-83.6015531451085">
				<ele>564.0601087259129</ele>
				<time>2025-11-15T18:10:46Z</time>
			</trkpt>
			<trkpt lat="35.41077262799423" lon="-83.60159163940594">
				<ele>564.0107508106157</ele>
				<time>2025-11-15T18:10:47Z</time>
			</trkpt>
			<trkpt lat="35.41079482473888" lon="-83.60163602363696">
				<ele>562.6604767926037</ele>
				<time>2025-11-15T18:10:48Z</time>
			</trkpt>
			<trkpt lat="35.41081565310514" lon="-83.60167139259015">
				<ele>562.9681568061933</ele>
				<time>2025-11-15T18:10:49Z</time>
			</trkpt>
			<trkpt lat="35.41084326673871" lon="-83.60171667533994">
				<ele>563.3416504925117</ele>
				<time>2025-11-15T18:10:50Z</time>
			</trkpt>
			<trkpt lat="35.41086080061832" lon="-83.60175885171009">
				<ele>564.0524344136938</ele>
				<time>2025-11-15T18:10:51Z</time>
			</trkpt>
			<trkpt lat="35.41086776540108" lon="-83.60181663220186">
				<ele>563.399250401184</ele>
				<time>2025-11-15T18:10:52Z</time>
			</trkpt>
			<trkpt lat="35.41087229532993" lon="-83.60187274843076">
				<ele>563.2244076766074</ele>
				<time>2025-11-15T18:10:53Z</time>
			</trkpt>
			<trkpt lat="35.41086086202953" lon="-83.6019147970138">
				<ele>563.2893052371219</ele>
				<time>2025-11-15T18:10:54Z</time>
			</trkpt>
			<trkpt lat="35.41085480929492" lon="-83.60195565921315">
				<ele>563.5616624783725</ele>
				<time>2025-11-15T18:10:55Z</time>
			</trkpt>
			<trkpt lat="35.410856271213035" lon="-83.6020006877764">
				<ele>562.0917087858543</ele>
				<time>2025-11-15T18:10:56Z</time>
			</trkpt>
			<trkpt lat="35.41084650442608" lon="-83.60203037924212">
				<ele>563.7840822590515</ele>
				<time>2025-11-15T18:10:57Z</time>
			</trkpt>
			<trkpt lat="35.41083909537963" lon="-83.60206405569429">
				<ele>563.3493576105684</ele>
				<time>2025-11-15T18:10:58Z</time>
			</trkpt>
			<trkpt lat="35.410826837220256" lon="-83.60209679324915">
				<ele>563.9679847862571</ele>
				<time>2025-11-15T18:10:59Z</time>
			</trkpt>
			<trkpt lat="35.41082027863461" lon="-83.60214052233748">
				<ele>564.5842271121219</ele>
				<time>2025-11-15T18:11:00Z</time>
			</trkpt>
			<trkpt lat="35.41081348934033" lon="-83.60217887152271">
				<ele>565.4237166307867</ele>
				<time>2025-11-15T18:11:01Z</time>
			</trkpt>
			<trkpt lat="35.410797751149595" lon="-83.60221418120331">
				<ele>566.7480606175959</ele>
				<time>2025-11-15T18:11:02Z</time>
			</trkpt>
			<trkpt lat="35.41079842702381" lon="-83.6022465377817">
				<ele>565.594747191295</ele>
				<time>2025-11-15T18:11:03Z</time>
			</trkpt>
			<trkpt lat="35.41079782406839" lon="-83.60228441902484">
				<ele>566.1493314132094</ele>
				<time>2025-11-15T18:11:04Z</time>
			</trkpt>
			<trkpt lat="35.41079683731143" lon="-83.60231933226646">
				<ele>566.2344504417852</ele>
				<time>2025-11-15T18:11:05Z</time>
			</trkpt>
			<trkpt lat="35.410785466206775" lon="-83.6023488264448">
				<ele>568.9031050996855</ele>
				<time>2025-11-15T18:11:06Z</time>
			</trkpt>
			<trkpt lat="35.41077395297393" lon="-83.60238193364002">
				<ele>569.2070495160297</ele>
				<time>2025-11-15T18:11:07Z</time>
			</trkpt>
			<trkpt lat="35.41076364162601" lon="-83.60241479285517">
				<ele>567.421374771744</ele>
				<time>2025-11-15T18:11:08Z</time>
			</trkpt>
			<trkpt lat="35.41075131162333" lon="-83.60243929973686">
				<ele>567.0448649190366</ele>
				<time>2025-11-15T18:11:09Z</time>
			</trkpt>
			<trkpt lat="35.410740985839176" lon="-83.6024645128417">
				<ele>565.7496883813292</ele>
				<time>2025-11-15T18:11:10Z</time>
			</trkpt>
			<trkpt lat="35.410725335738974" lon="-83.60248555787992">
				<ele>566.7116255061701</ele>
				<time>2025-11-15T18:11:11Z</time>
			</trkpt>
			<trkpt lat="35.41071770917748" lon="-83.60250995512762">
				<ele>564.7987397331744</ele>
				<time>2025-11-15T18:11:12Z</time>
			</trkpt>
			<trkpt lat="35.41069895008177" lon="-83.602532126235">
				<ele>566.15983209759</ele>
				<time>2025-11-15T18:11:13Z</time>
			</trkpt>
			<trkpt lat="35.41068576544291" lon="-83.60256311894427">
				<ele>564.5385883748531</ele>
				<time>2025-11-15T18:11:14Z</time>
			</trkpt>
			<trkpt lat="35.41067775292473" lon="-83.6025904177113">
				<ele>563.9473574534059</ele>
				<time>2025-11-15T18:11:15Z</time>
			</trkpt>
			<trkpt lat="35.41066962982853" lon="-83.60261037024728">
				<ele>563.0648788921535</ele>
				<time>2025-11-15T18:11:16Z</time>
			</trkpt>
			<trkpt lat="35.410654528358805" lon="-83.60263318301952">
				<ele>562.44349009078</ele>
				<time>2025-11-15T18:11:17Z</time>
			</trkpt>
			<trkpt lat="35.41063873064176" lon="-83.60265152889345">
				<ele>562.9262226130813</ele>
				<time>2025-11-15T18:11:18Z</time>
			</trkpt>
			<trkpt lat="35.410629317349674" lon="-83.60267520694164">
				<ele>561.7747426712885</ele>
				<time>2025-11-15T18:11:19Z</time>
			</trkpt>
			<trkpt lat="35.410615215409265" lon="-83.6026938190377">
				<ele>562.5999592756853</ele>
				<time>2025-11-15T18:11:20Z</time>
			</trkpt>
			<trkpt lat="35.41060347022196" lon="-83.60271164465559">
				<ele>562.6225411007181</ele>
				<time>2025-11-15T18:11:21Z</time>
			</trkpt>
			<trkpt lat="35.41058484578067" lon="-83.60274553562361">
				<ele>563.1477268738672</ele>
				<time>2025-11-15T18:11:23Z</time>
			</trkpt>
			<trkpt lat="35.410578561623865" lon="-83.60277414059637">
				<ele>561.8978798249736</ele>
				<time>2025-11-15T18:11:24Z</time>
			</trkpt>
			<trkpt lat="35.410565616722245" lon="-83.60280777232634">
				<ele>563.3267545616254</ele>
				<time>2025-11-15T18:11:26Z</time>
			</trkpt>
			<trkpt lat="35.410568578031366" lon="-83.6028302307008">
				<ele>561.7081093350425</ele>
				<time>2025-11-15T18:11:27Z</time>
			</trkpt>
			<trkpt lat="35.41055745537549" lon="-83.60286520499587">
				<ele>562.8134953407571</ele>
				<time>2025-11-15T18:11:29Z</time>
			</trkpt>
			<trkpt lat="35.41053968340709" lon="-83.60290217830492">
				<ele>564.1496812878177</ele>
				<time>2025-11-15T18:11:31Z</time>
			</trkpt>
			<trkpt lat="35.41052808523094" lon="-83.60292085792699">
				<ele>564.2785952426493</ele>
				<time>2025-11-15T18:11:32Z</time>
			</trkpt>
			<trkpt lat="35.410523059315935" lon="-83.60294210767363">
				<ele>564.0658027026802</ele>
				<time>2025-11-15T18:11:33Z</time>
			</trkpt>
			<trkpt lat="35.41052206786889" lon="-83.6029807449209">
				<ele>563.1010078433901</ele>
				<time>2025-11-15T18:11:35Z</time>
			</trkpt>
			<trkpt lat="35.41052859517065" lon="-83.60302193961394">
				<ele>562.2045548120514</ele>
				<time>2025-11-15T18:11:37Z</time>
			</trkpt>
			<trkpt lat="35.41052770619505" lon="-83.60306253904311">
				<ele>563.5031601581722</ele>
				<time>2025-11-15T18:11:39Z</time>
			</trkpt>
			<trkpt lat="35.410515010674004" lon="-83.60309017892295">
				<ele>567.6370427226648</ele>
				<time>2025-11-15T18:11:41Z</time>
			</trkpt>
			<trkpt lat="35.41051046749249" lon="-83.60311939283224">
				<ele>568.0815024450421</ele>
				<time>2025-11-15T18:11:43Z</time>
			</trkpt>
			<trkpt lat="35.41050801928305" lon="-83.60314294477985">
				<ele>567.4750397922471</ele>
				<time>2025-11-15T18:11:44Z</time>
			</trkpt>
			<trkpt lat="35.410514484105676" lon="-83.60317515392225">
				<ele>566.6263733822852</ele>
				<time>2025-11-15T18:11:46Z</time>
			</trkpt>
			<trkpt lat="35.41052128643174" lon="-83.60319699231513">
				<ele>567.8596099466085</ele>
				<time>2025-11-15T18:11:48Z</time>
			</trkpt>
			<trkpt lat="35.4105299538708" lon="-83.60323103845279">
				<ele>565.8852103482932</ele>
				<time>2025-11-15T18:11:50Z</time>
			</trkpt>
			<trkpt lat="35.410535239974976" lon="-83.60326090385">
				<ele>564.9091570451856</ele>
				<time>2025-11-15T18:11:53Z</time>
			</trkpt>
			<trkpt lat="35.41055224971716" lon="-83.60329538165183">
				<ele>565.1547101205215</ele>
				<time>2025-11-15T18:11:55Z</time>
			</trkpt>
			<trkpt lat="35.41058118762624" lon="-83.60333484235765">
				<ele>563.198738284409</ele>
				<time>2025-11-15T18:11:57Z</time>
			</trkpt>
			<trkpt lat="35.41062095935184" lon="-83.60337329406293">
				<ele>563.7295404011384</ele>
				<time>2025-11-15T18:11:59Z</time>
			</trkpt>
			<trkpt lat="35.41066421521004" lon="-83.60340168378335">
				<ele>564.0615349393338</ele>
				<time>2025-11-15T18:12:01Z</time>
			</trkpt>
			<trkpt lat="35.41069394660441" lon="-83.60341905679711">
				<ele>565.449134549126</ele>
				<time>2025-11-15T18:12:02Z</time>
			</trkpt>
			<trkpt lat="35.41071859193311" lon="-83.60343134689913">
				<ele>565.1549920663238</ele>
				<time>2025-11-15T18:12:03Z</time>
			</trkpt>
			<trkpt lat="35.410740185710786" lon="-83.60344889399275">
				<ele>565.9563944963738</ele>
				<time>2025-11-15T18:12:04Z</time>
			</trkpt>
			<trkpt lat="35.410765203861" lon="-83.60348173074969">
				<ele>565.9453760962933</ele>
				<time>2025-11-15T18:12:05Z</time>
			</trkpt>
			<trkpt lat="35.410770197614646" lon="-83.60351242863592">
				<ele>567.480757704936</ele>
				<time>2025-11-15T18:12:06Z</time>
			</trkpt>
			<trkpt lat="35.410778661235426" lon="-83.60355019145676">
				<ele>569.5318785095587</ele>
				<time>2025-11-15T18:12:08Z</time>
			</trkpt>
			<trkpt lat="35.410799675784794" lon="-83.60358874378629">
				<ele>566.9156101746485</ele>
				<time>2025-11-15T18:12:10Z</time>
			</trkpt>
			<trkpt lat="35.41081423988826" lon="-83.60360866407711">
				<ele>566.7703420240432</ele>
				<time>2025-11-15T18:12:11Z</time>
			</trkpt>
			<trkpt lat="35.41083500596401" lon="-83.6036393349141">
				<ele>568.1307025691494</ele>
				<time>2025-11-15T18:12:13Z</time>
			</trkpt>
			<trkpt lat="35.410853644044956" lon="-83.60367378575293">
				<ele>569.9948729854077</ele>
				<time>2025-11-15T18:12:14Z</time>
			</trkpt>
			<trkpt lat="35.410866922430245" lon="-83.60369783727745">
				<ele>567.5746271237731</ele>
				<time>2025-11-15T18:12:15Z</time>
			</trkpt>
			<trkpt lat="35.41088657742547" lon="-83.60372624493398">
				<ele>568.2091715950519</ele>
				<time>2025-11-15T18:12:16Z</time>
			</trkpt>
			<trkpt lat="35.41090114829224" lon="-83.60374843819821">
				<ele>568.6060948418453</ele>
				<time>2025-11-15T18:12:17Z</time>
			</trkpt>
			<trkpt lat="35.410914749898375" lon="-83.60378778529558">
				<ele>567.2622810928151</ele>
				<time>2025-11-15T18:12:18Z</time>
			</trkpt>
			<trkpt lat="35.41092959769665" lon="-83.60383340539154">
				<ele>567.8657431779429</ele>
				<time>2025-11-15T18:12:20Z</time>
			</trkpt>
			<trkpt lat="35.41093979027733" lon="-83.60386269209503">
				<ele>566.6034684702754</ele>
				<time>2025-11-15T18:12:21Z</time>
			</trkpt>
			<trkpt lat="35.41094914816601" lon="-83.60388853338154">
				<ele>565.7916380483657</ele>
				<time>2025-11-15T18:12:22Z</time>
			</trkpt>
			<trkpt lat="35.41095709153348" lon="-83.6039168239953">
				<ele>565.4010267965496</ele>
				<time>2025-11-15T18:12:23Z</time>
			</trkpt>
			<trkpt lat="35.41096426093553" lon="-83.6039386121794">
				<ele>565.1639533024281</ele>
				<time>2025-11-15T18:12:24Z</time>
			</trkpt>
			<trkpt lat="35.41098232252615" lon="-83.6039767895576">
				<ele>565.1185918552801</ele>
				<time>2025-11-15T18:12:26Z</time>
			</trkpt>
			<trkpt lat="35.41099485693604" lon="-83.6040093465318">
				<ele>563.6722787125036</ele>
				<time>2025-11-15T18:12:27Z</time>
			</trkpt>
			<trkpt lat="35.41099780888542" lon="-83.60403222425484">
				<ele>564.2619407046586</ele>
				<time>2025-11-15T18:12:28Z</time>
			</trkpt>
			<trkpt lat="35.41100384335783" lon="-83.60406472374908">
				<ele>564.1215162668377</ele>
				<time>2025-11-15T18:12:29Z</time>
			</trkpt>
			<trkpt lat="35.411016719805424" lon="-83.60410837442244">
				<ele>564.10098944325</ele>
				<time>2025-11-15T18:12:31Z</time>
			</trkpt>
			<trkpt lat="35.411026101624536" lon="-83.60413601927596">
				<ele>564.3071896191686</ele>
				<time>2025-11-15T18:12:32Z</time>
			</trkpt>
			<trkpt lat="35.41103714047596" lon="-83.60416356777804">
				<ele>564.7227355353534</ele>
				<time>2025-11-15T18:12:33Z</time>
			</trkpt>
			<trkpt lat="35.411056521388666" lon="-83.60420853991845">
				<ele>565.3616180429235</ele>
				<time>2025-11-15T18:12:34Z</time>
			</trkpt>
			<trkpt lat="35.41109634939738" lon="-83.60428256069473">
				<ele>566.380221132189</ele>
				<time>2025-11-15T18:12:36Z</time>
			</trkpt>
			<trkpt lat="35.41111853424111" lon="-83.60432248635502">
				<ele>566.4482074631378</ele>
				<time>2025-11-15T18:12:37Z</time>
			</trkpt>
			<trkpt lat="35.41113240873313" lon="-83.60435778015015">
				<ele>566.498302240856</ele>
				<time>2025-11-15T18:12:38Z</time>
			</trkpt>
			<trkpt lat="35.41114728816125" lon="-83.60439290574911">
				<ele>566.474900720641</ele>
				<time>2025-11-15T18:12:39Z</time>
			</trkpt>
			<trkpt lat="35.41116043932819" lon="-83.60442105478465">
				<ele>567.2266821013764</ele>
				<time>2025-11-15T18:12:40Z</time>
			</trkpt>
			<trkpt lat="35.41117323018511" lon="-83.60444843286785">
				<ele>567.7987344097346</ele>
				<time>2025-11-15T18:12:41Z</time>
			</trkpt>
			<trkpt lat="35.41119029993804" lon="-83.60446715034642">
				<ele>567.007210707292</ele>
				<time>2025-11-15T18:12:42Z</time>
			</trkpt>
			<trkpt lat="35.41122131101847" lon="-83.60448896101217">
				<ele>566.6308279577643</ele>
				<time>2025-11-15T18:12:43Z</time>
			</trkpt>
			<trkpt lat="35.411243215138214" lon="-83.60449004614986">
				<ele>566.7304602302611</ele>
				<time>2025-11-15T18:12:44Z</time>
			</trkpt>
			<trkpt lat="35.41131143525776" lon="-83.60448274862718">
				<ele>566.2488804711029</ele>
				<time>2025-11-15T18:12:45Z</time>
			</trkpt>
			<trkpt lat="35.41134873416013" lon="-83.60443919676277">
				<ele>565.3450143719092</ele>
				<time>2025-11-15T18:12:46Z</time>
			</trkpt>
			<trkpt lat="35.41137080895556" lon="-83.60441532154037">
				<ele>564.9518296625465</ele>
				<time>2025-11-15T18:12:47Z</time>
			</trkpt>
			<trkpt lat="35.41138788981781" lon="-83.60435803776367">
				<ele>564.6343022212386</ele>
				<time>2025-11-15T18:12:48Z</time>
			</trkpt>
			<trkpt lat="35.41141872278942" lon="-83.60433027971122">
				<ele>563.8032226841897</ele>
				<time>2025-11-15T18:12:50Z</time>
			</trkpt>
			<trkpt lat="35.411446714089976" lon="-83.60431459430627">
				<ele>563.9974617222324</ele>
				<time>2025-11-15T18:12:52Z</time>
			</trkpt>
			<trkpt lat="35.41146683329936" lon="-83.60431060002975">
				<ele>565.8737841015682</ele>
				<time>2025-11-15T18:12:55Z</time>
			</trkpt>
			<trkpt lat="35.41149395836405" lon="-83.60430885613283">
				<ele>568.448065565899</ele>
				<time>2025-11-15T18:12:57Z</time>
			</trkpt>
			<trkpt lat="35.41151460872961" lon="-83.60430850965105">
				<ele>568.9383451603353</ele>
				<time>2025-11-15T18:12:58Z</time>
			</trkpt>
			<trkpt lat="35.41154135971416" lon="-83.6043016907891">
				<ele>571.3834854122251</ele>
				<time>2025-11-15T18:13:00Z</time>
			</trkpt>
			<trkpt lat="35.4115622355637" lon="-83.60429561613532">
				<ele>569.8924198821187</ele>
				<time>2025-11-15T18:13:01Z</time>
			</trkpt>
			<trkpt lat="35.41159819876539" lon="-83.60429475275635">
				<ele>569.0846669543535</ele>
				<time>2025-11-15T18:13:03Z</time>
			</trkpt>
			<trkpt lat="35.411617294748375" lon="-83.60428516443991">
				<ele>568.9198254058138</ele>
				<time>2025-11-15T18:13:04Z</time>
			</trkpt>
			<trkpt lat="35.41163637476293" lon="-83.6042776771287">
				<ele>568.9650888275355</ele>
				<time>2025-11-15T18:13:05Z</time>
			</trkpt>
			<trkpt lat="35.4116654058278" lon="-83.60426984071893">
				<ele>567.3580501480028</ele>
				<time>2025-11-15T18:13:07Z</time>
			</trkpt>
			<trkpt lat="35.41168485495842" lon="-83.60425949529039">
				<ele>566.3612130954862</ele>
				<time>2025-11-15T18:13:10Z</time>
			</trkpt>
			<trkpt lat="35.41171090672636" lon="-83.60425145635676">
				<ele>564.9306663321331</ele>
				<time>2025-11-15T18:13:13Z</time>
			</trkpt>
			<trkpt lat="35.41173581066275" lon="-83.60423827881462">
				<ele>564.4569172691554</ele>
				<time>2025-11-15T18:13:15Z</time>
			</trkpt>
			<trkpt lat="35.41177834605425" lon="-83.60423131480395">
				<ele>562.9847295014188</ele>
				<time>2025-11-15T18:13:17Z</time>
			</trkpt>
			<trkpt lat="35.41179778919134" lon="-83.60422501680358">
				<ele>563.1613721149042</ele>
				<time>2025-11-15T18:13:18Z</time>
			</trkpt>
			<trkpt lat="35.411828984513484" lon="-83.60422344663797">
				<ele>563.2279490418732</ele>
				<time>2025-11-15T18:13:19Z</time>
			</trkpt>
			<trkpt lat="35.411849317071145" lon="-83.60422439384546">
				<ele>563.5972969401628</ele>
				<time>2025-11-15T18:13:20Z</time>
			</trkpt>
			<trkpt lat="35.411883090131326" lon="-83.60423966190767">
				<ele>562.4899351317436</ele>
				<time>2025-11-15T18:13:22Z</time>
			</trkpt>
			<trkpt lat="35.411906908370916" lon="-83.60425922847487">
				<ele>563.9586537573487</ele>
				<time>2025-11-15T18:13:23Z</time>
			</trkpt>
			<trkpt lat="35.41193496670305" lon="-83.60428556230154">
				<ele>562.5714260786772</ele>
				<time>2025-11-15T18:13:24Z</time>
			</trkpt>
			<trkpt lat="35.411954148357744" lon="-83.60433410315828">
				<ele>565.0250608213246</ele>
				<time>2025-11-15T18:13:25Z</time>
			</trkpt>
			<trkpt lat="35.41197827960388" lon="-83.60437873248895">
				<ele>563.4566738195717</ele>
				<time>2025-11-15T18:13:26Z</time>
			</trkpt>
			<trkpt lat="35.411987125551484" lon="-83.60441452505088">
				<ele>563.7120622452348</ele>
				<time>2025-11-15T18:13:27Z</time>
			</trkpt>
			<trkpt lat="35.41199278135259" lon="-83.60444701126907">
				<ele>564.3327573379502</ele>
				<time>2025-11-15T18:13:28Z</time>
			</trkpt>
			<trkpt lat="35.4120013972944" lon="-83.60449682416998">
				<ele>564.3046544399112</ele>
				<time>2025-11-15T18:13:29Z</time>
			</trkpt>
			<trkpt lat="35.411999966242035" lon="-83.60456465680073">
				<ele>566.1859131194651</ele>
				<time>2025-11-15T18:13:30Z</time>
			</trkpt>
			<trkpt lat="35.412002940728364" lon="-83.60463749421729">
				<ele>566.7824597591534</ele>
				<time>2025-11-15T18:13:31Z</time>
			</trkpt>
			<trkpt lat="35.41200288170437" lon="-83.60469653691285">
				<ele>567.1266209883615</ele>
				<time>2025-11-15T18:13:33Z</time>
			</trkpt>
			<trkpt lat="35.412001066835614" lon="-83.60474406842025">
				<ele>565.6921523436904</ele>
				<time>2025-11-15T18:13:34Z</time>
			</trkpt>
			<trkpt lat="35.41199108086203" lon="-83.60482350279652">
				<ele>565.3541870517656</ele>
				<time>2025-11-15T18:13:35Z</time>
			</trkpt>
			<trkpt lat="35.41198220623776" lon="-83.60491453556776">
				<ele>564.1552867544815</ele>
				<time>2025-11-15T18:13:36Z</time>
			</trkpt>
			<trkpt lat="35.41198187012811" lon="-83.60499827366857">
				<ele>562.9266536878422</ele>
				<time>2025-11-15T18:13:37Z</time>
			</trkpt>
			<trkpt lat="35.41198505609375" lon="-83.60507573405322">
				<ele>562.351655784063</ele>
				<time>2025-11-15T18:13:38Z</time>
			</trkpt>
			<trkpt lat="35.41198009944029" lon="-83.60514742909966">
				<ele>563.2038841582835</ele>
				<time>2025-11-15T18:13:39Z</time>
			</trkpt>
			<trkpt lat="35.411964439377925" lon="-83.60522306163712">
				<ele>562.5373720601201</ele>
				<time>2025-11-15T18:13:40Z</time>
			</trkpt>
			<trkpt lat="35.411920642494366" lon="-83.60532205234593">
				<ele>562.0895502557978</ele>
				<time>2025-11-15T18:13:41Z</time>
			</trkpt>
			<trkpt lat="35.41188142170889" lon="-83.60542357079987">
				<ele>560.9549264116213</ele>
				<time>2025-11-15T18:13:42Z</time>
			</trkpt>
			<trkpt lat="35.411868544227936" lon="-83.60552681736979">
				<ele>559.1240078452975</ele>
				<time>2025-11-15T18:13:43Z</time>
			</trkpt>
			<trkpt lat="35.411845110195415" lon="-83.60561610655537">
				<ele>558.1030213134363</ele>
				<time>2025-11-15T18:13:44Z</time>
			</trkpt>
			<trkpt lat="35.41181377037563" lon="-83.60570547412603">
				<ele>557.0190907372162</ele>
				<time>2025-11-15T18:13:45Z</time>
			</trkpt>
			<trkpt lat="35.41177422279037" lon="-83.6058071802904">
				<ele>556.0899861855432</ele>
				<time>2025-11-15T18:13:46Z</time>
			</trkpt>
			<trkpt lat="35.411744494885895" lon="-83.60590862361853">
				<ele>554.6391526302323</ele>
				<time>2025-11-15T18:13:47Z</time>
			</trkpt>
			<trkpt lat="35.41173754288916" lon="-83.60601370269552">
				<ele>553.7258986728266</ele>
				<time>2025-11-15T18:13:48Z</time>
			</trkpt>
			<trkpt lat="35.41174849067385" lon="-83.6060999158954">
				<ele>553.6009457912296</ele>
				<time>2025-11-15T18:13:49Z</time>
			</trkpt>
			<trkpt lat="35.41176547346275" lon="-83.6061684527066">
				<ele>553.5035055940971</ele>
				<time>2025-11-15T18:13:50Z</time>
			</trkpt>
			<trkpt lat="35.41180623842223" lon="-83.6062181421877">
				<ele>552.4549949262291</ele>
				<time>2025-11-15T18:13:51Z</time>
			</trkpt>
			<trkpt lat="35.411847178498405" lon="-83.6062531292805">
				<ele>552.1780339013785</ele>
				<time>2025-11-15T18:13:52Z</time>
			</trkpt>
			<trkpt lat="35.411890647917254" lon="-83.60628146041628">
				<ele>553.0372479120269</ele>
				<time>2025-11-15T18:13:53Z</time>
			</trkpt>
			<trkpt lat="35.411928746266554" lon="-83.60630937183043">
				<ele>553.4204499386251</ele>
				<time>2025-11-15T18:13:54Z</time>
			</trkpt>
			<trkpt lat="35.41195315792742" lon="-83.60632106254627">
				<ele>554.0967564992607</ele>
				<time>2025-11-15T18:13:55Z</time>
			</trkpt>
			<trkpt lat="35.4119694889856" lon="-83.60633074889574">
				<ele>554.852744769305</ele>
				<time>2025-11-15T18:13:56Z</time>
			</trkpt>
			<trkpt lat="35.411995314054174" lon="-83.6063616676377">
				<ele>555.1584531646222</ele>
				<time>2025-11-15T18:13:58Z</time>
			</trkpt>
			<trkpt lat="35.412013303502356" lon="-83.60638234097212">
				<ele>557.0136812087148</ele>
				<time>2025-11-15T18:14:00Z</time>
			</trkpt>
			<trkpt lat="35.41204513813579" lon="-83.60639388343121">
				<ele>557.0866222372279</ele>
				<time>2025-11-15T18:14:02Z</time>
			</trkpt>
			<trkpt lat="35.412071136454" lon="-83.60639755493106">
				<ele>555.8211483554915</ele>
				<time>2025-11-15T18:14:04Z</time>
			</trkpt>
			<trkpt lat="35.412105595030965" lon="-83.60639164775212">
				<ele>554.707182848826</ele>
				<time>2025-11-15T18:14:06Z</time>
			</trkpt>
			<trkpt lat="35.41212922700303" lon="-83.60637740454752">
				<ele>553.8193623516709</ele>
				<time>2025-11-15T18:14:07Z</time>
			</trkpt>
			<trkpt lat="35.41215418898105" lon="-83.60637245860829">
				<ele>553.1377103421837</ele>
				<time>2025-11-15T18:14:09Z</time>
			</trkpt>
			<trkpt lat="35.412179412532396" lon="-83.60635883835921">
				<ele>553.7808844065294</ele>
				<time>2025-11-15T18:14:11Z</time>
			</trkpt>
			<trkpt lat="35.412203701853116" lon="-83.60634204598178">
				<ele>551.5483435513452</ele>
				<time>2025-11-15T18:14:12Z</time>
			</trkpt>
			<trkpt lat="35.41222303098828" lon="-83.60633254589109">
				<ele>551.4935612780973</ele>
				<time>2025-11-15T18:14:13Z</time>
			</trkpt>
			<trkpt lat="35.41223992701709" lon="-83.60631545676529">
				<ele>550.0312889479101</ele>
				<time>2025-11-15T18:14:14Z</time>
			</trkpt>
			<trkpt lat="35.41226364522897" lon="-83.60628669177903">
				<ele>552.8914385214448</ele>
				<time>2025-11-15T18:14:16Z</time>
			</trkpt>
			<trkpt lat="35.41228503923619" lon="-83.60625078502486">
				<ele>552.2945324629545</ele>
				<time>2025-11-15T18:14:18Z</time>
			</trkpt>
			<trkpt lat="35.4123050269336" lon="-83.60621739208914">
				<ele>551.8515537651256</ele>
				<time>2025-11-15T18:14:20Z</time>
			</trkpt>
			<trkpt lat="35.41232317770896" lon="-83.60618462806005">
				<ele>550.1834825258702</ele>
				<time>2025-11-15T18:14:22Z</time>
			</trkpt>
			<trkpt lat="35.41233567415193" lon="-83.60616414273287">
				<ele>550.7734055994079</ele>
				<time>2025-11-15T18:14:23Z</time>
			</trkpt>
			<trkpt lat="35.41235410369783" lon="-83.60615065498736">
				<ele>550.7906210813671</ele>
				<time>2025-11-15T18:14:24Z</time>
			</trkpt>
			<trkpt lat="35.41237097135622" lon="-83.6061352695604">
				<ele>553.5419869730249</ele>
				<time>2025-11-15T18:14:25Z</time>
			</trkpt>
			<trkpt lat="35.41240456047987" lon="-83.6061236948374">
				<ele>556.3071813285351</ele>
				<time>2025-11-15T18:14:27Z</time>
			</trkpt>
			<trkpt lat="35.412429054903555" lon="-83.60611526045201">
				<ele>556.1780704101548</ele>
				<time>2025-11-15T18:14:28Z</time>
			</trkpt>
			<trkpt lat="35.412449242594164" lon="-83.60610625541594">
				<ele>557.0156738338992</ele>
				<time>2025-11-15T18:14:29Z</time>
			</trkpt>
			<trkpt lat="35.41247122712889" lon="-83.60610037240323">
				<ele>557.2716324413195</ele>
				<time>2025-11-15T18:14:30Z</time>
			</trkpt>
			<trkpt lat="35.41248992272047" lon="-83.60608727699093">
				<ele>557.212164407596</ele>
				<time>2025-11-15T18:14:31Z</time>
			</trkpt>
			<trkpt lat="35.41252626031801" lon="-83.60607271535486">
				<ele>557.6629294529557</ele>
				<time>2025-11-15T18:14:32Z</time>
			</trkpt>
			<trkpt lat="35.41254758741134" lon="-83.60606352494017">
				<ele>559.021135777235</ele>
				<time>2025-11-15T18:14:33Z</time>
			</trkpt>
			<trkpt lat="35.41257984767088" lon="-83.60605781417027">
				<ele>557.1553254695609</ele>
				<time>2025-11-15T18:14:34Z</time>
			</trkpt>
			<trkpt lat="35.412603825471066" lon="-83.60605915340066">
				<ele>557.8110468918458</ele>
				<time>2025-11-15T18:14:35Z</time>
			</trkpt>
			<trkpt lat="35.412645345862295" lon="-83.60605905314536">
				<ele>557.9912890894338</ele>
				<time>2025-11-15T18:14:36Z</time>
			</trkpt>
			<trkpt lat="35.4127159963337" lon="-83.60603311159548">
				<ele>558.3463095165789</ele>
				<time>2025-11-15T18:14:37Z</time>
			</trkpt>
			<trkpt lat="35.412742108168025" lon="-83.6060091544034">
				<ele>558.4919261410832</ele>
				<time>2025-11-15T18:14:38Z</time>
			</trkpt>
			<trkpt lat="35.41277659792257" lon="-83.60596684779392">
				<ele>558.0556858601049</ele>
				<time>2025-11-15T18:14:39Z</time>
			</trkpt>
			<trkpt lat="35.412802387884916" lon="-83.60592960876835">
				<ele>559.3215018231422</ele>
				<time>2025-11-15T18:14:40Z</time>
			</trkpt>
			<trkpt lat="35.412819716805664" lon="-83.60590192764673">
				<ele>559.3700446235016</ele>
				<time>2025-11-15T18:14:41Z</time>
			</trkpt>
			<trkpt lat="35.412838551262105" lon="-83.60587091876275">
				<ele>559.3415120979771</ele>
				<time>2025-11-15T18:14:42Z</time>
			</trkpt>
			<trkpt lat="35.41285328166152" lon="-83.6058443619348">
				<ele>558.384916675277</ele>
				<time>2025-11-15T18:14:43Z</time>
			</trkpt>
			<trkpt lat="35.41286819988893" lon="-83.60582110686997">
				<ele>560.2672523017973</ele>
				<time>2025-11-15T18:14:44Z</time>
			</trkpt>
			<trkpt lat="35.41289114886202" lon="-83.60578751378019">
				<ele>561.8684434471652</ele>
				<time>2025-11-15T18:14:46Z</time>
			</trkpt>
			<trkpt lat="35.41290498704335" lon="-83.60576917734231">
				<ele>559.8828827217221</ele>
				<time>2025-11-15T18:14:47Z</time>
			</trkpt>
			<trkpt lat="35.41293047076692" lon="-83.60573495359216">
				<ele>560.0007679797709</ele>
				<time>2025-11-15T18:14:49Z</time>
			</trkpt>
			<trkpt lat="35.41294374634238" lon="-83.60571825234926">
				<ele>559.7315920023248</ele>
				<time>2025-11-15T18:14:50Z</time>
			</trkpt>
			<trkpt lat="35.41297576678523" lon="-83.60568448988063">
				<ele>558.3932778015733</ele>
				<time>2025-11-15T18:14:52Z</time>
			</trkpt>
			<trkpt lat="35.41299537276812" lon="-83.60567747458887">
				<ele>560.6643349593505</ele>
				<time>2025-11-15T18:14:54Z</time>
			</trkpt>
			<trkpt lat="35.41301091044027" lon="-83.6056887939037">
				<ele>557.8008867343888</ele>
				<time>2025-11-15T18:14:57Z</time>
			</trkpt>
			<trkpt lat="35.41301648186748" lon="-83.60571195773318">
				<ele>559.4888444766402</ele>
				<time>2025-11-15T18:15:01Z</time>
			</trkpt>
			<trkpt lat="35.41302564648024" lon="-83.60574461419111">
				<ele>558.0813241936266</ele>
				<time>2025-11-15T18:15:04Z</time>
			</trkpt>
			<trkpt lat="35.413043604499485" lon="-83.60576144956245">
				<ele>559.6740432288498</ele>
				<time>2025-11-15T18:15:06Z</time>
			</trkpt>
			<trkpt lat="35.413067133745194" lon="-83.60578027922027">
				<ele>560.2617520838976</ele>
				<time>2025-11-15T18:15:07Z</time>
			</trkpt>
			<trkpt lat="35.413080180114704" lon="-83.60582096048489">
				<ele>560.783086749725</ele>
				<time>2025-11-15T18:15:09Z</time>
			</trkpt>
			<trkpt lat="35.413087611842975" lon="-83.60584824244748">
				<ele>560.0530670378357</ele>
				<time>2025-11-15T18:15:10Z</time>
			</trkpt>
			<trkpt lat="35.413092685934046" lon="-83.6058699645634">
				<ele>559.8057723464444</ele>
				<time>2025-11-15T18:15:11Z</time>
			</trkpt>
			<trkpt lat="35.413100779962534" lon="-83.6059003954229">
				<ele>561.2225988376886</ele>
				<time>2025-11-15T18:15:12Z</time>
			</trkpt>
			<trkpt lat="35.413113353088555" lon="-83.60592394874514">
				<ele>560.9491132507101</ele>
				<time>2025-11-15T18:15:13Z</time>
			</trkpt>
			<trkpt lat="35.41312511153165" lon="-83.6059604965457">
				<ele>561.3806972587481</ele>
				<time>2025-11-15T18:15:14Z</time>
			</trkpt>
			<trkpt lat="35.41315413043147" lon="-83.60601884250015">
				<ele>560.7040428044274</ele>
				<time>2025-11-15T18:15:16Z</time>
			</trkpt>
			<trkpt lat="35.41318842725919" lon="-83.60606524309324">
				<ele>560.9880014797673</ele>
				<time>2025-11-15T18:15:18Z</time>
			</trkpt>
			<trkpt lat="35.413200673086706" lon="-83.60611622914357">
				<ele>562.9324879106134</ele>
				<time>2025-11-15T18:15:20Z</time>
			</trkpt>
			<trkpt lat="35.41320886306164" lon="-83.60614157902518">
				<ele>561.1986302938312</ele>
				<time>2025-11-15T18:15:21Z</time>
			</trkpt>
			<trkpt lat="35.413216291140614" lon="-83.60616457071235">
				<ele>561.3331470834091</ele>
				<time>2025-11-15T18:15:22Z</time>
			</trkpt>
			<trkpt lat="35.41322562307979" lon="-83.60619692456301">
				<ele>560.1283718300983</ele>
				<time>2025-11-15T18:15:23Z</time>
			</trkpt>
			<trkpt lat="35.4132237958631" lon="-83.6062193883163">
				<ele>560.683374254033</ele>
				<time>2025-11-15T18:15:24Z</time>
			</trkpt>
			<trkpt lat="35.41322585098143" lon="-83.60624318595015">
				<ele>560.7330851415172</ele>
				<time>2025-11-15T18:15:25Z</time>
			</trkpt>
			<trkpt lat="35.41322655028967" lon="-83.60626623630182">
				<ele>562.8529853466898</ele>
				<time>2025-11-15T18:15:26Z</time>
			</trkpt>
			<trkpt lat="35.4132347224251" lon="-83.60629570508165">
				<ele>563.0599185712636</ele>
				<time>2025-11-15T18:15:27Z</time>
			</trkpt>
			<trkpt lat="35.41324458170899" lon="-83.60632327769076">
				<ele>561.2233549710363</ele>
				<time>2025-11-15T18:15:28Z</time>
			</trkpt>
			<trkpt lat="35.41325365359896" lon="-83.60635414486511">
				<ele>560.6344549031928</ele>
				<time>2025-11-15T18:15:29Z</time>
			</trkpt>
			<trkpt lat="35.413259339419625" lon="-83.60638320695448">
				<ele>559.8005255106837</ele>
				<time>2025-11-15T18:15:30Z</time>
			</trkpt>
			<trkpt lat="35.41326561190726" lon="-83.60640977785549">
				<ele>559.038845513016</ele>
				<time>2025-11-15T18:15:31Z</time>
			</trkpt>
			<trkpt lat="35.41326444781367" lon="-83.60643699722029">
				<ele>561.7571213589981</ele>
				<time>2025-11-15T18:15:32Z</time>
			</trkpt>
			<trkpt lat="35.413265073321114" lon="-83.60646247380257">
				<ele>562.0662485491484</ele>
				<time>2025-11-15T18:15:33Z</time>
			</trkpt>
			<trkpt lat="35.41326381736196" lon="-83.60649376593332">
				<ele>561.8010277282447</ele>
				<time>2025-11-15T18:15:35Z</time>
			</trkpt>
			<trkpt lat="35.413252756618085" lon="-83.60651873271249">
				<ele>564.3852821607143</ele>
				<time>2025-11-15T18:15:38Z</time>
			</trkpt>
			<trkpt lat="35.41325435897955" lon="-83.60655012031539">
				<ele>564.4007705841213</ele>
				<time>2025-11-15T18:15:40Z</time>
			</trkpt>
			<trkpt lat="35.41325646344346" lon="-83.6065835519259">
				<ele>564.4700167551637</ele>
				<time>2025-11-15T18:15:42Z</time>
			</trkpt>
			<trkpt lat="35.4132538498111" lon="-83.60661025847392">
				<ele>566.1328652892262</ele>
				<time>2025-11-15T18:15:44Z</time>
			</trkpt>
			<trkpt lat="35.413256966456565" lon="-83.60664489166359">
				<ele>566.0883532641456</ele>
				<time>2025-11-15T18:15:46Z</time>
			</trkpt>
			<trkpt lat="35.413260121789506" lon="-83.60667838767597">
				<ele>564.5654897913337</ele>
				<time>2025-11-15T18:15:48Z</time>
			</trkpt>
			<trkpt lat="35.413259749789006" lon="-83.60670240612818">
				<ele>564.7305124271661</ele>
				<time>2025-11-15T18:15:49Z</time>
			</trkpt>
			<trkpt lat="35.413264023020496" lon="-83.60674578462724">
				<ele>563.2747142547742</ele>
				<time>2025-11-15T18:15:51Z</time>
			</trkpt>
			<trkpt lat="35.4132655723626" lon="-83.60676969967557">
				<ele>565.6970458813012</ele>
				<time>2025-11-15T18:15:53Z</time>
			</trkpt>
			<trkpt lat="35.41326951077002" lon="-83.60679200882187">
				<ele>565.8800669014454</ele>
				<time>2025-11-15T18:15:54Z</time>
			</trkpt>
			<trkpt lat="35.41327493916669" lon="-83.60682116266553">
				<ele>564.621252303943</ele>
				<time>2025-11-15T18:15:55Z</time>
			</trkpt>
			<trkpt lat="35.413276836779254" lon="-83.60685327226795">
				<ele>565.9267084375024</ele>
				<time>2025-11-15T18:15:57Z</time>
			</trkpt>
			<trkpt lat="35.41328094502508" lon="-83.60688954275199">
				<ele>566.3803558116779</ele>
				<time>2025-11-15T18:15:59Z</time>
			</trkpt>
			<trkpt lat="35.41328899080449" lon="-83.60692445387976">
				<ele>566.6828726325184</ele>
				<time>2025-11-15T18:16:01Z</time>
			</trkpt>
			<trkpt lat="35.41329392521675" lon="-83.60694641177784">
				<ele>566.4840465737507</ele>
				<time>2025-11-15T18:16:02Z</time>
			</trkpt>
			<trkpt lat="35.413299817338164" lon="-83.60697291846688">
				<ele>564.6521698357537</ele>
				<time>2025-11-15T18:16:03Z</time>
			</trkpt>
			<trkpt lat="35.41331228242949" lon="-83.60700217172248">
				<ele>565.5648385481909</ele>
				<time>2025-11-15T18:16:05Z</time>
			</trkpt>
			<trkpt lat="35.41331950822178" lon="-83.60702993934052">
				<ele>567.716092995368</ele>
				<time>2025-11-15T18:16:07Z</time>
			</trkpt>
			<trkpt lat="35.413335782935015" lon="-83.60705353892895">
				<ele>566.4249419979751</ele>
				<time>2025-11-15T18:16:09Z</time>
			</trkpt>
			<trkpt lat="35.41335461821099" lon="-83.60708469703037">
				<ele>566.2197506185621</ele>
				<time>2025-11-15T18:16:11Z</time>
			</trkpt>
			<trkpt lat="35.41336804309284" lon="-83.60710532408463">
				<ele>568.0764690488577</ele>
				<time>2025-11-15T18:16:13Z</time>
			</trkpt>
			<trkpt lat="35.41339130450412" lon="-83.60714368344526">
				<ele>567.6373330224305</ele>
				<time>2025-11-15T18:16:15Z</time>
			</trkpt>
			<trkpt lat="35.41340734222605" lon="-83.60717379702898">
				<ele>569.0893671959639</ele>
				<time>2025-11-15T18:16:17Z</time>
			</trkpt>
			<trkpt lat="35.413417804544096" lon="-83.60719303031676">
				<ele>568.3048362853006</ele>
				<time>2025-11-15T18:16:18Z</time>
			</trkpt>
			<trkpt lat="35.413426907628725" lon="-83.6072174887449">
				<ele>567.1444122949615</ele>
				<time>2025-11-15T18:16:19Z</time>
			</trkpt>
			<trkpt lat="35.41342601733056" lon="-83.60725083824826">
				<ele>567.9674856737256</ele>
				<time>2025-11-15T18:16:21Z</time>
			</trkpt>
			<trkpt lat="35.41343409151568" lon="-83.60727477578597">
				<ele>567.3094814354554</ele>
				<time>2025-11-15T18:16:22Z</time>
			</trkpt>
			<trkpt lat="35.41344033212226" lon="-83.6073108139662">
				<ele>568.1845445688814</ele>
				<time>2025-11-15T18:16:24Z</time>
			</trkpt>
			<trkpt lat="35.41344841063789" lon="-83.60733185954236">
				<ele>565.2858233824372</ele>
				<time>2025-11-15T18:16:25Z</time>
			</trkpt>
			<trkpt lat="35.41344985346517" lon="-83.6073758064113">
				<ele>566.3083143346012</ele>
				<time>2025-11-15T18:16:27Z</time>
			</trkpt>
			<trkpt lat="35.41345373237156" lon="-83.60739870122713">
				<ele>564.7549023544416</ele>
				<time>2025-11-15T18:16:28Z</time>
			</trkpt>
			<trkpt lat="35.413454982275795" lon="-83.60742178246934">
				<ele>566.0292744757608</ele>
				<time>2025-11-15T18:16:29Z</time>
			</trkpt>
			<trkpt lat="35.41345846620657" lon="-83.60744511683241">
				<ele>563.2778653679416</ele>
				<time>2025-11-15T18:16:30Z</time>
			</trkpt>
			<trkpt lat="35.41347021322117" lon="-83.60748019080859">
				<ele>564.5421071909368</ele>
				<time>2025-11-15T18:16:32Z</time>
			</trkpt>
			<trkpt lat="35.41347598291731" lon="-83.60750190170971">
				<ele>564.3399898791686</ele>
				<time>2025-11-15T18:16:37Z</time>
			</trkpt>
			<trkpt lat="35.41347834067918" lon="-83.60752417792531">
				<ele>564.671808029525</ele>
				<time>2025-11-15T18:16:41Z</time>
			</trkpt>
			<trkpt lat="35.41349844523638" lon="-83.60751664671751">
				<ele>567.0131404092535</ele>
				<time>2025-11-15T18:16:47Z</time>
			</trkpt>
			<trkpt lat="35.413512197781955" lon="-83.60750190512644">
				<ele>568.1086549926549</ele>
				<time>2025-11-15T18:16:49Z</time>
			</trkpt>
			<trkpt lat="35.41353046926887" lon="-83.60749843835242">
				<ele>569.3229142669588</ele>
				<time>2025-11-15T18:16:52Z</time>
			</trkpt>
			<trkpt lat="35.41354498235855" lon="-83.60747505010524">
				<ele>569.8819586690515</ele>
				<time>2025-11-15T18:16:55Z</time>
			</trkpt>
			<trkpt lat="35.41356712432493" lon="-83.6074448865452">
				<ele>569.4935786407441</ele>
				<time>2025-11-15T18:16:57Z</time>
			</trkpt>
			<trkpt lat="35.413588750741084" lon="-83.60742028793143">
				<ele>571.1237148577347</ele>
				<time>2025-11-15T18:17:00Z</time>
			</trkpt>
			<trkpt lat="35.413601789516676" lon="-83.60740377190243">
				<ele>569.4430081918836</ele>
				<time>2025-11-15T18:17:01Z</time>
			</trkpt>
			<trkpt lat="35.413620780526664" lon="-83.60737460385846">
				<ele>571.6891864016652</ele>
				<time>2025-11-15T18:17:03Z</time>
			</trkpt>
			<trkpt lat="35.4136386948138" lon="-83.60735208679192">
				<ele>572.421946125105</ele>
				<time>2025-11-15T18:17:05Z</time>
			</trkpt>
			<trkpt lat="35.4136556890485" lon="-83.60733012468013">
				<ele>574.1102805426344</ele>
				<time>2025-11-15T18:17:07Z</time>
			</trkpt>
			<trkpt lat="35.41367245001194" lon="-83.60729917631087">
				<ele>574.1956321485341</ele>
				<time>2025-11-15T18:17:09Z</time>
			</trkpt>
			<trkpt lat="35.413693066361546" lon="-83.60728184414819">
				<ele>574.2819267669693</ele>
				<time>2025-11-15T18:17:11Z</time>
			</trkpt>
			<trkpt lat="35.4137157489903" lon="-83.60726125424175">
				<ele>576.2813724176958</ele>
				<time>2025-11-15T18:17:13Z</time>
			</trkpt>
			<trkpt lat="35.41373224214386" lon="-83.60723986666042">
				<ele>575.8368954826146</ele>
				<time>2025-11-15T18:17:15Z</time>
			</trkpt>
			<trkpt lat="35.41375313793063" lon="-83.60722073230595">
				<ele>577.2904139654711</ele>
				<time>2025-11-15T18:17:17Z</time>
			</trkpt>
			<trkpt lat="35.41376987809799" lon="-83.60720975583322">
				<ele>576.5946261147037</ele>
				<time>2025-11-15T18:17:19Z</time>
			</trkpt>
			<trkpt lat="35.41379092478172" lon="-83.6071937118386">
				<ele>577.9182032542303</ele>
				<time>2025-11-15T18:17:21Z</time>
			</trkpt>
			<trkpt lat="35.41381358487921" lon="-83.607170319693">
				<ele>579.7238940512761</ele>
				<time>2025-11-15T18:17:23Z</time>
			</trkpt>
			<trkpt lat="35.413826189133" lon="-83.60715128504522">
				<ele>579.5378493797034</ele>
				<time>2025-11-15T18:17:24Z</time>
			</trkpt>
			<trkpt lat="35.413840669261454" lon="-83.6071323296922">
				<ele>579.2136041671038</ele>
				<time>2025-11-15T18:17:25Z</time>
			</trkpt>
			<trkpt lat="35.4138569475718" lon="-83.60709325546712">
				<ele>579.8242855295539</ele>
				<time>2025-11-15T18:17:27Z</time>
			</trkpt>
			<trkpt lat="35.41386673402545" lon="-83.60706909136952">
				<ele>579.0383004872128</ele>
				<time>2025-11-15T18:17:28Z</time>
			</trkpt>
			<trkpt lat="35.41387759165748" lon="-83.60704656475423">
				<ele>578.7075631869957</ele>
				<time>2025-11-15T18:17:29Z</time>
			</trkpt>
			<trkpt lat="35.41389247368172" lon="-83.60702235227147">
				<ele>580.4770360644907</ele>
				<time>2025-11-15T18:17:31Z</time>
			</trkpt>
			<trkpt lat="35.41390487992587" lon="-83.60699841568548">
				<ele>580.0986975198612</ele>
				<time>2025-11-15T18:17:33Z</time>
			</trkpt>
			<trkpt lat="35.41391616390862" lon="-83.60697401041716">
				<ele>580.8976776394993</ele>
				<time>2025-11-15T18:17:35Z</time>
			</trkpt>
			<trkpt lat="35.413936295465724" lon="-83.60695009171945">
				<ele>582.6288304524496</ele>
				<time>2025-11-15T18:17:37Z</time>
			</trkpt>
			<trkpt lat="35.41394992515023" lon="-83.60691795786778">
				<ele>582.2393668219447</ele>
				<time>2025-11-15T18:17:39Z</time>
			</trkpt>
			<trkpt lat="35.41395741546581" lon="-83.60689308227208">
				<ele>581.132995643653</ele>
				<time>2025-11-15T18:17:42Z</time>
			</trkpt>
			<trkpt lat="35.41396712565552" lon="-83.60685693540731">
				<ele>581.0397918103263</ele>
				<time>2025-11-15T18:17:44Z</time>
			</trkpt>
			<trkpt lat="35.41397680315583" lon="-83.60682904208093">
				<ele>580.3153193816543</ele>
				<time>2025-11-15T18:17:46Z</time>
			</trkpt>
			<trkpt lat="35.41398440086252" lon="-83.60679307817217">
				<ele>580.274423032999</ele>
				<time>2025-11-15T18:17:49Z</time>
			</trkpt>
			<trkpt lat="35.413988262585924" lon="-83.60677124594312">
				<ele>578.8079740069807</ele>
				<time>2025-11-15T18:17:50Z</time>
			</trkpt>
			<trkpt lat="35.41400196133288" lon="-83.60673087041333">
				<ele>578.0170842977241</ele>
				<time>2025-11-15T18:17:52Z</time>
			</trkpt>
			<trkpt lat="35.414006777938255" lon="-83.60670515335622">
				<ele>578.7915241755545</ele>
				<time>2025-11-15T18:17:53Z</time>
			</trkpt>
			<trkpt lat="35.4140247227153" lon="-83.60666467444197">
				<ele>579.0679780701175</ele>
				<time>2025-11-15T18:17:55Z</time>
			</trkpt>
			<trkpt lat="35.414039689342616" lon="-83.60662777558959">
				<ele>580.2348338775337</ele>
				<time>2025-11-15T18:17:57Z</time>
			</trkpt>
			<trkpt lat="35.41405278502808" lon="-83.60661029788638">
				<ele>581.5079680094495</ele>
				<time>2025-11-15T18:17:58Z</time>
			</trkpt>
			<trkpt lat="35.41406981146506" lon="-83.60660184637791">
				<ele>581.563145371154</ele>
				<time>2025-11-15T18:17:59Z</time>
			</trkpt>
			<trkpt lat="35.41408904554526" lon="-83.60659763216874">
				<ele>581.9586881538853</ele>
				<time>2025-11-15T18:18:00Z</time>
			</trkpt>
			<trkpt lat="35.414108950396425" lon="-83.60659256211733">
				<ele>582.6231015296653</ele>
				<time>2025-11-15T18:18:01Z</time>
			</trkpt>
			<trkpt lat="35.41413566094908" lon="-83.60656831201779">
				<ele>582.8957215594128</ele>
				<time>2025-11-15T18:18:02Z</time>
			</trkpt>
			<trkpt lat="35.414160224967965" lon="-83.60655976261657">
				<ele>582.9823916302994</ele>
				<time>2025-11-15T18:18:03Z</time>
			</trkpt>
			<trkpt lat="35.41419492742394" lon="-83.60656266035467">
				<ele>582.7096626423299</ele>
				<time>2025-11-15T18:18:04Z</time>
			</trkpt>
			<trkpt lat="35.414242531907234" lon="-83.60658584373289">
				<ele>581.8281514951959</ele>
				<time>2025-11-15T18:18:05Z</time>
			</trkpt>
			<trkpt lat="35.414283366540424" lon="-83.60660310626557">
				<ele>580.3927972968668</ele>
				<time>2025-11-15T18:18:06Z</time>
			</trkpt>
			<trkpt lat="35.41431656034768" lon="-83.60661422218465">
				<ele>582.8697405448183</ele>
				<time>2025-11-15T18:18:07Z</time>
			</trkpt>
			<trkpt lat="35.414359963280745" lon="-83.60662463084721">
				<ele>580.8571489024907</ele>
				<time>2025-11-15T18:18:08Z</time>
			</trkpt>
			<trkpt lat="35.41440138776606" lon="-83.60663837858804">
				<ele>581.7842694632709</ele>
				<time>2025-11-15T18:18:09Z</time>
			</trkpt>
			<trkpt lat="35.41444501084174" lon="-83.60666596026913">
				<ele>581.8556273318827</ele>
				<time>2025-11-15T18:18:10Z</time>
			</trkpt>
			<trkpt lat="35.41448661437218" lon="-83.60668326301307">
				<ele>581.9129637284204</ele>
				<time>2025-11-15T18:18:11Z</time>
			</trkpt>
			<trkpt lat="35.41453096831386" lon="-83.60669867610665">
				<ele>581.7998488629237</ele>
				<time>2025-11-15T18:18:12Z</time>
			</trkpt>
			<trkpt lat="35.41456958737199" lon="-83.60672461205189">
				<ele>582.2108255540952</ele>
				<time>2025-11-15T18:18:13Z</time>
			</trkpt>
			<trkpt lat="35.41460352332335" lon="-83.60675437108593">
				<ele>583.5222577024251</ele>
				<time>2025-11-15T18:18:14Z</time>
			</trkpt>
			<trkpt lat="35.41462828129459" lon="-83.60678075027181">
				<ele>584.6157826129347</ele>
				<time>2025-11-15T18:18:15Z</time>
			</trkpt>
			<trkpt lat="35.41465005180216" lon="-83.60680587923295">
				<ele>584.2918818499893</ele>
				<time>2025-11-15T18:18:16Z</time>
			</trkpt>
			<trkpt lat="35.41466839090591" lon="-83.60684261307301">
				<ele>583.4175526453182</ele>
				<time>2025-11-15T18:18:17Z</time>
			</trkpt>
			<trkpt lat="35.414675532966065" lon="-83.60686819729307">
				<ele>584.6122870333493</ele>
				<time>2025-11-15T18:18:18Z</time>
			</trkpt>
			<trkpt lat="35.41468345619752" lon="-83.60689853132338">
				<ele>583.8784814113751</ele>
				<time>2025-11-15T18:18:19Z</time>
			</trkpt>
			<trkpt lat="35.414689752539104" lon="-83.60692836801677">
				<ele>584.0159855084494</ele>
				<time>2025-11-15T18:18:20Z</time>
			</trkpt>
			<trkpt lat="35.41469440561607" lon="-83.60695847382783">
				<ele>585.1228063097224</ele>
				<time>2025-11-15T18:18:21Z</time>
			</trkpt>
			<trkpt lat="35.41469548177774" lon="-83.60699079120658">
				<ele>584.7955248337239</ele>
				<time>2025-11-15T18:18:22Z</time>
			</trkpt>
			<trkpt lat="35.414695941739666" lon="-83.60701790207854">
				<ele>584.18877976574</ele>
				<time>2025-11-15T18:18:23Z</time>
			</trkpt>
			<trkpt lat="35.41470121960265" lon="-83.60705172322699">
				<ele>582.5628160582855</ele>
				<time>2025-11-15T18:18:24Z</time>
			</trkpt>
			<trkpt lat="35.41470365737756" lon="-83.6070843790288">
				<ele>581.8781082844362</ele>
				<time>2025-11-15T18:18:25Z</time>
			</trkpt>
			<trkpt lat="35.414705987155294" lon="-83.60710980596748">
				<ele>581.2492949347943</ele>
				<time>2025-11-15T18:18:26Z</time>
			</trkpt>
			<trkpt lat="35.41471446381972" lon="-83.60713551226743">
				<ele>580.1265859315172</ele>
				<time>2025-11-15T18:18:29Z</time>
			</trkpt>
			<trkpt lat="35.41470056284191" lon="-83.60716189476318">
				<ele>576.7821116931736</ele>
				<time>2025-11-15T18:18:33Z</time>
			</trkpt>
			<trkpt lat="35.41469009239564" lon="-83.60718582325013">
				<ele>576.656958960928</ele>
				<time>2025-11-15T18:18:35Z</time>
			</trkpt>
			<trkpt lat="35.41469134279033" lon="-83.60716191712233">
				<ele>575.2854413818568</ele>
				<time>2025-11-15T18:18:40Z</time>
			</trkpt>
			<trkpt lat="35.41467566627975" lon="-83.60713704287936">
				<ele>575.8438234124333</ele>
				<time>2025-11-15T18:18:42Z</time>
			</trkpt>
			<trkpt lat="35.41466465090896" lon="-83.60710544697224">
				<ele>576.9792445907369</ele>
				<time>2025-11-15T18:18:44Z</time>
			</trkpt>
			<trkpt lat="35.41467615285877" lon="-83.60708796563134">
				<ele>579.1392955575138</ele>
				<time>2025-11-15T18:18:55Z</time>
			</trkpt>
			<trkpt lat="35.41468856167602" lon="-83.60707138735118">
				<ele>576.6570817288011</ele>
				<time>2025-11-15T18:18:58Z</time>
			</trkpt>
			<trkpt lat="35.414727176851294" lon="-83.60702016666751">
				<ele>575.922087890096</ele>
				<time>2025-11-15T18:19:08Z</time>
			</trkpt>
			<trkpt lat="35.414746039723184" lon="-83.60700325421891">
				<ele>574.400433014147</ele>
				<time>2025-11-15T18:19:14Z</time>
			</trkpt>
			<trkpt lat="35.41475887793957" lon="-83.60698735437148">
				<ele>573.9895572783425</ele>
				<time>2025-11-15T18:19:23Z</time>
			</trkpt>
			<trkpt lat="35.41476761329888" lon="-83.6070136704399">
				<ele>572.7151686465368</ele>
				<time>2025-11-15T18:19:33Z</time>
			</trkpt>
			<trkpt lat="35.414799706102364" lon="-83.60697927015762">
				<ele>569.4353929236531</ele>
				<time>2025-11-15T18:20:18Z</time>
			</trkpt>
			<trkpt lat="35.414768194837336" lon="-83.60699928778193">
				<ele>568.4281775578856</ele>
				<time>2025-11-15T18:20:21Z</time>
			</trkpt>
			<trkpt lat="35.41476966441372" lon="-83.60702230721695">
				<ele>570.4650547932833</ele>
				<time>2025-11-15T18:20:28Z</time>
			</trkpt>
			<trkpt lat="35.41475402393002" lon="-83.60703788612854">
				<ele>571.8905691057444</ele>
				<time>2025-11-15T18:20:32Z</time>
			</trkpt>
			<trkpt lat="35.41473983497891" lon="-83.60705262420983">
				<ele>573.1492590168491</ele>
				<time>2025-11-15T18:20:39Z</time>
			</trkpt>
			<trkpt lat="35.41472265378153" lon="-83.60704509633055">
				<ele>575.15920294635</ele>
				<time>2025-11-15T18:20:51Z</time>
			</trkpt>
			<trkpt lat="35.41473636275101" lon="-83.6070645594474">
				<ele>576.3255268773064</ele>
				<time>2025-11-15T18:21:02Z</time>
			</trkpt>
			<trkpt lat="35.41474258426958" lon="-83.60709212328659">
				<ele>575.681308330968</ele>
				<time>2025-11-15T18:21:05Z</time>
			</trkpt>
			<trkpt lat="35.41474626366023" lon="-83.60711593425329">
				<ele>575.2013770723715</ele>
				<time>2025-11-15T18:21:07Z</time>
			</trkpt>
			<trkpt lat="35.414744515018924" lon="-83.6071597756198">
				<ele>576.4776822803542</ele>
				<time>2025-11-15T18:21:09Z</time>
			</trkpt>
			<trkpt lat="35.41474244888473" lon="-83.60718296480741">
				<ele>575.6322939889506</ele>
				<time>2025-11-15T18:21:10Z</time>
			</trkpt>
			<trkpt lat="35.414732785379115" lon="-83.60721679101815">
				<ele>576.4673482207581</ele>
				<time>2025-11-15T18:21:12Z</time>
			</trkpt>
			<trkpt lat="35.41473206637124" lon="-83.60725791751322">
				<ele>577.7703485256061</ele>
				<time>2025-11-15T18:21:14Z</time>
			</trkpt>
			<trkpt lat="35.41473066659219" lon="-83.60729280537892">
				<ele>576.7182965297252</ele>
				<time>2025-11-15T18:21:16Z</time>
			</trkpt>
			<trkpt lat="35.414721964405196" lon="-83.60733140058805">
				<ele>578.3989036893472</ele>
				<time>2025-11-15T18:21:18Z</time>
			</trkpt>
			<trkpt lat="35.41472197495037" lon="-83.60735367716673">
				<ele>577.5279650418088</ele>
				<time>2025-11-15T18:21:19Z</time>
			</trkpt>
			<trkpt lat="35.414712900217644" lon="-83.60738551710456">
				<ele>578.814752635546</ele>
				<time>2025-11-15T18:21:21Z</time>
			</trkpt>
			<trkpt lat="35.4147156096613" lon="-83.60742254496118">
				<ele>578.9842502567917</ele>
				<time>2025-11-15T18:21:24Z</time>
			</trkpt>
			<trkpt lat="35.41471539394913" lon="-83.60746481516776">
				<ele>581.172381917946</ele>
				<time>2025-11-15T18:21:26Z</time>
			</trkpt>
			<trkpt lat="35.4147181489459" lon="-83.60749123314713">
				<ele>580.3850378450006</ele>
				<time>2025-11-15T18:21:27Z</time>
			</trkpt>
			<trkpt lat="35.41471864079908" lon="-83.60751800109635">
				<ele>579.1552211008966</ele>
				<time>2025-11-15T18:21:28Z</time>
			</trkpt>
			<trkpt lat="35.41472170808084" lon="-83.60754260997058">
				<ele>579.6537398444489</ele>
				<time>2025-11-15T18:21:29Z</time>
			</trkpt>
			<trkpt lat="35.41473199934733" lon="-83.60757540694469">
				<ele>578.76734370552</ele>
				<time>2025-11-15T18:21:30Z</time>
			</trkpt>
			<trkpt lat="35.41473534120339" lon="-83.60760407004553">
				<ele>578.9502656077966</ele>
				<time>2025-11-15T18:21:31Z</time>
			</trkpt>
			<trkpt lat="35.41473474777784" lon="-83.60763070522938">
				<ele>578.6757285762578</ele>
				<time>2025-11-15T18:21:32Z</time>
			</trkpt>
			<trkpt lat="35.414741348971056" lon="-83.60765959026594">
				<ele>578.4119129488245</ele>
				<time>2025-11-15T18:21:33Z</time>
			</trkpt>
			<trkpt lat="35.41474437655136" lon="-83.60768846859169">
				<ele>578.0652157776058</ele>
				<time>2025-11-15T18:21:34Z</time>
			</trkpt>
			<trkpt lat="35.41474523380887" lon="-83.60771235034751">
				<ele>578.9050712585449</ele>
				<time>2025-11-15T18:21:35Z</time>
			</trkpt>
			<trkpt lat="35.414746910774525" lon="-83.60773862712543">
				<ele>579.8325066817924</ele>
				<time>2025-11-15T18:21:36Z</time>
			</trkpt>
			<trkpt lat="35.41475230746065" lon="-83.60775998608577">
				<ele>579.9527407921851</ele>
				<time>2025-11-15T18:21:37Z</time>
			</trkpt>
			<trkpt lat="35.41475049347407" lon="-83.60778360395516">
				<ele>580.3724405551329</ele>
				<time>2025-11-15T18:21:38Z</time>
			</trkpt>
			<trkpt lat="35.41474724924754" lon="-83.60782263069376">
				<ele>582.4428921695799</ele>
				<time>2025-11-15T18:21:40Z</time>
			</trkpt>
			<trkpt lat="35.4147438987635" lon="-83.60785231337523">
				<ele>583.700060447678</ele>
				<time>2025-11-15T18:21:42Z</time>
			</trkpt>
			<trkpt lat="35.41474517271335" lon="-83.60788564306634">
				<ele>584.0880730878562</ele>
				<time>2025-11-15T18:21:44Z</time>
			</trkpt>
			<trkpt lat="35.41474757534918" lon="-83.60791765903625">
				<ele>584.0813874108717</ele>
				<time>2025-11-15T18:21:46Z</time>
			</trkpt>
			<trkpt lat="35.414756273597646" lon="-83.60794207816514">
				<ele>583.106067837216</ele>
				<time>2025-11-15T18:21:47Z</time>
			</trkpt>
			<trkpt lat="35.41476807814516" lon="-83.60797895755505">
				<ele>583.4717633901164</ele>
				<time>2025-11-15T18:21:49Z</time>
			</trkpt>
			<trkpt lat="35.41477830099945" lon="-83.60799771350811">
				<ele>583.5797495702282</ele>
				<time>2025-11-15T18:21:50Z</time>
			</trkpt>
			<trkpt lat="35.4147894269781" lon="-83.60804114425349">
				<ele>585.5057114930823</ele>
				<time>2025-11-15T18:21:52Z</time>
			</trkpt>
			<trkpt lat="35.41480149998425" lon="-83.6080841575446">
				<ele>586.9000451322645</ele>
				<time>2025-11-15T18:21:54Z</time>
			</trkpt>
			<trkpt lat="35.414813992233256" lon="-83.60810385838998">
				<ele>587.139219305478</ele>
				<time>2025-11-15T18:21:55Z</time>
			</trkpt>
			<trkpt lat="35.414816708669505" lon="-83.60812692569162">
				<ele>588.6462786477059</ele>
				<time>2025-11-15T18:21:56Z</time>
			</trkpt>
			<trkpt lat="35.414823836944876" lon="-83.60814935536484">
				<ele>589.3341096835211</ele>
				<time>2025-11-15T18:21:57Z</time>
			</trkpt>
			<trkpt lat="35.41482897637411" lon="-83.60817427028326">
				<ele>589.1962947538123</ele>
				<time>2025-11-15T18:21:58Z</time>
			</trkpt>
			<trkpt lat="35.41483907092009" lon="-83.6082206976871">
				<ele>590.3062458364293</ele>
				<time>2025-11-15T18:22:00Z</time>
			</trkpt>
			<trkpt lat="35.4148483543907" lon="-83.60824855381713">
				<ele>588.3718782048672</ele>
				<time>2025-11-15T18:22:01Z</time>
			</trkpt>
			<trkpt lat="35.41485469650333" lon="-83.60827549629126">
				<ele>588.8422948038206</ele>
				<time>2025-11-15T18:22:02Z</time>
			</trkpt>
			<trkpt lat="35.41485832809256" lon="-83.60830133371721">
				<ele>588.7177712023258</ele>
				<time>2025-11-15T18:22:03Z</time>
			</trkpt>
			<trkpt lat="35.41486641545534" lon="-83.60832794835471">
				<ele>588.2797690341249</ele>
				<time>2025-11-15T18:22:04Z</time>
			</trkpt>
			<trkpt lat="35.414875858924844" lon="-83.60836328752217">
				<ele>587.2931390767917</ele>
				<time>2025-11-15T18:22:05Z</time>
			</trkpt>
			<trkpt lat="35.41488220072772" lon="-83.60838455239325">
				<ele>587.7640169681981</ele>
				<time>2025-11-15T18:22:06Z</time>
			</trkpt>
			<trkpt lat="35.41488983751224" lon="-83.60841060298242">
				<ele>587.0335239516571</ele>
				<time>2025-11-15T18:22:07Z</time>
			</trkpt>
			<trkpt lat="35.4148983387345" lon="-83.60843278940888">
				<ele>587.6045659780502</ele>
				<time>2025-11-15T18:22:08Z</time>
			</trkpt>
			<trkpt lat="35.41490665304009" lon="-83.60845588139917">
				<ele>587.9185073347762</ele>
				<time>2025-11-15T18:22:09Z</time>
			</trkpt>
			<trkpt lat="35.414922712004305" lon="-83.60850172569616">
				<ele>586.7348824180663</ele>
				<time>2025-11-15T18:22:11Z</time>
			</trkpt>
			<trkpt lat="35.41492972102329" lon="-83.60854467960472">
				<ele>587.7216389300302</ele>
				<time>2025-11-15T18:22:13Z</time>
			</trkpt>
			<trkpt lat="35.41493392822924" lon="-83.60857002194709">
				<ele>586.9071431634948</ele>
				<time>2025-11-15T18:22:14Z</time>
			</trkpt>
			<trkpt lat="35.41494295880448" lon="-83.60859389763195">
				<ele>586.353966191411</ele>
				<time>2025-11-15T18:22:15Z</time>
			</trkpt>
			<trkpt lat="35.41495000803114" lon="-83.60863177656323">
				<ele>587.8896643621847</ele>
				<time>2025-11-15T18:22:17Z</time>
			</trkpt>
			<trkpt lat="35.414952198085736" lon="-83.60865909100377">
				<ele>586.6247228235006</ele>
				<time>2025-11-15T18:22:18Z</time>
			</trkpt>
			<trkpt lat="35.414955812694174" lon="-83.6086829381798">
				<ele>585.4592318478972</ele>
				<time>2025-11-15T18:22:19Z</time>
			</trkpt>
			<trkpt lat="35.4149563904292" lon="-83.60870730333141">
				<ele>587.3936698697507</ele>
				<time>2025-11-15T18:22:20Z</time>
			</trkpt>
			<trkpt lat="35.4149610746388" lon="-83.6087330744315">
				<ele>585.8607287053019</ele>
				<time>2025-11-15T18:22:21Z</time>
			</trkpt>
			<trkpt lat="35.41496474876197" lon="-83.60877939198237">
				<ele>586.9736160794273</ele>
				<time>2025-11-15T18:22:23Z</time>
			</trkpt>
			<trkpt lat="35.414967377666905" lon="-83.60880638889755">
				<ele>587.3678081994876</ele>
				<time>2025-11-15T18:22:24Z</time>
			</trkpt>
			<trkpt lat="35.41497415591075" lon="-83.60885225554539">
				<ele>587.9653534153476</ele>
				<time>2025-11-15T18:22:26Z</time>
			</trkpt>
			<trkpt lat="35.41496475999291" lon="-83.6088974341976">
				<ele>588.7296523461118</ele>
				<time>2025-11-15T18:22:28Z</time>
			</trkpt>
			<trkpt lat="35.41495842502173" lon="-83.60892036956074">
				<ele>589.0447471607476</ele>
				<time>2025-11-15T18:22:29Z</time>
			</trkpt>
			<trkpt lat="35.414952406891565" lon="-83.6089421578671">
				<ele>588.3253063391894</ele>
				<time>2025-11-15T18:22:30Z</time>
			</trkpt>
			<trkpt lat="35.41494628280608" lon="-83.60896432972174">
				<ele>587.9048873735592</ele>
				<time>2025-11-15T18:22:31Z</time>
			</trkpt>
			<trkpt lat="35.41493998745804" lon="-83.60898712164243">
				<ele>588.4173067538068</ele>
				<time>2025-11-15T18:22:32Z</time>
			</trkpt>
			<trkpt lat="35.41493111197311" lon="-83.60902846855696">
				<ele>588.453076845035</ele>
				<time>2025-11-15T18:22:34Z</time>
			</trkpt>
			<trkpt lat="35.4149270826422" lon="-83.60906292528145">
				<ele>589.3611805140972</ele>
				<time>2025-11-15T18:22:36Z</time>
			</trkpt>
			<trkpt lat="35.41492516726758" lon="-83.60910043633295">
				<ele>588.0708807324991</ele>
				<time>2025-11-15T18:22:38Z</time>
			</trkpt>
			<trkpt lat="35.414924779108325" lon="-83.60913120638115">
				<ele>588.8377874949947</ele>
				<time>2025-11-15T18:22:40Z</time>
			</trkpt>
			<trkpt lat="35.41492435864903" lon="-83.6091645378837">
				<ele>587.803251395002</ele>
				<time>2025-11-15T18:22:42Z</time>
			</trkpt>
			<trkpt lat="35.41492620941575" lon="-83.60920936065953">
				<ele>587.9703977983445</ele>
				<time>2025-11-15T18:22:44Z</time>
			</trkpt>
			<trkpt lat="35.414928770173184" lon="-83.60924273041398">
				<ele>588.952569832094</ele>
				<time>2025-11-15T18:22:46Z</time>
			</trkpt>
			<trkpt lat="35.41492952661609" lon="-83.60926702511767">
				<ele>588.7805944066495</ele>
				<time>2025-11-15T18:22:48Z</time>
			</trkpt>
			<trkpt lat="35.414928487928286" lon="-83.6092988237573">
				<ele>589.8004984827712</ele>
				<time>2025-11-15T18:22:51Z</time>
			</trkpt>
			<trkpt lat="35.414926203353616" lon="-83.60932669844543">
				<ele>589.3672022698447</ele>
				<time>2025-11-15T18:22:53Z</time>
			</trkpt>
			<trkpt lat="35.41492413063943" lon="-83.60935113336275">
				<ele>589.8296600459144</ele>
				<time>2025-11-15T18:22:55Z</time>
			</trkpt>
			<trkpt lat="35.41493116199667" lon="-83.60938501836753">
				<ele>588.9545617643744</ele>
				<time>2025-11-15T18:22:57Z</time>
			</trkpt>
			<trkpt lat="35.4149370690084" lon="-83.60941693333582">
				<ele>587.577134036459</ele>
				<time>2025-11-15T18:22:59Z</time>
			</trkpt>
			<trkpt lat="35.414945713740515" lon="-83.6094477248279">
				<ele>587.1791600678116</ele>
				<time>2025-11-15T18:23:01Z</time>
			</trkpt>
			<trkpt lat="35.41494369700052" lon="-83.6094713240919">
				<ele>586.675874536857</ele>
				<time>2025-11-15T18:23:04Z</time>
			</trkpt>
			<trkpt lat="35.41495480070419" lon="-83.60949378260702">
				<ele>586.6095459992066</ele>
				<time>2025-11-15T18:23:07Z</time>
			</trkpt>
			<trkpt lat="35.414975645757195" lon="-83.60951371709177">
				<ele>586.2123301224783</ele>
				<time>2025-11-15T18:23:10Z</time>
			</trkpt>
			<trkpt lat="35.414998837793" lon="-83.60951127922836">
				<ele>588.5523455226794</ele>
				<time>2025-11-15T18:23:13Z</time>
			</trkpt>
			<trkpt lat="35.41502217863645" lon="-83.60951638540598">
				<ele>590.6040801545605</ele>
				<time>2025-11-15T18:23:16Z</time>
			</trkpt>
			<trkpt lat="35.41504740286344" lon="-83.60951443086272">
				<ele>590.9302935954183</ele>
				<time>2025-11-15T18:23:18Z</time>
			</trkpt>
			<trkpt lat="35.41507354593993" lon="-83.60950432230702">
				<ele>591.4934477237985</ele>
				<time>2025-11-15T18:23:20Z</time>
			</trkpt>
			<trkpt lat="35.41509518619254" lon="-83.60949364807938">
				<ele>593.3560491139069</ele>
				<time>2025-11-15T18:23:22Z</time>
			</trkpt>
			<trkpt lat="35.415114848733246" lon="-83.60948958884836">
				<ele>593.6666922317818</ele>
				<time>2025-11-15T18:23:24Z</time>
			</trkpt>
			<trkpt lat="35.41514193516872" lon="-83.60948002324511">
				<ele>595.378053760156</ele>
				<time>2025-11-15T18:23:27Z</time>
			</trkpt>
			<trkpt lat="35.41516862286444" lon="-83.60947085287835">
				<ele>595.2449879357591</ele>
				<time>2025-11-15T18:23:29Z</time>
			</trkpt>
			<trkpt lat="35.41519283690439" lon="-83.60947130880703">
				<ele>595.8622392071411</ele>
				<time>2025-11-15T18:23:32Z</time>
			</trkpt>
			<trkpt lat="35.41521430289036" lon="-83.60946793777359">
				<ele>597.1688926657662</ele>
				<time>2025-11-15T18:23:34Z</time>
			</trkpt>
			<trkpt lat="35.41523561136195" lon="-83.60945839839006">
				<ele>596.88481698744</ele>
				<time>2025-11-15T18:23:36Z</time>
			</trkpt>
			<trkpt lat="35.415260650050676" lon="-83.60946139146243">
				<ele>598.6610803082585</ele>
				<time>2025-11-15T18:23:38Z</time>
			</trkpt>
			<trkpt lat="35.41528443070931" lon="-83.60945456441931">
				<ele>598.8422481212765</ele>
				<time>2025-11-15T18:23:40Z</time>
			</trkpt>
			<trkpt lat="35.415310124869734" lon="-83.60943821592954">
				<ele>598.2159113632515</ele>
				<time>2025-11-15T18:23:42Z</time>
			</trkpt>
			<trkpt lat="35.415336363502824" lon="-83.60944156492319">
				<ele>598.7364617614076</ele>
				<time>2025-11-15T18:23:44Z</time>
			</trkpt>
			<trkpt lat="35.415363156860366" lon="-83.60942913885842">
				<ele>599.6560893217102</ele>
				<time>2025-11-15T18:23:46Z</time>
			</trkpt>
			<trkpt lat="35.41539599577423" lon="-83.609429553267">
				<ele>599.9029567856342</ele>
				<time>2025-11-15T18:23:48Z</time>
			</trkpt>
			<trkpt lat="35.41542714875747" lon="-83.60942875307273">
				<ele>600.3349548410624</ele>
				<time>2025-11-15T18:23:50Z</time>
			</trkpt>
			<trkpt lat="35.41544705279151" lon="-83.60942652276994">
				<ele>600.5447994302958</ele>
				<time>2025-11-15T18:23:51Z</time>
			</trkpt>
			<trkpt lat="35.415468132581296" lon="-83.60942502897147">
				<ele>600.8585802624002</ele>
				<time>2025-11-15T18:23:53Z</time>
			</trkpt>
			<trkpt lat="35.415489369630734" lon="-83.60942368909522">
				<ele>600.0564916906878</ele>
				<time>2025-11-15T18:23:55Z</time>
			</trkpt>
			<trkpt lat="35.41551514562256" lon="-83.60942059491147">
				<ele>598.7445897748694</ele>
				<time>2025-11-15T18:23:57Z</time>
			</trkpt>
			<trkpt lat="35.41553490288002" lon="-83.6094181539125">
				<ele>599.3779920320958</ele>
				<time>2025-11-15T18:23:59Z</time>
			</trkpt>
			<trkpt lat="35.41555658407416" lon="-83.60941484762893">
				<ele>599.3142749872059</ele>
				<time>2025-11-15T18:24:01Z</time>
			</trkpt>
			<trkpt lat="35.41557897854582" lon="-83.609408429707">
				<ele>600.6252477662638</ele>
				<time>2025-11-15T18:24:03Z</time>
			</trkpt>
			<trkpt lat="35.41559661297424" lon="-83.60940218401436">
				<ele>600.4093559999019</ele>
				<time>2025-11-15T18:24:04Z</time>
			</trkpt>
			<trkpt lat="35.41561452178563" lon="-83.60939485092882">
				<ele>601.1534812115133</ele>
				<time>2025-11-15T18:24:05Z</time>
			</trkpt>
			<trkpt lat="35.41563871545429" lon="-83.60938061884166">
				<ele>600.9874692242593</ele>
				<time>2025-11-15T18:24:07Z</time>
			</trkpt>
			<trkpt lat="35.415668865828934" lon="-83.60935981160648">
				<ele>601.0775672122836</ele>
				<time>2025-11-15T18:24:09Z</time>
			</trkpt>
			<trkpt lat="35.415690394548335" lon="-83.60934047497511">
				<ele>600.6924331197515</ele>
				<time>2025-11-15T18:24:11Z</time>
			</trkpt>
			<trkpt lat="35.415711691872595" lon="-83.60931972942728">
				<ele>600.2054023230448</ele>
				<time>2025-11-15T18:24:13Z</time>
			</trkpt>
			<trkpt lat="35.41573305213482" lon="-83.60929892252817">
				<ele>598.9051500875503</ele>
				<time>2025-11-15T18:24:15Z</time>
			</trkpt>
			<trkpt lat="35.41575200933878" lon="-83.60927865825299">
				<ele>597.7307382328436</ele>
				<time>2025-11-15T18:24:17Z</time>
			</trkpt>
			<trkpt lat="35.415770949409094" lon="-83.6092582426528">
				<ele>596.9968680869788</ele>
				<time>2025-11-15T18:24:19Z</time>
			</trkpt>
			<trkpt lat="35.415789976350105" lon="-83.60923773585986">
				<ele>597.0564367165789</ele>
				<time>2025-11-15T18:24:21Z</time>
			</trkpt>
			<trkpt lat="35.41581012289191" lon="-83.60921602235166">
				<ele>597.4191448539495</ele>
				<time>2025-11-15T18:24:23Z</time>
			</trkpt>
			<trkpt lat="35.415823866999496" lon="-83.60920120929839">
				<ele>597.7364629711956</ele>
				<time>2025-11-15T18:24:25Z</time>
			</trkpt>
			<trkpt lat="35.415844285914375" lon="-83.60917920221051">
				<ele>597.986496035941</ele>
				<time>2025-11-15T18:24:27Z</time>
			</trkpt>
			<trkpt lat="35.4158675647324" lon="-83.60915411283642">
				<ele>597.6455759890378</ele>
				<time>2025-11-15T18:24:29Z</time>
			</trkpt>
			<trkpt lat="35.41589127726257" lon="-83.60912837514662">
				<ele>597.7477875947952</ele>
				<time>2025-11-15T18:24:31Z</time>
			</trkpt>
			<trkpt lat="35.415904985904895" lon="-83.60911307047536">
				<ele>597.9094232367352</ele>
				<time>2025-11-15T18:24:32Z</time>
			</trkpt>
			<trkpt lat="35.41592807017038" lon="-83.60908729864308">
				<ele>598.1401469316334</ele>
				<time>2025-11-15T18:24:34Z</time>
			</trkpt>
			<trkpt lat="35.415952092072736" lon="-83.60906442487737">
				<ele>599.1431922223419</ele>
				<time>2025-11-15T18:24:36Z</time>
			</trkpt>
			<trkpt lat="35.415978862462765" lon="-83.60904316234114">
				<ele>600.6340773385018</ele>
				<time>2025-11-15T18:24:38Z</time>
			</trkpt>
			<trkpt lat="35.41600073197434" lon="-83.60903079758305">
				<ele>601.1660979902372</ele>
				<time>2025-11-15T18:24:40Z</time>
			</trkpt>
			<trkpt lat="35.41603093060443" lon="-83.60901617919741">
				<ele>602.3818454975262</ele>
				<time>2025-11-15T18:24:42Z</time>
			</trkpt>
			<trkpt lat="35.41604927249622" lon="-83.60900971808464">
				<ele>602.6521182721481</ele>
				<time>2025-11-15T18:24:43Z</time>
			</trkpt>
			<trkpt lat="35.416087252092616" lon="-83.60899633935465">
				<ele>603.3074004417285</ele>
				<time>2025-11-15T18:24:45Z</time>
			</trkpt>
			<trkpt lat="35.41610649758014" lon="-83.60898955991847">
				<ele>603.8193512456492</ele>
				<time>2025-11-15T18:24:46Z</time>
			</trkpt>
			<trkpt lat="35.41612606180781" lon="-83.60898208486915">
				<ele>603.503354838118</ele>
				<time>2025-11-15T18:24:47Z</time>
			</trkpt>
			<trkpt lat="35.416159106356744" lon="-83.60896539876367">
				<ele>603.3237150777131</ele>
				<time>2025-11-15T18:24:49Z</time>
			</trkpt>
			<trkpt lat="35.41618701916873" lon="-83.6089409722023">
				<ele>602.0745370248333</ele>
				<time>2025-11-15T18:24:50Z</time>
			</trkpt>
			<trkpt lat="35.41621531036156" lon="-83.60890101081029">
				<ele>602.425495901145</ele>
				<time>2025-11-15T18:24:52Z</time>
			</trkpt>
			<trkpt lat="35.416231206968796" lon="-83.60884730558784">
				<ele>602.4602510742843</ele>
				<time>2025-11-15T18:24:53Z</time>
			</trkpt>
			<trkpt lat="35.416232983710614" lon="-83.60881306294267">
				<ele>603.2651355406269</ele>
				<time>2025-11-15T18:24:54Z</time>
			</trkpt>
			<trkpt lat="35.41622975966829" lon="-83.60876632682043">
				<ele>602.6586902393028</ele>
				<time>2025-11-15T18:24:56Z</time>
			</trkpt>
			<trkpt lat="35.41622660320835" lon="-83.60874309291115">
				<ele>602.8676175568253</ele>
				<time>2025-11-15T18:24:57Z</time>
			</trkpt>
			<trkpt lat="35.41622188200521" lon="-83.60871984207733">
				<ele>603.5153889888898</ele>
				<time>2025-11-15T18:24:58Z</time>
			</trkpt>
			<trkpt lat="35.41621221888336" lon="-83.60868231444438">
				<ele>603.6266000177711</ele>
				<time>2025-11-15T18:25:00Z</time>
			</trkpt>
			<trkpt lat="35.41620518664566" lon="-83.60866099326637">
				<ele>603.1261757966131</ele>
				<time>2025-11-15T18:25:01Z</time>
			</trkpt>
			<trkpt lat="35.41619050327584" lon="-83.60862551165077">
				<ele>604.8497360935435</ele>
				<time>2025-11-15T18:25:03Z</time>
			</trkpt>
			<trkpt lat="35.41618003235174" lon="-83.60860623734703">
				<ele>606.0165919056162</ele>
				<time>2025-11-15T18:25:04Z</time>
			</trkpt>
			<trkpt lat="35.41616606837824" lon="-83.60858625881525">
				<ele>606.717506066896</ele>
				<time>2025-11-15T18:25:05Z</time>
			</trkpt>
			<trkpt lat="35.416147884041045" lon="-83.60856430654394">
				<ele>605.9106944976375</ele>
				<time>2025-11-15T18:25:06Z</time>
			</trkpt>
			<trkpt lat="35.416118586380925" lon="-83.60853468091295">
				<ele>605.6820778250694</ele>
				<time>2025-11-15T18:25:08Z</time>
			</trkpt>
			<trkpt lat="35.41608789364857" lon="-83.60850589347025">
				<ele>606.5771440761164</ele>
				<time>2025-11-15T18:25:10Z</time>
			</trkpt>
			<trkpt lat="35.416069380301735" lon="-83.60848852938466">
				<ele>607.4577042721212</ele>
				<time>2025-11-15T18:25:11Z</time>
			</trkpt>
			<trkpt lat="35.416054914246416" lon="-83.6084749613403">
				<ele>607.5432937610894</ele>
				<time>2025-11-15T18:25:12Z</time>
			</trkpt>
			<trkpt lat="35.41603725039952" lon="-83.60845792043207">
				<ele>607.4321111515164</ele>
				<time>2025-11-15T18:25:13Z</time>
			</trkpt>
			<trkpt lat="35.41601752850591" lon="-83.60843819849497">
				<ele>607.3416627179831</ele>
				<time>2025-11-15T18:25:14Z</time>
			</trkpt>
			<trkpt lat="35.41599521365646" lon="-83.60841633185649">
				<ele>607.4219152703881</ele>
				<time>2025-11-15T18:25:15Z</time>
			</trkpt>
			<trkpt lat="35.41597435606639" lon="-83.60839830241444">
				<ele>607.4771306421608</ele>
				<time>2025-11-15T18:25:16Z</time>
			</trkpt>
			<trkpt lat="35.41595676270212" lon="-83.6083832510862">
				<ele>607.303739820607</ele>
				<time>2025-11-15T18:25:17Z</time>
			</trkpt>
			<trkpt lat="35.41593929648831" lon="-83.60837042424001">
				<ele>607.5103050535545</ele>
				<time>2025-11-15T18:25:18Z</time>
			</trkpt>
			<trkpt lat="35.41592099059698" lon="-83.60835292560239">
				<ele>607.781258055009</ele>
				<time>2025-11-15T18:25:19Z</time>
			</trkpt>
			<trkpt lat="35.41590105664051" lon="-83.60834214854783">
				<ele>607.6931362263858</ele>
				<time>2025-11-15T18:25:20Z</time>
			</trkpt>
			<trkpt lat="35.41589208904555" lon="-83.60832001939679">
				<ele>609.3802643232048</ele>
				<time>2025-11-15T18:25:21Z</time>
			</trkpt>
			<trkpt lat="35.41588311039965" lon="-83.60829559282824">
				<ele>610.9549982268363</ele>
				<time>2025-11-15T18:25:22Z</time>
			</trkpt>
			<trkpt lat="35.41588316072976" lon="-83.60825888964658">
				<ele>612.5314526930451</ele>
				<time>2025-11-15T18:25:23Z</time>
			</trkpt>
			<trkpt lat="35.415884248230945" lon="-83.60823022661441">
				<ele>612.4745960896835</ele>
				<time>2025-11-15T18:25:24Z</time>
			</trkpt>
			<trkpt lat="35.41588109398025" lon="-83.60817796324585">
				<ele>613.0797834200785</ele>
				<time>2025-11-15T18:25:26Z</time>
			</trkpt>
			<trkpt lat="35.415883973183874" lon="-83.60813788532627">
				<ele>612.537909898907</ele>
				<time>2025-11-15T18:25:27Z</time>
			</trkpt>
			<trkpt lat="35.41588167298485" lon="-83.60810257311147">
				<ele>612.5795616181567</ele>
				<time>2025-11-15T18:25:28Z</time>
			</trkpt>
			<trkpt lat="35.415882394414595" lon="-83.6080736748396">
				<ele>613.6319399829954</ele>
				<time>2025-11-15T18:25:29Z</time>
			</trkpt>
			<trkpt lat="35.41588538343238" lon="-83.60803805589482">
				<ele>612.8014823067933</ele>
				<time>2025-11-15T18:25:30Z</time>
			</trkpt>
			<trkpt lat="35.41588833795677" lon="-83.60799856602033">
				<ele>613.9319550367072</ele>
				<time>2025-11-15T18:25:31Z</time>
			</trkpt>
			<trkpt lat="35.415889991577586" lon="-83.60796497025652">
				<ele>613.2146075386554</ele>
				<time>2025-11-15T18:25:32Z</time>
			</trkpt>
			<trkpt lat="35.41589169256934" lon="-83.60791934000487">
				<ele>611.7707965346053</ele>
				<time>2025-11-15T18:25:33Z</time>
			</trkpt>
			<trkpt lat="35.41589458002631" lon="-83.60788376608173">
				<ele>612.7173827076331</ele>
				<time>2025-11-15T18:25:34Z</time>
			</trkpt>
			<trkpt lat="35.415907561478534" lon="-83.60783875962922">
				<ele>611.8415651880205</ele>
				<time>2025-11-15T18:25:36Z</time>
			</trkpt>
			<trkpt lat="35.41591643025506" lon="-83.60781311794713">
				<ele>610.4107725033537</ele>
				<time>2025-11-15T18:25:37Z</time>
			</trkpt>
			<trkpt lat="35.41592249923286" lon="-83.6077819349198">
				<ele>609.2315441630781</ele>
				<time>2025-11-15T18:25:38Z</time>
			</trkpt>
			<trkpt lat="35.41592700055427" lon="-83.6077563752774">
				<ele>608.6384662184864</ele>
				<time>2025-11-15T18:25:39Z</time>
			</trkpt>
			<trkpt lat="35.41593358637161" lon="-83.60772540199481">
				<ele>609.1642211861908</ele>
				<time>2025-11-15T18:25:40Z</time>
			</trkpt>
			<trkpt lat="35.415942132715486" lon="-83.60769863054348">
				<ele>607.7671080837026</ele>
				<time>2025-11-15T18:25:41Z</time>
			</trkpt>
			<trkpt lat="35.41594878767506" lon="-83.60767234228094">
				<ele>608.2937577720731</ele>
				<time>2025-11-15T18:25:42Z</time>
			</trkpt>
			<trkpt lat="35.41595855283307" lon="-83.60764364171665">
				<ele>608.0329796671867</ele>
				<time>2025-11-15T18:25:43Z</time>
			</trkpt>
			<trkpt lat="35.41596825866536" lon="-83.60761896524704">
				<ele>607.9239468863234</ele>
				<time>2025-11-15T18:25:44Z</time>
			</trkpt>
			<trkpt lat="35.415982490455605" lon="-83.60759794969754">
				<ele>608.0670865075663</ele>
				<time>2025-11-15T18:25:45Z</time>
			</trkpt>
			<trkpt lat="35.41600225177021" lon="-83.60757370658371">
				<ele>607.0701306797564</ele>
				<time>2025-11-15T18:25:46Z</time>
			</trkpt>
			<trkpt lat="35.41601590644168" lon="-83.6075533960107">
				<ele>606.6399273090065</ele>
				<time>2025-11-15T18:25:47Z</time>
			</trkpt>
			<trkpt lat="35.416029295171384" lon="-83.60752692301322">
				<ele>605.7613882571459</ele>
				<time>2025-11-15T18:25:48Z</time>
			</trkpt>
			<trkpt lat="35.41604949460836" lon="-83.60750491857729">
				<ele>603.9761312268674</ele>
				<time>2025-11-15T18:25:49Z</time>
			</trkpt>
			<trkpt lat="35.41606338964205" lon="-83.60748704141355">
				<ele>604.7868122635409</ele>
				<time>2025-11-15T18:25:50Z</time>
			</trkpt>
			<trkpt lat="35.416086886716116" lon="-83.60746086030606">
				<ele>604.5561850294471</ele>
				<time>2025-11-15T18:25:52Z</time>
			</trkpt>
			<trkpt lat="35.416101161171404" lon="-83.60744069935171">
				<ele>604.1335995104164</ele>
				<time>2025-11-15T18:25:53Z</time>
			</trkpt>
			<trkpt lat="35.416123321364736" lon="-83.60741844875257">
				<ele>603.9941921420395</ele>
				<time>2025-11-15T18:25:55Z</time>
			</trkpt>
			<trkpt lat="35.416152170952984" lon="-83.60741710345758">
				<ele>603.51122718025</ele>
				<time>2025-11-15T18:25:58Z</time>
			</trkpt>
			<trkpt lat="35.41617648489821" lon="-83.60740318991495">
				<ele>603.2118527544662</ele>
				<time>2025-11-15T18:26:00Z</time>
			</trkpt>
			<trkpt lat="35.41619512083619" lon="-83.60739561981201">
				<ele>602.9459234373644</ele>
				<time>2025-11-15T18:26:01Z</time>
			</trkpt>
			<trkpt lat="35.41621586902661" lon="-83.60738980132405">
				<ele>601.9396376060322</ele>
				<time>2025-11-15T18:26:02Z</time>
			</trkpt>
			<trkpt lat="35.41623669464271" lon="-83.6073881447573">
				<ele>601.3383794911206</ele>
				<time>2025-11-15T18:26:03Z</time>
			</trkpt>
			<trkpt lat="35.4162689238703" lon="-83.60738075863465">
				<ele>601.7382023204118</ele>
				<time>2025-11-15T18:26:05Z</time>
			</trkpt>
			<trkpt lat="35.416304035634205" lon="-83.60736947876399">
				<ele>602.103862926364</ele>
				<time>2025-11-15T18:26:07Z</time>
			</trkpt>
			<trkpt lat="35.41632378511949" lon="-83.60736276657586">
				<ele>602.3500556387007</ele>
				<time>2025-11-15T18:26:08Z</time>
			</trkpt>
			<trkpt lat="35.416346118931656" lon="-83.60735658291779">
				<ele>602.5434403959662</ele>
				<time>2025-11-15T18:26:09Z</time>
			</trkpt>
			<trkpt lat="35.41636650345955" lon="-83.60734911368047">
				<ele>602.9850508775562</ele>
				<time>2025-11-15T18:26:10Z</time>
			</trkpt>
			<trkpt lat="35.416389182943135" lon="-83.60734326400086">
				<ele>603.157963545993</ele>
				<time>2025-11-15T18:26:11Z</time>
			</trkpt>
			<trkpt lat="35.41641369978454" lon="-83.6073372879827">
				<ele>603.3861951483414</ele>
				<time>2025-11-15T18:26:12Z</time>
			</trkpt>
			<trkpt lat="35.416433452019824" lon="-83.60732927818704">
				<ele>604.4640346234664</ele>
				<time>2025-11-15T18:26:13Z</time>
			</trkpt>
			<trkpt lat="35.416461436705724" lon="-83.60733859782597">
				<ele>604.571452440694</ele>
				<time>2025-11-15T18:26:14Z</time>
			</trkpt>
			<trkpt lat="35.41648214351303" lon="-83.60733969805878">
				<ele>605.5179776614532</ele>
				<time>2025-11-15T18:26:15Z</time>
			</trkpt>
			<trkpt lat="35.41650877504681" lon="-83.60734561144056">
				<ele>605.0008047400042</ele>
				<time>2025-11-15T18:26:16Z</time>
			</trkpt>
			<trkpt lat="35.4165360346295" lon="-83.60734961157705">
				<ele>605.1525397803634</ele>
				<time>2025-11-15T18:26:17Z</time>
			</trkpt>
			<trkpt lat="35.41655739860859" lon="-83.60735331483556">
				<ele>606.6973334103823</ele>
				<time>2025-11-15T18:26:18Z</time>
			</trkpt>
			<trkpt lat="35.41659515254321" lon="-83.6073630691352">
				<ele>607.9364110380411</ele>
				<time>2025-11-15T18:26:19Z</time>
			</trkpt>
			<trkpt lat="35.41662410119516" lon="-83.60736693783112">
				<ele>608.786325249821</ele>
				<time>2025-11-15T18:26:20Z</time>
			</trkpt>
			<trkpt lat="35.41665169392637" lon="-83.6073703787463">
				<ele>608.7553467778489</ele>
				<time>2025-11-15T18:26:21Z</time>
			</trkpt>
			<trkpt lat="35.41668108618127" lon="-83.60737892911747">
				<ele>609.2557292198762</ele>
				<time>2025-11-15T18:26:22Z</time>
			</trkpt>
			<trkpt lat="35.4167220441291" lon="-83.60738783468054">
				<ele>608.3530182791874</ele>
				<time>2025-11-15T18:26:23Z</time>
			</trkpt>
			<trkpt lat="35.41674025890709" lon="-83.60739444763112">
				<ele>608.7031927593052</ele>
				<time>2025-11-15T18:26:24Z</time>
			</trkpt>
			<trkpt lat="35.41676827527368" lon="-83.6074046325318">
				<ele>608.1642551785335</ele>
				<time>2025-11-15T18:26:25Z</time>
			</trkpt>
			<trkpt lat="35.41679674377181" lon="-83.60742110424493">
				<ele>607.6288947556168</ele>
				<time>2025-11-15T18:26:26Z</time>
			</trkpt>
			<trkpt lat="35.41681888881367" lon="-83.60743024055814">
				<ele>607.0005117086694</ele>
				<time>2025-11-15T18:26:27Z</time>
			</trkpt>
			<trkpt lat="35.41684321202499" lon="-83.60744120347633">
				<ele>607.248629427515</ele>
				<time>2025-11-15T18:26:28Z</time>
			</trkpt>
			<trkpt lat="35.41687539085018" lon="-83.60745610615115">
				<ele>607.6745487507433</ele>
				<time>2025-11-15T18:26:29Z</time>
			</trkpt>
			<trkpt lat="35.41692392063858" lon="-83.60747562551327">
				<ele>608.7130778729916</ele>
				<time>2025-11-15T18:26:30Z</time>
			</trkpt>
			<trkpt lat="35.41697268087112" lon="-83.60749104173043">
				<ele>608.2847855901346</ele>
				<time>2025-11-15T18:26:32Z</time>
			</trkpt>
			<trkpt lat="35.417000824699755" lon="-83.60750509328092">
				<ele>609.0884527806193</ele>
				<time>2025-11-15T18:26:33Z</time>
			</trkpt>
			<trkpt lat="35.41703132337378" lon="-83.60752827999079">
				<ele>609.2464178651571</ele>
				<time>2025-11-15T18:26:34Z</time>
			</trkpt>
			<trkpt lat="35.417189473074" lon="-83.60767005385969">
				<ele>611.7510680984706</ele>
				<time>2025-11-15T18:26:36Z</time>
			</trkpt>
			<trkpt lat="35.41721374130387" lon="-83.60773069769633">
				<ele>611.779244016856</ele>
				<time>2025-11-15T18:26:37Z</time>
			</trkpt>
			<trkpt lat="35.417233669771406" lon="-83.60778857890168">
				<ele>611.7255771448836</ele>
				<time>2025-11-15T18:26:38Z</time>
			</trkpt>
			<trkpt lat="35.41725780670733" lon="-83.60783923822467">
				<ele>611.6801099441946</ele>
				<time>2025-11-15T18:26:39Z</time>
			</trkpt>
			<trkpt lat="35.41727547997943" lon="-83.60789158383272">
				<ele>611.4507774915546</ele>
				<time>2025-11-15T18:26:40Z</time>
			</trkpt>
			<trkpt lat="35.41730419377356" lon="-83.60793984831334">
				<ele>611.3818907402456</ele>
				<time>2025-11-15T18:26:41Z</time>
			</trkpt>
			<trkpt lat="35.41734075588586" lon="-83.60798291366176">
				<ele>611.5076209846884</ele>
				<time>2025-11-15T18:26:42Z</time>
			</trkpt>
			<trkpt lat="35.41737785352369" lon="-83.60801108571503">
				<ele>611.4400194678456</ele>
				<time>2025-11-15T18:26:43Z</time>
			</trkpt>
			<trkpt lat="35.417422486137404" lon="-83.60804036549177">
				<ele>611.5108768641949</ele>
				<time>2025-11-15T18:26:44Z</time>
			</trkpt>
			<trkpt lat="35.41749071387311" lon="-83.60802680876235">
				<ele>611.8341956306249</ele>
				<time>2025-11-15T18:26:45Z</time>
			</trkpt>
			<trkpt lat="35.4175457001377" lon="-83.6079627153614">
				<ele>612.407057822682</ele>
				<time>2025-11-15T18:26:46Z</time>
			</trkpt>
			<trkpt lat="35.41757900205804" lon="-83.60790615117463">
				<ele>611.6159305144101</ele>
				<time>2025-11-15T18:26:47Z</time>
			</trkpt>
			<trkpt lat="35.4176185743091" lon="-83.60785738317053">
				<ele>610.9109644489363</ele>
				<time>2025-11-15T18:26:48Z</time>
			</trkpt>
			<trkpt lat="35.417666169124885" lon="-83.60782364840304">
				<ele>610.3663817355409</ele>
				<time>2025-11-15T18:26:49Z</time>
			</trkpt>
			<trkpt lat="35.41771884180591" lon="-83.60780200588081">
				<ele>609.9238460315391</ele>
				<time>2025-11-15T18:26:50Z</time>
			</trkpt>
			<trkpt lat="35.417772237404435" lon="-83.60778617148323">
				<ele>609.3867069873959</ele>
				<time>2025-11-15T18:26:51Z</time>
			</trkpt>
			<trkpt lat="35.417816562592705" lon="-83.60777313222825">
				<ele>609.430662737228</ele>
				<time>2025-11-15T18:26:52Z</time>
			</trkpt>
			<trkpt lat="35.41785490639437" lon="-83.60776202372996">
				<ele>609.7705143792555</ele>
				<time>2025-11-15T18:26:53Z</time>
			</trkpt>
			<trkpt lat="35.4179513678291" lon="-83.60772115686312">
				<ele>602.4475404853001</ele>
				<time>2025-11-15T18:26:54Z</time>
			</trkpt>
			<trkpt lat="35.41797761035927" lon="-83.60767957582223">
				<ele>601.3845309577882</ele>
				<time>2025-11-15T18:26:55Z</time>
			</trkpt>
			<trkpt lat="35.41801159962543" lon="-83.60763191037204">
				<ele>600.7440449241549</ele>
				<time>2025-11-15T18:26:56Z</time>
			</trkpt>
			<trkpt lat="35.41803254994207" lon="-83.60759908932792">
				<ele>599.7596468403935</ele>
				<time>2025-11-15T18:26:57Z</time>
			</trkpt>
			<trkpt lat="35.41806427738255" lon="-83.60761667221097">
				<ele>596.9205686617643</ele>
				<time>2025-11-15T18:27:35Z</time>
			</trkpt>
			<trkpt lat="35.418047101177486" lon="-83.60762754267752">
				<ele>597.7655352763832</ele>
				<time>2025-11-15T18:27:38Z</time>
			</trkpt>
			<trkpt lat="35.418026715114046" lon="-83.60762910684905">
				<ele>598.5578818311915</ele>
				<time>2025-11-15T18:27:39Z</time>
			</trkpt>
			<trkpt lat="35.4180136325428" lon="-83.60764431127906">
				<ele>599.4591097310185</ele>
				<time>2025-11-15T18:27:42Z</time>
			</trkpt>
			<trkpt lat="35.418029358526404" lon="-83.60760419680899">
				<ele>597.7353508025408</ele>
				<time>2025-11-15T18:27:48Z</time>
			</trkpt>
			<trkpt lat="35.41803036893224" lon="-83.6075802718887">
				<ele>595.6824893383309</ele>
				<time>2025-11-15T18:27:54Z</time>
			</trkpt>
			<trkpt lat="35.41800673579746" lon="-83.60758366018885">
				<ele>594.62186630629</ele>
				<time>2025-11-15T18:27:58Z</time>
			</trkpt>
			<trkpt lat="35.417986831503654" lon="-83.60759063468285">
				<ele>593.7009031940252</ele>
				<time>2025-11-15T18:27:59Z</time>
			</trkpt>
			<trkpt lat="35.41796455200251" lon="-83.60759945090587">
				<ele>593.9013131884858</ele>
				<time>2025-11-15T18:28:00Z</time>
			</trkpt>
			<trkpt lat="35.41794537309389" lon="-83.6076166236356">
				<ele>593.7178326351568</ele>
				<time>2025-11-15T18:28:01Z</time>
			</trkpt>
			<trkpt lat="35.41792528611115" lon="-83.6076296175077">
				<ele>594.0589581234381</ele>
				<time>2025-11-15T18:28:02Z</time>
			</trkpt>
			<trkpt lat="35.417867988010244" lon="-83.60763494613796">
				<ele>594.11703260988</ele>
				<time>2025-11-15T18:28:04Z</time>
			</trkpt>
			<trkpt lat="35.41782963418873" lon="-83.6076417304568">
				<ele>594.647218179889</ele>
				<time>2025-11-15T18:28:05Z</time>
			</trkpt>
			<trkpt lat="35.41777988280309" lon="-83.60764120035473">
				<ele>595.6037982171401</ele>
				<time>2025-11-15T18:28:06Z</time>
			</trkpt>
			<trkpt lat="35.417739922616825" lon="-83.60763631962844">
				<ele>596.2163431076333</ele>
				<time>2025-11-15T18:28:07Z</time>
			</trkpt>
			<trkpt lat="35.41771060856415" lon="-83.6076336525643">
				<ele>597.3415501834825</ele>
				<time>2025-11-15T18:28:08Z</time>
			</trkpt>
			<trkpt lat="35.417689033754876" lon="-83.6076351202132">
				<ele>597.9634296773002</ele>
				<time>2025-11-15T18:28:09Z</time>
			</trkpt>
			<trkpt lat="35.41766585198151" lon="-83.60762869917646">
				<ele>597.6268661227077</ele>
				<time>2025-11-15T18:28:10Z</time>
			</trkpt>
			<trkpt lat="35.417649637259444" lon="-83.60761897041095">
				<ele>598.371612418443</ele>
				<time>2025-11-15T18:28:11Z</time>
			</trkpt>
			<trkpt lat="35.41762594148679" lon="-83.6076100929165">
				<ele>599.1892229216173</ele>
				<time>2025-11-15T18:28:12Z</time>
			</trkpt>
			<trkpt lat="35.41759943620777" lon="-83.6075910548713">
				<ele>599.6893951240927</ele>
				<time>2025-11-15T18:28:13Z</time>
			</trkpt>
			<trkpt lat="35.41756787806487" lon="-83.60756528879436">
				<ele>600.2350446330383</ele>
				<time>2025-11-15T18:28:14Z</time>
			</trkpt>
			<trkpt lat="35.41755148511766" lon="-83.60755181521982">
				<ele>600.954776328057</ele>
				<time>2025-11-15T18:28:15Z</time>
			</trkpt>
			<trkpt lat="35.41753157308721" lon="-83.6075340111829">
				<ele>601.8219825848937</ele>
				<time>2025-11-15T18:28:16Z</time>
			</trkpt>
			<trkpt lat="35.41750865331162" lon="-83.60752178361201">
				<ele>601.042078374885</ele>
				<time>2025-11-15T18:28:17Z</time>
			</trkpt>
			<trkpt lat="35.41748580237518" lon="-83.60750476244237">
				<ele>600.5716296033934</ele>
				<time>2025-11-15T18:28:18Z</time>
			</trkpt>
			<trkpt lat="35.41746473911171" lon="-83.60747618909268">
				<ele>601.5393060008064</ele>
				<time>2025-11-15T18:28:19Z</time>
			</trkpt>
			<trkpt lat="35.41744734950805" lon="-83.60743966141443">
				<ele>600.198705569841</ele>
				<time>2025-11-15T18:28:20Z</time>
			</trkpt>
			<trkpt lat="35.41743339001433" lon="-83.60739492426467">
				<ele>600.290607620962</ele>
				<time>2025-11-15T18:28:21Z</time>
			</trkpt>
			<trkpt lat="35.417417265544486" lon="-83.60734891694013">
				<ele>600.8819677643478</ele>
				<time>2025-11-15T18:28:22Z</time>
			</trkpt>
			<trkpt lat="35.4173980589184" lon="-83.6073142096307">
				<ele>601.0302325077355</ele>
				<time>2025-11-15T18:28:23Z</time>
			</trkpt>
			<trkpt lat="35.41737875876937" lon="-83.60726490237741">
				<ele>601.838666478172</ele>
				<time>2025-11-15T18:28:24Z</time>
			</trkpt>
			<trkpt lat="35.41736240225536" lon="-83.60722634139238">
				<ele>601.9468399332836</ele>
				<time>2025-11-15T18:28:25Z</time>
			</trkpt>
			<trkpt lat="35.41734432521157" lon="-83.60718695572551">
				<ele>602.877618051134</ele>
				<time>2025-11-15T18:28:26Z</time>
			</trkpt>
			<trkpt lat="35.41733640337744" lon="-83.60713694608826">
				<ele>604.4184959651902</ele>
				<time>2025-11-15T18:28:27Z</time>
			</trkpt>
			<trkpt lat="35.41732776362952" lon="-83.6070875999758">
				<ele>606.6029387190938</ele>
				<time>2025-11-15T18:28:28Z</time>
			</trkpt>
			<trkpt lat="35.4173182865389" lon="-83.6070399022255">
				<ele>607.0922356937081</ele>
				<time>2025-11-15T18:28:29Z</time>
			</trkpt>
			<trkpt lat="35.41730319268071" lon="-83.60700504515245">
				<ele>608.3516900166869</ele>
				<time>2025-11-15T18:28:30Z</time>
			</trkpt>
			<trkpt lat="35.41728724555988" lon="-83.60696020237309">
				<ele>607.4224720802158</ele>
				<time>2025-11-15T18:28:31Z</time>
			</trkpt>
			<trkpt lat="35.41727182042337" lon="-83.60690883971041">
				<ele>608.2754077985883</ele>
				<time>2025-11-15T18:28:32Z</time>
			</trkpt>
			<trkpt lat="35.417254185631776" lon="-83.60686084107867">
				<ele>606.926831045188</ele>
				<time>2025-11-15T18:28:33Z</time>
			</trkpt>
			<trkpt lat="35.41724059459008" lon="-83.60681865823065">
				<ele>606.8867689361796</ele>
				<time>2025-11-15T18:28:34Z</time>
			</trkpt>
			<trkpt lat="35.417220948642836" lon="-83.60678744748779">
				<ele>606.0034823529422</ele>
				<time>2025-11-15T18:28:35Z</time>
			</trkpt>
			<trkpt lat="35.417205991816665" lon="-83.60675214252454">
				<ele>605.245161132887</ele>
				<time>2025-11-15T18:28:36Z</time>
			</trkpt>
			<trkpt lat="35.41719072903949" lon="-83.60671341651783">
				<ele>604.5529069909826</ele>
				<time>2025-11-15T18:28:37Z</time>
			</trkpt>
			<trkpt lat="35.41718569693989" lon="-83.60668091671992">
				<ele>603.4641916155815</ele>
				<time>2025-11-15T18:28:38Z</time>
			</trkpt>
			<trkpt lat="35.417179431613505" lon="-83.60663276813412">
				<ele>602.5309189297259</ele>
				<time>2025-11-15T18:28:39Z</time>
			</trkpt>
			<trkpt lat="35.41717635148635" lon="-83.60660273632679">
				<ele>602.1101011997089</ele>
				<time>2025-11-15T18:28:40Z</time>
			</trkpt>
			<trkpt lat="35.41716491455532" lon="-83.60656822572606">
				<ele>601.936315481551</ele>
				<time>2025-11-15T18:28:41Z</time>
			</trkpt>
			<trkpt lat="35.41716103818452" lon="-83.60653661613729">
				<ele>602.292672903277</ele>
				<time>2025-11-15T18:28:42Z</time>
			</trkpt>
			<trkpt lat="35.41716102695549" lon="-83.6064918363306">
				<ele>601.9847491169348</ele>
				<time>2025-11-15T18:28:43Z</time>
			</trkpt>
			<trkpt lat="35.41715870293494" lon="-83.60645825140995">
				<ele>602.4594892822206</ele>
				<time>2025-11-15T18:28:44Z</time>
			</trkpt>
			<trkpt lat="35.41715697998343" lon="-83.60641865256228">
				<ele>602.7353955004364</ele>
				<time>2025-11-15T18:28:45Z</time>
			</trkpt>
			<trkpt lat="35.41715087909998" lon="-83.60637393316682">
				<ele>601.9297430543229</ele>
				<time>2025-11-15T18:28:46Z</time>
			</trkpt>
			<trkpt lat="35.41714436807843" lon="-83.606340814996">
				<ele>601.0243509141728</ele>
				<time>2025-11-15T18:28:47Z</time>
			</trkpt>
			<trkpt lat="35.41714590419012" lon="-83.60629435437973">
				<ele>599.874099412933</ele>
				<time>2025-11-15T18:28:48Z</time>
			</trkpt>
			<trkpt lat="35.417154589199896" lon="-83.60605818591735">
				<ele>603.2129687098786</ele>
				<time>2025-11-15T18:28:50Z</time>
			</trkpt>
			<trkpt lat="35.41716542037525" lon="-83.60596405233849">
				<ele>610.300194459036</ele>
				<time>2025-11-15T18:28:51Z</time>
			</trkpt>
			<trkpt lat="35.41717557817918" lon="-83.60590083887985">
				<ele>610.8487825887278</ele>
				<time>2025-11-15T18:28:52Z</time>
			</trkpt>
			<trkpt lat="35.417194758119564" lon="-83.60584556712404">
				<ele>611.6193092903122</ele>
				<time>2025-11-15T18:28:53Z</time>
			</trkpt>
			<trkpt lat="35.41724121282267" lon="-83.60581425981842">
				<ele>611.5201157331467</ele>
				<time>2025-11-15T18:28:54Z</time>
			</trkpt>
			<trkpt lat="35.417280064929756" lon="-83.60578339987082">
				<ele>611.3928067348897</ele>
				<time>2025-11-15T18:28:55Z</time>
			</trkpt>
			<trkpt lat="35.41731395804857" lon="-83.60574343744395">
				<ele>610.3597232960165</ele>
				<time>2025-11-15T18:28:56Z</time>
			</trkpt>
			<trkpt lat="35.41734111202551" lon="-83.60569443781263">
				<ele>609.7839743867517</ele>
				<time>2025-11-15T18:28:57Z</time>
			</trkpt>
			<trkpt lat="35.417366813748316" lon="-83.6056331031358">
				<ele>608.8872577501461</ele>
				<time>2025-11-15T18:28:58Z</time>
			</trkpt>
			<trkpt lat="35.41739521511959" lon="-83.60557814853165">
				<ele>607.0931323226541</ele>
				<time>2025-11-15T18:28:59Z</time>
			</trkpt>
			<trkpt lat="35.41742469490058" lon="-83.605528575557">
				<ele>606.1135635981336</ele>
				<time>2025-11-15T18:29:00Z</time>
			</trkpt>
			<trkpt lat="35.41745799473521" lon="-83.60550517939139">
				<ele>605.0834529753774</ele>
				<time>2025-11-15T18:29:01Z</time>
			</trkpt>
			<trkpt lat="35.417484810128045" lon="-83.60546543174569">
				<ele>604.3101116642356</ele>
				<time>2025-11-15T18:29:02Z</time>
			</trkpt>
			<trkpt lat="35.41750505067844" lon="-83.60542371165774">
				<ele>603.9473596354946</ele>
				<time>2025-11-15T18:29:03Z</time>
			</trkpt>
			<trkpt lat="35.417523415442695" lon="-83.60537547864621">
				<ele>603.5233636088669</ele>
				<time>2025-11-15T18:29:04Z</time>
			</trkpt>
			<trkpt lat="35.417539077510796" lon="-83.60533585772933">
				<ele>603.1518588429317</ele>
				<time>2025-11-15T18:29:05Z</time>
			</trkpt>
			<trkpt lat="35.41754716935762" lon="-83.60529274094827">
				<ele>602.6299354517832</ele>
				<time>2025-11-15T18:29:06Z</time>
			</trkpt>
			<trkpt lat="35.417552231227695" lon="-83.6052508467127">
				<ele>602.3479959499091</ele>
				<time>2025-11-15T18:29:07Z</time>
			</trkpt>
			<trkpt lat="35.417550402641055" lon="-83.60521791873515">
				<ele>602.2614105790854</ele>
				<time>2025-11-15T18:29:08Z</time>
			</trkpt>
			<trkpt lat="35.417549417161396" lon="-83.60518699900098">
				<ele>602.2130276681855</ele>
				<time>2025-11-15T18:29:09Z</time>
			</trkpt>
			<trkpt lat="35.41755160391326" lon="-83.6051462634017">
				<ele>602.2467055022717</ele>
				<time>2025-11-15T18:29:10Z</time>
			</trkpt>
			<trkpt lat="35.41755964259787" lon="-83.60510717729748">
				<ele>588.9624685281888</ele>
				<time>2025-11-15T18:29:11Z</time>
			</trkpt>
			<trkpt lat="35.4175373518302" lon="-83.60508119251254">
				<ele>589.8012092383578</ele>
				<time>2025-11-15T18:29:12Z</time>
			</trkpt>
			<trkpt lat="35.41752682927916" lon="-83.60503314940325">
				<ele>589.975213306956</ele>
				<time>2025-11-15T18:29:13Z</time>
			</trkpt>
			<trkpt lat="35.41751709278653" lon="-83.60498869516594">
				<ele>590.6078730067238</ele>
				<time>2025-11-15T18:29:14Z</time>
			</trkpt>
			<trkpt lat="35.41750817940902" lon="-83.60495123796989">
				<ele>590.8485727887601</ele>
				<time>2025-11-15T18:29:15Z</time>
			</trkpt>
			<trkpt lat="35.417500128834845" lon="-83.60492166755608">
				<ele>591.1484029321</ele>
				<time>2025-11-15T18:29:16Z</time>
			</trkpt>
			<trkpt lat="35.41749091873474" lon="-83.60488944171445">
				<ele>590.7859410373494</ele>
				<time>2025-11-15T18:29:17Z</time>
			</trkpt>
			<trkpt lat="35.41747905360915" lon="-83.60485970504553">
				<ele>590.1968539478257</ele>
				<time>2025-11-15T18:29:18Z</time>
			</trkpt>
			<trkpt lat="35.41746271803634" lon="-83.60482229949488">
				<ele>588.4448164207861</ele>
				<time>2025-11-15T18:29:19Z</time>
			</trkpt>
			<trkpt lat="35.41744920003171" lon="-83.60479478073053">
				<ele>587.4897015038878</ele>
				<time>2025-11-15T18:29:20Z</time>
			</trkpt>
			<trkpt lat="35.41743365215432" lon="-83.60476312968294">
				<ele>586.9493628805503</ele>
				<time>2025-11-15T18:29:21Z</time>
			</trkpt>
			<trkpt lat="35.4174222074453" lon="-83.60473699640819">
				<ele>585.1063264673576</ele>
				<time>2025-11-15T18:29:22Z</time>
			</trkpt>
			<trkpt lat="35.41740707803975" lon="-83.60470190750038">
				<ele>584.2302350774407</ele>
				<time>2025-11-15T18:29:23Z</time>
			</trkpt>
			<trkpt lat="35.41739071441396" lon="-83.60468831029587">
				<ele>582.8514732588083</ele>
				<time>2025-11-15T18:29:24Z</time>
			</trkpt>
			<trkpt lat="35.41737336226038" lon="-83.6046785146078">
				<ele>582.6487968051806</ele>
				<time>2025-11-15T18:29:25Z</time>
			</trkpt>
			<trkpt lat="35.41733612604882" lon="-83.60466829954841">
				<ele>580.8064776035026</ele>
				<time>2025-11-15T18:29:27Z</time>
			</trkpt>
			<trkpt lat="35.4173166022607" lon="-83.60466646854194">
				<ele>579.3967197984457</ele>
				<time>2025-11-15T18:29:28Z</time>
			</trkpt>
			<trkpt lat="35.41729138480808" lon="-83.60466498515613">
				<ele>580.2192715713754</ele>
				<time>2025-11-15T18:29:29Z</time>
			</trkpt>
			<trkpt lat="35.41726523959934" lon="-83.60466484374719">
				<ele>579.203465490602</ele>
				<time>2025-11-15T18:29:30Z</time>
			</trkpt>
			<trkpt lat="35.417244174051795" lon="-83.60466562109991">
				<ele>579.2827118355781</ele>
				<time>2025-11-15T18:29:31Z</time>
			</trkpt>
			<trkpt lat="35.417207751864375" lon="-83.60467131746893">
				<ele>579.0406142054126</ele>
				<time>2025-11-15T18:29:32Z</time>
			</trkpt>
			<trkpt lat="35.41716396950888" lon="-83.60469445070471">
				<ele>579.1857026489452</ele>
				<time>2025-11-15T18:29:33Z</time>
			</trkpt>
			<trkpt lat="35.41711070031305" lon="-83.60475082816772">
				<ele>579.2516452139243</ele>
				<time>2025-11-15T18:29:34Z</time>
			</trkpt>
			<trkpt lat="35.41708692543206" lon="-83.60481448242555">
				<ele>579.6858429964632</ele>
				<time>2025-11-15T18:29:35Z</time>
			</trkpt>
			<trkpt lat="35.41706871183764" lon="-83.6048804444113">
				<ele>580.0357978902757</ele>
				<time>2025-11-15T18:29:36Z</time>
			</trkpt>
			<trkpt lat="35.41704979898297" lon="-83.60493548126419">
				<ele>580.029487606138</ele>
				<time>2025-11-15T18:29:37Z</time>
			</trkpt>
			<trkpt lat="35.41703939450449" lon="-83.60498982478713">
				<ele>580.8685478158295</ele>
				<time>2025-11-15T18:29:38Z</time>
			</trkpt>
			<trkpt lat="35.41703551191217" lon="-83.60503781167841">
				<ele>580.4181994870305</ele>
				<time>2025-11-15T18:29:39Z</time>
			</trkpt>
			<trkpt lat="35.41703005942501" lon="-83.60510520168077">
				<ele>579.8107567345724</ele>
				<time>2025-11-15T18:29:40Z</time>
			</trkpt>
			<trkpt lat="35.4170217863084" lon="-83.60516646636664">
				<ele>578.6006259722635</ele>
				<time>2025-11-15T18:29:41Z</time>
			</trkpt>
			<trkpt lat="35.416999172885085" lon="-83.60522840743603">
				<ele>577.243191103451</ele>
				<time>2025-11-15T18:29:42Z</time>
			</trkpt>
			<trkpt lat="35.41696673549291" lon="-83.60530337178767">
				<ele>576.7956873681396</ele>
				<time>2025-11-15T18:29:43Z</time>
			</trkpt>
			<trkpt lat="35.41694404383217" lon="-83.60534977496548">
				<ele>577.2880889242515</ele>
				<time>2025-11-15T18:29:44Z</time>
			</trkpt>
			<trkpt lat="35.41692652114518" lon="-83.60541641820667">
				<ele>577.4576231585816</ele>
				<time>2025-11-15T18:29:45Z</time>
			</trkpt>
			<trkpt lat="35.416904159645206" lon="-83.60547480700731">
				<ele>578.0193515643477</ele>
				<time>2025-11-15T18:29:46Z</time>
			</trkpt>
			<trkpt lat="35.41687225623807" lon="-83.60552216235618">
				<ele>577.603127496317</ele>
				<time>2025-11-15T18:29:47Z</time>
			</trkpt>
			<trkpt lat="35.41681792808441" lon="-83.60552131020084">
				<ele>578.7314247600734</ele>
				<time>2025-11-15T18:29:48Z</time>
			</trkpt>
			<trkpt lat="35.41676903270216" lon="-83.60553435632112">
				<ele>577.4420399395749</ele>
				<time>2025-11-15T18:29:49Z</time>
			</trkpt>
			<trkpt lat="35.41672588852031" lon="-83.6055678820269">
				<ele>576.3178640399128</ele>
				<time>2025-11-15T18:29:50Z</time>
			</trkpt>
			<trkpt lat="35.416673815261845" lon="-83.60558034743602">
				<ele>576.894375921227</ele>
				<time>2025-11-15T18:29:51Z</time>
			</trkpt>
			<trkpt lat="35.416644656244365" lon="-83.60557954090372">
				<ele>576.0463006338105</ele>
				<time>2025-11-15T18:29:52Z</time>
			</trkpt>
			<trkpt lat="35.416620055756844" lon="-83.60561401268342">
				<ele>574.4047366008162</ele>
				<time>2025-11-15T18:29:54Z</time>
			</trkpt>
			<trkpt lat="35.4166131532901" lon="-83.60564235161162">
				<ele>574.3900462426245</ele>
				<time>2025-11-15T18:29:55Z</time>
			</trkpt>
			<trkpt lat="35.41660652950565" lon="-83.60566755749296">
				<ele>574.6967669287696</ele>
				<time>2025-11-15T18:29:56Z</time>
			</trkpt>
			<trkpt lat="35.416585634511215" lon="-83.60568774013174">
				<ele>574.3261515153572</ele>
				<time>2025-11-15T18:29:58Z</time>
			</trkpt>
			<trkpt lat="35.41656739980844" lon="-83.60572613323723">
				<ele>573.0185186648741</ele>
				<time>2025-11-15T18:30:00Z</time>
			</trkpt>
			<trkpt lat="35.41656330351494" lon="-83.60576531143207">
				<ele>571.4427129188552</ele>
				<time>2025-11-15T18:30:01Z</time>
			</trkpt>
			<trkpt lat="35.41656438839047" lon="-83.6058056479368">
				<ele>570.4056802904233</ele>
				<time>2025-11-15T18:30:02Z</time>
			</trkpt>
			<trkpt lat="35.41656435333771" lon="-83.60586505979187">
				<ele>568.9167077522725</ele>
				<time>2025-11-15T18:30:03Z</time>
			</trkpt>
			<trkpt lat="35.41656537015426" lon="-83.60591650167413">
				<ele>569.4587784484029</ele>
				<time>2025-11-15T18:30:04Z</time>
			</trkpt>
			<trkpt lat="35.416566103664806" lon="-83.60595361084569">
				<ele>570.2881289608777</ele>
				<time>2025-11-15T18:30:05Z</time>
			</trkpt>
			<trkpt lat="35.41660312783405" lon="-83.60600485411217">
				<ele>570.343105266802</ele>
				<time>2025-11-15T18:30:06Z</time>
			</trkpt>
			<trkpt lat="35.416590866790486" lon="-83.60604710676107">
				<ele>573.6788652986288</ele>
				<time>2025-11-15T18:30:08Z</time>
			</trkpt>
			<trkpt lat="35.416583913048825" lon="-83.60608734326965">
				<ele>576.9432722721249</ele>
				<time>2025-11-15T18:30:09Z</time>
			</trkpt>
			<trkpt lat="35.416564178369576" lon="-83.6061304453613">
				<ele>577.8588833520189</ele>
				<time>2025-11-15T18:30:10Z</time>
			</trkpt>
			<trkpt lat="35.416526431785826" lon="-83.6061630391887">
				<ele>578.8953639641404</ele>
				<time>2025-11-15T18:30:11Z</time>
			</trkpt>
			<trkpt lat="35.41651413631157" lon="-83.60620231988624">
				<ele>578.7388510536402</ele>
				<time>2025-11-15T18:30:12Z</time>
			</trkpt>
			<trkpt lat="35.41649594599371" lon="-83.6062430548153">
				<ele>576.4032899690792</ele>
				<time>2025-11-15T18:30:13Z</time>
			</trkpt>
			<trkpt lat="35.41646930938462" lon="-83.60625291712071">
				<ele>577.0188271319494</ele>
				<time>2025-11-15T18:30:14Z</time>
			</trkpt>
			<trkpt lat="35.416434749678984" lon="-83.60626862792898">
				<ele>576.331170078367</ele>
				<time>2025-11-15T18:30:15Z</time>
			</trkpt>
			<trkpt lat="35.4163994178183" lon="-83.60627972193093">
				<ele>576.5410814844072</ele>
				<time>2025-11-15T18:30:16Z</time>
			</trkpt>
			<trkpt lat="35.41636006802668" lon="-83.60630609356352">
				<ele>575.763122914359</ele>
				<time>2025-11-15T18:30:17Z</time>
			</trkpt>
			<trkpt lat="35.416313757160424" lon="-83.60632393660289">
				<ele>576.2294058538973</ele>
				<time>2025-11-15T18:30:18Z</time>
			</trkpt>
			<trkpt lat="35.41629142070084" lon="-83.60633704784703">
				<ele>574.775430531241</ele>
				<time>2025-11-15T18:30:19Z</time>
			</trkpt>
			<trkpt lat="35.4162514688061" lon="-83.60637106770065">
				<ele>575.6372078154236</ele>
				<time>2025-11-15T18:30:20Z</time>
			</trkpt>
			<trkpt lat="35.416214478347754" lon="-83.6063893400222">
				<ele>576.5991183621809</ele>
				<time>2025-11-15T18:30:21Z</time>
			</trkpt>
			<trkpt lat="35.41618180769277" lon="-83.60638951944341">
				<ele>576.481522214599</ele>
				<time>2025-11-15T18:30:22Z</time>
			</trkpt>
			<trkpt lat="35.41616088467388" lon="-83.6063838697974">
				<ele>574.009691759944</ele>
				<time>2025-11-15T18:30:23Z</time>
			</trkpt>
			<trkpt lat="35.416131264680196" lon="-83.60636933136914">
				<ele>574.3627610998228</ele>
				<time>2025-11-15T18:30:24Z</time>
			</trkpt>
			<trkpt lat="35.41610838481134" lon="-83.6063654862916">
				<ele>573.9147320464253</ele>
				<time>2025-11-15T18:30:25Z</time>
			</trkpt>
			<trkpt lat="35.41607776068995" lon="-83.6063394624894">
				<ele>573.6463575242087</ele>
				<time>2025-11-15T18:30:26Z</time>
			</trkpt>
			<trkpt lat="35.41605085835875" lon="-83.6063113470358">
				<ele>574.3492980627343</ele>
				<time>2025-11-15T18:30:27Z</time>
			</trkpt>
			<trkpt lat="35.41602891665509" lon="-83.60628185606728">
				<ele>574.0495569370687</ele>
				<time>2025-11-15T18:30:28Z</time>
			</trkpt>
			<trkpt lat="35.416002574373145" lon="-83.60623532572792">
				<ele>574.0828642593697</ele>
				<time>2025-11-15T18:30:29Z</time>
			</trkpt>
			<trkpt lat="35.41598814285231" lon="-83.60621005690416">
				<ele>574.6254290379584</ele>
				<time>2025-11-15T18:30:30Z</time>
			</trkpt>
			<trkpt lat="35.415956571874545" lon="-83.60613371627599">
				<ele>572.0685815410689</ele>
				<time>2025-11-15T18:30:32Z</time>
			</trkpt>
			<trkpt lat="35.41590473822943" lon="-83.60603397244698">
				<ele>572.2164234258235</ele>
				<time>2025-11-15T18:30:33Z</time>
			</trkpt>
			<trkpt lat="35.41585248694016" lon="-83.60597575006123">
				<ele>573.4300616467372</ele>
				<time>2025-11-15T18:30:34Z</time>
			</trkpt>
			<trkpt lat="35.41582120127459" lon="-83.6059090738195">
				<ele>573.6832357384264</ele>
				<time>2025-11-15T18:30:35Z</time>
			</trkpt>
			<trkpt lat="35.41580089306329" lon="-83.6058642241173">
				<ele>574.1965827429667</ele>
				<time>2025-11-15T18:30:36Z</time>
			</trkpt>
			<trkpt lat="35.41571813227443" lon="-83.60570869466329">
				<ele>585.2401804728433</ele>
				<time>2025-11-15T18:30:37Z</time>
			</trkpt>
			<trkpt lat="35.415656628501935" lon="-83.60567203682659">
				<ele>583.9756670799106</ele>
				<time>2025-11-15T18:30:38Z</time>
			</trkpt>
			<trkpt lat="35.41561011545851" lon="-83.60563878161543">
				<ele>583.1050126561895</ele>
				<time>2025-11-15T18:30:39Z</time>
			</trkpt>
			<trkpt lat="35.415561972998134" lon="-83.60560460763958">
				<ele>582.6825227132067</ele>
				<time>2025-11-15T18:30:40Z</time>
			</trkpt>
			<trkpt lat="35.415518374022774" lon="-83.60557716195483">
				<ele>582.6774135809392</ele>
				<time>2025-11-15T18:30:41Z</time>
			</trkpt>
			<trkpt lat="35.41545501036101" lon="-83.60555940632545">
				<ele>581.8308805087581</ele>
				<time>2025-11-15T18:30:42Z</time>
			</trkpt>
			<trkpt lat="35.41539605270289" lon="-83.60553906799159">
				<ele>581.0167679684237</ele>
				<time>2025-11-15T18:30:43Z</time>
			</trkpt>
			<trkpt lat="35.41533908770333" lon="-83.60551221040419">
				<ele>580.4086853526533</ele>
				<time>2025-11-15T18:30:44Z</time>
			</trkpt>
			<trkpt lat="35.41527310795183" lon="-83.60548494283226">
				<ele>579.1221575774252</ele>
				<time>2025-11-15T18:30:45Z</time>
			</trkpt>
			<trkpt lat="35.41518912798331" lon="-83.60547282682866">
				<ele>578.2647447623312</ele>
				<time>2025-11-15T18:30:46Z</time>
			</trkpt>
			<trkpt lat="35.41513926596336" lon="-83.60544137305165">
				<ele>576.8414752827957</ele>
				<time>2025-11-15T18:30:47Z</time>
			</trkpt>
			<trkpt lat="35.41510464797704" lon="-83.60540468879334">
				<ele>576.1337247733027</ele>
				<time>2025-11-15T18:30:48Z</time>
			</trkpt>
			<trkpt lat="35.41507194462013" lon="-83.6053670511089">
				<ele>574.8366185147315</ele>
				<time>2025-11-15T18:30:49Z</time>
			</trkpt>
			<trkpt lat="35.41504600344277" lon="-83.60534039170327">
				<ele>574.0839945813641</ele>
				<time>2025-11-15T18:30:50Z</time>
			</trkpt>
			<trkpt lat="35.41501308797568" lon="-83.60531675769732">
				<ele>572.7167083472013</ele>
				<time>2025-11-15T18:30:52Z</time>
			</trkpt>
			<trkpt lat="35.41499628417874" lon="-83.60528702650414">
				<ele>572.374269252643</ele>
				<time>2025-11-15T18:30:53Z</time>
			</trkpt>
			<trkpt lat="35.41498354135342" lon="-83.6052349211689">
				<ele>571.9699029754847</ele>
				<time>2025-11-15T18:30:54Z</time>
			</trkpt>
			<trkpt lat="35.414993851192385" lon="-83.60521269254191">
				<ele>571.8800101466477</ele>
				<time>2025-11-15T18:30:55Z</time>
			</trkpt>
			<trkpt lat="35.41486438086003" lon="-83.60509610845602">
				<ele>568.6896505374461</ele>
				<time>2025-11-15T18:30:56Z</time>
			</trkpt>
			<trkpt lat="35.414878040794704" lon="-83.60506257180147">
				<ele>567.6424924386665</ele>
				<time>2025-11-15T18:30:57Z</time>
			</trkpt>
			<trkpt lat="35.414905240105156" lon="-83.6050199260862">
				<ele>565.6841622563079</ele>
				<time>2025-11-15T18:30:58Z</time>
			</trkpt>
			<trkpt lat="35.41496221313043" lon="-83.60503897991482">
				<ele>565.0201425664127</ele>
				<time>2025-11-15T18:30:59Z</time>
			</trkpt>
			<trkpt lat="35.414995179890134" lon="-83.60503674199151">
				<ele>564.1278467634693</ele>
				<time>2025-11-15T18:31:00Z</time>
			</trkpt>
			<trkpt lat="35.41502957469247" lon="-83.60503315508774">
				<ele>562.4334570458159</ele>
				<time>2025-11-15T18:31:01Z</time>
			</trkpt>
			<trkpt lat="35.41507035107015" lon="-83.60503810048708">
				<ele>561.7868603616953</ele>
				<time>2025-11-15T18:31:02Z</time>
			</trkpt>
			<trkpt lat="35.415101743568485" lon="-83.60501826942684">
				<ele>562.0887598274276</ele>
				<time>2025-11-15T18:31:03Z</time>
			</trkpt>
			<trkpt lat="35.41514375596322" lon="-83.60500643426805">
				<ele>561.1701182443649</ele>
				<time>2025-11-15T18:31:04Z</time>
			</trkpt>
			<trkpt lat="35.41519802018928" lon="-83.60499295169879">
				<ele>562.1317431135103</ele>
				<time>2025-11-15T18:31:05Z</time>
			</trkpt>
			<trkpt lat="35.415249545558545" lon="-83.6049799950614">
				<ele>562.4773187115788</ele>
				<time>2025-11-15T18:31:06Z</time>
			</trkpt>
			<trkpt lat="35.41531069011812" lon="-83.60496956944164">
				<ele>561.0635880017653</ele>
				<time>2025-11-15T18:31:07Z</time>
			</trkpt>
			<trkpt lat="35.41536930217572" lon="-83.60495808809085">
				<ele>560.1354693621397</ele>
				<time>2025-11-15T18:31:08Z</time>
			</trkpt>
			<trkpt lat="35.41540362375236" lon="-83.60495067892202">
				<ele>558.8645693473518</ele>
				<time>2025-11-15T18:31:09Z</time>
			</trkpt>
			<trkpt lat="35.415450553173294" lon="-83.60493774021846">
				<ele>558.174865078181</ele>
				<time>2025-11-15T18:31:10Z</time>
			</trkpt>
			<trkpt lat="35.41547775903795" lon="-83.60492600899268">
				<ele>557.536533919163</ele>
				<time>2025-11-15T18:31:11Z</time>
			</trkpt>
			<trkpt lat="35.415522298883694" lon="-83.60489366557374">
				<ele>557.8652468491346</ele>
				<time>2025-11-15T18:31:12Z</time>
			</trkpt>
			<trkpt lat="35.41557170343116" lon="-83.60487709802094">
				<ele>559.470911542885</ele>
				<time>2025-11-15T18:31:13Z</time>
			</trkpt>
			<trkpt lat="35.415640017660586" lon="-83.60484202339637">
				<ele>559.5811099633574</ele>
				<time>2025-11-15T18:31:14Z</time>
			</trkpt>
			<trkpt lat="35.415695869676696" lon="-83.60482371878602">
				<ele>558.0036789942533</ele>
				<time>2025-11-15T18:31:15Z</time>
			</trkpt>
			<trkpt lat="35.415754357868586" lon="-83.60480463487087">
				<ele>557.5449879830703</ele>
				<time>2025-11-15T18:31:16Z</time>
			</trkpt>
			<trkpt lat="35.41580926084617" lon="-83.60478014364809">
				<ele>558.5329307587817</ele>
				<time>2025-11-15T18:31:17Z</time>
			</trkpt>
			<trkpt lat="35.415848322039544" lon="-83.60475178804818">
				<ele>558.4003542792052</ele>
				<time>2025-11-15T18:31:18Z</time>
			</trkpt>
			<trkpt lat="35.4158876215499" lon="-83.60471762730661">
				<ele>558.0581842456013</ele>
				<time>2025-11-15T18:31:19Z</time>
			</trkpt>
			<trkpt lat="35.41592944703548" lon="-83.6046782785828">
				<ele>556.4433886837214</ele>
				<time>2025-11-15T18:31:20Z</time>
			</trkpt>
			<trkpt lat="35.41597815241587" lon="-83.60463797302319">
				<ele>556.8326353915036</ele>
				<time>2025-11-15T18:31:21Z</time>
			</trkpt>
			<trkpt lat="35.41601956548989" lon="-83.60459222204774">
				<ele>556.7617706079036</ele>
				<time>2025-11-15T18:31:22Z</time>
			</trkpt>
			<trkpt lat="35.416061655658986" lon="-83.6045418411337">
				<ele>555.5682753911242</ele>
				<time>2025-11-15T18:31:23Z</time>
			</trkpt>
			<trkpt lat="35.41610056446537" lon="-83.60449821372713">
				<ele>555.7352651339024</ele>
				<time>2025-11-15T18:31:24Z</time>
			</trkpt>
			<trkpt lat="35.416141512514244" lon="-83.6044283251639">
				<ele>554.5036187861115</ele>
				<time>2025-11-15T18:31:25Z</time>
			</trkpt>
			<trkpt lat="35.41617209776312" lon="-83.60436553874126">
				<ele>552.2521398514509</ele>
				<time>2025-11-15T18:31:26Z</time>
			</trkpt>
			<trkpt lat="35.41618933432541" lon="-83.60429799798175">
				<ele>551.5956452796236</ele>
				<time>2025-11-15T18:31:27Z</time>
			</trkpt>
			<trkpt lat="35.41620591771477" lon="-83.60423874682512">
				<ele>551.0244916696101</ele>
				<time>2025-11-15T18:31:28Z</time>
			</trkpt>
			<trkpt lat="35.41622249757174" lon="-83.60419464637414">
				<ele>549.6050826003775</ele>
				<time>2025-11-15T18:31:29Z</time>
			</trkpt>
			<trkpt lat="35.416239472224866" lon="-83.60415502082806">
				<ele>548.6957105742767</ele>
				<time>2025-11-15T18:31:30Z</time>
			</trkpt>
			<trkpt lat="35.416252495719746" lon="-83.60411519827875">
				<ele>548.1729075852782</ele>
				<time>2025-11-15T18:31:31Z</time>
			</trkpt>
			<trkpt lat="35.41625200866008" lon="-83.60406579233914">
				<ele>546.8994181631133</ele>
				<time>2025-11-15T18:31:32Z</time>
			</trkpt>
			<trkpt lat="35.41625789065615" lon="-83.60402716037498">
				<ele>547.5098359044641</ele>
				<time>2025-11-15T18:31:33Z</time>
			</trkpt>
			<trkpt lat="35.416271170389585" lon="-83.60400651964385">
				<ele>549.0122675765306</ele>
				<time>2025-11-15T18:31:34Z</time>
			</trkpt>
			<trkpt lat="35.41629180288349" lon="-83.60399327689318">
				<ele>549.4809511266649</ele>
				<time>2025-11-15T18:31:35Z</time>
			</trkpt>
			<trkpt lat="35.41630741712567" lon="-83.60396545558217">
				<ele>548.1050848597661</ele>
				<time>2025-11-15T18:31:36Z</time>
			</trkpt>
			<trkpt lat="35.41633121501303" lon="-83.60392907920816">
				<ele>549.7433982966468</ele>
				<time>2025-11-15T18:31:37Z</time>
			</trkpt>
			<trkpt lat="35.41634296068299" lon="-83.60388824349057">
				<ele>549.8203838448972</ele>
				<time>2025-11-15T18:31:38Z</time>
			</trkpt>
			<trkpt lat="35.41634912245322" lon="-83.60384450008384">
				<ele>548.4655775772408</ele>
				<time>2025-11-15T18:31:39Z</time>
			</trkpt>
			<trkpt lat="35.41635550464158" lon="-83.60381326127361">
				<ele>549.1832338534296</ele>
				<time>2025-11-15T18:31:40Z</time>
			</trkpt>
			<trkpt lat="35.41636526371471" lon="-83.60377354442326">
				<ele>548.0826079286635</ele>
				<time>2025-11-15T18:31:41Z</time>
			</trkpt>
			<trkpt lat="35.416362914420134" lon="-83.6037388442276">
				<ele>547.0387202408165</ele>
				<time>2025-11-15T18:31:42Z</time>
			</trkpt>
			<trkpt lat="35.41636419365368" lon="-83.60371614465035">
				<ele>546.3740550251678</ele>
				<time>2025-11-15T18:31:43Z</time>
			</trkpt>
			<trkpt lat="35.41634586803136" lon="-83.60369584576618">
				<ele>544.4890997530892</ele>
				<time>2025-11-15T18:31:45Z</time>
			</trkpt>
			<trkpt lat="35.416324549449286" lon="-83.60368468109274">
				<ele>543.7885393444449</ele>
				<time>2025-11-15T18:31:46Z</time>
			</trkpt>
			<trkpt lat="35.41630196865607" lon="-83.60368063728247">
				<ele>543.9699196377769</ele>
				<time>2025-11-15T18:31:47Z</time>
			</trkpt>
			<trkpt lat="35.4162832309992" lon="-83.60367425775497">
				<ele>543.9202554123476</ele>
				<time>2025-11-15T18:31:48Z</time>
			</trkpt>
			<trkpt lat="35.41625905645796" lon="-83.60366459764414">
				<ele>544.8805305045098</ele>
				<time>2025-11-15T18:31:49Z</time>
			</trkpt>
			<trkpt lat="35.41622992304009" lon="-83.60365687101603">
				<ele>545.680871414952</ele>
				<time>2025-11-15T18:31:50Z</time>
			</trkpt>
			<trkpt lat="35.41619552575711" lon="-83.60365599776071">
				<ele>543.6497077746317</ele>
				<time>2025-11-15T18:31:51Z</time>
			</trkpt>
			<trkpt lat="35.41615990887738" lon="-83.60364546807826">
				<ele>544.6261517303064</ele>
				<time>2025-11-15T18:31:52Z</time>
			</trkpt>
			<trkpt lat="35.41610956853215" lon="-83.60363415092374">
				<ele>545.1818628478795</ele>
				<time>2025-11-15T18:31:53Z</time>
			</trkpt>
			<trkpt lat="35.41604777543938" lon="-83.60363712365177">
				<ele>544.7866327306256</ele>
				<time>2025-11-15T18:31:54Z</time>
			</trkpt>
			<trkpt lat="35.41599900321671" lon="-83.60363072399024">
				<ele>544.8315758397803</ele>
				<time>2025-11-15T18:31:55Z</time>
			</trkpt>
			<trkpt lat="35.41595324767454" lon="-83.60362282467416">
				<ele>544.9756901916116</ele>
				<time>2025-11-15T18:31:56Z</time>
			</trkpt>
			<trkpt lat="35.415914135228945" lon="-83.60361827969942">
				<ele>544.8909488320351</ele>
				<time>2025-11-15T18:31:57Z</time>
			</trkpt>
			<trkpt lat="35.415880533606895" lon="-83.60360451299508">
				<ele>546.4283104958013</ele>
				<time>2025-11-15T18:31:58Z</time>
			</trkpt>
			<trkpt lat="35.415847961843326" lon="-83.6035943957015">
				<ele>546.6519857421517</ele>
				<time>2025-11-15T18:31:59Z</time>
			</trkpt>
			<trkpt lat="35.41581316567725" lon="-83.60358780432385">
				<ele>545.2904883939773</ele>
				<time>2025-11-15T18:32:00Z</time>
			</trkpt>
			<trkpt lat="35.415771664926" lon="-83.60357229038758">
				<ele>545.6435477565974</ele>
				<time>2025-11-15T18:32:01Z</time>
			</trkpt>
			<trkpt lat="35.415726906335095" lon="-83.60357288381425">
				<ele>546.5953640416265</ele>
				<time>2025-11-15T18:32:02Z</time>
			</trkpt>
			<trkpt lat="35.415691248186675" lon="-83.60356641485158">
				<ele>547.7807885380462</ele>
				<time>2025-11-15T18:32:03Z</time>
			</trkpt>
			<trkpt lat="35.4156679473296" lon="-83.6035690360763">
				<ele>547.5782039631158</ele>
				<time>2025-11-15T18:32:04Z</time>
			</trkpt>
			<trkpt lat="35.41564434266326" lon="-83.60356870687556">
				<ele>547.851725153625</ele>
				<time>2025-11-15T18:32:05Z</time>
			</trkpt>
			<trkpt lat="35.415619023592264" lon="-83.60357149462384">
				<ele>549.1457597510889</ele>
				<time>2025-11-15T18:32:07Z</time>
			</trkpt>
			<trkpt lat="35.415590784741184" lon="-83.60356408270177">
				<ele>549.4895356427878</ele>
				<time>2025-11-15T18:32:08Z</time>
			</trkpt>
			<trkpt lat="35.41556988867527" lon="-83.60355926050751">
				<ele>548.7568810163066</ele>
				<time>2025-11-15T18:32:09Z</time>
			</trkpt>
			<trkpt lat="35.415537730543484" lon="-83.60354981975523">
				<ele>549.2312463261187</ele>
				<time>2025-11-15T18:32:11Z</time>
			</trkpt>
			<trkpt lat="35.41549638687351" lon="-83.60354835211456">
				<ele>550.7863428769633</ele>
				<time>2025-11-15T18:32:13Z</time>
			</trkpt>
			<trkpt lat="35.41547768767344" lon="-83.60355197342906">
				<ele>552.490932404995</ele>
				<time>2025-11-15T18:32:14Z</time>
			</trkpt>
			<trkpt lat="35.41545650350039" lon="-83.60356087214436">
				<ele>552.0253924913704</ele>
				<time>2025-11-15T18:32:15Z</time>
			</trkpt>
			<trkpt lat="35.415433388796934" lon="-83.60356813734741">
				<ele>552.8969241240993</ele>
				<time>2025-11-15T18:32:16Z</time>
			</trkpt>
			<trkpt lat="35.41541551497941" lon="-83.60357454158056">
				<ele>555.038346318528</ele>
				<time>2025-11-15T18:32:17Z</time>
			</trkpt>
			<trkpt lat="35.415394786550515" lon="-83.60358256014904">
				<ele>553.2004886381328</ele>
				<time>2025-11-15T18:32:18Z</time>
			</trkpt>
			<trkpt lat="35.41537346448682" lon="-83.60358511939582">
				<ele>553.7722620051354</ele>
				<time>2025-11-15T18:32:19Z</time>
			</trkpt>
			<trkpt lat="35.41534515237937" lon="-83.60358621291974">
				<ele>554.1401616148651</ele>
				<time>2025-11-15T18:32:20Z</time>
			</trkpt>
			<trkpt lat="35.41529915602405" lon="-83.60358958415613">
				<ele>554.0462138121948</ele>
				<time>2025-11-15T18:32:22Z</time>
			</trkpt>
			<trkpt lat="35.415274461167684" lon="-83.60359625588008">
				<ele>554.7657773066312</ele>
				<time>2025-11-15T18:32:23Z</time>
			</trkpt>
			<trkpt lat="35.415248418448094" lon="-83.60360285462895">
				<ele>554.3147436119616</ele>
				<time>2025-11-15T18:32:24Z</time>
			</trkpt>
			<trkpt lat="35.41522423379737" lon="-83.60360424523577">
				<ele>555.2757798135281</ele>
				<time>2025-11-15T18:32:25Z</time>
			</trkpt>
			<trkpt lat="35.41520001949046" lon="-83.60360516258226">
				<ele>554.4763895291835</ele>
				<time>2025-11-15T18:32:26Z</time>
			</trkpt>
			<trkpt lat="35.41517996924603" lon="-83.60360592216576">
				<ele>554.8814013944939</ele>
				<time>2025-11-15T18:32:27Z</time>
			</trkpt>
			<trkpt lat="35.41515800131558" lon="-83.6036073760665">
				<ele>555.0208469154313</ele>
				<time>2025-11-15T18:32:28Z</time>
			</trkpt>
			<trkpt lat="35.41512734564679" lon="-83.60361103843665">
				<ele>557.7264764439315</ele>
				<time>2025-11-15T18:32:31Z</time>
			</trkpt>
			<trkpt lat="35.415082125054035" lon="-83.603621726224">
				<ele>558.0322521226481</ele>
				<time>2025-11-15T18:32:33Z</time>
			</trkpt>
			<trkpt lat="35.415055567286636" lon="-83.60363433598462">
				<ele>559.7302154479548</ele>
				<time>2025-11-15T18:32:34Z</time>
			</trkpt>
			<trkpt lat="35.41503571856856" lon="-83.60364671071191">
				<ele>560.1074865236878</ele>
				<time>2025-11-15T18:32:35Z</time>
			</trkpt>
			<trkpt lat="35.41501975228781" lon="-83.60365770465515">
				<ele>559.855332961306</ele>
				<time>2025-11-15T18:32:36Z</time>
			</trkpt>
			<trkpt lat="35.41498978276884" lon="-83.60367879222926">
				<ele>560.0797566799447</ele>
				<time>2025-11-15T18:32:38Z</time>
			</trkpt>
			<trkpt lat="35.41497234907611" lon="-83.60369132266929">
				<ele>559.9439808707684</ele>
				<time>2025-11-15T18:32:39Z</time>
			</trkpt>
			<trkpt lat="35.41495228729375" lon="-83.60370618231308">
				<ele>560.6018621092662</ele>
				<time>2025-11-15T18:32:40Z</time>
			</trkpt>
			<trkpt lat="35.41493375843187" lon="-83.60372045353554">
				<ele>560.5275169666857</ele>
				<time>2025-11-15T18:32:41Z</time>
			</trkpt>
			<trkpt lat="35.414915968805595" lon="-83.60373415520765">
				<ele>560.1595894135535</ele>
				<time>2025-11-15T18:32:42Z</time>
			</trkpt>
			<trkpt lat="35.414900089817806" lon="-83.60374638513335">
				<ele>560.8731056656688</ele>
				<time>2025-11-15T18:32:43Z</time>
			</trkpt>
			<trkpt lat="35.414881254105914" lon="-83.60376247490714">
				<ele>560.373004659079</ele>
				<time>2025-11-15T18:32:44Z</time>
			</trkpt>
			<trkpt lat="35.41485528178886" lon="-83.60378684655582">
				<ele>559.9105782108381</ele>
				<time>2025-11-15T18:32:45Z</time>
			</trkpt>
			<trkpt lat="35.4148386108174" lon="-83.6038048619225">
				<ele>559.116327919066</ele>
				<time>2025-11-15T18:32:46Z</time>
			</trkpt>
			<trkpt lat="35.414812671353154" lon="-83.6038164479064">
				<ele>560.1847740085796</ele>
				<time>2025-11-15T18:32:47Z</time>
			</trkpt>
			<trkpt lat="35.414788842945406" lon="-83.6038299612221">
				<ele>559.2455399008468</ele>
				<time>2025-11-15T18:32:48Z</time>
			</trkpt>
			<trkpt lat="35.41476692733021" lon="-83.60383906284666">
				<ele>560.6114966189489</ele>
				<time>2025-11-15T18:32:49Z</time>
			</trkpt>
			<trkpt lat="35.41474457534929" lon="-83.60384968615844">
				<ele>560.1296425657347</ele>
				<time>2025-11-15T18:32:50Z</time>
			</trkpt>
			<trkpt lat="35.41471956000672" lon="-83.60385517588826">
				<ele>560.0504870992154</ele>
				<time>2025-11-15T18:32:51Z</time>
			</trkpt>
			<trkpt lat="35.414697303425655" lon="-83.60385533571461">
				<ele>559.9832982346416</ele>
				<time>2025-11-15T18:32:52Z</time>
			</trkpt>
			<trkpt lat="35.414671229155125" lon="-83.60384632204597">
				<ele>560.4657907756045</ele>
				<time>2025-11-15T18:32:53Z</time>
			</trkpt>
			<trkpt lat="35.41464450181672" lon="-83.60384244827344">
				<ele>561.017912665382</ele>
				<time>2025-11-15T18:32:54Z</time>
			</trkpt>
			<trkpt lat="35.41461967412779" lon="-83.60384143154933">
				<ele>561.1223332621157</ele>
				<time>2025-11-15T18:32:55Z</time>
			</trkpt>
			<trkpt lat="35.4145890094088" lon="-83.60383532218222">
				<ele>561.7773303287104</ele>
				<time>2025-11-15T18:32:56Z</time>
			</trkpt>
			<trkpt lat="35.41456958183432" lon="-83.60383300642593">
				<ele>561.962648909539</ele>
				<time>2025-11-15T18:32:57Z</time>
			</trkpt>
			<trkpt lat="35.41456155728863" lon="-83.6038058445136">
				<ele>559.8894404983148</ele>
				<time>2025-11-15T18:33:01Z</time>
			</trkpt>
			<trkpt lat="35.41456281091745" lon="-83.60378018836643">
				<ele>559.1383533384651</ele>
				<time>2025-11-15T18:33:03Z</time>
			</trkpt>
			<trkpt lat="35.41458159970001" lon="-83.60376407772861">
				<ele>557.0022129639983</ele>
				<time>2025-11-15T18:33:05Z</time>
			</trkpt>
			<trkpt lat="35.4146115655812" lon="-83.60376250365518">
				<ele>558.5299685746431</ele>
				<time>2025-11-15T18:33:07Z</time>
			</trkpt>
			<trkpt lat="35.41464357824442" lon="-83.60376232888694">
				<ele>558.2606527758762</ele>
				<time>2025-11-15T18:33:09Z</time>
			</trkpt>
			<trkpt lat="35.414676145008826" lon="-83.60375129943564">
				<ele>560.3632771195844</ele>
				<time>2025-11-15T18:33:11Z</time>
			</trkpt>
			<trkpt lat="35.414699402123055" lon="-83.6037356126188">
				<ele>560.221775425598</ele>
				<time>2025-11-15T18:33:12Z</time>
			</trkpt>
			<trkpt lat="35.41472968584785" lon="-83.60371331195613">
				<ele>559.9555246569216</ele>
				<time>2025-11-15T18:33:13Z</time>
			</trkpt>
			<trkpt lat="35.41476935762418" lon="-83.60368012375558">
				<ele>560.1744361687452</ele>
				<time>2025-11-15T18:33:14Z</time>
			</trkpt>
			<trkpt lat="35.414819460340446" lon="-83.60364005641233">
				<ele>561.6617252146825</ele>
				<time>2025-11-15T18:33:15Z</time>
			</trkpt>
			<trkpt lat="35.414809533076436" lon="-83.60361547400669">
				<ele>560.4785098042339</ele>
				<time>2025-11-15T18:33:17Z</time>
			</trkpt>
			<trkpt lat="35.41488794484753" lon="-83.60346933372429">
				<ele>560.0697117904201</ele>
				<time>2025-11-15T18:33:18Z</time>
			</trkpt>
			<trkpt lat="35.41493370826062" lon="-83.60346681908435">
				<ele>560.0872708354145</ele>
				<time>2025-11-15T18:33:19Z</time>
			</trkpt>
			<trkpt lat="35.41498230610234" lon="-83.60345758367637">
				<ele>560.6037942562252</ele>
				<time>2025-11-15T18:33:20Z</time>
			</trkpt>
			<trkpt lat="35.41501763837825" lon="-83.60345041345305">
				<ele>561.3579052472487</ele>
				<time>2025-11-15T18:33:21Z</time>
			</trkpt>
			<trkpt lat="35.41506038553056" lon="-83.60343045559911">
				<ele>561.7105483831838</ele>
				<time>2025-11-15T18:33:22Z</time>
			</trkpt>
			<trkpt lat="35.41507982577224" lon="-83.60342063808115">
				<ele>561.7831346569583</ele>
				<time>2025-11-15T18:33:23Z</time>
			</trkpt>
			<trkpt lat="35.41513912953314" lon="-83.60339397138792">
				<ele>561.2864606203511</ele>
				<time>2025-11-15T18:33:24Z</time>
			</trkpt>
			<trkpt lat="35.41521122903859" lon="-83.60338821147128">
				<ele>561.1985232438892</ele>
				<time>2025-11-15T18:33:25Z</time>
			</trkpt>
			<trkpt lat="35.41527745033051" lon="-83.6033915823922">
				<ele>560.6144363582134</ele>
				<time>2025-11-15T18:33:26Z</time>
			</trkpt>
			<trkpt lat="35.41534656408166" lon="-83.60338220645681">
				<ele>559.5757266851142</ele>
				<time>2025-11-15T18:33:27Z</time>
			</trkpt>
			<trkpt lat="35.41540645264935" lon="-83.60335344394599">
				<ele>558.5630761841312</ele>
				<time>2025-11-15T18:33:28Z</time>
			</trkpt>
			<trkpt lat="35.41546593503091" lon="-83.60332396839065">
				<ele>557.6535927308723</ele>
				<time>2025-11-15T18:33:29Z</time>
			</trkpt>
			<trkpt lat="35.41552276147682" lon="-83.6033027671545">
				<ele>556.474194294773</ele>
				<time>2025-11-15T18:33:30Z</time>
			</trkpt>
			<trkpt lat="35.41556436829535" lon="-83.60326392062461">
				<ele>555.342374089174</ele>
				<time>2025-11-15T18:33:31Z</time>
			</trkpt>
			<trkpt lat="35.41562325676963" lon="-83.60323245347759">
				<ele>553.8103908756748</ele>
				<time>2025-11-15T18:33:32Z</time>
			</trkpt>
			<trkpt lat="35.415679741946704" lon="-83.60319523086976">
				<ele>552.1185381198302</ele>
				<time>2025-11-15T18:33:33Z</time>
			</trkpt>
			<trkpt lat="35.415749476452476" lon="-83.60314851006126">
				<ele>551.3865670748055</ele>
				<time>2025-11-15T18:33:34Z</time>
			</trkpt>
			<trkpt lat="35.41581061063195" lon="-83.60310652991025">
				<ele>550.4108577016741</ele>
				<time>2025-11-15T18:33:35Z</time>
			</trkpt>
			<trkpt lat="35.41586530624824" lon="-83.60307129972576">
				<ele>549.8840826358646</ele>
				<time>2025-11-15T18:33:36Z</time>
			</trkpt>
			<trkpt lat="35.41593630777633" lon="-83.6030276209191">
				<ele>549.7252482017502</ele>
				<time>2025-11-15T18:33:37Z</time>
			</trkpt>
			<trkpt lat="35.41600167845602" lon="-83.60298915015053">
				<ele>549.6667336057872</ele>
				<time>2025-11-15T18:33:38Z</time>
			</trkpt>
			<trkpt lat="35.41605782924976" lon="-83.60295846905531">
				<ele>548.8147537726909</ele>
				<time>2025-11-15T18:33:39Z</time>
			</trkpt>
			<trkpt lat="35.41612554789168" lon="-83.60291412869248">
				<ele>547.6553428219631</ele>
				<time>2025-11-15T18:33:40Z</time>
			</trkpt>
			<trkpt lat="35.41617023670628" lon="-83.60290521298957">
				<ele>545.0748017122969</ele>
				<time>2025-11-15T18:33:41Z</time>
			</trkpt>
			<trkpt lat="35.416192824867345" lon="-83.6028828313845">
				<ele>544.3344056243077</ele>
				<time>2025-11-15T18:33:42Z</time>
			</trkpt>
			<trkpt lat="35.41622256978946" lon="-83.60286187058469">
				<ele>544.2495486652479</ele>
				<time>2025-11-15T18:33:43Z</time>
			</trkpt>
			<trkpt lat="35.41625241348647" lon="-83.60284115992651">
				<ele>543.9918232737109</ele>
				<time>2025-11-15T18:33:44Z</time>
			</trkpt>
			<trkpt lat="35.41628770624808" lon="-83.60281668678157">
				<ele>543.5305030746385</ele>
				<time>2025-11-15T18:33:45Z</time>
			</trkpt>
			<trkpt lat="35.41632054687435" lon="-83.60278333651763">
				<ele>542.5675260256976</ele>
				<time>2025-11-15T18:33:46Z</time>
			</trkpt>
			<trkpt lat="35.41634232766277" lon="-83.60276728009802">
				<ele>542.6507819313556</ele>
				<time>2025-11-15T18:33:47Z</time>
			</trkpt>
			<trkpt lat="35.416362766574935" lon="-83.6027426979186">
				<ele>543.3561656121165</ele>
				<time>2025-11-15T18:33:48Z</time>
			</trkpt>
			<trkpt lat="35.41637053909463" lon="-83.6027050175366">
				<ele>543.8122111773118</ele>
				<time>2025-11-15T18:33:49Z</time>
			</trkpt>
			<trkpt lat="35.41638937441243" lon="-83.60268437131539">
				<ele>543.3977196086198</ele>
				<time>2025-11-15T18:33:50Z</time>
			</trkpt>
			<trkpt lat="35.4164010270724" lon="-83.60266685435414">
				<ele>542.7480636676773</ele>
				<time>2025-11-15T18:33:51Z</time>
			</trkpt>
			<trkpt lat="35.41642032670285" lon="-83.60267741042377">
				<ele>541.42753665708</ele>
				<time>2025-11-15T18:33:53Z</time>
			</trkpt>
			<trkpt lat="35.41644518487162" lon="-83.6026897076094">
				<ele>538.2570989420637</ele>
				<time>2025-11-15T18:33:56Z</time>
			</trkpt>
			<trkpt lat="35.41646359866265" lon="-83.60267919456781">
				<ele>538.1518504703417</ele>
				<time>2025-11-15T18:33:58Z</time>
			</trkpt>
			<trkpt lat="35.4164786900775" lon="-83.60265828266472">
				<ele>535.7107279710472</ele>
				<time>2025-11-15T18:34:00Z</time>
			</trkpt>
			<trkpt lat="35.41649358137245" lon="-83.6026376479903">
				<ele>536.0026119695976</ele>
				<time>2025-11-15T18:34:01Z</time>
			</trkpt>
			<trkpt lat="35.41650796637473" lon="-83.60260587857778">
				<ele>535.0215496700257</ele>
				<time>2025-11-15T18:34:02Z</time>
			</trkpt>
			<trkpt lat="35.41652102546869" lon="-83.60258382560139">
				<ele>534.4831182202324</ele>
				<time>2025-11-15T18:34:03Z</time>
			</trkpt>
			<trkpt lat="35.41653379805225" lon="-83.60256044315011">
				<ele>532.8544964380562</ele>
				<time>2025-11-15T18:34:04Z</time>
			</trkpt>
			<trkpt lat="35.41654442679769" lon="-83.60253270253993">
				<ele>531.6891135815531</ele>
				<time>2025-11-15T18:34:05Z</time>
			</trkpt>
			<trkpt lat="35.416558984540046" lon="-83.60250919351215">
				<ele>533.5195011291653</ele>
				<time>2025-11-15T18:34:06Z</time>
			</trkpt>
			<trkpt lat="35.41657332380125" lon="-83.60248011954162">
				<ele>532.0210734074935</ele>
				<time>2025-11-15T18:34:07Z</time>
			</trkpt>
			<trkpt lat="35.41658882300432" lon="-83.60244400942554">
				<ele>532.6714786859229</ele>
				<time>2025-11-15T18:34:08Z</time>
			</trkpt>
			<trkpt lat="35.41661278713546" lon="-83.60239755017292">
				<ele>532.5850013168529</ele>
				<time>2025-11-15T18:34:09Z</time>
			</trkpt>
			<trkpt lat="35.41663037516098" lon="-83.60235980274085">
				<ele>533.1622863709927</ele>
				<time>2025-11-15T18:34:10Z</time>
			</trkpt>
			<trkpt lat="35.41664747120676" lon="-83.60232011328965">
				<ele>534.781693322584</ele>
				<time>2025-11-15T18:34:11Z</time>
			</trkpt>
			<trkpt lat="35.41665493722518" lon="-83.60227936145783">
				<ele>533.3527125725523</ele>
				<time>2025-11-15T18:34:12Z</time>
			</trkpt>
			<trkpt lat="35.41665923312594" lon="-83.60225295394925">
				<ele>532.4012517277151</ele>
				<time>2025-11-15T18:34:13Z</time>
			</trkpt>
			<trkpt lat="35.4166650812573" lon="-83.60222137288686">
				<ele>531.5919918417931</ele>
				<time>2025-11-15T18:34:14Z</time>
			</trkpt>
			<trkpt lat="35.416666145087824" lon="-83.60218639064641">
				<ele>530.6132963607088</ele>
				<time>2025-11-15T18:34:15Z</time>
			</trkpt>
			<trkpt lat="35.416665616728835" lon="-83.60214803742105">
				<ele>530.0594643102959</ele>
				<time>2025-11-15T18:34:16Z</time>
			</trkpt>
			<trkpt lat="35.41666739003515" lon="-83.60210795832832">
				<ele>530.1768213072792</ele>
				<time>2025-11-15T18:34:17Z</time>
			</trkpt>
			<trkpt lat="35.4166688961649" lon="-83.60207680423555">
				<ele>530.7651799404994</ele>
				<time>2025-11-15T18:34:18Z</time>
			</trkpt>
			<trkpt lat="35.41667486265773" lon="-83.60204549310482">
				<ele>532.2507676007226</ele>
				<time>2025-11-15T18:34:19Z</time>
			</trkpt>
			<trkpt lat="35.41666651622678" lon="-83.60202571174926">
				<ele>535.0280534625053</ele>
				<time>2025-11-15T18:34:21Z</time>
			</trkpt>
			<trkpt lat="35.416649494641234" lon="-83.6019866571835">
				<ele>534.7875768681988</ele>
				<time>2025-11-15T18:34:23Z</time>
			</trkpt>
			<trkpt lat="35.41663662230276" lon="-83.60194639665731">
				<ele>535.984062387608</ele>
				<time>2025-11-15T18:34:24Z</time>
			</trkpt>
			<trkpt lat="35.41662050965348" lon="-83.60191011859949">
				<ele>536.0818299232051</ele>
				<time>2025-11-15T18:34:25Z</time>
			</trkpt>
			<trkpt lat="35.41660834529765" lon="-83.60187743376906">
				<ele>536.243281676434</ele>
				<time>2025-11-15T18:34:26Z</time>
			</trkpt>
			<trkpt lat="35.41659804036342" lon="-83.60185396356819">
				<ele>537.5318792797625</ele>
				<time>2025-11-15T18:34:27Z</time>
			</trkpt>
			<trkpt lat="35.416587550693286" lon="-83.60180959843603">
				<ele>538.7787143150344</ele>
				<time>2025-11-15T18:34:29Z</time>
			</trkpt>
			<trkpt lat="35.41658733647646" lon="-83.6017807147367">
				<ele>540.14088654425</ele>
				<time>2025-11-15T18:34:30Z</time>
			</trkpt>
			<trkpt lat="35.41658024874781" lon="-83.60175709832161">
				<ele>539.0509220827371</ele>
				<time>2025-11-15T18:34:31Z</time>
			</trkpt>
			<trkpt lat="35.41657739277957" lon="-83.6017222342468">
				<ele>539.1224541142583</ele>
				<time>2025-11-15T18:34:32Z</time>
			</trkpt>
			<trkpt lat="35.4165807121334" lon="-83.60169446566424">
				<ele>538.774117840454</ele>
				<time>2025-11-15T18:34:33Z</time>
			</trkpt>
			<trkpt lat="35.416580082512645" lon="-83.6016496902865">
				<ele>538.2075032712892</ele>
				<time>2025-11-15T18:34:34Z</time>
			</trkpt>
			<trkpt lat="35.41657842432224" lon="-83.60157193425127">
				<ele>537.3460353687406</ele>
				<time>2025-11-15T18:34:36Z</time>
			</trkpt>
			<trkpt lat="35.41657020881016" lon="-83.60154324194788">
				<ele>538.0841977344826</ele>
				<time>2025-11-15T18:34:37Z</time>
			</trkpt>
			<trkpt lat="35.41653129984628" lon="-83.60148410038317">
				<ele>537.570262032561</ele>
				<time>2025-11-15T18:34:38Z</time>
			</trkpt>
			<trkpt lat="35.416521211677846" lon="-83.60141499796882">
				<ele>538.9158945670351</ele>
				<time>2025-11-15T18:34:40Z</time>
			</trkpt>
			<trkpt lat="35.41649978742737" lon="-83.60136324033955">
				<ele>539.6805416829884</ele>
				<time>2025-11-15T18:34:41Z</time>
			</trkpt>
			<trkpt lat="35.41647851332743" lon="-83.60133220777197">
				<ele>539.8172567086294</ele>
				<time>2025-11-15T18:34:42Z</time>
			</trkpt>
			<trkpt lat="35.41643875659459" lon="-83.60127417212644">
				<ele>540.7316883439198</ele>
				<time>2025-11-15T18:34:43Z</time>
			</trkpt>
			<trkpt lat="35.41641706694608" lon="-83.6012335725933">
				<ele>540.7059801118448</ele>
				<time>2025-11-15T18:34:44Z</time>
			</trkpt>
			<trkpt lat="35.41640783909361" lon="-83.60119970430432">
				<ele>540.5491389203817</ele>
				<time>2025-11-15T18:34:45Z</time>
			</trkpt>
			<trkpt lat="35.41640841216182" lon="-83.60114432987599">
				<ele>540.3374403631315</ele>
				<time>2025-11-15T18:34:47Z</time>
			</trkpt>
			<trkpt lat="35.41640703544955" lon="-83.60109057528176">
				<ele>539.714498763904</ele>
				<time>2025-11-15T18:34:49Z</time>
			</trkpt>
			<trkpt lat="35.41640382851071" lon="-83.60102404882528">
				<ele>540.8973567858338</ele>
				<time>2025-11-15T18:34:51Z</time>
			</trkpt>
			<trkpt lat="35.41639902106021" lon="-83.60099148136015">
				<ele>540.77485040389</ele>
				<time>2025-11-15T18:34:52Z</time>
			</trkpt>
			<trkpt lat="35.41639004159253" lon="-83.6009676663383">
				<ele>539.2548501351848</ele>
				<time>2025-11-15T18:34:53Z</time>
			</trkpt>
			<trkpt lat="35.41637494654009" lon="-83.60094844511117">
				<ele>539.1340736448765</ele>
				<time>2025-11-15T18:34:54Z</time>
			</trkpt>
			<trkpt lat="35.41636868944583" lon="-83.60091958718172">
				<ele>538.3759319949895</ele>
				<time>2025-11-15T18:34:55Z</time>
			</trkpt>
			<trkpt lat="35.41636618018147" lon="-83.60087084708049">
				<ele>539.371649350971</ele>
				<time>2025-11-15T18:34:56Z</time>
			</trkpt>
			<trkpt lat="35.416344286628" lon="-83.60083686708528">
				<ele>539.6059332285076</ele>
				<time>2025-11-15T18:34:57Z</time>
			</trkpt>
			<trkpt lat="35.41629927137358" lon="-83.60080880732201">
				<ele>538.3854005048051</ele>
				<time>2025-11-15T18:34:58Z</time>
			</trkpt>
			<trkpt lat="35.41625658910499" lon="-83.60078638260876">
				<ele>537.027459657751</ele>
				<time>2025-11-15T18:34:59Z</time>
			</trkpt>
			<trkpt lat="35.41619726701296" lon="-83.6007712036142">
				<ele>535.7445422708988</ele>
				<time>2025-11-15T18:35:00Z</time>
			</trkpt>
			<trkpt lat="35.41614347125892" lon="-83.60077218860323">
				<ele>536.1946040978655</ele>
				<time>2025-11-15T18:35:01Z</time>
			</trkpt>
			<trkpt lat="35.416104877294856" lon="-83.60077123640869">
				<ele>534.0623888755217</ele>
				<time>2025-11-15T18:35:02Z</time>
			</trkpt>
			<trkpt lat="35.41607323172646" lon="-83.60076853397571">
				<ele>535.0486757736653</ele>
				<time>2025-11-15T18:35:03Z</time>
			</trkpt>
			<trkpt lat="35.41605373367651" lon="-83.60075806648582">
				<ele>534.9868583288044</ele>
				<time>2025-11-15T18:35:04Z</time>
			</trkpt>
			<trkpt lat="35.416028795823195" lon="-83.60076947906484">
				<ele>535.8052640594542</ele>
				<time>2025-11-15T18:35:06Z</time>
			</trkpt>
			<trkpt lat="35.41600852063634" lon="-83.6007678541083">
				<ele>536.059701539576</ele>
				<time>2025-11-15T18:35:08Z</time>
			</trkpt>
			<trkpt lat="35.41598931259179" lon="-83.60077514141453">
				<ele>536.6447371607646</ele>
				<time>2025-11-15T18:35:10Z</time>
			</trkpt>
			<trkpt lat="35.41594679878824" lon="-83.60078939510436">
				<ele>535.7867363225669</ele>
				<time>2025-11-15T18:35:12Z</time>
			</trkpt>
			<trkpt lat="35.415911578526604" lon="-83.6008020393809">
				<ele>535.0964630777016</ele>
				<time>2025-11-15T18:35:13Z</time>
			</trkpt>
			<trkpt lat="35.415880114498144" lon="-83.60081286839063">
				<ele>535.5083220358938</ele>
				<time>2025-11-15T18:35:14Z</time>
			</trkpt>
			<trkpt lat="35.41586224061313" lon="-83.60082317561978">
				<ele>535.433268532157</ele>
				<time>2025-11-15T18:35:15Z</time>
			</trkpt>
			<trkpt lat="35.41583109697751" lon="-83.60083597604643">
				<ele>536.5092593785375</ele>
				<time>2025-11-15T18:35:16Z</time>
			</trkpt>
			<trkpt lat="35.41580137568177" lon="-83.60084695381815">
				<ele>536.4805204989389</ele>
				<time>2025-11-15T18:35:17Z</time>
			</trkpt>
			<trkpt lat="35.41576933091118" lon="-83.60084955814055">
				<ele>535.930931283161</ele>
				<time>2025-11-15T18:35:18Z</time>
			</trkpt>
			<trkpt lat="35.4157329237322" lon="-83.60086206064926">
				<ele>535.413018874824</ele>
				<time>2025-11-15T18:35:19Z</time>
			</trkpt>
			<trkpt lat="35.415701864531655" lon="-83.60087202130772">
				<ele>535.2136677550152</ele>
				<time>2025-11-15T18:35:20Z</time>
			</trkpt>
			<trkpt lat="35.415673329105516" lon="-83.6008754284435">
				<ele>536.1125828456134</ele>
				<time>2025-11-15T18:35:21Z</time>
			</trkpt>
			<trkpt lat="35.415649633425524" lon="-83.60088026813173">
				<ele>535.646955142729</ele>
				<time>2025-11-15T18:35:22Z</time>
			</trkpt>
			<trkpt lat="35.41561148922423" lon="-83.60088109607152">
				<ele>535.1363855302334</ele>
				<time>2025-11-15T18:35:24Z</time>
			</trkpt>
			<trkpt lat="35.41558978205859" lon="-83.60088262516713">
				<ele>535.5956384222955</ele>
				<time>2025-11-15T18:35:25Z</time>
			</trkpt>
			<trkpt lat="35.415549005523026" lon="-83.60088558893999">
				<ele>535.270594695583</ele>
				<time>2025-11-15T18:35:27Z</time>
			</trkpt>
			<trkpt lat="35.415516745937566" lon="-83.6008879336755">
				<ele>534.6018125908449</ele>
				<time>2025-11-15T18:35:28Z</time>
			</trkpt>
			<trkpt lat="35.41548167146358" lon="-83.60089048300462">
				<ele>534.1360239489004</ele>
				<time>2025-11-15T18:35:29Z</time>
			</trkpt>
			<trkpt lat="35.415447315483355" lon="-83.60089299907533">
				<ele>532.9793223645538</ele>
				<time>2025-11-15T18:35:30Z</time>
			</trkpt>
			<trkpt lat="35.4154189171218" lon="-83.60089714435968">
				<ele>532.3253670977429</ele>
				<time>2025-11-15T18:35:31Z</time>
			</trkpt>
			<trkpt lat="35.415400539987395" lon="-83.60090063456664">
				<ele>531.6333964187652</ele>
				<time>2025-11-15T18:35:32Z</time>
			</trkpt>
			<trkpt lat="35.4153811265832" lon="-83.60090681190738">
				<ele>531.521784815006</ele>
				<time>2025-11-15T18:35:33Z</time>
			</trkpt>
			<trkpt lat="35.41535544895239" lon="-83.60092032353062">
				<ele>530.9068317031488</ele>
				<time>2025-11-15T18:35:34Z</time>
			</trkpt>
			<trkpt lat="35.415333537232414" lon="-83.60094137840404">
				<ele>531.4772349493578</ele>
				<time>2025-11-15T18:35:35Z</time>
			</trkpt>
			<trkpt lat="35.415301278166005" lon="-83.60095764980312">
				<ele>531.887997571379</ele>
				<time>2025-11-15T18:35:36Z</time>
			</trkpt>
			<trkpt lat="35.41528098236089" lon="-83.60097045642031">
				<ele>532.0117764128372</ele>
				<time>2025-11-15T18:35:37Z</time>
			</trkpt>
			<trkpt lat="35.415264076476674" lon="-83.60099620485083">
				<ele>532.4563310537487</ele>
				<time>2025-11-15T18:35:38Z</time>
			</trkpt>
			<trkpt lat="35.41524538379605" lon="-83.6010189228943">
				<ele>532.7588870897889</ele>
				<time>2025-11-15T18:35:39Z</time>
			</trkpt>
			<trkpt lat="35.415233866523664" lon="-83.60104554602752">
				<ele>532.4146924242377</ele>
				<time>2025-11-15T18:35:40Z</time>
			</trkpt>
			<trkpt lat="35.415215629567534" lon="-83.60107574327273">
				<ele>532.7682043397799</ele>
				<time>2025-11-15T18:35:42Z</time>
			</trkpt>
			<trkpt lat="35.4151951184049" lon="-83.60110353161805">
				<ele>533.0766556672752</ele>
				<time>2025-11-15T18:35:44Z</time>
			</trkpt>
			<trkpt lat="35.41518443505756" lon="-83.60112712211345">
				<ele>532.3581165755168</ele>
				<time>2025-11-15T18:35:45Z</time>
			</trkpt>
			<trkpt lat="35.41517461057794" lon="-83.60116049473689">
				<ele>532.6516149276868</ele>
				<time>2025-11-15T18:35:46Z</time>
			</trkpt>
			<trkpt lat="35.41517772322424" lon="-83.6012022086912">
				<ele>532.6878849491477</ele>
				<time>2025-11-15T18:35:47Z</time>
			</trkpt>
			<trkpt lat="35.41517360045146" lon="-83.60124118654252">
				<ele>533.2118021771312</ele>
				<time>2025-11-15T18:35:48Z</time>
			</trkpt>
			<trkpt lat="35.41516908890977" lon="-83.60129241975059">
				<ele>533.4160296963528</ele>
				<time>2025-11-15T18:35:49Z</time>
			</trkpt>
			<trkpt lat="35.41515317197345" lon="-83.60132677690795">
				<ele>533.722873525694</ele>
				<time>2025-11-15T18:35:50Z</time>
			</trkpt>
			<trkpt lat="35.41513369611416" lon="-83.60136538780307">
				<ele>534.2398475520313</ele>
				<time>2025-11-15T18:35:51Z</time>
			</trkpt>
			<trkpt lat="35.4151301044432" lon="-83.60141980364637">
				<ele>535.1851069135591</ele>
				<time>2025-11-15T18:35:52Z</time>
			</trkpt>
			<trkpt lat="35.415125869439485" lon="-83.60146263951994">
				<ele>534.5449526570737</ele>
				<time>2025-11-15T18:35:53Z</time>
			</trkpt>
			<trkpt lat="35.415022969266" lon="-83.60143534953205">
				<ele>534.3794515375048</ele>
				<time>2025-11-15T18:35:54Z</time>
			</trkpt>
			<trkpt lat="35.41501886653574" lon="-83.60146120951534">
				<ele>535.1151727298275</ele>
				<time>2025-11-15T18:35:55Z</time>
			</trkpt>
			<trkpt lat="35.41501858713827" lon="-83.60149015881987">
				<ele>535.0324424663559</ele>
				<time>2025-11-15T18:35:56Z</time>
			</trkpt>
			<trkpt lat="35.41502264404602" lon="-83.6015219684167">
				<ele>533.769529895857</ele>
				<time>2025-11-15T18:35:57Z</time>
			</trkpt>
			<trkpt lat="35.41501884599979" lon="-83.60155046224611">
				<ele>535.9856388345361</ele>
				<time>2025-11-15T18:35:58Z</time>
			</trkpt>
			<trkpt lat="35.41501802889741" lon="-83.60159653921312">
				<ele>535.1014120988548</ele>
				<time>2025-11-15T18:35:59Z</time>
			</trkpt>
			<trkpt lat="35.415013291118576" lon="-83.60163779757792">
				<ele>534.5616387650371</ele>
				<time>2025-11-15T18:36:00Z</time>
			</trkpt>
			<trkpt lat="35.415010417270395" lon="-83.60166457267725">
				<ele>536.0957563752308</ele>
				<time>2025-11-15T18:36:01Z</time>
			</trkpt>
			<trkpt lat="35.41500743679413" lon="-83.60168826402038">
				<ele>537.5074172709137</ele>
				<time>2025-11-15T18:36:02Z</time>
			</trkpt>
			<trkpt lat="35.4150083131567" lon="-83.60171042481248">
				<ele>537.0627798428759</ele>
				<time>2025-11-15T18:36:03Z</time>
			</trkpt>
			<trkpt lat="35.41500923832106" lon="-83.60173341906483">
				<ele>538.7654106365517</ele>
				<time>2025-11-15T18:36:04Z</time>
			</trkpt>
			<trkpt lat="35.41501157862495" lon="-83.60175625415914">
				<ele>538.7986964005977</ele>
				<time>2025-11-15T18:36:05Z</time>
			</trkpt>
			<trkpt lat="35.4150012711244" lon="-83.60179268500377">
				<ele>540.6235969997942</ele>
				<time>2025-11-15T18:36:07Z</time>
			</trkpt>
			<trkpt lat="35.41499781729668" lon="-83.60182764362344">
				<ele>539.3450416112319</ele>
				<time>2025-11-15T18:36:08Z</time>
			</trkpt>
			<trkpt lat="35.41498596674749" lon="-83.6018456232145">
				<ele>540.0861636456102</ele>
				<time>2025-11-15T18:36:09Z</time>
			</trkpt>
			<trkpt lat="35.4149664504749" lon="-83.60188581813473">
				<ele>539.0471798023209</ele>
				<time>2025-11-15T18:36:11Z</time>
			</trkpt>
			<trkpt lat="35.414949875916506" lon="-83.60190047312477">
				<ele>539.6397640267387</ele>
				<time>2025-11-15T18:36:12Z</time>
			</trkpt>
			<trkpt lat="35.414929527421435" lon="-83.601911759739">
				<ele>540.3979276716709</ele>
				<time>2025-11-15T18:36:13Z</time>
			</trkpt>
			<trkpt lat="35.414907097924115" lon="-83.60191937958956">
				<ele>540.8686066037044</ele>
				<time>2025-11-15T18:36:15Z</time>
			</trkpt>
			<trkpt lat="35.414883639998024" lon="-83.60188964981329">
				<ele>538.3595944074914</ele>
				<time>2025-11-15T18:36:18Z</time>
			</trkpt>
			<trkpt lat="35.41485526667185" lon="-83.60184333347534">
				<ele>537.3884778097272</ele>
				<time>2025-11-15T18:36:20Z</time>
			</trkpt>
			<trkpt lat="35.41483643636232" lon="-83.60178455006935">
				<ele>537.8611999750137</ele>
				<time>2025-11-15T18:36:22Z</time>
			</trkpt>
			<trkpt lat="35.41481913964438" lon="-83.60176995118276">
				<ele>538.2400478310883</ele>
				<time>2025-11-15T18:36:23Z</time>
			</trkpt>
			<trkpt lat="35.414798800073584" lon="-83.6017171237156">
				<ele>537.1894280826673</ele>
				<time>2025-11-15T18:36:24Z</time>
			</trkpt>
			<trkpt lat="35.414783678327545" lon="-83.60169080122449">
				<ele>537.623404036276</ele>
				<time>2025-11-15T18:36:25Z</time>
			</trkpt>
			<trkpt lat="35.41474274348188" lon="-83.60163931841743">
				<ele>537.0309414565563</ele>
				<time>2025-11-15T18:36:26Z</time>
			</trkpt>
			<trkpt lat="35.41469891935702" lon="-83.60160212919224">
				<ele>537.9053247058764</ele>
				<time>2025-11-15T18:36:27Z</time>
			</trkpt>
			<trkpt lat="35.414650140480724" lon="-83.60157827504293">
				<ele>538.3194188540801</ele>
				<time>2025-11-15T18:36:28Z</time>
			</trkpt>
			<trkpt lat="35.41460369752524" lon="-83.60156153630466">
				<ele>536.454031269066</ele>
				<time>2025-11-15T18:36:29Z</time>
			</trkpt>
			<trkpt lat="35.41458339531027" lon="-83.60153922322687">
				<ele>537.3522026510909</ele>
				<time>2025-11-15T18:36:30Z</time>
			</trkpt>
			<trkpt lat="35.41452970838561" lon="-83.60153766364454">
				<ele>539.9304640833288</ele>
				<time>2025-11-15T18:36:31Z</time>
			</trkpt>
			<trkpt lat="35.41449537041475" lon="-83.60154750456101">
				<ele>541.14606327191</ele>
				<time>2025-11-15T18:36:32Z</time>
			</trkpt>
			<trkpt lat="35.414466262130766" lon="-83.60155786503353">
				<ele>541.8675277410075</ele>
				<time>2025-11-15T18:36:33Z</time>
			</trkpt>
			<trkpt lat="35.414442921835935" lon="-83.60156675111025">
				<ele>539.8628758406267</ele>
				<time>2025-11-15T18:36:34Z</time>
			</trkpt>
			<trkpt lat="35.41442039704462" lon="-83.60157532669842">
				<ele>538.6639486188069</ele>
				<time>2025-11-15T18:36:35Z</time>
			</trkpt>
			<trkpt lat="35.4143954203748" lon="-83.6015855110148">
				<ele>538.3019293276593</ele>
				<time>2025-11-15T18:36:37Z</time>
			</trkpt>
			<trkpt lat="35.41437462596765" lon="-83.60159555828673">
				<ele>539.7503362139687</ele>
				<time>2025-11-15T18:36:38Z</time>
			</trkpt>
			<trkpt lat="35.41435656423737" lon="-83.60160458600845">
				<ele>538.5328351780772</ele>
				<time>2025-11-15T18:36:39Z</time>
			</trkpt>
			<trkpt lat="35.41433019036575" lon="-83.60161865047131">
				<ele>539.097683631815</ele>
				<time>2025-11-15T18:36:40Z</time>
			</trkpt>
			<trkpt lat="35.41430488395239" lon="-83.60163214568801">
				<ele>539.5932976873592</ele>
				<time>2025-11-15T18:36:41Z</time>
			</trkpt>
			<trkpt lat="35.41427917607322" lon="-83.6016458549507">
				<ele>539.6808577664196</ele>
				<time>2025-11-15T18:36:42Z</time>
			</trkpt>
			<trkpt lat="35.41425295527949" lon="-83.60165994402911">
				<ele>542.1541473418474</ele>
				<time>2025-11-15T18:36:43Z</time>
			</trkpt>
			<trkpt lat="35.4142315311247" lon="-83.60167223601046">
				<ele>541.3981024445966</ele>
				<time>2025-11-15T18:36:44Z</time>
			</trkpt>
			<trkpt lat="35.41419969043372" lon="-83.6016905044827">
				<ele>543.173914803192</ele>
				<time>2025-11-15T18:36:45Z</time>
			</trkpt>
			<trkpt lat="35.41417047960025" lon="-83.60170888135502">
				<ele>543.5809329776093</ele>
				<time>2025-11-15T18:36:46Z</time>
			</trkpt>
			<trkpt lat="35.41412401318789" lon="-83.601742094008">
				<ele>543.6452585728839</ele>
				<time>2025-11-15T18:36:47Z</time>
			</trkpt>
			<trkpt lat="35.4140897146941" lon="-83.60177459959323">
				<ele>543.6792847225443</ele>
				<time>2025-11-15T18:36:48Z</time>
			</trkpt>
			<trkpt lat="35.41406387525799" lon="-83.60180331820543">
				<ele>542.2594134975225</ele>
				<time>2025-11-15T18:36:49Z</time>
			</trkpt>
			<trkpt lat="35.41404646023033" lon="-83.60182066050241">
				<ele>543.1990944519639</ele>
				<time>2025-11-15T18:36:50Z</time>
			</trkpt>
			<trkpt lat="35.414024489724035" lon="-83.60184207640798">
				<ele>544.1311478344724</ele>
				<time>2025-11-15T18:36:51Z</time>
			</trkpt>
			<trkpt lat="35.41400576231016" lon="-83.60185304205815">
				<ele>544.1958564063534</ele>
				<time>2025-11-15T18:36:52Z</time>
			</trkpt>
			<trkpt lat="35.413971082595474" lon="-83.60187084517882">
				<ele>542.2895935531706</ele>
				<time>2025-11-15T18:36:53Z</time>
			</trkpt>
			<trkpt lat="35.4139434361793" lon="-83.60188236452268">
				<ele>542.4973415443674</ele>
				<time>2025-11-15T18:36:54Z</time>
			</trkpt>
			<trkpt lat="35.413914545259516" lon="-83.60189568053805">
				<ele>542.0291475746781</ele>
				<time>2025-11-15T18:36:55Z</time>
			</trkpt>
			<trkpt lat="35.41388201712048" lon="-83.6019133752655">
				<ele>541.3257328132167</ele>
				<time>2025-11-15T18:36:56Z</time>
			</trkpt>
			<trkpt lat="35.41385266990138" lon="-83.60192933955445">
				<ele>542.4347952138633</ele>
				<time>2025-11-15T18:36:57Z</time>
			</trkpt>
			<trkpt lat="35.41381798292249" lon="-83.60194782208896">
				<ele>542.573106081225</ele>
				<time>2025-11-15T18:36:58Z</time>
			</trkpt>
			<trkpt lat="35.413779534213326" lon="-83.60196354770416">
				<ele>540.9024660484865</ele>
				<time>2025-11-15T18:36:59Z</time>
			</trkpt>
			<trkpt lat="35.41373565788132" lon="-83.60197383429691">
				<ele>540.9606080874801</ele>
				<time>2025-11-15T18:37:00Z</time>
			</trkpt>
			<trkpt lat="35.41369572296463" lon="-83.60199028921295">
				<ele>541.6628045532852</ele>
				<time>2025-11-15T18:37:01Z</time>
			</trkpt>
			<trkpt lat="35.4136560160756" lon="-83.60200848953286">
				<ele>541.7751192916185</ele>
				<time>2025-11-15T18:37:02Z</time>
			</trkpt>
			<trkpt lat="35.41362101948423" lon="-83.60202468197396">
				<ele>543.0744639867917</ele>
				<time>2025-11-15T18:37:03Z</time>
			</trkpt>
			<trkpt lat="35.41358836510621" lon="-83.60203930887927">
				<ele>543.9502625763416</ele>
				<time>2025-11-15T18:37:04Z</time>
			</trkpt>
			<trkpt lat="35.41355914314524" lon="-83.60205498379298">
				<ele>544.1179811879992</ele>
				<time>2025-11-15T18:37:05Z</time>
			</trkpt>
			<trkpt lat="35.41354181031285" lon="-83.60206428130769">
				<ele>546.4920995943248</ele>
				<time>2025-11-15T18:37:06Z</time>
			</trkpt>
			<trkpt lat="35.413520221281" lon="-83.60207586193222">
				<ele>546.1547718429938</ele>
				<time>2025-11-15T18:37:07Z</time>
			</trkpt>
			<trkpt lat="35.41350029564343" lon="-83.60208655032018">
				<ele>545.1319883838296</ele>
				<time>2025-11-15T18:37:08Z</time>
			</trkpt>
			<trkpt lat="35.4134700088537" lon="-83.60209763531729">
				<ele>544.4401147663593</ele>
				<time>2025-11-15T18:37:10Z</time>
			</trkpt>
			<trkpt lat="35.41343819824878" lon="-83.60209149121876">
				<ele>545.8804587619379</ele>
				<time>2025-11-15T18:37:11Z</time>
			</trkpt>
			<trkpt lat="35.41340395842028" lon="-83.60208730283435">
				<ele>543.7398099852726</ele>
				<time>2025-11-15T18:37:13Z</time>
			</trkpt>
			<trkpt lat="35.41338297884839" lon="-83.60207196595692">
				<ele>544.8541777981445</ele>
				<time>2025-11-15T18:37:14Z</time>
			</trkpt>
			<trkpt lat="35.413356673436276" lon="-83.60206014715295">
				<ele>545.0823498591781</ele>
				<time>2025-11-15T18:37:15Z</time>
			</trkpt>
			<trkpt lat="35.41333785555676" lon="-83.60204907269117">
				<ele>545.7233647461981</ele>
				<time>2025-11-15T18:37:16Z</time>
			</trkpt>
			<trkpt lat="35.413331935900544" lon="-83.60202428582465">
				<ele>546.2939558587968</ele>
				<time>2025-11-15T18:37:21Z</time>
			</trkpt>
			<trkpt lat="35.41334385042863" lon="-83.60199940605816">
				<ele>545.2803470240906</ele>
				<time>2025-11-15T18:37:22Z</time>
			</trkpt>
			<trkpt lat="35.41333630708273" lon="-83.60197151758095">
				<ele>545.365119189024</ele>
				<time>2025-11-15T18:37:23Z</time>
			</trkpt>
			<trkpt lat="35.41332517183508" lon="-83.6019086084136">
				<ele>544.7380930976942</ele>
				<time>2025-11-15T18:37:24Z</time>
			</trkpt>
			<trkpt lat="35.413417049772995" lon="-83.60180659573088">
				<ele>544.8047525156289</ele>
				<time>2025-11-15T18:37:25Z</time>
			</trkpt>
			<trkpt lat="35.413430661299486" lon="-83.6017867444017">
				<ele>545.6664741151035</ele>
				<time>2025-11-15T18:37:26Z</time>
			</trkpt>
			<trkpt lat="35.413471195172704" lon="-83.60173297566462">
				<ele>546.355415109545</ele>
				<time>2025-11-15T18:37:27Z</time>
			</trkpt>
			<trkpt lat="35.41351911130214" lon="-83.60168397832749">
				<ele>547.7209962997586</ele>
				<time>2025-11-15T18:37:28Z</time>
			</trkpt>
			<trkpt lat="35.413548435283225" lon="-83.60163995962498">
				<ele>548.5756013747305</ele>
				<time>2025-11-15T18:37:29Z</time>
			</trkpt>
			<trkpt lat="35.41358083712257" lon="-83.60159023016166">
				<ele>548.3198437020183</ele>
				<time>2025-11-15T18:37:30Z</time>
			</trkpt>
			<trkpt lat="35.413613930510294" lon="-83.60155451072067">
				<ele>548.6775609813631</ele>
				<time>2025-11-15T18:37:31Z</time>
			</trkpt>
			<trkpt lat="35.413648973699075" lon="-83.60153967536424">
				<ele>547.3201914001256</ele>
				<time>2025-11-15T18:37:32Z</time>
			</trkpt>
			<trkpt lat="35.413708240300245" lon="-83.60148406958095">
				<ele>547.7695383699611</ele>
				<time>2025-11-15T18:37:34Z</time>
			</trkpt>
			<trkpt lat="35.41373263100631" lon="-83.60147822760266">
				<ele>547.7216668650508</ele>
				<time>2025-11-15T18:37:35Z</time>
			</trkpt>
			<trkpt lat="35.41377749914605" lon="-83.60145881207288">
				<ele>546.9112726198509</ele>
				<time>2025-11-15T18:37:37Z</time>
			</trkpt>
			<trkpt lat="35.41380832530374" lon="-83.60144274585244">
				<ele>547.1401418130845</ele>
				<time>2025-11-15T18:37:38Z</time>
			</trkpt>
			<trkpt lat="35.413842482880646" lon="-83.60141674245386">
				<ele>546.3114559948444</ele>
				<time>2025-11-15T18:37:39Z</time>
			</trkpt>
			<trkpt lat="35.41388127472687" lon="-83.6013879667517">
				<ele>544.0904076956213</ele>
				<time>2025-11-15T18:37:40Z</time>
			</trkpt>
			<trkpt lat="35.41390325152013" lon="-83.60135949995637">
				<ele>544.0357207236812</ele>
				<time>2025-11-15T18:37:41Z</time>
			</trkpt>
			<trkpt lat="35.41394371412477" lon="-83.60134032953911">
				<ele>543.3027986865491</ele>
				<time>2025-11-15T18:37:42Z</time>
			</trkpt>
			<trkpt lat="35.41397319466697" lon="-83.60130630900707">
				<ele>541.7903122259304</ele>
				<time>2025-11-15T18:37:43Z</time>
			</trkpt>
			<trkpt lat="35.41399848872958" lon="-83.60127382860979">
				<ele>540.5506303217262</ele>
				<time>2025-11-15T18:37:44Z</time>
			</trkpt>
			<trkpt lat="35.41425494340977" lon="-83.60108269789235">
				<ele>547.1616250602528</ele>
				<time>2025-11-15T18:37:46Z</time>
			</trkpt>
			<trkpt lat="35.41425257240373" lon="-83.60103884795633">
				<ele>545.842248047702</ele>
				<time>2025-11-15T18:37:47Z</time>
			</trkpt>
			<trkpt lat="35.41426298184849" lon="-83.60099876701376">
				<ele>544.5657549407333</ele>
				<time>2025-11-15T18:37:48Z</time>
			</trkpt>
			<trkpt lat="35.41427386721758" lon="-83.60096697206016">
				<ele>542.8394998507574</ele>
				<time>2025-11-15T18:37:49Z</time>
			</trkpt>
			<trkpt lat="35.41430201643264" lon="-83.60094683113525">
				<ele>541.6717956531793</ele>
				<time>2025-11-15T18:37:50Z</time>
			</trkpt>
			<trkpt lat="35.414310700868704" lon="-83.60091927862514">
				<ele>540.7606538329273</ele>
				<time>2025-11-15T18:37:51Z</time>
			</trkpt>
			<trkpt lat="35.414318082915095" lon="-83.60089585788113">
				<ele>540.5836447970942</ele>
				<time>2025-11-15T18:37:52Z</time>
			</trkpt>
			<trkpt lat="35.41432571925173" lon="-83.600871630192">
				<ele>540.4388015242293</ele>
				<time>2025-11-15T18:37:53Z</time>
			</trkpt>
			<trkpt lat="35.41433370453309" lon="-83.60084288729972">
				<ele>540.1768769603223</ele>
				<time>2025-11-15T18:37:54Z</time>
			</trkpt>
			<trkpt lat="35.41433246658623" lon="-83.60079449304932">
				<ele>540.0857000006363</ele>
				<time>2025-11-15T18:37:55Z</time>
			</trkpt>
			<trkpt lat="35.41432268040353" lon="-83.60075110185821">
				<ele>540.4376131333411</ele>
				<time>2025-11-15T18:37:57Z</time>
			</trkpt>
			<trkpt lat="35.41431498251311" lon="-83.6007249590545">
				<ele>540.4250307567418</ele>
				<time>2025-11-15T18:37:58Z</time>
			</trkpt>
			<trkpt lat="35.41430256627443" lon="-83.60069056000711">
				<ele>540.3252357682213</ele>
				<time>2025-11-15T18:37:59Z</time>
			</trkpt>
			<trkpt lat="35.41423309933375" lon="-83.60068813739612">
				<ele>540.2980142012239</ele>
				<time>2025-11-15T18:38:00Z</time>
			</trkpt>
			<trkpt lat="35.414211609698825" lon="-83.60064606592354">
				<ele>540.1078809406608</ele>
				<time>2025-11-15T18:38:01Z</time>
			</trkpt>
			<trkpt lat="35.41419411654985" lon="-83.60061068594337">
				<ele>540.2291611675173</ele>
				<time>2025-11-15T18:38:02Z</time>
			</trkpt>
			<trkpt lat="35.414168523594675" lon="-83.60057427136404">
				<ele>540.6981687713414</ele>
				<time>2025-11-15T18:38:03Z</time>
			</trkpt>
			<trkpt lat="35.41413551987333" lon="-83.60052945195108">
				<ele>541.4430392580107</ele>
				<time>2025-11-15T18:38:04Z</time>
			</trkpt>
			<trkpt lat="35.41411527114782" lon="-83.60049119453025">
				<ele>542.0260905614123</ele>
				<time>2025-11-15T18:38:05Z</time>
			</trkpt>
			<trkpt lat="35.41409056266735" lon="-83.60045166717266">
				<ele>542.2590315798298</ele>
				<time>2025-11-15T18:38:06Z</time>
			</trkpt>
			<trkpt lat="35.414066532996266" lon="-83.60040927066655">
				<ele>542.309015349485</ele>
				<time>2025-11-15T18:38:07Z</time>
			</trkpt>
			<trkpt lat="35.4140446301735" lon="-83.60029723007686">
				<ele>536.1877827867866</ele>
				<time>2025-11-15T18:38:08Z</time>
			</trkpt>
			<trkpt lat="35.4140135735685" lon="-83.60026937828067">
				<ele>535.594369915314</ele>
				<time>2025-11-15T18:38:10Z</time>
			</trkpt>
			<trkpt lat="35.413990185046075" lon="-83.60025556283702">
				<ele>535.8991766003892</ele>
				<time>2025-11-15T18:38:11Z</time>
			</trkpt>
			<trkpt lat="35.41396930329089" lon="-83.60024146438032">
				<ele>535.9512045076117</ele>
				<time>2025-11-15T18:38:12Z</time>
			</trkpt>
			<trkpt lat="35.4139461782945" lon="-83.60023819081528">
				<ele>537.0868671843782</ele>
				<time>2025-11-15T18:38:13Z</time>
			</trkpt>
			<trkpt lat="35.41392242398509" lon="-83.60022919367982">
				<ele>537.1576280267909</ele>
				<time>2025-11-15T18:38:14Z</time>
			</trkpt>
			<trkpt lat="35.413884937224324" lon="-83.6002232682327">
				<ele>539.752474386245</ele>
				<time>2025-11-15T18:38:16Z</time>
			</trkpt>
			<trkpt lat="35.41384946933017" lon="-83.60020805840391">
				<ele>541.532994216308</ele>
				<time>2025-11-15T18:38:18Z</time>
			</trkpt>
			<trkpt lat="35.41381930552361" lon="-83.60020006256713">
				<ele>543.1134230364114</ele>
				<time>2025-11-15T18:38:20Z</time>
			</trkpt>
			<trkpt lat="35.41377923932978" lon="-83.6002014358108">
				<ele>544.6782000483945</ele>
				<time>2025-11-15T18:38:22Z</time>
			</trkpt>
			<trkpt lat="35.413752044606646" lon="-83.60019783508534">
				<ele>545.1489654341713</ele>
				<time>2025-11-15T18:38:23Z</time>
			</trkpt>
			<trkpt lat="35.41372701898399" lon="-83.60019369536892">
				<ele>542.9901096234098</ele>
				<time>2025-11-15T18:38:24Z</time>
			</trkpt>
			<trkpt lat="35.41372681413711" lon="-83.60017148462366">
				<ele>541.457904544659</ele>
				<time>2025-11-15T18:38:27Z</time>
			</trkpt>
			<trkpt lat="35.41373413253137" lon="-83.60014429762167">
				<ele>542.2390790227801</ele>
				<time>2025-11-15T18:38:29Z</time>
			</trkpt>
			<trkpt lat="35.413741954061564" lon="-83.60009848469424">
				<ele>542.6325107794255</ele>
				<time>2025-11-15T18:38:31Z</time>
			</trkpt>
			<trkpt lat="35.413736712533876" lon="-83.6000738666742">
				<ele>543.4725465830415</ele>
				<time>2025-11-15T18:38:32Z</time>
			</trkpt>
			<trkpt lat="35.413746673478464" lon="-83.60004220151338">
				<ele>542.6468648202717</ele>
				<time>2025-11-15T18:38:33Z</time>
			</trkpt>
			<trkpt lat="35.413752261876034" lon="-83.60000292601917">
				<ele>542.6181623535231</ele>
				<time>2025-11-15T18:38:35Z</time>
			</trkpt>
			<trkpt lat="35.41379122890331" lon="-83.59998924526086">
				<ele>541.3748534899205</ele>
				<time>2025-11-15T18:38:37Z</time>
			</trkpt>
			<trkpt lat="35.41384309632544" lon="-83.59999630244798">
				<ele>541.9446375016123</ele>
				<time>2025-11-15T18:38:39Z</time>
			</trkpt>
			<trkpt lat="35.413890653948044" lon="-83.6000172454032">
				<ele>540.9439975377172</ele>
				<time>2025-11-15T18:38:41Z</time>
			</trkpt>
			<trkpt lat="35.41393265242432" lon="-83.60003347125414">
				<ele>540.8277913564816</ele>
				<time>2025-11-15T18:38:42Z</time>
			</trkpt>
			<trkpt lat="35.413958450248664" lon="-83.60003401559099">
				<ele>540.949279403314</ele>
				<time>2025-11-15T18:38:43Z</time>
			</trkpt>
			<trkpt lat="35.41401836821551" lon="-83.60005194027885">
				<ele>541.188833818771</ele>
				<time>2025-11-15T18:38:44Z</time>
			</trkpt>
			<trkpt lat="35.41407610602547" lon="-83.60006646315999">
				<ele>541.4977455558255</ele>
				<time>2025-11-15T18:38:45Z</time>
			</trkpt>
			<trkpt lat="35.41411451040565" lon="-83.60006579475377">
				<ele>541.6509420350194</ele>
				<time>2025-11-15T18:38:46Z</time>
			</trkpt>
			<trkpt lat="35.41414992842845" lon="-83.60006376349325">
				<ele>542.9817979186773</ele>
				<time>2025-11-15T18:38:47Z</time>
			</trkpt>
			<trkpt lat="35.414186396648034" lon="-83.60007407110454">
				<ele>544.1242032162845</ele>
				<time>2025-11-15T18:38:48Z</time>
			</trkpt>
			<trkpt lat="35.41421780164504" lon="-83.60007778208744">
				<ele>543.4869745681062</ele>
				<time>2025-11-15T18:38:49Z</time>
			</trkpt>
			<trkpt lat="35.41424628389252" lon="-83.60007684781085">
				<ele>544.812920791097</ele>
				<time>2025-11-15T18:38:50Z</time>
			</trkpt>
			<trkpt lat="35.41428936702071" lon="-83.60007663191024">
				<ele>545.7316696709022</ele>
				<time>2025-11-15T18:38:51Z</time>
			</trkpt>
			<trkpt lat="35.41432182333104" lon="-83.60006856930073">
				<ele>546.1299374531955</ele>
				<time>2025-11-15T18:38:52Z</time>
			</trkpt>
			<trkpt lat="35.414355213499434" lon="-83.60005633579038">
				<ele>547.6744400151074</ele>
				<time>2025-11-15T18:38:53Z</time>
			</trkpt>
			<trkpt lat="35.41438423816165" lon="-83.60004317528103">
				<ele>548.0767501881346</ele>
				<time>2025-11-15T18:38:54Z</time>
			</trkpt>
			<trkpt lat="35.414402000920404" lon="-83.60003542231114">
				<ele>547.8194096134976</ele>
				<time>2025-11-15T18:38:55Z</time>
			</trkpt>
			<trkpt lat="35.4144365965557" lon="-83.60001274146389">
				<ele>546.7333870520815</ele>
				<time>2025-11-15T18:38:56Z</time>
			</trkpt>
			<trkpt lat="35.41446003980615" lon="-83.60001014729563">
				<ele>545.8989714952186</ele>
				<time>2025-11-15T18:38:57Z</time>
			</trkpt>
			<trkpt lat="35.41450368629706" lon="-83.60000092703115">
				<ele>545.3973049279302</ele>
				<time>2025-11-15T18:38:58Z</time>
			</trkpt>
			<trkpt lat="35.41452687355404" lon="-83.60000090153693">
				<ele>544.3411771450192</ele>
				<time>2025-11-15T18:38:59Z</time>
			</trkpt>
			<trkpt lat="35.41457046356663" lon="-83.59998540377694">
				<ele>544.2746377205476</ele>
				<time>2025-11-15T18:39:00Z</time>
			</trkpt>
			<trkpt lat="35.414593163151565" lon="-83.59997643292223">
				<ele>543.7677573477849</ele>
				<time>2025-11-15T18:39:01Z</time>
			</trkpt>
			<trkpt lat="35.41463697501325" lon="-83.59995628297442">
				<ele>543.5094750672579</ele>
				<time>2025-11-15T18:39:02Z</time>
			</trkpt>
			<trkpt lat="35.414661619377846" lon="-83.59994191046569">
				<ele>542.1655096048489</ele>
				<time>2025-11-15T18:39:03Z</time>
			</trkpt>
			<trkpt lat="35.414692141657184" lon="-83.59992009752418">
				<ele>541.6843631174415</ele>
				<time>2025-11-15T18:39:04Z</time>
			</trkpt>
			<trkpt lat="35.41471671925814" lon="-83.5999078262653">
				<ele>540.481679264456</ele>
				<time>2025-11-15T18:39:05Z</time>
			</trkpt>
			<trkpt lat="35.414736104477186" lon="-83.59988644256835">
				<ele>540.0254167672247</ele>
				<time>2025-11-15T18:39:06Z</time>
			</trkpt>
			<trkpt lat="35.41475908599998" lon="-83.59986934677522">
				<ele>540.2235100232065</ele>
				<time>2025-11-15T18:39:07Z</time>
			</trkpt>
			<trkpt lat="35.414782587663495" lon="-83.59985179398501">
				<ele>538.9901896081865</ele>
				<time>2025-11-15T18:39:08Z</time>
			</trkpt>
			<trkpt lat="35.41480965137533" lon="-83.59983875184717">
				<ele>537.9543674588203</ele>
				<time>2025-11-15T18:39:09Z</time>
			</trkpt>
			<trkpt lat="35.414838384626975" lon="-83.59983396918634">
				<ele>538.048302795738</ele>
				<time>2025-11-15T18:39:10Z</time>
			</trkpt>
			<trkpt lat="35.41486482796621" lon="-83.59983245576608">
				<ele>538.1451227618381</ele>
				<time>2025-11-15T18:39:11Z</time>
			</trkpt>
			<trkpt lat="35.41488330801847" lon="-83.59983406949968">
				<ele>540.2917003938928</ele>
				<time>2025-11-15T18:39:12Z</time>
			</trkpt>
			<trkpt lat="35.41490547419563" lon="-83.5998365638251">
				<ele>540.3731693169102</ele>
				<time>2025-11-15T18:39:13Z</time>
			</trkpt>
			<trkpt lat="35.41492589526857" lon="-83.59984583539374">
				<ele>540.3003653436899</ele>
				<time>2025-11-15T18:39:14Z</time>
			</trkpt>
			<trkpt lat="35.41494401459489" lon="-83.59984553087317">
				<ele>540.9834922319278</ele>
				<time>2025-11-15T18:39:15Z</time>
			</trkpt>
			<trkpt lat="35.41496641362608" lon="-83.59984235690723">
				<ele>540.7286735121161</ele>
				<time>2025-11-15T18:39:16Z</time>
			</trkpt>
			<trkpt lat="35.414992517131836" lon="-83.59983578390897">
				<ele>539.2390072513372</ele>
				<time>2025-11-15T18:39:17Z</time>
			</trkpt>
			<trkpt lat="35.415015248261895" lon="-83.59982604534146">
				<ele>539.0895317457616</ele>
				<time>2025-11-15T18:39:18Z</time>
			</trkpt>
			<trkpt lat="35.41503919239099" lon="-83.59981524160987">
				<ele>540.2302330126986</ele>
				<time>2025-11-15T18:39:19Z</time>
			</trkpt>
			<trkpt lat="35.415056885215904" lon="-83.59980914382533">
				<ele>542.5611434271559</ele>
				<time>2025-11-15T18:39:20Z</time>
			</trkpt>
			<trkpt lat="35.41507646812433" lon="-83.59980319196934">
				<ele>543.3623427152634</ele>
				<time>2025-11-15T18:39:21Z</time>
			</trkpt>
			<trkpt lat="35.415101646718036" lon="-83.59980004978782">
				<ele>543.0906745651737</ele>
				<time>2025-11-15T18:39:22Z</time>
			</trkpt>
			<trkpt lat="35.4151311082216" lon="-83.59979359076137">
				<ele>543.9738741545007</ele>
				<time>2025-11-15T18:39:24Z</time>
			</trkpt>
			<trkpt lat="35.415165850853164" lon="-83.5997933651963">
				<ele>546.0928514767438</ele>
				<time>2025-11-15T18:39:26Z</time>
			</trkpt>
			<trkpt lat="35.41519132275794" lon="-83.59979085650636">
				<ele>546.479607809335</ele>
				<time>2025-11-15T18:39:27Z</time>
			</trkpt>
			<trkpt lat="35.415211747012634" lon="-83.59978603313853">
				<ele>545.210387817584</ele>
				<time>2025-11-15T18:39:28Z</time>
			</trkpt>
			<trkpt lat="35.41523567555949" lon="-83.59978002257846">
				<ele>544.4075455283746</ele>
				<time>2025-11-15T18:39:29Z</time>
			</trkpt>
			<trkpt lat="35.4152582314788" lon="-83.59977055540847">
				<ele>544.8600251674652</ele>
				<time>2025-11-15T18:39:30Z</time>
			</trkpt>
			<trkpt lat="35.41528040605457" lon="-83.59976497402326">
				<ele>543.7382271587849</ele>
				<time>2025-11-15T18:39:31Z</time>
			</trkpt>
			<trkpt lat="35.41530330013643" lon="-83.59974961545824">
				<ele>544.68859157525</ele>
				<time>2025-11-15T18:39:34Z</time>
			</trkpt>
			<trkpt lat="35.41532637948239" lon="-83.59974986900963">
				<ele>543.8096056738868</ele>
				<time>2025-11-15T18:39:36Z</time>
			</trkpt>
			<trkpt lat="35.41534829847018" lon="-83.59974403180672">
				<ele>546.5989156393334</ele>
				<time>2025-11-15T18:39:38Z</time>
			</trkpt>
			<trkpt lat="35.41537661863508" lon="-83.59973911461148">
				<ele>547.9027485679835</ele>
				<time>2025-11-15T18:39:40Z</time>
			</trkpt>
			<trkpt lat="35.41540138945956" lon="-83.59973309322058">
				<ele>547.3077792469412</ele>
				<time>2025-11-15T18:39:42Z</time>
			</trkpt>
			<trkpt lat="35.41542457530938" lon="-83.59972323602886">
				<ele>549.0820752130821</ele>
				<time>2025-11-15T18:39:45Z</time>
			</trkpt>
			<trkpt lat="35.41544786970243" lon="-83.59970659062135">
				<ele>548.1267638532445</ele>
				<time>2025-11-15T18:39:47Z</time>
			</trkpt>
			<trkpt lat="35.41547607312656" lon="-83.59968812609367">
				<ele>550.0109890727326</ele>
				<time>2025-11-15T18:39:49Z</time>
			</trkpt>
			<trkpt lat="35.415495663094035" lon="-83.59967900203682">
				<ele>549.0609878543764</ele>
				<time>2025-11-15T18:39:50Z</time>
			</trkpt>
			<trkpt lat="35.415516133427154" lon="-83.59967496604183">
				<ele>547.391857243143</ele>
				<time>2025-11-15T18:39:51Z</time>
			</trkpt>
			<trkpt lat="35.415544464811894" lon="-83.59967438412184">
				<ele>547.6188459359109</ele>
				<time>2025-11-15T18:39:53Z</time>
			</trkpt>
			<trkpt lat="35.41557437641672" lon="-83.59966851198398">
				<ele>547.215076581575</ele>
				<time>2025-11-15T18:39:55Z</time>
			</trkpt>
			<trkpt lat="35.41560780787626" lon="-83.59965727504621">
				<ele>546.2354560839012</ele>
				<time>2025-11-15T18:39:57Z</time>
			</trkpt>
			<trkpt lat="35.41562544553279" lon="-83.59964730222447">
				<ele>546.3207876225933</ele>
				<time>2025-11-15T18:39:58Z</time>
			</trkpt>
			<trkpt lat="35.415648672791605" lon="-83.5996306396716">
				<ele>544.5328473299742</ele>
				<time>2025-11-15T18:40:00Z</time>
			</trkpt>
			<trkpt lat="35.415668734971234" lon="-83.59963643260033">
				<ele>542.1063326159492</ele>
				<time>2025-11-15T18:40:02Z</time>
			</trkpt>
			<trkpt lat="35.41568633681583" lon="-83.59962988444285">
				<ele>540.6199332848191</ele>
				<time>2025-11-15T18:40:05Z</time>
			</trkpt>
			<trkpt lat="35.41569404294503" lon="-83.59960821065724">
				<ele>542.1112634548917</ele>
				<time>2025-11-15T18:40:11Z</time>
			</trkpt>
			<trkpt lat="35.41568715334524" lon="-83.59958751730227">
				<ele>544.1117422264069</ele>
				<time>2025-11-15T18:40:21Z</time>
			</trkpt>
			<trkpt lat="35.415705801262895" lon="-83.59960357727621">
				<ele>546.228212704882</ele>
				<time>2025-11-15T18:40:33Z</time>
			</trkpt>
			<trkpt lat="35.41572458045249" lon="-83.599589820422">
				<ele>545.5042264228687</ele>
				<time>2025-11-15T18:40:45Z</time>
			</trkpt>
			<trkpt lat="35.41574740307853" lon="-83.59957144983619">
				<ele>547.4157369034365</ele>
				<time>2025-11-15T18:40:53Z</time>
			</trkpt>
			<trkpt lat="35.415778926802766" lon="-83.59954154341526">
				<ele>548.0024117808789</ele>
				<time>2025-11-15T18:41:15Z</time>
			</trkpt>
			<trkpt lat="35.415760385073526" lon="-83.59954015761603">
				<ele>549.0090293334797</ele>
				<time>2025-11-15T18:41:36Z</time>
			</trkpt>
			<trkpt lat="35.415744419710315" lon="-83.59955172335883">
				<ele>548.9984818063676</ele>
				<time>2025-11-15T18:41:43Z</time>
			</trkpt>
			<trkpt lat="35.41572696117497" lon="-83.59955879266572">
				<ele>547.2398185767233</ele>
				<time>2025-11-15T18:42:27Z</time>
			</trkpt>
			<trkpt lat="35.41571974937751" lon="-83.59953780739562">
				<ele>547.0145493447781</ele>
				<time>2025-11-15T18:42:30Z</time>
			</trkpt>
			<trkpt lat="35.415706559361695" lon="-83.59950932945817">
				<ele>546.7941393125802</ele>
				<time>2025-11-15T18:42:32Z</time>
			</trkpt>
			<trkpt lat="35.41568440731767" lon="-83.59948279030621">
				<ele>547.4581632493064</ele>
				<time>2025-11-15T18:42:33Z</time>
			</trkpt>
			<trkpt lat="35.415648495638834" lon="-83.5994513234281">
				<ele>548.3475949270651</ele>
				<time>2025-11-15T18:42:34Z</time>
			</trkpt>
			<trkpt lat="35.41563328988721" lon="-83.59943866493434">
				<ele>548.0806159358472</ele>
				<time>2025-11-15T18:42:35Z</time>
			</trkpt>
			<trkpt lat="35.41559908166466" lon="-83.59940861984487">
				<ele>548.6021983278915</ele>
				<time>2025-11-15T18:42:36Z</time>
			</trkpt>
			<trkpt lat="35.415560269616705" lon="-83.59937554511255">
				<ele>549.5490498645231</ele>
				<time>2025-11-15T18:42:37Z</time>
			</trkpt>
			<trkpt lat="35.415519286533986" lon="-83.59933425910958">
				<ele>550.6311899637803</ele>
				<time>2025-11-15T18:42:38Z</time>
			</trkpt>
			<trkpt lat="35.415477312551495" lon="-83.59928889250533">
				<ele>552.1386263845488</ele>
				<time>2025-11-15T18:42:39Z</time>
			</trkpt>
			<trkpt lat="35.41543868744572" lon="-83.59924901338172">
				<ele>552.1264583207667</ele>
				<time>2025-11-15T18:42:40Z</time>
			</trkpt>
			<trkpt lat="35.4153896597876" lon="-83.59918078477862">
				<ele>550.7219310672954</ele>
				<time>2025-11-15T18:42:41Z</time>
			</trkpt>
			<trkpt lat="35.41533899050221" lon="-83.5991191374316">
				<ele>550.2860110644251</ele>
				<time>2025-11-15T18:42:42Z</time>
			</trkpt>
			<trkpt lat="35.41529371985634" lon="-83.59906073352573">
				<ele>550.8686051582918</ele>
				<time>2025-11-15T18:42:43Z</time>
			</trkpt>
			<trkpt lat="35.4152546331301" lon="-83.59901958063271">
				<ele>550.1355453040451</ele>
				<time>2025-11-15T18:42:44Z</time>
			</trkpt>
			<trkpt lat="35.41519226076587" lon="-83.59897552325522">
				<ele>549.6516583748162</ele>
				<time>2025-11-15T18:42:45Z</time>
			</trkpt>
			<trkpt lat="35.41513816283334" lon="-83.59892894491699">
				<ele>549.8627307172865</ele>
				<time>2025-11-15T18:42:46Z</time>
			</trkpt>
			<trkpt lat="35.41508695032199" lon="-83.59889098616637">
				<ele>546.4065088108182</ele>
				<time>2025-11-15T18:42:47Z</time>
			</trkpt>
			<trkpt lat="35.415033596733686" lon="-83.59885594707056">
				<ele>545.6979847215116</ele>
				<time>2025-11-15T18:42:48Z</time>
			</trkpt>
			<trkpt lat="35.41498332223595" lon="-83.59882299055415">
				<ele>545.6629258710891</ele>
				<time>2025-11-15T18:42:49Z</time>
			</trkpt>
			<trkpt lat="35.41493296485898" lon="-83.59875099497614">
				<ele>544.5115401959047</ele>
				<time>2025-11-15T18:42:50Z</time>
			</trkpt>
			<trkpt lat="35.414860348468565" lon="-83.59867750490675">
				<ele>542.9270332707092</ele>
				<time>2025-11-15T18:42:51Z</time>
			</trkpt>
			<trkpt lat="35.41479068949041" lon="-83.59860668501196">
				<ele>540.6864007301629</ele>
				<time>2025-11-15T18:42:52Z</time>
			</trkpt>
			<trkpt lat="35.41473159403194" lon="-83.5985429699954">
				<ele>540.581772939302</ele>
				<time>2025-11-15T18:42:53Z</time>
			</trkpt>
			<trkpt lat="35.41466518407377" lon="-83.59849279759699">
				<ele>539.7373393308371</ele>
				<time>2025-11-15T18:42:54Z</time>
			</trkpt>
			<trkpt lat="35.41460820361476" lon="-83.59845259388351">
				<ele>538.3862489676103</ele>
				<time>2025-11-15T18:42:55Z</time>
			</trkpt>
			<trkpt lat="35.41455127574318" lon="-83.59840373812077">
				<ele>539.7678614575416</ele>
				<time>2025-11-15T18:42:56Z</time>
			</trkpt>
			<trkpt lat="35.414494873770074" lon="-83.59835987276355">
				<ele>538.4913098718971</ele>
				<time>2025-11-15T18:42:57Z</time>
			</trkpt>
			<trkpt lat="35.41444049946638" lon="-83.59832085146148">
				<ele>538.0757750142366</ele>
				<time>2025-11-15T18:42:58Z</time>
			</trkpt>
			<trkpt lat="35.4143929084931" lon="-83.59829235733496">
				<ele>536.5443956814706</ele>
				<time>2025-11-15T18:42:59Z</time>
			</trkpt>
			<trkpt lat="35.41435566016326" lon="-83.59824281323715">
				<ele>534.8763607228175</ele>
				<time>2025-11-15T18:43:00Z</time>
			</trkpt>
			<trkpt lat="35.41430627949831" lon="-83.59818760870844">
				<ele>534.339311121963</ele>
				<time>2025-11-15T18:43:01Z</time>
			</trkpt>
			<trkpt lat="35.41425113541712" lon="-83.59813430600657">
				<ele>532.8531561009586</ele>
				<time>2025-11-15T18:43:02Z</time>
			</trkpt>
			<trkpt lat="35.41420900329633" lon="-83.59808308938906">
				<ele>531.4675961965695</ele>
				<time>2025-11-15T18:43:03Z</time>
			</trkpt>
			<trkpt lat="35.41415847074915" lon="-83.59803552294574">
				<ele>531.2483367454261</ele>
				<time>2025-11-15T18:43:04Z</time>
			</trkpt>
			<trkpt lat="35.414122563572064" lon="-83.59800849725728">
				<ele>532.9285335829481</ele>
				<time>2025-11-15T18:43:05Z</time>
			</trkpt>
			<trkpt lat="35.414089111154496" lon="-83.59799125557709">
				<ele>534.6541325859725</ele>
				<time>2025-11-15T18:43:06Z</time>
			</trkpt>
			<trkpt lat="35.41405383529696" lon="-83.59800220682988">
				<ele>536.1659920876846</ele>
				<time>2025-11-15T18:43:07Z</time>
			</trkpt>
			<trkpt lat="35.41400593472952" lon="-83.598024119171">
				<ele>532.9890076648444</ele>
				<time>2025-11-15T18:43:08Z</time>
			</trkpt>
			<trkpt lat="35.41396611487964" lon="-83.59804781436662">
				<ele>531.9473544228822</ele>
				<time>2025-11-15T18:43:09Z</time>
			</trkpt>
			<trkpt lat="35.41393243199016" lon="-83.59808356026834">
				<ele>530.972449538298</ele>
				<time>2025-11-15T18:43:10Z</time>
			</trkpt>
			<trkpt lat="35.41389990084698" lon="-83.59811198765573">
				<ele>530.7755557093769</ele>
				<time>2025-11-15T18:43:11Z</time>
			</trkpt>
			<trkpt lat="35.41386746706276" lon="-83.59814742113228">
				<ele>529.002120311372</ele>
				<time>2025-11-15T18:43:12Z</time>
			</trkpt>
			<trkpt lat="35.41384841033242" lon="-83.59818909211054">
				<ele>529.1693327641115</ele>
				<time>2025-11-15T18:43:13Z</time>
			</trkpt>
			<trkpt lat="35.41383034690152" lon="-83.59824436606546">
				<ele>528.8516762983054</ele>
				<time>2025-11-15T18:43:14Z</time>
			</trkpt>
			<trkpt lat="35.413809056119305" lon="-83.59827958482708">
				<ele>529.5539200333878</ele>
				<time>2025-11-15T18:43:15Z</time>
			</trkpt>
			<trkpt lat="35.413804411367934" lon="-83.5983079938565">
				<ele>530.0157110495493</ele>
				<time>2025-11-15T18:43:16Z</time>
			</trkpt>
			<trkpt lat="35.413776856300004" lon="-83.59830864536079">
				<ele>530.9631272088736</ele>
				<time>2025-11-15T18:43:18Z</time>
			</trkpt>
			<trkpt lat="35.41375551432102" lon="-83.59830808384349">
				<ele>532.0722160302103</ele>
				<time>2025-11-15T18:43:19Z</time>
			</trkpt>
			<trkpt lat="35.413735085192044" lon="-83.59831838336444">
				<ele>530.7767550926656</ele>
				<time>2025-11-15T18:43:20Z</time>
			</trkpt>
			<trkpt lat="35.41371242677816" lon="-83.59832180454988">
				<ele>530.9474735995755</ele>
				<time>2025-11-15T18:43:21Z</time>
			</trkpt>
			<trkpt lat="35.41369157728728" lon="-83.59832353160778">
				<ele>530.679613487795</ele>
				<time>2025-11-15T18:43:22Z</time>
			</trkpt>
			<trkpt lat="35.41367054337561" lon="-83.5983327274474">
				<ele>530.6641213037074</ele>
				<time>2025-11-15T18:43:23Z</time>
			</trkpt>
			<trkpt lat="35.41364461215299" lon="-83.59835081765522">
				<ele>530.8783177258447</ele>
				<time>2025-11-15T18:43:24Z</time>
			</trkpt>
			<trkpt lat="35.413612982903636" lon="-83.59837442421099">
				<ele>531.3630803218111</ele>
				<time>2025-11-15T18:43:25Z</time>
			</trkpt>
			<trkpt lat="35.413585016571076" lon="-83.5983917491155">
				<ele>532.5463297758251</ele>
				<time>2025-11-15T18:43:26Z</time>
			</trkpt>
			<trkpt lat="35.41354364692421" lon="-83.59842444736752">
				<ele>532.9985679322854</ele>
				<time>2025-11-15T18:43:27Z</time>
			</trkpt>
			<trkpt lat="35.41350037206993" lon="-83.59845398968575">
				<ele>534.0604348722845</ele>
				<time>2025-11-15T18:43:28Z</time>
			</trkpt>
			<trkpt lat="35.41346426094681" lon="-83.59848412059613">
				<ele>534.2140119159594</ele>
				<time>2025-11-15T18:43:29Z</time>
			</trkpt>
			<trkpt lat="35.41342500679374" lon="-83.59851713104696">
				<ele>534.7919030636549</ele>
				<time>2025-11-15T18:43:30Z</time>
			</trkpt>
			<trkpt lat="35.4133830783594" lon="-83.59854158111503">
				<ele>534.6092386879027</ele>
				<time>2025-11-15T18:43:31Z</time>
			</trkpt>
			<trkpt lat="35.41335813134546" lon="-83.59855254231331">
				<ele>535.0518753444776</ele>
				<time>2025-11-15T18:43:32Z</time>
			</trkpt>
			<trkpt lat="35.41331386942746" lon="-83.5985505250357">
				<ele>536.3295011399314</ele>
				<time>2025-11-15T18:43:34Z</time>
			</trkpt>
			<trkpt lat="35.413289275543065" lon="-83.5985202861316">
				<ele>538.3040674794465</ele>
				<time>2025-11-15T18:43:36Z</time>
			</trkpt>
			<trkpt lat="35.41327533168449" lon="-83.59849927583375">
				<ele>539.4664146145806</ele>
				<time>2025-11-15T18:43:37Z</time>
			</trkpt>
			<trkpt lat="35.41324680396299" lon="-83.59847462209272">
				<ele>538.4187607374042</ele>
				<time>2025-11-15T18:43:39Z</time>
			</trkpt>
			<trkpt lat="35.413242867297406" lon="-83.5984405898064">
				<ele>538.3653535209596</ele>
				<time>2025-11-15T18:43:40Z</time>
			</trkpt>
			<trkpt lat="35.41324623415825" lon="-83.59839780646406">
				<ele>536.5285298805684</ele>
				<time>2025-11-15T18:43:41Z</time>
			</trkpt>
			<trkpt lat="35.413264762189364" lon="-83.59835580176163">
				<ele>537.2628939040005</ele>
				<time>2025-11-15T18:43:42Z</time>
			</trkpt>
			<trkpt lat="35.41328581990233" lon="-83.59832861182282">
				<ele>536.4023385783657</ele>
				<time>2025-11-15T18:43:43Z</time>
			</trkpt>
			<trkpt lat="35.41328070691371" lon="-83.59828520442102">
				<ele>536.369705257006</ele>
				<time>2025-11-15T18:43:45Z</time>
			</trkpt>
			<trkpt lat="35.41328263832277" lon="-83.59824910765681">
				<ele>535.9560862593353</ele>
				<time>2025-11-15T18:43:46Z</time>
			</trkpt>
			<trkpt lat="35.41328609034555" lon="-83.59822443325118">
				<ele>536.6354694971815</ele>
				<time>2025-11-15T18:43:47Z</time>
			</trkpt>
			<trkpt lat="35.41328995978432" lon="-83.5981913236418">
				<ele>536.0519323907793</ele>
				<time>2025-11-15T18:43:48Z</time>
			</trkpt>
			<trkpt lat="35.41329313733628" lon="-83.59815924713568">
				<ele>536.8326481273398</ele>
				<time>2025-11-15T18:43:49Z</time>
			</trkpt>
			<trkpt lat="35.41330633011853" lon="-83.59811358849187">
				<ele>536.8553897570819</ele>
				<time>2025-11-15T18:43:50Z</time>
			</trkpt>
			<trkpt lat="35.41331113533964" lon="-83.5980888168193">
				<ele>535.9965224945918</ele>
				<time>2025-11-15T18:43:51Z</time>
			</trkpt>
			<trkpt lat="35.41332776189786" lon="-83.59804142717242">
				<ele>535.3268272448331</ele>
				<time>2025-11-15T18:43:52Z</time>
			</trkpt>
			<trkpt lat="35.41333467583724" lon="-83.59802102070329">
				<ele>535.9847490582615</ele>
				<time>2025-11-15T18:43:53Z</time>
			</trkpt>
			<trkpt lat="35.41335418007528" lon="-83.59797566139893">
				<ele>535.860479535535</ele>
				<time>2025-11-15T18:43:54Z</time>
			</trkpt>
			<trkpt lat="35.413355095097735" lon="-83.5979526980214">
				<ele>535.788481682539</ele>
				<time>2025-11-15T18:43:55Z</time>
			</trkpt>
			<trkpt lat="35.413367346389" lon="-83.59791464816008">
				<ele>536.1815847791731</ele>
				<time>2025-11-15T18:43:56Z</time>
			</trkpt>
			<trkpt lat="35.41337077651155" lon="-83.59788348428154">
				<ele>535.2638591108844</ele>
				<time>2025-11-15T18:43:57Z</time>
			</trkpt>
			<trkpt lat="35.413379550798865" lon="-83.5978422915583">
				<ele>533.6230821432546</ele>
				<time>2025-11-15T18:43:58Z</time>
			</trkpt>
			<trkpt lat="35.41338482498892" lon="-83.59778514176838">
				<ele>534.2682359460741</ele>
				<time>2025-11-15T18:44:00Z</time>
			</trkpt>
			<trkpt lat="35.41338914917696" lon="-83.5977609682592">
				<ele>533.190643100068</ele>
				<time>2025-11-15T18:44:01Z</time>
			</trkpt>
			<trkpt lat="35.413403390035654" lon="-83.59772545484144">
				<ele>534.1243966249749</ele>
				<time>2025-11-15T18:44:02Z</time>
			</trkpt>
			<trkpt lat="35.4134139719973" lon="-83.59770724673957">
				<ele>534.0517830271274</ele>
				<time>2025-11-15T18:44:03Z</time>
			</trkpt>
			<trkpt lat="35.413430230316415" lon="-83.59767589201715">
				<ele>534.2324460670352</ele>
				<time>2025-11-15T18:44:04Z</time>
			</trkpt>
			<trkpt lat="35.41345425240443" lon="-83.59762196744876">
				<ele>534.475245885551</ele>
				<time>2025-11-15T18:44:06Z</time>
			</trkpt>
			<trkpt lat="35.41346291721823" lon="-83.59757269800741">
				<ele>534.1482079690322</ele>
				<time>2025-11-15T18:44:08Z</time>
			</trkpt>
			<trkpt lat="35.41347768855981" lon="-83.59751611055901">
				<ele>534.7508825520054</ele>
				<time>2025-11-15T18:44:10Z</time>
			</trkpt>
			<trkpt lat="35.413497814162724" lon="-83.59745947713252">
				<ele>533.285982504487</ele>
				<time>2025-11-15T18:44:12Z</time>
			</trkpt>
			<trkpt lat="35.41350559419571" lon="-83.597438680109">
				<ele>532.8185968715698</ele>
				<time>2025-11-15T18:44:13Z</time>
			</trkpt>
			<trkpt lat="35.41351843588549" lon="-83.59740435262258">
				<ele>532.3254464222118</ele>
				<time>2025-11-15T18:44:14Z</time>
			</trkpt>
			<trkpt lat="35.41353068567396" lon="-83.59737746544836">
				<ele>532.1957655670121</ele>
				<time>2025-11-15T18:44:15Z</time>
			</trkpt>
			<trkpt lat="35.41353594463562" lon="-83.59733927292127">
				<ele>529.9748791288584</ele>
				<time>2025-11-15T18:44:16Z</time>
			</trkpt>
			<trkpt lat="35.41353987421473" lon="-83.5973118240097">
				<ele>530.5980190876871</ele>
				<time>2025-11-15T18:44:17Z</time>
			</trkpt>
			<trkpt lat="35.41354432563488" lon="-83.59727768277274">
				<ele>529.4859918272123</ele>
				<time>2025-11-15T18:44:18Z</time>
			</trkpt>
			<trkpt lat="35.41354175941047" lon="-83.59725302431977">
				<ele>528.7388920178637</ele>
				<time>2025-11-15T18:44:19Z</time>
			</trkpt>
			<trkpt lat="35.41353856037882" lon="-83.59721239977983">
				<ele>528.5976591939107</ele>
				<time>2025-11-15T18:44:20Z</time>
			</trkpt>
			<trkpt lat="35.41351720673203" lon="-83.59716403969988">
				<ele>529.0435679620132</ele>
				<time>2025-11-15T18:44:22Z</time>
			</trkpt>
			<trkpt lat="35.413509092311955" lon="-83.59713256481476">
				<ele>529.1942587047815</ele>
				<time>2025-11-15T18:44:24Z</time>
			</trkpt>
			<trkpt lat="35.413503945805296" lon="-83.59709273089705">
				<ele>531.6977880978957</ele>
				<time>2025-11-15T18:44:26Z</time>
			</trkpt>
			<trkpt lat="35.41348579949894" lon="-83.59704593941578">
				<ele>534.1656238203868</ele>
				<time>2025-11-15T18:44:28Z</time>
			</trkpt>
			<trkpt lat="35.41345910528636" lon="-83.59700695867824">
				<ele>535.5473122475669</ele>
				<time>2025-11-15T18:44:30Z</time>
			</trkpt>
			<trkpt lat="35.41343306390847" lon="-83.59696443709254">
				<ele>537.670851576142</ele>
				<time>2025-11-15T18:44:32Z</time>
			</trkpt>
			<trkpt lat="35.413404572456756" lon="-83.59692687452024">
				<ele>539.4915637355298</ele>
				<time>2025-11-15T18:44:34Z</time>
			</trkpt>
			<trkpt lat="35.413388377391634" lon="-83.5969120301086">
				<ele>539.6088771764189</ele>
				<time>2025-11-15T18:44:35Z</time>
			</trkpt>
			<trkpt lat="35.41336167457077" lon="-83.59688925446687">
				<ele>539.1331561487168</ele>
				<time>2025-11-15T18:44:36Z</time>
			</trkpt>
			<trkpt lat="35.41334613880515" lon="-83.59687542819955">
				<ele>539.9288241723552</ele>
				<time>2025-11-15T18:44:37Z</time>
			</trkpt>
			<trkpt lat="35.41331780271365" lon="-83.59685132885552">
				<ele>539.4524167412892</ele>
				<time>2025-11-15T18:44:38Z</time>
			</trkpt>
			<trkpt lat="35.41329999653946" lon="-83.59683590896425">
				<ele>539.990362552926</ele>
				<time>2025-11-15T18:44:39Z</time>
			</trkpt>
			<trkpt lat="35.413271789697625" lon="-83.59681116293453">
				<ele>540.8058787072077</ele>
				<time>2025-11-15T18:44:40Z</time>
			</trkpt>
			<trkpt lat="35.413233369046715" lon="-83.59678130794113">
				<ele>541.1152106551453</ele>
				<time>2025-11-15T18:44:42Z</time>
			</trkpt>
			<trkpt lat="35.413211101386516" lon="-83.59677477833277">
				<ele>540.5507797971368</ele>
				<time>2025-11-15T18:44:43Z</time>
			</trkpt>
			<trkpt lat="35.41318683265318" lon="-83.59676835453173">
				<ele>540.887761133723</ele>
				<time>2025-11-15T18:44:44Z</time>
			</trkpt>
			<trkpt lat="35.413164248472064" lon="-83.5967632536163">
				<ele>540.4062477815896</ele>
				<time>2025-11-15T18:44:45Z</time>
			</trkpt>
			<trkpt lat="35.413134211518695" lon="-83.59675716210896">
				<ele>540.4586042976007</ele>
				<time>2025-11-15T18:44:46Z</time>
			</trkpt>
			<trkpt lat="35.4130986313106" lon="-83.59675355978115">
				<ele>542.3753565428779</ele>
				<time>2025-11-15T18:44:48Z</time>
			</trkpt>
			<trkpt lat="35.41307505990998" lon="-83.5967587978655">
				<ele>541.7588653182611</ele>
				<time>2025-11-15T18:44:49Z</time>
			</trkpt>
			<trkpt lat="35.41305145887245" lon="-83.5967582254579">
				<ele>540.8508914988488</ele>
				<time>2025-11-15T18:44:50Z</time>
			</trkpt>
			<trkpt lat="35.41303162048947" lon="-83.59675901813571">
				<ele>540.643271734938</ele>
				<time>2025-11-15T18:44:51Z</time>
			</trkpt>
			<trkpt lat="35.41301141180539" lon="-83.59676042559806">
				<ele>541.5062848534435</ele>
				<time>2025-11-15T18:44:52Z</time>
			</trkpt>
			<trkpt lat="35.41298553198408" lon="-83.59676222804295">
				<ele>541.0197528926656</ele>
				<time>2025-11-15T18:44:53Z</time>
			</trkpt>
			<trkpt lat="35.412959692199955" lon="-83.59676402769468">
				<ele>540.9007296776399</ele>
				<time>2025-11-15T18:44:54Z</time>
			</trkpt>
			<trkpt lat="35.41293212478281" lon="-83.59676659338177">
				<ele>540.403428202495</ele>
				<time>2025-11-15T18:44:55Z</time>
			</trkpt>
			<trkpt lat="35.41291001270006" lon="-83.596768882143">
				<ele>539.8936978848651</ele>
				<time>2025-11-15T18:44:56Z</time>
			</trkpt>
			<trkpt lat="35.41287878559681" lon="-83.59677211438232">
				<ele>540.0562414834276</ele>
				<time>2025-11-15T18:44:57Z</time>
			</trkpt>
			<trkpt lat="35.41285730138833" lon="-83.59677433814903">
				<ele>540.9424821408466</ele>
				<time>2025-11-15T18:44:58Z</time>
			</trkpt>
			<trkpt lat="35.41283401680335" lon="-83.59677674995693">
				<ele>540.0238663470373</ele>
				<time>2025-11-15T18:44:59Z</time>
			</trkpt>
			<trkpt lat="35.41280888974569" lon="-83.59677939810524">
				<ele>540.4096029698849</ele>
				<time>2025-11-15T18:45:00Z</time>
			</trkpt>
			<trkpt lat="35.412787854118385" lon="-83.59678161505948">
				<ele>541.2393330475315</ele>
				<time>2025-11-15T18:45:01Z</time>
			</trkpt>
			<trkpt lat="35.41276431705089" lon="-83.59678409565821">
				<ele>541.4067014362663</ele>
				<time>2025-11-15T18:45:02Z</time>
			</trkpt>
			<trkpt lat="35.412733681114524" lon="-83.59678732439035">
				<ele>541.403428488411</ele>
				<time>2025-11-15T18:45:03Z</time>
			</trkpt>
			<trkpt lat="35.41269327049353" lon="-83.59679158328903">
				<ele>541.4348724856973</ele>
				<time>2025-11-15T18:45:04Z</time>
			</trkpt>
			<trkpt lat="35.41265403394441" lon="-83.59679494362689">
				<ele>541.4296561749652</ele>
				<time>2025-11-15T18:45:05Z</time>
			</trkpt>
			<trkpt lat="35.41263205616882" lon="-83.59679532756">
				<ele>540.8306520665064</ele>
				<time>2025-11-15T18:45:06Z</time>
			</trkpt>
			<trkpt lat="35.412598628235294" lon="-83.59679385400625">
				<ele>539.8704841062427</ele>
				<time>2025-11-15T18:45:07Z</time>
			</trkpt>
			<trkpt lat="35.41256970360374" lon="-83.59679257895598">
				<ele>541.2918727695942</ele>
				<time>2025-11-15T18:45:08Z</time>
			</trkpt>
			<trkpt lat="35.41253889616113" lon="-83.59679122090856">
				<ele>541.4578392384574</ele>
				<time>2025-11-15T18:45:09Z</time>
			</trkpt>
			<trkpt lat="35.41251834888982" lon="-83.59679307038485">
				<ele>541.4664439447224</ele>
				<time>2025-11-15T18:45:10Z</time>
			</trkpt>
			<trkpt lat="35.41248979328566" lon="-83.59679374191134">
				<ele>542.3331918958575</ele>
				<time>2025-11-15T18:45:11Z</time>
			</trkpt>
			<trkpt lat="35.41246167405781" lon="-83.5967964108735">
				<ele>542.974978604354</ele>
				<time>2025-11-15T18:45:12Z</time>
			</trkpt>
			<trkpt lat="35.41243833317583" lon="-83.59680081883008">
				<ele>542.0300849154592</ele>
				<time>2025-11-15T18:45:13Z</time>
			</trkpt>
			<trkpt lat="35.41241567461575" lon="-83.59680506265198">
				<ele>542.3381865229458</ele>
				<time>2025-11-15T18:45:14Z</time>
			</trkpt>
			<trkpt lat="35.41237935508138" lon="-83.59680935715643">
				<ele>543.4817423252389</ele>
				<time>2025-11-15T18:45:15Z</time>
			</trkpt>
			<trkpt lat="35.41235355755416" lon="-83.59681760580834">
				<ele>542.7294993828982</ele>
				<time>2025-11-15T18:45:16Z</time>
			</trkpt>
			<trkpt lat="35.41232636216668" lon="-83.59683063346088">
				<ele>543.5403724899516</ele>
				<time>2025-11-15T18:45:17Z</time>
			</trkpt>
			<trkpt lat="35.4122895999434" lon="-83.5968569549921">
				<ele>543.6986120380461</ele>
				<time>2025-11-15T18:45:19Z</time>
			</trkpt>
			<trkpt lat="35.412267616500536" lon="-83.59686252613578">
				<ele>546.2329897368327</ele>
				<time>2025-11-15T18:45:20Z</time>
			</trkpt>
			<trkpt lat="35.41224365494482" lon="-83.59686467116067">
				<ele>546.8239528713748</ele>
				<time>2025-11-15T18:45:21Z</time>
			</trkpt>
			<trkpt lat="35.41221349779759" lon="-83.5968743652483">
				<ele>545.5557047436014</ele>
				<time>2025-11-15T18:45:22Z</time>
			</trkpt>
			<trkpt lat="35.4121819587961" lon="-83.59687243983687">
				<ele>547.3458360359073</ele>
				<time>2025-11-15T18:45:23Z</time>
			</trkpt>
			<trkpt lat="35.41215276394296" lon="-83.59686957555122">
				<ele>547.4152825232595</ele>
				<time>2025-11-15T18:45:24Z</time>
			</trkpt>
			<trkpt lat="35.41212474998287" lon="-83.59686392074937">
				<ele>546.6490254299715</ele>
				<time>2025-11-15T18:45:25Z</time>
			</trkpt>
			<trkpt lat="35.41209292560813" lon="-83.59685135911259">
				<ele>546.5190919796005</ele>
				<time>2025-11-15T18:45:27Z</time>
			</trkpt>
			<trkpt lat="35.41208047808088" lon="-83.5968260162598">
				<ele>548.1799906315282</ele>
				<time>2025-11-15T18:45:28Z</time>
			</trkpt>
			<trkpt lat="35.412060069651" lon="-83.59681003614834">
				<ele>547.5599279142916</ele>
				<time>2025-11-15T18:45:29Z</time>
			</trkpt>
			<trkpt lat="35.41205280885108" lon="-83.5967882279024">
				<ele>546.4801986208186</ele>
				<time>2025-11-15T18:45:31Z</time>
			</trkpt>
			<trkpt lat="35.4120374624524" lon="-83.59677223271474">
				<ele>546.0114862471819</ele>
				<time>2025-11-15T18:45:32Z</time>
			</trkpt>
			<trkpt lat="35.4120424116592" lon="-83.59674589825325">
				<ele>545.3251676019281</ele>
				<time>2025-11-15T18:45:33Z</time>
			</trkpt>
			<trkpt lat="35.4120763250118" lon="-83.59672463358581">
				<ele>544.0492286840454</ele>
				<time>2025-11-15T18:45:35Z</time>
			</trkpt>
			<trkpt lat="35.41212267385132" lon="-83.59669634527583">
				<ele>543.1981954425573</ele>
				<time>2025-11-15T18:45:37Z</time>
			</trkpt>
			<trkpt lat="35.412158197377636" lon="-83.59664641691772">
				<ele>543.7216494558379</ele>
				<time>2025-11-15T18:45:39Z</time>
			</trkpt>
			<trkpt lat="35.41219216633256" lon="-83.59661708414963">
				<ele>544.3741798158735</ele>
				<time>2025-11-15T18:45:40Z</time>
			</trkpt>
			<trkpt lat="35.41224708972581" lon="-83.59652677525652">
				<ele>545.6655445890501</ele>
				<time>2025-11-15T18:45:41Z</time>
			</trkpt>
			<trkpt lat="35.41229281970642" lon="-83.59648503521562">
				<ele>546.0329907052219</ele>
				<time>2025-11-15T18:45:42Z</time>
			</trkpt>
			<trkpt lat="35.41234033822865" lon="-83.5964363748275">
				<ele>545.3901926893741</ele>
				<time>2025-11-15T18:45:43Z</time>
			</trkpt>
			<trkpt lat="35.41238211396175" lon="-83.59638633774561">
				<ele>545.0722980489954</ele>
				<time>2025-11-15T18:45:44Z</time>
			</trkpt>
			<trkpt lat="35.41241070547375" lon="-83.59635314028785">
				<ele>544.1521986108273</ele>
				<time>2025-11-15T18:45:45Z</time>
			</trkpt>
			<trkpt lat="35.412443504477125" lon="-83.59631982486363">
				<ele>543.3290412314236</ele>
				<time>2025-11-15T18:45:46Z</time>
			</trkpt>
			<trkpt lat="35.41247688968392" lon="-83.59627562211782">
				<ele>541.1180486120284</ele>
				<time>2025-11-15T18:45:47Z</time>
			</trkpt>
			<trkpt lat="35.41250367064117" lon="-83.59622077892706">
				<ele>541.2920594671741</ele>
				<time>2025-11-15T18:45:48Z</time>
			</trkpt>
			<trkpt lat="35.412523523548785" lon="-83.59618652663403">
				<ele>542.1392161436379</ele>
				<time>2025-11-15T18:45:49Z</time>
			</trkpt>
			<trkpt lat="35.41254486801031" lon="-83.59616365270644">
				<ele>542.5660065058619</ele>
				<time>2025-11-15T18:45:50Z</time>
			</trkpt>
			<trkpt lat="35.41256690346693" lon="-83.59614840570927">
				<ele>541.5288087418303</ele>
				<time>2025-11-15T18:45:51Z</time>
			</trkpt>
			<trkpt lat="35.41258890961613" lon="-83.59613961798799">
				<ele>540.6157544599846</ele>
				<time>2025-11-15T18:45:52Z</time>
			</trkpt>
			<trkpt lat="35.41261974114364" lon="-83.59612468198567">
				<ele>538.1332662561908</ele>
				<time>2025-11-15T18:45:54Z</time>
			</trkpt>
			<trkpt lat="35.412657565628756" lon="-83.59610616601867">
				<ele>535.8140993416309</ele>
				<time>2025-11-15T18:45:56Z</time>
			</trkpt>
			<trkpt lat="35.412681672553546" lon="-83.59609909954226">
				<ele>534.5800182586536</ele>
				<time>2025-11-15T18:45:57Z</time>
			</trkpt>
			<trkpt lat="35.41271229894913" lon="-83.59607501662852">
				<ele>534.9668712010607</ele>
				<time>2025-11-15T18:45:58Z</time>
			</trkpt>
			<trkpt lat="35.41274510546575" lon="-83.59603880238726">
				<ele>534.6593434466049</ele>
				<time>2025-11-15T18:45:59Z</time>
			</trkpt>
			<trkpt lat="35.41277538262187" lon="-83.59600662510162">
				<ele>535.445314864628</ele>
				<time>2025-11-15T18:46:00Z</time>
			</trkpt>
			<trkpt lat="35.41280129407212" lon="-83.59597191545387">
				<ele>534.0769787896425</ele>
				<time>2025-11-15T18:46:01Z</time>
			</trkpt>
			<trkpt lat="35.4128205277752" lon="-83.59594374936863">
				<ele>532.3965963665396</ele>
				<time>2025-11-15T18:46:02Z</time>
			</trkpt>
			<trkpt lat="35.41284798550741" lon="-83.59590987205755">
				<ele>531.0076369810849</ele>
				<time>2025-11-15T18:46:03Z</time>
			</trkpt>
			<trkpt lat="35.41287946219876" lon="-83.59586840514906">
				<ele>530.7210805919021</ele>
				<time>2025-11-15T18:46:04Z</time>
			</trkpt>
			<trkpt lat="35.41290645263241" lon="-83.59583657852667">
				<ele>531.5064798146486</ele>
				<time>2025-11-15T18:46:05Z</time>
			</trkpt>
			<trkpt lat="35.41292267967417" lon="-83.59580665143473">
				<ele>530.9213850973174</ele>
				<time>2025-11-15T18:46:06Z</time>
			</trkpt>
			<trkpt lat="35.41293037894867" lon="-83.59577407616436">
				<ele>529.6093116113916</ele>
				<time>2025-11-15T18:46:08Z</time>
			</trkpt>
			<trkpt lat="35.412932989883515" lon="-83.59574748927494">
				<ele>530.3940323898569</ele>
				<time>2025-11-15T18:46:09Z</time>
			</trkpt>
			<trkpt lat="35.412936067518025" lon="-83.5957245750541">
				<ele>530.4735469454899</ele>
				<time>2025-11-15T18:46:10Z</time>
			</trkpt>
			<trkpt lat="35.41294319444087" lon="-83.59569792146718">
				<ele>531.6072746580467</ele>
				<time>2025-11-15T18:46:11Z</time>
			</trkpt>
			<trkpt lat="35.41294735121735" lon="-83.59565557138265">
				<ele>531.8021452119574</ele>
				<time>2025-11-15T18:46:13Z</time>
			</trkpt>
			<trkpt lat="35.41295022957993" lon="-83.59561468129">
				<ele>534.6485780421644</ele>
				<time>2025-11-15T18:46:15Z</time>
			</trkpt>
			<trkpt lat="35.41294970729579" lon="-83.5955903235982">
				<ele>536.4178359257057</ele>
				<time>2025-11-15T18:46:16Z</time>
			</trkpt>
			<trkpt lat="35.41294731635277" lon="-83.59556493434603">
				<ele>536.8684873739257</ele>
				<time>2025-11-15T18:46:17Z</time>
			</trkpt>
			<trkpt lat="35.4129417355089" lon="-83.59553848064769">
				<ele>537.9584725238383</ele>
				<time>2025-11-15T18:46:18Z</time>
			</trkpt>
			<trkpt lat="35.41293977571637" lon="-83.59548387972995">
				<ele>536.5860833181068</ele>
				<time>2025-11-15T18:46:20Z</time>
			</trkpt>
			<trkpt lat="35.41293746864432" lon="-83.59544940975681">
				<ele>536.6854086723179</ele>
				<time>2025-11-15T18:46:21Z</time>
			</trkpt>
			<trkpt lat="35.41293717945014" lon="-83.595407734561">
				<ele>537.6613844148815</ele>
				<time>2025-11-15T18:46:22Z</time>
			</trkpt>
			<trkpt lat="35.41293494565077" lon="-83.59536217201156">
				<ele>536.9825825495645</ele>
				<time>2025-11-15T18:46:23Z</time>
			</trkpt>
			<trkpt lat="35.41293421346194" lon="-83.59532077687436">
				<ele>537.089487882331</ele>
				<time>2025-11-15T18:46:24Z</time>
			</trkpt>
			<trkpt lat="35.412930544672655" lon="-83.59526538532495">
				<ele>538.3482573274523</ele>
				<time>2025-11-15T18:46:25Z</time>
			</trkpt>
			<trkpt lat="35.41292395910523" lon="-83.59523453414222">
				<ele>538.7920665247366</ele>
				<time>2025-11-15T18:46:26Z</time>
			</trkpt>
			<trkpt lat="35.41291737460819" lon="-83.5952010862096">
				<ele>539.2023863950744</ele>
				<time>2025-11-15T18:46:27Z</time>
			</trkpt>
			<trkpt lat="35.412904334047504" lon="-83.59517184123557">
				<ele>540.5975250629708</ele>
				<time>2025-11-15T18:46:28Z</time>
			</trkpt>
			<trkpt lat="35.4128959180668" lon="-83.5951492682364">
				<ele>541.6060041999444</ele>
				<time>2025-11-15T18:46:29Z</time>
			</trkpt>
			<trkpt lat="35.412885409256056" lon="-83.59511673120701">
				<ele>541.156015843153</ele>
				<time>2025-11-15T18:46:30Z</time>
			</trkpt>
			<trkpt lat="35.41287608860575" lon="-83.59509043360978">
				<ele>541.0208176076412</ele>
				<time>2025-11-15T18:46:31Z</time>
			</trkpt>
			<trkpt lat="35.41286866971052" lon="-83.59506215303456">
				<ele>541.7778974324465</ele>
				<time>2025-11-15T18:46:32Z</time>
			</trkpt>
			<trkpt lat="35.412858433851405" lon="-83.59503436780344">
				<ele>541.6171691678464</ele>
				<time>2025-11-15T18:46:33Z</time>
			</trkpt>
			<trkpt lat="35.41284714942598" lon="-83.5949999355448">
				<ele>542.5935293277726</ele>
				<time>2025-11-15T18:46:34Z</time>
			</trkpt>
			<trkpt lat="35.41284328699083" lon="-83.59494422963701">
				<ele>544.281841205433</ele>
				<time>2025-11-15T18:46:36Z</time>
			</trkpt>
			<trkpt lat="35.412832303030115" lon="-83.59492579774366">
				<ele>542.1202656384557</ele>
				<time>2025-11-15T18:46:37Z</time>
			</trkpt>
			<trkpt lat="35.41282166928109" lon="-83.5948964880704">
				<ele>541.9528905060142</ele>
				<time>2025-11-15T18:46:38Z</time>
			</trkpt>
			<trkpt lat="35.41281615385932" lon="-83.59487202696783">
				<ele>542.3058730056509</ele>
				<time>2025-11-15T18:46:39Z</time>
			</trkpt>
			<trkpt lat="35.41280923980354" lon="-83.59483600342635">
				<ele>542.3569080661982</ele>
				<time>2025-11-15T18:46:40Z</time>
			</trkpt>
			<trkpt lat="35.412796119173635" lon="-83.59478244807873">
				<ele>543.636971003376</ele>
				<time>2025-11-15T18:46:42Z</time>
			</trkpt>
			<trkpt lat="35.41277819625524" lon="-83.59473758034052">
				<ele>543.2549436846748</ele>
				<time>2025-11-15T18:46:44Z</time>
			</trkpt>
			<trkpt lat="35.412756406481655" lon="-83.5946837242473">
				<ele>543.8008118886501</ele>
				<time>2025-11-15T18:46:46Z</time>
			</trkpt>
			<trkpt lat="35.412743955242476" lon="-83.59462075770357">
				<ele>543.9847936136648</ele>
				<time>2025-11-15T18:46:48Z</time>
			</trkpt>
			<trkpt lat="35.41273873357103" lon="-83.59459858582544">
				<ele>543.6488814139739</ele>
				<time>2025-11-15T18:46:49Z</time>
			</trkpt>
			<trkpt lat="35.41272399860919" lon="-83.5945484116235">
				<ele>544.4302404727787</ele>
				<time>2025-11-15T18:46:50Z</time>
			</trkpt>
			<trkpt lat="35.41271760628607" lon="-83.59452767532366">
				<ele>544.0986223621294</ele>
				<time>2025-11-15T18:46:51Z</time>
			</trkpt>
			<trkpt lat="35.41269923148132" lon="-83.59446806882099">
				<ele>544.6927356785163</ele>
				<time>2025-11-15T18:46:52Z</time>
			</trkpt>
			<trkpt lat="35.41269200360706" lon="-83.59444462206852">
				<ele>545.3907017437741</ele>
				<time>2025-11-15T18:46:53Z</time>
			</trkpt>
			<trkpt lat="35.412672666198354" lon="-83.59438189294805">
				<ele>544.9030903289095</ele>
				<time>2025-11-15T18:46:54Z</time>
			</trkpt>
			<trkpt lat="35.41265618924041" lon="-83.5943284430067">
				<ele>545.7200414361432</ele>
				<time>2025-11-15T18:46:55Z</time>
			</trkpt>
			<trkpt lat="35.41263215933256" lon="-83.5942763764694">
				<ele>547.1661528069526</ele>
				<time>2025-11-15T18:46:56Z</time>
			</trkpt>
			<trkpt lat="35.412618842377306" lon="-83.59422680394125">
				<ele>547.488304018043</ele>
				<time>2025-11-15T18:46:57Z</time>
			</trkpt>
			<trkpt lat="35.41260336094294" lon="-83.594169025073">
				<ele>548.4205146580935</ele>
				<time>2025-11-15T18:46:58Z</time>
			</trkpt>
			<trkpt lat="35.41259646830967" lon="-83.5941427807526">
				<ele>548.3446258408949</ele>
				<time>2025-11-15T18:46:59Z</time>
			</trkpt>
			<trkpt lat="35.41253838453477" lon="-83.59393819427284">
				<ele>545.3255580244586</ele>
				<time>2025-11-15T18:47:01Z</time>
			</trkpt>
			<trkpt lat="35.41251212649823" lon="-83.59389319816911">
				<ele>545.1893972344697</ele>
				<time>2025-11-15T18:47:02Z</time>
			</trkpt>
			<trkpt lat="35.41250266837134" lon="-83.59386992515282">
				<ele>544.7063128668815</ele>
				<time>2025-11-15T18:47:03Z</time>
			</trkpt>
			<trkpt lat="35.41246595695076" lon="-83.59383667451011">
				<ele>544.9854340590537</ele>
				<time>2025-11-15T18:47:04Z</time>
			</trkpt>
			<trkpt lat="35.412435057700705" lon="-83.59380103066178">
				<ele>545.11215886008</ele>
				<time>2025-11-15T18:47:06Z</time>
			</trkpt>
			<trkpt lat="35.41240822459826" lon="-83.59376510962471">
				<ele>545.357576135546</ele>
				<time>2025-11-15T18:47:08Z</time>
			</trkpt>
			<trkpt lat="35.41238668485221" lon="-83.59374118265296">
				<ele>546.5547587648034</ele>
				<time>2025-11-15T18:47:09Z</time>
			</trkpt>
			<trkpt lat="35.41235718126736" lon="-83.59371081284436">
				<ele>546.583239806816</ele>
				<time>2025-11-15T18:47:10Z</time>
			</trkpt>
			<trkpt lat="35.41233074581317" lon="-83.59368492142261">
				<ele>546.3237992506474</ele>
				<time>2025-11-15T18:47:11Z</time>
			</trkpt>
			<trkpt lat="35.41231359053611" lon="-83.59367059731237">
				<ele>546.6434244643897</ele>
				<time>2025-11-15T18:47:12Z</time>
			</trkpt>
			<trkpt lat="35.41227953413343" lon="-83.59364654787551">
				<ele>546.1092636883259</ele>
				<time>2025-11-15T18:47:14Z</time>
			</trkpt>
			<trkpt lat="35.412258625998184" lon="-83.59363378494504">
				<ele>546.5886493977159</ele>
				<time>2025-11-15T18:47:15Z</time>
			</trkpt>
			<trkpt lat="35.41223281279873" lon="-83.59362037633727">
				<ele>546.6096406551078</ele>
				<time>2025-11-15T18:47:16Z</time>
			</trkpt>
			<trkpt lat="35.412196193918355" lon="-83.59360776028103">
				<ele>546.7367400750518</ele>
				<time>2025-11-15T18:47:17Z</time>
			</trkpt>
			<trkpt lat="35.41215846275473" lon="-83.5935967643144">
				<ele>547.3128745239228</ele>
				<time>2025-11-15T18:47:18Z</time>
			</trkpt>
			<trkpt lat="35.41213672874843" lon="-83.59359043037705">
				<ele>547.3516133492813</ele>
				<time>2025-11-15T18:47:19Z</time>
			</trkpt>
			<trkpt lat="35.41210964989067" lon="-83.59357292564732">
				<ele>548.3081097006798</ele>
				<time>2025-11-15T18:47:21Z</time>
			</trkpt>
			<trkpt lat="35.41207826302078" lon="-83.59354502754972">
				<ele>546.1934694740921</ele>
				<time>2025-11-15T18:47:23Z</time>
			</trkpt>
			<trkpt lat="35.41206535187587" lon="-83.59351551811758">
				<ele>545.92216545064</ele>
				<time>2025-11-15T18:47:25Z</time>
			</trkpt>
			<trkpt lat="35.41204762495706" lon="-83.59349002674891">
				<ele>545.780604602769</ele>
				<time>2025-11-15T18:47:27Z</time>
			</trkpt>
			<trkpt lat="35.41202883144897" lon="-83.59346013950196">
				<ele>546.2154982080683</ele>
				<time>2025-11-15T18:47:29Z</time>
			</trkpt>
			<trkpt lat="35.41202175390242" lon="-83.59341950004718">
				<ele>546.3021950125694</ele>
				<time>2025-11-15T18:47:30Z</time>
			</trkpt>
			<trkpt lat="35.41202072649043" lon="-83.59335000872716">
				<ele>545.7842424875125</ele>
				<time>2025-11-15T18:47:31Z</time>
			</trkpt>
			<trkpt lat="35.41203485202717" lon="-83.59332763519897">
				<ele>546.1155007360503</ele>
				<time>2025-11-15T18:47:32Z</time>
			</trkpt>
			<trkpt lat="35.41205750562104" lon="-83.59325304319711">
				<ele>545.2135331695899</ele>
				<time>2025-11-15T18:47:33Z</time>
			</trkpt>
			<trkpt lat="35.412076599534174" lon="-83.5932264859675">
				<ele>545.5876418519765</ele>
				<time>2025-11-15T18:47:34Z</time>
			</trkpt>
			<trkpt lat="35.412117287903506" lon="-83.59315679751677">
				<ele>545.0283563341945</ele>
				<time>2025-11-15T18:47:35Z</time>
			</trkpt>
			<trkpt lat="35.4121452073699" lon="-83.59312419543893">
				<ele>545.1976386746392</ele>
				<time>2025-11-15T18:47:36Z</time>
			</trkpt>
			<trkpt lat="35.412161292560064" lon="-83.5930945587908">
				<ele>544.8048963993788</ele>
				<time>2025-11-15T18:47:37Z</time>
			</trkpt>
			<trkpt lat="35.4121756321562" lon="-83.59305569100034">
				<ele>543.7837927546352</ele>
				<time>2025-11-15T18:47:38Z</time>
			</trkpt>
			<trkpt lat="35.41218607282948" lon="-83.59301629864797">
				<ele>541.5620696572587</ele>
				<time>2025-11-15T18:47:39Z</time>
			</trkpt>
			<trkpt lat="35.41219068727643" lon="-83.5929813281783">
				<ele>539.8005184736103</ele>
				<time>2025-11-15T18:47:40Z</time>
			</trkpt>
			<trkpt lat="35.412199559558495" lon="-83.592925782618">
				<ele>540.1047978978604</ele>
				<time>2025-11-15T18:47:41Z</time>
			</trkpt>
			<trkpt lat="35.41220507720848" lon="-83.59286708257837">
				<ele>540.3078796286136</ele>
				<time>2025-11-15T18:47:42Z</time>
			</trkpt>
			<trkpt lat="35.41219609780104" lon="-83.59281550375728">
				<ele>538.5026599960402</ele>
				<time>2025-11-15T18:47:43Z</time>
			</trkpt>
			<trkpt lat="35.41219046328403" lon="-83.59276861164767">
				<ele>536.1891889963299</ele>
				<time>2025-11-15T18:47:44Z</time>
			</trkpt>
			<trkpt lat="35.41218946256607" lon="-83.59273456071668">
				<ele>534.7619078475982</ele>
				<time>2025-11-15T18:47:45Z</time>
			</trkpt>
			<trkpt lat="35.41218757358517" lon="-83.59269323305182">
				<ele>535.3562361141667</ele>
				<time>2025-11-15T18:47:46Z</time>
			</trkpt>
			<trkpt lat="35.41218583703366" lon="-83.59266029621908">
				<ele>535.6102235130966</ele>
				<time>2025-11-15T18:47:47Z</time>
			</trkpt>
			<trkpt lat="35.412183666461814" lon="-83.59262136498657">
				<ele>535.1752434317023</ele>
				<time>2025-11-15T18:47:48Z</time>
			</trkpt>
			<trkpt lat="35.41218138102838" lon="-83.59259428038227">
				<ele>534.6011896813288</ele>
				<time>2025-11-15T18:47:49Z</time>
			</trkpt>
			<trkpt lat="35.41217920371501" lon="-83.59255563818536">
				<ele>536.0253986977041</ele>
				<time>2025-11-15T18:47:50Z</time>
			</trkpt>
			<trkpt lat="35.412177608302365" lon="-83.59252968823466">
				<ele>536.2481137439609</ele>
				<time>2025-11-15T18:47:51Z</time>
			</trkpt>
			<trkpt lat="35.412175432943734" lon="-83.59248440289879">
				<ele>537.4788105599582</ele>
				<time>2025-11-15T18:47:52Z</time>
			</trkpt>
			<trkpt lat="35.41217509857725" lon="-83.59245586228013">
				<ele>536.9495529336855</ele>
				<time>2025-11-15T18:47:53Z</time>
			</trkpt>
			<trkpt lat="35.41217340615854" lon="-83.5924138682461">
				<ele>536.1905964789912</ele>
				<time>2025-11-15T18:47:54Z</time>
			</trkpt>
			<trkpt lat="35.412172403202774" lon="-83.59238316130453">
				<ele>535.7790485089645</ele>
				<time>2025-11-15T18:47:55Z</time>
			</trkpt>
			<trkpt lat="35.41216628664564" lon="-83.59233141842422">
				<ele>534.704584508203</ele>
				<time>2025-11-15T18:47:56Z</time>
			</trkpt>
			<trkpt lat="35.41216757547291" lon="-83.592301589735">
				<ele>535.9706106688827</ele>
				<time>2025-11-15T18:47:57Z</time>
			</trkpt>
			<trkpt lat="35.41216193566984" lon="-83.5922472977591">
				<ele>536.8029480110854</ele>
				<time>2025-11-15T18:47:58Z</time>
			</trkpt>
			<trkpt lat="35.41215322846269" lon="-83.59220850331299">
				<ele>537.702355989255</ele>
				<time>2025-11-15T18:47:59Z</time>
			</trkpt>
			<trkpt lat="35.41214697829468" lon="-83.59217859196">
				<ele>538.4992521563545</ele>
				<time>2025-11-15T18:48:00Z</time>
			</trkpt>
			<trkpt lat="35.412143482762765" lon="-83.59214716422727">
				<ele>537.9864550335333</ele>
				<time>2025-11-15T18:48:01Z</time>
			</trkpt>
			<trkpt lat="35.41213837155197" lon="-83.5921125440808">
				<ele>541.6972347823903</ele>
				<time>2025-11-15T18:48:02Z</time>
			</trkpt>
			<trkpt lat="35.412132971555025" lon="-83.59207863343325">
				<ele>541.6902507664636</ele>
				<time>2025-11-15T18:48:03Z</time>
			</trkpt>
			<trkpt lat="35.4121267274727" lon="-83.59204409883513">
				<ele>541.8121840525419</ele>
				<time>2025-11-15T18:48:04Z</time>
			</trkpt>
			<trkpt lat="35.4121180504297" lon="-83.59201472431175">
				<ele>541.3941347785294</ele>
				<time>2025-11-15T18:48:05Z</time>
			</trkpt>
			<trkpt lat="35.41210764458703" lon="-83.59197949717363">
				<ele>541.0353355389088</ele>
				<time>2025-11-15T18:48:06Z</time>
			</trkpt>
			<trkpt lat="35.41209070217371" lon="-83.59193637471432">
				<ele>542.6919688619673</ele>
				<time>2025-11-15T18:48:07Z</time>
			</trkpt>
			<trkpt lat="35.41207351575815" lon="-83.59189452248296">
				<ele>543.292765817605</ele>
				<time>2025-11-15T18:48:08Z</time>
			</trkpt>
			<trkpt lat="35.412063032572654" lon="-83.59186993966732">
				<ele>544.1206054510549</ele>
				<time>2025-11-15T18:48:09Z</time>
			</trkpt>
			<trkpt lat="35.41204840252089" lon="-83.59183871321771">
				<ele>543.7444645371288</ele>
				<time>2025-11-15T18:48:10Z</time>
			</trkpt>
			<trkpt lat="35.4120280194227" lon="-83.59180157737964">
				<ele>543.6281295353547</ele>
				<time>2025-11-15T18:48:11Z</time>
			</trkpt>
			<trkpt lat="35.41200758142593" lon="-83.59176843125796">
				<ele>542.6999801564962</ele>
				<time>2025-11-15T18:48:12Z</time>
			</trkpt>
			<trkpt lat="35.41198659809503" lon="-83.59173394167475">
				<ele>542.7146660462022</ele>
				<time>2025-11-15T18:48:13Z</time>
			</trkpt>
			<trkpt lat="35.41197322347361" lon="-83.59171193923014">
				<ele>543.7714198147878</ele>
				<time>2025-11-15T18:48:14Z</time>
			</trkpt>
			<trkpt lat="35.4119502022886" lon="-83.59167836614016">
				<ele>542.912974328734</ele>
				<time>2025-11-15T18:48:15Z</time>
			</trkpt>
			<trkpt lat="35.41190671277103" lon="-83.5916421887635">
				<ele>542.4373761601746</ele>
				<time>2025-11-15T18:48:16Z</time>
			</trkpt>
			<trkpt lat="35.411878539452026" lon="-83.59163143807486">
				<ele>542.8384983809665</ele>
				<time>2025-11-15T18:48:17Z</time>
			</trkpt>
			<trkpt lat="35.41184904273594" lon="-83.59162156488277">
				<ele>541.7094718897715</ele>
				<time>2025-11-15T18:48:18Z</time>
			</trkpt>
			<trkpt lat="35.411815560079226" lon="-83.59161398784856">
				<ele>540.973652580753</ele>
				<time>2025-11-15T18:48:19Z</time>
			</trkpt>
			<trkpt lat="35.41177427978417" lon="-83.59160921886273">
				<ele>539.6699483394623</ele>
				<time>2025-11-15T18:48:20Z</time>
			</trkpt>
			<trkpt lat="35.411722597824216" lon="-83.59161760147826">
				<ele>539.371002770029</ele>
				<time>2025-11-15T18:48:21Z</time>
			</trkpt>
			<trkpt lat="35.41168819843216" lon="-83.59163036545387">
				<ele>537.5310227526352</ele>
				<time>2025-11-15T18:48:22Z</time>
			</trkpt>
			<trkpt lat="35.411656943244374" lon="-83.59164196277013">
				<ele>538.7491635447368</ele>
				<time>2025-11-15T18:48:23Z</time>
			</trkpt>
			<trkpt lat="35.41163579738154" lon="-83.59164980900583">
				<ele>538.9731123400852</ele>
				<time>2025-11-15T18:48:24Z</time>
			</trkpt>
			<trkpt lat="35.41161056895336" lon="-83.59165917009118">
				<ele>540.4216316733509</ele>
				<time>2025-11-15T18:48:25Z</time>
			</trkpt>
			<trkpt lat="35.41158623713833" lon="-83.59166877064341">
				<ele>539.43692319002</ele>
				<time>2025-11-15T18:48:26Z</time>
			</trkpt>
			<trkpt lat="35.411560285260784" lon="-83.59167505653704">
				<ele>539.8105849716812</ele>
				<time>2025-11-15T18:48:27Z</time>
			</trkpt>
			<trkpt lat="35.4115359445065" lon="-83.591680952129">
				<ele>539.4734238423407</ele>
				<time>2025-11-15T18:48:28Z</time>
			</trkpt>
			<trkpt lat="35.411502764516335" lon="-83.59168898867337">
				<ele>540.0256548300385</ele>
				<time>2025-11-15T18:48:30Z</time>
			</trkpt>
			<trkpt lat="35.41148061167649" lon="-83.5916944576387">
				<ele>541.6176435882226</ele>
				<time>2025-11-15T18:48:31Z</time>
			</trkpt>
			<trkpt lat="35.4114451749628" lon="-83.59170536122345">
				<ele>541.9843240035698</ele>
				<time>2025-11-15T18:48:33Z</time>
			</trkpt>
			<trkpt lat="35.411424989076856" lon="-83.59171409977331">
				<ele>543.8776216926053</ele>
				<time>2025-11-15T18:48:34Z</time>
			</trkpt>
			<trkpt lat="35.41139215531709" lon="-83.59173282201236">
				<ele>542.8669789480045</ele>
				<time>2025-11-15T18:48:36Z</time>
			</trkpt>
			<trkpt lat="35.411367973670764" lon="-83.59174864368246">
				<ele>542.7317464146763</ele>
				<time>2025-11-15T18:48:37Z</time>
			</trkpt>
			<trkpt lat="35.41135041519206" lon="-83.5917604258743">
				<ele>542.3389342194423</ele>
				<time>2025-11-15T18:48:38Z</time>
			</trkpt>
			<trkpt lat="35.41132592384034" lon="-83.59177476878152">
				<ele>541.9214837541804</ele>
				<time>2025-11-15T18:48:39Z</time>
			</trkpt>
			<trkpt lat="35.41130780584314" lon="-83.59178459875002">
				<ele>543.997079144232</ele>
				<time>2025-11-15T18:48:40Z</time>
			</trkpt>
			<trkpt lat="35.411290723257025" lon="-83.59179303661539">
				<ele>544.1272746259347</ele>
				<time>2025-11-15T18:48:41Z</time>
			</trkpt>
			<trkpt lat="35.41126864261079" lon="-83.59180042742969">
				<ele>545.4166755657643</ele>
				<time>2025-11-15T18:48:42Z</time>
			</trkpt>
			<trkpt lat="35.411237314031126" lon="-83.59181012997013">
				<ele>547.481970266439</ele>
				<time>2025-11-15T18:48:44Z</time>
			</trkpt>
			<trkpt lat="35.411213370216835" lon="-83.59181601860165">
				<ele>547.3312207097188</ele>
				<time>2025-11-15T18:48:45Z</time>
			</trkpt>
			<trkpt lat="35.41118179988895" lon="-83.59182254592817">
				<ele>547.5217034006491</ele>
				<time>2025-11-15T18:48:47Z</time>
			</trkpt>
			<trkpt lat="35.41115271414373" lon="-83.59182727532067">
				<ele>550.7817444344983</ele>
				<time>2025-11-15T18:48:49Z</time>
			</trkpt>
			<trkpt lat="35.411128433955206" lon="-83.59182921263027">
				<ele>552.8291024463251</ele>
				<time>2025-11-15T18:48:50Z</time>
			</trkpt>
			<trkpt lat="35.4111077437228" lon="-83.5918303480738">
				<ele>553.0313639137894</ele>
				<time>2025-11-15T18:48:51Z</time>
			</trkpt>
			<trkpt lat="35.41108617897658" lon="-83.59183028895268">
				<ele>553.4818786745891</ele>
				<time>2025-11-15T18:48:52Z</time>
			</trkpt>
			<trkpt lat="35.411065233562375" lon="-83.591829139508">
				<ele>553.5726954638958</ele>
				<time>2025-11-15T18:48:53Z</time>
			</trkpt>
			<trkpt lat="35.41104252362705" lon="-83.59182868873759">
				<ele>552.559200361371</ele>
				<time>2025-11-15T18:48:54Z</time>
			</trkpt>
			<trkpt lat="35.411023986603595" lon="-83.59183020271881">
				<ele>554.638126546517</ele>
				<time>2025-11-15T18:48:55Z</time>
			</trkpt>
			<trkpt lat="35.410982387860166" lon="-83.5918371881483">
				<ele>553.693627028726</ele>
				<time>2025-11-15T18:48:57Z</time>
			</trkpt>
			<trkpt lat="35.41096143283416" lon="-83.59184348247494">
				<ele>553.2551966933534</ele>
				<time>2025-11-15T18:48:58Z</time>
			</trkpt>
			<trkpt lat="35.41094162545023" lon="-83.59184970259176">
				<ele>554.4992137635127</ele>
				<time>2025-11-15T18:48:59Z</time>
			</trkpt>
			<trkpt lat="35.4109125094925" lon="-83.59186038765844">
				<ele>554.4690269893035</ele>
				<time>2025-11-15T18:49:00Z</time>
			</trkpt>
			<trkpt lat="35.41088396835906" lon="-83.59187086165387">
				<ele>556.5202343352139</ele>
				<time>2025-11-15T18:49:02Z</time>
			</trkpt>
			<trkpt lat="35.41086459696425" lon="-83.5918779705894">
				<ele>558.2056471537799</ele>
				<time>2025-11-15T18:49:03Z</time>
			</trkpt>
			<trkpt lat="35.41083966665808" lon="-83.59188711957586">
				<ele>558.6067019691691</ele>
				<time>2025-11-15T18:49:04Z</time>
			</trkpt>
			<trkpt lat="35.410793682775214" lon="-83.59189912512467">
				<ele>557.4311638325453</ele>
				<time>2025-11-15T18:49:06Z</time>
			</trkpt>
			<trkpt lat="35.41075395814188" lon="-83.59190877542466">
				<ele>558.7627505660057</ele>
				<time>2025-11-15T18:49:08Z</time>
			</trkpt>
			<trkpt lat="35.41072763672327" lon="-83.59191516988577">
				<ele>558.6705532791093</ele>
				<time>2025-11-15T18:49:09Z</time>
			</trkpt>
			<trkpt lat="35.41068908577049" lon="-83.59192650666454">
				<ele>556.3474520649761</ele>
				<time>2025-11-15T18:49:11Z</time>
			</trkpt>
			<trkpt lat="35.41065813003913" lon="-83.59193784017842">
				<ele>558.5632471647114</ele>
				<time>2025-11-15T18:49:13Z</time>
			</trkpt>
			<trkpt lat="35.410625746047714" lon="-83.59194974048444">
				<ele>557.9128241408616</ele>
				<time>2025-11-15T18:49:15Z</time>
			</trkpt>
			<trkpt lat="35.41060816027719" lon="-83.59195630023174">
				<ele>559.7466535586864</ele>
				<time>2025-11-15T18:49:16Z</time>
			</trkpt>
			<trkpt lat="35.41057768301203" lon="-83.59196523926278">
				<ele>559.9080206314102</ele>
				<time>2025-11-15T18:49:18Z</time>
			</trkpt>
			<trkpt lat="35.41055502269781" lon="-83.59197179983886">
				<ele>561.4540552282706</ele>
				<time>2025-11-15T18:49:20Z</time>
			</trkpt>
			<trkpt lat="35.41053372812797" lon="-83.59197737378916">
				<ele>562.4438214702532</ele>
				<time>2025-11-15T18:49:22Z</time>
			</trkpt>
			<trkpt lat="35.41051008078735" lon="-83.59198312198828">
				<ele>563.2786888564005</ele>
				<time>2025-11-15T18:49:23Z</time>
			</trkpt>
			<trkpt lat="35.410481464021224" lon="-83.59199007817662">
				<ele>563.8833905244246</ele>
				<time>2025-11-15T18:49:24Z</time>
			</trkpt>
			<trkpt lat="35.41045510791467" lon="-83.59199476636253">
				<ele>564.1693364884704</ele>
				<time>2025-11-15T18:49:25Z</time>
			</trkpt>
			<trkpt lat="35.410429866051" lon="-83.5919920845679">
				<ele>562.7496280251071</ele>
				<time>2025-11-15T18:49:26Z</time>
			</trkpt>
			<trkpt lat="35.41040261673639" lon="-83.5919947286364">
				<ele>564.6999103548005</ele>
				<time>2025-11-15T18:49:27Z</time>
			</trkpt>
			<trkpt lat="35.410373355997294" lon="-83.5920002091184">
				<ele>564.2472669025883</ele>
				<time>2025-11-15T18:49:29Z</time>
			</trkpt>
			<trkpt lat="35.410343175532674" lon="-83.59200375157232">
				<ele>562.5360772833228</ele>
				<time>2025-11-15T18:49:31Z</time>
			</trkpt>
			<trkpt lat="35.41031655051792" lon="-83.59200206211965">
				<ele>561.7845807690173</ele>
				<time>2025-11-15T18:49:33Z</time>
			</trkpt>
			<trkpt lat="35.41028475387856" lon="-83.59199235155755">
				<ele>560.2939539141953</ele>
				<time>2025-11-15T18:49:35Z</time>
			</trkpt>
			<trkpt lat="35.41027697078015" lon="-83.59197165235568">
				<ele>557.585227387026</ele>
				<time>2025-11-15T18:49:43Z</time>
			</trkpt>
			<trkpt lat="35.41029135214943" lon="-83.59195640164882">
				<ele>555.5522543070838</ele>
				<time>2025-11-15T18:49:53Z</time>
			</trkpt>
			<trkpt lat="35.410308188133016" lon="-83.59192767508125">
				<ele>556.8826788412407</ele>
				<time>2025-11-15T18:49:57Z</time>
			</trkpt>
			<trkpt lat="35.41032354457091" lon="-83.59190507507887">
				<ele>558.4066787501797</ele>
				<time>2025-11-15T18:49:59Z</time>
			</trkpt>
			<trkpt lat="35.410345651207265" lon="-83.59188431791446">
				<ele>557.6537410933524</ele>
				<time>2025-11-15T18:50:00Z</time>
			</trkpt>
			<trkpt lat="35.41036172446959" lon="-83.59186922579127">
				<ele>559.1074773017317</ele>
				<time>2025-11-15T18:50:01Z</time>
			</trkpt>
			<trkpt lat="35.41038099753836" lon="-83.59185479901036">
				<ele>559.7195880031213</ele>
				<time>2025-11-15T18:50:02Z</time>
			</trkpt>
			<trkpt lat="35.41040128508407" lon="-83.59183538572232">
				<ele>560.2503319280222</ele>
				<time>2025-11-15T18:50:03Z</time>
			</trkpt>
			<trkpt lat="35.41042364481092" lon="-83.59181769253874">
				<ele>561.2179768001661</ele>
				<time>2025-11-15T18:50:04Z</time>
			</trkpt>
			<trkpt lat="35.41045731500223" lon="-83.59179104939508">
				<ele>560.3500574575737</ele>
				<time>2025-11-15T18:50:05Z</time>
			</trkpt>
			<trkpt lat="35.41048960792277" lon="-83.59176549606947">
				<ele>559.7465371163562</ele>
				<time>2025-11-15T18:50:06Z</time>
			</trkpt>
			<trkpt lat="35.41052877362167" lon="-83.5917357625225">
				<ele>558.6354897329584</ele>
				<time>2025-11-15T18:50:07Z</time>
			</trkpt>
			<trkpt lat="35.41057723577164" lon="-83.59170391475435">
				<ele>558.5213139066473</ele>
				<time>2025-11-15T18:50:08Z</time>
			</trkpt>
			<trkpt lat="35.410619094349364" lon="-83.5916726554823">
				<ele>559.1617565881461</ele>
				<time>2025-11-15T18:50:09Z</time>
			</trkpt>
			<trkpt lat="35.41064856477126" lon="-83.59164551950856">
				<ele>559.5703951846808</ele>
				<time>2025-11-15T18:50:10Z</time>
			</trkpt>
			<trkpt lat="35.41067349388773" lon="-83.59162110270667">
				<ele>560.6084126755595</ele>
				<time>2025-11-15T18:50:11Z</time>
			</trkpt>
			<trkpt lat="35.410702493122905" lon="-83.59159124471074">
				<ele>561.5654316255823</ele>
				<time>2025-11-15T18:50:12Z</time>
			</trkpt>
			<trkpt lat="35.41072486319554" lon="-83.59156612230876">
				<ele>561.6812695581466</ele>
				<time>2025-11-15T18:50:13Z</time>
			</trkpt>
			<trkpt lat="35.410743198110374" lon="-83.59153903426703">
				<ele>560.0410426883027</ele>
				<time>2025-11-15T18:50:14Z</time>
			</trkpt>
			<trkpt lat="35.41076197668628" lon="-83.59152688774601">
				<ele>559.7539105918258</ele>
				<time>2025-11-15T18:50:15Z</time>
			</trkpt>
			<trkpt lat="35.41088630046112" lon="-83.59145997736779">
				<ele>557.2567185135558</ele>
				<time>2025-11-15T18:50:17Z</time>
			</trkpt>
			<trkpt lat="35.41092357833609" lon="-83.59146441143425">
				<ele>556.4574575116858</ele>
				<time>2025-11-15T18:50:18Z</time>
			</trkpt>
			<trkpt lat="35.41097829339825" lon="-83.59146328962024">
				<ele>555.5835492312908</ele>
				<time>2025-11-15T18:50:19Z</time>
			</trkpt>
			<trkpt lat="35.41103320860063" lon="-83.59146011913413">
				<ele>554.904293323867</ele>
				<time>2025-11-15T18:50:20Z</time>
			</trkpt>
			<trkpt lat="35.41107248899658" lon="-83.59144626155526">
				<ele>554.7945502651855</ele>
				<time>2025-11-15T18:50:21Z</time>
			</trkpt>
			<trkpt lat="35.411130352158914" lon="-83.591436221993">
				<ele>554.8732475852594</ele>
				<time>2025-11-15T18:50:22Z</time>
			</trkpt>
			<trkpt lat="35.41120127104719" lon="-83.59141449057886">
				<ele>554.6519603570923</ele>
				<time>2025-11-15T18:50:23Z</time>
			</trkpt>
			<trkpt lat="35.41126632393078" lon="-83.5913835284547">
				<ele>553.7941044019535</ele>
				<time>2025-11-15T18:50:24Z</time>
			</trkpt>
			<trkpt lat="35.411325131193244" lon="-83.59135184529609">
				<ele>553.8022013250738</ele>
				<time>2025-11-15T18:50:25Z</time>
			</trkpt>
			<trkpt lat="35.411367314800394" lon="-83.5913291184047">
				<ele>552.9676423901692</ele>
				<time>2025-11-15T18:50:26Z</time>
			</trkpt>
			<trkpt lat="35.41140203716647" lon="-83.5913104647881">
				<ele>551.5134531753138</ele>
				<time>2025-11-15T18:50:27Z</time>
			</trkpt>
			<trkpt lat="35.41145554762904" lon="-83.59128074298835">
				<ele>550.4409816833213</ele>
				<time>2025-11-15T18:50:28Z</time>
			</trkpt>
			<trkpt lat="35.41151034456615" lon="-83.59126026858732">
				<ele>548.4570381166413</ele>
				<time>2025-11-15T18:50:29Z</time>
			</trkpt>
			<trkpt lat="35.41155634083402" lon="-83.5912313323984">
				<ele>547.5191227700561</ele>
				<time>2025-11-15T18:50:30Z</time>
			</trkpt>
			<trkpt lat="35.41158904552298" lon="-83.59120679782356">
				<ele>547.7533012339845</ele>
				<time>2025-11-15T18:50:31Z</time>
			</trkpt>
			<trkpt lat="35.41162156573842" lon="-83.59118116113027">
				<ele>546.350066812709</ele>
				<time>2025-11-15T18:50:32Z</time>
			</trkpt>
			<trkpt lat="35.411644357536105" lon="-83.59115643463316">
				<ele>544.3800083007663</ele>
				<time>2025-11-15T18:50:33Z</time>
			</trkpt>
			<trkpt lat="35.41166921277944" lon="-83.59114003426181">
				<ele>543.6751474654302</ele>
				<time>2025-11-15T18:50:34Z</time>
			</trkpt>
			<trkpt lat="35.411698001874804" lon="-83.59111666392556">
				<ele>542.5262340130284</ele>
				<time>2025-11-15T18:50:35Z</time>
			</trkpt>
			<trkpt lat="35.41172169484409" lon="-83.59108338074806">
				<ele>541.6558624897152</ele>
				<time>2025-11-15T18:50:36Z</time>
			</trkpt>
			<trkpt lat="35.41173426700977" lon="-83.59104882045388">
				<ele>538.0692071784288</ele>
				<time>2025-11-15T18:50:37Z</time>
			</trkpt>
			<trkpt lat="35.41174111176212" lon="-83.59101795424054">
				<ele>538.6058970959857</ele>
				<time>2025-11-15T18:50:38Z</time>
			</trkpt>
			<trkpt lat="35.411744908332125" lon="-83.59099207902317">
				<ele>539.0423851255327</ele>
				<time>2025-11-15T18:50:39Z</time>
			</trkpt>
			<trkpt lat="35.411748807896714" lon="-83.59095688730872">
				<ele>537.8256411822513</ele>
				<time>2025-11-15T18:50:41Z</time>
			</trkpt>
			<trkpt lat="35.41175100307786" lon="-83.59093279025852">
				<ele>539.3387171067297</ele>
				<time>2025-11-15T18:50:43Z</time>
			</trkpt>
			<trkpt lat="35.41175469706802" lon="-83.59091089192104">
				<ele>539.756798716262</ele>
				<time>2025-11-15T18:50:44Z</time>
			</trkpt>
			<trkpt lat="35.41175580296574" lon="-83.59088495128803">
				<ele>540.6793757872656</ele>
				<time>2025-11-15T18:50:45Z</time>
			</trkpt>
			<trkpt lat="35.41175672100984" lon="-83.59085097982056">
				<ele>539.7867125514895</ele>
				<time>2025-11-15T18:50:47Z</time>
			</trkpt>
			<trkpt lat="35.41175522228418" lon="-83.59082462949725">
				<ele>541.3098001899198</ele>
				<time>2025-11-15T18:50:48Z</time>
			</trkpt>
			<trkpt lat="35.41175736396597" lon="-83.5907982925443">
				<ele>539.0669121686369</ele>
				<time>2025-11-15T18:50:49Z</time>
			</trkpt>
			<trkpt lat="35.41175407879857" lon="-83.59077193080593">
				<ele>539.6221896568313</ele>
				<time>2025-11-15T18:50:50Z</time>
			</trkpt>
			<trkpt lat="35.411749876190925" lon="-83.59074282770385">
				<ele>540.8426199601963</ele>
				<time>2025-11-15T18:50:51Z</time>
			</trkpt>
			<trkpt lat="35.41174640182871" lon="-83.59071876773">
				<ele>540.5650570606813</ele>
				<time>2025-11-15T18:50:52Z</time>
			</trkpt>
			<trkpt lat="35.41174171603587" lon="-83.59069289780585">
				<ele>540.1663687964901</ele>
				<time>2025-11-15T18:50:53Z</time>
			</trkpt>
			<trkpt lat="35.41173532674846" lon="-83.59066270616762">
				<ele>539.65638544783</ele>
				<time>2025-11-15T18:50:54Z</time>
			</trkpt>
			<trkpt lat="35.41172939448379" lon="-83.5906346742023">
				<ele>539.4450570438057</ele>
				<time>2025-11-15T18:50:55Z</time>
			</trkpt>
			<trkpt lat="35.41172308151055" lon="-83.590604843128">
				<ele>539.1151510328054</ele>
				<time>2025-11-15T18:50:56Z</time>
			</trkpt>
			<trkpt lat="35.41171585799828" lon="-83.59056792595543">
				<ele>538.9880523318425</ele>
				<time>2025-11-15T18:50:57Z</time>
			</trkpt>
			<trkpt lat="35.411713016808285" lon="-83.5905381015813">
				<ele>538.9412386752665</ele>
				<time>2025-11-15T18:50:58Z</time>
			</trkpt>
			<trkpt lat="35.41170758369964" lon="-83.59050664817869">
				<ele>539.164146726951</ele>
				<time>2025-11-15T18:50:59Z</time>
			</trkpt>
			<trkpt lat="35.41170339117512" lon="-83.59047425457335">
				<ele>539.8193547287956</ele>
				<time>2025-11-15T18:51:00Z</time>
			</trkpt>
			<trkpt lat="35.411696766169676" lon="-83.590438222335">
				<ele>539.7253721347079</ele>
				<time>2025-11-15T18:51:01Z</time>
			</trkpt>
			<trkpt lat="35.4116914728221" lon="-83.5904071946859">
				<ele>539.8370681162924</ele>
				<time>2025-11-15T18:51:02Z</time>
			</trkpt>
			<trkpt lat="35.411685369441415" lon="-83.59035845058666">
				<ele>541.5890329219401</ele>
				<time>2025-11-15T18:51:03Z</time>
			</trkpt>
			<trkpt lat="35.41167041472833" lon="-83.59029263506821">
				<ele>540.1516078542918</ele>
				<time>2025-11-15T18:51:04Z</time>
			</trkpt>
			<trkpt lat="35.41165112998493" lon="-83.59023642087594">
				<ele>542.6035376610234</ele>
				<time>2025-11-15T18:51:05Z</time>
			</trkpt>
			<trkpt lat="35.41163220323093" lon="-83.59018860581912">
				<ele>542.857928798534</ele>
				<time>2025-11-15T18:51:06Z</time>
			</trkpt>
			<trkpt lat="35.411612740840205" lon="-83.59014525758205">
				<ele>542.2262725252658</ele>
				<time>2025-11-15T18:51:07Z</time>
			</trkpt>
			<trkpt lat="35.41159722142519" lon="-83.5901119279829">
				<ele>541.1420400999486</ele>
				<time>2025-11-15T18:51:08Z</time>
			</trkpt>
			<trkpt lat="35.411583579783816" lon="-83.5900826309681">
				<ele>543.1340632690117</ele>
				<time>2025-11-15T18:51:09Z</time>
			</trkpt>
			<trkpt lat="35.41156771228199" lon="-83.59005119532063">
				<ele>544.3201461238787</ele>
				<time>2025-11-15T18:51:10Z</time>
			</trkpt>
			<trkpt lat="35.41155164570931" lon="-83.59002010720917">
				<ele>544.1131806261837</ele>
				<time>2025-11-15T18:51:11Z</time>
			</trkpt>
			<trkpt lat="35.41153695136324" lon="-83.58999058483548">
				<ele>545.5061994167045</ele>
				<time>2025-11-15T18:51:12Z</time>
			</trkpt>
			<trkpt lat="35.41152135654443" lon="-83.58996328528858">
				<ele>546.4829997103661</ele>
				<time>2025-11-15T18:51:13Z</time>
			</trkpt>
			<trkpt lat="35.411503117751785" lon="-83.58993135697607">
				<ele>547.2585438406095</ele>
				<time>2025-11-15T18:51:14Z</time>
			</trkpt>
			<trkpt lat="35.41148790259299" lon="-83.58990472173906">
				<ele>548.0801649177447</ele>
				<time>2025-11-15T18:51:15Z</time>
			</trkpt>
			<trkpt lat="35.41147095443519" lon="-83.58987768172369">
				<ele>548.9757355488837</ele>
				<time>2025-11-15T18:51:16Z</time>
			</trkpt>
			<trkpt lat="35.41145545504768" lon="-83.58985301715764">
				<ele>548.8417074652389</ele>
				<time>2025-11-15T18:51:17Z</time>
			</trkpt>
			<trkpt lat="35.411436586400704" lon="-83.58982616823232">
				<ele>549.1489190971479</ele>
				<time>2025-11-15T18:51:18Z</time>
			</trkpt>
			<trkpt lat="35.411412711606594" lon="-83.58979848968133">
				<ele>550.4119223803282</ele>
				<time>2025-11-15T18:51:19Z</time>
			</trkpt>
			<trkpt lat="35.41139430195039" lon="-83.58977714697467">
				<ele>549.8115193825215</ele>
				<time>2025-11-15T18:51:20Z</time>
			</trkpt>
			<trkpt lat="35.41136285918377" lon="-83.58974759443662">
				<ele>549.1505475826561</ele>
				<time>2025-11-15T18:51:22Z</time>
			</trkpt>
			<trkpt lat="35.411345108764685" lon="-83.58973243917988">
				<ele>548.6157806292176</ele>
				<time>2025-11-15T18:51:23Z</time>
			</trkpt>
			<trkpt lat="35.41132715351965" lon="-83.58971710913542">
				<ele>550.108031462878</ele>
				<time>2025-11-15T18:51:24Z</time>
			</trkpt>
			<trkpt lat="35.41130648459856" lon="-83.58969946210976">
				<ele>548.6154905892909</ele>
				<time>2025-11-15T18:51:25Z</time>
			</trkpt>
			<trkpt lat="35.41129056683686" lon="-83.58968661710699">
				<ele>550.0403265217319</ele>
				<time>2025-11-15T18:51:26Z</time>
			</trkpt>
			<trkpt lat="35.411261523759045" lon="-83.58966562446663">
				<ele>550.8534928988665</ele>
				<time>2025-11-15T18:51:27Z</time>
			</trkpt>
			<trkpt lat="35.41121514610528" lon="-83.58963210222215">
				<ele>551.3652333496138</ele>
				<time>2025-11-15T18:51:29Z</time>
			</trkpt>
			<trkpt lat="35.41119814265221" lon="-83.58961981192934">
				<ele>551.1504288092256</ele>
				<time>2025-11-15T18:51:30Z</time>
			</trkpt>
			<trkpt lat="35.41117068617456" lon="-83.58960107114876">
				<ele>551.713809190318</ele>
				<time>2025-11-15T18:51:31Z</time>
			</trkpt>
			<trkpt lat="35.41114471521554" lon="-83.5895836106857">
				<ele>552.3319460209459</ele>
				<time>2025-11-15T18:51:32Z</time>
			</trkpt>
			<trkpt lat="35.41111187026045" lon="-83.5895615288265">
				<ele>553.1936560524628</ele>
				<time>2025-11-15T18:51:33Z</time>
			</trkpt>
			<trkpt lat="35.411093718221416" lon="-83.58954932514824">
				<ele>552.9380496488884</ele>
				<time>2025-11-15T18:51:34Z</time>
			</trkpt>
			<trkpt lat="35.411066645318826" lon="-83.58953112388669">
				<ele>552.9141508275643</ele>
				<time>2025-11-15T18:51:35Z</time>
			</trkpt>
			<trkpt lat="35.4110479652438" lon="-83.5895185651302">
				<ele>553.8125002719462</ele>
				<time>2025-11-15T18:51:36Z</time>
			</trkpt>
			<trkpt lat="35.4110154210461" lon="-83.58949867283192">
				<ele>553.7587149525061</ele>
				<time>2025-11-15T18:51:37Z</time>
			</trkpt>
			<trkpt lat="35.4109882380577" lon="-83.58948344100489">
				<ele>554.041297945194</ele>
				<time>2025-11-15T18:51:38Z</time>
			</trkpt>
			<trkpt lat="35.410960115137705" lon="-83.5894676824093">
				<ele>553.7537550358102</ele>
				<time>2025-11-15T18:51:39Z</time>
			</trkpt>
			<trkpt lat="35.410931229818075" lon="-83.58945090475748">
				<ele>553.813227083534</ele>
				<time>2025-11-15T18:51:40Z</time>
			</trkpt>
			<trkpt lat="35.41090459880366" lon="-83.58943634858214">
				<ele>552.4711511516944</ele>
				<time>2025-11-15T18:51:41Z</time>
			</trkpt>
			<trkpt lat="35.41088211268424" lon="-83.58941991300041">
				<ele>553.01402315218</ele>
				<time>2025-11-15T18:51:42Z</time>
			</trkpt>
			<trkpt lat="35.41085592687596" lon="-83.58940830444429">
				<ele>552.0269470177591</ele>
				<time>2025-11-15T18:51:43Z</time>
			</trkpt>
			<trkpt lat="35.41082810823047" lon="-83.58939472514159">
				<ele>552.4464102135971</ele>
				<time>2025-11-15T18:51:44Z</time>
			</trkpt>
			<trkpt lat="35.41080424457905" lon="-83.58938518761634">
				<ele>552.6396384881809</ele>
				<time>2025-11-15T18:51:45Z</time>
			</trkpt>
			<trkpt lat="35.41078602659158" lon="-83.5893770959304">
				<ele>551.6956420894712</ele>
				<time>2025-11-15T18:51:46Z</time>
			</trkpt>
			<trkpt lat="35.410760133952024" lon="-83.58936576070934">
				<ele>551.1999625498429</ele>
				<time>2025-11-15T18:51:47Z</time>
			</trkpt>
			<trkpt lat="35.410730956585475" lon="-83.58935470947877">
				<ele>552.1332719689235</ele>
				<time>2025-11-15T18:51:48Z</time>
			</trkpt>
			<trkpt lat="35.41069767848355" lon="-83.58934210507354">
				<ele>551.2519134012982</ele>
				<time>2025-11-15T18:51:49Z</time>
			</trkpt>
			<trkpt lat="35.41066633321156" lon="-83.58933023273926">
				<ele>551.6351136183366</ele>
				<time>2025-11-15T18:51:50Z</time>
			</trkpt>
			<trkpt lat="35.41064133860663" lon="-83.58932076574506">
				<ele>551.785172265023</ele>
				<time>2025-11-15T18:51:51Z</time>
			</trkpt>
			<trkpt lat="35.410616559024746" lon="-83.58931138026541">
				<ele>551.6628102529794</ele>
				<time>2025-11-15T18:51:52Z</time>
			</trkpt>
			<trkpt lat="35.410591108858476" lon="-83.58930237584381">
				<ele>550.7350463895127</ele>
				<time>2025-11-15T18:51:53Z</time>
			</trkpt>
			<trkpt lat="35.41056308169057" lon="-83.58929376618107">
				<ele>552.2460766769946</ele>
				<time>2025-11-15T18:51:54Z</time>
			</trkpt>
			<trkpt lat="35.410544695634705" lon="-83.58928811817812">
				<ele>552.6454937234521</ele>
				<time>2025-11-15T18:51:55Z</time>
			</trkpt>
			<trkpt lat="35.41050717168876" lon="-83.58928025655385">
				<ele>552.1420673923567</ele>
				<time>2025-11-15T18:51:56Z</time>
			</trkpt>
			<trkpt lat="35.410446501956486" lon="-83.58926858468573">
				<ele>551.9252746812999</ele>
				<time>2025-11-15T18:51:58Z</time>
			</trkpt>
			<trkpt lat="35.41040682956884" lon="-83.58926095234949">
				<ele>553.0990410577506</ele>
				<time>2025-11-15T18:52:00Z</time>
			</trkpt>
			<trkpt lat="35.41038367403942" lon="-83.58925649762514">
				<ele>553.09052477777</ele>
				<time>2025-11-15T18:52:01Z</time>
			</trkpt>
			<trkpt lat="35.410363120826695" lon="-83.58924900981839">
				<ele>552.8685414260253</ele>
				<time>2025-11-15T18:52:02Z</time>
			</trkpt>
			<trkpt lat="35.41033277584803" lon="-83.58923698699456">
				<ele>552.983161361888</ele>
				<time>2025-11-15T18:52:03Z</time>
			</trkpt>
			<trkpt lat="35.410280426377554" lon="-83.58922076566412">
				<ele>553.4653875436634</ele>
				<time>2025-11-15T18:52:05Z</time>
			</trkpt>
			<trkpt lat="35.41024230633318" lon="-83.58921033851917">
				<ele>552.8289176309481</ele>
				<time>2025-11-15T18:52:06Z</time>
			</trkpt>
			<trkpt lat="35.41020470219005" lon="-83.58919711224718">
				<ele>552.8232670146972</ele>
				<time>2025-11-15T18:52:07Z</time>
			</trkpt>
			<trkpt lat="35.41016307378966" lon="-83.58918008724628">
				<ele>551.8090491043404</ele>
				<time>2025-11-15T18:52:08Z</time>
			</trkpt>
			<trkpt lat="35.41012568685717" lon="-83.58916479691631">
				<ele>552.9869789360091</ele>
				<time>2025-11-15T18:52:09Z</time>
			</trkpt>
			<trkpt lat="35.41008748128596" lon="-83.58914762088918">
				<ele>551.4323855340481</ele>
				<time>2025-11-15T18:52:10Z</time>
			</trkpt>
			<trkpt lat="35.410041042219454" lon="-83.58912522529901">
				<ele>550.6725432444364</ele>
				<time>2025-11-15T18:52:11Z</time>
			</trkpt>
			<trkpt lat="35.40999309149082" lon="-83.589110785296">
				<ele>550.7675476595759</ele>
				<time>2025-11-15T18:52:12Z</time>
			</trkpt>
			<trkpt lat="35.409941040281" lon="-83.58908883390257">
				<ele>550.8742543254048</ele>
				<time>2025-11-15T18:52:13Z</time>
			</trkpt>
			<trkpt lat="35.409898891491096" lon="-83.58906807924909">
				<ele>550.2926148036495</ele>
				<time>2025-11-15T18:52:14Z</time>
			</trkpt>
			<trkpt lat="35.40986310548356" lon="-83.58905284646484">
				<ele>549.5649869013578</ele>
				<time>2025-11-15T18:52:15Z</time>
			</trkpt>
			<trkpt lat="35.40983437229521" lon="-83.58904061567144">
				<ele>550.4140220955014</ele>
				<time>2025-11-15T18:52:16Z</time>
			</trkpt>
			<trkpt lat="35.40980326372536" lon="-83.58902809101349">
				<ele>550.066226539202</ele>
				<time>2025-11-15T18:52:17Z</time>
			</trkpt>
			<trkpt lat="35.409773765888104" lon="-83.5890177451791">
				<ele>549.7217213036492</ele>
				<time>2025-11-15T18:52:18Z</time>
			</trkpt>
			<trkpt lat="35.40974007667269" lon="-83.58900671478418">
				<ele>551.042101630941</ele>
				<time>2025-11-15T18:52:19Z</time>
			</trkpt>
			<trkpt lat="35.409712926644595" lon="-83.58899957626883">
				<ele>550.2672069547698</ele>
				<time>2025-11-15T18:52:20Z</time>
			</trkpt>
			<trkpt lat="35.40968787187144" lon="-83.58899461176011">
				<ele>548.9069146588445</ele>
				<time>2025-11-15T18:52:21Z</time>
			</trkpt>
			<trkpt lat="35.40965415215333" lon="-83.58898887772523">
				<ele>547.2696232004091</ele>
				<time>2025-11-15T18:52:23Z</time>
			</trkpt>
			<trkpt lat="35.40963167344026" lon="-83.5889865028425">
				<ele>546.4050706094131</ele>
				<time>2025-11-15T18:52:24Z</time>
			</trkpt>
			<trkpt lat="35.40961327077481" lon="-83.58898531850745">
				<ele>547.4436407769099</ele>
				<time>2025-11-15T18:52:25Z</time>
			</trkpt>
			<trkpt lat="35.409594182436486" lon="-83.58898517647259">
				<ele>547.0676227817312</ele>
				<time>2025-11-15T18:52:26Z</time>
			</trkpt>
			<trkpt lat="35.40956096792907" lon="-83.58898687353991">
				<ele>545.7367054549977</ele>
				<time>2025-11-15T18:52:28Z</time>
			</trkpt>
			<trkpt lat="35.40954169369744" lon="-83.5889896714083">
				<ele>546.7821856345981</ele>
				<time>2025-11-15T18:52:29Z</time>
			</trkpt>
			<trkpt lat="35.40950613628086" lon="-83.5889977408261">
				<ele>545.7241487633437</ele>
				<time>2025-11-15T18:52:31Z</time>
			</trkpt>
			<trkpt lat="35.4094822285376" lon="-83.58900692158038">
				<ele>547.2637051828206</ele>
				<time>2025-11-15T18:52:32Z</time>
			</trkpt>
			<trkpt lat="35.409454946210396" lon="-83.58902319717508">
				<ele>547.1586937652901</ele>
				<time>2025-11-15T18:52:33Z</time>
			</trkpt>
			<trkpt lat="35.40942834752739" lon="-83.58904869410773">
				<ele>546.4761244095862</ele>
				<time>2025-11-15T18:52:34Z</time>
			</trkpt>
			<trkpt lat="35.409408582946035" lon="-83.58908513794341">
				<ele>546.0120201474056</ele>
				<time>2025-11-15T18:52:35Z</time>
			</trkpt>
			<trkpt lat="35.409399690164406" lon="-83.58911512884481">
				<ele>547.285396290943</ele>
				<time>2025-11-15T18:52:36Z</time>
			</trkpt>
			<trkpt lat="35.40939287989048" lon="-83.58915844057093">
				<ele>545.5619625747204</ele>
				<time>2025-11-15T18:52:38Z</time>
			</trkpt>
			<trkpt lat="35.409392030808256" lon="-83.58918121143697">
				<ele>545.7666715700179</ele>
				<time>2025-11-15T18:52:40Z</time>
			</trkpt>
			<trkpt lat="35.40939350494902" lon="-83.58921720640137">
				<ele>543.0959286065772</ele>
				<time>2025-11-15T18:52:42Z</time>
			</trkpt>
			<trkpt lat="35.409398356515474" lon="-83.58924787949175">
				<ele>542.6471800496802</ele>
				<time>2025-11-15T18:52:44Z</time>
			</trkpt>
			<trkpt lat="35.40940604211866" lon="-83.58928729384898">
				<ele>542.8771162824705</ele>
				<time>2025-11-15T18:52:46Z</time>
			</trkpt>
			<trkpt lat="35.40941787599457" lon="-83.58932459263542">
				<ele>542.949776574038</ele>
				<time>2025-11-15T18:52:48Z</time>
			</trkpt>
			<trkpt lat="35.40943132198908" lon="-83.5893669725567">
				<ele>544.0580101227388</ele>
				<time>2025-11-15T18:52:50Z</time>
			</trkpt>
			<trkpt lat="35.40943902804671" lon="-83.5893906952805">
				<ele>545.5130654936656</ele>
				<time>2025-11-15T18:52:51Z</time>
			</trkpt>
			<trkpt lat="35.40944792532436" lon="-83.5894144536912">
				<ele>545.6937329117209</ele>
				<time>2025-11-15T18:52:52Z</time>
			</trkpt>
			<trkpt lat="35.409460562360884" lon="-83.58944819826834">
				<ele>547.8268492575735</ele>
				<time>2025-11-15T18:52:54Z</time>
			</trkpt>
			<trkpt lat="35.40947781151774" lon="-83.58949425855019">
				<ele>548.1170352268964</ele>
				<time>2025-11-15T18:52:56Z</time>
			</trkpt>
			<trkpt lat="35.40949325383314" lon="-83.58953549410694">
				<ele>548.5850209537894</ele>
				<time>2025-11-15T18:52:58Z</time>
			</trkpt>
			<trkpt lat="35.40950307185356" lon="-83.58956171108741">
				<ele>547.6493130866438</ele>
				<time>2025-11-15T18:52:59Z</time>
			</trkpt>
			<trkpt lat="35.409516742763664" lon="-83.58959821644633">
				<ele>549.9603514196351</ele>
				<time>2025-11-15T18:53:01Z</time>
			</trkpt>
			<trkpt lat="35.40952849529117" lon="-83.58962959916242">
				<ele>551.1658067228273</ele>
				<time>2025-11-15T18:53:03Z</time>
			</trkpt>
			<trkpt lat="35.409541310111024" lon="-83.5896650824561">
				<ele>551.3514917874709</ele>
				<time>2025-11-15T18:53:05Z</time>
			</trkpt>
			<trkpt lat="35.40955482451939" lon="-83.58970264281386">
				<ele>552.1827843151987</ele>
				<time>2025-11-15T18:53:07Z</time>
			</trkpt>
			<trkpt lat="35.40956308948853" lon="-83.58972561347673">
				<ele>552.267599879764</ele>
				<time>2025-11-15T18:53:08Z</time>
			</trkpt>
			<trkpt lat="35.409571076050355" lon="-83.58974781032565">
				<ele>553.528806517832</ele>
				<time>2025-11-15T18:53:09Z</time>
			</trkpt>
			<trkpt lat="35.40957868565876" lon="-83.5897689597468">
				<ele>554.4096186673269</ele>
				<time>2025-11-15T18:53:10Z</time>
			</trkpt>
			<trkpt lat="35.40958790731545" lon="-83.5897945891801">
				<ele>554.1710345298052</ele>
				<time>2025-11-15T18:53:11Z</time>
			</trkpt>
			<trkpt lat="35.4095961812724" lon="-83.58981758474911">
				<ele>555.233542310074</ele>
				<time>2025-11-15T18:53:12Z</time>
			</trkpt>
			<trkpt lat="35.40960395663831" lon="-83.58984321935257">
				<ele>554.674321510829</ele>
				<time>2025-11-15T18:53:13Z</time>
			</trkpt>
			<trkpt lat="35.40961070729155" lon="-83.58986556746935">
				<ele>554.674967511557</ele>
				<time>2025-11-15T18:53:14Z</time>
			</trkpt>
			<trkpt lat="35.409617226430846" lon="-83.58988714911689">
				<ele>554.8941932646558</ele>
				<time>2025-11-15T18:53:15Z</time>
			</trkpt>
			<trkpt lat="35.409622045998056" lon="-83.5899109063353">
				<ele>555.175928694196</ele>
				<time>2025-11-15T18:53:16Z</time>
			</trkpt>
			<trkpt lat="35.40961975553241" lon="-83.58995964488633">
				<ele>557.1132615795359</ele>
				<time>2025-11-15T18:53:18Z</time>
			</trkpt>
			<trkpt lat="35.40962041787098" lon="-83.5899839104916">
				<ele>557.8694516876712</ele>
				<time>2025-11-15T18:53:19Z</time>
			</trkpt>
			<trkpt lat="35.40961898633087" lon="-83.5900122411724">
				<ele>558.1607190389186</ele>
				<time>2025-11-15T18:53:20Z</time>
			</trkpt>
			<trkpt lat="35.40961731919206" lon="-83.59004081521618">
				<ele>558.4254497708753</ele>
				<time>2025-11-15T18:53:21Z</time>
			</trkpt>
			<trkpt lat="35.409614226242866" lon="-83.59007274355322">
				<ele>556.9670351492241</ele>
				<time>2025-11-15T18:53:22Z</time>
			</trkpt>
			<trkpt lat="35.409605946827874" lon="-83.59011499113292">
				<ele>558.9806265775114</ele>
				<time>2025-11-15T18:53:24Z</time>
			</trkpt>
			<trkpt lat="35.40958477358343" lon="-83.59013351900555">
				<ele>557.7556778267026</ele>
				<time>2025-11-15T18:53:28Z</time>
			</trkpt>
			<trkpt lat="35.409533103570006" lon="-83.59016543680333">
				<ele>558.3348306240514</ele>
				<time>2025-11-15T18:53:30Z</time>
			</trkpt>
			<trkpt lat="35.40947693321662" lon="-83.5901581577988">
				<ele>556.8564222371206</ele>
				<time>2025-11-15T18:53:31Z</time>
			</trkpt>
			<trkpt lat="35.409461791368116" lon="-83.59014417724799">
				<ele>555.9588272366673</ele>
				<time>2025-11-15T18:53:32Z</time>
			</trkpt>
			<trkpt lat="35.40944483018748" lon="-83.59015489124148">
				<ele>557.3312972011045</ele>
				<time>2025-11-15T18:53:34Z</time>
			</trkpt>
			<trkpt lat="35.40941338422095" lon="-83.59019012856622">
				<ele>556.5757102863863</ele>
				<time>2025-11-15T18:53:36Z</time>
			</trkpt>
			<trkpt lat="35.40938996475132" lon="-83.59021002874177">
				<ele>556.3781601386145</ele>
				<time>2025-11-15T18:53:37Z</time>
			</trkpt>
			<trkpt lat="35.40936631508973" lon="-83.59024346075135">
				<ele>554.8476361241192</ele>
				<time>2025-11-15T18:53:38Z</time>
			</trkpt>
			<trkpt lat="35.40934182190214" lon="-83.59025166279189">
				<ele>556.5013639573008</ele>
				<time>2025-11-15T18:53:39Z</time>
			</trkpt>
			<trkpt lat="35.40931909554042" lon="-83.5902606063015">
				<ele>557.1155407987535</ele>
				<time>2025-11-15T18:53:40Z</time>
			</trkpt>
			<trkpt lat="35.409301459485" lon="-83.5902673639049">
				<ele>558.7986380513757</ele>
				<time>2025-11-15T18:53:41Z</time>
			</trkpt>
			<trkpt lat="35.40925705923692" lon="-83.59026765369674">
				<ele>559.6026142202318</ele>
				<time>2025-11-15T18:53:43Z</time>
			</trkpt>
			<trkpt lat="35.409238526373784" lon="-83.5902793950281">
				<ele>559.203110774979</ele>
				<time>2025-11-15T18:53:44Z</time>
			</trkpt>
			<trkpt lat="35.409213040911204" lon="-83.59030455874597">
				<ele>559.2031353870407</ele>
				<time>2025-11-15T18:53:46Z</time>
			</trkpt>
			<trkpt lat="35.40919449693085" lon="-83.59032027327251">
				<ele>558.9657055102289</ele>
				<time>2025-11-15T18:53:47Z</time>
			</trkpt>
			<trkpt lat="35.40917961720318" lon="-83.59033306106299">
				<ele>558.4911673497409</ele>
				<time>2025-11-15T18:53:48Z</time>
			</trkpt>
			<trkpt lat="35.409155418106444" lon="-83.59035597947813">
				<ele>558.804889141582</ele>
				<time>2025-11-15T18:53:49Z</time>
			</trkpt>
			<trkpt lat="35.40913865016293" lon="-83.59037186003931">
				<ele>558.7313597192988</ele>
				<time>2025-11-15T18:53:50Z</time>
			</trkpt>
			<trkpt lat="35.409106739112524" lon="-83.59040129463737">
				<ele>558.2267285399139</ele>
				<time>2025-11-15T18:53:51Z</time>
			</trkpt>
			<trkpt lat="35.40907357819784" lon="-83.59043094440902">
				<ele>561.2445808071643</ele>
				<time>2025-11-15T18:53:53Z</time>
			</trkpt>
			<trkpt lat="35.409055838221924" lon="-83.59044680601598">
				<ele>561.3273162469268</ele>
				<time>2025-11-15T18:53:54Z</time>
			</trkpt>
			<trkpt lat="35.40902946589327" lon="-83.59046759189144">
				<ele>562.0504549667239</ele>
				<time>2025-11-15T18:53:55Z</time>
			</trkpt>
			<trkpt lat="35.409011752170365" lon="-83.5904802176668">
				<ele>562.6551586715505</ele>
				<time>2025-11-15T18:53:56Z</time>
			</trkpt>
			<trkpt lat="35.40897410425299" lon="-83.59050227699511">
				<ele>563.2971483301371</ele>
				<time>2025-11-15T18:53:58Z</time>
			</trkpt>
			<trkpt lat="35.408942000244025" lon="-83.59051615427572">
				<ele>563.5580041371286</ele>
				<time>2025-11-15T18:54:00Z</time>
			</trkpt>
			<trkpt lat="35.40890628640802" lon="-83.59053056722605">
				<ele>562.5673799160868</ele>
				<time>2025-11-15T18:54:01Z</time>
			</trkpt>
			<trkpt lat="35.408882006118084" lon="-83.59054036598607">
				<ele>563.0641149673611</ele>
				<time>2025-11-15T18:54:02Z</time>
			</trkpt>
			<trkpt lat="35.408850696706715" lon="-83.59055161204786">
				<ele>563.595386554487</ele>
				<time>2025-11-15T18:54:03Z</time>
			</trkpt>
			<trkpt lat="35.4088217855688" lon="-83.59056164854314">
				<ele>562.0262813065201</ele>
				<time>2025-11-15T18:54:04Z</time>
			</trkpt>
			<trkpt lat="35.40879188526652" lon="-83.59057084175849">
				<ele>562.0676631713286</ele>
				<time>2025-11-15T18:54:05Z</time>
			</trkpt>
			<trkpt lat="35.40877167408763" lon="-83.59057744698163">
				<ele>561.7471789158881</ele>
				<time>2025-11-15T18:54:06Z</time>
			</trkpt>
			<trkpt lat="35.408742188147954" lon="-83.59058438478003">
				<ele>562.9956206409261</ele>
				<time>2025-11-15T18:54:07Z</time>
			</trkpt>
			<trkpt lat="35.408696740157275" lon="-83.59059355848812">
				<ele>562.7376481685787</ele>
				<time>2025-11-15T18:54:09Z</time>
			</trkpt>
			<trkpt lat="35.40867318558951" lon="-83.59059713482473">
				<ele>562.4427362708375</ele>
				<time>2025-11-15T18:54:10Z</time>
			</trkpt>
			<trkpt lat="35.408644972337044" lon="-83.59059894604641">
				<ele>562.5628875903785</ele>
				<time>2025-11-15T18:54:11Z</time>
			</trkpt>
			<trkpt lat="35.40862352754132" lon="-83.59059581639883">
				<ele>562.3938563223928</ele>
				<time>2025-11-15T18:54:12Z</time>
			</trkpt>
			<trkpt lat="35.408606596910026" lon="-83.59058771665603">
				<ele>561.6357572339475</ele>
				<time>2025-11-15T18:54:13Z</time>
			</trkpt>
			<trkpt lat="35.408579856472294" lon="-83.59058499051064">
				<ele>560.8712705010548</ele>
				<time>2025-11-15T18:54:15Z</time>
			</trkpt>
			<trkpt lat="35.4085600444603" lon="-83.59058760343862">
				<ele>560.4056034982204</ele>
				<time>2025-11-15T18:54:17Z</time>
			</trkpt>
			<trkpt lat="35.408536532421955" lon="-83.59057788107197">
				<ele>562.2238371931016</ele>
				<time>2025-11-15T18:54:28Z</time>
			</trkpt>
			<trkpt lat="35.40852933011432" lon="-83.59055296979191">
				<ele>560.787570768036</ele>
				<time>2025-11-15T18:54:37Z</time>
			</trkpt>
			<trkpt lat="35.40852954025326" lon="-83.59052318191866">
				<ele>560.8118162108585</ele>
				<time>2025-11-15T18:54:39Z</time>
			</trkpt>
			<trkpt lat="35.408537466004326" lon="-83.59049355210293">
				<ele>563.074210694991</ele>
				<time>2025-11-15T18:54:40Z</time>
			</trkpt>
			<trkpt lat="35.40855137471201" lon="-83.59047559430677">
				<ele>561.2808999251574</ele>
				<time>2025-11-15T18:54:41Z</time>
			</trkpt>
			<trkpt lat="35.4086052461975" lon="-83.59045731940718">
				<ele>561.2032479774207</ele>
				<time>2025-11-15T18:54:42Z</time>
			</trkpt>
			<trkpt lat="35.40863166754102" lon="-83.59045110808937">
				<ele>561.5310949953273</ele>
				<time>2025-11-15T18:54:43Z</time>
			</trkpt>
			<trkpt lat="35.40865989660829" lon="-83.59041855032916">
				<ele>562.0000457214192</ele>
				<time>2025-11-15T18:54:44Z</time>
			</trkpt>
			<trkpt lat="35.4086922951941" lon="-83.59038539192983">
				<ele>563.135130203329</ele>
				<time>2025-11-15T18:54:45Z</time>
			</trkpt>
			<trkpt lat="35.40872082049956" lon="-83.5903536827227">
				<ele>564.2990452386439</ele>
				<time>2025-11-15T18:54:46Z</time>
			</trkpt>
			<trkpt lat="35.40875404261679" lon="-83.59030555884597">
				<ele>564.4524918617681</ele>
				<time>2025-11-15T18:54:47Z</time>
			</trkpt>
			<trkpt lat="35.40879690828054" lon="-83.59025719664513">
				<ele>564.1342707145959</ele>
				<time>2025-11-15T18:54:48Z</time>
			</trkpt>
			<trkpt lat="35.40883518569237" lon="-83.59021221185911">
				<ele>564.1353701688349</ele>
				<time>2025-11-15T18:54:49Z</time>
			</trkpt>
			<trkpt lat="35.408876940161996" lon="-83.59014599805722">
				<ele>565.4165681451559</ele>
				<time>2025-11-15T18:54:50Z</time>
			</trkpt>
			<trkpt lat="35.408900439861064" lon="-83.59008917286077">
				<ele>567.7933304030448</ele>
				<time>2025-11-15T18:54:51Z</time>
			</trkpt>
			<trkpt lat="35.40892182686071" lon="-83.59003132567433">
				<ele>568.9044665256515</ele>
				<time>2025-11-15T18:54:52Z</time>
			</trkpt>
			<trkpt lat="35.408948629380454" lon="-83.58998076784805">
				<ele>566.8418417945504</ele>
				<time>2025-11-15T18:54:53Z</time>
			</trkpt>
			<trkpt lat="35.40896519721561" lon="-83.58992366722346">
				<ele>565.4269301947206</ele>
				<time>2025-11-15T18:54:54Z</time>
			</trkpt>
			<trkpt lat="35.4089829686656" lon="-83.58987405567395">
				<ele>564.8097111089155</ele>
				<time>2025-11-15T18:54:55Z</time>
			</trkpt>
			<trkpt lat="35.40900266237166" lon="-83.58982442934253">
				<ele>564.2101979879662</ele>
				<time>2025-11-15T18:54:56Z</time>
			</trkpt>
			<trkpt lat="35.40901900154279" lon="-83.58977960302474">
				<ele>563.3225210346282</ele>
				<time>2025-11-15T18:54:57Z</time>
			</trkpt>
			<trkpt lat="35.40902816753813" lon="-83.58973428456642">
				<ele>559.71427484788</ele>
				<time>2025-11-15T18:54:59Z</time>
			</trkpt>
			<trkpt lat="35.40902737102266" lon="-83.58969855632371">
				<ele>557.0429910523817</ele>
				<time>2025-11-15T18:55:00Z</time>
			</trkpt>
			<trkpt lat="35.40901661552398" lon="-83.58958242498399">
				<ele>558.3932004561648</ele>
				<time>2025-11-15T18:55:01Z</time>
			</trkpt>
			<trkpt lat="35.40896288010188" lon="-83.58951515074187">
				<ele>558.0467077866197</ele>
				<time>2025-11-15T18:55:02Z</time>
			</trkpt>
			<trkpt lat="35.40892772854452" lon="-83.5894631683475">
				<ele>558.2920485027134</ele>
				<time>2025-11-15T18:55:03Z</time>
			</trkpt>
			<trkpt lat="35.40890850456897" lon="-83.58942903243448">
				<ele>558.2309770388529</ele>
				<time>2025-11-15T18:55:04Z</time>
			</trkpt>
			<trkpt lat="35.40888071040936" lon="-83.58938491139554">
				<ele>557.5094357570633</ele>
				<time>2025-11-15T18:55:05Z</time>
			</trkpt>
			<trkpt lat="35.40885824384963" lon="-83.58935006857904">
				<ele>557.902439687401</ele>
				<time>2025-11-15T18:55:06Z</time>
			</trkpt>
			<trkpt lat="35.408822804291354" lon="-83.58930987479104">
				<ele>557.7486927788705</ele>
				<time>2025-11-15T18:55:07Z</time>
			</trkpt>
			<trkpt lat="35.40878378221576" lon="-83.58926711000973">
				<ele>557.6538728475571</ele>
				<time>2025-11-15T18:55:08Z</time>
			</trkpt>
			<trkpt lat="35.40873701705196" lon="-83.58921585940132">
				<ele>556.2420330485329</ele>
				<time>2025-11-15T18:55:10Z</time>
			</trkpt>
			<trkpt lat="35.40872048418825" lon="-83.58919737020571">
				<ele>556.3174622766674</ele>
				<time>2025-11-15T18:55:11Z</time>
			</trkpt>
			<trkpt lat="35.40868400549346" lon="-83.5891610645699">
				<ele>556.5112308645621</ele>
				<time>2025-11-15T18:55:12Z</time>
			</trkpt>
			<trkpt lat="35.408661251205885" lon="-83.58914043172196">
				<ele>557.4935942068696</ele>
				<time>2025-11-15T18:55:13Z</time>
			</trkpt>
			<trkpt lat="35.408636017345266" lon="-83.58911755066892">
				<ele>555.9546319618821</ele>
				<time>2025-11-15T18:55:14Z</time>
			</trkpt>
			<trkpt lat="35.40861276770815" lon="-83.58909303650297">
				<ele>554.8326278608292</ele>
				<time>2025-11-15T18:55:15Z</time>
			</trkpt>
			<trkpt lat="35.40859972344818" lon="-83.58907604174901">
				<ele>554.0414400007576</ele>
				<time>2025-11-15T18:55:16Z</time>
			</trkpt>
			<trkpt lat="35.408583389336194" lon="-83.58905171070342">
				<ele>553.3660948099568</ele>
				<time>2025-11-15T18:55:17Z</time>
			</trkpt>
			<trkpt lat="35.40855937845714" lon="-83.58903795098531">
				<ele>551.0865234332159</ele>
				<time>2025-11-15T18:55:18Z</time>
			</trkpt>
			<trkpt lat="35.40845758010103" lon="-83.58901291308722">
				<ele>552.6021485738456</ele>
				<time>2025-11-15T18:55:19Z</time>
			</trkpt>
			<trkpt lat="35.408398756604456" lon="-83.58904994755962">
				<ele>551.0573723251</ele>
				<time>2025-11-15T18:55:20Z</time>
			</trkpt>
			<trkpt lat="35.40837331324287" lon="-83.58907779860458">
				<ele>549.0540992273018</ele>
				<time>2025-11-15T18:55:21Z</time>
			</trkpt>
			<trkpt lat="35.408331780388515" lon="-83.5891080959318">
				<ele>548.8108911635354</ele>
				<time>2025-11-15T18:55:22Z</time>
			</trkpt>
			<trkpt lat="35.4082939498775" lon="-83.58915711930794">
				<ele>548.3780016405508</ele>
				<time>2025-11-15T18:55:23Z</time>
			</trkpt>
			<trkpt lat="35.408270041835294" lon="-83.58915122869935">
				<ele>548.4142444636673</ele>
				<time>2025-11-15T18:55:24Z</time>
			</trkpt>
			<trkpt lat="35.408237546360766" lon="-83.5891597152439">
				<ele>547.8886393429711</ele>
				<time>2025-11-15T18:55:25Z</time>
			</trkpt>
			<trkpt lat="35.40821586820303" lon="-83.58916235028786">
				<ele>546.7074313582852</ele>
				<time>2025-11-15T18:55:26Z</time>
			</trkpt>
			<trkpt lat="35.40819283123083" lon="-83.58916457991424">
				<ele>546.7986497785896</ele>
				<time>2025-11-15T18:55:27Z</time>
			</trkpt>
			<trkpt lat="35.40818262366043" lon="-83.58924923693978">
				<ele>546.0897211506963</ele>
				<time>2025-11-15T18:55:28Z</time>
			</trkpt>
			<trkpt lat="35.408156347776284" lon="-83.58927454648988">
				<ele>546.559554043226</ele>
				<time>2025-11-15T18:55:29Z</time>
			</trkpt>
			<trkpt lat="35.40811333542194" lon="-83.58932982565759">
				<ele>546.8678790936247</ele>
				<time>2025-11-15T18:55:30Z</time>
			</trkpt>
			<trkpt lat="35.408075396411874" lon="-83.58937944416816">
				<ele>544.6686834171414</ele>
				<time>2025-11-15T18:55:31Z</time>
			</trkpt>
			<trkpt lat="35.408023513169795" lon="-83.5894018301803">
				<ele>545.0203728023916</ele>
				<time>2025-11-15T18:55:32Z</time>
			</trkpt>
			<trkpt lat="35.40797497670004" lon="-83.5894332016188">
				<ele>545.3268208922818</ele>
				<time>2025-11-15T18:55:33Z</time>
			</trkpt>
			<trkpt lat="35.40792748485286" lon="-83.5894682797791">
				<ele>544.583223098889</ele>
				<time>2025-11-15T18:55:34Z</time>
			</trkpt>
			<trkpt lat="35.407892141541566" lon="-83.58949606709652">
				<ele>544.7342284517363</ele>
				<time>2025-11-15T18:55:35Z</time>
			</trkpt>
			<trkpt lat="35.40785860199275" lon="-83.5895192140331">
				<ele>545.371170016937</ele>
				<time>2025-11-15T18:55:36Z</time>
			</trkpt>
			<trkpt lat="35.407828473848056" lon="-83.58955519458085">
				<ele>544.277628261596</ele>
				<time>2025-11-15T18:55:37Z</time>
			</trkpt>
			<trkpt lat="35.40779334922068" lon="-83.58957891647565">
				<ele>544.1508533824235</ele>
				<time>2025-11-15T18:55:38Z</time>
			</trkpt>
			<trkpt lat="35.40776634826363" lon="-83.58959777919499">
				<ele>543.5498480536044</ele>
				<time>2025-11-15T18:55:39Z</time>
			</trkpt>
			<trkpt lat="35.407734849893956" lon="-83.58961709309854">
				<ele>544.0145312324166</ele>
				<time>2025-11-15T18:55:40Z</time>
			</trkpt>
			<trkpt lat="35.40768747040356" lon="-83.5896376623702">
				<ele>544.0231815297157</ele>
				<time>2025-11-15T18:55:41Z</time>
			</trkpt>
			<trkpt lat="35.40765578085272" lon="-83.5896586155486">
				<ele>544.4806127427146</ele>
				<time>2025-11-15T18:55:42Z</time>
			</trkpt>
			<trkpt lat="35.40761891857095" lon="-83.58967764217378">
				<ele>546.6576972585171</ele>
				<time>2025-11-15T18:55:43Z</time>
			</trkpt>
			<trkpt lat="35.407587058103076" lon="-83.58970928088745">
				<ele>547.5089051220566</ele>
				<time>2025-11-15T18:55:44Z</time>
			</trkpt>
			<trkpt lat="35.407552829947186" lon="-83.58975536376192">
				<ele>546.9279090426862</ele>
				<time>2025-11-15T18:55:45Z</time>
			</trkpt>
			<trkpt lat="35.40752170792019" lon="-83.58979621991126">
				<ele>546.9084273260087</ele>
				<time>2025-11-15T18:55:46Z</time>
			</trkpt>
			<trkpt lat="35.40749781310003" lon="-83.58982595540404">
				<ele>546.5098561383784</ele>
				<time>2025-11-15T18:55:47Z</time>
			</trkpt>
			<trkpt lat="35.40747301629554" lon="-83.5898502147103">
				<ele>546.7799833472818</ele>
				<time>2025-11-15T18:55:48Z</time>
			</trkpt>
			<trkpt lat="35.40745047491991" lon="-83.58987562760248">
				<ele>546.5589840086177</ele>
				<time>2025-11-15T18:55:49Z</time>
			</trkpt>
			<trkpt lat="35.40741432824867" lon="-83.58991569942805">
				<ele>546.5116332620382</ele>
				<time>2025-11-15T18:55:51Z</time>
			</trkpt>
			<trkpt lat="35.40739879020368" lon="-83.5899345799099">
				<ele>546.996148282662</ele>
				<time>2025-11-15T18:55:52Z</time>
			</trkpt>
			<trkpt lat="35.40737697744018" lon="-83.58995521527879">
				<ele>546.7537881890312</ele>
				<time>2025-11-15T18:55:53Z</time>
			</trkpt>
			<trkpt lat="35.4073574283036" lon="-83.58997932760742">
				<ele>545.3841262459755</ele>
				<time>2025-11-15T18:55:54Z</time>
			</trkpt>
			<trkpt lat="35.407340592636125" lon="-83.58999516416063">
				<ele>544.8029415616766</ele>
				<time>2025-11-15T18:55:55Z</time>
			</trkpt>
			<trkpt lat="35.407317158614816" lon="-83.59001306859527">
				<ele>543.713486392051</ele>
				<time>2025-11-15T18:55:56Z</time>
			</trkpt>
			<trkpt lat="35.40729694186359" lon="-83.59003610114418">
				<ele>543.2127838404849</ele>
				<time>2025-11-15T18:55:57Z</time>
			</trkpt>
			<trkpt lat="35.40727789282031" lon="-83.59006867798448">
				<ele>542.2324286727235</ele>
				<time>2025-11-15T18:55:58Z</time>
			</trkpt>
			<trkpt lat="35.40727133629504" lon="-83.59009298578017">
				<ele>541.6095528965816</ele>
				<time>2025-11-15T18:55:59Z</time>
			</trkpt>
			<trkpt lat="35.40725179164228" lon="-83.59013263731953">
				<ele>539.3019361048937</ele>
				<time>2025-11-15T18:56:00Z</time>
			</trkpt>
			<trkpt lat="35.407238192137754" lon="-83.59015118764667">
				<ele>540.2749463953078</ele>
				<time>2025-11-15T18:56:01Z</time>
			</trkpt>
			<trkpt lat="35.4072208659025" lon="-83.59018676177934">
				<ele>539.641717963852</ele>
				<time>2025-11-15T18:56:02Z</time>
			</trkpt>
			<trkpt lat="35.407215380857146" lon="-83.59020876831711">
				<ele>539.5488730352372</ele>
				<time>2025-11-15T18:56:03Z</time>
			</trkpt>
			<trkpt lat="35.407200419464196" lon="-83.59023874621886">
				<ele>540.3311574785039</ele>
				<time>2025-11-15T18:56:04Z</time>
			</trkpt>
			<trkpt lat="35.40717252756849" lon="-83.59028220669084">
				<ele>541.8429869199172</ele>
				<time>2025-11-15T18:56:06Z</time>
			</trkpt>
			<trkpt lat="35.40715004063752" lon="-83.59032307192172">
				<ele>542.3792067747563</ele>
				<time>2025-11-15T18:56:08Z</time>
			</trkpt>
			<trkpt lat="35.40713145886073" lon="-83.59036254622673">
				<ele>542.3096440890804</ele>
				<time>2025-11-15T18:56:10Z</time>
			</trkpt>
			<trkpt lat="35.40712131288927" lon="-83.59038826847575">
				<ele>543.2480402328074</ele>
				<time>2025-11-15T18:56:11Z</time>
			</trkpt>
			<trkpt lat="35.407103984379184" lon="-83.59042360453022">
				<ele>545.8944993894547</ele>
				<time>2025-11-15T18:56:13Z</time>
			</trkpt>
			<trkpt lat="35.407095276369816" lon="-83.59044924845267">
				<ele>546.619437424466</ele>
				<time>2025-11-15T18:56:14Z</time>
			</trkpt>
			<trkpt lat="35.40708519105055" lon="-83.59048161326955">
				<ele>548.3818968990818</ele>
				<time>2025-11-15T18:56:16Z</time>
			</trkpt>
			<trkpt lat="35.40708012318905" lon="-83.59050445028272">
				<ele>548.2031428329647</ele>
				<time>2025-11-15T18:56:17Z</time>
			</trkpt>
			<trkpt lat="35.40707397974646" lon="-83.59055083778253">
				<ele>549.9350759545341</ele>
				<time>2025-11-15T18:56:19Z</time>
			</trkpt>
			<trkpt lat="35.40706793352822" lon="-83.59060052738265">
				<ele>549.9060608623549</ele>
				<time>2025-11-15T18:56:21Z</time>
			</trkpt>
			<trkpt lat="35.40706392158285" lon="-83.59065201274916">
				<ele>548.6246783481911</ele>
				<time>2025-11-15T18:56:23Z</time>
			</trkpt>
			<trkpt lat="35.40706210667446" lon="-83.59070157616212">
				<ele>551.2178134545684</ele>
				<time>2025-11-15T18:56:25Z</time>
			</trkpt>
			<trkpt lat="35.407060321667274" lon="-83.59075032304379">
				<ele>550.471966248937</ele>
				<time>2025-11-15T18:56:27Z</time>
			</trkpt>
			<trkpt lat="35.40705943830993" lon="-83.5907744466976">
				<ele>551.3433110490441</ele>
				<time>2025-11-15T18:56:28Z</time>
			</trkpt>
			<trkpt lat="35.40706110088691" lon="-83.5908220233062">
				<ele>552.7415394587442</ele>
				<time>2025-11-15T18:56:30Z</time>
			</trkpt>
			<trkpt lat="35.40706242675909" lon="-83.59085875161561">
				<ele>552.9491279218346</ele>
				<time>2025-11-15T18:56:32Z</time>
			</trkpt>
			<trkpt lat="35.40706389070921" lon="-83.5908993049667">
				<ele>552.8989627268165</ele>
				<time>2025-11-15T18:56:34Z</time>
			</trkpt>
			<trkpt lat="35.40706538940624" lon="-83.59094082082063">
				<ele>553.9166398914531</ele>
				<time>2025-11-15T18:56:36Z</time>
			</trkpt>
			<trkpt lat="35.407067007542004" lon="-83.5909856452935">
				<ele>555.4666063338518</ele>
				<time>2025-11-15T18:56:38Z</time>
			</trkpt>
			<trkpt lat="35.40706840831748" lon="-83.59100787195534">
				<ele>555.5237616915256</ele>
				<time>2025-11-15T18:56:39Z</time>
			</trkpt>
			<trkpt lat="35.40707132324922" lon="-83.59105173816097">
				<ele>555.9523501582444</ele>
				<time>2025-11-15T18:56:41Z</time>
			</trkpt>
			<trkpt lat="35.40707290215417" lon="-83.59107549877801">
				<ele>554.7281963564456</ele>
				<time>2025-11-15T18:56:42Z</time>
			</trkpt>
			<trkpt lat="35.40707549537141" lon="-83.59111452346822">
				<ele>556.4190367991105</ele>
				<time>2025-11-15T18:56:44Z</time>
			</trkpt>
			<trkpt lat="35.4070786398704" lon="-83.5911618443906">
				<ele>555.2494664993137</ele>
				<time>2025-11-15T18:56:46Z</time>
			</trkpt>
			<trkpt lat="35.40708031236361" lon="-83.59118701338767">
				<ele>558.9204177828506</ele>
				<time>2025-11-15T18:56:48Z</time>
			</trkpt>
			<trkpt lat="35.40708277364821" lon="-83.59122405268788">
				<ele>560.7432628246024</ele>
				<time>2025-11-15T18:56:50Z</time>
			</trkpt>
			<trkpt lat="35.40708584166438" lon="-83.59126384084">
				<ele>561.3989749848843</ele>
				<time>2025-11-15T18:56:52Z</time>
			</trkpt>
			<trkpt lat="35.407087980617646" lon="-83.59129022948773">
				<ele>560.4092906555161</ele>
				<time>2025-11-15T18:56:53Z</time>
			</trkpt>
			<trkpt lat="35.40709102328906" lon="-83.59132776730151">
				<ele>561.0102087408304</ele>
				<time>2025-11-15T18:56:55Z</time>
			</trkpt>
			<trkpt lat="35.4070935132614" lon="-83.59135848666314">
				<ele>560.8425137382001</ele>
				<time>2025-11-15T18:56:57Z</time>
			</trkpt>
			<trkpt lat="35.40709628761407" lon="-83.59139271414851">
				<ele>563.2744169384241</ele>
				<time>2025-11-15T18:56:59Z</time>
			</trkpt>
			<trkpt lat="35.4070981498197" lon="-83.59141568841424">
				<ele>563.4971629073843</ele>
				<time>2025-11-15T18:57:00Z</time>
			</trkpt>
			<trkpt lat="35.407101113582" lon="-83.5914522529249">
				<ele>564.086362587288</ele>
				<time>2025-11-15T18:57:02Z</time>
			</trkpt>
			<trkpt lat="35.40710412828467" lon="-83.59148768411413">
				<ele>562.3699013181031</ele>
				<time>2025-11-15T18:57:04Z</time>
			</trkpt>
			<trkpt lat="35.40710711302942" lon="-83.59151626915731">
				<ele>562.6096955854446</ele>
				<time>2025-11-15T18:57:06Z</time>
			</trkpt>
			<trkpt lat="35.40710811793735" lon="-83.59153895060544">
				<ele>562.7623456064612</ele>
				<time>2025-11-15T18:57:08Z</time>
			</trkpt>
			<trkpt lat="35.40710615253121" lon="-83.59157660724928">
				<ele>562.3994664661586</ele>
				<time>2025-11-15T18:57:10Z</time>
			</trkpt>
			<trkpt lat="35.40710910126955" lon="-83.59161775895753">
				<ele>564.2827821411192</ele>
				<time>2025-11-15T18:57:12Z</time>
			</trkpt>
			<trkpt lat="35.40711251633795" lon="-83.59164495811295">
				<ele>562.743302885443</ele>
				<time>2025-11-15T18:57:13Z</time>
			</trkpt>
			<trkpt lat="35.40711529601099" lon="-83.59166709687615">
				<ele>561.2381127728149</ele>
				<time>2025-11-15T18:57:14Z</time>
			</trkpt>
			<trkpt lat="35.40712011139999" lon="-83.59170544872879">
				<ele>562.2056403541937</ele>
				<time>2025-11-15T18:57:16Z</time>
			</trkpt>
			<trkpt lat="35.40712287774403" lon="-83.59172748134822">
				<ele>559.9320359062403</ele>
				<time>2025-11-15T18:57:17Z</time>
			</trkpt>
			<trkpt lat="35.407125930714926" lon="-83.59176891208334">
				<ele>561.5150352604687</ele>
				<time>2025-11-15T18:57:19Z</time>
			</trkpt>
			<trkpt lat="35.407127646993814" lon="-83.59179146889049">
				<ele>560.7144924802706</ele>
				<time>2025-11-15T18:57:20Z</time>
			</trkpt>
			<trkpt lat="35.40713088499187" lon="-83.59183402538523">
				<ele>558.2015283405781</ele>
				<time>2025-11-15T18:57:22Z</time>
			</trkpt>
			<trkpt lat="35.407132782428896" lon="-83.59188042992471">
				<ele>557.9589150417596</ele>
				<time>2025-11-15T18:57:24Z</time>
			</trkpt>
			<trkpt lat="35.4071332083711" lon="-83.59190978123368">
				<ele>557.3293242212385</ele>
				<time>2025-11-15T18:57:26Z</time>
			</trkpt>
			<trkpt lat="35.407133600547716" lon="-83.59193680566689">
				<ele>559.6852911934257</ele>
				<time>2025-11-15T18:57:28Z</time>
			</trkpt>
			<trkpt lat="35.407134055169855" lon="-83.5919681332889">
				<ele>558.7681642966345</ele>
				<time>2025-11-15T18:57:30Z</time>
			</trkpt>
			<trkpt lat="35.407134506257634" lon="-83.5920093260595">
				<ele>560.3389106569812</ele>
				<time>2025-11-15T18:57:32Z</time>
			</trkpt>
			<trkpt lat="35.40713375267164" lon="-83.59204545243801">
				<ele>561.2150605330244</ele>
				<time>2025-11-15T18:57:34Z</time>
			</trkpt>
			<trkpt lat="35.40713322125004" lon="-83.59207092848978">
				<ele>561.3387726489455</ele>
				<time>2025-11-15T18:57:35Z</time>
			</trkpt>
			<trkpt lat="35.407132735244595" lon="-83.59209422725625">
				<ele>560.9574860017747</ele>
				<time>2025-11-15T18:57:36Z</time>
			</trkpt>
			<trkpt lat="35.40713288379453" lon="-83.59213810859458">
				<ele>561.8659495590255</ele>
				<time>2025-11-15T18:57:38Z</time>
			</trkpt>
			<trkpt lat="35.40713441085862" lon="-83.59218302139378">
				<ele>562.876967407763</ele>
				<time>2025-11-15T18:57:40Z</time>
			</trkpt>
			<trkpt lat="35.40713334108986" lon="-83.5922050924881">
				<ele>564.0141799552366</ele>
				<time>2025-11-15T18:57:41Z</time>
			</trkpt>
			<trkpt lat="35.407135650678306" lon="-83.59224502659885">
				<ele>566.304796949029</ele>
				<time>2025-11-15T18:57:43Z</time>
			</trkpt>
			<trkpt lat="35.40713489173319" lon="-83.59226739685036">
				<ele>566.9351653112099</ele>
				<time>2025-11-15T18:57:44Z</time>
			</trkpt>
			<trkpt lat="35.40713990333627" lon="-83.59231538583632">
				<ele>568.0562861366197</ele>
				<time>2025-11-15T18:57:46Z</time>
			</trkpt>
			<trkpt lat="35.40714383324717" lon="-83.59234009153522">
				<ele>567.8434310462326</ele>
				<time>2025-11-15T18:57:47Z</time>
			</trkpt>
			<trkpt lat="35.40714895124589" lon="-83.59237571038186">
				<ele>568.7559343762696</ele>
				<time>2025-11-15T18:57:48Z</time>
			</trkpt>
			<trkpt lat="35.40715105074678" lon="-83.59239967241122">
				<ele>567.1830817349255</ele>
				<time>2025-11-15T18:57:49Z</time>
			</trkpt>
			<trkpt lat="35.407153637266376" lon="-83.59242919298038">
				<ele>568.3934623859823</ele>
				<time>2025-11-15T18:57:50Z</time>
			</trkpt>
			<trkpt lat="35.407156153557324" lon="-83.59245599827">
				<ele>569.2366829365492</ele>
				<time>2025-11-15T18:57:51Z</time>
			</trkpt>
			<trkpt lat="35.40715927493154" lon="-83.59247933672575">
				<ele>568.3551841555163</ele>
				<time>2025-11-15T18:57:52Z</time>
			</trkpt>
			<trkpt lat="35.407162514196266" lon="-83.5925035567024">
				<ele>567.1199349146336</ele>
				<time>2025-11-15T18:57:53Z</time>
			</trkpt>
			<trkpt lat="35.40716595188804" lon="-83.59252926041007">
				<ele>567.8164421953261</ele>
				<time>2025-11-15T18:57:54Z</time>
			</trkpt>
			<trkpt lat="35.407172152114704" lon="-83.5925756196443">
				<ele>569.8462266623974</ele>
				<time>2025-11-15T18:57:56Z</time>
			</trkpt>
			<trkpt lat="35.407176181264305" lon="-83.59259710420741">
				<ele>570.3058878844604</ele>
				<time>2025-11-15T18:57:57Z</time>
			</trkpt>
			<trkpt lat="35.40718165380189" lon="-83.59262308892201">
				<ele>570.4959878884256</ele>
				<time>2025-11-15T18:57:58Z</time>
			</trkpt>
			<trkpt lat="35.407186800266" lon="-83.59265075619025">
				<ele>570.7531224954873</ele>
				<time>2025-11-15T18:57:59Z</time>
			</trkpt>
			<trkpt lat="35.40719242331682" lon="-83.59267422432572">
				<ele>569.9411727972329</ele>
				<time>2025-11-15T18:58:00Z</time>
			</trkpt>
			<trkpt lat="35.407201149744054" lon="-83.5927141473923">
				<ele>571.2105779964477</ele>
				<time>2025-11-15T18:58:02Z</time>
			</trkpt>
			<trkpt lat="35.407214325812134" lon="-83.59275360027519">
				<ele>572.9628083854914</ele>
				<time>2025-11-15T18:58:04Z</time>
			</trkpt>
			<trkpt lat="35.40722429714388" lon="-83.59278443954526">
				<ele>571.7586492747068</ele>
				<time>2025-11-15T18:58:05Z</time>
			</trkpt>
			<trkpt lat="35.40723371742151" lon="-83.59281404606045">
				<ele>571.3181807054207</ele>
				<time>2025-11-15T18:58:06Z</time>
			</trkpt>
			<trkpt lat="35.407243350572166" lon="-83.59284432162931">
				<ele>571.9351018350571</ele>
				<time>2025-11-15T18:58:07Z</time>
			</trkpt>
			<trkpt lat="35.40725310832863" lon="-83.59286936892678">
				<ele>572.135598897934</ele>
				<time>2025-11-15T18:58:08Z</time>
			</trkpt>
			<trkpt lat="35.40726921760714" lon="-83.59290893349728">
				<ele>572.0551195340231</ele>
				<time>2025-11-15T18:58:09Z</time>
			</trkpt>
			<trkpt lat="35.40727814139994" lon="-83.5929308505446">
				<ele>571.7580961389467</ele>
				<time>2025-11-15T18:58:10Z</time>
			</trkpt>
			<trkpt lat="35.40729063128035" lon="-83.59296152574731">
				<ele>573.3350815046579</ele>
				<time>2025-11-15T18:58:11Z</time>
			</trkpt>
			<trkpt lat="35.40730304886663" lon="-83.59299186402488">
				<ele>572.8201623195782</ele>
				<time>2025-11-15T18:58:12Z</time>
			</trkpt>
			<trkpt lat="35.4073133412781" lon="-83.59301649142286">
				<ele>574.1011735526845</ele>
				<time>2025-11-15T18:58:13Z</time>
			</trkpt>
			<trkpt lat="35.407327489450886" lon="-83.59305034485376">
				<ele>574.4448281778023</ele>
				<time>2025-11-15T18:58:14Z</time>
			</trkpt>
			<trkpt lat="35.4073377349541" lon="-83.59307486017289">
				<ele>574.1767676286399</ele>
				<time>2025-11-15T18:58:15Z</time>
			</trkpt>
			<trkpt lat="35.407351669003894" lon="-83.59310681540579">
				<ele>573.9737923163921</ele>
				<time>2025-11-15T18:58:16Z</time>
			</trkpt>
			<trkpt lat="35.407368084996705" lon="-83.59314057499994">
				<ele>574.9272616310045</ele>
				<time>2025-11-15T18:58:17Z</time>
			</trkpt>
			<trkpt lat="35.407380418704" lon="-83.59316593941195">
				<ele>575.6832975000143</ele>
				<time>2025-11-15T18:58:18Z</time>
			</trkpt>
			<trkpt lat="35.407397302539266" lon="-83.5932006608807">
				<ele>576.5014389799908</ele>
				<time>2025-11-15T18:58:19Z</time>
			</trkpt>
			<trkpt lat="35.407415191614184" lon="-83.59323744989295">
				<ele>575.9520755428821</ele>
				<time>2025-11-15T18:58:20Z</time>
			</trkpt>
			<trkpt lat="35.407428885058266" lon="-83.59326561042238">
				<ele>575.6294828131795</ele>
				<time>2025-11-15T18:58:21Z</time>
			</trkpt>
			<trkpt lat="35.40744411338615" lon="-83.59329692765702">
				<ele>576.0591205032542</ele>
				<time>2025-11-15T18:58:22Z</time>
			</trkpt>
			<trkpt lat="35.40745521484262" lon="-83.5933197577355">
				<ele>574.1039603659883</ele>
				<time>2025-11-15T18:58:23Z</time>
			</trkpt>
			<trkpt lat="35.4074656236184" lon="-83.59335244419522">
				<ele>573.6759390542284</ele>
				<time>2025-11-15T18:58:24Z</time>
			</trkpt>
			<trkpt lat="35.40747442459295" lon="-83.59337695798794">
				<ele>572.5890245530754</ele>
				<time>2025-11-15T18:58:25Z</time>
			</trkpt>
			<trkpt lat="35.407481787707354" lon="-83.59340314541045">
				<ele>574.3781445492059</ele>
				<time>2025-11-15T18:58:26Z</time>
			</trkpt>
			<trkpt lat="35.4074886514199" lon="-83.59342851693289">
				<ele>572.5641716727987</ele>
				<time>2025-11-15T18:58:27Z</time>
			</trkpt>
			<trkpt lat="35.40749623939002" lon="-83.59347646102496">
				<ele>573.896581351757</ele>
				<time>2025-11-15T18:58:29Z</time>
			</trkpt>
			<trkpt lat="35.40750743737319" lon="-83.59351000496376">
				<ele>573.2265953887254</ele>
				<time>2025-11-15T18:58:31Z</time>
			</trkpt>
			<trkpt lat="35.407505581073586" lon="-83.59355685381097">
				<ele>574.4165021041408</ele>
				<time>2025-11-15T18:58:33Z</time>
			</trkpt>
			<trkpt lat="35.407500774665806" lon="-83.59358959361145">
				<ele>574.9888037275523</ele>
				<time>2025-11-15T18:58:36Z</time>
			</trkpt>
			<trkpt lat="35.40748740503127" lon="-83.59360743195452">
				<ele>575.2566311527044</ele>
				<time>2025-11-15T18:58:41Z</time>
			</trkpt>
			<trkpt lat="35.4074810789205" lon="-83.5936354911966">
				<ele>573.1121009960771</ele>
				<time>2025-11-15T18:58:43Z</time>
			</trkpt>
			<trkpt lat="35.40747572559204" lon="-83.59365923589056">
				<ele>574.0993943214417</ele>
				<time>2025-11-15T18:58:51Z</time>
			</trkpt>
			<trkpt lat="35.40746698124343" lon="-83.59367996373057">
				<ele>570.3263402599841</ele>
				<time>2025-11-15T18:59:12Z</time>
			</trkpt>
			<trkpt lat="35.407465639230495" lon="-83.59370397369649">
				<ele>567.9149708421901</ele>
				<time>2025-11-15T18:59:23Z</time>
			</trkpt>
			<trkpt lat="35.407460615014365" lon="-83.59372625844891">
				<ele>565.5413307975978</ele>
				<time>2025-11-15T18:59:32Z</time>
			</trkpt>
			<trkpt lat="35.40743790512383" lon="-83.59372658295575">
				<ele>565.5644809240475</ele>
				<time>2025-11-15T18:59:34Z</time>
			</trkpt>
			<trkpt lat="35.40744470794964" lon="-83.59377169741352">
				<ele>565.1467089913785</ele>
				<time>2025-11-15T18:59:48Z</time>
			</trkpt>
			<trkpt lat="35.40741144143561" lon="-83.59377801531832">
				<ele>567.3894433854148</ele>
				<time>2025-11-15T19:00:15Z</time>
			</trkpt>
			<trkpt lat="35.40739223075424" lon="-83.59375070781222">
				<ele>566.8401249432936</ele>
				<time>2025-11-15T19:00:22Z</time>
			</trkpt>
			<trkpt lat="35.407378945103396" lon="-83.59373437750223">
				<ele>567.9871047968045</ele>
				<time>2025-11-15T19:00:23Z</time>
			</trkpt>
			<trkpt lat="35.407358876786084" lon="-83.59372617732141">
				<ele>568.8716718629003</ele>
				<time>2025-11-15T19:00:24Z</time>
			</trkpt>
			<trkpt lat="35.4073369308385" lon="-83.59371687473711">
				<ele>569.5853601200506</ele>
				<time>2025-11-15T19:00:25Z</time>
			</trkpt>
			<trkpt lat="35.40731107945272" lon="-83.5937021115152">
				<ele>569.8657622002065</ele>
				<time>2025-11-15T19:00:27Z</time>
			</trkpt>
			<trkpt lat="35.40728652244032" lon="-83.59369189933261">
				<ele>570.0479207374156</ele>
				<time>2025-11-15T19:00:28Z</time>
			</trkpt>
			<trkpt lat="35.40726041286913" lon="-83.59367824929897">
				<ele>570.1930313073099</ele>
				<time>2025-11-15T19:00:29Z</time>
			</trkpt>
			<trkpt lat="35.40721074361184" lon="-83.59365330885589">
				<ele>571.9896902795881</ele>
				<time>2025-11-15T19:00:30Z</time>
			</trkpt>
			<trkpt lat="35.40717266917453" lon="-83.59362179697972">
				<ele>573.0506701823324</ele>
				<time>2025-11-15T19:00:31Z</time>
			</trkpt>
			<trkpt lat="35.407142500265394" lon="-83.59358814782954">
				<ele>574.4192931195721</ele>
				<time>2025-11-15T19:00:32Z</time>
			</trkpt>
			<trkpt lat="35.40710733014709" lon="-83.59355642732099">
				<ele>574.6124077914283</ele>
				<time>2025-11-15T19:00:33Z</time>
			</trkpt>
			<trkpt lat="35.4070729559733" lon="-83.59353134080058">
				<ele>573.9515113532543</ele>
				<time>2025-11-15T19:00:34Z</time>
			</trkpt>
			<trkpt lat="35.40702870147649" lon="-83.59350104747975">
				<ele>573.7613486936316</ele>
				<time>2025-11-15T19:00:35Z</time>
			</trkpt>
			<trkpt lat="35.40698215950784" lon="-83.59346723188193">
				<ele>573.2064201338217</ele>
				<time>2025-11-15T19:00:36Z</time>
			</trkpt>
			<trkpt lat="35.40694782753341" lon="-83.59343464233066">
				<ele>573.0435508526862</ele>
				<time>2025-11-15T19:00:37Z</time>
			</trkpt>
			<trkpt lat="35.406912512703215" lon="-83.59340526976783">
				<ele>573.9580932715908</ele>
				<time>2025-11-15T19:00:38Z</time>
			</trkpt>
			<trkpt lat="35.40687907540271" lon="-83.59338675383931">
				<ele>574.138497075066</ele>
				<time>2025-11-15T19:00:39Z</time>
			</trkpt>
			<trkpt lat="35.40683973368375" lon="-83.59337573527564">
				<ele>573.6437658360228</ele>
				<time>2025-11-15T19:00:40Z</time>
			</trkpt>
			<trkpt lat="35.40680055969374" lon="-83.59336851971995">
				<ele>574.031634407118</ele>
				<time>2025-11-15T19:00:41Z</time>
			</trkpt>
			<trkpt lat="35.40676531828176" lon="-83.59338146486922">
				<ele>574.1286588935181</ele>
				<time>2025-11-15T19:00:42Z</time>
			</trkpt>
			<trkpt lat="35.4067163913179" lon="-83.59340053293184">
				<ele>574.6977294767275</ele>
				<time>2025-11-15T19:00:43Z</time>
			</trkpt>
			<trkpt lat="35.40666718998294" lon="-83.5934577899311">
				<ele>573.5764452936128</ele>
				<time>2025-11-15T19:00:44Z</time>
			</trkpt>
			<trkpt lat="35.406609687140325" lon="-83.59350116294284">
				<ele>572.9646007949486</ele>
				<time>2025-11-15T19:00:45Z</time>
			</trkpt>
			<trkpt lat="35.40652339546884" lon="-83.59352429944059">
				<ele>570.8454087683931</ele>
				<time>2025-11-15T19:00:46Z</time>
			</trkpt>
			<trkpt lat="35.40645369998681" lon="-83.59354407565012">
				<ele>569.8268656134605</ele>
				<time>2025-11-15T19:00:47Z</time>
			</trkpt>
			<trkpt lat="35.40639215607511" lon="-83.59356440897753">
				<ele>568.7259017145261</ele>
				<time>2025-11-15T19:00:48Z</time>
			</trkpt>
			<trkpt lat="35.40633748025149" lon="-83.5935913454992">
				<ele>568.3424497619271</ele>
				<time>2025-11-15T19:00:49Z</time>
			</trkpt>
			<trkpt lat="35.40628789184462" lon="-83.59362973470081">
				<ele>567.6354202274233</ele>
				<time>2025-11-15T19:00:50Z</time>
			</trkpt>
			<trkpt lat="35.40623474545113" lon="-83.59365572067357">
				<ele>567.6736277611926</ele>
				<time>2025-11-15T19:00:51Z</time>
			</trkpt>
			<trkpt lat="35.40619263454187" lon="-83.59366850741128">
				<ele>566.7520215278491</ele>
				<time>2025-11-15T19:00:52Z</time>
			</trkpt>
			<trkpt lat="35.406123748517984" lon="-83.59359933104483">
				<ele>566.7668313588947</ele>
				<time>2025-11-15T19:00:53Z</time>
			</trkpt>
			<trkpt lat="35.40608299403746" lon="-83.59353595899476">
				<ele>566.5082130404189</ele>
				<time>2025-11-15T19:00:54Z</time>
			</trkpt>
			<trkpt lat="35.40605888008775" lon="-83.59350130823483">
				<ele>567.0144477952272</ele>
				<time>2025-11-15T19:00:55Z</time>
			</trkpt>
			<trkpt lat="35.406065056683914" lon="-83.59346290493708">
				<ele>566.0604442516342</ele>
				<time>2025-11-15T19:00:57Z</time>
			</trkpt>
			<trkpt lat="35.4060836043983" lon="-83.59344080237479">
				<ele>563.5119007136673</ele>
				<time>2025-11-15T19:00:59Z</time>
			</trkpt>
			<trkpt lat="35.40610966681532" lon="-83.59341380984803">
				<ele>559.8141942415386</ele>
				<time>2025-11-15T19:01:01Z</time>
			</trkpt>
			<trkpt lat="35.406138949656885" lon="-83.59339357263781">
				<ele>559.8558956338093</ele>
				<time>2025-11-15T19:01:03Z</time>
			</trkpt>
			<trkpt lat="35.40615695066193" lon="-83.59337277889684">
				<ele>558.9048381112516</ele>
				<time>2025-11-15T19:01:04Z</time>
			</trkpt>
			<trkpt lat="35.40616998982489" lon="-83.59334758411349">
				<ele>558.7667274465784</ele>
				<time>2025-11-15T19:01:05Z</time>
			</trkpt>
			<trkpt lat="35.40619498181477" lon="-83.593309909617">
				<ele>559.3988100560382</ele>
				<time>2025-11-15T19:01:06Z</time>
			</trkpt>
			<trkpt lat="35.40622055414576" lon="-83.59327526193749">
				<ele>559.5884147360921</ele>
				<time>2025-11-15T19:01:07Z</time>
			</trkpt>
			<trkpt lat="35.40624320828241" lon="-83.59323453166607">
				<ele>559.602998604998</ele>
				<time>2025-11-15T19:01:08Z</time>
			</trkpt>
			<trkpt lat="35.40626564062951" lon="-83.59319927265703">
				<ele>559.0592459104955</ele>
				<time>2025-11-15T19:01:09Z</time>
			</trkpt>
			<trkpt lat="35.4062854599411" lon="-83.59316547477013">
				<ele>558.7884029680863</ele>
				<time>2025-11-15T19:01:10Z</time>
			</trkpt>
			<trkpt lat="35.406305046403034" lon="-83.59312928142944">
				<ele>558.3751824256033</ele>
				<time>2025-11-15T19:01:11Z</time>
			</trkpt>
			<trkpt lat="35.40632324362937" lon="-83.59309314573856">
				<ele>558.7475152853876</ele>
				<time>2025-11-15T19:01:12Z</time>
			</trkpt>
			<trkpt lat="35.40634742659372" lon="-83.59304380269313">
				<ele>559.9640242587775</ele>
				<time>2025-11-15T19:01:13Z</time>
			</trkpt>
			<trkpt lat="35.40636523591038" lon="-83.59299743687207">
				<ele>559.91180910822</ele>
				<time>2025-11-15T19:01:14Z</time>
			</trkpt>
			<trkpt lat="35.40638880179872" lon="-83.5929498612714">
				<ele>560.5970292212442</ele>
				<time>2025-11-15T19:01:15Z</time>
			</trkpt>
			<trkpt lat="35.406412428859085" lon="-83.59290540149291">
				<ele>557.9951501339674</ele>
				<time>2025-11-15T19:01:16Z</time>
			</trkpt>
			<trkpt lat="35.40643303307792" lon="-83.59288058093561">
				<ele>558.4610398514196</ele>
				<time>2025-11-15T19:01:17Z</time>
			</trkpt>
			<trkpt lat="35.406452526238986" lon="-83.59284964259446">
				<ele>558.116760674864</ele>
				<time>2025-11-15T19:01:18Z</time>
			</trkpt>
			<trkpt lat="35.40646990855356" lon="-83.59281922986338">
				<ele>558.5385901313275</ele>
				<time>2025-11-15T19:01:19Z</time>
			</trkpt>
			<trkpt lat="35.406491823825384" lon="-83.59278402191329">
				<ele>558.1764170229435</ele>
				<time>2025-11-15T19:01:20Z</time>
			</trkpt>
			<trkpt lat="35.40650652848961" lon="-83.59273651025568">
				<ele>558.8502789288759</ele>
				<time>2025-11-15T19:01:21Z</time>
			</trkpt>
			<trkpt lat="35.40651814555282" lon="-83.59268828298384">
				<ele>559.5943567426875</ele>
				<time>2025-11-15T19:01:22Z</time>
			</trkpt>
			<trkpt lat="35.4065327809966" lon="-83.59263702970914">
				<ele>559.8128972416744</ele>
				<time>2025-11-15T19:01:23Z</time>
			</trkpt>
			<trkpt lat="35.406548950731334" lon="-83.5925809083265">
				<ele>559.5363872768357</ele>
				<time>2025-11-15T19:01:24Z</time>
			</trkpt>
			<trkpt lat="35.40655964526324" lon="-83.59252919524438">
				<ele>559.7568410290405</ele>
				<time>2025-11-15T19:01:25Z</time>
			</trkpt>
			<trkpt lat="35.40657401629196" lon="-83.59247836386369">
				<ele>559.1616837251931</ele>
				<time>2025-11-15T19:01:26Z</time>
			</trkpt>
			<trkpt lat="35.40658328206431" lon="-83.59242697137">
				<ele>559.6614825921133</ele>
				<time>2025-11-15T19:01:27Z</time>
			</trkpt>
			<trkpt lat="35.40659554588889" lon="-83.59236877558897">
				<ele>560.5781913511455</ele>
				<time>2025-11-15T19:01:28Z</time>
			</trkpt>
			<trkpt lat="35.4066039755346" lon="-83.59231379287131">
				<ele>560.1193104973063</ele>
				<time>2025-11-15T19:01:29Z</time>
			</trkpt>
			<trkpt lat="35.406611681216596" lon="-83.59226473745335">
				<ele>559.6807862976566</ele>
				<time>2025-11-15T19:01:30Z</time>
			</trkpt>
			<trkpt lat="35.40661242974659" lon="-83.5922178043037">
				<ele>559.9649815522134</ele>
				<time>2025-11-15T19:01:31Z</time>
			</trkpt>
			<trkpt lat="35.40661102618636" lon="-83.59215946245753">
				<ele>559.8458049045876</ele>
				<time>2025-11-15T19:01:32Z</time>
			</trkpt>
			<trkpt lat="35.4066129018904" lon="-83.59210760381985">
				<ele>559.522927062586</ele>
				<time>2025-11-15T19:01:33Z</time>
			</trkpt>
			<trkpt lat="35.40661323514761" lon="-83.59206050527035">
				<ele>560.0697740595788</ele>
				<time>2025-11-15T19:01:34Z</time>
			</trkpt>
			<trkpt lat="35.40661427300163" lon="-83.59200633863433">
				<ele>560.1368993753567</ele>
				<time>2025-11-15T19:01:35Z</time>
			</trkpt>
			<trkpt lat="35.40660858513413" lon="-83.59193940059862">
				<ele>559.6534719858319</ele>
				<time>2025-11-15T19:01:36Z</time>
			</trkpt>
			<trkpt lat="35.40659135179517" lon="-83.59185581001181">
				<ele>560.2018273267895</ele>
				<time>2025-11-15T19:01:37Z</time>
			</trkpt>
			<trkpt lat="35.40658130640546" lon="-83.59178592440088">
				<ele>560.6653232658282</ele>
				<time>2025-11-15T19:01:38Z</time>
			</trkpt>
			<trkpt lat="35.40656403242287" lon="-83.59172648803346">
				<ele>560.5089650629088</ele>
				<time>2025-11-15T19:01:39Z</time>
			</trkpt>
			<trkpt lat="35.406557431802064" lon="-83.59166651029813">
				<ele>560.8122281106189</ele>
				<time>2025-11-15T19:01:40Z</time>
			</trkpt>
			<trkpt lat="35.406534277158705" lon="-83.59160338187722">
				<ele>560.6169188991189</ele>
				<time>2025-11-15T19:01:41Z</time>
			</trkpt>
			<trkpt lat="35.40651717429467" lon="-83.59153207444879">
				<ele>561.7496548807248</ele>
				<time>2025-11-15T19:01:42Z</time>
			</trkpt>
			<trkpt lat="35.406488428734605" lon="-83.59145185917805">
				<ele>560.9642262104899</ele>
				<time>2025-11-15T19:01:43Z</time>
			</trkpt>
			<trkpt lat="35.40646622571142" lon="-83.59136239596134">
				<ele>559.8353993352503</ele>
				<time>2025-11-15T19:01:44Z</time>
			</trkpt>
			<trkpt lat="35.40644916585349" lon="-83.59125240664378">
				<ele>559.345858938992</ele>
				<time>2025-11-15T19:01:45Z</time>
			</trkpt>
			<trkpt lat="35.406440815933514" lon="-83.59117016667821">
				<ele>558.222904747352</ele>
				<time>2025-11-15T19:01:46Z</time>
			</trkpt>
			<trkpt lat="35.40647480576269" lon="-83.59109237027872">
				<ele>558.1290280492976</ele>
				<time>2025-11-15T19:01:47Z</time>
			</trkpt>
			<trkpt lat="35.40650138795734" lon="-83.59104953028181">
				<ele>557.3967487085611</ele>
				<time>2025-11-15T19:01:48Z</time>
			</trkpt>
			<trkpt lat="35.406532414445735" lon="-83.59103510057423">
				<ele>556.70976466313</ele>
				<time>2025-11-15T19:01:49Z</time>
			</trkpt>
			<trkpt lat="35.406566652555185" lon="-83.59101520784378">
				<ele>555.8314775843173</ele>
				<time>2025-11-15T19:01:50Z</time>
			</trkpt>
			<trkpt lat="35.406587992666076" lon="-83.59097048394923">
				<ele>555.3283001324162</ele>
				<time>2025-11-15T19:01:51Z</time>
			</trkpt>
			<trkpt lat="35.40660668726065" lon="-83.59092027999436">
				<ele>554.0758194262162</ele>
				<time>2025-11-15T19:01:52Z</time>
			</trkpt>
			<trkpt lat="35.406620413411176" lon="-83.59088046667466">
				<ele>553.5745583884418</ele>
				<time>2025-11-15T19:01:53Z</time>
			</trkpt>
			<trkpt lat="35.4066323227662" lon="-83.59083374624592">
				<ele>551.7575879581273</ele>
				<time>2025-11-15T19:01:54Z</time>
			</trkpt>
			<trkpt lat="35.4066350613559" lon="-83.59077809623275">
				<ele>551.0021633552387</ele>
				<time>2025-11-15T19:01:55Z</time>
			</trkpt>
			<trkpt lat="35.40664136481956" lon="-83.59072972381524">
				<ele>550.5627811904997</ele>
				<time>2025-11-15T19:01:56Z</time>
			</trkpt>
			<trkpt lat="35.40663930473027" lon="-83.59068739973995">
				<ele>549.84968451038</ele>
				<time>2025-11-15T19:01:57Z</time>
			</trkpt>
			<trkpt lat="35.40663601267061" lon="-83.59063956626647">
				<ele>548.0821187002584</ele>
				<time>2025-11-15T19:01:58Z</time>
			</trkpt>
			<trkpt lat="35.40663216370065" lon="-83.59060544034821">
				<ele>546.7086701551452</ele>
				<time>2025-11-15T19:01:59Z</time>
			</trkpt>
			<trkpt lat="35.40663100275298" lon="-83.59057090608103">
				<ele>546.0328571107239</ele>
				<time>2025-11-15T19:02:00Z</time>
			</trkpt>
			<trkpt lat="35.40663073826342" lon="-83.59054794762903">
				<ele>545.2110844226554</ele>
				<time>2025-11-15T19:02:01Z</time>
			</trkpt>
			<trkpt lat="35.40663417257005" lon="-83.59052220154436">
				<ele>547.0217622052878</ele>
				<time>2025-11-15T19:02:02Z</time>
			</trkpt>
			<trkpt lat="35.40664425742915" lon="-83.59050170323259">
				<ele>548.4310961188748</ele>
				<time>2025-11-15T19:02:03Z</time>
			</trkpt>
			<trkpt lat="35.40665592289024" lon="-83.59047111028912">
				<ele>546.4069476649165</ele>
				<time>2025-11-15T19:02:04Z</time>
			</trkpt>
			<trkpt lat="35.40665889470248" lon="-83.59044219542886">
				<ele>546.8504614345729</ele>
				<time>2025-11-15T19:02:05Z</time>
			</trkpt>
			<trkpt lat="35.40666442628711" lon="-83.59040570706091">
				<ele>548.0592873757705</ele>
				<time>2025-11-15T19:02:06Z</time>
			</trkpt>
			<trkpt lat="35.406664284101815" lon="-83.59036934987127">
				<ele>546.0245539862663</ele>
				<time>2025-11-15T19:02:07Z</time>
			</trkpt>
			<trkpt lat="35.40666883433167" lon="-83.59033955795401">
				<ele>546.9999121157452</ele>
				<time>2025-11-15T19:02:08Z</time>
			</trkpt>
			<trkpt lat="35.40667557113112" lon="-83.59030486564131">
				<ele>547.2577845277265</ele>
				<time>2025-11-15T19:02:09Z</time>
			</trkpt>
			<trkpt lat="35.40668260386053" lon="-83.59026891104845">
				<ele>546.5655765160918</ele>
				<time>2025-11-15T19:02:10Z</time>
			</trkpt>
			<trkpt lat="35.40669742448509" lon="-83.59024690126009">
				<ele>548.0724289240316</ele>
				<time>2025-11-15T19:02:11Z</time>
			</trkpt>
			<trkpt lat="35.40670808822225" lon="-83.59022454150498">
				<ele>546.5567198814824</ele>
				<time>2025-11-15T19:02:12Z</time>
			</trkpt>
			<trkpt lat="35.40671939842209" lon="-83.59019775044305">
				<ele>547.6568026188761</ele>
				<time>2025-11-15T19:02:13Z</time>
			</trkpt>
			<trkpt lat="35.40673612250172" lon="-83.59016622732852">
				<ele>546.0670010792091</ele>
				<time>2025-11-15T19:02:14Z</time>
			</trkpt>
			<trkpt lat="35.40674398408532" lon="-83.59013971608636">
				<ele>547.2434658231214</ele>
				<time>2025-11-15T19:02:15Z</time>
			</trkpt>
			<trkpt lat="35.40675118486012" lon="-83.59011595070649">
				<ele>546.9962145136669</ele>
				<time>2025-11-15T19:02:16Z</time>
			</trkpt>
			<trkpt lat="35.406757056202615" lon="-83.59008534317103">
				<ele>545.050172412768</ele>
				<time>2025-11-15T19:02:17Z</time>
			</trkpt>
			<trkpt lat="35.40676062756676" lon="-83.59006017289491">
				<ele>545.3373138513416</ele>
				<time>2025-11-15T19:02:18Z</time>
			</trkpt>
			<trkpt lat="35.40677041133529" lon="-83.59002087838323">
				<ele>547.05502913706</ele>
				<time>2025-11-15T19:02:20Z</time>
			</trkpt>
			<trkpt lat="35.406776648419324" lon="-83.58999476024326">
				<ele>544.9938795464113</ele>
				<time>2025-11-15T19:02:21Z</time>
			</trkpt>
			<trkpt lat="35.40678300678986" lon="-83.58996600196086">
				<ele>545.6870538918301</ele>
				<time>2025-11-15T19:02:22Z</time>
			</trkpt>
			<trkpt lat="35.40678904668494" lon="-83.58993868423875">
				<ele>545.9839192824438</ele>
				<time>2025-11-15T19:02:23Z</time>
			</trkpt>
			<trkpt lat="35.406794905080105" lon="-83.58991218729741">
				<ele>545.8671989785507</ele>
				<time>2025-11-15T19:02:24Z</time>
			</trkpt>
			<trkpt lat="35.4068058178256" lon="-83.58986733988324">
				<ele>546.8171921093017</ele>
				<time>2025-11-15T19:02:26Z</time>
			</trkpt>
			<trkpt lat="35.40681613914627" lon="-83.58982666615213">
				<ele>548.4521026834846</ele>
				<time>2025-11-15T19:02:28Z</time>
			</trkpt>
			<trkpt lat="35.406828090760804" lon="-83.5897861506442">
				<ele>550.1502700019628</ele>
				<time>2025-11-15T19:02:30Z</time>
			</trkpt>
			<trkpt lat="35.4068372998821" lon="-83.58976383573598">
				<ele>549.7690358608961</ele>
				<time>2025-11-15T19:02:31Z</time>
			</trkpt>
			<trkpt lat="35.40684618025016" lon="-83.58974444962705">
				<ele>550.2430844148621</ele>
				<time>2025-11-15T19:02:32Z</time>
			</trkpt>
			<trkpt lat="35.406854193381626" lon="-83.58972137501907">
				<ele>551.1772613655776</ele>
				<time>2025-11-15T19:02:33Z</time>
			</trkpt>
			<trkpt lat="35.406865804077384" lon="-83.58968794095681">
				<ele>549.7219471093267</ele>
				<time>2025-11-15T19:02:34Z</time>
			</trkpt>
			<trkpt lat="35.4068759515828" lon="-83.58965872069115">
				<ele>551.2930763419718</ele>
				<time>2025-11-15T19:02:35Z</time>
			</trkpt>
			<trkpt lat="35.406887435000954" lon="-83.58962695705786">
				<ele>550.8001078814268</ele>
				<time>2025-11-15T19:02:36Z</time>
			</trkpt>
			<trkpt lat="35.406898787314404" lon="-83.58960080992547">
				<ele>552.004502271302</ele>
				<time>2025-11-15T19:02:37Z</time>
			</trkpt>
			<trkpt lat="35.406910930103955" lon="-83.5895728418563">
				<ele>551.6766814924777</ele>
				<time>2025-11-15T19:02:38Z</time>
			</trkpt>
			<trkpt lat="35.406923562236855" lon="-83.58954374677911">
				<ele>550.1729446193203</ele>
				<time>2025-11-15T19:02:39Z</time>
			</trkpt>
			<trkpt lat="35.40693476650178" lon="-83.58951794045456">
				<ele>551.6718279123306</ele>
				<time>2025-11-15T19:02:40Z</time>
			</trkpt>
			<trkpt lat="35.406945541524635" lon="-83.58949312279263">
				<ele>550.7682897048071</ele>
				<time>2025-11-15T19:02:41Z</time>
			</trkpt>
			<trkpt lat="35.40695418559206" lon="-83.58947321318371">
				<ele>550.0763560254127</ele>
				<time>2025-11-15T19:02:42Z</time>
			</trkpt>
			<trkpt lat="35.40696952589166" lon="-83.58943745399573">
				<ele>549.5105999065563</ele>
				<time>2025-11-15T19:02:44Z</time>
			</trkpt>
			<trkpt lat="35.40698039841851" lon="-83.58941140939797">
				<ele>550.2661063093692</ele>
				<time>2025-11-15T19:02:45Z</time>
			</trkpt>
			<trkpt lat="35.406989777368004" lon="-83.58938894276001">
				<ele>549.1833205549046</ele>
				<time>2025-11-15T19:02:46Z</time>
			</trkpt>
			<trkpt lat="35.406999969865055" lon="-83.58934846367826">
				<ele>547.2022624760866</ele>
				<time>2025-11-15T19:02:48Z</time>
			</trkpt>
			<trkpt lat="35.40701014837132" lon="-83.58930946704085">
				<ele>545.9034285796806</ele>
				<time>2025-11-15T19:02:50Z</time>
			</trkpt>
			<trkpt lat="35.4070179036623" lon="-83.5892774513551">
				<ele>548.0959663651884</ele>
				<time>2025-11-15T19:02:52Z</time>
			</trkpt>
			<trkpt lat="35.40702417104302" lon="-83.5892418834709">
				<ele>548.3820421025157</ele>
				<time>2025-11-15T19:02:54Z</time>
			</trkpt>
			<trkpt lat="35.40702900106514" lon="-83.58920195530678">
				<ele>549.9626031117514</ele>
				<time>2025-11-15T19:02:56Z</time>
			</trkpt>
			<trkpt lat="35.407034063237695" lon="-83.58916010802305">
				<ele>550.5803944785148</ele>
				<time>2025-11-15T19:02:58Z</time>
			</trkpt>
			<trkpt lat="35.40703671308634" lon="-83.5891373846624">
				<ele>549.6205408610404</ele>
				<time>2025-11-15T19:02:59Z</time>
			</trkpt>
			<trkpt lat="35.40703920287121" lon="-83.58911255177745">
				<ele>550.6945690689608</ele>
				<time>2025-11-15T19:03:00Z</time>
			</trkpt>
			<trkpt lat="35.40704190324413" lon="-83.58908561849205">
				<ele>549.529852103442</ele>
				<time>2025-11-15T19:03:01Z</time>
			</trkpt>
			<trkpt lat="35.40704484669517" lon="-83.58905626078318">
				<ele>551.151374457404</ele>
				<time>2025-11-15T19:03:02Z</time>
			</trkpt>
			<trkpt lat="35.40704725502422" lon="-83.58903224030693">
				<ele>550.2444394221529</ele>
				<time>2025-11-15T19:03:03Z</time>
			</trkpt>
			<trkpt lat="35.40704979832869" lon="-83.58900687361536">
				<ele>550.6318387659267</ele>
				<time>2025-11-15T19:03:04Z</time>
			</trkpt>
			<trkpt lat="35.40705217901591" lon="-83.58898312884216">
				<ele>550.2328856047243</ele>
				<time>2025-11-15T19:03:05Z</time>
			</trkpt>
			<trkpt lat="35.40705602883671" lon="-83.58894473105755">
				<ele>550.2368307122961</ele>
				<time>2025-11-15T19:03:07Z</time>
			</trkpt>
			<trkpt lat="35.40706086464369" lon="-83.5889013499109">
				<ele>552.5628152592108</ele>
				<time>2025-11-15T19:03:09Z</time>
			</trkpt>
			<trkpt lat="35.40706402508691" lon="-83.58887927131832">
				<ele>553.1335255214944</ele>
				<time>2025-11-15T19:03:10Z</time>
			</trkpt>
			<trkpt lat="35.407067673657735" lon="-83.58885378276874">
				<ele>551.5882574971765</ele>
				<time>2025-11-15T19:03:11Z</time>
			</trkpt>
			<trkpt lat="35.407071221905454" lon="-83.58882899492725">
				<ele>553.0814485037699</ele>
				<time>2025-11-15T19:03:12Z</time>
			</trkpt>
			<trkpt lat="35.407070578584374" lon="-83.58878229420957">
				<ele>553.6196995303035</ele>
				<time>2025-11-15T19:03:13Z</time>
			</trkpt>
			<trkpt lat="35.40706659096816" lon="-83.58874476139749">
				<ele>554.4264145037159</ele>
				<time>2025-11-15T19:03:14Z</time>
			</trkpt>
			<trkpt lat="35.40706101581711" lon="-83.58871458397024">
				<ele>554.9612933788449</ele>
				<time>2025-11-15T19:03:15Z</time>
			</trkpt>
			<trkpt lat="35.40705421014358" lon="-83.58867774591033">
				<ele>556.4472390869632</ele>
				<time>2025-11-15T19:03:16Z</time>
			</trkpt>
			<trkpt lat="35.407049207702116" lon="-83.58865066850113">
				<ele>556.9915008125827</ele>
				<time>2025-11-15T19:03:17Z</time>
			</trkpt>
			<trkpt lat="35.407042050893956" lon="-83.588616613009">
				<ele>558.040236578323</ele>
				<time>2025-11-15T19:03:18Z</time>
			</trkpt>
			<trkpt lat="35.40703484278382" lon="-83.58858567084485">
				<ele>557.9959690142423</ele>
				<time>2025-11-15T19:03:19Z</time>
			</trkpt>
			<trkpt lat="35.40702802053287" lon="-83.58855638514102">
				<ele>558.4433057941496</ele>
				<time>2025-11-15T19:03:20Z</time>
			</trkpt>
			<trkpt lat="35.407019850630384" lon="-83.58852131426558">
				<ele>559.3433561269194</ele>
				<time>2025-11-15T19:03:21Z</time>
			</trkpt>
			<trkpt lat="35.4069902700073" lon="-83.58845205432185">
				<ele>559.8936070483178</ele>
				<time>2025-11-15T19:03:22Z</time>
			</trkpt>
			<trkpt lat="35.40696710803295" lon="-83.58841842306084">
				<ele>560.5757128018886</ele>
				<time>2025-11-15T19:03:23Z</time>
			</trkpt>
			<trkpt lat="35.40692226541572" lon="-83.58831562557026">
				<ele>560.0638647377491</ele>
				<time>2025-11-15T19:03:24Z</time>
			</trkpt>
			<trkpt lat="35.406876769612424" lon="-83.58826146634316">
				<ele>559.7042246153578</ele>
				<time>2025-11-15T19:03:25Z</time>
			</trkpt>
			<trkpt lat="35.406834070098526" lon="-83.58823311869246">
				<ele>559.4560309471563</ele>
				<time>2025-11-15T19:03:26Z</time>
			</trkpt>
			<trkpt lat="35.40680614341337" lon="-83.58821545299678">
				<ele>559.4423637390137</ele>
				<time>2025-11-15T19:03:27Z</time>
			</trkpt>
			<trkpt lat="35.40676779961977" lon="-83.5881930481461">
				<ele>559.2026193272322</ele>
				<time>2025-11-15T19:03:28Z</time>
			</trkpt>
			<trkpt lat="35.40673737862081" lon="-83.58817668327045">
				<ele>559.1094251619652</ele>
				<time>2025-11-15T19:03:29Z</time>
			</trkpt>
			<trkpt lat="35.406713247945866" lon="-83.58816370224892">
				<ele>558.4184698555619</ele>
				<time>2025-11-15T19:03:30Z</time>
			</trkpt>
			<trkpt lat="35.40669098276976" lon="-83.58815172485014">
				<ele>559.065231625922</ele>
				<time>2025-11-15T19:03:31Z</time>
			</trkpt>
			<trkpt lat="35.406670034980145" lon="-83.58813974086114">
				<ele>559.8406425528228</ele>
				<time>2025-11-15T19:03:32Z</time>
			</trkpt>
			<trkpt lat="35.40664749966361" lon="-83.58812703863111">
				<ele>560.7149778576568</ele>
				<time>2025-11-15T19:03:33Z</time>
			</trkpt>
			<trkpt lat="35.406618887849724" lon="-83.58811091133845">
				<ele>561.1732840221375</ele>
				<time>2025-11-15T19:03:34Z</time>
			</trkpt>
			<trkpt lat="35.406587558688855" lon="-83.5880926867503">
				<ele>561.5284801665694</ele>
				<time>2025-11-15T19:03:35Z</time>
			</trkpt>
			<trkpt lat="35.4065597912286" lon="-83.58807649983078">
				<ele>562.6364409960806</ele>
				<time>2025-11-15T19:03:36Z</time>
			</trkpt>
			<trkpt lat="35.4065293821702" lon="-83.58805779884698">
				<ele>564.2719199238345</ele>
				<time>2025-11-15T19:03:37Z</time>
			</trkpt>
			<trkpt lat="35.40648724341072" lon="-83.58802231837556">
				<ele>564.2927899379283</ele>
				<time>2025-11-15T19:03:38Z</time>
			</trkpt>
			<trkpt lat="35.40644113780645" lon="-83.58797059808197">
				<ele>564.682643931359</ele>
				<time>2025-11-15T19:03:39Z</time>
			</trkpt>
			<trkpt lat="35.40642182120665" lon="-83.58792220039182">
				<ele>565.060933499597</ele>
				<time>2025-11-15T19:03:40Z</time>
			</trkpt>
			<trkpt lat="35.40641371900248" lon="-83.58788932458359">
				<ele>565.2940835040063</ele>
				<time>2025-11-15T19:03:41Z</time>
			</trkpt>
			<trkpt lat="35.40638429145927" lon="-83.5878232501252">
				<ele>565.4294515652582</ele>
				<time>2025-11-15T19:03:42Z</time>
			</trkpt>
			<trkpt lat="35.40634688982881" lon="-83.58773310185744">
				<ele>565.6597685683519</ele>
				<time>2025-11-15T19:03:43Z</time>
			</trkpt>
			<trkpt lat="35.40631255577926" lon="-83.58769308575229">
				<ele>566.0331860072911</ele>
				<time>2025-11-15T19:03:44Z</time>
			</trkpt>
			<trkpt lat="35.40628777833649" lon="-83.58766420775429">
				<ele>566.1259827781469</ele>
				<time>2025-11-15T19:03:45Z</time>
			</trkpt>
			<trkpt lat="35.40626107525065" lon="-83.58763643561598">
				<ele>565.8851744793355</ele>
				<time>2025-11-15T19:03:46Z</time>
			</trkpt>
			<trkpt lat="35.40623047045886" lon="-83.58760680995923">
				<ele>566.7669142195955</ele>
				<time>2025-11-15T19:03:47Z</time>
			</trkpt>
			<trkpt lat="35.40619381953334" lon="-83.58757133159587">
				<ele>565.4167011417449</ele>
				<time>2025-11-15T19:03:48Z</time>
			</trkpt>
			<trkpt lat="35.40616198404448" lon="-83.587540204066">
				<ele>564.9070195090026</ele>
				<time>2025-11-15T19:03:49Z</time>
			</trkpt>
			<trkpt lat="35.406118617635286" lon="-83.5874962379131">
				<ele>565.6170896319672</ele>
				<time>2025-11-15T19:03:50Z</time>
			</trkpt>
			<trkpt lat="35.40607907945807" lon="-83.58745615291002">
				<ele>566.4201600840315</ele>
				<time>2025-11-15T19:03:51Z</time>
			</trkpt>
			<trkpt lat="35.40604702954631" lon="-83.58741781021246">
				<ele>566.1563545223325</ele>
				<time>2025-11-15T19:03:52Z</time>
			</trkpt>
			<trkpt lat="35.40601289715461" lon="-83.58737595280641">
				<ele>565.346411716193</ele>
				<time>2025-11-15T19:03:53Z</time>
			</trkpt>
			<trkpt lat="35.40598223162021" lon="-83.5873332396296">
				<ele>565.0962390741333</ele>
				<time>2025-11-15T19:03:54Z</time>
			</trkpt>
			<trkpt lat="35.405941447394916" lon="-83.58727866132085">
				<ele>564.9519821573049</ele>
				<time>2025-11-15T19:03:55Z</time>
			</trkpt>
			<trkpt lat="35.40590499372592" lon="-83.58723626270853">
				<ele>564.6949449898675</ele>
				<time>2025-11-15T19:03:56Z</time>
			</trkpt>
			<trkpt lat="35.40582878639075" lon="-83.5871829509223">
				<ele>564.2580596348271</ele>
				<time>2025-11-15T19:03:57Z</time>
			</trkpt>
			<trkpt lat="35.4057731470452" lon="-83.58717179925435">
				<ele>564.0522751826793</ele>
				<time>2025-11-15T19:03:58Z</time>
			</trkpt>
			<trkpt lat="35.405689044528174" lon="-83.58713963145952">
				<ele>562.9584825960919</ele>
				<time>2025-11-15T19:03:59Z</time>
			</trkpt>
			<trkpt lat="35.40562435186354" lon="-83.58710808028397">
				<ele>562.7714209202677</ele>
				<time>2025-11-15T19:04:00Z</time>
			</trkpt>
			<trkpt lat="35.40560010655667" lon="-83.58709625562379">
				<ele>563.8201615149155</ele>
				<time>2025-11-15T19:04:01Z</time>
			</trkpt>
			<trkpt lat="35.40558809760706" lon="-83.58706749417443">
				<ele>559.3415869455785</ele>
				<time>2025-11-15T19:04:04Z</time>
			</trkpt>
			<trkpt lat="35.40559750778483" lon="-83.58704379015428">
				<ele>554.5070937918499</ele>
				<time>2025-11-15T19:04:06Z</time>
			</trkpt>
			<trkpt lat="35.40560115392329" lon="-83.58702012769241">
				<ele>551.7247515050694</ele>
				<time>2025-11-15T19:04:07Z</time>
			</trkpt>
			<trkpt lat="35.4056308852096" lon="-83.5869275876003">
				<ele>549.2080469029024</ele>
				<time>2025-11-15T19:04:08Z</time>
			</trkpt>
			<trkpt lat="35.405638866348326" lon="-83.58690743668575">
				<ele>550.7159151751548</ele>
				<time>2025-11-15T19:04:09Z</time>
			</trkpt>
			<trkpt lat="35.405641811970355" lon="-83.58688179802421">
				<ele>547.4111080849543</ele>
				<time>2025-11-15T19:04:10Z</time>
			</trkpt>
			<trkpt lat="35.40564453667193" lon="-83.58685013643262">
				<ele>546.1168113062158</ele>
				<time>2025-11-15T19:04:12Z</time>
			</trkpt>
			<trkpt lat="35.40565196012159" lon="-83.5868278972795">
				<ele>545.6350696720183</ele>
				<time>2025-11-15T19:04:13Z</time>
			</trkpt>
			<trkpt lat="35.405669423149234" lon="-83.5868031094119">
				<ele>544.7333423867822</ele>
				<time>2025-11-15T19:04:15Z</time>
			</trkpt>
			<trkpt lat="35.405692874896225" lon="-83.58678155760376">
				<ele>543.8366835648194</ele>
				<time>2025-11-15T19:04:17Z</time>
			</trkpt>
			<trkpt lat="35.405717996769965" lon="-83.58675553948673">
				<ele>543.9645242830738</ele>
				<time>2025-11-15T19:04:19Z</time>
			</trkpt>
			<trkpt lat="35.40573960285815" lon="-83.58673194259252">
				<ele>542.8859058422968</ele>
				<time>2025-11-15T19:04:21Z</time>
			</trkpt>
			<trkpt lat="35.405761509467034" lon="-83.58671907067828">
				<ele>543.8263564184308</ele>
				<time>2025-11-15T19:04:22Z</time>
			</trkpt>
			<trkpt lat="35.40578231595583" lon="-83.58670684515216">
				<ele>542.6739630661905</ele>
				<time>2025-11-15T19:04:23Z</time>
			</trkpt>
			<trkpt lat="35.4058115895698" lon="-83.58668964450972">
				<ele>542.2606731262058</ele>
				<time>2025-11-15T19:04:25Z</time>
			</trkpt>
			<trkpt lat="35.40583237429461" lon="-83.58667650602841">
				<ele>542.6557333655655</ele>
				<time>2025-11-15T19:04:26Z</time>
			</trkpt>
			<trkpt lat="35.405849670014724" lon="-83.58666553158774">
				<ele>541.9106795135885</ele>
				<time>2025-11-15T19:04:27Z</time>
			</trkpt>
			<trkpt lat="35.40587319444238" lon="-83.58665042745011">
				<ele>543.197366704233</ele>
				<time>2025-11-15T19:04:28Z</time>
			</trkpt>
			<trkpt lat="35.40588908575574" lon="-83.58663932919612">
				<ele>542.6078607067466</ele>
				<time>2025-11-15T19:04:29Z</time>
			</trkpt>
			<trkpt lat="35.405911880316815" lon="-83.58662340983145">
				<ele>541.0738880261779</ele>
				<time>2025-11-15T19:04:30Z</time>
			</trkpt>
			<trkpt lat="35.405927685625706" lon="-83.58661183768598">
				<ele>540.0390033060685</ele>
				<time>2025-11-15T19:04:31Z</time>
			</trkpt>
			<trkpt lat="35.405954094346015" lon="-83.58658888731225">
				<ele>541.5144177293405</ele>
				<time>2025-11-15T19:04:33Z</time>
			</trkpt>
			<trkpt lat="35.40597952113533" lon="-83.58656302926026">
				<ele>541.3755750069395</ele>
				<time>2025-11-15T19:04:35Z</time>
			</trkpt>
			<trkpt lat="35.40600060867125" lon="-83.58653996315024">
				<ele>542.7608349993825</ele>
				<time>2025-11-15T19:04:37Z</time>
			</trkpt>
			<trkpt lat="35.40602098939285" lon="-83.58651552615112">
				<ele>540.9928335975856</ele>
				<time>2025-11-15T19:04:39Z</time>
			</trkpt>
			<trkpt lat="35.40604221426772" lon="-83.58648633165441">
				<ele>542.9670934295282</ele>
				<time>2025-11-15T19:04:41Z</time>
			</trkpt>
			<trkpt lat="35.40606090125463" lon="-83.586458729692">
				<ele>542.3622567700222</ele>
				<time>2025-11-15T19:04:43Z</time>
			</trkpt>
			<trkpt lat="35.40607442800922" lon="-83.58643622934093">
				<ele>542.9357567951083</ele>
				<time>2025-11-15T19:04:45Z</time>
			</trkpt>
			<trkpt lat="35.4060891531729" lon="-83.58641083567124">
				<ele>543.9995637545362</ele>
				<time>2025-11-15T19:04:47Z</time>
			</trkpt>
			<trkpt lat="35.4061021445993" lon="-83.58638718460429">
				<ele>543.8366727689281</ele>
				<time>2025-11-15T19:04:49Z</time>
			</trkpt>
			<trkpt lat="35.40611864362088" lon="-83.58635607605515">
				<ele>543.7141894595698</ele>
				<time>2025-11-15T19:04:51Z</time>
			</trkpt>
			<trkpt lat="35.40612993510604" lon="-83.58633413953274">
				<ele>544.3009660020471</ele>
				<time>2025-11-15T19:04:53Z</time>
			</trkpt>
			<trkpt lat="35.40614361583095" lon="-83.58630548413326">
				<ele>545.0240301266313</ele>
				<time>2025-11-15T19:04:55Z</time>
			</trkpt>
			<trkpt lat="35.40615695979967" lon="-83.58627628524984">
				<ele>546.7501278016716</ele>
				<time>2025-11-15T19:04:57Z</time>
			</trkpt>
			<trkpt lat="35.40617239635412" lon="-83.5862425074358">
				<ele>547.031231614761</ele>
				<time>2025-11-15T19:04:59Z</time>
			</trkpt>
			<trkpt lat="35.406186523557295" lon="-83.58621159467411">
				<ele>545.909425935708</ele>
				<time>2025-11-15T19:05:01Z</time>
			</trkpt>
			<trkpt lat="35.40619682836192" lon="-83.58618497863549">
				<ele>548.4510124223307</ele>
				<time>2025-11-15T19:05:03Z</time>
			</trkpt>
			<trkpt lat="35.40620867362698" lon="-83.58615157326405">
				<ele>547.6272433018312</ele>
				<time>2025-11-15T19:05:05Z</time>
			</trkpt>
			<trkpt lat="35.406216403950836" lon="-83.58612654639028">
				<ele>549.0415231622756</ele>
				<time>2025-11-15T19:05:06Z</time>
			</trkpt>
			<trkpt lat="35.40622817051843" lon="-83.58608845211045">
				<ele>549.2238077670336</ele>
				<time>2025-11-15T19:05:08Z</time>
			</trkpt>
			<trkpt lat="35.40623484680676" lon="-83.58606250082991">
				<ele>548.8319566268474</ele>
				<time>2025-11-15T19:05:09Z</time>
			</trkpt>
			<trkpt lat="35.40624057192007" lon="-83.5860390124485">
				<ele>547.9394541755319</ele>
				<time>2025-11-15T19:05:10Z</time>
			</trkpt>
			<trkpt lat="35.406249254155796" lon="-83.58600339205358">
				<ele>548.768098603934</ele>
				<time>2025-11-15T19:05:12Z</time>
			</trkpt>
			<trkpt lat="35.406255460828916" lon="-83.5859779281739">
				<ele>551.1704590581357</ele>
				<time>2025-11-15T19:05:15Z</time>
			</trkpt>
			<trkpt lat="35.40626141959141" lon="-83.5859534813346">
				<ele>553.4228550093248</ele>
				<time>2025-11-15T19:05:19Z</time>
			</trkpt>
			<trkpt lat="35.40626850154099" lon="-83.58592442640077">
				<ele>554.5470852535218</ele>
				<time>2025-11-15T19:05:22Z</time>
			</trkpt>
			<trkpt lat="35.40627645183622" lon="-83.5858918090954">
				<ele>556.5294101256877</ele>
				<time>2025-11-15T19:05:24Z</time>
			</trkpt>
			<trkpt lat="35.40628175733716" lon="-83.58587004265914">
				<ele>556.5014479644597</ele>
				<time>2025-11-15T19:05:25Z</time>
			</trkpt>
			<trkpt lat="35.406287761700185" lon="-83.58584540911936">
				<ele>556.7728989394382</ele>
				<time>2025-11-15T19:05:26Z</time>
			</trkpt>
			<trkpt lat="35.406297504932475" lon="-83.58580543633815">
				<ele>557.0667589437217</ele>
				<time>2025-11-15T19:05:28Z</time>
			</trkpt>
			<trkpt lat="35.406294784110734" lon="-83.58578111676785">
				<ele>556.8791078729555</ele>
				<time>2025-11-15T19:05:29Z</time>
			</trkpt>
			<trkpt lat="35.406292405845086" lon="-83.58575467464382">
				<ele>557.1756622940302</ele>
				<time>2025-11-15T19:05:30Z</time>
			</trkpt>
			<trkpt lat="35.406290156989215" lon="-83.5857257824249">
				<ele>557.8572928067297</ele>
				<time>2025-11-15T19:05:31Z</time>
			</trkpt>
			<trkpt lat="35.40628485815818" lon="-83.58569637239223">
				<ele>558.2235172400251</ele>
				<time>2025-11-15T19:05:32Z</time>
			</trkpt>
			<trkpt lat="35.406283327870376" lon="-83.5856640293705">
				<ele>556.5011031189933</ele>
				<time>2025-11-15T19:05:33Z</time>
			</trkpt>
			<trkpt lat="35.40627995993995" lon="-83.58563714454239">
				<ele>556.5303544513881</ele>
				<time>2025-11-15T19:05:34Z</time>
			</trkpt>
			<trkpt lat="35.40627633371663" lon="-83.58559896857923">
				<ele>554.7269961396232</ele>
				<time>2025-11-15T19:05:36Z</time>
			</trkpt>
			<trkpt lat="35.40627039928994" lon="-83.585549821173">
				<ele>553.4732137238607</ele>
				<time>2025-11-15T19:05:38Z</time>
			</trkpt>
			<trkpt lat="35.4062743689267" lon="-83.58551822336949">
				<ele>553.7107472056523</ele>
				<time>2025-11-15T19:05:40Z</time>
			</trkpt>
			<trkpt lat="35.40627608020149" lon="-83.58548907863705">
				<ele>553.1064894786105</ele>
				<time>2025-11-15T19:05:42Z</time>
			</trkpt>
			<trkpt lat="35.406280439150954" lon="-83.58546226093107">
				<ele>553.851370062679</ele>
				<time>2025-11-15T19:05:43Z</time>
			</trkpt>
			<trkpt lat="35.40628606685305" lon="-83.58542421532576">
				<ele>553.4487545583397</ele>
				<time>2025-11-15T19:05:45Z</time>
			</trkpt>
			<trkpt lat="35.40628451109794" lon="-83.58538666382182">
				<ele>552.6990107214078</ele>
				<time>2025-11-15T19:05:47Z</time>
			</trkpt>
			<trkpt lat="35.40627113033651" lon="-83.58536357771257">
				<ele>554.4986582901329</ele>
				<time>2025-11-15T19:05:49Z</time>
			</trkpt>
			<trkpt lat="35.40627004744899" lon="-83.58533372983605">
				<ele>553.731825443916</ele>
				<time>2025-11-15T19:05:51Z</time>
			</trkpt>
			<trkpt lat="35.40627894292299" lon="-83.58530762847413">
				<ele>552.6293650902808</ele>
				<time>2025-11-15T19:05:53Z</time>
			</trkpt>
			<trkpt lat="35.406286974000245" lon="-83.5852778748214">
				<ele>552.5164655297995</ele>
				<time>2025-11-15T19:05:55Z</time>
			</trkpt>
			<trkpt lat="35.40629623251392" lon="-83.58524802990144">
				<ele>551.9874142054468</ele>
				<time>2025-11-15T19:05:57Z</time>
			</trkpt>
			<trkpt lat="35.40631348136469" lon="-83.58522632728842">
				<ele>552.3516088007018</ele>
				<time>2025-11-15T19:05:59Z</time>
			</trkpt>
			<trkpt lat="35.40633571102278" lon="-83.5852022120262">
				<ele>552.0374072082341</ele>
				<time>2025-11-15T19:06:01Z</time>
			</trkpt>
			<trkpt lat="35.406357971173286" lon="-83.58518063016511">
				<ele>551.9696485223249</ele>
				<time>2025-11-15T19:06:03Z</time>
			</trkpt>
			<trkpt lat="35.40636954788084" lon="-83.5851630468054">
				<ele>553.015519910492</ele>
				<time>2025-11-15T19:06:13Z</time>
			</trkpt>
			<trkpt lat="35.40638857656942" lon="-83.58515816817038">
				<ele>556.6338561624289</ele>
				<time>2025-11-15T19:06:23Z</time>
			</trkpt>
			<trkpt lat="35.40638357416954" lon="-83.58518503144617">
				<ele>555.8541841385886</ele>
				<time>2025-11-15T19:06:27Z</time>
			</trkpt>
			<trkpt lat="35.40639249705015" lon="-83.58520762203347">
				<ele>554.3721272954717</ele>
				<time>2025-11-15T19:06:37Z</time>
			</trkpt>
			<trkpt lat="35.40640506168024" lon="-83.58519002350444">
				<ele>554.6266867341474</ele>
				<time>2025-11-15T19:06:59Z</time>
			</trkpt>
			<trkpt lat="35.406394506742345" lon="-83.58517115097223">
				<ele>555.0933595793322</ele>
				<time>2025-11-15T19:07:06Z</time>
			</trkpt>
			<trkpt lat="35.40637682929435" lon="-83.58516635601117">
				<ele>555.7370332656428</ele>
				<time>2025-11-15T19:07:11Z</time>
			</trkpt>
			<trkpt lat="35.40639463355314" lon="-83.58517940794938">
				<ele>555.8518848326057</ele>
				<time>2025-11-15T19:07:40Z</time>
			</trkpt>
			<trkpt lat="35.40639039063944" lon="-83.58515796074516">
				<ele>556.8208243129775</ele>
				<time>2025-11-15T19:07:53Z</time>
			</trkpt>
			<trkpt lat="35.40640857398144" lon="-83.58514666934326">
				<ele>556.8166532041505</ele>
				<time>2025-11-15T19:07:56Z</time>
			</trkpt>
		</trkseg>
	</trk>
</gpx>
