<?xml version="1.0" encoding="UTF-8"?>
<gpx xmlns:xsi="http://www.w3.org/2001/XMLSchema-instance" xmlns="http://www.topografix.com/GPX/1/1" xsi:schemaLocation="http://www.topografix.com/GPX/1/1 http://www.topografix.com/GPX/1/1/gpx.xsd" version="1.1" creator="Open GPX Tracker for iOS">
	<trk>
		<trkseg>
			<trkpt lat="35.40646381548294" lon="-83.58429814917145">
				<ele>556.7866875830669</ele>
				<time>2025-11-14T18:59:54Z</time>
			</trkpt>
			<trkpt lat="35.406442897501854" lon="-83.5842911979477">
				<ele>556.5274285590276</ele>
				<time>2025-11-14T18:59:58Z</time>
			</trkpt>
			<trkpt lat="35.40643909699489" lon="-83.58426444604125">
				<ele>556.2077811416239</ele>
				<time>2025-11-14T19:00:00Z</time>
			</trkpt>
			<trkpt lat="35.40643354762998" lon="-83.58422726734025">
				<ele>556.0757172424346</ele>
				<time>2025-11-14T19:00:02Z</time>
			</trkpt>
			<trkpt lat="35.40643085207486" lon="-83.58420523948757">
				<ele>556.1583912186325</ele>
				<time>2025-11-14T19:00:03Z</time>
			</trkpt>
			<trkpt lat="35.406429967260834" lon="-83.58417957768927">
				<ele>556.0956214815378</ele>
				<time>2025-11-14T19:00:04Z</time>
			</trkpt>
			<trkpt lat="35.40641279997188" lon="-83.58415451085617">
				<ele>556.0684901885688</ele>
				<time>2025-11-14T19:00:05Z</time>
			</trkpt>
			<trkpt lat="35.40642164389078" lon="-83.58413434394704">
				<ele>556.1081403382123</ele>
				<time>2025-11-14T19:00:06Z</time>
			</trkpt>
			<trkpt lat="35.40643984504363" lon="-83.5841121298558">
				<ele>555.9998459862545</ele>
				<time>2025-11-14T19:00:07Z</time>
			</trkpt>
			<trkpt lat="35.406446217496814" lon="-83.58408037145786">
				<ele>555.6377276135609</ele>
				<time>2025-11-14T19:00:09Z</time>
			</trkpt>
			<trkpt lat="35.40645174931148" lon="-83.58405152723736">
				<ele>555.5281309625134</ele>
				<time>2025-11-14T19:00:12Z</time>
			</trkpt>
			<trkpt lat="35.40642605960234" lon="-83.5840785424171">
				<ele>560.4949751468375</ele>
				<time>2025-11-14T19:00:17Z</time>
			</trkpt>
			<trkpt lat="35.406425920183544" lon="-83.58404320181594">
				<ele>560.9669457934797</ele>
				<time>2025-11-14T19:00:24Z</time>
			</trkpt>
			<trkpt lat="35.406418243465396" lon="-83.58401401238636">
				<ele>561.6122434418648</ele>
				<time>2025-11-14T19:00:27Z</time>
			</trkpt>
			<trkpt lat="35.40640276789786" lon="-83.58399098442995">
				<ele>563.4589968314394</ele>
				<time>2025-11-14T19:00:29Z</time>
			</trkpt>
			<trkpt lat="35.406388741483376" lon="-83.58397681118511">
				<ele>564.2130081402138</ele>
				<time>2025-11-14T19:00:31Z</time>
			</trkpt>
			<trkpt lat="35.406372706433835" lon="-83.58393884467259">
				<ele>565.2762291198596</ele>
				<time>2025-11-14T19:00:33Z</time>
			</trkpt>
			<trkpt lat="35.40637256141941" lon="-83.58390118336315">
				<ele>566.940401067026</ele>
				<time>2025-11-14T19:00:35Z</time>
			</trkpt>
			<trkpt lat="35.40637687066382" lon="-83.58387370016949">
				<ele>565.599702147767</ele>
				<time>2025-11-14T19:00:37Z</time>
			</trkpt>
			<trkpt lat="35.40638366569697" lon="-83.58383922984443">
				<ele>564.3367541274056</ele>
				<time>2025-11-14T19:00:39Z</time>
			</trkpt>
			<trkpt lat="35.40636333109592" lon="-83.58381140900977">
				<ele>565.2470085183159</ele>
				<time>2025-11-14T19:00:41Z</time>
			</trkpt>
			<trkpt lat="35.40634978539269" lon="-83.5837846135779">
				<ele>564.973368297331</ele>
				<time>2025-11-14T19:00:43Z</time>
			</trkpt>
			<trkpt lat="35.40634354995154" lon="-83.58376242094289">
				<ele>562.8939524553716</ele>
				<time>2025-11-14T19:00:46Z</time>
			</trkpt>
			<trkpt lat="35.406351981180975" lon="-83.5837273267016">
				<ele>561.3340924978256</ele>
				<time>2025-11-14T19:00:48Z</time>
			</trkpt>
			<trkpt lat="35.40636710619473" lon="-83.58371294387152">
				<ele>561.2195861591026</ele>
				<time>2025-11-14T19:00:49Z</time>
			</trkpt>
			<trkpt lat="35.40637884471726" lon="-83.58368541524887">
				<ele>562.701427841559</ele>
				<time>2025-11-14T19:00:51Z</time>
			</trkpt>
			<trkpt lat="35.406396687217615" lon="-83.58365163200716">
				<ele>562.1200157552958</ele>
				<time>2025-11-14T19:00:53Z</time>
			</trkpt>
			<trkpt lat="35.40641175625472" lon="-83.58363062470363">
				<ele>563.1964165307581</ele>
				<time>2025-11-14T19:00:55Z</time>
			</trkpt>
			<trkpt lat="35.40643089381819" lon="-83.5836212697632">
				<ele>562.6384632363915</ele>
				<time>2025-11-14T19:00:57Z</time>
			</trkpt>
			<trkpt lat="35.40645427039985" lon="-83.58361476817872">
				<ele>563.8373829703778</ele>
				<time>2025-11-14T19:00:59Z</time>
			</trkpt>
			<trkpt lat="35.40648837846818" lon="-83.58361529552971">
				<ele>564.48933981359</ele>
				<time>2025-11-14T19:01:01Z</time>
			</trkpt>
			<trkpt lat="35.40651841987958" lon="-83.5836257112534">
				<ele>564.3636511601508</ele>
				<time>2025-11-14T19:01:03Z</time>
			</trkpt>
			<trkpt lat="35.406538048249" lon="-83.58364317288896">
				<ele>566.2314830068499</ele>
				<time>2025-11-14T19:01:05Z</time>
			</trkpt>
			<trkpt lat="35.406561085820236" lon="-83.58366965214204">
				<ele>567.3847605707124</ele>
				<time>2025-11-14T19:01:08Z</time>
			</trkpt>
			<trkpt lat="35.406573680700035" lon="-83.58370269520151">
				<ele>569.0136847887188</ele>
				<time>2025-11-14T19:01:11Z</time>
			</trkpt>
			<trkpt lat="35.40658658121478" lon="-83.58372408941348">
				<ele>570.5965635348111</ele>
				<time>2025-11-14T19:01:13Z</time>
			</trkpt>
			<trkpt lat="35.406598109718665" lon="-83.583741329282">
				<ele>570.1842902973294</ele>
				<time>2025-11-14T19:01:14Z</time>
			</trkpt>
			<trkpt lat="35.40660723570506" lon="-83.58376056844472">
				<ele>570.6604387313128</ele>
				<time>2025-11-14T19:01:15Z</time>
			</trkpt>
			<trkpt lat="35.40661554169754" lon="-83.58379819336636">
				<ele>571.8812253717333</ele>
				<time>2025-11-14T19:01:17Z</time>
			</trkpt>
			<trkpt lat="35.406621655257844" lon="-83.58384081546124">
				<ele>573.1950955195352</ele>
				<time>2025-11-14T19:01:19Z</time>
			</trkpt>
			<trkpt lat="35.4066290193049" lon="-83.5838758312021">
				<ele>574.9518924448639</ele>
				<time>2025-11-14T19:01:21Z</time>
			</trkpt>
			<trkpt lat="35.40663951674977" lon="-83.58392019717711">
				<ele>575.3625782011077</ele>
				<time>2025-11-14T19:01:23Z</time>
			</trkpt>
			<trkpt lat="35.40664069767225" lon="-83.58395205662886">
				<ele>574.1575282756239</ele>
				<time>2025-11-14T19:01:24Z</time>
			</trkpt>
			<trkpt lat="35.40664351244731" lon="-83.58398069707651">
				<ele>574.858066781424</ele>
				<time>2025-11-14T19:01:25Z</time>
			</trkpt>
			<trkpt lat="35.40664959377255" lon="-83.58400549635195">
				<ele>574.9671038091183</ele>
				<time>2025-11-14T19:01:26Z</time>
			</trkpt>
			<trkpt lat="35.40666035948564" lon="-83.58402751858775">
				<ele>573.3194501642138</ele>
				<time>2025-11-14T19:01:27Z</time>
			</trkpt>
			<trkpt lat="35.40667349692315" lon="-83.58406295654352">
				<ele>572.6329077519476</ele>
				<time>2025-11-14T19:01:29Z</time>
			</trkpt>
			<trkpt lat="35.40668653882628" lon="-83.58409654992543">
				<ele>572.2378625208512</ele>
				<time>2025-11-14T19:01:31Z</time>
			</trkpt>
			<trkpt lat="35.406690071473214" lon="-83.58413169060275">
				<ele>573.5163387712091</ele>
				<time>2025-11-14T19:01:33Z</time>
			</trkpt>
			<trkpt lat="35.406695639500306" lon="-83.58415480290465">
				<ele>572.8499350659549</ele>
				<time>2025-11-14T19:01:34Z</time>
			</trkpt>
			<trkpt lat="35.406702679046994" lon="-83.5841822781856">
				<ele>572.2433904753998</ele>
				<time>2025-11-14T19:01:35Z</time>
			</trkpt>
			<trkpt lat="35.406705145400366" lon="-83.58420728532442">
				<ele>572.4216479388997</ele>
				<time>2025-11-14T19:01:36Z</time>
			</trkpt>
			<trkpt lat="35.40670936701427" lon="-83.58423271821425">
				<ele>571.6421629302204</ele>
				<time>2025-11-14T19:01:37Z</time>
			</trkpt>
			<trkpt lat="35.406712909885265" lon="-83.5842565304768">
				<ele>571.5661286152899</ele>
				<time>2025-11-14T19:01:38Z</time>
			</trkpt>
			<trkpt lat="35.406718686310384" lon="-83.58428486633117">
				<ele>571.1759802373126</ele>
				<time>2025-11-14T19:01:39Z</time>
			</trkpt>
			<trkpt lat="35.4067177138673" lon="-83.58432212111845">
				<ele>572.9412537999451</ele>
				<time>2025-11-14T19:01:41Z</time>
			</trkpt>
			<trkpt lat="35.40672434591844" lon="-83.58436298425596">
				<ele>573.5478172367439</ele>
				<time>2025-11-14T19:01:43Z</time>
			</trkpt>
			<trkpt lat="35.40672980203704" lon="-83.58438613420222">
				<ele>573.8409389350563</ele>
				<time>2025-11-14T19:01:44Z</time>
			</trkpt>
			<trkpt lat="35.40673099423703" lon="-83.58441070220036">
				<ele>574.1175050428137</ele>
				<time>2025-11-14T19:01:45Z</time>
			</trkpt>
			<trkpt lat="35.40673615612085" lon="-83.5844568575395">
				<ele>574.4044143576175</ele>
				<time>2025-11-14T19:01:47Z</time>
			</trkpt>
			<trkpt lat="35.4067387767658" lon="-83.58448401929179">
				<ele>573.7563803708181</ele>
				<time>2025-11-14T19:01:48Z</time>
			</trkpt>
			<trkpt lat="35.40674191631658" lon="-83.58451054612537">
				<ele>573.6186507353559</ele>
				<time>2025-11-14T19:01:49Z</time>
			</trkpt>
			<trkpt lat="35.40674998944415" lon="-83.58453941301731">
				<ele>573.2276331856847</ele>
				<time>2025-11-14T19:01:50Z</time>
			</trkpt>
			<trkpt lat="35.40676045004071" lon="-83.58456826007561">
				<ele>572.661503736861</ele>
				<time>2025-11-14T19:01:51Z</time>
			</trkpt>
			<trkpt lat="35.40676926969235" lon="-83.58459926076635">
				<ele>571.3766515804455</ele>
				<time>2025-11-14T19:01:52Z</time>
			</trkpt>
			<trkpt lat="35.40677636324467" lon="-83.5846216711623">
				<ele>572.4136263784021</ele>
				<time>2025-11-14T19:01:53Z</time>
			</trkpt>
			<trkpt lat="35.406789845869454" lon="-83.58464373742973">
				<ele>571.0222808178514</ele>
				<time>2025-11-14T19:01:54Z</time>
			</trkpt>
			<trkpt lat="35.406808887268774" lon="-83.58467439219952">
				<ele>569.8805236099288</ele>
				<time>2025-11-14T19:01:56Z</time>
			</trkpt>
			<trkpt lat="35.40681453210809" lon="-83.58469918855307">
				<ele>570.353468448855</ele>
				<time>2025-11-14T19:01:58Z</time>
			</trkpt>
			<trkpt lat="35.40683219236234" lon="-83.58471825475388">
				<ele>570.0635135564953</ele>
				<time>2025-11-14T19:02:01Z</time>
			</trkpt>
			<trkpt lat="35.40685231654544" lon="-83.58470912202138">
				<ele>570.2957966085523</ele>
				<time>2025-11-14T19:02:03Z</time>
			</trkpt>
			<trkpt lat="35.40686240807456" lon="-83.5846852544937">
				<ele>571.3866883348674</ele>
				<time>2025-11-14T19:02:05Z</time>
			</trkpt>
			<trkpt lat="35.406872304464606" lon="-83.58465676449156">
				<ele>574.0978212095797</ele>
				<time>2025-11-14T19:02:08Z</time>
			</trkpt>
			<trkpt lat="35.406887575625795" lon="-83.5846295405458">
				<ele>574.70080600027</ele>
				<time>2025-11-14T19:02:10Z</time>
			</trkpt>
			<trkpt lat="35.40690533100474" lon="-83.58459856188365">
				<ele>574.8626852277666</ele>
				<time>2025-11-14T19:02:12Z</time>
			</trkpt>
			<trkpt lat="35.40692283122606" lon="-83.58456799868094">
				<ele>576.4623888619244</ele>
				<time>2025-11-14T19:02:14Z</time>
			</trkpt>
			<trkpt lat="35.40693790935093" lon="-83.5845466113901">
				<ele>575.5004585525021</ele>
				<time>2025-11-14T19:02:15Z</time>
			</trkpt>
			<trkpt lat="35.406965199956176" lon="-83.58450549050868">
				<ele>576.4490571869537</ele>
				<time>2025-11-14T19:02:17Z</time>
			</trkpt>
			<trkpt lat="35.40698932323117" lon="-83.58448624975134">
				<ele>575.6615295559168</ele>
				<time>2025-11-14T19:02:19Z</time>
			</trkpt>
			<trkpt lat="35.4070007499547" lon="-83.58446740811353">
				<ele>574.9757859352976</ele>
				<time>2025-11-14T19:02:20Z</time>
			</trkpt>
			<trkpt lat="35.407026409797425" lon="-83.58442633070219">
				<ele>574.5376869896427</ele>
				<time>2025-11-14T19:02:22Z</time>
			</trkpt>
			<trkpt lat="35.40703781180951" lon="-83.58440924231846">
				<ele>575.1141216419637</ele>
				<time>2025-11-14T19:02:23Z</time>
			</trkpt>
			<trkpt lat="35.407054978638286" lon="-83.58437701660402">
				<ele>575.2324653044343</ele>
				<time>2025-11-14T19:02:24Z</time>
			</trkpt>
			<trkpt lat="35.40708190597469" lon="-83.58433372605707">
				<ele>574.5726959211752</ele>
				<time>2025-11-14T19:02:26Z</time>
			</trkpt>
			<trkpt lat="35.40709537540258" lon="-83.58431552363162">
				<ele>575.7046108208597</ele>
				<time>2025-11-14T19:02:27Z</time>
			</trkpt>
			<trkpt lat="35.40711499165208" lon="-83.58428515064082">
				<ele>576.6503520933911</ele>
				<time>2025-11-14T19:02:28Z</time>
			</trkpt>
			<trkpt lat="35.40713661414528" lon="-83.5842431333121">
				<ele>577.9984290385619</ele>
				<time>2025-11-14T19:02:30Z</time>
			</trkpt>
			<trkpt lat="35.407161994171794" lon="-83.58421435826153">
				<ele>578.7862819535658</ele>
				<time>2025-11-14T19:02:32Z</time>
			</trkpt>
			<trkpt lat="35.40718327891971" lon="-83.58420102323397">
				<ele>580.0588460117579</ele>
				<time>2025-11-14T19:02:34Z</time>
			</trkpt>
			<trkpt lat="35.40719917384245" lon="-83.58418176523567">
				<ele>581.6518510123715</ele>
				<time>2025-11-14T19:02:36Z</time>
			</trkpt>
			<trkpt lat="35.407226344449676" lon="-83.5841631291639">
				<ele>582.1366149578243</ele>
				<time>2025-11-14T19:02:38Z</time>
			</trkpt>
			<trkpt lat="35.4072630161295" lon="-83.58415692598425">
				<ele>584.2078581014648</ele>
				<time>2025-11-14T19:02:40Z</time>
			</trkpt>
			<trkpt lat="35.40728733255237" lon="-83.58416665523599">
				<ele>585.0734050041065</ele>
				<time>2025-11-14T19:02:41Z</time>
			</trkpt>
			<trkpt lat="35.4073181657439" lon="-83.58418079863405">
				<ele>583.6192655256018</ele>
				<time>2025-11-14T19:02:42Z</time>
			</trkpt>
			<trkpt lat="35.407342975146825" lon="-83.58419249061924">
				<ele>583.9941833671182</ele>
				<time>2025-11-14T19:02:43Z</time>
			</trkpt>
			<trkpt lat="35.40737511501131" lon="-83.58420692390199">
				<ele>583.7837629243731</ele>
				<time>2025-11-14T19:02:44Z</time>
			</trkpt>
			<trkpt lat="35.40739472014437" lon="-83.58421148446779">
				<ele>582.6439234344289</ele>
				<time>2025-11-14T19:02:45Z</time>
			</trkpt>
			<trkpt lat="35.40742501597124" lon="-83.58422752219481">
				<ele>582.1966201197356</ele>
				<time>2025-11-14T19:02:47Z</time>
			</trkpt>
			<trkpt lat="35.40743902471022" lon="-83.58424390945022">
				<ele>582.8637774661183</ele>
				<time>2025-11-14T19:02:48Z</time>
			</trkpt>
			<trkpt lat="35.40746166921432" lon="-83.58426773220106">
				<ele>582.3002837207168</ele>
				<time>2025-11-14T19:02:50Z</time>
			</trkpt>
			<trkpt lat="35.40748506975892" lon="-83.5842920082429">
				<ele>582.3094090502709</ele>
				<time>2025-11-14T19:02:52Z</time>
			</trkpt>
			<trkpt lat="35.40750534853483" lon="-83.58432789832976">
				<ele>582.7714145844802</ele>
				<time>2025-11-14T19:02:55Z</time>
			</trkpt>
			<trkpt lat="35.40752028145929" lon="-83.58436171265997">
				<ele>583.193717754446</ele>
				<time>2025-11-14T19:02:56Z</time>
			</trkpt>
			<trkpt lat="35.40753108723185" lon="-83.58439254325361">
				<ele>584.0792290549725</ele>
				<time>2025-11-14T19:02:57Z</time>
			</trkpt>
			<trkpt lat="35.407542060865545" lon="-83.58443076279255">
				<ele>583.8736477382481</ele>
				<time>2025-11-14T19:02:58Z</time>
			</trkpt>
			<trkpt lat="35.40755466355971" lon="-83.5844754401039">
				<ele>583.7658388046548</ele>
				<time>2025-11-14T19:02:59Z</time>
			</trkpt>
			<trkpt lat="35.40757490192761" lon="-83.58450846798952">
				<ele>583.0142715899274</ele>
				<time>2025-11-14T19:03:00Z</time>
			</trkpt>
			<trkpt lat="35.40759644329079" lon="-83.58453018970475">
				<ele>584.575197789818</ele>
				<time>2025-11-14T19:03:01Z</time>
			</trkpt>
			<trkpt lat="35.40761872044636" lon="-83.58455356924942">
				<ele>583.6208973843604</ele>
				<time>2025-11-14T19:03:02Z</time>
			</trkpt>
			<trkpt lat="35.40764006579468" lon="-83.58457464629979">
				<ele>583.2374186515808</ele>
				<time>2025-11-14T19:03:03Z</time>
			</trkpt>
			<trkpt lat="35.407660689233296" lon="-83.5846080563418">
				<ele>581.7625278830528</ele>
				<time>2025-11-14T19:03:04Z</time>
			</trkpt>
			<trkpt lat="35.40769137905562" lon="-83.58464261713821">
				<ele>579.5602302327752</ele>
				<time>2025-11-14T19:03:05Z</time>
			</trkpt>
			<trkpt lat="35.407741116221914" lon="-83.58470387403533">
				<ele>576.980465660803</ele>
				<time>2025-11-14T19:03:06Z</time>
			</trkpt>
			<trkpt lat="35.40776583304283" lon="-83.58473861693719">
				<ele>575.965189686045</ele>
				<time>2025-11-14T19:03:07Z</time>
			</trkpt>
			<trkpt lat="35.4077778597956" lon="-83.58476871209366">
				<ele>575.7374824620783</ele>
				<time>2025-11-14T19:03:08Z</time>
			</trkpt>
			<trkpt lat="35.40778959724155" lon="-83.58480082813897">
				<ele>575.1349639743567</ele>
				<time>2025-11-14T19:03:09Z</time>
			</trkpt>
			<trkpt lat="35.40778955698844" lon="-83.58482553838036">
				<ele>575.6525582578033</ele>
				<time>2025-11-14T19:03:10Z</time>
			</trkpt>
			<trkpt lat="35.40779181575627" lon="-83.58486590941776">
				<ele>575.5065542701632</ele>
				<time>2025-11-14T19:03:11Z</time>
			</trkpt>
			<trkpt lat="35.407786441010096" lon="-83.58488755782138">
				<ele>575.4436969626695</ele>
				<time>2025-11-14T19:03:12Z</time>
			</trkpt>
			<trkpt lat="35.40778188799076" lon="-83.58494106744861">
				<ele>575.2126809880137</ele>
				<time>2025-11-14T19:03:13Z</time>
			</trkpt>
			<trkpt lat="35.407782998961" lon="-83.584978916319">
				<ele>574.1503283381462</ele>
				<time>2025-11-14T19:03:14Z</time>
			</trkpt>
			<trkpt lat="35.40777911488314" lon="-83.58502241156084">
				<ele>572.3992669712752</ele>
				<time>2025-11-14T19:03:15Z</time>
			</trkpt>
			<trkpt lat="35.4077774604873" lon="-83.58505855312656">
				<ele>569.9378848318011</ele>
				<time>2025-11-14T19:03:16Z</time>
			</trkpt>
			<trkpt lat="35.407780246616156" lon="-83.58508265158467">
				<ele>570.5949972020462</ele>
				<time>2025-11-14T19:03:17Z</time>
			</trkpt>
			<trkpt lat="35.40778070817358" lon="-83.585121682908">
				<ele>569.7579936636612</ele>
				<time>2025-11-14T19:03:18Z</time>
			</trkpt>
			<trkpt lat="35.407783321937224" lon="-83.58514808844828">
				<ele>569.5256263054907</ele>
				<time>2025-11-14T19:03:19Z</time>
			</trkpt>
			<trkpt lat="35.40778054253957" lon="-83.5851698531939">
				<ele>566.2502855034545</ele>
				<time>2025-11-14T19:03:26Z</time>
			</trkpt>
			<trkpt lat="35.40779935591123" lon="-83.58516524831317">
				<ele>567.6815626081079</ele>
				<time>2025-11-14T19:03:33Z</time>
			</trkpt>
			<trkpt lat="35.407779963032404" lon="-83.58519061500465">
				<ele>568.3836657358333</ele>
				<time>2025-11-14T19:03:37Z</time>
			</trkpt>
			<trkpt lat="35.40777435332411" lon="-83.58521172813707">
				<ele>568.9180861609057</ele>
				<time>2025-11-14T19:03:38Z</time>
			</trkpt>
			<trkpt lat="35.40779674725047" lon="-83.58521718686947">
				<ele>568.7659788131714</ele>
				<time>2025-11-14T19:03:39Z</time>
			</trkpt>
			<trkpt lat="35.4078009915983" lon="-83.58525860139738">
				<ele>568.361559111625</ele>
				<time>2025-11-14T19:03:41Z</time>
			</trkpt>
			<trkpt lat="35.40780603063758" lon="-83.5852810484999">
				<ele>568.0912241050974</ele>
				<time>2025-11-14T19:03:42Z</time>
			</trkpt>
			<trkpt lat="35.4078062050566" lon="-83.58530822335237">
				<ele>568.2630798546597</ele>
				<time>2025-11-14T19:03:43Z</time>
			</trkpt>
			<trkpt lat="35.407808382759" lon="-83.58533711857307">
				<ele>567.8546545775607</ele>
				<time>2025-11-14T19:03:44Z</time>
			</trkpt>
			<trkpt lat="35.407814177368884" lon="-83.58537442340656">
				<ele>566.2422134177759</ele>
				<time>2025-11-14T19:03:45Z</time>
			</trkpt>
			<trkpt lat="35.40781202682149" lon="-83.58541083056113">
				<ele>566.0974539918825</ele>
				<time>2025-11-14T19:03:46Z</time>
			</trkpt>
			<trkpt lat="35.40780778333097" lon="-83.58547252020361">
				<ele>567.0495334416628</ele>
				<time>2025-11-14T19:03:47Z</time>
			</trkpt>
			<trkpt lat="35.407796764597336" lon="-83.58550637325332">
				<ele>568.2859042054042</ele>
				<time>2025-11-14T19:03:48Z</time>
			</trkpt>
			<trkpt lat="35.40777521316273" lon="-83.58553342727745">
				<ele>568.6216470403597</ele>
				<time>2025-11-14T19:03:49Z</time>
			</trkpt>
			<trkpt lat="35.40773213302848" lon="-83.58555378355828">
				<ele>569.5789597379044</ele>
				<time>2025-11-14T19:03:50Z</time>
			</trkpt>
			<trkpt lat="35.40769202772573" lon="-83.58557815050104">
				<ele>568.955669133924</ele>
				<time>2025-11-14T19:03:51Z</time>
			</trkpt>
			<trkpt lat="35.40766912888372" lon="-83.58559596054258">
				<ele>569.6143377525732</ele>
				<time>2025-11-14T19:03:52Z</time>
			</trkpt>
			<trkpt lat="35.407651788353164" lon="-83.585610818212">
				<ele>569.4172235168517</ele>
				<time>2025-11-14T19:03:53Z</time>
			</trkpt>
			<trkpt lat="35.407662876081034" lon="-83.58564526077443">
				<ele>570.3667378723621</ele>
				<time>2025-11-14T19:03:55Z</time>
			</trkpt>
			<trkpt lat="35.407647654249494" lon="-83.58566375294491">
				<ele>570.3817980075255</ele>
				<time>2025-11-14T19:03:56Z</time>
			</trkpt>
			<trkpt lat="35.40766876203355" lon="-83.58568348887316">
				<ele>569.8211957672611</ele>
				<time>2025-11-14T19:03:57Z</time>
			</trkpt>
			<trkpt lat="35.407699552773096" lon="-83.58567661204081">
				<ele>568.9021077211946</ele>
				<time>2025-11-14T19:03:58Z</time>
			</trkpt>
			<trkpt lat="35.407740663119085" lon="-83.5856460515528">
				<ele>569.4501673337072</ele>
				<time>2025-11-14T19:03:59Z</time>
			</trkpt>
			<trkpt lat="35.407774943911335" lon="-83.58561389224262">
				<ele>569.4758677799255</ele>
				<time>2025-11-14T19:04:00Z</time>
			</trkpt>
			<trkpt lat="35.40785200405822" lon="-83.58559013004889">
				<ele>567.6691188989207</ele>
				<time>2025-11-14T19:04:01Z</time>
			</trkpt>
			<trkpt lat="35.407894376064775" lon="-83.5855512565418">
				<ele>567.0471290582791</ele>
				<time>2025-11-14T19:04:02Z</time>
			</trkpt>
			<trkpt lat="35.407933737018446" lon="-83.58550086102717">
				<ele>566.9015135271475</ele>
				<time>2025-11-14T19:04:03Z</time>
			</trkpt>
			<trkpt lat="35.40795848262869" lon="-83.58543494517158">
				<ele>567.9826903808862</ele>
				<time>2025-11-14T19:04:04Z</time>
			</trkpt>
			<trkpt lat="35.40797860873164" lon="-83.5853850300246">
				<ele>567.8127976963297</ele>
				<time>2025-11-14T19:04:05Z</time>
			</trkpt>
			<trkpt lat="35.4080036174294" lon="-83.58533053363935">
				<ele>568.1685302508995</ele>
				<time>2025-11-14T19:04:06Z</time>
			</trkpt>
			<trkpt lat="35.408043296594414" lon="-83.58526571980639">
				<ele>566.8145240172744</ele>
				<time>2025-11-14T19:04:07Z</time>
			</trkpt>
			<trkpt lat="35.40810472612501" lon="-83.58519572704039">
				<ele>565.3665860174224</ele>
				<time>2025-11-14T19:04:08Z</time>
			</trkpt>
			<trkpt lat="35.408153369648" lon="-83.58512801017783">
				<ele>563.6463590124622</ele>
				<time>2025-11-14T19:04:09Z</time>
			</trkpt>
			<trkpt lat="35.408186644745854" lon="-83.58510393252104">
				<ele>563.8617062177509</ele>
				<time>2025-11-14T19:04:10Z</time>
			</trkpt>
			<trkpt lat="35.408211963780055" lon="-83.58509668402904">
				<ele>564.5981099782512</ele>
				<time>2025-11-14T19:04:11Z</time>
			</trkpt>
			<trkpt lat="35.40823280090156" lon="-83.58510587927175">
				<ele>564.6280196812004</ele>
				<time>2025-11-14T19:04:13Z</time>
			</trkpt>
			<trkpt lat="35.40823752255662" lon="-83.58515688433576">
				<ele>563.994611675851</ele>
				<time>2025-11-14T19:04:15Z</time>
			</trkpt>
			<trkpt lat="35.40824085658642" lon="-83.58520378500486">
				<ele>563.243782251142</ele>
				<time>2025-11-14T19:04:16Z</time>
			</trkpt>
			<trkpt lat="35.40824247933386" lon="-83.58523731214648">
				<ele>564.3501945240423</ele>
				<time>2025-11-14T19:04:17Z</time>
			</trkpt>
			<trkpt lat="35.40824900719908" lon="-83.58526695797259">
				<ele>563.9989305194467</ele>
				<time>2025-11-14T19:04:18Z</time>
			</trkpt>
			<trkpt lat="35.40825421964039" lon="-83.58529846015804">
				<ele>562.8589749643579</ele>
				<time>2025-11-14T19:04:19Z</time>
			</trkpt>
			<trkpt lat="35.408258098754416" lon="-83.58533703331973">
				<ele>563.9799168864265</ele>
				<time>2025-11-14T19:04:21Z</time>
			</trkpt>
			<trkpt lat="35.40825907377104" lon="-83.58539224131032">
				<ele>566.2016253676265</ele>
				<time>2025-11-14T19:04:23Z</time>
			</trkpt>
			<trkpt lat="35.408261679780765" lon="-83.5854216291733">
				<ele>568.1605757847428</ele>
				<time>2025-11-14T19:04:24Z</time>
			</trkpt>
			<trkpt lat="35.408264946618345" lon="-83.58545880851949">
				<ele>567.108502834104</ele>
				<time>2025-11-14T19:04:25Z</time>
			</trkpt>
			<trkpt lat="35.408271108856276" lon="-83.58549833645193">
				<ele>567.6792495436966</ele>
				<time>2025-11-14T19:04:26Z</time>
			</trkpt>
			<trkpt lat="35.408276783391365" lon="-83.58554229627413">
				<ele>567.1126081887633</ele>
				<time>2025-11-14T19:04:27Z</time>
			</trkpt>
			<trkpt lat="35.40827905796049" lon="-83.58558944588225">
				<ele>564.8543281042948</ele>
				<time>2025-11-14T19:04:28Z</time>
			</trkpt>
			<trkpt lat="35.40826465381237" lon="-83.58564489156014">
				<ele>563.0087245265022</ele>
				<time>2025-11-14T19:04:29Z</time>
			</trkpt>
			<trkpt lat="35.4082446026036" lon="-83.58571240397679">
				<ele>560.9738903641701</ele>
				<time>2025-11-14T19:04:30Z</time>
			</trkpt>
			<trkpt lat="35.40823576785243" lon="-83.58575390463405">
				<ele>561.8719527693465</ele>
				<time>2025-11-14T19:04:31Z</time>
			</trkpt>
			<trkpt lat="35.4082233558978" lon="-83.58580096132731">
				<ele>562.748991701752</ele>
				<time>2025-11-14T19:04:32Z</time>
			</trkpt>
			<trkpt lat="35.408212392492366" lon="-83.58583736323907">
				<ele>561.9556139819324</ele>
				<time>2025-11-14T19:04:33Z</time>
			</trkpt>
			<trkpt lat="35.408202973394296" lon="-83.58587494874185">
				<ele>561.6794442003593</ele>
				<time>2025-11-14T19:04:34Z</time>
			</trkpt>
			<trkpt lat="35.40818967574011" lon="-83.58592199718386">
				<ele>562.1102376095951</ele>
				<time>2025-11-14T19:04:36Z</time>
			</trkpt>
			<trkpt lat="35.408173937597994" lon="-83.58597696401854">
				<ele>562.2695241263136</ele>
				<time>2025-11-14T19:04:38Z</time>
			</trkpt>
			<trkpt lat="35.40816127559698" lon="-83.58601255282572">
				<ele>562.4586472054943</ele>
				<time>2025-11-14T19:04:40Z</time>
			</trkpt>
			<trkpt lat="35.40815450608222" lon="-83.58603656825814">
				<ele>562.9377350434661</ele>
				<time>2025-11-14T19:04:41Z</time>
			</trkpt>
			<trkpt lat="35.4081485014954" lon="-83.5860578700841">
				<ele>562.5670296782628</ele>
				<time>2025-11-14T19:04:42Z</time>
			</trkpt>
			<trkpt lat="35.40814049716213" lon="-83.58608626616261">
				<ele>561.8452957998961</ele>
				<time>2025-11-14T19:04:43Z</time>
			</trkpt>
			<trkpt lat="35.40812713246967" lon="-83.58613367861324">
				<ele>564.042131299153</ele>
				<time>2025-11-14T19:04:45Z</time>
			</trkpt>
			<trkpt lat="35.40812088668201" lon="-83.5861558361074">
				<ele>563.7108335662633</ele>
				<time>2025-11-14T19:04:46Z</time>
			</trkpt>
			<trkpt lat="35.408113409483484" lon="-83.58618236213866">
				<ele>564.4760985327885</ele>
				<time>2025-11-14T19:04:47Z</time>
			</trkpt>
			<trkpt lat="35.408109706694255" lon="-83.58620962908675">
				<ele>565.2611310752109</ele>
				<time>2025-11-14T19:04:48Z</time>
			</trkpt>
			<trkpt lat="35.40810427359333" lon="-83.58624491841361">
				<ele>564.4853676874191</ele>
				<time>2025-11-14T19:04:49Z</time>
			</trkpt>
			<trkpt lat="35.408097031414066" lon="-83.58627470988084">
				<ele>563.5544384419918</ele>
				<time>2025-11-14T19:04:50Z</time>
			</trkpt>
			<trkpt lat="35.40809049442334" lon="-83.58630160065584">
				<ele>564.3216793620959</ele>
				<time>2025-11-14T19:04:51Z</time>
			</trkpt>
			<trkpt lat="35.40808410608839" lon="-83.58633410193127">
				<ele>563.4974566819146</ele>
				<time>2025-11-14T19:04:52Z</time>
			</trkpt>
			<trkpt lat="35.40808049120345" lon="-83.58637364900065">
				<ele>563.3298066398129</ele>
				<time>2025-11-14T19:04:53Z</time>
			</trkpt>
			<trkpt lat="35.40809220230665" lon="-83.58642761519943">
				<ele>562.1495549315587</ele>
				<time>2025-11-14T19:04:54Z</time>
			</trkpt>
			<trkpt lat="35.40811582571361" lon="-83.58647288400837">
				<ele>561.8196155047044</ele>
				<time>2025-11-14T19:04:55Z</time>
			</trkpt>
			<trkpt lat="35.40814298829179" lon="-83.58652126161785">
				<ele>561.3406141530722</ele>
				<time>2025-11-14T19:04:56Z</time>
			</trkpt>
			<trkpt lat="35.4081695081557" lon="-83.58655979572399">
				<ele>560.1398654179648</ele>
				<time>2025-11-14T19:04:57Z</time>
			</trkpt>
			<trkpt lat="35.40818558160553" lon="-83.58657005726084">
				<ele>561.8673396725208</ele>
				<time>2025-11-14T19:04:58Z</time>
			</trkpt>
			<trkpt lat="35.40820401873179" lon="-83.58657190966774">
				<ele>560.8160554328933</ele>
				<time>2025-11-14T19:04:59Z</time>
			</trkpt>
			<trkpt lat="35.408229969712934" lon="-83.58657127923455">
				<ele>560.19023076538</ele>
				<time>2025-11-14T19:05:00Z</time>
			</trkpt>
			<trkpt lat="35.408263440419965" lon="-83.58655512661379">
				<ele>561.0893595442176</ele>
				<time>2025-11-14T19:05:02Z</time>
			</trkpt>
			<trkpt lat="35.40828869709501" lon="-83.5865220139754">
				<ele>561.9120060103014</ele>
				<time>2025-11-14T19:05:04Z</time>
			</trkpt>
			<trkpt lat="35.40831004806139" lon="-83.5865036891717">
				<ele>561.8208599202335</ele>
				<time>2025-11-14T19:05:06Z</time>
			</trkpt>
			<trkpt lat="35.40833203074595" lon="-83.58647527499188">
				<ele>561.429538984783</ele>
				<time>2025-11-14T19:05:08Z</time>
			</trkpt>
			<trkpt lat="35.40835281933919" lon="-83.5864444000285">
				<ele>562.3685216978192</ele>
				<time>2025-11-14T19:05:10Z</time>
			</trkpt>
			<trkpt lat="35.40836546381968" lon="-83.58642526639656">
				<ele>562.1689833262935</ele>
				<time>2025-11-14T19:05:11Z</time>
			</trkpt>
			<trkpt lat="35.40838223932731" lon="-83.58639186669305">
				<ele>563.5372724244371</ele>
				<time>2025-11-14T19:05:13Z</time>
			</trkpt>
			<trkpt lat="35.40840151160988" lon="-83.58635532490572">
				<ele>562.1824180195108</ele>
				<time>2025-11-14T19:05:15Z</time>
			</trkpt>
			<trkpt lat="35.40841968843594" lon="-83.58631626533457">
				<ele>564.2016271287575</ele>
				<time>2025-11-14T19:05:17Z</time>
			</trkpt>
			<trkpt lat="35.40843144851514" lon="-83.58629613589034">
				<ele>564.8512600371614</ele>
				<time>2025-11-14T19:05:18Z</time>
			</trkpt>
			<trkpt lat="35.40844374262152" lon="-83.58627509250265">
				<ele>564.8373069399968</ele>
				<time>2025-11-14T19:05:19Z</time>
			</trkpt>
			<trkpt lat="35.408459008805984" lon="-83.58625507083583">
				<ele>565.0451191738248</ele>
				<time>2025-11-14T19:05:20Z</time>
			</trkpt>
			<trkpt lat="35.40847473959519" lon="-83.58623360479895">
				<ele>565.3559537585825</ele>
				<time>2025-11-14T19:05:21Z</time>
			</trkpt>
			<trkpt lat="35.40849307692584" lon="-83.58620955264198">
				<ele>564.8548350390047</ele>
				<time>2025-11-14T19:05:22Z</time>
			</trkpt>
			<trkpt lat="35.408515454820616" lon="-83.58618663200302">
				<ele>565.4211821183562</ele>
				<time>2025-11-14T19:05:23Z</time>
			</trkpt>
			<trkpt lat="35.40854048575342" lon="-83.58616099395616">
				<ele>565.8650244399905</ele>
				<time>2025-11-14T19:05:24Z</time>
			</trkpt>
			<trkpt lat="35.40856427507235" lon="-83.58613848859464">
				<ele>566.0572816552594</ele>
				<time>2025-11-14T19:05:25Z</time>
			</trkpt>
			<trkpt lat="35.4085848829151" lon="-83.58611930428084">
				<ele>566.8578945910558</ele>
				<time>2025-11-14T19:05:26Z</time>
			</trkpt>
			<trkpt lat="35.40860637565955" lon="-83.58610097712886">
				<ele>567.2403221651912</ele>
				<time>2025-11-14T19:05:27Z</time>
			</trkpt>
			<trkpt lat="35.40862759077315" lon="-83.58608288672625">
				<ele>567.9294479703531</ele>
				<time>2025-11-14T19:05:28Z</time>
			</trkpt>
			<trkpt lat="35.408646479093356" lon="-83.58606673529829">
				<ele>568.0552006168291</ele>
				<time>2025-11-14T19:05:29Z</time>
			</trkpt>
			<trkpt lat="35.40866712918158" lon="-83.58604943132528">
				<ele>569.1060649538413</ele>
				<time>2025-11-14T19:05:30Z</time>
			</trkpt>
			<trkpt lat="35.40870150270011" lon="-83.58602062759186">
				<ele>568.9325287984684</ele>
				<time>2025-11-14T19:05:31Z</time>
			</trkpt>
			<trkpt lat="35.4087593875766" lon="-83.58597131650154">
				<ele>569.0245291003957</ele>
				<time>2025-11-14T19:05:32Z</time>
			</trkpt>
			<trkpt lat="35.408818953477706" lon="-83.5859138038222">
				<ele>567.9165725354105</ele>
				<time>2025-11-14T19:05:33Z</time>
			</trkpt>
			<trkpt lat="35.40885766679039" lon="-83.58587026772157">
				<ele>566.9286423847079</ele>
				<time>2025-11-14T19:05:34Z</time>
			</trkpt>
			<trkpt lat="35.408893481104606" lon="-83.58581153982499">
				<ele>566.4819873990491</ele>
				<time>2025-11-14T19:05:35Z</time>
			</trkpt>
			<trkpt lat="35.4089148929796" lon="-83.58575798039249">
				<ele>565.3704885998741</ele>
				<time>2025-11-14T19:05:36Z</time>
			</trkpt>
			<trkpt lat="35.408924644017226" lon="-83.58572842342338">
				<ele>565.234334689565</ele>
				<time>2025-11-14T19:05:37Z</time>
			</trkpt>
			<trkpt lat="35.408934516412394" lon="-83.5856931800261">
				<ele>566.5509774563834</ele>
				<time>2025-11-14T19:05:38Z</time>
			</trkpt>
			<trkpt lat="35.40894072780008" lon="-83.58567100604577">
				<ele>566.4684872953221</ele>
				<time>2025-11-14T19:05:39Z</time>
			</trkpt>
			<trkpt lat="35.408960523464785" lon="-83.58565648323894">
				<ele>570.6443755608052</ele>
				<time>2025-11-14T19:05:43Z</time>
			</trkpt>
			<trkpt lat="35.4089764497885" lon="-83.58563972665715">
				<ele>569.4449716489762</ele>
				<time>2025-11-14T19:05:44Z</time>
			</trkpt>
			<trkpt lat="35.40899938437225" lon="-83.58563648114696">
				<ele>568.332757961005</ele>
				<time>2025-11-14T19:05:45Z</time>
			</trkpt>
			<trkpt lat="35.409031049934576" lon="-83.58561544326732">
				<ele>566.7964547900483</ele>
				<time>2025-11-14T19:05:46Z</time>
			</trkpt>
			<trkpt lat="35.409088006043" lon="-83.5855936121678">
				<ele>566.8012946918607</ele>
				<time>2025-11-14T19:05:47Z</time>
			</trkpt>
			<trkpt lat="35.409154996347596" lon="-83.58562981261085">
				<ele>565.8049883637577</ele>
				<time>2025-11-14T19:05:48Z</time>
			</trkpt>
			<trkpt lat="35.40916651800025" lon="-83.58565257586741">
				<ele>565.6166930859908</ele>
				<time>2025-11-14T19:05:49Z</time>
			</trkpt>
			<trkpt lat="35.409183608782314" lon="-83.58567774917978">
				<ele>564.8832984343171</ele>
				<time>2025-11-14T19:05:50Z</time>
			</trkpt>
			<trkpt lat="35.4091944352363" lon="-83.5857013142762">
				<ele>564.5947518488392</ele>
				<time>2025-11-14T19:05:51Z</time>
			</trkpt>
			<trkpt lat="35.40921709440439" lon="-83.58574637738218">
				<ele>565.9984965166077</ele>
				<time>2025-11-14T19:05:53Z</time>
			</trkpt>
			<trkpt lat="35.40925004205239" lon="-83.58578032830692">
				<ele>566.5433921413496</ele>
				<time>2025-11-14T19:05:55Z</time>
			</trkpt>
			<trkpt lat="35.40928489661469" lon="-83.585785135867">
				<ele>566.6840675370768</ele>
				<time>2025-11-14T19:05:57Z</time>
			</trkpt>
			<trkpt lat="35.40930795077143" lon="-83.58578122307222">
				<ele>566.505394265987</ele>
				<time>2025-11-14T19:05:58Z</time>
			</trkpt>
			<trkpt lat="35.40933167756607" lon="-83.5857695367531">
				<ele>564.9787650918588</ele>
				<time>2025-11-14T19:06:01Z</time>
			</trkpt>
			<trkpt lat="35.409348360902214" lon="-83.5857490465509">
				<ele>562.9749556416646</ele>
				<time>2025-11-14T19:06:03Z</time>
			</trkpt>
			<trkpt lat="35.40937773634973" lon="-83.58571720708213">
				<ele>563.3493489203975</ele>
				<time>2025-11-14T19:06:05Z</time>
			</trkpt>
			<trkpt lat="35.40940530559246" lon="-83.58568935563731">
				<ele>562.9382763952017</ele>
				<time>2025-11-14T19:06:06Z</time>
			</trkpt>
			<trkpt lat="35.40942708292006" lon="-83.5856720351448">
				<ele>563.1633966322988</ele>
				<time>2025-11-14T19:06:07Z</time>
			</trkpt>
			<trkpt lat="35.409457962835575" lon="-83.58564190045956">
				<ele>563.4357759980485</ele>
				<time>2025-11-14T19:06:08Z</time>
			</trkpt>
			<trkpt lat="35.409507079048325" lon="-83.58563021317346">
				<ele>565.3451357902959</ele>
				<time>2025-11-14T19:06:10Z</time>
			</trkpt>
			<trkpt lat="35.40954089764864" lon="-83.58563821816598">
				<ele>567.3881395487115</ele>
				<time>2025-11-14T19:06:11Z</time>
			</trkpt>
			<trkpt lat="35.40957974749159" lon="-83.58565502296031">
				<ele>568.5396435698494</ele>
				<time>2025-11-14T19:06:12Z</time>
			</trkpt>
			<trkpt lat="35.40961106388109" lon="-83.58567008461925">
				<ele>569.7065078662708</ele>
				<time>2025-11-14T19:06:13Z</time>
			</trkpt>
			<trkpt lat="35.40966349677343" lon="-83.5856953313583">
				<ele>568.4443126982078</ele>
				<time>2025-11-14T19:06:14Z</time>
			</trkpt>
			<trkpt lat="35.40971075613178" lon="-83.58571447030313">
				<ele>568.1814369847998</ele>
				<time>2025-11-14T19:06:16Z</time>
			</trkpt>
			<trkpt lat="35.409759824635366" lon="-83.58572749015762">
				<ele>568.8698467230424</ele>
				<time>2025-11-14T19:06:17Z</time>
			</trkpt>
			<trkpt lat="35.40983376414976" lon="-83.58573329597651">
				<ele>569.1499830698594</ele>
				<time>2025-11-14T19:06:18Z</time>
			</trkpt>
			<trkpt lat="35.409890429008854" lon="-83.58573329597596">
				<ele>568.4895401429385</ele>
				<time>2025-11-14T19:06:19Z</time>
			</trkpt>
			<trkpt lat="35.40994667049871" lon="-83.58573329597529">
				<ele>567.6595161631703</ele>
				<time>2025-11-14T19:06:20Z</time>
			</trkpt>
			<trkpt lat="35.41000834228722" lon="-83.5857329468831">
				<ele>566.6085072038695</ele>
				<time>2025-11-14T19:06:21Z</time>
			</trkpt>
			<trkpt lat="35.41006095142367" lon="-83.58573555228637">
				<ele>567.2494366085157</ele>
				<time>2025-11-14T19:06:22Z</time>
			</trkpt>
			<trkpt lat="35.41010979669216" lon="-83.5857420644952">
				<ele>566.6892250357196</ele>
				<time>2025-11-14T19:06:23Z</time>
			</trkpt>
			<trkpt lat="35.41015213788979" lon="-83.58575389217307">
				<ele>565.9929650835693</ele>
				<time>2025-11-14T19:06:24Z</time>
			</trkpt>
			<trkpt lat="35.410198081041194" lon="-83.58577008672371">
				<ele>565.2708476828411</ele>
				<time>2025-11-14T19:06:25Z</time>
			</trkpt>
			<trkpt lat="35.41023804601167" lon="-83.58578482988918">
				<ele>565.313540189527</ele>
				<time>2025-11-14T19:06:26Z</time>
			</trkpt>
			<trkpt lat="35.41030907066708" lon="-83.58579258001366">
				<ele>564.6509445533156</ele>
				<time>2025-11-14T19:06:27Z</time>
			</trkpt>
			<trkpt lat="35.4103635081859" lon="-83.58577750720718">
				<ele>563.3111277120188</ele>
				<time>2025-11-14T19:06:28Z</time>
			</trkpt>
			<trkpt lat="35.410449489958694" lon="-83.5857034344728">
				<ele>563.0169466193765</ele>
				<time>2025-11-14T19:06:29Z</time>
			</trkpt>
			<trkpt lat="35.4104844737238" lon="-83.58560392728089">
				<ele>561.4461639812216</ele>
				<time>2025-11-14T19:06:30Z</time>
			</trkpt>
			<trkpt lat="35.41049725911397" lon="-83.58550906409502">
				<ele>560.6206182977185</ele>
				<time>2025-11-14T19:06:31Z</time>
			</trkpt>
			<trkpt lat="35.41050871205873" lon="-83.58543440440204">
				<ele>558.9895662916824</ele>
				<time>2025-11-14T19:06:32Z</time>
			</trkpt>
			<trkpt lat="35.410518542088965" lon="-83.5853908510716">
				<ele>558.5036156242713</ele>
				<time>2025-11-14T19:06:33Z</time>
			</trkpt>
			<trkpt lat="35.41052466626576" lon="-83.5853248723623">
				<ele>557.5372790778056</ele>
				<time>2025-11-14T19:06:34Z</time>
			</trkpt>
			<trkpt lat="35.41053422003955" lon="-83.58525810412071">
				<ele>556.4601952061057</ele>
				<time>2025-11-14T19:06:35Z</time>
			</trkpt>
			<trkpt lat="35.41053521244575" lon="-83.58516462458506">
				<ele>554.3680263897404</ele>
				<time>2025-11-14T19:06:36Z</time>
			</trkpt>
			<trkpt lat="35.41053204384372" lon="-83.58508882400393">
				<ele>554.6450025802478</ele>
				<time>2025-11-14T19:06:37Z</time>
			</trkpt>
			<trkpt lat="35.41051897683459" lon="-83.5850252133592">
				<ele>552.9326171083376</ele>
				<time>2025-11-14T19:06:38Z</time>
			</trkpt>
			<trkpt lat="35.410509198689006" lon="-83.58495013150514">
				<ele>552.5154508054256</ele>
				<time>2025-11-14T19:06:39Z</time>
			</trkpt>
			<trkpt lat="35.41048324804913" lon="-83.58486394151295">
				<ele>550.4782512327656</ele>
				<time>2025-11-14T19:06:40Z</time>
			</trkpt>
			<trkpt lat="35.41045784745708" lon="-83.58479685127668">
				<ele>548.6204379275441</ele>
				<time>2025-11-14T19:06:41Z</time>
			</trkpt>
			<trkpt lat="35.4104220684291" lon="-83.58474833125047">
				<ele>547.4514352204278</ele>
				<time>2025-11-14T19:06:42Z</time>
			</trkpt>
			<trkpt lat="35.41036728589366" lon="-83.58468382168776">
				<ele>546.5118177495897</ele>
				<time>2025-11-14T19:06:43Z</time>
			</trkpt>
			<trkpt lat="35.41029710020293" lon="-83.58460764834992">
				<ele>545.6643683128059</ele>
				<time>2025-11-14T19:06:44Z</time>
			</trkpt>
			<trkpt lat="35.41023844133405" lon="-83.58454585739949">
				<ele>546.0035044755787</ele>
				<time>2025-11-14T19:06:45Z</time>
			</trkpt>
			<trkpt lat="35.410195614051375" lon="-83.58450499810598">
				<ele>545.0985224014148</ele>
				<time>2025-11-14T19:06:46Z</time>
			</trkpt>
			<trkpt lat="35.410172368552054" lon="-83.58448938927138">
				<ele>545.1810956532136</ele>
				<time>2025-11-14T19:06:47Z</time>
			</trkpt>
			<trkpt lat="35.41022537964679" lon="-83.58446369684542">
				<ele>544.7411115663126</ele>
				<time>2025-11-14T19:06:50Z</time>
			</trkpt>
			<trkpt lat="35.41027706133532" lon="-83.58448387461065">
				<ele>543.8543165335432</ele>
				<time>2025-11-14T19:06:51Z</time>
			</trkpt>
			<trkpt lat="35.410324929782746" lon="-83.58450542263805">
				<ele>543.8468813821673</ele>
				<time>2025-11-14T19:06:52Z</time>
			</trkpt>
			<trkpt lat="35.41036451654414" lon="-83.58452335638059">
				<ele>543.6172997336835</ele>
				<time>2025-11-14T19:06:53Z</time>
			</trkpt>
			<trkpt lat="35.410383700630724" lon="-83.58453296598435">
				<ele>542.6063708299771</ele>
				<time>2025-11-14T19:06:54Z</time>
			</trkpt>
			<trkpt lat="35.4104084511626" lon="-83.5845371745969">
				<ele>542.0135072944686</ele>
				<time>2025-11-14T19:06:55Z</time>
			</trkpt>
			<trkpt lat="35.41043085131637" lon="-83.5845205764412">
				<ele>542.2010854622349</ele>
				<time>2025-11-14T19:06:57Z</time>
			</trkpt>
			<trkpt lat="35.41045028391679" lon="-83.5845138136768">
				<ele>542.6056530280039</ele>
				<time>2025-11-14T19:07:00Z</time>
			</trkpt>
			<trkpt lat="35.41047559126599" lon="-83.58452454929899">
				<ele>542.6715547386557</ele>
				<time>2025-11-14T19:07:01Z</time>
			</trkpt>
			<trkpt lat="35.41049616150187" lon="-83.58453184030492">
				<ele>541.8072475502267</ele>
				<time>2025-11-14T19:07:02Z</time>
			</trkpt>
			<trkpt lat="35.41051577973216" lon="-83.5845394135498">
				<ele>543.5705014113337</ele>
				<time>2025-11-14T19:07:03Z</time>
			</trkpt>
			<trkpt lat="35.41055565683814" lon="-83.58455403323673">
				<ele>543.847241721116</ele>
				<time>2025-11-14T19:07:05Z</time>
			</trkpt>
			<trkpt lat="35.41057597406334" lon="-83.5845632909496">
				<ele>544.6236816635355</ele>
				<time>2025-11-14T19:07:06Z</time>
			</trkpt>
			<trkpt lat="35.41061046081395" lon="-83.58457117833106">
				<ele>544.0903281252831</ele>
				<time>2025-11-14T19:07:07Z</time>
			</trkpt>
			<trkpt lat="35.410666100232994" lon="-83.58460013305344">
				<ele>547.7421265356243</ele>
				<time>2025-11-14T19:07:09Z</time>
			</trkpt>
			<trkpt lat="35.41067948960897" lon="-83.5846285225116">
				<ele>547.3422102266923</ele>
				<time>2025-11-14T19:07:10Z</time>
			</trkpt>
			<trkpt lat="35.41069856309676" lon="-83.58463947117774">
				<ele>546.145529136993</ele>
				<time>2025-11-14T19:07:11Z</time>
			</trkpt>
			<trkpt lat="35.4107316255218" lon="-83.58468693470866">
				<ele>546.7192928735167</ele>
				<time>2025-11-14T19:07:13Z</time>
			</trkpt>
			<trkpt lat="35.410741808914686" lon="-83.58471986221933">
				<ele>545.5396880358458</ele>
				<time>2025-11-14T19:07:14Z</time>
			</trkpt>
			<trkpt lat="35.410755114724736" lon="-83.5847391191911">
				<ele>545.3426508782431</ele>
				<time>2025-11-14T19:07:15Z</time>
			</trkpt>
			<trkpt lat="35.41077469196809" lon="-83.58478244149588">
				<ele>545.9655192336068</ele>
				<time>2025-11-14T19:07:16Z</time>
			</trkpt>
			<trkpt lat="35.410786435777524" lon="-83.58480222302184">
				<ele>545.8292180094868</ele>
				<time>2025-11-14T19:07:17Z</time>
			</trkpt>
			<trkpt lat="35.41079992794366" lon="-83.58483792131403">
				<ele>546.3450519545004</ele>
				<time>2025-11-14T19:07:18Z</time>
			</trkpt>
			<trkpt lat="35.410811634866455" lon="-83.584867283546">
				<ele>546.664220245555</ele>
				<time>2025-11-14T19:07:19Z</time>
			</trkpt>
			<trkpt lat="35.41082346963927" lon="-83.58488581713888">
				<ele>547.7577235633507</ele>
				<time>2025-11-14T19:07:20Z</time>
			</trkpt>
			<trkpt lat="35.41101567199429" lon="-83.58522030334849">
				<ele>560.9177951300517</ele>
				<time>2025-11-14T19:07:21Z</time>
			</trkpt>
			<trkpt lat="35.411064580818596" lon="-83.58534485472373">
				<ele>561.4783394588158</ele>
				<time>2025-11-14T19:07:22Z</time>
			</trkpt>
			<trkpt lat="35.41107869857241" lon="-83.58539830917779">
				<ele>562.1489377506077</ele>
				<time>2025-11-14T19:07:23Z</time>
			</trkpt>
			<trkpt lat="35.41111583480623" lon="-83.58544912676854">
				<ele>560.479516970925</ele>
				<time>2025-11-14T19:07:24Z</time>
			</trkpt>
			<trkpt lat="35.41113198444193" lon="-83.58551409490654">
				<ele>559.1720907632262</ele>
				<time>2025-11-14T19:07:25Z</time>
			</trkpt>
			<trkpt lat="35.411151519712206" lon="-83.58558150649364">
				<ele>557.7788676247001</ele>
				<time>2025-11-14T19:07:26Z</time>
			</trkpt>
			<trkpt lat="35.4111592416948" lon="-83.58562746020829">
				<ele>555.9712533801794</ele>
				<time>2025-11-14T19:07:27Z</time>
			</trkpt>
			<trkpt lat="35.41116447637663" lon="-83.5856837997391">
				<ele>554.7731954231858</ele>
				<time>2025-11-14T19:07:28Z</time>
			</trkpt>
			<trkpt lat="35.41116611553327" lon="-83.58575208569019">
				<ele>553.9358139866963</ele>
				<time>2025-11-14T19:07:29Z</time>
			</trkpt>
			<trkpt lat="35.41116355838253" lon="-83.58582014692472">
				<ele>553.6605496406555</ele>
				<time>2025-11-14T19:07:30Z</time>
			</trkpt>
			<trkpt lat="35.4111566103605" lon="-83.58589388180647">
				<ele>553.8458769060671</ele>
				<time>2025-11-14T19:07:31Z</time>
			</trkpt>
			<trkpt lat="35.41114683898281" lon="-83.58596025568791">
				<ele>553.2018219521269</ele>
				<time>2025-11-14T19:07:32Z</time>
			</trkpt>
			<trkpt lat="35.41113450261258" lon="-83.58602816009689">
				<ele>549.6959830522537</ele>
				<time>2025-11-14T19:07:33Z</time>
			</trkpt>
			<trkpt lat="35.41110927420994" lon="-83.58614359379736">
				<ele>545.6071931319311</ele>
				<time>2025-11-14T19:07:34Z</time>
			</trkpt>
			<trkpt lat="35.41109139842175" lon="-83.5862185284618">
				<ele>544.2762571219355</ele>
				<time>2025-11-14T19:07:35Z</time>
			</trkpt>
			<trkpt lat="35.41107176966982" lon="-83.58630043453279">
				<ele>542.1558104436845</ele>
				<time>2025-11-14T19:07:36Z</time>
			</trkpt>
			<trkpt lat="35.411050781768694" lon="-83.58637806297561">
				<ele>541.1694861380383</ele>
				<time>2025-11-14T19:07:37Z</time>
			</trkpt>
			<trkpt lat="35.41102897327539" lon="-83.58644895891867">
				<ele>540.4114135634154</ele>
				<time>2025-11-14T19:07:38Z</time>
			</trkpt>
			<trkpt lat="35.41100814824661" lon="-83.58651665791785">
				<ele>539.7524726819247</ele>
				<time>2025-11-14T19:07:39Z</time>
			</trkpt>
			<trkpt lat="35.410988446602296" lon="-83.58658200350115">
				<ele>537.60589689482</ele>
				<time>2025-11-14T19:07:40Z</time>
			</trkpt>
			<trkpt lat="35.41094568819726" lon="-83.58678457990743">
				<ele>535.6853613788262</ele>
				<time>2025-11-14T19:07:41Z</time>
			</trkpt>
			<trkpt lat="35.410932156584664" lon="-83.58684516344547">
				<ele>536.6389894289896</ele>
				<time>2025-11-14T19:07:42Z</time>
			</trkpt>
			<trkpt lat="35.410919405957976" lon="-83.58689797850379">
				<ele>534.8302424615249</ele>
				<time>2025-11-14T19:07:43Z</time>
			</trkpt>
			<trkpt lat="35.41090473638983" lon="-83.58695874238744">
				<ele>533.9839808056131</ele>
				<time>2025-11-14T19:07:44Z</time>
			</trkpt>
			<trkpt lat="35.41088923432204" lon="-83.58702878814289">
				<ele>533.6996403159574</ele>
				<time>2025-11-14T19:07:45Z</time>
			</trkpt>
			<trkpt lat="35.410869267770934" lon="-83.58711886553273">
				<ele>535.6318513257429</ele>
				<time>2025-11-14T19:07:46Z</time>
			</trkpt>
			<trkpt lat="35.410856446328864" lon="-83.58718345646123">
				<ele>536.5412309672683</ele>
				<time>2025-11-14T19:07:47Z</time>
			</trkpt>
			<trkpt lat="35.410841415014424" lon="-83.58725290244718">
				<ele>536.3335511116311</ele>
				<time>2025-11-14T19:07:48Z</time>
			</trkpt>
			<trkpt lat="35.41082931271724" lon="-83.58732610390054">
				<ele>536.6093088500202</ele>
				<time>2025-11-14T19:07:49Z</time>
			</trkpt>
			<trkpt lat="35.410815471728604" lon="-83.58740982326687">
				<ele>536.2972462754697</ele>
				<time>2025-11-14T19:07:50Z</time>
			</trkpt>
			<trkpt lat="35.410806758701355" lon="-83.58749989146455">
				<ele>535.2592948535457</ele>
				<time>2025-11-14T19:07:51Z</time>
			</trkpt>
			<trkpt lat="35.41079748752218" lon="-83.58758462762809">
				<ele>534.2911399677396</ele>
				<time>2025-11-14T19:07:52Z</time>
			</trkpt>
			<trkpt lat="35.41079086037633" lon="-83.58770287801148">
				<ele>532.4395537730306</ele>
				<time>2025-11-14T19:07:53Z</time>
			</trkpt>
			<trkpt lat="35.41080650988351" lon="-83.58782224287617">
				<ele>531.4554716488346</ele>
				<time>2025-11-14T19:07:54Z</time>
			</trkpt>
			<trkpt lat="35.41084254752696" lon="-83.58792550645056">
				<ele>531.444316518493</ele>
				<time>2025-11-14T19:07:55Z</time>
			</trkpt>
			<trkpt lat="35.41088706599601" lon="-83.58800420942467">
				<ele>530.5210874015465</ele>
				<time>2025-11-14T19:07:56Z</time>
			</trkpt>
			<trkpt lat="35.410916081383846" lon="-83.5880485402124">
				<ele>530.5670328903943</ele>
				<time>2025-11-14T19:07:57Z</time>
			</trkpt>
			<trkpt lat="35.41093804041478" lon="-83.58807797995654">
				<ele>529.6553788520396</ele>
				<time>2025-11-14T19:07:58Z</time>
			</trkpt>
			<trkpt lat="35.41097809466628" lon="-83.58811452032676">
				<ele>528.899523046799</ele>
				<time>2025-11-14T19:07:59Z</time>
			</trkpt>
			<trkpt lat="35.411005376804084" lon="-83.5881291245326">
				<ele>528.7676150146872</ele>
				<time>2025-11-14T19:08:00Z</time>
			</trkpt>
			<trkpt lat="35.4110238180339" lon="-83.58813092998429">
				<ele>529.6932356702164</ele>
				<time>2025-11-14T19:08:01Z</time>
			</trkpt>
			<trkpt lat="35.41104853900463" lon="-83.58817740120003">
				<ele>531.921635360457</ele>
				<time>2025-11-14T19:08:02Z</time>
			</trkpt>
			<trkpt lat="35.41107863667024" lon="-83.58822665558493">
				<ele>529.861934361048</ele>
				<time>2025-11-14T19:08:03Z</time>
			</trkpt>
			<trkpt lat="35.41111012677767" lon="-83.58827780253628">
				<ele>529.1673862989992</ele>
				<time>2025-11-14T19:08:04Z</time>
			</trkpt>
			<trkpt lat="35.41115564251928" lon="-83.58832470042951">
				<ele>529.2210405319929</ele>
				<time>2025-11-14T19:08:05Z</time>
			</trkpt>
			<trkpt lat="35.41119656322085" lon="-83.58836607642763">
				<ele>527.662512505427</ele>
				<time>2025-11-14T19:08:06Z</time>
			</trkpt>
			<trkpt lat="35.41124874446481" lon="-83.58841584040191">
				<ele>527.4239914882928</ele>
				<time>2025-11-14T19:08:07Z</time>
			</trkpt>
			<trkpt lat="35.411292995626795" lon="-83.5884569919916">
				<ele>527.8255328042433</ele>
				<time>2025-11-14T19:08:08Z</time>
			</trkpt>
			<trkpt lat="35.41133123474961" lon="-83.58848827427087">
				<ele>527.9407093673944</ele>
				<time>2025-11-14T19:08:09Z</time>
			</trkpt>
			<trkpt lat="35.41136314501698" lon="-83.58851437951992">
				<ele>528.9588955752552</ele>
				<time>2025-11-14T19:08:10Z</time>
			</trkpt>
			<trkpt lat="35.41139422102183" lon="-83.588541005297">
				<ele>529.66370169539</ele>
				<time>2025-11-14T19:08:11Z</time>
			</trkpt>
			<trkpt lat="35.41142603841777" lon="-83.58855185283554">
				<ele>529.6141860829666</ele>
				<time>2025-11-14T19:08:12Z</time>
			</trkpt>
			<trkpt lat="35.41145269494272" lon="-83.5885572803303">
				<ele>531.2972331512719</ele>
				<time>2025-11-14T19:08:13Z</time>
			</trkpt>
			<trkpt lat="35.411475538665854" lon="-83.58858928126618">
				<ele>531.6871351189911</ele>
				<time>2025-11-14T19:08:14Z</time>
			</trkpt>
			<trkpt lat="35.411505339453825" lon="-83.58862306019869">
				<ele>532.2322682915255</ele>
				<time>2025-11-14T19:08:15Z</time>
			</trkpt>
			<trkpt lat="35.41154144260373" lon="-83.58864972024072">
				<ele>532.7836395362392</ele>
				<time>2025-11-14T19:08:16Z</time>
			</trkpt>
			<trkpt lat="35.41157946027374" lon="-83.5886724000087">
				<ele>531.4061088664457</ele>
				<time>2025-11-14T19:08:17Z</time>
			</trkpt>
			<trkpt lat="35.41160498131324" lon="-83.58868855238632">
				<ele>533.8423752924427</ele>
				<time>2025-11-14T19:08:18Z</time>
			</trkpt>
			<trkpt lat="35.411638643193065" lon="-83.58870887710688">
				<ele>532.823392723687</ele>
				<time>2025-11-14T19:08:19Z</time>
			</trkpt>
			<trkpt lat="35.411666404388924" lon="-83.58872411858472">
				<ele>531.3761098776013</ele>
				<time>2025-11-14T19:08:20Z</time>
			</trkpt>
			<trkpt lat="35.41170217805182" lon="-83.58874277478128">
				<ele>531.9123675581068</ele>
				<time>2025-11-14T19:08:21Z</time>
			</trkpt>
			<trkpt lat="35.411731126939074" lon="-83.58875641455107">
				<ele>530.8195123551413</ele>
				<time>2025-11-14T19:08:22Z</time>
			</trkpt>
			<trkpt lat="35.41175358080395" lon="-83.58875418538493">
				<ele>532.2945548258722</ele>
				<time>2025-11-14T19:08:23Z</time>
			</trkpt>
			<trkpt lat="35.41179007663466" lon="-83.58875411710598">
				<ele>531.6524727204815</ele>
				<time>2025-11-14T19:08:24Z</time>
			</trkpt>
			<trkpt lat="35.411831630838506" lon="-83.5887478215393">
				<ele>530.3093291008845</ele>
				<time>2025-11-14T19:08:25Z</time>
			</trkpt>
			<trkpt lat="35.411866012754956" lon="-83.58873214903606">
				<ele>531.3107933597639</ele>
				<time>2025-11-14T19:08:26Z</time>
			</trkpt>
			<trkpt lat="35.41191321513269" lon="-83.58870993004821">
				<ele>531.3330833567306</ele>
				<time>2025-11-14T19:08:27Z</time>
			</trkpt>
			<trkpt lat="35.41195694430407" lon="-83.58867337288474">
				<ele>530.9103857623413</ele>
				<time>2025-11-14T19:08:28Z</time>
			</trkpt>
			<trkpt lat="35.411979311474305" lon="-83.58864079717961">
				<ele>530.5014158897102</ele>
				<time>2025-11-14T19:08:29Z</time>
			</trkpt>
			<trkpt lat="35.41200376907853" lon="-83.5886119857093">
				<ele>530.3641846263781</ele>
				<time>2025-11-14T19:08:30Z</time>
			</trkpt>
			<trkpt lat="35.412032348661896" lon="-83.58857684497706">
				<ele>530.8797397101298</ele>
				<time>2025-11-14T19:08:31Z</time>
			</trkpt>
			<trkpt lat="35.4120639637164" lon="-83.58854422257474">
				<ele>530.177188356407</ele>
				<time>2025-11-14T19:08:32Z</time>
			</trkpt>
			<trkpt lat="35.412107550540554" lon="-83.5885264593843">
				<ele>529.7690687812865</ele>
				<time>2025-11-14T19:08:34Z</time>
			</trkpt>
			<trkpt lat="35.412155247198676" lon="-83.58850080398874">
				<ele>530.403305798769</ele>
				<time>2025-11-14T19:08:36Z</time>
			</trkpt>
			<trkpt lat="35.41217223664751" lon="-83.58849181979191">
				<ele>530.5400521531701</ele>
				<time>2025-11-14T19:08:37Z</time>
			</trkpt>
			<trkpt lat="35.412200884502724" lon="-83.58845152071054">
				<ele>530.3005753532052</ele>
				<time>2025-11-14T19:08:38Z</time>
			</trkpt>
			<trkpt lat="35.41224076208042" lon="-83.58838001010373">
				<ele>530.5148490499705</ele>
				<time>2025-11-14T19:08:40Z</time>
			</trkpt>
			<trkpt lat="35.41226480002503" lon="-83.58831914460082">
				<ele>529.0038525704294</ele>
				<time>2025-11-14T19:08:42Z</time>
			</trkpt>
			<trkpt lat="35.41228946695805" lon="-83.58824732328337">
				<ele>528.6395894763991</ele>
				<time>2025-11-14T19:08:44Z</time>
			</trkpt>
			<trkpt lat="35.41230721142337" lon="-83.58818916333384">
				<ele>528.3693927703425</ele>
				<time>2025-11-14T19:08:46Z</time>
			</trkpt>
			<trkpt lat="35.412322468129936" lon="-83.58815993527244">
				<ele>528.3255358599126</ele>
				<time>2025-11-14T19:08:47Z</time>
			</trkpt>
			<trkpt lat="35.412335163568784" lon="-83.58813557807723">
				<ele>528.3388040661812</ele>
				<time>2025-11-14T19:08:48Z</time>
			</trkpt>
			<trkpt lat="35.41235429885293" lon="-83.58809004890885">
				<ele>528.185252639465</ele>
				<time>2025-11-14T19:08:49Z</time>
			</trkpt>
			<trkpt lat="35.412380290782956" lon="-83.5880416688561">
				<ele>529.1901843268424</ele>
				<time>2025-11-14T19:08:51Z</time>
			</trkpt>
			<trkpt lat="35.41240338053383" lon="-83.58801805044605">
				<ele>530.5951265478507</ele>
				<time>2025-11-14T19:08:52Z</time>
			</trkpt>
			<trkpt lat="35.41242330838327" lon="-83.58802096221625">
				<ele>531.7046420630068</ele>
				<time>2025-11-14T19:08:55Z</time>
			</trkpt>
			<trkpt lat="35.4124483840191" lon="-83.58803346250536">
				<ele>531.5001568412408</ele>
				<time>2025-11-14T19:08:56Z</time>
			</trkpt>
			<trkpt lat="35.41246590031747" lon="-83.58804459787702">
				<ele>533.0909397751093</ele>
				<time>2025-11-14T19:08:59Z</time>
			</trkpt>
			<trkpt lat="35.41248067389788" lon="-83.58806470354841">
				<ele>532.7491059787571</ele>
				<time>2025-11-14T19:09:00Z</time>
			</trkpt>
			<trkpt lat="35.41250946817627" lon="-83.58813685408397">
				<ele>532.0608735475689</ele>
				<time>2025-11-14T19:09:01Z</time>
			</trkpt>
			<trkpt lat="35.4125042654339" lon="-83.58818068093403">
				<ele>534.1309552993625</ele>
				<time>2025-11-14T19:09:02Z</time>
			</trkpt>
			<trkpt lat="35.4124917579449" lon="-83.58822987643073">
				<ele>533.1461713341996</ele>
				<time>2025-11-14T19:09:03Z</time>
			</trkpt>
			<trkpt lat="35.412479858089284" lon="-83.58830074540434">
				<ele>534.2823834046721</ele>
				<time>2025-11-14T19:09:04Z</time>
			</trkpt>
			<trkpt lat="35.41247553915307" lon="-83.58835963203869">
				<ele>533.8448956022039</ele>
				<time>2025-11-14T19:09:06Z</time>
			</trkpt>
			<trkpt lat="35.412470036695304" lon="-83.58839484480451">
				<ele>534.3308825585991</ele>
				<time>2025-11-14T19:09:07Z</time>
			</trkpt>
			<trkpt lat="35.41247123526501" lon="-83.58842298809348">
				<ele>534.2026445306838</ele>
				<time>2025-11-14T19:09:08Z</time>
			</trkpt>
			<trkpt lat="35.41246285284477" lon="-83.58845950392518">
				<ele>534.2994578052312</ele>
				<time>2025-11-14T19:09:09Z</time>
			</trkpt>
			<trkpt lat="35.41244723076182" lon="-83.58853125004366">
				<ele>535.6487810974941</ele>
				<time>2025-11-14T19:09:11Z</time>
			</trkpt>
			<trkpt lat="35.41244290728066" lon="-83.58855349348804">
				<ele>534.3339899117127</ele>
				<time>2025-11-14T19:09:12Z</time>
			</trkpt>
			<trkpt lat="35.412437322810845" lon="-83.58859400924942">
				<ele>536.1085569616407</ele>
				<time>2025-11-14T19:09:13Z</time>
			</trkpt>
			<trkpt lat="35.41243076270708" lon="-83.58864282984483">
				<ele>535.611708143726</ele>
				<time>2025-11-14T19:09:14Z</time>
			</trkpt>
			<trkpt lat="35.412427113790294" lon="-83.5886783137016">
				<ele>535.5099325692281</ele>
				<time>2025-11-14T19:09:15Z</time>
			</trkpt>
			<trkpt lat="35.41242161790186" lon="-83.58873138656367">
				<ele>537.974278642796</ele>
				<time>2025-11-14T19:09:16Z</time>
			</trkpt>
			<trkpt lat="35.41241967323624" lon="-83.58875548859548">
				<ele>537.9950891425833</ele>
				<time>2025-11-14T19:09:17Z</time>
			</trkpt>
			<trkpt lat="35.41241607371365" lon="-83.58880010083955">
				<ele>539.4157927706838</ele>
				<time>2025-11-14T19:09:18Z</time>
			</trkpt>
			<trkpt lat="35.41241300623251" lon="-83.58883811897734">
				<ele>539.805037304759</ele>
				<time>2025-11-14T19:09:19Z</time>
			</trkpt>
			<trkpt lat="35.41241022056518" lon="-83.58887264440125">
				<ele>540.4921180112287</ele>
				<time>2025-11-14T19:09:20Z</time>
			</trkpt>
			<trkpt lat="35.412407259305496" lon="-83.58891696042964">
				<ele>540.4994262065738</ele>
				<time>2025-11-14T19:09:21Z</time>
			</trkpt>
			<trkpt lat="35.41240545176322" lon="-83.58895268316483">
				<ele>541.4963488206267</ele>
				<time>2025-11-14T19:09:22Z</time>
			</trkpt>
			<trkpt lat="35.41240322756253" lon="-83.58899664037237">
				<ele>542.0544283827767</ele>
				<time>2025-11-14T19:09:23Z</time>
			</trkpt>
			<trkpt lat="35.41240057740074" lon="-83.58904901591467">
				<ele>542.0274778911844</ele>
				<time>2025-11-14T19:09:24Z</time>
			</trkpt>
			<trkpt lat="35.41239781264021" lon="-83.58907090074013">
				<ele>541.8161060549319</ele>
				<time>2025-11-14T19:09:25Z</time>
			</trkpt>
			<trkpt lat="35.412394316948166" lon="-83.58910013744311">
				<ele>542.0783614600077</ele>
				<time>2025-11-14T19:09:26Z</time>
			</trkpt>
			<trkpt lat="35.412409009666845" lon="-83.58912884998232">
				<ele>542.0848311679438</ele>
				<time>2025-11-14T19:09:29Z</time>
			</trkpt>
			<trkpt lat="35.41243605679397" lon="-83.58914666939896">
				<ele>540.9884626828134</ele>
				<time>2025-11-14T19:09:31Z</time>
			</trkpt>
			<trkpt lat="35.41245161754297" lon="-83.5891579487201">
				<ele>539.6174641251564</ele>
				<time>2025-11-14T19:09:32Z</time>
			</trkpt>
			<trkpt lat="35.4124731084328" lon="-83.58916328148882">
				<ele>536.6176395285875</ele>
				<time>2025-11-14T19:09:33Z</time>
			</trkpt>
			<trkpt lat="35.412505331289104" lon="-83.58915782385337">
				<ele>536.4222432812676</ele>
				<time>2025-11-14T19:09:34Z</time>
			</trkpt>
			<trkpt lat="35.412535554618394" lon="-83.58916213190433">
				<ele>534.6491726664826</ele>
				<time>2025-11-14T19:09:35Z</time>
			</trkpt>
			<trkpt lat="35.41260137871286" lon="-83.58918064438679">
				<ele>535.531721954234</ele>
				<time>2025-11-14T19:09:36Z</time>
			</trkpt>
			<trkpt lat="35.41262267399276" lon="-83.5891753712468">
				<ele>534.9181844368577</ele>
				<time>2025-11-14T19:09:37Z</time>
			</trkpt>
			<trkpt lat="35.41265574038633" lon="-83.5891914404691">
				<ele>534.2268688380718</ele>
				<time>2025-11-14T19:09:38Z</time>
			</trkpt>
			<trkpt lat="35.41269701917324" lon="-83.58919818679406">
				<ele>534.6592514961958</ele>
				<time>2025-11-14T19:09:39Z</time>
			</trkpt>
			<trkpt lat="35.4127206491839" lon="-83.58920017571572">
				<ele>534.3958809515461</ele>
				<time>2025-11-14T19:09:40Z</time>
			</trkpt>
			<trkpt lat="35.4127568956477" lon="-83.58919524480497">
				<ele>534.5519323786721</ele>
				<time>2025-11-14T19:09:41Z</time>
			</trkpt>
			<trkpt lat="35.41279479560947" lon="-83.58918526992598">
				<ele>534.2218865165487</ele>
				<time>2025-11-14T19:09:42Z</time>
			</trkpt>
			<trkpt lat="35.41282385487677" lon="-83.58918410418782">
				<ele>534.3936544694006</ele>
				<time>2025-11-14T19:09:43Z</time>
			</trkpt>
			<trkpt lat="35.41285672872828" lon="-83.5891695407122">
				<ele>535.0824680933729</ele>
				<time>2025-11-14T19:09:44Z</time>
			</trkpt>
			<trkpt lat="35.41288639234898" lon="-83.58915235106457">
				<ele>535.5947971343994</ele>
				<time>2025-11-14T19:09:45Z</time>
			</trkpt>
			<trkpt lat="35.41291673747951" lon="-83.589136218025">
				<ele>535.2757151070982</ele>
				<time>2025-11-14T19:09:46Z</time>
			</trkpt>
			<trkpt lat="35.41295196147168" lon="-83.58911566718861">
				<ele>535.3139725867659</ele>
				<time>2025-11-14T19:09:47Z</time>
			</trkpt>
			<trkpt lat="35.41299830029676" lon="-83.58908931325884">
				<ele>535.0962164308876</ele>
				<time>2025-11-14T19:09:48Z</time>
			</trkpt>
			<trkpt lat="35.41303954566201" lon="-83.5890755066337">
				<ele>536.4417227357626</ele>
				<time>2025-11-14T19:09:49Z</time>
			</trkpt>
			<trkpt lat="35.41308145455269" lon="-83.58905479679798">
				<ele>535.5717105707154</ele>
				<time>2025-11-14T19:09:50Z</time>
			</trkpt>
			<trkpt lat="35.41313263875227" lon="-83.58903408264183">
				<ele>535.3246814999729</ele>
				<time>2025-11-14T19:09:51Z</time>
			</trkpt>
			<trkpt lat="35.41319265666977" lon="-83.58900477021831">
				<ele>533.9921180875972</ele>
				<time>2025-11-14T19:09:52Z</time>
			</trkpt>
			<trkpt lat="35.413220834767884" lon="-83.5889927708437">
				<ele>533.3970515653491</ele>
				<time>2025-11-14T19:09:53Z</time>
			</trkpt>
			<trkpt lat="35.413254898312026" lon="-83.58898174484474">
				<ele>534.1494738822803</ele>
				<time>2025-11-14T19:09:54Z</time>
			</trkpt>
			<trkpt lat="35.41327938519824" lon="-83.58897528586263">
				<ele>535.0347855612636</ele>
				<time>2025-11-14T19:09:55Z</time>
			</trkpt>
			<trkpt lat="35.413320596048514" lon="-83.58896731786551">
				<ele>538.4397539747879</ele>
				<time>2025-11-14T19:09:57Z</time>
			</trkpt>
			<trkpt lat="35.41335144471049" lon="-83.58896522832622">
				<ele>535.5087136747316</ele>
				<time>2025-11-14T19:09:58Z</time>
			</trkpt>
			<trkpt lat="35.41337008129428" lon="-83.58896498657316">
				<ele>535.6136526633054</ele>
				<time>2025-11-14T19:09:59Z</time>
			</trkpt>
			<trkpt lat="35.413399044923835" lon="-83.58896829669968">
				<ele>533.1966851912439</ele>
				<time>2025-11-14T19:10:00Z</time>
			</trkpt>
			<trkpt lat="35.4134285031019" lon="-83.58898170673365">
				<ele>531.9901028433815</ele>
				<time>2025-11-14T19:10:02Z</time>
			</trkpt>
			<trkpt lat="35.41345288629319" lon="-83.58899799318608">
				<ele>532.4828562494367</ele>
				<time>2025-11-14T19:10:03Z</time>
			</trkpt>
			<trkpt lat="35.4134729662629" lon="-83.58902366024498">
				<ele>531.3377862107009</ele>
				<time>2025-11-14T19:10:05Z</time>
			</trkpt>
			<trkpt lat="35.41348536670521" lon="-83.58904184402084">
				<ele>531.5547317545861</ele>
				<time>2025-11-14T19:10:07Z</time>
			</trkpt>
			<trkpt lat="35.413496002715476" lon="-83.58908279865038">
				<ele>534.55330103077</ele>
				<time>2025-11-14T19:10:08Z</time>
			</trkpt>
			<trkpt lat="35.41349943619972" lon="-83.58912230799753">
				<ele>536.9535153154284</ele>
				<time>2025-11-14T19:10:10Z</time>
			</trkpt>
			<trkpt lat="35.41349633497873" lon="-83.58914495630596">
				<ele>535.5766374990344</ele>
				<time>2025-11-14T19:10:11Z</time>
			</trkpt>
			<trkpt lat="35.41348230658021" lon="-83.5891872880088">
				<ele>536.1945310737938</ele>
				<time>2025-11-14T19:10:13Z</time>
			</trkpt>
			<trkpt lat="35.41346726218439" lon="-83.58921224720655">
				<ele>536.8450506832451</ele>
				<time>2025-11-14T19:10:14Z</time>
			</trkpt>
			<trkpt lat="35.41344824897918" lon="-83.58923946406799">
				<ele>537.7528438530862</ele>
				<time>2025-11-14T19:10:15Z</time>
			</trkpt>
			<trkpt lat="35.41341861037048" lon="-83.58927808049266">
				<ele>537.0236957054585</ele>
				<time>2025-11-14T19:10:17Z</time>
			</trkpt>
			<trkpt lat="35.41340305129008" lon="-83.58929816050431">
				<ele>537.9435986895114</ele>
				<time>2025-11-14T19:10:18Z</time>
			</trkpt>
			<trkpt lat="35.4133923254621" lon="-83.58932765034025">
				<ele>537.367039354518</ele>
				<time>2025-11-14T19:10:19Z</time>
			</trkpt>
			<trkpt lat="35.41337657760318" lon="-83.58936580705989">
				<ele>537.5110675916076</ele>
				<time>2025-11-14T19:10:20Z</time>
			</trkpt>
			<trkpt lat="35.413353210473794" lon="-83.58938019594915">
				<ele>536.5285420650616</ele>
				<time>2025-11-14T19:10:21Z</time>
			</trkpt>
			<trkpt lat="35.41331954969989" lon="-83.58940755861002">
				<ele>536.2466020695865</ele>
				<time>2025-11-14T19:10:22Z</time>
			</trkpt>
			<trkpt lat="35.413303643748556" lon="-83.58943278035805">
				<ele>535.2221327470616</ele>
				<time>2025-11-14T19:10:23Z</time>
			</trkpt>
			<trkpt lat="35.41328972870027" lon="-83.58945484532772">
				<ele>536.9719551960006</ele>
				<time>2025-11-14T19:10:24Z</time>
			</trkpt>
			<trkpt lat="35.41327020733255" lon="-83.58948580015706">
				<ele>536.2373692179099</ele>
				<time>2025-11-14T19:10:25Z</time>
			</trkpt>
			<trkpt lat="35.41325716016616" lon="-83.58950648893249">
				<ele>538.1120604965836</ele>
				<time>2025-11-14T19:10:26Z</time>
			</trkpt>
			<trkpt lat="35.413227587576536" lon="-83.58955479573208">
				<ele>539.5498661296442</ele>
				<time>2025-11-14T19:10:27Z</time>
			</trkpt>
			<trkpt lat="35.41322506708828" lon="-83.58958585198424">
				<ele>538.0222608437762</ele>
				<time>2025-11-14T19:10:28Z</time>
			</trkpt>
			<trkpt lat="35.41321747885237" lon="-83.58962592691013">
				<ele>539.3600485967472</ele>
				<time>2025-11-14T19:10:29Z</time>
			</trkpt>
			<trkpt lat="35.4132032718703" lon="-83.58968216912692">
				<ele>539.1662384113297</ele>
				<time>2025-11-14T19:10:30Z</time>
			</trkpt>
			<trkpt lat="35.41320500084407" lon="-83.58970974840376">
				<ele>539.2072874084115</ele>
				<time>2025-11-14T19:10:31Z</time>
			</trkpt>
			<trkpt lat="35.41319741575015" lon="-83.58976837854206">
				<ele>539.6271960875019</ele>
				<time>2025-11-14T19:10:32Z</time>
			</trkpt>
			<trkpt lat="35.41319961103222" lon="-83.58980596048048">
				<ele>538.7366737080738</ele>
				<time>2025-11-14T19:10:33Z</time>
			</trkpt>
			<trkpt lat="35.41319405183485" lon="-83.58984122407684">
				<ele>538.9042867925018</ele>
				<time>2025-11-14T19:10:34Z</time>
			</trkpt>
			<trkpt lat="35.4131891316176" lon="-83.5898868156403">
				<ele>538.1682362472638</ele>
				<time>2025-11-14T19:10:35Z</time>
			</trkpt>
			<trkpt lat="35.41318881331265" lon="-83.58991517762094">
				<ele>538.3560781851411</ele>
				<time>2025-11-14T19:10:36Z</time>
			</trkpt>
			<trkpt lat="35.41317807713787" lon="-83.58995390947496">
				<ele>537.3119533015415</ele>
				<time>2025-11-14T19:10:37Z</time>
			</trkpt>
			<trkpt lat="35.41316294500252" lon="-83.58999394475909">
				<ele>535.4037320828065</ele>
				<time>2025-11-14T19:10:38Z</time>
			</trkpt>
			<trkpt lat="35.41314961161287" lon="-83.59002139326589">
				<ele>536.1396234743297</ele>
				<time>2025-11-14T19:10:39Z</time>
			</trkpt>
			<trkpt lat="35.41314328432896" lon="-83.59006482562495">
				<ele>535.2835040688515</ele>
				<time>2025-11-14T19:10:40Z</time>
			</trkpt>
			<trkpt lat="35.413132419049994" lon="-83.59010896922538">
				<ele>535.3238074900582</ele>
				<time>2025-11-14T19:10:42Z</time>
			</trkpt>
			<trkpt lat="35.41313557778577" lon="-83.59014021667012">
				<ele>534.80484867841</ele>
				<time>2025-11-14T19:10:43Z</time>
			</trkpt>
			<trkpt lat="35.41313503045923" lon="-83.59016515454253">
				<ele>536.276020203717</ele>
				<time>2025-11-14T19:10:44Z</time>
			</trkpt>
			<trkpt lat="35.41314746197302" lon="-83.59021260594433">
				<ele>535.6244169110432</ele>
				<time>2025-11-14T19:10:45Z</time>
			</trkpt>
			<trkpt lat="35.41314160739702" lon="-83.59023556716794">
				<ele>536.7456276835874</ele>
				<time>2025-11-14T19:10:46Z</time>
			</trkpt>
			<trkpt lat="35.413140544334226" lon="-83.59027117329127">
				<ele>535.6763410111889</ele>
				<time>2025-11-14T19:10:47Z</time>
			</trkpt>
			<trkpt lat="35.41313239993346" lon="-83.59030440919804">
				<ele>535.1705532632768</ele>
				<time>2025-11-14T19:10:48Z</time>
			</trkpt>
			<trkpt lat="35.41313512824245" lon="-83.59035858369403">
				<ele>534.6330854929984</ele>
				<time>2025-11-14T19:10:49Z</time>
			</trkpt>
			<trkpt lat="35.413130003256946" lon="-83.59038886557656">
				<ele>533.9311169758439</ele>
				<time>2025-11-14T19:10:50Z</time>
			</trkpt>
			<trkpt lat="35.413131881000496" lon="-83.59043612668852">
				<ele>534.9856048319489</ele>
				<time>2025-11-14T19:10:51Z</time>
			</trkpt>
			<trkpt lat="35.41314053707431" lon="-83.59045636467262">
				<ele>535.406261716038</ele>
				<time>2025-11-14T19:10:52Z</time>
			</trkpt>
			<trkpt lat="35.413157398847986" lon="-83.59049704510959">
				<ele>535.8030322566628</ele>
				<time>2025-11-14T19:10:53Z</time>
			</trkpt>
			<trkpt lat="35.41317797136179" lon="-83.59053804396194">
				<ele>535.6551351035014</ele>
				<time>2025-11-14T19:10:54Z</time>
			</trkpt>
			<trkpt lat="35.41318751878252" lon="-83.5905575284282">
				<ele>535.7159340828657</ele>
				<time>2025-11-14T19:10:55Z</time>
			</trkpt>
			<trkpt lat="35.41320770054392" lon="-83.59060260427344">
				<ele>537.9983202964067</ele>
				<time>2025-11-14T19:10:56Z</time>
			</trkpt>
			<trkpt lat="35.41322031301723" lon="-83.5906578067633">
				<ele>537.4999975878745</ele>
				<time>2025-11-14T19:10:58Z</time>
			</trkpt>
			<trkpt lat="35.41322394616426" lon="-83.5906816803227">
				<ele>537.7603995362297</ele>
				<time>2025-11-14T19:10:59Z</time>
			</trkpt>
			<trkpt lat="35.41323414761788" lon="-83.59071572862422">
				<ele>537.8692548554391</ele>
				<time>2025-11-14T19:11:00Z</time>
			</trkpt>
			<trkpt lat="35.4132408469203" lon="-83.5907699494596">
				<ele>537.1285265907645</ele>
				<time>2025-11-14T19:11:02Z</time>
			</trkpt>
			<trkpt lat="35.41324471875624" lon="-83.59080221891082">
				<ele>536.6333037745208</ele>
				<time>2025-11-14T19:11:03Z</time>
			</trkpt>
			<trkpt lat="35.41325944971438" lon="-83.59084643750445">
				<ele>536.2155167674646</ele>
				<time>2025-11-14T19:11:04Z</time>
			</trkpt>
			<trkpt lat="35.41327577563681" lon="-83.59088912138591">
				<ele>537.9002751959488</ele>
				<time>2025-11-14T19:11:06Z</time>
			</trkpt>
			<trkpt lat="35.41330306994738" lon="-83.59094390206992">
				<ele>539.121511625126</ele>
				<time>2025-11-14T19:11:07Z</time>
			</trkpt>
			<trkpt lat="35.4132997002785" lon="-83.59096746494954">
				<ele>538.9656064212322</ele>
				<time>2025-11-14T19:11:08Z</time>
			</trkpt>
			<trkpt lat="35.413312458895376" lon="-83.59101185063889">
				<ele>539.0832406301051</ele>
				<time>2025-11-14T19:11:09Z</time>
			</trkpt>
			<trkpt lat="35.41332990423117" lon="-83.59105316656856">
				<ele>538.5005427077413</ele>
				<time>2025-11-14T19:11:10Z</time>
			</trkpt>
			<trkpt lat="35.413341387454004" lon="-83.59109074619481">
				<ele>539.2370596248657</ele>
				<time>2025-11-14T19:11:11Z</time>
			</trkpt>
			<trkpt lat="35.41335648156945" lon="-83.59113432618031">
				<ele>539.515599722974</ele>
				<time>2025-11-14T19:11:12Z</time>
			</trkpt>
			<trkpt lat="35.41338036725223" lon="-83.59117356930945">
				<ele>539.7590903798118</ele>
				<time>2025-11-14T19:11:13Z</time>
			</trkpt>
			<trkpt lat="35.41340047627825" lon="-83.5912370797841">
				<ele>537.9848464252427</ele>
				<time>2025-11-14T19:11:14Z</time>
			</trkpt>
			<trkpt lat="35.413433957903855" lon="-83.59131048926251">
				<ele>539.2680180873722</ele>
				<time>2025-11-14T19:11:16Z</time>
			</trkpt>
			<trkpt lat="35.413457798206345" lon="-83.59138226766498">
				<ele>539.2274267850444</ele>
				<time>2025-11-14T19:11:18Z</time>
			</trkpt>
			<trkpt lat="35.41349418935493" lon="-83.59143104812506">
				<ele>539.5871342131868</ele>
				<time>2025-11-14T19:11:19Z</time>
			</trkpt>
			<trkpt lat="35.41353006911299" lon="-83.59147571824406">
				<ele>539.5946576790884</ele>
				<time>2025-11-14T19:11:20Z</time>
			</trkpt>
			<trkpt lat="35.41354675269915" lon="-83.59153547615321">
				<ele>538.8450526865199</ele>
				<time>2025-11-14T19:11:21Z</time>
			</trkpt>
			<trkpt lat="35.413576549805775" lon="-83.5915813861495">
				<ele>538.7386939935386</ele>
				<time>2025-11-14T19:11:22Z</time>
			</trkpt>
			<trkpt lat="35.4136037042359" lon="-83.59162251104406">
				<ele>539.5304926941171</ele>
				<time>2025-11-14T19:11:23Z</time>
			</trkpt>
			<trkpt lat="35.41362421593893" lon="-83.59165259654522">
				<ele>540.9347015498206</ele>
				<time>2025-11-14T19:11:24Z</time>
			</trkpt>
			<trkpt lat="35.413640079139206" lon="-83.59168856196916">
				<ele>542.0501564275473</ele>
				<time>2025-11-14T19:11:25Z</time>
			</trkpt>
			<trkpt lat="35.41367053483633" lon="-83.59172077554636">
				<ele>542.203231123276</ele>
				<time>2025-11-14T19:11:26Z</time>
			</trkpt>
			<trkpt lat="35.413701868401" lon="-83.5917500891309">
				<ele>540.917235488072</ele>
				<time>2025-11-14T19:11:27Z</time>
			</trkpt>
			<trkpt lat="35.41373951103422" lon="-83.59177273806787">
				<ele>539.8016095394269</ele>
				<time>2025-11-14T19:11:28Z</time>
			</trkpt>
			<trkpt lat="35.41377627469514" lon="-83.59179196077876">
				<ele>540.0962735218927</ele>
				<time>2025-11-14T19:11:29Z</time>
			</trkpt>
			<trkpt lat="35.41381688950551" lon="-83.59180185924279">
				<ele>539.7685652337968</ele>
				<time>2025-11-14T19:11:30Z</time>
			</trkpt>
			<trkpt lat="35.41386701415498" lon="-83.59180123856117">
				<ele>536.2991191754118</ele>
				<time>2025-11-14T19:11:31Z</time>
			</trkpt>
			<trkpt lat="35.413892178747396" lon="-83.5918069347913">
				<ele>536.9917782973498</ele>
				<time>2025-11-14T19:11:32Z</time>
			</trkpt>
			<trkpt lat="35.41392996148704" lon="-83.59180890773546">
				<ele>535.9533178014681</ele>
				<time>2025-11-14T19:11:33Z</time>
			</trkpt>
			<trkpt lat="35.4139669324113" lon="-83.59180778798549">
				<ele>534.6835818355903</ele>
				<time>2025-11-14T19:11:34Z</time>
			</trkpt>
			<trkpt lat="35.41402433415205" lon="-83.5917884893102">
				<ele>533.6654737750068</ele>
				<time>2025-11-14T19:11:35Z</time>
			</trkpt>
			<trkpt lat="35.41404645818226" lon="-83.59177951923311">
				<ele>533.1079008178785</ele>
				<time>2025-11-14T19:11:36Z</time>
			</trkpt>
			<trkpt lat="35.414092112161704" lon="-83.59178077847228">
				<ele>532.9464725628495</ele>
				<time>2025-11-14T19:11:37Z</time>
			</trkpt>
			<trkpt lat="35.41413375628625" lon="-83.591786672675">
				<ele>533.6057860329747</ele>
				<time>2025-11-14T19:11:38Z</time>
			</trkpt>
			<trkpt lat="35.41416071609147" lon="-83.5918096175083">
				<ele>533.2547335242853</ele>
				<time>2025-11-14T19:11:39Z</time>
			</trkpt>
			<trkpt lat="35.41419980728517" lon="-83.59181280112792">
				<ele>532.5217105653137</ele>
				<time>2025-11-14T19:11:40Z</time>
			</trkpt>
			<trkpt lat="35.414249928952955" lon="-83.5917907305483">
				<ele>533.8208182733506</ele>
				<time>2025-11-14T19:11:41Z</time>
			</trkpt>
			<trkpt lat="35.41429752766777" lon="-83.59176706300826">
				<ele>534.9784781392664</ele>
				<time>2025-11-14T19:11:42Z</time>
			</trkpt>
			<trkpt lat="35.41434338897139" lon="-83.59176769420333">
				<ele>535.0251144180074</ele>
				<time>2025-11-14T19:11:43Z</time>
			</trkpt>
			<trkpt lat="35.41438400076155" lon="-83.59174940735268">
				<ele>534.5830415356904</ele>
				<time>2025-11-14T19:11:44Z</time>
			</trkpt>
			<trkpt lat="35.414425774280474" lon="-83.59172726619707">
				<ele>534.3734056353569</ele>
				<time>2025-11-14T19:11:45Z</time>
			</trkpt>
			<trkpt lat="35.41446526953663" lon="-83.59170389920565">
				<ele>533.2477875091136</ele>
				<time>2025-11-14T19:11:46Z</time>
			</trkpt>
			<trkpt lat="35.414512811235305" lon="-83.59167231396138">
				<ele>534.4618799546733</ele>
				<time>2025-11-14T19:11:47Z</time>
			</trkpt>
			<trkpt lat="35.41452903430451" lon="-83.59166235214498">
				<ele>533.6618048455566</ele>
				<time>2025-11-14T19:11:48Z</time>
			</trkpt>
			<trkpt lat="35.41457340252487" lon="-83.5916343136746">
				<ele>534.4008684</ele>
				<time>2025-11-14T19:11:49Z</time>
			</trkpt>
			<trkpt lat="35.41459494287153" lon="-83.59162070126058">
				<ele>534.8056614054367</ele>
				<time>2025-11-14T19:11:50Z</time>
			</trkpt>
			<trkpt lat="35.41463042671518" lon="-83.5915987534606">
				<ele>534.7734291087836</ele>
				<time>2025-11-14T19:11:51Z</time>
			</trkpt>
			<trkpt lat="35.41465859303492" lon="-83.59158297098088">
				<ele>533.0826083933935</ele>
				<time>2025-11-14T19:11:52Z</time>
			</trkpt>
			<trkpt lat="35.414685910616214" lon="-83.59156823790262">
				<ele>533.9948562402278</ele>
				<time>2025-11-14T19:11:53Z</time>
			</trkpt>
			<trkpt lat="35.41472773364611" lon="-83.59154832358514">
				<ele>533.8373713195324</ele>
				<time>2025-11-14T19:11:54Z</time>
			</trkpt>
			<trkpt lat="35.41474917087966" lon="-83.59153888230395">
				<ele>534.2462481157854</ele>
				<time>2025-11-14T19:11:55Z</time>
			</trkpt>
			<trkpt lat="35.41477568014473" lon="-83.59152837549168">
				<ele>534.5682746162638</ele>
				<time>2025-11-14T19:11:56Z</time>
			</trkpt>
			<trkpt lat="35.41480953899216" lon="-83.59151586115182">
				<ele>535.5533063421026</ele>
				<time>2025-11-14T19:11:57Z</time>
			</trkpt>
			<trkpt lat="35.414852309385175" lon="-83.59150142026009">
				<ele>533.3888494307175</ele>
				<time>2025-11-14T19:11:59Z</time>
			</trkpt>
			<trkpt lat="35.414878700984765" lon="-83.59149269526114">
				<ele>533.8806501002982</ele>
				<time>2025-11-14T19:12:00Z</time>
			</trkpt>
			<trkpt lat="35.41490400702469" lon="-83.59148437712507">
				<ele>534.7910054372624</ele>
				<time>2025-11-14T19:12:01Z</time>
			</trkpt>
			<trkpt lat="35.41494101342417" lon="-83.59148480880513">
				<ele>535.1394944749773</ele>
				<time>2025-11-14T19:12:03Z</time>
			</trkpt>
			<trkpt lat="35.414982858647015" lon="-83.59147450340988">
				<ele>536.6233717044815</ele>
				<time>2025-11-14T19:12:05Z</time>
			</trkpt>
			<trkpt lat="35.41501337353969" lon="-83.59146830108021">
				<ele>536.1184834232554</ele>
				<time>2025-11-14T19:12:07Z</time>
			</trkpt>
			<trkpt lat="35.41504210002843" lon="-83.59146391003294">
				<ele>534.1439691521227</ele>
				<time>2025-11-14T19:12:08Z</time>
			</trkpt>
			<trkpt lat="35.41508788292336" lon="-83.59146875289717">
				<ele>533.3533105673268</ele>
				<time>2025-11-14T19:12:10Z</time>
			</trkpt>
			<trkpt lat="35.41513217146853" lon="-83.59148224291164">
				<ele>532.7565596327186</ele>
				<time>2025-11-14T19:12:11Z</time>
			</trkpt>
			<trkpt lat="35.4151763881571" lon="-83.59150472332988">
				<ele>533.224220902659</ele>
				<time>2025-11-14T19:12:12Z</time>
			</trkpt>
			<trkpt lat="35.41521427510202" lon="-83.59153753403027">
				<ele>533.0105335945264</ele>
				<time>2025-11-14T19:12:13Z</time>
			</trkpt>
			<trkpt lat="35.415240582589796" lon="-83.59158862929543">
				<ele>534.466666938737</ele>
				<time>2025-11-14T19:12:14Z</time>
			</trkpt>
			<trkpt lat="35.41519253884178" lon="-83.59166536094077">
				<ele>534.9691637530923</ele>
				<time>2025-11-14T19:12:15Z</time>
			</trkpt>
			<trkpt lat="35.4151809575898" lon="-83.59168953829503">
				<ele>534.8541438179091</ele>
				<time>2025-11-14T19:12:16Z</time>
			</trkpt>
			<trkpt lat="35.415165883739945" lon="-83.59171554977343">
				<ele>533.7998686404899</ele>
				<time>2025-11-14T19:12:17Z</time>
			</trkpt>
			<trkpt lat="35.41514909230199" lon="-83.59173599255314">
				<ele>533.0477422326803</ele>
				<time>2025-11-14T19:12:18Z</time>
			</trkpt>
			<trkpt lat="35.41513008007292" lon="-83.59176483836153">
				<ele>532.8734907619655</ele>
				<time>2025-11-14T19:12:19Z</time>
			</trkpt>
			<trkpt lat="35.41511207336727" lon="-83.59179534843602">
				<ele>533.1827654018998</ele>
				<time>2025-11-14T19:12:20Z</time>
			</trkpt>
			<trkpt lat="35.41509497208887" lon="-83.59182232406441">
				<ele>533.9387846607715</ele>
				<time>2025-11-14T19:12:21Z</time>
			</trkpt>
			<trkpt lat="35.41505129822047" lon="-83.59187983965424">
				<ele>532.2868918096647</ele>
				<time>2025-11-14T19:12:22Z</time>
			</trkpt>
			<trkpt lat="35.41500011969081" lon="-83.5919243888842">
				<ele>531.9305690312758</ele>
				<time>2025-11-14T19:12:23Z</time>
			</trkpt>
			<trkpt lat="35.41496898723385" lon="-83.5919496475318">
				<ele>532.5099466536194</ele>
				<time>2025-11-14T19:12:25Z</time>
			</trkpt>
			<trkpt lat="35.41494097028676" lon="-83.5919689658624">
				<ele>533.6713199876249</ele>
				<time>2025-11-14T19:12:26Z</time>
			</trkpt>
			<trkpt lat="35.4149143219078" lon="-83.59198540361096">
				<ele>534.0253044599667</ele>
				<time>2025-11-14T19:12:27Z</time>
			</trkpt>
			<trkpt lat="35.41488360023524" lon="-83.59200425316631">
				<ele>534.895531013608</ele>
				<time>2025-11-14T19:12:28Z</time>
			</trkpt>
			<trkpt lat="35.41484735680602" lon="-83.59202519207237">
				<ele>534.4699443988502</ele>
				<time>2025-11-14T19:12:29Z</time>
			</trkpt>
			<trkpt lat="35.414815449630886" lon="-83.59204352524408">
				<ele>534.9558414928615</ele>
				<time>2025-11-14T19:12:30Z</time>
			</trkpt>
			<trkpt lat="35.4147839245413" lon="-83.59206163887178">
				<ele>536.47772194352</ele>
				<time>2025-11-14T19:12:31Z</time>
			</trkpt>
			<trkpt lat="35.4147507596085" lon="-83.59208069473812">
				<ele>535.5514142708853</ele>
				<time>2025-11-14T19:12:32Z</time>
			</trkpt>
			<trkpt lat="35.41471939599777" lon="-83.59209910975206">
				<ele>533.595317623578</ele>
				<time>2025-11-14T19:12:33Z</time>
			</trkpt>
			<trkpt lat="35.41469298911858" lon="-83.5921157492936">
				<ele>533.4234099015594</ele>
				<time>2025-11-14T19:12:34Z</time>
			</trkpt>
			<trkpt lat="35.41466738170093" lon="-83.59213188503877">
				<ele>533.2781981127337</ele>
				<time>2025-11-14T19:12:35Z</time>
			</trkpt>
			<trkpt lat="35.41463976065156" lon="-83.59214999759944">
				<ele>533.0929186129943</ele>
				<time>2025-11-14T19:12:36Z</time>
			</trkpt>
			<trkpt lat="35.41461828653329" lon="-83.59218084660206">
				<ele>533.4177661249414</ele>
				<time>2025-11-14T19:12:37Z</time>
			</trkpt>
			<trkpt lat="35.41459683093354" lon="-83.59223807737484">
				<ele>533.2243381896988</ele>
				<time>2025-11-14T19:12:39Z</time>
			</trkpt>
			<trkpt lat="35.414587520103915" lon="-83.59227360435378">
				<ele>532.935494299978</ele>
				<time>2025-11-14T19:12:40Z</time>
			</trkpt>
			<trkpt lat="35.41458289720329" lon="-83.5923265367972">
				<ele>532.7423620028421</ele>
				<time>2025-11-14T19:12:41Z</time>
			</trkpt>
			<trkpt lat="35.414590499962785" lon="-83.59235861402601">
				<ele>531.2235460411757</ele>
				<time>2025-11-14T19:12:42Z</time>
			</trkpt>
			<trkpt lat="35.41460740223792" lon="-83.59242131108338">
				<ele>531.8775443369523</ele>
				<time>2025-11-14T19:12:43Z</time>
			</trkpt>
			<trkpt lat="35.414617692737416" lon="-83.59244299881726">
				<ele>530.331530331634</ele>
				<time>2025-11-14T19:12:44Z</time>
			</trkpt>
			<trkpt lat="35.41461244869935" lon="-83.59246837473859">
				<ele>530.4803528608754</ele>
				<time>2025-11-14T19:12:45Z</time>
			</trkpt>
			<trkpt lat="35.41461592095527" lon="-83.59249236845378">
				<ele>530.1249419320375</ele>
				<time>2025-11-14T19:12:46Z</time>
			</trkpt>
			<trkpt lat="35.41462990157366" lon="-83.59253180789165">
				<ele>530.1395019395277</ele>
				<time>2025-11-14T19:12:48Z</time>
			</trkpt>
			<trkpt lat="35.414648403476" lon="-83.59255801111401">
				<ele>530.4229035098106</ele>
				<time>2025-11-14T19:12:50Z</time>
			</trkpt>
			<trkpt lat="35.414676395853725" lon="-83.59257412403336">
				<ele>529.2868544673547</ele>
				<time>2025-11-14T19:12:51Z</time>
			</trkpt>
			<trkpt lat="35.41470995988812" lon="-83.59258224247051">
				<ele>530.6060527144</ele>
				<time>2025-11-14T19:12:52Z</time>
			</trkpt>
			<trkpt lat="35.414740240011746" lon="-83.59257820913454">
				<ele>531.5084138410166</ele>
				<time>2025-11-14T19:12:54Z</time>
			</trkpt>
			<trkpt lat="35.41476973118666" lon="-83.59257260624568">
				<ele>533.0170741919428</ele>
				<time>2025-11-14T19:12:55Z</time>
			</trkpt>
			<trkpt lat="35.41479116985744" lon="-83.59256708351215">
				<ele>533.5166366267949</ele>
				<time>2025-11-14T19:12:56Z</time>
			</trkpt>
			<trkpt lat="35.41483550400851" lon="-83.59255492100549">
				<ele>535.6509384401143</ele>
				<time>2025-11-14T19:12:57Z</time>
			</trkpt>
			<trkpt lat="35.4148595630666" lon="-83.59254657526189">
				<ele>533.1237736782059</ele>
				<time>2025-11-14T19:12:58Z</time>
			</trkpt>
			<trkpt lat="35.41489222376546" lon="-83.59253524570089">
				<ele>533.7183707412332</ele>
				<time>2025-11-14T19:12:59Z</time>
			</trkpt>
			<trkpt lat="35.41492274690625" lon="-83.59252465762991">
				<ele>534.8898517144844</ele>
				<time>2025-11-14T19:13:00Z</time>
			</trkpt>
			<trkpt lat="35.41494434176085" lon="-83.59251716664951">
				<ele>534.2564711878076</ele>
				<time>2025-11-14T19:13:01Z</time>
			</trkpt>
			<trkpt lat="35.41497389644052" lon="-83.59250691451291">
				<ele>534.8000856721774</ele>
				<time>2025-11-14T19:13:02Z</time>
			</trkpt>
			<trkpt lat="35.414999523977826" lon="-83.59249802465888">
				<ele>536.7421991061419</ele>
				<time>2025-11-14T19:13:03Z</time>
			</trkpt>
			<trkpt lat="35.415023244390376" lon="-83.5924897963607">
				<ele>537.282968763262</ele>
				<time>2025-11-14T19:13:04Z</time>
			</trkpt>
			<trkpt lat="35.41506389550596" lon="-83.5924756950162">
				<ele>537.9661347903311</ele>
				<time>2025-11-14T19:13:05Z</time>
			</trkpt>
			<trkpt lat="35.415108943739384" lon="-83.59246164139724">
				<ele>537.157025590539</ele>
				<time>2025-11-14T19:13:07Z</time>
			</trkpt>
			<trkpt lat="35.415141728837845" lon="-83.59245197133643">
				<ele>538.4679735405371</ele>
				<time>2025-11-14T19:13:08Z</time>
			</trkpt>
			<trkpt lat="35.4151615090644" lon="-83.59244759903557">
				<ele>538.0786269148812</ele>
				<time>2025-11-14T19:13:09Z</time>
			</trkpt>
			<trkpt lat="35.41518879729128" lon="-83.59244273450558">
				<ele>537.8177753491327</ele>
				<time>2025-11-14T19:13:10Z</time>
			</trkpt>
			<trkpt lat="35.415217257841725" lon="-83.59243852005352">
				<ele>538.2059092279524</ele>
				<time>2025-11-14T19:13:11Z</time>
			</trkpt>
			<trkpt lat="35.415235747969014" lon="-83.59243649760185">
				<ele>537.9387632384896</ele>
				<time>2025-11-14T19:13:12Z</time>
			</trkpt>
			<trkpt lat="35.41526293155981" lon="-83.59243674852964">
				<ele>538.8196084173396</ele>
				<time>2025-11-14T19:13:13Z</time>
			</trkpt>
			<trkpt lat="35.41528704811867" lon="-83.59243946805539">
				<ele>537.0851369304582</ele>
				<time>2025-11-14T19:13:14Z</time>
			</trkpt>
			<trkpt lat="35.41531679416307" lon="-83.59244281002407">
				<ele>537.2304934849963</ele>
				<time>2025-11-14T19:13:15Z</time>
			</trkpt>
			<trkpt lat="35.41534062023274" lon="-83.59244797453366">
				<ele>537.4756521219388</ele>
				<time>2025-11-14T19:13:16Z</time>
			</trkpt>
			<trkpt lat="35.4153714004802" lon="-83.59245612478949">
				<ele>537.919450786896</ele>
				<time>2025-11-14T19:13:17Z</time>
			</trkpt>
			<trkpt lat="35.415408850487154" lon="-83.59246740087258">
				<ele>538.1350498180836</ele>
				<time>2025-11-14T19:13:18Z</time>
			</trkpt>
			<trkpt lat="35.415461109629014" lon="-83.59250163777264">
				<ele>538.9586870661005</ele>
				<time>2025-11-14T19:13:20Z</time>
			</trkpt>
			<trkpt lat="35.415479958283186" lon="-83.59251128123456">
				<ele>536.8498958256096</ele>
				<time>2025-11-14T19:13:22Z</time>
			</trkpt>
			<trkpt lat="35.41549345668402" lon="-83.59255566017316">
				<ele>537.1383239515126</ele>
				<time>2025-11-14T19:13:25Z</time>
			</trkpt>
			<trkpt lat="35.41551244036044" lon="-83.5926014682356">
				<ele>536.1110000442713</ele>
				<time>2025-11-14T19:13:26Z</time>
			</trkpt>
			<trkpt lat="35.41552223311744" lon="-83.59264718498443">
				<ele>534.3622925169766</ele>
				<time>2025-11-14T19:13:27Z</time>
			</trkpt>
			<trkpt lat="35.41551403640413" lon="-83.59268936343666">
				<ele>533.087431515567</ele>
				<time>2025-11-14T19:13:28Z</time>
			</trkpt>
			<trkpt lat="35.41549869988742" lon="-83.59272557236626">
				<ele>535.2372757541016</ele>
				<time>2025-11-14T19:13:29Z</time>
			</trkpt>
			<trkpt lat="35.41547078350256" lon="-83.5927727762088">
				<ele>533.5302635291591</ele>
				<time>2025-11-14T19:13:30Z</time>
			</trkpt>
			<trkpt lat="35.415429355127465" lon="-83.59282225083552">
				<ele>532.6552796065807</ele>
				<time>2025-11-14T19:13:31Z</time>
			</trkpt>
			<trkpt lat="35.4153799020872" lon="-83.59283855681177">
				<ele>532.9599625766277</ele>
				<time>2025-11-14T19:13:32Z</time>
			</trkpt>
			<trkpt lat="35.41533851974164" lon="-83.59285723084646">
				<ele>533.7314107092097</ele>
				<time>2025-11-14T19:13:34Z</time>
			</trkpt>
			<trkpt lat="35.41530725957521" lon="-83.59287420456062">
				<ele>533.9603356961161</ele>
				<time>2025-11-14T19:13:36Z</time>
			</trkpt>
			<trkpt lat="35.41526814800457" lon="-83.59288576109915">
				<ele>533.3893646737561</ele>
				<time>2025-11-14T19:13:38Z</time>
			</trkpt>
			<trkpt lat="35.41521713307957" lon="-83.59291275485555">
				<ele>534.5729822088033</ele>
				<time>2025-11-14T19:13:40Z</time>
			</trkpt>
			<trkpt lat="35.41519996738971" lon="-83.59292813369106">
				<ele>534.3708755755797</ele>
				<time>2025-11-14T19:13:41Z</time>
			</trkpt>
			<trkpt lat="35.41517904725575" lon="-83.59293523922814">
				<ele>534.6710331812501</ele>
				<time>2025-11-14T19:13:42Z</time>
			</trkpt>
			<trkpt lat="35.41514303904852" lon="-83.59295578598066">
				<ele>535.7156731635332</ele>
				<time>2025-11-14T19:13:43Z</time>
			</trkpt>
			<trkpt lat="35.41512501207673" lon="-83.59296343885457">
				<ele>535.0694568734616</ele>
				<time>2025-11-14T19:13:44Z</time>
			</trkpt>
			<trkpt lat="35.41509777601325" lon="-83.59297290691013">
				<ele>536.0830835402012</ele>
				<time>2025-11-14T19:13:45Z</time>
			</trkpt>
			<trkpt lat="35.41507112182708" lon="-83.59298217271117">
				<ele>536.4553556079045</ele>
				<time>2025-11-14T19:13:46Z</time>
			</trkpt>
			<trkpt lat="35.41503583084528" lon="-83.59299404426703">
				<ele>537.3652952369303</ele>
				<time>2025-11-14T19:13:47Z</time>
			</trkpt>
			<trkpt lat="35.4150078054563" lon="-83.59300269026058">
				<ele>536.4316938361153</ele>
				<time>2025-11-14T19:13:48Z</time>
			</trkpt>
			<trkpt lat="35.414981926314944" lon="-83.59301067412223">
				<ele>539.406504701823</ele>
				<time>2025-11-14T19:13:49Z</time>
			</trkpt>
			<trkpt lat="35.414956995138105" lon="-83.59301836553352">
				<ele>538.5451601948589</ele>
				<time>2025-11-14T19:13:50Z</time>
			</trkpt>
			<trkpt lat="35.41493383580796" lon="-83.59302551032239">
				<ele>537.9355521863326</ele>
				<time>2025-11-14T19:13:51Z</time>
			</trkpt>
			<trkpt lat="35.41490652163324" lon="-83.5930339369056">
				<ele>539.4711105553433</ele>
				<time>2025-11-14T19:13:52Z</time>
			</trkpt>
			<trkpt lat="35.414876708732415" lon="-83.59304313435199">
				<ele>539.9556804001331</ele>
				<time>2025-11-14T19:13:53Z</time>
			</trkpt>
			<trkpt lat="35.41485640558751" lon="-83.59304939798768">
				<ele>538.5603247182444</ele>
				<time>2025-11-14T19:13:54Z</time>
			</trkpt>
			<trkpt lat="35.41483259108558" lon="-83.59305674488381">
				<ele>539.8157870993018</ele>
				<time>2025-11-14T19:13:55Z</time>
			</trkpt>
			<trkpt lat="35.4148086567914" lon="-83.59306560612147">
				<ele>537.452566344291</ele>
				<time>2025-11-14T19:13:56Z</time>
			</trkpt>
			<trkpt lat="35.414785515961405" lon="-83.59307446574218">
				<ele>539.3607646012679</ele>
				<time>2025-11-14T19:13:57Z</time>
			</trkpt>
			<trkpt lat="35.41476181074805" lon="-83.59308354146002">
				<ele>539.7016135137528</ele>
				<time>2025-11-14T19:13:58Z</time>
			</trkpt>
			<trkpt lat="35.41472296739963" lon="-83.59309951615275">
				<ele>540.0883694384247</ele>
				<time>2025-11-14T19:14:00Z</time>
			</trkpt>
			<trkpt lat="35.41470302714063" lon="-83.5931083541392">
				<ele>541.217430125922</ele>
				<time>2025-11-14T19:14:01Z</time>
			</trkpt>
			<trkpt lat="35.41468079941474" lon="-83.59311891047659">
				<ele>542.0279157860205</ele>
				<time>2025-11-14T19:14:02Z</time>
			</trkpt>
			<trkpt lat="35.414650844447785" lon="-83.59313564171867">
				<ele>540.7023199880496</ele>
				<time>2025-11-14T19:14:03Z</time>
			</trkpt>
			<trkpt lat="35.41462767600911" lon="-83.59314858235999">
				<ele>542.3195161204785</ele>
				<time>2025-11-14T19:14:04Z</time>
			</trkpt>
			<trkpt lat="35.41460701638441" lon="-83.59316044446521">
				<ele>542.7116434099153</ele>
				<time>2025-11-14T19:14:05Z</time>
			</trkpt>
			<trkpt lat="35.41458055664697" lon="-83.59317668749843">
				<ele>543.5951432790607</ele>
				<time>2025-11-14T19:14:06Z</time>
			</trkpt>
			<trkpt lat="35.41455762038401" lon="-83.59319076756198">
				<ele>543.4048242643476</ele>
				<time>2025-11-14T19:14:07Z</time>
			</trkpt>
			<trkpt lat="35.41452942119597" lon="-83.59320807841068">
				<ele>543.359772474505</ele>
				<time>2025-11-14T19:14:08Z</time>
			</trkpt>
			<trkpt lat="35.41450222312748" lon="-83.5932239655423">
				<ele>543.0929541140795</ele>
				<time>2025-11-14T19:14:09Z</time>
			</trkpt>
			<trkpt lat="35.41447144519814" lon="-83.59324498612125">
				<ele>542.9411950325593</ele>
				<time>2025-11-14T19:14:10Z</time>
			</trkpt>
			<trkpt lat="35.41444859383824" lon="-83.59326059312448">
				<ele>543.247680853121</ele>
				<time>2025-11-14T19:14:11Z</time>
			</trkpt>
			<trkpt lat="35.414423260152624" lon="-83.59327965140389">
				<ele>543.008129009977</ele>
				<time>2025-11-14T19:14:12Z</time>
			</trkpt>
			<trkpt lat="35.41440020169488" lon="-83.59329738054596">
				<ele>542.3355595674366</ele>
				<time>2025-11-14T19:14:13Z</time>
			</trkpt>
			<trkpt lat="35.41438062752462" lon="-83.59331473477688">
				<ele>543.5681391777471</ele>
				<time>2025-11-14T19:14:14Z</time>
			</trkpt>
			<trkpt lat="35.414361393094275" lon="-83.59333178496469">
				<ele>543.790007901378</ele>
				<time>2025-11-14T19:14:15Z</time>
			</trkpt>
			<trkpt lat="35.41433880470598" lon="-83.59335240281482">
				<ele>542.1600017221645</ele>
				<time>2025-11-14T19:14:16Z</time>
			</trkpt>
			<trkpt lat="35.41431770025887" lon="-83.59337569491557">
				<ele>542.6776673076674</ele>
				<time>2025-11-14T19:14:17Z</time>
			</trkpt>
			<trkpt lat="35.4142972965247" lon="-83.59340266949516">
				<ele>542.3098369492218</ele>
				<time>2025-11-14T19:14:18Z</time>
			</trkpt>
			<trkpt lat="35.41428705714945" lon="-83.59343658547665">
				<ele>540.9018268669024</ele>
				<time>2025-11-14T19:14:19Z</time>
			</trkpt>
			<trkpt lat="35.41427826617963" lon="-83.59348197623824">
				<ele>541.9204945983365</ele>
				<time>2025-11-14T19:14:20Z</time>
			</trkpt>
			<trkpt lat="35.41425861047885" lon="-83.59351665300598">
				<ele>540.7973703593016</ele>
				<time>2025-11-14T19:14:21Z</time>
			</trkpt>
			<trkpt lat="35.41424125478897" lon="-83.59357099251883">
				<ele>541.2004814464599</ele>
				<time>2025-11-14T19:14:22Z</time>
			</trkpt>
			<trkpt lat="35.41424040622762" lon="-83.59360093757014">
				<ele>540.1737354900688</ele>
				<time>2025-11-14T19:14:23Z</time>
			</trkpt>
			<trkpt lat="35.4142410842838" lon="-83.59363878468507">
				<ele>539.6840289905667</ele>
				<time>2025-11-14T19:14:24Z</time>
			</trkpt>
			<trkpt lat="35.414243132292675" lon="-83.59366373315244">
				<ele>540.1983960522339</ele>
				<time>2025-11-14T19:14:25Z</time>
			</trkpt>
			<trkpt lat="35.41424698239763" lon="-83.59369571842095">
				<ele>538.7041415572166</ele>
				<time>2025-11-14T19:14:26Z</time>
			</trkpt>
			<trkpt lat="35.414251075264126" lon="-83.59371814569684">
				<ele>538.3516247747466</ele>
				<time>2025-11-14T19:14:27Z</time>
			</trkpt>
			<trkpt lat="35.41426534688255" lon="-83.593780154858">
				<ele>537.947183852084</ele>
				<time>2025-11-14T19:14:29Z</time>
			</trkpt>
			<trkpt lat="35.41428045154526" lon="-83.59382427776163">
				<ele>537.8436915297061</ele>
				<time>2025-11-14T19:14:31Z</time>
			</trkpt>
			<trkpt lat="35.41429153968383" lon="-83.5938514634212">
				<ele>539.1352118449286</ele>
				<time>2025-11-14T19:14:33Z</time>
			</trkpt>
			<trkpt lat="35.41430204075403" lon="-83.59387491482083">
				<ele>539.1607012785971</ele>
				<time>2025-11-14T19:14:34Z</time>
			</trkpt>
			<trkpt lat="35.41431508653217" lon="-83.59389838174444">
				<ele>538.8898436399177</ele>
				<time>2025-11-14T19:14:35Z</time>
			</trkpt>
			<trkpt lat="35.41434294207636" lon="-83.5939393612404">
				<ele>539.2488730661571</ele>
				<time>2025-11-14T19:14:37Z</time>
			</trkpt>
			<trkpt lat="35.41436839604109" lon="-83.59396413820772">
				<ele>539.3210633946583</ele>
				<time>2025-11-14T19:14:38Z</time>
			</trkpt>
			<trkpt lat="35.41439142827667" lon="-83.59397856190319">
				<ele>539.0698864040896</ele>
				<time>2025-11-14T19:14:39Z</time>
			</trkpt>
			<trkpt lat="35.41441096715623" lon="-83.5939868586209">
				<ele>539.0166593519971</ele>
				<time>2025-11-14T19:14:40Z</time>
			</trkpt>
			<trkpt lat="35.41444484960898" lon="-83.59399929087203">
				<ele>539.0914990147576</ele>
				<time>2025-11-14T19:14:42Z</time>
			</trkpt>
			<trkpt lat="35.41446966615061" lon="-83.594004960448">
				<ele>537.4688231898472</ele>
				<time>2025-11-14T19:14:44Z</time>
			</trkpt>
			<trkpt lat="35.41449519550053" lon="-83.59401079286732">
				<ele>540.2513661598787</ele>
				<time>2025-11-14T19:14:46Z</time>
			</trkpt>
			<trkpt lat="35.41452674650579" lon="-83.59401745290187">
				<ele>539.8295391034335</ele>
				<time>2025-11-14T19:14:48Z</time>
			</trkpt>
			<trkpt lat="35.41456368859417" lon="-83.59402391007895">
				<ele>539.6284813769162</ele>
				<time>2025-11-14T19:14:50Z</time>
			</trkpt>
			<trkpt lat="35.41458737328193" lon="-83.59402804997514">
				<ele>540.3417290523648</ele>
				<time>2025-11-14T19:14:51Z</time>
			</trkpt>
			<trkpt lat="35.414607036310834" lon="-83.59403173038854">
				<ele>541.2959691993892</ele>
				<time>2025-11-14T19:14:52Z</time>
			</trkpt>
			<trkpt lat="35.414632828665184" lon="-83.59403721522668">
				<ele>541.6450528223068</ele>
				<time>2025-11-14T19:14:53Z</time>
			</trkpt>
			<trkpt lat="35.41465969000344" lon="-83.5940431212657">
				<ele>543.2168039800599</ele>
				<time>2025-11-14T19:14:54Z</time>
			</trkpt>
			<trkpt lat="35.41469426852589" lon="-83.59405392317713">
				<ele>544.3689120812342</ele>
				<time>2025-11-14T19:14:55Z</time>
			</trkpt>
			<trkpt lat="35.414722861913106" lon="-83.59405212813877">
				<ele>546.686115520075</ele>
				<time>2025-11-14T19:14:56Z</time>
			</trkpt>
			<trkpt lat="35.414768407025626" lon="-83.59397270842146">
				<ele>548.2342537548393</ele>
				<time>2025-11-14T19:14:57Z</time>
			</trkpt>
			<trkpt lat="35.41478765183033" lon="-83.59398355703401">
				<ele>551.7263364428654</ele>
				<time>2025-11-14T19:14:58Z</time>
			</trkpt>
			<trkpt lat="35.41482023094779" lon="-83.59401318979984">
				<ele>554.5303821125999</ele>
				<time>2025-11-14T19:14:59Z</time>
			</trkpt>
			<trkpt lat="35.41484828906064" lon="-83.59407990286823">
				<ele>557.6258032396436</ele>
				<time>2025-11-14T19:15:00Z</time>
			</trkpt>
			<trkpt lat="35.41487372021933" lon="-83.59414572111615">
				<ele>555.8871213411912</ele>
				<time>2025-11-14T19:15:01Z</time>
			</trkpt>
			<trkpt lat="35.41491755262195" lon="-83.59421034309513">
				<ele>555.5020600808784</ele>
				<time>2025-11-14T19:15:02Z</time>
			</trkpt>
			<trkpt lat="35.414952691347885" lon="-83.59425675894235">
				<ele>553.6713172718883</ele>
				<time>2025-11-14T19:15:03Z</time>
			</trkpt>
			<trkpt lat="35.41498281034598" lon="-83.59430841554754">
				<ele>555.3139842860401</ele>
				<time>2025-11-14T19:15:04Z</time>
			</trkpt>
			<trkpt lat="35.41500868962227" lon="-83.59435129767284">
				<ele>554.7841420173645</ele>
				<time>2025-11-14T19:15:05Z</time>
			</trkpt>
			<trkpt lat="35.41503351395188" lon="-83.5943979649446">
				<ele>553.3358763782308</ele>
				<time>2025-11-14T19:15:06Z</time>
			</trkpt>
			<trkpt lat="35.4150691467322" lon="-83.59445959059337">
				<ele>551.9890897041187</ele>
				<time>2025-11-14T19:15:07Z</time>
			</trkpt>
			<trkpt lat="35.41509468783429" lon="-83.59450569757838">
				<ele>551.84946948383</ele>
				<time>2025-11-14T19:15:08Z</time>
			</trkpt>
			<trkpt lat="35.41511746380914" lon="-83.59454653048621">
				<ele>550.219650411047</ele>
				<time>2025-11-14T19:15:09Z</time>
			</trkpt>
			<trkpt lat="35.41513753237482" lon="-83.5945949696916">
				<ele>549.5811203625053</ele>
				<time>2025-11-14T19:15:10Z</time>
			</trkpt>
			<trkpt lat="35.415168796541515" lon="-83.5946466350368">
				<ele>546.24905049894</ele>
				<time>2025-11-14T19:15:11Z</time>
			</trkpt>
			<trkpt lat="35.415191730404416" lon="-83.59468571333124">
				<ele>544.5211224798113</ele>
				<time>2025-11-14T19:15:12Z</time>
			</trkpt>
			<trkpt lat="35.415214716226565" lon="-83.59471942215691">
				<ele>542.8449126332998</ele>
				<time>2025-11-14T19:15:13Z</time>
			</trkpt>
			<trkpt lat="35.415237283875705" lon="-83.59474834846694">
				<ele>543.5258807186037</ele>
				<time>2025-11-14T19:15:14Z</time>
			</trkpt>
			<trkpt lat="35.415258718525315" lon="-83.59476949528198">
				<ele>543.011137874797</ele>
				<time>2025-11-14T19:15:15Z</time>
			</trkpt>
			<trkpt lat="35.41527768408952" lon="-83.59478627473676">
				<ele>542.332930197008</ele>
				<time>2025-11-14T19:15:16Z</time>
			</trkpt>
			<trkpt lat="35.41529417782335" lon="-83.59480394090659">
				<ele>541.8362382911146</ele>
				<time>2025-11-14T19:15:17Z</time>
			</trkpt>
			<trkpt lat="35.41532320096817" lon="-83.5948241326652">
				<ele>541.9869730491191</ele>
				<time>2025-11-14T19:15:19Z</time>
			</trkpt>
			<trkpt lat="35.41535282473957" lon="-83.5948421053981">
				<ele>540.9620364382863</ele>
				<time>2025-11-14T19:15:21Z</time>
			</trkpt>
			<trkpt lat="35.41537557353034" lon="-83.59484754944454">
				<ele>542.7847298737615</ele>
				<time>2025-11-14T19:15:22Z</time>
			</trkpt>
			<trkpt lat="35.41540987015824" lon="-83.59484159247428">
				<ele>541.4838004112244</ele>
				<time>2025-11-14T19:15:24Z</time>
			</trkpt>
			<trkpt lat="35.41545304066328" lon="-83.59482391232874">
				<ele>541.543359208852</ele>
				<time>2025-11-14T19:15:26Z</time>
			</trkpt>
			<trkpt lat="35.41550445592477" lon="-83.59480159164788">
				<ele>540.7091017048806</ele>
				<time>2025-11-14T19:15:28Z</time>
			</trkpt>
			<trkpt lat="35.4155507674637" lon="-83.59475568950708">
				<ele>540.6828039269894</ele>
				<time>2025-11-14T19:15:30Z</time>
			</trkpt>
			<trkpt lat="35.415582946959525" lon="-83.59473008576533">
				<ele>540.3842529226094</ele>
				<time>2025-11-14T19:15:31Z</time>
			</trkpt>
			<trkpt lat="35.415639818678365" lon="-83.5946808619792">
				<ele>539.3279803898185</ele>
				<time>2025-11-14T19:15:32Z</time>
			</trkpt>
			<trkpt lat="35.41567208155235" lon="-83.59465400274736">
				<ele>538.7575165340677</ele>
				<time>2025-11-14T19:15:33Z</time>
			</trkpt>
			<trkpt lat="35.41570062748627" lon="-83.59462821386091">
				<ele>538.7124832235277</ele>
				<time>2025-11-14T19:15:34Z</time>
			</trkpt>
			<trkpt lat="35.41571870181088" lon="-83.59460334616192">
				<ele>538.9340904103592</ele>
				<time>2025-11-14T19:15:35Z</time>
			</trkpt>
			<trkpt lat="35.41575112122296" lon="-83.59456612183546">
				<ele>537.9763829810545</ele>
				<time>2025-11-14T19:15:37Z</time>
			</trkpt>
			<trkpt lat="35.415771468148606" lon="-83.59455424302358">
				<ele>539.5671809632331</ele>
				<time>2025-11-14T19:15:38Z</time>
			</trkpt>
			<trkpt lat="35.41580662644694" lon="-83.5945451422826">
				<ele>539.3080526283011</ele>
				<time>2025-11-14T19:15:40Z</time>
			</trkpt>
			<trkpt lat="35.41581973257737" lon="-83.5945603981306">
				<ele>541.0336909517646</ele>
				<time>2025-11-14T19:15:41Z</time>
			</trkpt>
			<trkpt lat="35.415835085547975" lon="-83.59459075334853">
				<ele>542.0799412094057</ele>
				<time>2025-11-14T19:15:42Z</time>
			</trkpt>
			<trkpt lat="35.41585365152564" lon="-83.59464533886197">
				<ele>541.0164315085858</ele>
				<time>2025-11-14T19:15:43Z</time>
			</trkpt>
			<trkpt lat="35.415860002347046" lon="-83.59470013462399">
				<ele>540.8712783306837</ele>
				<time>2025-11-14T19:15:44Z</time>
			</trkpt>
			<trkpt lat="35.4158742643183" lon="-83.59474159202422">
				<ele>540.0002778908238</ele>
				<time>2025-11-14T19:15:45Z</time>
			</trkpt>
			<trkpt lat="35.4158769585632" lon="-83.59477546258988">
				<ele>541.1391388913617</ele>
				<time>2025-11-14T19:15:46Z</time>
			</trkpt>
			<trkpt lat="35.41588017466086" lon="-83.59481589353084">
				<ele>541.8907887563109</ele>
				<time>2025-11-14T19:15:47Z</time>
			</trkpt>
			<trkpt lat="35.415883466276775" lon="-83.59485727383405">
				<ele>541.3676905436441</ele>
				<time>2025-11-14T19:15:48Z</time>
			</trkpt>
			<trkpt lat="35.415886929556336" lon="-83.59490081218964">
				<ele>540.6149177858606</ele>
				<time>2025-11-14T19:15:49Z</time>
			</trkpt>
			<trkpt lat="35.41588990622637" lon="-83.59494902064057">
				<ele>541.9375250414014</ele>
				<time>2025-11-14T19:15:50Z</time>
			</trkpt>
			<trkpt lat="35.41592634811752" lon="-83.59501967408248">
				<ele>542.0898936307058</ele>
				<time>2025-11-14T19:15:51Z</time>
			</trkpt>
			<trkpt lat="35.415923677519295" lon="-83.59511065017355">
				<ele>541.8997402917594</ele>
				<time>2025-11-14T19:15:52Z</time>
			</trkpt>
			<trkpt lat="35.4159199658041" lon="-83.59523709276952">
				<ele>541.0682677030563</ele>
				<time>2025-11-14T19:15:53Z</time>
			</trkpt>
			<trkpt lat="35.41590532133469" lon="-83.59534604325087">
				<ele>542.812710066326</ele>
				<time>2025-11-14T19:15:54Z</time>
			</trkpt>
			<trkpt lat="35.41589347175806" lon="-83.59543407606694">
				<ele>545.587375568226</ele>
				<time>2025-11-14T19:15:55Z</time>
			</trkpt>
			<trkpt lat="35.41588062529177" lon="-83.5955205990737">
				<ele>547.03444578778</ele>
				<time>2025-11-14T19:15:56Z</time>
			</trkpt>
			<trkpt lat="35.415869831004144" lon="-83.59559892255933">
				<ele>545.0214732252061</ele>
				<time>2025-11-14T19:15:57Z</time>
			</trkpt>
			<trkpt lat="35.415861475434625" lon="-83.59566766388743">
				<ele>543.246733003296</ele>
				<time>2025-11-14T19:15:58Z</time>
			</trkpt>
			<trkpt lat="35.415853684549916" lon="-83.5957429886006">
				<ele>541.0893144262955</ele>
				<time>2025-11-14T19:15:59Z</time>
			</trkpt>
			<trkpt lat="35.4158501585362" lon="-83.59579742256354">
				<ele>540.7518571037799</ele>
				<time>2025-11-14T19:16:00Z</time>
			</trkpt>
			<trkpt lat="35.415851270414684" lon="-83.59583553285208">
				<ele>538.7625283226371</ele>
				<time>2025-11-14T19:16:01Z</time>
			</trkpt>
			<trkpt lat="35.4158567308072" lon="-83.59587730561935">
				<ele>535.6489014429972</ele>
				<time>2025-11-14T19:16:02Z</time>
			</trkpt>
			<trkpt lat="35.41586069395477" lon="-83.5959093976565">
				<ele>535.1452875277027</ele>
				<time>2025-11-14T19:16:03Z</time>
			</trkpt>
			<trkpt lat="35.41585979803418" lon="-83.59593678444625">
				<ele>534.3622995214537</ele>
				<time>2025-11-14T19:16:04Z</time>
			</trkpt>
			<trkpt lat="35.415873094948616" lon="-83.59595380737575">
				<ele>532.5706490818411</ele>
				<time>2025-11-14T19:16:06Z</time>
			</trkpt>
			<trkpt lat="35.41591299962047" lon="-83.59595362617857">
				<ele>533.3135836515576</ele>
				<time>2025-11-14T19:16:08Z</time>
			</trkpt>
			<trkpt lat="35.415938319683825" lon="-83.59595615263851">
				<ele>534.4413377307355</ele>
				<time>2025-11-14T19:16:09Z</time>
			</trkpt>
			<trkpt lat="35.41596964274286" lon="-83.59595484985535">
				<ele>533.794051868841</ele>
				<time>2025-11-14T19:16:10Z</time>
			</trkpt>
			<trkpt lat="35.41599367522496" lon="-83.59594783297639">
				<ele>534.9923357376829</ele>
				<time>2025-11-14T19:16:11Z</time>
			</trkpt>
			<trkpt lat="35.416032575127694" lon="-83.59595624938056">
				<ele>533.2740180371329</ele>
				<time>2025-11-14T19:16:12Z</time>
			</trkpt>
			<trkpt lat="35.41607289800319" lon="-83.59596727706196">
				<ele>532.5479849614203</ele>
				<time>2025-11-14T19:16:13Z</time>
			</trkpt>
			<trkpt lat="35.41611631428474" lon="-83.5959906088671">
				<ele>532.3624799568206</ele>
				<time>2025-11-14T19:16:14Z</time>
			</trkpt>
			<trkpt lat="35.41616461960726" lon="-83.59601190219936">
				<ele>532.2946857847273</ele>
				<time>2025-11-14T19:16:15Z</time>
			</trkpt>
			<trkpt lat="35.41622356833451" lon="-83.5960310081533">
				<ele>531.5160094499588</ele>
				<time>2025-11-14T19:16:16Z</time>
			</trkpt>
			<trkpt lat="35.416277764265196" lon="-83.59604071112324">
				<ele>530.5923935519531</ele>
				<time>2025-11-14T19:16:17Z</time>
			</trkpt>
			<trkpt lat="35.41632938503353" lon="-83.59604855705349">
				<ele>530.2064418699592</ele>
				<time>2025-11-14T19:16:18Z</time>
			</trkpt>
			<trkpt lat="35.41636417099206" lon="-83.59604980550614">
				<ele>530.3603891395032</ele>
				<time>2025-11-14T19:16:19Z</time>
			</trkpt>
			<trkpt lat="35.41639892254039" lon="-83.59605485114831">
				<ele>529.9094846490771</ele>
				<time>2025-11-14T19:16:20Z</time>
			</trkpt>
			<trkpt lat="35.41643544814509" lon="-83.59606334863322">
				<ele>529.4648265382275</ele>
				<time>2025-11-14T19:16:21Z</time>
			</trkpt>
			<trkpt lat="35.416471487741994" lon="-83.59606343221165">
				<ele>529.845500218682</ele>
				<time>2025-11-14T19:16:22Z</time>
			</trkpt>
			<trkpt lat="35.41651184268754" lon="-83.59606792950609">
				<ele>529.7417864147574</ele>
				<time>2025-11-14T19:16:23Z</time>
			</trkpt>
			<trkpt lat="35.41654656587742" lon="-83.59606042174529">
				<ele>529.9870796548203</ele>
				<time>2025-11-14T19:16:24Z</time>
			</trkpt>
			<trkpt lat="35.41657650387786" lon="-83.5960490288575">
				<ele>529.8008994711563</ele>
				<time>2025-11-14T19:16:25Z</time>
			</trkpt>
			<trkpt lat="35.41660930228285" lon="-83.5960494951869">
				<ele>530.3868028689176</ele>
				<time>2025-11-14T19:16:26Z</time>
			</trkpt>
			<trkpt lat="35.41664074615724" lon="-83.59604563462425">
				<ele>529.1945366272703</ele>
				<time>2025-11-14T19:16:27Z</time>
			</trkpt>
			<trkpt lat="35.41667591679103" lon="-83.59603644846707">
				<ele>529.6126738172024</ele>
				<time>2025-11-14T19:16:28Z</time>
			</trkpt>
			<trkpt lat="35.416713837725375" lon="-83.59603023524188">
				<ele>529.6626260941848</ele>
				<time>2025-11-14T19:16:29Z</time>
			</trkpt>
			<trkpt lat="35.416746365468114" lon="-83.5960349480438">
				<ele>529.7582747656852</ele>
				<time>2025-11-14T19:16:30Z</time>
			</trkpt>
			<trkpt lat="35.41677347884081" lon="-83.59603207845713">
				<ele>529.2237620903179</ele>
				<time>2025-11-14T19:16:31Z</time>
			</trkpt>
			<trkpt lat="35.41679901998779" lon="-83.59602768574858">
				<ele>530.176565031521</ele>
				<time>2025-11-14T19:16:32Z</time>
			</trkpt>
			<trkpt lat="35.41681973269305" lon="-83.59602210404712">
				<ele>532.7121449122205</ele>
				<time>2025-11-14T19:16:33Z</time>
			</trkpt>
			<trkpt lat="35.41685260686706" lon="-83.5960022275522">
				<ele>530.6330167455599</ele>
				<time>2025-11-14T19:16:34Z</time>
			</trkpt>
			<trkpt lat="35.416899682488165" lon="-83.59597598764347">
				<ele>529.7187676327303</ele>
				<time>2025-11-14T19:16:35Z</time>
			</trkpt>
			<trkpt lat="35.41694925848722" lon="-83.59593438447227">
				<ele>529.4005191065371</ele>
				<time>2025-11-14T19:16:36Z</time>
			</trkpt>
			<trkpt lat="35.41700275557411" lon="-83.59589357532661">
				<ele>530.2523441687226</ele>
				<time>2025-11-14T19:16:37Z</time>
			</trkpt>
			<trkpt lat="35.41705454668182" lon="-83.59585471287903">
				<ele>531.7173691345379</ele>
				<time>2025-11-14T19:16:38Z</time>
			</trkpt>
			<trkpt lat="35.41709231179327" lon="-83.59581305679917">
				<ele>530.731970012188</ele>
				<time>2025-11-14T19:16:39Z</time>
			</trkpt>
			<trkpt lat="35.41712959527763" lon="-83.59578348130816">
				<ele>531.0832153800875</ele>
				<time>2025-11-14T19:16:40Z</time>
			</trkpt>
			<trkpt lat="35.417164988851795" lon="-83.59575246859283">
				<ele>531.4295236980543</ele>
				<time>2025-11-14T19:16:41Z</time>
			</trkpt>
			<trkpt lat="35.41719643590596" lon="-83.59572672799145">
				<ele>530.6171601852402</ele>
				<time>2025-11-14T19:16:42Z</time>
			</trkpt>
			<trkpt lat="35.41723428151547" lon="-83.59572088348693">
				<ele>531.3063505580649</ele>
				<time>2025-11-14T19:16:43Z</time>
			</trkpt>
			<trkpt lat="35.417282893597694" lon="-83.59570334643493">
				<ele>531.0325156953186</ele>
				<time>2025-11-14T19:16:44Z</time>
			</trkpt>
			<trkpt lat="35.41732352434252" lon="-83.59568353075633">
				<ele>530.3820044957101</ele>
				<time>2025-11-14T19:16:45Z</time>
			</trkpt>
			<trkpt lat="35.41737257447219" lon="-83.59566449836632">
				<ele>530.5318008074537</ele>
				<time>2025-11-14T19:16:46Z</time>
			</trkpt>
			<trkpt lat="35.41742622271258" lon="-83.59564247378286">
				<ele>530.4393140040338</ele>
				<time>2025-11-14T19:16:47Z</time>
			</trkpt>
			<trkpt lat="35.41746185644357" lon="-83.59561444867887">
				<ele>531.0095095206052</ele>
				<time>2025-11-14T19:16:48Z</time>
			</trkpt>
			<trkpt lat="35.4174963132351" lon="-83.59560530095455">
				<ele>531.2146125026047</ele>
				<time>2025-11-14T19:16:49Z</time>
			</trkpt>
			<trkpt lat="35.41753751837359" lon="-83.5956189856928">
				<ele>531.3642232194543</ele>
				<time>2025-11-14T19:16:50Z</time>
			</trkpt>
			<trkpt lat="35.417573323827675" lon="-83.59562240968286">
				<ele>532.6186548145488</ele>
				<time>2025-11-14T19:16:51Z</time>
			</trkpt>
			<trkpt lat="35.41760149689092" lon="-83.59563350623233">
				<ele>533.8544359887019</ele>
				<time>2025-11-14T19:16:52Z</time>
			</trkpt>
			<trkpt lat="35.4176373231671" lon="-83.59564017946248">
				<ele>535.0177702587098</ele>
				<time>2025-11-14T19:16:53Z</time>
			</trkpt>
			<trkpt lat="35.4176689307838" lon="-83.59565463202573">
				<ele>535.9709551203996</ele>
				<time>2025-11-14T19:16:54Z</time>
			</trkpt>
			<trkpt lat="35.417717983881836" lon="-83.5956511178501">
				<ele>536.8912086933851</ele>
				<time>2025-11-14T19:16:56Z</time>
			</trkpt>
			<trkpt lat="35.417741646759616" lon="-83.59563365327189">
				<ele>538.8556360024959</ele>
				<time>2025-11-14T19:16:58Z</time>
			</trkpt>
			<trkpt lat="35.41771625410506" lon="-83.59566307127558">
				<ele>535.2976031713188</ele>
				<time>2025-11-14T19:17:01Z</time>
			</trkpt>
			<trkpt lat="35.417692401809525" lon="-83.59568152068071">
				<ele>537.0867211120203</ele>
				<time>2025-11-14T19:17:02Z</time>
			</trkpt>
			<trkpt lat="35.41769494018139" lon="-83.59570685764601">
				<ele>535.428179773502</ele>
				<time>2025-11-14T19:17:03Z</time>
			</trkpt>
			<trkpt lat="35.417676879235486" lon="-83.59572133159553">
				<ele>535.6218999410048</ele>
				<time>2025-11-14T19:17:04Z</time>
			</trkpt>
			<trkpt lat="35.41765766059555" lon="-83.595722596401">
				<ele>535.9515635250136</ele>
				<time>2025-11-14T19:17:05Z</time>
			</trkpt>
			<trkpt lat="35.417592398806136" lon="-83.59572706362755">
				<ele>536.1994971716776</ele>
				<time>2025-11-14T19:17:06Z</time>
			</trkpt>
			<trkpt lat="35.41753624534746" lon="-83.59573254202157">
				<ele>535.1394370049238</ele>
				<time>2025-11-14T19:17:08Z</time>
			</trkpt>
			<trkpt lat="35.41748876082361" lon="-83.59575093075975">
				<ele>535.05500016734</ele>
				<time>2025-11-14T19:17:10Z</time>
			</trkpt>
			<trkpt lat="35.417475894338416" lon="-83.5957721331214">
				<ele>532.3182231644168</ele>
				<time>2025-11-14T19:17:11Z</time>
			</trkpt>
			<trkpt lat="35.41745927933455" lon="-83.59579794207995">
				<ele>533.4929005615413</ele>
				<time>2025-11-14T19:17:12Z</time>
			</trkpt>
			<trkpt lat="35.4174308855332" lon="-83.59584092933488">
				<ele>531.4687691628933</ele>
				<time>2025-11-14T19:17:13Z</time>
			</trkpt>
			<trkpt lat="35.417417556914664" lon="-83.59587176361217">
				<ele>532.8250516988337</ele>
				<time>2025-11-14T19:17:14Z</time>
			</trkpt>
			<trkpt lat="35.417391243544095" lon="-83.59591879766386">
				<ele>532.094245236367</ele>
				<time>2025-11-14T19:17:15Z</time>
			</trkpt>
			<trkpt lat="35.41736983620125" lon="-83.59597648921377">
				<ele>532.2846288951114</ele>
				<time>2025-11-14T19:17:16Z</time>
			</trkpt>
			<trkpt lat="35.41735574018601" lon="-83.59602340277516">
				<ele>531.5392037676647</ele>
				<time>2025-11-14T19:17:17Z</time>
			</trkpt>
			<trkpt lat="35.417322673731384" lon="-83.59608742025102">
				<ele>532.1813650187105</ele>
				<time>2025-11-14T19:17:18Z</time>
			</trkpt>
			<trkpt lat="35.417317501772814" lon="-83.59611260539795">
				<ele>532.7516318727285</ele>
				<time>2025-11-14T19:17:19Z</time>
			</trkpt>
			<trkpt lat="35.41728781956654" lon="-83.59613349284895">
				<ele>532.6173330666497</ele>
				<time>2025-11-14T19:17:20Z</time>
			</trkpt>
			<trkpt lat="35.41725320756939" lon="-83.59616057944136">
				<ele>530.4540085727349</ele>
				<time>2025-11-14T19:17:21Z</time>
			</trkpt>
			<trkpt lat="35.4169236001165" lon="-83.59633941811691">
				<ele>519.9548821644858</ele>
				<time>2025-11-14T19:17:23Z</time>
			</trkpt>
			<trkpt lat="35.4169098688935" lon="-83.59635718574727">
				<ele>518.6335926949978</ele>
				<time>2025-11-14T19:17:24Z</time>
			</trkpt>
			<trkpt lat="35.41686041138738" lon="-83.59639839904199">
				<ele>517.7240715408698</ele>
				<time>2025-11-14T19:17:25Z</time>
			</trkpt>
			<trkpt lat="35.416831379844965" lon="-83.5964266310594">
				<ele>517.0844515357167</ele>
				<time>2025-11-14T19:17:26Z</time>
			</trkpt>
			<trkpt lat="35.4168008663324" lon="-83.59645679251219">
				<ele>516.4725988144055</ele>
				<time>2025-11-14T19:17:27Z</time>
			</trkpt>
			<trkpt lat="35.4167680947671" lon="-83.5964772882548">
				<ele>516.0962704699486</ele>
				<time>2025-11-14T19:17:28Z</time>
			</trkpt>
			<trkpt lat="35.41673254382406" lon="-83.59648999494318">
				<ele>516.5154818948358</ele>
				<time>2025-11-14T19:17:29Z</time>
			</trkpt>
			<trkpt lat="35.41669365348966" lon="-83.59649641529447">
				<ele>517.0776698254049</ele>
				<time>2025-11-14T19:17:30Z</time>
			</trkpt>
			<trkpt lat="35.41664589798855" lon="-83.59649063927772">
				<ele>517.1443875581026</ele>
				<time>2025-11-14T19:17:31Z</time>
			</trkpt>
			<trkpt lat="35.41660165843945" lon="-83.59649145749222">
				<ele>517.6137203220278</ele>
				<time>2025-11-14T19:17:32Z</time>
			</trkpt>
			<trkpt lat="35.41655884536517" lon="-83.59648519062692">
				<ele>517.9870951017365</ele>
				<time>2025-11-14T19:17:33Z</time>
			</trkpt>
			<trkpt lat="35.416513717035805" lon="-83.59648247532228">
				<ele>518.1614097096026</ele>
				<time>2025-11-14T19:17:34Z</time>
			</trkpt>
			<trkpt lat="35.41647834838558" lon="-83.59649238216551">
				<ele>518.3292853496969</ele>
				<time>2025-11-14T19:17:35Z</time>
			</trkpt>
			<trkpt lat="35.41644478645839" lon="-83.59650451306447">
				<ele>517.7086000610143</ele>
				<time>2025-11-14T19:17:36Z</time>
			</trkpt>
			<trkpt lat="35.41641728578421" lon="-83.59652224818578">
				<ele>518.0531232645735</ele>
				<time>2025-11-14T19:17:37Z</time>
			</trkpt>
			<trkpt lat="35.416390897512166" lon="-83.59653881788532">
				<ele>518.629848677665</ele>
				<time>2025-11-14T19:17:38Z</time>
			</trkpt>
			<trkpt lat="35.41636810594551" lon="-83.59655635466996">
				<ele>518.8831673292443</ele>
				<time>2025-11-14T19:17:39Z</time>
			</trkpt>
			<trkpt lat="35.41634601047906" lon="-83.59657514967677">
				<ele>518.7591703338549</ele>
				<time>2025-11-14T19:17:40Z</time>
			</trkpt>
			<trkpt lat="35.416323747693326" lon="-83.59660201423054">
				<ele>518.5300045032054</ele>
				<time>2025-11-14T19:17:41Z</time>
			</trkpt>
			<trkpt lat="35.41631888930377" lon="-83.59662955671881">
				<ele>526.5921716848388</ele>
				<time>2025-11-14T19:17:42Z</time>
			</trkpt>
			<trkpt lat="35.416292468582576" lon="-83.59664548052059">
				<ele>525.5679603302851</ele>
				<time>2025-11-14T19:17:43Z</time>
			</trkpt>
			<trkpt lat="35.416266031971105" lon="-83.59667748608494">
				<ele>521.0910931173712</ele>
				<time>2025-11-14T19:17:45Z</time>
			</trkpt>
			<trkpt lat="35.4162428603497" lon="-83.59668729076544">
				<ele>520.5611284337938</ele>
				<time>2025-11-14T19:17:46Z</time>
			</trkpt>
			<trkpt lat="35.41620638632727" lon="-83.59669707047499">
				<ele>521.6735999528319</ele>
				<time>2025-11-14T19:17:47Z</time>
			</trkpt>
			<trkpt lat="35.416187588892655" lon="-83.59670717955508">
				<ele>520.7786923814565</ele>
				<time>2025-11-14T19:17:48Z</time>
			</trkpt>
			<trkpt lat="35.41615140388052" lon="-83.59673597069114">
				<ele>520.4520939905196</ele>
				<time>2025-11-14T19:17:49Z</time>
			</trkpt>
			<trkpt lat="35.41613222967963" lon="-83.59673752358556">
				<ele>520.4090087469667</ele>
				<time>2025-11-14T19:17:50Z</time>
			</trkpt>
			<trkpt lat="35.41609934024063" lon="-83.59676012058601">
				<ele>521.2131350748241</ele>
				<time>2025-11-14T19:17:51Z</time>
			</trkpt>
			<trkpt lat="35.41607372391737" lon="-83.59677990334869">
				<ele>521.4118020609021</ele>
				<time>2025-11-14T19:17:52Z</time>
			</trkpt>
			<trkpt lat="35.416047583386245" lon="-83.59679866831347">
				<ele>522.3904429255053</ele>
				<time>2025-11-14T19:17:53Z</time>
			</trkpt>
			<trkpt lat="35.41600865325077" lon="-83.59682472164482">
				<ele>523.3784010801464</ele>
				<time>2025-11-14T19:17:54Z</time>
			</trkpt>
			<trkpt lat="35.41599150369551" lon="-83.59683703546855">
				<ele>522.969572766684</ele>
				<time>2025-11-14T19:17:55Z</time>
			</trkpt>
			<trkpt lat="35.415954562595005" lon="-83.5968709202568">
				<ele>522.9410612070933</ele>
				<time>2025-11-14T19:17:56Z</time>
			</trkpt>
			<trkpt lat="35.41593481048751" lon="-83.59687901775456">
				<ele>523.332073497586</ele>
				<time>2025-11-14T19:17:57Z</time>
			</trkpt>
			<trkpt lat="35.41588810218515" lon="-83.59691013648599">
				<ele>523.2605854971334</ele>
				<time>2025-11-14T19:17:58Z</time>
			</trkpt>
			<trkpt lat="35.41585379645451" lon="-83.59693814616547">
				<ele>523.3402307908982</ele>
				<time>2025-11-14T19:17:59Z</time>
			</trkpt>
			<trkpt lat="35.415828411766505" lon="-83.59697320127907">
				<ele>523.2814900008962</ele>
				<time>2025-11-14T19:18:00Z</time>
			</trkpt>
			<trkpt lat="35.41580161010728" lon="-83.59702370592956">
				<ele>522.99506195914</ele>
				<time>2025-11-14T19:18:01Z</time>
			</trkpt>
			<trkpt lat="35.415796296550226" lon="-83.59707153603334">
				<ele>522.4905568575487</ele>
				<time>2025-11-14T19:18:02Z</time>
			</trkpt>
			<trkpt lat="35.415791444939195" lon="-83.59712156586743">
				<ele>523.3695387411863</ele>
				<time>2025-11-14T19:18:03Z</time>
			</trkpt>
			<trkpt lat="35.41579927551487" lon="-83.59716838106503">
				<ele>521.9510120097548</ele>
				<time>2025-11-14T19:18:04Z</time>
			</trkpt>
			<trkpt lat="35.41580865877952" lon="-83.59721465969163">
				<ele>521.4763935795054</ele>
				<time>2025-11-14T19:18:05Z</time>
			</trkpt>
			<trkpt lat="35.41581546025362" lon="-83.5972504376606">
				<ele>522.3993651978672</ele>
				<time>2025-11-14T19:18:06Z</time>
			</trkpt>
			<trkpt lat="35.41582609569518" lon="-83.59728432715121">
				<ele>521.364927880466</ele>
				<time>2025-11-14T19:18:07Z</time>
			</trkpt>
			<trkpt lat="35.41583472048718" lon="-83.59731847209896">
				<ele>522.9025057889521</ele>
				<time>2025-11-14T19:18:08Z</time>
			</trkpt>
			<trkpt lat="35.415854549592744" lon="-83.59734378271447">
				<ele>521.5465536527336</ele>
				<time>2025-11-14T19:18:09Z</time>
			</trkpt>
			<trkpt lat="35.41588179188868" lon="-83.59738367683127">
				<ele>521.1772087719291</ele>
				<time>2025-11-14T19:18:11Z</time>
			</trkpt>
			<trkpt lat="35.415904508407635" lon="-83.59742622299201">
				<ele>523.3557966342196</ele>
				<time>2025-11-14T19:18:13Z</time>
			</trkpt>
			<trkpt lat="35.41592202194206" lon="-83.59744684041199">
				<ele>524.6123372381553</ele>
				<time>2025-11-14T19:18:14Z</time>
			</trkpt>
			<trkpt lat="35.41593913645627" lon="-83.59747057767346">
				<ele>524.2034862628207</ele>
				<time>2025-11-14T19:18:15Z</time>
			</trkpt>
			<trkpt lat="35.41596230948255" lon="-83.5975066230545">
				<ele>525.2690670741722</ele>
				<time>2025-11-14T19:18:16Z</time>
			</trkpt>
			<trkpt lat="35.41597631371917" lon="-83.59754585603368">
				<ele>526.5632462669164</ele>
				<time>2025-11-14T19:18:18Z</time>
			</trkpt>
			<trkpt lat="35.41598669665846" lon="-83.59757603985445">
				<ele>526.2327794441953</ele>
				<time>2025-11-14T19:18:19Z</time>
			</trkpt>
			<trkpt lat="35.41598548804049" lon="-83.59760588423636">
				<ele>526.8518193364143</ele>
				<time>2025-11-14T19:18:20Z</time>
			</trkpt>
			<trkpt lat="35.415990549841396" lon="-83.59763706624366">
				<ele>526.4470904348418</ele>
				<time>2025-11-14T19:18:21Z</time>
			</trkpt>
			<trkpt lat="35.41599515258999" lon="-83.5976763677239">
				<ele>527.2919934103265</ele>
				<time>2025-11-14T19:18:22Z</time>
			</trkpt>
			<trkpt lat="35.41598312212774" lon="-83.59773764444915">
				<ele>527.6863964740187</ele>
				<time>2025-11-14T19:18:24Z</time>
			</trkpt>
			<trkpt lat="35.415980938601116" lon="-83.59776318471938">
				<ele>527.4715534383431</ele>
				<time>2025-11-14T19:18:25Z</time>
			</trkpt>
			<trkpt lat="35.41597697093296" lon="-83.59779219882984">
				<ele>529.1219846364111</ele>
				<time>2025-11-14T19:18:26Z</time>
			</trkpt>
			<trkpt lat="35.41597887658062" lon="-83.5978249641545">
				<ele>528.3971753334627</ele>
				<time>2025-11-14T19:18:27Z</time>
			</trkpt>
			<trkpt lat="35.41597525342514" lon="-83.5978498559966">
				<ele>527.9395385589451</ele>
				<time>2025-11-14T19:18:28Z</time>
			</trkpt>
			<trkpt lat="35.415978449013465" lon="-83.59787793529597">
				<ele>527.4436051966622</ele>
				<time>2025-11-14T19:18:29Z</time>
			</trkpt>
			<trkpt lat="35.41597924319745" lon="-83.5979191815165">
				<ele>526.9162169890478</ele>
				<time>2025-11-14T19:18:30Z</time>
			</trkpt>
			<trkpt lat="35.41598983896803" lon="-83.59797442473189">
				<ele>527.7167803393677</ele>
				<time>2025-11-14T19:18:32Z</time>
			</trkpt>
			<trkpt lat="35.41600329201257" lon="-83.59799465973775">
				<ele>526.6488168993965</ele>
				<time>2025-11-14T19:18:33Z</time>
			</trkpt>
			<trkpt lat="35.41603047587787" lon="-83.59803389596338">
				<ele>525.1275705797598</ele>
				<time>2025-11-14T19:18:34Z</time>
			</trkpt>
			<trkpt lat="35.416039855148234" lon="-83.5980546716612">
				<ele>526.3207392226905</ele>
				<time>2025-11-14T19:18:35Z</time>
			</trkpt>
			<trkpt lat="35.41605867716668" lon="-83.59808468320651">
				<ele>525.475557487458</ele>
				<time>2025-11-14T19:18:36Z</time>
			</trkpt>
			<trkpt lat="35.416091013997104" lon="-83.59813931910557">
				<ele>524.7141290474683</ele>
				<time>2025-11-14T19:18:38Z</time>
			</trkpt>
			<trkpt lat="35.41614777482806" lon="-83.59818517493227">
				<ele>523.213609194383</ele>
				<time>2025-11-14T19:18:40Z</time>
			</trkpt>
			<trkpt lat="35.416162568120235" lon="-83.59819800028545">
				<ele>524.1636461652815</ele>
				<time>2025-11-14T19:18:41Z</time>
			</trkpt>
			<trkpt lat="35.416206507963224" lon="-83.59822195950908">
				<ele>523.8635301692411</ele>
				<time>2025-11-14T19:18:42Z</time>
			</trkpt>
			<trkpt lat="35.41624915305574" lon="-83.5982551934443">
				<ele>524.8339667879045</ele>
				<time>2025-11-14T19:18:44Z</time>
			</trkpt>
			<trkpt lat="35.4162889614275" lon="-83.59827219054523">
				<ele>524.7795808687806</ele>
				<time>2025-11-14T19:18:46Z</time>
			</trkpt>
			<trkpt lat="35.41632979571938" lon="-83.59827790641131">
				<ele>523.9273474942893</ele>
				<time>2025-11-14T19:18:48Z</time>
			</trkpt>
			<trkpt lat="35.41633980403965" lon="-83.59829814769212">
				<ele>527.1598888151348</ele>
				<time>2025-11-14T19:18:50Z</time>
			</trkpt>
			<trkpt lat="35.416362182857505" lon="-83.59831480746904">
				<ele>528.1368881296366</ele>
				<time>2025-11-14T19:18:52Z</time>
			</trkpt>
			<trkpt lat="35.416388415199506" lon="-83.59832516289828">
				<ele>528.1648523369804</ele>
				<time>2025-11-14T19:18:53Z</time>
			</trkpt>
			<trkpt lat="35.41642456406082" lon="-83.59833536559431">
				<ele>527.1247284291312</ele>
				<time>2025-11-14T19:18:54Z</time>
			</trkpt>
			<trkpt lat="35.41646812120791" lon="-83.59836905312424">
				<ele>528.462024574168</ele>
				<time>2025-11-14T19:18:56Z</time>
			</trkpt>
			<trkpt lat="35.41649890529412" lon="-83.59838788565753">
				<ele>530.5132242562249</ele>
				<time>2025-11-14T19:18:58Z</time>
			</trkpt>
			<trkpt lat="35.416514771159044" lon="-83.59840437434102">
				<ele>532.0984799973667</ele>
				<time>2025-11-14T19:18:59Z</time>
			</trkpt>
			<trkpt lat="35.416531804004606" lon="-83.59842135846976">
				<ele>532.5790289770812</ele>
				<time>2025-11-14T19:19:00Z</time>
			</trkpt>
			<trkpt lat="35.41655608721234" lon="-83.59843364372084">
				<ele>533.0960251549259</ele>
				<time>2025-11-14T19:19:01Z</time>
			</trkpt>
			<trkpt lat="35.41659011583528" lon="-83.5984474729684">
				<ele>535.7890238286927</ele>
				<time>2025-11-14T19:19:02Z</time>
			</trkpt>
			<trkpt lat="35.41663215428016" lon="-83.59844980495355">
				<ele>535.0049931257963</ele>
				<time>2025-11-14T19:19:03Z</time>
			</trkpt>
			<trkpt lat="35.416670680378466" lon="-83.59845253028098">
				<ele>535.5834718020633</ele>
				<time>2025-11-14T19:19:04Z</time>
			</trkpt>
			<trkpt lat="35.41672276427781" lon="-83.59845124013432">
				<ele>534.8763073319569</ele>
				<time>2025-11-14T19:19:05Z</time>
			</trkpt>
			<trkpt lat="35.41677170449984" lon="-83.59845020183602">
				<ele>533.4986391430721</ele>
				<time>2025-11-14T19:19:06Z</time>
			</trkpt>
			<trkpt lat="35.41681293406969" lon="-83.5984611590241">
				<ele>533.3208849849179</ele>
				<time>2025-11-14T19:19:07Z</time>
			</trkpt>
			<trkpt lat="35.416849653823874" lon="-83.59846896515766">
				<ele>533.3446415234357</ele>
				<time>2025-11-14T19:19:08Z</time>
			</trkpt>
			<trkpt lat="35.4168831162303" lon="-83.59847502233251">
				<ele>534.0597347915173</ele>
				<time>2025-11-14T19:19:09Z</time>
			</trkpt>
			<trkpt lat="35.41691952296773" lon="-83.5984791067433">
				<ele>533.7313107606024</ele>
				<time>2025-11-14T19:19:10Z</time>
			</trkpt>
			<trkpt lat="35.4169541366733" lon="-83.59848282600295">
				<ele>533.3819431941956</ele>
				<time>2025-11-14T19:19:11Z</time>
			</trkpt>
			<trkpt lat="35.416992426224496" lon="-83.59848356125205">
				<ele>533.1663519395515</ele>
				<time>2025-11-14T19:19:12Z</time>
			</trkpt>
			<trkpt lat="35.41702807875234" lon="-83.59848343861408">
				<ele>533.0854036407545</ele>
				<time>2025-11-14T19:19:13Z</time>
			</trkpt>
			<trkpt lat="35.41706992384041" lon="-83.59848032125615">
				<ele>532.4873194526881</ele>
				<time>2025-11-14T19:19:14Z</time>
			</trkpt>
			<trkpt lat="35.41711265291233" lon="-83.59847175228272">
				<ele>531.7778695849702</ele>
				<time>2025-11-14T19:19:15Z</time>
			</trkpt>
			<trkpt lat="35.41715297706232" lon="-83.59845617206828">
				<ele>531.8685800051317</ele>
				<time>2025-11-14T19:19:16Z</time>
			</trkpt>
			<trkpt lat="35.4171737095882" lon="-83.59844099272348">
				<ele>530.648105035536</ele>
				<time>2025-11-14T19:19:17Z</time>
			</trkpt>
			<trkpt lat="35.417208322008435" lon="-83.59840429218703">
				<ele>531.032447620295</ele>
				<time>2025-11-14T19:19:18Z</time>
			</trkpt>
			<trkpt lat="35.41724657084469" lon="-83.59836226877674">
				<ele>532.3266469929367</ele>
				<time>2025-11-14T19:19:20Z</time>
			</trkpt>
			<trkpt lat="35.41728208465639" lon="-83.59833022045883">
				<ele>532.2751055406407</ele>
				<time>2025-11-14T19:19:22Z</time>
			</trkpt>
			<trkpt lat="35.41730444100085" lon="-83.59833107601816">
				<ele>533.6753063295037</ele>
				<time>2025-11-14T19:19:23Z</time>
			</trkpt>
			<trkpt lat="35.4173428132045" lon="-83.59834899872637">
				<ele>533.1753499135375</ele>
				<time>2025-11-14T19:19:24Z</time>
			</trkpt>
			<trkpt lat="35.41736464185128" lon="-83.59836232935247">
				<ele>531.7431451007724</ele>
				<time>2025-11-14T19:19:25Z</time>
			</trkpt>
			<trkpt lat="35.417395764447576" lon="-83.59838920110487">
				<ele>531.8371044723317</ele>
				<time>2025-11-14T19:19:26Z</time>
			</trkpt>
			<trkpt lat="35.41744498930737" lon="-83.59842865003138">
				<ele>531.799771673046</ele>
				<time>2025-11-14T19:19:27Z</time>
			</trkpt>
			<trkpt lat="35.417482299465085" lon="-83.59846350438673">
				<ele>531.1981161339208</ele>
				<time>2025-11-14T19:19:28Z</time>
			</trkpt>
			<trkpt lat="35.4175321688724" lon="-83.59850414071117">
				<ele>531.9361552307382</ele>
				<time>2025-11-14T19:19:29Z</time>
			</trkpt>
			<trkpt lat="35.41757911708865" lon="-83.59853880124224">
				<ele>531.5380477365106</ele>
				<time>2025-11-14T19:19:30Z</time>
			</trkpt>
			<trkpt lat="35.417626933682165" lon="-83.59856656419822">
				<ele>530.290480632335</ele>
				<time>2025-11-14T19:19:31Z</time>
			</trkpt>
			<trkpt lat="35.41767158813681" lon="-83.59858768909524">
				<ele>529.5636538881809</ele>
				<time>2025-11-14T19:19:32Z</time>
			</trkpt>
			<trkpt lat="35.417714477150746" lon="-83.59859036055694">
				<ele>528.8768830848858</ele>
				<time>2025-11-14T19:19:33Z</time>
			</trkpt>
			<trkpt lat="35.417758889278154" lon="-83.59858990205012">
				<ele>528.3503942890093</ele>
				<time>2025-11-14T19:19:34Z</time>
			</trkpt>
			<trkpt lat="35.417808692192715" lon="-83.59858590156361">
				<ele>527.8731160825118</ele>
				<time>2025-11-14T19:19:35Z</time>
			</trkpt>
			<trkpt lat="35.41785389279166" lon="-83.59858175797527">
				<ele>527.6703073596582</ele>
				<time>2025-11-14T19:19:36Z</time>
			</trkpt>
			<trkpt lat="35.417890566032696" lon="-83.59858473671153">
				<ele>528.5976185547188</ele>
				<time>2025-11-14T19:19:37Z</time>
			</trkpt>
			<trkpt lat="35.41793555953072" lon="-83.59858059049506">
				<ele>527.8038187138736</ele>
				<time>2025-11-14T19:19:38Z</time>
			</trkpt>
			<trkpt lat="35.41798344308237" lon="-83.59857393337997">
				<ele>528.3053202359006</ele>
				<time>2025-11-14T19:19:39Z</time>
			</trkpt>
			<trkpt lat="35.4180061726877" lon="-83.5985623928567">
				<ele>527.5498766973615</ele>
				<time>2025-11-14T19:19:40Z</time>
			</trkpt>
			<trkpt lat="35.4180469531411" lon="-83.59855750284713">
				<ele>528.4132205024362</ele>
				<time>2025-11-14T19:19:41Z</time>
			</trkpt>
			<trkpt lat="35.41808904909381" lon="-83.59855245510701">
				<ele>529.8997425595298</ele>
				<time>2025-11-14T19:19:42Z</time>
			</trkpt>
			<trkpt lat="35.41811840571436" lon="-83.59854893491914">
				<ele>529.5222432930022</ele>
				<time>2025-11-14T19:19:43Z</time>
			</trkpt>
			<trkpt lat="35.4181728983596" lon="-83.59853948627621">
				<ele>530.513570071198</ele>
				<time>2025-11-14T19:19:44Z</time>
			</trkpt>
			<trkpt lat="35.41818149707315" lon="-83.59851281263475">
				<ele>529.190053684637</ele>
				<time>2025-11-14T19:19:45Z</time>
			</trkpt>
			<trkpt lat="35.418150451964806" lon="-83.59849868973846">
				<ele>529.5605313917622</ele>
				<time>2025-11-14T19:19:47Z</time>
			</trkpt>
			<trkpt lat="35.418349596724326" lon="-83.59856203532895">
				<ele>531.6231864737347</ele>
				<time>2025-11-14T19:19:48Z</time>
			</trkpt>
			<trkpt lat="35.418390296250244" lon="-83.59860817504904">
				<ele>529.1610016198829</ele>
				<time>2025-11-14T19:19:49Z</time>
			</trkpt>
			<trkpt lat="35.41841811876602" lon="-83.59863952750277">
				<ele>528.7472750535235</ele>
				<time>2025-11-14T19:19:50Z</time>
			</trkpt>
			<trkpt lat="35.41844906331947" lon="-83.59867526977699">
				<ele>528.6745645059273</ele>
				<time>2025-11-14T19:19:51Z</time>
			</trkpt>
			<trkpt lat="35.418465496140364" lon="-83.59869264696928">
				<ele>526.8808608483523</ele>
				<time>2025-11-14T19:19:52Z</time>
			</trkpt>
			<trkpt lat="35.41848365982521" lon="-83.59871306940354">
				<ele>525.4085770417005</ele>
				<time>2025-11-14T19:19:53Z</time>
			</trkpt>
			<trkpt lat="35.418501889381176" lon="-83.59873304687135">
				<ele>524.3373572221026</ele>
				<time>2025-11-14T19:19:54Z</time>
			</trkpt>
			<trkpt lat="35.41852442782071" lon="-83.5987608355343">
				<ele>523.7045076815411</ele>
				<time>2025-11-14T19:19:55Z</time>
			</trkpt>
			<trkpt lat="35.41855596575279" lon="-83.59879170216519">
				<ele>525.2689245073125</ele>
				<time>2025-11-14T19:19:57Z</time>
			</trkpt>
			<trkpt lat="35.41857952707194" lon="-83.59880198615011">
				<ele>525.6007623812184</ele>
				<time>2025-11-14T19:19:58Z</time>
			</trkpt>
			<trkpt lat="35.41860568494673" lon="-83.5988316256199">
				<ele>527.6859504869208</ele>
				<time>2025-11-14T19:20:00Z</time>
			</trkpt>
			<trkpt lat="35.418601440079875" lon="-83.59886046088627">
				<ele>531.0233987718821</ele>
				<time>2025-11-14T19:20:02Z</time>
			</trkpt>
			<trkpt lat="35.41858406385023" lon="-83.59886828052244">
				<ele>533.5743304705247</ele>
				<time>2025-11-14T19:20:03Z</time>
			</trkpt>
			<trkpt lat="35.41856738070894" lon="-83.59888744141145">
				<ele>533.4913981817663</ele>
				<time>2025-11-14T19:20:04Z</time>
			</trkpt>
			<trkpt lat="35.41855013231959" lon="-83.59890896358033">
				<ele>532.1528479326516</ele>
				<time>2025-11-14T19:20:05Z</time>
			</trkpt>
			<trkpt lat="35.41852229707878" lon="-83.59892817767218">
				<ele>531.9736787714064</ele>
				<time>2025-11-14T19:20:06Z</time>
			</trkpt>
			<trkpt lat="35.41849319094305" lon="-83.59895614005642">
				<ele>530.7408934645355</ele>
				<time>2025-11-14T19:20:07Z</time>
			</trkpt>
			<trkpt lat="35.41846800237544" lon="-83.59897058444741">
				<ele>528.8235016064718</ele>
				<time>2025-11-14T19:20:08Z</time>
			</trkpt>
			<trkpt lat="35.41843988721422" lon="-83.59898131920802">
				<ele>528.8630202971399</ele>
				<time>2025-11-14T19:20:09Z</time>
			</trkpt>
			<trkpt lat="35.41840856111158" lon="-83.59900344799507">
				<ele>527.2886722581461</ele>
				<time>2025-11-14T19:20:11Z</time>
			</trkpt>
			<trkpt lat="35.4183868282554" lon="-83.59901238906112">
				<ele>528.1826304784045</ele>
				<time>2025-11-14T19:20:12Z</time>
			</trkpt>
			<trkpt lat="35.41835910589529" lon="-83.59902859018555">
				<ele>526.5290619814768</ele>
				<time>2025-11-14T19:20:13Z</time>
			</trkpt>
			<trkpt lat="35.418309225588104" lon="-83.59904214772763">
				<ele>526.34360953141</ele>
				<time>2025-11-14T19:20:15Z</time>
			</trkpt>
			<trkpt lat="35.41826853051489" lon="-83.59905653708927">
				<ele>525.6881431760266</ele>
				<time>2025-11-14T19:20:17Z</time>
			</trkpt>
			<trkpt lat="35.41824332597749" lon="-83.59906524616795">
				<ele>525.4482332104817</ele>
				<time>2025-11-14T19:20:18Z</time>
			</trkpt>
			<trkpt lat="35.41822180990166" lon="-83.59908066636054">
				<ele>524.6834506271407</ele>
				<time>2025-11-14T19:20:19Z</time>
			</trkpt>
			<trkpt lat="35.41818866909766" lon="-83.5990911784164">
				<ele>523.8625781685114</ele>
				<time>2025-11-14T19:20:20Z</time>
			</trkpt>
			<trkpt lat="35.41816778576705" lon="-83.59909807576297">
				<ele>525.3502921052277</ele>
				<time>2025-11-14T19:20:21Z</time>
			</trkpt>
			<trkpt lat="35.4181355896771" lon="-83.59910987296915">
				<ele>524.404039918445</ele>
				<time>2025-11-14T19:20:22Z</time>
			</trkpt>
			<trkpt lat="35.418107135465235" lon="-83.59911799555344">
				<ele>523.464458138682</ele>
				<time>2025-11-14T19:20:23Z</time>
			</trkpt>
			<trkpt lat="35.41808365537919" lon="-83.59911950530538">
				<ele>524.715638210997</ele>
				<time>2025-11-14T19:20:24Z</time>
			</trkpt>
			<trkpt lat="35.41803718310086" lon="-83.5991256202891">
				<ele>525.6197212543339</ele>
				<time>2025-11-14T19:20:25Z</time>
			</trkpt>
			<trkpt lat="35.41799790030387" lon="-83.59914267860192">
				<ele>524.9181433636695</ele>
				<time>2025-11-14T19:20:27Z</time>
			</trkpt>
			<trkpt lat="35.41794488811867" lon="-83.59914753625922">
				<ele>525.8867753203958</ele>
				<time>2025-11-14T19:20:28Z</time>
			</trkpt>
			<trkpt lat="35.41789217562854" lon="-83.5991495339913">
				<ele>525.4941939581186</ele>
				<time>2025-11-14T19:20:30Z</time>
			</trkpt>
			<trkpt lat="35.41784780008495" lon="-83.59915863291457">
				<ele>525.8710637753829</ele>
				<time>2025-11-14T19:20:31Z</time>
			</trkpt>
			<trkpt lat="35.41780440176013" lon="-83.59915758458989">
				<ele>526.9624328073114</ele>
				<time>2025-11-14T19:20:33Z</time>
			</trkpt>
			<trkpt lat="35.41778191299646" lon="-83.59916186628018">
				<ele>527.0096296276897</ele>
				<time>2025-11-14T19:20:34Z</time>
			</trkpt>
			<trkpt lat="35.41774844352325" lon="-83.59916866314641">
				<ele>527.4166265213862</ele>
				<time>2025-11-14T19:20:35Z</time>
			</trkpt>
			<trkpt lat="35.41771254540712" lon="-83.59918092529685">
				<ele>526.8297588322312</ele>
				<time>2025-11-14T19:20:36Z</time>
			</trkpt>
			<trkpt lat="35.41765882315796" lon="-83.5991992743861">
				<ele>525.1758422506973</ele>
				<time>2025-11-14T19:20:37Z</time>
			</trkpt>
			<trkpt lat="35.41762029949522" lon="-83.59920287232052">
				<ele>524.5765307983384</ele>
				<time>2025-11-14T19:20:38Z</time>
			</trkpt>
			<trkpt lat="35.41758244363583" lon="-83.59921368759787">
				<ele>524.9527723789215</ele>
				<time>2025-11-14T19:20:40Z</time>
			</trkpt>
			<trkpt lat="35.41754756432247" lon="-83.59922270745298">
				<ele>525.6202302379534</ele>
				<time>2025-11-14T19:20:41Z</time>
			</trkpt>
			<trkpt lat="35.41752428714382" lon="-83.59923470134656">
				<ele>525.5010787239298</ele>
				<time>2025-11-14T19:20:42Z</time>
			</trkpt>
			<trkpt lat="35.4174778472609" lon="-83.59926200740836">
				<ele>523.7403228925541</ele>
				<time>2025-11-14T19:20:43Z</time>
			</trkpt>
			<trkpt lat="35.4174501866466" lon="-83.59928434420857">
				<ele>523.8662936538458</ele>
				<time>2025-11-14T19:20:44Z</time>
			</trkpt>
			<trkpt lat="35.41740933549219" lon="-83.59933427228599">
				<ele>523.9169648410752</ele>
				<time>2025-11-14T19:20:45Z</time>
			</trkpt>
			<trkpt lat="35.41739222974464" lon="-83.59935168464655">
				<ele>523.9258657982573</ele>
				<time>2025-11-14T19:20:46Z</time>
			</trkpt>
			<trkpt lat="35.41736689301741" lon="-83.59938518033904">
				<ele>523.7791041424498</ele>
				<time>2025-11-14T19:20:47Z</time>
			</trkpt>
			<trkpt lat="35.41734117690954" lon="-83.59940851763979">
				<ele>525.5829736534506</ele>
				<time>2025-11-14T19:20:48Z</time>
			</trkpt>
			<trkpt lat="35.4173158446359" lon="-83.59944805579339">
				<ele>526.3813454797491</ele>
				<time>2025-11-14T19:20:49Z</time>
			</trkpt>
			<trkpt lat="35.417294120032786" lon="-83.59945275575572">
				<ele>527.0347433006391</ele>
				<time>2025-11-14T19:20:50Z</time>
			</trkpt>
			<trkpt lat="35.41726456635798" lon="-83.59949663383676">
				<ele>527.6352853951976</ele>
				<time>2025-11-14T19:20:51Z</time>
			</trkpt>
			<trkpt lat="35.41724729377904" lon="-83.59953328389837">
				<ele>528.1226123329252</ele>
				<time>2025-11-14T19:20:53Z</time>
			</trkpt>
			<trkpt lat="35.41723993539338" lon="-83.59956640963087">
				<ele>528.6408572951332</ele>
				<time>2025-11-14T19:20:54Z</time>
			</trkpt>
			<trkpt lat="35.4172394016456" lon="-83.59961961994212">
				<ele>528.2027390589938</ele>
				<time>2025-11-14T19:20:56Z</time>
			</trkpt>
			<trkpt lat="35.41724322436474" lon="-83.59967831499509">
				<ele>527.7681942023337</ele>
				<time>2025-11-14T19:20:58Z</time>
			</trkpt>
			<trkpt lat="35.41725346804747" lon="-83.59970341632484">
				<ele>526.7946799816564</ele>
				<time>2025-11-14T19:20:59Z</time>
			</trkpt>
			<trkpt lat="35.41726002045449" lon="-83.59975849261455">
				<ele>527.1731638731435</ele>
				<time>2025-11-14T19:21:00Z</time>
			</trkpt>
			<trkpt lat="35.4172691008572" lon="-83.59978115562329">
				<ele>526.4118486233056</ele>
				<time>2025-11-14T19:21:01Z</time>
			</trkpt>
			<trkpt lat="35.417276472087465" lon="-83.5998200646749">
				<ele>525.3919176831841</ele>
				<time>2025-11-14T19:21:02Z</time>
			</trkpt>
			<trkpt lat="35.417288741909424" lon="-83.59986441940184">
				<ele>526.1557575361803</ele>
				<time>2025-11-14T19:21:03Z</time>
			</trkpt>
			<trkpt lat="35.41729464930083" lon="-83.59988608990939">
				<ele>525.1121164383367</ele>
				<time>2025-11-14T19:21:04Z</time>
			</trkpt>
			<trkpt lat="35.41730438441638" lon="-83.59993227111426">
				<ele>524.7992203012109</ele>
				<time>2025-11-14T19:21:05Z</time>
			</trkpt>
			<trkpt lat="35.41731478866004" lon="-83.59996489395719">
				<ele>525.0589949218556</ele>
				<time>2025-11-14T19:21:06Z</time>
			</trkpt>
			<trkpt lat="35.417317607967" lon="-83.60000227324514">
				<ele>525.6494556255639</ele>
				<time>2025-11-14T19:21:07Z</time>
			</trkpt>
			<trkpt lat="35.41732601690283" lon="-83.60004236610777">
				<ele>525.5439206762239</ele>
				<time>2025-11-14T19:21:08Z</time>
			</trkpt>
			<trkpt lat="35.41733914874677" lon="-83.60007992608833">
				<ele>525.7801597928628</ele>
				<time>2025-11-14T19:21:09Z</time>
			</trkpt>
			<trkpt lat="35.41735119208984" lon="-83.60011539950965">
				<ele>527.179550005123</ele>
				<time>2025-11-14T19:21:10Z</time>
			</trkpt>
			<trkpt lat="35.4173631012425" lon="-83.60014946943676">
				<ele>528.3914511241019</ele>
				<time>2025-11-14T19:21:11Z</time>
			</trkpt>
			<trkpt lat="35.4173753554113" lon="-83.60017456311907">
				<ele>528.3257720442489</ele>
				<time>2025-11-14T19:21:12Z</time>
			</trkpt>
			<trkpt lat="35.41738775880699" lon="-83.60020118919124">
				<ele>528.4574592383578</ele>
				<time>2025-11-14T19:21:13Z</time>
			</trkpt>
			<trkpt lat="35.41739553934701" lon="-83.60022460440489">
				<ele>529.0795487919822</ele>
				<time>2025-11-14T19:21:14Z</time>
			</trkpt>
			<trkpt lat="35.41741332834844" lon="-83.6002470074031">
				<ele>528.6534372102469</ele>
				<time>2025-11-14T19:21:15Z</time>
			</trkpt>
			<trkpt lat="35.41742158903883" lon="-83.6002792960523">
				<ele>529.6795134628192</ele>
				<time>2025-11-14T19:21:16Z</time>
			</trkpt>
			<trkpt lat="35.417436574586034" lon="-83.6002994543402">
				<ele>529.8398284027353</ele>
				<time>2025-11-14T19:21:17Z</time>
			</trkpt>
			<trkpt lat="35.4174597094891" lon="-83.60032890027368">
				<ele>531.4717620285228</ele>
				<time>2025-11-14T19:21:18Z</time>
			</trkpt>
			<trkpt lat="35.417474380330894" lon="-83.600346398281">
				<ele>530.7938885893673</ele>
				<time>2025-11-14T19:21:19Z</time>
			</trkpt>
			<trkpt lat="35.417496241387354" lon="-83.60037723850228">
				<ele>533.3138044504449</ele>
				<time>2025-11-14T19:21:20Z</time>
			</trkpt>
			<trkpt lat="35.4175129741226" lon="-83.60040865184935">
				<ele>531.9103301335126</ele>
				<time>2025-11-14T19:21:21Z</time>
			</trkpt>
			<trkpt lat="35.41753171220008" lon="-83.60044521828895">
				<ele>532.7105217287317</ele>
				<time>2025-11-14T19:21:22Z</time>
			</trkpt>
			<trkpt lat="35.417549606003746" lon="-83.6004846554993">
				<ele>531.7098893495277</ele>
				<time>2025-11-14T19:21:23Z</time>
			</trkpt>
			<trkpt lat="35.41756837041377" lon="-83.6005069245688">
				<ele>532.2928285431117</ele>
				<time>2025-11-14T19:21:24Z</time>
			</trkpt>
			<trkpt lat="35.41758430077159" lon="-83.60053800765623">
				<ele>533.5498078903183</ele>
				<time>2025-11-14T19:21:25Z</time>
			</trkpt>
			<trkpt lat="35.41760338310736" lon="-83.60056881398536">
				<ele>534.2201301371679</ele>
				<time>2025-11-14T19:21:26Z</time>
			</trkpt>
			<trkpt lat="35.41761975307625" lon="-83.60059537509372">
				<ele>534.6473946943879</ele>
				<time>2025-11-14T19:21:27Z</time>
			</trkpt>
			<trkpt lat="35.417660061226286" lon="-83.60064079259232">
				<ele>535.2510456191376</ele>
				<time>2025-11-14T19:21:28Z</time>
			</trkpt>
			<trkpt lat="35.41770438242853" lon="-83.60068571708187">
				<ele>534.6025047702715</ele>
				<time>2025-11-14T19:21:30Z</time>
			</trkpt>
			<trkpt lat="35.41773713572151" lon="-83.60072108520514">
				<ele>535.5487905116752</ele>
				<time>2025-11-14T19:21:31Z</time>
			</trkpt>
			<trkpt lat="35.41776317442546" lon="-83.60073512361845">
				<ele>535.9955249764025</ele>
				<time>2025-11-14T19:21:32Z</time>
			</trkpt>
			<trkpt lat="35.417781296269155" lon="-83.60076732314315">
				<ele>537.2024902924895</ele>
				<time>2025-11-14T19:21:33Z</time>
			</trkpt>
			<trkpt lat="35.4177718234827" lon="-83.60079697604091">
				<ele>538.6397832725197</ele>
				<time>2025-11-14T19:21:34Z</time>
			</trkpt>
			<trkpt lat="35.41776747081486" lon="-83.60084955136394">
				<ele>535.0967522216961</ele>
				<time>2025-11-14T19:21:35Z</time>
			</trkpt>
			<trkpt lat="35.417754177374235" lon="-83.6008792966865">
				<ele>535.583622216247</ele>
				<time>2025-11-14T19:21:36Z</time>
			</trkpt>
			<trkpt lat="35.417760270206564" lon="-83.60092623185315">
				<ele>534.9605549816042</ele>
				<time>2025-11-14T19:21:37Z</time>
			</trkpt>
			<trkpt lat="35.41775256914617" lon="-83.60099561191947">
				<ele>534.5682140747085</ele>
				<time>2025-11-14T19:21:38Z</time>
			</trkpt>
			<trkpt lat="35.41774923383859" lon="-83.60107175099202">
				<ele>534.7048867233098</ele>
				<time>2025-11-14T19:21:39Z</time>
			</trkpt>
			<trkpt lat="35.417755338273956" lon="-83.60110531462976">
				<ele>533.8869883166626</ele>
				<time>2025-11-14T19:21:40Z</time>
			</trkpt>
			<trkpt lat="35.41775588990068" lon="-83.60115219766253">
				<ele>534.1197363808751</ele>
				<time>2025-11-14T19:21:41Z</time>
			</trkpt>
			<trkpt lat="35.417766286684795" lon="-83.60118317928882">
				<ele>533.0638173753396</ele>
				<time>2025-11-14T19:21:42Z</time>
			</trkpt>
			<trkpt lat="35.41776618949068" lon="-83.60121996034637">
				<ele>533.9835910294205</ele>
				<time>2025-11-14T19:21:43Z</time>
			</trkpt>
			<trkpt lat="35.41777774717886" lon="-83.60125348792711">
				<ele>532.9305619476363</ele>
				<time>2025-11-14T19:21:44Z</time>
			</trkpt>
			<trkpt lat="35.41778618505878" lon="-83.60127824999448">
				<ele>531.8967557661235</ele>
				<time>2025-11-14T19:21:45Z</time>
			</trkpt>
			<trkpt lat="35.41778893062778" lon="-83.60131482815324">
				<ele>532.3107350589707</ele>
				<time>2025-11-14T19:21:46Z</time>
			</trkpt>
			<trkpt lat="35.41778918508249" lon="-83.60133848348097">
				<ele>532.3530827946961</ele>
				<time>2025-11-14T19:21:47Z</time>
			</trkpt>
			<trkpt lat="35.41779524597988" lon="-83.60137129861457">
				<ele>532.6794549403712</ele>
				<time>2025-11-14T19:21:48Z</time>
			</trkpt>
			<trkpt lat="35.41780600884078" lon="-83.60140346051055">
				<ele>532.143632825464</ele>
				<time>2025-11-14T19:21:49Z</time>
			</trkpt>
			<trkpt lat="35.41781515242765" lon="-83.60143187569115">
				<ele>531.7356053804979</ele>
				<time>2025-11-14T19:21:50Z</time>
			</trkpt>
			<trkpt lat="35.417830215567434" lon="-83.60147753089115">
				<ele>531.9439407931641</ele>
				<time>2025-11-14T19:21:51Z</time>
			</trkpt>
			<trkpt lat="35.41784226357767" lon="-83.60150020176374">
				<ele>531.9659022893757</ele>
				<time>2025-11-14T19:21:52Z</time>
			</trkpt>
			<trkpt lat="35.41786585581567" lon="-83.60154732994887">
				<ele>534.3027085736394</ele>
				<time>2025-11-14T19:21:53Z</time>
			</trkpt>
			<trkpt lat="35.417886921265" lon="-83.60158156660506">
				<ele>534.0633278470486</ele>
				<time>2025-11-14T19:21:55Z</time>
			</trkpt>
			<trkpt lat="35.417902152135895" lon="-83.6016076436925">
				<ele>533.9890990834683</ele>
				<time>2025-11-14T19:21:56Z</time>
			</trkpt>
			<trkpt lat="35.41790359040733" lon="-83.60163015019177">
				<ele>533.820953332819</ele>
				<time>2025-11-14T19:21:57Z</time>
			</trkpt>
			<trkpt lat="35.41791455117948" lon="-83.60166255951194">
				<ele>535.2334846723825</ele>
				<time>2025-11-14T19:21:58Z</time>
			</trkpt>
			<trkpt lat="35.417931307924924" lon="-83.60168819045917">
				<ele>534.8076939377934</ele>
				<time>2025-11-14T19:21:59Z</time>
			</trkpt>
			<trkpt lat="35.417958215749906" lon="-83.60171547663128">
				<ele>533.6161091020331</ele>
				<time>2025-11-14T19:22:00Z</time>
			</trkpt>
			<trkpt lat="35.4179736632874" lon="-83.60173423629755">
				<ele>533.2387218493968</ele>
				<time>2025-11-14T19:22:01Z</time>
			</trkpt>
			<trkpt lat="35.417991242198575" lon="-83.60175601567694">
				<ele>533.2265810891986</ele>
				<time>2025-11-14T19:22:02Z</time>
			</trkpt>
			<trkpt lat="35.418006399078536" lon="-83.60177299290382">
				<ele>533.4354593288153</ele>
				<time>2025-11-14T19:22:03Z</time>
			</trkpt>
			<trkpt lat="35.41801897473213" lon="-83.60179190837341">
				<ele>533.1700646178797</ele>
				<time>2025-11-14T19:22:04Z</time>
			</trkpt>
			<trkpt lat="35.41804277956819" lon="-83.60181297393612">
				<ele>533.1020742468536</ele>
				<time>2025-11-14T19:22:05Z</time>
			</trkpt>
			<trkpt lat="35.41806529288242" lon="-83.60183906573002">
				<ele>532.6638252297416</ele>
				<time>2025-11-14T19:22:06Z</time>
			</trkpt>
			<trkpt lat="35.41809880198483" lon="-83.60186951510687">
				<ele>532.9152804687619</ele>
				<time>2025-11-14T19:22:07Z</time>
			</trkpt>
			<trkpt lat="35.41811241283064" lon="-83.60188860739632">
				<ele>533.2622769530863</ele>
				<time>2025-11-14T19:22:08Z</time>
			</trkpt>
			<trkpt lat="35.418133149020086" lon="-83.60191233846176">
				<ele>534.1038205446675</ele>
				<time>2025-11-14T19:22:09Z</time>
			</trkpt>
			<trkpt lat="35.418163421726945" lon="-83.60191959299887">
				<ele>533.9936668435112</ele>
				<time>2025-11-14T19:22:10Z</time>
			</trkpt>
			<trkpt lat="35.418184366679924" lon="-83.60192508040251">
				<ele>535.2385521121323</ele>
				<time>2025-11-14T19:22:11Z</time>
			</trkpt>
			<trkpt lat="35.41820903951518" lon="-83.6019257383357">
				<ele>535.6677071638405</ele>
				<time>2025-11-14T19:22:12Z</time>
			</trkpt>
			<trkpt lat="35.418227127939716" lon="-83.60192525810545">
				<ele>535.6559700099751</ele>
				<time>2025-11-14T19:22:13Z</time>
			</trkpt>
			<trkpt lat="35.41824944222847" lon="-83.60193235294052">
				<ele>535.2566838311031</ele>
				<time>2025-11-14T19:22:14Z</time>
			</trkpt>
			<trkpt lat="35.41827009506973" lon="-83.60194107573895">
				<ele>536.0084700901061</ele>
				<time>2025-11-14T19:22:15Z</time>
			</trkpt>
			<trkpt lat="35.41828833494218" lon="-83.60195274450633">
				<ele>537.3746498348191</ele>
				<time>2025-11-14T19:22:16Z</time>
			</trkpt>
			<trkpt lat="35.41830966918598" lon="-83.6019644853722">
				<ele>536.86279701069</ele>
				<time>2025-11-14T19:22:17Z</time>
			</trkpt>
			<trkpt lat="35.41832253316085" lon="-83.60198567551214">
				<ele>536.914623785764</ele>
				<time>2025-11-14T19:22:18Z</time>
			</trkpt>
			<trkpt lat="35.41833188520118" lon="-83.60201291889462">
				<ele>537.1070777866989</ele>
				<time>2025-11-14T19:22:19Z</time>
			</trkpt>
			<trkpt lat="35.418337916048486" lon="-83.60204026061385">
				<ele>538.3776660459116</ele>
				<time>2025-11-14T19:22:20Z</time>
			</trkpt>
			<trkpt lat="35.4183512179796" lon="-83.60206463869223">
				<ele>538.5338671095669</ele>
				<time>2025-11-14T19:22:21Z</time>
			</trkpt>
			<trkpt lat="35.41836307002193" lon="-83.60208914404606">
				<ele>539.0418316535652</ele>
				<time>2025-11-14T19:22:22Z</time>
			</trkpt>
			<trkpt lat="35.41837765478441" lon="-83.60211159213851">
				<ele>538.8939969316125</ele>
				<time>2025-11-14T19:22:23Z</time>
			</trkpt>
			<trkpt lat="35.418395034553384" lon="-83.60213899102082">
				<ele>538.8676634132862</ele>
				<time>2025-11-14T19:22:24Z</time>
			</trkpt>
			<trkpt lat="35.418407291034406" lon="-83.60216627023702">
				<ele>538.1200291560963</ele>
				<time>2025-11-14T19:22:25Z</time>
			</trkpt>
			<trkpt lat="35.41842312823098" lon="-83.60218277622776">
				<ele>537.4186594346538</ele>
				<time>2025-11-14T19:22:26Z</time>
			</trkpt>
			<trkpt lat="35.41843446196344" lon="-83.60220838637548">
				<ele>538.0740969991311</ele>
				<time>2025-11-14T19:22:27Z</time>
			</trkpt>
			<trkpt lat="35.41845111699677" lon="-83.60224671444186">
				<ele>538.6056651808321</ele>
				<time>2025-11-14T19:22:29Z</time>
			</trkpt>
			<trkpt lat="35.418471117646476" lon="-83.60225642717621">
				<ele>537.7180181490257</ele>
				<time>2025-11-14T19:22:30Z</time>
			</trkpt>
			<trkpt lat="35.41850886956731" lon="-83.60227485121196">
				<ele>538.1673866929486</ele>
				<time>2025-11-14T19:22:32Z</time>
			</trkpt>
			<trkpt lat="35.41852339416313" lon="-83.60229037583547">
				<ele>538.3434656281024</ele>
				<time>2025-11-14T19:22:33Z</time>
			</trkpt>
			<trkpt lat="35.418542239016354" lon="-83.60230804084544">
				<ele>538.6720610335469</ele>
				<time>2025-11-14T19:22:34Z</time>
			</trkpt>
			<trkpt lat="35.418562663633686" lon="-83.60231814669358">
				<ele>539.3433239720762</ele>
				<time>2025-11-14T19:22:35Z</time>
			</trkpt>
			<trkpt lat="35.41858370081568" lon="-83.60233490641191">
				<ele>539.4745530653745</ele>
				<time>2025-11-14T19:22:36Z</time>
			</trkpt>
			<trkpt lat="35.41860483015067" lon="-83.60234718511641">
				<ele>540.7214059801772</ele>
				<time>2025-11-14T19:22:37Z</time>
			</trkpt>
			<trkpt lat="35.418627281638" lon="-83.6023528186024">
				<ele>541.0670267706737</ele>
				<time>2025-11-14T19:22:38Z</time>
			</trkpt>
			<trkpt lat="35.41864313090348" lon="-83.60236541839137">
				<ele>542.2049334459007</ele>
				<time>2025-11-14T19:22:39Z</time>
			</trkpt>
			<trkpt lat="35.418664715397036" lon="-83.60237547054501">
				<ele>542.5483255311847</ele>
				<time>2025-11-14T19:22:40Z</time>
			</trkpt>
			<trkpt lat="35.41868143434166" lon="-83.60238928339604">
				<ele>542.5427094986662</ele>
				<time>2025-11-14T19:22:41Z</time>
			</trkpt>
			<trkpt lat="35.41869683334059" lon="-83.60240122346636">
				<ele>542.4685143008828</ele>
				<time>2025-11-14T19:22:42Z</time>
			</trkpt>
			<trkpt lat="35.418715897177464" lon="-83.60241373744883">
				<ele>542.8809409616515</ele>
				<time>2025-11-14T19:22:47Z</time>
			</trkpt>
			<trkpt lat="35.41874321173587" lon="-83.60243103849096">
				<ele>542.0323941390961</ele>
				<time>2025-11-14T19:22:50Z</time>
			</trkpt>
			<trkpt lat="35.41876238889006" lon="-83.6024543446284">
				<ele>541.9949141228572</ele>
				<time>2025-11-14T19:22:52Z</time>
			</trkpt>
			<trkpt lat="35.41878274720618" lon="-83.60248082277589">
				<ele>542.5576161378995</ele>
				<time>2025-11-14T19:22:54Z</time>
			</trkpt>
			<trkpt lat="35.41879762057956" lon="-83.60251150623445">
				<ele>542.6596475820988</ele>
				<time>2025-11-14T19:22:55Z</time>
			</trkpt>
			<trkpt lat="35.41881547789376" lon="-83.60254421332687">
				<ele>542.8636540928856</ele>
				<time>2025-11-14T19:22:56Z</time>
			</trkpt>
			<trkpt lat="35.418831550756714" lon="-83.60258202713979">
				<ele>543.5414831889793</ele>
				<time>2025-11-14T19:22:57Z</time>
			</trkpt>
			<trkpt lat="35.4188506548218" lon="-83.60261982241643">
				<ele>542.1761281462386</ele>
				<time>2025-11-14T19:22:58Z</time>
			</trkpt>
			<trkpt lat="35.41887278881312" lon="-83.60265713681612">
				<ele>541.6053087571636</ele>
				<time>2025-11-14T19:22:59Z</time>
			</trkpt>
			<trkpt lat="35.418896582398034" lon="-83.60272204031436">
				<ele>543.0611829767004</ele>
				<time>2025-11-14T19:23:00Z</time>
			</trkpt>
			<trkpt lat="35.41892529738224" lon="-83.6027653555731">
				<ele>541.0765221482143</ele>
				<time>2025-11-14T19:23:01Z</time>
			</trkpt>
			<trkpt lat="35.41895658995107" lon="-83.60280978066267">
				<ele>539.9079522099346</ele>
				<time>2025-11-14T19:23:02Z</time>
			</trkpt>
			<trkpt lat="35.41899556902433" lon="-83.60283945531997">
				<ele>540.1298082126305</ele>
				<time>2025-11-14T19:23:03Z</time>
			</trkpt>
			<trkpt lat="35.419030982518215" lon="-83.60288543876325">
				<ele>539.0874628080055</ele>
				<time>2025-11-14T19:23:04Z</time>
			</trkpt>
			<trkpt lat="35.419068932166205" lon="-83.60293421403259">
				<ele>538.2436822494492</ele>
				<time>2025-11-14T19:23:05Z</time>
			</trkpt>
			<trkpt lat="35.41911323888732" lon="-83.60298864805976">
				<ele>537.5470433300361</ele>
				<time>2025-11-14T19:23:06Z</time>
			</trkpt>
			<trkpt lat="35.41915185332964" lon="-83.60304749282973">
				<ele>537.1912855599076</ele>
				<time>2025-11-14T19:23:07Z</time>
			</trkpt>
			<trkpt lat="35.41919077574835" lon="-83.60308562750453">
				<ele>537.6905686631799</ele>
				<time>2025-11-14T19:23:08Z</time>
			</trkpt>
			<trkpt lat="35.41922124553769" lon="-83.60309799239565">
				<ele>538.2787006683648</ele>
				<time>2025-11-14T19:23:09Z</time>
			</trkpt>
			<trkpt lat="35.419240047345404" lon="-83.60310328863623">
				<ele>537.4132214970887</ele>
				<time>2025-11-14T19:23:10Z</time>
			</trkpt>
			<trkpt lat="35.41926931082891" lon="-83.60310229817715">
				<ele>536.30819393415</ele>
				<time>2025-11-14T19:23:12Z</time>
			</trkpt>
			<trkpt lat="35.41928363337327" lon="-83.6030802900963">
				<ele>536.8262742450461</ele>
				<time>2025-11-14T19:23:13Z</time>
			</trkpt>
			<trkpt lat="35.41930224759416" lon="-83.60305384870819">
				<ele>537.5828258376569</ele>
				<time>2025-11-14T19:23:14Z</time>
			</trkpt>
			<trkpt lat="35.41932696543113" lon="-83.60301790516239">
				<ele>535.8146141665056</ele>
				<time>2025-11-14T19:23:15Z</time>
			</trkpt>
			<trkpt lat="35.41934435766364" lon="-83.60298049229279">
				<ele>535.627173570916</ele>
				<time>2025-11-14T19:23:16Z</time>
			</trkpt>
			<trkpt lat="35.419371060597975" lon="-83.60293594598639">
				<ele>533.2465705573559</ele>
				<time>2025-11-14T19:23:17Z</time>
			</trkpt>
			<trkpt lat="35.4193867169584" lon="-83.60288057505043">
				<ele>532.6510638967156</ele>
				<time>2025-11-14T19:23:18Z</time>
			</trkpt>
			<trkpt lat="35.419411100322286" lon="-83.60282275400834">
				<ele>531.0913967676461</ele>
				<time>2025-11-14T19:23:19Z</time>
			</trkpt>
			<trkpt lat="35.41943093049714" lon="-83.60277320822809">
				<ele>530.4624941246584</ele>
				<time>2025-11-14T19:23:20Z</time>
			</trkpt>
			<trkpt lat="35.41945768064554" lon="-83.60273486798144">
				<ele>530.4212218150496</ele>
				<time>2025-11-14T19:23:21Z</time>
			</trkpt>
			<trkpt lat="35.41946547509321" lon="-83.60271138496957">
				<ele>531.3659161599353</ele>
				<time>2025-11-14T19:23:22Z</time>
			</trkpt>
			<trkpt lat="35.41948393283477" lon="-83.6027281152223">
				<ele>534.996871938929</ele>
				<time>2025-11-14T19:23:25Z</time>
			</trkpt>
			<trkpt lat="35.41952031683216" lon="-83.6027654184817">
				<ele>535.9590022759512</ele>
				<time>2025-11-14T19:23:26Z</time>
			</trkpt>
			<trkpt lat="35.419560601046435" lon="-83.60281778013834">
				<ele>537.113858227618</ele>
				<time>2025-11-14T19:23:27Z</time>
			</trkpt>
			<trkpt lat="35.41960018714565" lon="-83.60285812750517">
				<ele>536.9807951189578</ele>
				<time>2025-11-14T19:23:28Z</time>
			</trkpt>
			<trkpt lat="35.4196429713931" lon="-83.60287653971014">
				<ele>535.9785347916186</ele>
				<time>2025-11-14T19:23:29Z</time>
			</trkpt>
			<trkpt lat="35.41966713171101" lon="-83.60289241192591">
				<ele>536.0061900243163</ele>
				<time>2025-11-14T19:23:30Z</time>
			</trkpt>
			<trkpt lat="35.41969229953933" lon="-83.60290682576206">
				<ele>533.9144747853279</ele>
				<time>2025-11-14T19:23:31Z</time>
			</trkpt>
			<trkpt lat="35.419718047705295" lon="-83.60293096584186">
				<ele>535.1671860860661</ele>
				<time>2025-11-14T19:23:32Z</time>
			</trkpt>
			<trkpt lat="35.41975330313797" lon="-83.60294543914405">
				<ele>531.1260044863448</ele>
				<time>2025-11-14T19:23:33Z</time>
			</trkpt>
			<trkpt lat="35.41978785889956" lon="-83.60295311457925">
				<ele>532.2448818553239</ele>
				<time>2025-11-14T19:23:34Z</time>
			</trkpt>
			<trkpt lat="35.41982474728849" lon="-83.60293969259938">
				<ele>530.8983886567876</ele>
				<time>2025-11-14T19:23:35Z</time>
			</trkpt>
			<trkpt lat="35.41985437878873" lon="-83.60292714719324">
				<ele>531.1851798826829</ele>
				<time>2025-11-14T19:23:37Z</time>
			</trkpt>
			<trkpt lat="35.419872224391185" lon="-83.60290848919841">
				<ele>531.0815017456189</ele>
				<time>2025-11-14T19:23:38Z</time>
			</trkpt>
			<trkpt lat="35.41988840472212" lon="-83.60288692316666">
				<ele>530.5086868992075</ele>
				<time>2025-11-14T19:23:39Z</time>
			</trkpt>
			<trkpt lat="35.41990058213324" lon="-83.602863429393">
				<ele>531.4715795079246</ele>
				<time>2025-11-14T19:23:40Z</time>
			</trkpt>
			<trkpt lat="35.419932880306774" lon="-83.60282613719302">
				<ele>531.9022529609501</ele>
				<time>2025-11-14T19:23:42Z</time>
			</trkpt>
			<trkpt lat="35.41996500922693" lon="-83.60278660153413">
				<ele>531.0483881765977</ele>
				<time>2025-11-14T19:23:44Z</time>
			</trkpt>
			<trkpt lat="35.41998710251727" lon="-83.6027803958192">
				<ele>530.7554336423054</ele>
				<time>2025-11-14T19:23:45Z</time>
			</trkpt>
			<trkpt lat="35.42000745341382" lon="-83.60275617656401">
				<ele>530.8791142748669</ele>
				<time>2025-11-14T19:23:46Z</time>
			</trkpt>
			<trkpt lat="35.42003394323995" lon="-83.60272664280345">
				<ele>531.5913103241473</ele>
				<time>2025-11-14T19:23:47Z</time>
			</trkpt>
			<trkpt lat="35.42005175973661" lon="-83.60270968454672">
				<ele>532.1064179325476</ele>
				<time>2025-11-14T19:23:48Z</time>
			</trkpt>
			<trkpt lat="35.420067016536926" lon="-83.60267807989791">
				<ele>533.1645733453333</ele>
				<time>2025-11-14T19:23:49Z</time>
			</trkpt>
			<trkpt lat="35.42009609544811" lon="-83.60264102967558">
				<ele>535.7211576709524</ele>
				<time>2025-11-14T19:23:51Z</time>
			</trkpt>
			<trkpt lat="35.42012931292594" lon="-83.60263612282054">
				<ele>536.0040665306151</ele>
				<time>2025-11-14T19:23:52Z</time>
			</trkpt>
			<trkpt lat="35.4201507912003" lon="-83.60265437401787">
				<ele>536.5416487269104</ele>
				<time>2025-11-14T19:23:53Z</time>
			</trkpt>
			<trkpt lat="35.4201759635498" lon="-83.60266198846409">
				<ele>536.2606548797339</ele>
				<time>2025-11-14T19:23:55Z</time>
			</trkpt>
			<trkpt lat="35.420197423113066" lon="-83.60266352783624">
				<ele>536.2437029862776</ele>
				<time>2025-11-14T19:23:56Z</time>
			</trkpt>
			<trkpt lat="35.42022955233924" lon="-83.6026920316832">
				<ele>535.5564310112968</ele>
				<time>2025-11-14T19:23:57Z</time>
			</trkpt>
			<trkpt lat="35.420266944369565" lon="-83.60271659951546">
				<ele>536.8267893539742</ele>
				<time>2025-11-14T19:23:59Z</time>
			</trkpt>
			<trkpt lat="35.420289889608725" lon="-83.60272928567348">
				<ele>536.347456282936</ele>
				<time>2025-11-14T19:24:00Z</time>
			</trkpt>
			<trkpt lat="35.420339136240294" lon="-83.60273862274916">
				<ele>534.356000433676</ele>
				<time>2025-11-14T19:24:02Z</time>
			</trkpt>
			<trkpt lat="35.42035801448331" lon="-83.60273340517539">
				<ele>534.1297482931986</ele>
				<time>2025-11-14T19:24:03Z</time>
			</trkpt>
			<trkpt lat="35.42037765963515" lon="-83.60274988586463">
				<ele>534.3757051760331</ele>
				<time>2025-11-14T19:24:04Z</time>
			</trkpt>
			<trkpt lat="35.42041032734539" lon="-83.60278059866846">
				<ele>535.6043458711356</ele>
				<time>2025-11-14T19:24:06Z</time>
			</trkpt>
			<trkpt lat="35.420460747258005" lon="-83.60278369344664">
				<ele>539.4667250234634</ele>
				<time>2025-11-14T19:24:08Z</time>
			</trkpt>
			<trkpt lat="35.42048503991569" lon="-83.60277673103339">
				<ele>540.3378259185702</ele>
				<time>2025-11-14T19:24:09Z</time>
			</trkpt>
			<trkpt lat="35.42050667041215" lon="-83.60278207911023">
				<ele>539.735633735545</ele>
				<time>2025-11-14T19:24:10Z</time>
			</trkpt>
			<trkpt lat="35.42051975146758" lon="-83.60283905184049">
				<ele>540.1967012342066</ele>
				<time>2025-11-14T19:24:12Z</time>
			</trkpt>
			<trkpt lat="35.42053282050348" lon="-83.60287320307962">
				<ele>539.1799352420494</ele>
				<time>2025-11-14T19:24:13Z</time>
			</trkpt>
			<trkpt lat="35.42053914510098" lon="-83.6029017990638">
				<ele>539.6402289029211</ele>
				<time>2025-11-14T19:24:14Z</time>
			</trkpt>
			<trkpt lat="35.42054687549223" lon="-83.60293545605252">
				<ele>538.7131214542314</ele>
				<time>2025-11-14T19:24:15Z</time>
			</trkpt>
			<trkpt lat="35.42055810465815" lon="-83.60297431285886">
				<ele>538.3825029842556</ele>
				<time>2025-11-14T19:24:16Z</time>
			</trkpt>
			<trkpt lat="35.420564079767296" lon="-83.60300921288065">
				<ele>537.9713318087161</ele>
				<time>2025-11-14T19:24:17Z</time>
			</trkpt>
			<trkpt lat="35.42056804517577" lon="-83.60304569275362">
				<ele>539.4923831867054</ele>
				<time>2025-11-14T19:24:18Z</time>
			</trkpt>
			<trkpt lat="35.42056519187799" lon="-83.60309149913658">
				<ele>538.0754137150943</ele>
				<time>2025-11-14T19:24:19Z</time>
			</trkpt>
			<trkpt lat="35.420556009070964" lon="-83.60313214855631">
				<ele>537.636260763742</ele>
				<time>2025-11-14T19:24:20Z</time>
			</trkpt>
			<trkpt lat="35.42055056367868" lon="-83.6031659301815">
				<ele>538.1556830052286</ele>
				<time>2025-11-14T19:24:21Z</time>
			</trkpt>
			<trkpt lat="35.420549908968034" lon="-83.60322927543619">
				<ele>538.6088096378371</ele>
				<time>2025-11-14T19:24:23Z</time>
			</trkpt>
			<trkpt lat="35.42054628432163" lon="-83.60328942292833">
				<ele>540.4595821704715</ele>
				<time>2025-11-14T19:24:25Z</time>
			</trkpt>
			<trkpt lat="35.420535581615596" lon="-83.60331347970214">
				<ele>540.3552534393966</ele>
				<time>2025-11-14T19:24:26Z</time>
			</trkpt>
			<trkpt lat="35.42052785428217" lon="-83.60334206132336">
				<ele>540.7674202369526</ele>
				<time>2025-11-14T19:24:27Z</time>
			</trkpt>
			<trkpt lat="35.420523245756456" lon="-83.60336353764755">
				<ele>543.1251140851527</ele>
				<time>2025-11-14T19:24:28Z</time>
			</trkpt>
			<trkpt lat="35.420513282481544" lon="-83.60342799015116">
				<ele>545.037811265327</ele>
				<time>2025-11-14T19:24:30Z</time>
			</trkpt>
			<trkpt lat="35.42050030828398" lon="-83.6034739464491">
				<ele>545.0918944738805</ele>
				<time>2025-11-14T19:24:32Z</time>
			</trkpt>
			<trkpt lat="35.42049463530354" lon="-83.60350055808946">
				<ele>545.1111268680543</ele>
				<time>2025-11-14T19:24:33Z</time>
			</trkpt>
			<trkpt lat="35.42048711283594" lon="-83.60353814766177">
				<ele>545.4107995349914</ele>
				<time>2025-11-14T19:24:34Z</time>
			</trkpt>
			<trkpt lat="35.420483778411565" lon="-83.60358423087236">
				<ele>545.0797175914049</ele>
				<time>2025-11-14T19:24:35Z</time>
			</trkpt>
			<trkpt lat="35.42047719749768" lon="-83.60363199345025">
				<ele>544.2986923167482</ele>
				<time>2025-11-14T19:24:36Z</time>
			</trkpt>
			<trkpt lat="35.42046727810517" lon="-83.60369146340449">
				<ele>544.2674438040704</ele>
				<time>2025-11-14T19:24:37Z</time>
			</trkpt>
			<trkpt lat="35.42046114438229" lon="-83.60375254526632">
				<ele>543.8481911765411</ele>
				<time>2025-11-14T19:24:38Z</time>
			</trkpt>
			<trkpt lat="35.42045924204982" lon="-83.60381284757227">
				<ele>543.9456956675276</ele>
				<time>2025-11-14T19:24:39Z</time>
			</trkpt>
			<trkpt lat="35.420455570436545" lon="-83.60386904285176">
				<ele>544.1706059984863</ele>
				<time>2025-11-14T19:24:40Z</time>
			</trkpt>
			<trkpt lat="35.42044272346818" lon="-83.60393024319258">
				<ele>545.7627678941935</ele>
				<time>2025-11-14T19:24:41Z</time>
			</trkpt>
			<trkpt lat="35.42044184632939" lon="-83.60398841955795">
				<ele>546.2055476615205</ele>
				<time>2025-11-14T19:24:42Z</time>
			</trkpt>
			<trkpt lat="35.420441959750654" lon="-83.60406039519411">
				<ele>544.0465934509411</ele>
				<time>2025-11-14T19:24:43Z</time>
			</trkpt>
			<trkpt lat="35.420437867263146" lon="-83.6041400480888">
				<ele>542.8623846657574</ele>
				<time>2025-11-14T19:24:44Z</time>
			</trkpt>
			<trkpt lat="35.42044624235588" lon="-83.60419552746183">
				<ele>540.9310591863468</ele>
				<time>2025-11-14T19:24:45Z</time>
			</trkpt>
			<trkpt lat="35.42046516458044" lon="-83.60425409196074">
				<ele>539.3915188284591</ele>
				<time>2025-11-14T19:24:46Z</time>
			</trkpt>
			<trkpt lat="35.4205038788119" lon="-83.60429834703383">
				<ele>537.349519032985</ele>
				<time>2025-11-14T19:24:47Z</time>
			</trkpt>
			<trkpt lat="35.42051991830742" lon="-83.60431081680957">
				<ele>537.117475265637</ele>
				<time>2025-11-14T19:24:48Z</time>
			</trkpt>
			<trkpt lat="35.420536623420865" lon="-83.60432056176313">
				<ele>536.3349713049829</ele>
				<time>2025-11-14T19:24:49Z</time>
			</trkpt>
			<trkpt lat="35.42056268563506" lon="-83.60433127849491">
				<ele>535.2772239390761</ele>
				<time>2025-11-14T19:24:51Z</time>
			</trkpt>
			<trkpt lat="35.42059042176881" lon="-83.60433335487983">
				<ele>533.1540159713477</ele>
				<time>2025-11-14T19:24:52Z</time>
			</trkpt>
			<trkpt lat="35.420621777613285" lon="-83.60432874590165">
				<ele>532.9246644135565</ele>
				<time>2025-11-14T19:24:53Z</time>
			</trkpt>
			<trkpt lat="35.420641796450106" lon="-83.60432540942801">
				<ele>532.5395905552432</ele>
				<time>2025-11-14T19:24:54Z</time>
			</trkpt>
			<trkpt lat="35.420663541315726" lon="-83.60432178529099">
				<ele>532.2514266595244</ele>
				<time>2025-11-14T19:24:55Z</time>
			</trkpt>
			<trkpt lat="35.42069139827997" lon="-83.60432421783722">
				<ele>532.0936988582835</ele>
				<time>2025-11-14T19:24:56Z</time>
			</trkpt>
			<trkpt lat="35.42071600290403" lon="-83.60432925024564">
				<ele>533.3219759212807</ele>
				<time>2025-11-14T19:24:57Z</time>
			</trkpt>
			<trkpt lat="35.4207446297375" lon="-83.60432801997791">
				<ele>532.6588654704392</ele>
				<time>2025-11-14T19:24:58Z</time>
			</trkpt>
			<trkpt lat="35.42076785991497" lon="-83.60433617673515">
				<ele>534.0134853674099</ele>
				<time>2025-11-14T19:24:59Z</time>
			</trkpt>
			<trkpt lat="35.42079571223534" lon="-83.60434806166691">
				<ele>534.1345468461514</ele>
				<time>2025-11-14T19:25:00Z</time>
			</trkpt>
			<trkpt lat="35.42082895541197" lon="-83.60436404898967">
				<ele>533.5920950546861</ele>
				<time>2025-11-14T19:25:01Z</time>
			</trkpt>
			<trkpt lat="35.42087607900532" lon="-83.60438771801955">
				<ele>532.3165504019707</ele>
				<time>2025-11-14T19:25:02Z</time>
			</trkpt>
			<trkpt lat="35.42089717172599" lon="-83.60439356011467">
				<ele>531.7670847252011</ele>
				<time>2025-11-14T19:25:03Z</time>
			</trkpt>
			<trkpt lat="35.42093178917622" lon="-83.60441009936561">
				<ele>531.3212451422587</ele>
				<time>2025-11-14T19:25:04Z</time>
			</trkpt>
			<trkpt lat="35.420969037589764" lon="-83.60444185273437">
				<ele>531.1550801787525</ele>
				<time>2025-11-14T19:25:05Z</time>
			</trkpt>
			<trkpt lat="35.42101599969754" lon="-83.60447855552205">
				<ele>530.8795886579901</ele>
				<time>2025-11-14T19:25:06Z</time>
			</trkpt>
			<trkpt lat="35.42106171926678" lon="-83.60450698045493">
				<ele>529.8731618141755</ele>
				<time>2025-11-14T19:25:07Z</time>
			</trkpt>
			<trkpt lat="35.42110961801879" lon="-83.60453257035887">
				<ele>529.1638629566878</ele>
				<time>2025-11-14T19:25:08Z</time>
			</trkpt>
			<trkpt lat="35.42114578023647" lon="-83.60454112920796">
				<ele>529.2108589857817</ele>
				<time>2025-11-14T19:25:09Z</time>
			</trkpt>
			<trkpt lat="35.42118873238143" lon="-83.60453757333767">
				<ele>528.3233546251431</ele>
				<time>2025-11-14T19:25:10Z</time>
			</trkpt>
			<trkpt lat="35.421223422498564" lon="-83.60454547533891">
				<ele>528.2174117369577</ele>
				<time>2025-11-14T19:25:11Z</time>
			</trkpt>
			<trkpt lat="35.42126663862916" lon="-83.60454617106804">
				<ele>527.6131042782217</ele>
				<time>2025-11-14T19:25:12Z</time>
			</trkpt>
			<trkpt lat="35.421320348097495" lon="-83.60452900764753">
				<ele>526.2503768270835</ele>
				<time>2025-11-14T19:25:13Z</time>
			</trkpt>
			<trkpt lat="35.421367193923864" lon="-83.60448753617634">
				<ele>525.8001831807196</ele>
				<time>2025-11-14T19:25:14Z</time>
			</trkpt>
			<trkpt lat="35.42139821166447" lon="-83.60444756832253">
				<ele>525.0416106432676</ele>
				<time>2025-11-14T19:25:15Z</time>
			</trkpt>
			<trkpt lat="35.421415763672506" lon="-83.60442359614547">
				<ele>525.2071894397959</ele>
				<time>2025-11-14T19:25:16Z</time>
			</trkpt>
			<trkpt lat="35.42143981079387" lon="-83.60439075300859">
				<ele>523.9478747863322</ele>
				<time>2025-11-14T19:25:18Z</time>
			</trkpt>
			<trkpt lat="35.42145558071929" lon="-83.60436697380588">
				<ele>524.2078124862164</ele>
				<time>2025-11-14T19:25:19Z</time>
			</trkpt>
			<trkpt lat="35.42146908338052" lon="-83.60434614948132">
				<ele>524.5657598292455</ele>
				<time>2025-11-14T19:25:20Z</time>
			</trkpt>
			<trkpt lat="35.42149498506538" lon="-83.60432914300308">
				<ele>524.3368890881538</ele>
				<time>2025-11-14T19:25:21Z</time>
			</trkpt>
			<trkpt lat="35.42151082508897" lon="-83.60430717404252">
				<ele>523.5503938002512</ele>
				<time>2025-11-14T19:25:22Z</time>
			</trkpt>
			<trkpt lat="35.421526317162645" lon="-83.60428301761198">
				<ele>523.2978398595005</ele>
				<time>2025-11-14T19:25:23Z</time>
			</trkpt>
			<trkpt lat="35.42154242542712" lon="-83.60426956588758">
				<ele>522.850716015324</ele>
				<time>2025-11-14T19:25:24Z</time>
			</trkpt>
			<trkpt lat="35.421560710958715" lon="-83.60426380428498">
				<ele>524.4917157813907</ele>
				<time>2025-11-14T19:25:35Z</time>
			</trkpt>
			<trkpt lat="35.42157630523187" lon="-83.60428274016009">
				<ele>524.0889407992363</ele>
				<time>2025-11-14T19:25:38Z</time>
			</trkpt>
			<trkpt lat="35.42158729791695" lon="-83.60430135992956">
				<ele>525.3389190901071</ele>
				<time>2025-11-14T19:25:44Z</time>
			</trkpt>
			<trkpt lat="35.421572966700786" lon="-83.60427722709728">
				<ele>527.2908581430092</ele>
				<time>2025-11-14T19:26:07Z</time>
			</trkpt>
			<trkpt lat="35.421596221408" lon="-83.60425919708157">
				<ele>528.5769425928593</ele>
				<time>2025-11-14T19:26:21Z</time>
			</trkpt>
			<trkpt lat="35.42161381612855" lon="-83.60422866993784">
				<ele>528.9795883363113</ele>
				<time>2025-11-14T19:26:22Z</time>
			</trkpt>
			<trkpt lat="35.42163024710025" lon="-83.60419446366242">
				<ele>528.4347052304074</ele>
				<time>2025-11-14T19:26:23Z</time>
			</trkpt>
			<trkpt lat="35.42164924021759" lon="-83.60417573408985">
				<ele>529.8109715338796</ele>
				<time>2025-11-14T19:26:24Z</time>
			</trkpt>
			<trkpt lat="35.42166754623385" lon="-83.60416804068232">
				<ele>529.9114029668272</ele>
				<time>2025-11-14T19:26:25Z</time>
			</trkpt>
			<trkpt lat="35.42169719126248" lon="-83.60413540337164">
				<ele>530.3675515977666</ele>
				<time>2025-11-14T19:26:26Z</time>
			</trkpt>
			<trkpt lat="35.42172219629963" lon="-83.60410329714072">
				<ele>530.2323691127822</ele>
				<time>2025-11-14T19:26:27Z</time>
			</trkpt>
			<trkpt lat="35.421739357172164" lon="-83.60408474750538">
				<ele>531.0703125679865</ele>
				<time>2025-11-14T19:26:28Z</time>
			</trkpt>
			<trkpt lat="35.421750993175266" lon="-83.60406581927089">
				<ele>532.0373381003737</ele>
				<time>2025-11-14T19:26:29Z</time>
			</trkpt>
			<trkpt lat="35.42176690148706" lon="-83.6040519437629">
				<ele>532.0792816467583</ele>
				<time>2025-11-14T19:26:30Z</time>
			</trkpt>
			<trkpt lat="35.421784812612174" lon="-83.6040340152404">
				<ele>532.5301887309179</ele>
				<time>2025-11-14T19:26:31Z</time>
			</trkpt>
			<trkpt lat="35.421805927517106" lon="-83.60400776193728">
				<ele>532.292536993511</ele>
				<time>2025-11-14T19:26:32Z</time>
			</trkpt>
			<trkpt lat="35.42183054423298" lon="-83.60399439541202">
				<ele>534.6179942553863</ele>
				<time>2025-11-14T19:26:34Z</time>
			</trkpt>
			<trkpt lat="35.42186510561481" lon="-83.60398226089795">
				<ele>532.8675303077325</ele>
				<time>2025-11-14T19:26:36Z</time>
			</trkpt>
			<trkpt lat="35.42187845442269" lon="-83.60400972749086">
				<ele>533.7036717729643</ele>
				<time>2025-11-14T19:26:38Z</time>
			</trkpt>
			<trkpt lat="35.42189804221886" lon="-83.60404131625238">
				<ele>533.2248209835961</ele>
				<time>2025-11-14T19:26:40Z</time>
			</trkpt>
			<trkpt lat="35.42191899561978" lon="-83.60408821717435">
				<ele>532.9340883856639</ele>
				<time>2025-11-14T19:26:42Z</time>
			</trkpt>
			<trkpt lat="35.42192312663491" lon="-83.60413955754561">
				<ele>536.4734859038144</ele>
				<time>2025-11-14T19:26:44Z</time>
			</trkpt>
			<trkpt lat="35.421930409662224" lon="-83.60419176852517">
				<ele>536.5516123613343</ele>
				<time>2025-11-14T19:26:46Z</time>
			</trkpt>
			<trkpt lat="35.42193375300952" lon="-83.60422592246961">
				<ele>536.4530053669587</ele>
				<time>2025-11-14T19:26:47Z</time>
			</trkpt>
			<trkpt lat="35.42194123800242" lon="-83.60425484953508">
				<ele>536.0991077199578</ele>
				<time>2025-11-14T19:26:48Z</time>
			</trkpt>
			<trkpt lat="35.421950342895414" lon="-83.60429016189099">
				<ele>534.3690113499761</ele>
				<time>2025-11-14T19:26:49Z</time>
			</trkpt>
			<trkpt lat="35.42196741274517" lon="-83.60433748155222">
				<ele>534.4456308009103</ele>
				<time>2025-11-14T19:26:51Z</time>
			</trkpt>
			<trkpt lat="35.42198575960355" lon="-83.60438935653418">
				<ele>534.2125542936847</ele>
				<time>2025-11-14T19:26:53Z</time>
			</trkpt>
			<trkpt lat="35.421998868425675" lon="-83.60442451499763">
				<ele>531.9130110898986</ele>
				<time>2025-11-14T19:26:55Z</time>
			</trkpt>
			<trkpt lat="35.42200946965302" lon="-83.60444316980231">
				<ele>531.4020224492997</ele>
				<time>2025-11-14T19:26:56Z</time>
			</trkpt>
			<trkpt lat="35.422022454198654" lon="-83.60446608659981">
				<ele>530.4206567006186</ele>
				<time>2025-11-14T19:26:57Z</time>
			</trkpt>
			<trkpt lat="35.4220364365752" lon="-83.60448852191485">
				<ele>529.252240318805</ele>
				<time>2025-11-14T19:26:58Z</time>
			</trkpt>
			<trkpt lat="35.42205527474855" lon="-83.60451229104964">
				<ele>528.3300927523524</ele>
				<time>2025-11-14T19:26:59Z</time>
			</trkpt>
			<trkpt lat="35.42206290987049" lon="-83.60453383474696">
				<ele>529.5654304325581</ele>
				<time>2025-11-14T19:27:00Z</time>
			</trkpt>
			<trkpt lat="35.422090525308185" lon="-83.60456486236015">
				<ele>528.2949208077043</ele>
				<time>2025-11-14T19:27:01Z</time>
			</trkpt>
			<trkpt lat="35.42210909619171" lon="-83.60458247293495">
				<ele>527.3204290615395</ele>
				<time>2025-11-14T19:27:02Z</time>
			</trkpt>
			<trkpt lat="35.42213179356393" lon="-83.60460362098225">
				<ele>528.6201629368588</ele>
				<time>2025-11-14T19:27:03Z</time>
			</trkpt>
			<trkpt lat="35.422152834156854" lon="-83.60462472076775">
				<ele>528.8212847672403</ele>
				<time>2025-11-14T19:27:04Z</time>
			</trkpt>
			<trkpt lat="35.42217530844537" lon="-83.6046380207768">
				<ele>528.2146738562733</ele>
				<time>2025-11-14T19:27:05Z</time>
			</trkpt>
			<trkpt lat="35.42220675058904" lon="-83.60464994005707">
				<ele>528.921711627394</ele>
				<time>2025-11-14T19:27:06Z</time>
			</trkpt>
			<trkpt lat="35.422240737998855" lon="-83.60466237061834">
				<ele>529.0170852979645</ele>
				<time>2025-11-14T19:27:07Z</time>
			</trkpt>
			<trkpt lat="35.422272468651784" lon="-83.60467212426967">
				<ele>529.9177939267829</ele>
				<time>2025-11-14T19:27:09Z</time>
			</trkpt>
			<trkpt lat="35.42229013882632" lon="-83.60467817951076">
				<ele>530.3172652190551</ele>
				<time>2025-11-14T19:27:10Z</time>
			</trkpt>
			<trkpt lat="35.42231578037777" lon="-83.60467832428516">
				<ele>529.2884521102533</ele>
				<time>2025-11-14T19:27:11Z</time>
			</trkpt>
			<trkpt lat="35.42234645020573" lon="-83.60467321148488">
				<ele>528.9631353309378</ele>
				<time>2025-11-14T19:27:12Z</time>
			</trkpt>
			<trkpt lat="35.42237733260588" lon="-83.60467262167883">
				<ele>528.6877909451723</ele>
				<time>2025-11-14T19:27:13Z</time>
			</trkpt>
			<trkpt lat="35.42240720638023" lon="-83.60467853439927">
				<ele>530.5093941548839</ele>
				<time>2025-11-14T19:27:15Z</time>
			</trkpt>
			<trkpt lat="35.42243760398739" lon="-83.60466735207247">
				<ele>529.2473381366581</ele>
				<time>2025-11-14T19:27:16Z</time>
			</trkpt>
			<trkpt lat="35.42245634160434" lon="-83.60466245848046">
				<ele>529.4176302989945</ele>
				<time>2025-11-14T19:27:17Z</time>
			</trkpt>
			<trkpt lat="35.422497581808386" lon="-83.60465625917291">
				<ele>530.1515586730093</ele>
				<time>2025-11-14T19:27:18Z</time>
			</trkpt>
			<trkpt lat="35.42251782846299" lon="-83.60466234744231">
				<ele>530.4602789124474</ele>
				<time>2025-11-14T19:27:19Z</time>
			</trkpt>
			<trkpt lat="35.42254572174814" lon="-83.60466246424494">
				<ele>531.2971688332036</ele>
				<time>2025-11-14T19:27:20Z</time>
			</trkpt>
			<trkpt lat="35.422565936759554" lon="-83.60465709129987">
				<ele>531.4942562785</ele>
				<time>2025-11-14T19:27:21Z</time>
			</trkpt>
			<trkpt lat="35.422596890771224" lon="-83.6046573256121">
				<ele>530.5233635995537</ele>
				<time>2025-11-14T19:27:22Z</time>
			</trkpt>
			<trkpt lat="35.42263776281884" lon="-83.60466001158359">
				<ele>529.9527716645971</ele>
				<time>2025-11-14T19:27:23Z</time>
			</trkpt>
			<trkpt lat="35.42270978512467" lon="-83.60466636733487">
				<ele>529.7486164513975</ele>
				<time>2025-11-14T19:27:24Z</time>
			</trkpt>
			<trkpt lat="35.422763653633176" lon="-83.60467607117612">
				<ele>528.352925401181</ele>
				<time>2025-11-14T19:27:25Z</time>
			</trkpt>
			<trkpt lat="35.42281488740825" lon="-83.60468222520693">
				<ele>528.6984153343365</ele>
				<time>2025-11-14T19:27:26Z</time>
			</trkpt>
			<trkpt lat="35.422861826940995" lon="-83.60467425965543">
				<ele>529.6603211686015</ele>
				<time>2025-11-14T19:27:27Z</time>
			</trkpt>
			<trkpt lat="35.42290682616982" lon="-83.60465432290682">
				<ele>528.6099112229422</ele>
				<time>2025-11-14T19:27:28Z</time>
			</trkpt>
			<trkpt lat="35.42296383643017" lon="-83.604624870882">
				<ele>530.1697858590633</ele>
				<time>2025-11-14T19:27:29Z</time>
			</trkpt>
			<trkpt lat="35.42300335721713" lon="-83.60463646888216">
				<ele>530.2928623268381</ele>
				<time>2025-11-14T19:27:30Z</time>
			</trkpt>
			<trkpt lat="35.42305139311548" lon="-83.60464535941033">
				<ele>530.435565404594</ele>
				<time>2025-11-14T19:27:31Z</time>
			</trkpt>
			<trkpt lat="35.42309117444702" lon="-83.60464557430818">
				<ele>531.0653648721054</ele>
				<time>2025-11-14T19:27:32Z</time>
			</trkpt>
			<trkpt lat="35.42311692145458" lon="-83.60466710124889">
				<ele>531.4913475094363</ele>
				<time>2025-11-14T19:27:33Z</time>
			</trkpt>
			<trkpt lat="35.42314007241404" lon="-83.60469008083182">
				<ele>531.6843202766031</ele>
				<time>2025-11-14T19:27:34Z</time>
			</trkpt>
			<trkpt lat="35.42315980707759" lon="-83.60470311491598">
				<ele>531.660222155042</ele>
				<time>2025-11-14T19:27:35Z</time>
			</trkpt>
			<trkpt lat="35.423183345167686" lon="-83.60472336083896">
				<ele>532.3409381769598</ele>
				<time>2025-11-14T19:27:36Z</time>
			</trkpt>
			<trkpt lat="35.423209382256644" lon="-83.60473090711125">
				<ele>532.0598605014384</ele>
				<time>2025-11-14T19:27:37Z</time>
			</trkpt>
			<trkpt lat="35.423239322410346" lon="-83.60473958451813">
				<ele>532.743277172558</ele>
				<time>2025-11-14T19:27:38Z</time>
			</trkpt>
			<trkpt lat="35.423271932171474" lon="-83.60474903566126">
				<ele>531.8618211448193</ele>
				<time>2025-11-14T19:27:39Z</time>
			</trkpt>
			<trkpt lat="35.42330359143769" lon="-83.60475836465281">
				<ele>532.1676558442414</ele>
				<time>2025-11-14T19:27:40Z</time>
			</trkpt>
			<trkpt lat="35.42332833153786" lon="-83.60476657801402">
				<ele>532.3747479012236</ele>
				<time>2025-11-14T19:27:41Z</time>
			</trkpt>
			<trkpt lat="35.42334776210562" lon="-83.60477302868605">
				<ele>532.3174070287496</ele>
				<time>2025-11-14T19:27:42Z</time>
			</trkpt>
			<trkpt lat="35.42336829462274" lon="-83.60477984519858">
				<ele>530.598112128675</ele>
				<time>2025-11-14T19:27:43Z</time>
			</trkpt>
			<trkpt lat="35.4233926059531" lon="-83.60478561534262">
				<ele>530.2983036339283</ele>
				<time>2025-11-14T19:27:44Z</time>
			</trkpt>
			<trkpt lat="35.423421969842785" lon="-83.6047874688306">
				<ele>530.3381647625938</ele>
				<time>2025-11-14T19:27:45Z</time>
			</trkpt>
			<trkpt lat="35.423463216256486" lon="-83.60478028724468">
				<ele>528.7305633313954</ele>
				<time>2025-11-14T19:27:46Z</time>
			</trkpt>
			<trkpt lat="35.42350824360003" lon="-83.60476720499226">
				<ele>528.9793242374435</ele>
				<time>2025-11-14T19:27:48Z</time>
			</trkpt>
			<trkpt lat="35.4235612586554" lon="-83.60475451134745">
				<ele>528.8202682090923</ele>
				<time>2025-11-14T19:27:50Z</time>
			</trkpt>
			<trkpt lat="35.42361756950367" lon="-83.60478632924821">
				<ele>530.5958539955318</ele>
				<time>2025-11-14T19:27:52Z</time>
			</trkpt>
			<trkpt lat="35.42364904012676" lon="-83.60480593232282">
				<ele>530.6206230344251</ele>
				<time>2025-11-14T19:27:53Z</time>
			</trkpt>
			<trkpt lat="35.42367401580727" lon="-83.60482157327269">
				<ele>530.854520807974</ele>
				<time>2025-11-14T19:27:54Z</time>
			</trkpt>
			<trkpt lat="35.42370368799335" lon="-83.60483452846535">
				<ele>531.1042361902073</ele>
				<time>2025-11-14T19:27:55Z</time>
			</trkpt>
			<trkpt lat="35.42373648528163" lon="-83.6048415478078">
				<ele>530.1758999573067</ele>
				<time>2025-11-14T19:27:56Z</time>
			</trkpt>
			<trkpt lat="35.42376602785655" lon="-83.6048542718968">
				<ele>531.2709374129772</ele>
				<time>2025-11-14T19:27:57Z</time>
			</trkpt>
			<trkpt lat="35.42379539406627" lon="-83.60486498741194">
				<ele>530.9856050452217</ele>
				<time>2025-11-14T19:27:58Z</time>
			</trkpt>
			<trkpt lat="35.423821367795846" lon="-83.60488100172797">
				<ele>530.6283598495647</ele>
				<time>2025-11-14T19:27:59Z</time>
			</trkpt>
			<trkpt lat="35.423851145896236" lon="-83.6048993400597">
				<ele>529.6574478680268</ele>
				<time>2025-11-14T19:28:00Z</time>
			</trkpt>
			<trkpt lat="35.423871551737655" lon="-83.60491391303563">
				<ele>529.1896241037175</ele>
				<time>2025-11-14T19:28:01Z</time>
			</trkpt>
			<trkpt lat="35.42388440098665" lon="-83.60492942271891">
				<ele>529.4543702239171</ele>
				<time>2025-11-14T19:28:02Z</time>
			</trkpt>
			<trkpt lat="35.42391193162628" lon="-83.60495409144016">
				<ele>528.4268629113212</ele>
				<time>2025-11-14T19:28:03Z</time>
			</trkpt>
			<trkpt lat="35.423926343591" lon="-83.6049685744952">
				<ele>528.5572850527242</ele>
				<time>2025-11-14T19:28:04Z</time>
			</trkpt>
			<trkpt lat="35.423955614949" lon="-83.60499029644433">
				<ele>528.2292315196246</ele>
				<time>2025-11-14T19:28:05Z</time>
			</trkpt>
			<trkpt lat="35.423972569477044" lon="-83.60500206885615">
				<ele>528.9602618534118</ele>
				<time>2025-11-14T19:28:06Z</time>
			</trkpt>
			<trkpt lat="35.42401095188379" lon="-83.60502381511813">
				<ele>529.3271355833858</ele>
				<time>2025-11-14T19:28:07Z</time>
			</trkpt>
			<trkpt lat="35.424042818594884" lon="-83.60507563071421">
				<ele>529.968195986934</ele>
				<time>2025-11-14T19:28:09Z</time>
			</trkpt>
			<trkpt lat="35.42406828147237" lon="-83.6050989513526">
				<ele>529.3706030519679</ele>
				<time>2025-11-14T19:28:10Z</time>
			</trkpt>
			<trkpt lat="35.42409135784071" lon="-83.60512210006273">
				<ele>529.2263314146549</ele>
				<time>2025-11-14T19:28:11Z</time>
			</trkpt>
			<trkpt lat="35.4241237974241" lon="-83.605158390805">
				<ele>530.969800138846</ele>
				<time>2025-11-14T19:28:12Z</time>
			</trkpt>
			<trkpt lat="35.424176670824636" lon="-83.60520139756188">
				<ele>530.9925241721794</ele>
				<time>2025-11-14T19:28:13Z</time>
			</trkpt>
			<trkpt lat="35.42420522612074" lon="-83.60526004063419">
				<ele>530.1682979241014</ele>
				<time>2025-11-14T19:28:14Z</time>
			</trkpt>
			<trkpt lat="35.42422671211663" lon="-83.60530568165342">
				<ele>529.1477278107777</ele>
				<time>2025-11-14T19:28:15Z</time>
			</trkpt>
			<trkpt lat="35.424245759220916" lon="-83.60533711512402">
				<ele>529.1861541680992</ele>
				<time>2025-11-14T19:28:16Z</time>
			</trkpt>
			<trkpt lat="35.42426827051885" lon="-83.60537377538694">
				<ele>527.7472908673808</ele>
				<time>2025-11-14T19:28:17Z</time>
			</trkpt>
			<trkpt lat="35.424304622515585" lon="-83.60542519659823">
				<ele>526.450217006728</ele>
				<time>2025-11-14T19:28:19Z</time>
			</trkpt>
			<trkpt lat="35.42431591095036" lon="-83.60544251701215">
				<ele>526.5385718150064</ele>
				<time>2025-11-14T19:28:20Z</time>
			</trkpt>
			<trkpt lat="35.42433529042251" lon="-83.60547675510854">
				<ele>526.0588819794357</ele>
				<time>2025-11-14T19:28:21Z</time>
			</trkpt>
			<trkpt lat="35.42434792000752" lon="-83.605500530552">
				<ele>527.1225514793769</ele>
				<time>2025-11-14T19:28:22Z</time>
			</trkpt>
			<trkpt lat="35.4243652114049" lon="-83.60553419366191">
				<ele>526.6727727083489</ele>
				<time>2025-11-14T19:28:23Z</time>
			</trkpt>
			<trkpt lat="35.42437837343097" lon="-83.60556646591692">
				<ele>526.8556050173938</ele>
				<time>2025-11-14T19:28:24Z</time>
			</trkpt>
			<trkpt lat="35.42438997881513" lon="-83.60559932069586">
				<ele>526.7448520353064</ele>
				<time>2025-11-14T19:28:25Z</time>
			</trkpt>
			<trkpt lat="35.42439897513807" lon="-83.60562649970018">
				<ele>528.5669537298381</ele>
				<time>2025-11-14T19:28:26Z</time>
			</trkpt>
			<trkpt lat="35.424408490912214" lon="-83.60565524803881">
				<ele>529.1336418064311</ele>
				<time>2025-11-14T19:28:27Z</time>
			</trkpt>
			<trkpt lat="35.4244214746927" lon="-83.60570113588095">
				<ele>530.918186519295</ele>
				<time>2025-11-14T19:28:29Z</time>
			</trkpt>
			<trkpt lat="35.42442771450149" lon="-83.60572348484254">
				<ele>531.2995678232983</ele>
				<time>2025-11-14T19:28:30Z</time>
			</trkpt>
			<trkpt lat="35.42443464934915" lon="-83.60574964658409">
				<ele>532.7358943866566</ele>
				<time>2025-11-14T19:28:31Z</time>
			</trkpt>
			<trkpt lat="35.424441236521346" lon="-83.60578247355238">
				<ele>533.1440456593409</ele>
				<time>2025-11-14T19:28:32Z</time>
			</trkpt>
			<trkpt lat="35.4244462780438" lon="-83.60580959642685">
				<ele>531.9877119660378</ele>
				<time>2025-11-14T19:28:33Z</time>
			</trkpt>
			<trkpt lat="35.42445278956355" lon="-83.60585278211143">
				<ele>530.8584113093093</ele>
				<time>2025-11-14T19:28:34Z</time>
			</trkpt>
			<trkpt lat="35.424453707835745" lon="-83.60588168777146">
				<ele>531.0833413023502</ele>
				<time>2025-11-14T19:28:35Z</time>
			</trkpt>
			<trkpt lat="35.42445874028391" lon="-83.60593074855579">
				<ele>529.999814869836</ele>
				<time>2025-11-14T19:28:36Z</time>
			</trkpt>
			<trkpt lat="35.42446522456301" lon="-83.60595667173058">
				<ele>529.5311423717067</ele>
				<time>2025-11-14T19:28:37Z</time>
			</trkpt>
			<trkpt lat="35.424462605883235" lon="-83.60600264220034">
				<ele>531.7577896090224</ele>
				<time>2025-11-14T19:28:38Z</time>
			</trkpt>
			<trkpt lat="35.424459768397746" lon="-83.6060600157999">
				<ele>533.606470300816</ele>
				<time>2025-11-14T19:28:40Z</time>
			</trkpt>
			<trkpt lat="35.42446392597357" lon="-83.60609005949152">
				<ele>531.533015304245</ele>
				<time>2025-11-14T19:28:41Z</time>
			</trkpt>
			<trkpt lat="35.424470221740116" lon="-83.60613298324692">
				<ele>530.8350118398666</ele>
				<time>2025-11-14T19:28:42Z</time>
			</trkpt>
			<trkpt lat="35.42448124234631" lon="-83.60615217888045">
				<ele>529.4465204849839</ele>
				<time>2025-11-14T19:28:43Z</time>
			</trkpt>
			<trkpt lat="35.42449475568045" lon="-83.60618241450005">
				<ele>528.7155207479373</ele>
				<time>2025-11-14T19:28:44Z</time>
			</trkpt>
			<trkpt lat="35.424505153635224" lon="-83.60620555978726">
				<ele>528.2415543599054</ele>
				<time>2025-11-14T19:28:45Z</time>
			</trkpt>
			<trkpt lat="35.424522525250964" lon="-83.6062309017834">
				<ele>528.3797396114096</ele>
				<time>2025-11-14T19:28:46Z</time>
			</trkpt>
			<trkpt lat="35.424533221639166" lon="-83.60625555409038">
				<ele>528.4807932674885</ele>
				<time>2025-11-14T19:28:47Z</time>
			</trkpt>
			<trkpt lat="35.42454892199862" lon="-83.60628295732221">
				<ele>528.6167693519965</ele>
				<time>2025-11-14T19:28:48Z</time>
			</trkpt>
			<trkpt lat="35.42455605004405" lon="-83.60630538300337">
				<ele>530.0251245070249</ele>
				<time>2025-11-14T19:28:49Z</time>
			</trkpt>
			<trkpt lat="35.42457713858354" lon="-83.60634514719595">
				<ele>530.5222385339439</ele>
				<time>2025-11-14T19:28:50Z</time>
			</trkpt>
			<trkpt lat="35.42459300521319" lon="-83.60637827392407">
				<ele>532.1105672884732</ele>
				<time>2025-11-14T19:28:51Z</time>
			</trkpt>
			<trkpt lat="35.42462532106706" lon="-83.60644143446514">
				<ele>532.421852867119</ele>
				<time>2025-11-14T19:28:52Z</time>
			</trkpt>
			<trkpt lat="35.424651878958365" lon="-83.6064967548966">
				<ele>531.9802411422133</ele>
				<time>2025-11-14T19:28:53Z</time>
			</trkpt>
			<trkpt lat="35.42467310988003" lon="-83.60655662814439">
				<ele>531.6878052605316</ele>
				<time>2025-11-14T19:28:54Z</time>
			</trkpt>
			<trkpt lat="35.424698121719665" lon="-83.60661490727934">
				<ele>530.8938430761918</ele>
				<time>2025-11-14T19:28:55Z</time>
			</trkpt>
			<trkpt lat="35.424723577242645" lon="-83.60665975552074">
				<ele>530.3260143874213</ele>
				<time>2025-11-14T19:28:56Z</time>
			</trkpt>
			<trkpt lat="35.42474300136102" lon="-83.60669035264911">
				<ele>530.8217423921451</ele>
				<time>2025-11-14T19:28:57Z</time>
			</trkpt>
			<trkpt lat="35.424766110926264" lon="-83.60672272992586">
				<ele>529.8313926560804</ele>
				<time>2025-11-14T19:28:58Z</time>
			</trkpt>
			<trkpt lat="35.42478886823515" lon="-83.60674533924518">
				<ele>529.0800479920581</ele>
				<time>2025-11-14T19:28:59Z</time>
			</trkpt>
			<trkpt lat="35.4248093349652" lon="-83.60677209471324">
				<ele>527.5337578365579</ele>
				<time>2025-11-14T19:29:00Z</time>
			</trkpt>
			<trkpt lat="35.42483118722151" lon="-83.60679573714096">
				<ele>527.2836073609069</ele>
				<time>2025-11-14T19:29:01Z</time>
			</trkpt>
			<trkpt lat="35.4248570454328" lon="-83.60681280035845">
				<ele>527.2069671303034</ele>
				<time>2025-11-14T19:29:02Z</time>
			</trkpt>
			<trkpt lat="35.424877830381504" lon="-83.60682129177239">
				<ele>526.9706484209746</ele>
				<time>2025-11-14T19:29:03Z</time>
			</trkpt>
			<trkpt lat="35.424897315145465" lon="-83.60682603663854">
				<ele>526.2240964053199</ele>
				<time>2025-11-14T19:29:04Z</time>
			</trkpt>
			<trkpt lat="35.424917922871934" lon="-83.60683198814813">
				<ele>524.8735331166536</ele>
				<time>2025-11-14T19:29:05Z</time>
			</trkpt>
			<trkpt lat="35.42493829024437" lon="-83.60684214836704">
				<ele>524.684225265868</ele>
				<time>2025-11-14T19:29:06Z</time>
			</trkpt>
			<trkpt lat="35.424962740316296" lon="-83.60684465945681">
				<ele>523.6907745525241</ele>
				<time>2025-11-14T19:29:07Z</time>
			</trkpt>
			<trkpt lat="35.42499212597923" lon="-83.60685211100115">
				<ele>523.8724343599752</ele>
				<time>2025-11-14T19:29:08Z</time>
			</trkpt>
			<trkpt lat="35.42502941674459" lon="-83.60686870175998">
				<ele>521.9207679089159</ele>
				<time>2025-11-14T19:29:09Z</time>
			</trkpt>
			<trkpt lat="35.425003158588744" lon="-83.60688290692698">
				<ele>521.3301039300859</ele>
				<time>2025-11-14T19:29:10Z</time>
			</trkpt>
			<trkpt lat="35.42501678244665" lon="-83.60686344499142">
				<ele>522.8537599509582</ele>
				<time>2025-11-14T19:29:12Z</time>
			</trkpt>
			<trkpt lat="35.425048129631264" lon="-83.60686885978397">
				<ele>522.6127405166626</ele>
				<time>2025-11-14T19:29:14Z</time>
			</trkpt>
			<trkpt lat="35.42508391079379" lon="-83.60688435966973">
				<ele>523.2697977786884</ele>
				<time>2025-11-14T19:29:16Z</time>
			</trkpt>
			<trkpt lat="35.42510787301579" lon="-83.60688843554155">
				<ele>523.1303147310391</ele>
				<time>2025-11-14T19:29:17Z</time>
			</trkpt>
			<trkpt lat="35.4251333906161" lon="-83.6069031805611">
				<ele>524.2120907111093</ele>
				<time>2025-11-14T19:29:18Z</time>
			</trkpt>
			<trkpt lat="35.42516728465099" lon="-83.60692100302832">
				<ele>524.0877688294277</ele>
				<time>2025-11-14T19:29:19Z</time>
			</trkpt>
			<trkpt lat="35.42520767101525" lon="-83.60693995849486">
				<ele>523.4971875185147</ele>
				<time>2025-11-14T19:29:20Z</time>
			</trkpt>
			<trkpt lat="35.42523734392522" lon="-83.6069621593297">
				<ele>523.3717609271407</ele>
				<time>2025-11-14T19:29:21Z</time>
			</trkpt>
			<trkpt lat="35.42525191586" lon="-83.60698156486313">
				<ele>523.5402765329927</ele>
				<time>2025-11-14T19:29:22Z</time>
			</trkpt>
			<trkpt lat="35.425276583778896" lon="-83.60700644254884">
				<ele>522.551611023955</ele>
				<time>2025-11-14T19:29:24Z</time>
			</trkpt>
			<trkpt lat="35.425303203955146" lon="-83.60702622343459">
				<ele>523.3303321152925</ele>
				<time>2025-11-14T19:29:26Z</time>
			</trkpt>
			<trkpt lat="35.42533585657665" lon="-83.60704080328144">
				<ele>522.438509115018</ele>
				<time>2025-11-14T19:29:28Z</time>
			</trkpt>
			<trkpt lat="35.42535295739358" lon="-83.60704869207072">
				<ele>522.8952342746779</ele>
				<time>2025-11-14T19:29:29Z</time>
			</trkpt>
			<trkpt lat="35.42536969459739" lon="-83.60706264603331">
				<ele>523.2464185869321</ele>
				<time>2025-11-14T19:29:30Z</time>
			</trkpt>
			<trkpt lat="35.425394154246824" lon="-83.60708890769767">
				<ele>522.9999398831278</ele>
				<time>2025-11-14T19:29:32Z</time>
			</trkpt>
			<trkpt lat="35.425418857422756" lon="-83.60711204019283">
				<ele>522.2533393725753</ele>
				<time>2025-11-14T19:29:34Z</time>
			</trkpt>
			<trkpt lat="35.4254372719366" lon="-83.60714411638163">
				<ele>523.2935401946306</ele>
				<time>2025-11-14T19:29:36Z</time>
			</trkpt>
			<trkpt lat="35.425444778113025" lon="-83.60716593599541">
				<ele>522.4667516918853</ele>
				<time>2025-11-14T19:29:37Z</time>
			</trkpt>
			<trkpt lat="35.42545247155172" lon="-83.60718857517755">
				<ele>521.7478702748194</ele>
				<time>2025-11-14T19:29:38Z</time>
			</trkpt>
			<trkpt lat="35.425468584598526" lon="-83.60722442363702">
				<ele>523.2708592927083</ele>
				<time>2025-11-14T19:29:40Z</time>
			</trkpt>
			<trkpt lat="35.425483024462096" lon="-83.60723788963028">
				<ele>523.129680252634</ele>
				<time>2025-11-14T19:29:41Z</time>
			</trkpt>
			<trkpt lat="35.425498226355735" lon="-83.60726116207076">
				<ele>523.9453751603141</ele>
				<time>2025-11-14T19:29:43Z</time>
			</trkpt>
			<trkpt lat="35.42551474002613" lon="-83.60729195306509">
				<ele>522.458912409842</ele>
				<time>2025-11-14T19:29:45Z</time>
			</trkpt>
			<trkpt lat="35.42553234290828" lon="-83.60733398765409">
				<ele>523.3282147143036</ele>
				<time>2025-11-14T19:29:47Z</time>
			</trkpt>
			<trkpt lat="35.42554330875986" lon="-83.60736270637854">
				<ele>523.3497101357207</ele>
				<time>2025-11-14T19:29:49Z</time>
			</trkpt>
			<trkpt lat="35.42556471035491" lon="-83.60739034848841">
				<ele>522.3476493256167</ele>
				<time>2025-11-14T19:29:51Z</time>
			</trkpt>
			<trkpt lat="35.425564473065066" lon="-83.60742279149352">
				<ele>523.1291579138488</ele>
				<time>2025-11-14T19:29:53Z</time>
			</trkpt>
			<trkpt lat="35.425568345803114" lon="-83.60744474287644">
				<ele>523.7152991332114</ele>
				<time>2025-11-14T19:29:57Z</time>
			</trkpt>
			<trkpt lat="35.42557799262262" lon="-83.60746725003324">
				<ele>522.9270512983203</ele>
				<time>2025-11-14T19:29:59Z</time>
			</trkpt>
			<trkpt lat="35.42559173511747" lon="-83.60748844067352">
				<ele>521.8885419582948</ele>
				<time>2025-11-14T19:30:03Z</time>
			</trkpt>
			<trkpt lat="35.42559125878054" lon="-83.60751141059875">
				<ele>522.3892079610378</ele>
				<time>2025-11-14T19:30:11Z</time>
			</trkpt>
			<trkpt lat="35.42560223204553" lon="-83.60752925854538">
				<ele>521.9635091992095</ele>
				<time>2025-11-14T19:30:20Z</time>
			</trkpt>
			<trkpt lat="35.42558996605724" lon="-83.60750841767154">
				<ele>526.1753721274436</ele>
				<time>2025-11-14T19:30:31Z</time>
			</trkpt>
			<trkpt lat="35.42558068054817" lon="-83.60753442923567">
				<ele>528.7175179393962</ele>
				<time>2025-11-14T19:30:38Z</time>
			</trkpt>
			<trkpt lat="35.4255684018824" lon="-83.60749708853972">
				<ele>531.8779450366274</ele>
				<time>2025-11-14T19:30:47Z</time>
			</trkpt>
			<trkpt lat="35.425560855935316" lon="-83.60747352069873">
				<ele>531.010724185966</ele>
				<time>2025-11-14T19:30:49Z</time>
			</trkpt>
			<trkpt lat="35.42554361532263" lon="-83.60744616359848">
				<ele>531.6802274687216</ele>
				<time>2025-11-14T19:30:51Z</time>
			</trkpt>
			<trkpt lat="35.42552628032539" lon="-83.60741814776156">
				<ele>530.9035489242524</ele>
				<time>2025-11-14T19:30:53Z</time>
			</trkpt>
			<trkpt lat="35.425509658467256" lon="-83.60740942822041">
				<ele>531.1620358303189</ele>
				<time>2025-11-14T19:30:54Z</time>
			</trkpt>
			<trkpt lat="35.42549234161091" lon="-83.60737769370455">
				<ele>530.3632588144392</ele>
				<time>2025-11-14T19:30:56Z</time>
			</trkpt>
			<trkpt lat="35.425491465128616" lon="-83.60735465784957">
				<ele>530.3408189332113</ele>
				<time>2025-11-14T19:30:57Z</time>
			</trkpt>
			<trkpt lat="35.42549223674069" lon="-83.60732787192848">
				<ele>528.930046399124</ele>
				<time>2025-11-14T19:30:59Z</time>
			</trkpt>
			<trkpt lat="35.425483947587296" lon="-83.6073047952932">
				<ele>528.053724726662</ele>
				<time>2025-11-14T19:31:01Z</time>
			</trkpt>
			<trkpt lat="35.42544856079468" lon="-83.60727793525486">
				<ele>528.7717181192711</ele>
				<time>2025-11-14T19:31:03Z</time>
			</trkpt>
			<trkpt lat="35.42543632690858" lon="-83.60725655706463">
				<ele>528.7522208224982</ele>
				<time>2025-11-14T19:31:04Z</time>
			</trkpt>
			<trkpt lat="35.42541063221351" lon="-83.6072300086554">
				<ele>529.0724424002692</ele>
				<time>2025-11-14T19:31:06Z</time>
			</trkpt>
			<trkpt lat="35.4253929210506" lon="-83.60721615064683">
				<ele>528.9466966455802</ele>
				<time>2025-11-14T19:31:07Z</time>
			</trkpt>
			<trkpt lat="35.425367235397516" lon="-83.60717927200433">
				<ele>528.7645498784259</ele>
				<time>2025-11-14T19:31:08Z</time>
			</trkpt>
			<trkpt lat="35.42535597899595" lon="-83.60715588229293">
				<ele>529.2482969127595</ele>
				<time>2025-11-14T19:31:09Z</time>
			</trkpt>
			<trkpt lat="35.425330962653646" lon="-83.60713643843835">
				<ele>528.9097493421286</ele>
				<time>2025-11-14T19:31:10Z</time>
			</trkpt>
			<trkpt lat="35.425310529714395" lon="-83.60711631372118">
				<ele>528.7720529558137</ele>
				<time>2025-11-14T19:31:11Z</time>
			</trkpt>
			<trkpt lat="35.425277340450016" lon="-83.60709391520506">
				<ele>528.2293202579021</ele>
				<time>2025-11-14T19:31:12Z</time>
			</trkpt>
			<trkpt lat="35.425254600691574" lon="-83.60708766255436">
				<ele>527.5171495052055</ele>
				<time>2025-11-14T19:31:13Z</time>
			</trkpt>
			<trkpt lat="35.425235722869616" lon="-83.6070826569255">
				<ele>527.1235269894823</ele>
				<time>2025-11-14T19:31:14Z</time>
			</trkpt>
			<trkpt lat="35.42520461913835" lon="-83.60707122643176">
				<ele>528.0344464695081</ele>
				<time>2025-11-14T19:31:15Z</time>
			</trkpt>
			<trkpt lat="35.42517760739042" lon="-83.60705922384776">
				<ele>528.5153389284387</ele>
				<time>2025-11-14T19:31:16Z</time>
			</trkpt>
			<trkpt lat="35.42515856323362" lon="-83.60704720924248">
				<ele>529.3429040201008</ele>
				<time>2025-11-14T19:31:17Z</time>
			</trkpt>
			<trkpt lat="35.425143689649786" lon="-83.60703127642867">
				<ele>528.8958428120241</ele>
				<time>2025-11-14T19:31:18Z</time>
			</trkpt>
			<trkpt lat="35.42513203456501" lon="-83.60700634835663">
				<ele>527.1080629639328</ele>
				<time>2025-11-14T19:31:21Z</time>
			</trkpt>
			<trkpt lat="35.425101114321635" lon="-83.60698766085623">
				<ele>527.3320900751278</ele>
				<time>2025-11-14T19:31:23Z</time>
			</trkpt>
			<trkpt lat="35.42508408071727" lon="-83.60697387131088">
				<ele>526.3855737615377</ele>
				<time>2025-11-14T19:31:24Z</time>
			</trkpt>
			<trkpt lat="35.42506482248234" lon="-83.60695588848402">
				<ele>527.5325776338577</ele>
				<time>2025-11-14T19:31:25Z</time>
			</trkpt>
			<trkpt lat="35.42505314815011" lon="-83.60693289561604">
				<ele>526.38535622973</ele>
				<time>2025-11-14T19:31:26Z</time>
			</trkpt>
			<trkpt lat="35.4250342755812" lon="-83.60691040991283">
				<ele>526.9730216506869</ele>
				<time>2025-11-14T19:31:27Z</time>
			</trkpt>
			<trkpt lat="35.4250115783701" lon="-83.60688992699164">
				<ele>527.997669047676</ele>
				<time>2025-11-14T19:31:29Z</time>
			</trkpt>
			<trkpt lat="35.42499229103251" lon="-83.60686172277423">
				<ele>528.5525673562661</ele>
				<time>2025-11-14T19:31:31Z</time>
			</trkpt>
			<trkpt lat="35.42496970082877" lon="-83.60683181296399">
				<ele>530.0080160088837</ele>
				<time>2025-11-14T19:31:33Z</time>
			</trkpt>
			<trkpt lat="35.4249535493382" lon="-83.60681320118019">
				<ele>529.4849103661254</ele>
				<time>2025-11-14T19:31:34Z</time>
			</trkpt>
			<trkpt lat="35.4249357363418" lon="-83.60680485322222">
				<ele>529.3717360245064</ele>
				<time>2025-11-14T19:31:35Z</time>
			</trkpt>
			<trkpt lat="35.4249050498665" lon="-83.60678723722854">
				<ele>529.9498565960675</ele>
				<time>2025-11-14T19:31:37Z</time>
			</trkpt>
			<trkpt lat="35.42487381567644" lon="-83.60676594023866">
				<ele>530.8102517966181</ele>
				<time>2025-11-14T19:31:39Z</time>
			</trkpt>
			<trkpt lat="35.42485945440823" lon="-83.60675196109499">
				<ele>531.1669581700116</ele>
				<time>2025-11-14T19:31:40Z</time>
			</trkpt>
			<trkpt lat="35.42485650519179" lon="-83.60672395163591">
				<ele>532.3744033267722</ele>
				<time>2025-11-14T19:31:44Z</time>
			</trkpt>
			<trkpt lat="35.42484961182254" lon="-83.6066999135145">
				<ele>532.8250350039452</ele>
				<time>2025-11-14T19:31:45Z</time>
			</trkpt>
			<trkpt lat="35.4248444974729" lon="-83.60667381894034">
				<ele>531.9588030027226</ele>
				<time>2025-11-14T19:31:46Z</time>
			</trkpt>
			<trkpt lat="35.42483972351985" lon="-83.60664160931745">
				<ele>532.4822080442682</ele>
				<time>2025-11-14T19:31:47Z</time>
			</trkpt>
			<trkpt lat="35.42483243182135" lon="-83.60660536157239">
				<ele>532.6041721254587</ele>
				<time>2025-11-14T19:31:48Z</time>
			</trkpt>
			<trkpt lat="35.424820467679616" lon="-83.60657580063976">
				<ele>532.9108984861523</ele>
				<time>2025-11-14T19:31:49Z</time>
			</trkpt>
			<trkpt lat="35.42480422181555" lon="-83.60654209931509">
				<ele>533.4140142565593</ele>
				<time>2025-11-14T19:31:50Z</time>
			</trkpt>
			<trkpt lat="35.424800599081365" lon="-83.6065164503035">
				<ele>533.9917627284303</ele>
				<time>2025-11-14T19:31:51Z</time>
			</trkpt>
			<trkpt lat="35.42480595755691" lon="-83.60648112540092">
				<ele>534.5973860416561</ele>
				<time>2025-11-14T19:31:52Z</time>
			</trkpt>
			<trkpt lat="35.42480826877366" lon="-83.60644115906317">
				<ele>535.62880196888</ele>
				<time>2025-11-14T19:31:53Z</time>
			</trkpt>
			<trkpt lat="35.42480664355237" lon="-83.6063989484059">
				<ele>535.8018099609762</ele>
				<time>2025-11-14T19:31:54Z</time>
			</trkpt>
			<trkpt lat="35.424806363410475" lon="-83.60636265653575">
				<ele>535.3641829229891</ele>
				<time>2025-11-14T19:31:55Z</time>
			</trkpt>
			<trkpt lat="35.42480750351318" lon="-83.60632852233682">
				<ele>535.9515340095386</ele>
				<time>2025-11-14T19:31:56Z</time>
			</trkpt>
			<trkpt lat="35.42482139868385" lon="-83.60629872250914">
				<ele>536.0609949622303</ele>
				<time>2025-11-14T19:31:57Z</time>
			</trkpt>
			<trkpt lat="35.42483050112049" lon="-83.6062714765674">
				<ele>536.1100859809667</ele>
				<time>2025-11-14T19:31:58Z</time>
			</trkpt>
			<trkpt lat="35.424846855031014" lon="-83.60622738698122">
				<ele>537.6775036929175</ele>
				<time>2025-11-14T19:31:59Z</time>
			</trkpt>
			<trkpt lat="35.42486794344304" lon="-83.60618061226458">
				<ele>535.7629203069955</ele>
				<time>2025-11-14T19:32:00Z</time>
			</trkpt>
			<trkpt lat="35.42488568145751" lon="-83.60614414450646">
				<ele>536.2062519583851</ele>
				<time>2025-11-14T19:32:01Z</time>
			</trkpt>
			<trkpt lat="35.42489974228422" lon="-83.6061111380543">
				<ele>535.5602732682601</ele>
				<time>2025-11-14T19:32:02Z</time>
			</trkpt>
			<trkpt lat="35.42491693795309" lon="-83.60608426854694">
				<ele>534.2873511034995</ele>
				<time>2025-11-14T19:32:03Z</time>
			</trkpt>
			<trkpt lat="35.42492474510526" lon="-83.60604794839844">
				<ele>533.192754198797</ele>
				<time>2025-11-14T19:32:04Z</time>
			</trkpt>
			<trkpt lat="35.4249251160255" lon="-83.60602211426237">
				<ele>531.9650317924097</ele>
				<time>2025-11-14T19:32:05Z</time>
			</trkpt>
			<trkpt lat="35.424927433989126" lon="-83.6060002099103">
				<ele>531.240682721138</ele>
				<time>2025-11-14T19:32:06Z</time>
			</trkpt>
			<trkpt lat="35.42491679405207" lon="-83.60595919046841">
				<ele>530.3459140090272</ele>
				<time>2025-11-14T19:32:08Z</time>
			</trkpt>
			<trkpt lat="35.42490858254225" lon="-83.60593569745332">
				<ele>531.7342339195311</ele>
				<time>2025-11-14T19:32:09Z</time>
			</trkpt>
			<trkpt lat="35.424903640256076" lon="-83.60590029371863">
				<ele>532.9176615606993</ele>
				<time>2025-11-14T19:32:11Z</time>
			</trkpt>
			<trkpt lat="35.42488708248892" lon="-83.60586976976361">
				<ele>533.2653827192262</ele>
				<time>2025-11-14T19:32:13Z</time>
			</trkpt>
			<trkpt lat="35.42487486198452" lon="-83.60584013498392">
				<ele>532.0864094924182</ele>
				<time>2025-11-14T19:32:14Z</time>
			</trkpt>
			<trkpt lat="35.42487089325055" lon="-83.60581488838127">
				<ele>532.0975174084306</ele>
				<time>2025-11-14T19:32:15Z</time>
			</trkpt>
			<trkpt lat="35.42486291385611" lon="-83.60577710303927">
				<ele>531.8456840021536</ele>
				<time>2025-11-14T19:32:16Z</time>
			</trkpt>
			<trkpt lat="35.424853893342785" lon="-83.60573268452877">
				<ele>532.1648889724165</ele>
				<time>2025-11-14T19:32:17Z</time>
			</trkpt>
			<trkpt lat="35.42484466844124" lon="-83.60570332587221">
				<ele>532.158071138896</ele>
				<time>2025-11-14T19:32:18Z</time>
			</trkpt>
			<trkpt lat="35.42482635234565" lon="-83.60565676666344">
				<ele>532.6980751371011</ele>
				<time>2025-11-14T19:32:20Z</time>
			</trkpt>
			<trkpt lat="35.42480966425635" lon="-83.60560981472565">
				<ele>531.9347266871482</ele>
				<time>2025-11-14T19:32:22Z</time>
			</trkpt>
			<trkpt lat="35.424780657646714" lon="-83.60555836277722">
				<ele>533.3137001497671</ele>
				<time>2025-11-14T19:32:24Z</time>
			</trkpt>
			<trkpt lat="35.42475270758339" lon="-83.60551379022445">
				<ele>533.0276967547834</ele>
				<time>2025-11-14T19:32:25Z</time>
			</trkpt>
			<trkpt lat="35.42473839850522" lon="-83.60547480053748">
				<ele>533.1391677828506</ele>
				<time>2025-11-14T19:32:26Z</time>
			</trkpt>
			<trkpt lat="35.424720962175165" lon="-83.6054354477861">
				<ele>533.9288867013529</ele>
				<time>2025-11-14T19:32:27Z</time>
			</trkpt>
			<trkpt lat="35.42469896515579" lon="-83.6054008005301">
				<ele>534.1528338305652</ele>
				<time>2025-11-14T19:32:28Z</time>
			</trkpt>
			<trkpt lat="35.424680920395716" lon="-83.60536924527871">
				<ele>534.5384291252121</ele>
				<time>2025-11-14T19:32:29Z</time>
			</trkpt>
			<trkpt lat="35.424664700046556" lon="-83.60534372247042">
				<ele>534.3228009855375</ele>
				<time>2025-11-14T19:32:30Z</time>
			</trkpt>
			<trkpt lat="35.42465365069224" lon="-83.60532494128279">
				<ele>535.0170358270407</ele>
				<time>2025-11-14T19:32:31Z</time>
			</trkpt>
			<trkpt lat="35.42463822275393" lon="-83.60530683926639">
				<ele>534.6165406219661</ele>
				<time>2025-11-14T19:32:32Z</time>
			</trkpt>
			<trkpt lat="35.42462139148503" lon="-83.60528489572624">
				<ele>534.5187379289418</ele>
				<time>2025-11-14T19:32:33Z</time>
			</trkpt>
			<trkpt lat="35.42459377061478" lon="-83.60526220931774">
				<ele>535.837174535729</ele>
				<time>2025-11-14T19:32:34Z</time>
			</trkpt>
			<trkpt lat="35.42456992330168" lon="-83.60523861947198">
				<ele>537.2135444134474</ele>
				<time>2025-11-14T19:32:35Z</time>
			</trkpt>
			<trkpt lat="35.42455131232808" lon="-83.60522764098258">
				<ele>538.7082967637107</ele>
				<time>2025-11-14T19:32:36Z</time>
			</trkpt>
			<trkpt lat="35.42452636922821" lon="-83.6052046105664">
				<ele>539.0181436007842</ele>
				<time>2025-11-14T19:32:37Z</time>
			</trkpt>
			<trkpt lat="35.42450537613853" lon="-83.60516999938557">
				<ele>538.4226135937497</ele>
				<time>2025-11-14T19:32:38Z</time>
			</trkpt>
			<trkpt lat="35.42448854006993" lon="-83.60513080181515">
				<ele>537.3626299519092</ele>
				<time>2025-11-14T19:32:39Z</time>
			</trkpt>
			<trkpt lat="35.424466811815655" lon="-83.60509476066008">
				<ele>536.5054194573313</ele>
				<time>2025-11-14T19:32:40Z</time>
			</trkpt>
			<trkpt lat="35.424445127697375" lon="-83.60505670032647">
				<ele>536.3039419408888</ele>
				<time>2025-11-14T19:32:41Z</time>
			</trkpt>
			<trkpt lat="35.424403707963265" lon="-83.60499925082058">
				<ele>535.651549257338</ele>
				<time>2025-11-14T19:32:43Z</time>
			</trkpt>
			<trkpt lat="35.424367999738365" lon="-83.60494500755394">
				<ele>535.4010246824473</ele>
				<time>2025-11-14T19:32:45Z</time>
			</trkpt>
			<trkpt lat="35.42435623581034" lon="-83.60492554395199">
				<ele>535.9875569427386</ele>
				<time>2025-11-14T19:32:46Z</time>
			</trkpt>
			<trkpt lat="35.4243254336" lon="-83.60488471635914">
				<ele>534.5693088918924</ele>
				<time>2025-11-14T19:32:47Z</time>
			</trkpt>
			<trkpt lat="35.42429900211259" lon="-83.60483225952856">
				<ele>536.2741837250069</ele>
				<time>2025-11-14T19:32:49Z</time>
			</trkpt>
			<trkpt lat="35.4242730312322" lon="-83.60478452447813">
				<ele>535.971795658581</ele>
				<time>2025-11-14T19:32:51Z</time>
			</trkpt>
			<trkpt lat="35.424250689237745" lon="-83.60474245653428">
				<ele>536.3461759146303</ele>
				<time>2025-11-14T19:32:53Z</time>
			</trkpt>
			<trkpt lat="35.4242313579443" lon="-83.60471703513873">
				<ele>534.2432381473482</ele>
				<time>2025-11-14T19:32:54Z</time>
			</trkpt>
			<trkpt lat="35.424220608147756" lon="-83.60468908565703">
				<ele>534.2215607939288</ele>
				<time>2025-11-14T19:32:55Z</time>
			</trkpt>
			<trkpt lat="35.42420318030959" lon="-83.60465361621547">
				<ele>534.3952773073688</ele>
				<time>2025-11-14T19:32:56Z</time>
			</trkpt>
			<trkpt lat="35.4241935690292" lon="-83.60463279315078">
				<ele>535.4283689530566</ele>
				<time>2025-11-14T19:32:57Z</time>
			</trkpt>
			<trkpt lat="35.42417374130942" lon="-83.6046125776598">
				<ele>536.4044802542776</ele>
				<time>2025-11-14T19:32:58Z</time>
			</trkpt>
			<trkpt lat="35.42413936880517" lon="-83.60457898166419">
				<ele>535.9562435923144</ele>
				<time>2025-11-14T19:33:00Z</time>
			</trkpt>
			<trkpt lat="35.424111600201634" lon="-83.6045332296926">
				<ele>535.8830175995827</ele>
				<time>2025-11-14T19:33:02Z</time>
			</trkpt>
			<trkpt lat="35.42409984371316" lon="-83.60451321133112">
				<ele>535.7037979597226</ele>
				<time>2025-11-14T19:33:03Z</time>
			</trkpt>
			<trkpt lat="35.424081677499366" lon="-83.60448601647579">
				<ele>535.9520991835743</ele>
				<time>2025-11-14T19:33:04Z</time>
			</trkpt>
			<trkpt lat="35.424070269593884" lon="-83.60446651126382">
				<ele>536.5518881715834</ele>
				<time>2025-11-14T19:33:05Z</time>
			</trkpt>
			<trkpt lat="35.42405280564936" lon="-83.60444477029849">
				<ele>538.1716950275004</ele>
				<time>2025-11-14T19:33:06Z</time>
			</trkpt>
			<trkpt lat="35.424032689458286" lon="-83.60442916435775">
				<ele>537.1754643740132</ele>
				<time>2025-11-14T19:33:07Z</time>
			</trkpt>
			<trkpt lat="35.4240090796399" lon="-83.60439730649654">
				<ele>536.5107394773513</ele>
				<time>2025-11-14T19:33:08Z</time>
			</trkpt>
			<trkpt lat="35.42399822313688" lon="-83.60437415600614">
				<ele>536.5971461413428</ele>
				<time>2025-11-14T19:33:09Z</time>
			</trkpt>
			<trkpt lat="35.42397793328737" lon="-83.60433601112445">
				<ele>537.2031736429781</ele>
				<time>2025-11-14T19:33:10Z</time>
			</trkpt>
			<trkpt lat="35.42396305455623" lon="-83.60431710013957">
				<ele>536.8356308629736</ele>
				<time>2025-11-14T19:33:11Z</time>
			</trkpt>
			<trkpt lat="35.42394081584243" lon="-83.6042884811727">
				<ele>536.9385677613318</ele>
				<time>2025-11-14T19:33:12Z</time>
			</trkpt>
			<trkpt lat="35.423921562965894" lon="-83.60424123824251">
				<ele>537.97390704602</ele>
				<time>2025-11-14T19:33:14Z</time>
			</trkpt>
			<trkpt lat="35.42390762009117" lon="-83.60421383006654">
				<ele>537.0989413270727</ele>
				<time>2025-11-14T19:33:15Z</time>
			</trkpt>
			<trkpt lat="35.42389531234388" lon="-83.60416984432524">
				<ele>536.9810071196407</ele>
				<time>2025-11-14T19:33:16Z</time>
			</trkpt>
			<trkpt lat="35.423881531526604" lon="-83.6041269108064">
				<ele>536.8593112155795</ele>
				<time>2025-11-14T19:33:17Z</time>
			</trkpt>
			<trkpt lat="35.42386445946752" lon="-83.60408524649112">
				<ele>536.3181082066149</ele>
				<time>2025-11-14T19:33:18Z</time>
			</trkpt>
			<trkpt lat="35.42384932260744" lon="-83.60403684217609">
				<ele>536.6517606852576</ele>
				<time>2025-11-14T19:33:19Z</time>
			</trkpt>
			<trkpt lat="35.42382604689835" lon="-83.60398044303834">
				<ele>537.4369826754555</ele>
				<time>2025-11-14T19:33:21Z</time>
			</trkpt>
			<trkpt lat="35.42380695645802" lon="-83.603935530643">
				<ele>538.6297662844881</ele>
				<time>2025-11-14T19:33:23Z</time>
			</trkpt>
			<trkpt lat="35.42379586591254" lon="-83.60390306764488">
				<ele>538.7904156213626</ele>
				<time>2025-11-14T19:33:24Z</time>
			</trkpt>
			<trkpt lat="35.423780536995515" lon="-83.60386881797447">
				<ele>539.1596506973729</ele>
				<time>2025-11-14T19:33:25Z</time>
			</trkpt>
			<trkpt lat="35.42376743710289" lon="-83.60382799226136">
				<ele>539.2400556905195</ele>
				<time>2025-11-14T19:33:26Z</time>
			</trkpt>
			<trkpt lat="35.423752260798786" lon="-83.60378332426576">
				<ele>539.5050538480282</ele>
				<time>2025-11-14T19:33:27Z</time>
			</trkpt>
			<trkpt lat="35.42373746760776" lon="-83.60374874914409">
				<ele>540.5974455587566</ele>
				<time>2025-11-14T19:33:28Z</time>
			</trkpt>
			<trkpt lat="35.42372000506797" lon="-83.60371175232468">
				<ele>539.3696420248598</ele>
				<time>2025-11-14T19:33:29Z</time>
			</trkpt>
			<trkpt lat="35.423701016404095" lon="-83.60366359418012">
				<ele>539.6572195719928</ele>
				<time>2025-11-14T19:33:30Z</time>
			</trkpt>
			<trkpt lat="35.42368216002008" lon="-83.603609858155">
				<ele>540.772467684932</ele>
				<time>2025-11-14T19:33:31Z</time>
			</trkpt>
			<trkpt lat="35.42366242669733" lon="-83.60355794529242">
				<ele>541.7871593749151</ele>
				<time>2025-11-14T19:33:32Z</time>
			</trkpt>
			<trkpt lat="35.42365031055456" lon="-83.60352772353002">
				<ele>541.5485806362703</ele>
				<time>2025-11-14T19:33:33Z</time>
			</trkpt>
			<trkpt lat="35.42363103894708" lon="-83.60348302197208">
				<ele>542.6458956953138</ele>
				<time>2025-11-14T19:33:34Z</time>
			</trkpt>
			<trkpt lat="35.42361430012333" lon="-83.60344745195538">
				<ele>543.7795789567754</ele>
				<time>2025-11-14T19:33:35Z</time>
			</trkpt>
			<trkpt lat="35.42359951141572" lon="-83.60341853344742">
				<ele>544.163366690278</ele>
				<time>2025-11-14T19:33:36Z</time>
			</trkpt>
			<trkpt lat="35.423571059190685" lon="-83.60336814072052">
				<ele>544.2935041971505</ele>
				<time>2025-11-14T19:33:37Z</time>
			</trkpt>
			<trkpt lat="35.423560927824894" lon="-83.60334870186719">
				<ele>544.6034810720012</ele>
				<time>2025-11-14T19:33:38Z</time>
			</trkpt>
			<trkpt lat="35.42353161016618" lon="-83.60330447523523">
				<ele>543.9072155011818</ele>
				<time>2025-11-14T19:33:39Z</time>
			</trkpt>
			<trkpt lat="35.42351764212196" lon="-83.60328468884484">
				<ele>544.8535087900236</ele>
				<time>2025-11-14T19:33:40Z</time>
			</trkpt>
			<trkpt lat="35.42349543332389" lon="-83.60325214820571">
				<ele>543.9971098005772</ele>
				<time>2025-11-14T19:33:41Z</time>
			</trkpt>
			<trkpt lat="35.42347224405575" lon="-83.60321977830188">
				<ele>544.7470560139045</ele>
				<time>2025-11-14T19:33:42Z</time>
			</trkpt>
			<trkpt lat="35.423455012716985" lon="-83.60319572500582">
				<ele>544.988333562389</ele>
				<time>2025-11-14T19:33:43Z</time>
			</trkpt>
			<trkpt lat="35.42342072856977" lon="-83.6031512985852">
				<ele>545.4228408811614</ele>
				<time>2025-11-14T19:33:44Z</time>
			</trkpt>
			<trkpt lat="35.42339641095355" lon="-83.60312396503811">
				<ele>543.3542561912909</ele>
				<time>2025-11-14T19:33:45Z</time>
			</trkpt>
			<trkpt lat="35.42336029248374" lon="-83.60308708995778">
				<ele>543.086394646205</ele>
				<time>2025-11-14T19:33:46Z</time>
			</trkpt>
			<trkpt lat="35.42334723949559" lon="-83.60306297306126">
				<ele>542.1021786583588</ele>
				<time>2025-11-14T19:33:47Z</time>
			</trkpt>
			<trkpt lat="35.423334749521636" lon="-83.60302276248665">
				<ele>540.6232751226053</ele>
				<time>2025-11-14T19:33:48Z</time>
			</trkpt>
			<trkpt lat="35.423329131686614" lon="-83.60299971006572">
				<ele>540.108240602538</ele>
				<time>2025-11-14T19:33:49Z</time>
			</trkpt>
			<trkpt lat="35.42332598572873" lon="-83.60296352447524">
				<ele>539.2830739468336</ele>
				<time>2025-11-14T19:33:50Z</time>
			</trkpt>
			<trkpt lat="35.423318865800105" lon="-83.60294132258902">
				<ele>539.4887899663299</ele>
				<time>2025-11-14T19:33:51Z</time>
			</trkpt>
			<trkpt lat="35.42331895255726" lon="-83.60290729782346">
				<ele>539.4463379550725</ele>
				<time>2025-11-14T19:33:52Z</time>
			</trkpt>
			<trkpt lat="35.423340251517345" lon="-83.60287502212422">
				<ele>541.8198508769274</ele>
				<time>2025-11-14T19:33:54Z</time>
			</trkpt>
			<trkpt lat="35.42334903131724" lon="-83.60285113924283">
				<ele>540.8667063256726</ele>
				<time>2025-11-14T19:33:55Z</time>
			</trkpt>
			<trkpt lat="35.42337716473306" lon="-83.60283387365547">
				<ele>539.6104801986367</ele>
				<time>2025-11-14T19:33:57Z</time>
			</trkpt>
			<trkpt lat="35.42345670828904" lon="-83.60284111452637">
				<ele>538.931580257602</ele>
				<time>2025-11-14T19:33:59Z</time>
			</trkpt>
			<trkpt lat="35.42349060390634" lon="-83.6028688901853">
				<ele>538.1188771035522</ele>
				<time>2025-11-14T19:34:01Z</time>
			</trkpt>
			<trkpt lat="35.42352104702012" lon="-83.60289054961747">
				<ele>537.9101824471727</ele>
				<time>2025-11-14T19:34:02Z</time>
			</trkpt>
			<trkpt lat="35.42354229669287" lon="-83.60289803944076">
				<ele>538.3047426724806</ele>
				<time>2025-11-14T19:34:03Z</time>
			</trkpt>
			<trkpt lat="35.42357057928323" lon="-83.60289586732556">
				<ele>538.7500520441681</ele>
				<time>2025-11-14T19:34:04Z</time>
			</trkpt>
			<trkpt lat="35.42359786562857" lon="-83.60292073201488">
				<ele>539.1775629082695</ele>
				<time>2025-11-14T19:34:05Z</time>
			</trkpt>
			<trkpt lat="35.42362992010602" lon="-83.60294142707033">
				<ele>539.0228482224047</ele>
				<time>2025-11-14T19:34:06Z</time>
			</trkpt>
			<trkpt lat="35.42365287391876" lon="-83.60295838986157">
				<ele>538.8955555548891</ele>
				<time>2025-11-14T19:34:07Z</time>
			</trkpt>
			<trkpt lat="35.423675120255574" lon="-83.6029717882271">
				<ele>537.630777056329</ele>
				<time>2025-11-14T19:34:08Z</time>
			</trkpt>
			<trkpt lat="35.423707026228556" lon="-83.60300251434117">
				<ele>536.7209116751328</ele>
				<time>2025-11-14T19:34:09Z</time>
			</trkpt>
			<trkpt lat="35.42374138705154" lon="-83.60304175518914">
				<ele>538.1690212320536</ele>
				<time>2025-11-14T19:34:10Z</time>
			</trkpt>
			<trkpt lat="35.42378158555159" lon="-83.6030757756531">
				<ele>537.6994206868112</ele>
				<time>2025-11-14T19:34:11Z</time>
			</trkpt>
			<trkpt lat="35.42382117253296" lon="-83.60310760145362">
				<ele>536.6897265017033</ele>
				<time>2025-11-14T19:34:12Z</time>
			</trkpt>
			<trkpt lat="35.42385198816714" lon="-83.60313388660691">
				<ele>537.5925038233399</ele>
				<time>2025-11-14T19:34:13Z</time>
			</trkpt>
			<trkpt lat="35.423881658028186" lon="-83.60315293549256">
				<ele>536.5777981728315</ele>
				<time>2025-11-14T19:34:14Z</time>
			</trkpt>
			<trkpt lat="35.423908420108106" lon="-83.60317436588007">
				<ele>536.5446662865579</ele>
				<time>2025-11-14T19:34:15Z</time>
			</trkpt>
			<trkpt lat="35.42392584490012" lon="-83.60319168714929">
				<ele>536.2488856744021</ele>
				<time>2025-11-14T19:34:16Z</time>
			</trkpt>
			<trkpt lat="35.423941225475865" lon="-83.60320599193001">
				<ele>536.8364915493876</ele>
				<time>2025-11-14T19:34:17Z</time>
			</trkpt>
			<trkpt lat="35.423959623169296" lon="-83.60320751247212">
				<ele>534.9546343740076</ele>
				<time>2025-11-14T19:34:18Z</time>
			</trkpt>
			<trkpt lat="35.423993004745824" lon="-83.60319596069216">
				<ele>536.0067948838696</ele>
				<time>2025-11-14T19:34:20Z</time>
			</trkpt>
			<trkpt lat="35.42401707185195" lon="-83.60318903280384">
				<ele>533.3285758877173</ele>
				<time>2025-11-14T19:34:24Z</time>
			</trkpt>
			<trkpt lat="35.42404783997003" lon="-83.60319291149958">
				<ele>531.7437509158626</ele>
				<time>2025-11-14T19:34:28Z</time>
			</trkpt>
			<trkpt lat="35.424069105839834" lon="-83.60324388477716">
				<ele>527.6748478868976</ele>
				<time>2025-11-14T19:34:37Z</time>
			</trkpt>
			<trkpt lat="35.42408255877589" lon="-83.60322400637365">
				<ele>526.6504800068215</ele>
				<time>2025-11-14T19:34:56Z</time>
			</trkpt>
			<trkpt lat="35.42409824297103" lon="-83.60320893278258">
				<ele>527.5135924424976</ele>
				<time>2025-11-14T19:34:58Z</time>
			</trkpt>
			<trkpt lat="35.424115159476074" lon="-83.60318709824818">
				<ele>528.1701844884083</ele>
				<time>2025-11-14T19:35:00Z</time>
			</trkpt>
			<trkpt lat="35.42412549489514" lon="-83.60315315676552">
				<ele>528.7767693111673</ele>
				<time>2025-11-14T19:35:02Z</time>
			</trkpt>
			<trkpt lat="35.42412912980393" lon="-83.60313005624855">
				<ele>529.1119327517226</ele>
				<time>2025-11-14T19:35:03Z</time>
			</trkpt>
			<trkpt lat="35.42413547077044" lon="-83.60310393340767">
				<ele>529.4804656729102</ele>
				<time>2025-11-14T19:35:04Z</time>
			</trkpt>
			<trkpt lat="35.4241379277051" lon="-83.60307883439843">
				<ele>530.2057915572077</ele>
				<time>2025-11-14T19:35:05Z</time>
			</trkpt>
			<trkpt lat="35.42414106205039" lon="-83.60304883478219">
				<ele>531.1848511993885</ele>
				<time>2025-11-14T19:35:06Z</time>
			</trkpt>
			<trkpt lat="35.4241469593648" lon="-83.60301838938508">
				<ele>531.315806498751</ele>
				<time>2025-11-14T19:35:07Z</time>
			</trkpt>
			<trkpt lat="35.424156122582254" lon="-83.60299278097214">
				<ele>531.8344883425161</ele>
				<time>2025-11-14T19:35:08Z</time>
			</trkpt>
			<trkpt lat="35.42416868017983" lon="-83.60296514328108">
				<ele>531.4532889937982</ele>
				<time>2025-11-14T19:35:09Z</time>
			</trkpt>
			<trkpt lat="35.42418529741477" lon="-83.60294948530195">
				<ele>533.1052267849445</ele>
				<time>2025-11-14T19:35:10Z</time>
			</trkpt>
			<trkpt lat="35.424215750103556" lon="-83.60295361343368">
				<ele>534.0471969973296</ele>
				<time>2025-11-14T19:35:12Z</time>
			</trkpt>
			<trkpt lat="35.42423086365341" lon="-83.602968111149">
				<ele>532.2248395001516</ele>
				<time>2025-11-14T19:35:13Z</time>
			</trkpt>
			<trkpt lat="35.42423776497833" lon="-83.60298950051596">
				<ele>532.9261205708608</ele>
				<time>2025-11-14T19:35:14Z</time>
			</trkpt>
			<trkpt lat="35.424247785301496" lon="-83.60301589262397">
				<ele>532.5371252959594</ele>
				<time>2025-11-14T19:35:15Z</time>
			</trkpt>
			<trkpt lat="35.42425329251181" lon="-83.60304034781112">
				<ele>534.465696667321</ele>
				<time>2025-11-14T19:35:16Z</time>
			</trkpt>
			<trkpt lat="35.42426507170052" lon="-83.60306038346978">
				<ele>533.6635526726022</ele>
				<time>2025-11-14T19:35:17Z</time>
			</trkpt>
			<trkpt lat="35.42429032378544" lon="-83.60309586459577">
				<ele>532.8867822661996</ele>
				<time>2025-11-14T19:35:19Z</time>
			</trkpt>
			<trkpt lat="35.424310572817575" lon="-83.60311945444235">
				<ele>534.6933553991839</ele>
				<time>2025-11-14T19:35:20Z</time>
			</trkpt>
			<trkpt lat="35.424317258123104" lon="-83.60314260551961">
				<ele>532.9171542553231</ele>
				<time>2025-11-14T19:35:21Z</time>
			</trkpt>
			<trkpt lat="35.42433173383835" lon="-83.60316807428191">
				<ele>533.2529516397044</ele>
				<time>2025-11-14T19:35:22Z</time>
			</trkpt>
			<trkpt lat="35.42434320557928" lon="-83.6031912802556">
				<ele>533.9461288107559</ele>
				<time>2025-11-14T19:35:23Z</time>
			</trkpt>
			<trkpt lat="35.424356606646604" lon="-83.60323303162367">
				<ele>534.0798716973513</ele>
				<time>2025-11-14T19:35:24Z</time>
			</trkpt>
			<trkpt lat="35.424369054503536" lon="-83.60327346513608">
				<ele>534.6760437767953</ele>
				<time>2025-11-14T19:35:25Z</time>
			</trkpt>
			<trkpt lat="35.42437830481897" lon="-83.60331583736222">
				<ele>535.217487600632</ele>
				<time>2025-11-14T19:35:26Z</time>
			</trkpt>
			<trkpt lat="35.424377609891096" lon="-83.60334173016395">
				<ele>538.0667962515727</ele>
				<time>2025-11-14T19:35:27Z</time>
			</trkpt>
			<trkpt lat="35.424375548418176" lon="-83.60339748074557">
				<ele>535.341372624971</ele>
				<time>2025-11-14T19:35:29Z</time>
			</trkpt>
			<trkpt lat="35.424375682414" lon="-83.6034304291172">
				<ele>535.1548594990745</ele>
				<time>2025-11-14T19:35:30Z</time>
			</trkpt>
			<trkpt lat="35.424368596931195" lon="-83.60347300324086">
				<ele>533.107104152441</ele>
				<time>2025-11-14T19:35:31Z</time>
			</trkpt>
			<trkpt lat="35.424373624475386" lon="-83.60350493379556">
				<ele>533.0043365424499</ele>
				<time>2025-11-14T19:35:32Z</time>
			</trkpt>
			<trkpt lat="35.4243887374842" lon="-83.60354934326855">
				<ele>532.0200263429433</ele>
				<time>2025-11-14T19:35:33Z</time>
			</trkpt>
			<trkpt lat="35.42440962858192" lon="-83.6035924304381">
				<ele>532.0430415384471</ele>
				<time>2025-11-14T19:35:34Z</time>
			</trkpt>
			<trkpt lat="35.42442408521044" lon="-83.60361930649141">
				<ele>532.1882491568103</ele>
				<time>2025-11-14T19:35:35Z</time>
			</trkpt>
			<trkpt lat="35.42444421689212" lon="-83.60367966243788">
				<ele>531.9508001953363</ele>
				<time>2025-11-14T19:35:36Z</time>
			</trkpt>
			<trkpt lat="35.424485680442785" lon="-83.60376025915104">
				<ele>531.8052015090361</ele>
				<time>2025-11-14T19:35:37Z</time>
			</trkpt>
			<trkpt lat="35.42452552576385" lon="-83.60380257726555">
				<ele>531.9705597972497</ele>
				<time>2025-11-14T19:35:38Z</time>
			</trkpt>
			<trkpt lat="35.424558132879405" lon="-83.60383592220929">
				<ele>531.769034168683</ele>
				<time>2025-11-14T19:35:39Z</time>
			</trkpt>
			<trkpt lat="35.42459459926278" lon="-83.6038657549617">
				<ele>531.0019399793819</ele>
				<time>2025-11-14T19:35:40Z</time>
			</trkpt>
			<trkpt lat="35.42462101192414" lon="-83.60389033788212">
				<ele>529.7321822736412</ele>
				<time>2025-11-14T19:35:41Z</time>
			</trkpt>
			<trkpt lat="35.424645700754205" lon="-83.60392373034735">
				<ele>528.8836362054572</ele>
				<time>2025-11-14T19:35:42Z</time>
			</trkpt>
			<trkpt lat="35.424655732503616" lon="-83.60396139550946">
				<ele>529.7074161879718</ele>
				<time>2025-11-14T19:35:43Z</time>
			</trkpt>
			<trkpt lat="35.424678382839296" lon="-83.60399861626786">
				<ele>527.5259818127379</ele>
				<time>2025-11-14T19:35:44Z</time>
			</trkpt>
			<trkpt lat="35.42469648799729" lon="-83.60403356752033">
				<ele>525.9938041549176</ele>
				<time>2025-11-14T19:35:45Z</time>
			</trkpt>
			<trkpt lat="35.42470984967679" lon="-83.60405927483139">
				<ele>524.7908048359677</ele>
				<time>2025-11-14T19:35:46Z</time>
			</trkpt>
			<trkpt lat="35.42473054213299" lon="-83.60408668170535">
				<ele>524.2313576173037</ele>
				<time>2025-11-14T19:35:47Z</time>
			</trkpt>
			<trkpt lat="35.42474720070022" lon="-83.60411739784485">
				<ele>526.5409355312586</ele>
				<time>2025-11-14T19:35:48Z</time>
			</trkpt>
			<trkpt lat="35.42477371760584" lon="-83.60415843435106">
				<ele>523.6275915158913</ele>
				<time>2025-11-14T19:35:49Z</time>
			</trkpt>
			<trkpt lat="35.42480009527128" lon="-83.60418801486163">
				<ele>526.1020035920665</ele>
				<time>2025-11-14T19:35:50Z</time>
			</trkpt>
			<trkpt lat="35.424835461498304" lon="-83.60422056672377">
				<ele>523.917708363384</ele>
				<time>2025-11-14T19:35:51Z</time>
			</trkpt>
			<trkpt lat="35.424858879622334" lon="-83.60423816156876">
				<ele>526.725862538442</ele>
				<time>2025-11-14T19:35:52Z</time>
			</trkpt>
			<trkpt lat="35.4248826173528" lon="-83.60425199156748">
				<ele>524.6671209409833</ele>
				<time>2025-11-14T19:35:53Z</time>
			</trkpt>
			<trkpt lat="35.42490230523065" lon="-83.60425940917649">
				<ele>523.5208987947553</ele>
				<time>2025-11-14T19:35:54Z</time>
			</trkpt>
			<trkpt lat="35.42493316337692" lon="-83.60425613292828">
				<ele>524.2319486578926</ele>
				<time>2025-11-14T19:35:56Z</time>
			</trkpt>
			<trkpt lat="35.42496337368156" lon="-83.6042383595327">
				<ele>523.9762182449922</ele>
				<time>2025-11-14T19:35:58Z</time>
			</trkpt>
			<trkpt lat="35.42498393193517" lon="-83.60422091398051">
				<ele>524.4259595349431</ele>
				<time>2025-11-14T19:36:00Z</time>
			</trkpt>
			<trkpt lat="35.42499904469364" lon="-83.60420577157839">
				<ele>525.031133601442</ele>
				<time>2025-11-14T19:36:01Z</time>
			</trkpt>
			<trkpt lat="35.42501960018119" lon="-83.60418054812571">
				<ele>526.1036652652547</ele>
				<time>2025-11-14T19:36:02Z</time>
			</trkpt>
			<trkpt lat="35.425044161187344" lon="-83.60414928350747">
				<ele>526.6160751041025</ele>
				<time>2025-11-14T19:36:04Z</time>
			</trkpt>
			<trkpt lat="35.42505871177167" lon="-83.60411221547656">
				<ele>527.547618794255</ele>
				<time>2025-11-14T19:36:06Z</time>
			</trkpt>
			<trkpt lat="35.4250677316187" lon="-83.60409156093002">
				<ele>528.5173284169286</ele>
				<time>2025-11-14T19:36:07Z</time>
			</trkpt>
			<trkpt lat="35.425075370801814" lon="-83.60406990929818">
				<ele>528.3944019861519</ele>
				<time>2025-11-14T19:36:08Z</time>
			</trkpt>
			<trkpt lat="35.425085769794244" lon="-83.60403948730581">
				<ele>527.7114114798605</ele>
				<time>2025-11-14T19:36:09Z</time>
			</trkpt>
			<trkpt lat="35.42510202083979" lon="-83.60398791538283">
				<ele>526.590897754766</ele>
				<time>2025-11-14T19:36:11Z</time>
			</trkpt>
			<trkpt lat="35.425114838530725" lon="-83.60394452931628">
				<ele>526.4551384067163</ele>
				<time>2025-11-14T19:36:13Z</time>
			</trkpt>
			<trkpt lat="35.42512814026817" lon="-83.60390021575621">
				<ele>527.595253332518</ele>
				<time>2025-11-14T19:36:15Z</time>
			</trkpt>
			<trkpt lat="35.425139110584446" lon="-83.60385703905085">
				<ele>530.1951542114839</ele>
				<time>2025-11-14T19:36:17Z</time>
			</trkpt>
			<trkpt lat="35.42514604884889" lon="-83.6038297315389">
				<ele>529.5274518309161</ele>
				<time>2025-11-14T19:36:18Z</time>
			</trkpt>
			<trkpt lat="35.42515568162015" lon="-83.60378873633296">
				<ele>529.9332586983219</ele>
				<time>2025-11-14T19:36:19Z</time>
			</trkpt>
			<trkpt lat="35.42516046121079" lon="-83.6037669665455">
				<ele>529.8482690732926</ele>
				<time>2025-11-14T19:36:20Z</time>
			</trkpt>
			<trkpt lat="35.42516991530791" lon="-83.60372390551059">
				<ele>529.5754686938599</ele>
				<time>2025-11-14T19:36:21Z</time>
			</trkpt>
			<trkpt lat="35.42517479806158" lon="-83.60370166588429">
				<ele>530.2988812662661</ele>
				<time>2025-11-14T19:36:22Z</time>
			</trkpt>
			<trkpt lat="35.42518241536889" lon="-83.60366119236993">
				<ele>530.9481187583879</ele>
				<time>2025-11-14T19:36:23Z</time>
			</trkpt>
			<trkpt lat="35.425193357102216" lon="-83.60359823183546">
				<ele>531.8316810168326</ele>
				<time>2025-11-14T19:36:25Z</time>
			</trkpt>
			<trkpt lat="35.42520191559793" lon="-83.60354607483863">
				<ele>532.3683001575992</ele>
				<time>2025-11-14T19:36:26Z</time>
			</trkpt>
			<trkpt lat="35.42520621272372" lon="-83.60350715675135">
				<ele>533.0702059613541</ele>
				<time>2025-11-14T19:36:27Z</time>
			</trkpt>
			<trkpt lat="35.425208909849104" lon="-83.60348272960617">
				<ele>535.2135527916253</ele>
				<time>2025-11-14T19:36:28Z</time>
			</trkpt>
			<trkpt lat="35.42521281411329" lon="-83.60344736947783">
				<ele>534.4466865304857</ele>
				<time>2025-11-14T19:36:29Z</time>
			</trkpt>
			<trkpt lat="35.425217375710254" lon="-83.60340605621802">
				<ele>536.5251514418051</ele>
				<time>2025-11-14T19:36:30Z</time>
			</trkpt>
			<trkpt lat="35.42522122113175" lon="-83.60337122902465">
				<ele>536.0131042897701</ele>
				<time>2025-11-14T19:36:31Z</time>
			</trkpt>
			<trkpt lat="35.42522615922323" lon="-83.60332991808755">
				<ele>536.4255982656032</ele>
				<time>2025-11-14T19:36:32Z</time>
			</trkpt>
			<trkpt lat="35.42523486238842" lon="-83.60329113032029">
				<ele>536.8949162801728</ele>
				<time>2025-11-14T19:36:33Z</time>
			</trkpt>
			<trkpt lat="35.42524363453542" lon="-83.6032476119995">
				<ele>538.211955790408</ele>
				<time>2025-11-14T19:36:34Z</time>
			</trkpt>
			<trkpt lat="35.42524900508911" lon="-83.60321097891965">
				<ele>537.7367345010862</ele>
				<time>2025-11-14T19:36:35Z</time>
			</trkpt>
			<trkpt lat="35.42525487618917" lon="-83.60318061100389">
				<ele>537.670378218405</ele>
				<time>2025-11-14T19:36:36Z</time>
			</trkpt>
			<trkpt lat="35.4252585365174" lon="-83.60314616250274">
				<ele>536.7214802019298</ele>
				<time>2025-11-14T19:36:37Z</time>
			</trkpt>
			<trkpt lat="35.42526654328016" lon="-83.60312012563004">
				<ele>536.9638698212802</ele>
				<time>2025-11-14T19:36:38Z</time>
			</trkpt>
			<trkpt lat="35.42527357544108" lon="-83.60309080526544">
				<ele>537.960454409942</ele>
				<time>2025-11-14T19:36:39Z</time>
			</trkpt>
			<trkpt lat="35.42528206746373" lon="-83.60306798863151">
				<ele>537.7415076298639</ele>
				<time>2025-11-14T19:36:40Z</time>
			</trkpt>
			<trkpt lat="35.42529455595369" lon="-83.6030429132321">
				<ele>537.5911584543064</ele>
				<time>2025-11-14T19:36:41Z</time>
			</trkpt>
			<trkpt lat="35.42531500140719" lon="-83.60302272807655">
				<ele>536.7061454765499</ele>
				<time>2025-11-14T19:36:42Z</time>
			</trkpt>
			<trkpt lat="35.425343016429224" lon="-83.60301349236035">
				<ele>537.9194962931797</ele>
				<time>2025-11-14T19:36:43Z</time>
			</trkpt>
			<trkpt lat="35.42536948426212" lon="-83.60299572350237">
				<ele>538.5016985237598</ele>
				<time>2025-11-14T19:36:45Z</time>
			</trkpt>
			<trkpt lat="35.425385852416895" lon="-83.602984181134">
				<ele>538.3414243664593</ele>
				<time>2025-11-14T19:36:46Z</time>
			</trkpt>
			<trkpt lat="35.42541640433606" lon="-83.60295562292032">
				<ele>537.9845073474571</ele>
				<time>2025-11-14T19:36:48Z</time>
			</trkpt>
			<trkpt lat="35.4254362808678" lon="-83.60294738443618">
				<ele>538.2062731701881</ele>
				<time>2025-11-14T19:36:49Z</time>
			</trkpt>
			<trkpt lat="35.42546315224074" lon="-83.60294955484065">
				<ele>539.3539907047525</ele>
				<time>2025-11-14T19:36:50Z</time>
			</trkpt>
			<trkpt lat="35.425481650271045" lon="-83.60294965166318">
				<ele>539.1336597744375</ele>
				<time>2025-11-14T19:36:51Z</time>
			</trkpt>
			<trkpt lat="35.425504935757935" lon="-83.60294978324698">
				<ele>540.1768594756722</ele>
				<time>2025-11-14T19:36:52Z</time>
			</trkpt>
			<trkpt lat="35.42553190890409" lon="-83.60295751773769">
				<ele>540.926083191298</ele>
				<time>2025-11-14T19:36:53Z</time>
			</trkpt>
			<trkpt lat="35.4255494671321" lon="-83.60296370915569">
				<ele>540.5694074211642</ele>
				<time>2025-11-14T19:36:54Z</time>
			</trkpt>
			<trkpt lat="35.4255814116101" lon="-83.60297653983035">
				<ele>541.8715507239103</ele>
				<time>2025-11-14T19:36:55Z</time>
			</trkpt>
			<trkpt lat="35.42563195928581" lon="-83.60299450434565">
				<ele>542.7910720799118</ele>
				<time>2025-11-14T19:36:57Z</time>
			</trkpt>
			<trkpt lat="35.425657231599054" lon="-83.60302306299896">
				<ele>541.8718248102814</ele>
				<time>2025-11-14T19:36:59Z</time>
			</trkpt>
			<trkpt lat="35.42568074970961" lon="-83.60305347037728">
				<ele>541.4584426302463</ele>
				<time>2025-11-14T19:37:01Z</time>
			</trkpt>
			<trkpt lat="35.42569644372963" lon="-83.60307390306528">
				<ele>542.9648202676326</ele>
				<time>2025-11-14T19:37:02Z</time>
			</trkpt>
			<trkpt lat="35.42571399200267" lon="-83.60309676673991">
				<ele>543.3855447601527</ele>
				<time>2025-11-14T19:37:03Z</time>
			</trkpt>
			<trkpt lat="35.4257326139209" lon="-83.60312274280798">
				<ele>543.6556400833651</ele>
				<time>2025-11-14T19:37:04Z</time>
			</trkpt>
			<trkpt lat="35.42575009342595" lon="-83.6031470905605">
				<ele>543.812311751768</ele>
				<time>2025-11-14T19:37:05Z</time>
			</trkpt>
			<trkpt lat="35.425766882256056" lon="-83.60317091020536">
				<ele>543.9203695189208</ele>
				<time>2025-11-14T19:37:06Z</time>
			</trkpt>
			<trkpt lat="35.42578636712329" lon="-83.60320004101858">
				<ele>543.1895730653778</ele>
				<time>2025-11-14T19:37:07Z</time>
			</trkpt>
			<trkpt lat="35.42581409735581" lon="-83.60324397519503">
				<ele>542.3354739956558</ele>
				<time>2025-11-14T19:37:09Z</time>
			</trkpt>
			<trkpt lat="35.42582358155244" lon="-83.60326543402434">
				<ele>541.849698648788</ele>
				<time>2025-11-14T19:37:10Z</time>
			</trkpt>
			<trkpt lat="35.42583452215849" lon="-83.6032885963352">
				<ele>543.5768247628585</ele>
				<time>2025-11-14T19:37:11Z</time>
			</trkpt>
			<trkpt lat="35.425851391264324" lon="-83.60330938171214">
				<ele>542.6389012169093</ele>
				<time>2025-11-14T19:37:12Z</time>
			</trkpt>
			<trkpt lat="35.42586383588114" lon="-83.60333120722704">
				<ele>540.9545151349157</ele>
				<time>2025-11-14T19:37:13Z</time>
			</trkpt>
			<trkpt lat="35.42588439041012" lon="-83.60336725602114">
				<ele>541.8242024844512</ele>
				<time>2025-11-14T19:37:15Z</time>
			</trkpt>
			<trkpt lat="35.42589719331516" lon="-83.6033895927947">
				<ele>541.9033493809402</ele>
				<time>2025-11-14T19:37:16Z</time>
			</trkpt>
			<trkpt lat="35.42591856053672" lon="-83.60342295411158">
				<ele>542.0994898350909</ele>
				<time>2025-11-14T19:37:18Z</time>
			</trkpt>
			<trkpt lat="35.42593480066617" lon="-83.60344831030287">
				<ele>542.2549870917574</ele>
				<time>2025-11-14T19:37:19Z</time>
			</trkpt>
			<trkpt lat="35.42596029164826" lon="-83.60348811016921">
				<ele>543.2096522608772</ele>
				<time>2025-11-14T19:37:21Z</time>
			</trkpt>
			<trkpt lat="35.42598618786701" lon="-83.60352854273403">
				<ele>543.5565933082253</ele>
				<time>2025-11-14T19:37:23Z</time>
			</trkpt>
			<trkpt lat="35.42599692206072" lon="-83.60354637895247">
				<ele>543.3751881550997</ele>
				<time>2025-11-14T19:37:24Z</time>
			</trkpt>
			<trkpt lat="35.42600361808454" lon="-83.60357443119561">
				<ele>544.4236546037719</ele>
				<time>2025-11-14T19:37:25Z</time>
			</trkpt>
			<trkpt lat="35.426016433076796" lon="-83.6036153397139">
				<ele>543.4859664933756</ele>
				<time>2025-11-14T19:37:27Z</time>
			</trkpt>
			<trkpt lat="35.42601782605979" lon="-83.60364437871674">
				<ele>543.9712127782404</ele>
				<time>2025-11-14T19:37:28Z</time>
			</trkpt>
			<trkpt lat="35.42601658921811" lon="-83.60366735916787">
				<ele>542.320711045526</ele>
				<time>2025-11-14T19:37:29Z</time>
			</trkpt>
			<trkpt lat="35.42601783026009" lon="-83.60368973313619">
				<ele>544.1681237956509</ele>
				<time>2025-11-14T19:37:30Z</time>
			</trkpt>
			<trkpt lat="35.42602441589667" lon="-83.60372019893268">
				<ele>542.7889899611473</ele>
				<time>2025-11-14T19:37:31Z</time>
			</trkpt>
			<trkpt lat="35.42602353925226" lon="-83.60374864320369">
				<ele>542.6476595643908</ele>
				<time>2025-11-14T19:37:32Z</time>
			</trkpt>
			<trkpt lat="35.42602477714612" lon="-83.60378306948387">
				<ele>544.9407347459346</ele>
				<time>2025-11-14T19:37:33Z</time>
			</trkpt>
			<trkpt lat="35.426028351032244" lon="-83.60380726172316">
				<ele>543.1825086502358</ele>
				<time>2025-11-14T19:37:34Z</time>
			</trkpt>
			<trkpt lat="35.42603504349358" lon="-83.60383924188072">
				<ele>542.6002830825746</ele>
				<time>2025-11-14T19:37:35Z</time>
			</trkpt>
			<trkpt lat="35.42603953065243" lon="-83.60386179071828">
				<ele>541.9996508779004</ele>
				<time>2025-11-14T19:37:36Z</time>
			</trkpt>
			<trkpt lat="35.42604555400865" lon="-83.60389577184544">
				<ele>541.5878742290661</ele>
				<time>2025-11-14T19:37:37Z</time>
			</trkpt>
			<trkpt lat="35.42605348806377" lon="-83.60394305297214">
				<ele>541.785484011285</ele>
				<time>2025-11-14T19:37:39Z</time>
			</trkpt>
			<trkpt lat="35.42606775820117" lon="-83.60399304072129">
				<ele>542.1392140090466</ele>
				<time>2025-11-14T19:37:41Z</time>
			</trkpt>
			<trkpt lat="35.426072952395785" lon="-83.60404381192053">
				<ele>541.9863588204607</ele>
				<time>2025-11-14T19:37:43Z</time>
			</trkpt>
			<trkpt lat="35.42607526569722" lon="-83.60409237371049">
				<ele>543.0639230106026</ele>
				<time>2025-11-14T19:37:45Z</time>
			</trkpt>
			<trkpt lat="35.42607747193688" lon="-83.60413868789546">
				<ele>543.0085856188089</ele>
				<time>2025-11-14T19:37:47Z</time>
			</trkpt>
			<trkpt lat="35.426078776585214" lon="-83.60416280131105">
				<ele>543.827447572723</ele>
				<time>2025-11-14T19:37:48Z</time>
			</trkpt>
			<trkpt lat="35.4260814868513" lon="-83.60418793284589">
				<ele>543.3913160096854</ele>
				<time>2025-11-14T19:37:49Z</time>
			</trkpt>
			<trkpt lat="35.42608456228394" lon="-83.60421466400165">
				<ele>544.1580558987334</ele>
				<time>2025-11-14T19:37:50Z</time>
			</trkpt>
			<trkpt lat="35.426087722366326" lon="-83.60423746523897">
				<ele>545.1128787919879</ele>
				<time>2025-11-14T19:37:51Z</time>
			</trkpt>
			<trkpt lat="35.426091488161646" lon="-83.60426263176039">
				<ele>546.0358289331198</ele>
				<time>2025-11-14T19:37:52Z</time>
			</trkpt>
			<trkpt lat="35.426096261312" lon="-83.60429089874624">
				<ele>545.7883046846837</ele>
				<time>2025-11-14T19:37:53Z</time>
			</trkpt>
			<trkpt lat="35.426103774463066" lon="-83.60432343336115">
				<ele>544.9060156792402</ele>
				<time>2025-11-14T19:37:54Z</time>
			</trkpt>
			<trkpt lat="35.42610978608446" lon="-83.60434822645132">
				<ele>546.3732768623158</ele>
				<time>2025-11-14T19:37:55Z</time>
			</trkpt>
			<trkpt lat="35.42611742895934" lon="-83.6043767895673">
				<ele>546.2065962525085</ele>
				<time>2025-11-14T19:37:56Z</time>
			</trkpt>
			<trkpt lat="35.426123418243705" lon="-83.60439840769158">
				<ele>545.9119644854218</ele>
				<time>2025-11-14T19:37:57Z</time>
			</trkpt>
			<trkpt lat="35.42612982308004" lon="-83.60442152575388">
				<ele>546.4980252431706</ele>
				<time>2025-11-14T19:37:58Z</time>
			</trkpt>
			<trkpt lat="35.426140266563536" lon="-83.60445922119352">
				<ele>547.7262059468776</ele>
				<time>2025-11-14T19:38:00Z</time>
			</trkpt>
			<trkpt lat="35.42615341387957" lon="-83.60450055153945">
				<ele>547.202606796287</ele>
				<time>2025-11-14T19:38:02Z</time>
			</trkpt>
			<trkpt lat="35.426164167727016" lon="-83.6045319119854">
				<ele>548.6110351225361</ele>
				<time>2025-11-14T19:38:04Z</time>
			</trkpt>
			<trkpt lat="35.426172019968256" lon="-83.6045518761457">
				<ele>546.8135520806536</ele>
				<time>2025-11-14T19:38:05Z</time>
			</trkpt>
			<trkpt lat="35.426184828797005" lon="-83.60458393163846">
				<ele>547.8602946661413</ele>
				<time>2025-11-14T19:38:07Z</time>
			</trkpt>
			<trkpt lat="35.42619702425675" lon="-83.60461279899135">
				<ele>547.5619050078094</ele>
				<time>2025-11-14T19:38:09Z</time>
			</trkpt>
			<trkpt lat="35.42620749279244" lon="-83.60463507652027">
				<ele>545.7125152163208</ele>
				<time>2025-11-14T19:38:10Z</time>
			</trkpt>
			<trkpt lat="35.42621843159469" lon="-83.6046557908313">
				<ele>546.8971745390445</ele>
				<time>2025-11-14T19:38:12Z</time>
			</trkpt>
			<trkpt lat="35.42623062895713" lon="-83.60467843399483">
				<ele>548.1909081116319</ele>
				<time>2025-11-14T19:38:14Z</time>
			</trkpt>
			<trkpt lat="35.42625256103833" lon="-83.60471642052806">
				<ele>546.4350961679593</ele>
				<time>2025-11-14T19:38:16Z</time>
			</trkpt>
			<trkpt lat="35.426266032177935" lon="-83.60473635103263">
				<ele>547.5825444823131</ele>
				<time>2025-11-14T19:38:18Z</time>
			</trkpt>
			<trkpt lat="35.426287512984466" lon="-83.60475509985784">
				<ele>547.8070119405165</ele>
				<time>2025-11-14T19:38:20Z</time>
			</trkpt>
			<trkpt lat="35.426319340503426" lon="-83.60475972187568">
				<ele>547.8528045928106</ele>
				<time>2025-11-14T19:38:23Z</time>
			</trkpt>
			<trkpt lat="35.42633555798712" lon="-83.60474190158223">
				<ele>546.3735304391012</ele>
				<time>2025-11-14T19:38:27Z</time>
			</trkpt>
			<trkpt lat="35.42635443551724" lon="-83.60472550212873">
				<ele>546.7526568453759</ele>
				<time>2025-11-14T19:38:33Z</time>
			</trkpt>
			<trkpt lat="35.426372259185" lon="-83.60472064682854">
				<ele>546.1579108014703</ele>
				<time>2025-11-14T19:38:35Z</time>
			</trkpt>
			<trkpt lat="35.42637448873821" lon="-83.60469857587381">
				<ele>546.2554432377219</ele>
				<time>2025-11-14T19:38:44Z</time>
			</trkpt>
			<trkpt lat="35.42637380014008" lon="-83.6046761372207">
				<ele>547.1646987581626</ele>
				<time>2025-11-14T19:38:49Z</time>
			</trkpt>
			<trkpt lat="35.42636686250395" lon="-83.60469715580021">
				<ele>547.8807882936671</ele>
				<time>2025-11-14T19:38:55Z</time>
			</trkpt>
			<trkpt lat="35.426364634538515" lon="-83.60472130026957">
				<ele>548.315645718947</ele>
				<time>2025-11-14T19:39:05Z</time>
			</trkpt>
			<trkpt lat="35.42636942768163" lon="-83.60474694913137">
				<ele>549.6880230139941</ele>
				<time>2025-11-14T19:39:15Z</time>
			</trkpt>
			<trkpt lat="35.42637279440803" lon="-83.60471700079303">
				<ele>547.7637549126521</ele>
				<time>2025-11-14T19:39:42Z</time>
			</trkpt>
			<trkpt lat="35.4263574243585" lon="-83.60470486216978">
				<ele>547.7454694705084</ele>
				<time>2025-11-14T19:39:44Z</time>
			</trkpt>
			<trkpt lat="35.42634353971701" lon="-83.60468828579565">
				<ele>549.307690160349</ele>
				<time>2025-11-14T19:39:46Z</time>
			</trkpt>
			<trkpt lat="35.42633682131238" lon="-83.60466607905468">
				<ele>548.8541505280882</ele>
				<time>2025-11-14T19:39:47Z</time>
			</trkpt>
			<trkpt lat="35.42632892256667" lon="-83.60463875262792">
				<ele>548.0117150330916</ele>
				<time>2025-11-14T19:39:48Z</time>
			</trkpt>
			<trkpt lat="35.42632053173943" lon="-83.60460356205343">
				<ele>548.5736826611683</ele>
				<time>2025-11-14T19:39:49Z</time>
			</trkpt>
			<trkpt lat="35.42631681522354" lon="-83.60456113404094">
				<ele>548.6412512538955</ele>
				<time>2025-11-14T19:39:50Z</time>
			</trkpt>
			<trkpt lat="35.426304065952046" lon="-83.60451909456323">
				<ele>549.3610990960151</ele>
				<time>2025-11-14T19:39:51Z</time>
			</trkpt>
			<trkpt lat="35.42629751602117" lon="-83.60447830714288">
				<ele>550.183674544096</ele>
				<time>2025-11-14T19:39:52Z</time>
			</trkpt>
			<trkpt lat="35.426291807229994" lon="-83.60444018309788">
				<ele>551.2238084711134</ele>
				<time>2025-11-14T19:39:53Z</time>
			</trkpt>
			<trkpt lat="35.426289498523744" lon="-83.60440069826653">
				<ele>551.7717172950506</ele>
				<time>2025-11-14T19:39:54Z</time>
			</trkpt>
			<trkpt lat="35.42628493172437" lon="-83.60435513514558">
				<ele>551.5539156431332</ele>
				<time>2025-11-14T19:39:55Z</time>
			</trkpt>
			<trkpt lat="35.426276593300976" lon="-83.60431404867084">
				<ele>551.4405031474307</ele>
				<time>2025-11-14T19:39:56Z</time>
			</trkpt>
			<trkpt lat="35.42625986708201" lon="-83.60424737880852">
				<ele>550.8830660916865</ele>
				<time>2025-11-14T19:39:57Z</time>
			</trkpt>
			<trkpt lat="35.42624209600652" lon="-83.6041856568495">
				<ele>551.2833387330174</ele>
				<time>2025-11-14T19:39:58Z</time>
			</trkpt>
			<trkpt lat="35.42620643305934" lon="-83.60409605841116">
				<ele>551.3086269451305</ele>
				<time>2025-11-14T19:39:59Z</time>
			</trkpt>
			<trkpt lat="35.4261826300418" lon="-83.60401525221938">
				<ele>550.8904466843233</ele>
				<time>2025-11-14T19:40:00Z</time>
			</trkpt>
			<trkpt lat="35.42616084844424" lon="-83.60394680724555">
				<ele>551.4403319275007</ele>
				<time>2025-11-14T19:40:01Z</time>
			</trkpt>
			<trkpt lat="35.42613996080653" lon="-83.60390051723499">
				<ele>551.1604135027155</ele>
				<time>2025-11-14T19:40:02Z</time>
			</trkpt>
			<trkpt lat="35.426129682215524" lon="-83.6038629756518">
				<ele>551.775168989785</ele>
				<time>2025-11-14T19:40:03Z</time>
			</trkpt>
			<trkpt lat="35.42611724494383" lon="-83.60382567227359">
				<ele>550.7365131331608</ele>
				<time>2025-11-14T19:40:04Z</time>
			</trkpt>
			<trkpt lat="35.42610914577566" lon="-83.60379388817468">
				<ele>550.7140010641888</ele>
				<time>2025-11-14T19:40:05Z</time>
			</trkpt>
			<trkpt lat="35.426097148274195" lon="-83.60376399742587">
				<ele>551.397946135141</ele>
				<time>2025-11-14T19:40:06Z</time>
			</trkpt>
			<trkpt lat="35.42607808085851" lon="-83.60373570947158">
				<ele>551.7584215085953</ele>
				<time>2025-11-14T19:40:07Z</time>
			</trkpt>
			<trkpt lat="35.42606635343199" lon="-83.60370523727997">
				<ele>550.7185518899933</ele>
				<time>2025-11-14T19:40:08Z</time>
			</trkpt>
			<trkpt lat="35.42605600417269" lon="-83.60368315246612">
				<ele>551.8261800864711</ele>
				<time>2025-11-14T19:40:09Z</time>
			</trkpt>
			<trkpt lat="35.42604749599991" lon="-83.6036483043668">
				<ele>550.5267369374633</ele>
				<time>2025-11-14T19:40:10Z</time>
			</trkpt>
			<trkpt lat="35.42602894928002" lon="-83.60361464380486">
				<ele>551.6305263964459</ele>
				<time>2025-11-14T19:40:11Z</time>
			</trkpt>
			<trkpt lat="35.42600827280448" lon="-83.60357462499545">
				<ele>552.8092677555978</ele>
				<time>2025-11-14T19:40:12Z</time>
			</trkpt>
			<trkpt lat="35.4259997169043" lon="-83.60352588921785">
				<ele>552.6540898811072</ele>
				<time>2025-11-14T19:40:13Z</time>
			</trkpt>
			<trkpt lat="35.42599305190397" lon="-83.60347326417248">
				<ele>553.4378557940945</ele>
				<time>2025-11-14T19:40:14Z</time>
			</trkpt>
			<trkpt lat="35.425983943643345" lon="-83.60342660547155">
				<ele>553.5541643099859</ele>
				<time>2025-11-14T19:40:15Z</time>
			</trkpt>
			<trkpt lat="35.4259872455119" lon="-83.60336298087769">
				<ele>550.6551492577419</ele>
				<time>2025-11-14T19:40:16Z</time>
			</trkpt>
			<trkpt lat="35.425987788511726" lon="-83.60331441087415">
				<ele>550.9832047866657</ele>
				<time>2025-11-14T19:40:17Z</time>
			</trkpt>
			<trkpt lat="35.42598723194494" lon="-83.60326728595028">
				<ele>550.0946500767022</ele>
				<time>2025-11-14T19:40:18Z</time>
			</trkpt>
			<trkpt lat="35.425983707478814" lon="-83.6032268582368">
				<ele>549.1049585267901</ele>
				<time>2025-11-14T19:40:19Z</time>
			</trkpt>
			<trkpt lat="35.425985507421586" lon="-83.60317869515508">
				<ele>548.4313554922119</ele>
				<time>2025-11-14T19:40:20Z</time>
			</trkpt>
			<trkpt lat="35.42597303370267" lon="-83.60311672763102">
				<ele>548.7191249001771</ele>
				<time>2025-11-14T19:40:22Z</time>
			</trkpt>
			<trkpt lat="35.425964031955374" lon="-83.60306352300151">
				<ele>548.848605944775</ele>
				<time>2025-11-14T19:40:24Z</time>
			</trkpt>
			<trkpt lat="35.42595051079042" lon="-83.60300350323453">
				<ele>548.8229725761339</ele>
				<time>2025-11-14T19:40:26Z</time>
			</trkpt>
			<trkpt lat="35.425939147175356" lon="-83.60296021713773">
				<ele>549.0868684258312</ele>
				<time>2025-11-14T19:40:28Z</time>
			</trkpt>
			<trkpt lat="35.42592338752487" lon="-83.60291088885504">
				<ele>548.9180600428954</ele>
				<time>2025-11-14T19:40:30Z</time>
			</trkpt>
			<trkpt lat="35.425915661325774" lon="-83.60288790067113">
				<ele>549.5605508219451</ele>
				<time>2025-11-14T19:40:31Z</time>
			</trkpt>
			<trkpt lat="35.425905583609634" lon="-83.60285791590519">
				<ele>549.5794914700091</ele>
				<time>2025-11-14T19:40:32Z</time>
			</trkpt>
			<trkpt lat="35.42589655672766" lon="-83.60283271002025">
				<ele>549.2194576375186</ele>
				<time>2025-11-14T19:40:33Z</time>
			</trkpt>
			<trkpt lat="35.4258841578372" lon="-83.60280129694776">
				<ele>550.0767251793295</ele>
				<time>2025-11-14T19:40:34Z</time>
			</trkpt>
			<trkpt lat="35.42587598115355" lon="-83.60278058100921">
				<ele>550.4747940292582</ele>
				<time>2025-11-14T19:40:35Z</time>
			</trkpt>
			<trkpt lat="35.42586353898859" lon="-83.60275101395725">
				<ele>549.1478194361553</ele>
				<time>2025-11-14T19:40:36Z</time>
			</trkpt>
			<trkpt lat="35.425848874926174" lon="-83.6027194588803">
				<ele>549.6357366098091</ele>
				<time>2025-11-14T19:40:37Z</time>
			</trkpt>
			<trkpt lat="35.425838021936706" lon="-83.60269610477096">
				<ele>551.9624234437943</ele>
				<time>2025-11-14T19:40:38Z</time>
			</trkpt>
			<trkpt lat="35.4258255086264" lon="-83.60267108767883">
				<ele>551.4028269713745</ele>
				<time>2025-11-14T19:40:39Z</time>
			</trkpt>
			<trkpt lat="35.425809700156655" lon="-83.60264027816974">
				<ele>551.017272814177</ele>
				<time>2025-11-14T19:40:40Z</time>
			</trkpt>
			<trkpt lat="35.42579645572174" lon="-83.6026148139932">
				<ele>551.7729024132714</ele>
				<time>2025-11-14T19:40:41Z</time>
			</trkpt>
			<trkpt lat="35.42578396134057" lon="-83.60259244810764">
				<ele>551.9490600731224</ele>
				<time>2025-11-14T19:40:42Z</time>
			</trkpt>
			<trkpt lat="35.425767660511916" lon="-83.60256578322995">
				<ele>551.827308091335</ele>
				<time>2025-11-14T19:40:43Z</time>
			</trkpt>
			<trkpt lat="35.42574409408797" lon="-83.60253332164513">
				<ele>552.082263385877</ele>
				<time>2025-11-14T19:40:45Z</time>
			</trkpt>
			<trkpt lat="35.42572760400597" lon="-83.60251308635432">
				<ele>552.5794446077198</ele>
				<time>2025-11-14T19:40:47Z</time>
			</trkpt>
			<trkpt lat="35.425709240898165" lon="-83.60249536450284">
				<ele>552.7604696592316</ele>
				<time>2025-11-14T19:40:48Z</time>
			</trkpt>
			<trkpt lat="35.42566964183645" lon="-83.60247614386857">
				<ele>553.5344508169219</ele>
				<time>2025-11-14T19:40:49Z</time>
			</trkpt>
			<trkpt lat="35.425640074552405" lon="-83.60247069289717">
				<ele>553.9284471953288</ele>
				<time>2025-11-14T19:40:51Z</time>
			</trkpt>
			<trkpt lat="35.42561329581555" lon="-83.60246677644315">
				<ele>553.6704428074881</ele>
				<time>2025-11-14T19:40:53Z</time>
			</trkpt>
			<trkpt lat="35.425590564572396" lon="-83.60246345194933">
				<ele>553.0667101629078</ele>
				<time>2025-11-14T19:40:54Z</time>
			</trkpt>
			<trkpt lat="35.42557143800707" lon="-83.60245807696364">
				<ele>553.5851387623698</ele>
				<time>2025-11-14T19:40:55Z</time>
			</trkpt>
			<trkpt lat="35.425536845983196" lon="-83.60244209407696">
				<ele>552.8841706048697</ele>
				<time>2025-11-14T19:40:57Z</time>
			</trkpt>
			<trkpt lat="35.425510112235656" lon="-83.60242285105532">
				<ele>553.4773926008493</ele>
				<time>2025-11-14T19:40:59Z</time>
			</trkpt>
			<trkpt lat="35.42547756307344" lon="-83.60239590053122">
				<ele>554.6041293637827</ele>
				<time>2025-11-14T19:41:01Z</time>
			</trkpt>
			<trkpt lat="35.425456345623665" lon="-83.6023810251065">
				<ele>554.9691950213164</ele>
				<time>2025-11-14T19:41:02Z</time>
			</trkpt>
			<trkpt lat="35.42543625952333" lon="-83.60236713642531">
				<ele>554.8749788692221</ele>
				<time>2025-11-14T19:41:03Z</time>
			</trkpt>
			<trkpt lat="35.425419317401975" lon="-83.60235112890688">
				<ele>555.5089228563011</ele>
				<time>2025-11-14T19:41:04Z</time>
			</trkpt>
			<trkpt lat="35.42540086705357" lon="-83.60233369636445">
				<ele>556.1013054689392</ele>
				<time>2025-11-14T19:41:05Z</time>
			</trkpt>
			<trkpt lat="35.425373839576146" lon="-83.6023115462836">
				<ele>557.1960573922843</ele>
				<time>2025-11-14T19:41:06Z</time>
			</trkpt>
			<trkpt lat="35.42534998228003" lon="-83.60229382412231">
				<ele>557.8091267924756</ele>
				<time>2025-11-14T19:41:07Z</time>
			</trkpt>
			<trkpt lat="35.425332903745606" lon="-83.60228263221207">
				<ele>558.1145093850791</ele>
				<time>2025-11-14T19:41:08Z</time>
			</trkpt>
			<trkpt lat="35.425308610307205" lon="-83.6022679412484">
				<ele>557.588671721518</ele>
				<time>2025-11-14T19:41:09Z</time>
			</trkpt>
			<trkpt lat="35.425285434691176" lon="-83.60225679031659">
				<ele>557.7338123014197</ele>
				<time>2025-11-14T19:41:10Z</time>
			</trkpt>
			<trkpt lat="35.42526696590737" lon="-83.60224225768418">
				<ele>557.838659601286</ele>
				<time>2025-11-14T19:41:12Z</time>
			</trkpt>
			<trkpt lat="35.42524552006731" lon="-83.60222983594385">
				<ele>558.6059480421245</ele>
				<time>2025-11-14T19:41:14Z</time>
			</trkpt>
			<trkpt lat="35.425234625033404" lon="-83.60221209813658">
				<ele>558.7539961682633</ele>
				<time>2025-11-14T19:41:22Z</time>
			</trkpt>
			<trkpt lat="35.425208647409946" lon="-83.60219784252095">
				<ele>560.5675937347114</ele>
				<time>2025-11-14T19:41:24Z</time>
			</trkpt>
			<trkpt lat="35.42517718636814" lon="-83.60218651797734">
				<ele>559.1597845293581</ele>
				<time>2025-11-14T19:41:26Z</time>
			</trkpt>
			<trkpt lat="35.425156625893905" lon="-83.60217857589022">
				<ele>559.204997501336</ele>
				<time>2025-11-14T19:41:27Z</time>
			</trkpt>
			<trkpt lat="35.425125291260656" lon="-83.60217281942883">
				<ele>559.0019286898896</ele>
				<time>2025-11-14T19:41:28Z</time>
			</trkpt>
			<trkpt lat="35.42508478971507" lon="-83.6021608360605">
				<ele>560.0449674781412</ele>
				<time>2025-11-14T19:41:29Z</time>
			</trkpt>
			<trkpt lat="35.4250500293549" lon="-83.60215128747593">
				<ele>559.2794193867594</ele>
				<time>2025-11-14T19:41:30Z</time>
			</trkpt>
			<trkpt lat="35.425007264988736" lon="-83.60214176610637">
				<ele>559.7923159971833</ele>
				<time>2025-11-14T19:41:31Z</time>
			</trkpt>
			<trkpt lat="35.42496985880023" lon="-83.6021252895673">
				<ele>559.6271756635979</ele>
				<time>2025-11-14T19:41:32Z</time>
			</trkpt>
			<trkpt lat="35.42493406859747" lon="-83.60210115642825">
				<ele>559.9527520863339</ele>
				<time>2025-11-14T19:41:33Z</time>
			</trkpt>
			<trkpt lat="35.42489294427558" lon="-83.60207155931873">
				<ele>560.6152135888115</ele>
				<time>2025-11-14T19:41:34Z</time>
			</trkpt>
			<trkpt lat="35.424853995151636" lon="-83.60204034525745">
				<ele>561.0533173102885</ele>
				<time>2025-11-14T19:41:35Z</time>
			</trkpt>
			<trkpt lat="35.42482240638632" lon="-83.60201287301123">
				<ele>561.4821914508939</ele>
				<time>2025-11-14T19:41:36Z</time>
			</trkpt>
			<trkpt lat="35.42479069839553" lon="-83.60198424689663">
				<ele>562.2145344968885</ele>
				<time>2025-11-14T19:41:37Z</time>
			</trkpt>
			<trkpt lat="35.424765377379956" lon="-83.60195778382042">
				<ele>563.0533454110846</ele>
				<time>2025-11-14T19:41:38Z</time>
			</trkpt>
			<trkpt lat="35.42473954772834" lon="-83.60193032671283">
				<ele>563.3936876719818</ele>
				<time>2025-11-14T19:41:39Z</time>
			</trkpt>
			<trkpt lat="35.4247240962192" lon="-83.60191222727703">
				<ele>565.0027020378038</ele>
				<time>2025-11-14T19:41:40Z</time>
			</trkpt>
			<trkpt lat="35.42470663961" lon="-83.60189130269193">
				<ele>566.4025416048244</ele>
				<time>2025-11-14T19:41:41Z</time>
			</trkpt>
			<trkpt lat="35.424688383069544" lon="-83.60186925717207">
				<ele>568.3164487695321</ele>
				<time>2025-11-14T19:41:42Z</time>
			</trkpt>
			<trkpt lat="35.424675512116195" lon="-83.6018526734757">
				<ele>566.4922847412527</ele>
				<time>2025-11-14T19:41:43Z</time>
			</trkpt>
			<trkpt lat="35.424655427866895" lon="-83.60182259388348">
				<ele>564.7475808281451</ele>
				<time>2025-11-14T19:41:44Z</time>
			</trkpt>
			<trkpt lat="35.42464040158505" lon="-83.60179782198782">
				<ele>565.4059153823182</ele>
				<time>2025-11-14T19:41:45Z</time>
			</trkpt>
			<trkpt lat="35.42461495486406" lon="-83.60175360403036">
				<ele>564.5124665992334</ele>
				<time>2025-11-14T19:41:46Z</time>
			</trkpt>
			<trkpt lat="35.42458462099076" lon="-83.60168659028348">
				<ele>564.9273098921403</ele>
				<time>2025-11-14T19:41:48Z</time>
			</trkpt>
			<trkpt lat="35.42457622685592" lon="-83.60166682241356">
				<ele>565.253554158844</ele>
				<time>2025-11-14T19:41:49Z</time>
			</trkpt>
			<trkpt lat="35.424562631477926" lon="-83.60163077624404">
				<ele>566.4834648827091</ele>
				<time>2025-11-14T19:41:50Z</time>
			</trkpt>
			<trkpt lat="35.42455513641405" lon="-83.6016078976149">
				<ele>565.8579873889685</ele>
				<time>2025-11-14T19:41:51Z</time>
			</trkpt>
			<trkpt lat="35.424545071023495" lon="-83.60157499347605">
				<ele>566.4485686291009</ele>
				<time>2025-11-14T19:41:52Z</time>
			</trkpt>
			<trkpt lat="35.424536513948546" lon="-83.60154659993928">
				<ele>566.148483700119</ele>
				<time>2025-11-14T19:41:53Z</time>
			</trkpt>
			<trkpt lat="35.42452391752814" lon="-83.60149464998123">
				<ele>565.8657859768718</ele>
				<time>2025-11-14T19:41:54Z</time>
			</trkpt>
			<trkpt lat="35.42451527780564" lon="-83.60144229569194">
				<ele>565.542692813091</ele>
				<time>2025-11-14T19:41:55Z</time>
			</trkpt>
			<trkpt lat="35.42451294170445" lon="-83.60140320108799">
				<ele>565.3341191383079</ele>
				<time>2025-11-14T19:41:56Z</time>
			</trkpt>
			<trkpt lat="35.424512941706205" lon="-83.60137096334958">
				<ele>565.596759788692</ele>
				<time>2025-11-14T19:41:57Z</time>
			</trkpt>
			<trkpt lat="35.42451454845935" lon="-83.60133774783505">
				<ele>565.3443187391385</ele>
				<time>2025-11-14T19:41:58Z</time>
			</trkpt>
			<trkpt lat="35.424516090330535" lon="-83.60130981398967">
				<ele>565.7676393734291</ele>
				<time>2025-11-14T19:41:59Z</time>
			</trkpt>
			<trkpt lat="35.42451742164934" lon="-83.60128569477206">
				<ele>566.9860931029543</ele>
				<time>2025-11-14T19:42:00Z</time>
			</trkpt>
			<trkpt lat="35.42450966817711" lon="-83.60124118342675">
				<ele>566.6338305762038</ele>
				<time>2025-11-14T19:42:02Z</time>
			</trkpt>
			<trkpt lat="35.42449744677487" lon="-83.60120771936623">
				<ele>565.7699834946543</ele>
				<time>2025-11-14T19:42:03Z</time>
			</trkpt>
			<trkpt lat="35.42447794485339" lon="-83.60116373765597">
				<ele>564.9841767698526</ele>
				<time>2025-11-14T19:42:04Z</time>
			</trkpt>
			<trkpt lat="35.42444123522293" lon="-83.60109810748781">
				<ele>565.2048859028146</ele>
				<time>2025-11-14T19:42:05Z</time>
			</trkpt>
			<trkpt lat="35.424396183175325" lon="-83.60106202502087">
				<ele>566.4273000452667</ele>
				<time>2025-11-14T19:42:06Z</time>
			</trkpt>
			<trkpt lat="35.424351173108946" lon="-83.6010437288147">
				<ele>566.9982613744214</ele>
				<time>2025-11-14T19:42:07Z</time>
			</trkpt>
			<trkpt lat="35.42432324084052" lon="-83.60103746402547">
				<ele>566.5592295778915</ele>
				<time>2025-11-14T19:42:08Z</time>
			</trkpt>
			<trkpt lat="35.42430898938854" lon="-83.60101005685044">
				<ele>566.4498038729653</ele>
				<time>2025-11-14T19:42:09Z</time>
			</trkpt>
			<trkpt lat="35.424297604165695" lon="-83.60098691370257">
				<ele>568.3548000110313</ele>
				<time>2025-11-14T19:42:10Z</time>
			</trkpt>
			<trkpt lat="35.424288519992494" lon="-83.60096325817676">
				<ele>565.8790431739762</ele>
				<time>2025-11-14T19:42:11Z</time>
			</trkpt>
			<trkpt lat="35.42427959497832" lon="-83.60093928000435">
				<ele>565.333401764743</ele>
				<time>2025-11-14T19:42:12Z</time>
			</trkpt>
			<trkpt lat="35.42426412026864" lon="-83.60090714793267">
				<ele>566.1205728761852</ele>
				<time>2025-11-14T19:42:13Z</time>
			</trkpt>
			<trkpt lat="35.42424299976882" lon="-83.60086934511111">
				<ele>565.5420599039644</ele>
				<time>2025-11-14T19:42:14Z</time>
			</trkpt>
			<trkpt lat="35.42422401865998" lon="-83.60083537150206">
				<ele>565.4232049630955</ele>
				<time>2025-11-14T19:42:15Z</time>
			</trkpt>
			<trkpt lat="35.42420017688937" lon="-83.6007926979754">
				<ele>565.4125136006624</ele>
				<time>2025-11-14T19:42:16Z</time>
			</trkpt>
			<trkpt lat="35.4241751840437" lon="-83.60075278485229">
				<ele>566.6107811424881</ele>
				<time>2025-11-14T19:42:17Z</time>
			</trkpt>
			<trkpt lat="35.42414642213746" lon="-83.60071040465314">
				<ele>565.3934146370739</ele>
				<time>2025-11-14T19:42:18Z</time>
			</trkpt>
			<trkpt lat="35.424121476765585" lon="-83.60067523232358">
				<ele>566.2619751626626</ele>
				<time>2025-11-14T19:42:19Z</time>
			</trkpt>
			<trkpt lat="35.42410016507494" lon="-83.60064961520874">
				<ele>567.0587385008112</ele>
				<time>2025-11-14T19:42:20Z</time>
			</trkpt>
			<trkpt lat="35.424081742447434" lon="-83.60062675542332">
				<ele>566.9620315087959</ele>
				<time>2025-11-14T19:42:21Z</time>
			</trkpt>
			<trkpt lat="35.42407068957793" lon="-83.60060574048491">
				<ele>567.3566059367731</ele>
				<time>2025-11-14T19:42:22Z</time>
			</trkpt>
			<trkpt lat="35.42405220920899" lon="-83.60059010900461">
				<ele>566.9660425921902</ele>
				<time>2025-11-14T19:42:23Z</time>
			</trkpt>
			<trkpt lat="35.42403240783023" lon="-83.60056350434658">
				<ele>569.5827394155785</ele>
				<time>2025-11-14T19:42:24Z</time>
			</trkpt>
			<trkpt lat="35.42400943113556" lon="-83.60053757310074">
				<ele>569.7803276488557</ele>
				<time>2025-11-14T19:42:25Z</time>
			</trkpt>
			<trkpt lat="35.423986000383216" lon="-83.60050914930216">
				<ele>569.3432527147233</ele>
				<time>2025-11-14T19:42:26Z</time>
			</trkpt>
			<trkpt lat="35.42396599906527" lon="-83.60048488578694">
				<ele>568.905375235714</ele>
				<time>2025-11-14T19:42:27Z</time>
			</trkpt>
			<trkpt lat="35.42394369049777" lon="-83.60045782330563">
				<ele>569.0426294328645</ele>
				<time>2025-11-14T19:42:28Z</time>
			</trkpt>
			<trkpt lat="35.423915196562334" lon="-83.60042398838685">
				<ele>569.0982674378902</ele>
				<time>2025-11-14T19:42:29Z</time>
			</trkpt>
			<trkpt lat="35.42389232603816" lon="-83.60039716725953">
				<ele>569.9339527273551</ele>
				<time>2025-11-14T19:42:30Z</time>
			</trkpt>
			<trkpt lat="35.42387880069575" lon="-83.60038130561307">
				<ele>569.5224920595065</ele>
				<time>2025-11-14T19:42:31Z</time>
			</trkpt>
			<trkpt lat="35.423857576750066" lon="-83.60035641549345">
				<ele>569.5103420680389</ele>
				<time>2025-11-14T19:42:32Z</time>
			</trkpt>
			<trkpt lat="35.42383182235608" lon="-83.60032558254062">
				<ele>569.384697927162</ele>
				<time>2025-11-14T19:42:33Z</time>
			</trkpt>
			<trkpt lat="35.42381705419532" lon="-83.60030634172884">
				<ele>568.710724347271</ele>
				<time>2025-11-14T19:42:34Z</time>
			</trkpt>
			<trkpt lat="35.4237961337792" lon="-83.60027867757833">
				<ele>568.2363581834361</ele>
				<time>2025-11-14T19:42:35Z</time>
			</trkpt>
			<trkpt lat="35.42377710912037" lon="-83.60025028865505">
				<ele>569.1566342841834</ele>
				<time>2025-11-14T19:42:36Z</time>
			</trkpt>
			<trkpt lat="35.42376173624395" lon="-83.60022439443902">
				<ele>569.0972068989649</ele>
				<time>2025-11-14T19:42:37Z</time>
			</trkpt>
			<trkpt lat="35.42374637469765" lon="-83.60019330036087">
				<ele>569.1647469159216</ele>
				<time>2025-11-14T19:42:38Z</time>
			</trkpt>
			<trkpt lat="35.42373651872495" lon="-83.60016998104182">
				<ele>569.5940442159772</ele>
				<time>2025-11-14T19:42:39Z</time>
			</trkpt>
			<trkpt lat="35.42371337345868" lon="-83.60014403915986">
				<ele>569.2034223461524</ele>
				<time>2025-11-14T19:42:40Z</time>
			</trkpt>
			<trkpt lat="35.42371879428336" lon="-83.60012034934944">
				<ele>568.3201562520117</ele>
				<time>2025-11-14T19:42:41Z</time>
			</trkpt>
			<trkpt lat="35.423737372835205" lon="-83.6000953646268">
				<ele>568.0364311765879</ele>
				<time>2025-11-14T19:42:42Z</time>
			</trkpt>
			<trkpt lat="35.42377414254239" lon="-83.60009824747715">
				<ele>567.5641096383333</ele>
				<time>2025-11-14T19:42:43Z</time>
			</trkpt>
			<trkpt lat="35.423813794116704" lon="-83.60010406695538">
				<ele>568.9903588974848</ele>
				<time>2025-11-14T19:42:44Z</time>
			</trkpt>
			<trkpt lat="35.42385562654941" lon="-83.60010591814313">
				<ele>570.6751204477623</ele>
				<time>2025-11-14T19:42:45Z</time>
			</trkpt>
			<trkpt lat="35.42389027291738" lon="-83.60009500868799">
				<ele>570.0667960308492</ele>
				<time>2025-11-14T19:42:46Z</time>
			</trkpt>
			<trkpt lat="35.42392393096376" lon="-83.60008301712017">
				<ele>568.2985780965537</ele>
				<time>2025-11-14T19:42:47Z</time>
			</trkpt>
			<trkpt lat="35.42396294502714" lon="-83.60007503247935">
				<ele>569.3747347583994</ele>
				<time>2025-11-14T19:42:48Z</time>
			</trkpt>
			<trkpt lat="35.42401345461573" lon="-83.60006257865366">
				<ele>568.9483248936012</ele>
				<time>2025-11-14T19:42:49Z</time>
			</trkpt>
			<trkpt lat="35.424060730084456" lon="-83.60003949125897">
				<ele>569.5916964691132</ele>
				<time>2025-11-14T19:42:50Z</time>
			</trkpt>
			<trkpt lat="35.42411601042719" lon="-83.60002546861907">
				<ele>570.0624358002096</ele>
				<time>2025-11-14T19:42:51Z</time>
			</trkpt>
			<trkpt lat="35.42414864068092" lon="-83.6000034276766">
				<ele>571.9863978736103</ele>
				<time>2025-11-14T19:42:52Z</time>
			</trkpt>
			<trkpt lat="35.424196977419626" lon="-83.59997664316728">
				<ele>571.7730146320537</ele>
				<time>2025-11-14T19:42:53Z</time>
			</trkpt>
			<trkpt lat="35.42422451552604" lon="-83.59994675511541">
				<ele>571.9870535163209</ele>
				<time>2025-11-14T19:42:54Z</time>
			</trkpt>
			<trkpt lat="35.424243270635344" lon="-83.59990946894666">
				<ele>569.0269268108532</ele>
				<time>2025-11-14T19:42:55Z</time>
			</trkpt>
			<trkpt lat="35.424269863360955" lon="-83.59986139442032">
				<ele>568.6650387831032</ele>
				<time>2025-11-14T19:42:56Z</time>
			</trkpt>
			<trkpt lat="35.42428636256801" lon="-83.59981214930842">
				<ele>565.9043588470668</ele>
				<time>2025-11-14T19:42:57Z</time>
			</trkpt>
			<trkpt lat="35.42428717091089" lon="-83.59975975549261">
				<ele>564.0850968575105</ele>
				<time>2025-11-14T19:42:58Z</time>
			</trkpt>
			<trkpt lat="35.424284023695755" lon="-83.59971222339175">
				<ele>562.5110537512228</ele>
				<time>2025-11-14T19:42:59Z</time>
			</trkpt>
			<trkpt lat="35.42428240128916" lon="-83.59966924941321">
				<ele>561.1953797554597</ele>
				<time>2025-11-14T19:43:00Z</time>
			</trkpt>
			<trkpt lat="35.42428031236618" lon="-83.59963007595586">
				<ele>559.3069164091721</ele>
				<time>2025-11-14T19:43:01Z</time>
			</trkpt>
			<trkpt lat="35.42428515340346" lon="-83.59959315283453">
				<ele>558.1375825461</ele>
				<time>2025-11-14T19:43:02Z</time>
			</trkpt>
			<trkpt lat="35.42428664045023" lon="-83.59955980958965">
				<ele>557.8807224882767</ele>
				<time>2025-11-14T19:43:03Z</time>
			</trkpt>
			<trkpt lat="35.42428711773376" lon="-83.59951931085797">
				<ele>558.5508954012766</ele>
				<time>2025-11-14T19:43:04Z</time>
			</trkpt>
			<trkpt lat="35.424283211669064" lon="-83.59948504352649">
				<ele>559.2943585552275</ele>
				<time>2025-11-14T19:43:05Z</time>
			</trkpt>
			<trkpt lat="35.42427881112713" lon="-83.599446034575">
				<ele>559.5834280978888</ele>
				<time>2025-11-14T19:43:06Z</time>
			</trkpt>
			<trkpt lat="35.42427391371724" lon="-83.59940915284332">
				<ele>559.5835356833413</ele>
				<time>2025-11-14T19:43:07Z</time>
			</trkpt>
			<trkpt lat="35.42426989260179" lon="-83.59937035673899">
				<ele>559.5392196746543</ele>
				<time>2025-11-14T19:43:08Z</time>
			</trkpt>
			<trkpt lat="35.42426682735977" lon="-83.5993252284768">
				<ele>558.6845855936408</ele>
				<time>2025-11-14T19:43:09Z</time>
			</trkpt>
			<trkpt lat="35.42425033555854" lon="-83.59924753406769">
				<ele>558.9458842463791</ele>
				<time>2025-11-14T19:43:10Z</time>
			</trkpt>
			<trkpt lat="35.42423691795559" lon="-83.5991827994078">
				<ele>558.5051136882976</ele>
				<time>2025-11-14T19:43:11Z</time>
			</trkpt>
			<trkpt lat="35.42423053106629" lon="-83.59912267959297">
				<ele>558.5247673224658</ele>
				<time>2025-11-14T19:43:12Z</time>
			</trkpt>
			<trkpt lat="35.42421247310453" lon="-83.59905252498685">
				<ele>558.4320481913164</ele>
				<time>2025-11-14T19:43:13Z</time>
			</trkpt>
			<trkpt lat="35.42419828650926" lon="-83.5989658549193">
				<ele>557.2416423698887</ele>
				<time>2025-11-14T19:43:14Z</time>
			</trkpt>
			<trkpt lat="35.42418048733456" lon="-83.59889631633429">
				<ele>556.7568765580654</ele>
				<time>2025-11-14T19:43:15Z</time>
			</trkpt>
			<trkpt lat="35.42416823243978" lon="-83.59882062890583">
				<ele>557.1990265101194</ele>
				<time>2025-11-14T19:43:16Z</time>
			</trkpt>
			<trkpt lat="35.42415066926317" lon="-83.59874690795579">
				<ele>557.6443987991661</ele>
				<time>2025-11-14T19:43:17Z</time>
			</trkpt>
			<trkpt lat="35.42412355800468" lon="-83.59867444408493">
				<ele>556.6646924512461</ele>
				<time>2025-11-14T19:43:18Z</time>
			</trkpt>
			<trkpt lat="35.424094694142504" lon="-83.59859859372094">
				<ele>556.861414837651</ele>
				<time>2025-11-14T19:43:19Z</time>
			</trkpt>
			<trkpt lat="35.4240722002454" lon="-83.59853775918597">
				<ele>556.6369397975504</ele>
				<time>2025-11-14T19:43:20Z</time>
			</trkpt>
			<trkpt lat="35.424040566920446" lon="-83.59849696445718">
				<ele>557.2750463960692</ele>
				<time>2025-11-14T19:43:21Z</time>
			</trkpt>
			<trkpt lat="35.42401507226744" lon="-83.598445690602">
				<ele>557.4837839119136</ele>
				<time>2025-11-14T19:43:22Z</time>
			</trkpt>
			<trkpt lat="35.42398573209732" lon="-83.59837573743924">
				<ele>556.6343874000013</ele>
				<time>2025-11-14T19:43:23Z</time>
			</trkpt>
			<trkpt lat="35.423960597859335" lon="-83.59832054811812">
				<ele>555.917118488811</ele>
				<time>2025-11-14T19:43:24Z</time>
			</trkpt>
			<trkpt lat="35.42394861915309" lon="-83.59827456091884">
				<ele>556.2319002551958</ele>
				<time>2025-11-14T19:43:25Z</time>
			</trkpt>
			<trkpt lat="35.42393336322522" lon="-83.59822282036632">
				<ele>556.2935872375965</ele>
				<time>2025-11-14T19:43:26Z</time>
			</trkpt>
			<trkpt lat="35.423925449796506" lon="-83.5981845238916">
				<ele>557.027638072148</ele>
				<time>2025-11-14T19:43:27Z</time>
			</trkpt>
			<trkpt lat="35.42392357746361" lon="-83.59815059714558">
				<ele>558.1422661868855</ele>
				<time>2025-11-14T19:43:28Z</time>
			</trkpt>
			<trkpt lat="35.42392582851913" lon="-83.59812497417794">
				<ele>559.2417796151713</ele>
				<time>2025-11-14T19:43:29Z</time>
			</trkpt>
			<trkpt lat="35.423967885047155" lon="-83.59810595226365">
				<ele>559.1904750829563</ele>
				<time>2025-11-14T19:43:31Z</time>
			</trkpt>
			<trkpt lat="35.42400151757178" lon="-83.59812047731516">
				<ele>559.5777001194656</ele>
				<time>2025-11-14T19:43:32Z</time>
			</trkpt>
			<trkpt lat="35.42404558378187" lon="-83.59814799743062">
				<ele>559.9235022189096</ele>
				<time>2025-11-14T19:43:33Z</time>
			</trkpt>
			<trkpt lat="35.424088382406126" lon="-83.59816389046686">
				<ele>560.2862807055935</ele>
				<time>2025-11-14T19:43:34Z</time>
			</trkpt>
			<trkpt lat="35.42412059309527" lon="-83.59818138336652">
				<ele>560.6311877379194</ele>
				<time>2025-11-14T19:43:35Z</time>
			</trkpt>
			<trkpt lat="35.424164902663534" lon="-83.59820653188152">
				<ele>560.3500460358337</ele>
				<time>2025-11-14T19:43:36Z</time>
			</trkpt>
			<trkpt lat="35.42421252054848" lon="-83.59821773715788">
				<ele>560.5920664845034</ele>
				<time>2025-11-14T19:43:37Z</time>
			</trkpt>
			<trkpt lat="35.42425403212132" lon="-83.59817667511943">
				<ele>559.1995224896818</ele>
				<time>2025-11-14T19:43:39Z</time>
			</trkpt>
			<trkpt lat="35.42427737478138" lon="-83.5981463679023">
				<ele>558.3922259928659</ele>
				<time>2025-11-14T19:43:40Z</time>
			</trkpt>
			<trkpt lat="35.424302544707686" lon="-83.59810747968918">
				<ele>556.9162451094016</ele>
				<time>2025-11-14T19:43:41Z</time>
			</trkpt>
			<trkpt lat="35.42432663253884" lon="-83.59807603879233">
				<ele>557.6144542163238</ele>
				<time>2025-11-14T19:43:42Z</time>
			</trkpt>
			<trkpt lat="35.42433995150857" lon="-83.5980558941786">
				<ele>557.0421294700354</ele>
				<time>2025-11-14T19:43:43Z</time>
			</trkpt>
			<trkpt lat="35.42436304701345" lon="-83.59800956671934">
				<ele>554.570856676437</ele>
				<time>2025-11-14T19:43:44Z</time>
			</trkpt>
			<trkpt lat="35.424382288502926" lon="-83.59799300297634">
				<ele>556.301619105041</ele>
				<time>2025-11-14T19:43:45Z</time>
			</trkpt>
			<trkpt lat="35.42440740093451" lon="-83.59796931759382">
				<ele>555.7877004137263</ele>
				<time>2025-11-14T19:43:46Z</time>
			</trkpt>
			<trkpt lat="35.42443311077683" lon="-83.59794116625778">
				<ele>553.7844554176554</ele>
				<time>2025-11-14T19:43:47Z</time>
			</trkpt>
			<trkpt lat="35.424466849244496" lon="-83.59791575093924">
				<ele>553.1287698531523</ele>
				<time>2025-11-14T19:43:48Z</time>
			</trkpt>
			<trkpt lat="35.424492908151976" lon="-83.59788966443571">
				<ele>554.0496196029708</ele>
				<time>2025-11-14T19:43:49Z</time>
			</trkpt>
			<trkpt lat="35.42452105068426" lon="-83.59787731913174">
				<ele>553.3575910357758</ele>
				<time>2025-11-14T19:43:50Z</time>
			</trkpt>
			<trkpt lat="35.42455077377539" lon="-83.59787898376844">
				<ele>554.3618989428505</ele>
				<time>2025-11-14T19:43:51Z</time>
			</trkpt>
			<trkpt lat="35.42456550615383" lon="-83.59790047230142">
				<ele>555.7048325063661</ele>
				<time>2025-11-14T19:43:52Z</time>
			</trkpt>
			<trkpt lat="35.424601272247116" lon="-83.59791556177913">
				<ele>556.3158423909917</ele>
				<time>2025-11-14T19:43:53Z</time>
			</trkpt>
			<trkpt lat="35.42464432315122" lon="-83.59791257966938">
				<ele>555.0592333087698</ele>
				<time>2025-11-14T19:43:55Z</time>
			</trkpt>
			<trkpt lat="35.424667551291776" lon="-83.59789974017771">
				<ele>554.5715974215418</ele>
				<time>2025-11-14T19:43:57Z</time>
			</trkpt>
			<trkpt lat="35.42468651492587" lon="-83.59791814506701">
				<ele>555.4619753230363</ele>
				<time>2025-11-14T19:44:00Z</time>
			</trkpt>
			<trkpt lat="35.42470060391131" lon="-83.59794075328749">
				<ele>554.7191638853401</ele>
				<time>2025-11-14T19:44:01Z</time>
			</trkpt>
			<trkpt lat="35.4247195069795" lon="-83.59795197871692">
				<ele>554.7749904002994</ele>
				<time>2025-11-14T19:44:02Z</time>
			</trkpt>
			<trkpt lat="35.424744198512215" lon="-83.59798137902875">
				<ele>554.4601603895426</ele>
				<time>2025-11-14T19:44:03Z</time>
			</trkpt>
			<trkpt lat="35.42475759167805" lon="-83.59801946112361">
				<ele>553.2054403517395</ele>
				<time>2025-11-14T19:44:04Z</time>
			</trkpt>
			<trkpt lat="35.424746798056425" lon="-83.59809702222772">
				<ele>552.2711026081815</ele>
				<time>2025-11-14T19:44:05Z</time>
			</trkpt>
			<trkpt lat="35.42474074586658" lon="-83.59812274937293">
				<ele>551.0244777323678</ele>
				<time>2025-11-14T19:44:07Z</time>
			</trkpt>
			<trkpt lat="35.42473631891008" lon="-83.59815252865067">
				<ele>550.6374185811728</ele>
				<time>2025-11-14T19:44:09Z</time>
			</trkpt>
			<trkpt lat="35.42473563598963" lon="-83.59818852900847">
				<ele>550.5546205779538</ele>
				<time>2025-11-14T19:44:11Z</time>
			</trkpt>
			<trkpt lat="35.4247407292462" lon="-83.59821310474359">
				<ele>550.1087721688673</ele>
				<time>2025-11-14T19:44:12Z</time>
			</trkpt>
			<trkpt lat="35.42473982905218" lon="-83.59823923899462">
				<ele>550.9286426138133</ele>
				<time>2025-11-14T19:44:15Z</time>
			</trkpt>
			<trkpt lat="35.42474974952078" lon="-83.59827858309026">
				<ele>548.4457371048629</ele>
				<time>2025-11-14T19:44:18Z</time>
			</trkpt>
			<trkpt lat="35.4247496584124" lon="-83.59831979719809">
				<ele>547.7958525018767</ele>
				<time>2025-11-14T19:44:20Z</time>
			</trkpt>
			<trkpt lat="35.424749658413035" lon="-83.59835887478232">
				<ele>547.7016799636185</ele>
				<time>2025-11-14T19:44:22Z</time>
			</trkpt>
			<trkpt lat="35.42475749394049" lon="-83.59840150469068">
				<ele>547.7842535683885</ele>
				<time>2025-11-14T19:44:23Z</time>
			</trkpt>
			<trkpt lat="35.42476921109237" lon="-83.59842248103531">
				<ele>549.274710948579</ele>
				<time>2025-11-14T19:44:24Z</time>
			</trkpt>
			<trkpt lat="35.424787090560535" lon="-83.59844113559579">
				<ele>549.0845847167075</ele>
				<time>2025-11-14T19:44:25Z</time>
			</trkpt>
			<trkpt lat="35.42480646534685" lon="-83.59845611000006">
				<ele>548.8641376988962</ele>
				<time>2025-11-14T19:44:27Z</time>
			</trkpt>
			<trkpt lat="35.42483327811028" lon="-83.59847229823556">
				<ele>549.2300081569701</ele>
				<time>2025-11-14T19:44:29Z</time>
			</trkpt>
			<trkpt lat="35.424858431648445" lon="-83.59848728465481">
				<ele>549.0711129503325</ele>
				<time>2025-11-14T19:44:31Z</time>
			</trkpt>
			<trkpt lat="35.42487758128154" lon="-83.59849869395205">
				<ele>550.3138801474124</ele>
				<time>2025-11-14T19:44:32Z</time>
			</trkpt>
			<trkpt lat="35.42489496425953" lon="-83.59850897456182">
				<ele>549.3786085313186</ele>
				<time>2025-11-14T19:44:33Z</time>
			</trkpt>
			<trkpt lat="35.42492684793606" lon="-83.598526010122">
				<ele>550.6413842169568</ele>
				<time>2025-11-14T19:44:34Z</time>
			</trkpt>
			<trkpt lat="35.42495735736098" lon="-83.59854028398216">
				<ele>551.4019049843773</ele>
				<time>2025-11-14T19:44:36Z</time>
			</trkpt>
			<trkpt lat="35.42498712999239" lon="-83.59855269377636">
				<ele>550.5525823319331</ele>
				<time>2025-11-14T19:44:38Z</time>
			</trkpt>
			<trkpt lat="35.42501806567063" lon="-83.59856719998662">
				<ele>550.2414812995121</ele>
				<time>2025-11-14T19:44:40Z</time>
			</trkpt>
			<trkpt lat="35.425043422686514" lon="-83.5985824455251">
				<ele>549.6309516355395</ele>
				<time>2025-11-14T19:44:42Z</time>
			</trkpt>
			<trkpt lat="35.42505959966999" lon="-83.59859365987018">
				<ele>550.4938037190586</ele>
				<time>2025-11-14T19:44:44Z</time>
			</trkpt>
			<trkpt lat="35.42507749096776" lon="-83.59860783775342">
				<ele>550.8204200221226</ele>
				<time>2025-11-14T19:44:46Z</time>
			</trkpt>
			<trkpt lat="35.425097732582394" lon="-83.59862384275948">
				<ele>550.3765186956152</ele>
				<time>2025-11-14T19:44:48Z</time>
			</trkpt>
			<trkpt lat="35.42512107863826" lon="-83.59862148795503">
				<ele>551.0692651905119</ele>
				<time>2025-11-14T19:44:50Z</time>
			</trkpt>
			<trkpt lat="35.425143476168444" lon="-83.59860559209064">
				<ele>550.1443739980459</ele>
				<time>2025-11-14T19:44:52Z</time>
			</trkpt>
			<trkpt lat="35.42517739689889" lon="-83.5985683061135">
				<ele>548.5099815214053</ele>
				<time>2025-11-14T19:44:54Z</time>
			</trkpt>
			<trkpt lat="35.4251896893781" lon="-83.5985428124857">
				<ele>549.0339056719095</ele>
				<time>2025-11-14T19:44:55Z</time>
			</trkpt>
			<trkpt lat="35.42518840819366" lon="-83.59851362928755">
				<ele>548.7433302318677</ele>
				<time>2025-11-14T19:44:56Z</time>
			</trkpt>
			<trkpt lat="35.42519051371083" lon="-83.59848211702673">
				<ele>549.3770572822541</ele>
				<time>2025-11-14T19:44:57Z</time>
			</trkpt>
			<trkpt lat="35.42519242032735" lon="-83.59844720958584">
				<ele>548.443437287584</ele>
				<time>2025-11-14T19:44:58Z</time>
			</trkpt>
			<trkpt lat="35.42521616429148" lon="-83.59843420919249">
				<ele>548.8543522972614</ele>
				<time>2025-11-14T19:44:59Z</time>
			</trkpt>
			<trkpt lat="35.425244642701514" lon="-83.59840440670757">
				<ele>549.4647092362866</ele>
				<time>2025-11-14T19:45:01Z</time>
			</trkpt>
			<trkpt lat="35.42527293799706" lon="-83.59839074623576">
				<ele>548.8170599695295</ele>
				<time>2025-11-14T19:45:02Z</time>
			</trkpt>
			<trkpt lat="35.42529194580642" lon="-83.59838953061022">
				<ele>549.6136775948107</ele>
				<time>2025-11-14T19:45:03Z</time>
			</trkpt>
			<trkpt lat="35.42532508569473" lon="-83.59838482862213">
				<ele>549.2506061950698</ele>
				<time>2025-11-14T19:45:04Z</time>
			</trkpt>
			<trkpt lat="35.425346586005006" lon="-83.5983835396729">
				<ele>551.0432856995612</ele>
				<time>2025-11-14T19:45:05Z</time>
			</trkpt>
			<trkpt lat="35.42537317622429" lon="-83.59838619059022">
				<ele>550.9109159829095</ele>
				<time>2025-11-14T19:45:06Z</time>
			</trkpt>
			<trkpt lat="35.4253952020998" lon="-83.5983848190009">
				<ele>551.4226049408317</ele>
				<time>2025-11-14T19:45:07Z</time>
			</trkpt>
			<trkpt lat="35.42541651084817" lon="-83.5983825464282">
				<ele>551.2017250386998</ele>
				<time>2025-11-14T19:45:08Z</time>
			</trkpt>
			<trkpt lat="35.425437236055515" lon="-83.59837573361855">
				<ele>550.4061498111114</ele>
				<time>2025-11-14T19:45:09Z</time>
			</trkpt>
			<trkpt lat="35.42545721238721" lon="-83.598369255276">
				<ele>551.5411120336503</ele>
				<time>2025-11-14T19:45:10Z</time>
			</trkpt>
			<trkpt lat="35.425474561664636" lon="-83.59835947414993">
				<ele>551.7300644014031</ele>
				<time>2025-11-14T19:45:11Z</time>
			</trkpt>
			<trkpt lat="35.4254945946338" lon="-83.59836534436457">
				<ele>550.570401721634</ele>
				<time>2025-11-14T19:45:12Z</time>
			</trkpt>
			<trkpt lat="35.425542295775195" lon="-83.5983702043467">
				<ele>549.751626521349</ele>
				<time>2025-11-14T19:45:14Z</time>
			</trkpt>
			<trkpt lat="35.42556868057499" lon="-83.59836145805288">
				<ele>551.9492265125737</ele>
				<time>2025-11-14T19:45:16Z</time>
			</trkpt>
			<trkpt lat="35.425589330286996" lon="-83.59835198452707">
				<ele>552.0929126227275</ele>
				<time>2025-11-14T19:45:17Z</time>
			</trkpt>
			<trkpt lat="35.42560882138258" lon="-83.59833948635985">
				<ele>551.2542059766129</ele>
				<time>2025-11-14T19:45:18Z</time>
			</trkpt>
			<trkpt lat="35.4256258665763" lon="-83.59832780216952">
				<ele>552.1848555533215</ele>
				<time>2025-11-14T19:45:19Z</time>
			</trkpt>
			<trkpt lat="35.42564094070555" lon="-83.5983152414482">
				<ele>550.7961432803422</ele>
				<time>2025-11-14T19:45:20Z</time>
			</trkpt>
			<trkpt lat="35.425655915176925" lon="-83.59830221022501">
				<ele>550.8806528169662</ele>
				<time>2025-11-14T19:45:21Z</time>
			</trkpt>
			<trkpt lat="35.42567862417073" lon="-83.59828236184494">
				<ele>552.769584948197</ele>
				<time>2025-11-14T19:45:23Z</time>
			</trkpt>
			<trkpt lat="35.4257063092924" lon="-83.59825400145986">
				<ele>551.5051294732839</ele>
				<time>2025-11-14T19:45:25Z</time>
			</trkpt>
			<trkpt lat="35.425729419868574" lon="-83.59822802912718">
				<ele>551.9855775292963</ele>
				<time>2025-11-14T19:45:27Z</time>
			</trkpt>
			<trkpt lat="35.42575531277451" lon="-83.59819365560017">
				<ele>551.5704052681103</ele>
				<time>2025-11-14T19:45:29Z</time>
			</trkpt>
			<trkpt lat="35.4257789283617" lon="-83.59815576292873">
				<ele>551.6726278001443</ele>
				<time>2025-11-14T19:45:31Z</time>
			</trkpt>
			<trkpt lat="35.42580062416097" lon="-83.59811648362039">
				<ele>553.1840317016467</ele>
				<time>2025-11-14T19:45:33Z</time>
			</trkpt>
			<trkpt lat="35.42581184874074" lon="-83.59809616194183">
				<ele>551.7761498102918</ele>
				<time>2025-11-14T19:45:34Z</time>
			</trkpt>
			<trkpt lat="35.42582676835679" lon="-83.59807000979625">
				<ele>554.1612522723153</ele>
				<time>2025-11-14T19:45:35Z</time>
			</trkpt>
			<trkpt lat="35.42583759385195" lon="-83.59805124560313">
				<ele>552.9586376445368</ele>
				<time>2025-11-14T19:45:36Z</time>
			</trkpt>
			<trkpt lat="35.42585213851569" lon="-83.59802725139943">
				<ele>553.001518371515</ele>
				<time>2025-11-14T19:45:37Z</time>
			</trkpt>
			<trkpt lat="35.42586351936023" lon="-83.59800868724307">
				<ele>554.7727405754849</ele>
				<time>2025-11-14T19:45:38Z</time>
			</trkpt>
			<trkpt lat="35.4258799815878" lon="-83.59798587255202">
				<ele>554.3322703354061</ele>
				<time>2025-11-14T19:45:39Z</time>
			</trkpt>
			<trkpt lat="35.42589439174391" lon="-83.59796739120922">
				<ele>554.0382376462221</ele>
				<time>2025-11-14T19:45:40Z</time>
			</trkpt>
			<trkpt lat="35.42591449607508" lon="-83.59794160699514">
				<ele>554.0801652548835</ele>
				<time>2025-11-14T19:45:41Z</time>
			</trkpt>
			<trkpt lat="35.425938154273545" lon="-83.59791078743947">
				<ele>552.8902266751975</ele>
				<time>2025-11-14T19:45:43Z</time>
			</trkpt>
			<trkpt lat="35.42595453152472" lon="-83.59788885220506">
				<ele>553.7164240553975</ele>
				<time>2025-11-14T19:45:44Z</time>
			</trkpt>
			<trkpt lat="35.425966965495086" lon="-83.59787018015011">
				<ele>552.7810889501125</ele>
				<time>2025-11-14T19:45:45Z</time>
			</trkpt>
			<trkpt lat="35.425982192013784" lon="-83.59784449876037">
				<ele>552.3395184073597</ele>
				<time>2025-11-14T19:45:46Z</time>
			</trkpt>
			<trkpt lat="35.42599957883711" lon="-83.59778983996527">
				<ele>551.1865992182866</ele>
				<time>2025-11-14T19:45:48Z</time>
			</trkpt>
			<trkpt lat="35.426000541624894" lon="-83.59776041786785">
				<ele>553.3934511709958</ele>
				<time>2025-11-14T19:45:50Z</time>
			</trkpt>
			<trkpt lat="35.425999334247344" lon="-83.59773543784559">
				<ele>552.1177765307948</ele>
				<time>2025-11-14T19:45:51Z</time>
			</trkpt>
			<trkpt lat="35.425995325420914" lon="-83.59771346214274">
				<ele>553.8284406075254</ele>
				<time>2025-11-14T19:45:52Z</time>
			</trkpt>
			<trkpt lat="35.42598893145558" lon="-83.59767841156807">
				<ele>553.4334293277934</ele>
				<time>2025-11-14T19:45:54Z</time>
			</trkpt>
			<trkpt lat="35.42598070802329" lon="-83.59764416935529">
				<ele>553.5856987796724</ele>
				<time>2025-11-14T19:45:56Z</time>
			</trkpt>
			<trkpt lat="35.42597242301961" lon="-83.59761002438039">
				<ele>554.885224125348</ele>
				<time>2025-11-14T19:45:58Z</time>
			</trkpt>
			<trkpt lat="35.42596254415777" lon="-83.59756931067207">
				<ele>555.7270217956975</ele>
				<time>2025-11-14T19:46:00Z</time>
			</trkpt>
			<trkpt lat="35.425953795711074" lon="-83.5975332557106">
				<ele>556.8502110382542</ele>
				<time>2025-11-14T19:46:02Z</time>
			</trkpt>
			<trkpt lat="35.42594602298202" lon="-83.59748981399392">
				<ele>557.009450645186</ele>
				<time>2025-11-14T19:46:04Z</time>
			</trkpt>
			<trkpt lat="35.42594241746094" lon="-83.59746733026294">
				<ele>557.4987525856122</ele>
				<time>2025-11-14T19:46:05Z</time>
			</trkpt>
			<trkpt lat="35.42593882915883" lon="-83.59744495387066">
				<ele>557.7242272030562</ele>
				<time>2025-11-14T19:46:06Z</time>
			</trkpt>
			<trkpt lat="35.425932367607174" lon="-83.59740466013466">
				<ele>559.2201806241646</ele>
				<time>2025-11-14T19:46:08Z</time>
			</trkpt>
			<trkpt lat="35.425928647541674" lon="-83.59738146212125">
				<ele>559.4555438011885</ele>
				<time>2025-11-14T19:46:09Z</time>
			</trkpt>
			<trkpt lat="35.42592193135973" lon="-83.59733906116027">
				<ele>560.2985014701262</ele>
				<time>2025-11-14T19:46:11Z</time>
			</trkpt>
			<trkpt lat="35.42591553960938" lon="-83.59729373778303">
				<ele>561.5613141097128</ele>
				<time>2025-11-14T19:46:13Z</time>
			</trkpt>
			<trkpt lat="35.42591175831039" lon="-83.59726692500851">
				<ele>560.0783392842859</ele>
				<time>2025-11-14T19:46:14Z</time>
			</trkpt>
			<trkpt lat="35.42590897936649" lon="-83.59724378592237">
				<ele>561.9069850025699</ele>
				<time>2025-11-14T19:46:15Z</time>
			</trkpt>
			<trkpt lat="35.42590647260751" lon="-83.59721885761374">
				<ele>561.7510067848489</ele>
				<time>2025-11-14T19:46:16Z</time>
			</trkpt>
			<trkpt lat="35.42590401618339" lon="-83.59719049410225">
				<ele>562.818858445622</ele>
				<time>2025-11-14T19:46:17Z</time>
			</trkpt>
			<trkpt lat="35.425902688985445" lon="-83.59716691488687">
				<ele>562.1679682433605</ele>
				<time>2025-11-14T19:46:18Z</time>
			</trkpt>
			<trkpt lat="35.42590092729803" lon="-83.59713561630265">
				<ele>562.5880902707577</ele>
				<time>2025-11-14T19:46:19Z</time>
			</trkpt>
			<trkpt lat="35.425899400377176" lon="-83.59710848863095">
				<ele>562.7393986927345</ele>
				<time>2025-11-14T19:46:20Z</time>
			</trkpt>
			<trkpt lat="35.425897871799656" lon="-83.59708133152594">
				<ele>563.0022632330656</ele>
				<time>2025-11-14T19:46:21Z</time>
			</trkpt>
			<trkpt lat="35.42589657502419" lon="-83.59705499876462">
				<ele>563.2926346035674</ele>
				<time>2025-11-14T19:46:22Z</time>
			</trkpt>
			<trkpt lat="35.42589601160918" lon="-83.59702682794716">
				<ele>563.4979128520936</ele>
				<time>2025-11-14T19:46:23Z</time>
			</trkpt>
			<trkpt lat="35.42590266060701" lon="-83.59698176174547">
				<ele>564.4342558421195</ele>
				<time>2025-11-14T19:46:25Z</time>
			</trkpt>
			<trkpt lat="35.42592118923368" lon="-83.59697050226143">
				<ele>562.7540936423466</ele>
				<time>2025-11-14T19:46:26Z</time>
			</trkpt>
			<trkpt lat="35.42593936597571" lon="-83.596969651459">
				<ele>562.4175317538902</ele>
				<time>2025-11-14T19:46:27Z</time>
			</trkpt>
			<trkpt lat="35.425960361620774" lon="-83.5969727891606">
				<ele>561.8048699898645</ele>
				<time>2025-11-14T19:46:28Z</time>
			</trkpt>
			<trkpt lat="35.425983242911265" lon="-83.59697405779768">
				<ele>563.720529912971</ele>
				<time>2025-11-14T19:46:29Z</time>
			</trkpt>
			<trkpt lat="35.42603548224773" lon="-83.59698668688056">
				<ele>561.3534171329811</ele>
				<time>2025-11-14T19:46:31Z</time>
			</trkpt>
			<trkpt lat="35.426057040207596" lon="-83.59699388023819">
				<ele>563.1807663422078</ele>
				<time>2025-11-14T19:46:32Z</time>
			</trkpt>
			<trkpt lat="35.4260757181999" lon="-83.59699979399325">
				<ele>563.0310290064663</ele>
				<time>2025-11-14T19:46:33Z</time>
			</trkpt>
			<trkpt lat="35.42610340806155" lon="-83.59701233378394">
				<ele>563.00688770134</ele>
				<time>2025-11-14T19:46:34Z</time>
			</trkpt>
			<trkpt lat="35.42612599466469" lon="-83.59704063528359">
				<ele>563.1042269263417</ele>
				<time>2025-11-14T19:46:36Z</time>
			</trkpt>
			<trkpt lat="35.42614688222576" lon="-83.59706645136814">
				<ele>563.3274012114853</ele>
				<time>2025-11-14T19:46:38Z</time>
			</trkpt>
			<trkpt lat="35.42616413177727" lon="-83.597084529668">
				<ele>564.9785895561799</ele>
				<time>2025-11-14T19:46:40Z</time>
			</trkpt>
			<trkpt lat="35.42618986993797" lon="-83.59708115807344">
				<ele>566.213523035869</ele>
				<time>2025-11-14T19:46:43Z</time>
			</trkpt>
			<trkpt lat="35.42621573846429" lon="-83.59708353337936">
				<ele>565.1958044776693</ele>
				<time>2025-11-14T19:46:44Z</time>
			</trkpt>
			<trkpt lat="35.426251613769054" lon="-83.59705836171894">
				<ele>563.1910036001354</ele>
				<time>2025-11-14T19:46:46Z</time>
			</trkpt>
			<trkpt lat="35.42627210234172" lon="-83.59704097218047">
				<ele>563.5604214435443</ele>
				<time>2025-11-14T19:46:47Z</time>
			</trkpt>
			<trkpt lat="35.42628754736378" lon="-83.59699679151869">
				<ele>563.3518843334168</ele>
				<time>2025-11-14T19:46:49Z</time>
			</trkpt>
			<trkpt lat="35.42630488729516" lon="-83.59695659243499">
				<ele>563.3892268994823</ele>
				<time>2025-11-14T19:46:50Z</time>
			</trkpt>
			<trkpt lat="35.42632128042129" lon="-83.59693701582295">
				<ele>563.776523266919</ele>
				<time>2025-11-14T19:46:52Z</time>
			</trkpt>
			<trkpt lat="35.42633550810649" lon="-83.59691437164167">
				<ele>563.4244901807979</ele>
				<time>2025-11-14T19:46:54Z</time>
			</trkpt>
			<trkpt lat="35.4263471254115" lon="-83.5968796570627">
				<ele>563.037815711461</ele>
				<time>2025-11-14T19:46:56Z</time>
			</trkpt>
			<trkpt lat="35.42635366258415" lon="-83.59684382296533">
				<ele>562.7410897295922</ele>
				<time>2025-11-14T19:46:58Z</time>
			</trkpt>
			<trkpt lat="35.42635744993359" lon="-83.59680314709489">
				<ele>563.1975034018978</ele>
				<time>2025-11-14T19:47:00Z</time>
			</trkpt>
			<trkpt lat="35.426363675509066" lon="-83.59676186469038">
				<ele>563.6550883054733</ele>
				<time>2025-11-14T19:47:02Z</time>
			</trkpt>
			<trkpt lat="35.42636612639868" lon="-83.59672404687794">
				<ele>563.687259263359</ele>
				<time>2025-11-14T19:47:04Z</time>
			</trkpt>
			<trkpt lat="35.42636974715971" lon="-83.5966727854339">
				<ele>564.6462318375707</ele>
				<time>2025-11-14T19:47:06Z</time>
			</trkpt>
			<trkpt lat="35.42637331244107" lon="-83.59664044684767">
				<ele>564.6197804864496</ele>
				<time>2025-11-14T19:47:07Z</time>
			</trkpt>
			<trkpt lat="35.42637662378035" lon="-83.59661041159002">
				<ele>565.1900980984792</ele>
				<time>2025-11-14T19:47:08Z</time>
			</trkpt>
			<trkpt lat="35.42638025031987" lon="-83.59657709979106">
				<ele>564.6368523426354</ele>
				<time>2025-11-14T19:47:09Z</time>
			</trkpt>
			<trkpt lat="35.42638299201541" lon="-83.59654650160842">
				<ele>564.9918589517474</ele>
				<time>2025-11-14T19:47:10Z</time>
			</trkpt>
			<trkpt lat="35.426385747376365" lon="-83.59651575094335">
				<ele>564.6942349122837</ele>
				<time>2025-11-14T19:47:11Z</time>
			</trkpt>
			<trkpt lat="35.42639240026976" lon="-83.59648739390421">
				<ele>565.5698873978108</ele>
				<time>2025-11-14T19:47:12Z</time>
			</trkpt>
			<trkpt lat="35.426401095631356" lon="-83.596461327127">
				<ele>566.1269726185128</ele>
				<time>2025-11-14T19:47:13Z</time>
			</trkpt>
			<trkpt lat="35.42640492541632" lon="-83.59643566011289">
				<ele>566.3202543854713</ele>
				<time>2025-11-14T19:47:14Z</time>
			</trkpt>
			<trkpt lat="35.426411398150684" lon="-83.5964026863617">
				<ele>564.0117197642103</ele>
				<time>2025-11-14T19:47:15Z</time>
			</trkpt>
			<trkpt lat="35.42641304813205" lon="-83.59637674843287">
				<ele>565.8167148027569</ele>
				<time>2025-11-14T19:47:16Z</time>
			</trkpt>
			<trkpt lat="35.426410411597466" lon="-83.59634243363259">
				<ele>563.6197110339999</ele>
				<time>2025-11-14T19:47:17Z</time>
			</trkpt>
			<trkpt lat="35.42641676026122" lon="-83.59631727780832">
				<ele>563.5248496280983</ele>
				<time>2025-11-14T19:47:18Z</time>
			</trkpt>
			<trkpt lat="35.42642751395788" lon="-83.59627541398233">
				<ele>563.4722390053794</ele>
				<time>2025-11-14T19:47:20Z</time>
			</trkpt>
			<trkpt lat="35.4264361303008" lon="-83.59624446796884">
				<ele>563.3616841714829</ele>
				<time>2025-11-14T19:47:21Z</time>
			</trkpt>
			<trkpt lat="35.42645382096037" lon="-83.59619174668427">
				<ele>564.7130198581144</ele>
				<time>2025-11-14T19:47:23Z</time>
			</trkpt>
			<trkpt lat="35.42646954328526" lon="-83.59615515113809">
				<ele>565.998665433377</ele>
				<time>2025-11-14T19:47:25Z</time>
			</trkpt>
			<trkpt lat="35.42647889615679" lon="-83.59613580698239">
				<ele>567.232765365392</ele>
				<time>2025-11-14T19:47:26Z</time>
			</trkpt>
			<trkpt lat="35.42650070878218" lon="-83.59613129581689">
				<ele>568.5317232804373</ele>
				<time>2025-11-14T19:47:27Z</time>
			</trkpt>
			<trkpt lat="35.42652610064138" lon="-83.59613179919171">
				<ele>568.1097635840997</ele>
				<time>2025-11-14T19:47:28Z</time>
			</trkpt>
			<trkpt lat="35.42657295773344" lon="-83.59615762151195">
				<ele>568.1932647936046</ele>
				<time>2025-11-14T19:47:30Z</time>
			</trkpt>
			<trkpt lat="35.4265931539906" lon="-83.59617020227495">
				<ele>568.9640060206875</ele>
				<time>2025-11-14T19:47:31Z</time>
			</trkpt>
			<trkpt lat="35.42662009576967" lon="-83.59621331661998">
				<ele>568.2334418296814</ele>
				<time>2025-11-14T19:47:32Z</time>
			</trkpt>
			<trkpt lat="35.426639761875364" lon="-83.59627032286565">
				<ele>568.2833761712536</ele>
				<time>2025-11-14T19:47:34Z</time>
			</trkpt>
			<trkpt lat="35.42665921379946" lon="-83.59630590463978">
				<ele>566.8181308321655</ele>
				<time>2025-11-14T19:47:35Z</time>
			</trkpt>
			<trkpt lat="35.42666063383326" lon="-83.5963328833917">
				<ele>567.1752868117765</ele>
				<time>2025-11-14T19:47:36Z</time>
			</trkpt>
			<trkpt lat="35.42667069292344" lon="-83.59639213520713">
				<ele>566.96501070261</ele>
				<time>2025-11-14T19:47:37Z</time>
			</trkpt>
			<trkpt lat="35.426680122688246" lon="-83.59645477563313">
				<ele>565.168808568269</ele>
				<time>2025-11-14T19:47:39Z</time>
			</trkpt>
			<trkpt lat="35.42667839053884" lon="-83.59650121580634">
				<ele>565.6648237295449</ele>
				<time>2025-11-14T19:47:41Z</time>
			</trkpt>
			<trkpt lat="35.426677839359954" lon="-83.59653348495394">
				<ele>564.3943764064461</ele>
				<time>2025-11-14T19:47:42Z</time>
			</trkpt>
			<trkpt lat="35.42667840920131" lon="-83.59656503373002">
				<ele>565.5243570012972</ele>
				<time>2025-11-14T19:47:43Z</time>
			</trkpt>
			<trkpt lat="35.426682332631906" lon="-83.59659838222775">
				<ele>566.2219227850437</ele>
				<time>2025-11-14T19:47:44Z</time>
			</trkpt>
			<trkpt lat="35.42668966822755" lon="-83.5966636268189">
				<ele>567.878700921312</ele>
				<time>2025-11-14T19:47:46Z</time>
			</trkpt>
			<trkpt lat="35.42670004145721" lon="-83.59673231711994">
				<ele>568.0963166318834</ele>
				<time>2025-11-14T19:47:48Z</time>
			</trkpt>
			<trkpt lat="35.426710304293245" lon="-83.59679499059428">
				<ele>567.6828806679696</ele>
				<time>2025-11-14T19:47:50Z</time>
			</trkpt>
			<trkpt lat="35.42671697774735" lon="-83.59682774681181">
				<ele>566.8058316456154</ele>
				<time>2025-11-14T19:47:51Z</time>
			</trkpt>
			<trkpt lat="35.42672440455958" lon="-83.5968610093278">
				<ele>566.7704826314002</ele>
				<time>2025-11-14T19:47:52Z</time>
			</trkpt>
			<trkpt lat="35.426738154473156" lon="-83.59690594131644">
				<ele>565.7062711669132</ele>
				<time>2025-11-14T19:47:53Z</time>
			</trkpt>
			<trkpt lat="35.42674934169083" lon="-83.59693336976044">
				<ele>565.8619386162609</ele>
				<time>2025-11-14T19:47:54Z</time>
			</trkpt>
			<trkpt lat="35.426764031278886" lon="-83.59696443472788">
				<ele>566.8512596674263</ele>
				<time>2025-11-14T19:47:55Z</time>
			</trkpt>
			<trkpt lat="35.426786161064534" lon="-83.59700003099528">
				<ele>565.9082624511793</ele>
				<time>2025-11-14T19:47:56Z</time>
			</trkpt>
			<trkpt lat="35.426825152352095" lon="-83.59703478717304">
				<ele>566.9506983924657</ele>
				<time>2025-11-14T19:47:58Z</time>
			</trkpt>
			<trkpt lat="35.42684637390704" lon="-83.59702034213512">
				<ele>564.4625353999436</ele>
				<time>2025-11-14T19:48:00Z</time>
			</trkpt>
			<trkpt lat="35.4268699815596" lon="-83.59700968492253">
				<ele>563.7848091311753</ele>
				<time>2025-11-14T19:48:01Z</time>
			</trkpt>
			<trkpt lat="35.4268863341382" lon="-83.59699487609835">
				<ele>563.6031838133931</ele>
				<time>2025-11-14T19:48:02Z</time>
			</trkpt>
			<trkpt lat="35.426921126180375" lon="-83.59694903062896">
				<ele>563.3393055340275</ele>
				<time>2025-11-14T19:48:03Z</time>
			</trkpt>
			<trkpt lat="35.42694782649336" lon="-83.59693671771504">
				<ele>563.6007383046672</ele>
				<time>2025-11-14T19:48:05Z</time>
			</trkpt>
			<trkpt lat="35.42696806203664" lon="-83.59693654094087">
				<ele>564.283716657199</ele>
				<time>2025-11-14T19:48:06Z</time>
			</trkpt>
			<trkpt lat="35.42698650084826" lon="-83.59693615741114">
				<ele>563.7169166738167</ele>
				<time>2025-11-14T19:48:07Z</time>
			</trkpt>
			<trkpt lat="35.42701015193085" lon="-83.59693274195168">
				<ele>564.904956491664</ele>
				<time>2025-11-14T19:48:08Z</time>
			</trkpt>
			<trkpt lat="35.427048812731286" lon="-83.59692787537986">
				<ele>566.6266709184274</ele>
				<time>2025-11-14T19:48:10Z</time>
			</trkpt>
			<trkpt lat="35.42707001268325" lon="-83.59694504523638">
				<ele>566.7329296292737</ele>
				<time>2025-11-14T19:48:11Z</time>
			</trkpt>
			<trkpt lat="35.42710503386392" lon="-83.59696962532084">
				<ele>566.2644712347537</ele>
				<time>2025-11-14T19:48:12Z</time>
			</trkpt>
			<trkpt lat="35.427140280872024" lon="-83.59697441278911">
				<ele>568.401808751747</ele>
				<time>2025-11-14T19:48:14Z</time>
			</trkpt>
			<trkpt lat="35.42716554256056" lon="-83.59698430932711">
				<ele>567.6893026540056</ele>
				<time>2025-11-14T19:48:15Z</time>
			</trkpt>
			<trkpt lat="35.42718326487388" lon="-83.59699498644522">
				<ele>568.9198667919263</ele>
				<time>2025-11-14T19:48:16Z</time>
			</trkpt>
			<trkpt lat="35.427205259960715" lon="-83.59701485436467">
				<ele>568.9272994473577</ele>
				<time>2025-11-14T19:48:17Z</time>
			</trkpt>
			<trkpt lat="35.42722043212627" lon="-83.59703052723492">
				<ele>569.4305802844465</ele>
				<time>2025-11-14T19:48:18Z</time>
			</trkpt>
			<trkpt lat="35.4272386032156" lon="-83.59704373094725">
				<ele>568.5217459658161</ele>
				<time>2025-11-14T19:48:19Z</time>
			</trkpt>
			<trkpt lat="35.42725656794313" lon="-83.59705678653464">
				<ele>568.1906165005639</ele>
				<time>2025-11-14T19:48:20Z</time>
			</trkpt>
			<trkpt lat="35.427280689546116" lon="-83.59708076637651">
				<ele>569.5895951483399</ele>
				<time>2025-11-14T19:48:22Z</time>
			</trkpt>
			<trkpt lat="35.42731286318824" lon="-83.59710484213473">
				<ele>569.3297458142042</ele>
				<time>2025-11-14T19:48:24Z</time>
			</trkpt>
			<trkpt lat="35.42734709819664" lon="-83.59711671549486">
				<ele>569.937375349924</ele>
				<time>2025-11-14T19:48:26Z</time>
			</trkpt>
			<trkpt lat="35.427368784532234" lon="-83.5971222811104">
				<ele>570.0546273197979</ele>
				<time>2025-11-14T19:48:27Z</time>
			</trkpt>
			<trkpt lat="35.42740700937601" lon="-83.59712640099606">
				<ele>571.6274003917351</ele>
				<time>2025-11-14T19:48:28Z</time>
			</trkpt>
			<trkpt lat="35.42742898548628" lon="-83.59711502871643">
				<ele>572.6579702515155</ele>
				<time>2025-11-14T19:48:29Z</time>
			</trkpt>
			<trkpt lat="35.42746209925637" lon="-83.59708992292337">
				<ele>571.7375589357689</ele>
				<time>2025-11-14T19:48:30Z</time>
			</trkpt>
			<trkpt lat="35.427475487055275" lon="-83.59706449187887">
				<ele>571.307496082969</ele>
				<time>2025-11-14T19:48:31Z</time>
			</trkpt>
			<trkpt lat="35.427496187502506" lon="-83.59702093580745">
				<ele>572.4278616597876</ele>
				<time>2025-11-14T19:48:32Z</time>
			</trkpt>
			<trkpt lat="35.427508543659535" lon="-83.59697325595623">
				<ele>572.0752507839352</ele>
				<time>2025-11-14T19:48:33Z</time>
			</trkpt>
			<trkpt lat="35.42751097165151" lon="-83.59691527309582">
				<ele>571.4164241468534</ele>
				<time>2025-11-14T19:48:34Z</time>
			</trkpt>
			<trkpt lat="35.42752038021682" lon="-83.59688952967345">
				<ele>572.2697605434805</ele>
				<time>2025-11-14T19:48:35Z</time>
			</trkpt>
			<trkpt lat="35.42753326149402" lon="-83.59686839050363">
				<ele>572.3221033047885</ele>
				<time>2025-11-14T19:48:36Z</time>
			</trkpt>
			<trkpt lat="35.4275480797993" lon="-83.59684569678942">
				<ele>572.5441368138418</ele>
				<time>2025-11-14T19:48:37Z</time>
			</trkpt>
			<trkpt lat="35.42756088653688" lon="-83.59682753608173">
				<ele>572.6384376073256</ele>
				<time>2025-11-14T19:48:38Z</time>
			</trkpt>
			<trkpt lat="35.4275849714411" lon="-83.59679054287379">
				<ele>572.6145506436005</ele>
				<time>2025-11-14T19:48:39Z</time>
			</trkpt>
			<trkpt lat="35.427612542897386" lon="-83.59675517768278">
				<ele>571.6509297238663</ele>
				<time>2025-11-14T19:48:41Z</time>
			</trkpt>
			<trkpt lat="35.427633022532305" lon="-83.59678238397257">
				<ele>572.2208203421906</ele>
				<time>2025-11-14T19:48:42Z</time>
			</trkpt>
			<trkpt lat="35.42767420781586" lon="-83.59681140930242">
				<ele>571.3751924717799</ele>
				<time>2025-11-14T19:48:43Z</time>
			</trkpt>
			<trkpt lat="35.42769034020292" lon="-83.59685736879695">
				<ele>572.3951004175469</ele>
				<time>2025-11-14T19:48:44Z</time>
			</trkpt>
			<trkpt lat="35.427700560532" lon="-83.59688945610915">
				<ele>572.1535929916427</ele>
				<time>2025-11-14T19:48:45Z</time>
			</trkpt>
			<trkpt lat="35.42771866956927" lon="-83.5968994397594">
				<ele>570.632913030684</ele>
				<time>2025-11-14T19:48:46Z</time>
			</trkpt>
			<trkpt lat="35.42775028034488" lon="-83.59693062486053">
				<ele>571.4475490152836</ele>
				<time>2025-11-14T19:48:48Z</time>
			</trkpt>
			<trkpt lat="35.42776679385246" lon="-83.59694975988879">
				<ele>570.3890558071434</ele>
				<time>2025-11-14T19:48:49Z</time>
			</trkpt>
			<trkpt lat="35.427782656232246" lon="-83.59696700746106">
				<ele>570.7335743913427</ele>
				<time>2025-11-14T19:48:50Z</time>
			</trkpt>
			<trkpt lat="35.42781048241478" lon="-83.59700981297632">
				<ele>569.5088534457609</ele>
				<time>2025-11-14T19:48:52Z</time>
			</trkpt>
			<trkpt lat="35.427833188178965" lon="-83.5970598629933">
				<ele>571.1182422386482</ele>
				<time>2025-11-14T19:48:54Z</time>
			</trkpt>
			<trkpt lat="35.42785365157782" lon="-83.59710998849144">
				<ele>570.9326371857896</ele>
				<time>2025-11-14T19:48:56Z</time>
			</trkpt>
			<trkpt lat="35.42786745517575" lon="-83.59714235597929">
				<ele>571.8074337402359</ele>
				<time>2025-11-14T19:48:58Z</time>
			</trkpt>
			<trkpt lat="35.427876527651044" lon="-83.59716307606018">
				<ele>571.7256258912385</ele>
				<time>2025-11-14T19:48:59Z</time>
			</trkpt>
			<trkpt lat="35.42788688986132" lon="-83.59718310590931">
				<ele>572.1903257444501</ele>
				<time>2025-11-14T19:49:00Z</time>
			</trkpt>
			<trkpt lat="35.42790200662106" lon="-83.59720947371639">
				<ele>573.55989204254</ele>
				<time>2025-11-14T19:49:02Z</time>
			</trkpt>
			<trkpt lat="35.42792339476315" lon="-83.5972249895681">
				<ele>574.4290559925139</ele>
				<time>2025-11-14T19:49:03Z</time>
			</trkpt>
			<trkpt lat="35.42794391474562" lon="-83.59723152603387">
				<ele>573.3720295038074</ele>
				<time>2025-11-14T19:49:04Z</time>
			</trkpt>
			<trkpt lat="35.42797456295116" lon="-83.59723655373077">
				<ele>574.6372781991959</ele>
				<time>2025-11-14T19:49:05Z</time>
			</trkpt>
			<trkpt lat="35.42804732241835" lon="-83.59721711450614">
				<ele>573.6231730729342</ele>
				<time>2025-11-14T19:49:07Z</time>
			</trkpt>
			<trkpt lat="35.42807391901282" lon="-83.59720428643085">
				<ele>574.389267116785</ele>
				<time>2025-11-14T19:49:08Z</time>
			</trkpt>
			<trkpt lat="35.428106074222626" lon="-83.59722126844537">
				<ele>576.0658738166094</ele>
				<time>2025-11-14T19:49:10Z</time>
			</trkpt>
			<trkpt lat="35.42812338348349" lon="-83.59723587650856">
				<ele>576.4974949369207</ele>
				<time>2025-11-14T19:49:11Z</time>
			</trkpt>
			<trkpt lat="35.42814409392587" lon="-83.59725300903546">
				<ele>576.002165991813</ele>
				<time>2025-11-14T19:49:12Z</time>
			</trkpt>
			<trkpt lat="35.428175379346584" lon="-83.59728372344068">
				<ele>575.526171036996</ele>
				<time>2025-11-14T19:49:13Z</time>
			</trkpt>
			<trkpt lat="35.428193124194614" lon="-83.59732906838043">
				<ele>577.0166864553466</ele>
				<time>2025-11-14T19:49:14Z</time>
			</trkpt>
			<trkpt lat="35.42821242529918" lon="-83.59738070098436">
				<ele>577.1280945148319</ele>
				<time>2025-11-14T19:49:15Z</time>
			</trkpt>
			<trkpt lat="35.42823013203564" lon="-83.59742126344858">
				<ele>575.4860760550946</ele>
				<time>2025-11-14T19:49:16Z</time>
			</trkpt>
			<trkpt lat="35.428241886431884" lon="-83.59747424869781">
				<ele>576.1800318257883</ele>
				<time>2025-11-14T19:49:18Z</time>
			</trkpt>
			<trkpt lat="35.428243773396865" lon="-83.59749955115329">
				<ele>575.2541987970471</ele>
				<time>2025-11-14T19:49:19Z</time>
			</trkpt>
			<trkpt lat="35.42824281121607" lon="-83.59752356931173">
				<ele>574.3759153466672</ele>
				<time>2025-11-14T19:49:20Z</time>
			</trkpt>
			<trkpt lat="35.42824170981348" lon="-83.5975472993304">
				<ele>575.7575854361057</ele>
				<time>2025-11-14T19:49:21Z</time>
			</trkpt>
			<trkpt lat="35.42824038184456" lon="-83.59757591123224">
				<ele>574.7665545241907</ele>
				<time>2025-11-14T19:49:22Z</time>
			</trkpt>
			<trkpt lat="35.42823591771943" lon="-83.59761861420886">
				<ele>576.2926762588322</ele>
				<time>2025-11-14T19:49:24Z</time>
			</trkpt>
			<trkpt lat="35.428233027612706" lon="-83.59764563258905">
				<ele>576.2214634343982</ele>
				<time>2025-11-14T19:49:25Z</time>
			</trkpt>
			<trkpt lat="35.42822943763687" lon="-83.59767919370258">
				<ele>576.3855731096119</ele>
				<time>2025-11-14T19:49:26Z</time>
			</trkpt>
			<trkpt lat="35.428225930004245" lon="-83.59771198500609">
				<ele>577.2714577419683</ele>
				<time>2025-11-14T19:49:27Z</time>
			</trkpt>
			<trkpt lat="35.42822238801024" lon="-83.59774616243762">
				<ele>576.7124491557479</ele>
				<time>2025-11-14T19:49:28Z</time>
			</trkpt>
			<trkpt lat="35.42821915590646" lon="-83.59778753331094">
				<ele>577.3750842465088</ele>
				<time>2025-11-14T19:49:30Z</time>
			</trkpt>
			<trkpt lat="35.428216458183826" lon="-83.59785126073551">
				<ele>576.8255631858483</ele>
				<time>2025-11-14T19:49:32Z</time>
			</trkpt>
			<trkpt lat="35.42821744849403" lon="-83.59787552470276">
				<ele>576.4738501850516</ele>
				<time>2025-11-14T19:49:33Z</time>
			</trkpt>
			<trkpt lat="35.42822455617366" lon="-83.59793579798242">
				<ele>576.2376613067463</ele>
				<time>2025-11-14T19:49:34Z</time>
			</trkpt>
			<trkpt lat="35.42823087476348" lon="-83.59796456050977">
				<ele>576.9147155871615</ele>
				<time>2025-11-14T19:49:35Z</time>
			</trkpt>
			<trkpt lat="35.428236840487116" lon="-83.59798938342375">
				<ele>578.2185725532472</ele>
				<time>2025-11-14T19:49:36Z</time>
			</trkpt>
			<trkpt lat="35.42824599379677" lon="-83.59801910422826">
				<ele>577.861171531491</ele>
				<time>2025-11-14T19:49:37Z</time>
			</trkpt>
			<trkpt lat="35.42825627883999" lon="-83.59805214053539">
				<ele>578.5220388509333</ele>
				<time>2025-11-14T19:49:38Z</time>
			</trkpt>
			<trkpt lat="35.42826453332674" lon="-83.59807865450485">
				<ele>579.8808856345713</ele>
				<time>2025-11-14T19:49:40Z</time>
			</trkpt>
			<trkpt lat="35.4282756128556" lon="-83.59811424271268">
				<ele>580.8674005167559</ele>
				<time>2025-11-14T19:49:41Z</time>
			</trkpt>
			<trkpt lat="35.42828418835858" lon="-83.59814178777252">
				<ele>580.2023524176329</ele>
				<time>2025-11-14T19:49:42Z</time>
			</trkpt>
			<trkpt lat="35.42829171108401" lon="-83.5981659589637">
				<ele>581.3120142007247</ele>
				<time>2025-11-14T19:49:43Z</time>
			</trkpt>
			<trkpt lat="35.42829898625777" lon="-83.59819376894465">
				<ele>581.4851300604641</ele>
				<time>2025-11-14T19:49:44Z</time>
			</trkpt>
			<trkpt lat="35.42830747161726" lon="-83.59822620495461">
				<ele>582.3308431217447</ele>
				<time>2025-11-14T19:49:45Z</time>
			</trkpt>
			<trkpt lat="35.42831695688934" lon="-83.59828165737832">
				<ele>582.3291361639276</ele>
				<time>2025-11-14T19:49:47Z</time>
			</trkpt>
			<trkpt lat="35.42832001808314" lon="-83.59830430399026">
				<ele>582.5076717268676</ele>
				<time>2025-11-14T19:49:48Z</time>
			</trkpt>
			<trkpt lat="35.428323693366266" lon="-83.59833727690588">
				<ele>581.5980144254863</ele>
				<time>2025-11-14T19:49:49Z</time>
			</trkpt>
			<trkpt lat="35.4283264737719" lon="-83.5983726566159">
				<ele>581.9192458800972</ele>
				<time>2025-11-14T19:49:50Z</time>
			</trkpt>
			<trkpt lat="35.42832800747823" lon="-83.59840221203042">
				<ele>581.882475127466</ele>
				<time>2025-11-14T19:49:51Z</time>
			</trkpt>
			<trkpt lat="35.42832856167284" lon="-83.598443112233">
				<ele>583.0630717305467</ele>
				<time>2025-11-14T19:49:52Z</time>
			</trkpt>
			<trkpt lat="35.42832890279" lon="-83.5984682859438">
				<ele>581.6385908005759</ele>
				<time>2025-11-14T19:49:53Z</time>
			</trkpt>
			<trkpt lat="35.42832895815242" lon="-83.5985063875153">
				<ele>581.5386819597334</ele>
				<time>2025-11-14T19:49:54Z</time>
			</trkpt>
			<trkpt lat="35.428328958138835" lon="-83.59853896385529">
				<ele>583.5779032316059</ele>
				<time>2025-11-14T19:49:55Z</time>
			</trkpt>
			<trkpt lat="35.42832817333521" lon="-83.59856529404871">
				<ele>582.8256453508511</ele>
				<time>2025-11-14T19:49:56Z</time>
			</trkpt>
			<trkpt lat="35.42832602030103" lon="-83.59860871640089">
				<ele>582.0730968378484</ele>
				<time>2025-11-14T19:49:57Z</time>
			</trkpt>
			<trkpt lat="35.42832492399101" lon="-83.59863082684714">
				<ele>581.1513203354552</ele>
				<time>2025-11-14T19:49:58Z</time>
			</trkpt>
			<trkpt lat="35.42832324119067" lon="-83.59866476553896">
				<ele>580.6916480455548</ele>
				<time>2025-11-14T19:49:59Z</time>
			</trkpt>
			<trkpt lat="35.42832162463419" lon="-83.59869736802477">
				<ele>581.5883392291144</ele>
				<time>2025-11-14T19:50:00Z</time>
			</trkpt>
			<trkpt lat="35.42832011471852" lon="-83.59872781991963">
				<ele>581.4084801124409</ele>
				<time>2025-11-14T19:50:01Z</time>
			</trkpt>
			<trkpt lat="35.42831829996668" lon="-83.59876441976222">
				<ele>581.142500451766</ele>
				<time>2025-11-14T19:50:02Z</time>
			</trkpt>
			<trkpt lat="35.428316886724865" lon="-83.5987929221004">
				<ele>580.0852586422116</ele>
				<time>2025-11-14T19:50:03Z</time>
			</trkpt>
			<trkpt lat="35.42831406573177" lon="-83.59883609236039">
				<ele>580.2336536189541</ele>
				<time>2025-11-14T19:50:04Z</time>
			</trkpt>
			<trkpt lat="35.42831095968432" lon="-83.59887307967549">
				<ele>580.2075322493911</ele>
				<time>2025-11-14T19:50:05Z</time>
			</trkpt>
			<trkpt lat="35.428307843566806" lon="-83.59891018695613">
				<ele>580.0779657177627</ele>
				<time>2025-11-14T19:50:06Z</time>
			</trkpt>
			<trkpt lat="35.428303131144695" lon="-83.59895599578991">
				<ele>580.0869066752493</ele>
				<time>2025-11-14T19:50:07Z</time>
			</trkpt>
			<trkpt lat="35.42830001122807" lon="-83.59898076410967">
				<ele>579.629729940556</ele>
				<time>2025-11-14T19:50:08Z</time>
			</trkpt>
			<trkpt lat="35.42829132045521" lon="-83.59904100995772">
				<ele>577.8805157439783</ele>
				<time>2025-11-14T19:50:09Z</time>
			</trkpt>
			<trkpt lat="35.428280602026135" lon="-83.59909563196027">
				<ele>578.3926361119375</ele>
				<time>2025-11-14T19:50:11Z</time>
			</trkpt>
			<trkpt lat="35.4282679368071" lon="-83.5991355925445">
				<ele>578.5525489309803</ele>
				<time>2025-11-14T19:50:12Z</time>
			</trkpt>
			<trkpt lat="35.42825827175216" lon="-83.59916277829689">
				<ele>576.7204398438334</ele>
				<time>2025-11-14T19:50:13Z</time>
			</trkpt>
			<trkpt lat="35.42824920896692" lon="-83.59919697932334">
				<ele>577.0318786511198</ele>
				<time>2025-11-14T19:50:14Z</time>
			</trkpt>
			<trkpt lat="35.42823938065306" lon="-83.59923033244728">
				<ele>577.7923707971349</ele>
				<time>2025-11-14T19:50:15Z</time>
			</trkpt>
			<trkpt lat="35.428232941735935" lon="-83.59925742636447">
				<ele>576.4107645684853</ele>
				<time>2025-11-14T19:50:16Z</time>
			</trkpt>
			<trkpt lat="35.42821714912821" lon="-83.59930012245484">
				<ele>576.2122403047979</ele>
				<time>2025-11-14T19:50:17Z</time>
			</trkpt>
			<trkpt lat="35.428189086760405" lon="-83.59936813516774">
				<ele>577.9803599370643</ele>
				<time>2025-11-14T19:50:19Z</time>
			</trkpt>
			<trkpt lat="35.428168600851045" lon="-83.59941635864915">
				<ele>578.2761970944703</ele>
				<time>2025-11-14T19:50:21Z</time>
			</trkpt>
			<trkpt lat="35.42815525553978" lon="-83.59944777325848">
				<ele>578.3766569066793</ele>
				<time>2025-11-14T19:50:22Z</time>
			</trkpt>
			<trkpt lat="35.428143920104276" lon="-83.59947445668911">
				<ele>578.3830934157595</ele>
				<time>2025-11-14T19:50:23Z</time>
			</trkpt>
			<trkpt lat="35.42812604733636" lon="-83.59951708261802">
				<ele>578.5179643733427</ele>
				<time>2025-11-14T19:50:24Z</time>
			</trkpt>
			<trkpt lat="35.42809758362542" lon="-83.5995890058764">
				<ele>576.1386903738603</ele>
				<time>2025-11-14T19:50:26Z</time>
			</trkpt>
			<trkpt lat="35.42808953845749" lon="-83.59961193024913">
				<ele>577.5066448207945</ele>
				<time>2025-11-14T19:50:27Z</time>
			</trkpt>
			<trkpt lat="35.42807653392064" lon="-83.59964898618888">
				<ele>577.2032296108082</ele>
				<time>2025-11-14T19:50:28Z</time>
			</trkpt>
			<trkpt lat="35.42806467398974" lon="-83.59968265418847">
				<ele>576.1509734615684</ele>
				<time>2025-11-14T19:50:29Z</time>
			</trkpt>
			<trkpt lat="35.428051091945875" lon="-83.599722630469">
				<ele>577.3588919108734</ele>
				<time>2025-11-14T19:50:30Z</time>
			</trkpt>
			<trkpt lat="35.42804201040998" lon="-83.59974936028642">
				<ele>576.7968656839803</ele>
				<time>2025-11-14T19:50:31Z</time>
			</trkpt>
			<trkpt lat="35.428026135020005" lon="-83.59979608650872">
				<ele>577.8327373992652</ele>
				<time>2025-11-14T19:50:32Z</time>
			</trkpt>
			<trkpt lat="35.428018451853596" lon="-83.59981870049764">
				<ele>577.957612644881</ele>
				<time>2025-11-14T19:50:33Z</time>
			</trkpt>
			<trkpt lat="35.42800695805948" lon="-83.59985253032741">
				<ele>578.4752400200814</ele>
				<time>2025-11-14T19:50:34Z</time>
			</trkpt>
			<trkpt lat="35.42799550472702" lon="-83.59988624103202">
				<ele>580.1138645429164</ele>
				<time>2025-11-14T19:50:35Z</time>
			</trkpt>
			<trkpt lat="35.42798631730418" lon="-83.59991196062728">
				<ele>579.5208346201107</ele>
				<time>2025-11-14T19:50:36Z</time>
			</trkpt>
			<trkpt lat="35.427970990343695" lon="-83.59995458300367">
				<ele>580.2478892868385</ele>
				<time>2025-11-14T19:50:37Z</time>
			</trkpt>
			<trkpt lat="35.42796260811628" lon="-83.59997622874684">
				<ele>579.8386710938066</ele>
				<time>2025-11-14T19:50:38Z</time>
			</trkpt>
			<trkpt lat="35.42794595381163" lon="-83.60001810475539">
				<ele>579.7240910893306</ele>
				<time>2025-11-14T19:50:39Z</time>
			</trkpt>
			<trkpt lat="35.42793334785401" lon="-83.60004980145715">
				<ele>579.1365042543039</ele>
				<time>2025-11-14T19:50:40Z</time>
			</trkpt>
			<trkpt lat="35.4279224339346" lon="-83.6000769405854">
				<ele>578.9275683555752</ele>
				<time>2025-11-14T19:50:41Z</time>
			</trkpt>
			<trkpt lat="35.42790768255067" lon="-83.60011300685733">
				<ele>578.8117541885003</ele>
				<time>2025-11-14T19:50:42Z</time>
			</trkpt>
			<trkpt lat="35.42789949068641" lon="-83.60013303550622">
				<ele>579.6060393452644</ele>
				<time>2025-11-14T19:50:43Z</time>
			</trkpt>
			<trkpt lat="35.427885495787415" lon="-83.60016725217646">
				<ele>579.1825871327892</ele>
				<time>2025-11-14T19:50:44Z</time>
			</trkpt>
			<trkpt lat="35.42787331822072" lon="-83.60019702556305">
				<ele>580.0465649301186</ele>
				<time>2025-11-14T19:50:45Z</time>
			</trkpt>
			<trkpt lat="35.42786074057366" lon="-83.60022777718801">
				<ele>578.9234276497737</ele>
				<time>2025-11-14T19:50:46Z</time>
			</trkpt>
			<trkpt lat="35.42784564402793" lon="-83.60026468732933">
				<ele>579.8247612854466</ele>
				<time>2025-11-14T19:50:47Z</time>
			</trkpt>
			<trkpt lat="35.42783549634605" lon="-83.60028949786182">
				<ele>578.296398460865</ele>
				<time>2025-11-14T19:50:48Z</time>
			</trkpt>
			<trkpt lat="35.42782173766364" lon="-83.60032313699281">
				<ele>578.7604280579835</ele>
				<time>2025-11-14T19:50:49Z</time>
			</trkpt>
			<trkpt lat="35.4278098176534" lon="-83.60035228071904">
				<ele>576.8913629790768</ele>
				<time>2025-11-14T19:50:50Z</time>
			</trkpt>
			<trkpt lat="35.42779665526861" lon="-83.60038446201659">
				<ele>577.10814128723</ele>
				<time>2025-11-14T19:50:51Z</time>
			</trkpt>
			<trkpt lat="35.4277824819781" lon="-83.60041734447586">
				<ele>578.0961973341182</ele>
				<time>2025-11-14T19:50:52Z</time>
			</trkpt>
			<trkpt lat="35.42777084452541" lon="-83.60044362908577">
				<ele>576.9601217946038</ele>
				<time>2025-11-14T19:50:53Z</time>
			</trkpt>
			<trkpt lat="35.42775331258685" lon="-83.60048322703948">
				<ele>578.2373091243207</ele>
				<time>2025-11-14T19:50:54Z</time>
			</trkpt>
			<trkpt lat="35.427744253575526" lon="-83.60050368794431">
				<ele>577.8005710532889</ele>
				<time>2025-11-14T19:50:55Z</time>
			</trkpt>
			<trkpt lat="35.42772668635974" lon="-83.6005433656153">
				<ele>578.8250934639946</ele>
				<time>2025-11-14T19:50:56Z</time>
			</trkpt>
			<trkpt lat="35.42770256674647" lon="-83.60060001661957">
				<ele>578.3848413368687</ele>
				<time>2025-11-14T19:50:58Z</time>
			</trkpt>
			<trkpt lat="35.427680015707594" lon="-83.60065513779368">
				<ele>576.0866895392537</ele>
				<time>2025-11-14T19:51:00Z</time>
			</trkpt>
			<trkpt lat="35.427670564241424" lon="-83.60068083590444">
				<ele>575.2509009279311</ele>
				<time>2025-11-14T19:51:01Z</time>
			</trkpt>
			<trkpt lat="35.42765546127953" lon="-83.60072992218855">
				<ele>575.5752823892981</ele>
				<time>2025-11-14T19:51:02Z</time>
			</trkpt>
			<trkpt lat="35.427649120460536" lon="-83.60080624696299">
				<ele>574.5594554757699</ele>
				<time>2025-11-14T19:51:04Z</time>
			</trkpt>
			<trkpt lat="35.42765714481617" lon="-83.60082829558343">
				<ele>574.3595371460542</ele>
				<time>2025-11-14T19:51:05Z</time>
			</trkpt>
			<trkpt lat="35.42766364498764" lon="-83.60085827023907">
				<ele>573.0305250296369</ele>
				<time>2025-11-14T19:51:06Z</time>
			</trkpt>
			<trkpt lat="35.42767611006907" lon="-83.60088762089084">
				<ele>572.6871723989025</ele>
				<time>2025-11-14T19:51:07Z</time>
			</trkpt>
			<trkpt lat="35.42769363184979" lon="-83.60091989761432">
				<ele>572.7556124543771</ele>
				<time>2025-11-14T19:51:08Z</time>
			</trkpt>
			<trkpt lat="35.4276999523971" lon="-83.60094382522801">
				<ele>572.4351053312421</ele>
				<time>2025-11-14T19:51:09Z</time>
			</trkpt>
			<trkpt lat="35.42771840814342" lon="-83.60098997686671">
				<ele>571.5914042321965</ele>
				<time>2025-11-14T19:51:11Z</time>
			</trkpt>
			<trkpt lat="35.42773980121144" lon="-83.60103123433558">
				<ele>571.4253734136</ele>
				<time>2025-11-14T19:51:13Z</time>
			</trkpt>
			<trkpt lat="35.42776002296974" lon="-83.60107295405835">
				<ele>572.2974984757602</ele>
				<time>2025-11-14T19:51:15Z</time>
			</trkpt>
			<trkpt lat="35.427785157793906" lon="-83.6011186615117">
				<ele>573.0690880827606</ele>
				<time>2025-11-14T19:51:17Z</time>
			</trkpt>
			<trkpt lat="35.427805485200075" lon="-83.60115255377102">
				<ele>573.7602381370962</ele>
				<time>2025-11-14T19:51:19Z</time>
			</trkpt>
			<trkpt lat="35.42782081694187" lon="-83.60117802559103">
				<ele>573.4845814174041</ele>
				<time>2025-11-14T19:51:20Z</time>
			</trkpt>
			<trkpt lat="35.42784867060447" lon="-83.60122430110046">
				<ele>574.3760488014668</ele>
				<time>2025-11-14T19:51:22Z</time>
			</trkpt>
			<trkpt lat="35.4278601701569" lon="-83.6012434062085">
				<ele>574.6144903795794</ele>
				<time>2025-11-14T19:51:23Z</time>
			</trkpt>
			<trkpt lat="35.42787766940169" lon="-83.6012724791053">
				<ele>574.6684171603993</ele>
				<time>2025-11-14T19:51:24Z</time>
			</trkpt>
			<trkpt lat="35.42790458414284" lon="-83.60131719467718">
				<ele>575.1583394706249</ele>
				<time>2025-11-14T19:51:26Z</time>
			</trkpt>
			<trkpt lat="35.42791627582022" lon="-83.60133661898239">
				<ele>574.948298709467</ele>
				<time>2025-11-14T19:51:27Z</time>
			</trkpt>
			<trkpt lat="35.42792966582095" lon="-83.60135886485632">
				<ele>575.5999316722155</ele>
				<time>2025-11-14T19:51:28Z</time>
			</trkpt>
			<trkpt lat="35.42794113095756" lon="-83.60137791279213">
				<ele>575.0684555592015</ele>
				<time>2025-11-14T19:51:29Z</time>
			</trkpt>
			<trkpt lat="35.42795270057816" lon="-83.60139713431585">
				<ele>575.3893514769152</ele>
				<time>2025-11-14T19:51:30Z</time>
			</trkpt>
			<trkpt lat="35.42796648574307" lon="-83.601419453353">
				<ele>576.3746511545032</ele>
				<time>2025-11-14T19:51:31Z</time>
			</trkpt>
			<trkpt lat="35.42797466428524" lon="-83.60144110273704">
				<ele>575.9694206900895</ele>
				<time>2025-11-14T19:51:32Z</time>
			</trkpt>
			<trkpt lat="35.427990246925894" lon="-83.60146534007052">
				<ele>574.7762952428311</ele>
				<time>2025-11-14T19:51:33Z</time>
			</trkpt>
			<trkpt lat="35.42801109018548" lon="-83.60150048809626">
				<ele>576.0052795587108</ele>
				<time>2025-11-14T19:51:35Z</time>
			</trkpt>
			<trkpt lat="35.42803490554827" lon="-83.6015217823292">
				<ele>575.7678275285289</ele>
				<time>2025-11-14T19:51:37Z</time>
			</trkpt>
			<trkpt lat="35.42805600367093" lon="-83.6015285744066">
				<ele>575.6721913032234</ele>
				<time>2025-11-14T19:51:38Z</time>
			</trkpt>
			<trkpt lat="35.42807691611212" lon="-83.6015350120927">
				<ele>576.3391191065311</ele>
				<time>2025-11-14T19:51:40Z</time>
			</trkpt>
			<trkpt lat="35.42810288644565" lon="-83.60154639390792">
				<ele>574.9710870822892</ele>
				<time>2025-11-14T19:51:43Z</time>
			</trkpt>
			<trkpt lat="35.428123230675446" lon="-83.60154843036317">
				<ele>574.8952027168125</ele>
				<time>2025-11-14T19:51:44Z</time>
			</trkpt>
			<trkpt lat="35.428141501169165" lon="-83.60153259111101">
				<ele>574.5120238102973</ele>
				<time>2025-11-14T19:51:46Z</time>
			</trkpt>
			<trkpt lat="35.42815893584153" lon="-83.60151467300413">
				<ele>574.8258287664503</ele>
				<time>2025-11-14T19:51:48Z</time>
			</trkpt>
			<trkpt lat="35.42816337474582" lon="-83.6014789577058">
				<ele>575.8160323770717</ele>
				<time>2025-11-14T19:51:49Z</time>
			</trkpt>
			<trkpt lat="35.42814436684071" lon="-83.60145225178846">
				<ele>576.8509643292055</ele>
				<time>2025-11-14T19:51:52Z</time>
			</trkpt>
			<trkpt lat="35.42812949994136" lon="-83.60142966021145">
				<ele>577.1611064169556</ele>
				<time>2025-11-14T19:51:54Z</time>
			</trkpt>
			<trkpt lat="35.428111364185014" lon="-83.60141027004143">
				<ele>578.0119569208473</ele>
				<time>2025-11-14T19:51:57Z</time>
			</trkpt>
			<trkpt lat="35.42808756563229" lon="-83.60138482539188">
				<ele>578.420343356207</ele>
				<time>2025-11-14T19:51:59Z</time>
			</trkpt>
			<trkpt lat="35.428068902785185" lon="-83.60136487167354">
				<ele>578.389846464619</ele>
				<time>2025-11-14T19:52:01Z</time>
			</trkpt>
			<trkpt lat="35.42804857088754" lon="-83.60134118106653">
				<ele>577.8147939164191</ele>
				<time>2025-11-14T19:52:03Z</time>
			</trkpt>
			<trkpt lat="35.42802860564736" lon="-83.60131589176999">
				<ele>577.3279546936974</ele>
				<time>2025-11-14T19:52:05Z</time>
			</trkpt>
			<trkpt lat="35.4280138042708" lon="-83.60129509854029">
				<ele>577.6722897617146</ele>
				<time>2025-11-14T19:52:07Z</time>
			</trkpt>
			<trkpt lat="35.428002959618524" lon="-83.60127737498563">
				<ele>578.2250335523859</ele>
				<time>2025-11-14T19:52:08Z</time>
			</trkpt>
			<trkpt lat="35.42798836943322" lon="-83.601253530088">
				<ele>577.9835179913789</ele>
				<time>2025-11-14T19:52:10Z</time>
			</trkpt>
			<trkpt lat="35.42797037112433" lon="-83.60122411522899">
				<ele>578.3622258659452</ele>
				<time>2025-11-14T19:52:12Z</time>
			</trkpt>
			<trkpt lat="35.427959486975915" lon="-83.60120632712783">
				<ele>579.2488238438964</ele>
				<time>2025-11-14T19:52:13Z</time>
			</trkpt>
			<trkpt lat="35.42794739506423" lon="-83.60118656517976">
				<ele>578.8823590660468</ele>
				<time>2025-11-14T19:52:14Z</time>
			</trkpt>
			<trkpt lat="35.42793647808319" lon="-83.60116872342917">
				<ele>579.3415272319689</ele>
				<time>2025-11-14T19:52:15Z</time>
			</trkpt>
			<trkpt lat="35.42792499658151" lon="-83.60114939188652">
				<ele>578.6651252536103</ele>
				<time>2025-11-14T19:52:16Z</time>
			</trkpt>
			<trkpt lat="35.427914159112056" lon="-83.60112998657705">
				<ele>579.8200240219012</ele>
				<time>2025-11-14T19:52:17Z</time>
			</trkpt>
			<trkpt lat="35.42790358959667" lon="-83.60111106106814">
				<ele>579.2713401522487</ele>
				<time>2025-11-14T19:52:18Z</time>
			</trkpt>
			<trkpt lat="35.427893131699605" lon="-83.60109233540925">
				<ele>578.688669684343</ele>
				<time>2025-11-14T19:52:19Z</time>
			</trkpt>
			<trkpt lat="35.4278789407836" lon="-83.60106481024751">
				<ele>579.7372297700495</ele>
				<time>2025-11-14T19:52:21Z</time>
			</trkpt>
			<trkpt lat="35.42786388424444" lon="-83.6010318083177">
				<ele>580.2070585209876</ele>
				<time>2025-11-14T19:52:23Z</time>
			</trkpt>
			<trkpt lat="35.42785317666461" lon="-83.60100509205267">
				<ele>581.1935211829841</ele>
				<time>2025-11-14T19:52:25Z</time>
			</trkpt>
			<trkpt lat="35.427840892018054" lon="-83.60097137394845">
				<ele>581.1361853573471</ele>
				<time>2025-11-14T19:52:27Z</time>
			</trkpt>
			<trkpt lat="35.427832207322055" lon="-83.6009351688505">
				<ele>581.9056050712243</ele>
				<time>2025-11-14T19:52:29Z</time>
			</trkpt>
			<trkpt lat="35.42782830749049" lon="-83.60090834595205">
				<ele>582.0180059345439</ele>
				<time>2025-11-14T19:52:31Z</time>
			</trkpt>
			<trkpt lat="35.42782753993505" lon="-83.60087203527804">
				<ele>581.781877993606</ele>
				<time>2025-11-14T19:52:33Z</time>
			</trkpt>
			<trkpt lat="35.42783008112986" lon="-83.60084542163712">
				<ele>581.625760233961</ele>
				<time>2025-11-14T19:52:35Z</time>
			</trkpt>
			<trkpt lat="35.42783398206616" lon="-83.60082166131836">
				<ele>581.3310069181025</ele>
				<time>2025-11-14T19:52:36Z</time>
			</trkpt>
			<trkpt lat="35.4278452998137" lon="-83.60078793924892">
				<ele>580.9445577161387</ele>
				<time>2025-11-14T19:52:38Z</time>
			</trkpt>
			<trkpt lat="35.42785582617591" lon="-83.60076331333289">
				<ele>579.9010923905298</ele>
				<time>2025-11-14T19:52:39Z</time>
			</trkpt>
			<trkpt lat="35.42786692069675" lon="-83.60074226611175">
				<ele>579.2103476244956</ele>
				<time>2025-11-14T19:52:40Z</time>
			</trkpt>
			<trkpt lat="35.4278775254661" lon="-83.60072322236009">
				<ele>580.1565787792206</ele>
				<time>2025-11-14T19:52:41Z</time>
			</trkpt>
			<trkpt lat="35.42788852583403" lon="-83.6007034681502">
				<ele>580.7019985765219</ele>
				<time>2025-11-14T19:52:42Z</time>
			</trkpt>
			<trkpt lat="35.42790333260349" lon="-83.60068194622082">
				<ele>579.8221830734983</ele>
				<time>2025-11-14T19:52:43Z</time>
			</trkpt>
			<trkpt lat="35.427916876721106" lon="-83.60066238916744">
				<ele>580.3824410149828</ele>
				<time>2025-11-14T19:52:44Z</time>
			</trkpt>
			<trkpt lat="35.42793263320161" lon="-83.60063963756163">
				<ele>580.3839146513492</ele>
				<time>2025-11-14T19:52:45Z</time>
			</trkpt>
			<trkpt lat="35.42794819462414" lon="-83.60061716759482">
				<ele>580.8262552889064</ele>
				<time>2025-11-14T19:52:46Z</time>
			</trkpt>
			<trkpt lat="35.42796391108167" lon="-83.60059342965457">
				<ele>581.2872894909233</ele>
				<time>2025-11-14T19:52:47Z</time>
			</trkpt>
			<trkpt lat="35.42797853526166" lon="-83.60056994795161">
				<ele>581.9724449617788</ele>
				<time>2025-11-14T19:52:48Z</time>
			</trkpt>
			<trkpt lat="35.42799427954361" lon="-83.600545879922">
				<ele>581.9084016447887</ele>
				<time>2025-11-14T19:52:49Z</time>
			</trkpt>
			<trkpt lat="35.42801046819232" lon="-83.60052407859158">
				<ele>581.9694997724146</ele>
				<time>2025-11-14T19:52:50Z</time>
			</trkpt>
			<trkpt lat="35.428027253164764" lon="-83.60050342981374">
				<ele>581.8603938473389</ele>
				<time>2025-11-14T19:52:51Z</time>
			</trkpt>
			<trkpt lat="35.42803977582504" lon="-83.60048603596682">
				<ele>582.0373839093372</ele>
				<time>2025-11-14T19:52:52Z</time>
			</trkpt>
			<trkpt lat="35.42806911209658" lon="-83.60044963554888">
				<ele>581.9913570201024</ele>
				<time>2025-11-14T19:52:53Z</time>
			</trkpt>
			<trkpt lat="35.42810478768685" lon="-83.60040536932375">
				<ele>581.9444828433916</ele>
				<time>2025-11-14T19:52:55Z</time>
			</trkpt>
			<trkpt lat="35.42812439087587" lon="-83.60038037130201">
				<ele>581.5211073122919</ele>
				<time>2025-11-14T19:52:56Z</time>
			</trkpt>
			<trkpt lat="35.42814132209178" lon="-83.60035605751487">
				<ele>581.4778652396053</ele>
				<time>2025-11-14T19:52:57Z</time>
			</trkpt>
			<trkpt lat="35.42816386017901" lon="-83.60032220658897">
				<ele>581.1160199195147</ele>
				<time>2025-11-14T19:52:58Z</time>
			</trkpt>
			<trkpt lat="35.428199087993725" lon="-83.60025748944113">
				<ele>581.7361204056069</ele>
				<time>2025-11-14T19:53:00Z</time>
			</trkpt>
			<trkpt lat="35.42821939763384" lon="-83.60021488340377">
				<ele>581.9906094763428</ele>
				<time>2025-11-14T19:53:02Z</time>
			</trkpt>
			<trkpt lat="35.42823425497814" lon="-83.60018062514939">
				<ele>581.82657826785</ele>
				<time>2025-11-14T19:53:03Z</time>
			</trkpt>
			<trkpt lat="35.428245700424775" lon="-83.60015423417777">
				<ele>580.9629528168589</ele>
				<time>2025-11-14T19:53:04Z</time>
			</trkpt>
			<trkpt lat="35.42826219710664" lon="-83.60011619606338">
				<ele>580.0650251768529</ele>
				<time>2025-11-14T19:53:05Z</time>
			</trkpt>
			<trkpt lat="35.42828831109168" lon="-83.60005598239583">
				<ele>581.2217496084049</ele>
				<time>2025-11-14T19:53:07Z</time>
			</trkpt>
			<trkpt lat="35.42830705867568" lon="-83.60001275412309">
				<ele>582.3825084986165</ele>
				<time>2025-11-14T19:53:09Z</time>
			</trkpt>
			<trkpt lat="35.428320106844296" lon="-83.59998408280889">
				<ele>582.3752175504342</ele>
				<time>2025-11-14T19:53:10Z</time>
			</trkpt>
			<trkpt lat="35.42833229635072" lon="-83.59995961098964">
				<ele>582.8260062905028</ele>
				<time>2025-11-14T19:53:11Z</time>
			</trkpt>
			<trkpt lat="35.42834859228145" lon="-83.59992689505047">
				<ele>583.4521027477458</ele>
				<time>2025-11-14T19:53:12Z</time>
			</trkpt>
			<trkpt lat="35.42835920709124" lon="-83.59990638603762">
				<ele>583.8554346775636</ele>
				<time>2025-11-14T19:53:13Z</time>
			</trkpt>
			<trkpt lat="35.42837611584358" lon="-83.59987681612057">
				<ele>584.1977326618508</ele>
				<time>2025-11-14T19:53:14Z</time>
			</trkpt>
			<trkpt lat="35.42839070638902" lon="-83.59985414743633">
				<ele>584.3105557076633</ele>
				<time>2025-11-14T19:53:15Z</time>
			</trkpt>
			<trkpt lat="35.42840730167149" lon="-83.5998292866382">
				<ele>584.7647957904264</ele>
				<time>2025-11-14T19:53:16Z</time>
			</trkpt>
			<trkpt lat="35.428428679175454" lon="-83.59979830926936">
				<ele>584.2759341904894</ele>
				<time>2025-11-14T19:53:17Z</time>
			</trkpt>
			<trkpt lat="35.42844197699085" lon="-83.5997790398644">
				<ele>583.6106959115714</ele>
				<time>2025-11-14T19:53:18Z</time>
			</trkpt>
			<trkpt lat="35.428462355746106" lon="-83.59975165142676">
				<ele>584.4451579414308</ele>
				<time>2025-11-14T19:53:19Z</time>
			</trkpt>
			<trkpt lat="35.42847955211806" lon="-83.59973031332504">
				<ele>583.8774405941367</ele>
				<time>2025-11-14T19:53:20Z</time>
			</trkpt>
			<trkpt lat="35.42850086261434" lon="-83.5997038701912">
				<ele>584.0039356248453</ele>
				<time>2025-11-14T19:53:21Z</time>
			</trkpt>
			<trkpt lat="35.428521896255226" lon="-83.59967777071427">
				<ele>583.6966952262446</ele>
				<time>2025-11-14T19:53:22Z</time>
			</trkpt>
			<trkpt lat="35.42853556225747" lon="-83.59966081328457">
				<ele>584.4233499383554</ele>
				<time>2025-11-14T19:53:23Z</time>
			</trkpt>
			<trkpt lat="35.428561601027354" lon="-83.59962844353021">
				<ele>584.6382941277698</ele>
				<time>2025-11-14T19:53:24Z</time>
			</trkpt>
			<trkpt lat="35.42859439289852" lon="-83.59958733438476">
				<ele>586.0899057080969</ele>
				<time>2025-11-14T19:53:26Z</time>
			</trkpt>
			<trkpt lat="35.4286204441559" lon="-83.59955250642113">
				<ele>587.3493532128632</ele>
				<time>2025-11-14T19:53:28Z</time>
			</trkpt>
			<trkpt lat="35.428637827529144" lon="-83.59952839005008">
				<ele>588.0768838729709</ele>
				<time>2025-11-14T19:53:29Z</time>
			</trkpt>
			<trkpt lat="35.428662554098274" lon="-83.59949286415089">
				<ele>588.035631946288</ele>
				<time>2025-11-14T19:53:31Z</time>
			</trkpt>
			<trkpt lat="35.42869480400327" lon="-83.59944577647356">
				<ele>587.6137646818534</ele>
				<time>2025-11-14T19:53:33Z</time>
			</trkpt>
			<trkpt lat="35.42871806002532" lon="-83.59941146727861">
				<ele>589.3902879822999</ele>
				<time>2025-11-14T19:53:35Z</time>
			</trkpt>
			<trkpt lat="35.42873664811606" lon="-83.59938273452931">
				<ele>589.9457561448216</ele>
				<time>2025-11-14T19:53:37Z</time>
			</trkpt>
			<trkpt lat="35.428751316094655" lon="-83.59935731797931">
				<ele>590.3255074527115</ele>
				<time>2025-11-14T19:53:38Z</time>
			</trkpt>
			<trkpt lat="35.42876601818468" lon="-83.59933027061938">
				<ele>590.111746493727</ele>
				<time>2025-11-14T19:53:40Z</time>
			</trkpt>
			<trkpt lat="35.4287793568378" lon="-83.59930152859309">
				<ele>590.9963209452108</ele>
				<time>2025-11-14T19:53:42Z</time>
			</trkpt>
			<trkpt lat="35.42879525759007" lon="-83.59926330001218">
				<ele>591.175961855799</ele>
				<time>2025-11-14T19:53:44Z</time>
			</trkpt>
			<trkpt lat="35.428804078798535" lon="-83.59923960878473">
				<ele>591.912361131981</ele>
				<time>2025-11-14T19:53:46Z</time>
			</trkpt>
			<trkpt lat="35.42881156536746" lon="-83.59921916197952">
				<ele>592.1222722306848</ele>
				<time>2025-11-14T19:53:47Z</time>
			</trkpt>
			<trkpt lat="35.42882102113772" lon="-83.59919055152835">
				<ele>592.0810297513381</ele>
				<time>2025-11-14T19:53:49Z</time>
			</trkpt>
			<trkpt lat="35.428842075756805" lon="-83.59921442389867">
				<ele>591.8395160352811</ele>
				<time>2025-11-14T19:53:51Z</time>
			</trkpt>
			<trkpt lat="35.42885083615956" lon="-83.59923757871671">
				<ele>591.4385649068281</ele>
				<time>2025-11-14T19:53:52Z</time>
			</trkpt>
			<trkpt lat="35.42885788792505" lon="-83.59926120354613">
				<ele>591.5924355275929</ele>
				<time>2025-11-14T19:53:53Z</time>
			</trkpt>
			<trkpt lat="35.428860259260716" lon="-83.59930042933709">
				<ele>590.4305439023301</ele>
				<time>2025-11-14T19:53:55Z</time>
			</trkpt>
			<trkpt lat="35.428847667542605" lon="-83.59932484645168">
				<ele>591.940140853636</ele>
				<time>2025-11-14T19:53:56Z</time>
			</trkpt>
			<trkpt lat="35.428835032540434" lon="-83.59935443251756">
				<ele>591.2425729427487</ele>
				<time>2025-11-14T19:53:57Z</time>
			</trkpt>
			<trkpt lat="35.42881546700487" lon="-83.59938819469151">
				<ele>592.1968387700617</ele>
				<time>2025-11-14T19:53:58Z</time>
			</trkpt>
			<trkpt lat="35.42880389404406" lon="-83.5994110361816">
				<ele>591.462021320127</ele>
				<time>2025-11-14T19:53:59Z</time>
			</trkpt>
			<trkpt lat="35.428700616544624" lon="-83.59958679178263">
				<ele>587.8463303027675</ele>
				<time>2025-11-14T19:54:00Z</time>
			</trkpt>
			<trkpt lat="35.428653182183716" lon="-83.5996564894529">
				<ele>586.7759279171005</ele>
				<time>2025-11-14T19:54:01Z</time>
			</trkpt>
			<trkpt lat="35.42861131684666" lon="-83.5997346302477">
				<ele>585.8391851037741</ele>
				<time>2025-11-14T19:54:02Z</time>
			</trkpt>
			<trkpt lat="35.42856924137066" lon="-83.59980803085523">
				<ele>584.825025646016</ele>
				<time>2025-11-14T19:54:03Z</time>
			</trkpt>
			<trkpt lat="35.42854620488184" lon="-83.59985093321538">
				<ele>583.6626080824062</ele>
				<time>2025-11-14T19:54:04Z</time>
			</trkpt>
			<trkpt lat="35.42850525792297" lon="-83.59987254167335">
				<ele>582.953299661167</ele>
				<time>2025-11-14T19:54:05Z</time>
			</trkpt>
			<trkpt lat="35.428498874207904" lon="-83.59985096056539">
				<ele>581.602625304833</ele>
				<time>2025-11-14T19:54:11Z</time>
			</trkpt>
			<trkpt lat="35.42848005245115" lon="-83.59985069086636">
				<ele>581.3893551044166</ele>
				<time>2025-11-14T19:54:14Z</time>
			</trkpt>
			<trkpt lat="35.42847587772123" lon="-83.59981770639138">
				<ele>581.1391752995551</ele>
				<time>2025-11-14T19:54:17Z</time>
			</trkpt>
			<trkpt lat="35.428490630051954" lon="-83.59979107325817">
				<ele>581.299182632938</ele>
				<time>2025-11-14T19:54:19Z</time>
			</trkpt>
			<trkpt lat="35.42844190038612" lon="-83.59978375718941">
				<ele>585.1844780957326</ele>
				<time>2025-11-14T19:54:20Z</time>
			</trkpt>
			<trkpt lat="35.42845733977959" lon="-83.59976297238005">
				<ele>585.342788268812</ele>
				<time>2025-11-14T19:54:21Z</time>
			</trkpt>
			<trkpt lat="35.42848247173334" lon="-83.59973939655869">
				<ele>585.5476677715778</ele>
				<time>2025-11-14T19:54:22Z</time>
			</trkpt>
			<trkpt lat="35.42849897550569" lon="-83.59971734001186">
				<ele>584.6809348426759</ele>
				<time>2025-11-14T19:54:23Z</time>
			</trkpt>
			<trkpt lat="35.428517125408966" lon="-83.59968167904456">
				<ele>584.8110436396673</ele>
				<time>2025-11-14T19:54:24Z</time>
			</trkpt>
			<trkpt lat="35.42853190345887" lon="-83.59965398570877">
				<ele>585.0591357275844</ele>
				<time>2025-11-14T19:54:25Z</time>
			</trkpt>
			<trkpt lat="35.428547874996156" lon="-83.59962565915592">
				<ele>585.2941077891737</ele>
				<time>2025-11-14T19:54:26Z</time>
			</trkpt>
			<trkpt lat="35.42856286986168" lon="-83.59959353854346">
				<ele>585.3740673502907</ele>
				<time>2025-11-14T19:54:27Z</time>
			</trkpt>
			<trkpt lat="35.428574664931226" lon="-83.59957174683436">
				<ele>585.8813166292384</ele>
				<time>2025-11-14T19:54:28Z</time>
			</trkpt>
			<trkpt lat="35.42859337171827" lon="-83.59954375369648">
				<ele>586.5235418183729</ele>
				<time>2025-11-14T19:54:29Z</time>
			</trkpt>
			<trkpt lat="35.42861294378475" lon="-83.59952306758008">
				<ele>587.1908659515902</ele>
				<time>2025-11-14T19:54:30Z</time>
			</trkpt>
			<trkpt lat="35.4286268419645" lon="-83.59950216995323">
				<ele>587.6553422044963</ele>
				<time>2025-11-14T19:54:31Z</time>
			</trkpt>
			<trkpt lat="35.42863878237918" lon="-83.59948442618177">
				<ele>587.9810398230329</ele>
				<time>2025-11-14T19:54:32Z</time>
			</trkpt>
			<trkpt lat="35.428668072274625" lon="-83.5994551093921">
				<ele>589.2057898370549</ele>
				<time>2025-11-14T19:54:34Z</time>
			</trkpt>
			<trkpt lat="35.428685359266865" lon="-83.59944256106945">
				<ele>589.1164163108915</ele>
				<time>2025-11-14T19:54:35Z</time>
			</trkpt>
			<trkpt lat="35.42869865003625" lon="-83.59942758960034">
				<ele>589.608571513556</ele>
				<time>2025-11-14T19:54:36Z</time>
			</trkpt>
			<trkpt lat="35.42871024709656" lon="-83.59941010735552">
				<ele>590.4319106386974</ele>
				<time>2025-11-14T19:54:37Z</time>
			</trkpt>
			<trkpt lat="35.428723636973686" lon="-83.5993932684459">
				<ele>590.9054681435227</ele>
				<time>2025-11-14T19:54:38Z</time>
			</trkpt>
			<trkpt lat="35.428737035639074" lon="-83.59937485439627">
				<ele>590.7454110253602</ele>
				<time>2025-11-14T19:54:39Z</time>
			</trkpt>
			<trkpt lat="35.42875032870711" lon="-83.59935514159348">
				<ele>590.7454309612513</ele>
				<time>2025-11-14T19:54:40Z</time>
			</trkpt>
			<trkpt lat="35.428770586267596" lon="-83.59932068924739">
				<ele>591.9209917308763</ele>
				<time>2025-11-14T19:54:42Z</time>
			</trkpt>
			<trkpt lat="35.42877998028384" lon="-83.59930072692788">
				<ele>592.7844711346552</ele>
				<time>2025-11-14T19:54:44Z</time>
			</trkpt>
			<trkpt lat="35.42879301755034" lon="-83.59926905517756">
				<ele>594.0090996986255</ele>
				<time>2025-11-14T19:54:46Z</time>
			</trkpt>
			<trkpt lat="35.42880505422525" lon="-83.59923698912306">
				<ele>593.9850940741599</ele>
				<time>2025-11-14T19:54:48Z</time>
			</trkpt>
			<trkpt lat="35.428812393933185" lon="-83.59921665498292">
				<ele>592.6168379019946</ele>
				<time>2025-11-14T19:54:53Z</time>
			</trkpt>
			<trkpt lat="35.42882064927391" lon="-83.599193860682">
				<ele>591.9438640242442</ele>
				<time>2025-11-14T19:55:01Z</time>
			</trkpt>
			<trkpt lat="35.42883322182572" lon="-83.59917717127347">
				<ele>592.0922012114897</ele>
				<time>2025-11-14T19:55:05Z</time>
			</trkpt>
			<trkpt lat="35.42885128522022" lon="-83.59917568320303">
				<ele>591.2421291172504</ele>
				<time>2025-11-14T19:55:11Z</time>
			</trkpt>
			<trkpt lat="35.428866591870374" lon="-83.59916254603544">
				<ele>591.5760613204911</ele>
				<time>2025-11-14T19:55:23Z</time>
			</trkpt>
			<trkpt lat="35.42885239800585" lon="-83.59913759541118">
				<ele>595.6073200693354</ele>
				<time>2025-11-14T19:55:50Z</time>
			</trkpt>
			<trkpt lat="35.42885168667924" lon="-83.59916817426718">
				<ele>594.2889949707314</ele>
				<time>2025-11-14T19:56:05Z</time>
			</trkpt>
			<trkpt lat="35.42886158638767" lon="-83.5991889841266">
				<ele>594.5771125303581</ele>
				<time>2025-11-14T19:56:08Z</time>
			</trkpt>
			<trkpt lat="35.42888407196752" lon="-83.59919537207561">
				<ele>595.4711540201679</ele>
				<time>2025-11-14T19:57:02Z</time>
			</trkpt>
			<trkpt lat="35.428902762449205" lon="-83.59920552382044">
				<ele>596.8791702967137</ele>
				<time>2025-11-14T19:57:17Z</time>
			</trkpt>
			<trkpt lat="35.42891160969703" lon="-83.59918384675369">
				<ele>595.6283380286768</ele>
				<time>2025-11-14T19:57:47Z</time>
			</trkpt>
			<trkpt lat="35.42889302084539" lon="-83.59917765268195">
				<ele>593.4833787577227</ele>
				<time>2025-11-14T19:58:15Z</time>
			</trkpt>
			<trkpt lat="35.428876159055676" lon="-83.59918735300297">
				<ele>592.59158467222</ele>
				<time>2025-11-14T19:58:40Z</time>
			</trkpt>
			<trkpt lat="35.42889221000021" lon="-83.59920705896023">
				<ele>594.0205359198153</ele>
				<time>2025-11-14T19:58:57Z</time>
			</trkpt>
			<trkpt lat="35.428897255014704" lon="-83.59917848049913">
				<ele>596.4073903234676</ele>
				<time>2025-11-14T19:59:31Z</time>
			</trkpt>
			<trkpt lat="35.42888487366468" lon="-83.59915127648854">
				<ele>596.2103777881712</ele>
				<time>2025-11-14T19:59:34Z</time>
			</trkpt>
			<trkpt lat="35.42888459300542" lon="-83.59911898925196">
				<ele>595.4792687194422</ele>
				<time>2025-11-14T19:59:35Z</time>
			</trkpt>
			<trkpt lat="35.42888687664757" lon="-83.59909666051124">
				<ele>595.8136143730953</ele>
				<time>2025-11-14T19:59:36Z</time>
			</trkpt>
			<trkpt lat="35.428892617337816" lon="-83.59907125784953">
				<ele>596.2694072416052</ele>
				<time>2025-11-14T19:59:37Z</time>
			</trkpt>
			<trkpt lat="35.42889393136771" lon="-83.59904600258206">
				<ele>597.0852463943884</ele>
				<time>2025-11-14T19:59:38Z</time>
			</trkpt>
			<trkpt lat="35.428890207931055" lon="-83.59900672172503">
				<ele>598.0182597571984</ele>
				<time>2025-11-14T19:59:39Z</time>
			</trkpt>
			<trkpt lat="35.42889173636666" lon="-83.59896868339463">
				<ele>597.9876483557746</ele>
				<time>2025-11-14T19:59:40Z</time>
			</trkpt>
			<trkpt lat="35.42889658895544" lon="-83.5989163710325">
				<ele>597.1768695563078</ele>
				<time>2025-11-14T19:59:41Z</time>
			</trkpt>
			<trkpt lat="35.42890334597097" lon="-83.59886034292995">
				<ele>596.5903832577169</ele>
				<time>2025-11-14T19:59:42Z</time>
			</trkpt>
			<trkpt lat="35.42890334613216" lon="-83.59881363164709">
				<ele>595.477340426296</ele>
				<time>2025-11-14T19:59:43Z</time>
			</trkpt>
			<trkpt lat="35.4288822994986" lon="-83.59874914811434">
				<ele>594.8088522488251</ele>
				<time>2025-11-14T19:59:44Z</time>
			</trkpt>
			<trkpt lat="35.428850379071456" lon="-83.59868045764651">
				<ele>592.9248066833243</ele>
				<time>2025-11-14T19:59:45Z</time>
			</trkpt>
			<trkpt lat="35.42880911477698" lon="-83.5985999690718">
				<ele>591.5148836430162</ele>
				<time>2025-11-14T19:59:46Z</time>
			</trkpt>
			<trkpt lat="35.42876856042339" lon="-83.5985169858259">
				<ele>591.3265398545191</ele>
				<time>2025-11-14T19:59:47Z</time>
			</trkpt>
			<trkpt lat="35.42872296934401" lon="-83.59842580859728">
				<ele>590.9236453035846</ele>
				<time>2025-11-14T19:59:48Z</time>
			</trkpt>
			<trkpt lat="35.42868068670165" lon="-83.59833729987032">
				<ele>590.8254148317501</ele>
				<time>2025-11-14T19:59:49Z</time>
			</trkpt>
			<trkpt lat="35.42864882460895" lon="-83.59824146499545">
				<ele>590.0973496548831</ele>
				<time>2025-11-14T19:59:50Z</time>
			</trkpt>
			<trkpt lat="35.42862319966817" lon="-83.59814430707685">
				<ele>591.4171462245286</ele>
				<time>2025-11-14T19:59:51Z</time>
			</trkpt>
			<trkpt lat="35.42861897267687" lon="-83.59805234682223">
				<ele>590.3860849170014</ele>
				<time>2025-11-14T19:59:52Z</time>
			</trkpt>
			<trkpt lat="35.428632524993326" lon="-83.5979619745853">
				<ele>590.5278476066887</ele>
				<time>2025-11-14T19:59:53Z</time>
			</trkpt>
			<trkpt lat="35.428652281070306" lon="-83.597905945279">
				<ele>591.7182966498658</ele>
				<time>2025-11-14T19:59:54Z</time>
			</trkpt>
			<trkpt lat="35.42867020495328" lon="-83.59787010988221">
				<ele>592.7113792886958</ele>
				<time>2025-11-14T19:59:55Z</time>
			</trkpt>
			<trkpt lat="35.42867263320323" lon="-83.59784487993126">
				<ele>594.2969163777307</ele>
				<time>2025-11-14T19:59:56Z</time>
			</trkpt>
			<trkpt lat="35.42868919998402" lon="-83.59780632334017">
				<ele>596.4193178582937</ele>
				<time>2025-11-14T19:59:58Z</time>
			</trkpt>
			<trkpt lat="35.42869548329083" lon="-83.59778405975706">
				<ele>596.7790622795001</ele>
				<time>2025-11-14T19:59:59Z</time>
			</trkpt>
			<trkpt lat="35.42870562236912" lon="-83.59775891480865">
				<ele>597.0068526184186</ele>
				<time>2025-11-14T20:00:00Z</time>
			</trkpt>
			<trkpt lat="35.42872063869286" lon="-83.59772927489118">
				<ele>596.5853280136362</ele>
				<time>2025-11-14T20:00:01Z</time>
			</trkpt>
			<trkpt lat="35.42872964870968" lon="-83.59770049473676">
				<ele>596.266669685021</ele>
				<time>2025-11-14T20:00:02Z</time>
			</trkpt>
			<trkpt lat="35.4287366566208" lon="-83.59765420503493">
				<ele>599.1948441797867</ele>
				<time>2025-11-14T20:00:04Z</time>
			</trkpt>
			<trkpt lat="35.42874256514589" lon="-83.59762385954711">
				<ele>599.9527200143784</ele>
				<time>2025-11-14T20:00:05Z</time>
			</trkpt>
			<trkpt lat="35.42874762868836" lon="-83.5975994968677">
				<ele>599.4153535468504</ele>
				<time>2025-11-14T20:00:06Z</time>
			</trkpt>
			<trkpt lat="35.42875160162674" lon="-83.59757310045394">
				<ele>598.3674534922466</ele>
				<time>2025-11-14T20:00:07Z</time>
			</trkpt>
			<trkpt lat="35.42876455177257" lon="-83.59753036425563">
				<ele>601.1832820195705</ele>
				<time>2025-11-14T20:00:09Z</time>
			</trkpt>
			<trkpt lat="35.42877386969246" lon="-83.59750526033777">
				<ele>600.2318118643016</ele>
				<time>2025-11-14T20:00:10Z</time>
			</trkpt>
			<trkpt lat="35.42877952139952" lon="-83.59748047741392">
				<ele>600.7839452540502</ele>
				<time>2025-11-14T20:00:11Z</time>
			</trkpt>
			<trkpt lat="35.428781545544794" lon="-83.59745640230284">
				<ele>601.1870633773506</ele>
				<time>2025-11-14T20:00:12Z</time>
			</trkpt>
			<trkpt lat="35.42880046410213" lon="-83.59741513328373">
				<ele>602.2024734076113</ele>
				<time>2025-11-14T20:00:14Z</time>
			</trkpt>
			<trkpt lat="35.42881386110224" lon="-83.5973708002948">
				<ele>601.0311124613509</ele>
				<time>2025-11-14T20:00:16Z</time>
			</trkpt>
			<trkpt lat="35.42883182786334" lon="-83.59732987887247">
				<ele>599.3812230806798</ele>
				<time>2025-11-14T20:00:18Z</time>
			</trkpt>
			<trkpt lat="35.428846233651406" lon="-83.59731024465087">
				<ele>599.1523193558678</ele>
				<time>2025-11-14T20:00:19Z</time>
			</trkpt>
			<trkpt lat="35.42885715184606" lon="-83.59728658602238">
				<ele>599.2229179702699</ele>
				<time>2025-11-14T20:00:20Z</time>
			</trkpt>
			<trkpt lat="35.42887028076696" lon="-83.59725098850635">
				<ele>600.1169195305556</ele>
				<time>2025-11-14T20:00:22Z</time>
			</trkpt>
			<trkpt lat="35.42888504036879" lon="-83.59722288902965">
				<ele>600.7637766459957</ele>
				<time>2025-11-14T20:00:25Z</time>
			</trkpt>
			<trkpt lat="35.428891903586525" lon="-83.59718709739852">
				<ele>600.6212204452604</ele>
				<time>2025-11-14T20:00:28Z</time>
			</trkpt>
			<trkpt lat="35.42890064164979" lon="-83.59716444410502">
				<ele>600.6637143418193</ele>
				<time>2025-11-14T20:00:30Z</time>
			</trkpt>
			<trkpt lat="35.428903806381236" lon="-83.5971388159531">
				<ele>601.8165861507878</ele>
				<time>2025-11-14T20:00:32Z</time>
			</trkpt>
			<trkpt lat="35.42890970619591" lon="-83.59711769940493">
				<ele>601.2312944866717</ele>
				<time>2025-11-14T20:00:34Z</time>
			</trkpt>
			<trkpt lat="35.42891681095276" lon="-83.59709349283406">
				<ele>601.6906698578969</ele>
				<time>2025-11-14T20:00:36Z</time>
			</trkpt>
			<trkpt lat="35.428924206459115" lon="-83.59706193465006">
				<ele>602.3329843934625</ele>
				<time>2025-11-14T20:00:38Z</time>
			</trkpt>
			<trkpt lat="35.42893061189075" lon="-83.59703116901291">
				<ele>602.0245773503557</ele>
				<time>2025-11-14T20:00:40Z</time>
			</trkpt>
			<trkpt lat="35.428934956824556" lon="-83.59700921861482">
				<ele>601.6188391568139</ele>
				<time>2025-11-14T20:00:42Z</time>
			</trkpt>
			<trkpt lat="35.42893942967669" lon="-83.59698205115218">
				<ele>601.8196044079959</ele>
				<time>2025-11-14T20:00:44Z</time>
			</trkpt>
			<trkpt lat="35.428942806897766" lon="-83.5969491677532">
				<ele>601.5143276229501</ele>
				<time>2025-11-14T20:00:46Z</time>
			</trkpt>
			<trkpt lat="35.42894374197818" lon="-83.59691613490264">
				<ele>601.1404139352962</ele>
				<time>2025-11-14T20:00:48Z</time>
			</trkpt>
			<trkpt lat="35.428943242586705" lon="-83.59689349602591">
				<ele>601.9780704891309</ele>
				<time>2025-11-14T20:00:49Z</time>
			</trkpt>
			<trkpt lat="35.428941788296235" lon="-83.59687049184649">
				<ele>601.5386104518548</ele>
				<time>2025-11-14T20:00:50Z</time>
			</trkpt>
			<trkpt lat="35.428938951960475" lon="-83.59684838302545">
				<ele>601.7300516525283</ele>
				<time>2025-11-14T20:00:51Z</time>
			</trkpt>
			<trkpt lat="35.42893222769264" lon="-83.59681393249949">
				<ele>601.0493277851492</ele>
				<time>2025-11-14T20:00:53Z</time>
			</trkpt>
			<trkpt lat="35.42892756897237" lon="-83.59679195119632">
				<ele>601.8524372735992</ele>
				<time>2025-11-14T20:00:54Z</time>
			</trkpt>
			<trkpt lat="35.428918666263364" lon="-83.59675905016378">
				<ele>602.7105273259804</ele>
				<time>2025-11-14T20:00:56Z</time>
			</trkpt>
			<trkpt lat="35.4289040144431" lon="-83.59671265469906">
				<ele>602.9106438662857</ele>
				<time>2025-11-14T20:00:58Z</time>
			</trkpt>
			<trkpt lat="35.42889650693069" lon="-83.59669256533869">
				<ele>603.1723335226998</ele>
				<time>2025-11-14T20:00:59Z</time>
			</trkpt>
			<trkpt lat="35.42888421987008" lon="-83.59665968638123">
				<ele>603.536371242255</ele>
				<time>2025-11-14T20:01:00Z</time>
			</trkpt>
			<trkpt lat="35.428865647479476" lon="-83.59662049735256">
				<ele>604.0188921680674</ele>
				<time>2025-11-14T20:01:01Z</time>
			</trkpt>
			<trkpt lat="35.428822655791095" lon="-83.59653291330075">
				<ele>603.8810473149642</ele>
				<time>2025-11-14T20:01:02Z</time>
			</trkpt>
			<trkpt lat="35.4287925722353" lon="-83.59648033116004">
				<ele>603.9344503786415</ele>
				<time>2025-11-14T20:01:03Z</time>
			</trkpt>
			<trkpt lat="35.42876562689197" lon="-83.59644136143505">
				<ele>605.3549652565271</ele>
				<time>2025-11-14T20:01:04Z</time>
			</trkpt>
			<trkpt lat="35.428730586216254" lon="-83.59641642663641">
				<ele>605.7703204378486</ele>
				<time>2025-11-14T20:01:05Z</time>
			</trkpt>
			<trkpt lat="35.42871161176823" lon="-83.59639751498324">
				<ele>606.5927568534389</ele>
				<time>2025-11-14T20:01:06Z</time>
			</trkpt>
			<trkpt lat="35.42869172809707" lon="-83.59636903348783">
				<ele>605.8860246641561</ele>
				<time>2025-11-14T20:01:10Z</time>
			</trkpt>
			<trkpt lat="35.428668678098" lon="-83.59635554732276">
				<ele>605.316230725497</ele>
				<time>2025-11-14T20:01:11Z</time>
			</trkpt>
			<trkpt lat="35.4286281582351" lon="-83.59633799464318">
				<ele>604.6122967265546</ele>
				<time>2025-11-14T20:01:12Z</time>
			</trkpt>
			<trkpt lat="35.42860047401908" lon="-83.5963172655165">
				<ele>605.6516845487058</ele>
				<time>2025-11-14T20:01:13Z</time>
			</trkpt>
			<trkpt lat="35.42857175450661" lon="-83.59629580658985">
				<ele>605.8801302285865</ele>
				<time>2025-11-14T20:01:14Z</time>
			</trkpt>
			<trkpt lat="35.42852822681589" lon="-83.5962666679564">
				<ele>605.182022197172</ele>
				<time>2025-11-14T20:01:15Z</time>
			</trkpt>
			<trkpt lat="35.42849621194045" lon="-83.59623466939532">
				<ele>605.662927643396</ele>
				<time>2025-11-14T20:01:16Z</time>
			</trkpt>
			<trkpt lat="35.42846934970018" lon="-83.59619865603075">
				<ele>605.0519371721894</ele>
				<time>2025-11-14T20:01:17Z</time>
			</trkpt>
			<trkpt lat="35.42843609267224" lon="-83.5961303978355">
				<ele>603.6704924367368</ele>
				<time>2025-11-14T20:01:18Z</time>
			</trkpt>
			<trkpt lat="35.428402544055594" lon="-83.59604545474326">
				<ele>602.4908101595938</ele>
				<time>2025-11-14T20:01:19Z</time>
			</trkpt>
			<trkpt lat="35.42835548333468" lon="-83.59597479832276">
				<ele>601.0511460602283</ele>
				<time>2025-11-14T20:01:20Z</time>
			</trkpt>
			<trkpt lat="35.42830399716679" lon="-83.59590430784831">
				<ele>598.2555997120216</ele>
				<time>2025-11-14T20:01:21Z</time>
			</trkpt>
			<trkpt lat="35.42825693650139" lon="-83.59582514869166">
				<ele>597.676282373257</ele>
				<time>2025-11-14T20:01:22Z</time>
			</trkpt>
			<trkpt lat="35.42821071755021" lon="-83.59576069876952">
				<ele>595.198722277768</ele>
				<time>2025-11-14T20:01:23Z</time>
			</trkpt>
			<trkpt lat="35.42817285994905" lon="-83.59572978909256">
				<ele>592.5808435184881</ele>
				<time>2025-11-14T20:01:24Z</time>
			</trkpt>
			<trkpt lat="35.42812060963474" lon="-83.59570720913494">
				<ele>590.6857567084953</ele>
				<time>2025-11-14T20:01:25Z</time>
			</trkpt>
			<trkpt lat="35.42805774476221" lon="-83.59570734511853">
				<ele>589.6641568532214</ele>
				<time>2025-11-14T20:01:26Z</time>
			</trkpt>
			<trkpt lat="35.42799580230233" lon="-83.59571326415825">
				<ele>588.6453731385991</ele>
				<time>2025-11-14T20:01:27Z</time>
			</trkpt>
			<trkpt lat="35.427943940166145" lon="-83.59571138741852">
				<ele>588.5017432840541</ele>
				<time>2025-11-14T20:01:28Z</time>
			</trkpt>
			<trkpt lat="35.42790436065505" lon="-83.59573138945565">
				<ele>589.0929217012599</ele>
				<time>2025-11-14T20:01:29Z</time>
			</trkpt>
			<trkpt lat="35.42788297441671" lon="-83.59575573933068">
				<ele>588.7418976882473</ele>
				<time>2025-11-14T20:01:30Z</time>
			</trkpt>
			<trkpt lat="35.427893764859284" lon="-83.59573484682818">
				<ele>590.3717456683517</ele>
				<time>2025-11-14T20:01:34Z</time>
			</trkpt>
			<trkpt lat="35.427876021705394" lon="-83.59568713032323">
				<ele>589.8169825486839</ele>
				<time>2025-11-14T20:01:36Z</time>
			</trkpt>
			<trkpt lat="35.427846842373185" lon="-83.5956585960823">
				<ele>589.0070955539122</ele>
				<time>2025-11-14T20:01:37Z</time>
			</trkpt>
			<trkpt lat="35.4278103395846" lon="-83.59562429635244">
				<ele>588.1006511673331</ele>
				<time>2025-11-14T20:01:38Z</time>
			</trkpt>
			<trkpt lat="35.42778276579638" lon="-83.59559898991598">
				<ele>588.0942124286667</ele>
				<time>2025-11-14T20:01:39Z</time>
			</trkpt>
			<trkpt lat="35.42776634045787" lon="-83.59557552844315">
				<ele>588.2186211645603</ele>
				<time>2025-11-14T20:01:40Z</time>
			</trkpt>
			<trkpt lat="35.427757195891175" lon="-83.59555610321743">
				<ele>588.4227133700624</ele>
				<time>2025-11-14T20:01:41Z</time>
			</trkpt>
			<trkpt lat="35.42773147964481" lon="-83.59553187460072">
				<ele>588.8749470030889</ele>
				<time>2025-11-14T20:01:42Z</time>
			</trkpt>
			<trkpt lat="35.42770184103108" lon="-83.59548971901533">
				<ele>588.4467986375093</ele>
				<time>2025-11-14T20:01:43Z</time>
			</trkpt>
			<trkpt lat="35.4276606115132" lon="-83.59544711257732">
				<ele>588.4166373107582</ele>
				<time>2025-11-14T20:01:44Z</time>
			</trkpt>
			<trkpt lat="35.42762629266778" lon="-83.59538787140426">
				<ele>589.0202636048198</ele>
				<time>2025-11-14T20:01:45Z</time>
			</trkpt>
			<trkpt lat="35.42759152673185" lon="-83.59532700604039">
				<ele>590.4169420823455</ele>
				<time>2025-11-14T20:01:46Z</time>
			</trkpt>
			<trkpt lat="35.42755641706752" lon="-83.59526864529451">
				<ele>590.7826802171767</ele>
				<time>2025-11-14T20:01:47Z</time>
			</trkpt>
			<trkpt lat="35.42751476496225" lon="-83.59519649763119">
				<ele>588.9531276496127</ele>
				<time>2025-11-14T20:01:48Z</time>
			</trkpt>
			<trkpt lat="35.427484746776436" lon="-83.59512123758712">
				<ele>588.3075901512057</ele>
				<time>2025-11-14T20:01:49Z</time>
			</trkpt>
			<trkpt lat="35.427454940538134" lon="-83.59505395768981">
				<ele>588.4024893334135</ele>
				<time>2025-11-14T20:01:50Z</time>
			</trkpt>
			<trkpt lat="35.42742893663823" lon="-83.5949755771264">
				<ele>588.1547364899889</ele>
				<time>2025-11-14T20:01:51Z</time>
			</trkpt>
			<trkpt lat="35.4274166423687" lon="-83.5949040017874">
				<ele>588.8674724893644</ele>
				<time>2025-11-14T20:01:52Z</time>
			</trkpt>
			<trkpt lat="35.42741976416822" lon="-83.59484874027943">
				<ele>587.145652291365</ele>
				<time>2025-11-14T20:01:53Z</time>
			</trkpt>
			<trkpt lat="35.427440765057874" lon="-83.5947964054654">
				<ele>586.7718434957787</ele>
				<time>2025-11-14T20:01:54Z</time>
			</trkpt>
			<trkpt lat="35.42745567882159" lon="-83.59474124844412">
				<ele>586.0870231846347</ele>
				<time>2025-11-14T20:01:55Z</time>
			</trkpt>
			<trkpt lat="35.42747521980842" lon="-83.5946815419452">
				<ele>585.8119561541826</ele>
				<time>2025-11-14T20:01:56Z</time>
			</trkpt>
			<trkpt lat="35.427488807724764" lon="-83.5946227396003">
				<ele>583.3250239845365</ele>
				<time>2025-11-14T20:01:57Z</time>
			</trkpt>
			<trkpt lat="35.42750405841026" lon="-83.5945676792624">
				<ele>581.4599569439888</ele>
				<time>2025-11-14T20:01:58Z</time>
			</trkpt>
			<trkpt lat="35.427505197850905" lon="-83.594505960311">
				<ele>580.9041286045685</ele>
				<time>2025-11-14T20:01:59Z</time>
			</trkpt>
			<trkpt lat="35.42750287029796" lon="-83.59445063187869">
				<ele>579.2356439363211</ele>
				<time>2025-11-14T20:02:00Z</time>
			</trkpt>
			<trkpt lat="35.42749724723028" lon="-83.59439056255366">
				<ele>577.7787240697071</ele>
				<time>2025-11-14T20:02:01Z</time>
			</trkpt>
			<trkpt lat="35.42747956693603" lon="-83.59432379371788">
				<ele>578.163485580124</ele>
				<time>2025-11-14T20:02:02Z</time>
			</trkpt>
			<trkpt lat="35.42746147681046" lon="-83.59426158324004">
				<ele>577.4674633191898</ele>
				<time>2025-11-14T20:02:03Z</time>
			</trkpt>
			<trkpt lat="35.427445318450886" lon="-83.59419780972283">
				<ele>577.3841089094058</ele>
				<time>2025-11-14T20:02:04Z</time>
			</trkpt>
			<trkpt lat="35.427419829516865" lon="-83.59413740686303">
				<ele>576.1073042182252</ele>
				<time>2025-11-14T20:02:05Z</time>
			</trkpt>
			<trkpt lat="35.427406962001946" lon="-83.59408682670833">
				<ele>575.2521739723161</ele>
				<time>2025-11-14T20:02:06Z</time>
			</trkpt>
			<trkpt lat="35.42739668272501" lon="-83.59404633493273">
				<ele>574.2208760818467</ele>
				<time>2025-11-14T20:02:07Z</time>
			</trkpt>
			<trkpt lat="35.427377118513185" lon="-83.59400189778547">
				<ele>573.2677970938385</ele>
				<time>2025-11-14T20:02:08Z</time>
			</trkpt>
			<trkpt lat="35.42735699702699" lon="-83.59396401642577">
				<ele>573.4374213041738</ele>
				<time>2025-11-14T20:02:09Z</time>
			</trkpt>
			<trkpt lat="35.42733674044711" lon="-83.59392590451606">
				<ele>573.2556964438409</ele>
				<time>2025-11-14T20:02:10Z</time>
			</trkpt>
			<trkpt lat="35.427306967344144" lon="-83.5938966506259">
				<ele>573.432727037929</ele>
				<time>2025-11-14T20:02:11Z</time>
			</trkpt>
			<trkpt lat="35.427264608842584" lon="-83.59385553073518">
				<ele>573.5284409653395</ele>
				<time>2025-11-14T20:02:12Z</time>
			</trkpt>
			<trkpt lat="35.42723709091859" lon="-83.59383195844084">
				<ele>573.8720094710588</ele>
				<time>2025-11-14T20:02:13Z</time>
			</trkpt>
			<trkpt lat="35.427220710492016" lon="-83.59381422362151">
				<ele>574.0659175300971</ele>
				<time>2025-11-14T20:02:14Z</time>
			</trkpt>
			<trkpt lat="35.42719968585182" lon="-83.59380385357565">
				<ele>572.8896899521351</ele>
				<time>2025-11-14T20:02:15Z</time>
			</trkpt>
			<trkpt lat="35.42717534611016" lon="-83.59381127761726">
				<ele>572.7428852897137</ele>
				<time>2025-11-14T20:02:16Z</time>
			</trkpt>
			<trkpt lat="35.427154115010715" lon="-83.59382855587938">
				<ele>571.886941597797</ele>
				<time>2025-11-14T20:02:17Z</time>
			</trkpt>
			<trkpt lat="35.42713555418345" lon="-83.59385276025431">
				<ele>570.5007341615856</ele>
				<time>2025-11-14T20:02:18Z</time>
			</trkpt>
			<trkpt lat="35.42711547552925" lon="-83.59387279944144">
				<ele>569.8603036813438</ele>
				<time>2025-11-14T20:02:19Z</time>
			</trkpt>
			<trkpt lat="35.427088494558255" lon="-83.59390141648802">
				<ele>569.7698010103777</ele>
				<time>2025-11-14T20:02:20Z</time>
			</trkpt>
			<trkpt lat="35.427059722007186" lon="-83.59392526363345">
				<ele>568.9430465819314</ele>
				<time>2025-11-14T20:02:21Z</time>
			</trkpt>
			<trkpt lat="35.42703294064442" lon="-83.59395003634269">
				<ele>568.2204632991925</ele>
				<time>2025-11-14T20:02:22Z</time>
			</trkpt>
			<trkpt lat="35.426998222138806" lon="-83.5939870468285">
				<ele>567.3573379889131</ele>
				<time>2025-11-14T20:02:23Z</time>
			</trkpt>
			<trkpt lat="35.42695808807129" lon="-83.59402665313833">
				<ele>566.8743272628635</ele>
				<time>2025-11-14T20:02:24Z</time>
			</trkpt>
			<trkpt lat="35.42692835539085" lon="-83.59406384751883">
				<ele>566.197294046171</ele>
				<time>2025-11-14T20:02:25Z</time>
			</trkpt>
			<trkpt lat="35.42690895278651" lon="-83.59409915615547">
				<ele>566.4591672969982</ele>
				<time>2025-11-14T20:02:26Z</time>
			</trkpt>
			<trkpt lat="35.42689887389493" lon="-83.59415153721244">
				<ele>566.890471233055</ele>
				<time>2025-11-14T20:02:27Z</time>
			</trkpt>
			<trkpt lat="35.4268847678954" lon="-83.59420565262147">
				<ele>565.3029344594106</ele>
				<time>2025-11-14T20:02:28Z</time>
			</trkpt>
			<trkpt lat="35.426875215978754" lon="-83.5942738763914">
				<ele>564.0202338723466</ele>
				<time>2025-11-14T20:02:29Z</time>
			</trkpt>
			<trkpt lat="35.4268733969179" lon="-83.59435985975988">
				<ele>562.9583372687921</ele>
				<time>2025-11-14T20:02:30Z</time>
			</trkpt>
			<trkpt lat="35.4268796161531" lon="-83.59444242828069">
				<ele>562.7097308756784</ele>
				<time>2025-11-14T20:02:31Z</time>
			</trkpt>
			<trkpt lat="35.426869970823255" lon="-83.59452666701074">
				<ele>563.3984632277861</ele>
				<time>2025-11-14T20:02:32Z</time>
			</trkpt>
			<trkpt lat="35.426840427482574" lon="-83.59458777317576">
				<ele>561.9055471587926</ele>
				<time>2025-11-14T20:02:33Z</time>
			</trkpt>
			<trkpt lat="35.42679621751498" lon="-83.5946095591862">
				<ele>561.0200308384374</ele>
				<time>2025-11-14T20:02:34Z</time>
			</trkpt>
			<trkpt lat="35.42674175409266" lon="-83.59461767532026">
				<ele>561.346983095631</ele>
				<time>2025-11-14T20:02:35Z</time>
			</trkpt>
			<trkpt lat="35.426669479773444" lon="-83.59459525350246">
				<ele>561.9422344788909</ele>
				<time>2025-11-14T20:02:36Z</time>
			</trkpt>
			<trkpt lat="35.42658703785038" lon="-83.59457654267463">
				<ele>561.8206746801734</ele>
				<time>2025-11-14T20:02:37Z</time>
			</trkpt>
			<trkpt lat="35.4265094851367" lon="-83.59456258734303">
				<ele>562.615042171441</ele>
				<time>2025-11-14T20:02:38Z</time>
			</trkpt>
			<trkpt lat="35.426429769501475" lon="-83.59455888695955">
				<ele>561.7334462571889</ele>
				<time>2025-11-14T20:02:39Z</time>
			</trkpt>
			<trkpt lat="35.426388119505404" lon="-83.59457794630372">
				<ele>561.7667964175344</ele>
				<time>2025-11-14T20:02:40Z</time>
			</trkpt>
			<trkpt lat="35.42633823581831" lon="-83.59459972099692">
				<ele>560.4053091555834</ele>
				<time>2025-11-14T20:02:41Z</time>
			</trkpt>
			<trkpt lat="35.42630239814622" lon="-83.5946428012719">
				<ele>559.9756492031738</ele>
				<time>2025-11-14T20:02:42Z</time>
			</trkpt>
			<trkpt lat="35.426250108610525" lon="-83.59466646905712">
				<ele>559.1013804487884</ele>
				<time>2025-11-14T20:02:43Z</time>
			</trkpt>
			<trkpt lat="35.426185371554425" lon="-83.5947052537653">
				<ele>558.0858415262774</ele>
				<time>2025-11-14T20:02:44Z</time>
			</trkpt>
			<trkpt lat="35.426126627598734" lon="-83.59472951053644">
				<ele>557.5768255572766</ele>
				<time>2025-11-14T20:02:45Z</time>
			</trkpt>
			<trkpt lat="35.42608290760938" lon="-83.59471438863699">
				<ele>557.8012220002711</ele>
				<time>2025-11-14T20:02:46Z</time>
			</trkpt>
			<trkpt lat="35.426040610055736" lon="-83.59467682688079">
				<ele>557.166604812257</ele>
				<time>2025-11-14T20:02:47Z</time>
			</trkpt>
			<trkpt lat="35.42600659030508" lon="-83.59464766428628">
				<ele>556.7947063557804</ele>
				<time>2025-11-14T20:02:48Z</time>
			</trkpt>
			<trkpt lat="35.42595160393039" lon="-83.59462010891409">
				<ele>555.4000276839361</ele>
				<time>2025-11-14T20:02:49Z</time>
			</trkpt>
			<trkpt lat="35.42591360929345" lon="-83.59460691240052">
				<ele>555.4500929722562</ele>
				<time>2025-11-14T20:02:50Z</time>
			</trkpt>
			<trkpt lat="35.42585785396877" lon="-83.59459581281178">
				<ele>555.2701012222096</ele>
				<time>2025-11-14T20:02:51Z</time>
			</trkpt>
			<trkpt lat="35.42586993605922" lon="-83.59456179785892">
				<ele>556.6294197607785</ele>
				<time>2025-11-14T20:02:53Z</time>
			</trkpt>
			<trkpt lat="35.42587781141443" lon="-83.59453390488656">
				<ele>554.144715635106</ele>
				<time>2025-11-14T20:02:54Z</time>
			</trkpt>
			<trkpt lat="35.42589819536705" lon="-83.59449330494614">
				<ele>553.9199725715443</ele>
				<time>2025-11-14T20:02:55Z</time>
			</trkpt>
			<trkpt lat="35.425935220202106" lon="-83.5944495449902">
				<ele>553.1728900345042</ele>
				<time>2025-11-14T20:02:56Z</time>
			</trkpt>
			<trkpt lat="35.425976434096654" lon="-83.59440399473193">
				<ele>551.3568389872089</ele>
				<time>2025-11-14T20:02:57Z</time>
			</trkpt>
			<trkpt lat="35.42601279198684" lon="-83.594360471877">
				<ele>552.3116310853511</ele>
				<time>2025-11-14T20:02:58Z</time>
			</trkpt>
			<trkpt lat="35.426041792432116" lon="-83.59430288970306">
				<ele>552.7221614997834</ele>
				<time>2025-11-14T20:02:59Z</time>
			</trkpt>
			<trkpt lat="35.42606717584514" lon="-83.59423959145178">
				<ele>551.305284849368</ele>
				<time>2025-11-14T20:03:00Z</time>
			</trkpt>
			<trkpt lat="35.42608925007376" lon="-83.59418480314227">
				<ele>549.7076806100085</ele>
				<time>2025-11-14T20:03:01Z</time>
			</trkpt>
			<trkpt lat="35.426104584007085" lon="-83.59413419292393">
				<ele>548.2846047468483</ele>
				<time>2025-11-14T20:03:02Z</time>
			</trkpt>
			<trkpt lat="35.42610508271259" lon="-83.59410292735281">
				<ele>546.9946770267561</ele>
				<time>2025-11-14T20:03:03Z</time>
			</trkpt>
			<trkpt lat="35.426107402968256" lon="-83.5940730259972">
				<ele>545.9663110533729</ele>
				<time>2025-11-14T20:03:04Z</time>
			</trkpt>
			<trkpt lat="35.42611037785517" lon="-83.59404196653435">
				<ele>546.5175575399771</ele>
				<time>2025-11-14T20:03:05Z</time>
			</trkpt>
			<trkpt lat="35.42611582970635" lon="-83.59401264359975">
				<ele>545.4758427739143</ele>
				<time>2025-11-14T20:03:06Z</time>
			</trkpt>
			<trkpt lat="35.42611905440933" lon="-83.5939791492485">
				<ele>544.9781580744311</ele>
				<time>2025-11-14T20:03:07Z</time>
			</trkpt>
			<trkpt lat="35.426126961435244" lon="-83.59393372527704">
				<ele>544.9628605768085</ele>
				<time>2025-11-14T20:03:08Z</time>
			</trkpt>
			<trkpt lat="35.42613998166361" lon="-83.5938883653029">
				<ele>545.660903967917</ele>
				<time>2025-11-14T20:03:09Z</time>
			</trkpt>
			<trkpt lat="35.42615004550566" lon="-83.59381392001619">
				<ele>545.7042698599398</ele>
				<time>2025-11-14T20:03:11Z</time>
			</trkpt>
			<trkpt lat="35.42616000386722" lon="-83.5937725329117">
				<ele>544.875718222931</ele>
				<time>2025-11-14T20:03:13Z</time>
			</trkpt>
			<trkpt lat="35.426167600629356" lon="-83.59372807252524">
				<ele>544.2470478657633</ele>
				<time>2025-11-14T20:03:14Z</time>
			</trkpt>
			<trkpt lat="35.426169137793465" lon="-83.59366908109956">
				<ele>546.0493070799857</ele>
				<time>2025-11-14T20:03:16Z</time>
			</trkpt>
			<trkpt lat="35.42614129324445" lon="-83.59360166790171">
				<ele>546.5541220689192</ele>
				<time>2025-11-14T20:03:18Z</time>
			</trkpt>
			<trkpt lat="35.42611020567574" lon="-83.59355093077896">
				<ele>547.6415246520191</ele>
				<time>2025-11-14T20:03:19Z</time>
			</trkpt>
			<trkpt lat="35.42608040290394" lon="-83.59352446662554">
				<ele>548.2407082933933</ele>
				<time>2025-11-14T20:03:20Z</time>
			</trkpt>
			<trkpt lat="35.42604668520139" lon="-83.5934774360329">
				<ele>548.7924565318972</ele>
				<time>2025-11-14T20:03:22Z</time>
			</trkpt>
			<trkpt lat="35.42600998593674" lon="-83.59344892983547">
				<ele>549.1727819442749</ele>
				<time>2025-11-14T20:03:23Z</time>
			</trkpt>
			<trkpt lat="35.4259736380448" lon="-83.59342327785501">
				<ele>548.3599829059094</ele>
				<time>2025-11-14T20:03:24Z</time>
			</trkpt>
			<trkpt lat="35.42593378169658" lon="-83.5933986435686">
				<ele>548.0685327844694</ele>
				<time>2025-11-14T20:03:25Z</time>
			</trkpt>
			<trkpt lat="35.425891180787886" lon="-83.59337164432536">
				<ele>547.9549019504339</ele>
				<time>2025-11-14T20:03:26Z</time>
			</trkpt>
			<trkpt lat="35.425849825052104" lon="-83.5933542422222">
				<ele>547.5676955888048</ele>
				<time>2025-11-14T20:03:27Z</time>
			</trkpt>
			<trkpt lat="35.42579295121817" lon="-83.59333205506506">
				<ele>547.9680955996737</ele>
				<time>2025-11-14T20:03:28Z</time>
			</trkpt>
			<trkpt lat="35.4257473199824" lon="-83.59331270261573">
				<ele>546.2231986504048</ele>
				<time>2025-11-14T20:03:29Z</time>
			</trkpt>
			<trkpt lat="35.425705572364556" lon="-83.5933008662424">
				<ele>545.9338703909889</ele>
				<time>2025-11-14T20:03:30Z</time>
			</trkpt>
			<trkpt lat="35.42566271681225" lon="-83.59329391638745">
				<ele>544.4188407966867</ele>
				<time>2025-11-14T20:03:31Z</time>
			</trkpt>
			<trkpt lat="35.42561878901178" lon="-83.59327925604715">
				<ele>545.1340228142217</ele>
				<time>2025-11-14T20:03:32Z</time>
			</trkpt>
			<trkpt lat="35.42558140457734" lon="-83.59326329514722">
				<ele>546.9908523820341</ele>
				<time>2025-11-14T20:03:33Z</time>
			</trkpt>
			<trkpt lat="35.425549333329236" lon="-83.59325312082223">
				<ele>545.725678072311</ele>
				<time>2025-11-14T20:03:34Z</time>
			</trkpt>
			<trkpt lat="35.42551609161941" lon="-83.593243872791">
				<ele>546.9386491021141</ele>
				<time>2025-11-14T20:03:35Z</time>
			</trkpt>
			<trkpt lat="35.42549165594241" lon="-83.5932412775019">
				<ele>546.8364623142406</ele>
				<time>2025-11-14T20:03:36Z</time>
			</trkpt>
			<trkpt lat="35.425469067961714" lon="-83.59324739794211">
				<ele>546.9621106730774</ele>
				<time>2025-11-14T20:03:37Z</time>
			</trkpt>
			<trkpt lat="35.425445551604945" lon="-83.59325443038762">
				<ele>546.1235713819042</ele>
				<time>2025-11-14T20:03:38Z</time>
			</trkpt>
			<trkpt lat="35.42541361629698" lon="-83.59325362289819">
				<ele>546.4588295836002</ele>
				<time>2025-11-14T20:03:39Z</time>
			</trkpt>
			<trkpt lat="35.425373122170086" lon="-83.59324688186925">
				<ele>546.5701143387705</ele>
				<time>2025-11-14T20:03:40Z</time>
			</trkpt>
			<trkpt lat="35.42535125964389" lon="-83.59323457790124">
				<ele>548.5817457037047</ele>
				<time>2025-11-14T20:03:41Z</time>
			</trkpt>
			<trkpt lat="35.42532364394442" lon="-83.59324755340532">
				<ele>548.7360391551629</ele>
				<time>2025-11-14T20:03:43Z</time>
			</trkpt>
			<trkpt lat="35.42529244903517" lon="-83.59326976312923">
				<ele>549.5589402932674</ele>
				<time>2025-11-14T20:03:45Z</time>
			</trkpt>
			<trkpt lat="35.42525707373377" lon="-83.59329923689643">
				<ele>549.2435941249132</ele>
				<time>2025-11-14T20:03:47Z</time>
			</trkpt>
			<trkpt lat="35.42521793766127" lon="-83.5933472718051">
				<ele>548.243175657466</ele>
				<time>2025-11-14T20:03:49Z</time>
			</trkpt>
			<trkpt lat="35.42519316131715" lon="-83.59337691488977">
				<ele>549.770210519433</ele>
				<time>2025-11-14T20:03:51Z</time>
			</trkpt>
			<trkpt lat="35.42516822960348" lon="-83.59338495617676">
				<ele>548.7679948061705</ele>
				<time>2025-11-14T20:03:52Z</time>
			</trkpt>
			<trkpt lat="35.42514797742551" lon="-83.59337572197421">
				<ele>550.7423214679584</ele>
				<time>2025-11-14T20:03:53Z</time>
			</trkpt>
			<trkpt lat="35.425124853288445" lon="-83.59336389160723">
				<ele>551.5904021086171</ele>
				<time>2025-11-14T20:03:54Z</time>
			</trkpt>
			<trkpt lat="35.42510105060282" lon="-83.59335833516118">
				<ele>551.6326905386522</ele>
				<time>2025-11-14T20:03:55Z</time>
			</trkpt>
			<trkpt lat="35.42507644085722" lon="-83.59334385452054">
				<ele>553.6515697315335</ele>
				<time>2025-11-14T20:03:56Z</time>
			</trkpt>
			<trkpt lat="35.42505640888229" lon="-83.59333053519177">
				<ele>554.0256777778268</ele>
				<time>2025-11-14T20:03:57Z</time>
			</trkpt>
			<trkpt lat="35.42502964518084" lon="-83.59331707143512">
				<ele>554.1467678220943</ele>
				<time>2025-11-14T20:03:58Z</time>
			</trkpt>
			<trkpt lat="35.42500433112505" lon="-83.59330703575922">
				<ele>555.359419750981</ele>
				<time>2025-11-14T20:03:59Z</time>
			</trkpt>
			<trkpt lat="35.42496479615628" lon="-83.59329042837487">
				<ele>555.2536272592843</ele>
				<time>2025-11-14T20:04:01Z</time>
			</trkpt>
			<trkpt lat="35.424943204318296" lon="-83.59327026465625">
				<ele>556.0237091975287</ele>
				<time>2025-11-14T20:04:02Z</time>
			</trkpt>
			<trkpt lat="35.42491174408047" lon="-83.59324380059542">
				<ele>557.409507157281</ele>
				<time>2025-11-14T20:04:04Z</time>
			</trkpt>
			<trkpt lat="35.424882848264076" lon="-83.59323591590483">
				<ele>557.077699445188</ele>
				<time>2025-11-14T20:04:05Z</time>
			</trkpt>
			<trkpt lat="35.42486119887893" lon="-83.59322375065929">
				<ele>558.5801964048296</ele>
				<time>2025-11-14T20:04:06Z</time>
			</trkpt>
			<trkpt lat="35.424843754195315" lon="-83.59321360632897">
				<ele>558.4788002399728</ele>
				<time>2025-11-14T20:04:07Z</time>
			</trkpt>
			<trkpt lat="35.4248222998064" lon="-83.5931991391435">
				<ele>557.8527022283524</ele>
				<time>2025-11-14T20:04:08Z</time>
			</trkpt>
			<trkpt lat="35.424804252804705" lon="-83.59318554365944">
				<ele>559.0610799724236</ele>
				<time>2025-11-14T20:04:09Z</time>
			</trkpt>
			<trkpt lat="35.42477157594195" lon="-83.59316957620322">
				<ele>558.8922622408718</ele>
				<time>2025-11-14T20:04:11Z</time>
			</trkpt>
			<trkpt lat="35.42475299666528" lon="-83.59315563048935">
				<ele>559.9156378414482</ele>
				<time>2025-11-14T20:04:12Z</time>
			</trkpt>
			<trkpt lat="35.424724455898065" lon="-83.59313865953945">
				<ele>560.319248424843</ele>
				<time>2025-11-14T20:04:14Z</time>
			</trkpt>
			<trkpt lat="35.42469081999191" lon="-83.59313368660018">
				<ele>560.9725984670222</ele>
				<time>2025-11-14T20:04:16Z</time>
			</trkpt>
			<trkpt lat="35.42466876910129" lon="-83.59312401085276">
				<ele>560.8882904853672</ele>
				<time>2025-11-14T20:04:17Z</time>
			</trkpt>
			<trkpt lat="35.42464078583493" lon="-83.59310811493229">
				<ele>562.3666417449713</ele>
				<time>2025-11-14T20:04:19Z</time>
			</trkpt>
			<trkpt lat="35.424622040958646" lon="-83.59310665611895">
				<ele>561.2445920975879</ele>
				<time>2025-11-14T20:04:20Z</time>
			</trkpt>
			<trkpt lat="35.42459182754324" lon="-83.5931109485206">
				<ele>562.1840272340924</ele>
				<time>2025-11-14T20:04:22Z</time>
			</trkpt>
			<trkpt lat="35.424567156176856" lon="-83.59310793394036">
				<ele>562.2079410403967</ele>
				<time>2025-11-14T20:04:24Z</time>
			</trkpt>
			<trkpt lat="35.424548287818894" lon="-83.59310376777405">
				<ele>562.9227170618251</ele>
				<time>2025-11-14T20:04:26Z</time>
			</trkpt>
			<trkpt lat="35.42452815109544" lon="-83.5931141287809">
				<ele>563.835864264518</ele>
				<time>2025-11-14T20:04:29Z</time>
			</trkpt>
			<trkpt lat="35.42451024228192" lon="-83.59311738074241">
				<ele>564.2602744456381</ele>
				<time>2025-11-14T20:04:31Z</time>
			</trkpt>
			<trkpt lat="35.42448602632828" lon="-83.59312926733722">
				<ele>563.774244569242</ele>
				<time>2025-11-14T20:04:33Z</time>
			</trkpt>
			<trkpt lat="35.424467006428344" lon="-83.59313896974525">
				<ele>563.7014844398946</ele>
				<time>2025-11-14T20:04:34Z</time>
			</trkpt>
			<trkpt lat="35.424431898009516" lon="-83.59314802185106">
				<ele>563.9874696042389</ele>
				<time>2025-11-14T20:04:36Z</time>
			</trkpt>
			<trkpt lat="35.4244145503297" lon="-83.5931540308625">
				<ele>564.393965402618</ele>
				<time>2025-11-14T20:04:37Z</time>
			</trkpt>
			<trkpt lat="35.424396866614835" lon="-83.59316087823387">
				<ele>564.1462252046913</ele>
				<time>2025-11-14T20:04:38Z</time>
			</trkpt>
			<trkpt lat="35.42436452909473" lon="-83.59317594784645">
				<ele>564.000017452985</ele>
				<time>2025-11-14T20:04:40Z</time>
			</trkpt>
			<trkpt lat="35.42433711502518" lon="-83.59319555961669">
				<ele>564.9292566422373</ele>
				<time>2025-11-14T20:04:42Z</time>
			</trkpt>
			<trkpt lat="35.424313605655016" lon="-83.59322559312955">
				<ele>564.6891563721001</ele>
				<time>2025-11-14T20:04:44Z</time>
			</trkpt>
			<trkpt lat="35.424288268362936" lon="-83.59324589658546">
				<ele>565.0698369545862</ele>
				<time>2025-11-14T20:04:46Z</time>
			</trkpt>
			<trkpt lat="35.42426266858357" lon="-83.593261638786">
				<ele>565.2246951190755</ele>
				<time>2025-11-14T20:04:48Z</time>
			</trkpt>
			<trkpt lat="35.424234785247656" lon="-83.59327572439778">
				<ele>566.7957652350888</ele>
				<time>2025-11-14T20:04:50Z</time>
			</trkpt>
			<trkpt lat="35.42420355584938" lon="-83.59329100313083">
				<ele>566.7928453516215</ele>
				<time>2025-11-14T20:04:52Z</time>
			</trkpt>
			<trkpt lat="35.42417620393565" lon="-83.59331096381163">
				<ele>565.7818268733099</ele>
				<time>2025-11-14T20:04:54Z</time>
			</trkpt>
			<trkpt lat="35.42414675309812" lon="-83.59332351556365">
				<ele>566.8963628187776</ele>
				<time>2025-11-14T20:04:56Z</time>
			</trkpt>
			<trkpt lat="35.42411797223977" lon="-83.59334046346086">
				<ele>566.40965330787</ele>
				<time>2025-11-14T20:04:58Z</time>
			</trkpt>
			<trkpt lat="35.42408888279515" lon="-83.59334189397696">
				<ele>567.0963294506073</ele>
				<time>2025-11-14T20:05:00Z</time>
			</trkpt>
			<trkpt lat="35.42407037227791" lon="-83.59333608840835">
				<ele>566.1022388460115</ele>
				<time>2025-11-14T20:05:01Z</time>
			</trkpt>
			<trkpt lat="35.42405179816771" lon="-83.59332795139183">
				<ele>567.0216949731112</ele>
				<time>2025-11-14T20:05:02Z</time>
			</trkpt>
			<trkpt lat="35.42403303208649" lon="-83.59331735412721">
				<ele>567.2563435211778</ele>
				<time>2025-11-14T20:05:03Z</time>
			</trkpt>
			<trkpt lat="35.42401315717945" lon="-83.59331063681033">
				<ele>567.1151385065168</ele>
				<time>2025-11-14T20:05:04Z</time>
			</trkpt>
			<trkpt lat="35.423991979409735" lon="-83.593309184102">
				<ele>566.523892740719</ele>
				<time>2025-11-14T20:05:05Z</time>
			</trkpt>
			<trkpt lat="35.423962898126995" lon="-83.59330331381943">
				<ele>568.6060768412426</ele>
				<time>2025-11-14T20:05:07Z</time>
			</trkpt>
			<trkpt lat="35.423941651115825" lon="-83.59330070601324">
				<ele>568.1232398673892</ele>
				<time>2025-11-14T20:05:08Z</time>
			</trkpt>
			<trkpt lat="35.42392252178375" lon="-83.5932986745562">
				<ele>567.785285314545</ele>
				<time>2025-11-14T20:05:09Z</time>
			</trkpt>
			<trkpt lat="35.42390324186773" lon="-83.5932898637759">
				<ele>567.5074221417308</ele>
				<time>2025-11-14T20:05:10Z</time>
			</trkpt>
			<trkpt lat="35.42388515674913" lon="-83.59327897036002">
				<ele>566.7986406264827</ele>
				<time>2025-11-14T20:05:11Z</time>
			</trkpt>
			<trkpt lat="35.42386071603137" lon="-83.59327120182523">
				<ele>566.9586524209008</ele>
				<time>2025-11-14T20:05:12Z</time>
			</trkpt>
			<trkpt lat="35.42384409115453" lon="-83.59324943730877">
				<ele>567.0842161942273</ele>
				<time>2025-11-14T20:05:13Z</time>
			</trkpt>
			<trkpt lat="35.423823958873776" lon="-83.5932244344883">
				<ele>567.8865238521248</ele>
				<time>2025-11-14T20:05:14Z</time>
			</trkpt>
			<trkpt lat="35.42379979626738" lon="-83.59320590696358">
				<ele>568.6916082622483</ele>
				<time>2025-11-14T20:05:15Z</time>
			</trkpt>
			<trkpt lat="35.42378001280467" lon="-83.59318411942863">
				<ele>568.7564003169537</ele>
				<time>2025-11-14T20:05:16Z</time>
			</trkpt>
			<trkpt lat="35.42376694329946" lon="-83.59315952697371">
				<ele>568.9574096184224</ele>
				<time>2025-11-14T20:05:17Z</time>
			</trkpt>
			<trkpt lat="35.42376532836664" lon="-83.5931353947028">
				<ele>569.9683762965724</ele>
				<time>2025-11-14T20:05:18Z</time>
			</trkpt>
			<trkpt lat="35.42379592301531" lon="-83.59311609521545">
				<ele>568.6557871159166</ele>
				<time>2025-11-14T20:05:20Z</time>
			</trkpt>
			<trkpt lat="35.42381326445221" lon="-83.59310286051496">
				<ele>568.668407603167</ele>
				<time>2025-11-14T20:05:21Z</time>
			</trkpt>
			<trkpt lat="35.42382729550121" lon="-83.5930882058593">
				<ele>568.7846480198205</ele>
				<time>2025-11-14T20:05:22Z</time>
			</trkpt>
			<trkpt lat="35.4238422866528" lon="-83.59306923046091">
				<ele>568.7279847171158</ele>
				<time>2025-11-14T20:05:23Z</time>
			</trkpt>
			<trkpt lat="35.423852379611446" lon="-83.59305011307069">
				<ele>569.4195126630366</ele>
				<time>2025-11-14T20:05:24Z</time>
			</trkpt>
			<trkpt lat="35.42386438853217" lon="-83.5930303033725">
				<ele>570.5890328651294</ele>
				<time>2025-11-14T20:05:25Z</time>
			</trkpt>
			<trkpt lat="35.42388703847766" lon="-83.59301251414848">
				<ele>569.2739496333525</ele>
				<time>2025-11-14T20:05:26Z</time>
			</trkpt>
			<trkpt lat="35.423903928499456" lon="-83.59300047704373">
				<ele>568.8047581156716</ele>
				<time>2025-11-14T20:05:27Z</time>
			</trkpt>
			<trkpt lat="35.423928126157676" lon="-83.5929852678014">
				<ele>568.4303568815812</ele>
				<time>2025-11-14T20:05:29Z</time>
			</trkpt>
			<trkpt lat="35.42394683708948" lon="-83.5929672828083">
				<ele>569.1847820375115</ele>
				<time>2025-11-14T20:05:30Z</time>
			</trkpt>
			<trkpt lat="35.42395880407012" lon="-83.59292666845543">
				<ele>569.8559952294454</ele>
				<time>2025-11-14T20:05:32Z</time>
			</trkpt>
			<trkpt lat="35.42396851799044" lon="-83.592907208562">
				<ele>569.6053023030981</ele>
				<time>2025-11-14T20:05:34Z</time>
			</trkpt>
			<trkpt lat="35.42398901005342" lon="-83.59288806276129">
				<ele>570.3014721982181</ele>
				<time>2025-11-14T20:05:36Z</time>
			</trkpt>
			<trkpt lat="35.42401738810207" lon="-83.59287423189534">
				<ele>569.9432001672685</ele>
				<time>2025-11-14T20:05:38Z</time>
			</trkpt>
			<trkpt lat="35.42403703301654" lon="-83.59284848269601">
				<ele>569.5386915840209</ele>
				<time>2025-11-14T20:05:40Z</time>
			</trkpt>
			<trkpt lat="35.42405369165896" lon="-83.59282464626835">
				<ele>569.1599308764562</ele>
				<time>2025-11-14T20:05:41Z</time>
			</trkpt>
			<trkpt lat="35.42408174073646" lon="-83.59278162731675">
				<ele>569.4689485169947</ele>
				<time>2025-11-14T20:05:43Z</time>
			</trkpt>
			<trkpt lat="35.42409085034933" lon="-83.59276152233225">
				<ele>569.6595799140632</ele>
				<time>2025-11-14T20:05:44Z</time>
			</trkpt>
			<trkpt lat="35.42409893971836" lon="-83.59271450695918">
				<ele>569.8033323762938</ele>
				<time>2025-11-14T20:05:45Z</time>
			</trkpt>
			<trkpt lat="35.42411798603029" lon="-83.5926676141511">
				<ele>570.1305923573673</ele>
				<time>2025-11-14T20:05:47Z</time>
			</trkpt>
			<trkpt lat="35.42412569975886" lon="-83.59262887916036">
				<ele>569.0276796342805</ele>
				<time>2025-11-14T20:05:49Z</time>
			</trkpt>
			<trkpt lat="35.42412610756386" lon="-83.5926063975927">
				<ele>569.0386748369783</ele>
				<time>2025-11-14T20:05:50Z</time>
			</trkpt>
			<trkpt lat="35.42411713138644" lon="-83.59257584117863">
				<ele>567.9295157119632</ele>
				<time>2025-11-14T20:05:52Z</time>
			</trkpt>
			<trkpt lat="35.42410660163092" lon="-83.59255396191318">
				<ele>567.5031230999157</ele>
				<time>2025-11-14T20:05:53Z</time>
			</trkpt>
			<trkpt lat="35.424101116032524" lon="-83.59253130767814">
				<ele>567.9727860428393</ele>
				<time>2025-11-14T20:05:54Z</time>
			</trkpt>
			<trkpt lat="35.42409476546487" lon="-83.59249587462342">
				<ele>568.2766038198024</ele>
				<time>2025-11-14T20:05:56Z</time>
			</trkpt>
			<trkpt lat="35.424085058680674" lon="-83.5924607306024">
				<ele>567.6452434351668</ele>
				<time>2025-11-14T20:05:58Z</time>
			</trkpt>
			<trkpt lat="35.424079668547016" lon="-83.59242680998749">
				<ele>569.6080975206569</ele>
				<time>2025-11-14T20:06:00Z</time>
			</trkpt>
			<trkpt lat="35.4240661317749" lon="-83.59239559668877">
				<ele>569.9456989960745</ele>
				<time>2025-11-14T20:06:02Z</time>
			</trkpt>
			<trkpt lat="35.424056996563124" lon="-83.59237133214984">
				<ele>568.8082205643877</ele>
				<time>2025-11-14T20:06:03Z</time>
			</trkpt>
			<trkpt lat="35.42404542156733" lon="-83.59234692341543">
				<ele>568.8852678211406</ele>
				<time>2025-11-14T20:06:04Z</time>
			</trkpt>
			<trkpt lat="35.42403724163704" lon="-83.59230038814756">
				<ele>570.5386575870216</ele>
				<time>2025-11-14T20:06:06Z</time>
			</trkpt>
			<trkpt lat="35.42402114562681" lon="-83.59228038106019">
				<ele>569.2412818120793</ele>
				<time>2025-11-14T20:06:07Z</time>
			</trkpt>
			<trkpt lat="35.424005886287944" lon="-83.59224553419989">
				<ele>570.5692556956783</ele>
				<time>2025-11-14T20:06:08Z</time>
			</trkpt>
			<trkpt lat="35.42398825520773" lon="-83.59219242146636">
				<ele>569.9703235235065</ele>
				<time>2025-11-14T20:06:10Z</time>
			</trkpt>
			<trkpt lat="35.42398767233422" lon="-83.59213935096209">
				<ele>571.0916478503495</ele>
				<time>2025-11-14T20:06:12Z</time>
			</trkpt>
			<trkpt lat="35.423997163024595" lon="-83.59209100372544">
				<ele>571.0819980278611</ele>
				<time>2025-11-14T20:06:14Z</time>
			</trkpt>
			<trkpt lat="35.42400686359667" lon="-83.59206699477471">
				<ele>571.072607440874</ele>
				<time>2025-11-14T20:06:15Z</time>
			</trkpt>
			<trkpt lat="35.42402136949679" lon="-83.59204702222416">
				<ele>572.4827227760106</ele>
				<time>2025-11-14T20:06:16Z</time>
			</trkpt>
			<trkpt lat="35.42403093900088" lon="-83.5920167775241">
				<ele>571.9085098113865</ele>
				<time>2025-11-14T20:06:17Z</time>
			</trkpt>
			<trkpt lat="35.424039514334744" lon="-83.59199523456712">
				<ele>572.6084336005151</ele>
				<time>2025-11-14T20:06:18Z</time>
			</trkpt>
			<trkpt lat="35.424047214843604" lon="-83.59196360218388">
				<ele>572.53788712807</ele>
				<time>2025-11-14T20:06:19Z</time>
			</trkpt>
			<trkpt lat="35.424060990520296" lon="-83.59191139717585">
				<ele>570.7921527503058</ele>
				<time>2025-11-14T20:06:21Z</time>
			</trkpt>
			<trkpt lat="35.42406470032491" lon="-83.59188591685809">
				<ele>570.797799856402</ele>
				<time>2025-11-14T20:06:22Z</time>
			</trkpt>
			<trkpt lat="35.42408286580252" lon="-83.59184504069769">
				<ele>570.2540823873132</ele>
				<time>2025-11-14T20:06:24Z</time>
			</trkpt>
			<trkpt lat="35.42409629958328" lon="-83.59181662457411">
				<ele>569.388153093867</ele>
				<time>2025-11-14T20:06:25Z</time>
			</trkpt>
			<trkpt lat="35.42411312136615" lon="-83.59179023139556">
				<ele>570.1943464912474</ele>
				<time>2025-11-14T20:06:26Z</time>
			</trkpt>
			<trkpt lat="35.4241244822717" lon="-83.5917459782482">
				<ele>568.1239609559998</ele>
				<time>2025-11-14T20:06:28Z</time>
			</trkpt>
			<trkpt lat="35.4241317302553" lon="-83.59172529605812">
				<ele>567.4994268324226</ele>
				<time>2025-11-14T20:06:29Z</time>
			</trkpt>
			<trkpt lat="35.42413869604642" lon="-83.59170052950257">
				<ele>568.371550208889</ele>
				<time>2025-11-14T20:06:30Z</time>
			</trkpt>
			<trkpt lat="35.42414735318579" lon="-83.59166078368756">
				<ele>568.0689212968573</ele>
				<time>2025-11-14T20:06:32Z</time>
			</trkpt>
			<trkpt lat="35.42414606008024" lon="-83.59162498868429">
				<ele>568.0105143496767</ele>
				<time>2025-11-14T20:06:34Z</time>
			</trkpt>
			<trkpt lat="35.42414829960592" lon="-83.59159885850163">
				<ele>567.9079858353361</ele>
				<time>2025-11-14T20:06:35Z</time>
			</trkpt>
			<trkpt lat="35.4241493593704" lon="-83.59157446036626">
				<ele>567.2916648238897</ele>
				<time>2025-11-14T20:06:36Z</time>
			</trkpt>
			<trkpt lat="35.424154881045155" lon="-83.59153298975184">
				<ele>567.4266802966595</ele>
				<time>2025-11-14T20:06:38Z</time>
			</trkpt>
			<trkpt lat="35.42416485110463" lon="-83.5915040859005">
				<ele>568.4226100249216</ele>
				<time>2025-11-14T20:06:40Z</time>
			</trkpt>
			<trkpt lat="35.42417300696352" lon="-83.59147499729335">
				<ele>570.0529940519482</ele>
				<time>2025-11-14T20:06:43Z</time>
			</trkpt>
			<trkpt lat="35.424168884037556" lon="-83.59144821218042">
				<ele>570.1553711136803</ele>
				<time>2025-11-14T20:06:45Z</time>
			</trkpt>
			<trkpt lat="35.42416515746509" lon="-83.59141445497673">
				<ele>570.2634534519166</ele>
				<time>2025-11-14T20:06:47Z</time>
			</trkpt>
			<trkpt lat="35.42416670642621" lon="-83.59138883953197">
				<ele>570.5374096669257</ele>
				<time>2025-11-14T20:06:48Z</time>
			</trkpt>
			<trkpt lat="35.42417369911213" lon="-83.5913539831194">
				<ele>570.7076991172507</ele>
				<time>2025-11-14T20:06:49Z</time>
			</trkpt>
			<trkpt lat="35.424176520373635" lon="-83.59130032872145">
				<ele>569.6875177249312</ele>
				<time>2025-11-14T20:06:51Z</time>
			</trkpt>
			<trkpt lat="35.42418326366641" lon="-83.59126813966205">
				<ele>570.8470821967348</ele>
				<time>2025-11-14T20:06:52Z</time>
			</trkpt>
			<trkpt lat="35.42418499112473" lon="-83.59123449204164">
				<ele>570.1708946283907</ele>
				<time>2025-11-14T20:06:54Z</time>
			</trkpt>
			<trkpt lat="35.42418578647017" lon="-83.59119999713057">
				<ele>570.3690384905785</ele>
				<time>2025-11-14T20:06:56Z</time>
			</trkpt>
			<trkpt lat="35.42418678289683" lon="-83.59117750310396">
				<ele>572.2152172653005</ele>
				<time>2025-11-14T20:06:57Z</time>
			</trkpt>
			<trkpt lat="35.42418341901674" lon="-83.59114462251466">
				<ele>572.7246069386601</ele>
				<time>2025-11-14T20:06:59Z</time>
			</trkpt>
			<trkpt lat="35.424179542157816" lon="-83.59111717035029">
				<ele>572.3507219906896</ele>
				<time>2025-11-14T20:07:01Z</time>
			</trkpt>
			<trkpt lat="35.42417376981407" lon="-83.59109573486181">
				<ele>573.4925713120028</ele>
				<time>2025-11-14T20:07:02Z</time>
			</trkpt>
			<trkpt lat="35.42416612203253" lon="-83.59107187162977">
				<ele>573.8947739480063</ele>
				<time>2025-11-14T20:07:03Z</time>
			</trkpt>
			<trkpt lat="35.42416139578951" lon="-83.59104965520847">
				<ele>572.38489281293</ele>
				<time>2025-11-14T20:07:04Z</time>
			</trkpt>
			<trkpt lat="35.424163617584256" lon="-83.5910275089031">
				<ele>572.9824991971254</ele>
				<time>2025-11-14T20:07:05Z</time>
			</trkpt>
			<trkpt lat="35.424167485845814" lon="-83.59100067362527">
				<ele>572.8211961425841</ele>
				<time>2025-11-14T20:07:06Z</time>
			</trkpt>
			<trkpt lat="35.42416772476358" lon="-83.59097522656783">
				<ele>573.3567632259801</ele>
				<time>2025-11-14T20:07:07Z</time>
			</trkpt>
			<trkpt lat="35.4241651555917" lon="-83.59092778125923">
				<ele>573.3338552135974</ele>
				<time>2025-11-14T20:07:09Z</time>
			</trkpt>
			<trkpt lat="35.42417367531632" lon="-83.59089570966029">
				<ele>575.2087780758739</ele>
				<time>2025-11-14T20:07:11Z</time>
			</trkpt>
			<trkpt lat="35.424178958993004" lon="-83.59086457957041">
				<ele>574.5199484461918</ele>
				<time>2025-11-14T20:07:12Z</time>
			</trkpt>
			<trkpt lat="35.42417420733464" lon="-83.59082399604125">
				<ele>574.0300880400464</ele>
				<time>2025-11-14T20:07:14Z</time>
			</trkpt>
			<trkpt lat="35.424168641605306" lon="-83.59080083077794">
				<ele>576.1441348055378</ele>
				<time>2025-11-14T20:07:15Z</time>
			</trkpt>
			<trkpt lat="35.42416539987274" lon="-83.5907769270883">
				<ele>575.880661313422</ele>
				<time>2025-11-14T20:07:16Z</time>
			</trkpt>
			<trkpt lat="35.42416635835204" lon="-83.59073730450193">
				<ele>576.2744728764519</ele>
				<time>2025-11-14T20:07:18Z</time>
			</trkpt>
			<trkpt lat="35.42416538961428" lon="-83.59070682775585">
				<ele>577.3232944561169</ele>
				<time>2025-11-14T20:07:20Z</time>
			</trkpt>
			<trkpt lat="35.42415597885843" lon="-83.59066527979518">
				<ele>577.1791568053886</ele>
				<time>2025-11-14T20:07:22Z</time>
			</trkpt>
			<trkpt lat="35.42415042058587" lon="-83.59064053350602">
				<ele>577.9069475093856</ele>
				<time>2025-11-14T20:07:23Z</time>
			</trkpt>
			<trkpt lat="35.42413945259912" lon="-83.59061568148567">
				<ele>576.4583621872589</ele>
				<time>2025-11-14T20:07:24Z</time>
			</trkpt>
			<trkpt lat="35.42413243686206" lon="-83.59059433908968">
				<ele>576.2244729865342</ele>
				<time>2025-11-14T20:07:25Z</time>
			</trkpt>
			<trkpt lat="35.424122264401085" lon="-83.59054941285483">
				<ele>576.1401338502765</ele>
				<time>2025-11-14T20:07:27Z</time>
			</trkpt>
			<trkpt lat="35.424124770503305" lon="-83.59052288907279">
				<ele>576.9814866837114</ele>
				<time>2025-11-14T20:07:28Z</time>
			</trkpt>
			<trkpt lat="35.42414408786003" lon="-83.5904944669955">
				<ele>577.9371030414477</ele>
				<time>2025-11-14T20:07:29Z</time>
			</trkpt>
			<trkpt lat="35.42417111899539" lon="-83.59047753244197">
				<ele>578.7694707186893</ele>
				<time>2025-11-14T20:07:30Z</time>
			</trkpt>
			<trkpt lat="35.42419938641731" lon="-83.59046020737604">
				<ele>579.5953934220597</ele>
				<time>2025-11-14T20:07:31Z</time>
			</trkpt>
			<trkpt lat="35.42422716908815" lon="-83.59044463252299">
				<ele>580.7806174680591</ele>
				<time>2025-11-14T20:07:32Z</time>
			</trkpt>
			<trkpt lat="35.42424946474811" lon="-83.59040598232542">
				<ele>581.6012611044571</ele>
				<time>2025-11-14T20:07:33Z</time>
			</trkpt>
			<trkpt lat="35.42428050741158" lon="-83.59038849584799">
				<ele>581.3918398087844</ele>
				<time>2025-11-14T20:07:34Z</time>
			</trkpt>
			<trkpt lat="35.4243106338686" lon="-83.59038039023244">
				<ele>581.6938093397766</ele>
				<time>2025-11-14T20:07:35Z</time>
			</trkpt>
			<trkpt lat="35.42434762433323" lon="-83.59038492811469">
				<ele>582.6484215697274</ele>
				<time>2025-11-14T20:07:36Z</time>
			</trkpt>
			<trkpt lat="35.42440145499105" lon="-83.59040107482359">
				<ele>583.0657807439566</ele>
				<time>2025-11-14T20:07:37Z</time>
			</trkpt>
			<trkpt lat="35.42445926394836" lon="-83.59043138836263">
				<ele>583.7694273898378</ele>
				<time>2025-11-14T20:07:38Z</time>
			</trkpt>
			<trkpt lat="35.42449572757001" lon="-83.59046706875414">
				<ele>584.7240289049223</ele>
				<time>2025-11-14T20:07:39Z</time>
			</trkpt>
			<trkpt lat="35.42453418961332" lon="-83.59054500433712">
				<ele>585.4606757499278</ele>
				<time>2025-11-14T20:07:40Z</time>
			</trkpt>
			<trkpt lat="35.42456875579753" lon="-83.59057409316883">
				<ele>586.9652017690241</ele>
				<time>2025-11-14T20:07:41Z</time>
			</trkpt>
			<trkpt lat="35.42461461916172" lon="-83.59061182172985">
				<ele>586.3940342478454</ele>
				<time>2025-11-14T20:07:42Z</time>
			</trkpt>
			<trkpt lat="35.4246431938624" lon="-83.59063776500776">
				<ele>586.1444841446355</ele>
				<time>2025-11-14T20:07:43Z</time>
			</trkpt>
			<trkpt lat="35.42468011234198" lon="-83.59068145180838">
				<ele>585.1799586415291</ele>
				<time>2025-11-14T20:07:44Z</time>
			</trkpt>
			<trkpt lat="35.42472399725292" lon="-83.59072363200477">
				<ele>584.7524493243545</ele>
				<time>2025-11-14T20:07:45Z</time>
			</trkpt>
			<trkpt lat="35.42475657261123" lon="-83.5907340035508">
				<ele>584.6739318706095</ele>
				<time>2025-11-14T20:07:46Z</time>
			</trkpt>
			<trkpt lat="35.42478047633502" lon="-83.59075845819787">
				<ele>583.7868320373818</ele>
				<time>2025-11-14T20:07:47Z</time>
			</trkpt>
			<trkpt lat="35.42479560704272" lon="-83.59078462229098">
				<ele>584.4272464672104</ele>
				<time>2025-11-14T20:07:48Z</time>
			</trkpt>
			<trkpt lat="35.42479886494745" lon="-83.59081240445227">
				<ele>585.9915097793564</ele>
				<time>2025-11-14T20:07:50Z</time>
			</trkpt>
			<trkpt lat="35.42482137076888" lon="-83.59086036087857">
				<ele>584.2721061259508</ele>
				<time>2025-11-14T20:07:52Z</time>
			</trkpt>
			<trkpt lat="35.424832825343245" lon="-83.59088709372055">
				<ele>583.9596294658259</ele>
				<time>2025-11-14T20:07:53Z</time>
			</trkpt>
			<trkpt lat="35.42484931827198" lon="-83.5909018836704">
				<ele>584.435891716741</ele>
				<time>2025-11-14T20:07:54Z</time>
			</trkpt>
			<trkpt lat="35.424864863458794" lon="-83.5909241013609">
				<ele>584.8849549219012</ele>
				<time>2025-11-14T20:07:55Z</time>
			</trkpt>
			<trkpt lat="35.42487702310275" lon="-83.5909438706537">
				<ele>586.2246141610667</ele>
				<time>2025-11-14T20:07:56Z</time>
			</trkpt>
			<trkpt lat="35.42488496273511" lon="-83.59096868586327">
				<ele>586.056479813531</ele>
				<time>2025-11-14T20:07:57Z</time>
			</trkpt>
			<trkpt lat="35.42488915362302" lon="-83.59099971011194">
				<ele>588.8762797284871</ele>
				<time>2025-11-14T20:07:58Z</time>
			</trkpt>
			<trkpt lat="35.42489406477523" lon="-83.59103240726303">
				<ele>588.8497685343027</ele>
				<time>2025-11-14T20:07:59Z</time>
			</trkpt>
			<trkpt lat="35.424893124976116" lon="-83.59105997913751">
				<ele>590.0537384459749</ele>
				<time>2025-11-14T20:08:00Z</time>
			</trkpt>
			<trkpt lat="35.42489683356616" lon="-83.59109185117333">
				<ele>589.6709650969133</ele>
				<time>2025-11-14T20:08:01Z</time>
			</trkpt>
			<trkpt lat="35.4248942509884" lon="-83.59112651119864">
				<ele>589.7281701834872</ele>
				<time>2025-11-14T20:08:02Z</time>
			</trkpt>
			<trkpt lat="35.42489185459942" lon="-83.5911531770062">
				<ele>589.3509818231687</ele>
				<time>2025-11-14T20:08:03Z</time>
			</trkpt>
			<trkpt lat="35.4248862430705" lon="-83.59117864680758">
				<ele>589.2529136184603</ele>
				<time>2025-11-14T20:08:04Z</time>
			</trkpt>
			<trkpt lat="35.424880405296406" lon="-83.59120426117946">
				<ele>588.5104834064841</ele>
				<time>2025-11-14T20:08:05Z</time>
			</trkpt>
			<trkpt lat="35.42487507595991" lon="-83.5912404927435">
				<ele>586.8105208305642</ele>
				<time>2025-11-14T20:08:06Z</time>
			</trkpt>
			<trkpt lat="35.42486292141375" lon="-83.59128456517493">
				<ele>585.9003903139383</ele>
				<time>2025-11-14T20:08:07Z</time>
			</trkpt>
			<trkpt lat="35.42484692957671" lon="-83.59132881936375">
				<ele>585.9322439962998</ele>
				<time>2025-11-14T20:08:08Z</time>
			</trkpt>
			<trkpt lat="35.42483709027999" lon="-83.5913668079311">
				<ele>584.4822151493281</ele>
				<time>2025-11-14T20:08:09Z</time>
			</trkpt>
			<trkpt lat="35.424823586287374" lon="-83.59140492816148">
				<ele>582.9405426969752</ele>
				<time>2025-11-14T20:08:10Z</time>
			</trkpt>
			<trkpt lat="35.424813612122925" lon="-83.59144087185952">
				<ele>582.616129655391</ele>
				<time>2025-11-14T20:08:11Z</time>
			</trkpt>
			<trkpt lat="35.424803915647246" lon="-83.59146764555628">
				<ele>581.3441208135337</ele>
				<time>2025-11-14T20:08:12Z</time>
			</trkpt>
			<trkpt lat="35.42478751380568" lon="-83.59149497944969">
				<ele>580.5387466186658</ele>
				<time>2025-11-14T20:08:13Z</time>
			</trkpt>
			<trkpt lat="35.424783692182274" lon="-83.5915197813347">
				<ele>578.2477182131261</ele>
				<time>2025-11-14T20:08:14Z</time>
			</trkpt>
			<trkpt lat="35.42477477640662" lon="-83.59153977855856">
				<ele>578.2432427853346</ele>
				<time>2025-11-14T20:08:15Z</time>
			</trkpt>
			<trkpt lat="35.4247633491084" lon="-83.59157929566466">
				<ele>577.7484976155683</ele>
				<time>2025-11-14T20:08:17Z</time>
			</trkpt>
			<trkpt lat="35.42476050781552" lon="-83.59160130209354">
				<ele>578.2162885218859</ele>
				<time>2025-11-14T20:08:18Z</time>
			</trkpt>
			<trkpt lat="35.42476012608579" lon="-83.59162996119609">
				<ele>576.382960611023</ele>
				<time>2025-11-14T20:08:19Z</time>
			</trkpt>
			<trkpt lat="35.424750959477635" lon="-83.59167653535962">
				<ele>576.4054435174912</ele>
				<time>2025-11-14T20:08:21Z</time>
			</trkpt>
			<trkpt lat="35.42474175139077" lon="-83.59172353008637">
				<ele>575.2679964480922</ele>
				<time>2025-11-14T20:08:23Z</time>
			</trkpt>
			<trkpt lat="35.42473475571762" lon="-83.591770597146">
				<ele>574.6710030026734</ele>
				<time>2025-11-14T20:08:25Z</time>
			</trkpt>
			<trkpt lat="35.424728008336345" lon="-83.59181647886496">
				<ele>574.0713098850101</ele>
				<time>2025-11-14T20:08:27Z</time>
			</trkpt>
			<trkpt lat="35.424735266595384" lon="-83.59186791586788">
				<ele>574.5786223709583</ele>
				<time>2025-11-14T20:08:29Z</time>
			</trkpt>
			<trkpt lat="35.42473338449883" lon="-83.59189152655638">
				<ele>574.8494166182354</ele>
				<time>2025-11-14T20:08:30Z</time>
			</trkpt>
			<trkpt lat="35.42473429352922" lon="-83.59191601686527">
				<ele>573.5681782430038</ele>
				<time>2025-11-14T20:08:31Z</time>
			</trkpt>
			<trkpt lat="35.42474022739576" lon="-83.59194370725325">
				<ele>574.6313236635178</ele>
				<time>2025-11-14T20:08:32Z</time>
			</trkpt>
			<trkpt lat="35.42474675839605" lon="-83.59197031307262">
				<ele>574.6756535489112</ele>
				<time>2025-11-14T20:08:33Z</time>
			</trkpt>
			<trkpt lat="35.42475944933039" lon="-83.59201176827118">
				<ele>574.484396261163</ele>
				<time>2025-11-14T20:08:34Z</time>
			</trkpt>
			<trkpt lat="35.42476036260817" lon="-83.59206217389175">
				<ele>574.2243715822697</ele>
				<time>2025-11-14T20:08:36Z</time>
			</trkpt>
			<trkpt lat="35.424770724109315" lon="-83.59209710286717">
				<ele>574.3432280626148</ele>
				<time>2025-11-14T20:08:37Z</time>
			</trkpt>
			<trkpt lat="35.42477859659584" lon="-83.59211952524122">
				<ele>573.590653325431</ele>
				<time>2025-11-14T20:08:38Z</time>
			</trkpt>
			<trkpt lat="35.42479009850493" lon="-83.59215536146907">
				<ele>573.5912677189335</ele>
				<time>2025-11-14T20:08:39Z</time>
			</trkpt>
			<trkpt lat="35.42480285327954" lon="-83.5921859158617">
				<ele>573.5633377665654</ele>
				<time>2025-11-14T20:08:40Z</time>
			</trkpt>
			<trkpt lat="35.42482017461572" lon="-83.59221302868056">
				<ele>573.4972173757851</ele>
				<time>2025-11-14T20:08:41Z</time>
			</trkpt>
			<trkpt lat="35.4248615939106" lon="-83.59226284519936">
				<ele>571.7311325576156</ele>
				<time>2025-11-14T20:08:42Z</time>
			</trkpt>
			<trkpt lat="35.424874084588616" lon="-83.59227981725141">
				<ele>570.7101463815197</ele>
				<time>2025-11-14T20:08:43Z</time>
			</trkpt>
			<trkpt lat="35.42492941190737" lon="-83.59231694444958">
				<ele>568.156496020034</ele>
				<time>2025-11-14T20:08:44Z</time>
			</trkpt>
			<trkpt lat="35.42496696962076" lon="-83.59234173737389">
				<ele>567.5864107720554</ele>
				<time>2025-11-14T20:08:45Z</time>
			</trkpt>
			<trkpt lat="35.42500131385071" lon="-83.5923512130433">
				<ele>566.8688074294478</ele>
				<time>2025-11-14T20:08:47Z</time>
			</trkpt>
			<trkpt lat="35.42504267207886" lon="-83.5923607260411">
				<ele>569.0124623375013</ele>
				<time>2025-11-14T20:08:48Z</time>
			</trkpt>
			<trkpt lat="35.42509311624554" lon="-83.5923585947345">
				<ele>568.842527047731</ele>
				<time>2025-11-14T20:08:49Z</time>
			</trkpt>
			<trkpt lat="35.42513007398011" lon="-83.59234680555761">
				<ele>567.3679115297273</ele>
				<time>2025-11-14T20:08:50Z</time>
			</trkpt>
			<trkpt lat="35.42515424331749" lon="-83.59233643694807">
				<ele>567.9459106521681</ele>
				<time>2025-11-14T20:08:51Z</time>
			</trkpt>
			<trkpt lat="35.42518064455854" lon="-83.59231326516674">
				<ele>567.6474776649848</ele>
				<time>2025-11-14T20:08:52Z</time>
			</trkpt>
			<trkpt lat="35.425208179286955" lon="-83.59228263563517">
				<ele>567.7861229814589</ele>
				<time>2025-11-14T20:08:54Z</time>
			</trkpt>
			<trkpt lat="35.425231668150104" lon="-83.59224651451278">
				<ele>567.6355451066047</ele>
				<time>2025-11-14T20:08:55Z</time>
			</trkpt>
			<trkpt lat="35.42525210894497" lon="-83.5922304603984">
				<ele>568.6244244817644</ele>
				<time>2025-11-14T20:08:56Z</time>
			</trkpt>
			<trkpt lat="35.42528366692001" lon="-83.5922137665491">
				<ele>569.4728314438835</ele>
				<time>2025-11-14T20:08:57Z</time>
			</trkpt>
			<trkpt lat="35.425309801066234" lon="-83.5922002533917">
				<ele>569.3437817106023</ele>
				<time>2025-11-14T20:08:58Z</time>
			</trkpt>
			<trkpt lat="35.42533212855497" lon="-83.5921733356392">
				<ele>568.7909104647115</ele>
				<time>2025-11-14T20:08:59Z</time>
			</trkpt>
			<trkpt lat="35.425351257480905" lon="-83.59214647849572">
				<ele>568.0003728372976</ele>
				<time>2025-11-14T20:09:00Z</time>
			</trkpt>
			<trkpt lat="35.42537341897836" lon="-83.59213197299938">
				<ele>567.9304347056895</ele>
				<time>2025-11-14T20:09:01Z</time>
			</trkpt>
			<trkpt lat="35.42539251405236" lon="-83.59212730373962">
				<ele>568.4508031457663</ele>
				<time>2025-11-14T20:09:02Z</time>
			</trkpt>
			<trkpt lat="35.42541461307518" lon="-83.59212120957869">
				<ele>569.3636307995766</ele>
				<time>2025-11-14T20:09:03Z</time>
			</trkpt>
			<trkpt lat="35.42543615970288" lon="-83.59212695356231">
				<ele>571.057167345658</ele>
				<time>2025-11-14T20:09:04Z</time>
			</trkpt>
			<trkpt lat="35.425458560668105" lon="-83.59213753790418">
				<ele>571.1872657118365</ele>
				<time>2025-11-14T20:09:05Z</time>
			</trkpt>
			<trkpt lat="35.42548054551079" lon="-83.59213995576648">
				<ele>571.0632965033874</ele>
				<time>2025-11-14T20:09:06Z</time>
			</trkpt>
			<trkpt lat="35.42550885306939" lon="-83.59214386878075">
				<ele>571.3208975819871</ele>
				<time>2025-11-14T20:09:07Z</time>
			</trkpt>
			<trkpt lat="35.4255296199492" lon="-83.59214974651668">
				<ele>572.5800010915846</ele>
				<time>2025-11-14T20:09:08Z</time>
			</trkpt>
			<trkpt lat="35.42555710404093" lon="-83.59214823561342">
				<ele>572.8525446215644</ele>
				<time>2025-11-14T20:09:09Z</time>
			</trkpt>
			<trkpt lat="35.42558488675741" lon="-83.59214154982892">
				<ele>574.0738648232073</ele>
				<time>2025-11-14T20:09:10Z</time>
			</trkpt>
			<trkpt lat="35.42561183280377" lon="-83.59212579508441">
				<ele>573.718860228546</ele>
				<time>2025-11-14T20:09:11Z</time>
			</trkpt>
			<trkpt lat="35.42564163831433" lon="-83.59210987668607">
				<ele>572.1144594075158</ele>
				<time>2025-11-14T20:09:12Z</time>
			</trkpt>
			<trkpt lat="35.425669511841384" lon="-83.59208819091015">
				<ele>571.2182437079027</ele>
				<time>2025-11-14T20:09:13Z</time>
			</trkpt>
			<trkpt lat="35.42568853594471" lon="-83.59207200649348">
				<ele>570.1068540466949</ele>
				<time>2025-11-14T20:09:14Z</time>
			</trkpt>
			<trkpt lat="35.42570900761922" lon="-83.5920848122919">
				<ele>567.7887866720557</ele>
				<time>2025-11-14T20:09:19Z</time>
			</trkpt>
			<trkpt lat="35.4257225067932" lon="-83.59210644671897">
				<ele>567.2242566822097</ele>
				<time>2025-11-14T20:09:22Z</time>
			</trkpt>
			<trkpt lat="35.425734499371764" lon="-83.59212602411468">
				<ele>566.9174581486732</ele>
				<time>2025-11-14T20:09:25Z</time>
			</trkpt>
			<trkpt lat="35.425760440262096" lon="-83.59210732088833">
				<ele>565.7754075517878</ele>
				<time>2025-11-14T20:09:32Z</time>
			</trkpt>
			<trkpt lat="35.42577931286503" lon="-83.59208212636442">
				<ele>565.2458140812814</ele>
				<time>2025-11-14T20:09:33Z</time>
			</trkpt>
			<trkpt lat="35.42579887959632" lon="-83.59205576702014">
				<ele>565.4036182025447</ele>
				<time>2025-11-14T20:09:34Z</time>
			</trkpt>
			<trkpt lat="35.425810046813986" lon="-83.59202269628675">
				<ele>565.0674001118168</ele>
				<time>2025-11-14T20:09:35Z</time>
			</trkpt>
			<trkpt lat="35.42581649021304" lon="-83.59198418657103">
				<ele>564.5693624308333</ele>
				<time>2025-11-14T20:09:36Z</time>
			</trkpt>
			<trkpt lat="35.42582120452316" lon="-83.59194126539731">
				<ele>564.5313003482297</ele>
				<time>2025-11-14T20:09:37Z</time>
			</trkpt>
			<trkpt lat="35.42582971610081" lon="-83.59189893588866">
				<ele>565.801858857274</ele>
				<time>2025-11-14T20:09:38Z</time>
			</trkpt>
			<trkpt lat="35.425826792222566" lon="-83.59185411476314">
				<ele>564.1524691740051</ele>
				<time>2025-11-14T20:09:39Z</time>
			</trkpt>
			<trkpt lat="35.425827388044716" lon="-83.59181948994137">
				<ele>565.119733100757</ele>
				<time>2025-11-14T20:09:40Z</time>
			</trkpt>
			<trkpt lat="35.42581332996559" lon="-83.59177235950129">
				<ele>563.5580503055826</ele>
				<time>2025-11-14T20:09:41Z</time>
			</trkpt>
			<trkpt lat="35.42580308953553" lon="-83.59174519303997">
				<ele>564.5340411374345</ele>
				<time>2025-11-14T20:09:42Z</time>
			</trkpt>
			<trkpt lat="35.42578940057424" lon="-83.59171225851753">
				<ele>564.6722550885752</ele>
				<time>2025-11-14T20:09:43Z</time>
			</trkpt>
			<trkpt lat="35.425775268878354" lon="-83.591672608861">
				<ele>565.9651643531397</ele>
				<time>2025-11-14T20:09:44Z</time>
			</trkpt>
			<trkpt lat="35.42578920883378" lon="-83.5916220781977">
				<ele>568.0165484184399</ele>
				<time>2025-11-14T20:09:46Z</time>
			</trkpt>
			<trkpt lat="35.42579600720864" lon="-83.5915921329279">
				<ele>569.0411147857085</ele>
				<time>2025-11-14T20:09:47Z</time>
			</trkpt>
			<trkpt lat="35.42582249677841" lon="-83.59155985809986">
				<ele>569.9584844736382</ele>
				<time>2025-11-14T20:09:48Z</time>
			</trkpt>
			<trkpt lat="35.42585344666668" lon="-83.5915596910393">
				<ele>572.1580668287352</ele>
				<time>2025-11-14T20:09:49Z</time>
			</trkpt>
			<trkpt lat="35.425889147435" lon="-83.59155139702064">
				<ele>571.6999614071101</ele>
				<time>2025-11-14T20:09:50Z</time>
			</trkpt>
			<trkpt lat="35.42592742830331" lon="-83.59155439203047">
				<ele>572.3898696862161</ele>
				<time>2025-11-14T20:09:51Z</time>
			</trkpt>
			<trkpt lat="35.425953954461555" lon="-83.5915466105647">
				<ele>570.941324448213</ele>
				<time>2025-11-14T20:09:52Z</time>
			</trkpt>
			<trkpt lat="35.42598220664288" lon="-83.59153329677645">
				<ele>570.2014039838687</ele>
				<time>2025-11-14T20:09:53Z</time>
			</trkpt>
			<trkpt lat="35.42601002726531" lon="-83.59152795694044">
				<ele>569.6460179137066</ele>
				<time>2025-11-14T20:09:54Z</time>
			</trkpt>
			<trkpt lat="35.42605416285797" lon="-83.5915251239032">
				<ele>569.8891695030034</ele>
				<time>2025-11-14T20:09:55Z</time>
			</trkpt>
			<trkpt lat="35.426078223079315" lon="-83.59152381434744">
				<ele>570.3739524930716</ele>
				<time>2025-11-14T20:09:56Z</time>
			</trkpt>
			<trkpt lat="35.42611386761724" lon="-83.59152377026312">
				<ele>570.022135942243</ele>
				<time>2025-11-14T20:09:57Z</time>
			</trkpt>
			<trkpt lat="35.42614365894989" lon="-83.59151555099722">
				<ele>569.8575630057603</ele>
				<time>2025-11-14T20:09:58Z</time>
			</trkpt>
			<trkpt lat="35.42617206101005" lon="-83.59151508057373">
				<ele>570.1669834898785</ele>
				<time>2025-11-14T20:09:59Z</time>
			</trkpt>
			<trkpt lat="35.42619668181011" lon="-83.59151484284448">
				<ele>570.541090737097</ele>
				<time>2025-11-14T20:10:00Z</time>
			</trkpt>
			<trkpt lat="35.42622588779404" lon="-83.59150324951786">
				<ele>570.6031562676653</ele>
				<time>2025-11-14T20:10:01Z</time>
			</trkpt>
			<trkpt lat="35.42624474779137" lon="-83.59148566899252">
				<ele>571.0233514476568</ele>
				<time>2025-11-14T20:10:02Z</time>
			</trkpt>
			<trkpt lat="35.42626341555793" lon="-83.59144511430083">
				<ele>570.8139170696959</ele>
				<time>2025-11-14T20:10:04Z</time>
			</trkpt>
			<trkpt lat="35.426262843605386" lon="-83.59141670385999">
				<ele>571.6895889993757</ele>
				<time>2025-11-14T20:10:05Z</time>
			</trkpt>
			<trkpt lat="35.42623890931099" lon="-83.59134746469863">
				<ele>572.3283442715183</ele>
				<time>2025-11-14T20:10:06Z</time>
			</trkpt>
			<trkpt lat="35.42621700797575" lon="-83.59131492419928">
				<ele>572.8841256741434</ele>
				<time>2025-11-14T20:10:07Z</time>
			</trkpt>
			<trkpt lat="35.426196199288576" lon="-83.59128943282215">
				<ele>573.3178465636447</ele>
				<time>2025-11-14T20:10:08Z</time>
			</trkpt>
			<trkpt lat="35.42618189974095" lon="-83.59126470183145">
				<ele>573.5302351955324</ele>
				<time>2025-11-14T20:10:09Z</time>
			</trkpt>
			<trkpt lat="35.426169691241206" lon="-83.59124030460917">
				<ele>574.3864207789302</ele>
				<time>2025-11-14T20:10:10Z</time>
			</trkpt>
			<trkpt lat="35.42614455715798" lon="-83.59121603908402">
				<ele>575.7755106044933</ele>
				<time>2025-11-14T20:10:11Z</time>
			</trkpt>
			<trkpt lat="35.42611645578022" lon="-83.59119389567988">
				<ele>575.6547874854878</ele>
				<time>2025-11-14T20:10:12Z</time>
			</trkpt>
			<trkpt lat="35.426113173501626" lon="-83.59116557275357">
				<ele>577.2969989227131</ele>
				<time>2025-11-14T20:10:13Z</time>
			</trkpt>
			<trkpt lat="35.42608934195511" lon="-83.59113126942076">
				<ele>577.6311940774322</ele>
				<time>2025-11-14T20:10:14Z</time>
			</trkpt>
			<trkpt lat="35.42606722100024" lon="-83.59109563724273">
				<ele>577.9555044323206</ele>
				<time>2025-11-14T20:10:15Z</time>
			</trkpt>
			<trkpt lat="35.426034977789314" lon="-83.59105644427517">
				<ele>578.3885524794459</ele>
				<time>2025-11-14T20:10:16Z</time>
			</trkpt>
			<trkpt lat="35.426017189733976" lon="-83.5910104685809">
				<ele>577.9858020078391</ele>
				<time>2025-11-14T20:10:17Z</time>
			</trkpt>
			<trkpt lat="35.42600964137816" lon="-83.59095442106268">
				<ele>577.3047745758668</ele>
				<time>2025-11-14T20:10:18Z</time>
			</trkpt>
			<trkpt lat="35.426007703411976" lon="-83.59090098030273">
				<ele>577.9992868630216</ele>
				<time>2025-11-14T20:10:19Z</time>
			</trkpt>
			<trkpt lat="35.426007653823596" lon="-83.59085146458905">
				<ele>576.9895336441696</ele>
				<time>2025-11-14T20:10:20Z</time>
			</trkpt>
			<trkpt lat="35.426014815279274" lon="-83.59078023795541">
				<ele>577.0786686362699</ele>
				<time>2025-11-14T20:10:21Z</time>
			</trkpt>
			<trkpt lat="35.42600811832621" lon="-83.59072021015106">
				<ele>577.3516898164526</ele>
				<time>2025-11-14T20:10:22Z</time>
			</trkpt>
			<trkpt lat="35.42598599169593" lon="-83.59067740742422">
				<ele>575.8896205415949</ele>
				<time>2025-11-14T20:10:23Z</time>
			</trkpt>
			<trkpt lat="35.42595691909499" lon="-83.59063045630137">
				<ele>574.384292749688</ele>
				<time>2025-11-14T20:10:24Z</time>
			</trkpt>
			<trkpt lat="35.42593990755833" lon="-83.5905900238353">
				<ele>575.5874198181555</ele>
				<time>2025-11-14T20:10:25Z</time>
			</trkpt>
			<trkpt lat="35.42592035406419" lon="-83.59055101455782">
				<ele>573.3499070629478</ele>
				<time>2025-11-14T20:10:26Z</time>
			</trkpt>
			<trkpt lat="35.425901015796285" lon="-83.59051656532247">
				<ele>572.0363516099751</ele>
				<time>2025-11-14T20:10:27Z</time>
			</trkpt>
			<trkpt lat="35.42589621940617" lon="-83.59046516918717">
				<ele>570.5934357214719</ele>
				<time>2025-11-14T20:10:28Z</time>
			</trkpt>
			<trkpt lat="35.42590907610377" lon="-83.59039839630631">
				<ele>571.5345266573131</ele>
				<time>2025-11-14T20:10:29Z</time>
			</trkpt>
			<trkpt lat="35.42591466422475" lon="-83.5903442449186">
				<ele>569.7538874391466</ele>
				<time>2025-11-14T20:10:30Z</time>
			</trkpt>
			<trkpt lat="35.425918305974626" lon="-83.59029083064709">
				<ele>569.2342973994091</ele>
				<time>2025-11-14T20:10:31Z</time>
			</trkpt>
			<trkpt lat="35.42591172116618" lon="-83.5902470124279">
				<ele>568.8708156775683</ele>
				<time>2025-11-14T20:10:32Z</time>
			</trkpt>
			<trkpt lat="35.42590558564219" lon="-83.59019732725514">
				<ele>570.3928661895916</ele>
				<time>2025-11-14T20:10:33Z</time>
			</trkpt>
			<trkpt lat="35.425884973485225" lon="-83.590136193477">
				<ele>568.1641798429191</ele>
				<time>2025-11-14T20:10:34Z</time>
			</trkpt>
			<trkpt lat="35.425867987711214" lon="-83.59007176704387">
				<ele>568.2557727955282</ele>
				<time>2025-11-14T20:10:35Z</time>
			</trkpt>
			<trkpt lat="35.42584078097269" lon="-83.58998551228082">
				<ele>568.1812295215204</ele>
				<time>2025-11-14T20:10:37Z</time>
			</trkpt>
			<trkpt lat="35.425834139516084" lon="-83.58995842177717">
				<ele>569.4957457827404</ele>
				<time>2025-11-14T20:10:38Z</time>
			</trkpt>
			<trkpt lat="35.42581672760268" lon="-83.58990734124862">
				<ele>568.6895738616586</ele>
				<time>2025-11-14T20:10:39Z</time>
			</trkpt>
			<trkpt lat="35.42581457682025" lon="-83.58984834179411">
				<ele>567.4041112372652</ele>
				<time>2025-11-14T20:10:40Z</time>
			</trkpt>
			<trkpt lat="35.425804291606525" lon="-83.58979997510738">
				<ele>567.1960675567389</ele>
				<time>2025-11-14T20:10:41Z</time>
			</trkpt>
			<trkpt lat="35.42579430838214" lon="-83.58969509844192">
				<ele>566.5275338515639</ele>
				<time>2025-11-14T20:10:42Z</time>
			</trkpt>
			<trkpt lat="35.425796890194306" lon="-83.58961359239277">
				<ele>565.3846454778686</ele>
				<time>2025-11-14T20:10:43Z</time>
			</trkpt>
			<trkpt lat="35.42579896411117" lon="-83.58954812068156">
				<ele>566.3926818957552</ele>
				<time>2025-11-14T20:10:44Z</time>
			</trkpt>
			<trkpt lat="35.42579873139733" lon="-83.58945086401697">
				<ele>565.8938542399555</ele>
				<time>2025-11-14T20:10:45Z</time>
			</trkpt>
			<trkpt lat="35.42579745338015" lon="-83.58940838490477">
				<ele>566.6449972633272</ele>
				<time>2025-11-14T20:10:46Z</time>
			</trkpt>
			<trkpt lat="35.42579068080378" lon="-83.5893457929984">
				<ele>566.9889136273414</ele>
				<time>2025-11-14T20:10:47Z</time>
			</trkpt>
			<trkpt lat="35.42578255086383" lon="-83.58929190643236">
				<ele>566.927350115031</ele>
				<time>2025-11-14T20:10:48Z</time>
			</trkpt>
			<trkpt lat="35.42577602363277" lon="-83.5892469237677">
				<ele>566.7298497678712</ele>
				<time>2025-11-14T20:10:49Z</time>
			</trkpt>
			<trkpt lat="35.425767926316915" lon="-83.58920597913597">
				<ele>564.4561492120847</ele>
				<time>2025-11-14T20:10:50Z</time>
			</trkpt>
			<trkpt lat="35.42576176855313" lon="-83.58917596415243">
				<ele>562.7923288084567</ele>
				<time>2025-11-14T20:10:51Z</time>
			</trkpt>
			<trkpt lat="35.42576825036186" lon="-83.58913118071806">
				<ele>561.169253368862</ele>
				<time>2025-11-14T20:10:52Z</time>
			</trkpt>
			<trkpt lat="35.42581163041925" lon="-83.58910506101478">
				<ele>561.525230685249</ele>
				<time>2025-11-14T20:10:53Z</time>
			</trkpt>
			<trkpt lat="35.42582338900329" lon="-83.58912624863183">
				<ele>561.7208488015458</ele>
				<time>2025-11-14T20:10:54Z</time>
			</trkpt>
			<trkpt lat="35.4258691388282" lon="-83.58911001696833">
				<ele>560.5483912490308</ele>
				<time>2025-11-14T20:10:55Z</time>
			</trkpt>
			<trkpt lat="35.42591181660646" lon="-83.58908636556184">
				<ele>559.6570919780061</ele>
				<time>2025-11-14T20:10:57Z</time>
			</trkpt>
			<trkpt lat="35.425951404190265" lon="-83.58907357051588">
				<ele>560.6524422867224</ele>
				<time>2025-11-14T20:10:58Z</time>
			</trkpt>
			<trkpt lat="35.42600309276464" lon="-83.58908012031793">
				<ele>559.9651842303574</ele>
				<time>2025-11-14T20:11:00Z</time>
			</trkpt>
			<trkpt lat="35.426026840947536" lon="-83.58905692979101">
				<ele>560.4623633427545</ele>
				<time>2025-11-14T20:11:01Z</time>
			</trkpt>
			<trkpt lat="35.42606476681674" lon="-83.5890551061411">
				<ele>559.9800614165142</ele>
				<time>2025-11-14T20:11:02Z</time>
			</trkpt>
			<trkpt lat="35.42609953713918" lon="-83.58905033317647">
				<ele>560.8474256042391</ele>
				<time>2025-11-14T20:11:03Z</time>
			</trkpt>
			<trkpt lat="35.42613278470951" lon="-83.58904359344089">
				<ele>561.0172694707289</ele>
				<time>2025-11-14T20:11:04Z</time>
			</trkpt>
			<trkpt lat="35.42617711723885" lon="-83.58901857857575">
				<ele>560.9490437656641</ele>
				<time>2025-11-14T20:11:05Z</time>
			</trkpt>
			<trkpt lat="35.426209168250374" lon="-83.5889946218018">
				<ele>561.4318192498758</ele>
				<time>2025-11-14T20:11:06Z</time>
			</trkpt>
			<trkpt lat="35.426249794121155" lon="-83.58898594362363">
				<ele>561.3881404660642</ele>
				<time>2025-11-14T20:11:07Z</time>
			</trkpt>
			<trkpt lat="35.426288948952326" lon="-83.58897126917303">
				<ele>560.1895752418786</ele>
				<time>2025-11-14T20:11:09Z</time>
			</trkpt>
			<trkpt lat="35.42633841804458" lon="-83.58894197811745">
				<ele>560.4309339337051</ele>
				<time>2025-11-14T20:11:10Z</time>
			</trkpt>
			<trkpt lat="35.42635928217856" lon="-83.58891734977011">
				<ele>559.9886144222692</ele>
				<time>2025-11-14T20:11:11Z</time>
			</trkpt>
			<trkpt lat="35.42638862743374" lon="-83.58885714883">
				<ele>560.5719829481095</ele>
				<time>2025-11-14T20:11:12Z</time>
			</trkpt>
			<trkpt lat="35.426411399119566" lon="-83.58882047119117">
				<ele>560.128772479482</ele>
				<time>2025-11-14T20:11:13Z</time>
			</trkpt>
			<trkpt lat="35.42643142607812" lon="-83.58873831441234">
				<ele>561.084505200386</ele>
				<time>2025-11-14T20:11:14Z</time>
			</trkpt>
			<trkpt lat="35.42643626352096" lon="-83.58864994775024">
				<ele>560.5802332572639</ele>
				<time>2025-11-14T20:11:15Z</time>
			</trkpt>
			<trkpt lat="35.42645687646552" lon="-83.5885879585485">
				<ele>560.2530363779515</ele>
				<time>2025-11-14T20:11:16Z</time>
			</trkpt>
			<trkpt lat="35.426463367633545" lon="-83.5885513934573">
				<ele>561.2379075437784</ele>
				<time>2025-11-14T20:11:17Z</time>
			</trkpt>
			<trkpt lat="35.42645682221554" lon="-83.58849672061832">
				<ele>561.4070542622358</ele>
				<time>2025-11-14T20:11:18Z</time>
			</trkpt>
			<trkpt lat="35.42644390661296" lon="-83.58842807607336">
				<ele>562.6831427086145</ele>
				<time>2025-11-14T20:11:19Z</time>
			</trkpt>
			<trkpt lat="35.42645397982335" lon="-83.58835797007544">
				<ele>563.1520670959726</ele>
				<time>2025-11-14T20:11:20Z</time>
			</trkpt>
			<trkpt lat="35.42647268245417" lon="-83.58830347462946">
				<ele>562.4071759721264</ele>
				<time>2025-11-14T20:11:21Z</time>
			</trkpt>
			<trkpt lat="35.42648622056557" lon="-83.5882440912322">
				<ele>562.0045179994777</ele>
				<time>2025-11-14T20:11:22Z</time>
			</trkpt>
			<trkpt lat="35.42649341219135" lon="-83.58818783249713">
				<ele>562.5997881758958</ele>
				<time>2025-11-14T20:11:23Z</time>
			</trkpt>
			<trkpt lat="35.42649130022147" lon="-83.58813203321601">
				<ele>563.9886820893735</ele>
				<time>2025-11-14T20:11:24Z</time>
			</trkpt>
			<trkpt lat="35.42647226759915" lon="-83.58807688925663">
				<ele>563.4828156223521</ele>
				<time>2025-11-14T20:11:25Z</time>
			</trkpt>
			<trkpt lat="35.426466616052245" lon="-83.58802815868326">
				<ele>563.5594409098849</ele>
				<time>2025-11-14T20:11:26Z</time>
			</trkpt>
			<trkpt lat="35.42646015726438" lon="-83.58798525635888">
				<ele>563.9302317798138</ele>
				<time>2025-11-14T20:11:27Z</time>
			</trkpt>
			<trkpt lat="35.42645476780053" lon="-83.58793577736587">
				<ele>564.0579045210034</ele>
				<time>2025-11-14T20:11:28Z</time>
			</trkpt>
			<trkpt lat="35.42645216123082" lon="-83.58788516381806">
				<ele>564.3557953061536</ele>
				<time>2025-11-14T20:11:29Z</time>
			</trkpt>
			<trkpt lat="35.42644241406515" lon="-83.58784221132079">
				<ele>566.6638606712222</ele>
				<time>2025-11-14T20:11:30Z</time>
			</trkpt>
			<trkpt lat="35.426441870449125" lon="-83.5878099060586">
				<ele>567.0670908400789</ele>
				<time>2025-11-14T20:11:31Z</time>
			</trkpt>
			<trkpt lat="35.426439621456886" lon="-83.5877779513147">
				<ele>567.7979768468067</ele>
				<time>2025-11-14T20:11:32Z</time>
			</trkpt>
			<trkpt lat="35.4264317524243" lon="-83.58773262896845">
				<ele>566.1957474462688</ele>
				<time>2025-11-14T20:11:33Z</time>
			</trkpt>
			<trkpt lat="35.42643618325328" lon="-83.5877039091658">
				<ele>566.4597586542368</ele>
				<time>2025-11-14T20:11:34Z</time>
			</trkpt>
			<trkpt lat="35.426462129103975" lon="-83.58769420600845">
				<ele>565.0712185129523</ele>
				<time>2025-11-14T20:11:35Z</time>
			</trkpt>
			<trkpt lat="35.426506270904426" lon="-83.58769009911823">
				<ele>565.3155272584409</ele>
				<time>2025-11-14T20:11:36Z</time>
			</trkpt>
			<trkpt lat="35.42656641437165" lon="-83.58770189066358">
				<ele>566.5736430529505</ele>
				<time>2025-11-14T20:11:37Z</time>
			</trkpt>
			<trkpt lat="35.4266411279895" lon="-83.58771438268319">
				<ele>566.274040424265</ele>
				<time>2025-11-14T20:11:38Z</time>
			</trkpt>
			<trkpt lat="35.426690663296434" lon="-83.58774633222839">
				<ele>566.3844713848084</ele>
				<time>2025-11-14T20:11:39Z</time>
			</trkpt>
			<trkpt lat="35.4267335028752" lon="-83.58776980175769">
				<ele>565.2530552502722</ele>
				<time>2025-11-14T20:11:40Z</time>
			</trkpt>
			<trkpt lat="35.426776452638336" lon="-83.58780034757974">
				<ele>563.5122689027339</ele>
				<time>2025-11-14T20:11:41Z</time>
			</trkpt>
			<trkpt lat="35.426821643321894" lon="-83.58782932882266">
				<ele>563.7044179355726</ele>
				<time>2025-11-14T20:11:42Z</time>
			</trkpt>
			<trkpt lat="35.42686731203652" lon="-83.58783883779064">
				<ele>561.0753238014877</ele>
				<time>2025-11-14T20:11:44Z</time>
			</trkpt>
			<trkpt lat="35.42689372362255" lon="-83.58785640414335">
				<ele>561.0492155728862</ele>
				<time>2025-11-14T20:11:45Z</time>
			</trkpt>
			<trkpt lat="35.42691964136865" lon="-83.58787014185062">
				<ele>560.733873016201</ele>
				<time>2025-11-14T20:11:46Z</time>
			</trkpt>
			<trkpt lat="35.4269524808046" lon="-83.58790027298649">
				<ele>558.3141439380124</ele>
				<time>2025-11-14T20:11:47Z</time>
			</trkpt>
			<trkpt lat="35.42697204381256" lon="-83.58791065991684">
				<ele>559.573074654676</ele>
				<time>2025-11-14T20:11:48Z</time>
			</trkpt>
			<trkpt lat="35.426994103595035" lon="-83.58793044084265">
				<ele>559.8226300571114</ele>
				<time>2025-11-14T20:11:49Z</time>
			</trkpt>
			<trkpt lat="35.42702360072395" lon="-83.58795368377524">
				<ele>560.9841126613319</ele>
				<time>2025-11-14T20:11:50Z</time>
			</trkpt>
			<trkpt lat="35.427044209117355" lon="-83.58796659529496">
				<ele>559.6007412569597</ele>
				<time>2025-11-14T20:11:51Z</time>
			</trkpt>
			<trkpt lat="35.427067296657384" lon="-83.58798995655403">
				<ele>558.6566748805344</ele>
				<time>2025-11-14T20:11:52Z</time>
			</trkpt>
			<trkpt lat="35.427090830603106" lon="-83.58800363817777">
				<ele>558.5076259793714</ele>
				<time>2025-11-14T20:11:53Z</time>
			</trkpt>
			<trkpt lat="35.427110030420984" lon="-83.58802099381283">
				<ele>559.2632342483848</ele>
				<time>2025-11-14T20:11:54Z</time>
			</trkpt>
			<trkpt lat="35.42713807204592" lon="-83.5880415801245">
				<ele>558.4100929442793</ele>
				<time>2025-11-14T20:11:55Z</time>
			</trkpt>
			<trkpt lat="35.42715177674248" lon="-83.58805663906482">
				<ele>560.005419912748</ele>
				<time>2025-11-14T20:11:56Z</time>
			</trkpt>
			<trkpt lat="35.42718434642277" lon="-83.58809789847163">
				<ele>561.4210961572826</ele>
				<time>2025-11-14T20:11:57Z</time>
			</trkpt>
			<trkpt lat="35.42720932779235" lon="-83.58814569983826">
				<ele>562.606816386804</ele>
				<time>2025-11-14T20:11:59Z</time>
			</trkpt>
			<trkpt lat="35.42722545644863" lon="-83.5881739346396">
				<ele>563.1716147884727</ele>
				<time>2025-11-14T20:12:00Z</time>
			</trkpt>
			<trkpt lat="35.42723794750887" lon="-83.58820048491775">
				<ele>563.3887579822913</ele>
				<time>2025-11-14T20:12:01Z</time>
			</trkpt>
			<trkpt lat="35.42725268501998" lon="-83.58823887285554">
				<ele>564.7724241986871</ele>
				<time>2025-11-14T20:12:02Z</time>
			</trkpt>
			<trkpt lat="35.42727698957244" lon="-83.58829641877473">
				<ele>563.8162013590336</ele>
				<time>2025-11-14T20:12:04Z</time>
			</trkpt>
			<trkpt lat="35.4273021192919" lon="-83.58834103013189">
				<ele>565.4751532450318</ele>
				<time>2025-11-14T20:12:06Z</time>
			</trkpt>
			<trkpt lat="35.42731918487625" lon="-83.58837398799508">
				<ele>566.2534349560738</ele>
				<time>2025-11-14T20:12:08Z</time>
			</trkpt>
			<trkpt lat="35.42734277852902" lon="-83.58841231759739">
				<ele>567.4166698213667</ele>
				<time>2025-11-14T20:12:10Z</time>
			</trkpt>
			<trkpt lat="35.42735548997701" lon="-83.5884406798407">
				<ele>566.999512010254</ele>
				<time>2025-11-14T20:12:12Z</time>
			</trkpt>
			<trkpt lat="35.427371791023155" lon="-83.58846504432526">
				<ele>566.3256746111438</ele>
				<time>2025-11-14T20:12:13Z</time>
			</trkpt>
			<trkpt lat="35.42740916283308" lon="-83.58850099189951">
				<ele>566.5618483303115</ele>
				<time>2025-11-14T20:12:15Z</time>
			</trkpt>
			<trkpt lat="35.42745018577838" lon="-83.58854292382121">
				<ele>567.813120605424</ele>
				<time>2025-11-14T20:12:17Z</time>
			</trkpt>
			<trkpt lat="35.42747723552149" lon="-83.58857726751268">
				<ele>567.2949563097209</ele>
				<time>2025-11-14T20:12:19Z</time>
			</trkpt>
			<trkpt lat="35.427495052918246" lon="-83.5886054808645">
				<ele>567.7414902877063</ele>
				<time>2025-11-14T20:12:20Z</time>
			</trkpt>
			<trkpt lat="35.427505680085936" lon="-83.5886284485691">
				<ele>568.3188640372828</ele>
				<time>2025-11-14T20:12:21Z</time>
			</trkpt>
			<trkpt lat="35.42751671325388" lon="-83.58865373380121">
				<ele>566.7741352198645</ele>
				<time>2025-11-14T20:12:22Z</time>
			</trkpt>
			<trkpt lat="35.42752999997" lon="-83.58869887385488">
				<ele>565.8624336626381</ele>
				<time>2025-11-14T20:12:24Z</time>
			</trkpt>
			<trkpt lat="35.42754497854772" lon="-83.58874734157531">
				<ele>565.3849795330316</ele>
				<time>2025-11-14T20:12:25Z</time>
			</trkpt>
			<trkpt lat="35.427569002638315" lon="-83.58878450697625">
				<ele>565.0479372218251</ele>
				<time>2025-11-14T20:12:26Z</time>
			</trkpt>
			<trkpt lat="35.42760165865613" lon="-83.58880954767078">
				<ele>564.9951167376712</ele>
				<time>2025-11-14T20:12:27Z</time>
			</trkpt>
			<trkpt lat="35.427620787376284" lon="-83.58881188339555">
				<ele>565.4687838600948</ele>
				<time>2025-11-14T20:12:28Z</time>
			</trkpt>
			<trkpt lat="35.427641619630556" lon="-83.58879863274582">
				<ele>566.5740119693801</ele>
				<time>2025-11-14T20:12:31Z</time>
			</trkpt>
			<trkpt lat="35.42767162276835" lon="-83.5887793621215">
				<ele>565.411679529585</ele>
				<time>2025-11-14T20:12:33Z</time>
			</trkpt>
			<trkpt lat="35.42769459487603" lon="-83.58873759287917">
				<ele>566.3427428854629</ele>
				<time>2025-11-14T20:12:35Z</time>
			</trkpt>
			<trkpt lat="35.427703042496894" lon="-83.58870555749634">
				<ele>565.0493239518255</ele>
				<time>2025-11-14T20:12:37Z</time>
			</trkpt>
			<trkpt lat="35.42772143361414" lon="-83.5886763238117">
				<ele>565.6432518661022</ele>
				<time>2025-11-14T20:12:39Z</time>
			</trkpt>
			<trkpt lat="35.42772890569512" lon="-83.58865202666674">
				<ele>565.3880999032408</ele>
				<time>2025-11-14T20:12:41Z</time>
			</trkpt>
			<trkpt lat="35.42773278104168" lon="-83.58862726109119">
				<ele>564.8541517378762</ele>
				<time>2025-11-14T20:12:44Z</time>
			</trkpt>
			<trkpt lat="35.42774385294418" lon="-83.58859821496465">
				<ele>564.4314536862075</ele>
				<time>2025-11-14T20:12:46Z</time>
			</trkpt>
			<trkpt lat="35.42774522922833" lon="-83.58857322537935">
				<ele>564.4029952399433</ele>
				<time>2025-11-14T20:12:56Z</time>
			</trkpt>
			<trkpt lat="35.427756716796864" lon="-83.58855543015322">
				<ele>566.676247831434</ele>
				<time>2025-11-14T20:13:05Z</time>
			</trkpt>
			<trkpt lat="35.42775704795596" lon="-83.58852783361833">
				<ele>570.2096891896799</ele>
				<time>2025-11-14T20:14:27Z</time>
			</trkpt>
			<trkpt lat="35.42776170780168" lon="-83.58850054949171">
				<ele>570.9887679787353</ele>
				<time>2025-11-14T20:14:28Z</time>
			</trkpt>
			<trkpt lat="35.427767426950886" lon="-83.58845787510555">
				<ele>571.2264897832647</ele>
				<time>2025-11-14T20:14:29Z</time>
			</trkpt>
			<trkpt lat="35.42777603684054" lon="-83.58842059870648">
				<ele>571.5251500178128</ele>
				<time>2025-11-14T20:14:30Z</time>
			</trkpt>
			<trkpt lat="35.427788265953666" lon="-83.58837150762375">
				<ele>571.0834029177204</ele>
				<time>2025-11-14T20:14:31Z</time>
			</trkpt>
			<trkpt lat="35.427796044133316" lon="-83.58832832104059">
				<ele>572.2107622167096</ele>
				<time>2025-11-14T20:14:32Z</time>
			</trkpt>
			<trkpt lat="35.42780326853696" lon="-83.58827903562614">
				<ele>572.8387390132993</ele>
				<time>2025-11-14T20:14:33Z</time>
			</trkpt>
			<trkpt lat="35.42780497603206" lon="-83.58822771936347">
				<ele>573.146754970774</ele>
				<time>2025-11-14T20:14:34Z</time>
			</trkpt>
			<trkpt lat="35.42780860863376" lon="-83.58817457400448">
				<ele>573.376959996298</ele>
				<time>2025-11-14T20:14:35Z</time>
			</trkpt>
			<trkpt lat="35.42779770535625" lon="-83.58811527715784">
				<ele>573.5380317037925</ele>
				<time>2025-11-14T20:14:36Z</time>
			</trkpt>
			<trkpt lat="35.42779126303835" lon="-83.58805281381682">
				<ele>573.7527852579951</ele>
				<time>2025-11-14T20:14:37Z</time>
			</trkpt>
			<trkpt lat="35.4277832686323" lon="-83.58802012605054">
				<ele>574.6094638658687</ele>
				<time>2025-11-14T20:14:38Z</time>
			</trkpt>
			<trkpt lat="35.427768222871734" lon="-83.58797085546874">
				<ele>573.2395732710138</ele>
				<time>2025-11-14T20:14:39Z</time>
			</trkpt>
			<trkpt lat="35.42776178124843" lon="-83.58792242562923">
				<ele>572.9209536137059</ele>
				<time>2025-11-14T20:14:40Z</time>
			</trkpt>
			<trkpt lat="35.427754709272136" lon="-83.58789409586967">
				<ele>572.8201781269163</ele>
				<time>2025-11-14T20:14:41Z</time>
			</trkpt>
			<trkpt lat="35.42774784218098" lon="-83.58786406100124">
				<ele>573.4455769853666</ele>
				<time>2025-11-14T20:14:42Z</time>
			</trkpt>
			<trkpt lat="35.42773899095361" lon="-83.58783017111641">
				<ele>574.1349211279303</ele>
				<time>2025-11-14T20:14:43Z</time>
			</trkpt>
			<trkpt lat="35.427717223182796" lon="-83.58779683865791">
				<ele>573.0314504597336</ele>
				<time>2025-11-14T20:14:44Z</time>
			</trkpt>
			<trkpt lat="35.42769599220988" lon="-83.58775148164075">
				<ele>573.5823814095929</ele>
				<time>2025-11-14T20:14:45Z</time>
			</trkpt>
			<trkpt lat="35.427674422235825" lon="-83.58769865526587">
				<ele>572.750127909705</ele>
				<time>2025-11-14T20:14:46Z</time>
			</trkpt>
			<trkpt lat="35.42766137890343" lon="-83.58765630075332">
				<ele>573.503843234852</ele>
				<time>2025-11-14T20:14:47Z</time>
			</trkpt>
			<trkpt lat="35.427657877201796" lon="-83.58757941464273">
				<ele>572.8912607394159</ele>
				<time>2025-11-14T20:14:48Z</time>
			</trkpt>
			<trkpt lat="35.42766844793738" lon="-83.58750345640475">
				<ele>572.3613444212824</ele>
				<time>2025-11-14T20:14:49Z</time>
			</trkpt>
			<trkpt lat="35.42768391677883" lon="-83.587441002236">
				<ele>573.3548115761951</ele>
				<time>2025-11-14T20:14:50Z</time>
			</trkpt>
			<trkpt lat="35.427718743220105" lon="-83.58738238240109">
				<ele>576.0631561744958</ele>
				<time>2025-11-14T20:14:51Z</time>
			</trkpt>
			<trkpt lat="35.427735667959816" lon="-83.5873296177066">
				<ele>577.5173282222822</ele>
				<time>2025-11-14T20:14:52Z</time>
			</trkpt>
			<trkpt lat="35.42774030539981" lon="-83.58724364743966">
				<ele>576.0231587579474</ele>
				<time>2025-11-14T20:14:53Z</time>
			</trkpt>
			<trkpt lat="35.42773604389787" lon="-83.58715441208035">
				<ele>574.1628967616707</ele>
				<time>2025-11-14T20:14:54Z</time>
			</trkpt>
			<trkpt lat="35.427728057222524" lon="-83.58705528317559">
				<ele>572.3630682006478</ele>
				<time>2025-11-14T20:14:55Z</time>
			</trkpt>
			<trkpt lat="35.427729030135524" lon="-83.58696349449241">
				<ele>573.2708138925955</ele>
				<time>2025-11-14T20:14:56Z</time>
			</trkpt>
			<trkpt lat="35.42772462388163" lon="-83.58688391466237">
				<ele>572.9662286480889</ele>
				<time>2025-11-14T20:14:57Z</time>
			</trkpt>
			<trkpt lat="35.427737079946255" lon="-83.58681628557574">
				<ele>572.9828181937337</ele>
				<time>2025-11-14T20:14:58Z</time>
			</trkpt>
			<trkpt lat="35.4277377898391" lon="-83.58675282176534">
				<ele>572.8247738564387</ele>
				<time>2025-11-14T20:14:59Z</time>
			</trkpt>
			<trkpt lat="35.42774300978207" lon="-83.58669265993555">
				<ele>572.2090608049184</ele>
				<time>2025-11-14T20:15:00Z</time>
			</trkpt>
			<trkpt lat="35.42774914706731" lon="-83.58662724813621">
				<ele>571.2825323827565</ele>
				<time>2025-11-14T20:15:01Z</time>
			</trkpt>
			<trkpt lat="35.427759613798315" lon="-83.58656571792305">
				<ele>571.2118949154392</ele>
				<time>2025-11-14T20:15:02Z</time>
			</trkpt>
			<trkpt lat="35.42776755245485" lon="-83.58651159627622">
				<ele>570.373259508051</ele>
				<time>2025-11-14T20:15:03Z</time>
			</trkpt>
			<trkpt lat="35.42778653467907" lon="-83.5864601752914">
				<ele>571.0419805077836</ele>
				<time>2025-11-14T20:15:04Z</time>
			</trkpt>
			<trkpt lat="35.42781454370387" lon="-83.58640190295417">
				<ele>571.7462515523657</ele>
				<time>2025-11-14T20:15:05Z</time>
			</trkpt>
			<trkpt lat="35.42783620868274" lon="-83.58633484515177">
				<ele>571.6367073152214</ele>
				<time>2025-11-14T20:15:06Z</time>
			</trkpt>
			<trkpt lat="35.4278707903952" lon="-83.58628905368664">
				<ele>571.9499459145591</ele>
				<time>2025-11-14T20:15:07Z</time>
			</trkpt>
			<trkpt lat="35.42790382228141" lon="-83.58626685188658">
				<ele>573.1163268918172</ele>
				<time>2025-11-14T20:15:08Z</time>
			</trkpt>
			<trkpt lat="35.42792749112478" lon="-83.58626161726471">
				<ele>574.3357573207468</ele>
				<time>2025-11-14T20:15:09Z</time>
			</trkpt>
			<trkpt lat="35.42795869219505" lon="-83.586248145954">
				<ele>574.0414142934605</ele>
				<time>2025-11-14T20:15:10Z</time>
			</trkpt>
			<trkpt lat="35.42800117106081" lon="-83.58624382316236">
				<ele>574.2809434970841</ele>
				<time>2025-11-14T20:15:11Z</time>
			</trkpt>
			<trkpt lat="35.42804055512313" lon="-83.58625857585893">
				<ele>574.3154200334102</ele>
				<time>2025-11-14T20:15:12Z</time>
			</trkpt>
			<trkpt lat="35.428064370892834" lon="-83.58629750364216">
				<ele>574.148908469826</ele>
				<time>2025-11-14T20:15:13Z</time>
			</trkpt>
			<trkpt lat="35.42807222001009" lon="-83.58632291159255">
				<ele>575.1888053063303</ele>
				<time>2025-11-14T20:15:14Z</time>
			</trkpt>
			<trkpt lat="35.42807924993548" lon="-83.58634530128415">
				<ele>576.4739025142044</ele>
				<time>2025-11-14T20:15:15Z</time>
			</trkpt>
			<trkpt lat="35.42809168216366" lon="-83.58636653183382">
				<ele>578.2340038670227</ele>
				<time>2025-11-14T20:15:16Z</time>
			</trkpt>
			<trkpt lat="35.42810678647131" lon="-83.58639826783173">
				<ele>580.0279854219407</ele>
				<time>2025-11-14T20:15:17Z</time>
			</trkpt>
			<trkpt lat="35.42812012866302" lon="-83.58641625479983">
				<ele>579.7361416500062</ele>
				<time>2025-11-14T20:15:18Z</time>
			</trkpt>
			<trkpt lat="35.42813350190978" lon="-83.58644772238243">
				<ele>580.2148449756205</ele>
				<time>2025-11-14T20:15:19Z</time>
			</trkpt>
			<trkpt lat="35.428160907458214" lon="-83.58648425585207">
				<ele>580.6706427866593</ele>
				<time>2025-11-14T20:15:21Z</time>
			</trkpt>
			<trkpt lat="35.42817195855186" lon="-83.58650580112759">
				<ele>580.6654148530215</ele>
				<time>2025-11-14T20:15:22Z</time>
			</trkpt>
			<trkpt lat="35.4281779230077" lon="-83.58654512303727">
				<ele>578.013329859823</ele>
				<time>2025-11-14T20:15:24Z</time>
			</trkpt>
			<trkpt lat="35.42818695542447" lon="-83.58657367300768">
				<ele>577.8642211817205</ele>
				<time>2025-11-14T20:15:25Z</time>
			</trkpt>
			<trkpt lat="35.428207827644286" lon="-83.58660940006517">
				<ele>575.9776053326204</ele>
				<time>2025-11-14T20:15:27Z</time>
			</trkpt>
			<trkpt lat="35.42822107763094" lon="-83.58664025301364">
				<ele>573.0894552441314</ele>
				<time>2025-11-14T20:15:29Z</time>
			</trkpt>
			<trkpt lat="35.42824572677218" lon="-83.58667276227722">
				<ele>571.3579487502575</ele>
				<time>2025-11-14T20:15:31Z</time>
			</trkpt>
			<trkpt lat="35.42826239336351" lon="-83.58669321158132">
				<ele>571.652566248551</ele>
				<time>2025-11-14T20:15:32Z</time>
			</trkpt>
			<trkpt lat="35.428277188125094" lon="-83.58670822666873">
				<ele>572.1402859454975</ele>
				<time>2025-11-14T20:15:33Z</time>
			</trkpt>
			<trkpt lat="35.42830103673279" lon="-83.58672546066757">
				<ele>572.1243970049545</ele>
				<time>2025-11-14T20:15:34Z</time>
			</trkpt>
			<trkpt lat="35.42834688224348" lon="-83.58672887025739">
				<ele>572.1514763534069</ele>
				<time>2025-11-14T20:15:36Z</time>
			</trkpt>
			<trkpt lat="35.42836844205226" lon="-83.58672347100855">
				<ele>572.6265115616843</ele>
				<time>2025-11-14T20:15:37Z</time>
			</trkpt>
			<trkpt lat="35.42840271523881" lon="-83.58670952081822">
				<ele>572.0317285908386</ele>
				<time>2025-11-14T20:15:38Z</time>
			</trkpt>
			<trkpt lat="35.42843646069425" lon="-83.5867095790293">
				<ele>571.9662187863141</ele>
				<time>2025-11-14T20:15:40Z</time>
			</trkpt>
			<trkpt lat="35.42847524054706" lon="-83.58674024524026">
				<ele>571.1059359619394</ele>
				<time>2025-11-14T20:15:42Z</time>
			</trkpt>
			<trkpt lat="35.428509982006794" lon="-83.58678188374955">
				<ele>571.9215811956674</ele>
				<time>2025-11-14T20:15:44Z</time>
			</trkpt>
			<trkpt lat="35.428534684614974" lon="-83.58682608873565">
				<ele>571.3060797601938</ele>
				<time>2025-11-14T20:15:46Z</time>
			</trkpt>
			<trkpt lat="35.428539236229305" lon="-83.58685301736412">
				<ele>571.0420647086576</ele>
				<time>2025-11-14T20:15:47Z</time>
			</trkpt>
			<trkpt lat="35.428554032737324" lon="-83.5869089910903">
				<ele>572.3598054051399</ele>
				<time>2025-11-14T20:15:48Z</time>
			</trkpt>
			<trkpt lat="35.428586789767" lon="-83.58696322374762">
				<ele>574.4250158406794</ele>
				<time>2025-11-14T20:15:50Z</time>
			</trkpt>
			<trkpt lat="35.428606239968765" lon="-83.5869694579563">
				<ele>574.5771603537723</ele>
				<time>2025-11-14T20:15:51Z</time>
			</trkpt>
			<trkpt lat="35.42862621307902" lon="-83.58697634641885">
				<ele>573.6475509153679</ele>
				<time>2025-11-14T20:15:52Z</time>
			</trkpt>
			<trkpt lat="35.42865043867895" lon="-83.58700378196424">
				<ele>573.0722734816372</ele>
				<time>2025-11-14T20:15:54Z</time>
			</trkpt>
			<trkpt lat="35.42866076939207" lon="-83.58704296131447">
				<ele>572.167685104534</ele>
				<time>2025-11-14T20:15:56Z</time>
			</trkpt>
			<trkpt lat="35.428680260019256" lon="-83.58707930424568">
				<ele>571.9975412636995</ele>
				<time>2025-11-14T20:15:57Z</time>
			</trkpt>
			<trkpt lat="35.42872438222474" lon="-83.58711111075166">
				<ele>571.7616675691679</ele>
				<time>2025-11-14T20:15:58Z</time>
			</trkpt>
			<trkpt lat="35.428762451231286" lon="-83.5871203928488">
				<ele>571.0770105849952</ele>
				<time>2025-11-14T20:15:59Z</time>
			</trkpt>
			<trkpt lat="35.42879522872684" lon="-83.58712214879428">
				<ele>570.3710375390947</ele>
				<time>2025-11-14T20:16:00Z</time>
			</trkpt>
			<trkpt lat="35.428839050192714" lon="-83.58711558500447">
				<ele>571.041592922993</ele>
				<time>2025-11-14T20:16:01Z</time>
			</trkpt>
			<trkpt lat="35.428857301614656" lon="-83.58711088442192">
				<ele>571.1254909485579</ele>
				<time>2025-11-14T20:16:02Z</time>
			</trkpt>
			<trkpt lat="35.42889634420359" lon="-83.58709834977552">
				<ele>572.109767401591</ele>
				<time>2025-11-14T20:16:04Z</time>
			</trkpt>
			<trkpt lat="35.42891988553415" lon="-83.58708937978008">
				<ele>571.9296670090407</ele>
				<time>2025-11-14T20:16:05Z</time>
			</trkpt>
			<trkpt lat="35.428950373976754" lon="-83.58707703409003">
				<ele>572.245333709754</ele>
				<time>2025-11-14T20:16:07Z</time>
			</trkpt>
			<trkpt lat="35.42898143807993" lon="-83.5870643838706">
				<ele>571.7543407678604</ele>
				<time>2025-11-14T20:16:09Z</time>
			</trkpt>
			<trkpt lat="35.42900013006952" lon="-83.58706375944719">
				<ele>573.4350799536332</ele>
				<time>2025-11-14T20:16:10Z</time>
			</trkpt>
			<trkpt lat="35.42903610984337" lon="-83.58704220532627">
				<ele>574.1180371800438</ele>
				<time>2025-11-14T20:16:12Z</time>
			</trkpt>
			<trkpt lat="35.42906435214896" lon="-83.58701875893881">
				<ele>572.9086192455143</ele>
				<time>2025-11-14T20:16:14Z</time>
			</trkpt>
			<trkpt lat="35.42908328408558" lon="-83.58700587710698">
				<ele>571.527323317714</ele>
				<time>2025-11-14T20:16:15Z</time>
			</trkpt>
			<trkpt lat="35.42910544968122" lon="-83.5869878732384">
				<ele>572.0338282566518</ele>
				<time>2025-11-14T20:16:17Z</time>
			</trkpt>
			<trkpt lat="35.429117626126704" lon="-83.58696469591594">
				<ele>571.7507338784635</ele>
				<time>2025-11-14T20:16:18Z</time>
			</trkpt>
			<trkpt lat="35.42913065252485" lon="-83.58693248816577">
				<ele>572.5320645598695</ele>
				<time>2025-11-14T20:16:19Z</time>
			</trkpt>
			<trkpt lat="35.42913315813051" lon="-83.58690725887509">
				<ele>572.8651744248345</ele>
				<time>2025-11-14T20:16:20Z</time>
			</trkpt>
			<trkpt lat="35.42913435144747" lon="-83.58685450345182">
				<ele>573.1819318924099</ele>
				<time>2025-11-14T20:16:21Z</time>
			</trkpt>
			<trkpt lat="35.42914109978777" lon="-83.5867889126049">
				<ele>574.1551712304354</ele>
				<time>2025-11-14T20:16:23Z</time>
			</trkpt>
			<trkpt lat="35.42914085389856" lon="-83.58673071377387">
				<ele>573.7811401141807</ele>
				<time>2025-11-14T20:16:25Z</time>
			</trkpt>
			<trkpt lat="35.42913845204462" lon="-83.58668963060911">
				<ele>574.3090596245602</ele>
				<time>2025-11-14T20:16:26Z</time>
			</trkpt>
			<trkpt lat="35.429135723778096" lon="-83.58665636777664">
				<ele>574.4615946412086</ele>
				<time>2025-11-14T20:16:27Z</time>
			</trkpt>
			<trkpt lat="35.429131033867925" lon="-83.5865991886933">
				<ele>575.2537744622678</ele>
				<time>2025-11-14T20:16:28Z</time>
			</trkpt>
			<trkpt lat="35.429128035023325" lon="-83.58654221686243">
				<ele>574.3577706245705</ele>
				<time>2025-11-14T20:16:30Z</time>
			</trkpt>
			<trkpt lat="35.429127496254054" lon="-83.58651131141187">
				<ele>573.5566110815853</ele>
				<time>2025-11-14T20:16:32Z</time>
			</trkpt>
			<trkpt lat="35.429139945340545" lon="-83.5864838617861">
				<ele>573.0400772141293</ele>
				<time>2025-11-14T20:16:34Z</time>
			</trkpt>
			<trkpt lat="35.42914710114205" lon="-83.5864613883924">
				<ele>572.948048081249</ele>
				<time>2025-11-14T20:16:35Z</time>
			</trkpt>
			<trkpt lat="35.42915296492481" lon="-83.58642789446843">
				<ele>570.529212414287</ele>
				<time>2025-11-14T20:16:36Z</time>
			</trkpt>
			<trkpt lat="35.429155864193234" lon="-83.58639778811946">
				<ele>569.5934788482264</ele>
				<time>2025-11-14T20:16:37Z</time>
			</trkpt>
			<trkpt lat="35.429144675595126" lon="-83.5863637367496">
				<ele>568.2854939354584</ele>
				<time>2025-11-14T20:16:38Z</time>
			</trkpt>
			<trkpt lat="35.42915076356147" lon="-83.5863352339482">
				<ele>567.456320530735</ele>
				<time>2025-11-14T20:16:40Z</time>
			</trkpt>
			<trkpt lat="35.429150839496614" lon="-83.58630575675572">
				<ele>567.6331766759977</ele>
				<time>2025-11-14T20:16:42Z</time>
			</trkpt>
			<trkpt lat="35.42916137471151" lon="-83.5862855541361">
				<ele>569.0884145367891</ele>
				<time>2025-11-14T20:16:46Z</time>
			</trkpt>
			<trkpt lat="35.4291662926772" lon="-83.58626252900305">
				<ele>571.2486645774916</ele>
				<time>2025-11-14T20:16:54Z</time>
			</trkpt>
			<trkpt lat="35.42910913545317" lon="-83.5862274543321">
				<ele>574.2525114621967</ele>
				<time>2025-11-14T20:17:22Z</time>
			</trkpt>
			<trkpt lat="35.42910461505094" lon="-83.58620598492114">
				<ele>576.056589181535</ele>
				<time>2025-11-14T20:17:36Z</time>
			</trkpt>
			<trkpt lat="35.42911249451172" lon="-83.58617266608775">
				<ele>578.3187335981056</ele>
				<time>2025-11-14T20:17:49Z</time>
			</trkpt>
			<trkpt lat="35.42908682926689" lon="-83.58613307095762">
				<ele>577.4078781083226</ele>
				<time>2025-11-14T20:18:21Z</time>
			</trkpt>
			<trkpt lat="35.42908512250224" lon="-83.58610111856315">
				<ele>576.6628152877092</ele>
				<time>2025-11-14T20:18:53Z</time>
			</trkpt>
			<trkpt lat="35.42908567343686" lon="-83.58613187216153">
				<ele>577.5806109709665</ele>
				<time>2025-11-14T20:18:58Z</time>
			</trkpt>
			<trkpt lat="35.4290896149649" lon="-83.5861535907408">
				<ele>576.6839484013617</ele>
				<time>2025-11-14T20:19:00Z</time>
			</trkpt>
			<trkpt lat="35.42910009894371" lon="-83.58617204157063">
				<ele>575.8603055886924</ele>
				<time>2025-11-14T20:19:02Z</time>
			</trkpt>
			<trkpt lat="35.429110249000054" lon="-83.5861967742672">
				<ele>575.3644991042092</ele>
				<time>2025-11-14T20:19:07Z</time>
			</trkpt>
			<trkpt lat="35.42912373001901" lon="-83.58621582231237">
				<ele>578.7209265585989</ele>
				<time>2025-11-14T20:19:17Z</time>
			</trkpt>
			<trkpt lat="35.4291305463032" lon="-83.58623670618563">
				<ele>578.4811170073226</ele>
				<time>2025-11-14T20:19:20Z</time>
			</trkpt>
			<trkpt lat="35.429144313057215" lon="-83.58625802945983">
				<ele>579.5156881324947</ele>
				<time>2025-11-14T20:19:21Z</time>
			</trkpt>
			<trkpt lat="35.42916406956328" lon="-83.58627981154775">
				<ele>581.349393920973</ele>
				<time>2025-11-14T20:19:23Z</time>
			</trkpt>
			<trkpt lat="35.42915860269777" lon="-83.58630306509899">
				<ele>582.4416335653514</ele>
				<time>2025-11-14T20:19:25Z</time>
			</trkpt>
			<trkpt lat="35.42915946038541" lon="-83.58634009676334">
				<ele>583.0083366567269</ele>
				<time>2025-11-14T20:19:27Z</time>
			</trkpt>
			<trkpt lat="35.42915761022725" lon="-83.58636816989294">
				<ele>581.9301217580214</ele>
				<time>2025-11-14T20:19:29Z</time>
			</trkpt>
			<trkpt lat="35.42915694007495" lon="-83.58639063778982">
				<ele>581.3526113387197</ele>
				<time>2025-11-14T20:19:30Z</time>
			</trkpt>
			<trkpt lat="35.4291537235324" lon="-83.5864305375018">
				<ele>581.2288070721552</ele>
				<time>2025-11-14T20:19:32Z</time>
			</trkpt>
			<trkpt lat="35.42914864413704" lon="-83.58647589910848">
				<ele>579.5282899150625</ele>
				<time>2025-11-14T20:19:34Z</time>
			</trkpt>
			<trkpt lat="35.42914224474603" lon="-83.58649927541954">
				<ele>578.9505329178646</ele>
				<time>2025-11-14T20:19:35Z</time>
			</trkpt>
			<trkpt lat="35.42913458065036" lon="-83.58652936009368">
				<ele>577.7339196447283</ele>
				<time>2025-11-14T20:19:37Z</time>
			</trkpt>
			<trkpt lat="35.42912810940778" lon="-83.58656072796408">
				<ele>576.4570430312306</ele>
				<time>2025-11-14T20:19:39Z</time>
			</trkpt>
			<trkpt lat="35.429130001504824" lon="-83.5865866021179">
				<ele>575.1536843972281</ele>
				<time>2025-11-14T20:19:41Z</time>
			</trkpt>
			<trkpt lat="35.42913210279282" lon="-83.58661222106609">
				<ele>575.2396596511826</ele>
				<time>2025-11-14T20:19:43Z</time>
			</trkpt>
			<trkpt lat="35.42913423537258" lon="-83.58663822111357">
				<ele>577.1193593228236</ele>
				<time>2025-11-14T20:19:45Z</time>
			</trkpt>
			<trkpt lat="35.429136734897405" lon="-83.58666869505092">
				<ele>576.3944076532498</ele>
				<time>2025-11-14T20:19:48Z</time>
			</trkpt>
			<trkpt lat="35.429129710643096" lon="-83.58669373352139">
				<ele>576.3074932135642</ele>
				<time>2025-11-14T20:19:50Z</time>
			</trkpt>
			<trkpt lat="35.42910575751322" lon="-83.58671049132242">
				<ele>574.6449693031609</ele>
				<time>2025-11-14T20:19:52Z</time>
			</trkpt>
			<trkpt lat="35.429087722762695" lon="-83.58671564224868">
				<ele>574.4998613968492</ele>
				<time>2025-11-14T20:19:53Z</time>
			</trkpt>
			<trkpt lat="35.42906758887426" lon="-83.5867218462986">
				<ele>574.0324600413442</ele>
				<time>2025-11-14T20:19:54Z</time>
			</trkpt>
			<trkpt lat="35.429046480986514" lon="-83.58673053125653">
				<ele>574.2390206148848</ele>
				<time>2025-11-14T20:19:55Z</time>
			</trkpt>
			<trkpt lat="35.42902212542511" lon="-83.58673102726519">
				<ele>574.1228299066424</ele>
				<time>2025-11-14T20:19:56Z</time>
			</trkpt>
			<trkpt lat="35.42899487372341" lon="-83.58673161365952">
				<ele>574.4766904516146</ele>
				<time>2025-11-14T20:19:57Z</time>
			</trkpt>
			<trkpt lat="35.42895185205858" lon="-83.58672230073346">
				<ele>574.4156986232847</ele>
				<time>2025-11-14T20:19:58Z</time>
			</trkpt>
			<trkpt lat="35.4289276029268" lon="-83.5867037520517">
				<ele>574.3443321278319</ele>
				<time>2025-11-14T20:20:00Z</time>
			</trkpt>
			<trkpt lat="35.42890323933231" lon="-83.58668412751014">
				<ele>575.7434824369848</ele>
				<time>2025-11-14T20:20:03Z</time>
			</trkpt>
			<trkpt lat="35.42887853081986" lon="-83.58666245675118">
				<ele>576.8869931558147</ele>
				<time>2025-11-14T20:20:05Z</time>
			</trkpt>
			<trkpt lat="35.42885837009144" lon="-83.58664959891948">
				<ele>578.1329442039132</ele>
				<time>2025-11-14T20:20:07Z</time>
			</trkpt>
			<trkpt lat="35.42882407734027" lon="-83.58662772812077">
				<ele>578.9000023007393</ele>
				<time>2025-11-14T20:20:09Z</time>
			</trkpt>
			<trkpt lat="35.4287827574776" lon="-83.58659853632055">
				<ele>579.9247542275116</ele>
				<time>2025-11-14T20:20:11Z</time>
			</trkpt>
			<trkpt lat="35.42874298487028" lon="-83.58656885703863">
				<ele>579.4914196431637</ele>
				<time>2025-11-14T20:20:13Z</time>
			</trkpt>
			<trkpt lat="35.42870499403042" lon="-83.58654050712872">
				<ele>580.2546466076747</ele>
				<time>2025-11-14T20:20:14Z</time>
			</trkpt>
			<trkpt lat="35.42867708493087" lon="-83.58651680237524">
				<ele>582.0045400382951</ele>
				<time>2025-11-14T20:20:15Z</time>
			</trkpt>
			<trkpt lat="35.428643212193165" lon="-83.58648735348116">
				<ele>581.9906205292791</ele>
				<time>2025-11-14T20:20:16Z</time>
			</trkpt>
			<trkpt lat="35.42860900941683" lon="-83.58645761766874">
				<ele>582.1278909640387</ele>
				<time>2025-11-14T20:20:17Z</time>
			</trkpt>
			<trkpt lat="35.42859204607993" lon="-83.58644288199287">
				<ele>582.8558398326859</ele>
				<time>2025-11-14T20:20:18Z</time>
			</trkpt>
			<trkpt lat="35.42857488663828" lon="-83.58642319835806">
				<ele>583.832570864819</ele>
				<time>2025-11-14T20:20:19Z</time>
			</trkpt>
			<trkpt lat="35.42854710198731" lon="-83.5863913261855">
				<ele>584.8092808127403</ele>
				<time>2025-11-14T20:20:21Z</time>
			</trkpt>
			<trkpt lat="35.42852572823902" lon="-83.58636680797804">
				<ele>584.1934454403818</ele>
				<time>2025-11-14T20:20:22Z</time>
			</trkpt>
			<trkpt lat="35.42849806682382" lon="-83.58633507697257">
				<ele>583.0289991125464</ele>
				<time>2025-11-14T20:20:23Z</time>
			</trkpt>
			<trkpt lat="35.42846773478897" lon="-83.58629695049895">
				<ele>580.8686915803701</ele>
				<time>2025-11-14T20:20:24Z</time>
			</trkpt>
			<trkpt lat="35.42843814684914" lon="-83.58625821226772">
				<ele>579.1551263239235</ele>
				<time>2025-11-14T20:20:25Z</time>
			</trkpt>
			<trkpt lat="35.42840858308895" lon="-83.58621950570704">
				<ele>579.167007368058</ele>
				<time>2025-11-14T20:20:26Z</time>
			</trkpt>
			<trkpt lat="35.428379586388154" lon="-83.58618316212062">
				<ele>577.2322003133595</ele>
				<time>2025-11-14T20:20:27Z</time>
			</trkpt>
			<trkpt lat="35.42835061614401" lon="-83.5861497619954">
				<ele>577.117136974819</ele>
				<time>2025-11-14T20:20:28Z</time>
			</trkpt>
			<trkpt lat="35.42832376042251" lon="-83.58611880010531">
				<ele>577.3109700866044</ele>
				<time>2025-11-14T20:20:29Z</time>
			</trkpt>
			<trkpt lat="35.42827539074994" lon="-83.58607406954097">
				<ele>578.1011046227068</ele>
				<time>2025-11-14T20:20:30Z</time>
			</trkpt>
			<trkpt lat="35.428221606172656" lon="-83.58603995659468">
				<ele>581.4264296200126</ele>
				<time>2025-11-14T20:20:31Z</time>
			</trkpt>
			<trkpt lat="35.42818764306458" lon="-83.58602499878526">
				<ele>584.9968635383993</ele>
				<time>2025-11-14T20:20:32Z</time>
			</trkpt>
			<trkpt lat="35.42816402360165" lon="-83.58601322473666">
				<ele>588.1544753881171</ele>
				<time>2025-11-14T20:20:33Z</time>
			</trkpt>
			<trkpt lat="35.42813287175197" lon="-83.5859978325816">
				<ele>587.5958597613499</ele>
				<time>2025-11-14T20:20:34Z</time>
			</trkpt>
			<trkpt lat="35.42810338569118" lon="-83.58598089028737">
				<ele>587.1218298086897</ele>
				<time>2025-11-14T20:20:35Z</time>
			</trkpt>
			<trkpt lat="35.428077899645274" lon="-83.58596442751868">
				<ele>587.2050722194836</ele>
				<time>2025-11-14T20:20:36Z</time>
			</trkpt>
			<trkpt lat="35.428058168565904" lon="-83.58595168214377">
				<ele>586.7945646969602</ele>
				<time>2025-11-14T20:20:37Z</time>
			</trkpt>
			<trkpt lat="35.42803971771925" lon="-83.58593976369063">
				<ele>586.177196177654</ele>
				<time>2025-11-14T20:20:38Z</time>
			</trkpt>
			<trkpt lat="35.4280080898053" lon="-83.58591933356968">
				<ele>585.163525997661</ele>
				<time>2025-11-14T20:20:40Z</time>
			</trkpt>
			<trkpt lat="35.42797831035997" lon="-83.5859000974141">
				<ele>585.988205161877</ele>
				<time>2025-11-14T20:20:42Z</time>
			</trkpt>
			<trkpt lat="35.42796174875015" lon="-83.5858893993741">
				<ele>585.6442562434822</ele>
				<time>2025-11-14T20:20:43Z</time>
			</trkpt>
			<trkpt lat="35.4279444131024" lon="-83.58587820136093">
				<ele>585.057974117808</ele>
				<time>2025-11-14T20:20:44Z</time>
			</trkpt>
			<trkpt lat="35.427927099299225" lon="-83.58586701740393">
				<ele>585.1694617299363</ele>
				<time>2025-11-14T20:20:45Z</time>
			</trkpt>
			<trkpt lat="35.42790300319706" lon="-83.58585145242303">
				<ele>584.3749348493293</ele>
				<time>2025-11-14T20:20:47Z</time>
			</trkpt>
			<trkpt lat="35.42788093072357" lon="-83.58583719462857">
				<ele>584.4554498447105</ele>
				<time>2025-11-14T20:20:49Z</time>
			</trkpt>
			<trkpt lat="35.42786226174159" lon="-83.58582513530665">
				<ele>582.2439648611471</ele>
				<time>2025-11-14T20:20:51Z</time>
			</trkpt>
			<trkpt lat="35.42783394434523" lon="-83.58580684355489">
				<ele>578.6388742197305</ele>
				<time>2025-11-14T20:20:55Z</time>
			</trkpt>
			<trkpt lat="35.42781635042048" lon="-83.58579701550339">
				<ele>575.7923398287967</ele>
				<time>2025-11-14T20:21:01Z</time>
			</trkpt>
			<trkpt lat="35.42779895046336" lon="-83.58579065618731">
				<ele>574.9860478239134</ele>
				<time>2025-11-14T20:21:06Z</time>
			</trkpt>
			<trkpt lat="35.427777910940826" lon="-83.58578795710987">
				<ele>573.0605552503839</ele>
				<time>2025-11-14T20:21:09Z</time>
			</trkpt>
			<trkpt lat="35.42776118246831" lon="-83.58577737950664">
				<ele>573.8546207873151</ele>
				<time>2025-11-14T20:21:13Z</time>
			</trkpt>
			<trkpt lat="35.42773911020426" lon="-83.58578366964105">
				<ele>574.5074580954388</ele>
				<time>2025-11-14T20:21:15Z</time>
			</trkpt>
			<trkpt lat="35.42771525404905" lon="-83.58578544865433">
				<ele>574.1541302036494</ele>
				<time>2025-11-14T20:21:17Z</time>
			</trkpt>
			<trkpt lat="35.427698669677284" lon="-83.58577629523172">
				<ele>574.0010891174898</ele>
				<time>2025-11-14T20:21:18Z</time>
			</trkpt>
			<trkpt lat="35.42767251445783" lon="-83.58576892448471">
				<ele>574.4776199562475</ele>
				<time>2025-11-14T20:21:19Z</time>
			</trkpt>
			<trkpt lat="35.427651084066234" lon="-83.58575926053858">
				<ele>575.2580302515998</ele>
				<time>2025-11-14T20:21:20Z</time>
			</trkpt>
			<trkpt lat="35.42761870549857" lon="-83.58574861954995">
				<ele>576.3286067200825</ele>
				<time>2025-11-14T20:21:21Z</time>
			</trkpt>
			<trkpt lat="35.42759305175858" lon="-83.5857414006664">
				<ele>576.2928657922894</ele>
				<time>2025-11-14T20:21:22Z</time>
			</trkpt>
			<trkpt lat="35.42757053983498" lon="-83.58573905830082">
				<ele>577.3415423054248</ele>
				<time>2025-11-14T20:21:23Z</time>
			</trkpt>
			<trkpt lat="35.42754676715217" lon="-83.58572814361042">
				<ele>577.6902672201395</ele>
				<time>2025-11-14T20:21:25Z</time>
			</trkpt>
			<trkpt lat="35.42750352147061" lon="-83.58571086480319">
				<ele>577.8513317639008</ele>
				<time>2025-11-14T20:21:27Z</time>
			</trkpt>
			<trkpt lat="35.42747627979043" lon="-83.58569555282162">
				<ele>577.4808724205941</ele>
				<time>2025-11-14T20:21:28Z</time>
			</trkpt>
			<trkpt lat="35.42747173532856" lon="-83.58567210274985">
				<ele>577.4925359999761</ele>
				<time>2025-11-14T20:21:29Z</time>
			</trkpt>
			<trkpt lat="35.427468809199034" lon="-83.58563171714842">
				<ele>579.1759643284604</ele>
				<time>2025-11-14T20:21:31Z</time>
			</trkpt>
			<trkpt lat="35.427460162845556" lon="-83.58561140475358">
				<ele>579.3006515037268</ele>
				<time>2025-11-14T20:21:32Z</time>
			</trkpt>
			<trkpt lat="35.42744475781379" lon="-83.58559609452661">
				<ele>580.6265691928566</ele>
				<time>2025-11-14T20:21:33Z</time>
			</trkpt>
			<trkpt lat="35.42742418944204" lon="-83.58556082663489">
				<ele>583.3409176981077</ele>
				<time>2025-11-14T20:21:35Z</time>
			</trkpt>
			<trkpt lat="35.4273983472992" lon="-83.58553296797345">
				<ele>583.0550474701449</ele>
				<time>2025-11-14T20:21:36Z</time>
			</trkpt>
			<trkpt lat="35.4273753799586" lon="-83.5855013916184">
				<ele>582.786272617057</ele>
				<time>2025-11-14T20:21:37Z</time>
			</trkpt>
			<trkpt lat="35.42735507836098" lon="-83.58547082384042">
				<ele>582.729005323723</ele>
				<time>2025-11-14T20:21:38Z</time>
			</trkpt>
			<trkpt lat="35.427338356865214" lon="-83.58543658854448">
				<ele>583.3464661045</ele>
				<time>2025-11-14T20:21:39Z</time>
			</trkpt>
			<trkpt lat="35.42732674560413" lon="-83.58539897720146">
				<ele>584.1587986769155</ele>
				<time>2025-11-14T20:21:40Z</time>
			</trkpt>
			<trkpt lat="35.427320104379305" lon="-83.5853594606729">
				<ele>584.3477108823135</ele>
				<time>2025-11-14T20:21:41Z</time>
			</trkpt>
			<trkpt lat="35.42731563732747" lon="-83.58531994824331">
				<ele>584.4616450471804</ele>
				<time>2025-11-14T20:21:42Z</time>
			</trkpt>
			<trkpt lat="35.42731978510359" lon="-83.58526065968047">
				<ele>587.9131962927058</ele>
				<time>2025-11-14T20:21:43Z</time>
			</trkpt>
			<trkpt lat="35.42731963039417" lon="-83.58521270584414">
				<ele>589.5150234606117</ele>
				<time>2025-11-14T20:21:44Z</time>
			</trkpt>
			<trkpt lat="35.427315384683226" lon="-83.58515902119217">
				<ele>591.6362368585542</ele>
				<time>2025-11-14T20:21:45Z</time>
			</trkpt>
			<trkpt lat="35.42731510577867" lon="-83.58510940474063">
				<ele>592.8087345287204</ele>
				<time>2025-11-14T20:21:46Z</time>
			</trkpt>
			<trkpt lat="35.427312620363494" lon="-83.58505887077838">
				<ele>591.1743953488767</ele>
				<time>2025-11-14T20:21:47Z</time>
			</trkpt>
			<trkpt lat="35.42731351323449" lon="-83.58500500188781">
				<ele>591.0589340459555</ele>
				<time>2025-11-14T20:21:48Z</time>
			</trkpt>
			<trkpt lat="35.4272989249845" lon="-83.58494619190823">
				<ele>590.3959536869079</ele>
				<time>2025-11-14T20:21:49Z</time>
			</trkpt>
			<trkpt lat="35.42729236241219" lon="-83.58487090389276">
				<ele>589.1169140804559</ele>
				<time>2025-11-14T20:21:50Z</time>
			</trkpt>
			<trkpt lat="35.4272915167483" lon="-83.5847960917231">
				<ele>589.4725942350924</ele>
				<time>2025-11-14T20:21:51Z</time>
			</trkpt>
			<trkpt lat="35.427287048109584" lon="-83.58476191820438">
				<ele>591.3128031864762</ele>
				<time>2025-11-14T20:21:52Z</time>
			</trkpt>
			<trkpt lat="35.427288345751855" lon="-83.58473493525736">
				<ele>590.5320781208575</ele>
				<time>2025-11-14T20:21:53Z</time>
			</trkpt>
			<trkpt lat="35.427290143363784" lon="-83.58470141609018">
				<ele>589.9387271190062</ele>
				<time>2025-11-14T20:21:54Z</time>
			</trkpt>
			<trkpt lat="35.427297575801646" lon="-83.58467204850109">
				<ele>589.0734030287713</ele>
				<time>2025-11-14T20:21:55Z</time>
			</trkpt>
			<trkpt lat="35.427322748212184" lon="-83.5846367482589">
				<ele>587.7545002540573</ele>
				<time>2025-11-14T20:21:56Z</time>
			</trkpt>
			<trkpt lat="35.42734995524015" lon="-83.58459951572583">
				<ele>586.763985148631</ele>
				<time>2025-11-14T20:21:57Z</time>
			</trkpt>
			<trkpt lat="35.42736809162667" lon="-83.58457480306996">
				<ele>585.8492543743923</ele>
				<time>2025-11-14T20:21:58Z</time>
			</trkpt>
			<trkpt lat="35.42736945812738" lon="-83.58452850721838">
				<ele>585.297028079629</ele>
				<time>2025-11-14T20:21:59Z</time>
			</trkpt>
			<trkpt lat="35.42736945813166" lon="-83.58448811321357">
				<ele>584.6549724610522</ele>
				<time>2025-11-14T20:22:00Z</time>
			</trkpt>
			<trkpt lat="35.42749841673135" lon="-83.5842446369812">
				<ele>585.4162306739017</ele>
				<time>2025-11-14T20:22:02Z</time>
			</trkpt>
			<trkpt lat="35.4275330090926" lon="-83.58418003698054">
				<ele>586.2722988761961</ele>
				<time>2025-11-14T20:22:03Z</time>
			</trkpt>
			<trkpt lat="35.42757119678012" lon="-83.5841051796426">
				<ele>586.6284624831751</ele>
				<time>2025-11-14T20:22:04Z</time>
			</trkpt>
			<trkpt lat="35.427651267040424" lon="-83.5840348903426">
				<ele>586.6642081299797</ele>
				<time>2025-11-14T20:22:05Z</time>
			</trkpt>
			<trkpt lat="35.427728310643126" lon="-83.584003736225">
				<ele>587.9563041012734</ele>
				<time>2025-11-14T20:22:06Z</time>
			</trkpt>
			<trkpt lat="35.42778668645787" lon="-83.58398024531938">
				<ele>589.6335036400706</ele>
				<time>2025-11-14T20:22:07Z</time>
			</trkpt>
			<trkpt lat="35.42783543525046" lon="-83.5839516332011">
				<ele>590.9689221102744</ele>
				<time>2025-11-14T20:22:08Z</time>
			</trkpt>
			<trkpt lat="35.4278825887655" lon="-83.58391636194386">
				<ele>591.5436892099679</ele>
				<time>2025-11-14T20:22:09Z</time>
			</trkpt>
			<trkpt lat="35.42793871154084" lon="-83.58389092397843">
				<ele>590.9211382381618</ele>
				<time>2025-11-14T20:22:10Z</time>
			</trkpt>
			<trkpt lat="35.42799113158077" lon="-83.58386606090998">
				<ele>590.6949885888025</ele>
				<time>2025-11-14T20:22:11Z</time>
			</trkpt>
			<trkpt lat="35.42801942353796" lon="-83.5838319727554">
				<ele>589.1365011939779</ele>
				<time>2025-11-14T20:22:12Z</time>
			</trkpt>
			<trkpt lat="35.42806771987104" lon="-83.58379911001269">
				<ele>586.7085352698341</ele>
				<time>2025-11-14T20:22:13Z</time>
			</trkpt>
			<trkpt lat="35.42809467473625" lon="-83.58379244575315">
				<ele>583.8374155182391</ele>
				<time>2025-11-14T20:22:14Z</time>
			</trkpt>
			<trkpt lat="35.428106960106206" lon="-83.58374622876708">
				<ele>581.5510029159486</ele>
				<time>2025-11-14T20:22:15Z</time>
			</trkpt>
			<trkpt lat="35.428117207247325" lon="-83.58368825382362">
				<ele>579.5155212255195</ele>
				<time>2025-11-14T20:22:16Z</time>
			</trkpt>
			<trkpt lat="35.428156162828756" lon="-83.58366369342859">
				<ele>577.0727833295241</ele>
				<time>2025-11-14T20:22:18Z</time>
			</trkpt>
			<trkpt lat="35.42814375528103" lon="-83.5834946844879">
				<ele>575.7530167885125</ele>
				<time>2025-11-14T20:22:19Z</time>
			</trkpt>
			<trkpt lat="35.42807701002457" lon="-83.58344849731246">
				<ele>574.8256991682574</ele>
				<time>2025-11-14T20:22:20Z</time>
			</trkpt>
			<trkpt lat="35.42805102846488" lon="-83.58343827056021">
				<ele>574.1205635648221</ele>
				<time>2025-11-14T20:22:21Z</time>
			</trkpt>
			<trkpt lat="35.428022185417085" lon="-83.58340456567329">
				<ele>573.6463226322085</ele>
				<time>2025-11-14T20:22:22Z</time>
			</trkpt>
			<trkpt lat="35.42800376027213" lon="-83.58337007736205">
				<ele>573.4006314072758</ele>
				<time>2025-11-14T20:22:23Z</time>
			</trkpt>
			<trkpt lat="35.42799524302989" lon="-83.58333638260902">
				<ele>573.1422844240442</ele>
				<time>2025-11-14T20:22:24Z</time>
			</trkpt>
			<trkpt lat="35.42797297850481" lon="-83.58330809741933">
				<ele>572.0623623430729</ele>
				<time>2025-11-14T20:22:25Z</time>
			</trkpt>
			<trkpt lat="35.42795715810503" lon="-83.58328790547624">
				<ele>571.9134057406336</ele>
				<time>2025-11-14T20:22:26Z</time>
			</trkpt>
			<trkpt lat="35.427958974316745" lon="-83.58325873721657">
				<ele>571.3959028720856</ele>
				<time>2025-11-14T20:22:28Z</time>
			</trkpt>
			<trkpt lat="35.42797894344432" lon="-83.58323978841663">
				<ele>571.449244693853</ele>
				<time>2025-11-14T20:22:29Z</time>
			</trkpt>
			<trkpt lat="35.42798369359874" lon="-83.5832108528848">
				<ele>572.333317829296</ele>
				<time>2025-11-14T20:22:30Z</time>
			</trkpt>
			<trkpt lat="35.42799289762666" lon="-83.58323586651888">
				<ele>575.0001665037125</ele>
				<time>2025-11-14T20:22:31Z</time>
			</trkpt>
			<trkpt lat="35.42801220640704" lon="-83.58319981548573">
				<ele>575.2037519970909</ele>
				<time>2025-11-14T20:22:32Z</time>
			</trkpt>
			<trkpt lat="35.42803630848776" lon="-83.58320014546638">
				<ele>575.9261332917958</ele>
				<time>2025-11-14T20:22:33Z</time>
			</trkpt>
			<trkpt lat="35.42806994233999" lon="-83.58317412294157">
				<ele>575.7222668649629</ele>
				<time>2025-11-14T20:22:34Z</time>
			</trkpt>
			<trkpt lat="35.4281971188611" lon="-83.58313818360196">
				<ele>575.1228807196021</ele>
				<time>2025-11-14T20:22:35Z</time>
			</trkpt>
			<trkpt lat="35.428233747466365" lon="-83.5831386870344">
				<ele>575.5563688129187</ele>
				<time>2025-11-14T20:22:36Z</time>
			</trkpt>
			<trkpt lat="35.4282583028423" lon="-83.58312805873152">
				<ele>575.3910370180383</ele>
				<time>2025-11-14T20:22:37Z</time>
			</trkpt>
			<trkpt lat="35.42829753795387" lon="-83.5831042790619">
				<ele>575.6513922326267</ele>
				<time>2025-11-14T20:22:38Z</time>
			</trkpt>
			<trkpt lat="35.428340283790845" lon="-83.58308774590456">
				<ele>574.2158852005377</ele>
				<time>2025-11-14T20:22:39Z</time>
			</trkpt>
			<trkpt lat="35.42837515917991" lon="-83.58306834703886">
				<ele>573.2674910444766</ele>
				<time>2025-11-14T20:22:40Z</time>
			</trkpt>
			<trkpt lat="35.42840401066714" lon="-83.58304774686304">
				<ele>574.2957062302157</ele>
				<time>2025-11-14T20:22:41Z</time>
			</trkpt>
			<trkpt lat="35.42842221173661" lon="-83.58302938903675">
				<ele>574.5332751516253</ele>
				<time>2025-11-14T20:22:42Z</time>
			</trkpt>
			<trkpt lat="35.4284440089498" lon="-83.58300820511903">
				<ele>574.002238849178</ele>
				<time>2025-11-14T20:22:44Z</time>
			</trkpt>
			<trkpt lat="35.428467306831436" lon="-83.58297250500576">
				<ele>571.2712955772877</ele>
				<time>2025-11-14T20:22:46Z</time>
			</trkpt>
			<trkpt lat="35.42849059756325" lon="-83.58293127168744">
				<ele>568.5123581830412</ele>
				<time>2025-11-14T20:22:48Z</time>
			</trkpt>
			<trkpt lat="35.42849602718381" lon="-83.5829029288321">
				<ele>569.3051891177893</ele>
				<time>2025-11-14T20:22:49Z</time>
			</trkpt>
			<trkpt lat="35.428494787474456" lon="-83.58287762039167">
				<ele>569.5863580368459</ele>
				<time>2025-11-14T20:22:50Z</time>
			</trkpt>
			<trkpt lat="35.428500516554685" lon="-83.58284874813866">
				<ele>568.5723800482228</ele>
				<time>2025-11-14T20:22:51Z</time>
			</trkpt>
			<trkpt lat="35.42850066274903" lon="-83.5828149018002">
				<ele>566.2392691932619</ele>
				<time>2025-11-14T20:22:52Z</time>
			</trkpt>
			<trkpt lat="35.42850295832123" lon="-83.58278938133773">
				<ele>565.8148526689038</ele>
				<time>2025-11-14T20:22:53Z</time>
			</trkpt>
			<trkpt lat="35.42850581037915" lon="-83.58276425584889">
				<ele>564.3658937280998</ele>
				<time>2025-11-14T20:22:54Z</time>
			</trkpt>
			<trkpt lat="35.42850997766462" lon="-83.58273580764893">
				<ele>566.3551669539884</ele>
				<time>2025-11-14T20:22:55Z</time>
			</trkpt>
			<trkpt lat="35.42850708666871" lon="-83.58269983607542">
				<ele>565.2861076314002</ele>
				<time>2025-11-14T20:22:56Z</time>
			</trkpt>
			<trkpt lat="35.42850881321478" lon="-83.58266838142768">
				<ele>563.7316568493843</ele>
				<time>2025-11-14T20:22:57Z</time>
			</trkpt>
			<trkpt lat="35.428514192338305" lon="-83.58264015883117">
				<ele>563.5785858277231</ele>
				<time>2025-11-14T20:22:58Z</time>
			</trkpt>
			<trkpt lat="35.42851520941707" lon="-83.58261664538352">
				<ele>562.9696162352338</ele>
				<time>2025-11-14T20:22:59Z</time>
			</trkpt>
			<trkpt lat="35.428514886825646" lon="-83.58259012312156">
				<ele>563.2869950290769</ele>
				<time>2025-11-14T20:23:00Z</time>
			</trkpt>
			<trkpt lat="35.428507867659555" lon="-83.5825556199078">
				<ele>562.6383143207058</ele>
				<time>2025-11-14T20:23:01Z</time>
			</trkpt>
			<trkpt lat="35.42849934263101" lon="-83.58250674354498">
				<ele>563.1043594386429</ele>
				<time>2025-11-14T20:23:03Z</time>
			</trkpt>
			<trkpt lat="35.428495254490024" lon="-83.58247982468767">
				<ele>561.9732497185469</ele>
				<time>2025-11-14T20:23:04Z</time>
			</trkpt>
			<trkpt lat="35.42849246326186" lon="-83.58245474023735">
				<ele>563.2307542562485</ele>
				<time>2025-11-14T20:23:05Z</time>
			</trkpt>
			<trkpt lat="35.4284801596161" lon="-83.58243102903785">
				<ele>562.4734221547842</ele>
				<time>2025-11-14T20:23:06Z</time>
			</trkpt>
			<trkpt lat="35.428475270810196" lon="-83.5824093628539">
				<ele>562.9152844315395</ele>
				<time>2025-11-14T20:23:07Z</time>
			</trkpt>
			<trkpt lat="35.42846346947274" lon="-83.58238537100063">
				<ele>563.511691275984</ele>
				<time>2025-11-14T20:23:08Z</time>
			</trkpt>
			<trkpt lat="35.42844469800016" lon="-83.58235534015989">
				<ele>564.2656885618344</ele>
				<time>2025-11-14T20:23:10Z</time>
			</trkpt>
			<trkpt lat="35.42843767255618" lon="-83.58233050938556">
				<ele>564.4001068426296</ele>
				<time>2025-11-14T20:23:12Z</time>
			</trkpt>
			<trkpt lat="35.428427501289455" lon="-83.58229676679721">
				<ele>565.0626570368186</ele>
				<time>2025-11-14T20:23:14Z</time>
			</trkpt>
			<trkpt lat="35.428417217486135" lon="-83.58227851928947">
				<ele>565.2332549830899</ele>
				<time>2025-11-14T20:23:15Z</time>
			</trkpt>
			<trkpt lat="35.4283896141875" lon="-83.5822520745794">
				<ele>565.4876350611448</ele>
				<time>2025-11-14T20:23:16Z</time>
			</trkpt>
			<trkpt lat="35.42836922948167" lon="-83.58223563953321">
				<ele>565.8915315205231</ele>
				<time>2025-11-14T20:23:17Z</time>
			</trkpt>
			<trkpt lat="35.428346818455864" lon="-83.58223882648679">
				<ele>565.667976571247</ele>
				<time>2025-11-14T20:23:18Z</time>
			</trkpt>
			<trkpt lat="35.428310261203784" lon="-83.5822285828117">
				<ele>566.4191295364872</ele>
				<time>2025-11-14T20:23:19Z</time>
			</trkpt>
			<trkpt lat="35.42827928258072" lon="-83.58221036422641">
				<ele>567.7994271414354</ele>
				<time>2025-11-14T20:23:21Z</time>
			</trkpt>
			<trkpt lat="35.42824300195858" lon="-83.5821870725757">
				<ele>566.988900564611</ele>
				<time>2025-11-14T20:23:23Z</time>
			</trkpt>
			<trkpt lat="35.42822527701759" lon="-83.5821740356032">
				<ele>566.9277160046622</ele>
				<time>2025-11-14T20:23:24Z</time>
			</trkpt>
			<trkpt lat="35.428213062301786" lon="-83.5821490100697">
				<ele>567.7733442252502</ele>
				<time>2025-11-14T20:23:25Z</time>
			</trkpt>
			<trkpt lat="35.42819420512638" lon="-83.58212956451639">
				<ele>567.5590273402631</ele>
				<time>2025-11-14T20:23:26Z</time>
			</trkpt>
			<trkpt lat="35.4281807011764" lon="-83.58210335003366">
				<ele>567.4016672745347</ele>
				<time>2025-11-14T20:23:27Z</time>
			</trkpt>
			<trkpt lat="35.428170079575665" lon="-83.58206324123093">
				<ele>569.3716211421415</ele>
				<time>2025-11-14T20:23:29Z</time>
			</trkpt>
			<trkpt lat="35.42816612764211" lon="-83.58202977476518">
				<ele>570.6019002757967</ele>
				<time>2025-11-14T20:23:30Z</time>
			</trkpt>
			<trkpt lat="35.42815792139425" lon="-83.5820065771679">
				<ele>569.4592900713906</ele>
				<time>2025-11-14T20:23:31Z</time>
			</trkpt>
			<trkpt lat="35.428158383410505" lon="-83.5819737486211">
				<ele>571.50246997457</ele>
				<time>2025-11-14T20:23:32Z</time>
			</trkpt>
			<trkpt lat="35.428158056209895" lon="-83.58194912828625">
				<ele>571.1995852207765</ele>
				<time>2025-11-14T20:23:33Z</time>
			</trkpt>
			<trkpt lat="35.42815687942531" lon="-83.58190676379247">
				<ele>570.576258637011</ele>
				<time>2025-11-14T20:23:34Z</time>
			</trkpt>
			<trkpt lat="35.42815045729301" lon="-83.58188064710714">
				<ele>570.4363901764154</ele>
				<time>2025-11-14T20:23:35Z</time>
			</trkpt>
			<trkpt lat="35.42814688772855" lon="-83.58184384180247">
				<ele>570.6894631553441</ele>
				<time>2025-11-14T20:23:36Z</time>
			</trkpt>
			<trkpt lat="35.42814113884909" lon="-83.58181212843539">
				<ele>570.102084341459</ele>
				<time>2025-11-14T20:23:37Z</time>
			</trkpt>
			<trkpt lat="35.42813586848179" lon="-83.58178319384801">
				<ele>570.4504282427952</ele>
				<time>2025-11-14T20:23:38Z</time>
			</trkpt>
			<trkpt lat="35.4281392997141" lon="-83.58174235172193">
				<ele>570.982407534495</ele>
				<time>2025-11-14T20:23:39Z</time>
			</trkpt>
			<trkpt lat="35.42814084213236" lon="-83.58171355906661">
				<ele>571.3804098684341</ele>
				<time>2025-11-14T20:23:40Z</time>
			</trkpt>
			<trkpt lat="35.4281313073084" lon="-83.58164767296662">
				<ele>573.9003188377246</ele>
				<time>2025-11-14T20:23:41Z</time>
			</trkpt>
			<trkpt lat="35.4281158441585" lon="-83.58157492651368">
				<ele>574.8999053398147</ele>
				<time>2025-11-14T20:23:42Z</time>
			</trkpt>
			<trkpt lat="35.42812280248403" lon="-83.58152748207787">
				<ele>576.181469861418</ele>
				<time>2025-11-14T20:23:43Z</time>
			</trkpt>
			<trkpt lat="35.4281273255032" lon="-83.58148641858716">
				<ele>576.3155754152685</ele>
				<time>2025-11-14T20:23:44Z</time>
			</trkpt>
			<trkpt lat="35.42812789511461" lon="-83.58144857977216">
				<ele>576.804123644717</ele>
				<time>2025-11-14T20:23:45Z</time>
			</trkpt>
			<trkpt lat="35.428127390834035" lon="-83.58142475931648">
				<ele>577.4055856596678</ele>
				<time>2025-11-14T20:23:46Z</time>
			</trkpt>
			<trkpt lat="35.428105344436105" lon="-83.58137881431905">
				<ele>578.9046427467838</ele>
				<time>2025-11-14T20:23:48Z</time>
			</trkpt>
			<trkpt lat="35.42808866625876" lon="-83.58134489596192">
				<ele>576.2392249312252</ele>
				<time>2025-11-14T20:23:49Z</time>
			</trkpt>
			<trkpt lat="35.428074895778416" lon="-83.58128947005311">
				<ele>577.6593398340046</ele>
				<time>2025-11-14T20:23:50Z</time>
			</trkpt>
			<trkpt lat="35.42806804130317" lon="-83.5812328765292">
				<ele>576.0854063760489</ele>
				<time>2025-11-14T20:23:51Z</time>
			</trkpt>
			<trkpt lat="35.42806389250014" lon="-83.5811822529172">
				<ele>574.9885538537055</ele>
				<time>2025-11-14T20:23:52Z</time>
			</trkpt>
			<trkpt lat="35.42804011159087" lon="-83.58114193991395">
				<ele>573.7817174494267</ele>
				<time>2025-11-14T20:23:53Z</time>
			</trkpt>
			<trkpt lat="35.42803409684341" lon="-83.58108339054888">
				<ele>574.9301084456965</ele>
				<time>2025-11-14T20:23:54Z</time>
			</trkpt>
			<trkpt lat="35.428028199988454" lon="-83.5810433685424">
				<ele>575.4881031373516</ele>
				<time>2025-11-14T20:23:55Z</time>
			</trkpt>
			<trkpt lat="35.42802726855254" lon="-83.58098830128856">
				<ele>575.9534473121166</ele>
				<time>2025-11-14T20:23:56Z</time>
			</trkpt>
			<trkpt lat="35.428014597825786" lon="-83.58095275790826">
				<ele>575.6755190305412</ele>
				<time>2025-11-14T20:23:57Z</time>
			</trkpt>
			<trkpt lat="35.42800105758363" lon="-83.58091477537006">
				<ele>576.9142710817978</ele>
				<time>2025-11-14T20:23:58Z</time>
			</trkpt>
			<trkpt lat="35.42798028387303" lon="-83.58086417005303">
				<ele>576.3746145265177</ele>
				<time>2025-11-14T20:23:59Z</time>
			</trkpt>
			<trkpt lat="35.427959118383434" lon="-83.58081328098976">
				<ele>575.4261144949123</ele>
				<time>2025-11-14T20:24:00Z</time>
			</trkpt>
			<trkpt lat="35.427933557592475" lon="-83.58075668592092">
				<ele>576.0340647147968</ele>
				<time>2025-11-14T20:24:01Z</time>
			</trkpt>
			<trkpt lat="35.427915175443786" lon="-83.58071640338406">
				<ele>577.0538636688143</ele>
				<time>2025-11-14T20:24:02Z</time>
			</trkpt>
			<trkpt lat="35.427901715610695" lon="-83.58067112650365">
				<ele>576.8511732686311</ele>
				<time>2025-11-14T20:24:03Z</time>
			</trkpt>
			<trkpt lat="35.427907580766345" lon="-83.58062955974012">
				<ele>577.3056177916005</ele>
				<time>2025-11-14T20:24:04Z</time>
			</trkpt>
			<trkpt lat="35.42790993624372" lon="-83.58059457093535">
				<ele>576.4959152629599</ele>
				<time>2025-11-14T20:24:05Z</time>
			</trkpt>
			<trkpt lat="35.42790246474222" lon="-83.58054922864939">
				<ele>575.517171125859</ele>
				<time>2025-11-14T20:24:06Z</time>
			</trkpt>
			<trkpt lat="35.42789741722571" lon="-83.58049926257804">
				<ele>576.1775012714788</ele>
				<time>2025-11-14T20:24:07Z</time>
			</trkpt>
			<trkpt lat="35.427877227809425" lon="-83.58046079213776">
				<ele>576.2050444185734</ele>
				<time>2025-11-14T20:24:08Z</time>
			</trkpt>
			<trkpt lat="35.42785190352257" lon="-83.58043047303386">
				<ele>574.9987472416833</ele>
				<time>2025-11-14T20:24:09Z</time>
			</trkpt>
			<trkpt lat="35.427826989588226" lon="-83.5804001691853">
				<ele>574.5340966954827</ele>
				<time>2025-11-14T20:24:10Z</time>
			</trkpt>
			<trkpt lat="35.427812138885706" lon="-83.58035607718641">
				<ele>574.9180760979652</ele>
				<time>2025-11-14T20:24:11Z</time>
			</trkpt>
			<trkpt lat="35.42779644255936" lon="-83.58031859779076">
				<ele>574.7334541361779</ele>
				<time>2025-11-14T20:24:12Z</time>
			</trkpt>
			<trkpt lat="35.42779646600586" lon="-83.58026889918195">
				<ele>574.6031220685691</ele>
				<time>2025-11-14T20:24:13Z</time>
			</trkpt>
			<trkpt lat="35.427795969805494" lon="-83.58022745455789">
				<ele>574.6223479490727</ele>
				<time>2025-11-14T20:24:14Z</time>
			</trkpt>
			<trkpt lat="35.4277802245345" lon="-83.58017066272589">
				<ele>574.5992756104097</ele>
				<time>2025-11-14T20:24:15Z</time>
			</trkpt>
			<trkpt lat="35.42776868883504" lon="-83.58014431700721">
				<ele>574.2823480181396</ele>
				<time>2025-11-14T20:24:16Z</time>
			</trkpt>
			<trkpt lat="35.427756211818355" lon="-83.58011718954323">
				<ele>573.6237446656451</ele>
				<time>2025-11-14T20:24:17Z</time>
			</trkpt>
			<trkpt lat="35.42773788452659" lon="-83.58007885794463">
				<ele>574.1887974152341</ele>
				<time>2025-11-14T20:24:18Z</time>
			</trkpt>
			<trkpt lat="35.427719188635656" lon="-83.58003975543915">
				<ele>573.4787398101762</ele>
				<time>2025-11-14T20:24:19Z</time>
			</trkpt>
			<trkpt lat="35.42770334362342" lon="-83.58000661556967">
				<ele>571.8634593458846</ele>
				<time>2025-11-14T20:24:20Z</time>
			</trkpt>
			<trkpt lat="35.427684840397234" lon="-83.57996791600215">
				<ele>572.452308839187</ele>
				<time>2025-11-14T20:24:21Z</time>
			</trkpt>
			<trkpt lat="35.4276672797956" lon="-83.579931187959">
				<ele>571.6650846656412</ele>
				<time>2025-11-14T20:24:22Z</time>
			</trkpt>
			<trkpt lat="35.42765605896757" lon="-83.57989992279867">
				<ele>571.0053285416216</ele>
				<time>2025-11-14T20:24:23Z</time>
			</trkpt>
			<trkpt lat="35.427639512515874" lon="-83.57985544466685">
				<ele>569.760438779369</ele>
				<time>2025-11-14T20:24:24Z</time>
			</trkpt>
			<trkpt lat="35.427627582251105" lon="-83.5798106731364">
				<ele>568.8169913589954</ele>
				<time>2025-11-14T20:24:25Z</time>
			</trkpt>
			<trkpt lat="35.427624075235485" lon="-83.57978637708828">
				<ele>569.7064341632649</ele>
				<time>2025-11-14T20:24:26Z</time>
			</trkpt>
			<trkpt lat="35.42761107144794" lon="-83.57975939723616">
				<ele>568.734688911587</ele>
				<time>2025-11-14T20:24:27Z</time>
			</trkpt>
			<trkpt lat="35.42760116608324" lon="-83.57973088262753">
				<ele>569.318395669572</ele>
				<time>2025-11-14T20:24:28Z</time>
			</trkpt>
			<trkpt lat="35.42759588401442" lon="-83.57969830644082">
				<ele>570.1451387312263</ele>
				<time>2025-11-14T20:24:29Z</time>
			</trkpt>
			<trkpt lat="35.427588973534256" lon="-83.57966171568894">
				<ele>570.6318195518106</ele>
				<time>2025-11-14T20:24:30Z</time>
			</trkpt>
			<trkpt lat="35.42758285455487" lon="-83.57962903527158">
				<ele>570.9281572354957</ele>
				<time>2025-11-14T20:24:31Z</time>
			</trkpt>
			<trkpt lat="35.427571224101406" lon="-83.57959911355253">
				<ele>569.6373232081532</ele>
				<time>2025-11-14T20:24:32Z</time>
			</trkpt>
			<trkpt lat="35.42755734170033" lon="-83.5795574678398">
				<ele>569.7131931828335</ele>
				<time>2025-11-14T20:24:33Z</time>
			</trkpt>
			<trkpt lat="35.42754796587554" lon="-83.57953634833058">
				<ele>569.2745597753674</ele>
				<time>2025-11-14T20:24:34Z</time>
			</trkpt>
			<trkpt lat="35.4275381585011" lon="-83.57950688607927">
				<ele>569.0886994171888</ele>
				<time>2025-11-14T20:24:35Z</time>
			</trkpt>
			<trkpt lat="35.427527214770066" lon="-83.57945269057849">
				<ele>570.4100507628173</ele>
				<time>2025-11-14T20:24:36Z</time>
			</trkpt>
			<trkpt lat="35.42752746589518" lon="-83.5794296207835">
				<ele>569.2819152735174</ele>
				<time>2025-11-14T20:24:37Z</time>
			</trkpt>
			<trkpt lat="35.42751714445699" lon="-83.5793689689213">
				<ele>569.7815744690597</ele>
				<time>2025-11-14T20:24:38Z</time>
			</trkpt>
			<trkpt lat="35.42752376398058" lon="-83.5793459152708">
				<ele>570.5718150911853</ele>
				<time>2025-11-14T20:24:39Z</time>
			</trkpt>
			<trkpt lat="35.42750400599146" lon="-83.57930652800704">
				<ele>570.5185223892331</ele>
				<time>2025-11-14T20:24:40Z</time>
			</trkpt>
			<trkpt lat="35.42748719829528" lon="-83.57927223093627">
				<ele>571.1756375469267</ele>
				<time>2025-11-14T20:24:41Z</time>
			</trkpt>
			<trkpt lat="35.427465322471676" lon="-83.57922673869564">
				<ele>571.6460257051513</ele>
				<time>2025-11-14T20:24:42Z</time>
			</trkpt>
			<trkpt lat="35.42742824043471" lon="-83.57916705182907">
				<ele>572.7198395160958</ele>
				<time>2025-11-14T20:24:43Z</time>
			</trkpt>
			<trkpt lat="35.42741317638905" lon="-83.57911661193255">
				<ele>573.6607673242688</ele>
				<time>2025-11-14T20:24:44Z</time>
			</trkpt>
			<trkpt lat="35.42738273493467" lon="-83.5790719607385">
				<ele>574.5597684048116</ele>
				<time>2025-11-14T20:24:45Z</time>
			</trkpt>
			<trkpt lat="35.427350893812815" lon="-83.57902980576148">
				<ele>574.6945840390399</ele>
				<time>2025-11-14T20:24:46Z</time>
			</trkpt>
			<trkpt lat="35.427334494763805" lon="-83.57898083684907">
				<ele>573.9198340987787</ele>
				<time>2025-11-14T20:24:47Z</time>
			</trkpt>
			<trkpt lat="35.427316926977916" lon="-83.57893208533548">
				<ele>574.9498374350369</ele>
				<time>2025-11-14T20:24:48Z</time>
			</trkpt>
			<trkpt lat="35.42728403743759" lon="-83.5788556751858">
				<ele>574.595884504728</ele>
				<time>2025-11-14T20:24:49Z</time>
			</trkpt>
			<trkpt lat="35.427231816293336" lon="-83.57878883309144">
				<ele>572.7052431292832</ele>
				<time>2025-11-14T20:24:50Z</time>
			</trkpt>
			<trkpt lat="35.4271905741861" lon="-83.57874313238187">
				<ele>572.2866416061297</ele>
				<time>2025-11-14T20:24:51Z</time>
			</trkpt>
			<trkpt lat="35.427144240744056" lon="-83.57870687929373">
				<ele>570.7697275783867</ele>
				<time>2025-11-14T20:24:52Z</time>
			</trkpt>
			<trkpt lat="35.427089627661694" lon="-83.57866277588346">
				<ele>569.2932880586013</ele>
				<time>2025-11-14T20:24:53Z</time>
			</trkpt>
			<trkpt lat="35.42703763298905" lon="-83.57862947865478">
				<ele>567.7120728390291</ele>
				<time>2025-11-14T20:24:54Z</time>
			</trkpt>
			<trkpt lat="35.426978337984316" lon="-83.57860043575397">
				<ele>566.3371012518182</ele>
				<time>2025-11-14T20:24:55Z</time>
			</trkpt>
			<trkpt lat="35.42689028907929" lon="-83.57857346605078">
				<ele>565.1024455502629</ele>
				<time>2025-11-14T20:24:56Z</time>
			</trkpt>
			<trkpt lat="35.42684092995459" lon="-83.57857829682001">
				<ele>564.9640276217833</ele>
				<time>2025-11-14T20:24:57Z</time>
			</trkpt>
			<trkpt lat="35.42678367312014" lon="-83.57858994000405">
				<ele>564.1712210178375</ele>
				<time>2025-11-14T20:24:58Z</time>
			</trkpt>
			<trkpt lat="35.426722187110975" lon="-83.57859691305153">
				<ele>562.8726988416165</ele>
				<time>2025-11-14T20:24:59Z</time>
			</trkpt>
			<trkpt lat="35.42667345929728" lon="-83.57859518811435">
				<ele>561.4558481350541</ele>
				<time>2025-11-14T20:25:00Z</time>
			</trkpt>
			<trkpt lat="35.42660927790707" lon="-83.57858271267042">
				<ele>561.1983798835427</ele>
				<time>2025-11-14T20:25:01Z</time>
			</trkpt>
			<trkpt lat="35.42655324566228" lon="-83.5785516095642">
				<ele>560.2792738191783</ele>
				<time>2025-11-14T20:25:02Z</time>
			</trkpt>
			<trkpt lat="35.426488957491735" lon="-83.57855377864577">
				<ele>558.4373826123774</ele>
				<time>2025-11-14T20:25:03Z</time>
			</trkpt>
			<trkpt lat="35.42641981599722" lon="-83.5785407274466">
				<ele>556.5522055802867</ele>
				<time>2025-11-14T20:25:04Z</time>
			</trkpt>
			<trkpt lat="35.42635589513067" lon="-83.57851303336125">
				<ele>555.3245521280915</ele>
				<time>2025-11-14T20:25:05Z</time>
			</trkpt>
			<trkpt lat="35.4262907054563" lon="-83.57849616318927">
				<ele>554.1016190517694</ele>
				<time>2025-11-14T20:25:06Z</time>
			</trkpt>
			<trkpt lat="35.426229936748186" lon="-83.57845470449332">
				<ele>555.8914946662262</ele>
				<time>2025-11-14T20:25:07Z</time>
			</trkpt>
			<trkpt lat="35.42614717369124" lon="-83.57844856787285">
				<ele>556.1543167000636</ele>
				<time>2025-11-14T20:25:08Z</time>
			</trkpt>
			<trkpt lat="35.42608717397394" lon="-83.57845160640191">
				<ele>554.945798272267</ele>
				<time>2025-11-14T20:25:09Z</time>
			</trkpt>
			<trkpt lat="35.426024751554394" lon="-83.57845322103049">
				<ele>554.1254689302295</ele>
				<time>2025-11-14T20:25:10Z</time>
			</trkpt>
			<trkpt lat="35.42595412178704" lon="-83.5784519405848">
				<ele>553.0761551279575</ele>
				<time>2025-11-14T20:25:11Z</time>
			</trkpt>
			<trkpt lat="35.42590166134644" lon="-83.57845337835738">
				<ele>551.9244025237858</ele>
				<time>2025-11-14T20:25:12Z</time>
			</trkpt>
			<trkpt lat="35.4258568345666" lon="-83.57845269129253">
				<ele>551.6734261456877</ele>
				<time>2025-11-14T20:25:13Z</time>
			</trkpt>
			<trkpt lat="35.425821251899045" lon="-83.57845615552203">
				<ele>550.8577074641362</ele>
				<time>2025-11-14T20:25:14Z</time>
			</trkpt>
			<trkpt lat="35.42579075955914" lon="-83.57846292561675">
				<ele>553.6240215413272</ele>
				<time>2025-11-14T20:25:15Z</time>
			</trkpt>
			<trkpt lat="35.42576910652795" lon="-83.57846857809274">
				<ele>554.9715015823022</ele>
				<time>2025-11-14T20:25:16Z</time>
			</trkpt>
			<trkpt lat="35.425745055825146" lon="-83.57847485647763">
				<ele>556.2041218746454</ele>
				<time>2025-11-14T20:25:17Z</time>
			</trkpt>
			<trkpt lat="35.425716469864625" lon="-83.57848231880789">
				<ele>554.5364382434636</ele>
				<time>2025-11-14T20:25:18Z</time>
			</trkpt>
			<trkpt lat="35.425684223782106" lon="-83.57849132183819">
				<ele>555.2725691013038</ele>
				<time>2025-11-14T20:25:19Z</time>
			</trkpt>
			<trkpt lat="35.42565134189926" lon="-83.57850096040578">
				<ele>555.3114454969764</ele>
				<time>2025-11-14T20:25:20Z</time>
			</trkpt>
			<trkpt lat="35.42561685672314" lon="-83.57851106894428">
				<ele>554.9497261969373</ele>
				<time>2025-11-14T20:25:21Z</time>
			</trkpt>
			<trkpt lat="35.42558745964489" lon="-83.57851968601946">
				<ele>555.1518223630264</ele>
				<time>2025-11-14T20:25:22Z</time>
			</trkpt>
			<trkpt lat="35.42555696163824" lon="-83.57852337898032">
				<ele>555.0779671985656</ele>
				<time>2025-11-14T20:25:23Z</time>
			</trkpt>
			<trkpt lat="35.42552409649056" lon="-83.57851893423035">
				<ele>554.1601904220879</ele>
				<time>2025-11-14T20:25:24Z</time>
			</trkpt>
			<trkpt lat="35.42549551300561" lon="-83.57851933812336">
				<ele>553.4227454531938</ele>
				<time>2025-11-14T20:25:25Z</time>
			</trkpt>
			<trkpt lat="35.42547117312752" lon="-83.57852221663745">
				<ele>554.1629311069846</ele>
				<time>2025-11-14T20:25:26Z</time>
			</trkpt>
			<trkpt lat="35.425440932275755" lon="-83.5785155728921">
				<ele>552.7906741807237</ele>
				<time>2025-11-14T20:25:29Z</time>
			</trkpt>
			<trkpt lat="35.425408785982945" lon="-83.57850197076466">
				<ele>551.400340876542</ele>
				<time>2025-11-14T20:25:32Z</time>
			</trkpt>
			<trkpt lat="35.42539266827633" lon="-83.57848661025183">
				<ele>551.1285352064297</ele>
				<time>2025-11-14T20:25:35Z</time>
			</trkpt>
			<trkpt lat="35.42536653370302" lon="-83.57847219441489">
				<ele>552.0257666110992</ele>
				<time>2025-11-14T20:25:38Z</time>
			</trkpt>
			<trkpt lat="35.42534331805248" lon="-83.57847381542032">
				<ele>553.5984943713993</ele>
				<time>2025-11-14T20:25:40Z</time>
			</trkpt>
			<trkpt lat="35.42531313583977" lon="-83.57847870669131">
				<ele>554.6378682060167</ele>
				<time>2025-11-14T20:25:42Z</time>
			</trkpt>
			<trkpt lat="35.42529096492857" lon="-83.57848317469644">
				<ele>554.3630655696616</ele>
				<time>2025-11-14T20:25:43Z</time>
			</trkpt>
			<trkpt lat="35.425267710548596" lon="-83.57850069978431">
				<ele>555.2246747966856</ele>
				<time>2025-11-14T20:25:45Z</time>
			</trkpt>
			<trkpt lat="35.42523835820849" lon="-83.57850170517966">
				<ele>556.2571111498401</ele>
				<time>2025-11-14T20:25:47Z</time>
			</trkpt>
			<trkpt lat="35.425206067193855" lon="-83.57849850318506">
				<ele>557.6990223163739</ele>
				<time>2025-11-14T20:25:49Z</time>
			</trkpt>
			<trkpt lat="35.42517166257157" lon="-83.57850573962298">
				<ele>556.2201511422172</ele>
				<time>2025-11-14T20:25:51Z</time>
			</trkpt>
			<trkpt lat="35.42515087328732" lon="-83.57850692883102">
				<ele>557.3456037817523</ele>
				<time>2025-11-14T20:25:52Z</time>
			</trkpt>
			<trkpt lat="35.42512820655847" lon="-83.57850968383511">
				<ele>557.1782800685614</ele>
				<time>2025-11-14T20:25:53Z</time>
			</trkpt>
			<trkpt lat="35.4251099612426" lon="-83.57851045308385">
				<ele>557.6154436487705</ele>
				<time>2025-11-14T20:25:54Z</time>
			</trkpt>
			<trkpt lat="35.42509194418852" lon="-83.57851613073564">
				<ele>557.2248317068443</ele>
				<time>2025-11-14T20:25:55Z</time>
			</trkpt>
			<trkpt lat="35.42506955022523" lon="-83.57851550938895">
				<ele>557.3180444408208</ele>
				<time>2025-11-14T20:25:56Z</time>
			</trkpt>
			<trkpt lat="35.42503803125741" lon="-83.57852492018586">
				<ele>556.6429414851591</ele>
				<time>2025-11-14T20:25:58Z</time>
			</trkpt>
			<trkpt lat="35.42501129951703" lon="-83.57852549530331">
				<ele>556.8243848262355</ele>
				<time>2025-11-14T20:25:59Z</time>
			</trkpt>
			<trkpt lat="35.42498132025319" lon="-83.57853092124452">
				<ele>557.3100981917232</ele>
				<time>2025-11-14T20:26:01Z</time>
			</trkpt>
			<trkpt lat="35.42496041544975" lon="-83.5785447217443">
				<ele>557.0739340865985</ele>
				<time>2025-11-14T20:26:10Z</time>
			</trkpt>
			<trkpt lat="35.42493936894911" lon="-83.57855001665844">
				<ele>558.4499055109918</ele>
				<time>2025-11-14T20:26:13Z</time>
			</trkpt>
			<trkpt lat="35.42490761214453" lon="-83.57855692098737">
				<ele>559.171073326841</ele>
				<time>2025-11-14T20:26:15Z</time>
			</trkpt>
			<trkpt lat="35.424885759576014" lon="-83.57855883408884">
				<ele>558.4472141629085</ele>
				<time>2025-11-14T20:26:16Z</time>
			</trkpt>
			<trkpt lat="35.424861383789924" lon="-83.57856610366335">
				<ele>558.2849949933589</ele>
				<time>2025-11-14T20:26:18Z</time>
			</trkpt>
			<trkpt lat="35.4248423787421" lon="-83.578573108009">
				<ele>558.0561156477779</ele>
				<time>2025-11-14T20:26:19Z</time>
			</trkpt>
			<trkpt lat="35.424815579736375" lon="-83.57857566460723">
				<ele>558.0061149010435</ele>
				<time>2025-11-14T20:26:20Z</time>
			</trkpt>
			<trkpt lat="35.42478565593206" lon="-83.57857598464231">
				<ele>557.7723842794076</ele>
				<time>2025-11-14T20:26:21Z</time>
			</trkpt>
			<trkpt lat="35.424745041712775" lon="-83.57858277577739">
				<ele>556.7736662551761</ele>
				<time>2025-11-14T20:26:23Z</time>
			</trkpt>
			<trkpt lat="35.4247257971203" lon="-83.57859043877097">
				<ele>556.8912950586528</ele>
				<time>2025-11-14T20:26:24Z</time>
			</trkpt>
			<trkpt lat="35.424705550692714" lon="-83.57860024513265">
				<ele>557.5850556595251</ele>
				<time>2025-11-14T20:26:25Z</time>
			</trkpt>
			<trkpt lat="35.424684657355755" lon="-83.57861103435854">
				<ele>556.3665199866518</ele>
				<time>2025-11-14T20:26:26Z</time>
			</trkpt>
			<trkpt lat="35.42466437173751" lon="-83.57862014902808">
				<ele>555.6238458221778</ele>
				<time>2025-11-14T20:26:27Z</time>
			</trkpt>
			<trkpt lat="35.42464461028824" lon="-83.57862404671606">
				<ele>555.2416575979441</ele>
				<time>2025-11-14T20:26:28Z</time>
			</trkpt>
			<trkpt lat="35.424622253311504" lon="-83.5786268510454">
				<ele>555.605554362759</ele>
				<time>2025-11-14T20:26:29Z</time>
			</trkpt>
			<trkpt lat="35.42458984404049" lon="-83.57862475877076">
				<ele>554.9270623540506</ele>
				<time>2025-11-14T20:26:31Z</time>
			</trkpt>
			<trkpt lat="35.42456577937782" lon="-83.57862789885334">
				<ele>555.8596213692799</ele>
				<time>2025-11-14T20:26:33Z</time>
			</trkpt>
			<trkpt lat="35.4245475582429" lon="-83.57863409780116">
				<ele>555.4945351639763</ele>
				<time>2025-11-14T20:26:34Z</time>
			</trkpt>
			<trkpt lat="35.424520393048354" lon="-83.5786384388165">
				<ele>556.1669532163069</ele>
				<time>2025-11-14T20:26:35Z</time>
			</trkpt>
			<trkpt lat="35.42449803551778" lon="-83.57864445583982">
				<ele>556.1542754005641</ele>
				<time>2025-11-14T20:26:36Z</time>
			</trkpt>
			<trkpt lat="35.42446685164517" lon="-83.57865199024688">
				<ele>555.9816095056012</ele>
				<time>2025-11-14T20:26:38Z</time>
			</trkpt>
			<trkpt lat="35.42444289127175" lon="-83.5786549999037">
				<ele>555.8147430568933</ele>
				<time>2025-11-14T20:26:39Z</time>
			</trkpt>
			<trkpt lat="35.42441530371266" lon="-83.57865297738495">
				<ele>556.7196905063465</ele>
				<time>2025-11-14T20:26:40Z</time>
			</trkpt>
			<trkpt lat="35.42439580275604" lon="-83.57865744387713">
				<ele>556.1970033245161</ele>
				<time>2025-11-14T20:26:41Z</time>
			</trkpt>
			<trkpt lat="35.42436119693889" lon="-83.57866229059098">
				<ele>555.6209816783667</ele>
				<time>2025-11-14T20:26:42Z</time>
			</trkpt>
			<trkpt lat="35.424317676635724" lon="-83.5786714759998">
				<ele>556.7971312077716</ele>
				<time>2025-11-14T20:26:44Z</time>
			</trkpt>
			<trkpt lat="35.42427950863337" lon="-83.57867180108259">
				<ele>556.9529214426875</ele>
				<time>2025-11-14T20:26:46Z</time>
			</trkpt>
			<trkpt lat="35.42425030400326" lon="-83.57867068982328">
				<ele>557.4300619428977</ele>
				<time>2025-11-14T20:26:47Z</time>
			</trkpt>
			<trkpt lat="35.424203939779325" lon="-83.57866461408769">
				<ele>557.5260179415345</ele>
				<time>2025-11-14T20:26:49Z</time>
			</trkpt>
			<trkpt lat="35.424162641075355" lon="-83.57866115806715">
				<ele>558.2145971246064</ele>
				<time>2025-11-14T20:26:51Z</time>
			</trkpt>
			<trkpt lat="35.42412489053418" lon="-83.57865437075498">
				<ele>557.0347642926499</ele>
				<time>2025-11-14T20:26:53Z</time>
			</trkpt>
			<trkpt lat="35.42408977436896" lon="-83.57865223979081">
				<ele>557.3771411906928</ele>
				<time>2025-11-14T20:26:54Z</time>
			</trkpt>
			<trkpt lat="35.42405355434388" lon="-83.57864886338423">
				<ele>556.5058409795165</ele>
				<time>2025-11-14T20:26:56Z</time>
			</trkpt>
			<trkpt lat="35.424034220317" lon="-83.57865105232186">
				<ele>556.2011399827898</ele>
				<time>2025-11-14T20:26:57Z</time>
			</trkpt>
			<trkpt lat="35.423999564654984" lon="-83.57865012736568">
				<ele>556.3982302593067</ele>
				<time>2025-11-14T20:26:59Z</time>
			</trkpt>
			<trkpt lat="35.42397718991646" lon="-83.57865080439043">
				<ele>556.9683488504961</ele>
				<time>2025-11-14T20:27:00Z</time>
			</trkpt>
			<trkpt lat="35.42395571526477" lon="-83.57865916760154">
				<ele>556.0979827297851</ele>
				<time>2025-11-14T20:27:01Z</time>
			</trkpt>
			<trkpt lat="35.42393802544574" lon="-83.57866718571472">
				<ele>555.2587283505127</ele>
				<time>2025-11-14T20:27:02Z</time>
			</trkpt>
			<trkpt lat="35.42391812914818" lon="-83.57867672876628">
				<ele>555.8325756704435</ele>
				<time>2025-11-14T20:27:03Z</time>
			</trkpt>
			<trkpt lat="35.42389728159385" lon="-83.57869079081804">
				<ele>556.50128167402</ele>
				<time>2025-11-14T20:27:05Z</time>
			</trkpt>
			<trkpt lat="35.42387977090124" lon="-83.5786964484666">
				<ele>556.0536544090137</ele>
				<time>2025-11-14T20:27:06Z</time>
			</trkpt>
			<trkpt lat="35.423862123534455" lon="-83.5787037330084">
				<ele>555.8188338195905</ele>
				<time>2025-11-14T20:27:07Z</time>
			</trkpt>
			<trkpt lat="35.42383978168647" lon="-83.57871342989075">
				<ele>556.6178704053164</ele>
				<time>2025-11-14T20:27:09Z</time>
			</trkpt>
			<trkpt lat="35.42382696912695" lon="-83.5787294697624">
				<ele>559.2241561803967</ele>
				<time>2025-11-14T20:27:11Z</time>
			</trkpt>
			<trkpt lat="35.42380258640448" lon="-83.5787593715029">
				<ele>558.2855303585529</ele>
				<time>2025-11-14T20:27:13Z</time>
			</trkpt>
			<trkpt lat="35.423774663017326" lon="-83.57878184529943">
				<ele>560.1715615810826</ele>
				<time>2025-11-14T20:27:15Z</time>
			</trkpt>
			<trkpt lat="35.423756321077725" lon="-83.57878701435831">
				<ele>560.3471013847739</ele>
				<time>2025-11-14T20:27:16Z</time>
			</trkpt>
			<trkpt lat="35.42372676943782" lon="-83.57879143695835">
				<ele>560.0398733085021</ele>
				<time>2025-11-14T20:27:18Z</time>
			</trkpt>
			<trkpt lat="35.423706942441186" lon="-83.57879429986168">
				<ele>561.0585319213569</ele>
				<time>2025-11-14T20:27:19Z</time>
			</trkpt>
			<trkpt lat="35.42368849958138" lon="-83.57879696291076">
				<ele>561.1294356314465</ele>
				<time>2025-11-14T20:27:20Z</time>
			</trkpt>
			<trkpt lat="35.42366360214352" lon="-83.57880055796316">
				<ele>561.5700463177636</ele>
				<time>2025-11-14T20:27:22Z</time>
			</trkpt>
			<trkpt lat="35.42362906401935" lon="-83.57880840973678">
				<ele>561.7961682500318</ele>
				<time>2025-11-14T20:27:24Z</time>
			</trkpt>
			<trkpt lat="35.42359821847984" lon="-83.57881805858915">
				<ele>562.0066812224686</ele>
				<time>2025-11-14T20:27:26Z</time>
			</trkpt>
			<trkpt lat="35.423578690228" lon="-83.57882750959149">
				<ele>562.7396059678867</ele>
				<time>2025-11-14T20:27:27Z</time>
			</trkpt>
			<trkpt lat="35.42355755386029" lon="-83.57883929109389">
				<ele>562.8004027232528</ele>
				<time>2025-11-14T20:27:29Z</time>
			</trkpt>
			<trkpt lat="35.423515392006315" lon="-83.57886620384414">
				<ele>561.2819329425693</ele>
				<time>2025-11-14T20:27:31Z</time>
			</trkpt>
			<trkpt lat="35.4234848164917" lon="-83.57888794532403">
				<ele>563.17730847653</ele>
				<time>2025-11-14T20:27:33Z</time>
			</trkpt>
			<trkpt lat="35.42346099779228" lon="-83.57890636912454">
				<ele>562.3245730120689</ele>
				<time>2025-11-14T20:27:34Z</time>
			</trkpt>
			<trkpt lat="35.42342764099255" lon="-83.57893299646668">
				<ele>562.5650584464893</ele>
				<time>2025-11-14T20:27:36Z</time>
			</trkpt>
			<trkpt lat="35.42340938752286" lon="-83.57894764600877">
				<ele>562.8430301807821</ele>
				<time>2025-11-14T20:27:37Z</time>
			</trkpt>
			<trkpt lat="35.423392823946706" lon="-83.57896187855283">
				<ele>563.1547108348459</ele>
				<time>2025-11-14T20:27:38Z</time>
			</trkpt>
			<trkpt lat="35.42337149623651" lon="-83.57898020477285">
				<ele>562.3625380741432</ele>
				<time>2025-11-14T20:27:39Z</time>
			</trkpt>
			<trkpt lat="35.42335303050464" lon="-83.57899607178763">
				<ele>561.7197544565424</ele>
				<time>2025-11-14T20:27:40Z</time>
			</trkpt>
			<trkpt lat="35.42333136442029" lon="-83.57901468874852">
				<ele>562.3880141600966</ele>
				<time>2025-11-14T20:27:41Z</time>
			</trkpt>
			<trkpt lat="35.42330496196384" lon="-83.57903820455678">
				<ele>562.3021721635014</ele>
				<time>2025-11-14T20:27:42Z</time>
			</trkpt>
			<trkpt lat="35.423280227521175" lon="-83.579060520157">
				<ele>563.979609769769</ele>
				<time>2025-11-14T20:27:43Z</time>
			</trkpt>
			<trkpt lat="35.42326138086002" lon="-83.57907752377228">
				<ele>563.6822129059583</ele>
				<time>2025-11-14T20:27:44Z</time>
			</trkpt>
			<trkpt lat="35.4232400102913" lon="-83.57909680447584">
				<ele>563.5781322075054</ele>
				<time>2025-11-14T20:27:45Z</time>
			</trkpt>
			<trkpt lat="35.423220239301315" lon="-83.5791143230081">
				<ele>562.8933559497818</ele>
				<time>2025-11-14T20:27:46Z</time>
			</trkpt>
			<trkpt lat="35.423204915664286" lon="-83.5791275913945">
				<ele>562.1628900496289</ele>
				<time>2025-11-14T20:27:47Z</time>
			</trkpt>
			<trkpt lat="35.423179599245806" lon="-83.57914954803469">
				<ele>562.936277538538</ele>
				<time>2025-11-14T20:27:48Z</time>
			</trkpt>
			<trkpt lat="35.42314802377991" lon="-83.57917123059156">
				<ele>563.2403419334441</ele>
				<time>2025-11-14T20:27:50Z</time>
			</trkpt>
			<trkpt lat="35.423119965047626" lon="-83.57918542728261">
				<ele>564.6962582431734</ele>
				<time>2025-11-14T20:27:51Z</time>
			</trkpt>
			<trkpt lat="35.423099833929236" lon="-83.57919523679821">
				<ele>565.3560203388333</ele>
				<time>2025-11-14T20:27:52Z</time>
			</trkpt>
			<trkpt lat="35.42306314371886" lon="-83.57921010908485">
				<ele>565.5569442519918</ele>
				<time>2025-11-14T20:27:53Z</time>
			</trkpt>
			<trkpt lat="35.42304176770694" lon="-83.57922214531834">
				<ele>563.960615859367</ele>
				<time>2025-11-14T20:27:54Z</time>
			</trkpt>
			<trkpt lat="35.423005608917215" lon="-83.57923858130634">
				<ele>563.7589303171262</ele>
				<time>2025-11-14T20:27:55Z</time>
			</trkpt>
			<trkpt lat="35.422956201489754" lon="-83.57926201679895">
				<ele>565.400362091139</ele>
				<time>2025-11-14T20:27:57Z</time>
			</trkpt>
			<trkpt lat="35.42293791965781" lon="-83.57926883561466">
				<ele>564.7904803678393</ele>
				<time>2025-11-14T20:27:58Z</time>
			</trkpt>
			<trkpt lat="35.42290827863632" lon="-83.57929247965572">
				<ele>564.5587836550549</ele>
				<time>2025-11-14T20:27:59Z</time>
			</trkpt>
			<trkpt lat="35.42287205811663" lon="-83.57932618108813">
				<ele>565.1961052371189</ele>
				<time>2025-11-14T20:28:01Z</time>
			</trkpt>
			<trkpt lat="35.422846313367344" lon="-83.57934159659463">
				<ele>564.8987145544961</ele>
				<time>2025-11-14T20:28:02Z</time>
			</trkpt>
			<trkpt lat="35.422814267783245" lon="-83.57936035107073">
				<ele>564.7047890014946</ele>
				<time>2025-11-14T20:28:03Z</time>
			</trkpt>
			<trkpt lat="35.42278977751113" lon="-83.57937187091294">
				<ele>565.1934458883479</ele>
				<time>2025-11-14T20:28:04Z</time>
			</trkpt>
			<trkpt lat="35.42276956415387" lon="-83.57939548728582">
				<ele>566.1666168672964</ele>
				<time>2025-11-14T20:28:05Z</time>
			</trkpt>
			<trkpt lat="35.4227462510805" lon="-83.5794173828802">
				<ele>564.4675196530297</ele>
				<time>2025-11-14T20:28:06Z</time>
			</trkpt>
			<trkpt lat="35.42272771827415" lon="-83.57943059950952">
				<ele>564.5343083841726</ele>
				<time>2025-11-14T20:28:07Z</time>
			</trkpt>
			<trkpt lat="35.422699449294264" lon="-83.57945075964238">
				<ele>564.2398214880377</ele>
				<time>2025-11-14T20:28:08Z</time>
			</trkpt>
			<trkpt lat="35.42268375815467" lon="-83.57946194985834">
				<ele>564.3050998095423</ele>
				<time>2025-11-14T20:28:09Z</time>
			</trkpt>
			<trkpt lat="35.42265769666199" lon="-83.57948053568425">
				<ele>563.7905649505556</ele>
				<time>2025-11-14T20:28:10Z</time>
			</trkpt>
			<trkpt lat="35.422620465532965" lon="-83.57950708697435">
				<ele>564.9049981143326</ele>
				<time>2025-11-14T20:28:12Z</time>
			</trkpt>
			<trkpt lat="35.42260478912354" lon="-83.57951826677804">
				<ele>564.6984303938225</ele>
				<time>2025-11-14T20:28:13Z</time>
			</trkpt>
			<trkpt lat="35.42257656440018" lon="-83.57953839520871">
				<ele>564.5215890500695</ele>
				<time>2025-11-14T20:28:14Z</time>
			</trkpt>
			<trkpt lat="35.422537727040854" lon="-83.57956703333657">
				<ele>563.7759501049295</ele>
				<time>2025-11-14T20:28:16Z</time>
			</trkpt>
			<trkpt lat="35.42250504835511" lon="-83.57959131602082">
				<ele>565.0393332419917</ele>
				<time>2025-11-14T20:28:18Z</time>
			</trkpt>
			<trkpt lat="35.42247901283193" lon="-83.57961066224996">
				<ele>566.3606022335589</ele>
				<time>2025-11-14T20:28:20Z</time>
			</trkpt>
			<trkpt lat="35.42246094206961" lon="-83.57962409007914">
				<ele>564.4357465282083</ele>
				<time>2025-11-14T20:28:21Z</time>
			</trkpt>
			<trkpt lat="35.42242998408324" lon="-83.57965036090714">
				<ele>565.5501046394929</ele>
				<time>2025-11-14T20:28:22Z</time>
			</trkpt>
			<trkpt lat="35.4224021378421" lon="-83.57968099874283">
				<ele>566.4431947991252</ele>
				<time>2025-11-14T20:28:23Z</time>
			</trkpt>
			<trkpt lat="35.422386493893434" lon="-83.57970709557604">
				<ele>566.7975941263139</ele>
				<time>2025-11-14T20:28:24Z</time>
			</trkpt>
			<trkpt lat="35.4223672830645" lon="-83.57973067613752">
				<ele>567.2091293521225</ele>
				<time>2025-11-14T20:28:25Z</time>
			</trkpt>
			<trkpt lat="35.42235169444116" lon="-83.57974980786238">
				<ele>568.2335669426247</ele>
				<time>2025-11-14T20:28:26Z</time>
			</trkpt>
			<trkpt lat="35.42232711388574" lon="-83.57977997894592">
				<ele>567.8420755648986</ele>
				<time>2025-11-14T20:28:27Z</time>
			</trkpt>
			<trkpt lat="35.42230424193788" lon="-83.57980805279631">
				<ele>569.6409720564261</ele>
				<time>2025-11-14T20:28:29Z</time>
			</trkpt>
			<trkpt lat="35.42228987174859" lon="-83.57982663768732">
				<ele>569.0414634691551</ele>
				<time>2025-11-14T20:28:30Z</time>
			</trkpt>
			<trkpt lat="35.42227315335498" lon="-83.57984881853109">
				<ele>568.7745158756152</ele>
				<time>2025-11-14T20:28:31Z</time>
			</trkpt>
			<trkpt lat="35.42224956207885" lon="-83.5798814338351">
				<ele>569.0755410557613</ele>
				<time>2025-11-14T20:28:32Z</time>
			</trkpt>
			<trkpt lat="35.422223239239294" lon="-83.57990850908773">
				<ele>568.1571500599384</ele>
				<time>2025-11-14T20:28:33Z</time>
			</trkpt>
			<trkpt lat="35.422199526602135" lon="-83.57993410086179">
				<ele>568.7053274577484</ele>
				<time>2025-11-14T20:28:34Z</time>
			</trkpt>
			<trkpt lat="35.42217329460992" lon="-83.57996255074167">
				<ele>568.5037864344195</ele>
				<time>2025-11-14T20:28:35Z</time>
			</trkpt>
			<trkpt lat="35.42215003190082" lon="-83.57999789694775">
				<ele>566.9883051207289</ele>
				<time>2025-11-14T20:28:36Z</time>
			</trkpt>
			<trkpt lat="35.42212760293654" lon="-83.58002904065793">
				<ele>567.3072944721207</ele>
				<time>2025-11-14T20:28:37Z</time>
			</trkpt>
			<trkpt lat="35.422113555218694" lon="-83.58005873644969">
				<ele>566.7722370196134</ele>
				<time>2025-11-14T20:28:38Z</time>
			</trkpt>
			<trkpt lat="35.42209200360427" lon="-83.58009518961376">
				<ele>565.8652175897732</ele>
				<time>2025-11-14T20:28:39Z</time>
			</trkpt>
			<trkpt lat="35.42207940519664" lon="-83.58011525999524">
				<ele>565.423003594391</ele>
				<time>2025-11-14T20:28:40Z</time>
			</trkpt>
			<trkpt lat="35.422065930878894" lon="-83.58014620756656">
				<ele>565.206955733709</ele>
				<time>2025-11-14T20:28:41Z</time>
			</trkpt>
			<trkpt lat="35.42205268900923" lon="-83.58016459023085">
				<ele>564.5176499178633</ele>
				<time>2025-11-14T20:28:42Z</time>
			</trkpt>
			<trkpt lat="35.422029223458466" lon="-83.58019716562968">
				<ele>564.1693716039881</ele>
				<time>2025-11-14T20:28:43Z</time>
			</trkpt>
			<trkpt lat="35.42201710357177" lon="-83.58021399073601">
				<ele>563.0972763532773</ele>
				<time>2025-11-14T20:28:44Z</time>
			</trkpt>
			<trkpt lat="35.42199823932347" lon="-83.58024017849294">
				<ele>562.8400567211211</ele>
				<time>2025-11-14T20:28:45Z</time>
			</trkpt>
			<trkpt lat="35.42198326623411" lon="-83.5802614962914">
				<ele>562.1699506575242</ele>
				<time>2025-11-14T20:28:46Z</time>
			</trkpt>
			<trkpt lat="35.42196870418547" lon="-83.58028253477795">
				<ele>562.1076453151181</ele>
				<time>2025-11-14T20:28:47Z</time>
			</trkpt>
			<trkpt lat="35.42194109202639" lon="-83.5803224273768">
				<ele>562.0897043067962</ele>
				<time>2025-11-14T20:28:49Z</time>
			</trkpt>
			<trkpt lat="35.421929349261134" lon="-83.58033939272701">
				<ele>560.737838037312</ele>
				<time>2025-11-14T20:28:50Z</time>
			</trkpt>
			<trkpt lat="35.42191148899836" lon="-83.58036764697628">
				<ele>561.6596263777465</ele>
				<time>2025-11-14T20:28:51Z</time>
			</trkpt>
			<trkpt lat="35.42189007543721" lon="-83.58041676150862">
				<ele>560.903390978463</ele>
				<time>2025-11-14T20:28:53Z</time>
			</trkpt>
			<trkpt lat="35.4218859351732" lon="-83.58045218048336">
				<ele>562.6623878702521</ele>
				<time>2025-11-14T20:28:55Z</time>
			</trkpt>
			<trkpt lat="35.42188428673681" lon="-83.58048395331758">
				<ele>562.3945527402684</ele>
				<time>2025-11-14T20:28:56Z</time>
			</trkpt>
			<trkpt lat="35.42188291409489" lon="-83.58051636599">
				<ele>563.1796384518966</ele>
				<time>2025-11-14T20:28:58Z</time>
			</trkpt>
			<trkpt lat="35.42187991321509" lon="-83.58055467613113">
				<ele>564.2393484767526</ele>
				<time>2025-11-14T20:29:00Z</time>
			</trkpt>
			<trkpt lat="35.42187150241168" lon="-83.58059059027401">
				<ele>563.9001329112798</ele>
				<time>2025-11-14T20:29:02Z</time>
			</trkpt>
			<trkpt lat="35.42186593475998" lon="-83.5806125959828">
				<ele>564.9450043644756</ele>
				<time>2025-11-14T20:29:03Z</time>
			</trkpt>
			<trkpt lat="35.42185853346944" lon="-83.58063726696582">
				<ele>564.2334187012166</ele>
				<time>2025-11-14T20:29:04Z</time>
			</trkpt>
			<trkpt lat="35.421850528091575" lon="-83.58067007813507">
				<ele>565.458612495102</ele>
				<time>2025-11-14T20:29:05Z</time>
			</trkpt>
			<trkpt lat="35.42184589262268" lon="-83.5807127608886">
				<ele>564.7121790163219</ele>
				<time>2025-11-14T20:29:06Z</time>
			</trkpt>
			<trkpt lat="35.421846768121846" lon="-83.5807394637597">
				<ele>565.4444451695308</ele>
				<time>2025-11-14T20:29:07Z</time>
			</trkpt>
			<trkpt lat="35.421848260668426" lon="-83.5807709591402">
				<ele>565.6134003028274</ele>
				<time>2025-11-14T20:29:08Z</time>
			</trkpt>
			<trkpt lat="35.42185138421608" lon="-83.58079648606558">
				<ele>565.6850870773196</ele>
				<time>2025-11-14T20:29:09Z</time>
			</trkpt>
			<trkpt lat="35.42185420137295" lon="-83.58081950902589">
				<ele>565.4512874642387</ele>
				<time>2025-11-14T20:29:10Z</time>
			</trkpt>
			<trkpt lat="35.42185755950794" lon="-83.58084133749469">
				<ele>565.2906268406659</ele>
				<time>2025-11-14T20:29:11Z</time>
			</trkpt>
			<trkpt lat="35.421863880857636" lon="-83.58087366802947">
				<ele>564.2741551902145</ele>
				<time>2025-11-14T20:29:13Z</time>
			</trkpt>
			<trkpt lat="35.42187321502524" lon="-83.58091705111407">
				<ele>564.3136199796572</ele>
				<time>2025-11-14T20:29:15Z</time>
			</trkpt>
			<trkpt lat="35.42188136087827" lon="-83.58094922493048">
				<ele>564.8054550047964</ele>
				<time>2025-11-14T20:29:17Z</time>
			</trkpt>
			<trkpt lat="35.421892444081244" lon="-83.58098305031046">
				<ele>565.5903547033668</ele>
				<time>2025-11-14T20:29:20Z</time>
			</trkpt>
			<trkpt lat="35.42190687311375" lon="-83.58101529931733">
				<ele>565.9014494270086</ele>
				<time>2025-11-14T20:29:22Z</time>
			</trkpt>
			<trkpt lat="35.421920406114474" lon="-83.58105213741554">
				<ele>565.7596530979499</ele>
				<time>2025-11-14T20:29:24Z</time>
			</trkpt>
			<trkpt lat="35.421931396329285" lon="-83.58107090523532">
				<ele>566.2865653857589</ele>
				<time>2025-11-14T20:29:25Z</time>
			</trkpt>
			<trkpt lat="35.421946926560125" lon="-83.58110574680586">
				<ele>567.4639600943774</ele>
				<time>2025-11-14T20:29:27Z</time>
			</trkpt>
			<trkpt lat="35.421966130845156" lon="-83.58113377325313">
				<ele>566.5347495935857</ele>
				<time>2025-11-14T20:29:29Z</time>
			</trkpt>
			<trkpt lat="35.42198200610104" lon="-83.58116918885653">
				<ele>568.0573085369542</ele>
				<time>2025-11-14T20:29:31Z</time>
			</trkpt>
			<trkpt lat="35.4219895231521" lon="-83.58119292180959">
				<ele>568.4608047557995</ele>
				<time>2025-11-14T20:29:33Z</time>
			</trkpt>
			<trkpt lat="35.421998982038644" lon="-83.58122232877228">
				<ele>569.3993424708024</ele>
				<time>2025-11-14T20:29:35Z</time>
			</trkpt>
			<trkpt lat="35.422009048641875" lon="-83.58124811732844">
				<ele>570.5722984410822</ele>
				<time>2025-11-14T20:29:37Z</time>
			</trkpt>
			<trkpt lat="35.422028469440384" lon="-83.58127352012811">
				<ele>570.6490817535669</ele>
				<time>2025-11-14T20:29:39Z</time>
			</trkpt>
			<trkpt lat="35.42204692472632" lon="-83.58128752146263">
				<ele>570.8709187842906</ele>
				<time>2025-11-14T20:29:41Z</time>
			</trkpt>
			<trkpt lat="35.42207303673002" lon="-83.58131748367103">
				<ele>569.4480545111</ele>
				<time>2025-11-14T20:29:43Z</time>
			</trkpt>
			<trkpt lat="35.42209286563941" lon="-83.58135318051747">
				<ele>569.946254901588</ele>
				<time>2025-11-14T20:29:45Z</time>
			</trkpt>
			<trkpt lat="35.422106092817984" lon="-83.58136983809729">
				<ele>570.4263112843037</ele>
				<time>2025-11-14T20:29:46Z</time>
			</trkpt>
			<trkpt lat="35.42212435979536" lon="-83.58138767403798">
				<ele>569.1188664278015</ele>
				<time>2025-11-14T20:29:47Z</time>
			</trkpt>
			<trkpt lat="35.42213846983864" lon="-83.5814023074172">
				<ele>570.4244181700051</ele>
				<time>2025-11-14T20:29:48Z</time>
			</trkpt>
			<trkpt lat="35.42215580940537" lon="-83.58142755375975">
				<ele>571.1518460959196</ele>
				<time>2025-11-14T20:29:49Z</time>
			</trkpt>
			<trkpt lat="35.422189708602296" lon="-83.58147104402548">
				<ele>569.8155819466338</ele>
				<time>2025-11-14T20:29:51Z</time>
			</trkpt>
			<trkpt lat="35.42221805155283" lon="-83.58151355287902">
				<ele>571.9126070318744</ele>
				<time>2025-11-14T20:29:53Z</time>
			</trkpt>
			<trkpt lat="35.422238940497564" lon="-83.58154723874186">
				<ele>572.1929962169379</ele>
				<time>2025-11-14T20:29:55Z</time>
			</trkpt>
			<trkpt lat="35.42225628115308" lon="-83.58157645501846">
				<ele>572.9706776300445</ele>
				<time>2025-11-14T20:29:57Z</time>
			</trkpt>
			<trkpt lat="35.42227906257202" lon="-83.5816037181192">
				<ele>572.7909377049655</ele>
				<time>2025-11-14T20:29:59Z</time>
			</trkpt>
			<trkpt lat="35.42230172844085" lon="-83.58162786917704">
				<ele>572.6238003624603</ele>
				<time>2025-11-14T20:30:01Z</time>
			</trkpt>
			<trkpt lat="35.422317959698454" lon="-83.58163994810914">
				<ele>572.559166344814</ele>
				<time>2025-11-14T20:30:02Z</time>
			</trkpt>
			<trkpt lat="35.42233797094265" lon="-83.58165334698556">
				<ele>574.1578281233087</ele>
				<time>2025-11-14T20:30:04Z</time>
			</trkpt>
			<trkpt lat="35.422355899199324" lon="-83.58166893862285">
				<ele>573.3810937870294</ele>
				<time>2025-11-14T20:30:06Z</time>
			</trkpt>
			<trkpt lat="35.42238976630888" lon="-83.5816886443876">
				<ele>573.7477957122028</ele>
				<time>2025-11-14T20:30:08Z</time>
			</trkpt>
			<trkpt lat="35.42241197345513" lon="-83.58170356297249">
				<ele>574.3128990735859</ele>
				<time>2025-11-14T20:30:09Z</time>
			</trkpt>
			<trkpt lat="35.422434318427214" lon="-83.5817186888186">
				<ele>574.493350318633</ele>
				<time>2025-11-14T20:30:10Z</time>
			</trkpt>
			<trkpt lat="35.42245430615663" lon="-83.5817387128219">
				<ele>574.7777866953984</ele>
				<time>2025-11-14T20:30:11Z</time>
			</trkpt>
			<trkpt lat="35.42247546131711" lon="-83.58176103701508">
				<ele>573.2990528242663</ele>
				<time>2025-11-14T20:30:12Z</time>
			</trkpt>
			<trkpt lat="35.42249159822936" lon="-83.58177499611044">
				<ele>572.769426769577</ele>
				<time>2025-11-14T20:30:13Z</time>
			</trkpt>
			<trkpt lat="35.4225128709492" lon="-83.5817924798689">
				<ele>573.1880536740646</ele>
				<time>2025-11-14T20:30:14Z</time>
			</trkpt>
			<trkpt lat="35.42253139154921" lon="-83.58180806802912">
				<ele>575.2517722267658</ele>
				<time>2025-11-14T20:30:15Z</time>
			</trkpt>
			<trkpt lat="35.42255511000547" lon="-83.58181884074541">
				<ele>574.8880348233506</ele>
				<time>2025-11-14T20:30:16Z</time>
			</trkpt>
			<trkpt lat="35.422581162890985" lon="-83.5818307390506">
				<ele>574.1447253115475</ele>
				<time>2025-11-14T20:30:17Z</time>
			</trkpt>
			<trkpt lat="35.4226120397003" lon="-83.58185463103649">
				<ele>576.1415200363845</ele>
				<time>2025-11-14T20:30:19Z</time>
			</trkpt>
			<trkpt lat="35.42263759512393" lon="-83.58186317897656">
				<ele>576.6023911330849</ele>
				<time>2025-11-14T20:30:20Z</time>
			</trkpt>
			<trkpt lat="35.42267081551755" lon="-83.58187999116394">
				<ele>577.4326595887542</ele>
				<time>2025-11-14T20:30:22Z</time>
			</trkpt>
			<trkpt lat="35.422692178576476" lon="-83.58189094966738">
				<ele>578.4913156032562</ele>
				<time>2025-11-14T20:30:23Z</time>
			</trkpt>
			<trkpt lat="35.422721514700164" lon="-83.58190775777032">
				<ele>577.8318803496659</ele>
				<time>2025-11-14T20:30:25Z</time>
			</trkpt>
			<trkpt lat="35.42274711840803" lon="-83.58191871947092">
				<ele>577.5614535659552</ele>
				<time>2025-11-14T20:30:27Z</time>
			</trkpt>
			<trkpt lat="35.42276441381362" lon="-83.58193050691295">
				<ele>577.6863374272361</ele>
				<time>2025-11-14T20:30:28Z</time>
			</trkpt>
			<trkpt lat="35.42279199063343" lon="-83.58196421890406">
				<ele>577.6421403409913</ele>
				<time>2025-11-14T20:30:30Z</time>
			</trkpt>
			<trkpt lat="35.42280568198336" lon="-83.58200222851703">
				<ele>578.1229795468971</ele>
				<time>2025-11-14T20:30:32Z</time>
			</trkpt>
			<trkpt lat="35.422803692598805" lon="-83.5820246199084">
				<ele>577.2281995639205</ele>
				<time>2025-11-14T20:30:33Z</time>
			</trkpt>
			<trkpt lat="35.422809283317335" lon="-83.5820625862739">
				<ele>578.1394893443212</ele>
				<time>2025-11-14T20:30:35Z</time>
			</trkpt>
			<trkpt lat="35.42280425072951" lon="-83.58208412073411">
				<ele>578.0174510171637</ele>
				<time>2025-11-14T20:30:38Z</time>
			</trkpt>
			<trkpt lat="35.422827457496744" lon="-83.58209489117579">
				<ele>579.4744488932192</ele>
				<time>2025-11-14T20:30:42Z</time>
			</trkpt>
			<trkpt lat="35.42282600682607" lon="-83.58211845368815">
				<ele>578.7704547820613</ele>
				<time>2025-11-14T20:30:51Z</time>
			</trkpt>
			<trkpt lat="35.4228217301915" lon="-83.58214012911411">
				<ele>578.5517304362729</ele>
				<time>2025-11-14T20:30:54Z</time>
			</trkpt>
			<trkpt lat="35.42280202976111" lon="-83.58216380523245">
				<ele>579.6100962264463</ele>
				<time>2025-11-14T20:30:56Z</time>
			</trkpt>
			<trkpt lat="35.42278330863177" lon="-83.58217091440254">
				<ele>578.7642711717635</ele>
				<time>2025-11-14T20:30:57Z</time>
			</trkpt>
			<trkpt lat="35.42275596619994" lon="-83.5821813956303">
				<ele>577.4528780160472</ele>
				<time>2025-11-14T20:30:59Z</time>
			</trkpt>
			<trkpt lat="35.42272404479934" lon="-83.58218930235701">
				<ele>577.9162618638948</ele>
				<time>2025-11-14T20:31:01Z</time>
			</trkpt>
			<trkpt lat="35.42269077258631" lon="-83.58220069981617">
				<ele>577.8615603325889</ele>
				<time>2025-11-14T20:31:03Z</time>
			</trkpt>
			<trkpt lat="35.422665023442846" lon="-83.58221597582379">
				<ele>577.9603847358376</ele>
				<time>2025-11-14T20:31:05Z</time>
			</trkpt>
			<trkpt lat="35.42264207042182" lon="-83.58222793457782">
				<ele>577.6719723138958</ele>
				<time>2025-11-14T20:31:07Z</time>
			</trkpt>
			<trkpt lat="35.42262199143287" lon="-83.58224881045155">
				<ele>577.7523602033034</ele>
				<time>2025-11-14T20:31:09Z</time>
			</trkpt>
			<trkpt lat="35.42261122006498" lon="-83.58226830897321">
				<ele>577.1569788483903</ele>
				<time>2025-11-14T20:31:10Z</time>
			</trkpt>
			<trkpt lat="35.42258322479283" lon="-83.58227476854769">
				<ele>577.937812407501</ele>
				<time>2025-11-14T20:31:13Z</time>
			</trkpt>
			<trkpt lat="35.42255499249842" lon="-83.58227935917661">
				<ele>576.6721449512988</ele>
				<time>2025-11-14T20:31:15Z</time>
			</trkpt>
			<trkpt lat="35.42253564310624" lon="-83.58227730910204">
				<ele>575.0513377729803</ele>
				<time>2025-11-14T20:31:18Z</time>
			</trkpt>
			<trkpt lat="35.42251691105423" lon="-83.5822753527636">
				<ele>573.5702569298446</ele>
				<time>2025-11-14T20:31:20Z</time>
			</trkpt>
			<trkpt lat="35.422489511845086" lon="-83.58226811352723">
				<ele>573.0907004643232</ele>
				<time>2025-11-14T20:31:23Z</time>
			</trkpt>
			<trkpt lat="35.42246866566403" lon="-83.5822610771013">
				<ele>574.9027925990522</ele>
				<time>2025-11-14T20:31:24Z</time>
			</trkpt>
			<trkpt lat="35.42244063880223" lon="-83.58224856877914">
				<ele>574.8000608831644</ele>
				<time>2025-11-14T20:31:26Z</time>
			</trkpt>
			<trkpt lat="35.42241885136906" lon="-83.58223468227125">
				<ele>575.0901007940993</ele>
				<time>2025-11-14T20:31:27Z</time>
			</trkpt>
			<trkpt lat="35.42239973164638" lon="-83.58222155196087">
				<ele>574.9823985015973</ele>
				<time>2025-11-14T20:31:28Z</time>
			</trkpt>
			<trkpt lat="35.422375745929244" lon="-83.58220263511774">
				<ele>574.9227489978075</ele>
				<time>2025-11-14T20:31:29Z</time>
			</trkpt>
			<trkpt lat="35.42233590647795" lon="-83.58217924700598">
				<ele>576.0889726746827</ele>
				<time>2025-11-14T20:31:30Z</time>
			</trkpt>
			<trkpt lat="35.42229501618466" lon="-83.58216766105537">
				<ele>576.296234860085</ele>
				<time>2025-11-14T20:31:31Z</time>
			</trkpt>
			<trkpt lat="35.42225954568162" lon="-83.58216178584033">
				<ele>576.6221685521305</ele>
				<time>2025-11-14T20:31:32Z</time>
			</trkpt>
			<trkpt lat="35.42221285640456" lon="-83.58215247941416">
				<ele>576.4155058814213</ele>
				<time>2025-11-14T20:31:33Z</time>
			</trkpt>
			<trkpt lat="35.422175295546516" lon="-83.58214116299816">
				<ele>577.1061192341149</ele>
				<time>2025-11-14T20:31:34Z</time>
			</trkpt>
			<trkpt lat="35.422152371393615" lon="-83.58212959328581">
				<ele>578.1811518613249</ele>
				<time>2025-11-14T20:31:35Z</time>
			</trkpt>
			<trkpt lat="35.42213067227248" lon="-83.58211873612959">
				<ele>578.3129604151472</ele>
				<time>2025-11-14T20:31:36Z</time>
			</trkpt>
			<trkpt lat="35.42210052090104" lon="-83.5820982010074">
				<ele>578.8470624992624</ele>
				<time>2025-11-14T20:31:37Z</time>
			</trkpt>
			<trkpt lat="35.422069084250005" lon="-83.58207679052545">
				<ele>579.1196293300018</ele>
				<time>2025-11-14T20:31:38Z</time>
			</trkpt>
			<trkpt lat="35.42204119824648" lon="-83.58205802806734">
				<ele>579.5557025326416</ele>
				<time>2025-11-14T20:31:39Z</time>
			</trkpt>
			<trkpt lat="35.4219978725853" lon="-83.58202997346079">
				<ele>580.820788025856</ele>
				<time>2025-11-14T20:31:40Z</time>
			</trkpt>
			<trkpt lat="35.42195422203042" lon="-83.58200902288343">
				<ele>580.1451442493126</ele>
				<time>2025-11-14T20:31:41Z</time>
			</trkpt>
			<trkpt lat="35.421923206314496" lon="-83.58199672303134">
				<ele>581.038256265223</ele>
				<time>2025-11-14T20:31:42Z</time>
			</trkpt>
			<trkpt lat="35.421895871371916" lon="-83.58198588285762">
				<ele>581.309334021993</ele>
				<time>2025-11-14T20:31:43Z</time>
			</trkpt>
			<trkpt lat="35.421863309910826" lon="-83.58197317272443">
				<ele>580.7885067872703</ele>
				<time>2025-11-14T20:31:44Z</time>
			</trkpt>
			<trkpt lat="35.42182717643899" lon="-83.58196030233691">
				<ele>579.4003305742517</ele>
				<time>2025-11-14T20:31:45Z</time>
			</trkpt>
			<trkpt lat="35.42179781544423" lon="-83.58194223972956">
				<ele>580.5422734431922</ele>
				<time>2025-11-14T20:31:46Z</time>
			</trkpt>
			<trkpt lat="35.42177101777612" lon="-83.58192297482744">
				<ele>579.6477904142812</ele>
				<time>2025-11-14T20:31:47Z</time>
			</trkpt>
			<trkpt lat="35.421743469226264" lon="-83.58190600400242">
				<ele>579.8933900604025</ele>
				<time>2025-11-14T20:31:48Z</time>
			</trkpt>
			<trkpt lat="35.421717677299156" lon="-83.58188522614964">
				<ele>580.0050225947052</ele>
				<time>2025-11-14T20:31:49Z</time>
			</trkpt>
			<trkpt lat="35.42169043956315" lon="-83.58186803814351">
				<ele>580.3283023545519</ele>
				<time>2025-11-14T20:31:50Z</time>
			</trkpt>
			<trkpt lat="35.42167018789862" lon="-83.58184612097405">
				<ele>580.0626105079427</ele>
				<time>2025-11-14T20:31:51Z</time>
			</trkpt>
			<trkpt lat="35.42164871505105" lon="-83.58182788642613">
				<ele>580.0692001376301</ele>
				<time>2025-11-14T20:31:52Z</time>
			</trkpt>
			<trkpt lat="35.421631933625655" lon="-83.58180897093445">
				<ele>580.5216348990798</ele>
				<time>2025-11-14T20:31:53Z</time>
			</trkpt>
			<trkpt lat="35.42161207089887" lon="-83.58178899457627">
				<ele>579.3834326649085</ele>
				<time>2025-11-14T20:31:54Z</time>
			</trkpt>
			<trkpt lat="35.42159808417625" lon="-83.58176712162505">
				<ele>579.3977571921423</ele>
				<time>2025-11-14T20:31:55Z</time>
			</trkpt>
			<trkpt lat="35.4215784710131" lon="-83.58174602154214">
				<ele>579.0892256191</ele>
				<time>2025-11-14T20:31:56Z</time>
			</trkpt>
			<trkpt lat="35.421563386636166" lon="-83.58172915026908">
				<ele>579.2329609282315</ele>
				<time>2025-11-14T20:31:57Z</time>
			</trkpt>
			<trkpt lat="35.42154674839667" lon="-83.58171337539203">
				<ele>579.5776701783761</ele>
				<time>2025-11-14T20:31:58Z</time>
			</trkpt>
			<trkpt lat="35.42152861742642" lon="-83.58169712550615">
				<ele>578.8908569812775</ele>
				<time>2025-11-14T20:31:59Z</time>
			</trkpt>
			<trkpt lat="35.42151430139285" lon="-83.58167721025035">
				<ele>580.0102691007778</ele>
				<time>2025-11-14T20:32:00Z</time>
			</trkpt>
			<trkpt lat="35.421497607550876" lon="-83.58165179484216">
				<ele>579.098674537614</ele>
				<time>2025-11-14T20:32:01Z</time>
			</trkpt>
			<trkpt lat="35.42147721934882" lon="-83.58162787507864">
				<ele>578.8783461684361</ele>
				<time>2025-11-14T20:32:02Z</time>
			</trkpt>
			<trkpt lat="35.42145161862679" lon="-83.58160652598697">
				<ele>578.7679293230176</ele>
				<time>2025-11-14T20:32:03Z</time>
			</trkpt>
			<trkpt lat="35.42142665928289" lon="-83.58158410170115">
				<ele>578.7859409442171</ele>
				<time>2025-11-14T20:32:04Z</time>
			</trkpt>
			<trkpt lat="35.42139843575218" lon="-83.58155861100626">
				<ele>578.7362269610167</ele>
				<time>2025-11-14T20:32:05Z</time>
			</trkpt>
			<trkpt lat="35.42137542658403" lon="-83.58153463932668">
				<ele>580.3601766461506</ele>
				<time>2025-11-14T20:32:06Z</time>
			</trkpt>
			<trkpt lat="35.42135408050404" lon="-83.58151240027084">
				<ele>579.5874261893332</ele>
				<time>2025-11-14T20:32:07Z</time>
			</trkpt>
			<trkpt lat="35.42132829013995" lon="-83.58150039382194">
				<ele>579.5896420637146</ele>
				<time>2025-11-14T20:32:08Z</time>
			</trkpt>
			<trkpt lat="35.42130207173177" lon="-83.58148851546646">
				<ele>579.5306908730417</ele>
				<time>2025-11-14T20:32:09Z</time>
			</trkpt>
			<trkpt lat="35.421269207128034" lon="-83.58148861974445">
				<ele>577.355301852338</ele>
				<time>2025-11-14T20:32:10Z</time>
			</trkpt>
			<trkpt lat="35.421245072133274" lon="-83.58149176708949">
				<ele>576.8043617848307</ele>
				<time>2025-11-14T20:32:11Z</time>
			</trkpt>
			<trkpt lat="35.42121572328147" lon="-83.58149475128525">
				<ele>576.1814003679901</ele>
				<time>2025-11-14T20:32:12Z</time>
			</trkpt>
			<trkpt lat="35.421179761854695" lon="-83.5814694566466">
				<ele>574.9112246194854</ele>
				<time>2025-11-14T20:32:14Z</time>
			</trkpt>
			<trkpt lat="35.421156302033474" lon="-83.58146452868748">
				<ele>574.9046248467639</ele>
				<time>2025-11-14T20:32:15Z</time>
			</trkpt>
			<trkpt lat="35.42112014153585" lon="-83.58145874832736">
				<ele>573.693256390281</ele>
				<time>2025-11-14T20:32:16Z</time>
			</trkpt>
			<trkpt lat="35.42106186815062" lon="-83.58149613175192">
				<ele>573.6559368493035</ele>
				<time>2025-11-14T20:32:17Z</time>
			</trkpt>
			<trkpt lat="35.42103584574686" lon="-83.58153719398604">
				<ele>574.598848156631</ele>
				<time>2025-11-14T20:32:18Z</time>
			</trkpt>
			<trkpt lat="35.421008537304715" lon="-83.58155922644914">
				<ele>574.7274429593235</ele>
				<time>2025-11-14T20:32:19Z</time>
			</trkpt>
			<trkpt lat="35.42098277905198" lon="-83.58158811598274">
				<ele>574.84120622091</ele>
				<time>2025-11-14T20:32:20Z</time>
			</trkpt>
			<trkpt lat="35.42096201939543" lon="-83.58161964834564">
				<ele>575.343933288008</ele>
				<time>2025-11-14T20:32:21Z</time>
			</trkpt>
			<trkpt lat="35.420943737468434" lon="-83.58165512307468">
				<ele>574.78439875599</ele>
				<time>2025-11-14T20:32:22Z</time>
			</trkpt>
			<trkpt lat="35.42092350319404" lon="-83.58169287898767">
				<ele>575.3926211819053</ele>
				<time>2025-11-14T20:32:23Z</time>
			</trkpt>
			<trkpt lat="35.420892379222586" lon="-83.58172802351025">
				<ele>575.6976742735133</ele>
				<time>2025-11-14T20:32:24Z</time>
			</trkpt>
			<trkpt lat="35.420863789343514" lon="-83.58176178574024">
				<ele>575.9230951704085</ele>
				<time>2025-11-14T20:32:25Z</time>
			</trkpt>
			<trkpt lat="35.420832388273986" lon="-83.58179369453143">
				<ele>577.2805173117667</ele>
				<time>2025-11-14T20:32:26Z</time>
			</trkpt>
			<trkpt lat="35.420799687872055" lon="-83.58183878890378">
				<ele>577.6997340656817</ele>
				<time>2025-11-14T20:32:27Z</time>
			</trkpt>
			<trkpt lat="35.42077142371933" lon="-83.58187532138147">
				<ele>577.560773008503</ele>
				<time>2025-11-14T20:32:28Z</time>
			</trkpt>
			<trkpt lat="35.42074812990389" lon="-83.58190574757425">
				<ele>578.5930581977591</ele>
				<time>2025-11-14T20:32:29Z</time>
			</trkpt>
			<trkpt lat="35.42072357937097" lon="-83.58194068450291">
				<ele>578.5672306343913</ele>
				<time>2025-11-14T20:32:30Z</time>
			</trkpt>
			<trkpt lat="35.42068751631825" lon="-83.58198768752453">
				<ele>578.6058387458324</ele>
				<time>2025-11-14T20:32:31Z</time>
			</trkpt>
			<trkpt lat="35.420655344100204" lon="-83.5820159286547">
				<ele>578.6675875131041</ele>
				<time>2025-11-14T20:32:32Z</time>
			</trkpt>
			<trkpt lat="35.42062498282555" lon="-83.58204903117726">
				<ele>578.6893111150712</ele>
				<time>2025-11-14T20:32:33Z</time>
			</trkpt>
			<trkpt lat="35.420603916876814" lon="-83.58207754943675">
				<ele>578.5256659658626</ele>
				<time>2025-11-14T20:32:34Z</time>
			</trkpt>
			<trkpt lat="35.42058431567671" lon="-83.58211706183232">
				<ele>577.8185635674745</ele>
				<time>2025-11-14T20:32:35Z</time>
			</trkpt>
			<trkpt lat="35.42056321773017" lon="-83.58215300319547">
				<ele>577.2411595880985</ele>
				<time>2025-11-14T20:32:36Z</time>
			</trkpt>
			<trkpt lat="35.42054409705218" lon="-83.58219707705781">
				<ele>576.5038088886067</ele>
				<time>2025-11-14T20:32:37Z</time>
			</trkpt>
			<trkpt lat="35.42053043022406" lon="-83.58224311950563">
				<ele>574.8946170080453</ele>
				<time>2025-11-14T20:32:38Z</time>
			</trkpt>
			<trkpt lat="35.4205079924279" lon="-83.58229239383519">
				<ele>575.0853382032365</ele>
				<time>2025-11-14T20:32:39Z</time>
			</trkpt>
			<trkpt lat="35.42049174984792" lon="-83.58233370192234">
				<ele>574.7547963419929</ele>
				<time>2025-11-14T20:32:40Z</time>
			</trkpt>
			<trkpt lat="35.4204721119789" lon="-83.58237825021067">
				<ele>575.0097178276628</ele>
				<time>2025-11-14T20:32:41Z</time>
			</trkpt>
			<trkpt lat="35.420457676792545" lon="-83.58242754782087">
				<ele>575.888447958976</ele>
				<time>2025-11-14T20:32:42Z</time>
			</trkpt>
			<trkpt lat="35.42044486373393" lon="-83.58246718392638">
				<ele>576.9464348591864</ele>
				<time>2025-11-14T20:32:43Z</time>
			</trkpt>
			<trkpt lat="35.42043784110873" lon="-83.5825084693381">
				<ele>577.928455170244</ele>
				<time>2025-11-14T20:32:44Z</time>
			</trkpt>
			<trkpt lat="35.42043453930735" lon="-83.58254591014105">
				<ele>577.4868121528998</ele>
				<time>2025-11-14T20:32:45Z</time>
			</trkpt>
			<trkpt lat="35.42042950396488" lon="-83.58258372610919">
				<ele>577.0052477754653</ele>
				<time>2025-11-14T20:32:46Z</time>
			</trkpt>
			<trkpt lat="35.4204195538022" lon="-83.58261929628279">
				<ele>576.8671059533954</ele>
				<time>2025-11-14T20:32:47Z</time>
			</trkpt>
			<trkpt lat="35.42039487264922" lon="-83.58267772017065">
				<ele>576.6113739656284</ele>
				<time>2025-11-14T20:32:48Z</time>
			</trkpt>
			<trkpt lat="35.42036726939857" lon="-83.58272421344077">
				<ele>574.3787514558062</ele>
				<time>2025-11-14T20:32:49Z</time>
			</trkpt>
			<trkpt lat="35.420353390425554" lon="-83.58277366295368">
				<ele>575.3184866746888</ele>
				<time>2025-11-14T20:32:50Z</time>
			</trkpt>
			<trkpt lat="35.420340721506406" lon="-83.58283887889611">
				<ele>573.5477042393759</ele>
				<time>2025-11-14T20:32:51Z</time>
			</trkpt>
			<trkpt lat="35.42032895835465" lon="-83.58290706813561">
				<ele>572.9316989593208</ele>
				<time>2025-11-14T20:32:52Z</time>
			</trkpt>
			<trkpt lat="35.42032292785221" lon="-83.58298084538687">
				<ele>573.4539415286854</ele>
				<time>2025-11-14T20:32:53Z</time>
			</trkpt>
			<trkpt lat="35.42032053129848" lon="-83.58305605866413">
				<ele>572.8783202860504</ele>
				<time>2025-11-14T20:32:54Z</time>
			</trkpt>
			<trkpt lat="35.42030806208158" lon="-83.58312161186497">
				<ele>572.6763966232538</ele>
				<time>2025-11-14T20:32:55Z</time>
			</trkpt>
			<trkpt lat="35.42029555573714" lon="-83.58317388648037">
				<ele>571.4775226637721</ele>
				<time>2025-11-14T20:32:56Z</time>
			</trkpt>
			<trkpt lat="35.42028851873728" lon="-83.58320330004517">
				<ele>571.5945993224159</ele>
				<time>2025-11-14T20:32:57Z</time>
			</trkpt>
			<trkpt lat="35.420277422852955" lon="-83.58324974931152">
				<ele>569.878943245858</ele>
				<time>2025-11-14T20:32:58Z</time>
			</trkpt>
			<trkpt lat="35.42026616635978" lon="-83.58330009429042">
				<ele>569.5967614455149</ele>
				<time>2025-11-14T20:32:59Z</time>
			</trkpt>
			<trkpt lat="35.42025796404944" lon="-83.58333677935724">
				<ele>569.2921736473218</ele>
				<time>2025-11-14T20:33:00Z</time>
			</trkpt>
			<trkpt lat="35.4202517803042" lon="-83.58336443635102">
				<ele>568.5223147124052</ele>
				<time>2025-11-14T20:33:01Z</time>
			</trkpt>
			<trkpt lat="35.42024336755791" lon="-83.58339963855268">
				<ele>570.2323607457802</ele>
				<time>2025-11-14T20:33:02Z</time>
			</trkpt>
			<trkpt lat="35.42023348232384" lon="-83.58344041514884">
				<ele>570.139658308588</ele>
				<time>2025-11-14T20:33:03Z</time>
			</trkpt>
			<trkpt lat="35.42022789248134" lon="-83.58351464484886">
				<ele>569.4980788063258</ele>
				<time>2025-11-14T20:33:04Z</time>
			</trkpt>
			<trkpt lat="35.42023448328751" lon="-83.58356485647609">
				<ele>569.9498292403296</ele>
				<time>2025-11-14T20:33:05Z</time>
			</trkpt>
			<trkpt lat="35.420239293749034" lon="-83.58358930413887">
				<ele>569.1557340119034</ele>
				<time>2025-11-14T20:33:06Z</time>
			</trkpt>
			<trkpt lat="35.42024401461622" lon="-83.58361329651325">
				<ele>569.7404697518796</ele>
				<time>2025-11-14T20:33:07Z</time>
			</trkpt>
			<trkpt lat="35.42024925884502" lon="-83.58363994873088">
				<ele>570.9969535572454</ele>
				<time>2025-11-14T20:33:08Z</time>
			</trkpt>
			<trkpt lat="35.42025573401628" lon="-83.58366773992697">
				<ele>569.9823747444898</ele>
				<time>2025-11-14T20:33:09Z</time>
			</trkpt>
			<trkpt lat="35.42026150039238" lon="-83.58369138737379">
				<ele>570.486161025241</ele>
				<time>2025-11-14T20:33:10Z</time>
			</trkpt>
			<trkpt lat="35.42027215810957" lon="-83.58373509379113">
				<ele>570.327398058027</ele>
				<time>2025-11-14T20:33:11Z</time>
			</trkpt>
			<trkpt lat="35.420279576230385" lon="-83.58376551489513">
				<ele>570.6153864571825</ele>
				<time>2025-11-14T20:33:12Z</time>
			</trkpt>
			<trkpt lat="35.42028601836408" lon="-83.58379596594979">
				<ele>569.7979385014623</ele>
				<time>2025-11-14T20:33:13Z</time>
			</trkpt>
			<trkpt lat="35.420291195916164" lon="-83.58382502328406">
				<ele>570.9356622155756</ele>
				<time>2025-11-14T20:33:14Z</time>
			</trkpt>
			<trkpt lat="35.42029584834897" lon="-83.58385113348928">
				<ele>570.3713482832536</ele>
				<time>2025-11-14T20:33:15Z</time>
			</trkpt>
			<trkpt lat="35.4203004039894" lon="-83.58387670053862">
				<ele>571.1286652972922</ele>
				<time>2025-11-14T20:33:16Z</time>
			</trkpt>
			<trkpt lat="35.42030492006873" lon="-83.58390204555711">
				<ele>571.5704802889377</ele>
				<time>2025-11-14T20:33:17Z</time>
			</trkpt>
			<trkpt lat="35.42031097443061" lon="-83.58393842828443">
				<ele>570.6573825599626</ele>
				<time>2025-11-14T20:33:18Z</time>
			</trkpt>
			<trkpt lat="35.42031372405936" lon="-83.58396523722593">
				<ele>571.6908872649074</ele>
				<time>2025-11-14T20:33:19Z</time>
			</trkpt>
			<trkpt lat="35.42031912480484" lon="-83.584018575663">
				<ele>572.8921242430806</ele>
				<time>2025-11-14T20:33:21Z</time>
			</trkpt>
			<trkpt lat="35.42032378434009" lon="-83.58406968948579">
				<ele>574.6996354190633</ele>
				<time>2025-11-14T20:33:23Z</time>
			</trkpt>
			<trkpt lat="35.42032783254965" lon="-83.58412548084203">
				<ele>575.9355023056269</ele>
				<time>2025-11-14T20:33:25Z</time>
			</trkpt>
			<trkpt lat="35.42033142528662" lon="-83.5841884267437">
				<ele>573.4690507650375</ele>
				<time>2025-11-14T20:33:27Z</time>
			</trkpt>
			<trkpt lat="35.42033287034378" lon="-83.58421374510375">
				<ele>576.5363708268851</ele>
				<time>2025-11-14T20:33:28Z</time>
			</trkpt>
			<trkpt lat="35.42033456220231" lon="-83.58424338715368">
				<ele>576.5603389060125</ele>
				<time>2025-11-14T20:33:29Z</time>
			</trkpt>
			<trkpt lat="35.42033180445093" lon="-83.58428827453591">
				<ele>576.987190191634</ele>
				<time>2025-11-14T20:33:30Z</time>
			</trkpt>
			<trkpt lat="35.420328361381536" lon="-83.58435737755356">
				<ele>579.2055932208896</ele>
				<time>2025-11-14T20:33:32Z</time>
			</trkpt>
			<trkpt lat="35.420326863287485" lon="-83.58441138474369">
				<ele>581.1399010298774</ele>
				<time>2025-11-14T20:33:34Z</time>
			</trkpt>
			<trkpt lat="35.4203314354168" lon="-83.58443656453652">
				<ele>581.5202240217477</ele>
				<time>2025-11-14T20:33:35Z</time>
			</trkpt>
			<trkpt lat="35.42033661420541" lon="-83.58449326589947">
				<ele>580.9003521166742</ele>
				<time>2025-11-14T20:33:36Z</time>
			</trkpt>
			<trkpt lat="35.42033530855336" lon="-83.58451727568857">
				<ele>581.8688190784305</ele>
				<time>2025-11-14T20:33:37Z</time>
			</trkpt>
			<trkpt lat="35.42033848527647" lon="-83.58458263312632">
				<ele>582.9278123909608</ele>
				<time>2025-11-14T20:33:38Z</time>
			</trkpt>
			<trkpt lat="35.420335137075675" lon="-83.5846098268143">
				<ele>583.4159294860438</ele>
				<time>2025-11-14T20:33:39Z</time>
			</trkpt>
			<trkpt lat="35.4203298623519" lon="-83.58465813487372">
				<ele>582.5070782676339</ele>
				<time>2025-11-14T20:33:40Z</time>
			</trkpt>
			<trkpt lat="35.42032952146502" lon="-83.58469771432914">
				<ele>583.6021948996931</ele>
				<time>2025-11-14T20:33:41Z</time>
			</trkpt>
			<trkpt lat="35.42032970228052" lon="-83.58473748589873">
				<ele>582.3182158898562</ele>
				<time>2025-11-14T20:33:42Z</time>
			</trkpt>
			<trkpt lat="35.4203363392521" lon="-83.58478686328608">
				<ele>582.605046171695</ele>
				<time>2025-11-14T20:33:43Z</time>
			</trkpt>
			<trkpt lat="35.42034567303335" lon="-83.58482368245531">
				<ele>581.7265998097137</ele>
				<time>2025-11-14T20:33:44Z</time>
			</trkpt>
			<trkpt lat="35.42034767672007" lon="-83.58489087625921">
				<ele>582.3884401898831</ele>
				<time>2025-11-14T20:33:45Z</time>
			</trkpt>
			<trkpt lat="35.42034776040419" lon="-83.58491913567069">
				<ele>581.0490153646097</ele>
				<time>2025-11-14T20:33:46Z</time>
			</trkpt>
			<trkpt lat="35.42034787646202" lon="-83.58495833511829">
				<ele>582.5888773519546</ele>
				<time>2025-11-14T20:33:47Z</time>
			</trkpt>
			<trkpt lat="35.4203480121048" lon="-83.58500414371302">
				<ele>581.8065115706995</ele>
				<time>2025-11-14T20:33:48Z</time>
			</trkpt>
			<trkpt lat="35.42034782848307" lon="-83.5850395132226">
				<ele>580.1503945589066</ele>
				<time>2025-11-14T20:33:49Z</time>
			</trkpt>
			<trkpt lat="35.42034726554674" lon="-83.58508690240451">
				<ele>579.8424474997446</ele>
				<time>2025-11-14T20:33:50Z</time>
			</trkpt>
			<trkpt lat="35.42034719668978" lon="-83.58510973745078">
				<ele>580.7265857374296</ele>
				<time>2025-11-14T20:33:51Z</time>
			</trkpt>
			<trkpt lat="35.42034479324855" lon="-83.58515388960073">
				<ele>580.7999650258571</ele>
				<time>2025-11-14T20:33:52Z</time>
			</trkpt>
			<trkpt lat="35.42033528162446" lon="-83.58521084630031">
				<ele>581.6885511251166</ele>
				<time>2025-11-14T20:33:54Z</time>
			</trkpt>
			<trkpt lat="35.42032862598232" lon="-83.5852436103445">
				<ele>581.4300880879164</ele>
				<time>2025-11-14T20:33:55Z</time>
			</trkpt>
			<trkpt lat="35.420323676967044" lon="-83.5852795310927">
				<ele>581.2758884485811</ele>
				<time>2025-11-14T20:33:56Z</time>
			</trkpt>
			<trkpt lat="35.42031333397461" lon="-83.5853147248797">
				<ele>580.4614545917138</ele>
				<time>2025-11-14T20:33:57Z</time>
			</trkpt>
			<trkpt lat="35.420302200354534" lon="-83.58534109108906">
				<ele>580.7712191641331</ele>
				<time>2025-11-14T20:33:58Z</time>
			</trkpt>
			<trkpt lat="35.42028251379498" lon="-83.58537891640296">
				<ele>580.2296796673909</ele>
				<time>2025-11-14T20:33:59Z</time>
			</trkpt>
			<trkpt lat="35.42027374773654" lon="-83.5853996819873">
				<ele>580.5116554424167</ele>
				<time>2025-11-14T20:34:00Z</time>
			</trkpt>
			<trkpt lat="35.42024594367206" lon="-83.58543293667492">
				<ele>579.0698152361438</ele>
				<time>2025-11-14T20:34:01Z</time>
			</trkpt>
			<trkpt lat="35.42021114904318" lon="-83.58547746655302">
				<ele>578.9441902693361</ele>
				<time>2025-11-14T20:34:03Z</time>
			</trkpt>
			<trkpt lat="35.420203466062105" lon="-83.58549811944023">
				<ele>578.8769128946587</ele>
				<time>2025-11-14T20:34:04Z</time>
			</trkpt>
			<trkpt lat="35.42019216828747" lon="-83.58552676191974">
				<ele>578.4676856258884</ele>
				<time>2025-11-14T20:34:05Z</time>
			</trkpt>
			<trkpt lat="35.42018155536298" lon="-83.58555182418739">
				<ele>577.7015611929819</ele>
				<time>2025-11-14T20:34:06Z</time>
			</trkpt>
			<trkpt lat="35.420168816281155" lon="-83.58557066900453">
				<ele>577.5033068992198</ele>
				<time>2025-11-14T20:34:07Z</time>
			</trkpt>
			<trkpt lat="35.42015873055794" lon="-83.58559447555481">
				<ele>576.4107384337112</ele>
				<time>2025-11-14T20:34:08Z</time>
			</trkpt>
			<trkpt lat="35.42014672920908" lon="-83.58561597772494">
				<ele>577.6331216124818</ele>
				<time>2025-11-14T20:34:09Z</time>
			</trkpt>
			<trkpt lat="35.42013592494112" lon="-83.58563446333687">
				<ele>577.2198190782219</ele>
				<time>2025-11-14T20:34:10Z</time>
			</trkpt>
			<trkpt lat="35.42012402187815" lon="-83.58566072085497">
				<ele>577.6210651397705</ele>
				<time>2025-11-14T20:34:11Z</time>
			</trkpt>
			<trkpt lat="35.42011809998242" lon="-83.58568182191202">
				<ele>577.6931079570204</ele>
				<time>2025-11-14T20:34:12Z</time>
			</trkpt>
			<trkpt lat="35.42011151560242" lon="-83.58571144840829">
				<ele>577.4591138130054</ele>
				<time>2025-11-14T20:34:13Z</time>
			</trkpt>
			<trkpt lat="35.42008953490676" lon="-83.58575351758527">
				<ele>577.3814124623314</ele>
				<time>2025-11-14T20:34:15Z</time>
			</trkpt>
			<trkpt lat="35.420057851303866" lon="-83.58579229324513">
				<ele>578.9231616267934</ele>
				<time>2025-11-14T20:34:17Z</time>
			</trkpt>
			<trkpt lat="35.420035258673565" lon="-83.58582366856074">
				<ele>579.6257727956399</ele>
				<time>2025-11-14T20:34:19Z</time>
			</trkpt>
			<trkpt lat="35.42001556957969" lon="-83.58586093480011">
				<ele>579.6771661266685</ele>
				<time>2025-11-14T20:34:21Z</time>
			</trkpt>
			<trkpt lat="35.42000437192484" lon="-83.58588282339313">
				<ele>580.0603123288602</ele>
				<time>2025-11-14T20:34:22Z</time>
			</trkpt>
			<trkpt lat="35.41998151237991" lon="-83.58592894156678">
				<ele>579.0330823315307</ele>
				<time>2025-11-14T20:34:24Z</time>
			</trkpt>
			<trkpt lat="35.41996071108346" lon="-83.5859594495792">
				<ele>580.2169318720698</ele>
				<time>2025-11-14T20:34:26Z</time>
			</trkpt>
			<trkpt lat="35.41994978283819" lon="-83.58597876708023">
				<ele>579.2279311046004</ele>
				<time>2025-11-14T20:34:27Z</time>
			</trkpt>
			<trkpt lat="35.41993660730725" lon="-83.58600287007333">
				<ele>580.0971793141216</ele>
				<time>2025-11-14T20:34:28Z</time>
			</trkpt>
			<trkpt lat="35.419906830463596" lon="-83.58603739696815">
				<ele>580.3615292795002</ele>
				<time>2025-11-14T20:34:30Z</time>
			</trkpt>
			<trkpt lat="35.41986529937374" lon="-83.58607820792933">
				<ele>580.0944850509986</ele>
				<time>2025-11-14T20:34:32Z</time>
			</trkpt>
			<trkpt lat="35.41983437714242" lon="-83.58610694216578">
				<ele>581.404133502394</ele>
				<time>2025-11-14T20:34:34Z</time>
			</trkpt>
			<trkpt lat="35.419806209158544" lon="-83.58614399374603">
				<ele>582.3394766431302</ele>
				<time>2025-11-14T20:34:36Z</time>
			</trkpt>
			<trkpt lat="35.419797573512305" lon="-83.58616477309559">
				<ele>580.6977162472904</ele>
				<time>2025-11-14T20:34:37Z</time>
			</trkpt>
			<trkpt lat="35.419776627785694" lon="-83.58619508241274">
				<ele>580.9417061218992</ele>
				<time>2025-11-14T20:34:38Z</time>
			</trkpt>
			<trkpt lat="35.41973625866391" lon="-83.58622805003131">
				<ele>581.1578992195427</ele>
				<time>2025-11-14T20:34:40Z</time>
			</trkpt>
			<trkpt lat="35.419710839753165" lon="-83.58625237742443">
				<ele>580.4011681312695</ele>
				<time>2025-11-14T20:34:42Z</time>
			</trkpt>
			<trkpt lat="35.41969385704795" lon="-83.58626998682436">
				<ele>579.3748391978443</ele>
				<time>2025-11-14T20:34:43Z</time>
			</trkpt>
			<trkpt lat="35.419678368164774" lon="-83.5862822855974">
				<ele>578.2798275779933</ele>
				<time>2025-11-14T20:34:44Z</time>
			</trkpt>
			<trkpt lat="35.41965814312612" lon="-83.58629160281131">
				<ele>579.7662372980267</ele>
				<time>2025-11-14T20:34:45Z</time>
			</trkpt>
			<trkpt lat="35.41963531936272" lon="-83.58630064141482">
				<ele>578.9738321360201</ele>
				<time>2025-11-14T20:34:46Z</time>
			</trkpt>
			<trkpt lat="35.419613238482405" lon="-83.58630506837551">
				<ele>578.4039446534589</ele>
				<time>2025-11-14T20:34:47Z</time>
			</trkpt>
			<trkpt lat="35.419595425491266" lon="-83.58631207331183">
				<ele>576.9364856528118</ele>
				<time>2025-11-14T20:34:48Z</time>
			</trkpt>
			<trkpt lat="35.41956489620237" lon="-83.58632008594503">
				<ele>577.1214933497831</ele>
				<time>2025-11-14T20:34:50Z</time>
			</trkpt>
			<trkpt lat="35.41954546663265" lon="-83.58632415594444">
				<ele>577.3135842103511</ele>
				<time>2025-11-14T20:34:51Z</time>
			</trkpt>
			<trkpt lat="35.41951845690428" lon="-83.58633160114118">
				<ele>576.969378859736</ele>
				<time>2025-11-14T20:34:53Z</time>
			</trkpt>
			<trkpt lat="35.41949934332535" lon="-83.58633257934073">
				<ele>577.7265899209306</ele>
				<time>2025-11-14T20:34:55Z</time>
			</trkpt>
			<trkpt lat="35.41947673764422" lon="-83.58632320062753">
				<ele>579.3053272468969</ele>
				<time>2025-11-14T20:34:59Z</time>
			</trkpt>
			<trkpt lat="35.41944574408249" lon="-83.58630183529041">
				<ele>579.6599269239232</ele>
				<time>2025-11-14T20:35:01Z</time>
			</trkpt>
			<trkpt lat="35.41942025606188" lon="-83.58628658977545">
				<ele>580.7008499884978</ele>
				<time>2025-11-14T20:35:02Z</time>
			</trkpt>
			<trkpt lat="35.419392021654566" lon="-83.58627098523847">
				<ele>579.655516074039</ele>
				<time>2025-11-14T20:35:03Z</time>
			</trkpt>
			<trkpt lat="35.41937314403968" lon="-83.58625131462323">
				<ele>579.914515693672</ele>
				<time>2025-11-14T20:35:04Z</time>
			</trkpt>
			<trkpt lat="35.419355195364986" lon="-83.58623673490933">
				<ele>581.0981565266848</ele>
				<time>2025-11-14T20:35:05Z</time>
			</trkpt>
			<trkpt lat="35.41933809223343" lon="-83.58620278179">
				<ele>581.5331638595089</ele>
				<time>2025-11-14T20:35:07Z</time>
			</trkpt>
			<trkpt lat="35.41933847715248" lon="-83.58617449349616">
				<ele>582.3904297035187</ele>
				<time>2025-11-14T20:35:09Z</time>
			</trkpt>
			<trkpt lat="35.41935234842291" lon="-83.58614762408864">
				<ele>584.3140151752159</ele>
				<time>2025-11-14T20:35:11Z</time>
			</trkpt>
			<trkpt lat="35.419379364163234" lon="-83.58611545900345">
				<ele>584.4337906651199</ele>
				<time>2025-11-14T20:35:13Z</time>
			</trkpt>
			<trkpt lat="35.41938804467123" lon="-83.58609515304165">
				<ele>584.2587338574231</ele>
				<time>2025-11-14T20:35:14Z</time>
			</trkpt>
			<trkpt lat="35.41939279955197" lon="-83.58605909198162">
				<ele>585.6510981293395</ele>
				<time>2025-11-14T20:35:16Z</time>
			</trkpt>
			<trkpt lat="35.41940947663596" lon="-83.58603992627938">
				<ele>586.5020987680182</ele>
				<time>2025-11-14T20:35:17Z</time>
			</trkpt>
			<trkpt lat="35.41944308974108" lon="-83.58603396051616">
				<ele>587.0941425003111</ele>
				<time>2025-11-14T20:35:18Z</time>
			</trkpt>
			<trkpt lat="35.41945956585299" lon="-83.58602087892827">
				<ele>587.2466599512845</ele>
				<time>2025-11-14T20:35:19Z</time>
			</trkpt>
			<trkpt lat="35.419479113142884" lon="-83.58600730143323">
				<ele>586.3886729497463</ele>
				<time>2025-11-14T20:35:20Z</time>
			</trkpt>
			<trkpt lat="35.41949883492493" lon="-83.5859936027248">
				<ele>587.5034641530365</ele>
				<time>2025-11-14T20:35:21Z</time>
			</trkpt>
			<trkpt lat="35.41954157096222" lon="-83.58596496563449">
				<ele>587.8098509227857</ele>
				<time>2025-11-14T20:35:23Z</time>
			</trkpt>
			<trkpt lat="35.419558490121275" lon="-83.58595576515245">
				<ele>587.5310414312407</ele>
				<time>2025-11-14T20:35:24Z</time>
			</trkpt>
			<trkpt lat="35.419578033101104" lon="-83.58592990197972">
				<ele>587.8167271465063</ele>
				<time>2025-11-14T20:35:25Z</time>
			</trkpt>
			<trkpt lat="35.41959447339768" lon="-83.58591196828345">
				<ele>586.9340246748179</ele>
				<time>2025-11-14T20:35:26Z</time>
			</trkpt>
			<trkpt lat="35.419630795801744" lon="-83.58587003585001">
				<ele>587.3461434235796</ele>
				<time>2025-11-14T20:35:27Z</time>
			</trkpt>
			<trkpt lat="35.41964179511175" lon="-83.5858504561969">
				<ele>585.898496536538</ele>
				<time>2025-11-14T20:35:28Z</time>
			</trkpt>
			<trkpt lat="35.419662297683324" lon="-83.58581676243112">
				<ele>587.4438535943627</ele>
				<time>2025-11-14T20:35:29Z</time>
			</trkpt>
			<trkpt lat="35.41968063148571" lon="-83.5857811972482">
				<ele>586.4461977733299</ele>
				<time>2025-11-14T20:35:30Z</time>
			</trkpt>
			<trkpt lat="35.41970151612738" lon="-83.58575387805479">
				<ele>587.9440306723118</ele>
				<time>2025-11-14T20:35:31Z</time>
			</trkpt>
			<trkpt lat="35.41972205742085" lon="-83.5856963345107">
				<ele>589.0056024407968</ele>
				<time>2025-11-14T20:35:32Z</time>
			</trkpt>
			<trkpt lat="35.419727327701594" lon="-83.58567118250039">
				<ele>588.6095718890429</ele>
				<time>2025-11-14T20:35:33Z</time>
			</trkpt>
			<trkpt lat="35.41974005989256" lon="-83.5856347856699">
				<ele>589.5845455322415</ele>
				<time>2025-11-14T20:35:34Z</time>
			</trkpt>
			<trkpt lat="35.41975383324417" lon="-83.58561261714088">
				<ele>590.133310848847</ele>
				<time>2025-11-14T20:35:35Z</time>
			</trkpt>
			<trkpt lat="35.41976658657418" lon="-83.58559209033798">
				<ele>589.0269566094503</ele>
				<time>2025-11-14T20:35:36Z</time>
			</trkpt>
			<trkpt lat="35.419790112550324" lon="-83.58554918355031">
				<ele>590.7605629479513</ele>
				<time>2025-11-14T20:35:37Z</time>
			</trkpt>
			<trkpt lat="35.419799696932635" lon="-83.5855298581738">
				<ele>590.3172125462443</ele>
				<time>2025-11-14T20:35:38Z</time>
			</trkpt>
			<trkpt lat="35.41981547237799" lon="-83.5854838619616">
				<ele>591.023538524285</ele>
				<time>2025-11-14T20:35:39Z</time>
			</trkpt>
			<trkpt lat="35.419827045455015" lon="-83.58543151731519">
				<ele>588.9652204066515</ele>
				<time>2025-11-14T20:35:40Z</time>
			</trkpt>
			<trkpt lat="35.419832758576646" lon="-83.58540114022401">
				<ele>588.6833580126986</ele>
				<time>2025-11-14T20:35:41Z</time>
			</trkpt>
			<trkpt lat="35.41984031918503" lon="-83.58535966591101">
				<ele>588.8229743195698</ele>
				<time>2025-11-14T20:35:42Z</time>
			</trkpt>
			<trkpt lat="35.41984731291208" lon="-83.58532043415545">
				<ele>588.4806257840246</ele>
				<time>2025-11-14T20:35:43Z</time>
			</trkpt>
			<trkpt lat="35.41985367274677" lon="-83.5852847582472">
				<ele>587.9957988541573</ele>
				<time>2025-11-14T20:35:44Z</time>
			</trkpt>
			<trkpt lat="35.4198550524674" lon="-83.58522239852488">
				<ele>587.6456749653444</ele>
				<time>2025-11-14T20:35:45Z</time>
			</trkpt>
			<trkpt lat="35.419849636902214" lon="-83.58519558384205">
				<ele>586.7593945059925</ele>
				<time>2025-11-14T20:35:46Z</time>
			</trkpt>
			<trkpt lat="35.41984328461193" lon="-83.5851358873304">
				<ele>587.3235809085891</ele>
				<time>2025-11-14T20:35:47Z</time>
			</trkpt>
			<trkpt lat="35.419833415514674" lon="-83.5851161173373">
				<ele>587.3895285055041</ele>
				<time>2025-11-14T20:35:48Z</time>
			</trkpt>
			<trkpt lat="35.41982327071966" lon="-83.58504757237166">
				<ele>588.3235877240077</ele>
				<time>2025-11-14T20:35:49Z</time>
			</trkpt>
			<trkpt lat="35.419839502083455" lon="-83.58502389044256">
				<ele>587.3968012612313</ele>
				<time>2025-11-14T20:35:50Z</time>
			</trkpt>
			<trkpt lat="35.41982733161591" lon="-83.5849624614552">
				<ele>587.230371940881</ele>
				<time>2025-11-14T20:35:51Z</time>
			</trkpt>
			<trkpt lat="35.419812707847136" lon="-83.58494659434622">
				<ele>587.6061931969598</ele>
				<time>2025-11-14T20:35:52Z</time>
			</trkpt>
			<trkpt lat="35.419788733586664" lon="-83.58488692470861">
				<ele>587.2332654166967</ele>
				<time>2025-11-14T20:35:53Z</time>
			</trkpt>
			<trkpt lat="35.41977151951423" lon="-83.58486380042122">
				<ele>587.5321350013837</ele>
				<time>2025-11-14T20:35:54Z</time>
			</trkpt>
			<trkpt lat="35.419750318473206" lon="-83.58481406381523">
				<ele>587.8678677333519</ele>
				<time>2025-11-14T20:35:55Z</time>
			</trkpt>
			<trkpt lat="35.41973740792719" lon="-83.5847927911046">
				<ele>587.1774483677</ele>
				<time>2025-11-14T20:35:56Z</time>
			</trkpt>
			<trkpt lat="35.41973610691422" lon="-83.58474765466843">
				<ele>588.5716865332797</ele>
				<time>2025-11-14T20:35:57Z</time>
			</trkpt>
			<trkpt lat="35.419733455822474" lon="-83.58470314723017">
				<ele>587.6968348044902</ele>
				<time>2025-11-14T20:35:58Z</time>
			</trkpt>
			<trkpt lat="35.41973930518433" lon="-83.5846523443731">
				<ele>587.549823875539</ele>
				<time>2025-11-14T20:35:59Z</time>
			</trkpt>
			<trkpt lat="35.419739121048686" lon="-83.58459884399025">
				<ele>587.2451087320223</ele>
				<time>2025-11-14T20:36:00Z</time>
			</trkpt>
			<trkpt lat="35.41973921514443" lon="-83.58454734647638">
				<ele>587.5404588347301</ele>
				<time>2025-11-14T20:36:01Z</time>
			</trkpt>
			<trkpt lat="35.419735931610475" lon="-83.58449777814029">
				<ele>588.5437632258981</ele>
				<time>2025-11-14T20:36:02Z</time>
			</trkpt>
			<trkpt lat="35.41972907207011" lon="-83.5844484865451">
				<ele>588.0239782249555</ele>
				<time>2025-11-14T20:36:03Z</time>
			</trkpt>
			<trkpt lat="35.419728888822206" lon="-83.58441590874877">
				<ele>587.839579064399</ele>
				<time>2025-11-14T20:36:04Z</time>
			</trkpt>
			<trkpt lat="35.41972932111738" lon="-83.58435368088614">
				<ele>588.1515195472166</ele>
				<time>2025-11-14T20:36:05Z</time>
			</trkpt>
			<trkpt lat="35.419725356676814" lon="-83.5843237335001">
				<ele>588.7055427497253</ele>
				<time>2025-11-14T20:36:06Z</time>
			</trkpt>
			<trkpt lat="35.41971565960094" lon="-83.58426502633957">
				<ele>590.0036393571645</ele>
				<time>2025-11-14T20:36:07Z</time>
			</trkpt>
			<trkpt lat="35.41970597426393" lon="-83.58423493956087">
				<ele>588.341286400333</ele>
				<time>2025-11-14T20:36:08Z</time>
			</trkpt>
			<trkpt lat="35.41968947023484" lon="-83.58417182331131">
				<ele>587.7113868659362</ele>
				<time>2025-11-14T20:36:09Z</time>
			</trkpt>
			<trkpt lat="35.41969464306582" lon="-83.58413421446105">
				<ele>588.3940060175955</ele>
				<time>2025-11-14T20:36:10Z</time>
			</trkpt>
			<trkpt lat="35.419697156049054" lon="-83.58406907114694">
				<ele>589.9152790280059</ele>
				<time>2025-11-14T20:36:11Z</time>
			</trkpt>
			<trkpt lat="35.41970076325048" lon="-83.58403772255836">
				<ele>590.4131570113823</ele>
				<time>2025-11-14T20:36:12Z</time>
			</trkpt>
			<trkpt lat="35.41969761914286" lon="-83.58398656198803">
				<ele>591.0430750250816</ele>
				<time>2025-11-14T20:36:13Z</time>
			</trkpt>
			<trkpt lat="35.41970207286845" lon="-83.58394934601459">
				<ele>590.6927384668961</ele>
				<time>2025-11-14T20:36:14Z</time>
			</trkpt>
			<trkpt lat="35.419702897231744" lon="-83.583905875723">
				<ele>591.9205057192594</ele>
				<time>2025-11-14T20:36:15Z</time>
			</trkpt>
			<trkpt lat="35.41969775654251" lon="-83.58386790047933">
				<ele>591.9854086609557</ele>
				<time>2025-11-14T20:36:16Z</time>
			</trkpt>
			<trkpt lat="35.41968751038885" lon="-83.58381739840425">
				<ele>591.6963808638975</ele>
				<time>2025-11-14T20:36:17Z</time>
			</trkpt>
			<trkpt lat="35.41967838854947" lon="-83.58378118299385">
				<ele>590.3740445431322</ele>
				<time>2025-11-14T20:36:18Z</time>
			</trkpt>
			<trkpt lat="35.419667168671545" lon="-83.58374196587867">
				<ele>590.9910336220637</ele>
				<time>2025-11-14T20:36:19Z</time>
			</trkpt>
			<trkpt lat="35.41965626107196" lon="-83.58370807161452">
				<ele>589.8123601591215</ele>
				<time>2025-11-14T20:36:20Z</time>
			</trkpt>
			<trkpt lat="35.419648138773134" lon="-83.5836738179157">
				<ele>590.7065351251513</ele>
				<time>2025-11-14T20:36:21Z</time>
			</trkpt>
			<trkpt lat="35.41964156649868" lon="-83.58363943201911">
				<ele>590.5291053215042</ele>
				<time>2025-11-14T20:36:22Z</time>
			</trkpt>
			<trkpt lat="35.419631597904235" lon="-83.58360576205337">
				<ele>590.87434078753</ele>
				<time>2025-11-14T20:36:23Z</time>
			</trkpt>
			<trkpt lat="35.419619997574465" lon="-83.58358045772675">
				<ele>589.9937240574509</ele>
				<time>2025-11-14T20:36:24Z</time>
			</trkpt>
			<trkpt lat="35.41960526681306" lon="-83.58354920930448">
				<ele>589.0585302719846</ele>
				<time>2025-11-14T20:36:25Z</time>
			</trkpt>
			<trkpt lat="35.419590786152554" lon="-83.58352701836824">
				<ele>589.3137417007238</ele>
				<time>2025-11-14T20:36:26Z</time>
			</trkpt>
			<trkpt lat="35.41957293408558" lon="-83.5835045347387">
				<ele>587.2442842805758</ele>
				<time>2025-11-14T20:36:27Z</time>
			</trkpt>
			<trkpt lat="35.419558070738844" lon="-83.58347497604133">
				<ele>587.1693130964413</ele>
				<time>2025-11-14T20:36:28Z</time>
			</trkpt>
			<trkpt lat="35.419538862459305" lon="-83.58343963281663">
				<ele>586.5246894210577</ele>
				<time>2025-11-14T20:36:29Z</time>
			</trkpt>
			<trkpt lat="35.41952742221573" lon="-83.58341858278746">
				<ele>585.2106940327212</ele>
				<time>2025-11-14T20:36:30Z</time>
			</trkpt>
			<trkpt lat="35.4194873814075" lon="-83.58337075896112">
				<ele>584.4165205778554</ele>
				<time>2025-11-14T20:36:31Z</time>
			</trkpt>
			<trkpt lat="35.41946351837339" lon="-83.58335520837831">
				<ele>583.5977327302098</ele>
				<time>2025-11-14T20:36:32Z</time>
			</trkpt>
			<trkpt lat="35.419404456507905" lon="-83.5833322238207">
				<ele>583.308188344352</ele>
				<time>2025-11-14T20:36:33Z</time>
			</trkpt>
			<trkpt lat="35.41936000943749" lon="-83.5833205763566">
				<ele>582.8293483480811</ele>
				<time>2025-11-14T20:36:35Z</time>
			</trkpt>
			<trkpt lat="35.41933972152061" lon="-83.58331560438474">
				<ele>583.3155337870121</ele>
				<time>2025-11-14T20:36:36Z</time>
			</trkpt>
			<trkpt lat="35.419300785074455" lon="-83.58337229705265">
				<ele>583.7562428191304</ele>
				<time>2025-11-14T20:36:37Z</time>
			</trkpt>
			<trkpt lat="35.41924403586056" lon="-83.58334203297706">
				<ele>584.6785303568467</ele>
				<time>2025-11-14T20:36:38Z</time>
			</trkpt>
			<trkpt lat="35.41918935379391" lon="-83.58330183095308">
				<ele>584.7877615652978</ele>
				<time>2025-11-14T20:36:39Z</time>
			</trkpt>
			<trkpt lat="35.41916686389191" lon="-83.58328245468383">
				<ele>585.0872658351436</ele>
				<time>2025-11-14T20:36:40Z</time>
			</trkpt>
			<trkpt lat="35.41912747109396" lon="-83.58326511554513">
				<ele>583.2859178194776</ele>
				<time>2025-11-14T20:36:41Z</time>
			</trkpt>
			<trkpt lat="35.419101701290685" lon="-83.58324445533064">
				<ele>583.6367237726226</ele>
				<time>2025-11-14T20:36:42Z</time>
			</trkpt>
			<trkpt lat="35.41908842643515" lon="-83.58322484846974">
				<ele>583.8926638625562</ele>
				<time>2025-11-14T20:36:43Z</time>
			</trkpt>
			<trkpt lat="35.41909617075516" lon="-83.58318407343883">
				<ele>580.8817895567045</ele>
				<time>2025-11-14T20:36:45Z</time>
			</trkpt>
			<trkpt lat="35.419111439716836" lon="-83.58316653018294">
				<ele>580.9435162581503</ele>
				<time>2025-11-14T20:36:46Z</time>
			</trkpt>
			<trkpt lat="35.41911369952842" lon="-83.58314088565564">
				<ele>580.0443015191704</ele>
				<time>2025-11-14T20:36:47Z</time>
			</trkpt>
			<trkpt lat="35.41911963398417" lon="-83.58311625493053">
				<ele>581.8610222181305</ele>
				<time>2025-11-14T20:36:48Z</time>
			</trkpt>
			<trkpt lat="35.41912517061195" lon="-83.58309106209815">
				<ele>581.6190532585606</ele>
				<time>2025-11-14T20:36:49Z</time>
			</trkpt>
			<trkpt lat="35.41913199424626" lon="-83.58306420022627">
				<ele>581.176954430528</ele>
				<time>2025-11-14T20:36:50Z</time>
			</trkpt>
			<trkpt lat="35.41913348294861" lon="-83.58303564975694">
				<ele>581.5715884733945</ele>
				<time>2025-11-14T20:36:51Z</time>
			</trkpt>
			<trkpt lat="35.41913119578072" lon="-83.58301177668709">
				<ele>581.9053436378017</ele>
				<time>2025-11-14T20:36:52Z</time>
			</trkpt>
			<trkpt lat="35.41912435138546" lon="-83.58298808432099">
				<ele>580.7002532128245</ele>
				<time>2025-11-14T20:36:53Z</time>
			</trkpt>
			<trkpt lat="35.419120514277175" lon="-83.58296163719052">
				<ele>581.8731764080003</ele>
				<time>2025-11-14T20:36:54Z</time>
			</trkpt>
			<trkpt lat="35.41910555681915" lon="-83.5829281838085">
				<ele>581.1395774688572</ele>
				<time>2025-11-14T20:36:55Z</time>
			</trkpt>
			<trkpt lat="35.41909727627203" lon="-83.58289952263868">
				<ele>581.5642928201705</ele>
				<time>2025-11-14T20:36:56Z</time>
			</trkpt>
			<trkpt lat="35.419088636879756" lon="-83.58286838175269">
				<ele>582.4593895133585</ele>
				<time>2025-11-14T20:36:57Z</time>
			</trkpt>
			<trkpt lat="35.41907297965041" lon="-83.58283419677826">
				<ele>583.0698627643287</ele>
				<time>2025-11-14T20:36:58Z</time>
			</trkpt>
			<trkpt lat="35.41906296640165" lon="-83.58280771723635">
				<ele>583.9633117355406</ele>
				<time>2025-11-14T20:36:59Z</time>
			</trkpt>
			<trkpt lat="35.419056240367944" lon="-83.58277441995465">
				<ele>585.5549859153107</ele>
				<time>2025-11-14T20:37:01Z</time>
			</trkpt>
			<trkpt lat="35.419048611897765" lon="-83.58275248715806">
				<ele>585.9068673346192</ele>
				<time>2025-11-14T20:37:02Z</time>
			</trkpt>
			<trkpt lat="35.41904524292492" lon="-83.5827249564621">
				<ele>583.9325322248042</ele>
				<time>2025-11-14T20:37:04Z</time>
			</trkpt>
			<trkpt lat="35.41907678643198" lon="-83.58270771369169">
				<ele>585.0861654588953</ele>
				<time>2025-11-14T20:37:06Z</time>
			</trkpt>
			<trkpt lat="35.419096101285795" lon="-83.58270127768793">
				<ele>583.9457068871707</ele>
				<time>2025-11-14T20:37:07Z</time>
			</trkpt>
			<trkpt lat="35.41912474139302" lon="-83.58270289901078">
				<ele>584.1817239848897</ele>
				<time>2025-11-14T20:37:08Z</time>
			</trkpt>
			<trkpt lat="35.41914232579105" lon="-83.58265421614577">
				<ele>584.9544460130855</ele>
				<time>2025-11-14T20:37:11Z</time>
			</trkpt>
			<trkpt lat="35.41922944926857" lon="-83.58264824358355">
				<ele>585.1355749638751</ele>
				<time>2025-11-14T20:37:12Z</time>
			</trkpt>
			<trkpt lat="35.41926587302876" lon="-83.58269384072095">
				<ele>585.3001414816827</ele>
				<time>2025-11-14T20:37:13Z</time>
			</trkpt>
			<trkpt lat="35.41929518564678" lon="-83.58269947647307">
				<ele>585.569293175824</ele>
				<time>2025-11-14T20:37:14Z</time>
			</trkpt>
			<trkpt lat="35.41933789832492" lon="-83.5826973765725">
				<ele>586.4436163352802</ele>
				<time>2025-11-14T20:37:15Z</time>
			</trkpt>
			<trkpt lat="35.419364307582256" lon="-83.5826929707965">
				<ele>586.6547226635739</ele>
				<time>2025-11-14T20:37:16Z</time>
			</trkpt>
			<trkpt lat="35.41939382096211" lon="-83.58268052915494">
				<ele>585.2508305758238</ele>
				<time>2025-11-14T20:37:17Z</time>
			</trkpt>
			<trkpt lat="35.41942302588566" lon="-83.58267847797893">
				<ele>587.0378897301853</ele>
				<time>2025-11-14T20:37:18Z</time>
			</trkpt>
			<trkpt lat="35.4194515726381" lon="-83.58267509901091">
				<ele>586.5922041395679</ele>
				<time>2025-11-14T20:37:19Z</time>
			</trkpt>
			<trkpt lat="35.419485599480495" lon="-83.58266409536228">
				<ele>585.0887008663267</ele>
				<time>2025-11-14T20:37:20Z</time>
			</trkpt>
			<trkpt lat="35.41951807331779" lon="-83.58265843998981">
				<ele>585.8077908130363</ele>
				<time>2025-11-14T20:37:21Z</time>
			</trkpt>
			<trkpt lat="35.41955400068094" lon="-83.58264717143429">
				<ele>584.5457362476736</ele>
				<time>2025-11-14T20:37:22Z</time>
			</trkpt>
			<trkpt lat="35.419580006599666" lon="-83.58264313637093">
				<ele>584.5876221153885</ele>
				<time>2025-11-14T20:37:23Z</time>
			</trkpt>
			<trkpt lat="35.419606370124356" lon="-83.58264515871494">
				<ele>584.4554723901674</ele>
				<time>2025-11-14T20:37:24Z</time>
			</trkpt>
			<trkpt lat="35.41963583279422" lon="-83.58264188390878">
				<ele>583.4805869171396</ele>
				<time>2025-11-14T20:37:25Z</time>
			</trkpt>
			<trkpt lat="35.419661384173075" lon="-83.58263132091462">
				<ele>582.3178097372875</ele>
				<time>2025-11-14T20:37:26Z</time>
			</trkpt>
			<trkpt lat="35.41968635946885" lon="-83.58261462843366">
				<ele>581.3718066429719</ele>
				<time>2025-11-14T20:37:27Z</time>
			</trkpt>
			<trkpt lat="35.41970541107876" lon="-83.5825884879424">
				<ele>580.2539373114705</ele>
				<time>2025-11-14T20:37:28Z</time>
			</trkpt>
			<trkpt lat="35.41972689539799" lon="-83.5825575748885">
				<ele>579.0728621603921</ele>
				<time>2025-11-14T20:37:29Z</time>
			</trkpt>
			<trkpt lat="35.41974425559823" lon="-83.58254779210466">
				<ele>576.658969101496</ele>
				<time>2025-11-14T20:37:31Z</time>
			</trkpt>
			<trkpt lat="35.41975346136306" lon="-83.58252840861891">
				<ele>575.9424029318616</ele>
				<time>2025-11-14T20:37:34Z</time>
			</trkpt>
			<trkpt lat="35.41977038349936" lon="-83.58249814878681">
				<ele>572.3418254787102</ele>
				<time>2025-11-14T20:37:46Z</time>
			</trkpt>
			<trkpt lat="35.41977638885765" lon="-83.58251905945271">
				<ele>572.9840299142525</ele>
				<time>2025-11-14T20:37:55Z</time>
			</trkpt>
			<trkpt lat="35.41979442150378" lon="-83.58252155678238">
				<ele>572.8544269343838</ele>
				<time>2025-11-14T20:38:09Z</time>
			</trkpt>
			<trkpt lat="35.419812937622844" lon="-83.58251430289941">
				<ele>575.0165635114536</ele>
				<time>2025-11-14T20:38:29Z</time>
			</trkpt>
			<trkpt lat="35.4198258760225" lon="-83.58249317946454">
				<ele>574.3352264557034</ele>
				<time>2025-11-14T20:38:39Z</time>
			</trkpt>
			<trkpt lat="35.419824227996486" lon="-83.58246859832462">
				<ele>577.0869135800749</ele>
				<time>2025-11-14T20:38:50Z</time>
			</trkpt>
			<trkpt lat="35.41982524138731" lon="-83.58243355799311">
				<ele>577.4443322885782</ele>
				<time>2025-11-14T20:38:52Z</time>
			</trkpt>
			<trkpt lat="35.41982483931736" lon="-83.58240717218746">
				<ele>577.2945397356525</ele>
				<time>2025-11-14T20:38:55Z</time>
			</trkpt>
			<trkpt lat="35.41979441615157" lon="-83.58237961844917">
				<ele>572.8798180324957</ele>
				<time>2025-11-14T20:39:08Z</time>
			</trkpt>
			<trkpt lat="35.41978322987445" lon="-83.58235500692565">
				<ele>572.4899566881359</ele>
				<time>2025-11-14T20:39:11Z</time>
			</trkpt>
			<trkpt lat="35.41979218515425" lon="-83.5823108368077">
				<ele>574.0278543019667</ele>
				<time>2025-11-14T20:39:13Z</time>
			</trkpt>
			<trkpt lat="35.41979881457411" lon="-83.58226542561799">
				<ele>573.9057312235236</ele>
				<time>2025-11-14T20:39:15Z</time>
			</trkpt>
			<trkpt lat="35.41979821622338" lon="-83.58223709710383">
				<ele>574.9938418222591</ele>
				<time>2025-11-14T20:39:16Z</time>
			</trkpt>
			<trkpt lat="35.41979839228708" lon="-83.58221360468775">
				<ele>575.963145964779</ele>
				<time>2025-11-14T20:39:17Z</time>
			</trkpt>
			<trkpt lat="35.419791592690274" lon="-83.58216755915946">
				<ele>575.958995308727</ele>
				<time>2025-11-14T20:39:19Z</time>
			</trkpt>
			<trkpt lat="35.41978915434275" lon="-83.58214291254978">
				<ele>576.3438427736983</ele>
				<time>2025-11-14T20:39:20Z</time>
			</trkpt>
			<trkpt lat="35.41978454925259" lon="-83.58212003127765">
				<ele>577.562997713685</ele>
				<time>2025-11-14T20:39:21Z</time>
			</trkpt>
			<trkpt lat="35.41977744073537" lon="-83.58209810947541">
				<ele>576.4648651154712</ele>
				<time>2025-11-14T20:39:22Z</time>
			</trkpt>
			<trkpt lat="35.41977193200737" lon="-83.58207520058066">
				<ele>577.7625195393339</ele>
				<time>2025-11-14T20:39:23Z</time>
			</trkpt>
			<trkpt lat="35.4197653251311" lon="-83.58202591901461">
				<ele>578.177436827682</ele>
				<time>2025-11-14T20:39:25Z</time>
			</trkpt>
			<trkpt lat="35.41976267784643" lon="-83.58199641502094">
				<ele>578.6806124700233</ele>
				<time>2025-11-14T20:39:26Z</time>
			</trkpt>
			<trkpt lat="35.419754324707895" lon="-83.5819557581904">
				<ele>577.8959091650322</ele>
				<time>2025-11-14T20:39:27Z</time>
			</trkpt>
			<trkpt lat="35.419756856318344" lon="-83.58192923677409">
				<ele>578.5591234723106</ele>
				<time>2025-11-14T20:39:28Z</time>
			</trkpt>
			<trkpt lat="35.419744648904704" lon="-83.58189178198373">
				<ele>580.1171716079116</ele>
				<time>2025-11-14T20:39:30Z</time>
			</trkpt>
			<trkpt lat="35.41973064363054" lon="-83.58184484855832">
				<ele>581.0869872709736</ele>
				<time>2025-11-14T20:39:32Z</time>
			</trkpt>
			<trkpt lat="35.419729001734545" lon="-83.58180149141614">
				<ele>582.8375706383958</ele>
				<time>2025-11-14T20:39:34Z</time>
			</trkpt>
			<trkpt lat="35.41971816337675" lon="-83.58177205783282">
				<ele>583.3998860912398</ele>
				<time>2025-11-14T20:39:35Z</time>
			</trkpt>
			<trkpt lat="35.41971131867671" lon="-83.58174128253765">
				<ele>583.2105603115633</ele>
				<time>2025-11-14T20:39:36Z</time>
			</trkpt>
			<trkpt lat="35.419704208498544" lon="-83.58171242142765">
				<ele>584.1854607332498</ele>
				<time>2025-11-14T20:39:37Z</time>
			</trkpt>
			<trkpt lat="35.419690021346014" lon="-83.58169119013226">
				<ele>583.664289670065</ele>
				<time>2025-11-14T20:39:38Z</time>
			</trkpt>
			<trkpt lat="35.41967714795084" lon="-83.58166811682197">
				<ele>584.2429381180555</ele>
				<time>2025-11-14T20:39:39Z</time>
			</trkpt>
			<trkpt lat="35.419661408317914" lon="-83.58163441590587">
				<ele>584.3783338088542</ele>
				<time>2025-11-14T20:39:41Z</time>
			</trkpt>
			<trkpt lat="35.419642610606715" lon="-83.58159847301158">
				<ele>583.9374573631212</ele>
				<time>2025-11-14T20:39:43Z</time>
			</trkpt>
			<trkpt lat="35.41963487903621" lon="-83.58157633658179">
				<ele>583.9459772258997</ele>
				<time>2025-11-14T20:39:44Z</time>
			</trkpt>
			<trkpt lat="35.41962681694526" lon="-83.58154930322651">
				<ele>584.6102577857673</ele>
				<time>2025-11-14T20:39:45Z</time>
			</trkpt>
			<trkpt lat="35.41961736946855" lon="-83.58150253376164">
				<ele>586.0542813790962</ele>
				<time>2025-11-14T20:39:47Z</time>
			</trkpt>
			<trkpt lat="35.419612800031985" lon="-83.5814775152749">
				<ele>586.97633760795</ele>
				<time>2025-11-14T20:39:48Z</time>
			</trkpt>
			<trkpt lat="35.41960498083807" lon="-83.58143855644661">
				<ele>586.5215304521844</ele>
				<time>2025-11-14T20:39:50Z</time>
			</trkpt>
			<trkpt lat="35.419589257354964" lon="-83.58139475606292">
				<ele>588.4878231026232</ele>
				<time>2025-11-14T20:39:52Z</time>
			</trkpt>
			<trkpt lat="35.41957153933534" lon="-83.58136070626726">
				<ele>588.3215057644993</ele>
				<time>2025-11-14T20:39:54Z</time>
			</trkpt>
			<trkpt lat="35.419557214973445" lon="-83.58133972966762">
				<ele>589.3429139181972</ele>
				<time>2025-11-14T20:39:55Z</time>
			</trkpt>
			<trkpt lat="35.419543006016774" lon="-83.58130462759902">
				<ele>590.2876456333324</ele>
				<time>2025-11-14T20:39:57Z</time>
			</trkpt>
			<trkpt lat="35.419526226043025" lon="-83.58128807432176">
				<ele>590.1298019764945</ele>
				<time>2025-11-14T20:39:58Z</time>
			</trkpt>
			<trkpt lat="35.41950830320709" lon="-83.58127596745325">
				<ele>590.6568870944902</ele>
				<time>2025-11-14T20:39:59Z</time>
			</trkpt>
			<trkpt lat="35.419490012215576" lon="-83.58126135705209">
				<ele>590.5604935456067</ele>
				<time>2025-11-14T20:40:00Z</time>
			</trkpt>
			<trkpt lat="35.419471508203834" lon="-83.58124690531596">
				<ele>591.3635686300695</ele>
				<time>2025-11-14T20:40:01Z</time>
			</trkpt>
			<trkpt lat="35.419456217211575" lon="-83.58123047531326">
				<ele>591.9625986935571</ele>
				<time>2025-11-14T20:40:02Z</time>
			</trkpt>
			<trkpt lat="35.41943699801793" lon="-83.58120999568304">
				<ele>592.4644984798506</ele>
				<time>2025-11-14T20:40:03Z</time>
			</trkpt>
			<trkpt lat="35.419418273859485" lon="-83.5811930294907">
				<ele>591.7294117817655</ele>
				<time>2025-11-14T20:40:04Z</time>
			</trkpt>
			<trkpt lat="35.419401949422564" lon="-83.58116568678372">
				<ele>591.521242919378</ele>
				<time>2025-11-14T20:40:05Z</time>
			</trkpt>
			<trkpt lat="35.4193844816666" lon="-83.58114582898145">
				<ele>590.4303013337776</ele>
				<time>2025-11-14T20:40:06Z</time>
			</trkpt>
			<trkpt lat="35.419367710172764" lon="-83.58112733951145">
				<ele>590.5816222373396</ele>
				<time>2025-11-14T20:40:07Z</time>
			</trkpt>
			<trkpt lat="35.41934552758341" lon="-83.58110661554907">
				<ele>590.8637237213552</ele>
				<time>2025-11-14T20:40:08Z</time>
			</trkpt>
			<trkpt lat="35.419320821066364" lon="-83.58108691795273">
				<ele>590.6279229698703</ele>
				<time>2025-11-14T20:40:09Z</time>
			</trkpt>
			<trkpt lat="35.419301386209085" lon="-83.58107174223466">
				<ele>590.6475668447092</ele>
				<time>2025-11-14T20:40:10Z</time>
			</trkpt>
			<trkpt lat="35.41927431584382" lon="-83.58105757978241">
				<ele>590.1692778067663</ele>
				<time>2025-11-14T20:40:11Z</time>
			</trkpt>
			<trkpt lat="35.41924246620834" lon="-83.58103596129787">
				<ele>590.4712282307446</ele>
				<time>2025-11-14T20:40:13Z</time>
			</trkpt>
			<trkpt lat="35.4192246903611" lon="-83.58102545497404">
				<ele>590.4366470547393</ele>
				<time>2025-11-14T20:40:14Z</time>
			</trkpt>
			<trkpt lat="35.41920325968725" lon="-83.58100513350237">
				<ele>592.0122987609357</ele>
				<time>2025-11-14T20:40:16Z</time>
			</trkpt>
			<trkpt lat="35.419187956964755" lon="-83.58099131435131">
				<ele>591.9522121120244</ele>
				<time>2025-11-14T20:40:17Z</time>
			</trkpt>
			<trkpt lat="35.419164228942144" lon="-83.58097945033516">
				<ele>591.8081202870235</ele>
				<time>2025-11-14T20:40:18Z</time>
			</trkpt>
			<trkpt lat="35.41912863886166" lon="-83.58096163341806">
				<ele>593.340534446761</ele>
				<time>2025-11-14T20:40:20Z</time>
			</trkpt>
			<trkpt lat="35.41910794465596" lon="-83.58095124330202">
				<ele>592.5766124306247</ele>
				<time>2025-11-14T20:40:21Z</time>
			</trkpt>
			<trkpt lat="35.41908782267773" lon="-83.58094114050135">
				<ele>593.0580795519054</ele>
				<time>2025-11-14T20:40:22Z</time>
			</trkpt>
			<trkpt lat="35.41906387027789" lon="-83.58092911452279">
				<ele>592.7574299871922</ele>
				<time>2025-11-14T20:40:23Z</time>
			</trkpt>
			<trkpt lat="35.41903165571181" lon="-83.58091350729931">
				<ele>592.6303625972942</ele>
				<time>2025-11-14T20:40:25Z</time>
			</trkpt>
			<trkpt lat="35.41900272503796" lon="-83.58089947474548">
				<ele>592.4229693850502</ele>
				<time>2025-11-14T20:40:27Z</time>
			</trkpt>
			<trkpt lat="35.4189805471326" lon="-83.58089525955563">
				<ele>592.0596792614087</ele>
				<time>2025-11-14T20:40:28Z</time>
			</trkpt>
			<trkpt lat="35.41895787072196" lon="-83.58088792289922">
				<ele>592.1231901049614</ele>
				<time>2025-11-14T20:40:29Z</time>
			</trkpt>
			<trkpt lat="35.41893673962846" lon="-83.58088328388844">
				<ele>591.4371195705608</ele>
				<time>2025-11-14T20:40:30Z</time>
			</trkpt>
			<trkpt lat="35.41890130923492" lon="-83.58087524903368">
				<ele>592.7972185406834</ele>
				<time>2025-11-14T20:40:32Z</time>
			</trkpt>
			<trkpt lat="35.418879652866316" lon="-83.58087151916966">
				<ele>591.9041161099449</ele>
				<time>2025-11-14T20:40:33Z</time>
			</trkpt>
			<trkpt lat="35.41885327592603" lon="-83.58086936958178">
				<ele>591.3457454107702</ele>
				<time>2025-11-14T20:40:34Z</time>
			</trkpt>
			<trkpt lat="35.41883178040855" lon="-83.58086819610432">
				<ele>591.0418402953073</ele>
				<time>2025-11-14T20:40:35Z</time>
			</trkpt>
			<trkpt lat="35.41879317930354" lon="-83.58087605141087">
				<ele>591.6123351762071</ele>
				<time>2025-11-14T20:40:37Z</time>
			</trkpt>
			<trkpt lat="35.41876199218768" lon="-83.58088367034354">
				<ele>592.0395023534074</ele>
				<time>2025-11-14T20:40:39Z</time>
			</trkpt>
			<trkpt lat="35.41872530858243" lon="-83.58089985223516">
				<ele>591.4447260703892</ele>
				<time>2025-11-14T20:40:41Z</time>
			</trkpt>
			<trkpt lat="35.41870532340315" lon="-83.58091104624626">
				<ele>592.8898607110605</ele>
				<time>2025-11-14T20:40:42Z</time>
			</trkpt>
			<trkpt lat="35.41866449619829" lon="-83.58094335313727">
				<ele>592.7918410012498</ele>
				<time>2025-11-14T20:40:44Z</time>
			</trkpt>
			<trkpt lat="35.41863423634424" lon="-83.5809742832342">
				<ele>593.3937534503639</ele>
				<time>2025-11-14T20:40:46Z</time>
			</trkpt>
			<trkpt lat="35.418600831083715" lon="-83.5810081595458">
				<ele>593.3282401096076</ele>
				<time>2025-11-14T20:40:48Z</time>
			</trkpt>
			<trkpt lat="35.41855411314159" lon="-83.58105137807881">
				<ele>594.0342138027772</ele>
				<time>2025-11-14T20:40:50Z</time>
			</trkpt>
			<trkpt lat="35.41852107574287" lon="-83.58109848978712">
				<ele>595.2106369351968</ele>
				<time>2025-11-14T20:40:52Z</time>
			</trkpt>
			<trkpt lat="35.41848671656553" lon="-83.58115012118004">
				<ele>596.2998805968091</ele>
				<time>2025-11-14T20:40:54Z</time>
			</trkpt>
			<trkpt lat="35.41844759006691" lon="-83.58119821093358">
				<ele>595.5684337373823</ele>
				<time>2025-11-14T20:40:56Z</time>
			</trkpt>
			<trkpt lat="35.41843087482586" lon="-83.58121656931401">
				<ele>596.4848513845354</ele>
				<time>2025-11-14T20:40:57Z</time>
			</trkpt>
			<trkpt lat="35.418416019117956" lon="-83.58123298008466">
				<ele>596.0297103263438</ele>
				<time>2025-11-14T20:40:58Z</time>
			</trkpt>
			<trkpt lat="35.41839673746215" lon="-83.58125319304347">
				<ele>594.7144303945825</ele>
				<time>2025-11-14T20:40:59Z</time>
			</trkpt>
			<trkpt lat="35.418367480659576" lon="-83.58126916315494">
				<ele>594.4383284123614</ele>
				<time>2025-11-14T20:41:00Z</time>
			</trkpt>
			<trkpt lat="35.41833550770603" lon="-83.58127766619648">
				<ele>593.795796056278</ele>
				<time>2025-11-14T20:41:01Z</time>
			</trkpt>
			<trkpt lat="35.41830658086975" lon="-83.58128275295812">
				<ele>593.7389037515968</ele>
				<time>2025-11-14T20:41:02Z</time>
			</trkpt>
			<trkpt lat="35.418276969902834" lon="-83.58129202003319">
				<ele>594.3365280134603</ele>
				<time>2025-11-14T20:41:03Z</time>
			</trkpt>
			<trkpt lat="35.418249745275105" lon="-83.5813017997632">
				<ele>594.9703153921291</ele>
				<time>2025-11-14T20:41:04Z</time>
			</trkpt>
			<trkpt lat="35.41821780129428" lon="-83.58130880358965">
				<ele>594.8298143846914</ele>
				<time>2025-11-14T20:41:05Z</time>
			</trkpt>
			<trkpt lat="35.41818636095751" lon="-83.58131307951861">
				<ele>594.561264147982</ele>
				<time>2025-11-14T20:41:06Z</time>
			</trkpt>
			<trkpt lat="35.418143569437454" lon="-83.58130742572752">
				<ele>593.5151766100898</ele>
				<time>2025-11-14T20:41:08Z</time>
			</trkpt>
			<trkpt lat="35.418115922644375" lon="-83.58130553843237">
				<ele>594.1984846005216</ele>
				<time>2025-11-14T20:41:09Z</time>
			</trkpt>
			<trkpt lat="35.418081600435436" lon="-83.58130319545549">
				<ele>593.2703402386978</ele>
				<time>2025-11-14T20:41:10Z</time>
			</trkpt>
			<trkpt lat="35.41805200327336" lon="-83.58130117502293">
				<ele>593.5081326207146</ele>
				<time>2025-11-14T20:41:11Z</time>
			</trkpt>
			<trkpt lat="35.41801713046085" lon="-83.58129879445134">
				<ele>593.6480988766998</ele>
				<time>2025-11-14T20:41:12Z</time>
			</trkpt>
			<trkpt lat="35.41799880597486" lon="-83.58129783106742">
				<ele>593.0778168793768</ele>
				<time>2025-11-14T20:41:13Z</time>
			</trkpt>
			<trkpt lat="35.41797604407295" lon="-83.58129674844679">
				<ele>593.8609321648255</ele>
				<time>2025-11-14T20:41:14Z</time>
			</trkpt>
			<trkpt lat="35.41795417077601" lon="-83.58129784547137">
				<ele>593.5073656467721</ele>
				<time>2025-11-14T20:41:16Z</time>
			</trkpt>
			<trkpt lat="35.417921695539064" lon="-83.58129791548767">
				<ele>593.8746654670686</ele>
				<time>2025-11-14T20:41:18Z</time>
			</trkpt>
			<trkpt lat="35.41790384363955" lon="-83.5812941096142">
				<ele>592.6382141113281</ele>
				<time>2025-11-14T20:41:19Z</time>
			</trkpt>
			<trkpt lat="35.417883371763914" lon="-83.58128296570406">
				<ele>592.8783758040518</ele>
				<time>2025-11-14T20:41:20Z</time>
			</trkpt>
			<trkpt lat="35.41786300910155" lon="-83.58127535365752">
				<ele>592.4061567569152</ele>
				<time>2025-11-14T20:41:21Z</time>
			</trkpt>
			<trkpt lat="35.417846511971405" lon="-83.58126224575186">
				<ele>590.9715569457039</ele>
				<time>2025-11-14T20:41:23Z</time>
			</trkpt>
			<trkpt lat="35.417847965776986" lon="-83.58123568031287">
				<ele>588.7651762533933</ele>
				<time>2025-11-14T20:41:27Z</time>
			</trkpt>
			<trkpt lat="35.417873906163045" lon="-83.58124799369196">
				<ele>592.2468017302454</ele>
				<time>2025-11-14T20:42:30Z</time>
			</trkpt>
			<trkpt lat="35.4178891838532" lon="-83.58126867428813">
				<ele>591.6513684475794</ele>
				<time>2025-11-14T20:42:32Z</time>
			</trkpt>
			<trkpt lat="35.41791490017276" lon="-83.58128650977373">
				<ele>591.6459910962731</ele>
				<time>2025-11-14T20:42:34Z</time>
			</trkpt>
			<trkpt lat="35.41793254668199" lon="-83.5813073550862">
				<ele>591.9956903224811</ele>
				<time>2025-11-14T20:42:36Z</time>
			</trkpt>
			<trkpt lat="35.417948532499125" lon="-83.58132617356071">
				<ele>591.5467891162261</ele>
				<time>2025-11-14T20:42:38Z</time>
			</trkpt>
			<trkpt lat="35.417970322926195" lon="-83.58136136615484">
				<ele>591.7624204782769</ele>
				<time>2025-11-14T20:42:40Z</time>
			</trkpt>
			<trkpt lat="35.41798241686237" lon="-83.58137791752628">
				<ele>592.5689476141706</ele>
				<time>2025-11-14T20:42:41Z</time>
			</trkpt>
			<trkpt lat="35.41799566957629" lon="-83.58140190625005">
				<ele>592.4862962178886</ele>
				<time>2025-11-14T20:42:42Z</time>
			</trkpt>
			<trkpt lat="35.4180147307035" lon="-83.58142888294755">
				<ele>593.1124831866473</ele>
				<time>2025-11-14T20:42:43Z</time>
			</trkpt>
			<trkpt lat="35.41802798682675" lon="-83.58144849492271">
				<ele>593.0416974052787</ele>
				<time>2025-11-14T20:42:44Z</time>
			</trkpt>
			<trkpt lat="35.41803966385126" lon="-83.58146980608944">
				<ele>594.4118580156937</ele>
				<time>2025-11-14T20:42:45Z</time>
			</trkpt>
			<trkpt lat="35.41804996514892" lon="-83.58148867562605">
				<ele>594.7441496318206</ele>
				<time>2025-11-14T20:42:46Z</time>
			</trkpt>
			<trkpt lat="35.41806721623154" lon="-83.58151270652442">
				<ele>595.0146635463461</ele>
				<time>2025-11-14T20:42:48Z</time>
			</trkpt>
			<trkpt lat="35.41808317684245" lon="-83.58155373681291">
				<ele>594.3715927880257</ele>
				<time>2025-11-14T20:42:50Z</time>
			</trkpt>
			<trkpt lat="35.418091142016564" lon="-83.58158190357015">
				<ele>593.609150971286</ele>
				<time>2025-11-14T20:42:51Z</time>
			</trkpt>
			<trkpt lat="35.41809983281489" lon="-83.58160644585779">
				<ele>594.3678851304576</ele>
				<time>2025-11-14T20:42:52Z</time>
			</trkpt>
			<trkpt lat="35.418106111040544" lon="-83.58162744526047">
				<ele>594.7933649467304</ele>
				<time>2025-11-14T20:42:53Z</time>
			</trkpt>
			<trkpt lat="35.41811155296032" lon="-83.58165014672264">
				<ele>595.1392690492794</ele>
				<time>2025-11-14T20:42:54Z</time>
			</trkpt>
			<trkpt lat="35.41812199288864" lon="-83.58167980012159">
				<ele>595.1196752144024</ele>
				<time>2025-11-14T20:42:55Z</time>
			</trkpt>
			<trkpt lat="35.41812623081481" lon="-83.58170536334936">
				<ele>595.656036564149</ele>
				<time>2025-11-14T20:42:56Z</time>
			</trkpt>
			<trkpt lat="35.41812878050029" lon="-83.58173531309578">
				<ele>595.8134930692613</ele>
				<time>2025-11-14T20:42:57Z</time>
			</trkpt>
			<trkpt lat="35.4181306795353" lon="-83.58176651101489">
				<ele>596.2632887000218</ele>
				<time>2025-11-14T20:42:58Z</time>
			</trkpt>
			<trkpt lat="35.41813777505399" lon="-83.58180147916624">
				<ele>596.3073156913742</ele>
				<time>2025-11-14T20:42:59Z</time>
			</trkpt>
			<trkpt lat="35.41814264105701" lon="-83.58183701326325">
				<ele>597.7254212768748</ele>
				<time>2025-11-14T20:43:00Z</time>
			</trkpt>
			<trkpt lat="35.41814779566297" lon="-83.58188929428005">
				<ele>597.7623883765191</ele>
				<time>2025-11-14T20:43:02Z</time>
			</trkpt>
			<trkpt lat="35.418147445862225" lon="-83.58192155280499">
				<ele>597.7787559935823</ele>
				<time>2025-11-14T20:43:03Z</time>
			</trkpt>
			<trkpt lat="35.41814634964669" lon="-83.58195102758714">
				<ele>598.1802322613075</ele>
				<time>2025-11-14T20:43:04Z</time>
			</trkpt>
			<trkpt lat="35.418138980494945" lon="-83.58199436415221">
				<ele>598.7024577241391</ele>
				<time>2025-11-14T20:43:05Z</time>
			</trkpt>
			<trkpt lat="35.41813563905461" lon="-83.58201805752111">
				<ele>597.977748776786</ele>
				<time>2025-11-14T20:43:06Z</time>
			</trkpt>
			<trkpt lat="35.41813207093308" lon="-83.5820574810757">
				<ele>597.1310917111114</ele>
				<time>2025-11-14T20:43:07Z</time>
			</trkpt>
			<trkpt lat="35.41813528690526" lon="-83.58210217224226">
				<ele>597.7046113163233</ele>
				<time>2025-11-14T20:43:09Z</time>
			</trkpt>
			<trkpt lat="35.4181327742702" lon="-83.58213545664152">
				<ele>597.8671812685207</ele>
				<time>2025-11-14T20:43:11Z</time>
			</trkpt>
			<trkpt lat="35.41812819898384" lon="-83.58216592272797">
				<ele>598.873780734837</ele>
				<time>2025-11-14T20:43:13Z</time>
			</trkpt>
			<trkpt lat="35.41811525852784" lon="-83.58219285690264">
				<ele>599.1674913670868</ele>
				<time>2025-11-14T20:43:15Z</time>
			</trkpt>
			<trkpt lat="35.41810922415022" lon="-83.58221795508113">
				<ele>600.000449726358</ele>
				<time>2025-11-14T20:43:17Z</time>
			</trkpt>
			<trkpt lat="35.41810620047231" lon="-83.58224139334665">
				<ele>600.7669946448877</ele>
				<time>2025-11-14T20:43:19Z</time>
			</trkpt>
			<trkpt lat="35.418109037815526" lon="-83.582277758079">
				<ele>601.8643953548744</ele>
				<time>2025-11-14T20:43:21Z</time>
			</trkpt>
			<trkpt lat="35.41811415839443" lon="-83.5823006252301">
				<ele>604.5130277061835</ele>
				<time>2025-11-14T20:43:26Z</time>
			</trkpt>
			<trkpt lat="35.418120972565184" lon="-83.58232622593798">
				<ele>605.1549065448344</ele>
				<time>2025-11-14T20:43:28Z</time>
			</trkpt>
			<trkpt lat="35.41812103676924" lon="-83.58235181334956">
				<ele>605.0963555378839</ele>
				<time>2025-11-14T20:43:30Z</time>
			</trkpt>
			<trkpt lat="35.41812790291363" lon="-83.58239072824433">
				<ele>604.3414000254124</ele>
				<time>2025-11-14T20:43:33Z</time>
			</trkpt>
			<trkpt lat="35.41814353020758" lon="-83.58241758573347">
				<ele>604.2587241092697</ele>
				<time>2025-11-14T20:43:34Z</time>
			</trkpt>
			<trkpt lat="35.41815884987835" lon="-83.58243578837005">
				<ele>603.4620734471828</ele>
				<time>2025-11-14T20:43:35Z</time>
			</trkpt>
			<trkpt lat="35.418181443021865" lon="-83.58245640139094">
				<ele>603.3703888868913</ele>
				<time>2025-11-14T20:43:36Z</time>
			</trkpt>
			<trkpt lat="35.4182046132426" lon="-83.58247295154456">
				<ele>603.2481407625601</ele>
				<time>2025-11-14T20:43:37Z</time>
			</trkpt>
			<trkpt lat="35.41823169726096" lon="-83.58249287958098">
				<ele>603.4189750747755</ele>
				<time>2025-11-14T20:43:39Z</time>
			</trkpt>
			<trkpt lat="35.41825749942664" lon="-83.58251526317062">
				<ele>603.8171152547002</ele>
				<time>2025-11-14T20:43:41Z</time>
			</trkpt>
			<trkpt lat="35.41828208967901" lon="-83.58253659541174">
				<ele>604.0723218768835</ele>
				<time>2025-11-14T20:43:43Z</time>
			</trkpt>
			<trkpt lat="35.41829970578411" lon="-83.58255187752842">
				<ele>604.4464406548068</ele>
				<time>2025-11-14T20:43:44Z</time>
			</trkpt>
			<trkpt lat="35.41831441616253" lon="-83.58256463889595">
				<ele>604.4614184349775</ele>
				<time>2025-11-14T20:43:45Z</time>
			</trkpt>
			<trkpt lat="35.418336457680724" lon="-83.58258376009631">
				<ele>605.6571353673935</ele>
				<time>2025-11-14T20:43:47Z</time>
			</trkpt>
			<trkpt lat="35.41836496169434" lon="-83.58260790475273">
				<ele>605.8964037084952</ele>
				<time>2025-11-14T20:43:49Z</time>
			</trkpt>
			<trkpt lat="35.418386960044835" lon="-83.58262561557754">
				<ele>606.753762608394</ele>
				<time>2025-11-14T20:43:51Z</time>
			</trkpt>
			<trkpt lat="35.418407047664054" lon="-83.58264178807714">
				<ele>607.8350297743455</ele>
				<time>2025-11-14T20:43:53Z</time>
			</trkpt>
			<trkpt lat="35.41842419619217" lon="-83.582654228532">
				<ele>607.129835003987</ele>
				<time>2025-11-14T20:43:54Z</time>
			</trkpt>
			<trkpt lat="35.4184456762072" lon="-83.58266601882684">
				<ele>607.3920976519585</ele>
				<time>2025-11-14T20:43:56Z</time>
			</trkpt>
			<trkpt lat="35.4184786045248" lon="-83.5826848321825">
				<ele>607.227404827252</ele>
				<time>2025-11-14T20:43:58Z</time>
			</trkpt>
			<trkpt lat="35.418490534553996" lon="-83.58270389985785">
				<ele>606.4682010514662</ele>
				<time>2025-11-14T20:43:59Z</time>
			</trkpt>
			<trkpt lat="35.41850243136918" lon="-83.58272673465797">
				<ele>606.7234897445887</ele>
				<time>2025-11-14T20:44:00Z</time>
			</trkpt>
			<trkpt lat="35.4185109800971" lon="-83.58275131030344">
				<ele>607.0145062021911</ele>
				<time>2025-11-14T20:44:01Z</time>
			</trkpt>
			<trkpt lat="35.41851947598321" lon="-83.58277694627478">
				<ele>606.6940695345402</ele>
				<time>2025-11-14T20:44:02Z</time>
			</trkpt>
			<trkpt lat="35.41852736285694" lon="-83.58282121636759">
				<ele>605.8906312836334</ele>
				<time>2025-11-14T20:44:04Z</time>
			</trkpt>
			<trkpt lat="35.41853179671483" lon="-83.58285928585605">
				<ele>606.3686928972602</ele>
				<time>2025-11-14T20:44:06Z</time>
			</trkpt>
			<trkpt lat="35.418536151456706" lon="-83.58289732497178">
				<ele>607.2829563217238</ele>
				<time>2025-11-14T20:44:08Z</time>
			</trkpt>
			<trkpt lat="35.41854049688477" lon="-83.5829363412512">
				<ele>607.8339097443968</ele>
				<time>2025-11-14T20:44:10Z</time>
			</trkpt>
			<trkpt lat="35.41852387764255" lon="-83.58297468113207">
				<ele>607.7359021808952</ele>
				<time>2025-11-14T20:44:12Z</time>
			</trkpt>
			<trkpt lat="35.41851139724212" lon="-83.58299995049326">
				<ele>607.8637245213613</ele>
				<time>2025-11-14T20:44:13Z</time>
			</trkpt>
			<trkpt lat="35.418503438277355" lon="-83.58304376199644">
				<ele>609.35927487351</ele>
				<time>2025-11-14T20:44:15Z</time>
			</trkpt>
			<trkpt lat="35.418487909820286" lon="-83.583066785246">
				<ele>610.272401008755</ele>
				<time>2025-11-14T20:44:17Z</time>
			</trkpt>
			<trkpt lat="35.418466140153264" lon="-83.58309728629139">
				<ele>611.4658440491185</ele>
				<time>2025-11-14T20:44:19Z</time>
			</trkpt>
			<trkpt lat="35.41844301367092" lon="-83.58312838476999">
				<ele>612.1085871327668</ele>
				<time>2025-11-14T20:44:21Z</time>
			</trkpt>
			<trkpt lat="35.41842395352791" lon="-83.5831510731024">
				<ele>613.2408331371844</ele>
				<time>2025-11-14T20:44:23Z</time>
			</trkpt>
			<trkpt lat="35.418404748973224" lon="-83.58317376539817">
				<ele>613.433228216134</ele>
				<time>2025-11-14T20:44:25Z</time>
			</trkpt>
			<trkpt lat="35.41838515941915" lon="-83.5831952460263">
				<ele>613.1055519832298</ele>
				<time>2025-11-14T20:44:27Z</time>
			</trkpt>
			<trkpt lat="35.41836214457351" lon="-83.58322048259414">
				<ele>614.753346000798</ele>
				<time>2025-11-14T20:44:29Z</time>
			</trkpt>
			<trkpt lat="35.418343803409115" lon="-83.58323605289586">
				<ele>614.6130384551361</ele>
				<time>2025-11-14T20:44:31Z</time>
			</trkpt>
			<trkpt lat="35.41831866420432" lon="-83.58325788136742">
				<ele>613.6725626038387</ele>
				<time>2025-11-14T20:44:33Z</time>
			</trkpt>
			<trkpt lat="35.418298653228995" lon="-83.58327320290462">
				<ele>613.7459830325097</ele>
				<time>2025-11-14T20:44:35Z</time>
			</trkpt>
			<trkpt lat="35.418269055113846" lon="-83.58329534876451">
				<ele>613.4270235477015</ele>
				<time>2025-11-14T20:44:37Z</time>
			</trkpt>
			<trkpt lat="35.41825181925824" lon="-83.58330824495746">
				<ele>612.9518262296915</ele>
				<time>2025-11-14T20:44:38Z</time>
			</trkpt>
			<trkpt lat="35.418231531230326" lon="-83.58332342482952">
				<ele>613.9993994412944</ele>
				<time>2025-11-14T20:44:39Z</time>
			</trkpt>
			<trkpt lat="35.418207831305736" lon="-83.58335075571526">
				<ele>615.0889202626422</ele>
				<time>2025-11-14T20:44:41Z</time>
			</trkpt>
			<trkpt lat="35.41818942219953" lon="-83.58338814276232">
				<ele>616.0266765067354</ele>
				<time>2025-11-14T20:44:42Z</time>
			</trkpt>
			<trkpt lat="35.418172590620436" lon="-83.58342638273696">
				<ele>616.0023384727538</ele>
				<time>2025-11-14T20:44:43Z</time>
			</trkpt>
			<trkpt lat="35.41815505882334" lon="-83.58345435103764">
				<ele>614.381176667288</ele>
				<time>2025-11-14T20:44:45Z</time>
			</trkpt>
			<trkpt lat="35.41814121506172" lon="-83.5834921758657">
				<ele>614.5969703895971</ele>
				<time>2025-11-14T20:44:47Z</time>
			</trkpt>
			<trkpt lat="35.41812481061506" lon="-83.58352906303865">
				<ele>615.6809969898313</ele>
				<time>2025-11-14T20:44:49Z</time>
			</trkpt>
			<trkpt lat="35.41810788648665" lon="-83.58355255811068">
				<ele>614.6108352895826</ele>
				<time>2025-11-14T20:44:51Z</time>
			</trkpt>
			<trkpt lat="35.4180955209573" lon="-83.58356982988471">
				<ele>615.2476872298867</ele>
				<time>2025-11-14T20:44:52Z</time>
			</trkpt>
			<trkpt lat="35.4180814949097" lon="-83.58358942101752">
				<ele>615.7706631207839</ele>
				<time>2025-11-14T20:44:53Z</time>
			</trkpt>
			<trkpt lat="35.41806613776317" lon="-83.5836116879157">
				<ele>615.6025372808799</ele>
				<time>2025-11-14T20:44:54Z</time>
			</trkpt>
			<trkpt lat="35.41805563459057" lon="-83.58363080907965">
				<ele>615.4909606426954</ele>
				<time>2025-11-14T20:44:55Z</time>
			</trkpt>
			<trkpt lat="35.41804254734428" lon="-83.58365875399141">
				<ele>614.6722387671471</ele>
				<time>2025-11-14T20:44:56Z</time>
			</trkpt>
			<trkpt lat="35.41803557743172" lon="-83.58368236176969">
				<ele>614.533369009383</ele>
				<time>2025-11-14T20:44:57Z</time>
			</trkpt>
			<trkpt lat="35.41802692111614" lon="-83.58371523368255">
				<ele>615.318666969426</ele>
				<time>2025-11-14T20:44:59Z</time>
			</trkpt>
			<trkpt lat="35.41802193875779" lon="-83.58374018058733">
				<ele>614.536074587144</ele>
				<time>2025-11-14T20:45:01Z</time>
			</trkpt>
			<trkpt lat="35.41800711132486" lon="-83.58376342645305">
				<ele>612.8443185510114</ele>
				<time>2025-11-14T20:45:03Z</time>
			</trkpt>
			<trkpt lat="35.417995392942665" lon="-83.58378323037299">
				<ele>612.9335375530645</ele>
				<time>2025-11-14T20:45:05Z</time>
			</trkpt>
			<trkpt lat="35.41798628676564" lon="-83.58380781425637">
				<ele>611.8444543266669</ele>
				<time>2025-11-14T20:45:07Z</time>
			</trkpt>
			<trkpt lat="35.41797564454694" lon="-83.5838386598464">
				<ele>613.8734672553837</ele>
				<time>2025-11-14T20:45:10Z</time>
			</trkpt>
			<trkpt lat="35.417973347499" lon="-83.58387814099605">
				<ele>613.9184590568766</ele>
				<time>2025-11-14T20:45:13Z</time>
			</trkpt>
			<trkpt lat="35.41796319257909" lon="-83.58390421780534">
				<ele>613.736553652212</ele>
				<time>2025-11-14T20:45:15Z</time>
			</trkpt>
			<trkpt lat="35.417954831645325" lon="-83.58392731453857">
				<ele>614.2716901889071</ele>
				<time>2025-11-14T20:45:17Z</time>
			</trkpt>
			<trkpt lat="35.41794213436407" lon="-83.58394972534113">
				<ele>615.5619583111256</ele>
				<time>2025-11-14T20:45:20Z</time>
			</trkpt>
			<trkpt lat="35.41793889847437" lon="-83.58397300286671">
				<ele>615.9255623519421</ele>
				<time>2025-11-14T20:45:22Z</time>
			</trkpt>
			<trkpt lat="35.41793927098009" lon="-83.58399775219209">
				<ele>614.5470034359023</ele>
				<time>2025-11-14T20:45:24Z</time>
			</trkpt>
			<trkpt lat="35.41793678728376" lon="-83.58402308559045">
				<ele>614.5810568071902</ele>
				<time>2025-11-14T20:45:27Z</time>
			</trkpt>
			<trkpt lat="35.41793919404726" lon="-83.58404580228046">
				<ele>615.0147185372189</ele>
				<time>2025-11-14T20:45:31Z</time>
			</trkpt>
			<trkpt lat="35.417941829228425" lon="-83.58407067531797">
				<ele>614.2790659209713</ele>
				<time>2025-11-14T20:45:33Z</time>
			</trkpt>
			<trkpt lat="35.41794459205196" lon="-83.58409478727795">
				<ele>611.665837594308</ele>
				<time>2025-11-14T20:45:36Z</time>
			</trkpt>
			<trkpt lat="35.41794735262149" lon="-83.58411678104177">
				<ele>610.2198867378756</ele>
				<time>2025-11-14T20:45:41Z</time>
			</trkpt>
			<trkpt lat="35.417950278775585" lon="-83.58414009416641">
				<ele>610.7313655633479</ele>
				<time>2025-11-14T20:45:46Z</time>
			</trkpt>
			<trkpt lat="35.41795879959256" lon="-83.58416617788046">
				<ele>610.7275622980669</ele>
				<time>2025-11-14T20:45:52Z</time>
			</trkpt>
			<trkpt lat="35.417973675843164" lon="-83.58418178162447">
				<ele>610.3254818087444</ele>
				<time>2025-11-14T20:45:56Z</time>
			</trkpt>
			<trkpt lat="35.417983319894034" lon="-83.58421069280443">
				<ele>611.707522617653</ele>
				<time>2025-11-14T20:45:59Z</time>
			</trkpt>
			<trkpt lat="35.4179982798527" lon="-83.58423486181333">
				<ele>612.5028041489422</ele>
				<time>2025-11-14T20:46:02Z</time>
			</trkpt>
			<trkpt lat="35.418007912577416" lon="-83.58425700118246">
				<ele>616.240839487873</ele>
				<time>2025-11-14T20:46:05Z</time>
			</trkpt>
			<trkpt lat="35.418014215230784" lon="-83.58429527384172">
				<ele>617.1757016051561</ele>
				<time>2025-11-14T20:46:07Z</time>
			</trkpt>
			<trkpt lat="35.41802419563131" lon="-83.58432702920418">
				<ele>617.3981073247269</ele>
				<time>2025-11-14T20:46:09Z</time>
			</trkpt>
			<trkpt lat="35.418031690636795" lon="-83.58436575885558">
				<ele>618.6619612528011</ele>
				<time>2025-11-14T20:46:11Z</time>
			</trkpt>
			<trkpt lat="35.418046184854155" lon="-83.58442577788027">
				<ele>620.1143190562725</ele>
				<time>2025-11-14T20:46:13Z</time>
			</trkpt>
			<trkpt lat="35.418053681101924" lon="-83.58446028537537">
				<ele>620.0268276166171</ele>
				<time>2025-11-14T20:46:14Z</time>
			</trkpt>
			<trkpt lat="35.41805768043244" lon="-83.58449584617173">
				<ele>620.0930804852396</ele>
				<time>2025-11-14T20:46:15Z</time>
			</trkpt>
			<trkpt lat="35.41806113354561" lon="-83.58453261694535">
				<ele>619.4548097131774</ele>
				<time>2025-11-14T20:46:16Z</time>
			</trkpt>
			<trkpt lat="35.41806600070708" lon="-83.58455946969012">
				<ele>619.3440278647467</ele>
				<time>2025-11-14T20:46:17Z</time>
			</trkpt>
			<trkpt lat="35.41807348942245" lon="-83.58459569808146">
				<ele>618.0058868182823</ele>
				<time>2025-11-14T20:46:18Z</time>
			</trkpt>
			<trkpt lat="35.41807950827337" lon="-83.5846371003159">
				<ele>616.7414395762607</ele>
				<time>2025-11-14T20:46:19Z</time>
			</trkpt>
			<trkpt lat="35.418079896721295" lon="-83.58466501707814">
				<ele>615.8279497139156</ele>
				<time>2025-11-14T20:46:20Z</time>
			</trkpt>
			<trkpt lat="35.41808423445507" lon="-83.58469667097518">
				<ele>614.6359561644495</ele>
				<time>2025-11-14T20:46:21Z</time>
			</trkpt>
			<trkpt lat="35.41809334062581" lon="-83.58472561416268">
				<ele>613.8435394996777</ele>
				<time>2025-11-14T20:46:22Z</time>
			</trkpt>
			<trkpt lat="35.418101477387964" lon="-83.58475998878201">
				<ele>612.8945120200515</ele>
				<time>2025-11-14T20:46:23Z</time>
			</trkpt>
			<trkpt lat="35.41810061031935" lon="-83.58479564677062">
				<ele>612.4271435905248</ele>
				<time>2025-11-14T20:46:25Z</time>
			</trkpt>
			<trkpt lat="35.41810035002816" lon="-83.58483899642643">
				<ele>613.4206220880151</ele>
				<time>2025-11-14T20:46:27Z</time>
			</trkpt>
			<trkpt lat="35.418107014572335" lon="-83.58486828114958">
				<ele>613.6233544312418</ele>
				<time>2025-11-14T20:46:28Z</time>
			</trkpt>
			<trkpt lat="35.41811260548984" lon="-83.58488921734323">
				<ele>614.2219266900793</ele>
				<time>2025-11-14T20:46:29Z</time>
			</trkpt>
			<trkpt lat="35.41811890838186" lon="-83.5849114065761">
				<ele>615.869363874197</ele>
				<time>2025-11-14T20:46:30Z</time>
			</trkpt>
			<trkpt lat="35.41811123496777" lon="-83.58493172374844">
				<ele>617.2769001564011</ele>
				<time>2025-11-14T20:46:31Z</time>
			</trkpt>
			<trkpt lat="35.418106279155744" lon="-83.58497269147543">
				<ele>619.3917369609699</ele>
				<time>2025-11-14T20:46:33Z</time>
			</trkpt>
			<trkpt lat="35.418099790574914" lon="-83.58500970713575">
				<ele>619.8119226032868</ele>
				<time>2025-11-14T20:46:35Z</time>
			</trkpt>
			<trkpt lat="35.41809573112562" lon="-83.58504068653399">
				<ele>620.4970416529104</ele>
				<time>2025-11-14T20:46:37Z</time>
			</trkpt>
			<trkpt lat="35.418097323711216" lon="-83.58506902578223">
				<ele>621.1201446549967</ele>
				<time>2025-11-14T20:46:39Z</time>
			</trkpt>
			<trkpt lat="35.41809755469016" lon="-83.58509395788452">
				<ele>621.1703174309805</ele>
				<time>2025-11-14T20:46:40Z</time>
			</trkpt>
			<trkpt lat="35.41809188166796" lon="-83.5851372991327">
				<ele>621.7469692844898</ele>
				<time>2025-11-14T20:46:42Z</time>
			</trkpt>
			<trkpt lat="35.418086518482085" lon="-83.58517480901993">
				<ele>621.6319225747138</ele>
				<time>2025-11-14T20:46:44Z</time>
			</trkpt>
			<trkpt lat="35.41807739733766" lon="-83.5851966777534">
				<ele>621.1671334672719</ele>
				<time>2025-11-14T20:46:45Z</time>
			</trkpt>
			<trkpt lat="35.41806740135735" lon="-83.5852390045649">
				<ele>620.183597497642</ele>
				<time>2025-11-14T20:46:47Z</time>
			</trkpt>
			<trkpt lat="35.41806399307908" lon="-83.58526300620282">
				<ele>620.424983613193</ele>
				<time>2025-11-14T20:46:48Z</time>
			</trkpt>
			<trkpt lat="35.41806345698391" lon="-83.58528648815803">
				<ele>620.4692267738283</ele>
				<time>2025-11-14T20:46:49Z</time>
			</trkpt>
			<trkpt lat="35.41805909903289" lon="-83.5853238957022">
				<ele>619.631578519009</ele>
				<time>2025-11-14T20:46:51Z</time>
			</trkpt>
			<trkpt lat="35.41805866578579" lon="-83.58536937637368">
				<ele>619.5558750452474</ele>
				<time>2025-11-14T20:46:53Z</time>
			</trkpt>
			<trkpt lat="35.41805981369621" lon="-83.58539418856522">
				<ele>619.3411942981184</ele>
				<time>2025-11-14T20:46:54Z</time>
			</trkpt>
			<trkpt lat="35.418053956100245" lon="-83.58541622818315">
				<ele>619.0418450469151</ele>
				<time>2025-11-14T20:46:55Z</time>
			</trkpt>
			<trkpt lat="35.418045018633975" lon="-83.58544386262942">
				<ele>618.5477284882218</ele>
				<time>2025-11-14T20:46:56Z</time>
			</trkpt>
			<trkpt lat="35.41804116548099" lon="-83.58547275701912">
				<ele>618.0446254136041</ele>
				<time>2025-11-14T20:46:57Z</time>
			</trkpt>
			<trkpt lat="35.41802003007724" lon="-83.58550686623776">
				<ele>618.3820007862523</ele>
				<time>2025-11-14T20:46:58Z</time>
			</trkpt>
			<trkpt lat="35.41800341613792" lon="-83.58551924696613">
				<ele>620.0743150031194</ele>
				<time>2025-11-14T20:46:59Z</time>
			</trkpt>
			<trkpt lat="35.41797570395143" lon="-83.58555238810231">
				<ele>620.6527345655486</ele>
				<time>2025-11-14T20:47:00Z</time>
			</trkpt>
			<trkpt lat="35.4179416221341" lon="-83.58558359507335">
				<ele>619.5600200509652</ele>
				<time>2025-11-14T20:47:01Z</time>
			</trkpt>
			<trkpt lat="35.41788018602058" lon="-83.58561339860107">
				<ele>619.2463215179741</ele>
				<time>2025-11-14T20:47:02Z</time>
			</trkpt>
			<trkpt lat="35.41780963401886" lon="-83.58563566877375">
				<ele>615.7286810912192</ele>
				<time>2025-11-14T20:47:03Z</time>
			</trkpt>
			<trkpt lat="35.41774997337718" lon="-83.58568558899846">
				<ele>614.5552126076072</ele>
				<time>2025-11-14T20:47:04Z</time>
			</trkpt>
			<trkpt lat="35.41770579264766" lon="-83.58573473981923">
				<ele>613.5032702488825</ele>
				<time>2025-11-14T20:47:05Z</time>
			</trkpt>
			<trkpt lat="35.41765251221288" lon="-83.58576018991809">
				<ele>612.4379052072763</ele>
				<time>2025-11-14T20:47:06Z</time>
			</trkpt>
			<trkpt lat="35.41762386944515" lon="-83.58578247361369">
				<ele>612.5589705398306</ele>
				<time>2025-11-14T20:47:07Z</time>
			</trkpt>
			<trkpt lat="35.4176023395987" lon="-83.5858068247396">
				<ele>612.2430604184046</ele>
				<time>2025-11-14T20:47:08Z</time>
			</trkpt>
			<trkpt lat="35.417573562973885" lon="-83.58582896414404">
				<ele>610.9571384955198</ele>
				<time>2025-11-14T20:47:09Z</time>
			</trkpt>
			<trkpt lat="35.41753770141551" lon="-83.58583413027411">
				<ele>610.8188235992566</ele>
				<time>2025-11-14T20:47:10Z</time>
			</trkpt>
			<trkpt lat="35.41751054747219" lon="-83.58581950654369">
				<ele>610.8055703565478</ele>
				<time>2025-11-14T20:47:11Z</time>
			</trkpt>
			<trkpt lat="35.417478613965294" lon="-83.58581227802071">
				<ele>610.8635926079005</ele>
				<time>2025-11-14T20:47:12Z</time>
			</trkpt>
			<trkpt lat="35.41743826891956" lon="-83.58582523905785">
				<ele>609.8380574854091</ele>
				<time>2025-11-14T20:47:13Z</time>
			</trkpt>
			<trkpt lat="35.41737731431618" lon="-83.5858251416013">
				<ele>609.4359638532624</ele>
				<time>2025-11-14T20:47:14Z</time>
			</trkpt>
			<trkpt lat="35.417327650382795" lon="-83.58583887867769">
				<ele>608.3707113172859</ele>
				<time>2025-11-14T20:47:15Z</time>
			</trkpt>
			<trkpt lat="35.417285961233084" lon="-83.58585280086915">
				<ele>607.6796255586669</ele>
				<time>2025-11-14T20:47:16Z</time>
			</trkpt>
			<trkpt lat="35.417234761875086" lon="-83.58586751737829">
				<ele>608.377445650287</ele>
				<time>2025-11-14T20:47:17Z</time>
			</trkpt>
			<trkpt lat="35.417176131491836" lon="-83.58588007895499">
				<ele>609.1794500602409</ele>
				<time>2025-11-14T20:47:18Z</time>
			</trkpt>
			<trkpt lat="35.417138917454054" lon="-83.58588847351008">
				<ele>609.9908227873966</ele>
				<time>2025-11-14T20:47:19Z</time>
			</trkpt>
			<trkpt lat="35.417074532902504" lon="-83.58589729087957">
				<ele>610.676960196346</ele>
				<time>2025-11-14T20:47:20Z</time>
			</trkpt>
			<trkpt lat="35.41700665314445" lon="-83.58588354867784">
				<ele>611.2892078282312</ele>
				<time>2025-11-14T20:47:21Z</time>
			</trkpt>
			<trkpt lat="35.41694429181202" lon="-83.58585764271875">
				<ele>611.839008782059</ele>
				<time>2025-11-14T20:47:22Z</time>
			</trkpt>
			<trkpt lat="35.41688775523671" lon="-83.5858190232564">
				<ele>611.994649335742</ele>
				<time>2025-11-14T20:47:23Z</time>
			</trkpt>
			<trkpt lat="35.41683465710377" lon="-83.58577927427089">
				<ele>611.2566730566323</ele>
				<time>2025-11-14T20:47:24Z</time>
			</trkpt>
			<trkpt lat="35.416774813274245" lon="-83.58573200283715">
				<ele>609.7181445751339</ele>
				<time>2025-11-14T20:47:25Z</time>
			</trkpt>
			<trkpt lat="35.4167163325816" lon="-83.58567898948282">
				<ele>609.3900463180616</ele>
				<time>2025-11-14T20:47:26Z</time>
			</trkpt>
			<trkpt lat="35.416655874139686" lon="-83.58562741964575">
				<ele>608.9150698939338</ele>
				<time>2025-11-14T20:47:27Z</time>
			</trkpt>
			<trkpt lat="35.416597705625996" lon="-83.58554949519633">
				<ele>605.8550091125071</ele>
				<time>2025-11-14T20:47:28Z</time>
			</trkpt>
			<trkpt lat="35.416563974274155" lon="-83.58549076704631">
				<ele>606.0436232443899</ele>
				<time>2025-11-14T20:47:29Z</time>
			</trkpt>
			<trkpt lat="35.416516422050194" lon="-83.58541329305797">
				<ele>603.335441051051</ele>
				<time>2025-11-14T20:47:30Z</time>
			</trkpt>
			<trkpt lat="35.41646690744535" lon="-83.58530965861928">
				<ele>602.549199433066</ele>
				<time>2025-11-14T20:47:31Z</time>
			</trkpt>
			<trkpt lat="35.41642409940757" lon="-83.58519656636358">
				<ele>600.1123575950041</ele>
				<time>2025-11-14T20:47:32Z</time>
			</trkpt>
			<trkpt lat="35.416386332536916" lon="-83.58509321821373">
				<ele>599.0853467099369</ele>
				<time>2025-11-14T20:47:33Z</time>
			</trkpt>
			<trkpt lat="35.41638139067913" lon="-83.5849728385876">
				<ele>596.6351250614971</ele>
				<time>2025-11-14T20:47:34Z</time>
			</trkpt>
			<trkpt lat="35.41637657959268" lon="-83.5848454088836">
				<ele>595.8565743062645</ele>
				<time>2025-11-14T20:47:35Z</time>
			</trkpt>
			<trkpt lat="35.41636439657099" lon="-83.58472722784254">
				<ele>595.3655547332019</ele>
				<time>2025-11-14T20:47:36Z</time>
			</trkpt>
			<trkpt lat="35.41634553446992" lon="-83.58460513179475">
				<ele>594.9851491488516</ele>
				<time>2025-11-14T20:47:37Z</time>
			</trkpt>
			<trkpt lat="35.41630473046894" lon="-83.58451939730901">
				<ele>594.0861953534186</ele>
				<time>2025-11-14T20:47:38Z</time>
			</trkpt>
			<trkpt lat="35.41625735373524" lon="-83.58442987212446">
				<ele>592.3397105615586</ele>
				<time>2025-11-14T20:47:39Z</time>
			</trkpt>
			<trkpt lat="35.416197600547854" lon="-83.584349888226">
				<ele>589.4579531978816</ele>
				<time>2025-11-14T20:47:40Z</time>
			</trkpt>
			<trkpt lat="35.416126679183655" lon="-83.58428630841335">
				<ele>587.7610596828163</ele>
				<time>2025-11-14T20:47:41Z</time>
			</trkpt>
			<trkpt lat="35.41604891731501" lon="-83.58423909686583">
				<ele>587.0905041955411</ele>
				<time>2025-11-14T20:47:42Z</time>
			</trkpt>
			<trkpt lat="35.41598534505483" lon="-83.58420624215543">
				<ele>585.4275036286563</ele>
				<time>2025-11-14T20:47:43Z</time>
			</trkpt>
			<trkpt lat="35.415925457075986" lon="-83.58421704836249">
				<ele>587.4132319828495</ele>
				<time>2025-11-14T20:47:44Z</time>
			</trkpt>
			<trkpt lat="35.41588105097133" lon="-83.5842448510633">
				<ele>587.3164249118418</ele>
				<time>2025-11-14T20:47:45Z</time>
			</trkpt>
			<trkpt lat="35.415872630149096" lon="-83.58428117253894">
				<ele>586.374343293719</ele>
				<time>2025-11-14T20:47:46Z</time>
			</trkpt>
			<trkpt lat="35.415872709052934" lon="-83.58432149196005">
				<ele>586.0403643306345</ele>
				<time>2025-11-14T20:47:47Z</time>
			</trkpt>
			<trkpt lat="35.41586190226157" lon="-83.58437783105592">
				<ele>586.4595647901297</ele>
				<time>2025-11-14T20:47:48Z</time>
			</trkpt>
			<trkpt lat="35.415842813188185" lon="-83.5844237324676">
				<ele>586.1293820561841</ele>
				<time>2025-11-14T20:47:49Z</time>
			</trkpt>
			<trkpt lat="35.415804259849345" lon="-83.5844688174983">
				<ele>586.7226944081485</ele>
				<time>2025-11-14T20:47:50Z</time>
			</trkpt>
			<trkpt lat="35.41575333657487" lon="-83.58451558736942">
				<ele>586.3089954331517</ele>
				<time>2025-11-14T20:47:51Z</time>
			</trkpt>
			<trkpt lat="35.41570263169865" lon="-83.58455767230775">
				<ele>586.7599276937544</ele>
				<time>2025-11-14T20:47:52Z</time>
			</trkpt>
			<trkpt lat="35.41565182611942" lon="-83.5845984264795">
				<ele>586.029085942544</ele>
				<time>2025-11-14T20:47:53Z</time>
			</trkpt>
			<trkpt lat="35.41559011284047" lon="-83.58465061158155">
				<ele>587.2834336189553</ele>
				<time>2025-11-14T20:47:54Z</time>
			</trkpt>
			<trkpt lat="35.41555276554104" lon="-83.58469846901177">
				<ele>588.4134530415758</ele>
				<time>2025-11-14T20:47:55Z</time>
			</trkpt>
			<trkpt lat="35.415529178995214" lon="-83.58475541852958">
				<ele>589.1711037000641</ele>
				<time>2025-11-14T20:47:56Z</time>
			</trkpt>
			<trkpt lat="35.415493231066264" lon="-83.58482548443564">
				<ele>588.4073092862964</ele>
				<time>2025-11-14T20:47:57Z</time>
			</trkpt>
			<trkpt lat="35.41547964609971" lon="-83.58489502002683">
				<ele>587.8904326856136</ele>
				<time>2025-11-14T20:47:58Z</time>
			</trkpt>
			<trkpt lat="35.415467190480335" lon="-83.58496175724713">
				<ele>586.856109790504</ele>
				<time>2025-11-14T20:47:59Z</time>
			</trkpt>
			<trkpt lat="35.415457201456576" lon="-83.5850113890892">
				<ele>586.0608939183876</ele>
				<time>2025-11-14T20:48:00Z</time>
			</trkpt>
			<trkpt lat="35.41544736697618" lon="-83.58506032504688">
				<ele>587.9275412317365</ele>
				<time>2025-11-14T20:48:01Z</time>
			</trkpt>
			<trkpt lat="35.41542231963251" lon="-83.5851095364462">
				<ele>586.539412740618</ele>
				<time>2025-11-14T20:48:02Z</time>
			</trkpt>
			<trkpt lat="35.41538172180246" lon="-83.5851602230877">
				<ele>586.5085337162018</ele>
				<time>2025-11-14T20:48:03Z</time>
			</trkpt>
			<trkpt lat="35.41533560175001" lon="-83.58520978835372">
				<ele>586.9641100270674</ele>
				<time>2025-11-14T20:48:04Z</time>
			</trkpt>
			<trkpt lat="35.41528435407847" lon="-83.58524662926429">
				<ele>586.5890285866335</ele>
				<time>2025-11-14T20:48:05Z</time>
			</trkpt>
			<trkpt lat="35.41521723824221" lon="-83.58526756088926">
				<ele>587.2429832806811</ele>
				<time>2025-11-14T20:48:06Z</time>
			</trkpt>
			<trkpt lat="35.41518599419958" lon="-83.58526055451854">
				<ele>586.5356387430802</ele>
				<time>2025-11-14T20:48:07Z</time>
			</trkpt>
			<trkpt lat="35.41499205370434" lon="-83.5852169564514">
				<ele>581.6819405946881</ele>
				<time>2025-11-14T20:48:09Z</time>
			</trkpt>
			<trkpt lat="35.414930546225946" lon="-83.58518489646397">
				<ele>581.3956908332184</ele>
				<time>2025-11-14T20:48:10Z</time>
			</trkpt>
			<trkpt lat="35.41486830235479" lon="-83.58516300131245">
				<ele>581.0604495359585</ele>
				<time>2025-11-14T20:48:11Z</time>
			</trkpt>
			<trkpt lat="35.41480681415695" lon="-83.58513244961158">
				<ele>580.5293321665376</ele>
				<time>2025-11-14T20:48:12Z</time>
			</trkpt>
			<trkpt lat="35.41473679622746" lon="-83.58509558044413">
				<ele>579.6250883936882</ele>
				<time>2025-11-14T20:48:13Z</time>
			</trkpt>
			<trkpt lat="35.41466498919839" lon="-83.58506979463003">
				<ele>578.9084279686213</ele>
				<time>2025-11-14T20:48:14Z</time>
			</trkpt>
			<trkpt lat="35.41458954415241" lon="-83.58506937065101">
				<ele>578.3896387862042</ele>
				<time>2025-11-14T20:48:15Z</time>
			</trkpt>
			<trkpt lat="35.41451536696146" lon="-83.58507711315093">
				<ele>577.9549057846889</ele>
				<time>2025-11-14T20:48:16Z</time>
			</trkpt>
			<trkpt lat="35.41447297515339" lon="-83.5851054330763">
				<ele>577.9235983761027</ele>
				<time>2025-11-14T20:48:17Z</time>
			</trkpt>
			<trkpt lat="35.41442252587012" lon="-83.58515010686381">
				<ele>577.690454153344</ele>
				<time>2025-11-14T20:48:18Z</time>
			</trkpt>
			<trkpt lat="35.41439679993209" lon="-83.58519899317207">
				<ele>577.2851180136204</ele>
				<time>2025-11-14T20:48:19Z</time>
			</trkpt>
			<trkpt lat="35.41437294021261" lon="-83.5852428400767">
				<ele>576.563814772293</ele>
				<time>2025-11-14T20:48:20Z</time>
			</trkpt>
			<trkpt lat="35.414358523596114" lon="-83.58528370080894">
				<ele>576.2670898614451</ele>
				<time>2025-11-14T20:48:21Z</time>
			</trkpt>
			<trkpt lat="35.41434228388102" lon="-83.58532727341942">
				<ele>575.3200495252386</ele>
				<time>2025-11-14T20:48:22Z</time>
			</trkpt>
			<trkpt lat="35.4143374720326" lon="-83.58536825459514">
				<ele>575.1502570798621</ele>
				<time>2025-11-14T20:48:23Z</time>
			</trkpt>
			<trkpt lat="35.414334580579556" lon="-83.58540825923195">
				<ele>575.4512143013999</ele>
				<time>2025-11-14T20:48:24Z</time>
			</trkpt>
			<trkpt lat="35.41431628905698" lon="-83.58544226543796">
				<ele>575.1710666697472</ele>
				<time>2025-11-14T20:48:25Z</time>
			</trkpt>
			<trkpt lat="35.41430435055152" lon="-83.58548022828029">
				<ele>574.6674195751548</ele>
				<time>2025-11-14T20:48:26Z</time>
			</trkpt>
			<trkpt lat="35.41426903894654" lon="-83.58552706323687">
				<ele>577.5930775636807</ele>
				<time>2025-11-14T20:48:27Z</time>
			</trkpt>
			<trkpt lat="35.41425718573179" lon="-83.58556119985248">
				<ele>577.4811832839623</ele>
				<time>2025-11-14T20:48:28Z</time>
			</trkpt>
			<trkpt lat="35.41424802337449" lon="-83.58559781218005">
				<ele>577.3602100210264</ele>
				<time>2025-11-14T20:48:29Z</time>
			</trkpt>
			<trkpt lat="35.4142418382718" lon="-83.58563372352036">
				<ele>577.0848521329463</ele>
				<time>2025-11-14T20:48:30Z</time>
			</trkpt>
			<trkpt lat="35.41425283921668" lon="-83.58566842245946">
				<ele>577.7757171466947</ele>
				<time>2025-11-14T20:48:31Z</time>
			</trkpt>
			<trkpt lat="35.41426008171792" lon="-83.58570485856303">
				<ele>580.2114075347781</ele>
				<time>2025-11-14T20:48:32Z</time>
			</trkpt>
			<trkpt lat="35.4142510345407" lon="-83.58573901163001">
				<ele>579.2532378984615</ele>
				<time>2025-11-14T20:48:33Z</time>
			</trkpt>
			<trkpt lat="35.414247565260396" lon="-83.5857683366263">
				<ele>578.9965776791796</ele>
				<time>2025-11-14T20:48:34Z</time>
			</trkpt>
			<trkpt lat="35.41424239908998" lon="-83.58579982522238">
				<ele>578.6957219159231</ele>
				<time>2025-11-14T20:48:36Z</time>
			</trkpt>
			<trkpt lat="35.41422325993556" lon="-83.5858310476131">
				<ele>578.6192399663851</ele>
				<time>2025-11-14T20:48:38Z</time>
			</trkpt>
			<trkpt lat="35.41419928853904" lon="-83.5858441679586">
				<ele>579.098948398605</ele>
				<time>2025-11-14T20:48:39Z</time>
			</trkpt>
			<trkpt lat="35.41416744064831" lon="-83.5858456626788">
				<ele>580.8533406900242</ele>
				<time>2025-11-14T20:48:40Z</time>
			</trkpt>
			<trkpt lat="35.41412132095593" lon="-83.58584307225193">
				<ele>581.550821300596</ele>
				<time>2025-11-14T20:48:41Z</time>
			</trkpt>
			<trkpt lat="35.414059724882385" lon="-83.58583378909162">
				<ele>582.3516102237627</ele>
				<time>2025-11-14T20:48:42Z</time>
			</trkpt>
			<trkpt lat="35.41400569676458" lon="-83.58581688552488">
				<ele>581.9239603551105</ele>
				<time>2025-11-14T20:48:43Z</time>
			</trkpt>
			<trkpt lat="35.41395764269866" lon="-83.58580214739767">
				<ele>582.8468153914437</ele>
				<time>2025-11-14T20:48:44Z</time>
			</trkpt>
			<trkpt lat="35.4139096046733" lon="-83.58577038890112">
				<ele>582.5174587639049</ele>
				<time>2025-11-14T20:48:45Z</time>
			</trkpt>
			<trkpt lat="35.41385257796581" lon="-83.58573795882928">
				<ele>582.5485760457814</ele>
				<time>2025-11-14T20:48:46Z</time>
			</trkpt>
			<trkpt lat="35.413798728014854" lon="-83.58571653287629">
				<ele>582.3999508060515</ele>
				<time>2025-11-14T20:48:47Z</time>
			</trkpt>
			<trkpt lat="35.41374638766576" lon="-83.58570516473057">
				<ele>582.4779634727165</ele>
				<time>2025-11-14T20:48:48Z</time>
			</trkpt>
			<trkpt lat="35.41368302094549" lon="-83.58571608907597">
				<ele>581.3728420101106</ele>
				<time>2025-11-14T20:48:49Z</time>
			</trkpt>
			<trkpt lat="35.413624689881516" lon="-83.58573442885744">
				<ele>580.1470816787332</ele>
				<time>2025-11-14T20:48:50Z</time>
			</trkpt>
			<trkpt lat="35.41359226017084" lon="-83.585730208226">
				<ele>579.0204598773271</ele>
				<time>2025-11-14T20:48:51Z</time>
			</trkpt>
			<trkpt lat="35.41352134288487" lon="-83.5857143646391">
				<ele>580.5723719066009</ele>
				<time>2025-11-14T20:48:52Z</time>
			</trkpt>
			<trkpt lat="35.41345879436314" lon="-83.58565491711978">
				<ele>580.2478471351787</ele>
				<time>2025-11-14T20:48:53Z</time>
			</trkpt>
			<trkpt lat="35.413413543519226" lon="-83.58556719336929">
				<ele>579.6807897565886</ele>
				<time>2025-11-14T20:48:54Z</time>
			</trkpt>
			<trkpt lat="35.41338118632308" lon="-83.58548531563963">
				<ele>580.261281167157</ele>
				<time>2025-11-14T20:48:55Z</time>
			</trkpt>
			<trkpt lat="35.41335631336814" lon="-83.58542688411907">
				<ele>580.612950341776</ele>
				<time>2025-11-14T20:48:56Z</time>
			</trkpt>
			<trkpt lat="35.41333016644462" lon="-83.585366949747">
				<ele>579.7989010214806</ele>
				<time>2025-11-14T20:48:57Z</time>
			</trkpt>
			<trkpt lat="35.41330288415245" lon="-83.58528207907959">
				<ele>579.6836541220546</ele>
				<time>2025-11-14T20:48:58Z</time>
			</trkpt>
			<trkpt lat="35.413267173026654" lon="-83.58518824423308">
				<ele>578.0146558331326</ele>
				<time>2025-11-14T20:48:59Z</time>
			</trkpt>
			<trkpt lat="35.41322343588129" lon="-83.58509240644382">
				<ele>577.4749308703467</ele>
				<time>2025-11-14T20:49:00Z</time>
			</trkpt>
			<trkpt lat="35.41317180414033" lon="-83.58500046663698">
				<ele>576.8927306635305</ele>
				<time>2025-11-14T20:49:01Z</time>
			</trkpt>
			<trkpt lat="35.413121714672" lon="-83.58491641743488">
				<ele>575.837521834299</ele>
				<time>2025-11-14T20:49:02Z</time>
			</trkpt>
			<trkpt lat="35.413060364192326" lon="-83.58483022356427">
				<ele>574.356526828371</ele>
				<time>2025-11-14T20:49:03Z</time>
			</trkpt>
			<trkpt lat="35.41298812025391" lon="-83.58474825957063">
				<ele>574.6493715308607</ele>
				<time>2025-11-14T20:49:04Z</time>
			</trkpt>
			<trkpt lat="35.41289544698087" lon="-83.58469164678934">
				<ele>574.0349789364263</ele>
				<time>2025-11-14T20:49:05Z</time>
			</trkpt>
			<trkpt lat="35.41282461541004" lon="-83.58467040480558">
				<ele>570.7090029167011</ele>
				<time>2025-11-14T20:49:06Z</time>
			</trkpt>
			<trkpt lat="35.41275457345486" lon="-83.58465700883785">
				<ele>568.3426149105653</ele>
				<time>2025-11-14T20:49:07Z</time>
			</trkpt>
			<trkpt lat="35.41271483637028" lon="-83.58465575312847">
				<ele>567.365629603155</ele>
				<time>2025-11-14T20:49:08Z</time>
			</trkpt>
			<trkpt lat="35.41267138718688" lon="-83.58465052649206">
				<ele>566.8498640824109</ele>
				<time>2025-11-14T20:49:09Z</time>
			</trkpt>
			<trkpt lat="35.412624894031104" lon="-83.58465562904708">
				<ele>566.6919966088608</ele>
				<time>2025-11-14T20:49:10Z</time>
			</trkpt>
			<trkpt lat="35.412590534817674" lon="-83.58456115559521">
				<ele>565.3097831942141</ele>
				<time>2025-11-14T20:49:11Z</time>
			</trkpt>
			<trkpt lat="35.41255148029941" lon="-83.58449968233835">
				<ele>563.7560239527375</ele>
				<time>2025-11-14T20:49:12Z</time>
			</trkpt>
			<trkpt lat="35.41252604699587" lon="-83.58446620612834">
				<ele>563.0416874177754</ele>
				<time>2025-11-14T20:49:13Z</time>
			</trkpt>
			<trkpt lat="35.41250480528484" lon="-83.58443375901105">
				<ele>563.0169822219759</ele>
				<time>2025-11-14T20:49:14Z</time>
			</trkpt>
			<trkpt lat="35.412475107841054" lon="-83.58439388171848">
				<ele>564.1817855397239</ele>
				<time>2025-11-14T20:49:15Z</time>
			</trkpt>
			<trkpt lat="35.412434315408724" lon="-83.58436434779914">
				<ele>563.0058733876795</ele>
				<time>2025-11-14T20:49:16Z</time>
			</trkpt>
			<trkpt lat="35.412392224884705" lon="-83.58432060646643">
				<ele>563.8035146938637</ele>
				<time>2025-11-14T20:49:17Z</time>
			</trkpt>
			<trkpt lat="35.41235528650262" lon="-83.584287409512">
				<ele>563.94496035669</ele>
				<time>2025-11-14T20:49:18Z</time>
			</trkpt>
			<trkpt lat="35.412322855529666" lon="-83.58424861325535">
				<ele>564.9342046985403</ele>
				<time>2025-11-14T20:49:19Z</time>
			</trkpt>
			<trkpt lat="35.412281540124134" lon="-83.58419153089187">
				<ele>565.6013996032998</ele>
				<time>2025-11-14T20:49:20Z</time>
			</trkpt>
			<trkpt lat="35.41224728183516" lon="-83.58412743189838">
				<ele>565.0436825072393</ele>
				<time>2025-11-14T20:49:21Z</time>
			</trkpt>
			<trkpt lat="35.412219877285985" lon="-83.58404600839032">
				<ele>566.0077891750261</ele>
				<time>2025-11-14T20:49:22Z</time>
			</trkpt>
			<trkpt lat="35.412204438588795" lon="-83.58398060664454">
				<ele>566.9058394692838</ele>
				<time>2025-11-14T20:49:23Z</time>
			</trkpt>
			<trkpt lat="35.41218355325872" lon="-83.58393168272279">
				<ele>567.0613630237058</ele>
				<time>2025-11-14T20:49:24Z</time>
			</trkpt>
			<trkpt lat="35.41213674486059" lon="-83.58391341411561">
				<ele>567.289543248713</ele>
				<time>2025-11-14T20:49:25Z</time>
			</trkpt>
			<trkpt lat="35.41209304631523" lon="-83.5838915349923">
				<ele>566.0685402704403</ele>
				<time>2025-11-14T20:49:26Z</time>
			</trkpt>
			<trkpt lat="35.412052848327676" lon="-83.58389014221837">
				<ele>565.1940440777689</ele>
				<time>2025-11-14T20:49:27Z</time>
			</trkpt>
			<trkpt lat="35.41201915983796" lon="-83.58390169522744">
				<ele>564.383797628805</ele>
				<time>2025-11-14T20:49:28Z</time>
			</trkpt>
			<trkpt lat="35.41197769241253" lon="-83.58392778139807">
				<ele>563.2454933580011</ele>
				<time>2025-11-14T20:49:29Z</time>
			</trkpt>
			<trkpt lat="35.411964678888374" lon="-83.58394712038597">
				<ele>563.6644454663619</ele>
				<time>2025-11-14T20:49:30Z</time>
			</trkpt>
			<trkpt lat="35.411924992651464" lon="-83.58397947404114">
				<ele>562.1117025734857</ele>
				<time>2025-11-14T20:49:31Z</time>
			</trkpt>
			<trkpt lat="35.41187441382627" lon="-83.58401872704906">
				<ele>561.2718587880954</ele>
				<time>2025-11-14T20:49:32Z</time>
			</trkpt>
			<trkpt lat="35.411823485547885" lon="-83.58406026420107">
				<ele>559.4152281433344</ele>
				<time>2025-11-14T20:49:33Z</time>
			</trkpt>
			<trkpt lat="35.41174921299267" lon="-83.58407380807338">
				<ele>558.137421737425</ele>
				<time>2025-11-14T20:49:34Z</time>
			</trkpt>
			<trkpt lat="35.41169559209519" lon="-83.58411313989895">
				<ele>558.0765511523932</ele>
				<time>2025-11-14T20:49:35Z</time>
			</trkpt>
			<trkpt lat="35.41167723363892" lon="-83.58410939740432">
				<ele>558.2499933056533</ele>
				<time>2025-11-14T20:49:36Z</time>
			</trkpt>
			<trkpt lat="35.411620386140726" lon="-83.58412286295996">
				<ele>558.9140114653856</ele>
				<time>2025-11-14T20:49:37Z</time>
			</trkpt>
			<trkpt lat="35.41156829895535" lon="-83.5841267045516">
				<ele>559.7709859292954</ele>
				<time>2025-11-14T20:49:38Z</time>
			</trkpt>
			<trkpt lat="35.41152441844623" lon="-83.58411808405899">
				<ele>560.5397786721587</ele>
				<time>2025-11-14T20:49:39Z</time>
			</trkpt>
			<trkpt lat="35.41147672516944" lon="-83.58409940481305">
				<ele>560.6677379775792</ele>
				<time>2025-11-14T20:49:40Z</time>
			</trkpt>
			<trkpt lat="35.41142508515159" lon="-83.58406844053258">
				<ele>560.4924077698961</ele>
				<time>2025-11-14T20:49:41Z</time>
			</trkpt>
			<trkpt lat="35.41135959314623" lon="-83.5840317528727">
				<ele>556.8975358521566</ele>
				<time>2025-11-14T20:49:42Z</time>
			</trkpt>
			<trkpt lat="35.41130725650961" lon="-83.58396503256868">
				<ele>555.9788254275918</ele>
				<time>2025-11-14T20:49:43Z</time>
			</trkpt>
			<trkpt lat="35.41126271105882" lon="-83.58389049215415">
				<ele>556.2773284362629</ele>
				<time>2025-11-14T20:49:44Z</time>
			</trkpt>
			<trkpt lat="35.41123171112284" lon="-83.58382948858994">
				<ele>557.4306905241683</ele>
				<time>2025-11-14T20:49:45Z</time>
			</trkpt>
			<trkpt lat="35.41118672129705" lon="-83.58376746381187">
				<ele>558.3903539730236</ele>
				<time>2025-11-14T20:49:46Z</time>
			</trkpt>
			<trkpt lat="35.41114821782435" lon="-83.5837083597339">
				<ele>558.4983693435788</ele>
				<time>2025-11-14T20:49:47Z</time>
			</trkpt>
			<trkpt lat="35.41111101430653" lon="-83.58365224693004">
				<ele>558.3477419549599</ele>
				<time>2025-11-14T20:49:48Z</time>
			</trkpt>
			<trkpt lat="35.41107675971913" lon="-83.58360058113134">
				<ele>557.9892712496221</ele>
				<time>2025-11-14T20:49:49Z</time>
			</trkpt>
			<trkpt lat="35.41104300814089" lon="-83.58356778170575">
				<ele>558.0487343752757</ele>
				<time>2025-11-14T20:49:50Z</time>
			</trkpt>
			<trkpt lat="35.41101068446896" lon="-83.58354558216013">
				<ele>558.234152934514</ele>
				<time>2025-11-14T20:49:51Z</time>
			</trkpt>
			<trkpt lat="35.4109959302371" lon="-83.58349672764011">
				<ele>559.5947502385825</ele>
				<time>2025-11-14T20:49:52Z</time>
			</trkpt>
			<trkpt lat="35.41099106663888" lon="-83.58347042273792">
				<ele>559.906212059781</ele>
				<time>2025-11-14T20:49:53Z</time>
			</trkpt>
			<trkpt lat="35.41097267484806" lon="-83.58344125295787">
				<ele>560.7197774332017</ele>
				<time>2025-11-14T20:49:54Z</time>
			</trkpt>
			<trkpt lat="35.410955269885534" lon="-83.58341297747653">
				<ele>560.5492443442345</ele>
				<time>2025-11-14T20:49:55Z</time>
			</trkpt>
			<trkpt lat="35.41093749794531" lon="-83.5833838996189">
				<ele>560.8198132542893</ele>
				<time>2025-11-14T20:49:56Z</time>
			</trkpt>
			<trkpt lat="35.41084790601936" lon="-83.583417748294">
				<ele>559.9560524728149</ele>
				<time>2025-11-14T20:49:57Z</time>
			</trkpt>
			<trkpt lat="35.410821882990525" lon="-83.58338051161616">
				<ele>559.0733419898897</ele>
				<time>2025-11-14T20:49:58Z</time>
			</trkpt>
			<trkpt lat="35.41079844264186" lon="-83.58334868310992">
				<ele>558.5273908302188</ele>
				<time>2025-11-14T20:49:59Z</time>
			</trkpt>
			<trkpt lat="35.4107785839865" lon="-83.5833436019889">
				<ele>559.7638293812051</ele>
				<time>2025-11-14T20:50:00Z</time>
			</trkpt>
			<trkpt lat="35.410760761396716" lon="-83.58332474108248">
				<ele>559.025040381588</ele>
				<time>2025-11-14T20:50:01Z</time>
			</trkpt>
			<trkpt lat="35.4107366713674" lon="-83.58329636080899">
				<ele>558.9275701418519</ele>
				<time>2025-11-14T20:50:03Z</time>
			</trkpt>
			<trkpt lat="35.41071677012043" lon="-83.58327397281914">
				<ele>558.2128855418414</ele>
				<time>2025-11-14T20:50:04Z</time>
			</trkpt>
			<trkpt lat="35.41069420299471" lon="-83.58325887659414">
				<ele>557.1971670733765</ele>
				<time>2025-11-14T20:50:05Z</time>
			</trkpt>
			<trkpt lat="35.41067439371799" lon="-83.58324817760055">
				<ele>557.9846495240927</ele>
				<time>2025-11-14T20:50:06Z</time>
			</trkpt>
			<trkpt lat="35.41066018966054" lon="-83.58323188068515">
				<ele>557.648524559103</ele>
				<time>2025-11-14T20:50:07Z</time>
			</trkpt>
			<trkpt lat="35.410641700696615" lon="-83.58322252384622">
				<ele>559.0906038824469</ele>
				<time>2025-11-14T20:50:08Z</time>
			</trkpt>
			<trkpt lat="35.410616484840595" lon="-83.58320574444731">
				<ele>560.3708076355979</ele>
				<time>2025-11-14T20:50:10Z</time>
			</trkpt>
			<trkpt lat="35.41058801353957" lon="-83.58319316537653">
				<ele>560.6458881823346</ele>
				<time>2025-11-14T20:50:12Z</time>
			</trkpt>
			<trkpt lat="35.41056867804751" lon="-83.58318826120161">
				<ele>560.3731774352491</ele>
				<time>2025-11-14T20:50:13Z</time>
			</trkpt>
			<trkpt lat="35.41054658295035" lon="-83.5831640127689">
				<ele>560.5494391666725</ele>
				<time>2025-11-14T20:50:15Z</time>
			</trkpt>
			<trkpt lat="35.41052835538696" lon="-83.58314899087063">
				<ele>561.9212172143161</ele>
				<time>2025-11-14T20:50:17Z</time>
			</trkpt>
			<trkpt lat="35.410492045569434" lon="-83.58313588109064">
				<ele>561.547300373204</ele>
				<time>2025-11-14T20:50:19Z</time>
			</trkpt>
			<trkpt lat="35.410457109276095" lon="-83.58310909284327">
				<ele>562.1507392320782</ele>
				<time>2025-11-14T20:50:21Z</time>
			</trkpt>
			<trkpt lat="35.410434972536116" lon="-83.58308729742295">
				<ele>561.379726770334</ele>
				<time>2025-11-14T20:50:22Z</time>
			</trkpt>
			<trkpt lat="35.41041441795988" lon="-83.58308013729987">
				<ele>560.4830160271376</ele>
				<time>2025-11-14T20:50:23Z</time>
			</trkpt>
			<trkpt lat="35.410389597426466" lon="-83.58309049952385">
				<ele>561.3366939295083</ele>
				<time>2025-11-14T20:50:24Z</time>
			</trkpt>
			<trkpt lat="35.41036871833545" lon="-83.58310934130901">
				<ele>561.138804577291</ele>
				<time>2025-11-14T20:50:25Z</time>
			</trkpt>
			<trkpt lat="35.41034567466658" lon="-83.58315008801138">
				<ele>561.0566939786077</ele>
				<time>2025-11-14T20:50:26Z</time>
			</trkpt>
			<trkpt lat="35.41034784977268" lon="-83.58318128151608">
				<ele>560.6006759824231</ele>
				<time>2025-11-14T20:50:28Z</time>
			</trkpt>
			<trkpt lat="35.41035614893459" lon="-83.58320299937712">
				<ele>559.7908295057714</ele>
				<time>2025-11-14T20:50:29Z</time>
			</trkpt>
			<trkpt lat="35.410373738471115" lon="-83.5832392520328">
				<ele>559.7262062188238</ele>
				<time>2025-11-14T20:50:31Z</time>
			</trkpt>
			<trkpt lat="35.41037999928547" lon="-83.5832682909297">
				<ele>558.8576147649437</ele>
				<time>2025-11-14T20:50:32Z</time>
			</trkpt>
			<trkpt lat="35.410385399634755" lon="-83.58330564119383">
				<ele>559.8029411397874</ele>
				<time>2025-11-14T20:50:33Z</time>
			</trkpt>
			<trkpt lat="35.410385247146564" lon="-83.58333746863256">
				<ele>560.0416590841487</ele>
				<time>2025-11-14T20:50:34Z</time>
			</trkpt>
			<trkpt lat="35.41038136032689" lon="-83.58337715537922">
				<ele>559.6155588263646</ele>
				<time>2025-11-14T20:50:36Z</time>
			</trkpt>
			<trkpt lat="35.410376299516116" lon="-83.58340009682703">
				<ele>559.4400961622596</ele>
				<time>2025-11-14T20:50:37Z</time>
			</trkpt>
			<trkpt lat="35.41037348629743" lon="-83.58342713928627">
				<ele>559.7472733510658</ele>
				<time>2025-11-14T20:50:38Z</time>
			</trkpt>
			<trkpt lat="35.410367246189686" lon="-83.58344875327055">
				<ele>559.9373849453405</ele>
				<time>2025-11-14T20:50:39Z</time>
			</trkpt>
			<trkpt lat="35.41035611659918" lon="-83.58347418677411">
				<ele>561.0154741862789</ele>
				<time>2025-11-14T20:50:41Z</time>
			</trkpt>
			<trkpt lat="35.41033210782585" lon="-83.58349583007018">
				<ele>561.7541048619896</ele>
				<time>2025-11-14T20:50:43Z</time>
			</trkpt>
			<trkpt lat="35.41028894626581" lon="-83.58351501836238">
				<ele>561.858088308014</ele>
				<time>2025-11-14T20:50:45Z</time>
			</trkpt>
			<trkpt lat="35.41026038091443" lon="-83.58353189450446">
				<ele>563.9614692162722</ele>
				<time>2025-11-14T20:50:47Z</time>
			</trkpt>
			<trkpt lat="35.41023908045449" lon="-83.58353919750401">
				<ele>564.414649403654</ele>
				<time>2025-11-14T20:50:48Z</time>
			</trkpt>
			<trkpt lat="35.41020485380879" lon="-83.58354913172603">
				<ele>564.5970266032964</ele>
				<time>2025-11-14T20:50:50Z</time>
			</trkpt>
			<trkpt lat="35.41016813412059" lon="-83.58355018928538">
				<ele>564.9607393629849</ele>
				<time>2025-11-14T20:50:52Z</time>
			</trkpt>
			<trkpt lat="35.41013159799102" lon="-83.58353969158983">
				<ele>565.2310966663063</ele>
				<time>2025-11-14T20:50:54Z</time>
			</trkpt>
			<trkpt lat="35.410086160140935" lon="-83.58351733918578">
				<ele>566.7155076554045</ele>
				<time>2025-11-14T20:50:56Z</time>
			</trkpt>
			<trkpt lat="35.41006892010407" lon="-83.58350920826977">
				<ele>566.6871883189306</ele>
				<time>2025-11-14T20:50:57Z</time>
			</trkpt>
			<trkpt lat="35.410044324404495" lon="-83.58349402478628">
				<ele>567.3667210517451</ele>
				<time>2025-11-14T20:50:58Z</time>
			</trkpt>
			<trkpt lat="35.41002577419732" lon="-83.58348199087666">
				<ele>568.1908881776035</ele>
				<time>2025-11-14T20:50:59Z</time>
			</trkpt>
			<trkpt lat="35.41000548080266" lon="-83.58346896935362">
				<ele>568.6194747798145</ele>
				<time>2025-11-14T20:51:00Z</time>
			</trkpt>
			<trkpt lat="35.4099852357479" lon="-83.5834594846281">
				<ele>568.8571798428893</ele>
				<time>2025-11-14T20:51:01Z</time>
			</trkpt>
			<trkpt lat="35.40996630542352" lon="-83.58344601418868">
				<ele>569.3753637289628</ele>
				<time>2025-11-14T20:51:02Z</time>
			</trkpt>
			<trkpt lat="35.409947278008225" lon="-83.58343712639149">
				<ele>569.9067782917991</ele>
				<time>2025-11-14T20:51:03Z</time>
			</trkpt>
			<trkpt lat="35.40991485423153" lon="-83.58342260597907">
				<ele>571.3818068252876</ele>
				<time>2025-11-14T20:51:05Z</time>
			</trkpt>
			<trkpt lat="35.40989622451819" lon="-83.58341416523226">
				<ele>571.4952080817893</ele>
				<time>2025-11-14T20:51:06Z</time>
			</trkpt>
			<trkpt lat="35.40987805330808" lon="-83.58340188785883">
				<ele>571.7088881814852</ele>
				<time>2025-11-14T20:51:07Z</time>
			</trkpt>
			<trkpt lat="35.40985141591558" lon="-83.58337914265279">
				<ele>572.7163056377321</ele>
				<time>2025-11-14T20:51:09Z</time>
			</trkpt>
			<trkpt lat="35.409837147875216" lon="-83.58336555298494">
				<ele>572.5975305922329</ele>
				<time>2025-11-14T20:51:10Z</time>
			</trkpt>
			<trkpt lat="35.40981203451049" lon="-83.58333056747016">
				<ele>573.0959171755239</ele>
				<time>2025-11-14T20:51:12Z</time>
			</trkpt>
			<trkpt lat="35.40979091355785" lon="-83.58329512688056">
				<ele>573.4835293358192</ele>
				<time>2025-11-14T20:51:14Z</time>
			</trkpt>
			<trkpt lat="35.40977495073116" lon="-83.58327114666275">
				<ele>574.112433468923</ele>
				<time>2025-11-14T20:51:16Z</time>
			</trkpt>
			<trkpt lat="35.40976246672124" lon="-83.58325249193072">
				<ele>574.3428171426058</ele>
				<time>2025-11-14T20:51:17Z</time>
			</trkpt>
			<trkpt lat="35.409752634318515" lon="-83.58323132604582">
				<ele>574.1174956625327</ele>
				<time>2025-11-14T20:51:18Z</time>
			</trkpt>
			<trkpt lat="35.40973407897861" lon="-83.58319626358649">
				<ele>574.9971596170217</ele>
				<time>2025-11-14T20:51:20Z</time>
			</trkpt>
			<trkpt lat="35.409714978621" lon="-83.58316043807477">
				<ele>574.7143510021269</ele>
				<time>2025-11-14T20:51:22Z</time>
			</trkpt>
			<trkpt lat="35.40969048174952" lon="-83.58311607735297">
				<ele>575.3340897085145</ele>
				<time>2025-11-14T20:51:24Z</time>
			</trkpt>
			<trkpt lat="35.40967062935959" lon="-83.58308552735613">
				<ele>575.2895239572972</ele>
				<time>2025-11-14T20:51:26Z</time>
			</trkpt>
			<trkpt lat="35.40965573526307" lon="-83.58306630109857">
				<ele>574.3066080296412</ele>
				<time>2025-11-14T20:51:28Z</time>
			</trkpt>
			<trkpt lat="35.409635336216084" lon="-83.58306218868788">
				<ele>573.7339653493837</ele>
				<time>2025-11-14T20:51:30Z</time>
			</trkpt>
			<trkpt lat="35.40958640304015" lon="-83.58305265292132">
				<ele>573.0849788961932</ele>
				<time>2025-11-14T20:51:31Z</time>
			</trkpt>
			<trkpt lat="35.40955568692897" lon="-83.58306619360258">
				<ele>572.7432867567986</ele>
				<time>2025-11-14T20:51:32Z</time>
			</trkpt>
			<trkpt lat="35.4095122040171" lon="-83.58310273693101">
				<ele>571.7085620025173</ele>
				<time>2025-11-14T20:51:34Z</time>
			</trkpt>
			<trkpt lat="35.40949661502582" lon="-83.58313260840626">
				<ele>571.4207263849676</ele>
				<time>2025-11-14T20:51:35Z</time>
			</trkpt>
			<trkpt lat="35.40947164960383" lon="-83.58313609812221">
				<ele>571.4646855546162</ele>
				<time>2025-11-14T20:51:36Z</time>
			</trkpt>
			<trkpt lat="35.40943597723663" lon="-83.58313668906169">
				<ele>571.3206349946558</ele>
				<time>2025-11-14T20:51:38Z</time>
			</trkpt>
			<trkpt lat="35.40939492621333" lon="-83.58314556692699">
				<ele>571.0798475993797</ele>
				<time>2025-11-14T20:51:40Z</time>
			</trkpt>
			<trkpt lat="35.409364716487055" lon="-83.58315342663673">
				<ele>572.0802966607735</ele>
				<time>2025-11-14T20:51:42Z</time>
			</trkpt>
			<trkpt lat="35.40934039929485" lon="-83.58315948886084">
				<ele>572.4069331726059</ele>
				<time>2025-11-14T20:51:43Z</time>
			</trkpt>
			<trkpt lat="35.4093179193467" lon="-83.58316293297068">
				<ele>572.7097172001377</ele>
				<time>2025-11-14T20:51:44Z</time>
			</trkpt>
			<trkpt lat="35.40929879511401" lon="-83.58316397087007">
				<ele>572.8614719929174</ele>
				<time>2025-11-14T20:51:45Z</time>
			</trkpt>
			<trkpt lat="35.409276489029004" lon="-83.58316239979922">
				<ele>573.1782557927072</ele>
				<time>2025-11-14T20:51:46Z</time>
			</trkpt>
			<trkpt lat="35.40924505779789" lon="-83.58315618378555">
				<ele>573.3518036222085</ele>
				<time>2025-11-14T20:51:48Z</time>
			</trkpt>
			<trkpt lat="35.409223950046616" lon="-83.58315710909568">
				<ele>573.5954646049067</ele>
				<time>2025-11-14T20:51:50Z</time>
			</trkpt>
			<trkpt lat="35.40919868194572" lon="-83.58316040474465">
				<ele>574.2224003290758</ele>
				<time>2025-11-14T20:51:52Z</time>
			</trkpt>
			<trkpt lat="35.409165898394626" lon="-83.58316481996228">
				<ele>574.3011781005189</ele>
				<time>2025-11-14T20:51:54Z</time>
			</trkpt>
			<trkpt lat="35.409148434667955" lon="-83.5831733202165">
				<ele>574.1831183703616</ele>
				<time>2025-11-14T20:51:55Z</time>
			</trkpt>
			<trkpt lat="35.40912704645136" lon="-83.5831770779207">
				<ele>574.0174127565697</ele>
				<time>2025-11-14T20:51:56Z</time>
			</trkpt>
			<trkpt lat="35.40909437664624" lon="-83.5831788986298">
				<ele>574.4591865390539</ele>
				<time>2025-11-14T20:51:58Z</time>
			</trkpt>
			<trkpt lat="35.40906087907763" lon="-83.58318139199937">
				<ele>574.4643695885316</ele>
				<time>2025-11-14T20:52:00Z</time>
			</trkpt>
			<trkpt lat="35.40901097914631" lon="-83.58318600700983">
				<ele>574.4823713339865</ele>
				<time>2025-11-14T20:52:02Z</time>
			</trkpt>
			<trkpt lat="35.40899603806986" lon="-83.58321369559779">
				<ele>575.9413353493437</ele>
				<time>2025-11-14T20:52:05Z</time>
			</trkpt>
			<trkpt lat="35.4089870968596" lon="-83.58324223254562">
				<ele>576.3071478707716</ele>
				<time>2025-11-14T20:52:06Z</time>
			</trkpt>
			<trkpt lat="35.40899004047415" lon="-83.5832781197229">
				<ele>576.1295929932967</ele>
				<time>2025-11-14T20:52:08Z</time>
			</trkpt>
			<trkpt lat="35.40898321656651" lon="-83.58330967693287">
				<ele>576.3173477137461</ele>
				<time>2025-11-14T20:52:11Z</time>
			</trkpt>
			<trkpt lat="35.408978514557795" lon="-83.58333404751046">
				<ele>576.9110429454595</ele>
				<time>2025-11-14T20:52:13Z</time>
			</trkpt>
			<trkpt lat="35.408977034927716" lon="-83.58336041167931">
				<ele>577.8939566416666</ele>
				<time>2025-11-14T20:52:15Z</time>
			</trkpt>
			<trkpt lat="35.40898034857843" lon="-83.58340492177867">
				<ele>578.2501430977136</ele>
				<time>2025-11-14T20:52:17Z</time>
			</trkpt>
			<trkpt lat="35.408983071416046" lon="-83.58343397571774">
				<ele>578.8273720508441</ele>
				<time>2025-11-14T20:52:19Z</time>
			</trkpt>
			<trkpt lat="35.40898515557169" lon="-83.58345621463117">
				<ele>579.1054700156674</ele>
				<time>2025-11-14T20:52:20Z</time>
			</trkpt>
			<trkpt lat="35.40899033256475" lon="-83.5834936801481">
				<ele>579.8676838697866</ele>
				<time>2025-11-14T20:52:22Z</time>
			</trkpt>
			<trkpt lat="35.40899528683372" lon="-83.58352658743448">
				<ele>579.9776512002572</ele>
				<time>2025-11-14T20:52:24Z</time>
			</trkpt>
			<trkpt lat="35.408999373351996" lon="-83.58354934422366">
				<ele>579.6782976770774</ele>
				<time>2025-11-14T20:52:25Z</time>
			</trkpt>
			<trkpt lat="35.409003630859026" lon="-83.58357254257193">
				<ele>579.3418917730451</ele>
				<time>2025-11-14T20:52:26Z</time>
			</trkpt>
			<trkpt lat="35.409012101272424" lon="-83.58360676499612">
				<ele>579.2045143432915</ele>
				<time>2025-11-14T20:52:28Z</time>
			</trkpt>
			<trkpt lat="35.40901565568762" lon="-83.58363151297512">
				<ele>578.9578308966011</ele>
				<time>2025-11-14T20:52:29Z</time>
			</trkpt>
			<trkpt lat="35.409017725240176" lon="-83.58365694750313">
				<ele>578.5427735196427</ele>
				<time>2025-11-14T20:52:30Z</time>
			</trkpt>
			<trkpt lat="35.40901736625211" lon="-83.5836934708704">
				<ele>578.4774737330154</ele>
				<time>2025-11-14T20:52:32Z</time>
			</trkpt>
			<trkpt lat="35.40901996120924" lon="-83.58372900175523">
				<ele>578.4744740389287</ele>
				<time>2025-11-14T20:52:34Z</time>
			</trkpt>
			<trkpt lat="35.40902311027053" lon="-83.58375147168887">
				<ele>578.2180500617251</ele>
				<time>2025-11-14T20:52:35Z</time>
			</trkpt>
			<trkpt lat="35.40902999601536" lon="-83.58378069198739">
				<ele>578.4169868975878</ele>
				<time>2025-11-14T20:52:36Z</time>
			</trkpt>
			<trkpt lat="35.40904219220023" lon="-83.58381874464934">
				<ele>578.5643111793324</ele>
				<time>2025-11-14T20:52:38Z</time>
			</trkpt>
			<trkpt lat="35.409052191208694" lon="-83.58385540123768">
				<ele>578.56432287395</ele>
				<time>2025-11-14T20:52:40Z</time>
			</trkpt>
			<trkpt lat="35.4090587495982" lon="-83.58388356898644">
				<ele>579.0015409039333</ele>
				<time>2025-11-14T20:52:42Z</time>
			</trkpt>
			<trkpt lat="35.40906638472956" lon="-83.58392421597496">
				<ele>579.1636851551011</ele>
				<time>2025-11-14T20:52:44Z</time>
			</trkpt>
			<trkpt lat="35.40906999818968" lon="-83.5839478585045">
				<ele>579.0051595875993</ele>
				<time>2025-11-14T20:52:45Z</time>
			</trkpt>
			<trkpt lat="35.40907819010014" lon="-83.58399727846341">
				<ele>578.9733272166923</ele>
				<time>2025-11-14T20:52:47Z</time>
			</trkpt>
			<trkpt lat="35.40907901998056" lon="-83.58404031945369">
				<ele>579.7206935202703</ele>
				<time>2025-11-14T20:52:49Z</time>
			</trkpt>
			<trkpt lat="35.40908402076963" lon="-83.58406454938898">
				<ele>579.978759794496</ele>
				<time>2025-11-14T20:52:50Z</time>
			</trkpt>
			<trkpt lat="35.4090912318155" lon="-83.5840994886118">
				<ele>581.0166604276747</ele>
				<time>2025-11-14T20:52:52Z</time>
			</trkpt>
			<trkpt lat="35.4090975870593" lon="-83.58412980052057">
				<ele>580.8680195119232</ele>
				<time>2025-11-14T20:52:53Z</time>
			</trkpt>
			<trkpt lat="35.409103316571006" lon="-83.58415700151383">
				<ele>580.7739328239113</ele>
				<time>2025-11-14T20:52:54Z</time>
			</trkpt>
			<trkpt lat="35.409114258702765" lon="-83.5842089604785">
				<ele>580.8362430715933</ele>
				<time>2025-11-14T20:52:56Z</time>
			</trkpt>
			<trkpt lat="35.40911782105396" lon="-83.58423165661826">
				<ele>580.881982780993</ele>
				<time>2025-11-14T20:52:57Z</time>
			</trkpt>
			<trkpt lat="35.409125930496934" lon="-83.58427110867608">
				<ele>580.7653688620776</ele>
				<time>2025-11-14T20:52:58Z</time>
			</trkpt>
			<trkpt lat="35.409137577857344" lon="-83.58432178812102">
				<ele>580.7376443808898</ele>
				<time>2025-11-14T20:53:00Z</time>
			</trkpt>
			<trkpt lat="35.40914169171241" lon="-83.58434484132835">
				<ele>580.2816020203754</ele>
				<time>2025-11-14T20:53:01Z</time>
			</trkpt>
			<trkpt lat="35.40914553668975" lon="-83.58437343053671">
				<ele>580.1136725246906</ele>
				<time>2025-11-14T20:53:02Z</time>
			</trkpt>
			<trkpt lat="35.40914850620176" lon="-83.58442376578488">
				<ele>579.1726163243875</ele>
				<time>2025-11-14T20:53:04Z</time>
			</trkpt>
			<trkpt lat="35.40914850620195" lon="-83.58444729230789">
				<ele>578.8986887456849</ele>
				<time>2025-11-14T20:53:05Z</time>
			</trkpt>
			<trkpt lat="35.40914850620193" lon="-83.58447181154814">
				<ele>578.9311773274094</ele>
				<time>2025-11-14T20:53:06Z</time>
			</trkpt>
			<trkpt lat="35.409145212734785" lon="-83.58450964972293">
				<ele>579.4799586003646</ele>
				<time>2025-11-14T20:53:08Z</time>
			</trkpt>
			<trkpt lat="35.409141372204104" lon="-83.58453595086463">
				<ele>579.86416905839</ele>
				<time>2025-11-14T20:53:09Z</time>
			</trkpt>
			<trkpt lat="35.40912092335165" lon="-83.58458390263024">
				<ele>578.7828182764351</ele>
				<time>2025-11-14T20:53:11Z</time>
			</trkpt>
			<trkpt lat="35.40908004145222" lon="-83.58461783235805">
				<ele>577.6053352020681</ele>
				<time>2025-11-14T20:53:13Z</time>
			</trkpt>
			<trkpt lat="35.40903101344287" lon="-83.58464953300333">
				<ele>578.243061917834</ele>
				<time>2025-11-14T20:53:15Z</time>
			</trkpt>
			<trkpt lat="35.40899177086327" lon="-83.58465248140969">
				<ele>578.8068156996742</ele>
				<time>2025-11-14T20:53:16Z</time>
			</trkpt>
			<trkpt lat="35.408940773808254" lon="-83.58463834229904">
				<ele>579.0448748925701</ele>
				<time>2025-11-14T20:53:17Z</time>
			</trkpt>
			<trkpt lat="35.40890878020032" lon="-83.58461721598316">
				<ele>580.2003870578483</ele>
				<time>2025-11-14T20:53:18Z</time>
			</trkpt>
			<trkpt lat="35.40888649371701" lon="-83.58458868656244">
				<ele>582.1726265288889</ele>
				<time>2025-11-14T20:53:19Z</time>
			</trkpt>
			<trkpt lat="35.40885131045449" lon="-83.58456155853074">
				<ele>582.9157050605863</ele>
				<time>2025-11-14T20:53:21Z</time>
			</trkpt>
			<trkpt lat="35.408824994401456" lon="-83.58451586248322">
				<ele>583.31341677811</ele>
				<time>2025-11-14T20:53:22Z</time>
			</trkpt>
			<trkpt lat="35.40880139567217" lon="-83.58449482823274">
				<ele>582.7469210382551</ele>
				<time>2025-11-14T20:53:23Z</time>
			</trkpt>
			<trkpt lat="35.40877524808933" lon="-83.58445276629915">
				<ele>582.0057975752279</ele>
				<time>2025-11-14T20:53:24Z</time>
			</trkpt>
			<trkpt lat="35.40875517894925" lon="-83.5844059907307">
				<ele>581.2311705527827</ele>
				<time>2025-11-14T20:53:25Z</time>
			</trkpt>
			<trkpt lat="35.40872689879464" lon="-83.58434559430312">
				<ele>580.4825110994279</ele>
				<time>2025-11-14T20:53:26Z</time>
			</trkpt>
			<trkpt lat="35.4087010622289" lon="-83.58430101631916">
				<ele>579.3222516551614</ele>
				<time>2025-11-14T20:53:27Z</time>
			</trkpt>
			<trkpt lat="35.40867528354393" lon="-83.58425482694014">
				<ele>578.1888839267194</ele>
				<time>2025-11-14T20:53:28Z</time>
			</trkpt>
			<trkpt lat="35.40864973909374" lon="-83.58420264411248">
				<ele>578.4115776829422</ele>
				<time>2025-11-14T20:53:29Z</time>
			</trkpt>
			<trkpt lat="35.40863004713329" lon="-83.58415967311963">
				<ele>578.7612094851211</ele>
				<time>2025-11-14T20:53:30Z</time>
			</trkpt>
			<trkpt lat="35.40860770497861" lon="-83.58410757558963">
				<ele>578.556100025773</ele>
				<time>2025-11-14T20:53:31Z</time>
			</trkpt>
			<trkpt lat="35.408586577881174" lon="-83.5840547967026">
				<ele>578.7224762896076</ele>
				<time>2025-11-14T20:53:32Z</time>
			</trkpt>
			<trkpt lat="35.408569163282685" lon="-83.58401967917969">
				<ele>579.0175296450034</ele>
				<time>2025-11-14T20:53:33Z</time>
			</trkpt>
			<trkpt lat="35.408550708770925" lon="-83.58397244421505">
				<ele>578.3747519748285</ele>
				<time>2025-11-14T20:53:34Z</time>
			</trkpt>
			<trkpt lat="35.40853397673658" lon="-83.58393280515799">
				<ele>578.0559578286484</ele>
				<time>2025-11-14T20:53:35Z</time>
			</trkpt>
			<trkpt lat="35.40851101215566" lon="-83.58388949214704">
				<ele>578.4657691111788</ele>
				<time>2025-11-14T20:53:36Z</time>
			</trkpt>
			<trkpt lat="35.40847857956884" lon="-83.58385849502851">
				<ele>579.8126262733713</ele>
				<time>2025-11-14T20:53:37Z</time>
			</trkpt>
			<trkpt lat="35.40844217413881" lon="-83.58383877615191">
				<ele>581.3958359267563</ele>
				<time>2025-11-14T20:53:38Z</time>
			</trkpt>
			<trkpt lat="35.40840807655145" lon="-83.58380594743535">
				<ele>581.66089579463</ele>
				<time>2025-11-14T20:53:39Z</time>
			</trkpt>
			<trkpt lat="35.40837073481178" lon="-83.58375780330222">
				<ele>581.1201102165505</ele>
				<time>2025-11-14T20:53:40Z</time>
			</trkpt>
			<trkpt lat="35.40833188711188" lon="-83.58372010145958">
				<ele>581.2011118698865</ele>
				<time>2025-11-14T20:53:41Z</time>
			</trkpt>
			<trkpt lat="35.40828953302117" lon="-83.58368725933232">
				<ele>581.7401715097949</ele>
				<time>2025-11-14T20:53:42Z</time>
			</trkpt>
			<trkpt lat="35.40825811807597" lon="-83.58365690618383">
				<ele>581.9600424915552</ele>
				<time>2025-11-14T20:53:43Z</time>
			</trkpt>
			<trkpt lat="35.40821470406122" lon="-83.5836343493268">
				<ele>581.9284051693976</ele>
				<time>2025-11-14T20:53:44Z</time>
			</trkpt>
			<trkpt lat="35.40817249229886" lon="-83.58361640393255">
				<ele>581.9759705923498</ele>
				<time>2025-11-14T20:53:45Z</time>
			</trkpt>
			<trkpt lat="35.40812782968093" lon="-83.58358530938031">
				<ele>580.9780762381852</ele>
				<time>2025-11-14T20:53:46Z</time>
			</trkpt>
			<trkpt lat="35.40810012109707" lon="-83.58356190278882">
				<ele>580.0995140895247</ele>
				<time>2025-11-14T20:53:47Z</time>
			</trkpt>
			<trkpt lat="35.408066688225375" lon="-83.5835569391348">
				<ele>579.638549733907</ele>
				<time>2025-11-14T20:53:48Z</time>
			</trkpt>
			<trkpt lat="35.408026896344985" lon="-83.5835565564665">
				<ele>578.1161263110116</ele>
				<time>2025-11-14T20:53:49Z</time>
			</trkpt>
			<trkpt lat="35.40798752524792" lon="-83.58357443093004">
				<ele>577.4628898529336</ele>
				<time>2025-11-14T20:53:50Z</time>
			</trkpt>
			<trkpt lat="35.40797453571796" lon="-83.58359149499938">
				<ele>577.9628208400682</ele>
				<time>2025-11-14T20:53:51Z</time>
			</trkpt>
			<trkpt lat="35.40795927527654" lon="-83.58363160216425">
				<ele>577.0685486998409</ele>
				<time>2025-11-14T20:53:53Z</time>
			</trkpt>
			<trkpt lat="35.4079619738895" lon="-83.58365762936181">
				<ele>576.1921714199707</ele>
				<time>2025-11-14T20:53:54Z</time>
			</trkpt>
			<trkpt lat="35.40796643413231" lon="-83.58367983477122">
				<ele>577.1093175979331</ele>
				<time>2025-11-14T20:53:56Z</time>
			</trkpt>
			<trkpt lat="35.40794421930729" lon="-83.58366454831474">
				<ele>574.0180110521615</ele>
				<time>2025-11-14T20:54:09Z</time>
			</trkpt>
			<trkpt lat="35.407960032751504" lon="-83.58367727372591">
				<ele>570.1807074984536</ele>
				<time>2025-11-14T20:54:16Z</time>
			</trkpt>
			<trkpt lat="35.40798055999926" lon="-83.58369957886498">
				<ele>570.2439803769812</ele>
				<time>2025-11-14T20:54:18Z</time>
			</trkpt>
			<trkpt lat="35.40799241342561" lon="-83.58371945030281">
				<ele>570.592487202026</ele>
				<time>2025-11-14T20:54:19Z</time>
			</trkpt>
			<trkpt lat="35.40800439701168" lon="-83.58375763099399">
				<ele>571.3558387989178</ele>
				<time>2025-11-14T20:54:21Z</time>
			</trkpt>
			<trkpt lat="35.40801766704631" lon="-83.58378805890081">
				<ele>571.8634781148285</ele>
				<time>2025-11-14T20:54:22Z</time>
			</trkpt>
			<trkpt lat="35.40802855874642" lon="-83.58382666496888">
				<ele>572.5078282998875</ele>
				<time>2025-11-14T20:54:23Z</time>
			</trkpt>
			<trkpt lat="35.40802993160334" lon="-83.5838695914217">
				<ele>572.9109547873959</ele>
				<time>2025-11-14T20:54:24Z</time>
			</trkpt>
			<trkpt lat="35.40803264381848" lon="-83.58390708084349">
				<ele>574.1780385738239</ele>
				<time>2025-11-14T20:54:25Z</time>
			</trkpt>
			<trkpt lat="35.40804045804024" lon="-83.58396694441525">
				<ele>574.4056736985222</ele>
				<time>2025-11-14T20:54:26Z</time>
			</trkpt>
			<trkpt lat="35.408033944594855" lon="-83.58402718911431">
				<ele>576.2933537364006</ele>
				<time>2025-11-14T20:54:27Z</time>
			</trkpt>
			<trkpt lat="35.40804092719379" lon="-83.58410669659804">
				<ele>577.4998854044825</ele>
				<time>2025-11-14T20:54:28Z</time>
			</trkpt>
			<trkpt lat="35.40803554469362" lon="-83.58417648544624">
				<ele>577.1603984776884</ele>
				<time>2025-11-14T20:54:29Z</time>
			</trkpt>
			<trkpt lat="35.40803406880106" lon="-83.58423967951475">
				<ele>576.9880106113851</ele>
				<time>2025-11-14T20:54:30Z</time>
			</trkpt>
			<trkpt lat="35.408014726154946" lon="-83.58431058037905">
				<ele>575.8062468189746</ele>
				<time>2025-11-14T20:54:31Z</time>
			</trkpt>
			<trkpt lat="35.40799967340945" lon="-83.58437162062654">
				<ele>575.1701078293845</ele>
				<time>2025-11-14T20:54:32Z</time>
			</trkpt>
			<trkpt lat="35.40797935214182" lon="-83.58442977009258">
				<ele>573.8047555182129</ele>
				<time>2025-11-14T20:54:33Z</time>
			</trkpt>
			<trkpt lat="35.407950497330326" lon="-83.58449039190619">
				<ele>573.1468743635342</ele>
				<time>2025-11-14T20:54:34Z</time>
			</trkpt>
			<trkpt lat="35.40794234963198" lon="-83.58454446284325">
				<ele>573.5389138096943</ele>
				<time>2025-11-14T20:54:35Z</time>
			</trkpt>
			<trkpt lat="35.407944982945274" lon="-83.58460876566744">
				<ele>573.4947006748989</ele>
				<time>2025-11-14T20:54:36Z</time>
			</trkpt>
			<trkpt lat="35.40795203335001" lon="-83.58464208091642">
				<ele>574.1129011530429</ele>
				<time>2025-11-14T20:54:37Z</time>
			</trkpt>
			<trkpt lat="35.40796849328432" lon="-83.58466029798872">
				<ele>579.7050653165206</ele>
				<time>2025-11-14T20:54:39Z</time>
			</trkpt>
			<trkpt lat="35.407974498721565" lon="-83.58468714751925">
				<ele>576.8627282166854</ele>
				<time>2025-11-14T20:54:41Z</time>
			</trkpt>
			<trkpt lat="35.40797023608082" lon="-83.5847161320969">
				<ele>575.5883448822424</ele>
				<time>2025-11-14T20:54:42Z</time>
			</trkpt>
			<trkpt lat="35.40796752204923" lon="-83.58474565928321">
				<ele>574.2332787541673</ele>
				<time>2025-11-14T20:54:43Z</time>
			</trkpt>
			<trkpt lat="35.40796291563137" lon="-83.5847862243666">
				<ele>573.3241362851113</ele>
				<time>2025-11-14T20:54:44Z</time>
			</trkpt>
			<trkpt lat="35.40796026516625" lon="-83.58482593007568">
				<ele>572.5215303944424</ele>
				<time>2025-11-14T20:54:45Z</time>
			</trkpt>
			<trkpt lat="35.407958998343986" lon="-83.5848592944392">
				<ele>572.4044463206083</ele>
				<time>2025-11-14T20:54:46Z</time>
			</trkpt>
			<trkpt lat="35.407954891591096" lon="-83.58489664168766">
				<ele>572.3290372686461</ele>
				<time>2025-11-14T20:54:47Z</time>
			</trkpt>
			<trkpt lat="35.40794926238834" lon="-83.58492650302433">
				<ele>572.6005178736523</ele>
				<time>2025-11-14T20:54:48Z</time>
			</trkpt>
			<trkpt lat="35.40793140574627" lon="-83.58496072949492">
				<ele>573.747881998308</ele>
				<time>2025-11-14T20:54:49Z</time>
			</trkpt>
			<trkpt lat="35.407909349593545" lon="-83.58498684207679">
				<ele>574.0392280397937</ele>
				<time>2025-11-14T20:54:50Z</time>
			</trkpt>
			<trkpt lat="35.40788833831473" lon="-83.58501030793511">
				<ele>573.7281679911539</ele>
				<time>2025-11-14T20:54:51Z</time>
			</trkpt>
			<trkpt lat="35.40787233007311" lon="-83.58504316283044">
				<ele>573.6061043711379</ele>
				<time>2025-11-14T20:54:52Z</time>
			</trkpt>
			<trkpt lat="35.40785329824316" lon="-83.58507637254809">
				<ele>573.240161895752</ele>
				<time>2025-11-14T20:54:53Z</time>
			</trkpt>
			<trkpt lat="35.40782956354207" lon="-83.58510771097055">
				<ele>572.5721683809534</ele>
				<time>2025-11-14T20:54:54Z</time>
			</trkpt>
			<trkpt lat="35.40781660969187" lon="-83.58513537625173">
				<ele>572.2777120517567</ele>
				<time>2025-11-14T20:54:55Z</time>
			</trkpt>
			<trkpt lat="35.40780316268282" lon="-83.58516877731296">
				<ele>572.6797407753766</ele>
				<time>2025-11-14T20:54:56Z</time>
			</trkpt>
			<trkpt lat="35.40778344656279" lon="-83.58518817553627">
				<ele>572.1677855988964</ele>
				<time>2025-11-14T20:54:57Z</time>
			</trkpt>
			<trkpt lat="35.40775382501379" lon="-83.58520244756193">
				<ele>570.9995833383873</ele>
				<time>2025-11-14T20:54:59Z</time>
			</trkpt>
			<trkpt lat="35.40772395410985" lon="-83.58520994447865">
				<ele>569.6382294073701</ele>
				<time>2025-11-14T20:55:01Z</time>
			</trkpt>
			<trkpt lat="35.40770863542299" lon="-83.5851955613254">
				<ele>567.490295571275</ele>
				<time>2025-11-14T20:55:03Z</time>
			</trkpt>
			<trkpt lat="35.407717570280134" lon="-83.58516788472163">
				<ele>565.9004987552762</ele>
				<time>2025-11-14T20:55:06Z</time>
			</trkpt>
			<trkpt lat="35.40774563223515" lon="-83.58518243946207">
				<ele>566.5102284755558</ele>
				<time>2025-11-14T20:55:08Z</time>
			</trkpt>
			<trkpt lat="35.40776277337941" lon="-83.58519221066622">
				<ele>566.1215610858053</ele>
				<time>2025-11-14T20:55:10Z</time>
			</trkpt>
			<trkpt lat="35.40775599078165" lon="-83.58521395225637">
				<ele>561.8430311791599</ele>
				<time>2025-11-14T20:55:24Z</time>
			</trkpt>
			<trkpt lat="35.40776049565671" lon="-83.58523671535295">
				<ele>563.57106197346</ele>
				<time>2025-11-14T20:55:32Z</time>
			</trkpt>
			<trkpt lat="35.40773777195282" lon="-83.58524110190511">
				<ele>564.7168311774731</ele>
				<time>2025-11-14T20:55:35Z</time>
			</trkpt>
			<trkpt lat="35.407717154004104" lon="-83.58525470890399">
				<ele>565.1321944743395</ele>
				<time>2025-11-14T20:55:37Z</time>
			</trkpt>
			<trkpt lat="35.40768937757563" lon="-83.58526156627839">
				<ele>565.7781141446903</ele>
				<time>2025-11-14T20:55:38Z</time>
			</trkpt>
			<trkpt lat="35.407668135499186" lon="-83.58525069941716">
				<ele>566.3818864161149</ele>
				<time>2025-11-14T20:55:39Z</time>
			</trkpt>
			<trkpt lat="35.407633617240364" lon="-83.58522267897933">
				<ele>567.5458191353828</ele>
				<time>2025-11-14T20:55:41Z</time>
			</trkpt>
			<trkpt lat="35.40761102322988" lon="-83.58519796673542">
				<ele>567.9277504459023</ele>
				<time>2025-11-14T20:55:43Z</time>
			</trkpt>
			<trkpt lat="35.40758737315602" lon="-83.58515972846443">
				<ele>567.6276271361858</ele>
				<time>2025-11-14T20:55:45Z</time>
			</trkpt>
			<trkpt lat="35.40757480621509" lon="-83.58513445892048">
				<ele>567.8099022656679</ele>
				<time>2025-11-14T20:55:46Z</time>
			</trkpt>
			<trkpt lat="35.4075564133704" lon="-83.58510890584817">
				<ele>567.7337851850316</ele>
				<time>2025-11-14T20:55:47Z</time>
			</trkpt>
			<trkpt lat="35.407542474856655" lon="-83.58508399920309">
				<ele>567.9413246838376</ele>
				<time>2025-11-14T20:55:48Z</time>
			</trkpt>
			<trkpt lat="35.407528074145326" lon="-83.58505293741487">
				<ele>567.9481774801388</ele>
				<time>2025-11-14T20:55:49Z</time>
			</trkpt>
			<trkpt lat="35.40752043270104" lon="-83.58502416776084">
				<ele>568.1711726877838</ele>
				<time>2025-11-14T20:55:50Z</time>
			</trkpt>
			<trkpt lat="35.40750896347004" lon="-83.58499525478973">
				<ele>568.2081727134064</ele>
				<time>2025-11-14T20:55:51Z</time>
			</trkpt>
			<trkpt lat="35.4074977136577" lon="-83.58496693820427">
				<ele>568.4511093199253</ele>
				<time>2025-11-14T20:55:52Z</time>
			</trkpt>
			<trkpt lat="35.407492993139336" lon="-83.58494005107232">
				<ele>568.6967957410961</ele>
				<time>2025-11-14T20:55:53Z</time>
			</trkpt>
			<trkpt lat="35.40749034061559" lon="-83.58491399901389">
				<ele>569.6307952925563</ele>
				<time>2025-11-14T20:55:54Z</time>
			</trkpt>
			<trkpt lat="35.40747772199344" lon="-83.58488696595941">
				<ele>569.9986375821754</ele>
				<time>2025-11-14T20:55:55Z</time>
			</trkpt>
			<trkpt lat="35.40746612708892" lon="-83.58485241724105">
				<ele>570.5800146441907</ele>
				<time>2025-11-14T20:55:56Z</time>
			</trkpt>
			<trkpt lat="35.40745468245329" lon="-83.58482347707961">
				<ele>570.9869695259258</ele>
				<time>2025-11-14T20:55:57Z</time>
			</trkpt>
			<trkpt lat="35.40744581626646" lon="-83.58480054172698">
				<ele>572.0342898992822</ele>
				<time>2025-11-14T20:55:58Z</time>
			</trkpt>
			<trkpt lat="35.40744049140178" lon="-83.58475728301926">
				<ele>571.7924205064774</ele>
				<time>2025-11-14T20:56:00Z</time>
			</trkpt>
			<trkpt lat="35.40743784621545" lon="-83.58473338958795">
				<ele>571.6988466549665</ele>
				<time>2025-11-14T20:56:01Z</time>
			</trkpt>
			<trkpt lat="35.40742806864247" lon="-83.5847113910239">
				<ele>571.6353608574718</ele>
				<time>2025-11-14T20:56:02Z</time>
			</trkpt>
			<trkpt lat="35.40741203618917" lon="-83.58468551418669">
				<ele>571.5976793998852</ele>
				<time>2025-11-14T20:56:03Z</time>
			</trkpt>
			<trkpt lat="35.407373559655404" lon="-83.58467435655356">
				<ele>571.9581864643842</ele>
				<time>2025-11-14T20:56:04Z</time>
			</trkpt>
			<trkpt lat="35.407311045661835" lon="-83.58467630887009">
				<ele>572.312198407948</ele>
				<time>2025-11-14T20:56:05Z</time>
			</trkpt>
			<trkpt lat="35.40727317558329" lon="-83.58469903893294">
				<ele>573.0097469640896</ele>
				<time>2025-11-14T20:56:06Z</time>
			</trkpt>
			<trkpt lat="35.407246346396484" lon="-83.58470806847275">
				<ele>573.2784634269774</ele>
				<time>2025-11-14T20:56:07Z</time>
			</trkpt>
			<trkpt lat="35.407215361943756" lon="-83.58473240752245">
				<ele>573.6421576403081</ele>
				<time>2025-11-14T20:56:08Z</time>
			</trkpt>
			<trkpt lat="35.40720527384078" lon="-83.58476930564098">
				<ele>573.5832724822685</ele>
				<time>2025-11-14T20:56:09Z</time>
			</trkpt>
			<trkpt lat="35.40718261184578" lon="-83.58478305715558">
				<ele>572.1536063347012</ele>
				<time>2025-11-14T20:56:10Z</time>
			</trkpt>
			<trkpt lat="35.4071826151566" lon="-83.5848305988555">
				<ele>570.5811359900981</ele>
				<time>2025-11-14T20:56:11Z</time>
			</trkpt>
			<trkpt lat="35.40716233231281" lon="-83.5848818602637">
				<ele>568.1507831439376</ele>
				<time>2025-11-14T20:56:12Z</time>
			</trkpt>
			<trkpt lat="35.40715160668672" lon="-83.58494265992938">
				<ele>566.169123169966</ele>
				<time>2025-11-14T20:56:13Z</time>
			</trkpt>
			<trkpt lat="35.40712026401166" lon="-83.58501531358097">
				<ele>564.0623495467007</ele>
				<time>2025-11-14T20:56:14Z</time>
			</trkpt>
			<trkpt lat="35.40708970591964" lon="-83.58509242655265">
				<ele>563.127454739064</ele>
				<time>2025-11-14T20:56:15Z</time>
			</trkpt>
			<trkpt lat="35.40705383975099" lon="-83.58516646659717">
				<ele>562.9555333787575</ele>
				<time>2025-11-14T20:56:16Z</time>
			</trkpt>
			<trkpt lat="35.407018787058675" lon="-83.58525120763228">
				<ele>560.9720602678135</ele>
				<time>2025-11-14T20:56:17Z</time>
			</trkpt>
			<trkpt lat="35.40698572150162" lon="-83.58532737398512">
				<ele>560.4024691758677</ele>
				<time>2025-11-14T20:56:18Z</time>
			</trkpt>
			<trkpt lat="35.40695358868405" lon="-83.5854042041171">
				<ele>560.3447892796248</ele>
				<time>2025-11-14T20:56:19Z</time>
			</trkpt>
			<trkpt lat="35.40691828509073" lon="-83.5854883725707">
				<ele>559.4956401931122</ele>
				<time>2025-11-14T20:56:20Z</time>
			</trkpt>
			<trkpt lat="35.406890408604326" lon="-83.58555651532424">
				<ele>558.0914144469425</ele>
				<time>2025-11-14T20:56:21Z</time>
			</trkpt>
			<trkpt lat="35.4068537409582" lon="-83.5856273695708">
				<ele>556.7944188965484</ele>
				<time>2025-11-14T20:56:22Z</time>
			</trkpt>
			<trkpt lat="35.40681005135306" lon="-83.58570140153564">
				<ele>556.0450958758593</ele>
				<time>2025-11-14T20:56:23Z</time>
			</trkpt>
			<trkpt lat="35.40676375849898" lon="-83.58577555857059">
				<ele>555.3236711584032</ele>
				<time>2025-11-14T20:56:24Z</time>
			</trkpt>
			<trkpt lat="35.40671164469818" lon="-83.58583898537826">
				<ele>553.9283460397273</ele>
				<time>2025-11-14T20:56:25Z</time>
			</trkpt>
			<trkpt lat="35.40665593715876" lon="-83.58589237808603">
				<ele>552.3096680566669</ele>
				<time>2025-11-14T20:56:26Z</time>
			</trkpt>
			<trkpt lat="35.4065914073915" lon="-83.58589691296405">
				<ele>552.7303983354941</ele>
				<time>2025-11-14T20:56:27Z</time>
			</trkpt>
			<trkpt lat="35.406531243698424" lon="-83.58587265544345">
				<ele>551.7699910970405</ele>
				<time>2025-11-14T20:56:28Z</time>
			</trkpt>
			<trkpt lat="35.40647200982174" lon="-83.58583109745777">
				<ele>552.7177011761814</ele>
				<time>2025-11-14T20:56:29Z</time>
			</trkpt>
			<trkpt lat="35.40642035657207" lon="-83.58578732613198">
				<ele>551.7911197412759</ele>
				<time>2025-11-14T20:56:30Z</time>
			</trkpt>
			<trkpt lat="35.40637238315414" lon="-83.58576538230166">
				<ele>551.5785686085001</ele>
				<time>2025-11-14T20:56:31Z</time>
			</trkpt>
			<trkpt lat="35.40632752058548" lon="-83.58577134591425">
				<ele>550.2835871903226</ele>
				<time>2025-11-14T20:56:32Z</time>
			</trkpt>
			<trkpt lat="35.40631038386206" lon="-83.58582091105764">
				<ele>550.2088050497696</ele>
				<time>2025-11-14T20:56:33Z</time>
			</trkpt>
			<trkpt lat="35.40630935809049" lon="-83.5858576316869">
				<ele>550.0425171265379</ele>
				<time>2025-11-14T20:56:34Z</time>
			</trkpt>
			<trkpt lat="35.40630625199396" lon="-83.58588542004554">
				<ele>549.7542746327817</ele>
				<time>2025-11-14T20:56:36Z</time>
			</trkpt>
			<trkpt lat="35.40629116173028" lon="-83.58587233715919">
				<ele>550.6049329796806</ele>
				<time>2025-11-14T20:56:38Z</time>
			</trkpt>
			<trkpt lat="35.40627324774332" lon="-83.58586337221595">
				<ele>551.7430370841175</ele>
				<time>2025-11-14T20:56:39Z</time>
			</trkpt>
			<trkpt lat="35.40627595205105" lon="-83.5858186596771">
				<ele>552.3139200722799</ele>
				<time>2025-11-14T20:56:41Z</time>
			</trkpt>
			<trkpt lat="35.406283834869484" lon="-83.58578624313341">
				<ele>552.8601973960176</ele>
				<time>2025-11-14T20:56:42Z</time>
			</trkpt>
			<trkpt lat="35.40628723243473" lon="-83.5857548900019">
				<ele>553.2035867096856</ele>
				<time>2025-11-14T20:56:43Z</time>
			</trkpt>
			<trkpt lat="35.406284789838146" lon="-83.5857263018693">
				<ele>553.5921418527141</ele>
				<time>2025-11-14T20:56:44Z</time>
			</trkpt>
			<trkpt lat="35.40628465757738" lon="-83.58569551705209">
				<ele>553.1233079070225</ele>
				<time>2025-11-14T20:56:45Z</time>
			</trkpt>
			<trkpt lat="35.40629453440881" lon="-83.5856383395789">
				<ele>553.5314201405272</ele>
				<time>2025-11-14T20:56:46Z</time>
			</trkpt>
			<trkpt lat="35.40630384724598" lon="-83.58560695321366">
				<ele>554.0911845611408</ele>
				<time>2025-11-14T20:56:47Z</time>
			</trkpt>
			<trkpt lat="35.40630786445884" lon="-83.5855754781373">
				<ele>555.5892173433676</ele>
				<time>2025-11-14T20:56:49Z</time>
			</trkpt>
			<trkpt lat="35.40631061293325" lon="-83.58555027392644">
				<ele>555.3115682620555</ele>
				<time>2025-11-14T20:56:50Z</time>
			</trkpt>
			<trkpt lat="35.40631196232945" lon="-83.58552492723399">
				<ele>555.0956176482141</ele>
				<time>2025-11-14T20:56:51Z</time>
			</trkpt>
			<trkpt lat="35.40631732310056" lon="-83.585497400543">
				<ele>554.6118878452107</ele>
				<time>2025-11-14T20:56:52Z</time>
			</trkpt>
			<trkpt lat="35.406327592164224" lon="-83.58546735934483">
				<ele>554.5140745667741</ele>
				<time>2025-11-14T20:56:53Z</time>
			</trkpt>
			<trkpt lat="35.40633668968465" lon="-83.58543629239472">
				<ele>553.9821149175987</ele>
				<time>2025-11-14T20:56:54Z</time>
			</trkpt>
			<trkpt lat="35.40633922735308" lon="-83.58540031281456">
				<ele>553.8376863226295</ele>
				<time>2025-11-14T20:56:55Z</time>
			</trkpt>
			<trkpt lat="35.40633834487293" lon="-83.58537068743416">
				<ele>553.4952408308163</ele>
				<time>2025-11-14T20:56:56Z</time>
			</trkpt>
			<trkpt lat="35.40633572673997" lon="-83.58534135990212">
				<ele>553.4055372495204</ele>
				<time>2025-11-14T20:56:57Z</time>
			</trkpt>
			<trkpt lat="35.40633097221833" lon="-83.58530779563179">
				<ele>553.2160150948912</ele>
				<time>2025-11-14T20:56:58Z</time>
			</trkpt>
			<trkpt lat="35.40632568854424" lon="-83.58527966466404">
				<ele>553.408385289833</ele>
				<time>2025-11-14T20:56:59Z</time>
			</trkpt>
			<trkpt lat="35.40632336458517" lon="-83.58523292237498">
				<ele>555.5860360404477</ele>
				<time>2025-11-14T20:57:01Z</time>
			</trkpt>
			<trkpt lat="35.406325564670794" lon="-83.58517524968073">
				<ele>555.9117818232626</ele>
				<time>2025-11-14T20:57:03Z</time>
			</trkpt>
			<trkpt lat="35.40632802412694" lon="-83.58512732017539">
				<ele>556.511020344682</ele>
				<time>2025-11-14T20:57:05Z</time>
			</trkpt>
			<trkpt lat="35.406330110695905" lon="-83.5851001763968">
				<ele>557.1376616479829</ele>
				<time>2025-11-14T20:57:06Z</time>
			</trkpt>
			<trkpt lat="35.406331221193525" lon="-83.58507216106317">
				<ele>557.6934383278713</ele>
				<time>2025-11-14T20:57:07Z</time>
			</trkpt>
			<trkpt lat="35.40633145256581" lon="-83.58504253427245">
				<ele>558.4733497258276</ele>
				<time>2025-11-14T20:57:08Z</time>
			</trkpt>
			<trkpt lat="35.40633404375625" lon="-83.58501540021703">
				<ele>558.6686097923666</ele>
				<time>2025-11-14T20:57:09Z</time>
			</trkpt>
			<trkpt lat="35.40633535482947" lon="-83.58498819085867">
				<ele>558.343125523068</ele>
				<time>2025-11-14T20:57:10Z</time>
			</trkpt>
			<trkpt lat="35.406336736064084" lon="-83.5849475163735">
				<ele>558.4412175435573</ele>
				<time>2025-11-14T20:57:11Z</time>
			</trkpt>
			<trkpt lat="35.406339882882115" lon="-83.5848950999818">
				<ele>558.573952306062</ele>
				<time>2025-11-14T20:57:13Z</time>
			</trkpt>
			<trkpt lat="35.4063413518608" lon="-83.58486200148248">
				<ele>559.2616366064176</ele>
				<time>2025-11-14T20:57:14Z</time>
			</trkpt>
			<trkpt lat="35.40634384956749" lon="-83.58483262079439">
				<ele>559.1274207420647</ele>
				<time>2025-11-14T20:57:15Z</time>
			</trkpt>
			<trkpt lat="35.406346639835455" lon="-83.58479502974029">
				<ele>559.2344643650576</ele>
				<time>2025-11-14T20:57:16Z</time>
			</trkpt>
			<trkpt lat="35.406346382337986" lon="-83.58476070891398">
				<ele>559.2910717586055</ele>
				<time>2025-11-14T20:57:17Z</time>
			</trkpt>
			<trkpt lat="35.406347521882026" lon="-83.584726512021">
				<ele>559.0640489170328</ele>
				<time>2025-11-14T20:57:18Z</time>
			</trkpt>
			<trkpt lat="35.40634780731951" lon="-83.58468715902693">
				<ele>558.6431774478406</ele>
				<time>2025-11-14T20:57:19Z</time>
			</trkpt>
			<trkpt lat="35.40635456525576" lon="-83.58464835173888">
				<ele>558.2440189570189</ele>
				<time>2025-11-14T20:57:20Z</time>
			</trkpt>
			<trkpt lat="35.40636237212934" lon="-83.5845776933835">
				<ele>557.962556457147</ele>
				<time>2025-11-14T20:57:21Z</time>
			</trkpt>
			<trkpt lat="35.40636215201637" lon="-83.58454282137274">
				<ele>557.5435621114448</ele>
				<time>2025-11-14T20:57:22Z</time>
			</trkpt>
			<trkpt lat="35.40635255656728" lon="-83.58451625259327">
				<ele>557.1551498277113</ele>
				<time>2025-11-14T20:57:23Z</time>
			</trkpt>
			<trkpt lat="35.40634033631831" lon="-83.5844936103798">
				<ele>557.0026301145554</ele>
				<time>2025-11-14T20:57:24Z</time>
			</trkpt>
			<trkpt lat="35.40632686704283" lon="-83.58447180558491">
				<ele>556.8434159709141</ele>
				<time>2025-11-14T20:57:25Z</time>
			</trkpt>
			<trkpt lat="35.40632393346326" lon="-83.58444732218743">
				<ele>556.8196887336671</ele>
				<time>2025-11-14T20:57:26Z</time>
			</trkpt>
			<trkpt lat="35.40633123044896" lon="-83.58442437404223">
				<ele>556.8417262975127</ele>
				<time>2025-11-14T20:57:27Z</time>
			</trkpt>
			<trkpt lat="35.40634069786826" lon="-83.58440546523941">
				<ele>557.0556730031967</ele>
				<time>2025-11-14T20:57:28Z</time>
			</trkpt>
			<trkpt lat="35.40636512914819" lon="-83.58438873219312">
				<ele>557.2232191534713</ele>
				<time>2025-11-14T20:57:30Z</time>
			</trkpt>
			<trkpt lat="35.406384444957006" lon="-83.58438543244698">
				<ele>556.9915364589542</ele>
				<time>2025-11-14T20:57:31Z</time>
			</trkpt>
			<trkpt lat="35.40640004152799" lon="-83.58436681471728">
				<ele>556.7232748204842</ele>
				<time>2025-11-14T20:57:33Z</time>
			</trkpt>
			<trkpt lat="35.40641864809116" lon="-83.58438873989816">
				<ele>556.7587869595736</ele>
				<time>2025-11-14T20:57:36Z</time>
			</trkpt>
			<trkpt lat="35.406425552458145" lon="-83.58436714735194">
				<ele>557.1361582539976</ele>
				<time>2025-11-14T20:57:43Z</time>
			</trkpt>
			<trkpt lat="35.40640761096396" lon="-83.58436497060092">
				<ele>559.1275298958644</ele>
				<time>2025-11-14T20:58:28Z</time>
			</trkpt>
		</trkseg>
	</trk>
</gpx>
