Id,SalePrice,GrLivArea,MSSubClass,MSZoning,LotFrontage,LotArea,Street,Alley,LotShape,LandContour,Utilities,LotConfig,LandSlope,Neighborhood,Condition1,Condition2,BldgType,HouseStyle,OverallQual,OverallCond,YearBuilt,YearRemodAdd,RoofStyle,RoofMatl,Exterior1st,Exterior2nd,MasVnrType,MasVnrArea,ExterQual,ExterCond,Foundation,BsmtQual,BsmtCond,BsmtExposure,BsmtFinType1,BsmtFinSF1,BsmtFinType2,BsmtFinSF2,BsmtUnfSF,TotalBsmtSF,Heating,HeatingQC,CentralAir,Electrical,1stFlrSF,2ndFlrSF,LowQualFinSF,BsmtFullBath,BsmtHalfBath,FullBath,HalfBath,BedroomAbvGr,KitchenAbvGr,KitchenQual,TotRmsAbvGrd,Functional,Fireplaces,FireplaceQu,GarageType,GarageYrBlt,GarageFinish,GarageCars,GarageArea,GarageQual,GarageCond,PavedDrive,WoodDeckSF,OpenPorchSF,EnclosedPorch,3SsnPorch,ScreenPorch,PoolArea,PoolQC,Fence,MiscFeature,MiscVal,MoSold,YrSold,SaleType,SaleCondition
1,208500,1710,60,RL,65.0,8450,Pave,,Reg,Lvl,AllPub,Inside,Gtl,CollgCr,Norm,Norm,1Fam,2Story,7,5,2003,2003,Gable,CompShg,VinylSd,VinylSd,BrkFace,196.0,Gd,TA,PConc,Gd,TA,No,GLQ,706.0,Unf,0.0,150.0,856.0,GasA,Ex,Y,SBrkr,856,854,0,1.0,0.0,2,1,3,1,Gd,8,Typ,0,,Attchd,2003.0,RFn,2.0,548.0,TA,TA,Y,0,61,0,0,0,0,,,,0,2,2008,WD ,Normal
2,181500,1262,20,RL,80.0,9600,Pave,,Reg,Lvl,AllPub,FR2,Gtl,Veenker,Feedr,Norm,1Fam,1Story,6,8,1976,1976,Gable,CompShg,MetalSd,MetalSd,None,0.0,TA,TA,CBlock,Gd,TA,Gd,ALQ,978.0,Unf,0.0,284.0,1262.0,GasA,Ex,Y,SBrkr,1262,0,0,0.0,1.0,2,0,3,1,TA,6,Typ,1,TA,Attchd,1976.0,RFn,2.0,460.0,TA,TA,Y,298,0,0,0,0,0,,,,0,5,2007,WD ,Normal
3,223500,1786,60,RL,68.0,11250,Pave,,IR1,Lvl,AllPub,Inside,Gtl,CollgCr,Norm,Norm,1Fam,2Story,7,5,2001,2002,Gable,CompShg,VinylSd,VinylSd,BrkFace,162.0,Gd,TA,PConc,Gd,TA,Mn,GLQ,486.0,Unf,0.0,434.0,920.0,GasA,Ex,Y,SBrkr,920,866,0,1.0,0.0,2,1,3,1,Gd,6,Typ,1,TA,Attchd,2001.0,RFn,2.0,608.0,TA,TA,Y,0,42,0,0,0,0,,,,0,9,2008,WD ,Normal
4,140000,1717,70,RL,60.0,9550,Pave,,IR1,Lvl,AllPub,Corner,Gtl,Crawfor,Norm,Norm,1Fam,2Story,7,5,1915,1970,Gable,CompShg,Wd Sdng,Wd Shng,None,0.0,TA,TA,BrkTil,TA,Gd,No,ALQ,216.0,Unf,0.0,540.0,756.0,GasA,Gd,Y,SBrkr,961,756,0,1.0,0.0,1,0,3,1,Gd,7,Typ,1,Gd,Detchd,1998.0,Unf,3.0,642.0,TA,TA,Y,0,35,272,0,0,0,,,,0,2,2006,WD ,Abnorml
5,250000,2198,60,RL,84.0,14260,Pave,,IR1,Lvl,AllPub,FR2,Gtl,NoRidge,Norm,Norm,1Fam,2Story,8,5,2000,2000,Gable,CompShg,VinylSd,VinylSd,BrkFace,350.0,Gd,TA,PConc,Gd,TA,Av,GLQ,655.0,Unf,0.0,490.0,1145.0,GasA,Ex,Y,SBrkr,1145,1053,0,1.0,0.0,2,1,4,1,Gd,9,Typ,1,TA,Attchd,2000.0,RFn,3.0,836.0,TA,TA,Y,192,84,0,0,0,0,,,,0,12,2008,WD ,Normal
6,143000,1362,50,RL,85.0,14115,Pave,,IR1,Lvl,AllPub,Inside,Gtl,Mitchel,Norm,Norm,1Fam,1.5Fin,5,5,1993,1995,Gable,CompShg,VinylSd,VinylSd,None,0.0,TA,TA,Wood,Gd,TA,No,GLQ,732.0,Unf,0.0,64.0,796.0,GasA,Ex,Y,SBrkr,796,566,0,1.0,0.0,1,1,1,1,TA,5,Typ,0,,Attchd,1993.0,Unf,2.0,480.0,TA,TA,Y,40,30,0,320,0,0,,MnPrv,Shed,700,10,2009,WD ,Normal
7,307000,1694,20,RL,75.0,10084,Pave,,Reg,Lvl,AllPub,Inside,Gtl,Somerst,Norm,Norm,1Fam,1Story,8,5,2004,2005,Gable,CompShg,VinylSd,VinylSd,Stone,186.0,Gd,TA,PConc,Ex,TA,Av,GLQ,1369.0,Unf,0.0,317.0,1686.0,GasA,Ex,Y,SBrkr,1694,0,0,1.0,0.0,2,0,3,1,Gd,7,Typ,1,Gd,Attchd,2004.0,RFn,2.0,636.0,TA,TA,Y,255,57,0,0,0,0,,,,0,8,2007,WD ,Normal
8,200000,2090,60,RL,,10382,Pave,,IR1,Lvl,AllPub,Corner,Gtl,NWAmes,PosN,Norm,1Fam,2Story,7,6,1973,1973,Gable,CompShg,HdBoard,HdBoard,Stone,240.0,TA,TA,CBlock,Gd,TA,Mn,ALQ,859.0,BLQ,32.0,216.0,1107.0,GasA,Ex,Y,SBrkr,1107,983,0,1.0,0.0,2,1,3,1,TA,7,Typ,2,TA,Attchd,1973.0,RFn,2.0,484.0,TA,TA,Y,235,204,228,0,0,0,,,Shed,350,11,2009,WD ,Normal
9,129900,1774,50,RM,51.0,6120,Pave,,Reg,Lvl,AllPub,Inside,Gtl,OldTown,Artery,Norm,1Fam,1.5Fin,7,5,1931,1950,Gable,CompShg,BrkFace,Wd Shng,None,0.0,TA,TA,BrkTil,TA,TA,No,Unf,0.0,Unf,0.0,952.0,952.0,GasA,Gd,Y,FuseF,1022,752,0,0.0,0.0,2,0,2,2,TA,8,Min1,2,TA,Detchd,1931.0,Unf,2.0,468.0,Fa,TA,Y,90,0,205,0,0,0,,,,0,4,2008,WD ,Abnorml
10,118000,1077,190,RL,50.0,7420,Pave,,Reg,Lvl,AllPub,Corner,Gtl,BrkSide,Artery,Artery,2fmCon,1.5Unf,5,6,1939,1950,Gable,CompShg,MetalSd,MetalSd,None,0.0,TA,TA,BrkTil,TA,TA,No,GLQ,851.0,Unf,0.0,140.0,991.0,GasA,Ex,Y,SBrkr,1077,0,0,1.0,0.0,1,0,2,2,TA,5,Typ,2,TA,Attchd,1939.0,RFn,1.0,205.0,Gd,TA,Y,0,4,0,0,0,0,,,,0,1,2008,WD ,Normal
11,129500,1040,20,RL,70.0,11200,Pave,,Reg,Lvl,AllPub,Inside,Gtl,Sawyer,Norm,Norm,1Fam,1Story,5,5,1965,1965,Hip,CompShg,HdBoard,HdBoard,None,0.0,TA,TA,CBlock,TA,TA,No,Rec,906.0,Unf,0.0,134.0,1040.0,GasA,Ex,Y,SBrkr,1040,0,0,1.0,0.0,1,0,3,1,TA,5,Typ,0,,Detchd,1965.0,Unf,1.0,384.0,TA,TA,Y,0,0,0,0,0,0,,,,0,2,2008,WD ,Normal
12,345000,2324,60,RL,85.0,11924,Pave,,IR1,Lvl,AllPub,Inside,Gtl,NridgHt,Norm,Norm,1Fam,2Story,9,5,2005,2006,Hip,CompShg,WdShing,Wd Shng,Stone,286.0,Ex,TA,PConc,Ex,TA,No,GLQ,998.0,Unf,0.0,177.0,1175.0,GasA,Ex,Y,SBrkr,1182,1142,0,1.0,0.0,3,0,4,1,Ex,11,Typ,2,Gd,BuiltIn,2005.0,Fin,3.0,736.0,TA,TA,Y,147,21,0,0,0,0,,,,0,7,2006,New,Partial
13,144000,912,20,RL,,12968,Pave,,IR2,Lvl,AllPub,Inside,Gtl,Sawyer,Norm,Norm,1Fam,1Story,5,6,1962,1962,Hip,CompShg,HdBoard,Plywood,None,0.0,TA,TA,CBlock,TA,TA,No,ALQ,737.0,Unf,0.0,175.0,912.0,GasA,TA,Y,SBrkr,912,0,0,1.0,0.0,1,0,2,1,TA,4,Typ,0,,Detchd,1962.0,Unf,1.0,352.0,TA,TA,Y,140,0,0,0,176,0,,,,0,9,2008,WD ,Normal
14,279500,1494,20,RL,91.0,10652,Pave,,IR1,Lvl,AllPub,Inside,Gtl,CollgCr,Norm,Norm,1Fam,1Story,7,5,2006,2007,Gable,CompShg,VinylSd,VinylSd,Stone,306.0,Gd,TA,PConc,Gd,TA,Av,Unf,0.0,Unf,0.0,1494.0,1494.0,GasA,Ex,Y,SBrkr,1494,0,0,0.0,0.0,2,0,3,1,Gd,7,Typ,1,Gd,Attchd,2006.0,RFn,3.0,840.0,TA,TA,Y,160,33,0,0,0,0,,,,0,8,2007,New,Partial
15,157000,1253,20,RL,,10920,Pave,,IR1,Lvl,AllPub,Corner,Gtl,NAmes,Norm,Norm,1Fam,1Story,6,5,1960,1960,Hip,CompShg,MetalSd,MetalSd,BrkFace,212.0,TA,TA,CBlock,TA,TA,No,BLQ,733.0,Unf,0.0,520.0,1253.0,GasA,TA,Y,SBrkr,1253,0,0,1.0,0.0,1,1,2,1,TA,5,Typ,1,Fa,Attchd,1960.0,RFn,1.0,352.0,TA,TA,Y,0,213,176,0,0,0,,GdWo,,0,5,2008,WD ,Normal
16,132000,854,45,RM,51.0,6120,Pave,,Reg,Lvl,AllPub,Corner,Gtl,BrkSide,Norm,Norm,1Fam,1.5Unf,7,8,1929,2001,Gable,CompShg,Wd Sdng,Wd Sdng,None,0.0,TA,TA,BrkTil,TA,TA,No,Unf,0.0,Unf,0.0,832.0,832.0,GasA,Ex,Y,FuseA,854,0,0,0.0,0.0,1,0,2,1,TA,5,Typ,0,,Detchd,1991.0,Unf,2.0,576.0,TA,TA,Y,48,112,0,0,0,0,,GdPrv,,0,7,2007,WD ,Normal
17,149000,1004,20,RL,,11241,Pave,,IR1,Lvl,AllPub,CulDSac,Gtl,NAmes,Norm,Norm,1Fam,1Story,6,7,1970,1970,Gable,CompShg,Wd Sdng,Wd Sdng,BrkFace,180.0,TA,TA,CBlock,TA,TA,No,ALQ,578.0,Unf,0.0,426.0,1004.0,GasA,Ex,Y,SBrkr,1004,0,0,1.0,0.0,1,0,2,1,TA,5,Typ,1,TA,Attchd,1970.0,Fin,2.0,480.0,TA,TA,Y,0,0,0,0,0,0,,,Shed,700,3,2010,WD ,Normal
18,90000,1296,90,RL,72.0,10791,Pave,,Reg,Lvl,AllPub,Inside,Gtl,Sawyer,Norm,Norm,Duplex,1Story,4,5,1967,1967,Gable,CompShg,MetalSd,MetalSd,None,0.0,TA,TA,Slab,,,,,0.0,,0.0,0.0,0.0,GasA,TA,Y,SBrkr,1296,0,0,0.0,0.0,2,0,2,2,TA,6,Typ,0,,CarPort,1967.0,Unf,2.0,516.0,TA,TA,Y,0,0,0,0,0,0,,,Shed,500,10,2006,WD ,Normal
19,159000,1114,20,RL,66.0,13695,Pave,,Reg,Lvl,AllPub,Inside,Gtl,SawyerW,RRAe,Norm,1Fam,1Story,5,5,2004,2004,Gable,CompShg,VinylSd,VinylSd,None,0.0,TA,TA,PConc,TA,TA,No,GLQ,646.0,Unf,0.0,468.0,1114.0,GasA,Ex,Y,SBrkr,1114,0,0,1.0,0.0,1,1,3,1,Gd,6,Typ,0,,Detchd,2004.0,Unf,2.0,576.0,TA,TA,Y,0,102,0,0,0,0,,,,0,6,2008,WD ,Normal
20,139000,1339,20,RL,70.0,7560,Pave,,Reg,Lvl,AllPub,Inside,Gtl,NAmes,Norm,Norm,1Fam,1Story,5,6,1958,1965,Hip,CompShg,BrkFace,Plywood,None,0.0,TA,TA,CBlock,TA,TA,No,LwQ,504.0,Unf,0.0,525.0,1029.0,GasA,TA,Y,SBrkr,1339,0,0,0.0,0.0,1,0,3,1,TA,6,Min1,0,,Attchd,1958.0,Unf,1.0,294.0,TA,TA,Y,0,0,0,0,0,0,,MnPrv,,0,5,2009,COD,Abnorml
21,325300,2376,60,RL,101.0,14215,Pave,,IR1,Lvl,AllPub,Corner,Gtl,NridgHt,Norm,Norm,1Fam,2Story,8,5,2005,2006,Gable,CompShg,VinylSd,VinylSd,BrkFace,380.0,Gd,TA,PConc,Ex,TA,Av,Unf,0.0,Unf,0.0,1158.0,1158.0,GasA,Ex,Y,SBrkr,1158,1218,0,0.0,0.0,3,1,4,1,Gd,9,Typ,1,Gd,BuiltIn,2005.0,RFn,3.0,853.0,TA,TA,Y,240,154,0,0,0,0,,,,0,11,2006,New,Partial
22,139400,1108,45,RM,57.0,7449,Pave,Grvl,Reg,Bnk,AllPub,Inside,Gtl,IDOTRR,Norm,Norm,1Fam,1.5Unf,7,7,1930,1950,Gable,CompShg,Wd Sdng,Wd Sdng,None,0.0,TA,TA,PConc,TA,TA,No,Unf,0.0,Unf,0.0,637.0,637.0,GasA,Ex,Y,FuseF,1108,0,0,0.0,0.0,1,0,3,1,Gd,6,Typ,1,Gd,Attchd,1930.0,Unf,1.0,280.0,TA,TA,N,0,0,205,0,0,0,,GdPrv,,0,6,2007,WD ,Normal
23,230000,1795,20,RL,75.0,9742,Pave,,Reg,Lvl,AllPub,Inside,Gtl,CollgCr,Norm,Norm,1Fam,1Story,8,5,2002,2002,Hip,CompShg,VinylSd,VinylSd,BrkFace,281.0,Gd,TA,PConc,Gd,TA,No,Unf,0.0,Unf,0.0,1777.0,1777.0,GasA,Ex,Y,SBrkr,1795,0,0,0.0,0.0,2,0,3,1,Gd,7,Typ,1,Gd,Attchd,2002.0,RFn,2.0,534.0,TA,TA,Y,171,159,0,0,0,0,,,,0,9,2008,WD ,Normal
24,129900,1060,120,RM,44.0,4224,Pave,,Reg,Lvl,AllPub,Inside,Gtl,MeadowV,Norm,Norm,TwnhsE,1Story,5,7,1976,1976,Gable,CompShg,CemntBd,CmentBd,None,0.0,TA,TA,PConc,Gd,TA,No,GLQ,840.0,Unf,0.0,200.0,1040.0,GasA,TA,Y,SBrkr,1060,0,0,1.0,0.0,1,0,3,1,TA,6,Typ,1,TA,Attchd,1976.0,Unf,2.0,572.0,TA,TA,Y,100,110,0,0,0,0,,,,0,6,2007,WD ,Normal
25,154000,1060,20,RL,,8246,Pave,,IR1,Lvl,AllPub,Inside,Gtl,Sawyer,Norm,Norm,1Fam,1Story,5,8,1968,2001,Gable,CompShg,Plywood,Plywood,None,0.0,TA,Gd,CBlock,TA,TA,Mn,Rec,188.0,ALQ,668.0,204.0,1060.0,GasA,Ex,Y,SBrkr,1060,0,0,1.0,0.0,1,0,3,1,Gd,6,Typ,1,TA,Attchd,1968.0,Unf,1.0,270.0,TA,TA,Y,406,90,0,0,0,0,,MnPrv,,0,5,2010,WD ,Normal
26,256300,1600,20,RL,110.0,14230,Pave,,Reg,Lvl,AllPub,Corner,Gtl,NridgHt,Norm,Norm,1Fam,1Story,8,5,2007,2007,Gable,CompShg,VinylSd,VinylSd,Stone,640.0,Gd,TA,PConc,Gd,TA,No,Unf,0.0,Unf,0.0,1566.0,1566.0,GasA,Ex,Y,SBrkr,1600,0,0,0.0,0.0,2,0,3,1,Gd,7,Typ,1,Gd,Attchd,2007.0,RFn,3.0,890.0,TA,TA,Y,0,56,0,0,0,0,,,,0,7,2009,WD ,Normal
27,134800,900,20,RL,60.0,7200,Pave,,Reg,Lvl,AllPub,Corner,Gtl,NAmes,Norm,Norm,1Fam,1Story,5,7,1951,2000,Gable,CompShg,Wd Sdng,Wd Sdng,None,0.0,TA,TA,CBlock,TA,TA,Mn,BLQ,234.0,Rec,486.0,180.0,900.0,GasA,TA,Y,SBrkr,900,0,0,0.0,1.0,1,0,3,1,Gd,5,Typ,0,,Detchd,2005.0,Unf,2.0,576.0,TA,TA,Y,222,32,0,0,0,0,,,,0,5,2010,WD ,Normal
28,306000,1704,20,RL,98.0,11478,Pave,,Reg,Lvl,AllPub,Inside,Gtl,NridgHt,Norm,Norm,1Fam,1Story,8,5,2007,2008,Gable,CompShg,VinylSd,VinylSd,Stone,200.0,Gd,TA,PConc,Ex,TA,No,GLQ,1218.0,Unf,0.0,486.0,1704.0,GasA,Ex,Y,SBrkr,1704,0,0,1.0,0.0,2,0,3,1,Gd,7,Typ,1,Gd,Attchd,2008.0,RFn,3.0,772.0,TA,TA,Y,0,50,0,0,0,0,,,,0,5,2010,WD ,Normal
29,207500,1600,20,RL,47.0,16321,Pave,,IR1,Lvl,AllPub,CulDSac,Gtl,NAmes,Norm,Norm,1Fam,1Story,5,6,1957,1997,Gable,CompShg,MetalSd,MetalSd,None,0.0,TA,TA,CBlock,TA,TA,Gd,BLQ,1277.0,Unf,0.0,207.0,1484.0,GasA,TA,Y,SBrkr,1600,0,0,1.0,0.0,1,0,2,1,TA,6,Typ,2,Gd,Attchd,1957.0,RFn,1.0,319.0,TA,TA,Y,288,258,0,0,0,0,,,,0,12,2006,WD ,Normal
30,68500,520,30,RM,60.0,6324,Pave,,IR1,Lvl,AllPub,Inside,Gtl,BrkSide,Feedr,RRNn,1Fam,1Story,4,6,1927,1950,Gable,CompShg,MetalSd,MetalSd,None,0.0,TA,TA,BrkTil,TA,TA,No,Unf,0.0,Unf,0.0,520.0,520.0,GasA,Fa,N,SBrkr,520,0,0,0.0,0.0,1,0,1,1,Fa,4,Typ,0,,Detchd,1920.0,Unf,1.0,240.0,Fa,TA,Y,49,0,87,0,0,0,,,,0,5,2008,WD ,Normal
31,40000,1317,70,C (all),50.0,8500,Pave,Pave,Reg,Lvl,AllPub,Inside,Gtl,IDOTRR,Feedr,Norm,1Fam,2Story,4,4,1920,1950,Gambrel,CompShg,BrkFace,BrkFace,None,0.0,TA,Fa,BrkTil,TA,TA,No,Unf,0.0,Unf,0.0,649.0,649.0,GasA,TA,N,SBrkr,649,668,0,0.0,0.0,1,0,3,1,TA,6,Typ,0,,Detchd,1920.0,Unf,1.0,250.0,TA,Fa,N,0,54,172,0,0,0,,MnPrv,,0,7,2008,WD ,Normal
32,149350,1228,20,RL,,8544,Pave,,IR1,Lvl,AllPub,CulDSac,Gtl,Sawyer,Norm,Norm,1Fam,1Story,5,6,1966,2006,Gable,CompShg,HdBoard,HdBoard,None,0.0,TA,TA,CBlock,TA,TA,No,Unf,0.0,Unf,0.0,1228.0,1228.0,GasA,Gd,Y,SBrkr,1228,0,0,0.0,0.0,1,1,3,1,Gd,6,Typ,0,,Attchd,1966.0,Unf,1.0,271.0,TA,TA,Y,0,65,0,0,0,0,,MnPrv,,0,6,2008,WD ,Normal
33,179900,1234,20,RL,85.0,11049,Pave,,Reg,Lvl,AllPub,Corner,Gtl,CollgCr,Norm,Norm,1Fam,1Story,8,5,2007,2007,Gable,CompShg,VinylSd,VinylSd,None,0.0,Gd,TA,PConc,Ex,TA,Av,Unf,0.0,Unf,0.0,1234.0,1234.0,GasA,Ex,Y,SBrkr,1234,0,0,0.0,0.0,2,0,3,1,Gd,7,Typ,0,,Attchd,2007.0,RFn,2.0,484.0,TA,TA,Y,0,30,0,0,0,0,,,,0,1,2008,WD ,Normal
34,165500,1700,20,RL,70.0,10552,Pave,,IR1,Lvl,AllPub,Inside,Gtl,NAmes,Norm,Norm,1Fam,1Story,5,5,1959,1959,Hip,CompShg,BrkFace,BrkFace,None,0.0,TA,TA,CBlock,TA,TA,No,Rec,1018.0,Unf,0.0,380.0,1398.0,GasA,Gd,Y,SBrkr,1700,0,0,0.0,1.0,1,1,4,1,Gd,6,Typ,1,Gd,Attchd,1959.0,RFn,2.0,447.0,TA,TA,Y,0,38,0,0,0,0,,,,0,4,2010,WD ,Normal
35,277500,1561,120,RL,60.0,7313,Pave,,Reg,Lvl,AllPub,Inside,Gtl,NridgHt,Norm,Norm,TwnhsE,1Story,9,5,2005,2005,Hip,CompShg,MetalSd,MetalSd,BrkFace,246.0,Ex,TA,PConc,Ex,TA,No,GLQ,1153.0,Unf,0.0,408.0,1561.0,GasA,Ex,Y,SBrkr,1561,0,0,1.0,0.0,2,0,2,1,Ex,6,Typ,1,Gd,Attchd,2005.0,Fin,2.0,556.0,TA,TA,Y,203,47,0,0,0,0,,,,0,8,2007,WD ,Normal
36,309000,2452,60,RL,108.0,13418,Pave,,Reg,Lvl,AllPub,Inside,Gtl,NridgHt,Norm,Norm,1Fam,2Story,8,5,2004,2005,Gable,CompShg,VinylSd,VinylSd,Stone,132.0,Gd,TA,PConc,Ex,TA,Av,Unf,0.0,Unf,0.0,1117.0,1117.0,GasA,Ex,Y,SBrkr,1132,1320,0,0.0,0.0,3,1,4,1,Gd,9,Typ,1,Gd,BuiltIn,2004.0,Fin,3.0,691.0,TA,TA,Y,113,32,0,0,0,0,,,,0,9,2006,WD ,Normal
37,145000,1097,20,RL,112.0,10859,Pave,,Reg,Lvl,AllPub,Corner,Gtl,CollgCr,Norm,Norm,1Fam,1Story,5,5,1994,1995,Gable,CompShg,VinylSd,VinylSd,None,0.0,TA,TA,PConc,Gd,TA,No,Unf,0.0,Unf,0.0,1097.0,1097.0,GasA,Ex,Y,SBrkr,1097,0,0,0.0,0.0,1,1,3,1,TA,6,Typ,0,,Attchd,1995.0,Unf,2.0,672.0,TA,TA,Y,392,64,0,0,0,0,,,,0,6,2009,WD ,Normal
38,153000,1297,20,RL,74.0,8532,Pave,,Reg,Lvl,AllPub,Inside,Gtl,NAmes,Norm,Norm,1Fam,1Story,5,6,1954,1990,Hip,CompShg,Wd Sdng,Wd Sdng,BrkFace,650.0,TA,TA,CBlock,TA,TA,No,Rec,1213.0,Unf,0.0,84.0,1297.0,GasA,Gd,Y,SBrkr,1297,0,0,0.0,1.0,1,0,3,1,TA,5,Typ,1,TA,Attchd,1954.0,Fin,2.0,498.0,TA,TA,Y,0,0,0,0,0,0,,,,0,10,2009,WD ,Normal
39,109000,1057,20,RL,68.0,7922,Pave,,Reg,Lvl,AllPub,Inside,Gtl,NAmes,Norm,Norm,1Fam,1Story,5,7,1953,2007,Gable,CompShg,VinylSd,VinylSd,None,0.0,TA,Gd,CBlock,TA,TA,No,GLQ,731.0,Unf,0.0,326.0,1057.0,GasA,TA,Y,SBrkr,1057,0,0,1.0,0.0,1,0,3,1,Gd,5,Typ,0,,Detchd,1953.0,Unf,1.0,246.0,TA,TA,Y,0,52,0,0,0,0,,,,0,1,2010,WD ,Abnorml
40,82000,1152,90,RL,65.0,6040,Pave,,Reg,Lvl,AllPub,Inside,Gtl,Edwards,Norm,Norm,Duplex,1Story,4,5,1955,1955,Gable,CompShg,AsbShng,Plywood,None,0.0,TA,TA,PConc,,,,,0.0,,0.0,0.0,0.0,GasA,TA,N,FuseP,1152,0,0,0.0,0.0,2,0,2,2,Fa,6,Typ,0,,,,,0.0,0.0,,,N,0,0,0,0,0,0,,,,0,6,2008,WD ,AdjLand
41,160000,1324,20,RL,84.0,8658,Pave,,Reg,Lvl,AllPub,Inside,Gtl,NAmes,Norm,Norm,1Fam,1Story,6,5,1965,1965,Gable,CompShg,Wd Sdng,Wd Sdng,BrkFace,101.0,TA,TA,CBlock,TA,TA,No,Rec,643.0,Unf,0.0,445.0,1088.0,GasA,Ex,Y,SBrkr,1324,0,0,0.0,0.0,2,0,3,1,TA,6,Typ,1,TA,Attchd,1965.0,RFn,2.0,440.0,TA,TA,Y,0,138,0,0,0,0,,GdWo,,0,12,2006,WD ,Abnorml
42,170000,1328,20,RL,115.0,16905,Pave,,Reg,Lvl,AllPub,Inside,Gtl,Timber,Norm,Norm,1Fam,1Story,5,6,1959,1959,Gable,CompShg,VinylSd,VinylSd,None,0.0,TA,Gd,CBlock,TA,TA,Gd,BLQ,967.0,Unf,0.0,383.0,1350.0,GasA,Gd,Y,SBrkr,1328,0,0,0.0,1.0,1,1,2,1,TA,5,Typ,2,Gd,Attchd,1959.0,RFn,1.0,308.0,TA,TA,P,0,104,0,0,0,0,,,,0,7,2007,WD ,Normal
43,144000,884,85,RL,,9180,Pave,,IR1,Lvl,AllPub,CulDSac,Gtl,SawyerW,Norm,Norm,1Fam,SFoyer,5,7,1983,1983,Gable,CompShg,HdBoard,HdBoard,None,0.0,TA,TA,CBlock,Gd,TA,Av,ALQ,747.0,LwQ,93.0,0.0,840.0,GasA,Gd,Y,SBrkr,884,0,0,1.0,0.0,1,0,2,1,Gd,5,Typ,0,,Attchd,1983.0,RFn,2.0,504.0,TA,Gd,Y,240,0,0,0,0,0,,MnPrv,,0,12,2007,WD ,Normal
44,130250,938,20,RL,,9200,Pave,,IR1,Lvl,AllPub,CulDSac,Gtl,CollgCr,Norm,Norm,1Fam,1Story,5,6,1975,1980,Hip,CompShg,VinylSd,VinylSd,None,0.0,TA,TA,CBlock,Gd,TA,Av,LwQ,280.0,BLQ,491.0,167.0,938.0,GasA,TA,Y,SBrkr,938,0,0,1.0,0.0,1,0,3,1,TA,5,Typ,0,,Detchd,1977.0,Unf,1.0,308.0,TA,TA,Y,145,0,0,0,0,0,,MnPrv,,0,7,2008,WD ,Normal
45,141000,1150,20,RL,70.0,7945,Pave,,Reg,Lvl,AllPub,Inside,Gtl,NAmes,Norm,Norm,1Fam,1Story,5,6,1959,1959,Gable,CompShg,BrkFace,Wd Sdng,None,0.0,TA,TA,CBlock,TA,TA,No,ALQ,179.0,BLQ,506.0,465.0,1150.0,GasA,Ex,Y,FuseA,1150,0,0,1.0,0.0,1,0,3,1,TA,6,Typ,0,,Attchd,1959.0,RFn,1.0,300.0,TA,TA,Y,0,0,0,0,0,0,,,,0,5,2006,WD ,Normal
46,319900,1752,120,RL,61.0,7658,Pave,,Reg,Lvl,AllPub,Inside,Gtl,NridgHt,Norm,Norm,TwnhsE,1Story,9,5,2005,2005,Hip,CompShg,MetalSd,MetalSd,BrkFace,412.0,Ex,TA,PConc,Ex,TA,No,GLQ,456.0,Unf,0.0,1296.0,1752.0,GasA,Ex,Y,SBrkr,1752,0,0,1.0,0.0,2,0,2,1,Ex,6,Typ,1,Gd,Attchd,2005.0,RFn,2.0,576.0,TA,TA,Y,196,82,0,0,0,0,,,,0,2,2010,WD ,Normal
47,239686,2149,50,RL,48.0,12822,Pave,,IR1,Lvl,AllPub,CulDSac,Gtl,Mitchel,Norm,Norm,1Fam,1.5Fin,7,5,2003,2003,Gable,CompShg,VinylSd,VinylSd,None,0.0,Gd,TA,PConc,Ex,TA,No,GLQ,1351.0,Unf,0.0,83.0,1434.0,GasA,Ex,Y,SBrkr,1518,631,0,1.0,0.0,1,1,1,1,Gd,6,Typ,1,Ex,Attchd,2003.0,RFn,2.0,670.0,TA,TA,Y,168,43,0,0,198,0,,,,0,8,2009,WD ,Abnorml
48,249700,1656,20,FV,84.0,11096,Pave,,Reg,Lvl,AllPub,Inside,Gtl,Somerst,Norm,Norm,1Fam,1Story,8,5,2006,2006,Gable,CompShg,VinylSd,VinylSd,None,0.0,Gd,TA,PConc,Gd,TA,Av,GLQ,24.0,Unf,0.0,1632.0,1656.0,GasA,Ex,Y,SBrkr,1656,0,0,0.0,0.0,2,0,3,1,Gd,7,Typ,0,,Attchd,2006.0,RFn,3.0,826.0,TA,TA,Y,0,146,0,0,0,0,,,,0,7,2007,WD ,Normal
49,113000,1452,190,RM,33.0,4456,Pave,,Reg,Lvl,AllPub,Inside,Gtl,OldTown,Norm,Norm,2fmCon,2Story,4,5,1920,2008,Gable,CompShg,MetalSd,MetalSd,None,0.0,TA,TA,BrkTil,TA,TA,No,Unf,0.0,Unf,0.0,736.0,736.0,GasA,Gd,Y,SBrkr,736,716,0,0.0,0.0,2,0,2,3,TA,8,Typ,0,,,,,0.0,0.0,,,N,0,0,102,0,0,0,,,,0,6,2009,New,Partial
50,127000,955,20,RL,66.0,7742,Pave,,Reg,Lvl,AllPub,Inside,Gtl,Sawyer,Norm,Norm,1Fam,1Story,5,7,1966,1966,Gable,CompShg,HdBoard,HdBoard,None,0.0,TA,TA,CBlock,TA,TA,No,BLQ,763.0,Unf,0.0,192.0,955.0,GasA,Ex,Y,SBrkr,955,0,0,1.0,0.0,1,0,3,1,TA,6,Typ,0,,Attchd,1966.0,Unf,1.0,386.0,TA,TA,Y,0,0,0,0,0,0,,MnPrv,,0,1,2007,WD ,Normal
51,177000,1470,60,RL,,13869,Pave,,IR2,Lvl,AllPub,Corner,Gtl,Gilbert,Norm,Norm,1Fam,2Story,6,6,1997,1997,Gable,CompShg,VinylSd,VinylSd,None,0.0,TA,TA,PConc,Gd,TA,Av,GLQ,182.0,Unf,0.0,612.0,794.0,GasA,Gd,Y,SBrkr,794,676,0,0.0,1.0,2,0,3,1,TA,6,Typ,0,,Attchd,1997.0,Fin,2.0,388.0,TA,TA,Y,0,75,0,0,0,0,,,,0,7,2007,WD ,Normal
52,114500,1176,50,RM,52.0,6240,Pave,,Reg,Lvl,AllPub,Inside,Gtl,BrkSide,Norm,Norm,1Fam,1.5Fin,6,6,1934,1950,Gable,CompShg,Wd Sdng,Wd Sdng,None,0.0,TA,TA,PConc,TA,TA,No,Unf,0.0,Unf,0.0,816.0,816.0,GasA,TA,Y,SBrkr,816,0,360,0.0,0.0,1,0,3,1,TA,6,Typ,1,Gd,Detchd,1985.0,Unf,2.0,528.0,TA,TA,Y,112,0,0,0,0,0,,MnPrv,Shed,400,9,2006,WD ,Normal
53,110000,816,90,RM,110.0,8472,Grvl,,IR2,Bnk,AllPub,Corner,Mod,IDOTRR,RRNn,Norm,Duplex,1Story,5,5,1963,1963,Gable,CompShg,Wd Sdng,Wd Sdng,None,0.0,Fa,TA,CBlock,Gd,TA,Gd,LwQ,104.0,GLQ,712.0,0.0,816.0,GasA,TA,N,SBrkr,816,0,0,1.0,0.0,1,0,2,1,TA,5,Typ,0,,CarPort,1963.0,Unf,2.0,516.0,TA,TA,Y,106,0,0,0,0,0,,,,0,5,2010,WD ,Normal
54,385000,1842,20,RL,68.0,50271,Pave,,IR1,Low,AllPub,Inside,Gtl,Veenker,Norm,Norm,1Fam,1Story,9,5,1981,1987,Gable,WdShngl,WdShing,Wd Shng,None,0.0,Gd,TA,CBlock,Ex,TA,Gd,GLQ,1810.0,Unf,0.0,32.0,1842.0,GasA,Gd,Y,SBrkr,1842,0,0,2.0,0.0,0,1,0,1,Gd,5,Typ,1,Gd,Attchd,1981.0,Fin,3.0,894.0,TA,TA,Y,857,72,0,0,0,0,,,,0,11,2006,WD ,Normal
55,130000,1360,80,RL,60.0,7134,Pave,,Reg,Bnk,AllPub,Inside,Mod,NAmes,Norm,Norm,1Fam,SLvl,5,5,1955,1955,Gable,CompShg,MetalSd,MetalSd,None,0.0,TA,TA,CBlock,TA,TA,No,ALQ,384.0,Unf,0.0,0.0,384.0,GasA,TA,Y,SBrkr,1360,0,0,0.0,0.0,1,0,3,1,TA,6,Min1,1,TA,Detchd,1962.0,Unf,2.0,572.0,TA,TA,Y,0,50,0,0,0,0,,MnPrv,,0,2,2007,WD ,Normal
56,180500,1425,20,RL,100.0,10175,Pave,,IR1,Lvl,AllPub,Inside,Gtl,NAmes,Norm,Norm,1Fam,1Story,6,5,1964,1964,Gable,CompShg,HdBoard,Plywood,BrkFace,272.0,TA,TA,CBlock,TA,TA,No,BLQ,490.0,Unf,0.0,935.0,1425.0,GasA,Gd,Y,SBrkr,1425,0,0,0.0,0.0,2,0,3,1,TA,7,Typ,1,Gd,Attchd,1964.0,RFn,2.0,576.0,TA,TA,Y,0,0,0,407,0,0,,,,0,7,2008,WD ,Normal
57,172500,1739,160,FV,24.0,2645,Pave,Pave,Reg,Lvl,AllPub,Inside,Gtl,Somerst,Norm,Norm,Twnhs,2Story,8,5,1999,2000,Gable,CompShg,MetalSd,MetalSd,BrkFace,456.0,Gd,TA,PConc,Gd,TA,No,GLQ,649.0,Unf,0.0,321.0,970.0,GasA,Ex,Y,SBrkr,983,756,0,1.0,0.0,2,1,3,1,Gd,7,Typ,0,,Attchd,1999.0,Fin,2.0,480.0,TA,TA,Y,115,0,0,0,0,0,,,,0,8,2009,WD ,Abnorml
58,196500,1720,60,RL,89.0,11645,Pave,,IR1,Lvl,AllPub,Corner,Gtl,CollgCr,Norm,Norm,1Fam,2Story,7,5,2004,2004,Gable,CompShg,VinylSd,VinylSd,None,0.0,Gd,TA,PConc,Gd,TA,No,Unf,0.0,Unf,0.0,860.0,860.0,GasA,Ex,Y,SBrkr,860,860,0,0.0,0.0,2,1,3,1,Gd,7,Typ,0,,Attchd,2004.0,RFn,2.0,565.0,TA,TA,Y,0,70,0,0,0,0,,,,0,8,2006,WD ,Normal
59,438780,2945,60,RL,66.0,13682,Pave,,IR2,HLS,AllPub,CulDSac,Gtl,StoneBr,Norm,Norm,1Fam,2Story,10,5,2006,2006,Hip,CompShg,VinylSd,VinylSd,BrkFace,1031.0,Ex,TA,PConc,Ex,TA,Gd,Unf,0.0,Unf,0.0,1410.0,1410.0,GasA,Ex,Y,SBrkr,1426,1519,0,0.0,0.0,3,1,3,1,Gd,10,Typ,1,Gd,BuiltIn,2006.0,Fin,3.0,641.0,TA,TA,Y,192,0,37,0,0,0,,,,0,10,2006,New,Partial
60,124900,780,20,RL,60.0,7200,Pave,,Reg,Bnk,AllPub,Inside,Gtl,CollgCr,Norm,Norm,1Fam,1Story,5,7,1972,1972,Gable,CompShg,HdBoard,HdBoard,None,0.0,TA,TA,CBlock,TA,TA,Av,ALQ,632.0,Unf,0.0,148.0,780.0,GasA,Ex,Y,SBrkr,780,0,0,0.0,0.0,1,0,2,1,TA,4,Typ,0,,Detchd,1973.0,Unf,1.0,352.0,TA,TA,Y,196,0,0,0,0,0,,MnPrv,,0,1,2008,WD ,Normal
61,158000,1158,20,RL,63.0,13072,Pave,,Reg,Lvl,AllPub,Inside,Gtl,SawyerW,RRAe,Norm,1Fam,1Story,6,5,2004,2004,Gable,CompShg,VinylSd,VinylSd,None,0.0,TA,TA,PConc,Gd,TA,No,ALQ,941.0,Unf,0.0,217.0,1158.0,GasA,Ex,Y,SBrkr,1158,0,0,1.0,0.0,1,1,3,1,Gd,5,Typ,0,,Detchd,2006.0,Unf,2.0,576.0,TA,TA,Y,0,50,0,0,0,0,,,,0,5,2006,New,Partial
62,101000,1111,75,RM,60.0,7200,Pave,,Reg,Lvl,AllPub,Inside,Gtl,IDOTRR,Norm,Norm,1Fam,2.5Unf,5,7,1920,1996,Gable,CompShg,MetalSd,MetalSd,None,0.0,TA,TA,BrkTil,TA,Fa,No,Unf,0.0,Unf,0.0,530.0,530.0,GasA,TA,N,SBrkr,581,530,0,0.0,0.0,1,0,3,1,Fa,6,Typ,0,,Detchd,1935.0,Unf,1.0,288.0,TA,TA,N,0,0,144,0,0,0,,,,0,3,2007,WD ,Normal
63,202500,1370,120,RL,44.0,6442,Pave,,IR1,Lvl,AllPub,Inside,Gtl,NridgHt,Norm,Norm,TwnhsE,1Story,8,5,2006,2006,Gable,CompShg,VinylSd,VinylSd,Stone,178.0,Gd,TA,PConc,Gd,Gd,Mn,GLQ,24.0,Unf,0.0,1346.0,1370.0,GasA,Ex,Y,SBrkr,1370,0,0,0.0,0.0,2,0,2,1,Gd,6,Typ,1,Gd,Attchd,2006.0,RFn,2.0,484.0,TA,TA,Y,120,49,0,0,0,0,,,,0,10,2007,WD ,Normal
64,140000,1710,70,RM,50.0,10300,Pave,,IR1,Bnk,AllPub,Inside,Gtl,OldTown,RRAn,Feedr,1Fam,2Story,7,6,1921,1950,Gable,CompShg,Stucco,Stucco,None,0.0,TA,TA,BrkTil,TA,TA,No,Unf,0.0,Unf,0.0,576.0,576.0,GasA,Gd,Y,SBrkr,902,808,0,0.0,0.0,2,0,3,1,TA,9,Typ,0,,Detchd,1990.0,Unf,2.0,480.0,TA,TA,Y,12,11,64,0,0,0,,GdPrv,,0,4,2010,WD ,Normal
65,219500,2034,60,RL,,9375,Pave,,Reg,Lvl,AllPub,Inside,Gtl,CollgCr,Norm,Norm,1Fam,2Story,7,5,1997,1998,Gable,CompShg,VinylSd,VinylSd,BrkFace,573.0,TA,TA,PConc,Gd,TA,No,GLQ,739.0,Unf,0.0,318.0,1057.0,GasA,Ex,Y,SBrkr,1057,977,0,1.0,0.0,2,1,3,1,Gd,8,Typ,0,,Attchd,1998.0,RFn,2.0,645.0,TA,TA,Y,576,36,0,0,0,0,,GdPrv,,0,2,2009,WD ,Normal
66,317000,2473,60,RL,76.0,9591,Pave,,Reg,Lvl,AllPub,Inside,Gtl,NridgHt,Norm,Norm,1Fam,2Story,8,5,2004,2005,Gable,CompShg,VinylSd,VinylSd,BrkFace,344.0,Gd,TA,PConc,Ex,TA,Av,Unf,0.0,Unf,0.0,1143.0,1143.0,GasA,Ex,Y,SBrkr,1143,1330,0,0.0,0.0,2,1,4,1,Gd,9,Typ,1,Gd,BuiltIn,2004.0,RFn,3.0,852.0,TA,TA,Y,192,151,0,0,0,0,,,,0,10,2007,WD ,Normal
67,180000,2207,20,RL,,19900,Pave,,Reg,Lvl,AllPub,Inside,Gtl,NAmes,PosA,Norm,1Fam,1Story,7,5,1970,1989,Gable,CompShg,Plywood,Plywood,BrkFace,287.0,TA,TA,CBlock,Gd,TA,Gd,GLQ,912.0,Unf,0.0,1035.0,1947.0,GasA,TA,Y,SBrkr,2207,0,0,1.0,0.0,2,0,3,1,TA,7,Min1,1,Gd,Attchd,1970.0,RFn,2.0,576.0,TA,TA,Y,301,0,0,0,0,0,,,,0,7,2010,WD ,Normal
68,226000,1479,20,RL,72.0,10665,Pave,,IR1,Lvl,AllPub,Inside,Gtl,CollgCr,Norm,Norm,1Fam,1Story,7,5,2003,2003,Gable,CompShg,VinylSd,VinylSd,BrkFace,167.0,Gd,TA,PConc,Gd,TA,Av,GLQ,1013.0,Unf,0.0,440.0,1453.0,GasA,Ex,Y,SBrkr,1479,0,0,1.0,0.0,2,0,3,1,Gd,7,Typ,0,,Attchd,2003.0,RFn,2.0,558.0,TA,TA,Y,144,29,0,0,0,0,,,,0,6,2007,WD ,Normal
69,80000,747,30,RM,47.0,4608,Pave,,Reg,Lvl,AllPub,Corner,Gtl,OldTown,Artery,Norm,1Fam,1Story,4,6,1945,1950,Gable,CompShg,MetalSd,MetalSd,None,0.0,TA,Gd,CBlock,TA,TA,No,Unf,0.0,Unf,0.0,747.0,747.0,GasA,TA,Y,SBrkr,747,0,0,0.0,0.0,1,0,2,1,TA,4,Typ,0,,Attchd,1945.0,Unf,1.0,220.0,TA,TA,Y,0,0,0,0,0,0,,,,0,6,2010,WD ,Normal
70,225000,2287,50,RL,81.0,15593,Pave,,Reg,Lvl,AllPub,Corner,Gtl,ClearCr,Norm,Norm,1Fam,1.5Fin,7,4,1953,1953,Gable,CompShg,BrkFace,AsbShng,None,0.0,Gd,TA,CBlock,TA,TA,No,BLQ,603.0,Unf,0.0,701.0,1304.0,GasW,TA,Y,SBrkr,1304,983,0,0.0,0.0,2,0,3,1,TA,7,Typ,1,TA,Attchd,1953.0,Fin,2.0,667.0,TA,TA,Y,0,21,114,0,0,0,,,,0,7,2006,WD ,Normal
71,244000,2223,20,RL,95.0,13651,Pave,,IR1,Lvl,AllPub,Inside,Gtl,NAmes,Norm,Norm,1Fam,1Story,7,6,1973,1973,Gable,CompShg,Plywood,Plywood,BrkFace,1115.0,TA,Gd,CBlock,Gd,TA,Gd,ALQ,1880.0,Unf,0.0,343.0,2223.0,GasA,Ex,Y,SBrkr,2223,0,0,1.0,0.0,2,0,3,1,TA,8,Typ,2,Gd,Attchd,1973.0,Fin,2.0,516.0,TA,TA,Y,300,0,0,0,0,0,,,,0,2,2007,WD ,Normal
72,129500,845,20,RL,69.0,7599,Pave,,Reg,Lvl,AllPub,Corner,Gtl,Mitchel,Norm,Norm,1Fam,1Story,4,6,1982,2006,Gable,CompShg,HdBoard,Plywood,None,0.0,TA,TA,CBlock,TA,TA,No,ALQ,565.0,Unf,0.0,280.0,845.0,GasA,TA,Y,SBrkr,845,0,0,1.0,0.0,1,0,2,1,TA,4,Typ,0,,Detchd,1987.0,Unf,2.0,360.0,TA,TA,Y,0,0,0,0,0,0,,,,0,6,2007,WD ,Normal
73,185000,1718,60,RL,74.0,10141,Pave,,IR1,Lvl,AllPub,Corner,Gtl,Gilbert,Norm,Norm,1Fam,2Story,7,5,1998,1998,Gable,CompShg,VinylSd,VinylSd,BrkFace,40.0,TA,TA,PConc,Gd,TA,No,Unf,0.0,Unf,0.0,832.0,832.0,GasA,Gd,Y,SBrkr,885,833,0,0.0,0.0,2,1,3,1,TA,7,Typ,1,TA,Attchd,1998.0,Fin,2.0,427.0,TA,TA,Y,0,94,0,0,291,0,,,,0,12,2009,WD ,Normal
74,144900,1086,20,RL,85.0,10200,Pave,,Reg,Lvl,AllPub,Inside,Gtl,NAmes,Norm,Norm,1Fam,1Story,5,7,1954,2003,Gable,CompShg,Wd Sdng,Wd Sdng,BrkFace,104.0,TA,TA,CBlock,TA,TA,No,ALQ,320.0,BLQ,362.0,404.0,1086.0,GasA,Gd,Y,SBrkr,1086,0,0,1.0,0.0,1,0,3,1,TA,6,Typ,0,,Attchd,1989.0,Unf,2.0,490.0,TA,TA,Y,0,0,0,0,0,0,,GdWo,,0,5,2010,WD ,Normal
75,107400,1605,50,RM,60.0,5790,Pave,,Reg,Lvl,AllPub,Corner,Gtl,OldTown,Norm,Norm,1Fam,2Story,3,6,1915,1950,Gambrel,CompShg,VinylSd,VinylSd,None,0.0,Gd,Gd,CBlock,Fa,TA,No,Unf,0.0,Unf,0.0,840.0,840.0,GasA,Gd,N,SBrkr,840,765,0,0.0,0.0,2,0,3,2,TA,8,Typ,0,,Detchd,1915.0,Unf,1.0,379.0,TA,TA,Y,0,0,202,0,0,0,,,,0,5,2010,WD ,Normal
76,91000,988,180,RM,21.0,1596,Pave,,Reg,Lvl,AllPub,Inside,Gtl,MeadowV,Norm,Norm,Twnhs,SLvl,4,5,1973,1973,Gable,CompShg,CemntBd,CmentBd,None,0.0,TA,TA,CBlock,Gd,TA,Gd,GLQ,462.0,Unf,0.0,0.0,462.0,GasA,TA,Y,SBrkr,526,462,0,1.0,0.0,1,0,2,1,TA,5,Typ,0,,BuiltIn,1973.0,Unf,1.0,297.0,TA,TA,Y,120,101,0,0,0,0,,GdWo,,0,11,2009,WD ,Normal
77,135750,952,20,RL,,8475,Pave,,IR1,Lvl,AllPub,Inside,Gtl,NAmes,Norm,Norm,1Fam,1Story,4,7,1956,1956,Gable,CompShg,VinylSd,VinylSd,None,0.0,TA,TA,CBlock,TA,TA,No,ALQ,228.0,Unf,0.0,724.0,952.0,GasA,Ex,Y,FuseA,952,0,0,0.0,0.0,1,0,2,1,TA,4,Typ,0,,Detchd,1956.0,Unf,1.0,283.0,TA,TA,Y,0,0,0,0,0,0,,,,0,4,2008,WD ,Normal
78,127000,1285,50,RM,50.0,8635,Pave,,Reg,Lvl,AllPub,Inside,Gtl,BrkSide,Norm,Norm,1Fam,1.5Fin,5,5,1948,2001,Gable,CompShg,Wd Sdng,Wd Sdng,None,0.0,TA,TA,CBlock,TA,TA,No,BLQ,336.0,GLQ,41.0,295.0,672.0,GasA,TA,Y,SBrkr,1072,213,0,1.0,0.0,1,0,2,1,TA,6,Min1,0,,Detchd,1948.0,Unf,1.0,240.0,TA,TA,Y,0,0,0,0,0,0,,MnPrv,,0,1,2008,WD ,Normal
79,136500,1768,90,RL,72.0,10778,Pave,,Reg,Lvl,AllPub,Inside,Gtl,Sawyer,Norm,Norm,Duplex,1Story,4,5,1968,1968,Hip,CompShg,HdBoard,HdBoard,None,0.0,TA,TA,CBlock,TA,TA,No,Unf,0.0,Unf,0.0,1768.0,1768.0,GasA,TA,N,SBrkr,1768,0,0,0.0,0.0,2,0,4,2,TA,8,Typ,0,,,,,0.0,0.0,,,Y,0,0,0,0,0,0,,,,0,4,2010,WD ,Normal
80,110000,1230,50,RM,60.0,10440,Pave,Grvl,Reg,Lvl,AllPub,Corner,Gtl,OldTown,Norm,Norm,1Fam,2Story,5,6,1910,1981,Gable,CompShg,Wd Sdng,Wd Sdng,None,0.0,TA,TA,PConc,TA,TA,No,Unf,0.0,Unf,0.0,440.0,440.0,GasA,Gd,Y,SBrkr,682,548,0,0.0,0.0,1,1,2,1,TA,5,Typ,0,,Detchd,1966.0,Unf,2.0,440.0,TA,TA,Y,74,0,128,0,0,0,,MnPrv,,0,5,2009,WD ,Normal
81,193500,2142,60,RL,100.0,13000,Pave,,Reg,Lvl,AllPub,Corner,Gtl,NAmes,Norm,Norm,1Fam,2Story,6,6,1968,1968,Gable,CompShg,VinylSd,VinylSd,BrkFace,576.0,TA,Gd,CBlock,Gd,TA,No,Rec,448.0,Unf,0.0,448.0,896.0,GasA,TA,Y,SBrkr,1182,960,0,0.0,0.0,2,1,4,1,Gd,8,Typ,1,Gd,Attchd,1968.0,Fin,1.0,509.0,TA,TA,Y,0,72,0,0,252,0,,,,0,6,2009,WD ,Normal
82,153500,1337,120,RM,32.0,4500,Pave,,Reg,Lvl,AllPub,FR2,Gtl,Mitchel,Norm,Norm,TwnhsE,1Story,6,5,1998,1998,Hip,CompShg,VinylSd,VinylSd,BrkFace,443.0,TA,Gd,PConc,Ex,Gd,No,GLQ,1201.0,Unf,0.0,36.0,1237.0,GasA,Ex,Y,SBrkr,1337,0,0,1.0,0.0,2,0,2,1,TA,5,Typ,0,,Attchd,1998.0,Fin,2.0,405.0,TA,TA,Y,0,199,0,0,0,0,,,,0,3,2006,WD ,Normal
83,245000,1563,20,RL,78.0,10206,Pave,,Reg,Lvl,AllPub,Inside,Gtl,Somerst,Norm,Norm,1Fam,1Story,8,5,2007,2007,Gable,CompShg,VinylSd,VinylSd,Stone,468.0,TA,TA,PConc,Gd,TA,No,GLQ,33.0,Unf,0.0,1530.0,1563.0,GasA,Ex,Y,SBrkr,1563,0,0,0.0,0.0,2,0,3,1,Gd,6,Typ,1,Gd,Attchd,2007.0,RFn,3.0,758.0,TA,TA,Y,144,99,0,0,0,0,,,,0,10,2008,WD ,Normal
84,126500,1065,20,RL,80.0,8892,Pave,,IR1,Lvl,AllPub,Inside,Gtl,NAmes,Norm,Norm,1Fam,1Story,5,5,1960,1960,Gable,CompShg,MetalSd,MetalSd,BrkCmn,66.0,TA,TA,CBlock,TA,TA,No,Unf,0.0,Unf,0.0,1065.0,1065.0,GasA,Gd,Y,SBrkr,1065,0,0,0.0,0.0,1,1,3,1,TA,6,Typ,0,,Detchd,1974.0,Unf,2.0,461.0,TA,TA,Y,74,0,0,0,0,0,,,,0,7,2007,COD,Normal
85,168500,1474,80,RL,,8530,Pave,,IR1,Lvl,AllPub,Inside,Gtl,Gilbert,Norm,Norm,1Fam,SLvl,7,5,1995,1996,Gable,CompShg,HdBoard,HdBoard,BrkFace,22.0,TA,TA,PConc,Gd,TA,No,Unf,0.0,Unf,0.0,384.0,384.0,GasA,Gd,Y,SBrkr,804,670,0,0.0,0.0,2,1,3,1,TA,7,Typ,1,TA,BuiltIn,1995.0,Fin,2.0,400.0,TA,TA,Y,120,72,0,0,0,0,,,Shed,700,5,2009,WD ,Normal
86,260000,2417,60,RL,121.0,16059,Pave,,Reg,Lvl,AllPub,Corner,Gtl,NoRidge,Norm,Norm,1Fam,2Story,8,5,1991,1992,Hip,CompShg,HdBoard,HdBoard,BrkFace,284.0,Gd,TA,CBlock,Gd,TA,No,Unf,0.0,Unf,0.0,1288.0,1288.0,GasA,Ex,Y,SBrkr,1301,1116,0,0.0,0.0,2,1,4,1,Gd,9,Typ,1,TA,Attchd,1991.0,Unf,2.0,462.0,TA,TA,Y,127,82,0,0,0,0,,,,0,4,2006,WD ,Normal
87,174000,1560,60,RL,122.0,11911,Pave,,IR2,Lvl,AllPub,Inside,Gtl,Gilbert,Norm,Norm,1Fam,2Story,6,5,2005,2005,Gable,CompShg,VinylSd,VinylSd,None,0.0,Gd,TA,PConc,Gd,TA,Av,Unf,0.0,Unf,0.0,684.0,684.0,GasA,Ex,Y,SBrkr,684,876,0,0.0,0.0,2,1,3,1,Gd,6,Typ,1,Gd,BuiltIn,2005.0,Fin,2.0,400.0,TA,TA,Y,100,38,0,0,0,0,,,,0,3,2009,WD ,Normal
88,164500,1224,160,FV,40.0,3951,Pave,Pave,Reg,Lvl,AllPub,Corner,Gtl,Somerst,Norm,Norm,TwnhsE,2Story,6,5,2009,2009,Gable,CompShg,VinylSd,VinylSd,Stone,76.0,Gd,TA,PConc,Gd,TA,Av,Unf,0.0,Unf,0.0,612.0,612.0,GasA,Ex,Y,SBrkr,612,612,0,0.0,0.0,2,1,2,1,Gd,4,Typ,0,,Detchd,2009.0,RFn,2.0,528.0,TA,TA,Y,0,234,0,0,0,0,,,,0,6,2009,New,Partial
89,85000,1526,50,C (all),105.0,8470,Pave,,IR1,Lvl,AllPub,Corner,Gtl,IDOTRR,Feedr,Feedr,1Fam,1.5Fin,3,2,1915,1982,Hip,CompShg,Plywood,Plywood,None,0.0,Fa,Fa,CBlock,TA,Fa,No,Unf,0.0,Unf,0.0,1013.0,1013.0,GasA,TA,N,SBrkr,1013,0,513,0.0,0.0,1,0,2,1,Fa,6,Typ,0,,,,,0.0,0.0,,,N,0,0,156,0,0,0,,MnPrv,,0,10,2009,ConLD,Abnorml
90,123600,990,20,RL,60.0,8070,Pave,,Reg,Lvl,AllPub,Inside,Gtl,CollgCr,Norm,Norm,1Fam,1Story,4,5,1994,1995,Gable,CompShg,VinylSd,VinylSd,None,0.0,TA,TA,PConc,Gd,TA,No,GLQ,588.0,Unf,0.0,402.0,990.0,GasA,Ex,Y,SBrkr,990,0,0,1.0,0.0,1,0,3,1,TA,5,Typ,0,,,,,0.0,0.0,,,Y,0,0,0,0,0,0,,,,0,8,2007,WD ,Normal
91,109900,1040,20,RL,60.0,7200,Pave,,Reg,Lvl,AllPub,Inside,Gtl,NAmes,Norm,Norm,1Fam,1Story,4,5,1950,1950,Gable,CompShg,BrkFace,Wd Sdng,None,0.0,TA,TA,Slab,,,,,0.0,,0.0,0.0,0.0,GasA,TA,Y,FuseA,1040,0,0,0.0,0.0,1,0,2,1,TA,4,Typ,0,,Detchd,1950.0,Unf,2.0,420.0,TA,TA,Y,0,29,0,0,0,0,,,,0,7,2006,WD ,Normal
92,98600,1235,20,RL,85.0,8500,Pave,,Reg,Lvl,AllPub,Inside,Gtl,NAmes,Norm,Norm,1Fam,1Story,5,3,1961,1961,Hip,CompShg,HdBoard,HdBoard,BrkCmn,203.0,TA,TA,CBlock,TA,TA,No,Rec,600.0,Unf,0.0,635.0,1235.0,GasA,TA,Y,SBrkr,1235,0,0,0.0,0.0,1,0,2,1,TA,6,Typ,0,,Attchd,1961.0,Unf,2.0,480.0,TA,TA,Y,0,0,0,0,0,0,,GdWo,,0,12,2006,WD ,Abnorml
93,163500,964,30,RL,80.0,13360,Pave,Grvl,IR1,HLS,AllPub,Inside,Gtl,Crawfor,Norm,Norm,1Fam,1Story,5,7,1921,2006,Gable,CompShg,Wd Sdng,Wd Sdng,None,0.0,TA,Gd,BrkTil,Gd,TA,No,ALQ,713.0,Unf,0.0,163.0,876.0,GasA,Ex,Y,SBrkr,964,0,0,1.0,0.0,1,0,2,1,TA,5,Typ,0,,Detchd,1921.0,Unf,2.0,432.0,TA,TA,Y,0,0,44,0,0,0,,,,0,8,2009,WD ,Normal
94,133900,2291,190,C (all),60.0,7200,Pave,,Reg,Lvl,AllPub,Corner,Gtl,OldTown,Norm,Norm,2fmCon,2.5Unf,6,6,1910,1998,Hip,CompShg,MetalSd,MetalSd,None,0.0,TA,TA,BrkTil,TA,Fa,Mn,Rec,1046.0,Unf,0.0,168.0,1214.0,GasW,Ex,N,SBrkr,1260,1031,0,0.0,1.0,2,0,4,2,TA,9,Typ,1,Gd,Detchd,1900.0,Unf,2.0,506.0,TA,TA,Y,0,0,0,0,99,0,,,,0,11,2007,WD ,Normal
95,204750,1786,60,RL,69.0,9337,Pave,,IR1,Lvl,AllPub,Inside,Gtl,CollgCr,Norm,Norm,1Fam,2Story,6,5,1997,1997,Gable,CompShg,VinylSd,VinylSd,None,0.0,TA,Gd,PConc,Gd,TA,No,GLQ,648.0,Unf,0.0,176.0,824.0,GasA,Ex,Y,SBrkr,905,881,0,1.0,0.0,2,1,3,1,Gd,7,Typ,0,,Attchd,1997.0,RFn,2.0,684.0,TA,TA,Y,0,162,0,0,0,0,,,,0,5,2007,WD ,Normal
96,185000,1470,60,RL,,9765,Pave,,IR2,Lvl,AllPub,Corner,Gtl,Gilbert,Norm,Norm,1Fam,2Story,6,8,1993,1993,Gable,CompShg,VinylSd,VinylSd,BrkFace,68.0,Ex,Gd,PConc,Gd,Gd,No,ALQ,310.0,Unf,0.0,370.0,680.0,GasA,Gd,Y,SBrkr,680,790,0,0.0,0.0,2,1,3,1,TA,6,Typ,1,TA,BuiltIn,1993.0,Fin,2.0,420.0,TA,TA,Y,232,63,0,0,0,0,,,Shed,480,4,2009,WD ,Normal
97,214000,1588,20,RL,78.0,10264,Pave,,IR1,Lvl,AllPub,Inside,Gtl,CollgCr,Norm,Norm,1Fam,1Story,7,5,1999,1999,Gable,CompShg,VinylSd,VinylSd,BrkFace,183.0,Gd,TA,PConc,Gd,TA,Av,ALQ,1162.0,Unf,0.0,426.0,1588.0,GasA,Ex,Y,SBrkr,1588,0,0,0.0,0.0,2,0,3,1,Gd,6,Typ,0,,Attchd,1999.0,RFn,2.0,472.0,TA,TA,Y,158,29,0,0,0,0,,,,0,8,2006,WD ,Normal
98,94750,960,20,RL,73.0,10921,Pave,,Reg,HLS,AllPub,Inside,Gtl,Edwards,Norm,Norm,1Fam,1Story,4,5,1965,1965,Hip,CompShg,HdBoard,HdBoard,BrkFace,48.0,TA,TA,CBlock,TA,TA,No,Rec,520.0,Unf,0.0,440.0,960.0,GasA,TA,Y,FuseF,960,0,0,1.0,0.0,1,0,3,1,TA,6,Typ,0,,Attchd,1965.0,Fin,1.0,432.0,TA,TA,P,120,0,0,0,0,0,,,,0,5,2007,WD ,Normal
99,83000,835,30,RL,85.0,10625,Pave,,Reg,Lvl,AllPub,Corner,Gtl,Edwards,Norm,Norm,1Fam,1Story,5,5,1920,1950,Gable,CompShg,Wd Sdng,Wd Sdng,None,0.0,TA,TA,BrkTil,TA,TA,No,ALQ,108.0,Unf,0.0,350.0,458.0,GasA,Fa,N,SBrkr,835,0,0,0.0,0.0,1,0,2,1,TA,5,Typ,0,,Basment,1920.0,Unf,1.0,366.0,Fa,TA,Y,0,0,77,0,0,0,,,Shed,400,5,2010,COD,Abnorml
100,128950,1225,20,RL,77.0,9320,Pave,,IR1,Lvl,AllPub,Inside,Gtl,NAmes,Norm,Norm,1Fam,1Story,4,5,1959,1959,Gable,CompShg,Plywood,Plywood,None,0.0,TA,TA,CBlock,TA,TA,No,ALQ,569.0,Unf,0.0,381.0,950.0,GasA,Fa,Y,SBrkr,1225,0,0,1.0,0.0,1,1,3,1,TA,6,Typ,0,,,,,0.0,0.0,,,Y,352,0,0,0,0,0,,,Shed,400,1,2010,WD ,Normal
101,205000,1610,20,RL,,10603,Pave,,IR1,Lvl,AllPub,Inside,Gtl,NWAmes,Norm,Norm,1Fam,1Story,6,7,1977,2001,Gable,CompShg,Plywood,Plywood,BrkFace,28.0,TA,TA,PConc,TA,TA,Mn,ALQ,1200.0,Unf,0.0,410.0,1610.0,GasA,Gd,Y,SBrkr,1610,0,0,1.0,0.0,2,0,3,1,Gd,6,Typ,2,TA,Attchd,1977.0,RFn,2.0,480.0,TA,TA,Y,168,68,0,0,0,0,,,,0,2,2010,WD ,Normal
102,178000,1732,60,RL,77.0,9206,Pave,,Reg,Lvl,AllPub,Inside,Gtl,SawyerW,Norm,Norm,1Fam,2Story,6,5,1985,1985,Gable,CompShg,HdBoard,HdBoard,BrkFace,336.0,Gd,TA,CBlock,Gd,TA,No,Unf,0.0,Unf,0.0,741.0,741.0,GasA,TA,Y,SBrkr,977,755,0,0.0,0.0,2,1,3,1,Gd,7,Typ,1,TA,Attchd,1985.0,Fin,2.0,476.0,TA,TA,Y,192,46,0,0,0,0,,,,0,6,2010,WD ,Normal
103,118964,1535,90,RL,64.0,7018,Pave,,Reg,Bnk,AllPub,Inside,Gtl,SawyerW,Norm,Norm,Duplex,1Story,5,5,1979,1979,Gable,CompShg,HdBoard,HdBoard,None,0.0,TA,Fa,Slab,,,,,0.0,,0.0,0.0,0.0,GasA,TA,Y,SBrkr,1535,0,0,0.0,0.0,2,0,4,2,TA,8,Typ,0,,Attchd,1979.0,Unf,2.0,410.0,TA,TA,Y,0,0,0,0,0,0,,,,0,6,2009,WD ,Alloca
104,198900,1226,20,RL,94.0,10402,Pave,,IR1,Lvl,AllPub,Corner,Gtl,CollgCr,Norm,Norm,1Fam,1Story,7,5,2009,2009,Gable,CompShg,VinylSd,VinylSd,None,0.0,TA,TA,PConc,Gd,TA,No,Unf,0.0,Unf,0.0,1226.0,1226.0,GasA,Ex,Y,SBrkr,1226,0,0,0.0,0.0,2,0,3,1,Gd,6,Typ,0,,Attchd,2009.0,RFn,3.0,740.0,TA,TA,Y,0,36,0,0,0,0,,,,0,5,2010,WD ,Normal
105,169500,1818,50,RM,,7758,Pave,,Reg,Lvl,AllPub,Corner,Gtl,IDOTRR,Norm,Norm,1Fam,1.5Fin,7,4,1931,1950,Gable,CompShg,Stucco,Stucco,BrkFace,600.0,TA,Fa,PConc,TA,TA,No,LwQ,224.0,Unf,0.0,816.0,1040.0,GasA,Ex,Y,FuseF,1226,592,0,0.0,0.0,1,1,4,1,TA,7,Typ,2,TA,Detchd,1951.0,Unf,1.0,240.0,TA,TA,Y,0,0,0,0,184,0,,,,0,6,2007,WD ,Normal
106,250000,1992,60,FV,75.0,9375,Pave,,Reg,Lvl,AllPub,Inside,Gtl,Somerst,Norm,Norm,1Fam,2Story,8,5,2003,2004,Hip,CompShg,VinylSd,VinylSd,BrkFace,768.0,Gd,TA,PConc,Ex,TA,No,Unf,0.0,Unf,0.0,1053.0,1053.0,GasA,Ex,Y,SBrkr,1053,939,0,0.0,0.0,2,1,3,1,Gd,9,Typ,1,Gd,Attchd,2003.0,RFn,2.0,648.0,TA,TA,Y,140,45,0,0,0,0,,,,0,8,2008,WD ,Normal
107,100000,1047,30,RM,60.0,10800,Pave,Grvl,Reg,Lvl,AllPub,Inside,Gtl,OldTown,Norm,Norm,1Fam,1Story,4,7,1885,1995,Mansard,CompShg,VinylSd,VinylSd,None,0.0,TA,TA,BrkTil,Fa,TA,No,Unf,0.0,Unf,0.0,641.0,641.0,GasA,Gd,Y,SBrkr,1047,0,0,0.0,0.0,1,0,2,1,TA,6,Typ,0,,Detchd,1954.0,Unf,1.0,273.0,Fa,Fa,N,0,0,0,0,0,0,,,Shed,450,8,2007,WD ,Normal
108,115000,789,20,RM,50.0,6000,Pave,,Reg,Lvl,AllPub,Inside,Gtl,OldTown,Norm,Norm,1Fam,1Story,5,5,1948,1950,Gable,CompShg,VinylSd,VinylSd,None,0.0,TA,TA,CBlock,TA,TA,No,ALQ,104.0,BLQ,169.0,516.0,789.0,GasA,Ex,Y,SBrkr,789,0,0,0.0,0.0,1,0,2,1,TA,5,Typ,0,,Detchd,1948.0,Unf,1.0,250.0,TA,TA,Y,0,0,0,0,0,0,,,,0,4,2008,WD ,Partial
109,115000,1517,50,RM,85.0,8500,Pave,,Reg,Lvl,AllPub,Corner,Gtl,IDOTRR,Artery,Norm,1Fam,1.5Fin,5,7,1919,2005,Gable,CompShg,CemntBd,CmentBd,None,0.0,TA,TA,CBlock,TA,TA,No,Unf,0.0,Unf,0.0,793.0,793.0,GasW,TA,N,FuseF,997,520,0,0.0,0.0,2,0,3,1,Fa,7,Typ,0,,,,,0.0,0.0,,,N,0,0,144,0,0,0,,,,0,8,2007,WD ,Normal
110,190000,1844,20,RL,105.0,11751,Pave,,IR1,Lvl,AllPub,Inside,Gtl,NWAmes,Norm,Norm,1Fam,1Story,6,6,1977,1977,Hip,CompShg,Plywood,Plywood,BrkFace,480.0,TA,TA,CBlock,Gd,TA,No,BLQ,705.0,Unf,0.0,1139.0,1844.0,GasA,Ex,Y,SBrkr,1844,0,0,0.0,0.0,2,0,3,1,TA,7,Typ,1,TA,Attchd,1977.0,RFn,2.0,546.0,TA,TA,Y,0,122,0,0,0,0,,MnPrv,,0,1,2010,COD,Normal
111,136900,1855,50,RL,75.0,9525,Pave,,Reg,Lvl,AllPub,Inside,Gtl,Edwards,Norm,Norm,1Fam,1.5Fin,6,4,1954,1972,Gable,CompShg,Wd Sdng,Wd Sdng,None,0.0,TA,TA,CBlock,TA,Fa,No,Rec,444.0,Unf,0.0,550.0,994.0,GasA,Gd,Y,SBrkr,1216,639,0,0.0,0.0,2,0,4,1,TA,7,Typ,0,,Attchd,1954.0,Unf,1.0,325.0,TA,TA,Y,182,0,0,0,0,0,,,,0,10,2006,WD ,Normal
112,180000,1430,80,RL,,7750,Pave,,IR1,Lvl,AllPub,Inside,Gtl,Gilbert,Norm,Norm,1Fam,SLvl,7,5,2000,2000,Gable,CompShg,VinylSd,VinylSd,None,0.0,TA,TA,PConc,Gd,TA,No,GLQ,250.0,Unf,0.0,134.0,384.0,GasA,Ex,Y,SBrkr,774,656,0,0.0,0.0,2,1,3,1,TA,7,Typ,1,TA,BuiltIn,2000.0,Fin,2.0,400.0,TA,TA,Y,180,0,0,0,0,0,,,,0,4,2010,WD ,Normal
113,383970,2696,60,RL,77.0,9965,Pave,,Reg,Lvl,AllPub,Inside,Gtl,CollgCr,Norm,Norm,1Fam,2Story,7,5,2007,2007,Gable,CompShg,VinylSd,VinylSd,Stone,220.0,Gd,TA,PConc,Ex,TA,Av,GLQ,984.0,Unf,0.0,280.0,1264.0,GasA,Ex,Y,SBrkr,1282,1414,0,1.0,0.0,2,1,4,1,Ex,10,Typ,1,Gd,BuiltIn,2007.0,Fin,3.0,792.0,TA,TA,Y,120,184,0,0,168,0,,,,0,10,2007,New,Partial
114,217000,2259,20,RL,,21000,Pave,,Reg,Bnk,AllPub,Corner,Gtl,Crawfor,Norm,Norm,1Fam,1Story,6,5,1953,1953,Hip,CompShg,Wd Sdng,Wd Sdng,BrkFace,184.0,TA,Gd,CBlock,Gd,TA,Mn,ALQ,35.0,Rec,869.0,905.0,1809.0,GasA,TA,Y,SBrkr,2259,0,0,1.0,0.0,2,0,3,1,Gd,7,Typ,2,Gd,Basment,1953.0,Unf,2.0,450.0,TA,TA,Y,166,120,192,0,0,0,,MnPrv,,0,10,2007,COD,Abnorml
115,259500,2320,70,RL,61.0,7259,Pave,,IR1,Lvl,AllPub,Inside,Mod,Crawfor,Norm,Norm,1Fam,2Story,6,8,1945,2002,Gambrel,CompShg,Wd Sdng,Wd Sdng,None,0.0,TA,TA,CBlock,TA,TA,No,ALQ,774.0,LwQ,150.0,104.0,1028.0,GasA,Ex,Y,SBrkr,1436,884,0,1.0,0.0,2,1,3,1,Gd,9,Typ,1,TA,Detchd,1945.0,Unf,1.0,180.0,TA,TA,Y,224,0,0,0,0,0,,MnPrv,,0,7,2007,WD ,Normal
116,176000,1458,160,FV,34.0,3230,Pave,Pave,Reg,Lvl,AllPub,Corner,Gtl,Somerst,Norm,Norm,TwnhsE,2Story,6,5,1999,1999,Gable,CompShg,MetalSd,MetalSd,BrkFace,1129.0,TA,TA,PConc,Gd,TA,No,GLQ,419.0,Unf,0.0,310.0,729.0,GasA,Gd,Y,SBrkr,729,729,0,0.0,0.0,2,1,2,1,TA,5,Typ,1,Fa,Detchd,1999.0,Unf,2.0,440.0,TA,TA,Y,0,32,0,0,0,0,,,,0,6,2007,WD ,Normal
117,139000,1092,20,RL,,11616,Pave,,Reg,Lvl,AllPub,Inside,Gtl,Sawyer,Norm,Norm,1Fam,1Story,5,5,1962,1962,Gable,CompShg,Wd Sdng,Wd Sdng,BrkFace,116.0,TA,TA,CBlock,TA,TA,No,LwQ,170.0,BLQ,670.0,252.0,1092.0,GasA,TA,Y,SBrkr,1092,0,0,0.0,1.0,1,0,3,1,TA,6,Typ,1,Po,Attchd,1962.0,Unf,1.0,288.0,TA,TA,Y,0,20,144,0,0,0,,,,0,9,2009,WD ,Normal
118,155000,1125,20,RL,74.0,8536,Pave,,Reg,Lvl,AllPub,Corner,Gtl,Edwards,Norm,Norm,1Fam,1Story,5,5,2006,2007,Gable,CompShg,VinylSd,VinylSd,None,0.0,TA,TA,PConc,Gd,TA,No,Unf,0.0,Unf,0.0,1125.0,1125.0,GasA,Gd,Y,SBrkr,1125,0,0,0.0,0.0,1,1,2,1,TA,5,Typ,0,,Attchd,2007.0,Unf,2.0,430.0,TA,TA,Y,80,64,0,0,0,0,,,,0,4,2007,New,Partial
119,320000,3222,60,RL,90.0,12376,Pave,,Reg,Lvl,AllPub,Corner,Gtl,SawyerW,Norm,Norm,1Fam,2Story,7,5,1990,1990,Hip,CompShg,Plywood,Plywood,None,0.0,TA,TA,PConc,Gd,TA,Mn,GLQ,1470.0,Unf,0.0,203.0,1673.0,GasA,Gd,Y,SBrkr,1699,1523,0,1.0,0.0,3,0,5,1,Gd,11,Typ,2,TA,Attchd,1990.0,Unf,3.0,594.0,TA,TA,Y,367,0,0,0,0,0,,,,0,5,2010,WD ,Normal
120,163990,1456,60,RL,65.0,8461,Pave,,Reg,Lvl,AllPub,Inside,Gtl,CollgCr,Norm,Norm,1Fam,2Story,6,5,2005,2006,Gable,CompShg,VinylSd,VinylSd,None,0.0,Gd,TA,PConc,Gd,TA,No,Unf,0.0,Unf,0.0,728.0,728.0,GasA,Ex,Y,SBrkr,728,728,0,0.0,0.0,2,1,3,1,Gd,8,Typ,1,Gd,Attchd,2005.0,Fin,2.0,390.0,TA,TA,Y,0,24,0,0,0,0,,,,0,7,2006,New,Partial
121,180000,988,80,RL,,21453,Pave,,IR1,Low,AllPub,CulDSac,Sev,ClearCr,Norm,Norm,1Fam,SLvl,6,5,1969,1969,Flat,Metal,Plywood,Plywood,None,0.0,TA,TA,CBlock,TA,TA,Gd,ALQ,938.0,Unf,0.0,0.0,938.0,GasA,Ex,Y,SBrkr,988,0,0,1.0,0.0,1,0,1,1,TA,4,Typ,2,TA,Attchd,1969.0,Unf,2.0,540.0,TA,TA,Y,0,130,0,130,0,0,,,,0,10,2006,WD ,Normal
122,100000,1123,50,RM,50.0,6060,Pave,,Reg,Lvl,AllPub,Inside,Gtl,IDOTRR,Norm,Norm,1Fam,1.5Fin,4,5,1939,1950,Gable,CompShg,AsbShng,AsbShng,None,0.0,TA,TA,PConc,TA,TA,No,Unf,0.0,Unf,0.0,732.0,732.0,GasA,Gd,Y,SBrkr,772,351,0,0.0,0.0,1,0,3,1,TA,4,Typ,0,,Detchd,1979.0,Unf,1.0,264.0,TA,TA,P,0,0,140,0,0,0,,MnPrv,,0,6,2007,WD ,Normal
123,136000,1080,20,RL,75.0,9464,Pave,,Reg,Lvl,AllPub,Corner,Gtl,NAmes,Norm,Norm,1Fam,1Story,6,7,1958,1958,Hip,CompShg,MetalSd,MetalSd,BrkFace,135.0,TA,Gd,CBlock,TA,TA,No,BLQ,570.0,Unf,0.0,510.0,1080.0,GasA,Gd,Y,SBrkr,1080,0,0,0.0,0.0,1,0,3,1,TA,5,Typ,0,,Attchd,1958.0,Unf,1.0,288.0,TA,TA,Y,0,0,0,0,130,0,,,,0,6,2008,WD ,Normal
124,153900,1199,120,RL,55.0,7892,Pave,,Reg,Lvl,AllPub,Inside,Gtl,SawyerW,Norm,Norm,TwnhsE,1Story,6,5,1993,1993,Gable,CompShg,Plywood,Plywood,None,0.0,Gd,TA,PConc,Gd,TA,No,GLQ,300.0,Unf,0.0,899.0,1199.0,GasA,Ex,Y,SBrkr,1199,0,0,0.0,0.0,2,0,2,1,Gd,5,Typ,0,,Attchd,1993.0,RFn,2.0,530.0,TA,TA,Y,0,63,0,0,0,0,,,,0,3,2008,WD ,Normal
125,181000,1586,20,RL,48.0,17043,Pave,,IR1,Lvl,AllPub,CulDSac,Gtl,NWAmes,Norm,Norm,1Fam,1Story,6,5,1979,1998,Gable,CompShg,HdBoard,HdBoard,None,0.0,TA,Gd,CBlock,Gd,Fa,No,Unf,0.0,Unf,0.0,1362.0,1362.0,GasA,TA,Y,SBrkr,1586,0,0,0.0,0.0,2,0,3,1,TA,7,Typ,1,TA,Attchd,1979.0,Unf,2.0,435.0,TA,TA,Y,192,0,0,0,0,0,,,,0,1,2009,WD ,Normal
126,84500,754,190,RM,60.0,6780,Pave,,Reg,Lvl,AllPub,Inside,Gtl,IDOTRR,Norm,Norm,2fmCon,1.5Fin,6,8,1935,1982,Gable,CompShg,Wd Sdng,Wd Sdng,None,0.0,TA,Fa,CBlock,TA,TA,Av,GLQ,490.0,Unf,0.0,30.0,520.0,GasA,Gd,N,SBrkr,520,0,234,1.0,0.0,1,0,2,1,TA,5,Typ,0,,,,,0.0,0.0,,,N,53,0,0,0,0,0,,,,0,6,2006,WD ,Normal
127,128000,958,120,RL,,4928,Pave,,IR1,Lvl,AllPub,Inside,Gtl,NPkVill,Norm,Norm,TwnhsE,1Story,6,5,1976,1976,Gable,CompShg,Plywood,Plywood,None,0.0,TA,TA,CBlock,Gd,TA,No,ALQ,120.0,Unf,0.0,958.0,1078.0,GasA,TA,Y,SBrkr,958,0,0,0.0,0.0,2,0,2,1,TA,5,Typ,1,TA,Attchd,1977.0,RFn,2.0,440.0,TA,TA,Y,0,205,0,0,0,0,,,,0,2,2007,WD ,Normal
128,87000,840,45,RM,55.0,4388,Pave,,IR1,Bnk,AllPub,Inside,Gtl,OldTown,Feedr,Norm,1Fam,1.5Unf,5,7,1930,1950,Gable,CompShg,WdShing,Wd Sdng,None,0.0,TA,Gd,BrkTil,TA,TA,No,LwQ,116.0,Unf,0.0,556.0,672.0,GasA,Ex,Y,SBrkr,840,0,0,0.0,0.0,1,0,3,1,TA,5,Typ,1,TA,,,,0.0,0.0,,,N,0,0,0,0,0,0,,,,0,6,2007,WD ,Normal
129,155000,1348,60,RL,69.0,7590,Pave,,Reg,Lvl,AllPub,Inside,Gtl,NAmes,PosN,Norm,1Fam,2Story,6,5,1966,1966,Gable,CompShg,VinylSd,VinylSd,BrkFace,266.0,TA,TA,CBlock,TA,TA,No,BLQ,512.0,Unf,0.0,148.0,660.0,GasA,TA,Y,SBrkr,660,688,0,0.0,0.0,1,1,3,1,TA,6,Typ,1,Fa,Attchd,1966.0,RFn,2.0,453.0,TA,TA,Y,188,108,0,0,0,0,,,,0,7,2006,WD ,Normal
130,150000,1053,20,RL,69.0,8973,Pave,,Reg,Lvl,AllPub,Inside,Gtl,NAmes,Norm,Norm,1Fam,1Story,5,7,1958,1991,Gable,CompShg,Plywood,Plywood,BrkFace,85.0,TA,TA,CBlock,TA,TA,No,Rec,567.0,BLQ,28.0,413.0,1008.0,GasA,TA,Y,FuseA,1053,0,0,0.0,1.0,1,1,3,1,Ex,6,Typ,0,,2Types,1998.0,RFn,2.0,750.0,TA,TA,Y,0,80,0,180,0,0,,MnWw,,0,7,2006,WD ,Abnorml
131,226000,2157,60,RL,88.0,14200,Pave,,Reg,Lvl,AllPub,Corner,Gtl,NAmes,Norm,Norm,1Fam,2Story,7,6,1966,1966,Gable,CompShg,MetalSd,MetalSd,BrkFace,309.0,TA,TA,CBlock,TA,TA,No,Rec,445.0,Unf,0.0,479.0,924.0,GasA,Ex,Y,SBrkr,1216,941,0,0.0,0.0,2,1,4,1,Gd,8,Typ,2,Gd,Attchd,1966.0,Fin,2.0,487.0,TA,TA,Y,105,66,0,0,0,0,,GdPrv,,0,5,2006,WD ,Normal
132,244000,2054,60,RL,,12224,Pave,,IR1,Lvl,AllPub,Corner,Gtl,Gilbert,Norm,Norm,1Fam,2Story,6,5,2000,2000,Gable,CompShg,VinylSd,VinylSd,BrkFace,40.0,Gd,TA,PConc,Gd,TA,No,GLQ,695.0,Unf,0.0,297.0,992.0,GasA,Ex,Y,SBrkr,1022,1032,0,1.0,0.0,2,1,3,1,Gd,7,Typ,1,TA,BuiltIn,2000.0,RFn,2.0,390.0,TA,TA,Y,24,48,0,0,0,0,,,,0,7,2009,WD ,Normal
133,150750,1327,20,RL,75.0,7388,Pave,,Reg,Lvl,AllPub,Corner,Gtl,NAmes,Norm,Norm,1Fam,1Story,5,6,1959,2002,Gable,CompShg,MetalSd,MetalSd,None,0.0,TA,TA,CBlock,TA,TA,No,Rec,405.0,Unf,0.0,658.0,1063.0,GasA,Gd,Y,SBrkr,1327,0,0,1.0,0.0,1,0,3,1,Gd,7,Typ,0,,Detchd,1974.0,Unf,2.0,624.0,TA,TA,Y,0,0,0,0,0,0,,,,0,7,2007,WD ,Normal
134,220000,1296,20,RL,,6853,Pave,,IR1,Lvl,AllPub,Inside,Gtl,Timber,Norm,Norm,1Fam,1Story,8,5,2001,2002,Gable,CompShg,VinylSd,VinylSd,BrkFace,136.0,Gd,TA,PConc,Ex,TA,No,GLQ,1005.0,Unf,0.0,262.0,1267.0,GasA,Ex,Y,SBrkr,1296,0,0,1.0,0.0,2,0,2,1,Gd,6,Typ,0,,Attchd,2001.0,Fin,2.0,471.0,TA,TA,Y,192,25,0,0,0,0,,,,0,6,2009,WD ,Normal
135,180000,1721,20,RL,78.0,10335,Pave,,IR1,Lvl,AllPub,Inside,Gtl,Sawyer,Norm,Norm,1Fam,1Story,5,6,1968,1993,Gable,CompShg,Plywood,Plywood,None,0.0,TA,TA,CBlock,TA,TA,No,Rec,570.0,Unf,0.0,891.0,1461.0,GasA,Gd,Y,SBrkr,1721,0,0,0.0,0.0,2,1,3,1,TA,7,Min1,1,TA,Attchd,1968.0,RFn,2.0,440.0,TA,TA,Y,0,96,180,0,0,0,,MnPrv,,0,7,2006,WD ,Normal
136,174000,1682,20,RL,80.0,10400,Pave,,Reg,Lvl,AllPub,Inside,Gtl,NWAmes,Norm,Norm,1Fam,1Story,7,6,1970,1970,Hip,CompShg,Plywood,Plywood,BrkFace,288.0,TA,TA,PConc,TA,TA,No,Unf,0.0,Unf,0.0,1304.0,1304.0,GasA,Gd,Y,SBrkr,1682,0,0,0.0,0.0,2,0,3,1,TA,7,Typ,1,Gd,Attchd,1970.0,Unf,2.0,530.0,TA,TA,Y,98,0,0,0,0,0,,MnPrv,,0,5,2008,WD ,Normal
137,143000,1214,20,RL,,10355,Pave,,IR1,Lvl,AllPub,Corner,Gtl,NAmes,Norm,Norm,1Fam,1Story,5,5,1967,1967,Gable,CompShg,MetalSd,MetalSd,BrkFace,196.0,TA,TA,CBlock,TA,TA,No,BLQ,695.0,Unf,0.0,519.0,1214.0,GasA,TA,Y,SBrkr,1214,0,0,0.0,0.0,2,0,3,1,TA,5,Typ,1,Fa,Attchd,1967.0,RFn,1.0,318.0,TA,TA,Y,0,111,0,0,0,0,,,,0,7,2007,WD ,Normal
138,171000,1959,90,RL,82.0,11070,Pave,,Reg,Lvl,AllPub,Inside,Gtl,Mitchel,Norm,Norm,Duplex,1Story,7,5,1988,1989,Gable,CompShg,VinylSd,VinylSd,BrkFace,70.0,TA,TA,CBlock,TA,TA,No,Unf,0.0,Unf,0.0,1907.0,1907.0,GasA,Gd,Y,SBrkr,1959,0,0,0.0,0.0,3,0,5,2,TA,9,Typ,0,,2Types,1989.0,Unf,3.0,766.0,TA,TA,Y,0,0,0,0,0,0,,,,0,7,2006,WD ,Family
139,230000,1852,60,RL,73.0,9066,Pave,,IR1,Lvl,AllPub,Inside,Gtl,CollgCr,Norm,Norm,1Fam,2Story,8,5,1999,2000,Gable,CompShg,VinylSd,VinylSd,BrkFace,320.0,Gd,TA,PConc,Gd,TA,Mn,GLQ,668.0,Unf,0.0,336.0,1004.0,GasA,Ex,Y,SBrkr,1004,848,0,0.0,0.0,2,1,3,1,Gd,7,Typ,2,TA,Attchd,1999.0,Fin,3.0,660.0,TA,TA,Y,224,106,0,0,0,0,,GdPrv,,0,12,2008,WD ,Normal
140,231500,1764,60,RL,65.0,15426,Pave,,IR1,Lvl,AllPub,Inside,Gtl,CollgCr,Norm,Norm,1Fam,2Story,6,5,1997,1997,Gable,CompShg,VinylSd,VinylSd,None,0.0,TA,TA,PConc,Gd,TA,No,GLQ,821.0,Unf,0.0,107.0,928.0,GasA,Ex,Y,SBrkr,928,836,0,1.0,0.0,2,1,3,1,Gd,7,Typ,0,,Attchd,1997.0,RFn,2.0,470.0,TA,TA,Y,276,99,0,0,0,0,,MnPrv,,0,8,2009,WD ,Normal
141,115000,864,20,RL,70.0,10500,Pave,,Reg,Lvl,AllPub,FR2,Gtl,NAmes,Norm,Norm,1Fam,1Story,4,5,1971,1971,Gable,CompShg,HdBoard,HdBoard,None,0.0,TA,TA,CBlock,TA,TA,No,ALQ,432.0,Unf,0.0,432.0,864.0,GasA,TA,Y,SBrkr,864,0,0,0.0,0.0,1,0,3,1,TA,5,Typ,1,Po,,,,0.0,0.0,,,Y,0,0,0,0,0,0,,,,0,4,2010,ConLI,Normal
142,260000,1734,20,RL,78.0,11645,Pave,,Reg,Lvl,AllPub,Inside,Gtl,CollgCr,Norm,Norm,1Fam,1Story,7,5,2005,2005,Gable,CompShg,VinylSd,VinylSd,None,0.0,Gd,TA,PConc,Gd,TA,Av,GLQ,1300.0,Unf,0.0,434.0,1734.0,GasA,Ex,Y,SBrkr,1734,0,0,1.0,0.0,2,0,3,1,Gd,7,Typ,0,,Attchd,2005.0,Fin,2.0,660.0,TA,TA,Y,160,24,0,0,0,0,,,,0,1,2006,WD ,Normal
143,166000,1385,50,RL,71.0,8520,Pave,,Reg,Lvl,AllPub,Corner,Gtl,NAmes,Artery,Norm,1Fam,1.5Fin,5,4,1952,1952,Gable,CompShg,BrkFace,Wd Sdng,None,0.0,TA,Fa,CBlock,TA,TA,No,Rec,507.0,Unf,0.0,403.0,910.0,GasA,Fa,Y,SBrkr,910,475,0,0.0,0.0,2,0,4,1,TA,6,Typ,0,,Detchd,2000.0,Unf,2.0,720.0,TA,TA,Y,0,0,0,0,0,0,,MnPrv,,0,6,2010,WD ,Normal
144,204000,1501,20,RL,78.0,10335,Pave,,IR1,Lvl,AllPub,Inside,Gtl,CollgCr,Norm,Norm,1Fam,1Story,7,5,1999,1999,Gable,CompShg,VinylSd,VinylSd,BrkFace,183.0,Gd,TA,PConc,Gd,TA,Gd,GLQ,679.0,Unf,0.0,811.0,1490.0,GasA,Ex,Y,SBrkr,1501,0,0,1.0,0.0,2,0,3,1,Gd,6,Typ,0,,Attchd,1999.0,RFn,2.0,577.0,TA,TA,Y,144,29,0,0,0,0,,,,0,6,2009,WD ,Normal
145,125000,1728,90,RM,70.0,9100,Pave,,Reg,Lvl,AllPub,Inside,Gtl,Sawyer,RRAe,Norm,Duplex,1Story,5,5,1963,1963,Gable,CompShg,HdBoard,HdBoard,BrkFace,336.0,TA,TA,CBlock,TA,TA,No,Rec,1332.0,Unf,0.0,396.0,1728.0,GasA,TA,Y,SBrkr,1728,0,0,1.0,0.0,2,0,6,2,TA,10,Typ,0,,Detchd,1963.0,Unf,2.0,504.0,TA,TA,Y,0,0,0,0,0,0,,,,0,11,2006,ConLI,Abnorml
146,130000,1709,160,RM,24.0,2522,Pave,,Reg,Lvl,AllPub,Inside,Gtl,Edwards,Norm,Norm,Twnhs,2Story,7,5,2004,2004,Gable,CompShg,VinylSd,VinylSd,Stone,50.0,Gd,TA,PConc,Gd,TA,No,Unf,0.0,Unf,0.0,970.0,970.0,GasA,Ex,Y,SBrkr,970,739,0,0.0,0.0,2,0,3,1,Gd,7,Maj1,0,,Detchd,2004.0,Unf,2.0,380.0,TA,TA,Y,0,40,0,0,0,0,,,,0,5,2006,WD ,Normal
147,105000,875,30,RM,51.0,6120,Pave,,Reg,Lvl,AllPub,Corner,Gtl,BrkSide,Norm,Norm,1Fam,1Story,5,7,1931,1993,Gable,CompShg,Wd Sdng,Wd Sdng,None,0.0,TA,TA,BrkTil,TA,TA,No,BLQ,209.0,Unf,0.0,506.0,715.0,GasA,TA,Y,FuseA,875,0,0,1.0,0.0,1,0,2,1,TA,5,Typ,0,,Detchd,1931.0,Unf,1.0,180.0,Fa,TA,Y,48,0,0,0,0,0,,,,0,11,2009,WD ,Normal
148,222500,2035,60,RL,,9505,Pave,,IR1,Lvl,AllPub,CulDSac,Gtl,Gilbert,Norm,Norm,1Fam,2Story,7,5,2001,2001,Gable,CompShg,VinylSd,VinylSd,BrkFace,180.0,Gd,TA,PConc,Gd,TA,No,Unf,0.0,Unf,0.0,884.0,884.0,GasA,Ex,Y,SBrkr,884,1151,0,0.0,0.0,2,1,3,1,Gd,8,Typ,1,Gd,BuiltIn,2001.0,Fin,2.0,434.0,TA,TA,Y,144,48,0,0,0,0,,,,0,5,2010,WD ,Normal
149,141000,1080,20,RL,63.0,7500,Pave,,Reg,Lvl,AllPub,Inside,Gtl,SawyerW,Norm,Norm,1Fam,1Story,7,5,2004,2005,Gable,CompShg,VinylSd,VinylSd,BrkFace,120.0,TA,TA,PConc,Gd,TA,No,GLQ,680.0,Unf,0.0,400.0,1080.0,GasA,Ex,Y,SBrkr,1080,0,0,1.0,0.0,1,0,3,1,Gd,6,Typ,0,,,,,0.0,0.0,,,Y,0,0,0,0,0,0,,,,0,4,2008,WD ,Normal
150,115000,1344,50,RM,,6240,Pave,,Reg,Lvl,AllPub,Inside,Gtl,BrkSide,Norm,Norm,1Fam,1.5Fin,5,4,1936,1950,Gable,CompShg,MetalSd,MetalSd,None,0.0,TA,TA,BrkTil,Gd,TA,No,Unf,0.0,Unf,0.0,896.0,896.0,GasA,Gd,Y,FuseA,896,448,0,0.0,0.0,1,0,3,1,TA,7,Typ,0,,Detchd,1936.0,Unf,1.0,240.0,Fa,TA,Y,200,114,0,0,0,0,,,,0,4,2006,WD ,Normal
151,122000,969,20,RL,120.0,10356,Pave,,Reg,Lvl,AllPub,Corner,Gtl,CollgCr,Norm,Norm,1Fam,1Story,5,6,1975,1975,Gable,CompShg,HdBoard,HdBoard,None,0.0,TA,TA,CBlock,TA,TA,Av,BLQ,716.0,Unf,0.0,253.0,969.0,GasA,TA,Y,SBrkr,969,0,0,0.0,0.0,1,1,3,1,TA,5,Typ,0,,Attchd,1975.0,Unf,2.0,440.0,TA,TA,Y,0,0,0,0,0,0,,MnPrv,,0,1,2007,WD ,Normal
152,372402,1710,20,RL,107.0,13891,Pave,,Reg,Lvl,AllPub,Inside,Gtl,NridgHt,Norm,Norm,1Fam,1Story,8,5,2007,2008,Hip,CompShg,VinylSd,VinylSd,Stone,436.0,Gd,TA,PConc,Ex,TA,Gd,GLQ,1400.0,Unf,0.0,310.0,1710.0,GasA,Ex,Y,SBrkr,1710,0,0,1.0,0.0,2,0,2,1,Gd,6,Typ,1,Gd,Attchd,2007.0,RFn,3.0,866.0,TA,TA,Y,0,102,0,0,0,0,,,,0,1,2008,New,Partial
153,190000,1993,60,RL,,14803,Pave,,IR1,Lvl,AllPub,CulDSac,Gtl,NWAmes,Norm,Norm,1Fam,2Story,6,5,1971,1971,Gable,CompShg,HdBoard,HdBoard,BrkFace,252.0,TA,TA,CBlock,TA,TA,No,Rec,416.0,Unf,0.0,409.0,825.0,GasA,Gd,Y,SBrkr,1097,896,0,0.0,0.0,2,1,4,1,TA,8,Typ,1,Gd,Attchd,1971.0,RFn,2.0,495.0,TA,TA,Y,0,66,0,0,0,0,,GdWo,,0,6,2006,WD ,Normal
154,235000,1252,20,RL,,13500,Pave,,Reg,Lvl,AllPub,Inside,Gtl,ClearCr,Norm,Norm,1Fam,1Story,6,7,1960,1975,Flat,CompShg,BrkFace,Plywood,None,0.0,TA,TA,CBlock,Gd,TA,Gd,BLQ,429.0,ALQ,1080.0,93.0,1602.0,GasA,Gd,Y,SBrkr,1252,0,0,1.0,0.0,1,0,1,1,TA,4,Typ,1,Gd,Attchd,1960.0,RFn,2.0,564.0,TA,TA,Y,409,0,0,0,0,0,,,,0,3,2008,WD ,Normal
155,125000,1200,30,RM,84.0,11340,Pave,,Reg,Lvl,AllPub,Corner,Gtl,OldTown,Norm,Norm,1Fam,1Story,6,5,1923,1950,Gable,CompShg,Wd Sdng,Wd Sdng,None,0.0,TA,TA,BrkTil,TA,TA,No,Unf,0.0,Unf,0.0,1200.0,1200.0,GasA,TA,Y,FuseA,1200,0,0,0.0,0.0,1,0,4,1,TA,7,Typ,0,,Detchd,1923.0,Unf,1.0,312.0,Fa,Fa,Y,0,0,228,0,0,0,,,,0,3,2006,WD ,Family
156,79000,1096,50,RL,60.0,9600,Pave,,Reg,Lvl,AllPub,Corner,Gtl,Edwards,Artery,Norm,1Fam,1.5Fin,6,5,1924,1950,Gable,CompShg,Wd Sdng,Wd Sdng,None,0.0,TA,TA,BrkTil,TA,TA,No,Unf,0.0,Unf,0.0,572.0,572.0,Grav,Fa,N,FuseF,572,524,0,0.0,0.0,1,0,2,1,TA,5,Typ,0,,,,,0.0,0.0,,,N,0,8,128,0,0,0,,,,0,4,2008,WD ,Normal
157,109500,1040,20,RL,60.0,7200,Pave,,Reg,Lvl,AllPub,Inside,Gtl,NAmes,Norm,Norm,1Fam,1Story,5,7,1950,1950,Hip,CompShg,Wd Sdng,Wd Sdng,None,0.0,TA,TA,CBlock,,,,,0.0,,0.0,0.0,0.0,GasA,TA,Y,FuseF,1040,0,0,0.0,0.0,1,0,2,1,TA,5,Typ,0,,Detchd,1950.0,Unf,2.0,625.0,TA,TA,Y,0,0,0,0,0,0,,,,0,6,2006,WD ,Normal
158,269500,1968,60,RL,92.0,12003,Pave,,Reg,Lvl,AllPub,Corner,Gtl,Timber,Norm,Norm,1Fam,2Story,8,5,2009,2010,Gable,CompShg,VinylSd,VinylSd,BrkFace,84.0,Gd,TA,PConc,Ex,TA,No,Unf,0.0,Unf,0.0,774.0,774.0,GasA,Ex,Y,SBrkr,774,1194,0,0.0,0.0,2,1,4,1,Ex,8,Typ,1,Gd,BuiltIn,2009.0,Fin,3.0,680.0,TA,TA,Y,0,75,0,0,0,0,,,,0,5,2010,New,Partial
159,254900,1947,60,FV,100.0,12552,Pave,,Reg,Lvl,AllPub,Corner,Gtl,Somerst,Norm,Norm,1Fam,2Story,7,5,2004,2005,Gable,CompShg,VinylSd,VinylSd,None,0.0,Gd,TA,PConc,Gd,TA,No,GLQ,222.0,Unf,0.0,769.0,991.0,GasA,Ex,Y,SBrkr,991,956,0,0.0,0.0,2,1,3,1,Gd,8,Typ,1,Gd,Attchd,2004.0,RFn,2.0,678.0,TA,TA,Y,0,136,0,0,0,0,,GdWo,,0,5,2010,WD ,Normal
160,320000,2462,60,RL,134.0,19378,Pave,,IR1,HLS,AllPub,Corner,Gtl,Gilbert,Norm,Norm,1Fam,2Story,7,5,2005,2006,Gable,CompShg,VinylSd,VinylSd,BrkFace,456.0,Gd,TA,PConc,Gd,TA,Mn,GLQ,57.0,Unf,0.0,1335.0,1392.0,GasA,Ex,Y,SBrkr,1392,1070,0,1.0,0.0,2,1,4,1,Gd,9,Typ,1,Gd,Attchd,2006.0,RFn,2.0,576.0,TA,TA,Y,239,132,0,168,0,0,,,,0,3,2006,New,Partial
161,162500,1232,20,RL,,11120,Pave,,IR1,Lvl,AllPub,CulDSac,Gtl,Veenker,Norm,Norm,1Fam,1Story,6,6,1984,1984,Gable,CompShg,Plywood,Plywood,None,0.0,TA,TA,PConc,Gd,TA,No,BLQ,660.0,Unf,0.0,572.0,1232.0,GasA,TA,Y,SBrkr,1232,0,0,0.0,0.0,2,0,3,1,TA,6,Typ,0,,Attchd,1984.0,Unf,2.0,516.0,TA,TA,Y,0,0,0,0,0,0,,,,0,6,2008,WD ,Normal
162,412500,2668,60,RL,110.0,13688,Pave,,IR1,Lvl,AllPub,Inside,Gtl,NridgHt,Norm,Norm,1Fam,2Story,9,5,2003,2004,Gable,CompShg,VinylSd,VinylSd,BrkFace,664.0,Gd,TA,PConc,Ex,TA,Av,GLQ,1016.0,Unf,0.0,556.0,1572.0,GasA,Ex,Y,SBrkr,1572,1096,0,1.0,0.0,2,1,3,1,Ex,10,Typ,2,Gd,BuiltIn,2003.0,Fin,3.0,726.0,TA,TA,Y,400,0,0,0,0,0,,,,0,3,2008,WD ,Normal
163,220000,1541,20,RL,95.0,12182,Pave,,Reg,Lvl,AllPub,Corner,Gtl,NridgHt,Norm,Norm,1Fam,1Story,7,5,2005,2005,Gable,CompShg,VinylSd,VinylSd,BrkFace,226.0,Gd,TA,PConc,Gd,TA,Mn,BLQ,1201.0,Unf,0.0,340.0,1541.0,GasA,Ex,Y,SBrkr,1541,0,0,0.0,0.0,2,0,3,1,Gd,7,Typ,1,Gd,Attchd,2005.0,RFn,2.0,532.0,TA,TA,Y,0,70,0,0,0,0,,,,0,5,2010,New,Partial
164,103200,882,45,RL,55.0,5500,Pave,,Reg,Lvl,AllPub,Inside,Gtl,OldTown,Norm,Norm,1Fam,1.5Unf,4,6,1956,1956,Gable,CompShg,MetalSd,MetalSd,None,0.0,TA,TA,CBlock,TA,TA,No,Unf,0.0,Unf,0.0,882.0,882.0,GasA,Ex,Y,SBrkr,882,0,0,0.0,0.0,1,0,1,1,TA,4,Typ,0,,,,,0.0,0.0,,,Y,0,0,0,0,0,0,,MnPrv,,0,4,2007,WD ,Normal
165,152000,1616,40,RM,40.0,5400,Pave,Pave,Reg,Lvl,AllPub,Corner,Gtl,OldTown,Norm,Norm,1Fam,1Story,6,7,1926,2004,Gable,CompShg,MetalSd,MetalSd,None,0.0,TA,Gd,BrkTil,TA,TA,Mn,LwQ,370.0,Unf,0.0,779.0,1149.0,GasA,Gd,Y,FuseA,1149,467,0,0.0,0.0,2,0,3,1,Gd,5,Typ,0,,Detchd,1926.0,Unf,1.0,216.0,TA,TA,Y,0,0,183,0,0,0,,,,0,10,2007,WD ,Normal
166,127500,1355,190,RL,62.0,10106,Pave,,Reg,Lvl,AllPub,Inside,Gtl,Edwards,Norm,Norm,2fmCon,1.5Fin,5,7,1940,1999,Gable,CompShg,Wd Sdng,Wd Sdng,None,0.0,TA,Gd,BrkTil,TA,TA,No,ALQ,351.0,Rec,181.0,112.0,644.0,GasA,Gd,Y,SBrkr,808,547,0,1.0,0.0,2,0,4,2,TA,6,Typ,0,,,,,0.0,0.0,,,Y,140,0,0,0,0,0,,,,0,9,2008,WD ,Normal
167,190000,1867,20,RL,,10708,Pave,,IR1,Lvl,AllPub,Inside,Gtl,ClearCr,Norm,Norm,1Fam,1Story,5,5,1955,1993,Hip,CompShg,Wd Sdng,Wd Sdng,None,0.0,Gd,TA,CBlock,TA,TA,No,LwQ,379.0,BLQ,768.0,470.0,1617.0,GasA,Ex,Y,FuseA,1867,0,0,1.0,0.0,1,0,2,1,TA,7,Typ,3,Gd,Attchd,1955.0,Fin,1.0,303.0,TA,TA,Y,476,0,0,0,142,0,,GdWo,,0,11,2009,COD,Normal
168,325624,2161,60,RL,86.0,10562,Pave,,Reg,Lvl,AllPub,Inside,Gtl,NridgHt,Norm,Norm,1Fam,2Story,8,5,2007,2007,Gable,CompShg,VinylSd,VinylSd,Stone,300.0,Gd,TA,PConc,Ex,TA,No,GLQ,1288.0,Unf,0.0,294.0,1582.0,GasA,Ex,Y,SBrkr,1610,551,0,1.0,0.0,1,1,3,1,Ex,8,Typ,1,Gd,Attchd,2007.0,Fin,3.0,789.0,TA,TA,Y,178,120,0,0,0,0,,,,0,11,2007,New,Partial
169,183500,1720,60,RL,62.0,8244,Pave,,IR1,Lvl,AllPub,Inside,Gtl,Gilbert,Norm,Norm,1Fam,2Story,7,5,2004,2004,Gable,CompShg,VinylSd,VinylSd,None,0.0,Gd,TA,PConc,Gd,TA,No,Unf,0.0,Unf,0.0,840.0,840.0,GasA,Ex,Y,SBrkr,840,880,0,0.0,0.0,2,1,3,1,Gd,7,Typ,1,Gd,Attchd,2004.0,Fin,2.0,440.0,TA,TA,Y,100,48,0,0,0,0,,,,0,5,2007,WD ,Normal
170,228000,1707,20,RL,,16669,Pave,,IR1,Lvl,AllPub,Corner,Gtl,Timber,Norm,Norm,1Fam,1Story,8,6,1981,1981,Hip,WdShake,Plywood,Plywood,BrkFace,653.0,Gd,TA,CBlock,Gd,TA,No,Unf,0.0,Unf,0.0,1686.0,1686.0,GasA,TA,Y,SBrkr,1707,0,0,0.0,0.0,2,1,2,1,TA,6,Typ,1,TA,Attchd,1981.0,RFn,2.0,511.0,TA,TA,Y,574,64,0,0,0,0,,,,0,1,2006,WD ,Normal
171,128500,1382,50,RM,,12358,Pave,,IR1,Lvl,AllPub,Inside,Gtl,OldTown,Feedr,Norm,1Fam,1.5Fin,5,6,1941,1950,Gable,CompShg,MetalSd,MetalSd,None,0.0,TA,TA,CBlock,TA,TA,No,Rec,360.0,Unf,0.0,360.0,720.0,GasA,TA,Y,SBrkr,854,0,528,0.0,0.0,1,1,2,1,TA,7,Typ,0,,Detchd,1991.0,Unf,2.0,660.0,TA,TA,Y,237,0,0,0,0,0,,,,0,5,2007,WD ,Normal
172,215000,1656,20,RL,141.0,31770,Pave,,IR1,Lvl,AllPub,Corner,Gtl,NAmes,Norm,Norm,1Fam,1Story,6,5,1960,1960,Hip,CompShg,BrkFace,Plywood,Stone,112.0,TA,TA,CBlock,TA,Gd,Gd,BLQ,639.0,Unf,0.0,441.0,1080.0,GasA,Fa,Y,SBrkr,1656,0,0,1.0,0.0,1,0,3,1,TA,7,Typ,2,Gd,Attchd,1960.0,Fin,2.0,528.0,TA,TA,P,210,62,0,0,0,0,,,,0,5,2010,WD ,Normal
173,239000,1767,160,RL,44.0,5306,Pave,,IR1,Lvl,AllPub,Inside,Gtl,StoneBr,Norm,Norm,TwnhsE,2Story,7,7,1987,1987,Gable,CompShg,HdBoard,HdBoard,None,0.0,Gd,Gd,PConc,Gd,Gd,No,GLQ,495.0,Rec,215.0,354.0,1064.0,GasA,Gd,Y,SBrkr,1064,703,0,1.0,0.0,2,0,2,1,Gd,5,Typ,1,TA,Attchd,1987.0,RFn,2.0,504.0,Gd,TA,Y,441,35,0,0,0,0,,,,0,6,2006,WD ,Normal
174,163000,1362,20,RL,80.0,10197,Pave,,IR1,Lvl,AllPub,Inside,Gtl,NAmes,Norm,Norm,1Fam,1Story,6,5,1961,1961,Gable,CompShg,WdShing,Wd Shng,BrkCmn,491.0,TA,TA,CBlock,TA,TA,No,ALQ,288.0,Rec,374.0,700.0,1362.0,GasA,TA,Y,SBrkr,1362,0,0,1.0,0.0,1,1,3,1,TA,6,Typ,1,TA,Attchd,1961.0,Unf,2.0,504.0,TA,TA,Y,0,20,0,0,0,0,,,,0,6,2008,COD,Normal
175,184000,1651,20,RL,47.0,12416,Pave,,IR1,Lvl,AllPub,Inside,Gtl,Timber,Norm,Norm,1Fam,1Story,6,5,1986,1986,Gable,CompShg,VinylSd,Plywood,Stone,132.0,TA,TA,CBlock,Gd,Fa,No,ALQ,1398.0,LwQ,208.0,0.0,1606.0,GasA,TA,Y,SBrkr,1651,0,0,1.0,0.0,2,0,3,1,TA,7,Min2,1,TA,Attchd,1986.0,Fin,2.0,616.0,TA,TA,Y,192,0,0,0,0,0,,,,0,11,2008,WD ,Normal
176,243000,2158,20,RL,84.0,12615,Pave,,Reg,Lvl,AllPub,Corner,Gtl,Edwards,Norm,Norm,1Fam,1Story,6,7,1950,2001,Gable,CompShg,WdShing,Wd Shng,None,0.0,TA,TA,CBlock,TA,Gd,Av,ALQ,477.0,Unf,0.0,725.0,1202.0,GasA,TA,Y,SBrkr,2158,0,0,1.0,0.0,2,0,4,1,Gd,7,Typ,1,Gd,Attchd,1950.0,Unf,2.0,576.0,TA,TA,Y,0,29,39,0,0,0,,MnPrv,,0,6,2007,WD ,Normal
177,211000,2060,60,RL,97.0,10029,Pave,,IR1,Lvl,AllPub,Corner,Gtl,ClearCr,Norm,Norm,1Fam,2Story,6,5,1988,1989,Gable,CompShg,Plywood,Plywood,BrkFace,268.0,Gd,TA,PConc,Gd,TA,No,GLQ,831.0,Unf,0.0,320.0,1151.0,GasA,TA,Y,SBrkr,1164,896,0,0.0,1.0,2,1,4,1,TA,8,Typ,1,TA,Attchd,1988.0,Unf,2.0,521.0,TA,TA,Y,0,228,0,0,192,0,,,,0,9,2007,WD ,Normal
178,172500,1920,50,RL,,13650,Pave,,Reg,Lvl,AllPub,Inside,Gtl,Sawyer,Norm,Norm,1Fam,1.5Fin,5,5,1958,1958,Gable,CompShg,MetalSd,MetalSd,None,0.0,Gd,Gd,CBlock,TA,TA,No,ALQ,57.0,BLQ,441.0,554.0,1052.0,GasA,Ex,Y,SBrkr,1252,668,0,1.0,0.0,2,0,4,1,Gd,8,Typ,1,Gd,Attchd,1958.0,Unf,2.0,451.0,TA,TA,Y,0,0,0,0,0,0,,,,0,7,2006,WD ,Normal
179,501837,2234,20,RL,63.0,17423,Pave,,IR1,Lvl,AllPub,CulDSac,Gtl,StoneBr,Norm,Norm,1Fam,1Story,9,5,2008,2009,Hip,CompShg,VinylSd,VinylSd,Stone,748.0,Ex,TA,PConc,Ex,TA,No,GLQ,1904.0,Unf,0.0,312.0,2216.0,GasA,Ex,Y,SBrkr,2234,0,0,1.0,0.0,2,0,1,1,Ex,9,Typ,1,Gd,Attchd,2009.0,Fin,3.0,1166.0,TA,TA,Y,0,60,0,0,0,0,,,,0,7,2009,New,Partial
180,100000,968,30,RM,60.0,8520,Pave,,Reg,Lvl,AllPub,Inside,Gtl,OldTown,Norm,Norm,1Fam,1Story,5,6,1923,2006,Gable,CompShg,Wd Sdng,Wd Sdng,None,0.0,Gd,TA,CBlock,TA,TA,No,Unf,0.0,Unf,0.0,968.0,968.0,GasA,TA,Y,SBrkr,968,0,0,0.0,0.0,1,0,2,1,TA,5,Typ,0,,Detchd,1935.0,Unf,2.0,480.0,Fa,TA,N,0,0,184,0,0,0,,,,0,7,2007,WD ,Normal
181,177000,1525,160,FV,,2117,Pave,,Reg,Lvl,AllPub,Inside,Gtl,Somerst,Norm,Norm,Twnhs,2Story,6,5,2000,2000,Gable,CompShg,MetalSd,MetalSd,BrkFace,456.0,Gd,TA,PConc,Gd,TA,No,GLQ,436.0,Unf,0.0,320.0,756.0,GasA,Ex,Y,SBrkr,769,756,0,0.0,0.0,2,1,3,1,Gd,5,Typ,1,TA,Detchd,2000.0,Unf,2.0,440.0,TA,TA,Y,0,0,0,0,0,0,,,,0,6,2007,WD ,Normal
182,200100,1802,70,RL,54.0,7588,Pave,,Reg,Lvl,AllPub,Inside,Gtl,Crawfor,Norm,Norm,1Fam,2Story,7,6,1920,1950,Gable,CompShg,Stucco,Stucco,None,0.0,TA,TA,BrkTil,Fa,TA,No,LwQ,352.0,Unf,0.0,441.0,793.0,GasA,Gd,Y,SBrkr,901,901,0,0.0,0.0,1,1,4,1,TA,9,Typ,1,Gd,Detchd,1920.0,Unf,1.0,216.0,Fa,TA,Y,0,0,40,0,0,0,,,,0,7,2006,WD ,Normal
183,120000,1340,20,RL,60.0,9060,Pave,,Reg,Lvl,AllPub,Inside,Gtl,Edwards,Artery,Norm,1Fam,1Story,5,6,1957,2006,Hip,CompShg,Wd Sdng,Wd Sdng,BrkFace,98.0,TA,TA,PConc,,,,,0.0,,0.0,0.0,0.0,GasA,Ex,Y,SBrkr,1340,0,0,0.0,0.0,1,0,3,1,TA,7,Typ,1,Gd,Attchd,1957.0,RFn,1.0,252.0,TA,TA,Y,116,0,0,180,0,0,,MnPrv,,0,6,2007,WD ,Normal
184,200000,2082,50,RM,63.0,11426,Pave,,Reg,Lvl,AllPub,Inside,Gtl,OldTown,Norm,Norm,1Fam,1.5Fin,7,5,2003,2003,Gable,CompShg,VinylSd,VinylSd,None,0.0,TA,TA,PConc,Gd,TA,No,Unf,0.0,Unf,0.0,1362.0,1362.0,GasA,Ex,Y,SBrkr,1362,720,0,0.0,0.0,2,1,3,1,Gd,6,Mod,0,,Detchd,2003.0,Unf,2.0,484.0,TA,TA,N,280,238,0,0,0,0,,,,0,6,2008,WD ,Normal
185,127000,1252,50,RL,92.0,7438,Pave,,IR1,Lvl,AllPub,Inside,Gtl,BrkSide,RRAn,Feedr,1Fam,1.5Fin,5,8,1908,1991,Gable,CompShg,AsbShng,Plywood,None,0.0,TA,TA,PConc,Fa,TA,No,Unf,0.0,Unf,0.0,504.0,504.0,GasA,Gd,Y,SBrkr,936,316,0,0.0,0.0,1,0,3,1,TA,5,Typ,0,,Attchd,1986.0,Unf,2.0,576.0,TA,TA,Y,104,0,0,0,0,0,,MnPrv,,0,6,2006,WD ,Normal
186,475000,3608,75,RM,90.0,22950,Pave,,IR2,Lvl,AllPub,Inside,Gtl,OldTown,Artery,Norm,1Fam,2.5Fin,10,9,1892,1993,Gable,WdShngl,Wd Sdng,Wd Sdng,None,0.0,Gd,Gd,BrkTil,TA,TA,Mn,Unf,0.0,Unf,0.0,1107.0,1107.0,GasA,Ex,Y,SBrkr,1518,1518,572,0.0,0.0,2,1,4,1,Ex,12,Typ,2,TA,Detchd,1993.0,Unf,3.0,840.0,Ex,TA,Y,0,260,0,0,410,0,,GdPrv,,0,6,2006,WD ,Normal
187,173000,1217,80,RL,,9947,Pave,,IR1,Lvl,AllPub,CulDSac,Gtl,Mitchel,Norm,Norm,1Fam,SLvl,7,5,1990,1991,Gable,CompShg,HdBoard,HdBoard,None,0.0,TA,TA,PConc,Gd,TA,Av,GLQ,611.0,Unf,0.0,577.0,1188.0,GasA,Ex,Y,SBrkr,1217,0,0,1.0,0.0,2,0,3,1,Gd,6,Typ,0,,Attchd,1990.0,Unf,2.0,497.0,TA,TA,Y,168,27,0,0,0,0,,GdPrv,,0,6,2009,WD ,Normal
188,135000,1656,50,RL,60.0,10410,Pave,,Reg,Lvl,AllPub,Inside,Gtl,OldTown,Norm,Norm,1Fam,1.5Fin,5,7,1916,1987,Gable,CompShg,HdBoard,HdBoard,None,0.0,TA,TA,CBlock,Fa,TA,No,Unf,0.0,Unf,0.0,660.0,660.0,GasA,Ex,Y,SBrkr,808,704,144,0.0,0.0,2,1,3,1,TA,8,Min2,0,,Detchd,1916.0,Unf,1.0,180.0,Fa,Fa,N,0,0,0,140,0,0,,MnPrv,,0,8,2009,WD ,Normal
189,153337,1224,90,RL,64.0,7018,Pave,,Reg,Bnk,AllPub,Inside,Gtl,SawyerW,Feedr,Norm,Duplex,SFoyer,5,5,1979,1979,Gable,CompShg,Plywood,Plywood,Stone,275.0,TA,TA,CBlock,Gd,TA,Av,GLQ,1086.0,Unf,0.0,0.0,1086.0,GasA,TA,Y,SBrkr,1224,0,0,2.0,0.0,0,2,2,2,TA,6,Typ,2,TA,Detchd,1979.0,Unf,2.0,528.0,TA,TA,Y,120,0,0,0,0,0,,,,0,6,2009,WD ,Alloca
190,286000,1593,120,RL,41.0,4923,Pave,,Reg,Lvl,AllPub,Inside,Gtl,StoneBr,Norm,Norm,TwnhsE,1Story,8,5,2001,2002,Gable,CompShg,CemntBd,CmentBd,None,0.0,Gd,TA,PConc,Ex,TA,Av,GLQ,1153.0,Unf,0.0,440.0,1593.0,GasA,Ex,Y,SBrkr,1593,0,0,1.0,0.0,1,1,0,1,Ex,5,Typ,1,Gd,Attchd,2001.0,Fin,2.0,682.0,TA,TA,Y,0,120,0,0,224,0,,,,0,8,2008,WD ,Normal
191,315000,2727,70,RL,70.0,10570,Pave,,Reg,Bnk,AllPub,Inside,Mod,Crawfor,Norm,Norm,1Fam,2Story,8,8,1932,1994,Hip,CompShg,BrkFace,BrkFace,None,0.0,Gd,TA,CBlock,Gd,Gd,No,Rec,297.0,Unf,0.0,556.0,853.0,GasA,TA,Y,SBrkr,1549,1178,0,0.0,0.0,2,1,3,1,Gd,10,Maj1,2,TA,Detchd,1932.0,Unf,2.0,440.0,TA,TA,Y,0,74,0,0,0,0,,,,0,12,2007,WD ,Normal
192,184000,1479,60,RL,,7472,Pave,,IR1,Lvl,AllPub,CulDSac,Gtl,NAmes,Norm,Norm,1Fam,2Story,7,9,1972,2004,Gable,CompShg,HdBoard,HdBoard,BrkFace,138.0,TA,TA,CBlock,TA,TA,No,ALQ,626.0,Unf,0.0,99.0,725.0,GasA,Gd,Y,SBrkr,725,754,0,1.0,0.0,1,1,4,1,Gd,7,Typ,0,,Attchd,1972.0,Fin,2.0,484.0,TA,TA,Y,0,32,0,0,0,0,,,,0,6,2007,WD ,Normal
193,192000,1431,20,RL,68.0,9017,Pave,,IR1,Lvl,AllPub,Inside,Gtl,CollgCr,Norm,Norm,1Fam,1Story,7,5,1999,1999,Gable,CompShg,VinylSd,VinylSd,None,0.0,Gd,TA,PConc,Gd,TA,Av,GLQ,560.0,Unf,0.0,871.0,1431.0,GasA,Ex,Y,SBrkr,1431,0,0,1.0,0.0,2,0,3,1,Gd,6,Typ,0,,Attchd,1999.0,Fin,2.0,666.0,TA,TA,Y,0,35,0,0,0,0,,,,0,9,2009,WD ,Normal
194,130000,1709,160,RM,24.0,2522,Pave,,Reg,Lvl,AllPub,Inside,Gtl,Edwards,Norm,Norm,Twnhs,2Story,7,5,2004,2004,Gable,CompShg,VinylSd,VinylSd,Stone,50.0,Gd,TA,PConc,Gd,TA,No,Unf,0.0,Unf,0.0,970.0,970.0,GasA,Ex,Y,SBrkr,970,739,0,0.0,0.0,2,0,3,1,Gd,7,Maj1,0,,Detchd,2004.0,Unf,2.0,380.0,TA,TA,Y,0,40,0,0,0,0,,,,0,5,2006,WD ,Normal
195,127000,864,20,RL,60.0,7180,Pave,,IR1,Lvl,AllPub,Inside,Gtl,CollgCr,Norm,Norm,1Fam,1Story,5,7,1972,1972,Hip,CompShg,HdBoard,HdBoard,None,0.0,TA,TA,CBlock,TA,TA,Av,ALQ,390.0,Unf,0.0,474.0,864.0,GasA,TA,Y,SBrkr,864,0,0,0.0,0.0,1,0,3,1,TA,5,Typ,0,,Detchd,1989.0,Unf,1.0,352.0,TA,TA,Y,0,0,0,0,0,0,,,,0,5,2008,WD ,Normal
196,148500,1456,160,RL,24.0,2280,Pave,,Reg,Lvl,AllPub,FR2,Gtl,NPkVill,Norm,Norm,Twnhs,2Story,6,6,1976,1976,Gable,CompShg,Plywood,Brk Cmn,None,0.0,TA,TA,CBlock,Gd,TA,No,ALQ,566.0,Unf,0.0,289.0,855.0,GasA,TA,Y,SBrkr,855,601,0,0.0,0.0,2,1,3,1,TA,7,Typ,1,TA,Attchd,1976.0,Unf,2.0,440.0,TA,TA,Y,87,0,0,0,0,0,,,,0,7,2009,WD ,Normal
197,311872,1726,20,RL,79.0,9416,Pave,,Reg,Lvl,AllPub,Inside,Gtl,Somerst,Norm,Norm,1Fam,1Story,7,5,2007,2007,Hip,CompShg,CemntBd,CmentBd,Stone,205.0,Ex,TA,PConc,Ex,TA,No,GLQ,1126.0,Unf,0.0,600.0,1726.0,GasA,Ex,Y,SBrkr,1726,0,0,1.0,0.0,2,0,3,1,Ex,8,Typ,1,Gd,Attchd,2007.0,Fin,3.0,786.0,TA,TA,Y,171,138,0,0,266,0,,,,0,9,2007,New,Partial
198,235000,3112,75,RL,174.0,25419,Pave,,Reg,Lvl,AllPub,Corner,Gtl,NAmes,Artery,Norm,1Fam,2Story,8,4,1918,1990,Gable,CompShg,Stucco,Stucco,None,0.0,Gd,Gd,PConc,TA,TA,No,GLQ,1036.0,LwQ,184.0,140.0,1360.0,GasA,Gd,Y,SBrkr,1360,1360,392,1.0,1.0,2,0,4,1,Gd,8,Typ,1,Ex,Detchd,1918.0,Unf,2.0,795.0,TA,TA,Y,0,16,552,0,0,512,Ex,GdPrv,,0,3,2006,WD ,Abnorml
199,104000,2229,75,RM,92.0,5520,Pave,,Reg,Lvl,AllPub,Corner,Gtl,OldTown,Norm,Norm,1Fam,2.5Fin,6,6,1912,1950,Gable,CompShg,Wd Sdng,Wd Sdng,None,0.0,TA,TA,CBlock,TA,TA,No,Unf,0.0,Unf,0.0,755.0,755.0,GasA,Ex,Y,SBrkr,929,929,371,0.0,0.0,1,0,5,1,TA,8,Typ,0,,,,,0.0,0.0,,,Y,0,198,30,0,0,0,,MnPrv,,0,7,2009,WD ,Abnorml
200,274900,1713,20,RL,76.0,9591,Pave,,Reg,Lvl,AllPub,Inside,Gtl,NridgHt,Norm,Norm,1Fam,1Story,8,5,2004,2005,Hip,CompShg,VinylSd,VinylSd,BrkFace,262.0,Gd,TA,PConc,Ex,TA,Av,GLQ,1088.0,Unf,0.0,625.0,1713.0,GasA,Ex,Y,SBrkr,1713,0,0,1.0,0.0,2,0,3,1,Ex,7,Typ,1,Gd,Attchd,2004.0,Fin,3.0,856.0,TA,TA,Y,0,26,0,0,170,0,,,,0,1,2009,WD ,Normal
201,140000,1121,20,RM,80.0,8546,Pave,,Reg,Lvl,AllPub,Corner,Gtl,Edwards,Norm,Norm,1Fam,1Story,4,5,2003,2004,Gable,CompShg,VinylSd,VinylSd,None,0.0,TA,TA,PConc,Gd,TA,No,Unf,0.0,Unf,0.0,1121.0,1121.0,GasA,Ex,Y,SBrkr,1121,0,0,0.0,0.0,2,0,2,1,TA,5,Typ,0,,Attchd,2003.0,RFn,2.0,440.0,TA,TA,Y,132,64,0,0,0,0,,,,0,3,2010,WD ,Normal
202,171500,1279,20,RL,75.0,10125,Pave,,Reg,Lvl,AllPub,Inside,Gtl,Mitchel,Norm,Norm,1Fam,1Story,6,6,1977,1977,Gable,CompShg,Plywood,Plywood,None,0.0,TA,TA,CBlock,TA,TA,No,ALQ,641.0,LwQ,279.0,276.0,1196.0,GasA,TA,Y,SBrkr,1279,0,0,0.0,1.0,2,0,3,1,TA,6,Typ,2,Fa,Detchd,1980.0,Unf,2.0,473.0,TA,TA,Y,238,83,0,0,0,0,,MnPrv,,0,2,2008,WD ,Normal
203,112000,1310,50,RL,50.0,7000,Pave,,Reg,Lvl,AllPub,Corner,Gtl,OldTown,Artery,Norm,1Fam,1.5Fin,6,6,1924,1950,Gable,CompShg,MetalSd,MetalSd,None,0.0,TA,Gd,BrkTil,Fa,TA,No,LwQ,617.0,Unf,0.0,0.0,617.0,GasA,Gd,Y,SBrkr,865,445,0,0.0,0.0,2,0,2,1,TA,6,Min1,0,,Attchd,1924.0,Unf,1.0,398.0,TA,TA,Y,0,0,126,0,0,0,,,,0,5,2006,COD,Normal
204,149000,848,120,RM,,4438,Pave,,Reg,Lvl,AllPub,Inside,Gtl,CollgCr,Norm,Norm,TwnhsE,1Story,6,5,2004,2004,Gable,CompShg,VinylSd,VinylSd,BrkFace,205.0,Gd,TA,PConc,Gd,TA,Av,GLQ,662.0,Unf,0.0,186.0,848.0,GasA,Ex,Y,SBrkr,848,0,0,1.0,0.0,1,0,1,1,Gd,3,Typ,1,Gd,Attchd,2004.0,RFn,2.0,420.0,TA,TA,Y,149,0,0,0,0,0,,,,0,1,2008,WD ,Normal
205,110000,1284,50,RM,50.0,3500,Pave,Grvl,Reg,Lvl,AllPub,Inside,Gtl,OldTown,Norm,Norm,1Fam,1.5Fin,5,7,1947,1950,Gable,CompShg,AsbShng,AsbShng,None,0.0,TA,TA,CBlock,TA,TA,No,LwQ,312.0,Unf,0.0,408.0,720.0,GasA,TA,Y,SBrkr,720,564,0,0.0,0.0,1,1,2,1,TA,5,Typ,0,,Detchd,1948.0,Unf,1.0,240.0,TA,TA,Y,0,35,0,0,0,0,,MnWw,,0,4,2009,WD ,Normal
206,180500,1442,20,RL,99.0,11851,Pave,,Reg,Lvl,AllPub,Corner,Gtl,Gilbert,Norm,Norm,1Fam,1Story,7,5,1990,1990,Gable,CompShg,HdBoard,HdBoard,None,0.0,TA,TA,PConc,Gd,TA,No,Unf,0.0,Unf,0.0,1424.0,1424.0,GasA,Ex,Y,SBrkr,1442,0,0,0.0,0.0,2,0,3,1,TA,5,Typ,0,,Attchd,1990.0,RFn,2.0,500.0,TA,TA,Y,0,34,0,508,0,0,,,,0,5,2009,WD ,Normal
207,143900,1696,20,RL,40.0,13673,Pave,,IR1,Lvl,AllPub,CulDSac,Gtl,Sawyer,RRAe,Norm,1Fam,1Story,5,5,1962,1962,Gable,CompShg,HdBoard,HdBoard,None,0.0,TA,Gd,CBlock,TA,TA,No,Unf,0.0,Unf,0.0,1140.0,1140.0,GasA,TA,Y,SBrkr,1696,0,0,0.0,0.0,1,1,3,1,TA,8,Min2,1,TA,Attchd,1962.0,RFn,1.0,349.0,TA,TA,Y,0,30,0,0,0,0,,,,0,3,2007,WD ,Normal
208,141000,1100,20,RL,,12493,Pave,,IR1,Lvl,AllPub,Inside,Gtl,NAmes,Norm,Norm,1Fam,1Story,4,5,1960,1960,Gable,CompShg,Wd Sdng,Wd Sdng,None,0.0,TA,TA,PConc,TA,TA,No,ALQ,419.0,Rec,306.0,375.0,1100.0,GasA,TA,Y,SBrkr,1100,0,0,1.0,0.0,1,0,3,1,TA,6,Typ,1,Po,Attchd,1960.0,RFn,1.0,312.0,TA,TA,Y,355,0,0,0,0,0,,GdWo,,0,4,2008,WD ,Normal
209,277000,2062,60,RL,,14364,Pave,,IR1,Low,AllPub,Inside,Mod,SawyerW,Norm,Norm,1Fam,2Story,7,5,1988,1989,Gable,CompShg,Plywood,Plywood,BrkFace,128.0,Gd,TA,CBlock,Gd,TA,Gd,GLQ,1065.0,Unf,0.0,92.0,1157.0,GasA,Ex,Y,SBrkr,1180,882,0,1.0,0.0,2,1,3,1,TA,7,Typ,1,Gd,Attchd,1988.0,Fin,2.0,454.0,TA,TA,Y,60,55,0,0,154,0,,,,0,4,2007,WD ,Normal
210,145000,1092,20,RL,75.0,8250,Pave,,Reg,Lvl,AllPub,Inside,Gtl,NAmes,Norm,Norm,1Fam,1Story,6,7,1964,1964,Hip,CompShg,HdBoard,HdBoard,Stone,260.0,TA,TA,CBlock,Gd,TA,No,Rec,787.0,Unf,0.0,305.0,1092.0,GasA,Ex,Y,SBrkr,1092,0,0,1.0,0.0,1,0,3,1,TA,6,Typ,0,,Attchd,1964.0,RFn,2.0,504.0,TA,Gd,Y,0,0,0,0,0,0,,MnPrv,,0,7,2008,WD ,Normal
211,98000,864,30,RL,67.0,5604,Pave,,Reg,Lvl,AllPub,Inside,Gtl,Edwards,Norm,Norm,1Fam,1Story,5,6,1925,1950,Gable,CompShg,Stucco,Stucco,None,0.0,TA,TA,CBlock,TA,TA,No,Rec,468.0,Unf,0.0,396.0,864.0,GasA,TA,N,FuseA,864,0,0,1.0,0.0,1,0,2,1,TA,5,Typ,0,,,,,0.0,0.0,,,Y,0,0,96,0,0,0,,,,0,4,2008,WD ,Normal
212,186000,1212,20,RL,83.0,10420,Pave,,Reg,Lvl,AllPub,Corner,Gtl,Edwards,Norm,Norm,1Fam,1Story,6,5,2009,2009,Gable,CompShg,VinylSd,VinylSd,None,0.0,TA,TA,PConc,Gd,TA,Mn,GLQ,36.0,Unf,0.0,1176.0,1212.0,GasA,Ex,Y,SBrkr,1212,0,0,0.0,0.0,2,0,3,1,Gd,6,Typ,0,,Attchd,2009.0,RFn,2.0,460.0,TA,TA,Y,100,22,0,0,0,0,,,,0,3,2010,WD ,Normal
213,252678,1852,60,FV,72.0,8640,Pave,,Reg,Lvl,AllPub,Inside,Gtl,Somerst,Norm,Norm,1Fam,2Story,7,5,2009,2009,Gable,CompShg,VinylSd,VinylSd,None,0.0,TA,TA,PConc,Gd,TA,No,GLQ,822.0,Unf,0.0,78.0,900.0,GasA,Ex,Y,SBrkr,932,920,0,1.0,0.0,2,1,3,1,Gd,7,Typ,1,TA,Attchd,2009.0,RFn,2.0,644.0,TA,TA,Y,168,108,0,0,0,0,,,,0,7,2009,New,Partial
214,156000,990,20,RL,43.0,13568,Pave,,IR2,Lvl,AllPub,CulDSac,Gtl,CollgCr,Norm,Norm,1Fam,1Story,5,5,1995,1995,Gable,CompShg,VinylSd,VinylSd,None,0.0,TA,TA,PConc,Gd,TA,No,ALQ,716.0,Unf,0.0,274.0,990.0,GasA,Ex,Y,SBrkr,990,0,0,0.0,1.0,1,0,3,1,TA,5,Typ,0,,Attchd,1996.0,Unf,2.0,576.0,TA,TA,Y,224,0,0,0,0,0,,,,0,7,2006,WD ,Normal
215,161750,1392,60,RL,,10900,Pave,,IR1,Lvl,AllPub,FR2,Gtl,CollgCr,Norm,Norm,1Fam,2Story,6,7,1977,1977,Gable,CompShg,HdBoard,HdBoard,BrkFace,153.0,TA,TA,CBlock,Gd,TA,No,GLQ,378.0,Unf,0.0,311.0,689.0,GasA,Ex,Y,SBrkr,689,703,0,0.0,0.0,1,1,3,1,TA,6,Typ,0,,Attchd,1977.0,Fin,1.0,299.0,TA,TA,Y,0,36,0,0,0,0,,MnPrv,Shed,450,3,2010,WD ,Normal
216,134450,1236,20,RL,72.0,10011,Pave,,IR1,Lvl,AllPub,Inside,Gtl,NAmes,Norm,Norm,1Fam,1Story,5,6,1957,1996,Gable,CompShg,HdBoard,HdBoard,BrkFace,64.0,TA,TA,CBlock,TA,TA,No,BLQ,360.0,Unf,0.0,710.0,1070.0,GasA,TA,Y,SBrkr,1236,0,0,0.0,1.0,1,0,2,1,Gd,6,Min1,1,Fa,Attchd,1957.0,Unf,1.0,447.0,TA,TA,Y,0,0,0,0,0,0,,MnPrv,,0,5,2006,WD ,Normal
217,210000,1436,20,RL,65.0,8450,Pave,,Reg,Lvl,AllPub,Inside,Gtl,CollgCr,Norm,Norm,1Fam,1Story,7,5,2004,2004,Gable,CompShg,VinylSd,VinylSd,BrkFace,266.0,Gd,TA,PConc,Gd,TA,Mn,GLQ,946.0,Unf,0.0,490.0,1436.0,GasA,Ex,Y,SBrkr,1436,0,0,1.0,0.0,2,0,3,1,Gd,8,Typ,0,,Attchd,2004.0,Unf,2.0,484.0,TA,TA,Y,139,98,0,0,0,0,,,,0,4,2008,WD ,Normal
218,107000,1328,70,RM,57.0,9906,Pave,Grvl,Reg,Lvl,AllPub,Inside,Gtl,OldTown,Norm,Norm,1Fam,2Story,4,4,1925,1950,Gable,CompShg,MetalSd,MetalSd,None,0.0,TA,TA,CBlock,TA,TA,No,Unf,0.0,Unf,0.0,686.0,686.0,GasA,Fa,N,SBrkr,810,518,0,0.0,0.0,1,0,3,1,TA,8,Typ,0,,Detchd,1940.0,Unf,1.0,210.0,TA,TA,Y,0,172,60,0,0,0,,,,0,9,2006,WD ,Family
219,311500,1954,50,RL,,15660,Pave,,IR1,Lvl,AllPub,Corner,Gtl,Crawfor,Norm,Norm,1Fam,1.5Fin,7,9,1939,2006,Gable,CompShg,VinylSd,VinylSd,BrkFace,312.0,Gd,Gd,CBlock,TA,TA,No,BLQ,341.0,Unf,0.0,457.0,798.0,GasA,Ex,Y,SBrkr,1137,817,0,0.0,1.0,1,1,3,1,Gd,8,Typ,2,TA,Attchd,1939.0,Unf,2.0,431.0,TA,TA,Y,0,119,150,0,0,0,,,,0,5,2008,WD ,Normal
220,167240,1248,120,RL,43.0,3010,Pave,,Reg,Lvl,AllPub,Inside,Gtl,Blmngtn,Norm,Norm,TwnhsE,1Story,7,5,2005,2006,Gable,CompShg,VinylSd,VinylSd,BrkFace,16.0,Gd,TA,PConc,Gd,TA,Av,GLQ,16.0,Unf,0.0,1232.0,1248.0,GasA,Ex,Y,SBrkr,1248,0,0,0.0,0.0,2,0,2,1,Gd,5,Typ,0,,Attchd,2005.0,Fin,2.0,438.0,TA,TA,Y,108,0,0,0,0,0,,,,0,3,2006,New,Partial
221,204900,1498,20,RL,73.0,8990,Pave,,IR1,Lvl,AllPub,Inside,Gtl,CollgCr,Norm,Norm,1Fam,1Story,7,5,2006,2006,Gable,CompShg,VinylSd,VinylSd,None,0.0,Gd,TA,PConc,Gd,TA,Mn,Unf,0.0,Unf,0.0,1498.0,1498.0,GasA,Ex,Y,SBrkr,1498,0,0,0.0,0.0,2,0,2,1,Gd,5,Typ,0,,Attchd,2006.0,RFn,2.0,675.0,TA,TA,Y,351,33,0,0,0,0,,,,0,4,2006,New,Partial
222,200000,2267,60,RL,,8068,Pave,,IR1,Lvl,AllPub,Inside,Gtl,Gilbert,Norm,Norm,1Fam,2Story,6,5,2002,2002,Gable,CompShg,VinylSd,VinylSd,None,0.0,Gd,TA,PConc,Gd,TA,No,Unf,0.0,Unf,0.0,1010.0,1010.0,GasA,Ex,Y,SBrkr,1010,1257,0,0.0,0.0,2,1,4,1,Gd,8,Typ,1,TA,BuiltIn,2002.0,RFn,2.0,390.0,TA,TA,Y,120,46,0,0,0,0,,,,0,12,2009,ConLI,Normal
223,179900,1552,60,RL,85.0,11475,Pave,,Reg,Lvl,AllPub,Inside,Gtl,NWAmes,RRAn,Norm,1Fam,2Story,6,6,1975,1975,Gable,CompShg,VinylSd,VinylSd,None,0.0,TA,TA,CBlock,Gd,TA,No,ALQ,550.0,Unf,0.0,163.0,713.0,GasA,TA,Y,SBrkr,811,741,0,1.0,0.0,2,1,3,1,TA,6,Typ,1,TA,Attchd,1975.0,RFn,2.0,434.0,TA,TA,Y,209,208,0,0,0,0,,MnPrv,,0,2,2006,WD ,Normal
224,97000,864,20,RL,70.0,10500,Pave,,Reg,Lvl,AllPub,FR2,Gtl,NAmes,Norm,Norm,1Fam,1Story,4,6,1971,1971,Gable,CompShg,HdBoard,HdBoard,None,0.0,TA,TA,CBlock,TA,TA,No,ALQ,524.0,LwQ,180.0,160.0,864.0,GasA,Gd,Y,SBrkr,864,0,0,0.0,0.0,1,0,2,1,TA,4,Typ,0,,Detchd,1989.0,Unf,2.0,576.0,TA,TA,Y,216,0,0,0,0,0,,,,0,3,2009,WD ,Abnorml
225,386250,2392,20,RL,103.0,13472,Pave,,Reg,Lvl,AllPub,Inside,Gtl,NridgHt,Norm,Norm,1Fam,1Story,10,5,2003,2003,Hip,CompShg,VinylSd,VinylSd,BrkFace,922.0,Ex,TA,PConc,Ex,TA,Gd,GLQ,56.0,Unf,0.0,2336.0,2392.0,GasA,Ex,Y,SBrkr,2392,0,0,0.0,0.0,2,0,3,1,Ex,8,Typ,1,Ex,Attchd,2003.0,Fin,3.0,968.0,TA,TA,Y,248,105,0,0,0,0,,,,0,6,2009,WD ,Normal
226,112000,1302,160,RM,21.0,1680,Pave,,Reg,Lvl,AllPub,Inside,Gtl,BrDale,Norm,Norm,Twnhs,2Story,5,5,1971,1971,Gable,CompShg,HdBoard,HdBoard,BrkFace,142.0,TA,TA,CBlock,TA,TA,No,Unf,0.0,Unf,0.0,630.0,630.0,GasA,TA,Y,SBrkr,630,672,0,0.0,0.0,2,1,3,1,TA,6,Typ,0,,Detchd,1991.0,Unf,1.0,280.0,TA,TA,Y,0,0,0,0,0,0,,,,0,5,2009,COD,Abnorml
227,290000,2520,60,RL,82.0,9950,Pave,,IR1,Lvl,AllPub,Inside,Gtl,NoRidge,Norm,Norm,1Fam,2Story,7,5,1995,1995,Gable,CompShg,VinylSd,VinylSd,BrkFace,290.0,Gd,TA,PConc,Gd,TA,No,GLQ,565.0,Unf,0.0,638.0,1203.0,GasA,Ex,Y,SBrkr,1214,1306,0,0.0,0.0,2,1,4,1,Gd,9,Typ,1,TA,Attchd,1995.0,RFn,3.0,721.0,TA,TA,Y,224,114,0,0,0,0,,,,0,6,2007,WD ,Abnorml
228,106000,987,160,RM,21.0,1869,Pave,,Reg,Lvl,AllPub,Inside,Gtl,BrDale,Norm,Norm,Twnhs,2Story,6,6,1970,1970,Gable,CompShg,HdBoard,HdBoard,BrkFace,127.0,TA,TA,CBlock,TA,TA,No,Rec,321.0,Unf,0.0,162.0,483.0,GasA,TA,Y,SBrkr,483,504,0,0.0,0.0,1,1,2,1,TA,5,Typ,0,,Detchd,1987.0,Unf,1.0,280.0,TA,TA,Y,0,0,0,0,0,0,,,,0,9,2008,WD ,Normal
229,125000,912,20,RL,70.0,8521,Pave,,Reg,Lvl,AllPub,FR2,Gtl,Sawyer,Feedr,Norm,1Fam,1Story,5,5,1967,1967,Gable,CompShg,HdBoard,HdBoard,None,0.0,TA,TA,CBlock,TA,TA,No,ALQ,842.0,Unf,0.0,70.0,912.0,GasA,TA,Y,SBrkr,912,0,0,0.0,0.0,1,0,3,1,TA,5,Typ,1,Fa,Detchd,1974.0,Unf,1.0,336.0,TA,TA,Y,0,0,0,0,0,0,,MnPrv,,0,5,2010,WD ,Normal
230,192500,1555,120,RL,43.0,3182,Pave,,Reg,Lvl,AllPub,Inside,Gtl,Blmngtn,Norm,Norm,TwnhsE,1Story,7,5,2005,2006,Gable,CompShg,VinylSd,VinylSd,BrkFace,16.0,Gd,TA,PConc,Gd,TA,Av,GLQ,16.0,Unf,0.0,1357.0,1373.0,GasA,Ex,Y,SBrkr,1555,0,0,0.0,0.0,2,0,2,1,Gd,7,Typ,1,TA,Attchd,2005.0,Fin,2.0,430.0,TA,TA,Y,143,20,0,0,0,0,,,,0,5,2009,WD ,Normal
231,148000,1194,20,RL,73.0,8760,Pave,,Reg,Lvl,AllPub,Inside,Gtl,NAmes,Norm,Norm,1Fam,1Story,6,6,1959,1959,Hip,CompShg,MetalSd,MetalSd,BrkFace,220.0,TA,TA,CBlock,TA,TA,No,Unf,0.0,Unf,0.0,1194.0,1194.0,GasA,TA,Y,SBrkr,1194,0,0,1.0,0.0,1,0,3,1,TA,6,Typ,0,,Attchd,1959.0,RFn,1.0,312.0,TA,TA,Y,0,0,120,0,0,0,,,,0,4,2010,WD ,Normal
232,403000,2794,60,RL,174.0,15138,Pave,,IR1,Lvl,AllPub,Inside,Gtl,NoRidge,Norm,Norm,1Fam,2Story,8,5,1995,1996,Gable,CompShg,VinylSd,VinylSd,BrkFace,506.0,Gd,TA,PConc,Gd,TA,No,GLQ,689.0,Unf,0.0,773.0,1462.0,GasA,Ex,Y,SBrkr,1490,1304,0,1.0,0.0,2,1,4,1,Ex,9,Typ,1,TA,Attchd,1995.0,Fin,3.0,810.0,TA,TA,Y,0,146,202,0,0,0,,,,0,7,2009,WD ,Normal
233,94500,987,160,RM,21.0,1680,Pave,,Reg,Lvl,AllPub,Inside,Gtl,BrDale,Norm,Norm,Twnhs,2Story,6,5,1972,1972,Gable,CompShg,HdBoard,HdBoard,BrkFace,297.0,TA,TA,CBlock,TA,TA,No,Unf,0.0,Unf,0.0,483.0,483.0,GasA,TA,Y,SBrkr,483,504,0,0.0,0.0,1,1,2,1,TA,5,Typ,1,Po,Attchd,1972.0,Unf,1.0,288.0,TA,TA,Y,0,0,0,0,0,0,,,,0,6,2006,WD ,Normal
234,128200,894,20,RL,75.0,10650,Pave,,Reg,Lvl,AllPub,Corner,Gtl,CollgCr,Norm,Norm,1Fam,1Story,5,6,1976,1976,Gable,CompShg,HdBoard,HdBoard,None,0.0,TA,TA,CBlock,TA,Gd,Av,LwQ,182.0,ALQ,712.0,0.0,894.0,GasA,TA,Y,SBrkr,894,0,0,1.0,0.0,1,0,3,1,TA,5,Typ,0,,Attchd,1976.0,Unf,1.0,308.0,TA,TA,Y,365,0,0,0,0,0,,MnPrv,,0,2,2010,WD ,Normal
235,216500,1960,60,RL,,7851,Pave,,Reg,Lvl,AllPub,Inside,Gtl,Gilbert,Norm,Norm,1Fam,2Story,6,5,2002,2002,Gable,CompShg,VinylSd,VinylSd,,,Gd,TA,PConc,Gd,TA,No,GLQ,625.0,Unf,0.0,235.0,860.0,GasA,Ex,Y,SBrkr,860,1100,0,1.0,0.0,2,1,4,1,Gd,8,Typ,2,TA,BuiltIn,2002.0,Fin,2.0,440.0,TA,TA,Y,288,48,0,0,0,0,,,,0,5,2010,WD ,Normal
236,89500,987,160,RM,21.0,1680,Pave,,Reg,Lvl,AllPub,Inside,Gtl,BrDale,Norm,Norm,TwnhsE,2Story,6,3,1971,1971,Gable,CompShg,HdBoard,HdBoard,BrkFace,604.0,TA,TA,CBlock,TA,TA,No,ALQ,358.0,Unf,0.0,125.0,483.0,GasA,TA,Y,SBrkr,483,504,0,0.0,0.0,1,1,2,1,TA,5,Typ,0,,Detchd,1971.0,Unf,1.0,264.0,TA,TA,Y,0,0,0,0,0,0,,,,0,8,2008,WD ,Normal
237,185500,1414,20,RL,65.0,8773,Pave,,Reg,Lvl,AllPub,FR2,Gtl,CollgCr,Norm,Norm,1Fam,1Story,7,5,2004,2004,Gable,CompShg,VinylSd,VinylSd,BrkFace,98.0,Gd,TA,PConc,Gd,TA,Av,GLQ,24.0,Unf,0.0,1390.0,1414.0,GasA,Ex,Y,SBrkr,1414,0,0,0.0,0.0,2,0,3,1,Gd,6,Typ,0,,Attchd,2004.0,RFn,2.0,494.0,TA,TA,Y,132,105,0,0,0,0,,,,0,5,2010,WD ,Normal
238,194500,1744,60,RL,,9453,Pave,,IR1,Lvl,AllPub,CulDSac,Gtl,SawyerW,RRNe,Norm,1Fam,2Story,7,7,1993,2003,Gable,CompShg,HdBoard,HdBoard,None,0.0,Gd,TA,PConc,Gd,TA,No,BLQ,402.0,Unf,0.0,594.0,996.0,GasA,Ex,Y,SBrkr,1014,730,0,0.0,0.0,2,1,3,1,Gd,7,Typ,0,,Attchd,1993.0,RFn,2.0,457.0,TA,TA,Y,370,70,0,238,0,0,,,,0,2,2010,WD ,Normal
239,318000,1694,20,RL,93.0,12030,Pave,,Reg,Lvl,AllPub,Inside,Gtl,NridgHt,Norm,Norm,1Fam,1Story,8,5,2007,2007,Hip,CompShg,VinylSd,VinylSd,BrkFace,254.0,Ex,TA,PConc,Ex,TA,No,Unf,0.0,Unf,0.0,1694.0,1694.0,GasA,Ex,Y,SBrkr,1694,0,0,0.0,0.0,2,0,3,1,Gd,7,Typ,0,,Attchd,2007.0,Fin,3.0,818.0,TA,TA,Y,168,228,0,0,0,0,,,,0,12,2007,New,Partial
240,113000,1487,50,RL,52.0,8741,Pave,,Reg,Lvl,AllPub,Inside,Gtl,Edwards,Norm,Norm,1Fam,1.5Fin,6,4,1945,1950,Gable,CompShg,VinylSd,VinylSd,None,0.0,TA,TA,CBlock,TA,Fa,No,LwQ,94.0,Unf,0.0,641.0,735.0,GasA,TA,Y,FuseA,798,689,0,0.0,0.0,1,1,3,1,TA,7,Typ,1,Gd,Detchd,1949.0,Unf,1.0,220.0,TA,TA,Y,0,140,0,0,0,0,,MnPrv,,0,4,2010,WD ,Normal
241,262500,1566,20,FV,75.0,9000,Pave,,Reg,Lvl,AllPub,Inside,Gtl,Somerst,Norm,Norm,1Fam,1Story,8,5,2008,2008,Gable,CompShg,VinylSd,VinylSd,Stone,36.0,Gd,TA,PConc,Gd,TA,Av,GLQ,1078.0,Unf,0.0,488.0,1566.0,GasA,Ex,Y,SBrkr,1566,0,0,1.0,0.0,2,0,3,1,Gd,7,Typ,0,,Attchd,2008.0,RFn,2.0,750.0,TA,TA,Y,144,168,0,0,0,0,,,,0,4,2010,WD ,Normal
242,110500,866,30,RM,40.0,3880,Pave,,Reg,Lvl,AllPub,Inside,Gtl,OldTown,Norm,Norm,1Fam,1Story,5,9,1945,1997,Gable,CompShg,VinylSd,VinylSd,None,0.0,TA,Gd,CBlock,TA,TA,No,ALQ,329.0,Unf,0.0,357.0,686.0,GasA,Gd,Y,SBrkr,866,0,0,0.0,0.0,1,0,2,1,Gd,4,Typ,0,,,,,0.0,0.0,,,Y,58,42,0,0,0,0,,,,0,8,2007,WD ,Normal
243,79000,1440,50,RM,63.0,5000,Pave,,Reg,Lvl,AllPub,Corner,Gtl,OldTown,Norm,Norm,1Fam,1.5Fin,5,4,1900,1950,Gable,CompShg,Wd Sdng,Wd Sdng,None,0.0,TA,TA,BrkTil,TA,TA,No,Unf,0.0,Unf,0.0,540.0,540.0,GasA,Gd,N,FuseA,889,551,0,0.0,0.0,1,0,3,1,TA,6,Typ,0,,Attchd,1940.0,Unf,1.0,352.0,Fa,TA,Y,0,0,77,0,0,0,,,,0,4,2006,WD ,Normal
244,120000,1217,160,RL,75.0,10762,Pave,,Reg,Lvl,AllPub,Corner,Gtl,SawyerW,Norm,Norm,TwnhsE,2Story,6,6,1980,1980,Gable,CompShg,Plywood,Plywood,None,0.0,TA,TA,CBlock,Gd,TA,No,Unf,0.0,Unf,0.0,626.0,626.0,GasA,TA,Y,SBrkr,626,591,0,0.0,0.0,1,1,3,1,TA,6,Typ,1,TA,Attchd,1980.0,RFn,1.0,288.0,TA,TA,Y,0,28,0,0,0,0,,,,0,4,2009,WD ,Normal
245,205000,2110,60,RL,,8880,Pave,,IR1,Lvl,AllPub,Inside,Gtl,SawyerW,Norm,Norm,1Fam,2Story,7,5,1994,2002,Gable,CompShg,VinylSd,VinylSd,None,0.0,Gd,TA,PConc,Gd,TA,No,GLQ,695.0,Unf,0.0,253.0,948.0,GasA,Ex,Y,SBrkr,1222,888,0,1.0,0.0,2,1,3,1,Gd,8,Typ,2,Fa,Attchd,1994.0,RFn,2.0,463.0,TA,TA,Y,0,130,0,0,0,0,,,,0,5,2010,WD ,Normal
246,241500,1872,20,RL,80.0,10400,Pave,,Reg,Lvl,AllPub,Inside,Gtl,NWAmes,Norm,Norm,1Fam,1Story,7,5,1988,1988,Gable,CompShg,Wd Sdng,Wd Sdng,BrkFace,102.0,TA,TA,CBlock,Gd,TA,Av,GLQ,929.0,Unf,0.0,916.0,1845.0,GasA,Gd,Y,SBrkr,1872,0,0,0.0,1.0,2,0,3,1,TA,6,Typ,1,TA,Attchd,1988.0,Fin,2.0,604.0,TA,TA,Y,197,39,0,0,0,0,,,,0,6,2006,WD ,Normal
247,137000,1928,190,RM,69.0,9142,Pave,Grvl,Reg,Lvl,AllPub,Inside,Gtl,OldTown,Norm,Norm,2fmCon,2Story,6,8,1910,1950,Gable,CompShg,AsbShng,AsbShng,None,0.0,TA,Fa,Stone,Fa,TA,No,Unf,0.0,Unf,0.0,1020.0,1020.0,GasA,Gd,N,FuseP,908,1020,0,0.0,0.0,2,0,4,2,Fa,9,Typ,0,,Detchd,1910.0,Unf,1.0,440.0,Po,Po,Y,0,60,112,0,0,0,,,,0,4,2006,WD ,Normal
248,140000,1375,20,RL,75.0,11310,Pave,,Reg,Lvl,AllPub,Inside,Gtl,NAmes,Norm,Norm,1Fam,1Story,6,5,1954,1954,Hip,CompShg,Wd Sdng,BrkFace,None,0.0,TA,TA,CBlock,TA,TA,No,Unf,0.0,Unf,0.0,1367.0,1367.0,GasA,Ex,Y,SBrkr,1375,0,0,0.0,0.0,1,0,2,1,TA,5,Typ,1,TA,Attchd,1954.0,Unf,2.0,451.0,TA,TA,Y,0,30,0,0,0,0,,,,0,6,2006,WD ,Normal
249,180000,1668,60,RL,72.0,11317,Pave,,Reg,Lvl,AllPub,Inside,Gtl,CollgCr,Norm,Norm,1Fam,2Story,7,5,2003,2003,Gable,CompShg,VinylSd,VinylSd,BrkFace,101.0,Gd,TA,PConc,Gd,TA,No,Unf,0.0,Unf,0.0,840.0,840.0,GasA,Ex,Y,SBrkr,840,828,0,0.0,0.0,2,1,3,1,Gd,8,Typ,0,,Attchd,2003.0,RFn,2.0,500.0,TA,TA,Y,144,68,0,0,0,0,,,,0,9,2007,WD ,Normal
250,277000,2144,50,RL,,159000,Pave,,IR2,Low,AllPub,CulDSac,Sev,ClearCr,Norm,Norm,1Fam,1.5Fin,6,7,1958,2006,Gable,CompShg,Wd Sdng,HdBoard,BrkCmn,472.0,Gd,TA,CBlock,Gd,TA,Gd,Rec,697.0,Unf,0.0,747.0,1444.0,GasA,Gd,Y,SBrkr,1444,700,0,0.0,1.0,2,0,4,1,Gd,7,Typ,2,TA,Attchd,1958.0,Fin,2.0,389.0,TA,TA,Y,0,98,0,0,0,0,,,Shed,500,6,2007,WD ,Normal
251,76500,1306,30,RL,55.0,5350,Pave,,IR1,Lvl,AllPub,Inside,Gtl,BrkSide,Norm,Norm,1Fam,1Story,3,2,1940,1966,Gable,CompShg,Wd Sdng,Plywood,None,0.0,TA,Po,CBlock,TA,TA,No,Unf,0.0,Unf,0.0,728.0,728.0,GasA,Ex,Y,SBrkr,1306,0,0,0.0,0.0,1,0,3,1,Fa,6,Mod,0,,,,,0.0,0.0,,,Y,263,0,0,0,0,0,,GdWo,Shed,450,5,2010,WD ,Normal
252,235000,1625,120,RM,44.0,4750,Pave,,IR1,HLS,AllPub,Inside,Mod,Crawfor,Norm,Norm,TwnhsE,1Story,8,5,2006,2007,Hip,CompShg,VinylSd,VinylSd,Stone,481.0,Gd,TA,PConc,Gd,TA,Gd,GLQ,1573.0,Unf,0.0,0.0,1573.0,GasA,Ex,Y,SBrkr,1625,0,0,1.0,1.0,2,0,2,1,Gd,5,Typ,1,Gd,Attchd,2006.0,Fin,2.0,538.0,TA,TA,Y,123,0,0,0,153,0,,,,0,12,2007,WD ,Family
253,173000,1640,60,RL,65.0,8366,Pave,,IR1,Lvl,AllPub,Inside,Gtl,SawyerW,Norm,Norm,1Fam,2Story,6,5,2004,2004,Gable,CompShg,VinylSd,VinylSd,None,0.0,Gd,TA,PConc,Gd,TA,No,Unf,0.0,Unf,0.0,798.0,798.0,GasA,Ex,Y,SBrkr,798,842,0,0.0,0.0,2,1,3,1,Gd,6,Typ,0,,Attchd,2004.0,RFn,2.0,520.0,TA,TA,Y,138,45,0,0,0,0,,,,0,12,2008,WD ,Normal
254,158000,1302,80,RL,85.0,9350,Pave,,Reg,Lvl,AllPub,Inside,Gtl,NAmes,Norm,Norm,1Fam,SLvl,6,7,1964,1991,Hip,CompShg,HdBoard,HdBoard,BrkFace,108.0,TA,TA,CBlock,Gd,TA,Gd,LwQ,270.0,ALQ,580.0,452.0,1302.0,GasA,Ex,Y,SBrkr,1302,0,0,0.0,1.0,2,0,3,1,Gd,7,Min1,0,,Attchd,1964.0,RFn,1.0,309.0,TA,TA,Y,333,0,0,0,0,0,,MnPrv,,0,10,2007,CWD,Normal
255,145000,1314,20,RL,70.0,8400,Pave,,Reg,Lvl,AllPub,Inside,Gtl,NAmes,Norm,Norm,1Fam,1Story,5,6,1957,1957,Gable,CompShg,MetalSd,MetalSd,None,0.0,TA,Gd,CBlock,TA,TA,No,Rec,922.0,Unf,0.0,392.0,1314.0,GasA,TA,Y,SBrkr,1314,0,0,1.0,0.0,1,0,3,1,TA,5,Typ,0,,Attchd,1957.0,RFn,1.0,294.0,TA,TA,Y,250,0,0,0,0,0,,,,0,6,2010,WD ,Normal
256,230000,2291,60,RL,66.0,8738,Pave,,IR1,Lvl,AllPub,Inside,Gtl,Gilbert,Norm,Norm,1Fam,2Story,7,5,1999,1999,Gable,CompShg,VinylSd,VinylSd,BrkFace,302.0,Gd,TA,PConc,Gd,TA,No,Unf,0.0,Unf,0.0,975.0,975.0,GasA,Ex,Y,SBrkr,1005,1286,0,0.0,0.0,2,1,4,1,Gd,8,Typ,1,TA,BuiltIn,1999.0,Fin,2.0,429.0,TA,TA,Y,192,0,0,0,0,0,,,,0,2,2006,WD ,Normal
257,207500,1728,60,FV,64.0,8791,Pave,,IR1,Lvl,AllPub,Inside,Gtl,Somerst,Norm,Norm,1Fam,2Story,6,5,2003,2003,Gable,CompShg,VinylSd,VinylSd,None,0.0,Gd,TA,PConc,Gd,TA,No,Rec,503.0,Unf,0.0,361.0,864.0,GasA,Ex,Y,SBrkr,864,864,0,0.0,0.0,2,1,3,1,Gd,7,Typ,0,,Attchd,2003.0,RFn,2.0,673.0,TA,TA,Y,216,56,0,0,0,0,,,,0,5,2008,WD ,Normal
258,220000,1604,20,RL,68.0,8814,Pave,,Reg,Lvl,AllPub,Inside,Gtl,CollgCr,Norm,Norm,1Fam,1Story,7,5,2006,2006,Gable,CompShg,VinylSd,VinylSd,Stone,180.0,Gd,TA,PConc,Gd,TA,No,GLQ,1334.0,Unf,0.0,270.0,1604.0,GasA,Ex,Y,SBrkr,1604,0,0,1.0,0.0,2,1,3,1,Gd,8,Typ,1,Gd,Attchd,2006.0,RFn,2.0,660.0,TA,TA,Y,123,110,0,0,0,0,,,,0,3,2009,WD ,Abnorml
259,231500,1792,60,RL,80.0,12435,Pave,,Reg,Lvl,AllPub,Inside,Gtl,CollgCr,Norm,Norm,1Fam,2Story,7,5,2001,2001,Gable,CompShg,VinylSd,VinylSd,BrkFace,172.0,Gd,TA,PConc,Gd,TA,No,GLQ,361.0,Unf,0.0,602.0,963.0,GasA,Ex,Y,SBrkr,963,829,0,0.0,0.0,2,1,3,1,Gd,7,Typ,1,TA,Attchd,2001.0,RFn,2.0,564.0,TA,TA,Y,0,96,0,245,0,0,,,,0,5,2008,WD ,Normal
260,97000,882,20,RM,70.0,12702,Pave,,Reg,Lvl,AllPub,Inside,Gtl,OldTown,Norm,Norm,1Fam,1Story,5,5,1956,1956,Gable,CompShg,BrkFace,BrkFace,None,0.0,TA,TA,PConc,,,,,0.0,,0.0,0.0,0.0,GasA,Gd,Y,FuseA,882,0,0,0.0,0.0,1,0,2,1,TA,4,Typ,0,,Detchd,1956.0,Unf,1.0,308.0,TA,TA,Y,0,45,0,0,0,0,,,,0,12,2008,WD ,Normal
261,176000,1382,80,RL,120.0,19296,Pave,,Reg,Lvl,AllPub,Corner,Gtl,NAmes,Artery,Norm,1Fam,SLvl,6,5,1962,1962,Gable,CompShg,Wd Sdng,Wd Sdng,BrkFace,399.0,TA,TA,CBlock,TA,TA,Gd,Rec,672.0,ALQ,690.0,0.0,1362.0,GasA,TA,Y,SBrkr,1382,0,0,1.0,0.0,1,0,3,1,TA,6,Typ,1,TA,Attchd,1991.0,Unf,2.0,884.0,TA,TA,Y,0,0,252,0,0,0,,GdWo,,0,5,2009,WD ,Normal
262,276000,2574,60,RL,69.0,9588,Pave,,IR1,Lvl,AllPub,Inside,Gtl,CollgCr,Norm,Norm,1Fam,2Story,8,5,2007,2007,Gable,CompShg,CemntBd,CmentBd,Stone,270.0,Gd,TA,PConc,Ex,TA,No,Unf,0.0,Unf,0.0,1482.0,1482.0,GasA,Ex,Y,SBrkr,1482,1092,0,0.0,0.0,2,1,3,1,Ex,10,Typ,1,Gd,BuiltIn,2007.0,Fin,3.0,868.0,TA,TA,Y,0,148,0,0,0,0,,,,0,11,2007,New,Partial
263,151000,1212,80,RL,88.0,8471,Pave,,IR1,Lvl,AllPub,Corner,Gtl,Sawyer,Norm,Norm,1Fam,SLvl,6,7,1977,1995,Gable,CompShg,HdBoard,Plywood,BrkFace,46.0,TA,TA,CBlock,Gd,Gd,Av,ALQ,506.0,Unf,0.0,0.0,506.0,GasA,TA,Y,SBrkr,1212,0,0,1.0,0.0,1,0,3,1,TA,6,Typ,1,TA,Attchd,1978.0,Unf,2.0,492.0,TA,TA,Y,292,12,0,0,0,0,,GdWo,,0,7,2006,WD ,Normal
264,130000,1316,50,RM,50.0,5500,Pave,,Reg,Lvl,AllPub,Corner,Gtl,OldTown,Norm,Norm,1Fam,1.5Fin,5,7,1929,2001,Gable,CompShg,Wd Sdng,Wd Sdng,None,0.0,TA,TA,BrkTil,TA,TA,No,LwQ,234.0,ALQ,692.0,0.0,926.0,GasA,TA,Y,SBrkr,926,0,390,1.0,0.0,1,0,3,1,TA,6,Typ,0,,Detchd,1974.0,Unf,2.0,484.0,TA,TA,Y,0,0,0,0,0,0,,,,0,4,2010,WD ,Normal
265,73000,764,30,RM,30.0,5232,Pave,Grvl,IR3,Bnk,AllPub,Inside,Gtl,OldTown,Artery,Norm,1Fam,1Story,5,5,1925,2004,Gable,CompShg,Wd Sdng,Wd Sdng,None,0.0,TA,TA,BrkTil,Fa,TA,No,Unf,0.0,Unf,0.0,680.0,680.0,GasA,Gd,N,FuseP,764,0,0,0.0,0.0,1,0,2,1,TA,4,Typ,0,,Detchd,1965.0,Unf,2.0,504.0,TA,TA,N,0,0,0,0,0,0,,,,0,6,2008,WD ,Normal
266,175500,1422,20,RL,78.0,12090,Pave,,IR1,Lvl,AllPub,Inside,Gtl,NWAmes,Norm,Norm,1Fam,1Story,6,6,1981,1981,Gable,CompShg,MetalSd,MetalSd,BrkFace,210.0,TA,Gd,CBlock,Gd,TA,No,GLQ,588.0,LwQ,228.0,606.0,1422.0,GasA,TA,Y,SBrkr,1422,0,0,0.0,0.0,2,0,3,1,Gd,7,Typ,1,TA,Attchd,1981.0,Fin,2.0,576.0,TA,TA,Y,276,0,0,0,0,0,,GdPrv,,0,6,2008,WD ,Normal
267,185000,1511,60,RL,70.0,11207,Pave,,IR1,HLS,AllPub,FR2,Gtl,Gilbert,Norm,Norm,1Fam,2Story,6,5,1997,1997,Gable,CompShg,VinylSd,VinylSd,None,0.0,TA,TA,PConc,Gd,TA,Av,GLQ,714.0,Unf,0.0,88.0,802.0,GasA,Gd,Y,SBrkr,802,709,0,1.0,0.0,2,1,3,1,TA,8,Typ,1,TA,Attchd,1997.0,Fin,2.0,413.0,TA,TA,Y,95,75,0,0,0,0,,,,0,6,2006,WD ,Normal
268,179500,2192,75,RL,60.0,8400,Pave,,Reg,Bnk,AllPub,Inside,Mod,SWISU,Norm,Norm,1Fam,2.5Fin,5,8,1939,1997,Gable,CompShg,Wd Sdng,Wd Sdng,None,0.0,TA,TA,PConc,TA,TA,No,LwQ,378.0,Unf,0.0,342.0,720.0,GasA,Ex,Y,SBrkr,1052,720,420,0.0,0.0,2,1,4,1,Gd,8,Typ,1,Gd,Detchd,1939.0,Unf,1.0,240.0,TA,TA,Y,262,24,0,0,0,0,,,,0,7,2008,WD ,Normal
269,120500,778,30,RM,71.0,6900,Pave,,Reg,Lvl,AllPub,Inside,Gtl,IDOTRR,Norm,Norm,1Fam,1Story,5,6,1940,1955,Gable,CompShg,VinylSd,VinylSd,None,0.0,TA,TA,CBlock,TA,TA,No,ALQ,403.0,Rec,125.0,212.0,740.0,GasA,Ex,Y,SBrkr,778,0,0,0.0,0.0,1,0,2,1,TA,4,Typ,1,Gd,Detchd,1966.0,Fin,1.0,924.0,Ex,Ex,Y,0,25,0,0,0,0,,,,0,2,2008,WD ,Normal
270,148000,1113,20,RL,,7917,Pave,,IR1,Lvl,AllPub,Corner,Gtl,Edwards,Norm,Norm,1Fam,1Story,6,7,1976,1976,Hip,CompShg,HdBoard,HdBoard,BrkFace,174.0,TA,Gd,CBlock,TA,Gd,No,BLQ,751.0,Unf,0.0,392.0,1143.0,GasA,TA,Y,SBrkr,1113,0,0,1.0,0.0,1,1,3,1,TA,6,Typ,1,Fa,Attchd,1987.0,RFn,1.0,504.0,TA,Gd,Y,370,30,0,0,0,0,,GdPrv,,0,5,2007,WD ,Normal
271,266000,1939,60,FV,84.0,10728,Pave,,Reg,Lvl,AllPub,Inside,Gtl,Somerst,Norm,Norm,1Fam,2Story,8,5,2006,2006,Gable,CompShg,VinylSd,VinylSd,None,0.0,Gd,TA,PConc,Gd,TA,Mn,Unf,0.0,Unf,0.0,1095.0,1095.0,GasA,Gd,Y,SBrkr,1095,844,0,0.0,0.0,2,1,3,1,Gd,8,Typ,1,Gd,Attchd,2006.0,RFn,3.0,1053.0,TA,TA,Y,192,51,0,0,0,0,,,,0,8,2006,New,Partial
272,241500,1363,20,RL,73.0,39104,Pave,,IR1,Low,AllPub,CulDSac,Sev,ClearCr,Norm,Norm,1Fam,1Story,7,7,1954,2005,Flat,Membran,Plywood,Plywood,None,0.0,TA,TA,CBlock,Gd,TA,Gd,LwQ,226.0,GLQ,1063.0,96.0,1385.0,GasA,Ex,Y,SBrkr,1363,0,0,1.0,0.0,1,0,2,1,TA,5,Mod,2,TA,Attchd,1954.0,Unf,2.0,439.0,TA,TA,Y,81,0,0,0,0,0,,,,0,4,2008,WD ,Normal
273,290000,2270,60,RL,92.0,11764,Pave,,IR1,Lvl,AllPub,CulDSac,Gtl,NoRidge,Norm,Norm,1Fam,2Story,8,7,1999,2007,Gable,CompShg,VinylSd,VinylSd,BrkFace,348.0,Gd,TA,PConc,Gd,TA,No,GLQ,524.0,Unf,0.0,628.0,1152.0,GasA,Ex,Y,SBrkr,1164,1106,0,0.0,0.0,2,1,4,1,Gd,9,Typ,1,Gd,Attchd,1999.0,Fin,3.0,671.0,TA,TA,Y,132,57,0,0,0,0,,,,0,4,2010,WD ,Normal
274,139000,1632,20,RL,80.0,9600,Pave,,Reg,Lvl,AllPub,Inside,Gtl,NAmes,Feedr,Norm,1Fam,1Story,6,6,1958,1988,Hip,CompShg,Wd Sdng,Wd Sdng,BrkCmn,183.0,TA,TA,CBlock,TA,TA,No,Rec,620.0,LwQ,620.0,0.0,1240.0,GasA,Gd,Y,SBrkr,1632,0,0,1.0,0.0,2,0,3,1,TA,6,Min1,1,Gd,Attchd,1958.0,RFn,1.0,338.0,TA,TA,Y,289,0,0,0,0,0,,MnPrv,,0,4,2009,WD ,Normal
275,124500,816,20,RL,76.0,8314,Pave,,Reg,Lvl,AllPub,Corner,Gtl,Mitchel,Norm,Norm,1Fam,1Story,5,7,1982,1982,Gable,CompShg,HdBoard,ImStucc,None,0.0,TA,TA,CBlock,TA,TA,Gd,ALQ,546.0,Unf,0.0,270.0,816.0,GasA,TA,Y,SBrkr,816,0,0,0.0,0.0,1,0,2,1,TA,5,Typ,0,,Attchd,1982.0,Unf,1.0,264.0,TA,TA,Y,168,0,0,0,0,0,,,,0,6,2007,WD ,Normal
276,205000,1548,50,RL,55.0,7264,Pave,,Reg,Lvl,AllPub,Inside,Gtl,BrkSide,Norm,Norm,1Fam,1.5Fin,7,7,1925,2007,Gable,CompShg,Wd Sdng,Wd Sdng,None,0.0,Gd,Gd,BrkTil,TA,TA,No,Unf,0.0,Unf,0.0,952.0,952.0,GasW,Gd,N,SBrkr,952,596,0,0.0,0.0,2,1,3,1,Ex,5,Typ,0,,Detchd,1978.0,Unf,2.0,672.0,TA,TA,Y,74,0,0,0,144,0,,,,0,10,2009,WD ,Normal
277,201000,1560,20,RL,129.0,9196,Pave,,IR1,Lvl,AllPub,Inside,Gtl,Mitchel,Norm,Norm,1Fam,1Story,7,5,2003,2003,Gable,CompShg,VinylSd,VinylSd,None,0.0,Gd,TA,PConc,Ex,TA,No,Unf,0.0,Unf,0.0,1560.0,1560.0,GasA,Ex,Y,SBrkr,1560,0,0,0.0,0.0,2,0,3,1,Gd,7,Typ,0,,Attchd,2003.0,Fin,2.0,573.0,TA,TA,Y,100,150,0,0,0,0,,,,0,4,2010,WD ,Normal
278,141000,864,20,RL,140.0,19138,Pave,,Reg,Lvl,AllPub,Corner,Gtl,Gilbert,Norm,Norm,1Fam,1Story,4,5,1951,1951,Gable,CompShg,VinylSd,VinylSd,None,0.0,TA,TA,CBlock,TA,TA,No,LwQ,120.0,Unf,0.0,744.0,864.0,GasA,Ex,Y,SBrkr,864,0,0,0.0,0.0,1,0,2,1,TA,4,Typ,0,,Detchd,1951.0,Unf,2.0,400.0,TA,TA,Y,0,0,0,0,0,0,,,,0,6,2010,WD ,Normal
279,415298,2121,20,RL,107.0,14450,Pave,,Reg,Lvl,AllPub,Inside,Gtl,NridgHt,Norm,Norm,1Fam,1Story,9,5,2006,2007,Gable,CompShg,CemntBd,CmentBd,BrkFace,315.0,Ex,TA,PConc,Ex,TA,Gd,Unf,0.0,Unf,0.0,2121.0,2121.0,GasA,Ex,Y,SBrkr,2121,0,0,0.0,0.0,2,1,3,1,Ex,8,Typ,1,Ex,Attchd,2007.0,Fin,3.0,732.0,TA,TA,Y,124,98,0,0,142,0,,,,0,5,2007,New,Partial
280,192000,2022,60,RL,83.0,10005,Pave,,Reg,Lvl,AllPub,Inside,Gtl,ClearCr,Norm,Norm,1Fam,2Story,7,5,1977,1977,Hip,CompShg,Plywood,Plywood,BrkFace,299.0,TA,TA,CBlock,Gd,TA,No,BLQ,392.0,Unf,0.0,768.0,1160.0,GasA,Ex,Y,SBrkr,1156,866,0,0.0,0.0,2,1,4,1,TA,8,Typ,1,TA,Attchd,1977.0,Fin,2.0,505.0,TA,TA,Y,288,117,0,0,0,0,,,,0,3,2008,WD ,Normal
281,228500,1982,60,RL,82.0,11287,Pave,,Reg,Lvl,AllPub,Inside,Gtl,SawyerW,Norm,Norm,1Fam,2Story,7,6,1989,1989,Gable,CompShg,Plywood,Plywood,BrkFace,340.0,Gd,TA,CBlock,Gd,TA,Av,GLQ,421.0,Unf,0.0,386.0,807.0,GasA,Gd,Y,SBrkr,1175,807,0,0.0,0.0,2,1,3,1,Gd,7,Typ,1,TA,Attchd,1989.0,Fin,2.0,575.0,TA,TA,Y,0,84,0,196,0,0,,,,0,1,2007,WD ,Normal
282,185000,1262,20,FV,60.0,7200,Pave,Pave,Reg,Lvl,AllPub,Inside,Gtl,Somerst,Norm,Norm,1Fam,1Story,6,5,2006,2006,Gable,CompShg,VinylSd,VinylSd,Stone,68.0,Gd,TA,PConc,Gd,TA,No,GLQ,905.0,Unf,0.0,357.0,1262.0,GasA,Gd,Y,SBrkr,1262,0,0,0.0,0.0,2,0,2,1,Gd,5,Typ,0,,Attchd,2006.0,Fin,2.0,572.0,TA,TA,Y,0,120,0,0,0,0,,,,0,5,2006,New,Partial
283,207500,1314,120,RL,34.0,5063,Pave,,Reg,Lvl,AllPub,Inside,Gtl,NridgHt,Norm,Norm,Twnhs,1Story,7,5,2007,2008,Gable,CompShg,VinylSd,VinylSd,Stone,166.0,Gd,TA,PConc,Gd,TA,No,GLQ,904.0,Unf,0.0,410.0,1314.0,GasA,Ex,Y,SBrkr,1314,0,0,1.0,0.0,2,0,2,1,Gd,6,Typ,1,Gd,Attchd,2008.0,RFn,2.0,626.0,TA,TA,Y,172,62,0,0,0,0,,,,0,4,2009,ConLw,Normal
284,244600,1468,20,RL,74.0,9612,Pave,,Reg,Lvl,AllPub,Inside,Gtl,Somerst,Feedr,Norm,1Fam,1Story,8,5,2008,2009,Gable,CompShg,VinylSd,VinylSd,Stone,72.0,Gd,TA,PConc,Gd,TA,No,Unf,0.0,Unf,0.0,1468.0,1468.0,GasA,Ex,Y,SBrkr,1468,0,0,0.0,0.0,2,0,3,1,Gd,6,Typ,1,Gd,Attchd,2008.0,Fin,3.0,898.0,TA,TA,Y,210,150,0,0,0,0,,,,0,12,2009,New,Partial
285,179200,1575,120,RL,50.0,8012,Pave,,Reg,Lvl,AllPub,Inside,Gtl,SawyerW,Norm,Norm,TwnhsE,1Story,6,5,1992,1992,Gable,CompShg,Plywood,ImStucc,None,0.0,Gd,TA,PConc,Gd,TA,No,GLQ,430.0,Unf,0.0,1145.0,1575.0,GasA,Gd,Y,SBrkr,1575,0,0,1.0,0.0,2,0,2,1,Gd,5,Typ,0,,Attchd,1992.0,RFn,2.0,529.0,TA,TA,Y,0,0,52,0,0,0,,,,0,7,2007,WD ,Normal
286,164700,1250,160,FV,35.0,4251,Pave,Pave,IR1,Lvl,AllPub,Inside,Gtl,Somerst,Norm,Norm,TwnhsE,2Story,7,5,2006,2007,Gable,CompShg,MetalSd,MetalSd,None,0.0,Gd,TA,PConc,Gd,TA,No,Unf,0.0,Unf,0.0,625.0,625.0,GasA,Ex,Y,SBrkr,625,625,0,0.0,0.0,2,1,2,1,Gd,5,Typ,0,,Detchd,2006.0,RFn,2.0,528.0,TA,TA,Y,0,54,0,0,0,0,,,,0,6,2007,New,Partial
287,159000,1734,50,RL,77.0,9786,Pave,,IR1,Bnk,AllPub,Inside,Gtl,NAmes,Norm,Norm,1Fam,1.5Fin,6,7,1962,1981,Gable,CompShg,Wd Sdng,Wd Sdng,None,0.0,TA,TA,CBlock,TA,TA,No,Rec,600.0,Unf,0.0,312.0,912.0,GasA,TA,Y,SBrkr,1085,649,0,0.0,0.0,1,1,3,1,Gd,7,Typ,1,Gd,Attchd,1962.0,RFn,2.0,440.0,TA,TA,Y,0,0,0,0,128,0,,GdPrv,,0,6,2006,WD ,Normal
288,88000,858,20,RL,,8125,Pave,,IR1,Lvl,AllPub,Corner,Gtl,NAmes,Norm,Norm,1Fam,1Story,4,4,1971,1971,Gable,CompShg,HdBoard,HdBoard,None,0.0,TA,TA,CBlock,TA,TA,No,BLQ,614.0,Unf,0.0,244.0,858.0,GasA,TA,Y,SBrkr,858,0,0,0.0,0.0,1,0,3,1,TA,5,Typ,0,,,,,0.0,0.0,,,Y,0,0,0,0,0,0,,,,0,6,2006,WD ,Normal
289,122000,900,20,RL,,9819,Pave,,IR1,Lvl,AllPub,Inside,Gtl,Sawyer,Norm,Norm,1Fam,1Story,5,5,1967,1967,Gable,CompShg,MetalSd,MetalSd,BrkFace,31.0,TA,Gd,CBlock,TA,TA,No,BLQ,450.0,Unf,0.0,432.0,882.0,GasA,TA,Y,SBrkr,900,0,0,0.0,0.0,1,0,3,1,TA,5,Typ,0,,Detchd,1970.0,Unf,1.0,280.0,TA,TA,Y,0,0,0,0,0,0,,MnPrv,,0,2,2010,WD ,Normal
290,153575,1396,70,RL,60.0,8730,Pave,,Reg,Lvl,AllPub,Inside,Gtl,BrkSide,RRAn,Norm,1Fam,2Story,6,7,1915,2003,Gable,CompShg,Wd Sdng,Wd Sdng,None,0.0,TA,TA,BrkTil,TA,TA,No,Unf,0.0,Unf,0.0,698.0,698.0,GasA,Ex,Y,FuseA,698,698,0,0.0,0.0,1,0,3,1,TA,7,Typ,0,,Detchd,2003.0,Unf,1.0,384.0,TA,TA,Y,0,0,0,0,259,0,,,,0,7,2007,WD ,Normal
291,233230,1919,60,RL,120.0,15611,Pave,,Reg,Lvl,AllPub,Inside,Gtl,CollgCr,Norm,Norm,1Fam,2Story,8,5,2006,2006,Gable,CompShg,VinylSd,VinylSd,None,0.0,Gd,TA,PConc,Gd,TA,Av,Unf,0.0,Unf,0.0,1079.0,1079.0,GasA,Ex,Y,SBrkr,1079,840,0,0.0,0.0,2,1,3,1,Gd,8,Typ,1,Gd,Attchd,2006.0,RFn,2.0,685.0,Gd,TA,Y,0,51,0,0,0,0,,,,0,7,2006,New,Partial
292,135900,1716,190,RL,55.0,5687,Pave,Grvl,Reg,Bnk,AllPub,Inside,Gtl,SWISU,Norm,Norm,2fmCon,2Story,5,6,1912,2000,Gable,CompShg,VinylSd,VinylSd,None,0.0,TA,Fa,PConc,TA,Fa,No,Rec,210.0,Unf,0.0,570.0,780.0,GasA,Ex,N,SBrkr,936,780,0,1.0,0.0,2,0,6,1,Fa,9,Typ,0,,,,,0.0,0.0,,,N,0,184,0,0,0,0,,,,0,3,2008,WD ,Normal
293,131000,1716,50,RL,60.0,11409,Pave,,Reg,Lvl,AllPub,Inside,Gtl,Edwards,Norm,Norm,1Fam,1.5Fin,5,4,1949,2008,Gable,CompShg,Wd Sdng,Wd Sdng,None,0.0,TA,TA,CBlock,TA,TA,No,LwQ,292.0,Unf,0.0,476.0,768.0,GasA,Gd,Y,SBrkr,1148,568,0,0.0,0.0,1,1,3,1,TA,8,Min2,1,Gd,Attchd,1949.0,Unf,1.0,281.0,TA,TA,Y,0,0,0,0,160,0,,,,0,1,2009,WD ,Normal
294,235000,2263,60,RL,,16659,Pave,,IR1,Lvl,AllPub,Corner,Gtl,NWAmes,PosA,Norm,1Fam,2Story,7,7,1977,1994,Gable,CompShg,Plywood,Plywood,BrkFace,34.0,TA,TA,CBlock,TA,TA,No,ALQ,795.0,Unf,0.0,0.0,795.0,GasA,Fa,Y,SBrkr,1468,795,0,1.0,0.0,2,1,3,1,Gd,9,Typ,1,TA,Attchd,1977.0,Fin,2.0,539.0,TA,TA,Y,0,250,0,0,0,0,,,,0,3,2006,WD ,Normal
295,167000,1644,20,RL,80.0,9600,Pave,,Reg,Lvl,AllPub,Inside,Gtl,NAmes,Norm,Norm,1Fam,1Story,6,5,1953,1953,Hip,CompShg,HdBoard,HdBoard,Stone,238.0,TA,TA,CBlock,TA,TA,No,GLQ,1285.0,Unf,0.0,131.0,1416.0,GasA,TA,Y,SBrkr,1644,0,0,1.0,0.0,1,0,3,1,TA,7,Typ,2,Gd,Attchd,1953.0,Fin,2.0,418.0,TA,TA,Y,110,0,0,0,0,0,,,,0,10,2009,WD ,Normal
296,142500,1003,80,RL,37.0,7937,Pave,,IR1,Lvl,AllPub,CulDSac,Gtl,Mitchel,Norm,Norm,1Fam,SLvl,6,6,1984,1984,Gable,CompShg,HdBoard,HdBoard,None,0.0,TA,TA,CBlock,TA,TA,Av,GLQ,819.0,Unf,0.0,184.0,1003.0,GasA,TA,Y,SBrkr,1003,0,0,1.0,0.0,1,0,3,1,TA,6,Typ,0,,Detchd,1984.0,Unf,2.0,588.0,TA,TA,Y,120,0,0,0,0,0,,GdPrv,,0,3,2006,WD ,Normal
297,152000,1558,50,RM,75.0,13710,Pave,,Reg,Lvl,AllPub,Inside,Gtl,IDOTRR,Norm,Norm,1Fam,1.5Fin,5,5,1950,1950,Gable,CompShg,Wd Sdng,Wd Sdng,None,0.0,TA,TA,CBlock,TA,TA,No,BLQ,420.0,Unf,0.0,490.0,910.0,GasA,TA,Y,FuseA,910,648,0,0.0,0.0,1,1,4,1,TA,6,Typ,0,,Attchd,1950.0,Unf,1.0,282.0,TA,TA,Y,289,0,0,0,0,0,,MnPrv,,0,6,2007,WD ,Normal
298,239000,1950,60,FV,66.0,7399,Pave,Pave,IR1,Lvl,AllPub,Inside,Gtl,Somerst,Norm,Norm,1Fam,2Story,7,5,1997,1998,Hip,CompShg,VinylSd,VinylSd,BrkFace,1600.0,Gd,TA,PConc,Gd,TA,No,BLQ,649.0,Unf,0.0,326.0,975.0,GasA,Ex,Y,SBrkr,975,975,0,0.0,0.0,2,1,3,1,Gd,7,Typ,1,TA,Detchd,1997.0,RFn,2.0,576.0,TA,TA,Y,0,10,0,0,198,0,,,,0,6,2007,WD ,Normal
299,175000,1743,60,RL,90.0,11700,Pave,,Reg,Lvl,AllPub,Inside,Gtl,NWAmes,Norm,Norm,1Fam,2Story,6,6,1968,1968,Mansard,CompShg,HdBoard,AsphShn,BrkFace,365.0,Gd,TA,CBlock,TA,TA,No,ALQ,384.0,Rec,175.0,143.0,702.0,GasA,Gd,Y,SBrkr,1041,702,0,0.0,1.0,1,2,3,1,TA,7,Typ,1,Gd,Attchd,1968.0,Unf,2.0,539.0,TA,TA,Y,224,0,0,0,0,0,,,,0,6,2007,WD ,Normal
300,158500,1152,20,RL,80.0,14000,Pave,,Reg,Lvl,AllPub,Inside,Gtl,Crawfor,Norm,Norm,1Fam,1Story,6,8,1950,2004,Gable,CompShg,HdBoard,HdBoard,None,0.0,TA,Gd,CBlock,TA,TA,No,Unf,0.0,Unf,0.0,1092.0,1092.0,GasA,Ex,Y,SBrkr,1152,0,0,0.0,1.0,1,0,3,1,Gd,6,Typ,1,Gd,Attchd,1950.0,Unf,1.0,300.0,TA,TA,Y,0,36,0,0,0,0,,GdPrv,,0,8,2009,WD ,Family
301,157000,1336,190,RL,90.0,15750,Pave,,Reg,Lvl,AllPub,Corner,Gtl,Crawfor,Norm,Norm,2fmCon,1Story,5,5,1953,1953,Hip,CompShg,MetalSd,MetalSd,BrkFace,56.0,TA,TA,CBlock,TA,TA,Mn,BLQ,841.0,Unf,0.0,324.0,1165.0,GasA,TA,Y,SBrkr,1336,0,0,1.0,0.0,1,0,2,1,TA,5,Typ,2,Gd,Attchd,1953.0,Unf,1.0,375.0,TA,TA,Y,0,0,0,0,0,0,,,,0,6,2006,WD ,Normal
302,267000,2452,60,RL,66.0,16226,Pave,,IR3,Lvl,AllPub,Inside,Gtl,CollgCr,Norm,Norm,1Fam,2Story,8,5,1998,1999,Gable,CompShg,VinylSd,VinylSd,None,0.0,Gd,TA,PConc,Gd,TA,No,GLQ,281.0,Unf,0.0,747.0,1028.0,GasA,Ex,Y,SBrkr,1210,1242,0,0.0,0.0,2,1,4,1,Gd,9,Typ,1,TA,BuiltIn,1998.0,Fin,2.0,683.0,TA,TA,Y,208,50,0,0,0,0,,,,0,5,2007,WD ,Normal
303,205000,1541,20,RL,118.0,13704,Pave,,IR1,Lvl,AllPub,Corner,Gtl,CollgCr,Norm,Norm,1Fam,1Story,7,5,2001,2002,Gable,CompShg,VinylSd,VinylSd,BrkFace,150.0,Gd,TA,PConc,Gd,TA,No,Unf,0.0,Unf,0.0,1541.0,1541.0,GasA,Ex,Y,SBrkr,1541,0,0,0.0,0.0,2,0,3,1,Gd,6,Typ,1,TA,Attchd,2001.0,RFn,3.0,843.0,TA,TA,Y,468,81,0,0,0,0,,,,0,1,2006,WD ,Normal
304,149900,894,20,RL,70.0,9800,Pave,,Reg,Lvl,AllPub,Corner,Gtl,CollgCr,Norm,Norm,1Fam,1Story,5,7,1972,1972,Gable,CompShg,VinylSd,VinylSd,None,0.0,TA,TA,PConc,TA,TA,No,ALQ,894.0,Unf,0.0,0.0,894.0,GasA,TA,Y,SBrkr,894,0,0,1.0,0.0,1,0,3,1,TA,5,Typ,0,,Attchd,1975.0,Unf,2.0,552.0,TA,TA,Y,256,0,0,0,0,0,,GdWo,,0,7,2006,WD ,Abnorml
305,295000,3493,75,RM,87.0,18386,Pave,,Reg,Lvl,AllPub,Inside,Gtl,OldTown,Norm,Norm,1Fam,2.5Fin,7,9,1880,2002,Gable,CompShg,CemntBd,CmentBd,None,0.0,TA,TA,BrkTil,TA,TA,No,Unf,0.0,Unf,0.0,1470.0,1470.0,GasA,Ex,Y,SBrkr,1675,1818,0,0.0,0.0,3,0,3,1,Gd,10,Typ,1,Ex,Attchd,2003.0,Unf,3.0,870.0,TA,TA,Y,302,0,0,0,0,0,,,,0,5,2008,WD ,Normal
306,305900,2000,20,RL,80.0,10386,Pave,,Reg,Lvl,AllPub,Inside,Gtl,CollgCr,Norm,Norm,1Fam,1Story,8,5,2004,2005,Gable,CompShg,CemntBd,CmentBd,Stone,246.0,Gd,TA,PConc,Gd,TA,No,GLQ,1464.0,Unf,0.0,536.0,2000.0,GasA,Ex,Y,SBrkr,2000,0,0,1.0,0.0,2,0,3,1,Gd,8,Typ,0,,Attchd,2004.0,Fin,3.0,888.0,TA,TA,Y,168,0,0,0,0,0,,,,0,7,2007,WD ,Normal
307,225000,2243,60,RL,116.0,13474,Pave,,Reg,Lvl,AllPub,Inside,Gtl,SawyerW,Feedr,Norm,1Fam,2Story,7,5,1990,1991,Gable,CompShg,HdBoard,Plywood,BrkFace,246.0,Gd,TA,CBlock,Gd,TA,No,ALQ,700.0,Unf,0.0,0.0,700.0,GasA,Gd,Y,SBrkr,1122,1121,0,1.0,0.0,2,1,4,1,Gd,8,Typ,1,TA,Attchd,1990.0,RFn,3.0,746.0,TA,TA,Y,127,44,224,0,0,0,,,,0,6,2007,WD ,Normal
308,89500,1406,50,RM,,7920,Pave,Grvl,IR1,Lvl,AllPub,Inside,Gtl,IDOTRR,Artery,Norm,1Fam,1.5Fin,6,7,1920,1950,Gable,CompShg,MetalSd,MetalSd,None,0.0,TA,Fa,CBlock,TA,TA,No,Unf,0.0,Unf,0.0,319.0,319.0,GasA,TA,Y,FuseA,1035,371,0,0.0,0.0,1,0,3,1,Fa,6,Typ,0,,,,,0.0,0.0,,,N,0,144,0,0,0,0,,MnPrv,,0,3,2008,WD ,Normal
309,82500,861,30,RL,,12342,Pave,,IR1,Lvl,AllPub,Inside,Gtl,Edwards,Norm,Norm,1Fam,1Story,4,5,1940,1950,Gable,CompShg,VinylSd,VinylSd,None,0.0,TA,TA,CBlock,TA,TA,No,BLQ,262.0,Unf,0.0,599.0,861.0,GasA,Ex,Y,SBrkr,861,0,0,0.0,0.0,1,0,1,1,TA,4,Typ,0,,Detchd,1961.0,Unf,2.0,539.0,TA,TA,Y,158,0,0,0,0,0,,,,0,3,2009,WD ,Normal
310,360000,1944,20,RL,90.0,12378,Pave,,IR1,Lvl,AllPub,Inside,Gtl,NridgHt,Norm,Norm,1Fam,1Story,9,5,2003,2004,Gable,CompShg,VinylSd,VinylSd,None,0.0,Gd,TA,PConc,Ex,TA,Gd,GLQ,1274.0,Unf,0.0,622.0,1896.0,GasA,Ex,Y,SBrkr,1944,0,0,1.0,0.0,2,0,3,1,Ex,8,Typ,3,Ex,Attchd,2003.0,Fin,3.0,708.0,TA,TA,Y,208,175,0,0,0,0,,,,0,11,2006,WD ,Normal
311,165600,1501,60,RL,,7685,Pave,,IR1,Lvl,AllPub,Inside,Gtl,Gilbert,Norm,Norm,1Fam,2Story,6,5,1993,1994,Gable,CompShg,HdBoard,HdBoard,BrkFace,112.0,TA,TA,PConc,Gd,TA,No,ALQ,518.0,Unf,0.0,179.0,697.0,GasA,Gd,Y,SBrkr,697,804,0,0.0,0.0,2,1,3,1,Gd,6,Typ,1,TA,Attchd,1993.0,Fin,2.0,420.0,TA,TA,Y,190,63,0,0,0,0,,,,0,5,2006,WD ,Normal
312,132000,972,20,RL,50.0,8000,Pave,,Reg,Lvl,AllPub,Inside,Gtl,NAmes,Norm,Norm,1Fam,1Story,6,6,1948,2002,Gable,CompShg,VinylSd,VinylSd,None,0.0,TA,Gd,CBlock,TA,TA,No,ALQ,680.0,Unf,0.0,292.0,972.0,GasA,Ex,Y,SBrkr,972,0,0,1.0,0.0,1,0,2,1,TA,5,Typ,1,Gd,Detchd,1948.0,Unf,1.0,240.0,TA,TA,Y,0,0,0,0,0,0,,,,0,5,2009,WD ,Normal
313,119900,1118,190,RM,65.0,7800,Pave,,Reg,Lvl,AllPub,Inside,Gtl,OldTown,Artery,Norm,2fmCon,1.5Fin,5,7,1939,1950,Gable,CompShg,MetalSd,MetalSd,None,0.0,TA,TA,CBlock,Gd,TA,Mn,Rec,507.0,Unf,0.0,286.0,793.0,GasA,TA,Y,SBrkr,793,325,0,1.0,0.0,1,0,3,1,TA,5,Typ,1,Gd,Detchd,1939.0,Unf,2.0,410.0,TA,TA,Y,0,0,0,0,271,0,,MnPrv,,0,5,2006,WD ,Normal
314,375000,2036,20,RL,150.0,215245,Pave,,IR3,Low,AllPub,Inside,Sev,Timber,Norm,Norm,1Fam,1Story,7,5,1965,1965,Hip,CompShg,BrkFace,BrkFace,None,0.0,TA,TA,CBlock,Gd,TA,Gd,ALQ,1236.0,Rec,820.0,80.0,2136.0,GasW,TA,Y,SBrkr,2036,0,0,2.0,0.0,2,0,3,1,TA,8,Typ,2,Gd,Attchd,1965.0,RFn,2.0,513.0,TA,TA,Y,0,0,0,0,0,0,,,,0,6,2009,WD ,Normal
315,178000,1641,70,RM,60.0,9600,Pave,Grvl,Reg,Lvl,AllPub,Inside,Gtl,OldTown,Norm,Norm,1Fam,2Story,7,7,1925,1990,Gable,CompShg,Wd Sdng,Wd Sdng,None,0.0,TA,TA,BrkTil,TA,Gd,No,LwQ,16.0,Unf,0.0,712.0,728.0,GasA,Ex,Y,SBrkr,832,809,0,0.0,1.0,1,1,3,1,Ex,6,Typ,1,Gd,Detchd,1925.0,Unf,2.0,546.0,Fa,TA,Y,0,0,234,0,0,0,,,,0,8,2006,WD ,Normal
316,188500,1432,60,RL,71.0,7795,Pave,,IR1,Lvl,AllPub,Inside,Gtl,Gilbert,Norm,Norm,1Fam,2Story,7,5,2004,2005,Gable,CompShg,VinylSd,VinylSd,None,0.0,Gd,TA,PConc,Gd,TA,No,GLQ,425.0,Unf,0.0,291.0,716.0,GasA,Ex,Y,SBrkr,716,716,0,1.0,0.0,2,1,3,1,Gd,6,Typ,1,Gd,Attchd,2004.0,Fin,2.0,432.0,TA,TA,Y,100,51,0,0,0,0,,,,0,7,2009,WD ,Normal
317,260000,2353,60,RL,94.0,13005,Pave,,IR1,Lvl,AllPub,Corner,Gtl,NWAmes,Norm,Norm,1Fam,2Story,7,7,1980,1980,Gable,CompShg,CemntBd,CmentBd,BrkFace,278.0,Gd,TA,CBlock,Gd,TA,No,GLQ,692.0,Unf,0.0,153.0,845.0,GasA,TA,Y,SBrkr,1153,1200,0,1.0,0.0,2,1,4,1,Ex,10,Typ,1,TA,Attchd,1983.0,RFn,2.0,484.0,TA,TA,Y,288,195,0,0,0,0,,GdPrv,,0,8,2009,WD ,Normal
318,270000,1959,60,FV,75.0,9000,Pave,,Reg,Lvl,AllPub,Inside,Gtl,Somerst,Norm,Norm,1Fam,2Story,8,5,2006,2006,Gable,CompShg,VinylSd,VinylSd,None,0.0,Gd,TA,PConc,Gd,TA,Av,Unf,0.0,Unf,0.0,1088.0,1088.0,GasA,Ex,Y,SBrkr,1088,871,0,0.0,0.0,2,1,3,1,Gd,8,Typ,1,Gd,Attchd,2006.0,RFn,3.0,1025.0,TA,TA,Y,208,46,0,0,0,0,,,,0,12,2007,WD ,Normal
319,260000,2646,60,RL,90.0,9900,Pave,,Reg,Low,AllPub,Inside,Mod,NoRidge,Norm,Norm,1Fam,2Story,7,5,1993,1993,Gable,CompShg,HdBoard,HdBoard,BrkFace,256.0,Gd,TA,PConc,Gd,TA,Gd,GLQ,987.0,Unf,0.0,360.0,1347.0,GasA,Ex,Y,SBrkr,1372,1274,0,1.0,0.0,2,1,4,1,Gd,9,Typ,1,TA,Attchd,1993.0,RFn,3.0,656.0,TA,TA,Y,340,60,144,0,0,0,,,,0,4,2009,WD ,Normal
320,187500,1472,80,RL,,14115,Pave,,Reg,Lvl,AllPub,Inside,Gtl,NWAmes,Norm,Norm,1Fam,SLvl,7,5,1980,1980,Gable,CompShg,Plywood,Plywood,BrkFace,225.0,TA,TA,CBlock,Gd,TA,Av,GLQ,1036.0,Unf,0.0,336.0,1372.0,GasA,TA,Y,SBrkr,1472,0,0,1.0,0.0,2,0,3,1,TA,6,Typ,2,TA,Attchd,1980.0,Unf,2.0,588.0,TA,TA,Y,233,48,0,0,0,0,,,,0,6,2009,WD ,Normal
321,342643,2596,60,RL,111.0,16259,Pave,,Reg,Lvl,AllPub,Corner,Gtl,NridgHt,Norm,Norm,1Fam,2Story,9,5,2006,2006,Gable,CompShg,VinylSd,VinylSd,Stone,370.0,TA,TA,PConc,Ex,Gd,Av,Unf,0.0,Unf,0.0,1249.0,1249.0,GasA,Ex,Y,SBrkr,1249,1347,0,0.0,0.0,3,1,4,1,Gd,9,Typ,0,,Attchd,2006.0,RFn,3.0,840.0,TA,TA,Y,240,154,0,0,0,0,,,,0,9,2006,New,Partial
322,354000,2468,60,RL,99.0,12099,Pave,,IR1,Lvl,AllPub,Inside,Gtl,NridgHt,Norm,Norm,1Fam,2Story,8,5,2004,2004,Gable,CompShg,VinylSd,VinylSd,BrkFace,388.0,Gd,TA,PConc,Ex,TA,Av,GLQ,970.0,Unf,0.0,166.0,1136.0,GasA,Ex,Y,SBrkr,1136,1332,0,1.0,0.0,2,1,4,1,Gd,10,Typ,1,Gd,BuiltIn,2004.0,Fin,3.0,872.0,TA,TA,Y,184,154,0,0,0,0,,,,0,6,2007,WD ,Normal
323,301000,2730,60,RL,86.0,10380,Pave,,IR1,Lvl,AllPub,Inside,Gtl,SawyerW,Norm,Norm,1Fam,2Story,7,5,1986,1987,Gable,CompShg,Plywood,Plywood,BrkFace,172.0,Gd,TA,CBlock,TA,TA,Gd,LwQ,28.0,ALQ,1474.0,0.0,1502.0,GasA,Ex,Y,SBrkr,1553,1177,0,1.0,0.0,2,1,4,1,Gd,8,Typ,1,TA,Attchd,1987.0,Fin,2.0,576.0,TA,TA,Y,201,96,0,0,0,0,,MnPrv,,0,8,2007,WD ,Normal
324,126175,1163,20,RM,49.0,5820,Pave,,Reg,Lvl,AllPub,Inside,Gtl,OldTown,Norm,Norm,1Fam,1Story,3,8,1955,2005,Gable,CompShg,VinylSd,VinylSd,None,0.0,TA,Gd,CBlock,TA,TA,No,ALQ,256.0,Unf,0.0,906.0,1162.0,GasA,Ex,Y,SBrkr,1163,0,0,1.0,0.0,1,0,3,1,TA,6,Typ,0,,Attchd,1955.0,Unf,1.0,220.0,Fa,TA,Y,142,98,0,0,0,0,,,,0,7,2006,WD ,Normal
325,242000,2978,80,RL,96.0,11275,Pave,,Reg,Lvl,AllPub,Corner,Gtl,NAmes,PosN,Norm,1Fam,SLvl,7,7,1967,2007,Mansard,WdShake,Wd Sdng,Wd Sdng,BrkFace,300.0,Gd,Gd,CBlock,Gd,TA,No,Unf,0.0,Unf,0.0,710.0,710.0,GasA,Ex,Y,SBrkr,1898,1080,0,0.0,0.0,2,1,5,1,Gd,11,Typ,1,Gd,BuiltIn,1961.0,Fin,2.0,564.0,TA,TA,Y,240,0,0,0,0,0,,,,0,6,2010,WD ,Normal
326,87000,803,45,RM,50.0,5000,Pave,,Reg,Lvl,AllPub,Inside,Gtl,IDOTRR,RRAe,Norm,1Fam,1.5Unf,5,6,1941,1950,Gable,CompShg,MetalSd,MetalSd,None,0.0,TA,TA,CBlock,TA,TA,Av,BLQ,116.0,Unf,0.0,604.0,720.0,GasA,Po,N,FuseF,803,0,0,0.0,0.0,1,0,2,1,TA,5,Typ,0,,Detchd,1941.0,Unf,2.0,360.0,TA,TA,Y,0,0,244,0,0,0,,,,0,12,2007,WD ,Normal
327,324000,1719,120,RL,32.0,10846,Pave,,IR1,Lvl,AllPub,CulDSac,Gtl,Veenker,Norm,Norm,TwnhsE,1Story,8,5,1993,1993,Gable,CompShg,BrkFace,BrkFace,None,0.0,Gd,TA,PConc,Gd,TA,Gd,GLQ,1619.0,Unf,0.0,100.0,1719.0,GasA,Ex,Y,SBrkr,1719,0,0,2.0,0.0,1,1,1,1,Gd,6,Typ,2,Gd,Attchd,1993.0,Fin,2.0,473.0,TA,TA,Y,122,30,0,0,0,0,,,,0,5,2008,Con,Normal
328,145250,1383,20,RL,80.0,11600,Pave,,Reg,Lvl,AllPub,Inside,Gtl,NAmes,Norm,Norm,1Fam,1Story,6,5,1960,1960,Hip,CompShg,Wd Sdng,Wd Sdng,BrkFace,175.0,TA,TA,CBlock,TA,TA,No,Rec,565.0,Unf,0.0,818.0,1383.0,GasA,TA,Y,SBrkr,1383,0,0,0.0,0.0,1,1,3,1,TA,7,Typ,0,,Attchd,1960.0,RFn,1.0,292.0,TA,TA,Y,0,45,0,0,0,0,,,,0,4,2006,WD ,Normal
329,214500,2134,75,RL,,11888,Pave,Pave,IR1,Bnk,AllPub,Inside,Gtl,BrkSide,PosN,Norm,1Fam,2.5Unf,6,6,1916,1994,Gable,CompShg,Wd Sdng,Wd Shng,None,0.0,TA,TA,BrkTil,TA,TA,No,Unf,0.0,Unf,0.0,844.0,844.0,GasA,Gd,N,FuseA,1445,689,0,0.0,0.0,2,0,5,1,Gd,10,Typ,0,,Detchd,1930.0,Unf,2.0,441.0,TA,TA,Y,0,60,268,0,0,0,,,,0,7,2009,WD ,Normal
330,78000,1192,70,RM,60.0,6402,Pave,,Reg,Lvl,AllPub,Corner,Gtl,IDOTRR,Norm,Norm,1Fam,2Story,5,5,1920,1950,Gable,CompShg,Wd Sdng,Wd Shng,None,0.0,TA,TA,PConc,TA,TA,Mn,Unf,0.0,Unf,0.0,596.0,596.0,GasA,TA,N,SBrkr,596,596,0,0.0,0.0,1,0,3,1,TA,6,Typ,0,,Detchd,1920.0,Unf,1.0,189.0,Fa,Fa,N,0,0,137,0,0,0,,GdWo,,0,7,2009,WD ,Normal
331,119000,1728,90,RL,,10624,Pave,,IR1,Lvl,AllPub,Inside,Gtl,NAmes,Norm,Norm,Duplex,1Story,5,4,1964,1964,Gable,CompShg,HdBoard,HdBoard,BrkFace,84.0,TA,TA,CBlock,TA,TA,No,GLQ,40.0,Rec,264.0,1424.0,1728.0,GasA,TA,Y,SBrkr,1728,0,0,0.0,1.0,2,0,6,2,TA,10,Typ,0,,Detchd,2002.0,Unf,1.0,352.0,TA,TA,Y,155,0,0,0,0,0,,,,0,11,2007,WD ,Normal
332,139000,1056,20,RL,70.0,8176,Pave,,Reg,Lvl,AllPub,Inside,Gtl,NAmes,Norm,Norm,1Fam,1Story,5,6,1958,1992,Gable,CompShg,Wd Sdng,Wd Sdng,None,0.0,TA,TA,CBlock,TA,TA,No,Rec,846.0,Unf,0.0,210.0,1056.0,GasA,Fa,Y,SBrkr,1056,0,0,1.0,0.0,1,0,3,1,TA,6,Typ,0,,Attchd,1958.0,RFn,1.0,308.0,TA,TA,Y,0,0,0,0,0,0,,,,0,8,2007,WD ,Normal
333,284000,1629,20,RL,85.0,10655,Pave,,IR1,Lvl,AllPub,Inside,Gtl,NridgHt,Norm,Norm,1Fam,1Story,8,5,2003,2004,Gable,CompShg,VinylSd,VinylSd,BrkFace,296.0,Gd,TA,PConc,Gd,TA,No,GLQ,1124.0,,479.0,1603.0,3206.0,GasA,Ex,Y,SBrkr,1629,0,0,1.0,0.0,2,0,3,1,Gd,7,Typ,1,Gd,Attchd,2003.0,RFn,3.0,880.0,TA,TA,Y,0,0,0,0,0,0,,,,0,10,2009,WD ,Normal
334,207000,1358,120,RM,59.0,8198,Pave,,Reg,Lvl,AllPub,FR3,Gtl,NridgHt,Norm,Norm,TwnhsE,1Story,7,5,2004,2004,Gable,CompShg,VinylSd,VinylSd,Stone,146.0,Gd,TA,PConc,Gd,TA,Av,GLQ,720.0,Unf,0.0,638.0,1358.0,GasA,Ex,Y,SBrkr,1358,0,0,1.0,0.0,2,0,2,1,Gd,6,Typ,1,Gd,Attchd,2004.0,RFn,2.0,484.0,TA,TA,Y,192,30,0,0,0,0,,,,0,7,2008,WD ,Normal
335,192000,1638,60,RL,59.0,9042,Pave,,IR1,Lvl,AllPub,Inside,Gtl,Gilbert,Norm,Norm,1Fam,2Story,6,5,1998,1998,Gable,CompShg,VinylSd,VinylSd,None,0.0,TA,TA,PConc,Gd,TA,Gd,GLQ,828.0,Unf,0.0,115.0,943.0,GasA,Gd,Y,SBrkr,943,695,0,1.0,0.0,2,1,3,1,TA,7,Typ,2,TA,Attchd,1998.0,Fin,2.0,472.0,TA,TA,Y,100,38,0,0,0,0,,,,0,7,2008,WD ,Normal
336,228950,1786,190,RL,,164660,Grvl,,IR1,HLS,AllPub,Corner,Sev,Timber,Norm,Norm,2fmCon,1.5Fin,5,6,1965,1965,Gable,CompShg,Plywood,Plywood,None,0.0,TA,TA,CBlock,TA,TA,Gd,ALQ,1249.0,BLQ,147.0,103.0,1499.0,GasA,Ex,Y,SBrkr,1619,167,0,2.0,0.0,2,0,3,1,TA,7,Typ,2,Gd,Attchd,1965.0,Fin,2.0,529.0,TA,TA,Y,670,0,0,0,0,0,,,Shed,700,8,2008,WD ,Normal
337,377426,1922,20,RL,86.0,14157,Pave,,IR1,HLS,AllPub,Corner,Gtl,StoneBr,Norm,Norm,1Fam,1Story,9,5,2005,2006,Hip,CompShg,VinylSd,VinylSd,Stone,200.0,Gd,TA,PConc,Ex,TA,Gd,GLQ,1249.0,Unf,0.0,673.0,1922.0,GasA,Ex,Y,SBrkr,1922,0,0,1.0,0.0,2,0,3,1,Gd,8,Typ,1,Gd,Attchd,2005.0,Fin,3.0,676.0,TA,TA,Y,178,51,0,0,0,0,,,,0,7,2007,WD ,Normal
338,214000,1536,20,RL,70.0,9135,Pave,,Reg,Lvl,AllPub,Inside,Gtl,CollgCr,Norm,Norm,1Fam,1Story,7,5,2002,2003,Gable,CompShg,VinylSd,VinylSd,BrkFace,113.0,Gd,TA,PConc,Gd,TA,Av,GLQ,810.0,Unf,0.0,726.0,1536.0,GasA,Ex,Y,SBrkr,1536,0,0,1.0,0.0,2,0,3,1,Gd,7,Typ,0,,Attchd,2002.0,RFn,2.0,532.0,TA,TA,Y,192,74,0,0,0,0,,,,0,12,2008,WD ,Normal
339,202500,1621,20,RL,91.0,14145,Pave,,Reg,Lvl,AllPub,Corner,Gtl,NWAmes,Norm,Norm,1Fam,1Story,7,7,1984,1998,Gable,CompShg,Wd Sdng,Wd Sdng,None,0.0,Gd,TA,CBlock,Gd,TA,Mn,ALQ,213.0,Unf,0.0,995.0,1208.0,GasA,Ex,Y,SBrkr,1621,0,0,1.0,0.0,2,0,3,1,Gd,8,Typ,0,,Attchd,1984.0,RFn,2.0,440.0,TA,TA,Y,108,45,0,0,0,0,,,Shed,400,5,2006,WD ,Normal
340,155000,1215,20,RL,66.0,12400,Pave,,IR1,Lvl,AllPub,Inside,Gtl,NAmes,Feedr,Norm,1Fam,1Story,6,7,1958,1998,Hip,CompShg,Wd Sdng,Wd Sdng,BrkFace,176.0,TA,TA,CBlock,TA,Fa,No,Rec,585.0,Unf,0.0,630.0,1215.0,GasA,TA,Y,FuseA,1215,0,0,0.0,0.0,1,0,3,1,TA,6,Typ,0,,Attchd,1958.0,Unf,1.0,297.0,TA,TA,Y,0,0,0,0,234,0,,,,0,6,2009,WD ,Normal
341,202900,1908,60,RL,85.0,14191,Pave,,Reg,Lvl,AllPub,Inside,Gtl,Timber,Norm,Norm,1Fam,2Story,8,5,2002,2002,Gable,CompShg,VinylSd,VinylSd,None,0.0,Gd,TA,PConc,Gd,TA,No,Unf,0.0,Unf,0.0,967.0,967.0,GasA,Ex,Y,SBrkr,993,915,0,0.0,0.0,2,1,4,1,Gd,9,Typ,0,,Attchd,2002.0,Fin,2.0,431.0,TA,TA,Y,135,0,0,0,0,0,,,,0,4,2010,WD ,Normal
342,82000,841,20,RH,60.0,8400,Pave,,Reg,Lvl,AllPub,Inside,Gtl,SawyerW,Feedr,Norm,1Fam,1Story,4,4,1950,1950,Gable,CompShg,Wd Sdng,AsbShng,None,0.0,Fa,Fa,CBlock,TA,Fa,No,Unf,0.0,Unf,0.0,721.0,721.0,GasA,Gd,Y,SBrkr,841,0,0,0.0,0.0,1,0,2,1,TA,4,Typ,0,,CarPort,1950.0,Unf,1.0,294.0,TA,TA,N,250,0,24,0,0,0,,,,0,9,2009,WD ,Normal
343,87500,1040,90,RL,,8544,Pave,,Reg,Lvl,AllPub,Inside,Gtl,NAmes,Norm,Norm,Duplex,1Story,3,4,1949,1950,Gable,CompShg,Stucco,Stucco,BrkFace,340.0,TA,TA,Slab,,,,,0.0,,0.0,0.0,0.0,Wall,Fa,N,FuseA,1040,0,0,0.0,0.0,2,0,2,2,TA,6,Typ,0,,Detchd,1949.0,Unf,2.0,400.0,TA,TA,Y,0,0,0,0,0,0,,,,0,5,2006,WD ,Normal
344,266000,1684,120,RL,63.0,8849,Pave,,IR1,Lvl,AllPub,Inside,Gtl,NridgHt,Norm,Norm,TwnhsE,1Story,9,5,2005,2005,Hip,CompShg,MetalSd,MetalSd,BrkFace,616.0,Ex,TA,PConc,Ex,TA,No,GLQ,28.0,Unf,0.0,1656.0,1684.0,GasA,Ex,Y,SBrkr,1684,0,0,0.0,0.0,2,0,2,1,Ex,6,Typ,1,Ex,Attchd,2005.0,RFn,2.0,564.0,TA,TA,Y,495,72,0,0,0,0,,,,0,7,2008,WD ,Normal
345,85000,1112,160,RM,36.0,2592,Pave,,Reg,Lvl,AllPub,Inside,Gtl,MeadowV,Norm,Norm,TwnhsE,2Story,5,3,1976,1976,Gable,CompShg,CemntBd,CmentBd,None,0.0,TA,TA,CBlock,Gd,TA,No,Rec,129.0,BLQ,232.0,175.0,536.0,GasA,TA,Y,SBrkr,536,576,0,0.0,0.0,1,1,3,1,TA,4,Typ,0,,Attchd,1976.0,Unf,1.0,336.0,TA,TA,Y,182,0,0,0,0,0,,,,0,4,2010,WD ,Normal
346,140200,1577,50,RL,65.0,6435,Pave,,Reg,Lvl,AllPub,Inside,Gtl,BrkSide,RRAn,Norm,1Fam,1.5Fin,6,5,1939,1950,Gable,CompShg,MetalSd,MetalSd,None,0.0,TA,TA,BrkTil,TA,TA,No,Unf,0.0,Unf,0.0,972.0,972.0,GasA,Gd,Y,SBrkr,972,605,0,0.0,0.0,1,0,3,1,Fa,6,Typ,1,Gd,Detchd,1939.0,Unf,1.0,312.0,TA,TA,Y,0,0,0,0,0,0,,,,0,10,2006,WD ,Normal
347,151500,958,20,RL,,12772,Pave,,IR1,Lvl,AllPub,CulDSac,Gtl,NAmes,Norm,Norm,1Fam,1Story,6,8,1960,1998,Hip,CompShg,MetalSd,MetalSd,None,0.0,TA,Gd,CBlock,TA,TA,Mn,BLQ,498.0,Unf,0.0,460.0,958.0,GasA,TA,Y,SBrkr,958,0,0,0.0,0.0,1,0,2,1,TA,5,Typ,0,,Attchd,1960.0,RFn,1.0,301.0,TA,TA,Y,0,0,0,0,0,0,,,Gar2,15500,4,2007,WD ,Normal
348,157500,1478,20,RL,,17600,Pave,,IR1,Lvl,AllPub,Inside,Gtl,NAmes,Norm,Norm,1Fam,1Story,6,5,1960,1960,Gable,CompShg,Wd Sdng,Wd Sdng,BrkFace,30.0,TA,TA,CBlock,TA,TA,No,BLQ,1270.0,Unf,0.0,208.0,1478.0,GasA,Ex,Y,FuseA,1478,0,0,1.0,0.0,2,0,3,1,TA,6,Typ,2,Gd,Attchd,1960.0,Unf,2.0,498.0,TA,TA,Y,0,40,0,0,0,0,,,,0,12,2009,WD ,Normal
349,154000,1626,160,RL,36.0,2448,Pave,,Reg,Lvl,AllPub,Inside,Gtl,NridgHt,Norm,Norm,Twnhs,2Story,7,5,2003,2004,Gable,CompShg,VinylSd,Wd Shng,Stone,106.0,Gd,TA,PConc,Gd,TA,No,GLQ,573.0,Unf,0.0,191.0,764.0,GasA,Ex,Y,SBrkr,764,862,0,1.0,0.0,2,1,2,1,Gd,6,Typ,0,,BuiltIn,2003.0,RFn,2.0,474.0,TA,TA,Y,0,27,0,0,0,0,,,,0,10,2008,WD ,Normal
350,437154,2728,60,RL,56.0,20431,Pave,,IR2,Lvl,AllPub,Inside,Gtl,NridgHt,Norm,Norm,1Fam,2Story,9,5,2005,2006,Hip,CompShg,CemntBd,CmentBd,BrkFace,870.0,Ex,TA,PConc,Ex,TA,No,GLQ,1410.0,Unf,0.0,438.0,1848.0,GasA,Ex,Y,SBrkr,1848,880,0,1.0,0.0,2,1,4,1,Ex,10,Typ,2,Ex,Attchd,2006.0,Fin,3.0,706.0,TA,TA,Y,0,0,0,0,0,0,,,,0,4,2006,New,Partial
351,318061,1869,120,RL,68.0,7820,Pave,,IR1,Lvl,AllPub,Inside,Gtl,NridgHt,Norm,Norm,TwnhsE,1Story,9,5,2007,2007,Hip,CompShg,MetalSd,MetalSd,BrkFace,362.0,Ex,TA,PConc,Ex,TA,No,Unf,0.0,Unf,0.0,1869.0,1869.0,GasA,Ex,Y,SBrkr,1869,0,0,0.0,0.0,2,0,2,1,Ex,6,Typ,1,Gd,Attchd,2007.0,RFn,2.0,617.0,TA,TA,Y,210,54,0,0,0,0,,,,0,12,2007,New,Partial
352,190000,1453,120,RL,,5271,Pave,,IR1,Low,AllPub,Inside,Mod,ClearCr,Norm,Norm,1Fam,1Story,7,5,1986,1986,Gable,CompShg,Wd Sdng,Wd Sdng,None,0.0,TA,TA,PConc,Gd,TA,Gd,GLQ,1082.0,Unf,0.0,371.0,1453.0,GasA,Gd,Y,SBrkr,1453,0,0,1.0,0.0,1,1,2,1,Gd,6,Typ,1,TA,Attchd,1986.0,RFn,2.0,445.0,TA,TA,Y,0,80,0,0,184,0,,,,0,12,2006,WD ,Abnorml
353,95000,1111,50,RL,60.0,9084,Pave,,Reg,Lvl,AllPub,Inside,Gtl,Edwards,Artery,Norm,1Fam,1.5Fin,5,6,1941,1950,Gable,CompShg,VinylSd,VinylSd,None,0.0,TA,TA,CBlock,TA,Fa,Mn,LwQ,236.0,Rec,380.0,0.0,616.0,GasA,TA,N,SBrkr,616,495,0,0.0,1.0,1,0,3,1,TA,5,Typ,0,,Detchd,1941.0,Unf,1.0,200.0,TA,Fa,Y,48,0,0,0,0,0,,,,0,3,2008,ConLw,Normal
354,105900,720,30,RM,60.0,8520,Pave,,Reg,Lvl,AllPub,Inside,Gtl,OldTown,Norm,Norm,1Fam,1Story,6,8,1928,2003,Gable,CompShg,VinylSd,VinylSd,None,0.0,TA,Gd,BrkTil,TA,TA,No,Unf,0.0,Unf,0.0,624.0,624.0,GasA,Gd,Y,SBrkr,720,0,0,0.0,0.0,1,0,2,1,TA,5,Typ,0,,Detchd,2005.0,Unf,2.0,484.0,TA,TA,Y,106,0,0,0,0,0,,,,0,5,2010,WD ,Normal
355,140000,1595,50,RL,60.0,8400,Pave,,Reg,Bnk,AllPub,Inside,Gtl,SWISU,Norm,Norm,1Fam,1.5Fin,6,5,1940,2000,Gable,CompShg,Wd Sdng,MetalSd,None,0.0,TA,TA,CBlock,TA,TA,No,LwQ,388.0,Unf,0.0,552.0,940.0,GasA,Ex,Y,SBrkr,1192,403,0,0.0,0.0,1,0,2,1,TA,6,Typ,2,Gd,Attchd,1940.0,Unf,1.0,240.0,TA,TA,Y,0,0,108,0,0,0,,,,0,6,2006,WD ,Normal
356,177500,1200,20,RL,105.0,11249,Pave,,IR2,Lvl,AllPub,Inside,Gtl,CollgCr,Norm,Norm,1Fam,1Story,6,5,1995,1995,Gable,CompShg,VinylSd,VinylSd,None,0.0,Gd,Gd,PConc,Gd,Gd,No,ALQ,334.0,BLQ,544.0,322.0,1200.0,GasA,Ex,Y,SBrkr,1200,0,0,1.0,0.0,2,0,3,1,Gd,6,Typ,0,,Attchd,1995.0,RFn,2.0,521.0,TA,TA,Y,0,26,0,0,0,0,,,,0,8,2007,WD ,Normal
357,173000,1167,20,RL,,9248,Pave,,IR1,Lvl,AllPub,Inside,Gtl,Gilbert,Norm,Norm,1Fam,1Story,6,6,1992,1992,Gable,CompShg,HdBoard,HdBoard,BrkFace,106.0,TA,TA,PConc,Gd,TA,No,GLQ,560.0,Unf,0.0,598.0,1158.0,GasA,Gd,Y,SBrkr,1167,0,0,1.0,0.0,2,0,3,1,Gd,6,Typ,0,,Attchd,1992.0,RFn,2.0,400.0,TA,TA,Y,120,26,0,0,0,0,,,,0,7,2009,WD ,Normal
358,134000,1142,120,RM,44.0,4224,Pave,,Reg,Lvl,AllPub,Inside,Gtl,MeadowV,Norm,Norm,TwnhsE,1Story,5,5,1976,1976,Gable,CompShg,CemntBd,CmentBd,None,0.0,TA,TA,PConc,Gd,TA,No,ALQ,874.0,Unf,0.0,268.0,1142.0,GasA,TA,Y,SBrkr,1142,0,0,1.0,0.0,1,1,3,1,TA,6,Typ,1,Po,Attchd,1976.0,Fin,2.0,528.0,TA,TA,Y,536,90,0,0,0,0,,MnPrv,,0,8,2007,WD ,Normal
359,130000,1352,80,RL,92.0,6930,Pave,,IR1,Lvl,AllPub,Inside,Gtl,ClearCr,Norm,Norm,1Fam,SLvl,5,4,1958,1958,Hip,CompShg,Wd Sdng,ImStucc,BrkFace,120.0,TA,TA,CBlock,TA,TA,Av,BLQ,300.0,Rec,294.0,468.0,1062.0,GasA,Ex,Y,FuseF,1352,0,0,0.0,1.0,1,0,3,1,Gd,6,Min2,0,,BuiltIn,1958.0,Unf,1.0,288.0,TA,TA,Y,168,0,294,0,0,0,,,,0,7,2006,WD ,Abnorml
360,280000,1924,60,RL,78.0,12011,Pave,,IR1,Lvl,AllPub,CulDSac,Gtl,NoRidge,Norm,Norm,1Fam,2Story,8,5,1998,1998,Gable,CompShg,VinylSd,VinylSd,BrkFace,530.0,Gd,TA,PConc,Gd,TA,Av,GLQ,956.0,Unf,0.0,130.0,1086.0,GasA,Ex,Y,SBrkr,1086,838,0,1.0,0.0,2,1,3,1,Gd,7,Typ,1,TA,Attchd,1998.0,RFn,2.0,592.0,TA,TA,Y,208,75,0,0,374,0,,,,0,6,2006,WD ,Normal
361,156000,912,85,RL,,7540,Pave,,IR1,Lvl,AllPub,CulDSac,Gtl,Mitchel,Norm,Norm,1Fam,SFoyer,6,6,1978,1978,Gable,CompShg,VinylSd,VinylSd,None,0.0,TA,TA,CBlock,Gd,TA,Av,GLQ,773.0,Unf,0.0,115.0,888.0,GasA,Ex,Y,SBrkr,912,0,0,1.0,0.0,1,0,2,1,TA,5,Typ,1,TA,Attchd,1978.0,RFn,2.0,470.0,TA,TA,Y,0,0,0,0,192,0,,MnPrv,,0,6,2007,WD ,Normal
362,145000,1505,50,RL,,9144,Pave,Pave,Reg,Lvl,AllPub,Inside,Gtl,BrkSide,Norm,Norm,1Fam,1.5Fin,5,5,1940,1982,Gable,CompShg,MetalSd,MetalSd,None,0.0,TA,TA,CBlock,TA,TA,No,Rec,399.0,Unf,0.0,484.0,883.0,GasA,Gd,Y,SBrkr,988,517,0,1.0,0.0,1,0,3,1,TA,8,Typ,0,,Detchd,1940.0,Unf,1.0,240.0,TA,TA,N,0,0,0,0,0,0,,,,0,7,2008,WD ,Normal
363,198500,1922,85,RL,64.0,7301,Pave,,Reg,Lvl,AllPub,Corner,Gtl,Edwards,Norm,Norm,1Fam,SFoyer,7,5,2003,2003,Gable,CompShg,HdBoard,HdBoard,BrkFace,500.0,Gd,TA,Slab,,,,,0.0,,0.0,0.0,0.0,GasA,Ex,Y,SBrkr,495,1427,0,0.0,0.0,3,0,4,1,Gd,7,Typ,1,Ex,BuiltIn,2003.0,RFn,2.0,672.0,TA,TA,Y,0,0,177,0,0,0,,,,0,7,2009,ConLD,Normal
364,118000,987,160,RM,21.0,1680,Pave,,Reg,Lvl,AllPub,Inside,Gtl,BrDale,Norm,Norm,Twnhs,2Story,6,8,1972,2007,Gable,CompShg,HdBoard,HdBoard,BrkFace,510.0,TA,TA,CBlock,TA,TA,No,ALQ,162.0,Unf,0.0,321.0,483.0,GasA,Gd,Y,SBrkr,483,504,0,0.0,0.0,1,1,2,1,Gd,5,Typ,0,,Detchd,1972.0,Unf,1.0,264.0,TA,TA,Y,250,0,0,0,0,0,,,,0,5,2009,WD ,Normal
365,190000,1574,60,RL,,18800,Pave,,IR1,Lvl,AllPub,FR2,Gtl,NWAmes,Norm,Norm,1Fam,2Story,6,5,1976,1976,Gable,CompShg,HdBoard,HdBoard,BrkFace,120.0,TA,TA,PConc,Gd,TA,Mn,GLQ,712.0,Unf,0.0,84.0,796.0,GasA,TA,Y,SBrkr,790,784,0,1.0,0.0,2,1,3,1,TA,6,Typ,1,TA,Attchd,1976.0,Fin,2.0,566.0,TA,TA,Y,306,111,0,0,0,0,,,,0,7,2006,WD ,Normal
366,147000,1344,70,RM,59.0,10690,Pave,,Reg,Lvl,AllPub,Inside,Gtl,IDOTRR,Norm,Norm,1Fam,2Story,5,7,1920,1997,Hip,CompShg,VinylSd,VinylSd,None,0.0,TA,Gd,CBlock,TA,Fa,No,Rec,456.0,Unf,0.0,216.0,672.0,GasA,Gd,Y,FuseA,672,672,0,0.0,0.0,1,0,3,1,TA,6,Typ,0,,Detchd,1964.0,Unf,1.0,468.0,TA,Fa,Y,0,128,218,0,0,0,,,,0,7,2009,WD ,Normal
367,159000,1394,20,RL,,9500,Pave,,IR1,Lvl,AllPub,Inside,Gtl,NAmes,Norm,Norm,1Fam,1Story,6,5,1963,1963,Gable,CompShg,Plywood,Plywood,BrkFace,247.0,TA,TA,CBlock,Gd,TA,No,BLQ,609.0,Unf,0.0,785.0,1394.0,GasA,Gd,Y,SBrkr,1394,0,0,1.0,0.0,1,1,3,1,TA,6,Typ,2,Gd,Attchd,1963.0,RFn,2.0,514.0,TA,TA,Y,0,76,0,0,185,0,,,,0,7,2009,WD ,Normal
368,165000,1431,80,RL,101.0,9150,Pave,,IR1,Lvl,AllPub,Corner,Gtl,NAmes,Norm,Norm,1Fam,SLvl,6,5,1962,1962,Gable,Tar&Grv,Plywood,Plywood,BrkFace,305.0,TA,TA,CBlock,Gd,TA,Gd,GLQ,371.0,Unf,0.0,728.0,1099.0,GasA,Gd,Y,SBrkr,1431,0,0,0.0,1.0,1,0,3,1,TA,6,Typ,1,Gd,Basment,1962.0,RFn,1.0,296.0,TA,TA,Y,64,110,0,0,0,0,,,,0,12,2008,WD ,Normal
369,132000,1268,20,RL,78.0,7800,Pave,,Reg,Lvl,AllPub,Inside,Gtl,NAmes,Norm,Norm,1Fam,1Story,5,6,1954,1954,Gable,CompShg,HdBoard,HdBoard,BrkFace,200.0,TA,TA,PConc,TA,TA,No,LwQ,540.0,Unf,0.0,728.0,1268.0,GasA,Gd,Y,SBrkr,1268,0,0,0.0,0.0,1,0,2,1,TA,7,Typ,1,Gd,Attchd,1954.0,Fin,1.0,244.0,TA,TA,Y,0,98,0,0,0,0,,,,0,3,2010,WD ,Normal
370,162000,1287,20,RL,,9830,Pave,,IR1,Lvl,AllPub,Corner,Gtl,NAmes,Norm,Norm,1Fam,1Story,5,7,1959,2006,Gable,CompShg,Wd Sdng,Wd Sdng,None,0.0,TA,Gd,CBlock,TA,TA,No,ALQ,72.0,Rec,258.0,733.0,1063.0,GasA,Ex,Y,SBrkr,1287,0,0,1.0,0.0,1,0,3,1,Gd,7,Typ,1,Gd,Detchd,1997.0,Fin,2.0,576.0,TA,TA,Y,364,17,0,0,182,0,,,,0,3,2010,WD ,Normal
371,172400,1664,60,RL,,8121,Pave,,IR1,Lvl,AllPub,Inside,Gtl,Gilbert,Norm,Norm,1Fam,2Story,6,5,2000,2000,Gable,CompShg,VinylSd,VinylSd,None,0.0,TA,TA,PConc,Gd,TA,No,Unf,0.0,Unf,0.0,953.0,953.0,GasA,Ex,Y,SBrkr,953,711,0,0.0,0.0,2,1,3,1,TA,7,Typ,1,TA,Attchd,2000.0,RFn,2.0,460.0,TA,TA,Y,100,40,0,0,0,0,,,,0,1,2006,WD ,Normal
372,134432,1588,50,RL,80.0,17120,Pave,,Reg,Lvl,AllPub,Inside,Gtl,ClearCr,Feedr,Norm,1Fam,1.5Fin,4,4,1959,1959,Gable,CompShg,WdShing,Plywood,None,0.0,TA,TA,CBlock,,,,,0.0,,0.0,0.0,0.0,GasA,TA,Y,SBrkr,1120,468,0,0.0,0.0,2,0,4,1,TA,7,Min2,1,Gd,Detchd,1991.0,Fin,2.0,680.0,TA,TA,N,0,59,0,0,0,0,,,,0,7,2008,WD ,Normal
373,125000,752,120,RL,50.0,7175,Pave,,Reg,Lvl,AllPub,Inside,Gtl,SawyerW,Norm,Norm,TwnhsE,1Story,6,5,1984,1984,Gable,CompShg,Plywood,Plywood,None,0.0,TA,TA,CBlock,Gd,TA,No,ALQ,623.0,LwQ,121.0,0.0,744.0,GasA,TA,Y,SBrkr,752,0,0,1.0,0.0,1,0,2,1,TA,4,Typ,0,,Attchd,1984.0,Unf,1.0,264.0,TA,TA,Y,353,0,0,0,90,0,,MnPrv,,0,2,2010,WD ,Normal
374,123000,1319,20,RL,79.0,10634,Pave,,Reg,Lvl,AllPub,Inside,Gtl,NAmes,Norm,Norm,1Fam,1Story,5,6,1953,1953,Gable,CompShg,MetalSd,MetalSd,None,0.0,TA,TA,PConc,TA,TA,No,BLQ,428.0,LwQ,180.0,0.0,608.0,GasA,TA,Y,SBrkr,1319,0,0,1.0,0.0,1,0,3,1,TA,5,Min2,0,,Attchd,1953.0,Unf,1.0,270.0,TA,TA,Y,66,0,0,0,0,0,,GdWo,,0,11,2009,WD ,Normal
375,219500,1928,60,RL,65.0,8200,Pave,,Reg,Lvl,AllPub,Inside,Gtl,CollgCr,Norm,Norm,1Fam,2Story,7,5,2003,2004,Gable,CompShg,VinylSd,VinylSd,None,0.0,Gd,TA,PConc,Gd,TA,No,Unf,0.0,Unf,0.0,847.0,847.0,GasA,Ex,Y,SBrkr,847,1081,0,0.0,0.0,2,1,4,1,Gd,8,Typ,1,Gd,BuiltIn,2003.0,Fin,2.0,434.0,TA,TA,Y,100,48,0,0,0,0,,,,0,7,2007,WD ,Normal
376,61000,904,30,RL,,10020,Pave,,IR1,Low,AllPub,Inside,Sev,Edwards,Norm,Norm,1Fam,1Story,1,1,1922,1950,Gable,CompShg,Wd Sdng,Wd Sdng,None,0.0,Fa,Fa,BrkTil,Fa,Po,Gd,BLQ,350.0,Unf,0.0,333.0,683.0,GasA,Gd,N,FuseA,904,0,0,1.0,0.0,0,1,1,1,Fa,4,Maj1,0,,,,,0.0,0.0,,,Y,0,0,0,0,0,0,,,,0,3,2009,WD ,Normal
377,148000,914,85,RL,57.0,8846,Pave,,IR1,Lvl,AllPub,CulDSac,Gtl,CollgCr,Norm,Norm,1Fam,SFoyer,5,5,1996,1996,Gable,CompShg,VinylSd,VinylSd,None,0.0,Gd,TA,PConc,Gd,TA,Av,GLQ,298.0,Unf,0.0,572.0,870.0,GasA,Ex,Y,SBrkr,914,0,0,0.0,0.0,1,0,2,1,TA,5,Typ,0,,Detchd,1998.0,Unf,2.0,576.0,TA,TA,Y,0,0,0,0,0,0,,,,0,7,2006,WD ,Normal
378,340000,2466,60,FV,102.0,11143,Pave,,IR1,Lvl,AllPub,Corner,Gtl,Somerst,Norm,Norm,1Fam,2Story,8,5,2004,2005,Gable,CompShg,CemntBd,CmentBd,None,0.0,Gd,TA,PConc,Gd,TA,No,Unf,0.0,Unf,0.0,1580.0,1580.0,GasA,Ex,Y,SBrkr,1580,886,0,0.0,0.0,3,0,4,1,Gd,8,Typ,1,Gd,Attchd,2004.0,RFn,2.0,610.0,TA,TA,Y,159,214,0,0,0,0,,,,0,12,2007,WD ,Normal
379,394432,1856,20,RL,88.0,11394,Pave,,Reg,Lvl,AllPub,Corner,Gtl,StoneBr,Norm,Norm,1Fam,1Story,9,2,2010,2010,Hip,CompShg,VinylSd,VinylSd,Stone,350.0,Gd,TA,PConc,Ex,TA,Av,GLQ,1445.0,Unf,0.0,411.0,1856.0,GasA,Ex,Y,SBrkr,1856,0,0,1.0,0.0,1,1,1,1,Ex,8,Typ,1,Ex,Attchd,2010.0,Fin,3.0,834.0,TA,TA,Y,113,0,0,0,0,0,,,,0,6,2010,New,Partial
380,179000,1800,60,RL,60.0,8123,Pave,,IR1,Lvl,AllPub,Inside,Gtl,Gilbert,RRAn,Norm,1Fam,2Story,6,5,2000,2000,Gable,CompShg,VinylSd,VinylSd,BrkFace,16.0,TA,TA,PConc,Gd,TA,No,Unf,0.0,Unf,0.0,982.0,982.0,GasA,Ex,Y,SBrkr,1007,793,0,0.0,0.0,2,1,3,1,TA,7,Typ,1,TA,Attchd,2000.0,Fin,2.0,463.0,TA,TA,Y,100,63,0,0,0,0,,,,0,6,2009,WD ,Normal
381,127000,1691,50,RL,50.0,5000,Pave,Pave,Reg,Lvl,AllPub,Inside,Gtl,SWISU,Norm,Norm,1Fam,1.5Fin,5,6,1924,1950,Gable,CompShg,BrkFace,Wd Sdng,None,0.0,TA,TA,BrkTil,TA,TA,No,LwQ,218.0,Unf,0.0,808.0,1026.0,GasA,TA,Y,SBrkr,1026,665,0,0.0,0.0,2,0,3,1,Gd,6,Typ,1,Gd,Detchd,1924.0,Unf,1.0,308.0,TA,TA,Y,0,0,242,0,0,0,,,,0,5,2010,WD ,Normal
382,187750,1301,20,FV,60.0,7200,Pave,Pave,Reg,Lvl,AllPub,Inside,Gtl,Somerst,Norm,Norm,1Fam,1Story,7,5,2006,2006,Gable,CompShg,VinylSd,VinylSd,None,0.0,Gd,TA,PConc,Gd,Gd,No,Unf,0.0,Unf,0.0,1293.0,1293.0,GasA,Ex,Y,SBrkr,1301,0,0,1.0,0.0,2,0,2,1,Gd,5,Typ,1,Gd,Attchd,2006.0,RFn,2.0,572.0,TA,TA,Y,216,121,0,0,0,0,,,,0,8,2006,New,Partial
383,213500,1797,60,RL,79.0,9245,Pave,,IR1,Lvl,AllPub,Inside,Gtl,CollgCr,Norm,Norm,1Fam,2Story,7,5,2006,2006,Gable,CompShg,VinylSd,VinylSd,None,0.0,Gd,TA,PConc,Gd,TA,Av,Unf,0.0,Unf,0.0,939.0,939.0,GasA,Ex,Y,SBrkr,939,858,0,0.0,0.0,2,1,3,1,Gd,8,Typ,0,,Attchd,2006.0,RFn,2.0,639.0,TA,TA,Y,144,53,0,0,0,0,,,,0,4,2007,WD ,Normal
384,76000,784,45,RH,60.0,9000,Pave,,Reg,Lvl,AllPub,Corner,Gtl,SawyerW,Norm,Norm,1Fam,1.5Unf,6,3,1928,1950,Gable,CompShg,Wd Sdng,Wd Sdng,None,0.0,TA,TA,BrkTil,Fa,Fa,No,Unf,0.0,Unf,0.0,784.0,784.0,GasA,TA,N,FuseA,784,0,0,0.0,0.0,1,0,2,1,TA,5,Typ,0,,Detchd,1950.0,Unf,2.0,360.0,Fa,Fa,N,0,0,91,0,0,0,,,,0,10,2009,WD ,Normal
385,240000,1953,60,RL,,53107,Pave,,IR2,Low,AllPub,Corner,Mod,ClearCr,Feedr,Norm,1Fam,2Story,6,5,1992,1992,Gable,CompShg,HdBoard,HdBoard,None,0.0,Gd,TA,PConc,Gd,TA,Av,GLQ,985.0,Unf,0.0,595.0,1580.0,GasA,Ex,Y,SBrkr,1079,874,0,1.0,0.0,2,1,3,1,Gd,9,Typ,2,Fa,Attchd,1992.0,Fin,2.0,501.0,TA,TA,Y,216,231,0,0,0,0,,,,0,6,2007,WD ,Normal
386,192000,1269,120,RL,43.0,3182,Pave,,Reg,Lvl,AllPub,Inside,Gtl,Blmngtn,Norm,Norm,TwnhsE,1Story,8,5,2004,2005,Gable,CompShg,VinylSd,VinylSd,BrkFace,16.0,Gd,TA,PConc,Gd,TA,No,GLQ,24.0,Unf,0.0,1232.0,1256.0,GasA,Ex,Y,SBrkr,1269,0,0,0.0,0.0,2,0,2,1,Gd,6,Typ,1,TA,Attchd,2004.0,Fin,2.0,430.0,TA,TA,Y,146,20,0,0,144,0,,,,0,4,2010,WD ,Normal
387,81000,1184,50,RL,58.0,8410,Pave,,Reg,Lvl,AllPub,FR2,Gtl,Edwards,Feedr,Norm,1Fam,1.5Fin,5,3,1910,1996,Gambrel,CompShg,Wd Sdng,VinylSd,None,0.0,TA,Fa,PConc,TA,TA,No,Unf,0.0,Unf,0.0,658.0,658.0,GasA,TA,Y,SBrkr,658,526,0,0.0,0.0,1,0,5,1,TA,8,Typ,0,,,,,0.0,0.0,,,N,0,151,0,0,0,0,,,,0,5,2006,WD ,AdjLand
388,125000,1125,80,RL,72.0,7200,Pave,,Reg,Lvl,AllPub,Inside,Gtl,Edwards,Norm,Norm,1Fam,SLvl,6,6,1976,1976,Hip,CompShg,MetalSd,MetalSd,BrkFace,255.0,TA,TA,CBlock,TA,TA,Av,ALQ,631.0,Unf,0.0,410.0,1041.0,GasA,Ex,Y,SBrkr,1125,0,0,1.0,0.0,1,0,3,1,TA,6,Typ,1,Fa,Detchd,1977.0,Unf,1.0,352.0,TA,TA,Y,296,0,0,0,0,0,,GdWo,,0,10,2009,WD ,Abnorml
389,191000,1479,20,RL,93.0,9382,Pave,,IR1,Lvl,AllPub,CulDSac,Gtl,CollgCr,Norm,Norm,1Fam,1Story,7,5,1999,2000,Gable,CompShg,VinylSd,VinylSd,BrkFace,125.0,Gd,TA,PConc,Gd,TA,No,Unf,0.0,Unf,0.0,1468.0,1468.0,GasA,Ex,Y,SBrkr,1479,0,0,0.0,0.0,2,0,3,1,Gd,6,Typ,0,,Attchd,1999.0,RFn,2.0,577.0,TA,TA,Y,120,25,0,0,0,0,,,,0,7,2008,WD ,Normal
390,426000,2332,60,RL,96.0,12474,Pave,,Reg,Lvl,AllPub,Inside,Gtl,NridgHt,Norm,Norm,1Fam,2Story,10,5,2007,2008,Gable,CompShg,VinylSd,VinylSd,Stone,272.0,Ex,TA,PConc,Ex,TA,Av,GLQ,1280.0,Unf,0.0,402.0,1682.0,GasA,Ex,Y,SBrkr,1742,590,0,1.0,0.0,2,1,3,1,Ex,9,Typ,1,Ex,BuiltIn,2008.0,Fin,3.0,846.0,TA,TA,Y,196,134,0,0,0,0,,,,0,8,2008,New,Partial
391,119000,1367,50,RL,50.0,8405,Pave,Grvl,Reg,Lvl,AllPub,Inside,Gtl,Edwards,Norm,Norm,1Fam,1.5Fin,5,8,1900,1950,Gable,CompShg,MetalSd,MetalSd,None,0.0,TA,TA,BrkTil,TA,Gd,No,Rec,241.0,BLQ,391.0,229.0,861.0,GasA,Ex,Y,SBrkr,961,406,0,1.0,0.0,1,0,4,1,TA,7,Typ,0,,Detchd,1978.0,Unf,1.0,384.0,TA,TA,Y,0,130,112,0,0,0,,MnPrv,,0,4,2008,WD ,Normal
392,215000,1961,60,RL,71.0,12209,Pave,,IR1,Lvl,AllPub,CulDSac,Gtl,Mitchel,Norm,Norm,1Fam,2Story,6,5,2001,2002,Gable,CompShg,VinylSd,VinylSd,None,0.0,TA,TA,PConc,Ex,TA,No,ALQ,690.0,Unf,0.0,114.0,804.0,GasA,Ex,Y,SBrkr,804,1157,0,1.0,0.0,2,1,3,1,Gd,7,Typ,1,TA,BuiltIn,2001.0,Fin,2.0,560.0,TA,TA,Y,125,192,0,0,0,0,,,,0,6,2009,WD ,Normal
393,106500,882,20,RL,,8339,Pave,,IR1,Lvl,AllPub,Inside,Gtl,NAmes,Norm,Norm,1Fam,1Story,5,7,1959,1959,Gable,CompShg,MetalSd,MetalSd,None,0.0,TA,TA,Slab,,,,,0.0,,0.0,0.0,0.0,GasA,TA,Y,SBrkr,882,0,0,0.0,0.0,1,0,3,1,TA,5,Typ,0,,Attchd,1959.0,RFn,1.0,294.0,TA,TA,Y,0,0,0,0,0,0,,MnPrv,Shed,1200,7,2007,WD ,Normal
394,100000,788,30,RL,,7446,Pave,,Reg,Lvl,AllPub,Corner,Gtl,BrkSide,Feedr,Norm,1Fam,1Story,4,5,1941,1950,Gable,CompShg,WdShing,Wd Shng,None,0.0,TA,TA,CBlock,TA,TA,No,Rec,266.0,Unf,0.0,522.0,788.0,GasA,TA,Y,FuseA,788,0,0,0.0,0.0,1,0,2,1,TA,4,Typ,2,TA,,,,0.0,0.0,,,Y,0,0,0,0,0,0,,GdWo,,0,4,2006,WD ,Abnorml
395,109000,1034,50,RL,60.0,10134,Pave,,Reg,Lvl,AllPub,Inside,Gtl,OldTown,Norm,Norm,1Fam,1.5Fin,5,6,1940,1950,Gable,CompShg,MetalSd,MetalSd,None,0.0,TA,TA,CBlock,TA,TA,No,Unf,0.0,Unf,0.0,735.0,735.0,GasA,Gd,Y,FuseA,735,299,0,0.0,0.0,1,0,2,1,TA,5,Typ,0,,Detchd,1940.0,Unf,1.0,240.0,TA,TA,Y,0,39,0,0,0,0,,,,0,7,2007,WD ,Normal
396,129000,1144,20,RL,68.0,9571,Pave,,Reg,Lvl,AllPub,Inside,Gtl,Edwards,Norm,Norm,1Fam,1Story,5,6,1956,1956,Gable,CompShg,Wd Sdng,Wd Sdng,None,0.0,TA,TA,CBlock,TA,TA,Av,BLQ,739.0,Unf,0.0,405.0,1144.0,GasA,TA,Y,SBrkr,1144,0,0,1.0,0.0,1,0,3,1,TA,6,Typ,0,,Attchd,1956.0,Unf,1.0,596.0,TA,TA,Y,44,0,0,0,0,0,,,,0,6,2010,WD ,Normal
397,123000,894,20,RL,60.0,7200,Pave,,Reg,Low,AllPub,Inside,Gtl,CollgCr,Norm,Norm,1Fam,1Story,5,5,1972,1972,Hip,CompShg,MetalSd,MetalSd,None,0.0,TA,TA,CBlock,TA,TA,Av,Rec,777.0,Unf,0.0,117.0,894.0,GasA,TA,Y,SBrkr,894,0,0,0.0,0.0,1,0,2,1,TA,6,Typ,0,,Detchd,1985.0,RFn,2.0,600.0,TA,TA,Y,215,0,0,0,0,0,,,,0,9,2009,WD ,Normal
398,169500,1812,60,RL,69.0,7590,Pave,,Reg,Lvl,AllPub,Inside,Gtl,NAmes,PosN,Norm,1Fam,2Story,5,5,1962,1962,Gable,CompShg,VinylSd,VinylSd,BrkFace,288.0,TA,TA,CBlock,TA,TA,No,ALQ,540.0,Unf,0.0,324.0,864.0,GasA,TA,Y,SBrkr,876,936,0,0.0,0.0,2,0,4,1,TA,8,Typ,1,TA,Attchd,1962.0,RFn,1.0,264.0,TA,TA,Y,0,168,0,0,0,0,,,,0,7,2007,WD ,Normal
399,67000,1077,30,RM,60.0,8967,Pave,,Reg,Lvl,AllPub,Corner,Gtl,IDOTRR,Norm,Norm,1Fam,1Story,5,2,1920,1950,Gable,CompShg,MetalSd,MetalSd,None,0.0,TA,Fa,BrkTil,Fa,Po,No,Unf,0.0,Unf,0.0,961.0,961.0,GasA,Gd,Y,Mix,1077,0,0,0.0,0.0,1,0,2,1,TA,6,Maj2,0,,Detchd,1920.0,Unf,1.0,338.0,Po,Po,N,0,0,0,0,0,0,,,,0,11,2007,WD ,Abnorml
400,241000,1550,60,FV,65.0,8125,Pave,,Reg,Lvl,AllPub,Inside,Gtl,Somerst,Norm,Norm,1Fam,2Story,7,5,2006,2007,Gable,CompShg,CemntBd,CmentBd,Stone,100.0,Gd,TA,PConc,Gd,TA,No,GLQ,812.0,Unf,0.0,280.0,1092.0,GasA,Ex,Y,SBrkr,1112,438,0,1.0,0.0,2,0,2,1,Gd,7,Typ,0,,Attchd,2007.0,Fin,2.0,438.0,TA,TA,Y,0,168,0,0,0,0,,,,0,10,2009,WD ,Normal
401,245500,1288,120,RL,38.0,14963,Pave,,IR2,Lvl,AllPub,Inside,Gtl,Veenker,Norm,Norm,TwnhsE,1Story,8,5,1996,1996,Gable,CompShg,BrkFace,BrkFace,None,0.0,Gd,TA,PConc,Gd,TA,No,GLQ,786.0,Unf,0.0,474.0,1260.0,GasA,Ex,Y,SBrkr,1288,0,0,1.0,0.0,1,1,1,1,Ex,4,Typ,2,Gd,Attchd,1996.0,Fin,2.0,500.0,TA,TA,Y,120,30,0,0,224,0,,,,0,12,2008,WD ,Normal
402,164990,1310,20,RL,65.0,8767,Pave,,IR1,Lvl,AllPub,Inside,Gtl,CollgCr,Norm,Norm,1Fam,1Story,7,5,2005,2005,Gable,CompShg,VinylSd,VinylSd,None,0.0,Gd,TA,PConc,Gd,TA,Av,GLQ,24.0,Unf,0.0,1286.0,1310.0,GasA,Ex,Y,SBrkr,1310,0,0,0.0,0.0,2,0,3,1,Gd,6,Typ,1,Gd,Attchd,2005.0,Fin,2.0,400.0,TA,TA,Y,0,0,0,0,0,0,,,,0,7,2006,New,Partial
403,108000,672,30,RL,60.0,10200,Pave,,Reg,Lvl,AllPub,Inside,Gtl,Sawyer,Norm,Norm,1Fam,1Story,5,8,1940,1997,Gable,CompShg,Wd Sdng,Wd Sdng,None,0.0,TA,TA,PConc,TA,TA,No,Unf,0.0,Unf,0.0,672.0,672.0,GasA,Ex,Y,SBrkr,672,0,0,0.0,0.0,1,0,2,1,TA,4,Typ,0,,Detchd,1940.0,Unf,1.0,240.0,TA,TA,N,168,0,0,0,0,0,,GdPrv,,0,8,2008,WD ,Normal
404,258000,2263,60,RL,93.0,12090,Pave,,Reg,Lvl,AllPub,Corner,Gtl,NoRidge,Norm,Norm,1Fam,2Story,8,5,1998,1998,Hip,CompShg,VinylSd,VinylSd,BrkFace,650.0,Gd,TA,PConc,Gd,TA,No,Unf,0.0,Unf,0.0,1141.0,1141.0,GasA,Gd,Y,SBrkr,1165,1098,0,0.0,0.0,2,1,4,1,Gd,10,Typ,1,TA,BuiltIn,1998.0,Fin,2.0,420.0,TA,TA,Y,144,123,0,0,0,0,,,,0,7,2006,WD ,Abnorml
405,168000,1572,60,RL,,10364,Pave,,IR1,Lvl,AllPub,Inside,Gtl,Gilbert,Norm,Norm,1Fam,2Story,6,5,1995,1996,Gable,CompShg,MetalSd,MetalSd,None,0.0,TA,TA,PConc,Gd,TA,No,Unf,0.0,Unf,0.0,806.0,806.0,GasA,Gd,Y,SBrkr,806,766,0,0.0,0.0,2,1,3,1,TA,7,Typ,1,TA,BuiltIn,1995.0,Fin,2.0,373.0,TA,TA,Y,0,40,0,0,0,0,,,,0,5,2007,WD ,Normal
406,150000,1620,20,RL,,9991,Pave,,IR1,Lvl,AllPub,Corner,Gtl,Sawyer,Feedr,Norm,1Fam,1Story,4,4,1976,1993,Gable,CompShg,Plywood,Plywood,None,0.0,TA,TA,CBlock,TA,TA,No,BLQ,1116.0,Unf,0.0,165.0,1281.0,GasA,Ex,Y,SBrkr,1620,0,0,1.0,0.0,2,0,3,1,TA,8,Min1,1,TA,Attchd,1993.0,Unf,2.0,490.0,TA,TA,Y,120,78,0,0,0,0,,GdWo,,0,6,2009,WD ,Normal
407,115000,1639,50,RL,51.0,10480,Pave,,Reg,Lvl,AllPub,Inside,Gtl,SWISU,Norm,Norm,1Fam,1.5Fin,6,5,1936,1950,Gable,CompShg,MetalSd,MetalSd,None,0.0,TA,TA,BrkTil,TA,TA,No,Unf,0.0,Unf,0.0,1064.0,1064.0,GasA,Ex,Y,FuseA,1166,0,473,0.0,0.0,1,0,3,1,TA,6,Maj2,0,,Detchd,1936.0,Unf,1.0,240.0,TA,TA,Y,0,0,0,0,0,0,,,,0,3,2008,WD ,Normal
408,177000,1680,70,RL,63.0,15576,Pave,,Reg,Lvl,AllPub,Inside,Gtl,Crawfor,Norm,Norm,1Fam,2Story,6,7,1915,1976,Gable,CompShg,Wd Sdng,Plywood,None,0.0,TA,TA,BrkTil,Gd,TA,No,Unf,0.0,Unf,0.0,840.0,840.0,GasA,Ex,Y,SBrkr,840,840,0,0.0,0.0,2,0,4,1,TA,8,Typ,0,,Attchd,1960.0,Unf,1.0,308.0,TA,TA,Y,0,0,160,0,0,0,,,,0,3,2008,WD ,Normal
409,280000,2172,60,RL,109.0,14154,Pave,,Reg,Lvl,AllPub,Corner,Gtl,NridgHt,Norm,Norm,1Fam,2Story,7,5,2006,2006,Gable,CompShg,VinylSd,VinylSd,BrkFace,350.0,Gd,TA,PConc,Ex,Gd,No,Unf,0.0,Unf,0.0,1063.0,1063.0,GasA,Ex,Y,SBrkr,1071,1101,0,0.0,0.0,2,1,3,1,Gd,9,Typ,1,Gd,Attchd,2006.0,RFn,3.0,947.0,TA,TA,Y,192,62,0,0,0,0,,,,0,8,2007,New,Partial
410,339750,2078,60,FV,85.0,10800,Pave,,Reg,Lvl,AllPub,Inside,Gtl,Somerst,Norm,Norm,1Fam,2Story,8,5,2007,2008,Gable,CompShg,VinylSd,VinylSd,Stone,100.0,Gd,TA,PConc,Ex,TA,No,GLQ,789.0,Unf,0.0,245.0,1034.0,GasA,Ex,Y,SBrkr,1050,1028,0,1.0,0.0,2,1,3,1,Ex,8,Typ,1,Gd,Attchd,2008.0,Fin,3.0,836.0,TA,TA,Y,0,102,0,0,0,0,,,,0,4,2008,New,Partial
411,60000,1276,20,RL,68.0,9571,Pave,,Reg,Lvl,AllPub,Inside,Gtl,Edwards,Norm,Norm,1Fam,1Story,5,3,1958,1958,Gable,CompShg,BrkComm,Brk Cmn,None,0.0,TA,Fa,CBlock,TA,Fa,No,Unf,0.0,Unf,0.0,1276.0,1276.0,GasA,TA,Y,FuseA,1276,0,0,0.0,0.0,1,0,3,1,TA,5,Mod,0,,Attchd,1958.0,Unf,1.0,350.0,TA,TA,Y,0,0,0,0,0,0,,,,0,6,2009,COD,Abnorml
412,145000,1056,190,RL,100.0,34650,Pave,,Reg,Bnk,AllPub,Inside,Gtl,Gilbert,Norm,Norm,2fmCon,1Story,5,5,1955,1955,Hip,CompShg,Wd Sdng,Wd Sdng,None,0.0,TA,TA,CBlock,TA,TA,Mn,Rec,1056.0,Unf,0.0,0.0,1056.0,GasA,TA,N,SBrkr,1056,0,0,1.0,0.0,1,0,3,1,TA,5,Typ,0,,Attchd,1955.0,Fin,2.0,572.0,TA,TA,Y,264,0,0,0,0,0,,,,0,1,2006,WD ,Normal
413,222000,1478,20,FV,,4403,Pave,,IR2,Lvl,AllPub,Inside,Gtl,Somerst,Norm,Norm,1Fam,1Story,7,5,2009,2009,Gable,CompShg,MetalSd,MetalSd,Stone,432.0,Ex,TA,PConc,Ex,TA,Av,GLQ,578.0,Unf,0.0,892.0,1470.0,GasA,Ex,Y,SBrkr,1478,0,0,1.0,0.0,2,1,2,1,Gd,7,Typ,1,Gd,Attchd,2009.0,Fin,2.0,484.0,TA,TA,Y,0,144,0,0,0,0,,,,0,6,2010,New,Partial
414,115000,1028,30,RM,56.0,8960,Pave,Grvl,Reg,Lvl,AllPub,Inside,Gtl,OldTown,Artery,Norm,1Fam,1Story,5,6,1927,1950,Gable,CompShg,WdShing,Wd Shng,None,0.0,TA,TA,CBlock,TA,TA,No,Unf,0.0,Unf,0.0,1008.0,1008.0,GasA,Gd,Y,FuseA,1028,0,0,0.0,0.0,1,0,2,1,TA,5,Typ,1,Gd,Detchd,1927.0,Unf,2.0,360.0,TA,TA,Y,0,0,130,0,0,0,,,,0,3,2010,WD ,Normal
415,228000,2097,60,RL,59.0,11228,Pave,,IR2,Lvl,AllPub,CulDSac,Gtl,SawyerW,Norm,Norm,1Fam,2Story,7,5,1993,1993,Gable,CompShg,VinylSd,VinylSd,None,0.0,Gd,TA,PConc,Gd,TA,No,BLQ,50.0,GLQ,531.0,499.0,1080.0,GasA,Ex,Y,SBrkr,1080,1017,0,0.0,1.0,2,1,3,1,Gd,9,Typ,1,TA,Attchd,1993.0,Unf,3.0,678.0,TA,TA,Y,196,187,0,0,0,0,,,,0,12,2008,WD ,Normal
416,181134,1340,20,RL,73.0,8899,Pave,,IR1,Lvl,AllPub,Inside,Gtl,Gilbert,Norm,Norm,1Fam,1Story,7,5,2007,2007,Gable,CompShg,VinylSd,VinylSd,None,0.0,Gd,TA,PConc,Gd,TA,Av,GLQ,24.0,Unf,0.0,1316.0,1340.0,GasA,Ex,Y,SBrkr,1340,0,0,0.0,0.0,2,0,3,1,Gd,6,Typ,0,,Attchd,2007.0,Fin,2.0,396.0,TA,TA,Y,100,30,0,0,0,0,,,,0,8,2007,New,Partial
417,149500,1400,60,RL,74.0,7844,Pave,,Reg,Lvl,AllPub,Inside,Gtl,Sawyer,Norm,Norm,1Fam,2Story,6,7,1978,1978,Hip,CompShg,HdBoard,HdBoard,BrkFace,203.0,TA,TA,CBlock,TA,TA,No,ALQ,209.0,Unf,0.0,463.0,672.0,GasA,TA,Y,SBrkr,672,728,0,0.0,0.0,1,1,3,1,TA,6,Typ,1,TA,Attchd,1978.0,Fin,2.0,440.0,TA,TA,Y,0,0,0,0,0,0,,,,0,3,2006,WD ,Normal
418,239000,2624,70,RL,86.0,22420,Pave,,IR1,Lvl,AllPub,Inside,Gtl,Crawfor,Feedr,Norm,1Fam,2Story,6,6,1918,1950,Hip,CompShg,Wd Sdng,Stucco,None,0.0,TA,TA,BrkTil,Gd,TA,No,BLQ,1128.0,Unf,0.0,242.0,1370.0,GasW,TA,N,FuseA,1370,1254,0,1.0,0.0,2,1,4,1,TA,10,Typ,1,Gd,Detchd,1918.0,Unf,3.0,864.0,TA,TA,N,0,0,0,0,0,0,,,,0,11,2007,WD ,Normal
419,126000,1134,50,RL,60.0,8160,Pave,,Reg,Lvl,AllPub,Inside,Gtl,Edwards,Norm,Norm,1Fam,1.5Fin,5,6,1940,1950,Gable,CompShg,MetalSd,MetalSd,None,0.0,TA,TA,BrkTil,TA,TA,No,ALQ,312.0,Unf,0.0,444.0,756.0,GasA,Fa,N,FuseF,756,378,0,1.0,0.0,1,1,3,1,TA,7,Typ,0,,Detchd,1940.0,Unf,1.0,240.0,TA,TA,P,0,0,0,0,0,0,,,,0,4,2007,WD ,AdjLand
420,142000,1056,20,RL,65.0,8450,Pave,,Reg,Lvl,AllPub,Inside,Gtl,NAmes,Norm,Norm,1Fam,1Story,5,6,1968,1968,Gable,CompShg,VinylSd,VinylSd,None,0.0,TA,TA,CBlock,TA,TA,No,BLQ,775.0,Unf,0.0,281.0,1056.0,GasA,Ex,Y,SBrkr,1056,0,0,1.0,0.0,1,0,3,1,TA,6,Typ,1,Fa,Attchd,1968.0,Unf,1.0,304.0,TA,TA,Y,0,85,184,0,0,0,,,,0,7,2010,WD ,Normal
421,206300,1344,90,RM,78.0,7060,Pave,,Reg,Lvl,AllPub,Inside,Gtl,Mitchel,Norm,Norm,Duplex,SFoyer,7,5,1997,1998,Gable,CompShg,VinylSd,VinylSd,BrkFace,200.0,TA,Gd,PConc,Gd,Gd,Gd,GLQ,1309.0,Unf,0.0,35.0,1344.0,GasA,Ex,Y,SBrkr,1344,0,0,2.0,0.0,2,0,2,2,TA,8,Typ,0,,Attchd,1997.0,Fin,4.0,784.0,TA,TA,Y,0,0,0,0,0,0,,,,0,11,2008,WD ,Alloca
422,215000,1602,20,RL,,16635,Pave,,IR1,Lvl,AllPub,FR2,Gtl,NWAmes,Norm,Norm,1Fam,1Story,6,7,1977,2000,Gable,CompShg,CemntBd,CmentBd,Stone,126.0,Gd,TA,CBlock,Gd,TA,No,ALQ,1246.0,Unf,0.0,356.0,1602.0,GasA,Gd,Y,SBrkr,1602,0,0,0.0,1.0,2,0,3,1,Gd,8,Typ,1,TA,Attchd,1977.0,Fin,2.0,529.0,TA,TA,Y,240,0,0,0,0,0,,,,0,6,2009,WD ,Normal
423,113000,988,20,RL,100.0,21750,Pave,,Reg,HLS,AllPub,Inside,Mod,Mitchel,Artery,Norm,1Fam,1Story,5,5,1954,1954,Hip,CompShg,HdBoard,HdBoard,None,0.0,TA,TA,CBlock,TA,TA,No,Unf,0.0,Unf,0.0,988.0,988.0,GasA,Ex,Y,FuseA,988,0,0,0.0,0.0,1,0,2,1,TA,4,Typ,0,,Attchd,1954.0,RFn,2.0,520.0,TA,TA,N,0,0,0,0,0,0,,,,0,2,2008,WD ,Normal
424,315000,2630,60,RL,80.0,9200,Pave,,Reg,Lvl,AllPub,Inside,Gtl,NoRidge,Norm,Norm,1Fam,2Story,8,5,1998,1998,Gable,CompShg,VinylSd,VinylSd,BrkFace,473.0,Gd,TA,PConc,Gd,TA,No,GLQ,986.0,Unf,0.0,484.0,1470.0,GasA,Gd,Y,SBrkr,1470,1160,0,1.0,0.0,2,1,4,1,Gd,8,Typ,1,TA,Attchd,1998.0,Fin,3.0,696.0,TA,TA,Y,0,66,0,0,0,0,,,,0,6,2008,WD ,Normal
425,139000,1196,20,RL,72.0,9000,Pave,,Reg,Lvl,AllPub,Inside,Gtl,NAmes,Norm,Norm,1Fam,1Story,6,5,1956,1956,Gable,CompShg,Wd Sdng,Wd Sdng,BrkFace,74.0,TA,TA,CBlock,Gd,TA,No,LwQ,616.0,Unf,0.0,580.0,1196.0,GasA,Gd,Y,FuseA,1196,0,0,1.0,0.0,1,0,2,1,TA,6,Typ,1,Gd,Attchd,1956.0,RFn,1.0,297.0,TA,TA,Y,0,44,0,0,0,0,,,,0,5,2008,WD ,Normal
426,135000,1389,60,RM,60.0,3378,Pave,Grvl,Reg,HLS,AllPub,Inside,Gtl,OldTown,Norm,Norm,1Fam,2Story,7,8,1946,1992,Gable,CompShg,HdBoard,HdBoard,None,0.0,TA,Gd,CBlock,TA,TA,No,Unf,0.0,Unf,0.0,651.0,651.0,GasA,Gd,Y,SBrkr,707,682,0,0.0,0.0,1,1,3,1,TA,6,Typ,2,Gd,Detchd,1947.0,Unf,1.0,240.0,TA,TA,P,0,0,126,0,0,0,,,,0,9,2009,WD ,Normal
427,275000,1644,80,RL,,12800,Pave,,Reg,Low,AllPub,Inside,Mod,SawyerW,Norm,Norm,1Fam,SLvl,7,5,1989,1989,Gable,CompShg,Wd Sdng,Wd Sdng,BrkFace,145.0,Gd,TA,PConc,Gd,TA,Gd,GLQ,1518.0,Unf,0.0,0.0,1518.0,GasA,Gd,Y,SBrkr,1644,0,0,1.0,1.0,2,0,2,1,Gd,5,Typ,1,TA,Attchd,1989.0,Fin,2.0,569.0,TA,TA,Y,80,0,0,0,396,0,,,,0,8,2009,WD ,Normal
428,109008,907,20,RL,77.0,8593,Pave,,IR1,Lvl,AllPub,Inside,Gtl,NAmes,Norm,Norm,1Fam,1Story,4,6,1957,1957,Hip,CompShg,MetalSd,MetalSd,None,0.0,TA,TA,CBlock,TA,TA,No,Rec,288.0,Unf,0.0,619.0,907.0,GasA,Ex,Y,SBrkr,907,0,0,0.0,0.0,1,0,3,1,TA,5,Typ,0,,Detchd,1964.0,Unf,1.0,352.0,TA,TA,Y,0,0,0,0,0,0,,,,0,7,2008,WD ,Normal
429,195400,1208,20,RL,64.0,6762,Pave,,Reg,Lvl,AllPub,Inside,Gtl,CollgCr,Norm,Norm,1Fam,1Story,7,5,2007,2007,Gable,CompShg,VinylSd,VinylSd,BrkFace,108.0,Gd,TA,PConc,Gd,TA,No,GLQ,664.0,Unf,0.0,544.0,1208.0,GasA,Ex,Y,SBrkr,1208,0,0,1.0,0.0,2,0,2,1,Gd,6,Typ,0,,Attchd,2007.0,RFn,2.0,628.0,TA,TA,Y,105,54,0,0,0,0,,,,0,9,2007,New,Partial
430,175000,1412,20,RL,130.0,11457,Pave,,IR1,Lvl,AllPub,Corner,Gtl,Timber,Norm,Norm,1Fam,1Story,6,5,1988,1988,Gable,CompShg,HdBoard,HdBoard,None,0.0,TA,TA,CBlock,Gd,TA,Mn,GLQ,1005.0,Unf,0.0,387.0,1392.0,GasA,TA,Y,SBrkr,1412,0,0,1.0,0.0,2,0,3,1,Gd,6,Typ,1,TA,Attchd,1988.0,Unf,2.0,576.0,TA,TA,Y,0,0,169,0,0,0,,,,0,3,2009,WD ,Normal
431,85400,987,160,RM,21.0,1680,Pave,,Reg,Lvl,AllPub,Inside,Gtl,BrDale,Norm,Norm,Twnhs,2Story,6,5,1971,1971,Gable,CompShg,HdBoard,HdBoard,BrkFace,232.0,TA,TA,CBlock,TA,TA,No,ALQ,387.0,Unf,0.0,96.0,483.0,GasA,TA,Y,SBrkr,483,504,0,0.0,0.0,1,1,2,1,TA,4,Typ,0,,Detchd,1971.0,Unf,1.0,264.0,TA,TA,Y,0,0,0,0,0,0,,,,0,7,2008,COD,Abnorml
432,79900,1198,50,RM,60.0,5586,Pave,,IR1,Bnk,AllPub,Inside,Gtl,OldTown,Feedr,Norm,1Fam,1.5Fin,6,7,1920,1998,Gable,CompShg,MetalSd,MetalSd,None,0.0,TA,TA,BrkTil,TA,TA,No,Unf,0.0,Unf,0.0,901.0,901.0,GasA,Gd,Y,SBrkr,1088,110,0,0.0,0.0,1,0,4,1,TA,7,Typ,0,,,,,0.0,0.0,,,N,0,98,0,0,0,0,,MnPrv,,0,9,2008,ConLD,Abnorml
433,122500,1365,160,RM,24.0,1920,Pave,,Reg,Lvl,AllPub,Inside,Gtl,BrDale,Norm,Norm,TwnhsE,2Story,5,5,1971,1971,Gable,CompShg,HdBoard,HdBoard,BrkFace,376.0,TA,TA,CBlock,TA,TA,No,ALQ,471.0,Unf,0.0,294.0,765.0,GasA,Ex,Y,SBrkr,765,600,0,1.0,0.0,1,1,2,1,TA,6,Min1,0,,Detchd,1971.0,Unf,2.0,440.0,TA,TA,Y,240,36,0,0,0,0,,,,0,8,2007,WD ,Normal
434,181000,1604,60,RL,100.0,10839,Pave,,IR1,Lvl,AllPub,Corner,Gtl,Gilbert,Norm,Norm,1Fam,2Story,6,5,1997,1998,Gable,CompShg,VinylSd,VinylSd,None,0.0,TA,TA,PConc,Gd,TA,No,Unf,0.0,Unf,0.0,926.0,926.0,GasA,Ex,Y,SBrkr,926,678,0,0.0,0.0,2,1,3,1,TA,7,Typ,1,TA,Attchd,1997.0,Fin,2.0,470.0,TA,TA,Y,0,36,0,0,0,0,,,,0,7,2008,WD ,Normal
435,81000,630,180,RM,21.0,1890,Pave,,Reg,Lvl,AllPub,Inside,Gtl,MeadowV,Norm,Norm,Twnhs,SFoyer,4,7,1972,1972,Gable,CompShg,CemntBd,CmentBd,None,0.0,TA,Gd,CBlock,Gd,TA,Av,ALQ,495.0,Unf,0.0,135.0,630.0,GasA,Gd,Y,SBrkr,630,0,0,1.0,0.0,1,0,1,1,TA,3,Typ,0,,,,,0.0,0.0,,,Y,88,0,0,0,0,0,,,,0,6,2008,WD ,Normal
436,212000,1661,60,RL,43.0,10667,Pave,,IR2,Lvl,AllPub,CulDSac,Gtl,CollgCr,PosN,Norm,1Fam,2Story,7,6,1996,1996,Gable,CompShg,VinylSd,VinylSd,None,0.0,Gd,TA,PConc,Gd,TA,Av,GLQ,385.0,ALQ,344.0,70.0,799.0,GasA,Ex,Y,SBrkr,827,834,0,1.0,0.0,2,1,3,1,Gd,6,Typ,1,TA,Attchd,1996.0,RFn,2.0,550.0,TA,TA,Y,158,61,0,0,0,0,,,,0,4,2009,ConLw,Normal
437,116000,1118,50,RM,40.0,4400,Pave,,Reg,Lvl,AllPub,Inside,Gtl,OldTown,Norm,Norm,1Fam,1.5Fin,6,8,1920,1950,Gable,CompShg,Stucco,Stucco,None,0.0,TA,TA,BrkTil,Fa,TA,No,Unf,0.0,Unf,0.0,648.0,648.0,GasA,TA,Y,FuseA,734,384,0,0.0,0.0,1,0,2,1,TA,6,Typ,0,,Detchd,1990.0,Unf,2.0,440.0,TA,TA,Y,0,0,0,0,0,0,,,,0,10,2006,WD ,Normal
438,119000,904,45,RM,50.0,6000,Pave,,Reg,Lvl,AllPub,Inside,Gtl,BrkSide,Norm,Norm,1Fam,1.5Unf,6,7,1926,2004,Gable,CompShg,Wd Sdng,Wd Sdng,None,0.0,Gd,TA,PConc,TA,TA,No,Unf,0.0,Unf,0.0,884.0,884.0,GasA,Gd,Y,SBrkr,904,0,0,0.0,0.0,1,0,2,1,TA,4,Typ,0,,Detchd,1926.0,Unf,1.0,180.0,TA,TA,Y,0,0,105,0,0,0,,,,0,1,2009,WD ,Normal
439,90350,694,30,RL,40.0,4280,Pave,,Reg,Lvl,AllPub,Inside,Gtl,Crawfor,Norm,Norm,1Fam,1Story,5,6,1913,2002,Gable,CompShg,WdShing,Stucco,None,0.0,TA,TA,PConc,TA,TA,No,LwQ,365.0,Unf,0.0,75.0,440.0,GasA,TA,N,SBrkr,694,0,0,0.0,0.0,1,0,2,1,Gd,4,Typ,1,Gd,Detchd,1990.0,Unf,1.0,352.0,Gd,TA,P,0,0,34,0,0,0,,MnPrv,,0,3,2007,WD ,Normal
440,110000,1196,50,RL,67.0,12354,Pave,Grvl,Reg,Lvl,AllPub,Corner,Gtl,Edwards,Norm,Norm,1Fam,1.5Fin,6,8,1920,2000,Gable,CompShg,Wd Sdng,Wd Sdng,None,0.0,TA,TA,BrkTil,TA,Fa,Mn,Unf,0.0,Unf,0.0,684.0,684.0,GasA,Gd,Y,SBrkr,684,512,0,0.0,0.0,1,0,3,1,Gd,7,Typ,0,,Detchd,2005.0,Unf,2.0,528.0,TA,TA,Y,0,46,0,0,0,0,,GdPrv,Shed,800,8,2009,ConLI,Normal
441,555000,2402,20,RL,105.0,15431,Pave,,Reg,Lvl,AllPub,Inside,Gtl,NridgHt,Norm,Norm,1Fam,1Story,10,5,2008,2008,Hip,CompShg,VinylSd,VinylSd,Stone,200.0,Ex,TA,PConc,Ex,TA,Gd,GLQ,1767.0,ALQ,539.0,788.0,3094.0,GasA,Ex,Y,SBrkr,2402,0,0,1.0,0.0,2,0,2,1,Ex,10,Typ,2,Gd,Attchd,2008.0,Fin,3.0,672.0,TA,TA,Y,0,72,0,0,170,0,,,,0,4,2009,WD ,Normal
442,118000,1440,90,RL,92.0,12108,Pave,,Reg,Lvl,AllPub,Inside,Gtl,Edwards,Norm,Norm,Duplex,1Story,4,4,1955,1955,Gable,CompShg,VinylSd,VinylSd,BrkFace,270.0,TA,TA,CBlock,TA,TA,No,ALQ,133.0,Unf,0.0,1307.0,1440.0,GasA,TA,N,FuseF,1440,0,0,0.0,0.0,2,0,4,2,Fa,8,Typ,0,,,,,0.0,0.0,,,Y,0,0,0,0,0,0,,,,0,9,2008,WD ,Normal
443,162900,1573,50,RM,52.0,6240,Pave,,Reg,Lvl,AllPub,Inside,Gtl,BrkSide,Norm,Norm,1Fam,1.5Fin,5,7,1930,1992,Gable,CompShg,MetalSd,MetalSd,None,0.0,TA,TA,PConc,TA,TA,No,Unf,0.0,Unf,0.0,1078.0,1078.0,GasA,TA,Y,SBrkr,1128,445,0,0.0,0.0,2,0,3,1,TA,8,Typ,1,Gd,Detchd,1930.0,Unf,2.0,360.0,TA,TA,P,0,0,0,0,0,0,,,,0,6,2008,WD ,Normal
444,172500,1258,120,RL,53.0,3922,Pave,,Reg,Lvl,AllPub,Inside,Gtl,Blmngtn,Norm,Norm,TwnhsE,1Story,7,5,2006,2007,Gable,CompShg,WdShing,Wd Shng,BrkFace,72.0,Gd,TA,PConc,Ex,TA,Av,Unf,0.0,Unf,0.0,1258.0,1258.0,GasA,Ex,Y,SBrkr,1258,0,0,0.0,0.0,2,0,2,1,Gd,6,Typ,1,Gd,Attchd,2007.0,Fin,3.0,648.0,TA,TA,Y,144,16,0,0,0,0,,,,0,6,2007,New,Partial
445,210000,1908,60,RL,70.0,8750,Pave,,Reg,Lvl,AllPub,Inside,Gtl,CollgCr,Norm,Norm,1Fam,2Story,7,5,1994,1995,Gable,CompShg,VinylSd,VinylSd,None,0.0,Gd,Gd,PConc,Gd,TA,No,GLQ,642.0,Unf,0.0,273.0,915.0,GasA,Ex,Y,SBrkr,933,975,0,1.0,0.0,2,1,4,1,Gd,8,Typ,1,TA,Attchd,1994.0,Unf,2.0,493.0,TA,TA,Y,144,133,0,0,0,0,,,,0,7,2008,WD ,Normal
446,127500,1689,20,RL,73.0,9855,Pave,,Reg,Lvl,AllPub,Corner,Gtl,Edwards,Norm,Norm,1Fam,1Story,6,5,1956,1956,Hip,CompShg,Wd Sdng,Wd Sdng,None,0.0,TA,TA,CBlock,TA,TA,No,Unf,0.0,Unf,0.0,1436.0,1436.0,GasA,Fa,Y,SBrkr,1689,0,0,0.0,0.0,1,0,3,1,TA,7,Typ,1,Gd,Attchd,1956.0,Unf,2.0,480.0,TA,TA,Y,0,0,0,0,0,0,,MnPrv,,0,11,2009,COD,Normal
447,190000,1888,20,RL,137.0,16492,Pave,,IR1,Lvl,AllPub,Corner,Gtl,NAmes,PosA,Norm,1Fam,1Story,6,6,1966,2002,Gable,CompShg,BrkFace,Plywood,None,0.0,Gd,TA,CBlock,TA,TA,No,ALQ,247.0,Rec,713.0,557.0,1517.0,GasA,Ex,Y,SBrkr,1888,0,0,0.0,0.0,2,1,2,1,Gd,6,Mod,1,Gd,Attchd,1966.0,Fin,2.0,578.0,TA,TA,Y,0,0,0,0,0,0,,,,0,6,2010,WD ,Normal
448,199900,1886,60,RL,,11214,Pave,,IR1,Lvl,AllPub,Corner,Gtl,Gilbert,Norm,Norm,1Fam,2Story,7,5,1998,1999,Gable,CompShg,VinylSd,VinylSd,None,0.0,Gd,TA,PConc,Gd,TA,No,Unf,0.0,Unf,0.0,930.0,930.0,GasA,Gd,Y,SBrkr,956,930,0,0.0,0.0,2,1,4,1,Gd,10,Typ,1,TA,Attchd,1998.0,Fin,2.0,431.0,TA,TA,Y,89,0,0,0,0,0,,,,0,7,2006,WD ,Normal
449,119500,1376,50,RM,50.0,8600,Pave,,Reg,Bnk,AllPub,Inside,Gtl,IDOTRR,Norm,Norm,1Fam,1.5Fin,6,6,1937,1950,Gable,CompShg,MetalSd,MetalSd,None,0.0,TA,TA,BrkTil,TA,TA,No,Unf,0.0,Unf,0.0,780.0,780.0,GasA,TA,Y,SBrkr,780,596,0,0.0,0.0,2,0,3,1,TA,7,Typ,1,Gd,Detchd,1937.0,Unf,1.0,198.0,TA,TA,N,0,0,0,0,0,0,,,,0,6,2006,WD ,Normal
450,120000,1183,50,RM,50.0,6000,Pave,,Reg,Lvl,AllPub,Inside,Gtl,OldTown,Norm,Norm,1Fam,1.5Fin,3,7,1948,2002,Gable,CompShg,MetalSd,MetalSd,None,0.0,TA,Gd,CBlock,TA,TA,No,ALQ,331.0,Unf,0.0,318.0,649.0,GasA,Ex,Y,SBrkr,679,504,0,0.0,0.0,1,1,2,1,TA,6,Typ,0,,Detchd,1981.0,Unf,1.0,308.0,TA,TA,Y,0,176,0,0,0,0,,,,0,6,2007,WD ,Normal
451,110000,813,30,RM,70.0,5684,Pave,,Reg,Lvl,AllPub,Inside,Gtl,OldTown,Norm,Norm,1Fam,1Story,6,8,1930,2005,Hip,CompShg,Wd Sdng,Wd Sdng,None,0.0,TA,TA,BrkTil,TA,TA,No,Unf,0.0,Unf,0.0,813.0,813.0,GasA,Ex,Y,FuseA,813,0,0,0.0,0.0,1,0,2,1,Gd,5,Typ,0,,Detchd,1932.0,Unf,1.0,270.0,Fa,Fa,N,0,113,0,0,0,0,,,,0,6,2006,WD ,Normal
452,280000,1533,20,RL,62.0,70761,Pave,,IR1,Low,AllPub,Inside,Mod,ClearCr,Norm,Norm,1Fam,1Story,7,5,1975,1975,Gable,WdShngl,Plywood,Plywood,None,0.0,TA,TA,CBlock,Gd,TA,Gd,ALQ,655.0,Unf,0.0,878.0,1533.0,GasA,TA,Y,SBrkr,1533,0,0,1.0,0.0,2,0,2,1,Gd,5,Typ,2,TA,Attchd,1975.0,Unf,2.0,576.0,TA,TA,Y,200,54,0,0,0,0,,,,0,12,2006,WD ,Normal
453,204000,1756,60,RL,,9303,Pave,,IR1,Lvl,AllPub,Corner,Gtl,Timber,Norm,Norm,1Fam,2Story,6,5,1996,1997,Hip,CompShg,VinylSd,VinylSd,BrkFace,42.0,Gd,TA,PConc,Ex,TA,No,ALQ,742.0,Unf,0.0,130.0,872.0,GasA,Ex,Y,SBrkr,888,868,0,1.0,0.0,2,1,3,1,TA,7,Typ,0,,Attchd,1996.0,Fin,2.0,422.0,TA,TA,Y,144,122,0,0,0,0,,,,0,7,2007,WD ,Normal
454,210000,1590,60,FV,75.0,9000,Pave,,Reg,Lvl,AllPub,Inside,Gtl,Somerst,Norm,Norm,1Fam,2Story,8,5,2008,2008,Gable,CompShg,VinylSd,VinylSd,None,0.0,Gd,TA,PConc,Gd,TA,No,Unf,0.0,Unf,0.0,768.0,768.0,GasA,Ex,Y,SBrkr,786,804,0,0.0,0.0,2,1,3,1,Gd,6,Typ,0,,Attchd,2008.0,RFn,2.0,676.0,TA,TA,Y,0,30,0,0,0,0,,,,0,6,2009,WD ,Normal
455,188000,1728,90,RL,63.0,9297,Pave,,Reg,Lvl,AllPub,Inside,Gtl,Mitchel,Norm,Norm,Duplex,1Story,5,5,1976,1976,Gable,CompShg,Plywood,Plywood,None,0.0,TA,TA,CBlock,TA,TA,No,ALQ,1606.0,Unf,0.0,122.0,1728.0,GasA,TA,Y,SBrkr,1728,0,0,2.0,0.0,2,0,4,2,TA,8,Typ,0,,Detchd,1976.0,Unf,2.0,560.0,TA,TA,Y,0,0,0,0,0,0,,,,0,7,2006,WD ,Family
456,175500,1242,20,RL,80.0,9600,Pave,,Reg,Lvl,AllPub,Inside,Gtl,NWAmes,Norm,Norm,1Fam,1Story,7,6,1973,1973,Hip,CompShg,HdBoard,HdBoard,BrkFace,320.0,TA,TA,CBlock,TA,TA,No,ALQ,916.0,Unf,0.0,326.0,1242.0,GasA,Fa,Y,SBrkr,1242,0,0,0.0,0.0,1,1,3,1,TA,6,Typ,1,TA,Attchd,1973.0,Unf,2.0,528.0,TA,TA,Y,0,0,0,0,0,0,,,,0,9,2007,WD ,Normal
457,98000,1344,70,RM,34.0,4571,Pave,Grvl,Reg,Lvl,AllPub,Inside,Gtl,OldTown,Norm,Norm,1Fam,2Story,5,5,1916,1950,Gable,CompShg,AsbShng,AsbShng,None,0.0,TA,TA,BrkTil,TA,TA,No,Unf,0.0,Unf,0.0,624.0,624.0,GasA,Fa,N,SBrkr,624,720,0,0.0,0.0,1,0,4,1,TA,7,Typ,0,,Detchd,1916.0,Unf,3.0,513.0,Fa,Fa,Y,0,0,96,0,0,0,,,,0,5,2008,COD,Abnorml
458,256000,1663,20,RL,,53227,Pave,,IR1,Low,AllPub,CulDSac,Mod,ClearCr,Norm,Norm,1Fam,1Story,4,6,1954,1994,Flat,Tar&Grv,Plywood,Plywood,None,0.0,TA,TA,CBlock,Gd,TA,Gd,BLQ,1116.0,Unf,0.0,248.0,1364.0,GasA,Ex,Y,SBrkr,1663,0,0,1.0,0.0,1,0,2,1,Gd,6,Min1,2,Gd,Attchd,1954.0,Fin,2.0,529.0,TA,TA,Y,224,137,0,0,0,0,,,,0,3,2008,WD ,Normal
459,161000,1666,70,RM,,5100,Pave,Grvl,Reg,Lvl,AllPub,Inside,Gtl,OldTown,Norm,Norm,1Fam,2Story,8,7,1925,1996,Hip,CompShg,Stucco,Wd Shng,None,0.0,TA,Gd,PConc,TA,TA,No,Unf,0.0,Unf,0.0,588.0,588.0,GasA,Fa,Y,SBrkr,833,833,0,0.0,0.0,1,0,3,1,Gd,7,Typ,1,Gd,Detchd,1925.0,Unf,1.0,228.0,TA,TA,Y,192,63,0,0,0,0,,MnPrv,,0,6,2008,WD ,Normal
460,110000,1203,50,RL,,7015,Pave,,IR1,Bnk,AllPub,Corner,Gtl,BrkSide,Norm,Norm,1Fam,1.5Fin,5,4,1950,1950,Gable,CompShg,MetalSd,MetalSd,BrkCmn,161.0,TA,TA,CBlock,TA,TA,No,LwQ,185.0,Unf,0.0,524.0,709.0,GasA,TA,Y,SBrkr,979,224,0,1.0,0.0,1,0,3,1,Gd,5,Typ,1,TA,Detchd,1950.0,Unf,1.0,352.0,TA,TA,Y,0,0,248,0,0,0,,,,0,7,2009,WD ,Normal
461,263435,1935,60,FV,75.0,8004,Pave,,IR1,Lvl,AllPub,Inside,Gtl,Somerst,RRAn,Norm,1Fam,2Story,8,5,2009,2009,Gable,CompShg,VinylSd,VinylSd,Stone,110.0,Gd,TA,PConc,Gd,TA,No,GLQ,544.0,Unf,0.0,288.0,832.0,GasA,Ex,Y,SBrkr,832,1103,0,1.0,0.0,2,1,3,1,TA,8,Typ,0,,BuiltIn,2009.0,Fin,2.0,552.0,TA,TA,Y,0,150,0,0,0,0,,,,0,12,2009,New,Partial
462,155000,1135,70,RL,60.0,7200,Pave,,Reg,Lvl,AllPub,Inside,Gtl,SWISU,Feedr,Norm,1Fam,2Story,7,9,1936,2007,Gable,CompShg,Wd Sdng,Wd Sdng,None,0.0,Gd,Gd,PConc,Gd,Gd,No,ALQ,350.0,BLQ,210.0,0.0,560.0,GasA,Ex,Y,SBrkr,575,560,0,1.0,0.0,1,0,3,1,Gd,6,Typ,0,,Detchd,1971.0,RFn,2.0,576.0,TA,TA,Y,256,0,0,0,0,0,,MnPrv,,0,4,2009,WD ,Normal
463,62383,864,20,RL,60.0,8281,Pave,,IR1,Lvl,AllPub,Inside,Gtl,Sawyer,Norm,Norm,1Fam,1Story,5,5,1965,1965,Gable,CompShg,MetalSd,MetalSd,None,0.0,TA,TA,CBlock,TA,TA,No,Rec,553.0,BLQ,311.0,0.0,864.0,GasA,Gd,Y,SBrkr,864,0,0,0.0,0.0,1,0,3,1,TA,5,Typ,1,Po,Detchd,1965.0,Unf,1.0,360.0,TA,TA,Y,0,0,236,0,0,0,,GdWo,,0,12,2009,WD ,Normal
464,188700,1660,70,RL,74.0,11988,Pave,,IR1,HLS,AllPub,Inside,Mod,Crawfor,Norm,Norm,1Fam,2Story,6,7,1934,1995,Hip,CompShg,Stucco,Stucco,None,0.0,TA,TA,CBlock,TA,TA,No,LwQ,326.0,Unf,0.0,389.0,715.0,GasA,Fa,Y,FuseA,849,811,0,0.0,0.0,1,1,3,1,TA,6,Typ,1,Gd,Detchd,1939.0,Unf,1.0,240.0,TA,TA,Y,0,0,0,0,0,0,,,,0,8,2008,WD ,Normal
465,124000,1040,20,RL,60.0,8430,Pave,,Reg,HLS,AllPub,Inside,Mod,CollgCr,Norm,Norm,1Fam,1Story,5,5,1978,1978,Gable,CompShg,HdBoard,HdBoard,BrkFace,136.0,TA,TA,CBlock,Gd,TA,No,Rec,616.0,Unf,0.0,424.0,1040.0,GasA,TA,Y,SBrkr,1040,0,0,0.0,0.0,2,0,3,1,TA,5,Typ,0,,,,,0.0,0.0,,,Y,0,0,0,0,0,0,,,,0,8,2009,WD ,Normal
466,178740,1414,120,RM,,3072,Pave,,Reg,Lvl,AllPub,Inside,Gtl,Blmngtn,Norm,Norm,TwnhsE,1Story,7,5,2004,2004,Hip,CompShg,VinylSd,VinylSd,BrkFace,18.0,Gd,TA,PConc,Gd,TA,No,Unf,0.0,Unf,0.0,1375.0,1375.0,GasA,Ex,Y,SBrkr,1414,0,0,0.0,0.0,2,0,2,1,Gd,6,Typ,1,TA,Attchd,2004.0,Fin,2.0,398.0,TA,TA,Y,144,20,0,0,0,0,,,,0,5,2006,WD ,Normal
467,167000,1277,20,RL,85.0,10628,Pave,,Reg,Lvl,AllPub,Inside,Gtl,NAmes,Norm,Norm,1Fam,1Story,7,5,1970,1970,Flat,Tar&Grv,Plywood,Plywood,None,0.0,TA,Gd,CBlock,TA,Gd,Gd,GLQ,778.0,Unf,0.0,499.0,1277.0,GasA,TA,Y,SBrkr,1277,0,0,1.0,0.0,1,0,2,1,TA,5,Typ,1,Po,Attchd,1970.0,Unf,2.0,526.0,TA,TA,Y,0,0,0,0,176,0,,GdWo,,0,4,2007,WD ,Normal
468,146500,1644,70,RL,79.0,9480,Pave,,Reg,Lvl,AllPub,Inside,Gtl,NAmes,Artery,Norm,1Fam,2Story,5,7,1942,1995,Gable,CompShg,MetalSd,MetalSd,Stone,224.0,TA,TA,CBlock,TA,TA,No,LwQ,386.0,Unf,0.0,342.0,728.0,GasA,Ex,Y,SBrkr,888,756,0,0.0,0.0,1,1,3,1,Gd,7,Typ,2,Gd,Attchd,1942.0,Unf,1.0,312.0,TA,TA,Y,168,0,0,0,0,0,,,,0,6,2007,WD ,Normal
469,250000,1634,20,RL,98.0,11428,Pave,,IR1,Lvl,AllPub,Inside,Gtl,NridgHt,Norm,Norm,1Fam,1Story,8,5,2006,2006,Gable,CompShg,VinylSd,VinylSd,Stone,248.0,Gd,TA,PConc,Gd,TA,No,Unf,0.0,Unf,0.0,1626.0,1626.0,GasA,Ex,Y,SBrkr,1634,0,0,0.0,0.0,2,0,3,1,Gd,7,Typ,1,Gd,Attchd,2006.0,RFn,3.0,866.0,TA,TA,Y,0,44,0,0,0,0,,,,0,5,2007,WD ,Normal
470,187000,1710,60,RL,76.0,9291,Pave,,IR1,Lvl,AllPub,Corner,Gtl,SawyerW,RRNe,Norm,1Fam,2Story,6,5,1993,1993,Gable,CompShg,HdBoard,HdBoard,BrkFace,120.0,Gd,TA,PConc,Gd,TA,No,GLQ,426.0,Unf,0.0,406.0,832.0,GasA,Ex,Y,SBrkr,832,878,0,0.0,0.0,2,1,3,1,Gd,7,Typ,0,,Attchd,1993.0,RFn,2.0,506.0,TA,TA,Y,144,70,0,0,0,0,,,,0,6,2008,WD ,Normal
471,212000,1502,120,RL,,6820,Pave,,IR1,Lvl,AllPub,Corner,Gtl,StoneBr,Norm,Norm,TwnhsE,1Story,8,5,1985,1985,Gable,CompShg,HdBoard,HdBoard,None,0.0,Gd,TA,PConc,Gd,TA,Av,GLQ,368.0,BLQ,1120.0,0.0,1488.0,GasA,TA,Y,SBrkr,1502,0,0,1.0,0.0,1,1,1,1,Gd,4,Typ,0,,Attchd,1985.0,RFn,2.0,528.0,TA,TA,Y,0,54,0,0,140,0,,,,0,6,2010,WD ,Normal
472,190000,1969,60,RL,92.0,11952,Pave,,Reg,Lvl,AllPub,Inside,Gtl,NWAmes,PosA,Norm,1Fam,2Story,7,6,1977,1977,Mansard,WdShake,WdShing,Plywood,None,0.0,TA,TA,CBlock,Gd,TA,No,Unf,0.0,Unf,0.0,808.0,808.0,GasA,TA,Y,SBrkr,1161,808,0,0.0,0.0,2,1,3,1,TA,8,Typ,1,Gd,Attchd,1977.0,RFn,2.0,534.0,TA,TA,Y,0,0,0,0,276,0,,,,0,11,2007,WD ,Normal
473,148000,1072,180,RM,35.0,3675,Pave,,Reg,Lvl,AllPub,Inside,Gtl,Edwards,Norm,Norm,TwnhsE,SLvl,6,5,2005,2005,Gable,CompShg,VinylSd,VinylSd,BrkFace,80.0,TA,TA,PConc,Gd,TA,Gd,GLQ,459.0,Unf,0.0,88.0,547.0,GasA,Ex,Y,SBrkr,1072,0,0,1.0,0.0,1,0,2,1,TA,5,Typ,0,,Basment,2005.0,RFn,2.0,525.0,TA,TA,Y,0,28,0,0,0,0,,,,0,6,2008,WD ,Normal
474,440000,1976,20,RL,110.0,14977,Pave,,IR1,Lvl,AllPub,Inside,Gtl,NridgHt,Norm,Norm,1Fam,1Story,8,5,2006,2007,Gable,CompShg,VinylSd,VinylSd,BrkFace,304.0,Gd,TA,PConc,Ex,TA,Gd,GLQ,1350.0,Unf,0.0,626.0,1976.0,GasA,Ex,Y,SBrkr,1976,0,0,1.0,0.0,2,0,2,1,Gd,7,Typ,1,Ex,Attchd,2006.0,RFn,3.0,908.0,TA,TA,Y,250,63,0,0,0,0,,,,0,7,2007,New,Partial
475,251000,1652,120,RL,41.0,5330,Pave,,Reg,Lvl,AllPub,Inside,Gtl,StoneBr,Norm,Norm,TwnhsE,1Story,8,5,2000,2000,Gable,CompShg,CemntBd,CmentBd,None,0.0,Gd,TA,PConc,Gd,TA,Av,GLQ,1196.0,Unf,0.0,298.0,1494.0,GasA,Ex,Y,SBrkr,1652,0,0,1.0,0.0,2,0,2,1,Ex,6,Typ,0,,Attchd,2000.0,RFn,2.0,499.0,TA,TA,Y,96,48,0,0,0,0,,,,0,8,2007,WD ,Normal
476,132500,970,20,RL,80.0,8480,Pave,,Reg,Lvl,AllPub,Corner,Gtl,Sawyer,Norm,Norm,1Fam,1Story,5,6,1963,1963,Hip,CompShg,HdBoard,HdBoard,None,0.0,TA,TA,CBlock,TA,TA,No,GLQ,630.0,Unf,0.0,340.0,970.0,GasA,TA,Y,SBrkr,970,0,0,1.0,0.0,1,0,2,1,TA,5,Typ,0,,Detchd,1996.0,Unf,2.0,624.0,TA,TA,Y,0,24,0,0,192,0,,,,0,7,2007,WD ,Normal
477,208900,1493,20,RL,75.0,13125,Pave,,Reg,Lvl,AllPub,Inside,Mod,CollgCr,Norm,Norm,1Fam,1Story,6,5,1997,1998,Gable,CompShg,VinylSd,VinylSd,BrkFace,215.0,TA,TA,PConc,Gd,TA,Gd,GLQ,994.0,Unf,0.0,484.0,1478.0,GasA,Ex,Y,SBrkr,1493,0,0,1.0,0.0,2,0,3,1,Gd,7,Typ,1,TA,Attchd,1997.0,Fin,2.0,508.0,TA,TA,Y,140,39,0,0,0,0,,,,0,4,2008,WD ,Normal
478,380000,2643,60,RL,105.0,13693,Pave,,Reg,Lvl,AllPub,Inside,Gtl,NridgHt,Norm,Norm,1Fam,2Story,9,5,2006,2006,Hip,CompShg,VinylSd,VinylSd,BrkFace,772.0,Ex,TA,PConc,Gd,TA,Av,Unf,0.0,Unf,0.0,2153.0,2153.0,GasA,Ex,Y,SBrkr,2069,574,0,0.0,0.0,2,1,3,1,Ex,9,Typ,1,Gd,BuiltIn,2006.0,Fin,3.0,694.0,TA,TA,Y,414,84,0,0,0,0,,,,0,3,2007,WD ,Normal
479,297000,1718,20,RL,79.0,10637,Pave,,Reg,Lvl,AllPub,Inside,Gtl,CollgCr,Norm,Norm,1Fam,1Story,8,5,2007,2008,Hip,CompShg,VinylSd,VinylSd,Stone,336.0,Gd,TA,PConc,Ex,TA,Gd,GLQ,1288.0,Unf,0.0,417.0,1705.0,GasA,Ex,Y,SBrkr,1718,0,0,1.0,0.0,2,0,3,1,Gd,7,Typ,1,Gd,Attchd,2007.0,RFn,3.0,826.0,TA,TA,Y,208,44,0,0,0,0,,,,0,9,2009,WD ,Normal
480,89471,1131,30,RM,50.0,5925,Pave,,Reg,Bnk,AllPub,Inside,Gtl,OldTown,Norm,Norm,1Fam,1Story,4,7,1937,2000,Hip,CompShg,Stucco,Stucco,BrkCmn,435.0,TA,TA,BrkTil,Fa,TA,No,Rec,168.0,Unf,0.0,739.0,907.0,GasA,TA,Y,SBrkr,1131,0,0,0.0,0.0,1,0,2,1,TA,7,Typ,0,,Detchd,1995.0,Unf,2.0,672.0,TA,TA,Y,0,72,0,0,0,0,,MnPrv,,0,3,2007,WD ,Alloca
481,326000,1850,20,RL,98.0,16033,Pave,,IR1,Lvl,AllPub,FR2,Gtl,NridgHt,Norm,Norm,1Fam,1Story,9,5,2004,2005,Hip,CompShg,VinylSd,VinylSd,BrkFace,378.0,Gd,TA,PConc,Ex,TA,Gd,GLQ,1261.0,Unf,0.0,572.0,1833.0,GasA,Ex,Y,SBrkr,1850,0,0,1.0,0.0,2,0,3,1,Gd,8,Typ,1,Gd,Attchd,2004.0,Fin,3.0,772.0,TA,TA,Y,519,112,0,0,0,0,,,,0,3,2006,WD ,Normal
482,374000,1792,20,RL,72.0,11846,Pave,,IR1,HLS,AllPub,Inside,Gtl,NridgHt,Norm,Norm,1Fam,1Story,9,5,2003,2004,Hip,CompShg,VinylSd,VinylSd,BrkFace,562.0,Gd,TA,PConc,Ex,TA,Gd,GLQ,1567.0,Unf,0.0,225.0,1792.0,GasA,Ex,Y,SBrkr,1792,0,0,1.0,0.0,2,0,2,1,Ex,6,Typ,1,Gd,Attchd,2003.0,Fin,3.0,874.0,TA,TA,Y,206,49,0,0,0,0,,,,0,8,2006,WD ,Normal
483,155000,1826,70,RM,50.0,2500,Pave,Pave,Reg,Lvl,AllPub,Corner,Gtl,OldTown,Norm,Norm,1Fam,2Story,7,8,1915,2005,Gable,CompShg,Stucco,Stucco,None,0.0,Gd,TA,PConc,TA,TA,No,ALQ,299.0,Unf,0.0,611.0,910.0,GasA,Ex,Y,SBrkr,916,910,0,1.0,0.0,1,1,4,1,Ex,7,Min2,1,Gd,Attchd,1915.0,Unf,1.0,164.0,Fa,Fa,Y,0,0,0,0,0,0,,,,0,6,2009,WD ,Normal
484,164000,1216,120,RM,32.0,4500,Pave,,Reg,Lvl,AllPub,FR2,Gtl,Mitchel,Norm,Norm,Twnhs,1Story,6,5,1998,1998,Hip,CompShg,VinylSd,VinylSd,BrkFace,116.0,TA,TA,PConc,Ex,TA,No,GLQ,897.0,Unf,0.0,319.0,1216.0,GasA,Ex,Y,SBrkr,1216,0,0,1.0,0.0,2,0,2,1,TA,5,Typ,0,,Attchd,1998.0,Unf,2.0,402.0,TA,TA,Y,0,125,0,0,0,0,,,,0,5,2006,WD ,Normal
485,132500,999,20,RL,,7758,Pave,,IR1,Lvl,AllPub,Corner,Gtl,Sawyer,Norm,Norm,1Fam,1Story,5,7,1962,2001,Gable,CompShg,HdBoard,Plywood,None,0.0,TA,Gd,CBlock,TA,TA,No,ALQ,588.0,Unf,0.0,411.0,999.0,GasA,Gd,Y,SBrkr,999,0,0,1.0,0.0,1,0,3,1,Gd,6,Typ,0,,Detchd,1963.0,Unf,1.0,264.0,TA,TA,Y,0,132,0,0,0,0,,,,0,3,2007,WD ,Normal
486,147000,1113,20,RL,80.0,9600,Pave,,Reg,Lvl,AllPub,Inside,Gtl,NAmes,Norm,Norm,1Fam,1Story,5,7,1950,2007,Gable,CompShg,MetalSd,MetalSd,None,0.0,Gd,TA,CBlock,TA,TA,No,ALQ,607.0,Unf,0.0,506.0,1113.0,GasA,Gd,Y,SBrkr,1113,0,0,0.0,0.0,1,0,3,1,Gd,5,Typ,1,Gd,Attchd,1950.0,Unf,1.0,264.0,TA,TA,Y,0,80,120,0,0,0,,,,0,7,2009,WD ,Normal
487,156000,1073,20,RL,79.0,10289,Pave,,Reg,Lvl,AllPub,Inside,Gtl,NAmes,Norm,Norm,1Fam,1Story,5,7,1965,1965,Hip,CompShg,MetalSd,MetalSd,BrkFace,168.0,TA,TA,CBlock,TA,TA,No,ALQ,836.0,Unf,0.0,237.0,1073.0,GasA,TA,Y,SBrkr,1073,0,0,1.0,0.0,1,1,3,1,TA,6,Typ,0,,Attchd,1965.0,RFn,2.0,515.0,TA,TA,Y,0,0,0,0,0,0,,,,0,6,2007,WD ,Normal
488,175000,1484,20,RL,70.0,12243,Pave,,IR1,Lvl,AllPub,Inside,Gtl,NWAmes,Norm,Norm,1Fam,1Story,5,6,1971,1971,Gable,CompShg,Plywood,Plywood,None,0.0,TA,TA,CBlock,Gd,TA,Av,ALQ,998.0,Unf,0.0,486.0,1484.0,GasA,Gd,Y,SBrkr,1484,0,0,0.0,0.0,2,0,3,1,TA,7,Typ,1,TA,Attchd,1971.0,Unf,2.0,487.0,TA,TA,Y,224,0,0,0,180,0,,,,0,2,2007,WD ,Normal
489,160000,2414,190,RL,60.0,10800,Pave,,Reg,Lvl,AllPub,Corner,Gtl,OldTown,Norm,Norm,2fmCon,1.5Fin,5,4,1900,1970,Gable,CompShg,Wd Sdng,Wd Sdng,None,0.0,TA,Fa,CBlock,TA,Fa,No,BLQ,664.0,Unf,0.0,290.0,954.0,GasA,TA,N,FuseA,1766,648,0,0.0,0.0,2,0,3,2,TA,10,Mod,1,Gd,Attchd,1970.0,Unf,2.0,520.0,TA,Fa,N,142,0,0,0,0,0,,,,0,5,2006,ConLD,Normal
490,86000,630,180,RM,21.0,1526,Pave,,Reg,Lvl,AllPub,Inside,Gtl,MeadowV,Norm,Norm,Twnhs,SFoyer,4,8,1970,2002,Gable,CompShg,CemntBd,CmentBd,None,0.0,TA,Gd,CBlock,Gd,TA,Av,GLQ,515.0,Unf,0.0,115.0,630.0,GasA,TA,Y,SBrkr,630,0,0,1.0,0.0,1,0,1,1,Gd,3,Typ,0,,Attchd,1970.0,Unf,1.0,286.0,TA,TA,Y,0,0,0,0,0,0,,,,0,5,2009,WD ,Normal
491,115000,1304,160,RM,,2665,Pave,,Reg,Lvl,AllPub,Inside,Gtl,MeadowV,Norm,Norm,TwnhsE,2Story,5,6,1976,1976,Gable,CompShg,CemntBd,CmentBd,None,0.0,TA,TA,PConc,Gd,TA,Mn,Unf,0.0,Unf,0.0,264.0,264.0,GasA,TA,Y,SBrkr,616,688,0,0.0,0.0,1,1,3,1,TA,4,Typ,1,Gd,BuiltIn,1976.0,Fin,1.0,336.0,TA,TA,Y,141,24,0,0,0,0,,,,0,6,2008,WD ,Normal
492,133000,1578,50,RL,79.0,9490,Pave,,Reg,Lvl,AllPub,Inside,Gtl,NAmes,Artery,Norm,1Fam,1.5Fin,6,7,1941,1950,Gable,CompShg,Wd Sdng,Wd Sdng,None,0.0,TA,TA,CBlock,TA,TA,No,BLQ,403.0,Rec,165.0,238.0,806.0,GasA,TA,Y,FuseA,958,620,0,1.0,0.0,1,0,3,1,Fa,5,Typ,2,TA,Attchd,1941.0,Unf,1.0,240.0,TA,TA,Y,0,0,32,0,0,0,,MnPrv,,0,8,2006,WD ,Normal
493,172785,1456,60,RL,105.0,15578,Pave,,IR1,Lvl,AllPub,Corner,Gtl,Gilbert,Norm,Norm,1Fam,2Story,6,5,2006,2006,Gable,CompShg,VinylSd,VinylSd,None,0.0,Gd,TA,PConc,Gd,TA,No,Unf,0.0,Unf,0.0,728.0,728.0,GasA,Gd,Y,SBrkr,728,728,0,0.0,0.0,2,1,3,1,TA,8,Typ,0,,Attchd,2006.0,RFn,2.0,429.0,TA,TA,Y,0,0,0,0,0,0,,,,0,5,2006,New,Partial
494,155000,1269,20,RL,70.0,7931,Pave,,Reg,Lvl,AllPub,Inside,Gtl,NAmes,Norm,Norm,1Fam,1Story,5,6,1960,1960,Gable,CompShg,BrkFace,Wd Sdng,None,0.0,TA,TA,CBlock,TA,TA,No,BLQ,374.0,LwQ,532.0,363.0,1269.0,GasA,TA,Y,FuseA,1269,0,0,0.0,0.0,1,1,3,1,TA,6,Typ,1,Fa,Detchd,1964.0,Unf,1.0,308.0,TA,TA,Y,0,0,0,0,0,0,,,,0,6,2008,WD ,Normal
495,91300,886,30,RM,50.0,5784,Pave,,Reg,Lvl,AllPub,Inside,Gtl,OldTown,Artery,Norm,1Fam,1Story,5,8,1938,1996,Gable,CompShg,MetalSd,MetalSd,None,0.0,TA,TA,BrkTil,Fa,TA,No,Unf,0.0,Unf,0.0,190.0,190.0,GasA,Gd,Y,FuseA,886,0,0,0.0,0.0,1,0,2,1,TA,4,Typ,0,,Attchd,1938.0,Unf,1.0,273.0,TA,TA,Y,144,20,80,0,0,0,,,,0,12,2009,WD ,Normal
496,34900,720,30,C (all),60.0,7879,Pave,,Reg,Lvl,AllPub,Inside,Gtl,IDOTRR,Norm,Norm,1Fam,1Story,4,5,1920,1950,Gable,CompShg,Wd Sdng,Wd Sdng,None,0.0,TA,TA,CBlock,TA,TA,No,Rec,495.0,Unf,0.0,225.0,720.0,GasA,TA,N,FuseA,720,0,0,0.0,0.0,1,0,2,1,TA,4,Typ,0,,,,,0.0,0.0,,,N,0,523,115,0,0,0,,GdWo,,0,11,2009,WD ,Abnorml
497,430000,3228,20,RL,,12692,Pave,,IR1,Lvl,AllPub,Inside,Gtl,NoRidge,Norm,Norm,1Fam,1Story,8,5,1992,1993,Hip,CompShg,BrkFace,BrkFace,None,0.0,Gd,TA,PConc,Gd,TA,No,GLQ,1231.0,Unf,0.0,1969.0,3200.0,GasA,Ex,Y,SBrkr,3228,0,0,1.0,0.0,3,0,4,1,Gd,10,Typ,1,Gd,Attchd,1992.0,RFn,2.0,546.0,TA,TA,Y,264,75,291,0,0,0,,,,0,5,2007,WD ,Normal
498,184000,1820,50,RL,60.0,9120,Pave,Pave,Reg,Lvl,AllPub,Inside,Gtl,BrkSide,Norm,Norm,1Fam,1.5Fin,7,6,1925,1950,Gable,CompShg,Wd Sdng,Wd Sdng,None,0.0,TA,Gd,PConc,TA,TA,No,Rec,329.0,Unf,0.0,697.0,1026.0,GasA,Ex,Y,SBrkr,1133,687,0,1.0,0.0,2,0,4,1,TA,8,Typ,0,,Detchd,1925.0,Unf,1.0,240.0,TA,TA,N,0,100,0,0,0,0,,GdPrv,,0,6,2008,WD ,Normal
499,130000,899,20,RL,65.0,7800,Pave,,Reg,Lvl,AllPub,Inside,Gtl,Sawyer,Norm,Norm,1Fam,1Story,5,7,1967,2004,Hip,CompShg,HdBoard,HdBoard,BrkFace,89.0,TA,TA,PConc,TA,TA,No,ALQ,450.0,Unf,0.0,414.0,864.0,GasA,Ex,Y,SBrkr,899,0,0,0.0,0.0,1,0,3,1,Gd,5,Typ,0,,Attchd,1967.0,Fin,1.0,288.0,TA,TA,Y,64,0,0,0,0,0,,MnPrv,,0,6,2009,WD ,Normal
500,120000,912,20,RL,70.0,7535,Pave,,IR1,Lvl,AllPub,Inside,Gtl,NAmes,Norm,Norm,1Fam,1Story,5,7,1958,1985,Gable,CompShg,MetalSd,MetalSd,None,0.0,TA,TA,CBlock,TA,TA,No,BLQ,111.0,LwQ,279.0,522.0,912.0,GasA,Fa,Y,SBrkr,912,0,0,0.0,1.0,1,0,2,1,TA,5,Typ,0,,Attchd,1958.0,Fin,1.0,297.0,TA,TA,Y,12,285,0,0,0,0,,MnWw,Shed,480,6,2007,WD ,Normal
501,113000,1218,160,RM,21.0,1890,Pave,,Reg,Lvl,AllPub,Inside,Gtl,BrDale,Norm,Norm,Twnhs,2Story,6,5,1973,1973,Gable,CompShg,HdBoard,HdBoard,BrkFace,285.0,TA,TA,CBlock,TA,TA,No,BLQ,356.0,Unf,0.0,316.0,672.0,GasA,TA,Y,SBrkr,672,546,0,0.0,0.0,1,1,3,1,TA,7,Typ,0,,Detchd,1973.0,Unf,1.0,264.0,TA,TA,Y,144,28,0,0,0,0,,,,0,5,2007,WD ,Normal
502,226700,1768,60,FV,75.0,9803,Pave,,Reg,Lvl,AllPub,Inside,Gtl,Somerst,Norm,Norm,1Fam,2Story,7,5,2005,2005,Gable,CompShg,VinylSd,VinylSd,None,0.0,Gd,TA,PConc,Gd,TA,No,GLQ,400.0,Unf,0.0,466.0,866.0,GasA,Gd,Y,SBrkr,866,902,0,0.0,0.0,2,1,3,1,Gd,7,Typ,0,,Attchd,2005.0,RFn,2.0,603.0,TA,TA,Y,0,108,0,0,0,0,,,,0,2,2008,WD ,Normal
503,140000,1214,20,RL,70.0,9170,Pave,,Reg,Lvl,AllPub,Corner,Gtl,Edwards,Feedr,Norm,1Fam,1Story,5,7,1965,1965,Hip,CompShg,MetalSd,MetalSd,None,0.0,TA,TA,CBlock,TA,TA,No,ALQ,698.0,GLQ,96.0,420.0,1214.0,GasA,Ex,Y,SBrkr,1214,0,0,1.0,0.0,1,0,2,1,TA,6,Typ,0,,Detchd,1965.0,Unf,2.0,461.0,Fa,Fa,Y,0,0,184,0,0,0,,GdPrv,Shed,400,4,2007,WD ,Normal
504,289000,1801,20,RL,100.0,15602,Pave,,IR1,Lvl,AllPub,Inside,Gtl,Crawfor,Norm,Norm,1Fam,1Story,7,8,1959,1997,Gable,CompShg,BrkFace,Wd Sdng,None,0.0,TA,TA,CBlock,TA,TA,No,ALQ,1247.0,Unf,0.0,254.0,1501.0,GasA,TA,Y,SBrkr,1801,0,0,1.0,0.0,2,0,1,1,TA,6,Typ,2,TA,Attchd,1959.0,Fin,2.0,484.0,TA,TA,Y,0,54,0,0,161,0,,GdWo,,0,3,2010,WD ,Normal
505,147000,1322,160,RL,24.0,2308,Pave,,Reg,Lvl,AllPub,Inside,Gtl,NPkVill,Norm,Norm,TwnhsE,2Story,6,5,1974,1974,Gable,CompShg,Plywood,Brk Cmn,None,0.0,TA,TA,CBlock,TA,TA,No,ALQ,257.0,Rec,495.0,103.0,855.0,GasA,TA,Y,SBrkr,855,467,0,0.0,1.0,2,1,3,1,TA,6,Typ,1,Fa,Attchd,1974.0,Unf,2.0,440.0,TA,TA,Y,260,0,0,0,0,0,,,,0,6,2009,WD ,Normal
506,124500,1960,90,RM,60.0,7596,Pave,Grvl,Reg,Lvl,AllPub,Inside,Gtl,OldTown,Artery,Norm,Duplex,2Story,5,5,1952,1952,Hip,CompShg,Wd Sdng,Wd Sdng,BrkFace,360.0,TA,TA,CBlock,TA,TA,No,Unf,0.0,Unf,0.0,960.0,960.0,GasA,Gd,Y,SBrkr,960,1000,0,0.0,0.0,2,0,4,2,TA,10,Typ,0,,Detchd,1952.0,Unf,2.0,400.0,TA,TA,N,0,0,0,0,0,0,,,,0,7,2009,COD,Normal
507,215000,1911,60,RL,80.0,9554,Pave,,IR1,Lvl,AllPub,Inside,Gtl,SawyerW,Norm,Norm,1Fam,2Story,8,5,1993,1994,Gable,CompShg,VinylSd,VinylSd,BrkFace,125.0,Gd,TA,PConc,Gd,TA,No,GLQ,380.0,Unf,0.0,397.0,777.0,GasA,Ex,Y,SBrkr,1065,846,0,0.0,0.0,2,1,3,1,Gd,8,Typ,1,TA,Attchd,1993.0,RFn,2.0,471.0,TA,TA,Y,182,81,0,0,0,0,,,,0,9,2006,WD ,Normal
508,208300,1218,20,FV,75.0,7862,Pave,,IR1,Lvl,AllPub,Inside,Gtl,Somerst,Norm,Norm,1Fam,1Story,6,5,2009,2009,Gable,CompShg,VinylSd,VinylSd,None,0.0,Gd,TA,PConc,Gd,TA,No,GLQ,27.0,Unf,0.0,1191.0,1218.0,GasA,Ex,Y,SBrkr,1218,0,0,0.0,0.0,2,0,2,1,Gd,4,Typ,0,,Attchd,2009.0,Fin,2.0,676.0,TA,TA,Y,0,102,0,0,0,0,,,,0,9,2009,New,Partial
509,161000,1378,70,RM,60.0,9600,Pave,,Reg,Lvl,AllPub,Inside,Gtl,OldTown,Norm,Norm,1Fam,2Story,7,9,1928,2005,Gambrel,CompShg,MetalSd,MetalSd,None,0.0,TA,Ex,BrkTil,TA,TA,No,Rec,141.0,Unf,0.0,548.0,689.0,GasA,Ex,Y,SBrkr,689,689,0,0.0,0.0,2,0,3,1,Gd,7,Typ,1,Gd,Detchd,1928.0,Unf,2.0,360.0,TA,TA,N,0,0,116,0,0,0,,,,0,10,2008,WD ,Normal
510,124500,1041,20,RL,80.0,9600,Pave,,Reg,Lvl,AllPub,Corner,Gtl,NAmes,Norm,Norm,1Fam,1Story,5,6,1959,1959,Gable,CompShg,MetalSd,MetalSd,BrkFace,132.0,TA,TA,CBlock,TA,TA,No,ALQ,991.0,Unf,0.0,50.0,1041.0,GasA,Ex,Y,SBrkr,1041,0,0,1.0,0.0,1,0,3,1,TA,6,Typ,0,,Attchd,1959.0,RFn,1.0,270.0,TA,TA,Y,224,88,0,0,0,0,,MnPrv,,0,7,2009,WD ,Normal
511,164900,1363,20,RL,75.0,14559,Pave,,Reg,Lvl,AllPub,Inside,Gtl,NAmes,Norm,Norm,1Fam,1Story,5,7,1951,2000,Hip,CompShg,Wd Sdng,Wd Sdng,BrkCmn,70.0,Gd,TA,CBlock,TA,TA,No,BLQ,650.0,Rec,180.0,178.0,1008.0,GasA,Ex,Y,SBrkr,1363,0,0,1.0,0.0,1,0,2,1,TA,6,Min1,2,TA,CarPort,1951.0,Unf,1.0,288.0,TA,TA,Y,324,42,0,0,168,0,,,Shed,2000,6,2009,WD ,Normal
512,202665,1368,120,RL,40.0,6792,Pave,,IR1,Lvl,AllPub,Inside,Gtl,NridgHt,Norm,Norm,TwnhsE,1Story,7,5,2005,2006,Gable,CompShg,VinylSd,VinylSd,Stone,94.0,Gd,TA,PConc,Gd,TA,No,Unf,0.0,Unf,0.0,1368.0,1368.0,GasA,Ex,Y,SBrkr,1368,0,0,0.0,0.0,2,0,2,1,Gd,6,Typ,1,Gd,Attchd,2005.0,RFn,2.0,474.0,TA,TA,Y,132,35,0,0,0,0,,,,0,3,2006,New,Partial
513,129900,864,20,RL,70.0,9100,Pave,,Reg,Lvl,AllPub,Corner,Gtl,NAmes,Feedr,Norm,1Fam,1Story,5,5,1958,1958,Gable,CompShg,VinylSd,VinylSd,None,0.0,TA,TA,CBlock,TA,TA,No,BLQ,521.0,LwQ,174.0,169.0,864.0,GasA,TA,Y,SBrkr,864,0,0,1.0,0.0,1,0,3,1,TA,5,Typ,0,,Detchd,1964.0,Unf,2.0,624.0,TA,TA,Y,0,0,0,0,0,0,,,,0,7,2006,WD ,Normal
514,134000,1080,20,RL,71.0,9187,Pave,,Reg,Bnk,AllPub,Corner,Gtl,Mitchel,Norm,Norm,1Fam,1Story,6,5,1983,1983,Gable,CompShg,VinylSd,VinylSd,None,0.0,TA,Gd,PConc,TA,TA,No,ALQ,336.0,Unf,0.0,748.0,1084.0,GasA,TA,Y,SBrkr,1080,0,0,0.0,0.0,1,1,3,1,TA,5,Typ,0,,Attchd,1983.0,Unf,2.0,484.0,TA,TA,Y,120,0,158,0,0,0,,,,0,6,2007,WD ,Normal
515,96500,789,45,RL,55.0,10594,Pave,,Reg,Lvl,AllPub,Inside,Gtl,Crawfor,Norm,Norm,1Fam,1.5Unf,5,5,1926,1950,Gable,CompShg,Wd Sdng,Wd Sdng,None,0.0,TA,TA,BrkTil,TA,TA,No,Unf,0.0,Unf,0.0,768.0,768.0,Grav,Fa,N,SBrkr,789,0,0,0.0,0.0,1,0,2,1,TA,5,Typ,0,,Detchd,1926.0,Unf,1.0,200.0,Po,Po,Y,0,0,112,0,0,0,,MnPrv,,0,6,2007,WD ,Normal
516,402861,2020,20,RL,94.0,12220,Pave,,Reg,Lvl,AllPub,Inside,Gtl,NridgHt,Norm,Norm,1Fam,1Story,10,5,2009,2009,Hip,CompShg,CemntBd,CmentBd,BrkFace,305.0,Ex,TA,CBlock,Ex,TA,No,GLQ,1436.0,Unf,0.0,570.0,2006.0,GasA,Ex,Y,SBrkr,2020,0,0,1.0,0.0,2,1,3,1,Ex,9,Typ,1,Gd,Attchd,2009.0,Fin,3.0,900.0,TA,TA,Y,156,54,0,0,0,0,,,,0,9,2009,New,Partial
517,158000,2119,80,RL,,10448,Pave,,IR1,Lvl,AllPub,Corner,Gtl,NWAmes,Norm,Norm,1Fam,SLvl,6,6,1972,1972,Gable,CompShg,HdBoard,HdBoard,BrkFace,333.0,TA,TA,CBlock,TA,TA,No,Unf,0.0,Unf,0.0,689.0,689.0,GasA,TA,Y,SBrkr,1378,741,0,0.0,0.0,2,1,3,1,TA,7,Typ,1,TA,Attchd,1972.0,RFn,2.0,583.0,TA,TA,Y,0,104,0,0,0,0,,GdPrv,,0,8,2009,COD,Abnorml
518,265000,2344,60,RL,79.0,10208,Pave,,IR1,Lvl,AllPub,Inside,Gtl,NoRidge,Norm,Norm,1Fam,2Story,7,5,1996,1997,Gable,CompShg,VinylSd,VinylSd,BrkFace,921.0,Gd,TA,PConc,Gd,TA,No,Unf,0.0,Unf,0.0,1264.0,1264.0,GasA,Ex,Y,SBrkr,1277,1067,0,0.0,0.0,2,1,3,1,Gd,7,Typ,1,TA,Attchd,1996.0,RFn,3.0,889.0,TA,TA,Y,220,0,0,0,0,0,,,,0,7,2009,WD ,Normal
519,211000,1796,60,RL,,9531,Pave,,IR1,Lvl,AllPub,CulDSac,Gtl,CollgCr,Norm,Norm,1Fam,2Story,6,5,1998,1998,Gable,CompShg,VinylSd,VinylSd,None,0.0,TA,TA,PConc,Gd,TA,Mn,GLQ,706.0,Unf,0.0,88.0,794.0,GasA,Ex,Y,SBrkr,882,914,0,1.0,0.0,2,1,3,1,TA,7,Typ,0,,Attchd,1998.0,RFn,2.0,546.0,TA,TA,Y,0,36,0,0,0,0,,MnPrv,,0,5,2007,WD ,Normal
520,234000,2080,70,RL,53.0,10918,Pave,,Reg,Lvl,AllPub,Inside,Gtl,Crawfor,Norm,Norm,1Fam,2Story,7,9,1926,2004,Gambrel,CompShg,MetalSd,MetalSd,None,0.0,Gd,TA,BrkTil,Gd,TA,No,Unf,0.0,Unf,0.0,1276.0,1276.0,GasA,Ex,Y,SBrkr,1276,804,0,0.0,0.0,1,1,3,1,Gd,9,Typ,2,Gd,Detchd,1926.0,Unf,1.0,282.0,TA,TA,Y,0,0,0,0,145,0,,MnPrv,,0,6,2009,WD ,Normal
521,106250,1294,190,RL,60.0,10800,Pave,Grvl,Reg,Lvl,AllPub,Inside,Gtl,OldTown,Norm,Norm,2fmCon,2Story,4,7,1900,2000,Gable,CompShg,MetalSd,MetalSd,None,0.0,TA,TA,BrkTil,,,,,0.0,,0.0,0.0,0.0,GasA,TA,N,FuseA,694,600,0,0.0,0.0,2,0,3,2,TA,7,Typ,0,,,,,0.0,0.0,,,N,220,114,210,0,0,0,,,,0,8,2008,WD ,Normal
522,150000,1244,20,RL,90.0,11988,Pave,,IR1,Lvl,AllPub,Corner,Gtl,NAmes,Feedr,Norm,1Fam,1Story,6,6,1957,1957,Gable,CompShg,VinylSd,VinylSd,None,0.0,TA,TA,CBlock,TA,TA,No,Rec,777.0,Unf,0.0,467.0,1244.0,GasA,Ex,Y,FuseA,1244,0,0,0.0,0.0,1,1,3,1,TA,6,Typ,2,Gd,Attchd,1957.0,Unf,1.0,336.0,TA,TA,Y,0,40,0,0,0,0,,,,0,5,2007,WD ,Normal
523,159000,1664,50,RM,50.0,5000,Pave,,Reg,Lvl,AllPub,Corner,Gtl,BrkSide,Feedr,Norm,1Fam,1.5Fin,6,7,1947,1950,Gable,CompShg,CemntBd,CmentBd,None,0.0,TA,Gd,CBlock,TA,TA,No,ALQ,399.0,Unf,0.0,605.0,1004.0,GasA,Ex,Y,SBrkr,1004,660,0,0.0,0.0,2,0,3,1,TA,7,Typ,2,Gd,Detchd,1950.0,Unf,2.0,420.0,TA,TA,Y,0,24,36,0,0,0,,,,0,10,2006,WD ,Normal
524,184750,4676,60,RL,130.0,40094,Pave,,IR1,Bnk,AllPub,Inside,Gtl,Edwards,PosN,PosN,1Fam,2Story,10,5,2007,2008,Hip,CompShg,CemntBd,CmentBd,Stone,762.0,Ex,TA,PConc,Ex,TA,Gd,GLQ,2260.0,Unf,0.0,878.0,3138.0,GasA,Ex,Y,SBrkr,3138,1538,0,1.0,0.0,3,1,3,1,Ex,11,Typ,1,Gd,BuiltIn,2007.0,Fin,3.0,884.0,TA,TA,Y,208,406,0,0,0,0,,,,0,10,2007,New,Partial
525,315750,2398,60,RL,95.0,11787,Pave,,IR1,Lvl,AllPub,Inside,Gtl,NoRidge,Norm,Norm,1Fam,2Story,7,5,1996,1997,Gable,CompShg,VinylSd,VinylSd,BrkFace,594.0,Gd,TA,PConc,Gd,TA,No,GLQ,719.0,Unf,0.0,660.0,1379.0,GasA,Ex,Y,SBrkr,1383,1015,0,1.0,0.0,2,1,3,1,Gd,8,Typ,1,TA,Attchd,1996.0,Fin,3.0,834.0,TA,TA,Y,239,60,0,0,0,0,,,,0,8,2007,WD ,Normal
526,176000,1266,20,FV,62.0,7500,Pave,Pave,Reg,Lvl,AllPub,Inside,Gtl,Somerst,Norm,Norm,1Fam,1Story,7,5,2005,2005,Gable,CompShg,VinylSd,VinylSd,None,0.0,Gd,TA,PConc,Gd,TA,No,Unf,0.0,Unf,0.0,1257.0,1257.0,GasA,Ex,Y,SBrkr,1266,0,0,0.0,0.0,2,0,3,1,Gd,6,Typ,1,TA,Attchd,2005.0,Unf,2.0,453.0,TA,TA,Y,38,144,0,0,0,0,,,,0,4,2006,WD ,Normal
527,132000,928,20,RL,70.0,13300,Pave,,Reg,Lvl,AllPub,Inside,Gtl,NAmes,Norm,Norm,1Fam,1Story,5,7,1956,2000,Hip,CompShg,Wd Sdng,Wd Sdng,None,0.0,TA,TA,CBlock,Gd,TA,No,Rec,377.0,Unf,0.0,551.0,928.0,GasA,TA,Y,SBrkr,928,0,0,0.0,0.0,1,0,2,1,TA,4,Typ,0,,Attchd,1956.0,Unf,1.0,252.0,TA,TA,Y,261,0,156,0,0,0,,,,0,6,2007,WD ,Normal
528,446261,2713,60,RL,67.0,14948,Pave,,IR1,Lvl,AllPub,Inside,Gtl,NridgHt,Norm,Norm,1Fam,2Story,9,5,2008,2008,Hip,CompShg,VinylSd,VinylSd,Stone,268.0,Ex,TA,PConc,Ex,TA,Av,GLQ,1330.0,Unf,0.0,122.0,1452.0,GasA,Ex,Y,SBrkr,1476,1237,0,1.0,0.0,2,1,3,1,Ex,11,Typ,1,Gd,Attchd,2008.0,Fin,3.0,858.0,TA,TA,Y,126,66,0,0,0,0,,,,0,11,2008,New,Partial
529,86000,605,30,RL,58.0,9098,Pave,,IR1,Lvl,AllPub,Inside,Gtl,Edwards,Norm,Norm,1Fam,1Story,4,7,1920,2002,Gable,CompShg,Wd Sdng,Wd Sdng,None,0.0,TA,TA,BrkTil,TA,TA,Mn,ALQ,348.0,Unf,0.0,180.0,528.0,GasA,Ex,Y,SBrkr,605,0,0,1.0,0.0,1,0,2,1,TA,5,Typ,0,,,,,0.0,0.0,,,N,0,0,144,0,0,0,,,,0,7,2007,WD ,Normal
530,200624,2515,20,RL,,32668,Pave,,IR1,Lvl,AllPub,CulDSac,Gtl,Crawfor,Norm,Norm,1Fam,1Story,6,3,1957,1975,Hip,CompShg,Wd Sdng,Stone,,,Gd,TA,PConc,TA,TA,No,Rec,1219.0,Unf,0.0,816.0,2035.0,GasA,TA,Y,SBrkr,2515,0,0,1.0,0.0,3,0,4,2,TA,9,Maj1,2,TA,Attchd,1975.0,RFn,2.0,484.0,TA,TA,Y,0,0,200,0,0,0,,,,0,3,2007,WD ,Alloca
531,175000,1509,80,RL,85.0,10200,Pave,,Reg,Lvl,AllPub,Inside,Gtl,Timber,Norm,Norm,1Fam,SLvl,6,5,1988,1989,Gable,CompShg,HdBoard,HdBoard,BrkFace,219.0,Gd,TA,CBlock,Gd,TA,Av,GLQ,783.0,Unf,0.0,678.0,1461.0,GasA,Ex,Y,SBrkr,1509,0,0,1.0,0.0,2,0,3,1,Gd,5,Typ,1,Fa,Attchd,1988.0,RFn,2.0,600.0,TA,TA,Y,224,0,0,0,0,0,,,,0,8,2008,WD ,Abnorml
532,128000,1362,70,RM,60.0,6155,Pave,,IR1,Lvl,AllPub,FR3,Gtl,BrkSide,RRNn,Feedr,1Fam,2Story,6,8,1920,1999,Gable,CompShg,Wd Sdng,Wd Sdng,None,0.0,TA,TA,BrkTil,Fa,Fa,Mn,Unf,0.0,Unf,0.0,611.0,611.0,GasA,Ex,Y,SBrkr,751,611,0,0.0,0.0,2,0,3,1,TA,6,Typ,0,,Detchd,1920.0,Fin,2.0,502.0,TA,Fa,Y,0,0,84,0,0,0,,,,0,6,2008,WD ,Normal
533,107500,827,20,RL,60.0,7200,Pave,,Reg,Lvl,AllPub,Inside,Gtl,NAmes,Norm,Norm,1Fam,1Story,5,7,1955,2007,Gable,CompShg,VinylSd,VinylSd,None,0.0,TA,TA,Slab,,,,,0.0,,0.0,0.0,0.0,GasA,Ex,Y,SBrkr,827,0,0,0.0,0.0,1,0,2,1,TA,5,Mod,1,Po,Detchd,1967.0,Unf,1.0,392.0,TA,TA,Y,0,0,0,0,0,0,,,,0,4,2010,WD ,Normal
534,39300,334,20,RL,50.0,5000,Pave,,Reg,Low,AllPub,Inside,Mod,BrkSide,Norm,Norm,1Fam,1Story,1,3,1946,1950,Gable,CompShg,VinylSd,VinylSd,None,0.0,Fa,Fa,Slab,,,,,0.0,,0.0,0.0,0.0,GasA,Fa,N,FuseF,334,0,0,0.0,0.0,1,0,1,1,Fa,2,Typ,0,,,,,0.0,0.0,,,N,0,0,0,0,0,0,,,,0,1,2007,WD ,Normal
535,178000,1414,60,RL,74.0,9056,Pave,,IR1,Lvl,AllPub,Inside,Gtl,Gilbert,Norm,Norm,1Fam,2Story,8,5,2004,2004,Gable,CompShg,VinylSd,VinylSd,None,0.0,Gd,TA,PConc,Ex,Gd,Av,Unf,0.0,Unf,0.0,707.0,707.0,GasA,Ex,Y,SBrkr,707,707,0,0.0,0.0,2,1,3,1,Gd,6,Typ,1,Gd,Attchd,2004.0,Fin,2.0,403.0,TA,TA,Y,100,35,0,0,0,0,,,,0,10,2006,WD ,Normal
536,107500,1347,190,RL,70.0,7000,Pave,,Reg,Lvl,AllPub,Inside,Gtl,Edwards,Norm,Norm,2fmCon,2Story,5,7,1910,1991,Gable,CompShg,MetalSd,MetalSd,None,0.0,TA,TA,CBlock,Gd,TA,Gd,GLQ,969.0,Unf,0.0,148.0,1117.0,GasA,TA,Y,SBrkr,820,527,0,1.0,0.0,1,0,3,1,TA,5,Typ,0,,,,,0.0,0.0,,,N,85,0,148,0,0,0,,,,0,1,2008,WD ,Normal
537,188000,1724,60,RL,57.0,8924,Pave,,IR1,Lvl,AllPub,CulDSac,Gtl,CollgCr,Norm,Norm,1Fam,2Story,7,5,1998,1999,Gable,CompShg,VinylSd,VinylSd,None,0.0,TA,TA,PConc,Gd,TA,Av,Unf,0.0,Unf,0.0,880.0,880.0,GasA,Ex,Y,SBrkr,880,844,0,0.0,0.0,2,1,3,1,Gd,8,Typ,0,,Attchd,1998.0,Fin,2.0,527.0,TA,TA,Y,120,155,0,0,0,0,,,,0,7,2008,WD ,Normal
538,111250,864,20,RL,,12735,Pave,,IR1,Lvl,AllPub,FR2,Gtl,NAmes,Norm,Norm,1Fam,1Story,4,5,1972,1972,Hip,CompShg,MetalSd,MetalSd,None,0.0,TA,TA,CBlock,TA,TA,No,BLQ,600.0,Unf,0.0,264.0,864.0,GasA,TA,Y,SBrkr,864,0,0,0.0,0.0,1,0,3,1,TA,5,Typ,0,,Detchd,1980.0,Unf,2.0,576.0,TA,TA,Y,216,0,0,0,0,0,,MnWw,,0,4,2008,COD,Normal
539,158000,1159,20,RL,,11553,Pave,,IR1,Lvl,AllPub,Inside,Gtl,Sawyer,Norm,Norm,1Fam,1Story,5,5,1968,1968,Hip,CompShg,Plywood,Plywood,BrkFace,188.0,TA,TA,CBlock,TA,TA,No,BLQ,673.0,Unf,0.0,378.0,1051.0,GasA,TA,Y,SBrkr,1159,0,0,0.0,0.0,1,1,3,1,TA,7,Typ,1,Fa,Attchd,1968.0,Unf,1.0,336.0,TA,TA,Y,466,0,0,0,0,0,,,,0,7,2006,WD ,Normal
540,272000,1601,20,RL,,11423,Pave,,Reg,Lvl,AllPub,Inside,Gtl,CollgCr,Norm,Norm,1Fam,1Story,8,5,2001,2002,Gable,CompShg,VinylSd,VinylSd,BrkFace,479.0,Gd,TA,PConc,Gd,TA,Av,GLQ,1358.0,Unf,0.0,223.0,1581.0,GasA,Ex,Y,SBrkr,1601,0,0,1.0,0.0,2,0,3,1,Gd,6,Typ,1,TA,Attchd,2001.0,RFn,2.0,670.0,TA,TA,Y,180,0,0,0,0,0,,MnPrv,Shed,2000,5,2010,WD ,Normal
541,315000,1838,20,RL,85.0,14601,Pave,,Reg,Lvl,AllPub,Inside,Gtl,Timber,Norm,Norm,1Fam,1Story,9,5,2006,2006,Hip,CompShg,VinylSd,VinylSd,BrkFace,584.0,Ex,TA,PConc,Ex,TA,Av,GLQ,1260.0,Unf,0.0,578.0,1838.0,GasA,Ex,Y,SBrkr,1838,0,0,1.0,0.0,2,0,2,1,Ex,8,Typ,1,Gd,Attchd,2006.0,Fin,3.0,765.0,TA,TA,Y,270,68,0,0,0,0,,,,0,3,2009,WD ,Normal
542,248000,2285,60,RL,,11000,Pave,,Reg,Lvl,AllPub,FR2,Gtl,NoRidge,Norm,Norm,1Fam,2Story,8,5,2000,2000,Gable,CompShg,VinylSd,VinylSd,BrkFace,72.0,Gd,TA,PConc,Gd,TA,No,Unf,0.0,Unf,0.0,969.0,969.0,GasA,Ex,Y,SBrkr,997,1288,0,0.0,0.0,2,1,4,1,Gd,8,Typ,1,TA,BuiltIn,2000.0,Fin,3.0,648.0,TA,TA,Y,0,56,0,0,0,0,,,,0,6,2007,WD ,Normal
543,213250,1680,20,RL,78.0,10140,Pave,,Reg,Lvl,AllPub,Inside,Gtl,NWAmes,RRAn,Norm,1Fam,1Story,7,5,1998,1999,Hip,CompShg,VinylSd,VinylSd,None,0.0,Gd,TA,PConc,Ex,TA,No,LwQ,144.0,GLQ,1127.0,379.0,1650.0,GasA,Ex,Y,SBrkr,1680,0,0,1.0,0.0,2,0,3,1,Gd,7,Maj1,1,TA,Attchd,1998.0,Fin,2.0,583.0,TA,TA,Y,78,73,0,0,0,0,,,,0,6,2009,WD ,Normal
544,133000,767,120,RH,34.0,4058,Pave,,Reg,Lvl,AllPub,Inside,Gtl,NAmes,Norm,Norm,TwnhsE,SFoyer,7,5,1998,1998,Gable,CompShg,MetalSd,MetalSd,BrkFace,182.0,TA,TA,PConc,Gd,TA,Av,GLQ,584.0,LwQ,139.0,0.0,723.0,GasA,Ex,Y,SBrkr,767,0,0,1.0,0.0,1,0,1,1,TA,4,Typ,0,,Attchd,1998.0,Fin,1.0,367.0,TA,TA,Y,120,40,0,0,0,0,,,,0,6,2007,WD ,Normal
545,179665,1496,60,RL,58.0,17104,Pave,,IR1,Lvl,AllPub,Inside,Gtl,Gilbert,Norm,Norm,1Fam,2Story,7,5,2006,2006,Gable,CompShg,VinylSd,VinylSd,None,0.0,Gd,TA,PConc,Gd,Gd,Av,GLQ,554.0,Unf,0.0,100.0,654.0,GasA,Ex,Y,SBrkr,664,832,0,1.0,0.0,2,1,3,1,Gd,7,Typ,1,Gd,Attchd,2006.0,RFn,2.0,426.0,TA,TA,Y,100,24,0,0,0,0,,,,0,9,2006,New,Partial
546,229000,2183,50,RL,,13837,Pave,,IR1,Lvl,AllPub,Corner,Gtl,NWAmes,Norm,Norm,1Fam,1.5Fin,7,5,1988,1988,Gable,CompShg,HdBoard,HdBoard,BrkFace,178.0,Gd,Gd,PConc,Gd,Gd,No,GLQ,1002.0,LwQ,202.0,0.0,1204.0,GasA,Gd,Y,SBrkr,1377,806,0,0.0,0.0,2,1,4,1,Gd,9,Typ,0,,Attchd,1988.0,Unf,3.0,786.0,TA,TA,Y,0,0,0,0,0,0,,,,0,2,2006,WD ,Normal
547,210000,1635,50,RL,70.0,8737,Pave,,IR1,Bnk,AllPub,Inside,Gtl,BrkSide,Norm,Norm,1Fam,1.5Fin,6,7,1923,1950,Gable,CompShg,BrkFace,Wd Sdng,None,0.0,TA,TA,BrkTil,Gd,TA,No,Rec,300.0,Unf,0.0,765.0,1065.0,GasA,Ex,Y,FuseA,915,720,0,0.0,0.0,1,1,3,1,TA,6,Typ,1,Gd,Detchd,1950.0,Unf,2.0,440.0,TA,TA,Y,0,38,0,144,0,0,,,,0,5,2007,WD ,Normal
548,129500,768,85,RL,54.0,7244,Pave,,Reg,Lvl,AllPub,Inside,Gtl,Mitchel,Norm,Norm,1Fam,SFoyer,5,7,1970,1970,Gable,CompShg,VinylSd,VinylSd,None,0.0,TA,Gd,CBlock,Gd,TA,Av,ALQ,619.0,Unf,0.0,149.0,768.0,GasA,Ex,Y,SBrkr,768,0,0,1.0,0.0,1,0,2,1,TA,5,Typ,0,,Detchd,1987.0,Unf,2.0,624.0,TA,TA,Y,104,0,0,0,0,0,,,,0,4,2007,WD ,Normal
549,125000,825,20,RM,49.0,8235,Pave,,IR1,HLS,AllPub,Inside,Gtl,OldTown,Feedr,RRNn,1Fam,1Story,5,7,1955,1995,Gable,CompShg,MetalSd,MetalSd,None,0.0,TA,Gd,CBlock,TA,TA,No,LwQ,180.0,Rec,645.0,0.0,825.0,GasA,TA,Y,SBrkr,825,0,0,1.0,0.0,1,0,2,1,TA,4,Typ,0,,Detchd,1963.0,RFn,2.0,720.0,TA,TA,Y,140,50,0,0,0,0,,MnPrv,,0,6,2008,WD ,Normal
550,263000,2094,60,FV,75.0,9375,Pave,,Reg,Lvl,AllPub,Inside,Gtl,Somerst,Norm,Norm,1Fam,2Story,7,5,2003,2004,Gable,CompShg,VinylSd,VinylSd,None,0.0,Gd,TA,PConc,Gd,TA,No,Unf,0.0,Unf,0.0,912.0,912.0,GasA,Ex,Y,SBrkr,912,1182,0,0.0,0.0,2,1,4,1,Gd,8,Typ,1,Gd,BuiltIn,2003.0,Fin,2.0,615.0,TA,TA,Y,182,182,0,0,0,0,,,,0,11,2009,WD ,Normal
551,140000,1069,120,RL,53.0,4043,Pave,,Reg,Lvl,AllPub,Inside,Gtl,NPkVill,Norm,Norm,TwnhsE,1Story,6,6,1977,1977,Gable,CompShg,Plywood,Plywood,None,0.0,TA,TA,CBlock,Gd,TA,No,ALQ,559.0,Unf,0.0,510.0,1069.0,GasA,TA,Y,SBrkr,1069,0,0,0.0,0.0,2,0,2,1,TA,4,Typ,0,,Attchd,1977.0,RFn,2.0,440.0,TA,TA,Y,0,55,0,0,200,0,,,,0,10,2008,COD,Abnorml
552,112500,928,20,RM,50.0,6000,Pave,,Reg,Lvl,AllPub,Inside,Gtl,OldTown,Norm,Norm,1Fam,1Story,5,6,1957,1957,Hip,CompShg,BrkFace,BrkFace,None,0.0,TA,TA,CBlock,TA,TA,No,Rec,308.0,Unf,0.0,620.0,928.0,GasA,Gd,Y,FuseA,928,0,0,0.0,0.0,1,0,3,1,TA,5,Typ,0,,Attchd,1957.0,Fin,1.0,288.0,TA,TA,Y,0,0,0,0,0,0,,,,0,6,2008,WD ,Normal
553,255500,1717,20,RL,87.0,11146,Pave,,IR1,Lvl,AllPub,Inside,Gtl,NridgHt,Norm,Norm,1Fam,1Story,8,5,2006,2006,Gable,CompShg,VinylSd,VinylSd,Stone,250.0,Gd,TA,PConc,Ex,TA,Av,Unf,0.0,Unf,0.0,1709.0,1709.0,GasA,Ex,Y,SBrkr,1717,0,0,0.0,0.0,2,0,3,1,Gd,7,Typ,1,Gd,Attchd,2006.0,RFn,3.0,908.0,TA,TA,Y,169,39,0,0,0,0,,,,0,7,2009,WD ,Normal
554,108000,1126,20,RL,67.0,8777,Pave,,Reg,Lvl,AllPub,Inside,Gtl,Edwards,Feedr,Norm,1Fam,1Story,4,5,1949,2003,Gable,CompShg,VinylSd,VinylSd,None,0.0,TA,TA,CBlock,,,,,0.0,,0.0,0.0,0.0,GasA,Ex,Y,SBrkr,1126,0,0,0.0,0.0,2,0,2,1,Gd,5,Typ,0,,Detchd,2002.0,Fin,2.0,520.0,TA,TA,N,0,96,0,0,0,0,,MnPrv,,0,5,2009,WD ,Normal
555,284000,2046,60,RL,85.0,10625,Pave,,Reg,Lvl,AllPub,Inside,Gtl,NridgHt,Norm,Norm,1Fam,2Story,7,5,2003,2004,Gable,CompShg,VinylSd,VinylSd,BrkFace,292.0,Gd,TA,PConc,Gd,TA,No,GLQ,866.0,Unf,0.0,132.0,998.0,GasA,Ex,Y,SBrkr,1006,1040,0,1.0,0.0,2,1,3,1,Gd,8,Typ,1,Gd,BuiltIn,2003.0,RFn,3.0,871.0,TA,TA,Y,320,62,0,0,0,0,,,,0,8,2008,WD ,Normal
556,113000,1048,45,RM,58.0,6380,Pave,,Reg,Lvl,AllPub,Inside,Gtl,BrkSide,Norm,Norm,1Fam,1.5Unf,5,6,1922,1950,Gable,CompShg,MetalSd,MetalSd,None,0.0,TA,TA,BrkTil,TA,Fa,No,Unf,0.0,Unf,0.0,993.0,993.0,GasA,TA,Y,FuseA,1048,0,0,0.0,0.0,1,0,2,1,TA,5,Typ,1,Gd,Detchd,1922.0,Unf,1.0,280.0,TA,TA,Y,0,0,116,0,0,0,,,,0,8,2006,WD ,Normal
557,141000,1092,20,RL,69.0,14850,Pave,,IR1,Lvl,AllPub,Inside,Gtl,NAmes,Norm,Norm,1Fam,1Story,5,5,1957,1957,Gable,CompShg,Wd Sdng,Wd Sdng,None,0.0,TA,TA,CBlock,TA,TA,No,Rec,895.0,Unf,0.0,197.0,1092.0,GasA,TA,Y,FuseA,1092,0,0,1.0,0.0,1,0,2,1,TA,6,Typ,1,TA,Attchd,1957.0,Fin,1.0,299.0,TA,TA,Y,268,0,0,0,122,0,,MnWw,,0,5,2006,WD ,Normal
558,108000,1336,50,C (all),60.0,11040,Pave,,Reg,Low,AllPub,Inside,Mod,IDOTRR,Norm,Norm,1Fam,1.5Fin,4,6,1920,1950,Gable,CompShg,MetalSd,MetalSd,None,0.0,TA,TA,CBlock,TA,TA,No,Rec,637.0,Unf,0.0,0.0,637.0,GasA,Gd,Y,SBrkr,897,439,0,0.0,0.0,1,1,3,1,TA,7,Typ,0,,CarPort,1994.0,Unf,1.0,570.0,TA,TA,Y,0,47,120,0,0,0,,,,0,9,2006,COD,Normal
559,175000,1446,60,RL,57.0,21872,Pave,,IR2,HLS,AllPub,FR2,Gtl,Gilbert,Norm,Norm,1Fam,2Story,7,5,1996,1997,Gable,CompShg,HdBoard,HdBoard,None,0.0,TA,TA,PConc,Gd,TA,Gd,GLQ,604.0,Unf,0.0,125.0,729.0,GasA,Ex,Y,SBrkr,729,717,0,0.0,1.0,2,1,3,1,TA,6,Typ,1,TA,Attchd,1996.0,Unf,2.0,406.0,TA,TA,Y,264,22,0,0,0,0,,,,0,8,2008,WD ,Normal
560,234000,1557,120,RL,,3196,Pave,,Reg,Lvl,AllPub,Inside,Gtl,Blmngtn,Norm,Norm,TwnhsE,1Story,7,5,2003,2004,Gable,CompShg,VinylSd,VinylSd,BrkFace,18.0,Gd,TA,PConc,Gd,TA,Gd,Unf,0.0,Unf,0.0,1374.0,1374.0,GasA,Ex,Y,SBrkr,1557,0,0,0.0,0.0,2,0,2,1,Gd,7,Typ,1,TA,Attchd,2003.0,Fin,2.0,420.0,TA,TA,Y,143,20,0,0,0,0,,,,0,10,2006,WD ,Normal
561,121500,1392,20,RL,,11341,Pave,,IR1,Lvl,AllPub,Inside,Gtl,Sawyer,Norm,Norm,1Fam,1Story,5,6,1957,1996,Hip,CompShg,Wd Sdng,Wd Sdng,BrkFace,180.0,TA,TA,CBlock,Gd,TA,No,ALQ,1302.0,Unf,0.0,90.0,1392.0,GasA,TA,Y,SBrkr,1392,0,0,1.0,0.0,1,1,3,1,TA,5,Mod,1,Gd,Detchd,1957.0,Unf,2.0,528.0,TA,TA,Y,0,0,0,0,95,0,,,,0,5,2010,WD ,Normal
562,170000,1389,20,RL,77.0,10010,Pave,,Reg,Lvl,AllPub,Inside,Mod,Mitchel,Norm,Norm,1Fam,1Story,5,5,1974,1975,Gable,CompShg,HdBoard,HdBoard,None,0.0,TA,TA,CBlock,Gd,TA,Av,ALQ,1071.0,LwQ,123.0,195.0,1389.0,GasA,Gd,Y,SBrkr,1389,0,0,1.0,0.0,1,0,2,1,TA,6,Typ,1,TA,Attchd,1975.0,RFn,2.0,418.0,TA,TA,Y,240,38,0,0,0,0,,,,0,4,2006,WD ,Normal
563,108000,996,30,RL,63.0,13907,Pave,,Reg,Lvl,AllPub,Inside,Gtl,Edwards,Norm,Norm,1Fam,1Story,5,6,1940,1969,Gable,CompShg,WdShing,Wd Shng,None,0.0,TA,TA,CBlock,TA,TA,No,BLQ,290.0,Unf,0.0,706.0,996.0,GasA,Ex,Y,SBrkr,996,0,0,1.0,0.0,1,0,3,1,TA,6,Typ,1,Gd,,,,0.0,0.0,,,Y,144,0,0,0,0,0,,,,0,7,2008,WD ,Normal
564,185000,1674,50,RL,66.0,21780,Pave,,Reg,Lvl,AllPub,Inside,Gtl,Edwards,Norm,Norm,1Fam,1.5Fin,6,7,1918,1950,Gable,CompShg,Wd Sdng,Wd Sdng,None,0.0,TA,TA,BrkTil,Gd,TA,Mn,Unf,0.0,Unf,0.0,1163.0,1163.0,GasA,Ex,Y,SBrkr,1163,511,0,0.0,0.0,2,0,4,1,TA,8,Typ,1,Gd,Detchd,1955.0,Fin,2.0,396.0,TA,TA,N,72,36,0,0,144,0,,,,0,7,2008,WD ,Normal
565,268000,2295,60,RL,,13346,Pave,,IR1,Lvl,AllPub,CulDSac,Gtl,NoRidge,Norm,Norm,1Fam,2Story,7,5,1992,2000,Gable,CompShg,HdBoard,HdBoard,None,0.0,Gd,TA,PConc,Gd,TA,No,GLQ,728.0,Unf,0.0,367.0,1095.0,GasA,Ex,Y,SBrkr,1166,1129,0,1.0,0.0,2,1,4,1,Gd,9,Typ,1,TA,Attchd,1992.0,RFn,2.0,590.0,TA,TA,Y,0,40,0,0,0,0,,,,0,7,2006,WD ,Normal
566,128000,1647,70,RL,66.0,6858,Pave,,Reg,Bnk,AllPub,Corner,Gtl,SWISU,Norm,Norm,1Fam,2Story,6,4,1915,1950,Gable,CompShg,Wd Sdng,Wd Sdng,None,0.0,TA,TA,PConc,Gd,TA,No,Unf,0.0,Unf,0.0,806.0,806.0,GasA,TA,N,FuseF,841,806,0,1.0,0.0,1,1,4,1,Fa,6,Typ,0,,Detchd,1920.0,Unf,1.0,216.0,TA,TA,Y,0,66,136,0,0,0,,,,0,5,2010,WD ,Normal
567,325000,2504,60,RL,77.0,11198,Pave,,IR1,Lvl,AllPub,Inside,Gtl,StoneBr,Norm,Norm,1Fam,2Story,9,5,2005,2007,Hip,CompShg,VinylSd,VinylSd,BrkFace,245.0,Gd,TA,PConc,Gd,Gd,No,Unf,0.0,Unf,0.0,1122.0,1122.0,GasA,Ex,Y,SBrkr,1134,1370,0,0.0,0.0,2,1,4,1,Ex,11,Typ,1,Gd,BuiltIn,2005.0,Fin,3.0,656.0,TA,TA,Y,144,39,0,0,0,0,,,,0,6,2008,WD ,Normal
568,214000,1535,20,RL,70.0,10171,Pave,,IR1,Lvl,AllPub,Inside,Gtl,NridgHt,Norm,Norm,1Fam,1Story,7,5,2004,2004,Gable,CompShg,VinylSd,VinylSd,BrkFace,168.0,Gd,TA,PConc,Gd,TA,No,GLQ,2.0,Unf,0.0,1515.0,1517.0,GasA,Ex,Y,SBrkr,1535,0,0,0.0,0.0,2,0,3,1,Gd,7,Typ,0,,Attchd,2004.0,RFn,2.0,532.0,TA,TA,Y,0,0,0,0,0,0,,,,0,3,2010,WD ,Normal
569,316600,2132,50,RL,79.0,12327,Pave,,IR1,Low,AllPub,Inside,Mod,SawyerW,Norm,Norm,1Fam,1.5Fin,8,8,1983,2009,Gable,CompShg,Wd Sdng,Wd Sdng,None,0.0,Gd,TA,CBlock,Gd,TA,Gd,GLQ,1441.0,Unf,0.0,55.0,1496.0,GasA,Ex,Y,SBrkr,1496,636,0,1.0,0.0,1,1,1,1,Gd,5,Min2,1,Gd,BuiltIn,1983.0,Fin,2.0,612.0,Gd,TA,Y,349,40,0,0,0,0,,,,0,9,2009,WD ,Normal
570,135960,943,90,RL,,7032,Pave,,IR1,Lvl,AllPub,Corner,Gtl,NAmes,Norm,Norm,Duplex,SFoyer,5,5,1979,1979,Gable,CompShg,MetalSd,MetalSd,None,0.0,TA,TA,CBlock,Gd,TA,Gd,GLQ,943.0,Unf,0.0,0.0,943.0,GasA,TA,Y,SBrkr,943,0,0,1.0,0.0,1,0,2,1,TA,4,Typ,2,TA,Detchd,1979.0,Unf,2.0,600.0,TA,TA,Y,42,0,0,0,0,0,,,,0,12,2006,WD ,Normal
571,142600,1728,90,RL,74.0,13101,Pave,,IR1,Lvl,AllPub,Inside,Gtl,NAmes,Norm,Norm,Duplex,1Story,5,5,1965,1965,Gable,CompShg,HdBoard,HdBoard,BrkFace,108.0,TA,TA,CBlock,TA,TA,No,LwQ,231.0,Unf,0.0,1497.0,1728.0,GasA,TA,Y,SBrkr,1728,0,0,0.0,0.0,2,0,6,2,TA,10,Typ,0,,Detchd,1987.0,Unf,2.0,576.0,TA,TA,Y,0,0,0,0,0,0,,,,0,11,2008,WD ,Normal
572,120000,864,20,RL,60.0,7332,Pave,,Reg,Lvl,AllPub,Inside,Gtl,NAmes,Norm,Norm,1Fam,1Story,6,6,1959,1959,Gable,CompShg,WdShing,Wd Shng,BrkFace,207.0,TA,TA,CBlock,TA,TA,No,BLQ,414.0,Unf,0.0,450.0,864.0,GasA,Ex,Y,SBrkr,864,0,0,1.0,0.0,1,0,2,1,Gd,4,Typ,0,,Attchd,1959.0,Unf,1.0,288.0,TA,TA,Y,168,0,0,0,0,0,,,,0,10,2006,WD ,Abnorml
573,224500,1692,60,RL,83.0,13159,Pave,,IR1,HLS,AllPub,Corner,Gtl,Timber,Norm,Norm,1Fam,2Story,7,5,2009,2009,Gable,CompShg,VinylSd,VinylSd,None,0.0,TA,TA,PConc,Ex,TA,Av,Unf,0.0,Unf,0.0,846.0,846.0,GasA,Gd,Y,SBrkr,846,846,0,0.0,0.0,2,1,3,1,Gd,6,Typ,0,,Attchd,2009.0,RFn,2.0,650.0,TA,TA,Y,208,114,0,0,0,0,,,,0,7,2009,New,Partial
574,170000,1430,80,RL,76.0,9967,Pave,,IR1,Lvl,AllPub,Inside,Gtl,Gilbert,Norm,Norm,1Fam,SLvl,7,5,2000,2000,Gable,CompShg,VinylSd,VinylSd,None,0.0,TA,TA,PConc,Gd,TA,No,Unf,0.0,Unf,0.0,384.0,384.0,GasA,Ex,Y,SBrkr,774,656,0,0.0,0.0,2,1,3,1,TA,8,Typ,1,TA,BuiltIn,2000.0,RFn,2.0,400.0,TA,TA,Y,100,0,0,0,0,0,,,,0,12,2007,WD ,Normal
575,139000,1109,80,RL,70.0,10500,Pave,,Reg,Lvl,AllPub,FR2,Gtl,NAmes,Norm,Norm,1Fam,SLvl,5,7,1971,2005,Gambrel,CompShg,MetalSd,AsphShn,BrkFace,82.0,TA,TA,CBlock,TA,TA,Av,ALQ,349.0,Unf,0.0,23.0,372.0,GasA,TA,Y,SBrkr,576,533,0,0.0,1.0,1,0,3,1,TA,5,Typ,0,,BuiltIn,1971.0,Unf,1.0,288.0,TA,TA,Y,35,0,0,0,0,0,,GdWo,,0,12,2007,WD ,Normal
576,118500,1216,50,RL,80.0,8480,Pave,,Reg,Lvl,AllPub,Inside,Gtl,NAmes,Norm,Norm,1Fam,1.5Fin,5,5,1947,1950,Gable,CompShg,MetalSd,MetalSd,None,0.0,TA,TA,CBlock,TA,TA,No,Rec,442.0,Unf,0.0,390.0,832.0,GasA,TA,Y,SBrkr,832,384,0,0.0,0.0,1,0,2,1,TA,6,Typ,0,,Detchd,1947.0,Unf,1.0,336.0,TA,TA,Y,158,0,102,0,0,0,,,,0,10,2008,COD,Abnorml
577,145000,1477,50,RL,52.0,6292,Pave,,Reg,Lvl,AllPub,Inside,Gtl,SWISU,Norm,Norm,1Fam,1.5Fin,7,7,1928,1950,Gable,CompShg,Wd Sdng,Wd Sdng,None,0.0,TA,TA,BrkTil,TA,TA,No,Unf,0.0,Unf,0.0,861.0,861.0,GasA,Gd,Y,SBrkr,877,600,0,0.0,1.0,2,0,3,1,TA,6,Typ,1,Gd,Detchd,1928.0,Unf,1.0,216.0,TA,TA,Y,0,50,0,0,0,0,,,,0,8,2009,WD ,Normal
578,164500,1320,80,RL,96.0,11777,Pave,,IR1,Lvl,AllPub,Inside,Gtl,Sawyer,Norm,Norm,1Fam,SLvl,5,6,1966,1966,Gable,CompShg,VinylSd,VinylSd,BrkFace,97.0,TA,TA,CBlock,TA,TA,Av,LwQ,328.0,ALQ,551.0,285.0,1164.0,GasA,Ex,Y,SBrkr,1320,0,0,1.0,0.0,1,0,3,1,TA,6,Typ,2,Fa,Attchd,1966.0,RFn,2.0,564.0,TA,TA,Y,160,68,240,0,0,0,,,,0,5,2006,WD ,Abnorml
579,146000,1392,160,FV,34.0,3604,Pave,Pave,Reg,Lvl,AllPub,Corner,Gtl,Somerst,Norm,Norm,TwnhsE,2Story,7,5,2007,2007,Gable,CompShg,VinylSd,VinylSd,None,0.0,Gd,TA,PConc,Gd,TA,No,Unf,0.0,Unf,0.0,689.0,689.0,GasA,Ex,Y,SBrkr,703,689,0,0.0,0.0,2,0,2,1,Gd,5,Typ,0,,Detchd,2007.0,Unf,2.0,540.0,TA,TA,Y,0,102,0,0,0,0,,,,0,2,2008,WD ,Abnorml
580,131500,1795,50,RM,81.0,12150,Pave,Grvl,Reg,Lvl,AllPub,Inside,Gtl,OldTown,Norm,Norm,1Fam,1.5Fin,5,5,1954,1954,Gable,CompShg,MetalSd,MetalSd,BrkFace,335.0,TA,TA,BrkTil,TA,TA,No,Unf,0.0,Unf,0.0,1050.0,1050.0,GasA,Ex,N,FuseF,1050,745,0,0.0,0.0,2,0,4,1,TA,7,Typ,0,,Attchd,1954.0,Unf,1.0,352.0,Fa,TA,Y,0,0,0,0,0,0,,,,0,11,2008,WD ,Normal
581,181900,1429,20,RL,,14585,Pave,,IR1,Lvl,AllPub,CulDSac,Gtl,NAmes,Norm,Norm,1Fam,1Story,6,6,1960,1987,Gable,CompShg,Wd Sdng,Wd Sdng,BrkFace,85.0,TA,TA,CBlock,TA,TA,No,BLQ,594.0,Rec,219.0,331.0,1144.0,GasA,Ex,Y,SBrkr,1429,0,0,0.0,1.0,1,0,3,1,Gd,7,Typ,2,Gd,Attchd,1960.0,Unf,2.0,572.0,TA,TA,Y,216,110,0,0,0,0,,,,0,6,2007,WD ,Normal
582,253293,2042,20,RL,98.0,12704,Pave,,Reg,Lvl,AllPub,Inside,Gtl,NridgHt,Norm,Norm,1Fam,1Story,8,5,2008,2009,Hip,CompShg,VinylSd,VinylSd,BrkFace,306.0,Ex,TA,PConc,Ex,TA,No,Unf,0.0,Unf,0.0,2042.0,2042.0,GasA,Ex,Y,SBrkr,2042,0,0,0.0,0.0,2,1,3,1,Ex,8,Typ,1,Gd,Attchd,2009.0,RFn,3.0,1390.0,TA,TA,Y,0,90,0,0,0,0,,,,0,8,2009,New,Partial
583,118500,816,90,RL,81.0,11841,Grvl,,Reg,Lvl,AllPub,Inside,Gtl,Edwards,Norm,Norm,Duplex,SFoyer,6,5,1990,1990,Gable,CompShg,HdBoard,HdBoard,BrkFace,104.0,TA,Gd,CBlock,Gd,TA,Av,GLQ,816.0,Unf,0.0,0.0,816.0,GasA,TA,Y,SBrkr,816,0,0,1.0,0.0,1,0,3,1,TA,5,Typ,0,,,,,0.0,0.0,,,Y,0,32,0,0,0,0,,,,0,5,2007,WD ,Normal
584,325000,2775,75,RM,75.0,13500,Pave,,Reg,Lvl,AllPub,Inside,Gtl,OldTown,Artery,PosA,1Fam,2.5Unf,10,9,1893,2000,Gable,CompShg,Wd Sdng,Wd Sdng,None,0.0,Ex,Ex,BrkTil,TA,TA,No,Unf,0.0,Unf,0.0,1237.0,1237.0,GasA,Gd,Y,SBrkr,1521,1254,0,0.0,0.0,3,1,3,1,Gd,9,Typ,1,Gd,Detchd,1988.0,Unf,2.0,880.0,Gd,TA,Y,105,502,0,0,0,0,,,,0,7,2008,WD ,Normal
585,133000,1573,50,RM,51.0,6120,Pave,,Reg,Lvl,AllPub,Inside,Gtl,BrkSide,Norm,Norm,1Fam,1.5Fin,4,7,1935,1995,Gable,CompShg,AsbShng,AsbShng,None,0.0,TA,TA,BrkTil,TA,TA,No,Unf,0.0,Unf,0.0,884.0,884.0,GasA,Ex,Y,SBrkr,989,584,0,0.0,0.0,1,0,3,1,Gd,6,Typ,0,,Detchd,1935.0,Unf,1.0,240.0,TA,TA,Y,0,0,54,0,120,0,,,,0,7,2009,WD ,Normal
586,369900,2028,20,RL,88.0,11443,Pave,,Reg,Lvl,AllPub,Inside,Gtl,Timber,Norm,Norm,1Fam,1Story,8,5,2005,2006,Hip,CompShg,VinylSd,VinylSd,BrkFace,208.0,Gd,TA,PConc,Ex,TA,Gd,GLQ,1460.0,Unf,0.0,408.0,1868.0,GasA,Ex,Y,SBrkr,2028,0,0,1.0,0.0,2,0,2,1,Gd,7,Typ,2,Gd,Attchd,2005.0,RFn,3.0,880.0,TA,TA,Y,326,66,0,0,0,0,,,,0,3,2006,New,Partial
587,130000,838,30,RL,55.0,10267,Pave,,Reg,Lvl,AllPub,Inside,Gtl,BrkSide,RRAn,Norm,1Fam,1Story,6,7,1918,2000,Gable,CompShg,Stucco,Wd Shng,None,0.0,TA,Gd,BrkTil,TA,Gd,Mn,Rec,210.0,ALQ,606.0,0.0,816.0,GasA,Ex,Y,SBrkr,838,0,0,1.0,0.0,1,0,2,1,Fa,5,Typ,0,,Detchd,1961.0,Fin,1.0,275.0,TA,TA,N,0,0,112,0,0,0,,MnWw,,0,5,2008,WD ,Normal
588,137000,860,85,RL,74.0,8740,Pave,,IR1,Lvl,AllPub,Inside,Gtl,Sawyer,Norm,Norm,1Fam,SFoyer,5,6,1982,1982,Hip,CompShg,HdBoard,HdBoard,None,0.0,TA,TA,CBlock,TA,TA,Av,ALQ,672.0,Unf,0.0,168.0,840.0,GasA,TA,Y,SBrkr,860,0,0,1.0,0.0,1,0,2,1,TA,4,Typ,0,,Detchd,1996.0,Unf,2.0,528.0,TA,TA,Y,0,0,0,0,0,0,,,,0,7,2009,WD ,Normal
589,143000,1473,20,RL,65.0,25095,Pave,,IR1,Low,AllPub,Inside,Sev,ClearCr,Norm,Norm,1Fam,1Story,5,8,1968,2003,Flat,Tar&Grv,Wd Sdng,Wd Sdng,None,0.0,TA,TA,CBlock,TA,TA,Gd,GLQ,1324.0,Unf,0.0,113.0,1437.0,GasA,Ex,Y,SBrkr,1473,0,0,2.0,0.0,1,0,1,1,Ex,5,Typ,2,Gd,Attchd,1968.0,Unf,1.0,452.0,TA,TA,Y,0,48,0,0,60,0,,,,0,6,2009,WD ,Partial
590,79500,935,40,RM,50.0,9100,Pave,,Reg,Lvl,AllPub,Inside,Gtl,BrkSide,RRAn,Feedr,1Fam,1Story,5,6,1930,1960,Gable,CompShg,VinylSd,VinylSd,None,0.0,TA,TA,BrkTil,TA,TA,No,Unf,0.0,Unf,0.0,742.0,742.0,GasA,TA,Y,FuseA,779,0,156,0.0,0.0,1,0,2,1,TA,4,Typ,0,,Detchd,1988.0,Unf,1.0,308.0,TA,TA,P,0,0,0,0,0,0,,,Shed,600,8,2008,WD ,Normal
591,185900,1582,60,RL,64.0,8320,Pave,,Reg,Lvl,AllPub,Inside,Gtl,CollgCr,Norm,Norm,1Fam,2Story,7,5,2004,2004,Gable,CompShg,VinylSd,VinylSd,None,0.0,Gd,TA,PConc,Gd,TA,No,GLQ,490.0,Unf,0.0,280.0,770.0,GasA,Ex,Y,SBrkr,770,812,0,0.0,0.0,2,1,3,1,Gd,6,Typ,0,,Attchd,2004.0,RFn,2.0,520.0,TA,TA,Y,0,45,0,0,0,0,,,,0,9,2008,WD ,Normal
592,451950,2296,60,RL,97.0,13478,Pave,,IR1,Lvl,AllPub,Corner,Gtl,NridgHt,Norm,Norm,1Fam,2Story,10,5,2008,2008,Gable,CompShg,CemntBd,CmentBd,Stone,420.0,Ex,TA,PConc,Ex,TA,Gd,GLQ,1338.0,Unf,0.0,384.0,1722.0,GasA,Ex,Y,SBrkr,1728,568,0,1.0,0.0,2,1,3,1,Ex,10,Typ,1,Gd,BuiltIn,2008.0,RFn,3.0,842.0,TA,TA,Y,382,274,0,0,0,0,,,,0,6,2009,ConLI,Normal
593,138000,816,20,RL,60.0,6600,Pave,,Reg,Lvl,AllPub,Inside,Gtl,Mitchel,Norm,Norm,1Fam,1Story,5,8,1982,2003,Gable,CompShg,HdBoard,HdBoard,None,0.0,TA,Gd,PConc,TA,Gd,No,GLQ,816.0,Unf,0.0,0.0,816.0,GasA,Ex,Y,SBrkr,816,0,0,1.0,0.0,1,0,2,1,TA,4,Typ,0,,Detchd,1985.0,Fin,2.0,816.0,TA,TA,Y,0,0,0,0,0,0,,,,0,6,2008,WD ,Normal
594,140000,848,120,RM,,4435,Pave,,Reg,Lvl,AllPub,Inside,Gtl,CollgCr,Norm,Norm,TwnhsE,1Story,6,5,2003,2003,Gable,CompShg,VinylSd,VinylSd,BrkFace,170.0,Gd,TA,PConc,Gd,TA,Av,GLQ,685.0,Unf,0.0,163.0,848.0,GasA,Ex,Y,SBrkr,848,0,0,1.0,0.0,1,0,1,1,Gd,4,Typ,0,,Attchd,2003.0,Fin,2.0,420.0,TA,TA,Y,140,0,0,0,0,0,,,,0,5,2009,WD ,Normal
595,110000,924,20,RL,88.0,7990,Pave,,IR1,Lvl,AllPub,Inside,Gtl,CollgCr,Norm,Norm,1Fam,1Story,5,6,1975,1975,Hip,CompShg,HdBoard,HdBoard,None,0.0,TA,TA,CBlock,Gd,TA,No,Unf,0.0,Unf,0.0,924.0,924.0,GasA,TA,Y,SBrkr,924,0,0,0.0,0.0,1,0,3,1,TA,5,Typ,0,,Detchd,1981.0,Unf,1.0,280.0,TA,TA,Y,0,0,0,0,0,0,,MnPrv,,0,4,2008,WD ,Normal
596,319000,1826,20,RL,69.0,11302,Pave,,IR1,Lvl,AllPub,Inside,Gtl,StoneBr,Norm,Norm,1Fam,1Story,8,5,2005,2006,Gable,CompShg,VinylSd,Other,BrkFace,238.0,Gd,TA,PConc,Gd,TA,Gd,GLQ,1422.0,Unf,0.0,392.0,1814.0,GasA,Ex,Y,SBrkr,1826,0,0,1.0,0.0,2,0,3,1,Gd,7,Typ,1,TA,Attchd,2005.0,Fin,3.0,758.0,TA,TA,Y,180,75,0,0,120,0,,,,0,8,2006,New,Partial
597,114504,1368,70,RM,60.0,3600,Pave,Grvl,Reg,Lvl,AllPub,Inside,Gtl,OldTown,Norm,Norm,1Fam,2Story,6,7,1910,1993,Gable,CompShg,VinylSd,VinylSd,None,0.0,TA,TA,CBlock,TA,TA,No,Unf,0.0,Unf,0.0,684.0,684.0,GasA,Ex,N,FuseA,684,684,0,0.0,0.0,1,0,3,1,TA,7,Typ,0,,Detchd,1930.0,Unf,1.0,216.0,TA,Fa,N,0,158,0,0,0,0,,,,0,10,2006,WD ,Normal
598,194201,1402,120,RL,53.0,3922,Pave,,Reg,Lvl,AllPub,Inside,Gtl,Blmngtn,Norm,Norm,TwnhsE,1Story,7,5,2006,2007,Gable,CompShg,VinylSd,VinylSd,BrkFace,72.0,Gd,TA,PConc,Ex,TA,Av,Unf,0.0,Unf,0.0,1258.0,1258.0,GasA,Ex,Y,SBrkr,1402,0,0,0.0,2.0,0,2,2,1,Gd,7,Typ,1,Gd,Attchd,2006.0,Fin,3.0,648.0,TA,TA,Y,120,16,0,0,0,0,,,,0,2,2007,New,Partial
599,217500,1647,20,RL,80.0,12984,Pave,,Reg,Bnk,AllPub,Inside,Gtl,Crawfor,Norm,Norm,1Fam,1Story,5,6,1977,1977,Gable,CompShg,Plywood,Plywood,BrkFace,459.0,TA,TA,CBlock,Gd,TA,Mn,ALQ,1283.0,LwQ,147.0,0.0,1430.0,GasA,Ex,Y,SBrkr,1647,0,0,1.0,0.0,2,0,3,1,Gd,7,Typ,1,TA,Attchd,1977.0,Fin,2.0,621.0,TA,TA,Y,0,0,0,0,0,0,,,,0,3,2006,WD ,Normal
600,151000,1556,160,RM,24.0,1950,Pave,,Reg,Lvl,AllPub,Inside,Gtl,Blueste,Norm,Norm,Twnhs,2Story,6,6,1980,1980,Gable,CompShg,MetalSd,MetalSd,None,0.0,TA,Gd,CBlock,Gd,TA,No,LwQ,81.0,GLQ,612.0,23.0,716.0,GasA,TA,Y,SBrkr,716,840,0,1.0,0.0,2,1,3,1,TA,6,Typ,1,TA,Attchd,1980.0,Fin,2.0,452.0,TA,TA,Y,161,0,0,0,0,0,,GdPrv,,0,7,2008,COD,Normal
601,275000,1904,60,RL,74.0,10927,Pave,,Reg,Lvl,AllPub,Inside,Gtl,NridgHt,Norm,Norm,1Fam,2Story,8,5,2005,2005,Gable,CompShg,VinylSd,VinylSd,BrkFace,280.0,Gd,TA,PConc,Gd,TA,Av,GLQ,546.0,Unf,0.0,512.0,1058.0,GasA,Ex,Y,SBrkr,1058,846,0,1.0,0.0,2,1,3,1,Ex,8,Typ,1,Gd,BuiltIn,2003.0,Fin,2.0,736.0,TA,TA,Y,179,60,0,0,0,0,,,,0,6,2006,WD ,Normal
602,141000,1375,50,RM,50.0,9000,Pave,,Reg,Bnk,AllPub,Inside,Gtl,IDOTRR,Norm,Norm,1Fam,1.5Fin,6,6,1937,1950,Gable,CompShg,Wd Sdng,Wd Sdng,None,0.0,TA,Gd,PConc,TA,TA,No,Unf,0.0,Unf,0.0,780.0,780.0,GasA,TA,Y,SBrkr,780,595,0,0.0,0.0,1,1,3,1,Gd,6,Typ,1,Gd,Detchd,1979.0,Unf,1.0,544.0,TA,TA,P,0,162,0,0,126,0,,,,0,12,2007,WD ,Normal
603,220000,1915,60,RL,80.0,10041,Pave,,IR1,Lvl,AllPub,Inside,Gtl,SawyerW,Norm,Norm,1Fam,2Story,8,5,1992,1992,Gable,CompShg,HdBoard,HdBoard,None,0.0,Gd,TA,PConc,Gd,TA,Mn,GLQ,789.0,Unf,0.0,119.0,908.0,GasA,Ex,Y,SBrkr,927,988,0,1.0,0.0,2,1,3,1,Gd,8,Typ,1,TA,Attchd,1992.0,Fin,2.0,506.0,TA,TA,Y,120,150,0,0,0,0,,,,0,2,2006,WD ,Abnorml
604,151000,1200,160,FV,30.0,3182,Pave,Pave,Reg,Lvl,AllPub,Inside,Gtl,Somerst,Norm,Norm,TwnhsE,2Story,7,5,2004,2005,Gable,CompShg,MetalSd,MetalSd,None,0.0,Gd,TA,PConc,Gd,TA,No,Unf,0.0,Unf,0.0,600.0,600.0,GasA,Ex,Y,SBrkr,600,600,0,0.0,0.0,2,1,2,1,Gd,4,Typ,0,,Detchd,2004.0,RFn,2.0,480.0,TA,TA,Y,0,172,0,0,0,0,,,,0,6,2010,WD ,Normal
605,221000,1494,20,RL,88.0,12803,Pave,,IR1,Lvl,AllPub,Inside,Gtl,CollgCr,Norm,Norm,1Fam,1Story,7,5,2002,2002,Gable,CompShg,VinylSd,VinylSd,BrkFace,99.0,Gd,TA,PConc,Gd,TA,Mn,GLQ,922.0,Unf,0.0,572.0,1494.0,GasA,Ex,Y,SBrkr,1494,0,0,1.0,0.0,2,0,3,1,Gd,6,Typ,1,TA,Attchd,2002.0,RFn,2.0,530.0,TA,TA,Y,192,36,0,0,0,0,,,,0,9,2008,WD ,Normal
606,205000,1986,60,RL,85.0,13600,Pave,,Reg,Lvl,AllPub,Inside,Gtl,NAmes,Norm,Norm,1Fam,2Story,7,6,1965,1990,Gable,CompShg,HdBoard,HdBoard,BrkFace,176.0,TA,TA,CBlock,TA,TA,No,BLQ,454.0,Unf,0.0,314.0,768.0,GasA,TA,Y,SBrkr,1186,800,0,0.0,0.0,2,1,3,1,TA,7,Typ,3,Fa,Attchd,1965.0,Unf,2.0,486.0,TA,TA,Y,0,42,0,0,189,0,,,,0,10,2009,WD ,Normal
607,152000,1040,20,RL,82.0,12464,Pave,,IR2,Low,AllPub,Corner,Mod,CollgCr,Norm,Norm,1Fam,1Story,5,5,1996,1996,Gable,CompShg,VinylSd,VinylSd,None,0.0,TA,Gd,PConc,Gd,TA,No,GLQ,732.0,Unf,0.0,308.0,1040.0,GasA,Gd,Y,SBrkr,1040,0,0,1.0,0.0,1,0,3,1,Gd,6,Typ,0,,Detchd,2000.0,Unf,2.0,576.0,TA,TA,Y,168,0,0,0,0,0,,GdPrv,,0,11,2009,WD ,Normal
608,225000,2008,20,RL,78.0,7800,Pave,,Reg,Bnk,AllPub,Inside,Mod,Edwards,Norm,Norm,1Fam,2Story,5,8,1948,2002,Gable,CompShg,MetalSd,MetalSd,None,0.0,TA,Gd,CBlock,TA,Gd,No,GLQ,603.0,Unf,0.0,293.0,896.0,GasA,Ex,Y,SBrkr,1112,896,0,1.0,0.0,3,0,3,1,Ex,8,Typ,0,,Attchd,1948.0,Unf,1.0,230.0,TA,TA,Y,103,0,0,0,0,0,,,,0,8,2006,WD ,Normal
609,359100,3194,70,RL,78.0,12168,Pave,,Reg,HLS,AllPub,Inside,Mod,Crawfor,Norm,Norm,1Fam,2Story,8,6,1934,1998,Gable,CompShg,BrkFace,Wd Sdng,None,0.0,TA,TA,PConc,Gd,TA,Mn,BLQ,428.0,Unf,0.0,537.0,965.0,GasA,TA,Y,SBrkr,1940,1254,0,0.0,0.0,2,1,4,1,TA,10,Typ,2,Gd,Basment,1934.0,Unf,2.0,380.0,TA,TA,Y,0,0,0,0,0,0,,,,0,9,2007,WD ,Alloca
610,118500,1029,20,RL,61.0,7943,Pave,,Reg,Lvl,AllPub,Inside,Gtl,Sawyer,Feedr,Norm,1Fam,1Story,4,5,1961,1961,Gable,CompShg,VinylSd,VinylSd,BrkCmn,192.0,TA,Fa,CBlock,TA,TA,Mn,Rec,903.0,Unf,0.0,126.0,1029.0,GasA,Gd,Y,SBrkr,1029,0,0,1.0,0.0,1,0,3,1,TA,5,Typ,0,,Attchd,1961.0,Unf,1.0,261.0,TA,TA,Y,64,0,39,0,0,0,,,,0,4,2007,WD ,Normal
611,313000,2153,60,RL,,11050,Pave,,Reg,Lvl,AllPub,Inside,Gtl,CollgCr,PosN,Norm,1Fam,2Story,9,5,2000,2000,Hip,CompShg,VinylSd,VinylSd,BrkFace,204.0,Gd,TA,PConc,Ex,TA,Mn,GLQ,904.0,Unf,0.0,536.0,1440.0,GasA,Ex,Y,SBrkr,1476,677,0,1.0,0.0,2,1,3,1,Ex,8,Typ,2,Ex,Attchd,2000.0,Fin,3.0,736.0,TA,TA,Y,253,142,0,0,0,0,,,,0,5,2009,WD ,Normal
612,148000,1032,80,RL,,10395,Pave,,IR1,Lvl,AllPub,FR2,Gtl,NWAmes,Norm,Norm,1Fam,SLvl,6,6,1978,1978,Gable,CompShg,HdBoard,HdBoard,BrkFace,233.0,TA,TA,CBlock,Gd,TA,Av,ALQ,605.0,Unf,0.0,427.0,1032.0,GasA,TA,Y,SBrkr,1032,0,0,0.0,1.0,2,0,3,1,TA,6,Typ,1,TA,Attchd,1978.0,Unf,2.0,564.0,TA,TA,Y,0,0,0,0,0,0,,MnPrv,Shed,500,7,2007,WD ,Normal
613,261500,1872,60,RL,,11885,Pave,,Reg,Lvl,AllPub,Inside,Gtl,CollgCr,Norm,Norm,1Fam,2Story,8,5,2001,2001,Gable,CompShg,VinylSd,VinylSd,BrkFace,108.0,Gd,TA,PConc,Gd,TA,Av,GLQ,990.0,Unf,0.0,309.0,1299.0,GasA,Ex,Y,SBrkr,1299,573,0,1.0,0.0,2,1,3,1,Ex,7,Typ,1,TA,BuiltIn,2001.0,RFn,2.0,531.0,TA,TA,Y,160,122,0,0,0,0,,,,0,11,2009,WD ,Normal
614,147000,1120,20,RL,70.0,8402,Pave,,Reg,Lvl,AllPub,Inside,Gtl,Mitchel,Feedr,Norm,1Fam,1Story,5,5,2007,2007,Gable,CompShg,VinylSd,VinylSd,None,0.0,TA,TA,PConc,Gd,TA,No,ALQ,206.0,Unf,0.0,914.0,1120.0,GasA,Ex,Y,SBrkr,1120,0,0,0.0,0.0,1,0,3,1,TA,6,Typ,0,,,,,0.0,0.0,,,Y,0,30,0,0,0,0,,,,0,12,2007,New,Partial
615,75500,630,180,RM,21.0,1491,Pave,,Reg,Lvl,AllPub,Inside,Gtl,MeadowV,Norm,Norm,TwnhsE,SFoyer,4,6,1972,1972,Gable,CompShg,CemntBd,CmentBd,None,0.0,TA,TA,CBlock,Gd,TA,Av,LwQ,150.0,GLQ,480.0,0.0,630.0,GasA,Ex,Y,SBrkr,630,0,0,1.0,0.0,1,0,1,1,TA,3,Typ,0,,,,,0.0,0.0,,,Y,96,24,0,0,0,0,,,,0,5,2010,WD ,Normal
616,137500,1054,85,RL,80.0,8800,Pave,,Reg,Lvl,AllPub,Inside,Gtl,NAmes,Feedr,Norm,1Fam,SFoyer,6,7,1963,1963,Gable,CompShg,MetalSd,MetalSd,BrkFace,156.0,TA,Gd,PConc,TA,TA,Gd,GLQ,763.0,Unf,0.0,173.0,936.0,GasA,Ex,Y,SBrkr,1054,0,0,1.0,0.0,1,0,3,1,Gd,6,Typ,0,,Attchd,1963.0,RFn,2.0,480.0,TA,TA,Y,120,0,0,0,0,0,,MnPrv,,0,5,2010,WD ,Abnorml
617,183200,1509,60,RL,,7861,Pave,,IR1,Lvl,AllPub,Inside,Gtl,Gilbert,Norm,Norm,1Fam,2Story,6,5,2002,2003,Gable,CompShg,VinylSd,VinylSd,None,0.0,Gd,TA,PConc,Gd,TA,No,GLQ,457.0,Unf,0.0,326.0,783.0,GasA,Ex,Y,SBrkr,807,702,0,1.0,0.0,2,1,3,1,Gd,7,Typ,1,Gd,Attchd,2002.0,Fin,2.0,393.0,TA,TA,Y,100,75,0,0,0,0,,,,0,6,2006,WD ,Normal
618,105500,832,45,RL,59.0,7227,Pave,,Reg,HLS,AllPub,Corner,Mod,NAmes,Artery,Norm,1Fam,1.5Unf,6,6,1954,1954,Gable,CompShg,MetalSd,MetalSd,None,0.0,TA,TA,CBlock,TA,TA,No,Unf,0.0,Unf,0.0,832.0,832.0,GasA,Gd,Y,SBrkr,832,0,0,0.0,0.0,1,0,2,1,Gd,4,Typ,0,,Detchd,1962.0,Unf,2.0,528.0,TA,TA,Y,0,0,0,0,0,0,,,,0,6,2008,WD ,Normal
619,314813,1828,20,RL,90.0,11694,Pave,,Reg,Lvl,AllPub,Inside,Gtl,NridgHt,Norm,Norm,1Fam,1Story,9,5,2007,2007,Hip,CompShg,CemntBd,CmentBd,BrkFace,452.0,Ex,TA,PConc,Ex,TA,Av,GLQ,48.0,Unf,0.0,1774.0,1822.0,GasA,Ex,Y,SBrkr,1828,0,0,0.0,0.0,2,0,3,1,Gd,9,Typ,1,Gd,Attchd,2007.0,Unf,3.0,774.0,TA,TA,Y,0,108,0,0,260,0,,,,0,7,2007,New,Partial
620,305000,2262,60,RL,85.0,12244,Pave,,Reg,Lvl,AllPub,Inside,Gtl,Timber,Norm,Norm,1Fam,2Story,8,5,2003,2003,Hip,CompShg,VinylSd,VinylSd,Stone,226.0,Gd,TA,PConc,Gd,TA,Gd,GLQ,871.0,Unf,0.0,611.0,1482.0,GasA,Ex,Y,SBrkr,1482,780,0,1.0,0.0,2,1,4,1,Gd,10,Typ,2,Gd,Attchd,2003.0,Fin,3.0,749.0,TA,TA,Y,168,0,0,0,0,0,,,,0,8,2008,WD ,Normal
621,67000,864,30,RL,45.0,8248,Pave,Grvl,Reg,Lvl,AllPub,Inside,Gtl,Edwards,Norm,Norm,1Fam,1Story,3,3,1914,1950,Gable,CompShg,Stucco,Stucco,None,0.0,TA,TA,BrkTil,TA,TA,No,BLQ,41.0,Unf,0.0,823.0,864.0,GasA,TA,N,FuseF,864,0,0,1.0,0.0,1,0,2,1,TA,5,Typ,0,,,,,0.0,0.0,,,N,0,0,100,0,0,0,,,,0,9,2008,WD ,Normal
622,240000,2614,60,RL,90.0,10800,Pave,,Reg,Lvl,AllPub,Inside,Gtl,NWAmes,Norm,Norm,1Fam,2Story,6,7,1974,1997,Gable,CompShg,HdBoard,HdBoard,None,0.0,TA,TA,CBlock,TA,TA,No,ALQ,956.0,Rec,182.0,384.0,1522.0,GasA,TA,Y,SBrkr,1548,1066,0,0.0,0.0,2,1,4,1,TA,9,Typ,1,TA,Attchd,1974.0,RFn,2.0,624.0,TA,TA,Y,38,243,0,0,0,0,,,,0,6,2008,WD ,Normal
623,135000,980,20,RL,71.0,7064,Pave,,Reg,Lvl,AllPub,Inside,Gtl,Sawyer,Norm,Norm,1Fam,1Story,5,6,1977,1977,Gable,CompShg,Plywood,Plywood,BrkFace,153.0,TA,TA,CBlock,TA,TA,No,BLQ,560.0,Unf,0.0,420.0,980.0,GasA,TA,Y,SBrkr,980,0,0,0.0,0.0,1,0,3,1,TA,6,Typ,0,,Detchd,1986.0,Unf,2.0,484.0,TA,TA,Y,192,0,0,0,0,0,,,,0,7,2009,WD ,Normal
624,168500,1512,160,FV,,2117,Pave,,Reg,Lvl,AllPub,Inside,Gtl,Somerst,Norm,Norm,TwnhsE,2Story,6,5,2000,2000,Gable,CompShg,MetalSd,MetalSd,BrkFace,513.0,Gd,TA,PConc,Gd,TA,No,GLQ,420.0,Unf,0.0,336.0,756.0,GasA,Ex,Y,SBrkr,756,756,0,0.0,0.0,2,1,2,1,Gd,4,Typ,1,TA,Detchd,2000.0,Unf,2.0,440.0,TA,TA,Y,0,32,0,0,0,0,,,,0,6,2007,WD ,Normal
625,165150,1790,60,RL,80.0,10400,Pave,,Reg,Lvl,AllPub,Inside,Gtl,NWAmes,Norm,Norm,1Fam,2Story,6,5,1972,1972,Gable,CompShg,VinylSd,VinylSd,None,288.0,TA,TA,CBlock,TA,TA,No,Rec,247.0,Unf,0.0,485.0,732.0,GasA,Gd,Y,SBrkr,1012,778,0,1.0,0.0,1,2,4,1,TA,8,Min2,1,TA,Attchd,1972.0,RFn,2.0,484.0,TA,TA,Y,148,0,0,0,147,0,,,,0,11,2006,WD ,Normal
626,160000,1116,20,RL,87.0,10000,Pave,,IR1,Lvl,AllPub,Corner,Gtl,NAmes,Norm,Norm,1Fam,1Story,6,6,1962,1962,Hip,CompShg,Wd Sdng,Wd Sdng,BrkFace,261.0,TA,TA,CBlock,TA,TA,No,Unf,0.0,Unf,0.0,1116.0,1116.0,GasA,TA,Y,SBrkr,1116,0,0,0.0,0.0,1,1,3,1,TA,5,Typ,0,,Attchd,1962.0,Unf,2.0,440.0,TA,TA,Y,0,0,0,0,385,0,,,,0,2,2010,WD ,Normal
627,139900,1422,20,RL,,12342,Pave,,IR1,Lvl,AllPub,Inside,Gtl,NAmes,Norm,Norm,1Fam,1Story,5,5,1960,1978,Hip,CompShg,Wd Sdng,Wd Sdng,None,0.0,TA,TA,CBlock,TA,TA,No,Unf,0.0,Unf,0.0,978.0,978.0,GasA,TA,Y,SBrkr,1422,0,0,0.0,0.0,1,0,3,1,TA,6,Min1,1,TA,Attchd,1960.0,RFn,1.0,286.0,TA,TA,Y,0,0,36,0,0,0,,GdWo,Shed,600,8,2007,WD ,Normal
628,153000,1520,80,RL,80.0,9600,Pave,,Reg,Lvl,AllPub,Inside,Gtl,NAmes,Norm,Norm,1Fam,SLvl,6,6,1955,1972,Gable,CompShg,AsbShng,AsbShng,BrkFace,164.0,TA,TA,CBlock,TA,TA,Av,BLQ,674.0,LwQ,132.0,350.0,1156.0,GasA,Ex,Y,SBrkr,1520,0,0,1.0,0.0,1,0,3,1,TA,7,Typ,2,Gd,Basment,1955.0,RFn,1.0,364.0,TA,TA,Y,0,0,189,0,0,0,,,,0,3,2010,WD ,Normal
629,135000,2080,60,RL,70.0,11606,Pave,,IR1,HLS,AllPub,Inside,Sev,NAmes,Norm,Norm,1Fam,2Story,5,5,1969,1969,Gable,CompShg,Plywood,Plywood,BrkFace,192.0,TA,TA,PConc,Gd,TA,Av,Rec,650.0,Unf,0.0,390.0,1040.0,GasA,TA,Y,SBrkr,1040,1040,0,0.0,1.0,1,2,5,1,Fa,9,Typ,2,TA,Attchd,1969.0,Unf,2.0,504.0,TA,TA,Y,335,0,0,0,0,0,,,,0,9,2007,WD ,Family
630,168500,1350,80,RL,82.0,9020,Pave,,Reg,Lvl,AllPub,Corner,Gtl,NAmes,Feedr,Norm,1Fam,SLvl,6,5,1964,1964,Gable,WdShngl,Plywood,Wd Sdng,BrkFace,259.0,TA,TA,CBlock,TA,TA,Gd,GLQ,624.0,Rec,336.0,288.0,1248.0,GasA,TA,Y,SBrkr,1350,0,0,1.0,0.0,1,1,3,1,TA,6,Typ,0,,Attchd,1964.0,RFn,2.0,520.0,TA,TA,Y,176,0,0,0,0,0,,GdPrv,,0,6,2008,WD ,Normal
631,124000,1750,70,RM,50.0,9000,Pave,Grvl,Reg,Lvl,AllPub,Corner,Gtl,OldTown,Artery,Norm,1Fam,2Story,5,6,1880,1991,Gable,CompShg,VinylSd,VinylSd,None,0.0,TA,TA,BrkTil,Fa,Fa,No,Unf,0.0,Unf,0.0,636.0,636.0,GasA,TA,Y,FuseA,1089,661,0,0.0,0.0,1,0,3,1,Ex,8,Typ,0,,Detchd,1937.0,Unf,1.0,240.0,Fa,Po,N,0,0,293,0,0,0,,MnPrv,,0,6,2006,WD ,Abnorml
632,209500,1554,120,RL,34.0,4590,Pave,,Reg,Lvl,AllPub,Inside,Gtl,NridgHt,Norm,Norm,Twnhs,1Story,8,5,2006,2006,Gable,CompShg,VinylSd,VinylSd,Stone,108.0,Gd,TA,PConc,Gd,Gd,Mn,GLQ,24.0,Unf,0.0,1530.0,1554.0,GasA,Ex,Y,SBrkr,1554,0,0,0.0,0.0,2,0,2,1,Gd,6,Typ,1,Gd,Attchd,2006.0,RFn,2.0,627.0,TA,TA,Y,156,73,0,0,0,0,,,,0,8,2007,WD ,Normal
633,82500,1411,20,RL,85.0,11900,Pave,,Reg,Lvl,AllPub,Inside,Gtl,NWAmes,Norm,Norm,1Fam,1Story,7,5,1977,1977,Hip,CompShg,Plywood,Plywood,BrkFace,209.0,TA,Gd,CBlock,TA,TA,No,ALQ,822.0,Unf,0.0,564.0,1386.0,GasA,TA,Y,SBrkr,1411,0,0,0.0,0.0,2,0,3,1,TA,6,Typ,1,TA,Attchd,1977.0,Fin,2.0,544.0,TA,TA,Y,192,0,0,0,0,0,,,,0,4,2009,WD ,Family
634,139400,1056,20,RL,80.0,9250,Pave,,Reg,Lvl,AllPub,Corner,Gtl,NAmes,Norm,Norm,1Fam,1Story,5,7,1954,2005,Gable,CompShg,Wd Sdng,Wd Sdng,None,0.0,TA,TA,CBlock,TA,TA,No,BLQ,480.0,LwQ,468.0,108.0,1056.0,GasA,TA,Y,SBrkr,1056,0,0,0.0,1.0,1,0,3,1,TA,6,Typ,0,,Attchd,1954.0,Unf,1.0,260.0,TA,TA,Y,390,0,0,0,0,0,,,,0,7,2007,WD ,Normal
635,144000,1056,90,RL,64.0,6979,Pave,,Reg,Lvl,AllPub,Inside,Gtl,OldTown,Norm,Norm,Duplex,SFoyer,6,5,1980,1980,Gable,CompShg,Plywood,Plywood,None,0.0,TA,TA,CBlock,TA,TA,No,GLQ,1056.0,Unf,0.0,0.0,1056.0,GasA,Gd,Y,SBrkr,1056,0,0,2.0,0.0,0,0,0,2,TA,4,Typ,0,,Detchd,1980.0,Unf,2.0,576.0,TA,TA,Y,264,56,0,0,0,0,,GdPrv,Shed,600,6,2010,WD ,Normal
636,200000,3395,190,RH,60.0,10896,Pave,Pave,Reg,Bnk,AllPub,Inside,Gtl,SWISU,Feedr,Norm,2fmCon,2.5Fin,6,7,1914,1995,Hip,CompShg,VinylSd,VinylSd,None,0.0,Fa,TA,CBlock,TA,Fa,No,LwQ,256.0,Unf,0.0,1184.0,1440.0,GasA,Ex,Y,FuseA,1440,1440,515,0.0,0.0,2,0,8,2,Fa,14,Typ,0,,,,,0.0,0.0,,,N,0,110,0,0,0,0,,,,0,3,2007,WD ,Abnorml
637,60000,800,30,RM,51.0,6120,Pave,,Reg,Lvl,AllPub,Inside,Gtl,BrkSide,Norm,Norm,1Fam,1Story,2,3,1936,1950,Gable,CompShg,AsbShng,AsbShng,None,0.0,Fa,Fa,BrkTil,TA,Fa,No,Unf,0.0,Unf,0.0,264.0,264.0,Grav,Fa,N,FuseA,800,0,0,0.0,0.0,1,0,1,1,Fa,4,Maj1,1,Po,,,,0.0,0.0,,,N,0,0,0,0,0,0,,,,0,1,2009,ConLw,Normal
638,93000,1387,190,RM,50.0,6000,Pave,,Reg,Lvl,AllPub,Inside,Gtl,OldTown,Norm,Norm,2fmCon,1.5Fin,5,4,1954,1954,Gable,CompShg,Wd Sdng,Wd Sdng,None,0.0,TA,TA,CBlock,TA,TA,No,Unf,0.0,Unf,0.0,811.0,811.0,GasA,TA,Y,FuseA,811,576,0,0.0,0.0,2,0,3,2,Gd,7,Typ,0,,BuiltIn,1954.0,Unf,1.0,256.0,TA,TA,Y,0,0,0,0,0,0,,,,0,11,2009,WD ,Normal
639,85000,796,30,RL,67.0,8777,Pave,,Reg,Lvl,AllPub,Inside,Gtl,Edwards,Feedr,Norm,1Fam,1Story,5,7,1910,1950,Gable,CompShg,MetalSd,Wd Sdng,None,0.0,TA,TA,CBlock,Fa,TA,No,Unf,0.0,Unf,0.0,796.0,796.0,GasA,Gd,Y,FuseA,796,0,0,0.0,0.0,1,0,2,1,TA,4,Typ,0,,,,,0.0,0.0,,,P,328,0,164,0,0,0,,MnPrv,,0,5,2008,WD ,Normal
640,264561,1567,120,RL,53.0,3982,Pave,,Reg,Lvl,AllPub,Inside,Gtl,Blmngtn,Norm,Norm,TwnhsE,1Story,8,5,2006,2006,Hip,CompShg,VinylSd,VinylSd,None,0.0,Gd,TA,PConc,Gd,Gd,Av,GLQ,1154.0,Unf,0.0,366.0,1520.0,GasA,Ex,Y,SBrkr,1567,0,0,1.0,0.0,2,0,1,1,Ex,7,Typ,1,Gd,Attchd,2006.0,Fin,3.0,648.0,TA,TA,Y,312,0,0,0,0,0,,,,0,10,2006,New,Partial
641,274000,1518,120,RL,62.0,12677,Pave,,IR1,Lvl,AllPub,Inside,Gtl,NridgHt,Norm,Norm,TwnhsE,1Story,8,5,2003,2004,Hip,CompShg,MetalSd,MetalSd,BrkFace,472.0,Ex,TA,PConc,Ex,TA,Gd,GLQ,1218.0,Unf,0.0,300.0,1518.0,GasA,Ex,Y,SBrkr,1518,0,0,0.0,0.0,1,1,1,1,Ex,6,Typ,1,Gd,Attchd,2003.0,RFn,2.0,588.0,TA,TA,Y,185,140,0,0,0,0,,,,0,4,2008,WD ,Normal
642,226000,1929,60,FV,,7050,Pave,,Reg,Lvl,AllPub,Inside,Gtl,Somerst,Norm,Norm,1Fam,2Story,7,5,2001,2001,Gable,CompShg,VinylSd,VinylSd,None,0.0,Gd,TA,PConc,Gd,TA,No,GLQ,738.0,Unf,0.0,319.0,1057.0,GasA,Ex,Y,SBrkr,1057,872,0,1.0,0.0,2,1,3,1,Gd,7,Typ,1,TA,Attchd,2001.0,Fin,2.0,650.0,TA,TA,Y,0,235,0,0,0,0,,,,0,5,2007,WD ,Normal
643,345000,2704,80,RL,75.0,13860,Pave,,Reg,Lvl,AllPub,Inside,Gtl,NAmes,Norm,Norm,1Fam,SLvl,8,7,1972,1995,Gable,CompShg,Plywood,Wd Sdng,None,0.0,Gd,TA,CBlock,Gd,TA,Gd,GLQ,1410.0,Unf,0.0,542.0,1952.0,GasA,Gd,Y,SBrkr,2000,704,0,1.0,0.0,2,1,4,1,Ex,9,Typ,3,TA,Attchd,1972.0,Fin,2.0,538.0,TA,TA,Y,269,111,0,0,0,0,,MnPrv,,0,7,2009,WD ,Normal
644,152000,1620,60,RL,80.0,10793,Pave,,Reg,Lvl,AllPub,Inside,Gtl,NWAmes,RRAn,Norm,1Fam,2Story,5,5,1969,1969,Mansard,CompShg,WdShing,HdBoard,BrkFace,263.0,TA,TA,CBlock,TA,TA,No,Rec,493.0,BLQ,287.0,0.0,780.0,GasA,Ex,Y,SBrkr,780,840,0,0.0,0.0,2,1,4,1,TA,7,Min1,0,,Attchd,1969.0,Fin,2.0,462.0,TA,TA,Y,208,0,0,0,0,0,,GdWo,,0,4,2007,WD ,Normal
645,370878,1766,20,FV,85.0,9187,Pave,,Reg,Lvl,AllPub,Inside,Gtl,Somerst,Norm,Norm,1Fam,1Story,9,5,2009,2009,Gable,CompShg,CemntBd,CmentBd,Stone,162.0,Ex,TA,PConc,Ex,TA,Mn,GLQ,1121.0,Unf,0.0,645.0,1766.0,GasA,Ex,Y,SBrkr,1766,0,0,1.0,0.0,2,1,2,1,Ex,7,Typ,1,Gd,Attchd,2009.0,Fin,3.0,478.0,TA,TA,Y,195,130,0,0,0,0,,,,0,10,2009,New,Partial
646,143250,981,20,RL,,10530,Pave,,IR1,Lvl,AllPub,Corner,Gtl,NAmes,Norm,Norm,1Fam,1Story,6,5,1971,1971,Hip,CompShg,Plywood,Plywood,None,0.0,TA,TA,CBlock,TA,TA,No,ALQ,282.0,LwQ,35.0,664.0,981.0,GasA,TA,Y,SBrkr,981,0,0,1.0,0.0,1,1,3,1,TA,5,Typ,0,,Detchd,1979.0,Unf,2.0,576.0,TA,TA,Y,0,312,40,0,0,0,,,,0,3,2007,WD ,Normal
647,98300,1048,20,RL,60.0,7200,Pave,,Reg,Lvl,AllPub,Inside,Gtl,NAmes,Norm,Norm,1Fam,1Story,5,5,1950,1950,Hip,CompShg,MetalSd,MetalSd,None,0.0,TA,TA,CBlock,,,,,0.0,,0.0,0.0,0.0,GasA,Gd,Y,SBrkr,1048,0,0,0.0,0.0,1,0,3,1,TA,7,Min1,0,,Detchd,1950.0,Unf,2.0,420.0,TA,TA,Y,0,27,0,0,0,0,,,,0,7,2008,WD ,Normal
648,155000,1094,20,RL,85.0,10452,Pave,,IR1,Lvl,AllPub,Inside,Gtl,Edwards,Norm,Norm,1Fam,1Story,6,5,1953,1953,Hip,CompShg,Wd Sdng,Wd Sdng,Stone,216.0,TA,TA,CBlock,TA,TA,Mn,Rec,500.0,Unf,0.0,594.0,1094.0,GasA,Ex,Y,SBrkr,1094,0,0,0.0,0.0,1,0,3,1,TA,5,Typ,2,Gd,Attchd,1953.0,RFn,2.0,495.0,TA,TA,Y,0,0,0,0,287,0,,,,0,6,2008,WD ,Normal
649,155000,1839,60,RL,70.0,7700,Pave,,Reg,Lvl,AllPub,Inside,Gtl,NAmes,PosN,Norm,1Fam,2Story,6,5,1966,1966,Gable,CompShg,MetalSd,MetalSd,BrkFace,351.0,TA,TA,CBlock,TA,TA,No,Unf,0.0,Unf,0.0,756.0,756.0,GasA,TA,Y,SBrkr,1051,788,0,0.0,0.0,1,1,4,1,TA,7,Typ,1,TA,Attchd,1966.0,Unf,2.0,442.0,TA,TA,Y,0,124,216,0,0,0,,,,0,6,2010,WD ,Normal
650,84500,630,180,RM,21.0,1936,Pave,,Reg,Lvl,AllPub,Inside,Gtl,MeadowV,Norm,Norm,Twnhs,SFoyer,4,6,1970,1970,Gable,CompShg,CemntBd,CmentBd,None,0.0,TA,TA,CBlock,Gd,TA,Av,BLQ,131.0,GLQ,499.0,0.0,630.0,GasA,Gd,Y,SBrkr,630,0,0,1.0,0.0,1,0,1,1,TA,3,Typ,0,,,,,0.0,0.0,,,Y,0,0,0,0,0,0,,MnPrv,,0,12,2007,WD ,Normal
651,205950,1665,60,FV,65.0,8125,Pave,,Reg,Lvl,AllPub,Inside,Gtl,Somerst,Norm,Norm,1Fam,2Story,7,6,2007,2007,Gable,CompShg,CemntBd,CmentBd,,,Gd,TA,PConc,Gd,TA,No,Unf,0.0,Unf,0.0,813.0,813.0,GasA,Ex,Y,SBrkr,822,843,0,0.0,0.0,2,1,3,1,Gd,7,Typ,0,,Attchd,2007.0,RFn,2.0,562.0,TA,TA,Y,0,0,0,0,0,0,,,,0,5,2008,WD ,Normal
652,108000,1510,70,RL,60.0,9084,Pave,,Reg,Lvl,AllPub,Inside,Gtl,Edwards,Artery,Norm,1Fam,2Story,4,5,1940,1950,Gable,CompShg,MetalSd,MetalSd,None,0.0,TA,TA,CBlock,TA,TA,Mn,Unf,0.0,Unf,0.0,755.0,755.0,GasA,TA,Y,SBrkr,755,755,0,1.0,0.0,1,0,4,1,TA,7,Typ,1,Gd,Detchd,1940.0,Unf,1.0,296.0,Fa,Po,P,120,0,0,0,0,0,,MnPrv,,0,10,2009,WD ,Normal
653,191000,1716,60,RL,70.0,8750,Pave,,Reg,Lvl,AllPub,Inside,Gtl,CollgCr,Norm,Norm,1Fam,2Story,7,5,1996,1996,Gable,CompShg,VinylSd,VinylSd,None,0.0,Gd,TA,PConc,Gd,TA,No,Unf,0.0,Unf,0.0,880.0,880.0,GasA,Ex,Y,SBrkr,909,807,0,0.0,0.0,2,1,2,1,Gd,7,Typ,1,TA,Attchd,1996.0,RFn,2.0,512.0,TA,TA,Y,0,120,0,0,0,0,,,,0,7,2009,WD ,Normal
654,135000,1469,50,RM,60.0,10320,Pave,Grvl,Reg,Lvl,AllPub,Inside,Gtl,IDOTRR,Norm,Norm,1Fam,1.5Fin,6,7,1906,1995,Gable,CompShg,MetalSd,MetalSd,None,0.0,TA,TA,CBlock,TA,TA,No,Unf,0.0,Unf,0.0,756.0,756.0,GasA,Ex,Y,SBrkr,756,713,0,0.0,0.0,1,0,3,1,TA,7,Typ,0,,Detchd,1906.0,Unf,1.0,216.0,TA,TA,Y,57,0,239,0,0,0,,MnPrv,,0,6,2008,WD ,Normal
655,350000,2113,20,RL,91.0,10437,Pave,,IR1,Lvl,AllPub,Inside,Gtl,NoRidge,Norm,Norm,1Fam,1Story,8,6,1995,1995,Hip,CompShg,MetalSd,MetalSd,BrkFace,660.0,Gd,Gd,PConc,Gd,TA,Gd,GLQ,1696.0,Unf,0.0,413.0,2109.0,GasA,Ex,Y,SBrkr,2113,0,0,1.0,0.0,2,1,2,1,Gd,7,Typ,1,TA,Attchd,1995.0,Fin,3.0,839.0,TA,TA,Y,236,46,0,0,0,0,,,,0,8,2008,WD ,Normal
656,88000,1092,160,RM,21.0,1680,Pave,,Reg,Lvl,AllPub,Inside,Gtl,BrDale,Norm,Norm,Twnhs,2Story,6,5,1971,1971,Gable,CompShg,HdBoard,ImStucc,BrkFace,381.0,TA,TA,CBlock,TA,TA,No,Unf,0.0,Unf,0.0,525.0,525.0,GasA,TA,Y,SBrkr,525,567,0,0.0,0.0,1,1,3,1,TA,6,Typ,0,,Detchd,1971.0,Unf,1.0,264.0,TA,TA,Y,0,0,0,0,0,0,,,,0,3,2010,WD ,Family
657,145500,1053,20,RL,72.0,10007,Pave,,IR1,Lvl,AllPub,Inside,Gtl,NAmes,Norm,Norm,1Fam,1Story,5,7,1959,2006,Gable,CompShg,HdBoard,HdBoard,BrkFace,54.0,Gd,TA,CBlock,TA,TA,No,ALQ,806.0,Unf,0.0,247.0,1053.0,GasA,Ex,Y,SBrkr,1053,0,0,1.0,0.0,1,1,3,1,Gd,5,Typ,0,,Attchd,1959.0,RFn,1.0,312.0,TA,TA,Y,0,0,0,0,0,0,,MnPrv,,0,8,2008,WD ,Normal
658,149000,1502,70,RL,60.0,7200,Pave,,Reg,HLS,AllPub,Inside,Mod,Crawfor,Norm,Norm,1Fam,2Story,7,6,1931,2000,Gable,CompShg,Stucco,Wd Shng,None,0.0,TA,Fa,BrkTil,Gd,TA,No,Unf,0.0,Unf,0.0,776.0,776.0,GasA,TA,Y,SBrkr,851,651,0,0.0,0.0,1,1,3,1,TA,6,Typ,1,Gd,Attchd,1931.0,RFn,1.0,270.0,TA,TA,P,0,0,112,0,0,0,,MnPrv,,0,2,2008,WD ,Normal
659,97500,1458,50,RL,78.0,17503,Pave,,Reg,Lvl,AllPub,Inside,Gtl,NAmes,Artery,Norm,1Fam,1.5Fin,6,5,1948,1950,Gable,CompShg,VinylSd,VinylSd,None,0.0,TA,TA,CBlock,TA,TA,No,Unf,0.0,Unf,0.0,912.0,912.0,GasA,TA,Y,SBrkr,912,546,0,0.0,1.0,1,0,3,1,TA,6,Typ,1,Gd,Attchd,1948.0,Unf,1.0,330.0,TA,TA,Y,192,0,0,0,0,0,,,,0,1,2010,WD ,Abnorml
660,167000,1486,20,RL,75.0,9937,Pave,,Reg,Lvl,AllPub,Corner,Gtl,Edwards,Norm,Norm,1Fam,1Story,5,7,1964,1999,Hip,CompShg,MetalSd,MetalSd,None,0.0,TA,Gd,PConc,TA,TA,No,BLQ,637.0,Unf,0.0,849.0,1486.0,GasA,Ex,Y,SBrkr,1486,0,0,1.0,0.0,1,0,3,1,TA,7,Typ,0,,Detchd,1968.0,Fin,2.0,480.0,TA,TA,Y,0,0,0,0,0,0,,MnPrv,,0,3,2009,WD ,Normal
661,197900,1935,60,RL,,12384,Pave,,Reg,Lvl,AllPub,CulDSac,Gtl,NWAmes,Norm,Norm,1Fam,2Story,7,7,1976,1976,Gable,CompShg,Plywood,Plywood,BrkFace,233.0,TA,TA,CBlock,Gd,TA,No,Unf,0.0,Unf,0.0,793.0,793.0,GasA,TA,Y,SBrkr,1142,793,0,0.0,0.0,2,1,3,1,TA,7,Typ,1,TA,Attchd,1976.0,RFn,2.0,550.0,TA,TA,Y,0,113,252,0,0,0,,,,0,11,2007,WD ,Normal
662,402000,2448,60,RL,52.0,46589,Pave,,IR2,Lvl,AllPub,CulDSac,Gtl,NoRidge,Norm,Norm,1Fam,2Story,8,7,1994,2005,Hip,CompShg,VinylSd,VinylSd,BrkFace,528.0,Gd,TA,PConc,Gd,Gd,No,GLQ,1361.0,Rec,180.0,88.0,1629.0,GasA,Ex,Y,SBrkr,1686,762,0,1.0,0.0,2,1,4,1,Gd,8,Typ,1,TA,Attchd,1994.0,RFn,3.0,711.0,TA,TA,Y,517,76,0,0,0,0,,,,0,7,2009,WD ,Normal
663,110000,1392,20,RL,120.0,13560,Pave,,Reg,Lvl,AllPub,Corner,Gtl,NAmes,Norm,Norm,1Fam,1Story,6,3,1968,1968,Hip,CompShg,Wd Sdng,Wd Sdng,BrkFace,216.0,TA,TA,CBlock,Fa,Fa,No,Unf,0.0,Unf,0.0,1392.0,1392.0,GasA,Gd,Y,SBrkr,1392,0,0,1.0,0.0,1,0,2,1,TA,5,Maj2,2,TA,Attchd,1968.0,RFn,2.0,576.0,TA,TA,Y,0,0,240,0,0,0,,,,0,7,2009,WD ,Normal
664,137500,1181,85,RL,90.0,10012,Pave,,Reg,Lvl,AllPub,Inside,Gtl,Edwards,Norm,Norm,1Fam,SFoyer,4,5,1972,1972,Gable,CompShg,Plywood,Plywood,None,0.0,TA,TA,CBlock,Gd,TA,Av,BLQ,920.0,Rec,180.0,38.0,1138.0,GasA,TA,Y,SBrkr,1181,0,0,1.0,0.0,2,0,3,1,TA,6,Typ,0,,Detchd,1974.0,RFn,2.0,588.0,TA,TA,Y,0,0,180,0,0,0,,MnPrv,,0,4,2008,WD ,Normal
665,423000,2097,20,RL,49.0,20896,Pave,,IR2,Lvl,AllPub,CulDSac,Gtl,Somerst,RRAn,Norm,1Fam,1Story,8,5,2005,2006,Gable,CompShg,VinylSd,VinylSd,None,0.0,Gd,TA,PConc,Ex,TA,Mn,GLQ,1721.0,Unf,0.0,356.0,2077.0,GasA,Ex,Y,SBrkr,2097,0,0,1.0,0.0,1,1,1,1,Ex,8,Typ,1,Ex,Attchd,2005.0,Fin,3.0,1134.0,TA,TA,Y,192,267,0,0,0,0,,,,0,1,2006,New,Partial
666,230500,1936,60,RL,106.0,11194,Pave,,IR1,Lvl,AllPub,Corner,Gtl,Gilbert,Norm,Norm,1Fam,2Story,8,5,2000,2000,Gable,CompShg,VinylSd,VinylSd,BrkFace,40.0,Gd,TA,PConc,Gd,TA,No,Unf,0.0,Unf,0.0,1406.0,1406.0,GasA,Ex,Y,SBrkr,1454,482,0,0.0,0.0,2,1,3,1,Gd,7,Typ,1,TA,Attchd,2000.0,RFn,2.0,504.0,TA,TA,Y,188,124,0,0,0,0,,,,0,11,2006,WD ,Normal
667,129000,2380,60,RL,,18450,Pave,,IR1,Lvl,AllPub,Inside,Gtl,NAmes,Norm,Norm,1Fam,2Story,6,5,1965,1979,Flat,Tar&Grv,Plywood,Plywood,BrkCmn,113.0,TA,Gd,CBlock,Gd,TA,No,LwQ,187.0,Rec,723.0,111.0,1021.0,GasA,TA,Y,SBrkr,1465,915,0,0.0,0.0,2,1,3,1,TA,7,Sev,1,Po,CarPort,1965.0,Unf,2.0,596.0,TA,TA,Y,0,265,0,0,0,0,,,,0,8,2007,WD ,Abnorml
668,193500,1679,20,RL,65.0,8125,Pave,,Reg,Lvl,AllPub,Inside,Gtl,SawyerW,Norm,Norm,1Fam,1Story,6,5,1994,1998,Gable,CompShg,HdBoard,HdBoard,BrkFace,258.0,TA,TA,PConc,Gd,TA,No,GLQ,1138.0,Unf,0.0,270.0,1408.0,GasA,Ex,Y,SBrkr,1679,0,0,1.0,0.0,2,0,3,1,Gd,7,Typ,1,Fa,Attchd,1994.0,RFn,2.0,575.0,TA,TA,Y,224,42,0,0,0,0,,,,0,10,2008,WD ,Normal
669,168000,1437,20,RL,,14175,Pave,,Reg,Bnk,AllPub,Corner,Mod,Sawyer,Norm,Norm,1Fam,1Story,5,6,1956,1987,Gable,CompShg,CemntBd,Wd Sdng,None,0.0,TA,TA,CBlock,TA,TA,No,Rec,988.0,Unf,0.0,200.0,1188.0,GasA,Gd,Y,SBrkr,1437,0,0,1.0,0.0,1,1,3,1,TA,6,Min2,1,TA,Detchd,1999.0,Unf,2.0,576.0,TA,TA,Y,304,0,0,0,0,0,,,,0,11,2006,WD ,Normal
670,137500,1180,30,RL,80.0,11600,Pave,,Reg,Lvl,AllPub,Inside,Gtl,Crawfor,Norm,Norm,1Fam,1Story,4,5,1922,1950,Gable,CompShg,MetalSd,MetalSd,None,0.0,TA,TA,BrkTil,Fa,TA,No,Unf,0.0,Unf,0.0,700.0,700.0,GasA,Ex,Y,SBrkr,1180,0,0,0.0,0.0,1,0,2,1,Fa,5,Typ,1,Gd,Detchd,1922.0,Unf,1.0,252.0,TA,Fa,Y,0,0,67,0,0,0,,,,0,7,2006,WD ,Normal
671,173500,1476,60,RL,64.0,8633,Pave,,Reg,Lvl,AllPub,FR2,Gtl,CollgCr,Norm,Norm,1Fam,2Story,6,5,2005,2005,Gable,CompShg,VinylSd,VinylSd,None,0.0,Gd,TA,PConc,Gd,TA,No,GLQ,193.0,Unf,0.0,545.0,738.0,GasA,Ex,Y,SBrkr,738,738,0,1.0,0.0,2,1,3,1,Gd,7,Typ,0,,Attchd,2005.0,Fin,2.0,540.0,TA,TA,Y,100,35,0,0,0,0,,,,0,2,2009,WD ,Normal
672,103600,1369,70,RH,54.0,6629,Pave,,Reg,Lvl,AllPub,Inside,Gtl,Edwards,Artery,Norm,1Fam,2Story,6,6,1925,1950,Gambrel,CompShg,Wd Sdng,Wd Sdng,None,0.0,TA,Gd,BrkTil,TA,TA,No,BLQ,551.0,Unf,0.0,121.0,672.0,GasA,TA,N,SBrkr,697,672,0,1.0,0.0,2,0,3,1,TA,6,Typ,0,,Detchd,1930.0,Unf,1.0,300.0,TA,TA,Y,147,0,0,0,0,0,,,,0,7,2009,WD ,Normal
673,165000,1208,20,RL,,11250,Pave,,IR1,Lvl,AllPub,Inside,Gtl,Veenker,Norm,Norm,1Fam,1Story,6,6,1977,1977,Gable,CompShg,Plywood,Plywood,None,0.0,Gd,TA,CBlock,Gd,TA,No,ALQ,767.0,Unf,0.0,441.0,1208.0,GasA,TA,Y,SBrkr,1208,0,0,1.0,0.0,1,1,3,1,TA,6,Typ,1,TA,Attchd,1977.0,RFn,2.0,546.0,TA,TA,Y,198,42,0,0,0,0,,,,0,6,2006,WD ,Normal
674,257500,1839,20,RL,110.0,14442,Pave,,Reg,Lvl,AllPub,Inside,Gtl,Crawfor,Norm,Norm,1Fam,1Story,6,7,1957,2004,Hip,CompShg,CemntBd,CmentBd,BrkFace,106.0,TA,TA,PConc,TA,TA,No,GLQ,1186.0,Unf,0.0,291.0,1477.0,GasA,Ex,Y,SBrkr,1839,0,0,1.0,0.0,2,0,3,1,Gd,7,Typ,2,TA,Attchd,1957.0,Fin,2.0,416.0,TA,TA,Y,0,87,0,0,200,0,,,,0,6,2007,WD ,Normal
675,140000,1136,20,RL,80.0,9200,Pave,,Reg,Lvl,AllPub,Inside,Gtl,NAmes,Norm,Norm,1Fam,1Story,6,6,1965,1965,Gable,CompShg,HdBoard,HdBoard,None,0.0,TA,TA,CBlock,TA,TA,No,Rec,892.0,Unf,0.0,244.0,1136.0,GasA,TA,Y,SBrkr,1136,0,0,1.0,0.0,1,0,3,1,TA,5,Typ,1,Gd,Attchd,1965.0,RFn,1.0,384.0,TA,TA,Y,426,0,0,0,0,0,,,,0,7,2008,WD ,Normal
676,148500,1441,160,RL,24.0,2289,Pave,,Reg,Lvl,AllPub,Inside,Gtl,NPkVill,Norm,Norm,Twnhs,2Story,6,6,1978,1978,Gable,CompShg,Plywood,Brk Cmn,None,0.0,TA,TA,CBlock,TA,TA,No,ALQ,311.0,Unf,0.0,544.0,855.0,GasA,TA,Y,SBrkr,855,586,0,0.0,0.0,2,1,3,1,TA,7,Typ,1,TA,Attchd,1978.0,Unf,2.0,440.0,TA,TA,Y,28,0,0,0,0,0,,,,0,4,2009,WD ,Normal
677,87000,1774,70,RM,60.0,9600,Pave,Grvl,Reg,Lvl,AllPub,Inside,Gtl,OldTown,Norm,Norm,1Fam,2Story,4,2,1900,1950,Gable,CompShg,AsbShng,Stucco,None,0.0,TA,TA,BrkTil,TA,Fa,No,Unf,0.0,Unf,0.0,1095.0,1095.0,GasW,Fa,N,SBrkr,1095,679,0,1.0,0.0,2,0,4,2,TA,8,Min2,0,,2Types,1920.0,Unf,3.0,779.0,Fa,Fa,N,0,0,90,0,0,0,,,,0,5,2006,WD ,Normal
678,109500,792,30,RL,52.0,9022,Pave,,Reg,Lvl,AllPub,Inside,Gtl,OldTown,Norm,Norm,1Fam,1Story,5,8,1924,2006,Gable,CompShg,VinylSd,VinylSd,None,0.0,Gd,TA,BrkTil,TA,TA,No,Unf,0.0,Unf,0.0,768.0,768.0,GasA,Ex,Y,SBrkr,792,0,0,0.0,0.0,1,0,2,1,Gd,5,Typ,0,,Detchd,1924.0,Unf,1.0,240.0,Fa,Fa,N,316,0,120,0,0,0,,,,0,5,2009,WD ,Normal
679,372500,2046,20,RL,80.0,11844,Pave,,IR1,Lvl,AllPub,Inside,Gtl,StoneBr,Norm,Norm,1Fam,1Story,8,5,2008,2008,Hip,CompShg,VinylSd,VinylSd,Stone,464.0,Gd,TA,PConc,Ex,TA,Mn,Unf,0.0,Unf,0.0,2046.0,2046.0,GasA,Ex,Y,SBrkr,2046,0,0,0.0,0.0,2,1,3,1,Gd,7,Typ,1,Gd,Attchd,2008.0,Fin,3.0,834.0,TA,TA,Y,322,82,0,0,0,0,,,,0,7,2009,New,Partial
680,128500,988,20,RL,,9945,Pave,,IR1,Lvl,AllPub,Inside,Gtl,Sawyer,Norm,Norm,1Fam,1Story,5,5,1961,1961,Hip,CompShg,Wd Sdng,Wd Sdng,BrkFace,57.0,TA,TA,CBlock,TA,TA,No,Rec,827.0,Unf,0.0,161.0,988.0,GasA,TA,Y,SBrkr,988,0,0,1.0,0.0,1,0,3,1,TA,5,Typ,0,,Detchd,1963.0,Unf,2.0,572.0,TA,TA,Y,0,0,0,0,0,0,,,,0,10,2007,WD ,Normal
681,143000,923,120,RL,50.0,8012,Pave,,Reg,Lvl,AllPub,Inside,Gtl,SawyerW,Norm,Norm,TwnhsE,1Story,6,5,1980,1980,Gable,CompShg,Plywood,Plywood,None,0.0,TA,TA,CBlock,Gd,TA,No,BLQ,543.0,BLQ,119.0,261.0,923.0,GasA,TA,Y,SBrkr,923,0,0,0.0,0.0,2,0,2,1,TA,5,Typ,1,TA,Attchd,1980.0,RFn,1.0,264.0,TA,TA,Y,80,0,0,0,0,0,,,,0,5,2010,WD ,Normal
682,159434,1520,50,RH,55.0,4500,Pave,Pave,IR2,Bnk,AllPub,Inside,Gtl,SWISU,Norm,Norm,1Fam,1.5Fin,5,5,1932,2000,Gable,CompShg,VinylSd,Stucco,None,0.0,TA,TA,BrkTil,TA,TA,No,Rec,182.0,Unf,0.0,611.0,793.0,GasA,Ex,Y,SBrkr,848,672,0,0.0,0.0,1,0,3,1,TA,6,Typ,0,,Detchd,1968.0,Unf,1.0,281.0,TA,TA,Y,0,0,56,0,0,0,,,,0,7,2009,WD ,Abnorml
683,173000,1291,120,RL,,2887,Pave,,Reg,HLS,AllPub,Inside,Gtl,ClearCr,Norm,Norm,1Fam,1Story,6,5,1996,1997,Gable,CompShg,Wd Sdng,Wd Sdng,None,0.0,TA,TA,PConc,Gd,TA,Mn,GLQ,1003.0,Unf,0.0,288.0,1291.0,GasA,Ex,Y,SBrkr,1291,0,0,1.0,0.0,1,0,2,1,Gd,6,Typ,1,Gd,Attchd,1996.0,Unf,2.0,431.0,TA,TA,Y,307,0,0,0,0,0,,,,0,11,2008,WD ,Normal
684,285000,1668,20,RL,90.0,11248,Pave,,IR1,Lvl,AllPub,Corner,Gtl,CollgCr,Norm,Norm,1Fam,1Story,9,5,2002,2002,Hip,CompShg,VinylSd,VinylSd,Stone,215.0,Gd,TA,PConc,Gd,TA,Av,GLQ,1059.0,Unf,0.0,567.0,1626.0,GasA,Ex,Y,SBrkr,1668,0,0,1.0,0.0,2,0,3,1,Gd,7,Typ,1,TA,Attchd,2002.0,Fin,3.0,702.0,TA,TA,Y,257,45,0,0,0,0,,,,0,7,2007,WD ,Normal
685,221000,1839,60,RL,58.0,16770,Pave,,IR2,Lvl,AllPub,CulDSac,Gtl,NoRidge,Norm,Norm,1Fam,2Story,7,5,1998,1998,Gable,CompShg,VinylSd,VinylSd,BrkFace,30.0,Gd,TA,PConc,Gd,TA,No,Unf,0.0,Unf,0.0,1195.0,1195.0,GasA,Gd,Y,SBrkr,1195,644,0,0.0,0.0,2,1,4,1,TA,7,Typ,0,,Attchd,1998.0,Fin,2.0,486.0,TA,TA,Y,0,81,0,0,0,0,,,,0,6,2010,WD ,Normal
686,207500,2090,160,RL,,5062,Pave,,IR1,Lvl,AllPub,CulDSac,Gtl,StoneBr,Norm,Norm,TwnhsE,2Story,7,5,1984,1984,Gable,CompShg,HdBoard,HdBoard,None,0.0,Gd,TA,CBlock,Gd,TA,Mn,GLQ,828.0,LwQ,182.0,180.0,1190.0,GasA,Gd,Y,SBrkr,1190,900,0,1.0,0.0,2,0,3,1,Gd,6,Min1,1,TA,Attchd,1984.0,Fin,2.0,577.0,TA,TA,Y,219,0,0,0,0,0,,,,0,9,2007,WD ,Normal
687,227875,1761,60,FV,84.0,10207,Pave,,Reg,Lvl,AllPub,Inside,Gtl,Somerst,Norm,Norm,1Fam,2Story,7,6,2007,2007,Gable,CompShg,VinylSd,VinylSd,None,0.0,Gd,TA,PConc,Gd,TA,No,Unf,0.0,Unf,0.0,874.0,874.0,GasA,Ex,Y,SBrkr,874,887,0,0.0,0.0,3,0,3,1,Gd,7,Typ,0,,Attchd,2007.0,Fin,2.0,578.0,TA,TA,Y,144,105,0,0,0,0,,,,0,8,2007,New,Partial
688,148800,1102,160,FV,,5105,Pave,,IR2,Lvl,AllPub,FR2,Gtl,Somerst,Norm,Norm,TwnhsE,2Story,7,5,2004,2004,Gable,CompShg,MetalSd,MetalSd,None,0.0,Gd,TA,PConc,Gd,TA,No,GLQ,239.0,Unf,0.0,312.0,551.0,GasA,Ex,Y,SBrkr,551,551,0,0.0,0.0,2,1,2,1,Gd,4,Typ,0,,Detchd,2004.0,Unf,2.0,480.0,TA,TA,Y,0,60,0,0,0,0,,,,0,3,2007,WD ,Normal
689,392000,1419,20,RL,60.0,8089,Pave,,Reg,HLS,AllPub,Inside,Gtl,StoneBr,Norm,Norm,1Fam,1Story,8,6,2007,2007,Gable,CompShg,MetalSd,MetalSd,BrkFace,0.0,Gd,TA,PConc,Gd,TA,Av,GLQ,945.0,Unf,0.0,474.0,1419.0,GasA,Ex,Y,SBrkr,1419,0,0,1.0,0.0,2,0,2,1,Gd,7,Typ,1,Gd,Attchd,2007.0,RFn,2.0,567.0,TA,TA,Y,140,0,0,0,0,0,,,,0,10,2007,New,Partial
690,194700,1362,120,RL,61.0,7577,Pave,,IR1,Lvl,AllPub,Corner,Gtl,NridgHt,Norm,Norm,TwnhsE,1Story,6,5,2005,2006,Gable,CompShg,VinylSd,VinylSd,Stone,256.0,Gd,TA,PConc,Gd,TA,Av,ALQ,20.0,Unf,0.0,1342.0,1362.0,GasA,Ex,Y,SBrkr,1362,0,0,0.0,0.0,2,0,2,1,Gd,6,Typ,1,Gd,Attchd,2005.0,RFn,2.0,460.0,TA,TA,Y,192,28,0,0,0,0,,,,0,6,2007,WD ,Normal
691,141000,848,120,RM,,4426,Pave,,Reg,Lvl,AllPub,Inside,Gtl,CollgCr,Norm,Norm,TwnhsE,1Story,6,5,2004,2004,Gable,CompShg,VinylSd,VinylSd,BrkFace,147.0,Gd,TA,PConc,Gd,TA,Gd,GLQ,697.0,Unf,0.0,151.0,848.0,GasA,Ex,Y,SBrkr,848,0,0,1.0,0.0,1,0,1,1,Gd,3,Typ,1,TA,Attchd,2004.0,RFn,2.0,420.0,TA,TA,Y,149,0,0,0,0,0,,,,0,5,2008,WD ,Normal
692,755000,4316,60,RL,104.0,21535,Pave,,IR1,Lvl,AllPub,Corner,Gtl,NoRidge,Norm,Norm,1Fam,2Story,10,6,1994,1995,Gable,WdShngl,HdBoard,HdBoard,BrkFace,1170.0,Ex,TA,PConc,Ex,TA,Gd,GLQ,1455.0,Unf,0.0,989.0,2444.0,GasA,Ex,Y,SBrkr,2444,1872,0,0.0,1.0,3,1,4,1,Ex,10,Typ,2,Ex,Attchd,1994.0,Fin,3.0,832.0,TA,TA,Y,382,50,0,0,0,0,,,,0,1,2007,WD ,Normal
693,335000,2519,60,RL,42.0,26178,Pave,,IR1,Lvl,AllPub,Inside,Mod,Timber,Norm,Norm,1Fam,2Story,7,5,1989,1990,Hip,CompShg,MetalSd,MetalSd,BrkFace,293.0,Gd,TA,PConc,Gd,TA,Gd,GLQ,965.0,Unf,0.0,245.0,1210.0,GasA,Ex,Y,SBrkr,1238,1281,0,1.0,0.0,2,1,4,1,Gd,9,Typ,2,Gd,Attchd,1989.0,RFn,2.0,628.0,TA,TA,Y,320,27,0,0,0,0,,,,0,4,2006,WD ,Normal
694,108480,1073,30,RL,60.0,5400,Pave,,Reg,Lvl,AllPub,Corner,Sev,OldTown,Norm,Norm,1Fam,1Story,5,6,1921,1968,Gable,CompShg,MetalSd,MetalSd,None,0.0,TA,TA,BrkTil,TA,TA,No,Unf,0.0,Unf,0.0,1073.0,1073.0,GasA,Ex,Y,SBrkr,1073,0,0,0.0,0.0,1,0,2,1,TA,4,Typ,0,,Detchd,1968.0,Unf,1.0,326.0,TA,TA,Y,0,0,112,0,0,0,,,,0,12,2006,WD ,Abnorml
695,141500,1539,50,RM,51.0,6120,Pave,,Reg,Lvl,AllPub,Corner,Gtl,BrkSide,Norm,Norm,1Fam,1.5Fin,5,6,1936,1950,Gable,CompShg,Wd Sdng,Wd Sdng,None,0.0,TA,Fa,BrkTil,TA,TA,No,Unf,0.0,Unf,0.0,927.0,927.0,GasA,TA,Y,SBrkr,1067,472,0,0.0,0.0,1,1,3,1,TA,5,Typ,0,,Detchd,1995.0,Unf,2.0,576.0,TA,TA,Y,112,0,0,0,0,0,,MnPrv,,0,4,2009,WD ,Normal
696,176000,1137,20,RL,54.0,13811,Pave,,IR1,Lvl,AllPub,Inside,Gtl,Timber,Norm,Norm,1Fam,1Story,6,6,1987,1987,Gable,CompShg,HdBoard,HdBoard,BrkFace,72.0,TA,TA,CBlock,Gd,Gd,No,GLQ,980.0,LwQ,40.0,92.0,1112.0,GasA,Gd,Y,SBrkr,1137,0,0,1.0,0.0,2,0,2,1,Gd,5,Typ,1,TA,Attchd,1987.0,Unf,2.0,551.0,TA,TA,Y,125,0,0,0,0,0,,,,0,7,2006,WD ,Normal
697,89000,616,30,RM,50.0,6000,Pave,,Reg,Lvl,AllPub,Inside,Gtl,BrkSide,Norm,Norm,1Fam,1Story,5,7,1921,1950,Gable,CompShg,Wd Sdng,Wd Shng,None,0.0,TA,TA,CBlock,TA,TA,No,LwQ,616.0,Unf,0.0,0.0,616.0,GasA,Gd,Y,SBrkr,616,0,0,0.0,0.0,1,0,2,1,TA,4,Typ,0,,Detchd,1921.0,Unf,1.0,205.0,TA,TA,Y,0,0,129,0,0,0,,,,0,6,2006,WD ,Normal
698,123500,1148,20,RL,57.0,6420,Pave,,IR1,Lvl,AllPub,Inside,Gtl,Edwards,Norm,Norm,1Fam,1Story,5,7,1952,1952,Gable,CompShg,Wd Sdng,Wd Sdng,None,0.0,TA,TA,PConc,Ex,Gd,Mn,LwQ,210.0,ALQ,551.0,219.0,980.0,GasA,Fa,Y,FuseA,1148,0,0,0.0,1.0,1,0,2,1,TA,6,Typ,0,,Detchd,1952.0,Unf,1.0,308.0,TA,TA,Y,0,0,0,0,0,0,,,,0,9,2006,WD ,Normal
699,138500,894,20,RL,65.0,8450,Pave,,Reg,Lvl,AllPub,Inside,Gtl,Sawyer,RRAe,Norm,1Fam,1Story,5,8,1965,2009,Gable,CompShg,MetalSd,MetalSd,None,0.0,TA,Gd,CBlock,TA,TA,No,GLQ,553.0,BLQ,117.0,224.0,894.0,GasA,Ex,Y,SBrkr,894,0,0,1.0,0.0,1,0,3,1,TA,5,Typ,1,Gd,Detchd,1973.0,Unf,1.0,336.0,TA,TA,Y,416,144,0,0,0,0,,MnPrv,,0,4,2010,WD ,Normal
700,196000,1391,120,FV,59.0,4282,Pave,Pave,IR2,Lvl,AllPub,Inside,Gtl,Somerst,Norm,Norm,TwnhsE,1Story,7,5,2004,2004,Gable,CompShg,MetalSd,MetalSd,None,0.0,Gd,TA,PConc,Gd,TA,Mn,GLQ,16.0,Unf,0.0,1375.0,1391.0,GasA,Ex,Y,SBrkr,1391,0,0,0.0,0.0,2,0,2,1,Gd,5,Typ,0,,Attchd,2004.0,RFn,2.0,530.0,TA,TA,Y,156,158,0,0,0,0,,,,0,7,2008,WD ,Normal
701,312500,1800,20,RL,85.0,14331,Pave,,Reg,Lvl,AllPub,Inside,Gtl,Timber,Norm,Norm,1Fam,1Story,8,5,2002,2002,Hip,CompShg,VinylSd,VinylSd,BrkFace,630.0,Gd,TA,PConc,Ex,TA,Gd,GLQ,1274.0,Unf,0.0,526.0,1800.0,GasA,Ex,Y,SBrkr,1800,0,0,1.0,0.0,2,0,3,1,Gd,7,Typ,1,Gd,Attchd,2002.0,Fin,3.0,765.0,TA,TA,Y,270,78,0,0,0,0,,,,0,5,2006,WD ,Normal
702,140000,1164,20,RL,80.0,9600,Pave,,Reg,Lvl,AllPub,Inside,Gtl,NWAmes,Norm,Norm,1Fam,1Story,7,5,1969,1969,Hip,CompShg,HdBoard,HdBoard,BrkFace,168.0,TA,TA,CBlock,TA,TA,No,Unf,0.0,Unf,0.0,1164.0,1164.0,GasA,TA,Y,SBrkr,1164,0,0,0.0,0.0,1,1,3,1,TA,6,Typ,0,,Attchd,1969.0,Unf,2.0,528.0,TA,TA,Y,0,0,0,0,0,0,,,,0,7,2006,COD,Normal
703,361919,2576,60,RL,82.0,12438,Pave,,IR1,Lvl,AllPub,Inside,Gtl,StoneBr,Norm,Norm,1Fam,2Story,8,5,2006,2006,Hip,CompShg,VinylSd,VinylSd,BrkFace,466.0,Ex,TA,PConc,Ex,Gd,No,Unf,0.0,Unf,0.0,1234.0,1234.0,GasA,Ex,Y,SBrkr,1264,1312,0,0.0,0.0,2,1,4,1,Ex,10,Typ,1,Gd,BuiltIn,2006.0,Fin,3.0,666.0,TA,TA,Y,324,100,0,0,0,0,,,,0,7,2006,New,Partial
704,140000,1812,190,RM,76.0,7630,Pave,,Reg,Lvl,AllPub,Inside,Gtl,OldTown,Feedr,Norm,2fmCon,2Story,5,9,1900,1996,Gable,CompShg,Wd Sdng,Wd Sdng,None,0.0,TA,Gd,BrkTil,Gd,TA,No,Unf,0.0,Unf,0.0,360.0,360.0,GasA,Gd,Y,SBrkr,1032,780,0,0.0,0.0,2,0,4,2,Gd,8,Typ,1,Po,Detchd,1999.0,Unf,2.0,672.0,TA,TA,N,344,0,40,0,0,0,,MnPrv,,0,5,2010,WD ,Normal
705,213000,1484,20,RL,70.0,8400,Pave,,Reg,Lvl,AllPub,Inside,Gtl,CollgCr,Norm,Norm,1Fam,1Story,7,5,2004,2005,Gable,CompShg,VinylSd,VinylSd,BrkFace,109.0,Gd,TA,PConc,Gd,TA,Av,GLQ,712.0,Unf,0.0,761.0,1473.0,GasA,Ex,Y,SBrkr,1484,0,0,1.0,0.0,2,0,3,1,Gd,7,Typ,0,,Attchd,2004.0,RFn,2.0,606.0,TA,TA,Y,0,35,0,144,0,0,,,,0,5,2010,WD ,Normal
706,55000,1092,190,RM,70.0,5600,Pave,,Reg,Lvl,AllPub,Inside,Gtl,IDOTRR,Norm,Norm,2fmCon,2Story,4,5,1930,1950,Hip,CompShg,VinylSd,Wd Shng,None,0.0,Fa,Fa,Slab,,,,,0.0,,0.0,0.0,0.0,GasA,Fa,N,SBrkr,372,720,0,0.0,0.0,2,0,3,2,Fa,7,Mod,0,,,,,0.0,0.0,,,N,0,0,0,0,0,0,,,Othr,3500,7,2010,WD ,Normal
707,302000,1824,20,RL,,115149,Pave,,IR2,Low,AllPub,CulDSac,Sev,ClearCr,Norm,Norm,1Fam,1Story,7,5,1971,2002,Gable,CompShg,Plywood,Plywood,Stone,351.0,TA,TA,CBlock,Gd,TA,Gd,GLQ,1219.0,Unf,0.0,424.0,1643.0,GasA,TA,Y,SBrkr,1824,0,0,1.0,0.0,2,0,2,1,Gd,5,Typ,2,TA,Attchd,1971.0,Unf,2.0,739.0,TA,TA,Y,380,48,0,0,0,0,,,,0,6,2007,WD ,Normal
708,254000,1324,120,RL,48.0,6240,Pave,,Reg,Lvl,AllPub,Inside,Gtl,NridgHt,Norm,Norm,TwnhsE,1Story,8,5,2006,2006,Hip,CompShg,MetalSd,MetalSd,BrkFace,176.0,Gd,TA,PConc,Gd,TA,No,GLQ,863.0,Unf,0.0,461.0,1324.0,GasA,Ex,Y,SBrkr,1324,0,0,1.0,0.0,2,0,2,1,Gd,6,Typ,1,Gd,Attchd,2006.0,Fin,2.0,550.0,TA,TA,Y,192,38,0,0,0,0,,,,0,12,2009,WD ,Normal
709,179540,1456,60,RL,65.0,9018,Pave,,IR1,Lvl,AllPub,Inside,Gtl,Gilbert,Norm,Norm,1Fam,2Story,7,5,2007,2007,Hip,CompShg,VinylSd,VinylSd,None,0.0,Gd,TA,PConc,Gd,TA,Av,Unf,0.0,Unf,0.0,728.0,728.0,GasA,Ex,Y,SBrkr,728,728,0,0.0,0.0,2,1,3,1,Gd,8,Typ,1,Gd,Attchd,2007.0,Fin,2.0,400.0,TA,TA,Y,100,24,0,0,0,0,,,,0,7,2007,New,Partial
710,109900,904,20,RL,,7162,Pave,,IR1,Lvl,AllPub,Inside,Gtl,Sawyer,Norm,Norm,1Fam,1Story,5,7,1966,1966,Gable,CompShg,HdBoard,HdBoard,BrkCmn,41.0,TA,TA,PConc,TA,TA,No,Unf,0.0,Unf,0.0,876.0,876.0,GasA,TA,Y,SBrkr,904,0,0,0.0,0.0,1,0,3,1,TA,6,Typ,0,,Attchd,1966.0,Unf,1.0,408.0,TA,TA,Y,0,0,0,0,0,0,,MnPrv,,0,12,2008,WD ,Abnorml
711,52000,729,30,RL,56.0,4130,Pave,,IR1,Lvl,AllPub,Inside,Gtl,BrkSide,Norm,Norm,1Fam,1Story,3,6,1935,2003,Gable,CompShg,VinylSd,VinylSd,None,0.0,Gd,TA,CBlock,TA,TA,No,Unf,0.0,Unf,0.0,270.0,270.0,GasA,Gd,Y,SBrkr,729,0,0,0.0,0.0,1,0,2,1,TA,5,Maj2,0,,,,,0.0,0.0,,,N,0,0,0,0,0,0,,,,0,7,2008,WD ,Normal
712,102776,1178,50,C (all),66.0,8712,Pave,Pave,Reg,HLS,AllPub,Inside,Mod,IDOTRR,Norm,Norm,1Fam,1.5Fin,4,7,1900,1950,Gable,CompShg,MetalSd,MetalSd,None,0.0,TA,TA,Stone,TA,TA,Mn,Unf,0.0,Unf,0.0,859.0,859.0,GasA,Gd,Y,SBrkr,859,319,0,0.0,0.0,1,0,2,1,TA,7,Typ,0,,Detchd,1964.0,RFn,1.0,384.0,TA,TA,N,68,0,98,0,0,0,,,,0,1,2010,WD ,Abnorml
713,189000,1228,120,RL,40.0,4671,Pave,,IR1,HLS,AllPub,Inside,Gtl,StoneBr,Norm,Norm,TwnhsE,1Story,8,5,1988,1989,Gable,CompShg,HdBoard,HdBoard,None,0.0,Gd,TA,PConc,Gd,TA,Mn,GLQ,767.0,Unf,0.0,461.0,1228.0,GasA,Gd,Y,SBrkr,1228,0,0,1.0,0.0,2,0,2,1,Gd,5,Typ,1,Gd,Attchd,1988.0,Fin,2.0,472.0,TA,TA,Y,168,120,0,0,0,0,,,,0,10,2008,WD ,Normal
714,129000,960,190,RL,60.0,9873,Pave,,Reg,Lvl,AllPub,Inside,Gtl,BrkSide,RRAn,Norm,2fmCon,1Story,4,5,1970,1970,Gable,CompShg,HdBoard,HdBoard,BrkFace,160.0,TA,TA,CBlock,TA,TA,Av,ALQ,789.0,Unf,0.0,171.0,960.0,GasW,TA,N,SBrkr,960,0,0,1.0,0.0,1,0,3,1,TA,6,Typ,0,,Detchd,1970.0,Unf,2.0,576.0,TA,TA,Y,0,288,0,0,0,0,,,,0,5,2006,WD ,Normal
715,130500,1479,60,RL,,13517,Pave,,IR1,Lvl,AllPub,CulDSac,Gtl,Sawyer,RRAe,Norm,1Fam,2Story,6,8,1976,2005,Gable,CompShg,HdBoard,Plywood,BrkFace,289.0,Gd,TA,CBlock,TA,TA,No,GLQ,533.0,Unf,0.0,192.0,725.0,GasA,Ex,Y,SBrkr,725,754,0,0.0,0.0,2,1,3,1,Gd,6,Typ,0,,Attchd,1976.0,RFn,2.0,475.0,TA,TA,Y,0,44,0,0,0,0,,,,0,3,2010,WD ,Normal
716,165000,1350,20,RL,78.0,10140,Pave,,Reg,Lvl,AllPub,Inside,Gtl,NWAmes,Norm,Norm,1Fam,1Story,6,5,1974,1974,Hip,CompShg,HdBoard,HdBoard,BrkFace,174.0,TA,TA,CBlock,Gd,TA,No,Unf,0.0,Unf,0.0,1064.0,1064.0,GasA,TA,Y,SBrkr,1350,0,0,0.0,0.0,2,0,3,1,TA,7,Typ,1,TA,Attchd,1974.0,RFn,2.0,478.0,TA,TA,Y,0,0,0,0,0,0,,MnPrv,,0,8,2009,WD ,Normal
717,159500,2554,70,RM,60.0,10800,Pave,Grvl,Reg,Bnk,AllPub,Inside,Gtl,OldTown,Norm,Norm,1Fam,2Story,7,8,1890,1998,Gable,CompShg,Wd Sdng,VinylSd,None,0.0,TA,Gd,BrkTil,TA,TA,No,Unf,0.0,Unf,0.0,718.0,718.0,GasA,Ex,Y,SBrkr,1576,978,0,0.0,0.0,1,1,3,1,TA,8,Typ,0,,Detchd,1996.0,Unf,2.0,704.0,TA,TA,P,0,48,143,0,0,0,,,,0,7,2007,WD ,Normal
718,157000,1178,20,RL,80.0,10000,Pave,,Reg,Lvl,AllPub,Inside,Gtl,NWAmes,Norm,Norm,1Fam,1Story,5,6,1973,2000,Gable,CompShg,HdBoard,HdBoard,None,0.0,TA,TA,CBlock,Gd,TA,No,BLQ,1084.0,Unf,0.0,92.0,1176.0,GasA,Gd,Y,SBrkr,1178,0,0,0.0,1.0,1,1,3,1,Gd,5,Typ,1,Fa,Attchd,1973.0,Unf,2.0,439.0,TA,TA,Y,224,0,0,0,0,0,,MnPrv,,0,11,2008,WD ,Normal
719,341000,2418,60,RL,96.0,10542,Pave,,Reg,Lvl,AllPub,Inside,Gtl,NoRidge,Norm,Norm,1Fam,2Story,7,5,1993,1994,Hip,CompShg,Wd Sdng,ImStucc,BrkFace,651.0,Gd,TA,PConc,Gd,TA,Gd,GLQ,1173.0,Unf,0.0,138.0,1311.0,GasA,Ex,Y,SBrkr,1325,1093,0,1.0,0.0,2,1,3,1,Gd,9,Typ,1,TA,Attchd,1993.0,RFn,3.0,983.0,TA,TA,Y,250,154,216,0,0,0,,,,0,8,2008,WD ,Normal
720,128500,971,20,RL,69.0,9920,Pave,,IR1,Lvl,AllPub,Inside,Gtl,CollgCr,Norm,Norm,1Fam,1Story,5,6,1969,1969,Gable,CompShg,HdBoard,Plywood,None,0.0,TA,TA,CBlock,Gd,TA,Gd,ALQ,523.0,Unf,0.0,448.0,971.0,GasA,TA,Y,SBrkr,971,0,0,0.0,0.0,1,1,3,1,TA,5,Typ,1,Po,Attchd,1969.0,Unf,1.0,300.0,TA,TA,Y,0,0,0,0,0,0,,,,0,5,2006,WD ,Normal
721,275000,1742,120,RL,,6563,Pave,,IR1,Low,AllPub,CulDSac,Mod,StoneBr,Norm,Norm,1Fam,1Story,8,5,1985,1985,Gable,CompShg,HdBoard,HdBoard,None,0.0,Gd,TA,PConc,Gd,TA,Gd,GLQ,1148.0,Unf,0.0,594.0,1742.0,GasA,TA,Y,SBrkr,1742,0,0,1.0,0.0,2,0,2,1,Gd,5,Typ,1,TA,Attchd,1985.0,RFn,2.0,564.0,TA,TA,Y,114,28,234,0,0,0,,,,0,12,2006,WD ,Normal
722,143000,848,120,RM,,4426,Pave,,Reg,Lvl,AllPub,Inside,Gtl,CollgCr,Norm,Norm,TwnhsE,1Story,6,5,2004,2004,Gable,CompShg,VinylSd,VinylSd,BrkFace,169.0,Gd,TA,PConc,Gd,TA,Av,GLQ,662.0,Unf,0.0,186.0,848.0,GasA,Ex,Y,SBrkr,848,0,0,1.0,0.0,1,0,1,1,Gd,3,Typ,0,,Attchd,2004.0,RFn,2.0,420.0,TA,TA,Y,160,0,0,0,0,0,,,,0,5,2010,WD ,Normal
723,124500,864,20,RL,70.0,8120,Pave,,Reg,Lvl,AllPub,Inside,Gtl,NAmes,Norm,Norm,1Fam,1Story,4,7,1970,1970,Gable,CompShg,MetalSd,MetalSd,None,0.0,TA,Gd,CBlock,TA,TA,No,ALQ,191.0,Unf,0.0,673.0,864.0,GasA,Ex,Y,SBrkr,864,0,0,0.0,0.0,1,0,3,1,TA,5,Typ,0,,Detchd,1994.0,Unf,2.0,463.0,TA,TA,Y,0,0,0,0,0,0,,,,0,7,2009,WD ,Normal
724,135000,1470,50,RL,60.0,8172,Pave,,Reg,Lvl,AllPub,Inside,Gtl,Edwards,Norm,Norm,1Fam,1.5Fin,4,6,1954,1972,Gable,CompShg,MetalSd,MetalSd,None,0.0,TA,TA,PConc,TA,TA,No,Unf,0.0,Unf,0.0,941.0,941.0,GasA,Ex,Y,SBrkr,997,473,0,0.0,0.0,2,0,4,1,TA,7,Typ,0,,Detchd,1958.0,Unf,1.0,548.0,TA,TA,Y,0,0,0,0,156,0,,,,0,5,2008,WD ,Normal
725,320000,1698,20,RL,86.0,13286,Pave,,IR1,Lvl,AllPub,Inside,Gtl,Edwards,Norm,Norm,1Fam,1Story,9,5,2007,2008,Hip,CompShg,CemntBd,CmentBd,Stone,340.0,Ex,TA,PConc,Ex,TA,No,GLQ,1234.0,Unf,0.0,464.0,1698.0,GasA,Ex,Y,SBrkr,1698,0,0,1.0,0.0,2,0,3,1,Ex,8,Typ,1,Gd,Attchd,2007.0,Fin,3.0,768.0,TA,TA,Y,327,64,0,0,0,0,,,,0,2,2009,WD ,Normal
726,120500,864,20,RL,60.0,6960,Pave,,Reg,Lvl,AllPub,Inside,Gtl,NAmes,Norm,Norm,1Fam,1Story,4,6,1970,1970,Gable,CompShg,HdBoard,Plywood,None,0.0,TA,TA,CBlock,TA,TA,No,ALQ,375.0,BLQ,239.0,250.0,864.0,GasA,TA,Y,SBrkr,864,0,0,0.0,0.0,1,0,3,1,Gd,5,Typ,0,,Detchd,1989.0,Unf,2.0,660.0,TA,TA,Y,96,0,0,0,0,0,,,Shed,500,11,2009,WD ,Normal
727,222000,1680,20,RL,,21695,Pave,,IR1,Lvl,AllPub,Corner,Gtl,Crawfor,Norm,Norm,1Fam,1Story,6,9,1988,2007,Hip,CompShg,Wd Sdng,Plywood,BrkFace,260.0,Gd,Gd,CBlock,Gd,TA,No,GLQ,808.0,Unf,0.0,72.0,880.0,GasA,Ex,Y,SBrkr,1680,0,0,1.0,0.0,2,0,3,1,Gd,5,Typ,1,Gd,Attchd,1988.0,Fin,2.0,540.0,TA,TA,Y,292,44,0,182,0,0,,,,0,12,2009,WD ,Normal
728,194500,1232,20,RL,64.0,7314,Pave,,Reg,Lvl,AllPub,Inside,Gtl,CollgCr,Norm,Norm,1Fam,1Story,7,5,2007,2007,Gable,CompShg,VinylSd,VinylSd,Stone,82.0,Gd,TA,PConc,Gd,TA,Av,GLQ,724.0,Unf,0.0,508.0,1232.0,GasA,Ex,Y,SBrkr,1232,0,0,1.0,0.0,2,0,2,1,Gd,6,Typ,0,,Attchd,2007.0,RFn,2.0,632.0,TA,TA,Y,132,0,0,0,0,0,,,,0,2,2009,WD ,Normal
729,110000,1776,90,RL,85.0,11475,Pave,,Reg,Lvl,AllPub,Corner,Gtl,NAmes,Norm,Norm,Duplex,1Story,5,5,1958,1958,Gable,CompShg,VinylSd,VinylSd,BrkFace,95.0,TA,TA,CBlock,TA,TA,No,Unf,0.0,Unf,0.0,1584.0,1584.0,GasA,TA,Y,SBrkr,1776,0,0,1.0,0.0,2,0,4,2,TA,9,Typ,0,,Detchd,1968.0,Unf,3.0,888.0,TA,TA,Y,0,25,0,0,0,0,,,,0,7,2009,COD,Abnorml
730,103000,1208,30,RM,52.0,6240,Pave,Grvl,Reg,Lvl,AllPub,Inside,Gtl,IDOTRR,Norm,Norm,1Fam,1.5Fin,4,5,1925,1950,Gable,CompShg,MetalSd,MetalSd,None,0.0,TA,TA,CBlock,TA,TA,No,BLQ,152.0,Unf,0.0,628.0,780.0,GasA,TA,Y,FuseA,848,0,360,0.0,0.0,1,0,2,1,TA,5,Typ,0,,Detchd,1962.0,Unf,2.0,539.0,TA,TA,Y,0,23,112,0,0,0,,,,0,1,2009,WD ,Normal
731,236500,1616,120,RL,39.0,5389,Pave,,IR1,Lvl,AllPub,Inside,Gtl,StoneBr,Norm,Norm,TwnhsE,1Story,8,5,1995,1996,Gable,CompShg,CemntBd,CmentBd,None,0.0,Gd,TA,PConc,Gd,TA,No,GLQ,1180.0,Unf,0.0,415.0,1595.0,GasA,Ex,Y,SBrkr,1616,0,0,1.0,0.0,2,0,2,1,Gd,5,Typ,1,TA,Attchd,1995.0,RFn,2.0,608.0,TA,TA,Y,237,152,0,0,0,0,,,,0,3,2010,WD ,Normal
732,187500,1146,80,RL,73.0,9590,Pave,,IR1,Lvl,AllPub,Corner,Gtl,Timber,Norm,Norm,1Fam,SLvl,7,5,2003,2003,Gable,CompShg,VinylSd,VinylSd,BrkFace,442.0,Gd,TA,PConc,Ex,TA,Av,GLQ,786.0,Unf,0.0,82.0,868.0,GasA,Ex,Y,SBrkr,1146,0,0,1.0,0.0,2,0,3,1,Gd,6,Typ,1,Gd,Attchd,2003.0,Fin,2.0,438.0,TA,TA,Y,160,22,0,0,0,0,,,,0,5,2007,WD ,Normal
733,222500,2031,60,RL,75.0,11404,Pave,,IR1,Lvl,AllPub,Inside,Gtl,CollgCr,Norm,Norm,1Fam,2Story,7,5,1998,1999,Gable,CompShg,VinylSd,VinylSd,BrkFace,202.0,Gd,TA,PConc,Gd,TA,Av,ALQ,252.0,Unf,0.0,901.0,1153.0,GasA,Ex,Y,SBrkr,1153,878,0,0.0,0.0,2,1,3,1,Gd,8,Typ,1,TA,Attchd,1998.0,Fin,2.0,541.0,TA,TA,Y,192,84,0,0,0,0,,,,0,7,2008,WD ,Normal
734,131400,1144,20,RL,80.0,10000,Pave,,Reg,Lvl,AllPub,Corner,Gtl,Sawyer,Feedr,Norm,1Fam,1Story,5,6,1961,1983,Hip,CompShg,HdBoard,HdBoard,None,0.0,TA,TA,CBlock,TA,TA,No,BLQ,594.0,Unf,0.0,270.0,864.0,GasA,Ex,Y,SBrkr,1144,0,0,1.0,0.0,1,0,3,1,TA,6,Typ,1,TA,Attchd,1961.0,RFn,1.0,264.0,TA,TA,Y,165,0,0,0,0,0,,GdWo,Shed,400,3,2009,WD ,Normal
735,108000,948,20,RL,,8978,Pave,,IR1,Lvl,AllPub,Corner,Gtl,Sawyer,Norm,Norm,1Fam,1Story,5,5,1968,1968,Gable,CompShg,Plywood,Plywood,None,0.0,TA,TA,PConc,TA,TA,No,Unf,0.0,Unf,0.0,948.0,948.0,GasA,TA,Y,SBrkr,948,0,0,0.0,0.0,1,0,3,1,TA,6,Typ,0,,Attchd,1968.0,Unf,1.0,300.0,TA,TA,Y,147,0,0,0,0,0,,,,0,5,2007,WD ,Family
736,163000,1768,75,RM,60.0,10800,Pave,,Reg,Lvl,AllPub,Inside,Gtl,OldTown,Norm,Norm,1Fam,2.5Unf,7,7,1914,1970,Gable,CompShg,Wd Sdng,Wd Sdng,None,0.0,TA,TA,BrkTil,Gd,TA,Mn,Rec,390.0,Unf,0.0,490.0,880.0,GasW,Fa,N,SBrkr,880,888,0,0.0,0.0,1,1,2,1,TA,6,Typ,2,TA,Detchd,1914.0,Unf,2.0,320.0,TA,TA,N,0,341,0,0,0,0,,,,0,10,2006,WD ,Normal
737,93500,1040,90,RL,60.0,8544,Pave,,Reg,Lvl,AllPub,Inside,Gtl,NAmes,Norm,Norm,Duplex,1Story,3,4,1950,1950,Gable,CompShg,Stucco,Stone,None,0.0,TA,TA,CBlock,,,,,0.0,,0.0,0.0,0.0,GasA,Gd,N,FuseF,1040,0,0,0.0,0.0,2,0,2,2,TA,6,Typ,0,,Detchd,1949.0,Unf,2.0,400.0,TA,TA,Y,0,0,0,0,0,0,,,,0,7,2006,WD ,Normal
738,239900,1801,60,RL,72.0,10463,Pave,,IR1,HLS,AllPub,CulDSac,Gtl,Gilbert,Norm,Norm,1Fam,2Story,8,5,2005,2005,Gable,CompShg,VinylSd,VinylSd,None,0.0,Gd,TA,PConc,Gd,TA,No,Unf,0.0,Unf,0.0,893.0,893.0,GasA,Ex,Y,SBrkr,901,900,0,0.0,0.0,2,1,3,1,Gd,8,Typ,1,Gd,Attchd,2005.0,Fin,3.0,800.0,TA,TA,Y,0,116,0,0,0,0,,,,0,6,2006,WD ,Normal
739,179000,1200,90,RL,60.0,10800,Pave,,Reg,Lvl,AllPub,Inside,Gtl,Edwards,Norm,Norm,Duplex,1Story,5,5,1987,1988,Gable,CompShg,Plywood,Plywood,None,0.0,TA,TA,CBlock,Gd,Gd,Gd,GLQ,1200.0,Unf,0.0,0.0,1200.0,GasA,TA,Y,SBrkr,1200,0,0,3.0,0.0,3,0,3,1,TA,5,Typ,0,,,,,0.0,0.0,,,Y,120,0,0,0,0,0,,,,0,3,2009,WD ,Alloca
740,190000,1728,60,RL,65.0,9313,Pave,,IR1,Lvl,AllPub,Inside,Gtl,CollgCr,Norm,Norm,1Fam,2Story,7,5,2004,2004,Gable,CompShg,VinylSd,VinylSd,None,0.0,Gd,TA,PConc,Gd,TA,No,Unf,0.0,Unf,0.0,864.0,864.0,GasA,Ex,Y,SBrkr,864,864,0,0.0,0.0,2,1,3,1,Gd,7,Typ,0,,Attchd,2004.0,RFn,2.0,572.0,TA,TA,Y,187,56,0,0,0,0,,,,0,4,2009,WD ,Normal
741,132000,1432,70,RM,60.0,9600,Pave,Grvl,Reg,Lvl,AllPub,Inside,Gtl,OldTown,Norm,Norm,1Fam,2Story,5,7,1910,2002,Gable,CompShg,Wd Sdng,Wd Shng,None,0.0,TA,Gd,BrkTil,Fa,Fa,No,Unf,0.0,Unf,0.0,264.0,264.0,GasA,Ex,Y,SBrkr,768,664,0,0.0,0.0,2,0,2,1,TA,7,Typ,0,,Detchd,1910.0,Unf,2.0,360.0,TA,Gd,Y,270,0,112,0,0,0,,GdPrv,,0,5,2007,WD ,Abnorml
742,142000,912,20,RL,65.0,6768,Pave,,IR1,Lvl,AllPub,Inside,Gtl,Sawyer,Feedr,Norm,1Fam,1Story,6,8,1961,1996,Hip,CompShg,HdBoard,HdBoard,None,0.0,TA,Gd,CBlock,TA,TA,Mn,GLQ,832.0,Unf,0.0,80.0,912.0,GasA,Gd,Y,SBrkr,912,0,0,1.0,1.0,1,0,3,1,Gd,5,Typ,0,,Detchd,1962.0,Unf,1.0,288.0,TA,TA,Y,168,0,0,0,0,0,,GdPrv,,0,5,2008,WD ,Normal
743,179000,1349,20,RL,65.0,8450,Pave,,Reg,Lvl,AllPub,Inside,Gtl,SawyerW,Norm,Norm,1Fam,1Story,7,5,2000,2001,Gable,CompShg,VinylSd,VinylSd,BrkFace,108.0,TA,TA,PConc,Gd,TA,No,Unf,0.0,Unf,0.0,1349.0,1349.0,GasA,Ex,Y,SBrkr,1349,0,0,0.0,0.0,2,0,3,1,TA,6,Typ,0,,Attchd,2000.0,Unf,2.0,539.0,TA,TA,Y,120,55,0,0,0,0,,GdPrv,,0,12,2007,WD ,Normal
744,175000,1464,80,RL,70.0,12886,Pave,,IR1,Lvl,AllPub,Inside,Gtl,Sawyer,Norm,Norm,1Fam,SLvl,5,6,1963,1999,Gable,CompShg,HdBoard,HdBoard,None,0.0,TA,TA,CBlock,Gd,TA,Av,ALQ,444.0,Unf,0.0,76.0,520.0,GasA,Ex,Y,SBrkr,1464,0,0,0.0,1.0,2,0,3,1,TA,6,Min2,1,TA,Attchd,1997.0,RFn,2.0,480.0,TA,TA,Y,302,0,0,0,100,0,,,,0,10,2009,WD ,Normal
745,180000,1337,120,RL,41.0,5395,Pave,,IR1,HLS,AllPub,Inside,Gtl,StoneBr,Norm,Norm,TwnhsE,1Story,8,5,1993,1993,Gable,CompShg,HdBoard,HdBoard,None,0.0,Gd,TA,PConc,Gd,TA,No,GLQ,733.0,Unf,0.0,604.0,1337.0,GasA,Gd,Y,SBrkr,1337,0,0,1.0,0.0,2,0,2,1,Gd,5,Typ,1,TA,Attchd,1993.0,RFn,2.0,462.0,TA,TA,Y,96,0,70,168,0,0,,,,0,10,2008,WD ,Normal
746,299800,2715,60,RL,,8963,Pave,,IR1,Lvl,AllPub,Inside,Gtl,NWAmes,Norm,Norm,1Fam,2Story,8,9,1976,1996,Hip,CompShg,VinylSd,VinylSd,BrkFace,289.0,Ex,Gd,CBlock,TA,Gd,No,GLQ,575.0,ALQ,80.0,487.0,1142.0,GasA,Ex,Y,SBrkr,1175,1540,0,0.0,1.0,3,1,4,1,Gd,11,Typ,2,TA,BuiltIn,1994.0,Fin,2.0,831.0,TA,TA,Y,0,204,0,0,0,0,,,,0,7,2008,WD ,Normal
747,236000,2256,60,RL,,8795,Pave,,IR1,Lvl,AllPub,Inside,Gtl,Gilbert,Norm,Norm,1Fam,2Story,7,5,2000,2000,Gable,CompShg,VinylSd,VinylSd,None,0.0,Gd,TA,PConc,Gd,TA,No,GLQ,300.0,Unf,0.0,652.0,952.0,GasA,Ex,Y,SBrkr,980,1276,0,0.0,0.0,2,1,4,1,Gd,8,Typ,1,TA,BuiltIn,2000.0,Fin,2.0,554.0,TA,TA,Y,224,54,0,0,0,0,,,,0,4,2009,WD ,Normal
748,265979,2640,70,RM,65.0,11700,Pave,Pave,IR1,Lvl,AllPub,Corner,Gtl,OldTown,Norm,Norm,1Fam,2Story,7,7,1880,2003,Mansard,CompShg,Stucco,Stucco,None,0.0,Gd,TA,Stone,TA,Fa,No,Unf,0.0,Unf,0.0,1240.0,1240.0,GasW,TA,N,SBrkr,1320,1320,0,0.0,0.0,1,1,4,1,Gd,8,Typ,1,Gd,Detchd,1950.0,Unf,4.0,864.0,TA,TA,N,181,0,386,0,0,0,,,,0,5,2009,WD ,Normal
749,260400,1720,20,RL,59.0,10593,Pave,,IR1,Lvl,AllPub,Inside,Gtl,NoRidge,Norm,Norm,1Fam,1Story,7,5,1996,1996,Hip,CompShg,VinylSd,VinylSd,BrkFace,338.0,Gd,TA,PConc,Gd,TA,No,GLQ,919.0,Unf,0.0,801.0,1720.0,GasA,Ex,Y,SBrkr,1720,0,0,1.0,0.0,2,0,3,1,Gd,7,Typ,1,TA,Attchd,1996.0,Fin,2.0,527.0,TA,TA,Y,240,56,154,0,0,0,,,,0,3,2010,WD ,Normal
750,98000,1529,50,RL,50.0,8405,Pave,,Reg,Lvl,AllPub,Inside,Gtl,Edwards,Norm,Norm,1Fam,1.5Fin,4,3,1945,1950,Gable,CompShg,WdShing,Wd Shng,None,0.0,TA,TA,Slab,,,,,0.0,,0.0,0.0,0.0,Wall,TA,N,FuseF,1088,441,0,0.0,0.0,2,0,4,1,TA,9,Mod,0,,Detchd,1945.0,Unf,1.0,240.0,TA,TA,N,92,0,185,0,0,0,,,,0,4,2009,WD ,Normal
751,96500,1140,50,RM,55.0,8800,Pave,Grvl,Reg,Lvl,AllPub,Corner,Gtl,OldTown,Norm,Norm,1Fam,1.5Fin,4,7,1910,2004,Gable,CompShg,Wd Sdng,Wd Sdng,None,0.0,TA,TA,BrkTil,TA,Fa,No,Unf,0.0,Unf,0.0,576.0,576.0,GasA,Gd,Y,SBrkr,792,348,0,0.0,0.0,1,0,3,1,TA,7,Min2,0,,,,,0.0,0.0,,,N,0,160,0,0,0,0,,,,0,6,2010,WD ,Normal
752,162000,1320,60,RL,,7750,Pave,,Reg,Lvl,AllPub,Inside,Gtl,Gilbert,RRAn,Norm,1Fam,2Story,7,5,2003,2003,Gable,CompShg,VinylSd,VinylSd,None,0.0,Gd,TA,PConc,Gd,TA,No,Unf,0.0,Unf,0.0,660.0,660.0,GasA,Ex,Y,SBrkr,660,660,0,0.0,0.0,2,1,3,1,Gd,6,Typ,0,,Attchd,2003.0,Fin,2.0,400.0,TA,TA,Y,0,48,0,0,0,0,,,,0,8,2007,WD ,Normal
753,217000,1494,20,RL,79.0,9236,Pave,,IR1,Lvl,AllPub,Inside,Gtl,CollgCr,Norm,Norm,1Fam,1Story,6,5,1997,1997,Gable,CompShg,VinylSd,VinylSd,None,0.0,TA,Gd,PConc,Gd,TA,Gd,GLQ,1200.0,Unf,0.0,279.0,1479.0,GasA,Ex,Y,SBrkr,1494,0,0,1.0,0.0,2,0,3,1,Gd,6,Typ,0,,Attchd,1997.0,RFn,2.0,576.0,TA,TA,Y,168,27,0,0,0,0,,,,0,7,2006,WD ,Normal
754,275500,2098,60,RL,80.0,10240,Pave,,Reg,Lvl,AllPub,Inside,Gtl,NridgHt,Norm,Norm,1Fam,2Story,8,5,2005,2005,Gable,CompShg,VinylSd,VinylSd,BrkFace,178.0,Gd,TA,PConc,Gd,TA,Mn,Unf,0.0,Unf,0.0,1030.0,1030.0,GasA,Gd,Y,SBrkr,1038,1060,0,0.0,0.0,2,1,3,1,Ex,8,Typ,1,Gd,Attchd,2005.0,RFn,3.0,878.0,TA,TA,Y,192,52,0,0,0,0,,,,0,3,2006,WD ,Normal
755,156000,1026,20,RL,61.0,7930,Pave,,Reg,Lvl,AllPub,Inside,Gtl,NAmes,Norm,Norm,1Fam,1Story,6,8,1969,2005,Gable,CompShg,Plywood,Plywood,None,0.0,TA,TA,CBlock,TA,TA,No,GLQ,439.0,LwQ,472.0,115.0,1026.0,GasA,Gd,Y,SBrkr,1026,0,0,1.0,0.0,1,0,3,1,Gd,5,Typ,0,,Detchd,1969.0,RFn,2.0,440.0,TA,TA,Y,171,48,0,0,0,0,,,,0,7,2009,WD ,Normal
756,172500,1471,160,FV,34.0,3230,Pave,Pave,Reg,Lvl,AllPub,Inside,Gtl,Somerst,Norm,Norm,TwnhsE,2Story,6,5,1999,1999,Gable,CompShg,MetalSd,MetalSd,BrkFace,894.0,TA,TA,PConc,Gd,TA,No,GLQ,381.0,Unf,0.0,348.0,729.0,GasA,Gd,Y,SBrkr,742,729,0,0.0,0.0,2,1,3,1,TA,6,Typ,0,,Detchd,1999.0,Unf,2.0,440.0,TA,TA,Y,0,24,0,0,0,0,,,,0,3,2009,WD ,Normal
757,212000,1768,60,RL,68.0,10769,Pave,,IR1,Lvl,AllPub,Inside,Gtl,CollgCr,Norm,Norm,1Fam,2Story,8,5,2007,2007,Gable,CompShg,VinylSd,VinylSd,None,0.0,Gd,TA,PConc,Gd,TA,Av,GLQ,20.0,Unf,0.0,846.0,866.0,GasA,Ex,Y,SBrkr,866,902,0,0.0,0.0,2,1,3,1,Gd,7,Typ,0,,Attchd,2007.0,RFn,2.0,578.0,TA,TA,Y,144,105,0,0,0,0,,,,0,4,2009,WD ,Normal
758,158900,1386,60,RL,,11616,Pave,,IR1,Lvl,AllPub,CulDSac,Gtl,Sawyer,Norm,Norm,1Fam,2Story,6,5,1978,1978,Hip,CompShg,HdBoard,HdBoard,BrkCmn,328.0,TA,TA,CBlock,TA,TA,Mn,Rec,438.0,Unf,0.0,234.0,672.0,GasA,TA,Y,SBrkr,672,714,0,0.0,0.0,2,1,3,1,TA,6,Typ,1,TA,Attchd,1978.0,Fin,2.0,440.0,TA,TA,Y,335,0,0,0,0,0,,GdPrv,,0,4,2010,WD ,Abnorml
759,179400,1501,160,FV,24.0,2280,Pave,Pave,Reg,Lvl,AllPub,Inside,Gtl,Somerst,Norm,Norm,Twnhs,2Story,7,5,1999,1999,Gable,CompShg,MetalSd,MetalSd,BrkFace,360.0,TA,TA,PConc,Gd,TA,No,ALQ,549.0,Unf,0.0,195.0,744.0,GasA,Gd,Y,SBrkr,757,744,0,0.0,0.0,2,1,3,1,TA,6,Typ,0,,Detchd,1999.0,Unf,2.0,440.0,TA,TA,Y,0,0,0,0,0,0,,,,0,8,2008,WD ,Normal
760,290000,2531,60,RL,65.0,12257,Pave,,IR1,Lvl,AllPub,Inside,Gtl,NoRidge,Norm,Norm,1Fam,2Story,8,5,1995,1995,Gable,CompShg,VinylSd,VinylSd,BrkFace,513.0,Gd,TA,PConc,Gd,TA,Av,LwQ,56.0,ALQ,64.0,1198.0,1318.0,GasA,Ex,Y,SBrkr,1328,1203,0,0.0,0.0,2,1,4,1,Gd,9,Typ,1,TA,Attchd,1995.0,RFn,3.0,752.0,TA,TA,Y,222,98,0,0,0,0,,,,0,11,2007,WD ,Normal
761,127500,864,20,RL,70.0,9100,Pave,,Reg,Lvl,AllPub,Inside,Gtl,NAmes,Norm,Norm,1Fam,1Story,6,6,1959,1959,Hip,CompShg,Wd Sdng,Wd Sdng,None,0.0,TA,TA,CBlock,TA,TA,No,Rec,612.0,Unf,0.0,252.0,864.0,GasA,Ex,Y,SBrkr,864,0,0,0.0,0.0,1,0,2,1,TA,5,Typ,0,,Detchd,2008.0,Unf,1.0,300.0,Ex,Ex,Y,0,0,0,0,0,0,,,Shed,450,10,2009,WD ,Normal
762,100000,1301,30,RM,60.0,6911,Pave,,Reg,Lvl,AllPub,FR2,Gtl,BrkSide,Feedr,Norm,1Fam,1Story,5,5,1924,1950,Gable,CompShg,Wd Sdng,Wd Sdng,None,0.0,TA,TA,PConc,TA,TA,Mn,LwQ,405.0,Unf,0.0,740.0,1145.0,GasA,TA,Y,SBrkr,1301,0,0,0.0,0.0,1,0,2,1,Fa,5,Min1,0,,Detchd,1965.0,Unf,2.0,440.0,TA,TA,Y,0,0,0,0,0,0,,,,0,10,2009,WD ,Normal
763,215200,1547,60,FV,72.0,8640,Pave,,Reg,Lvl,AllPub,Inside,Gtl,Somerst,Norm,Norm,1Fam,2Story,7,5,2009,2009,Gable,CompShg,VinylSd,VinylSd,None,0.0,TA,TA,PConc,Gd,TA,Mn,GLQ,24.0,Unf,0.0,732.0,756.0,GasA,Ex,Y,SBrkr,764,783,0,0.0,0.0,2,1,3,1,Gd,7,Typ,0,,Attchd,2009.0,Unf,2.0,614.0,TA,TA,Y,169,45,0,0,0,0,,,,0,6,2010,Con,Normal
764,337000,2365,60,RL,82.0,9430,Pave,,Reg,Lvl,AllPub,Inside,Gtl,NoRidge,Norm,Norm,1Fam,2Story,8,5,1999,1999,Gable,CompShg,VinylSd,VinylSd,BrkFace,673.0,Gd,TA,PConc,Gd,TA,Mn,GLQ,1163.0,Unf,0.0,89.0,1252.0,GasA,Ex,Y,SBrkr,1268,1097,0,1.0,0.0,2,1,3,1,Gd,8,Typ,1,Gd,Attchd,1999.0,RFn,3.0,856.0,TA,TA,Y,0,128,0,0,180,0,,,,0,7,2009,WD ,Normal
765,270000,1494,120,RL,30.0,9549,Pave,,IR1,Lvl,AllPub,CulDSac,Gtl,Veenker,Norm,Norm,TwnhsE,1Story,8,5,1995,1996,Hip,CompShg,BrkFace,BrkFace,None,0.0,Gd,Gd,PConc,Gd,Gd,Av,LwQ,437.0,GLQ,1057.0,0.0,1494.0,GasA,Ex,Y,SBrkr,1494,0,0,1.0,0.0,1,1,2,1,Ex,6,Typ,1,Gd,Attchd,1995.0,Fin,2.0,481.0,TA,TA,Y,0,30,0,0,216,0,,,,0,4,2006,WD ,Normal
766,264132,1506,20,RL,75.0,14587,Pave,,IR1,Lvl,AllPub,Inside,Gtl,Somerst,Norm,Norm,1Fam,1Story,9,5,2008,2008,Gable,CompShg,VinylSd,VinylSd,Stone,284.0,Gd,TA,PConc,Gd,TA,No,Unf,0.0,Unf,0.0,1498.0,1498.0,GasA,Ex,Y,SBrkr,1506,0,0,0.0,0.0,2,0,2,1,Ex,6,Typ,1,Gd,Attchd,2008.0,Fin,2.0,592.0,TA,TA,Y,0,174,0,0,0,0,,,,0,8,2008,New,Partial
767,196500,1714,60,RL,80.0,10421,Pave,,Reg,Lvl,AllPub,Inside,Gtl,NWAmes,Norm,Norm,1Fam,2Story,7,5,1988,1988,Gable,CompShg,HdBoard,HdBoard,BrkFace,42.0,TA,TA,CBlock,Gd,TA,No,GLQ,394.0,Unf,0.0,586.0,980.0,GasA,TA,Y,SBrkr,980,734,0,0.0,0.0,2,1,3,1,TA,7,Typ,1,TA,Attchd,1988.0,Unf,2.0,496.0,TA,TA,Y,228,66,156,0,0,0,,MnPrv,Shed,500,3,2010,WD ,Normal
768,160000,1750,50,RL,75.0,12508,Pave,,IR1,Lvl,AllPub,Inside,Gtl,Mitchel,Norm,Norm,1Fam,1.5Fin,6,7,1940,1985,Gable,CompShg,VinylSd,VinylSd,None,0.0,TA,TA,CBlock,Gd,TA,Mn,ALQ,660.0,Unf,0.0,323.0,983.0,GasA,Ex,Y,SBrkr,983,767,0,1.0,0.0,2,0,4,1,TA,7,Mod,0,,Attchd,1989.0,Unf,1.0,423.0,TA,TA,Y,245,0,156,0,0,0,,,Shed,1300,7,2008,WD ,Normal
769,216837,1836,20,RL,70.0,9100,Pave,,Reg,Lvl,AllPub,Inside,Gtl,CollgCr,Norm,Norm,1Fam,1Story,7,5,2004,2005,Hip,CompShg,VinylSd,VinylSd,None,0.0,Gd,TA,PConc,Gd,TA,No,GLQ,24.0,Unf,0.0,1836.0,1860.0,GasA,Ex,Y,SBrkr,1836,0,0,0.0,0.0,2,0,3,1,Gd,8,Typ,1,Gd,Attchd,2004.0,Fin,2.0,484.0,TA,TA,Y,120,33,0,0,0,0,,,,0,10,2006,WD ,Normal
770,538000,3279,60,RL,47.0,53504,Pave,,IR2,HLS,AllPub,CulDSac,Mod,StoneBr,Norm,Norm,1Fam,2Story,8,5,2003,2003,Hip,CompShg,CemntBd,Wd Shng,BrkFace,603.0,Ex,TA,PConc,Gd,TA,Gd,ALQ,1416.0,Unf,0.0,234.0,1650.0,GasA,Ex,Y,SBrkr,1690,1589,0,1.0,0.0,3,1,4,1,Ex,12,Mod,1,Gd,BuiltIn,2003.0,Fin,3.0,841.0,TA,TA,Y,503,36,0,0,210,0,,,,0,6,2010,WD ,Normal
771,134900,858,85,RL,,7252,Pave,,IR1,Lvl,AllPub,CulDSac,Gtl,Sawyer,Norm,Norm,1Fam,SFoyer,5,5,1982,1982,Hip,CompShg,Wd Sdng,Wd Sdng,None,0.0,TA,TA,CBlock,Gd,TA,Av,GLQ,685.0,Unf,0.0,173.0,858.0,GasA,TA,Y,SBrkr,858,0,0,1.0,0.0,1,0,2,1,TA,5,Typ,0,,Detchd,1983.0,Unf,2.0,576.0,TA,TA,Y,120,0,0,0,0,0,,,,0,4,2009,WD ,Normal
772,102000,1220,20,RL,67.0,8877,Pave,,Reg,Lvl,AllPub,Inside,Gtl,Edwards,Norm,Norm,1Fam,1Story,4,5,1951,1951,Gable,CompShg,Wd Sdng,Wd Sdng,None,0.0,TA,TA,CBlock,Fa,Fa,No,LwQ,836.0,Unf,0.0,0.0,836.0,GasA,TA,Y,FuseF,1220,0,0,0.0,0.0,1,0,2,1,TA,6,Typ,0,,Detchd,1951.0,Unf,2.0,396.0,TA,TA,Y,0,0,0,0,0,0,,,,0,4,2006,COD,Normal
773,107000,1117,80,RL,94.0,7819,Pave,,Reg,Lvl,AllPub,Inside,Gtl,Edwards,Norm,Norm,1Fam,SLvl,6,5,1976,1976,Gable,CompShg,Plywood,Plywood,None,0.0,TA,TA,CBlock,TA,TA,Av,ALQ,422.0,BLQ,127.0,480.0,1029.0,GasA,TA,Y,SBrkr,1117,0,0,1.0,0.0,1,0,3,1,TA,6,Typ,1,TA,Detchd,1976.0,Unf,2.0,672.0,TA,TA,Y,144,0,0,0,0,0,,MnPrv,,0,3,2010,WD ,Abnorml
774,114500,912,20,RL,70.0,10150,Pave,,Reg,Lvl,AllPub,Inside,Gtl,NAmes,Feedr,Norm,1Fam,1Story,5,5,1958,1958,Gable,CompShg,Wd Sdng,Wd Sdng,None,1.0,TA,TA,CBlock,TA,TA,No,Rec,456.0,Unf,0.0,456.0,912.0,GasA,Ex,Y,FuseA,912,0,0,0.0,0.0,1,0,2,1,TA,5,Typ,0,,Attchd,1958.0,RFn,1.0,275.0,TA,TA,Y,0,0,0,0,0,0,,,,0,7,2007,COD,Normal
775,395000,1973,20,RL,110.0,14226,Pave,,Reg,Lvl,AllPub,Corner,Gtl,NridgHt,Norm,Norm,1Fam,1Story,8,5,2006,2006,Hip,CompShg,VinylSd,VinylSd,BrkFace,375.0,Gd,TA,PConc,Gd,TA,Av,Unf,0.0,Unf,0.0,1935.0,1935.0,GasA,Gd,Y,SBrkr,1973,0,0,0.0,0.0,2,0,3,1,Gd,9,Typ,1,Gd,Attchd,2006.0,Fin,3.0,895.0,TA,TA,Y,315,45,0,0,0,0,,,,0,7,2007,New,Partial
776,162000,1204,120,RM,32.0,4500,Pave,,Reg,Lvl,AllPub,FR2,Gtl,Mitchel,Norm,Norm,TwnhsE,1Story,6,5,1998,1998,Hip,CompShg,VinylSd,VinylSd,BrkFace,320.0,TA,TA,PConc,Ex,TA,No,GLQ,866.0,Unf,0.0,338.0,1204.0,GasA,Ex,Y,SBrkr,1204,0,0,1.0,0.0,2,0,2,1,TA,5,Typ,0,,Attchd,1998.0,Fin,2.0,412.0,TA,TA,Y,0,247,0,0,0,0,,,,0,6,2009,WD ,Normal
777,221500,1614,20,RL,86.0,11210,Pave,,IR1,Lvl,AllPub,Inside,Gtl,CollgCr,Norm,Norm,1Fam,1Story,7,5,2005,2006,Gable,CompShg,VinylSd,VinylSd,BrkFace,240.0,Gd,TA,PConc,Gd,TA,Av,GLQ,20.0,Unf,0.0,1594.0,1614.0,GasA,Ex,Y,SBrkr,1614,0,0,0.0,0.0,2,0,3,1,Gd,7,Typ,0,,Attchd,2005.0,RFn,3.0,865.0,TA,TA,Y,144,59,0,0,0,0,,,,0,7,2006,New,Partial
778,142500,894,20,RL,100.0,13350,Pave,,IR1,Lvl,AllPub,Inside,Gtl,Sawyer,Norm,Norm,1Fam,1Story,5,5,1974,1974,Hip,CompShg,HdBoard,Plywood,None,0.0,TA,TA,CBlock,TA,TA,No,ALQ,762.0,Unf,0.0,102.0,864.0,GasA,TA,Y,SBrkr,894,0,0,1.0,0.0,1,0,3,1,TA,5,Typ,1,Fa,Attchd,1974.0,Unf,2.0,440.0,TA,TA,Y,241,0,0,0,0,0,,MnPrv,,0,6,2006,WD ,Normal
779,144000,2020,90,RH,60.0,8400,Pave,,Reg,Lvl,AllPub,Inside,Gtl,SawyerW,Feedr,Norm,Duplex,1Story,5,5,1977,1977,Gable,CompShg,Plywood,Plywood,BrkFace,320.0,TA,TA,Slab,,,,,0.0,,0.0,0.0,0.0,GasA,TA,Y,SBrkr,2020,0,0,0.0,0.0,2,0,4,2,TA,10,Typ,2,TA,Detchd,1977.0,Unf,2.0,630.0,TA,TA,Y,0,0,0,0,0,0,,,,0,10,2007,WD ,Normal
780,135000,1004,90,RL,78.0,10530,Pave,,Reg,Lvl,AllPub,Inside,Gtl,Mitchel,Norm,Norm,Duplex,SFoyer,6,5,1977,1977,Gable,CompShg,Plywood,ImStucc,BrkFace,90.0,TA,TA,CBlock,Gd,TA,Gd,GLQ,975.0,Unf,0.0,0.0,975.0,GasA,TA,Y,SBrkr,1004,0,0,1.0,0.0,1,0,2,1,TA,4,Typ,0,,Attchd,1977.0,Unf,2.0,504.0,TA,TA,Y,0,0,0,0,0,0,,,,0,5,2006,WD ,Normal
781,176000,1253,20,RL,63.0,7875,Pave,,Reg,Lvl,AllPub,Inside,Gtl,Gilbert,Norm,Norm,1Fam,1Story,7,5,1995,1996,Gable,CompShg,HdBoard,HdBoard,BrkFace,38.0,TA,TA,PConc,Gd,Gd,No,Unf,0.0,Unf,0.0,1237.0,1237.0,GasA,Gd,Y,SBrkr,1253,0,0,0.0,0.0,2,0,3,1,TA,6,Typ,1,TA,Attchd,1995.0,Fin,2.0,402.0,TA,TA,Y,220,21,0,0,0,0,,,,0,6,2007,WD ,Normal
782,175900,1603,60,RL,65.0,7153,Pave,,Reg,Lvl,AllPub,Inside,Gtl,SawyerW,Norm,Norm,1Fam,2Story,6,5,1992,1992,Gable,CompShg,VinylSd,VinylSd,None,0.0,Gd,Gd,PConc,Gd,TA,No,ALQ,387.0,Unf,0.0,374.0,761.0,GasA,Ex,Y,SBrkr,810,793,0,0.0,0.0,2,1,3,1,Gd,7,Typ,0,,Attchd,1992.0,RFn,2.0,484.0,TA,TA,Y,0,124,0,0,0,0,,,,0,7,2006,WD ,Normal
783,187100,1430,20,RL,67.0,16285,Pave,,IR2,Lvl,AllPub,Inside,Gtl,CollgCr,Norm,Norm,1Fam,1Story,7,5,2001,2002,Gable,CompShg,VinylSd,VinylSd,None,0.0,Gd,TA,PConc,Gd,TA,No,Unf,0.0,Unf,0.0,1413.0,1413.0,GasA,Ex,Y,SBrkr,1430,0,0,0.0,0.0,2,0,3,1,Gd,6,Typ,0,,Attchd,2001.0,RFn,2.0,605.0,TA,TA,Y,0,33,0,0,0,0,,,,0,6,2009,WD ,Normal
784,165500,1110,85,RL,,9101,Pave,,IR1,Lvl,AllPub,Corner,Gtl,Mitchel,Norm,Norm,1Fam,SFoyer,5,6,1978,1978,Gable,CompShg,Plywood,Plywood,BrkFace,104.0,TA,Gd,PConc,Gd,TA,Av,GLQ,1097.0,Unf,0.0,0.0,1097.0,GasA,Ex,Y,SBrkr,1110,0,0,1.0,0.0,1,0,1,1,Gd,4,Typ,1,TA,Attchd,1978.0,Fin,2.0,602.0,TA,TA,Y,303,30,0,0,0,0,,,,0,7,2009,WD ,Normal
785,128000,1484,75,RM,35.0,6300,Pave,Grvl,Reg,Lvl,AllPub,Inside,Gtl,OldTown,Norm,Norm,1Fam,2.5Unf,6,6,1914,2001,Gable,CompShg,Wd Sdng,Wd Shng,None,0.0,TA,TA,CBlock,TA,TA,No,Unf,0.0,Unf,0.0,742.0,742.0,GasA,Ex,Y,SBrkr,742,742,0,0.0,0.0,2,0,3,1,TA,9,Typ,1,Gd,,,,0.0,0.0,,,Y,0,291,134,0,0,0,,,,0,6,2008,WD ,Normal
786,161500,1342,20,RL,,9790,Pave,,Reg,Lvl,AllPub,Inside,Gtl,NWAmes,Feedr,Norm,1Fam,1Story,6,5,1967,1967,Gable,CompShg,BrkFace,Wd Sdng,None,0.0,TA,TA,CBlock,TA,TA,No,Rec,251.0,LwQ,630.0,491.0,1372.0,GasA,TA,Y,SBrkr,1342,0,0,0.0,0.0,2,0,3,1,TA,7,Typ,1,Gd,Attchd,1967.0,Unf,2.0,457.0,TA,TA,Y,0,0,0,0,197,0,,,,0,9,2009,WD ,Normal
787,139000,1652,50,RM,60.0,10800,Pave,,Reg,Lvl,AllPub,Inside,Gtl,OldTown,Artery,Norm,1Fam,1.5Fin,5,6,1915,1950,Gable,CompShg,MetalSd,MetalSd,None,0.0,TA,Gd,PConc,Fa,TA,No,LwQ,686.0,Unf,0.0,0.0,686.0,GasA,TA,Y,SBrkr,966,686,0,1.0,0.0,2,0,4,1,TA,7,Typ,0,,Detchd,1961.0,Unf,1.0,416.0,TA,TA,Y,0,0,196,0,0,0,,,Shed,1200,6,2010,WD ,Normal
788,233000,2084,60,RL,76.0,10142,Pave,,IR1,Lvl,AllPub,Inside,Gtl,SawyerW,Norm,Norm,1Fam,2Story,7,5,2004,2004,Gable,CompShg,VinylSd,VinylSd,None,0.0,Gd,TA,PConc,Gd,TA,No,GLQ,656.0,Unf,0.0,300.0,956.0,GasA,Ex,Y,SBrkr,956,1128,0,1.0,0.0,2,1,4,1,Gd,8,Typ,0,,BuiltIn,2004.0,RFn,2.0,618.0,TA,TA,Y,0,45,0,0,0,0,,,,0,1,2010,WD ,Normal
789,107900,901,20,RM,50.0,6000,Pave,,Reg,Lvl,AllPub,Corner,Gtl,OldTown,Norm,Norm,1Fam,1Story,4,7,1954,2000,Gable,CompShg,MetalSd,MetalSd,None,0.0,TA,TA,CBlock,TA,TA,No,Unf,0.0,Unf,0.0,901.0,901.0,GasA,Ex,Y,SBrkr,901,0,0,0.0,0.0,1,0,2,1,TA,4,Typ,0,,Detchd,1954.0,Unf,1.0,281.0,Fa,TA,Y,0,0,0,0,0,0,,,,0,8,2008,WD ,Normal
790,187500,2087,60,RL,,12205,Pave,,IR1,Low,AllPub,Inside,Gtl,ClearCr,Norm,Norm,1Fam,2Story,6,8,1966,2007,Gable,CompShg,HdBoard,HdBoard,BrkFace,157.0,TA,TA,CBlock,TA,Fa,Gd,LwQ,568.0,Unf,0.0,264.0,832.0,GasA,Gd,Y,SBrkr,976,1111,0,0.0,0.0,2,1,5,1,Gd,9,Typ,0,,Attchd,1966.0,Fin,2.0,444.0,TA,TA,Y,133,168,0,0,0,0,,,,0,7,2007,WD ,Normal
791,160200,1145,120,RL,43.0,3182,Pave,,Reg,Lvl,AllPub,Inside,Gtl,Blmngtn,Norm,Norm,TwnhsE,1Story,7,5,2005,2006,Gable,CompShg,VinylSd,VinylSd,BrkFace,11.0,Gd,TA,PConc,Gd,TA,No,GLQ,16.0,Unf,0.0,1129.0,1145.0,GasA,Ex,Y,SBrkr,1145,0,0,0.0,0.0,2,0,2,1,Gd,5,Typ,1,Gd,Attchd,2005.0,Fin,2.0,397.0,TA,TA,Y,100,16,0,0,0,0,,,,0,9,2009,WD ,Normal
792,146800,1062,80,RL,,11333,Pave,,IR1,Lvl,AllPub,Corner,Gtl,Mitchel,Norm,Norm,1Fam,SLvl,6,5,1976,1976,Gable,CompShg,HdBoard,HdBoard,None,0.0,TA,TA,PConc,Gd,TA,Av,ALQ,539.0,Unf,0.0,490.0,1029.0,GasA,TA,Y,SBrkr,1062,0,0,1.0,0.0,1,0,3,1,TA,5,Typ,2,TA,Attchd,1976.0,RFn,2.0,539.0,TA,TA,Y,120,0,0,0,0,0,,,,0,5,2007,WD ,Normal
793,269790,2013,60,RL,92.0,9920,Pave,,IR1,Lvl,AllPub,CulDSac,Gtl,NoRidge,Norm,Norm,1Fam,2Story,7,5,1996,1997,Gable,CompShg,MetalSd,MetalSd,None,0.0,Gd,TA,PConc,Gd,TA,Av,GLQ,862.0,Unf,0.0,255.0,1117.0,GasA,Ex,Y,SBrkr,1127,886,0,1.0,0.0,2,1,3,1,TA,8,Typ,1,TA,Attchd,1997.0,Unf,2.0,455.0,TA,TA,Y,180,130,0,0,0,0,,,,0,6,2007,WD ,Normal
794,225000,1496,20,RL,76.0,9158,Pave,,Reg,Lvl,AllPub,Inside,Gtl,Somerst,Norm,Norm,1Fam,1Story,8,5,2007,2007,Gable,CompShg,CemntBd,CmentBd,Stone,140.0,Gd,TA,PConc,Gd,TA,Av,Unf,0.0,Unf,0.0,1496.0,1496.0,GasA,Ex,Y,SBrkr,1496,0,0,0.0,0.0,2,0,3,1,Gd,7,Typ,0,,Attchd,2007.0,Fin,2.0,474.0,TA,TA,Y,168,130,0,0,0,0,,,,0,6,2007,New,Partial
795,194500,1895,60,RL,,10832,Pave,,IR1,Lvl,AllPub,Corner,Gtl,Gilbert,Norm,Norm,1Fam,2Story,7,5,1994,1996,Gable,CompShg,MetalSd,MetalSd,None,0.0,Gd,TA,PConc,Gd,TA,No,Unf,0.0,Unf,0.0,712.0,712.0,GasA,Ex,Y,SBrkr,1086,809,0,0.0,0.0,2,1,3,1,Gd,7,Typ,1,TA,Attchd,1994.0,Fin,2.0,409.0,TA,TA,Y,143,46,0,0,0,0,,,Shed,500,10,2008,WD ,Normal
796,171000,1564,60,RL,70.0,8400,Pave,,Reg,Lvl,AllPub,Inside,Gtl,SawyerW,Norm,Norm,1Fam,2Story,6,6,1980,1981,Gable,CompShg,HdBoard,HdBoard,BrkFace,130.0,TA,TA,CBlock,Gd,TA,No,Unf,0.0,Unf,0.0,650.0,650.0,GasA,TA,Y,SBrkr,888,676,0,0.0,0.0,2,1,3,1,TA,7,Typ,1,TA,Attchd,1980.0,Unf,2.0,476.0,TA,TA,Y,0,50,0,0,204,0,,MnPrv,,0,4,2010,WD ,Normal
797,143500,1285,20,RL,71.0,8197,Pave,,Reg,Lvl,AllPub,Inside,Gtl,Sawyer,Norm,Norm,1Fam,1Story,6,5,1977,1977,Gable,CompShg,Plywood,Plywood,BrkFace,148.0,TA,TA,CBlock,TA,TA,No,Unf,0.0,Unf,0.0,660.0,660.0,GasA,Ex,Y,SBrkr,1285,0,0,0.0,0.0,1,1,3,1,TA,7,Typ,1,TA,Attchd,1977.0,RFn,2.0,528.0,TA,TA,Y,138,0,0,0,0,0,,MnPrv,,0,4,2007,WD ,Normal
798,110000,773,20,RL,57.0,7677,Pave,,Reg,Lvl,AllPub,Inside,Gtl,NAmes,Norm,Norm,1Fam,1Story,5,5,1953,1953,Gable,CompShg,VinylSd,VinylSd,None,0.0,TA,TA,CBlock,TA,TA,No,BLQ,570.0,Unf,0.0,203.0,773.0,GasA,Gd,Y,SBrkr,773,0,0,0.0,0.0,1,0,2,1,TA,4,Typ,0,,Attchd,1953.0,Unf,1.0,240.0,TA,TA,Y,0,0,0,0,0,0,,,,0,4,2008,WD ,Abnorml
799,485000,3140,60,RL,104.0,13518,Pave,,Reg,Lvl,AllPub,Inside,Gtl,NridgHt,Norm,Norm,1Fam,2Story,9,5,2008,2009,Hip,CompShg,VinylSd,VinylSd,Stone,860.0,Ex,TA,PConc,Ex,TA,No,Unf,0.0,Unf,0.0,1926.0,1926.0,GasA,Ex,Y,SBrkr,1966,1174,0,0.0,0.0,3,1,4,1,Ex,11,Typ,2,Gd,BuiltIn,2009.0,Fin,3.0,820.0,TA,TA,Y,144,78,0,0,0,0,,,,0,7,2009,New,Partial
800,175000,1768,50,RL,60.0,7200,Pave,,Reg,Lvl,AllPub,Corner,Gtl,SWISU,Feedr,Norm,1Fam,1.5Fin,5,7,1937,1950,Gable,CompShg,Wd Sdng,Wd Sdng,BrkFace,252.0,TA,TA,BrkTil,Gd,TA,No,ALQ,569.0,Unf,0.0,162.0,731.0,GasA,Ex,Y,SBrkr,981,787,0,1.0,0.0,1,1,3,1,Gd,7,Typ,2,TA,Detchd,1939.0,Unf,1.0,240.0,TA,TA,Y,0,0,264,0,0,0,,MnPrv,,0,6,2007,WD ,Normal
801,200000,1688,60,RL,79.0,12798,Pave,,IR1,HLS,AllPub,Inside,Mod,ClearCr,Feedr,Norm,1Fam,2Story,6,5,1997,1997,Gable,CompShg,VinylSd,VinylSd,None,0.0,TA,TA,PConc,Gd,TA,Gd,GLQ,462.0,Unf,0.0,154.0,616.0,GasA,Gd,Y,SBrkr,616,1072,0,1.0,0.0,2,1,4,1,Gd,8,Typ,0,,Attchd,1997.0,RFn,2.0,603.0,TA,TA,Y,403,114,185,0,0,0,,,Shed,400,5,2008,WD ,Normal
802,109900,1196,30,RM,40.0,4800,Pave,,Reg,Lvl,AllPub,Inside,Gtl,IDOTRR,Norm,Norm,1Fam,1Story,4,7,1916,1990,Gable,CompShg,MetalSd,MetalSd,None,0.0,TA,TA,CBlock,TA,TA,No,LwQ,197.0,Unf,0.0,999.0,1196.0,GasA,Ex,Y,FuseA,1196,0,0,1.0,0.0,1,0,2,1,TA,5,Typ,0,,Detchd,1957.0,Unf,2.0,440.0,TA,TA,Y,0,0,0,0,0,0,,,,0,7,2007,WD ,Normal
803,189000,1456,60,RL,63.0,8199,Pave,,Reg,Lvl,AllPub,Inside,Gtl,CollgCr,Norm,Norm,1Fam,2Story,7,5,2005,2005,Gable,CompShg,WdShing,Wd Shng,None,0.0,Gd,TA,PConc,Gd,TA,Av,GLQ,648.0,Unf,0.0,80.0,728.0,GasA,Ex,Y,SBrkr,728,728,0,1.0,0.0,2,1,3,1,Gd,7,Typ,1,Gd,Attchd,2005.0,Fin,2.0,410.0,TA,TA,Y,36,18,0,0,0,0,,,,0,10,2008,WD ,Normal
804,582933,2822,60,RL,107.0,13891,Pave,,Reg,Lvl,AllPub,Inside,Gtl,NridgHt,Norm,Norm,1Fam,2Story,9,5,2008,2009,Hip,CompShg,VinylSd,VinylSd,Stone,424.0,Ex,TA,PConc,Ex,TA,Gd,Unf,0.0,Unf,0.0,1734.0,1734.0,GasA,Ex,Y,SBrkr,1734,1088,0,0.0,0.0,3,1,4,1,Ex,12,Typ,1,Gd,BuiltIn,2009.0,RFn,3.0,1020.0,TA,TA,Y,52,170,0,0,192,0,,,,0,1,2009,New,Partial
805,118000,1128,20,RL,75.0,9000,Pave,,Reg,Lvl,AllPub,Inside,Gtl,NAmes,Norm,Norm,1Fam,1Story,5,5,1954,1954,Gable,CompShg,Wd Sdng,Wd Sdng,None,0.0,TA,TA,CBlock,TA,TA,No,LwQ,812.0,Unf,0.0,124.0,936.0,GasA,TA,Y,SBrkr,1128,0,0,0.0,0.0,1,0,2,1,TA,5,Min1,0,,Attchd,1954.0,Unf,1.0,286.0,TA,TA,Y,0,0,0,0,0,0,,GdWo,,0,6,2006,WD ,Family
806,227680,1428,20,RL,91.0,12274,Pave,,IR1,Lvl,AllPub,FR2,Gtl,Somerst,Norm,Norm,1Fam,1Story,7,5,2008,2008,Gable,CompShg,VinylSd,VinylSd,Stone,256.0,Gd,TA,PConc,Gd,TA,No,Unf,0.0,Unf,0.0,1417.0,1417.0,GasA,Ex,Y,SBrkr,1428,0,0,0.0,0.0,2,0,3,1,Ex,6,Typ,0,,Attchd,2008.0,RFn,2.0,554.0,TA,TA,Y,0,60,0,0,0,0,,,,0,7,2008,New,Partial
807,135500,980,80,RL,75.0,9750,Pave,,Reg,Lvl,AllPub,Inside,Gtl,NAmes,Norm,Norm,1Fam,SLvl,5,5,1967,1967,Gable,CompShg,VinylSd,VinylSd,None,0.0,TA,TA,PConc,TA,TA,Av,ALQ,400.0,Rec,480.0,100.0,980.0,GasA,Gd,Y,SBrkr,980,0,0,0.0,0.0,2,0,3,1,TA,6,Typ,0,,Attchd,1967.0,Fin,1.0,384.0,TA,TA,Y,68,0,0,0,0,0,,,,0,10,2006,WD ,Normal
808,223500,1576,70,RL,144.0,21384,Pave,,Reg,Lvl,AllPub,Inside,Gtl,BrkSide,Norm,Norm,1Fam,2Story,5,6,1923,2004,Gable,CompShg,Wd Sdng,Wd Sdng,None,0.0,TA,TA,CBlock,TA,TA,Gd,GLQ,1309.0,Unf,0.0,15.0,1324.0,GasA,Ex,Y,SBrkr,1072,504,0,2.0,0.0,1,1,3,1,Gd,6,Typ,1,TA,Attchd,1923.0,RFn,2.0,528.0,TA,TA,Y,0,312,0,0,0,0,,,,0,5,2009,WD ,Normal
809,159950,1086,80,RL,85.0,13400,Pave,,Reg,Lvl,AllPub,Inside,Gtl,NAmes,Norm,Norm,1Fam,SLvl,5,5,1966,1966,Gable,CompShg,VinylSd,VinylSd,BrkFace,1047.0,TA,TA,CBlock,TA,TA,Av,ALQ,516.0,BLQ,128.0,380.0,1024.0,GasA,TA,Y,SBrkr,1086,0,0,1.0,0.0,1,0,3,1,TA,6,Typ,1,Gd,Attchd,1966.0,RFn,2.0,484.0,TA,TA,Y,0,0,0,0,0,0,,GdWo,,0,6,2006,WD ,Normal
810,106000,2138,75,RM,90.0,8100,Pave,,Reg,Lvl,AllPub,Corner,Gtl,OldTown,Norm,Norm,1Fam,2.5Unf,5,5,1898,1965,Hip,CompShg,AsbShng,AsbShng,None,0.0,TA,TA,PConc,TA,TA,No,Unf,0.0,Unf,0.0,849.0,849.0,GasA,TA,N,FuseA,1075,1063,0,0.0,0.0,2,0,2,3,TA,11,Typ,0,,Detchd,1910.0,Unf,2.0,360.0,Fa,Po,N,40,156,0,0,0,0,,MnPrv,,0,11,2009,WD ,Normal
811,181000,1309,20,RL,78.0,10140,Pave,,Reg,Lvl,AllPub,Inside,Gtl,NWAmes,Norm,Norm,1Fam,1Story,6,6,1974,1999,Hip,CompShg,HdBoard,HdBoard,BrkFace,99.0,TA,TA,CBlock,TA,TA,No,ALQ,663.0,LwQ,377.0,0.0,1040.0,GasA,Fa,Y,SBrkr,1309,0,0,1.0,0.0,1,1,3,1,Gd,5,Typ,1,Fa,Attchd,1974.0,RFn,2.0,484.0,TA,TA,Y,265,0,0,0,0,648,Fa,GdPrv,,0,1,2006,WD ,Normal
812,144500,848,120,RM,,4438,Pave,,Reg,Lvl,AllPub,Inside,Gtl,CollgCr,Norm,Norm,TwnhsE,1Story,6,5,2004,2004,Gable,CompShg,VinylSd,VinylSd,BrkFace,169.0,Gd,TA,PConc,Gd,TA,Gd,GLQ,662.0,Unf,0.0,186.0,848.0,GasA,Ex,Y,SBrkr,848,0,0,1.0,0.0,1,0,1,1,Gd,4,Typ,1,Gd,Attchd,2004.0,Fin,2.0,420.0,TA,TA,Y,140,0,0,0,0,0,,,,0,6,2008,ConLD,Normal
813,55993,1044,20,C (all),66.0,8712,Grvl,,Reg,Bnk,AllPub,Inside,Mod,IDOTRR,Norm,Norm,1Fam,1Story,5,5,1952,1952,Hip,CompShg,Wd Sdng,Wd Sdng,None,0.0,Fa,TA,CBlock,TA,TA,Av,Unf,0.0,Unf,0.0,540.0,540.0,GasA,TA,N,FuseA,1044,0,0,0.0,0.0,1,0,2,1,Fa,4,Typ,0,,Basment,1952.0,Unf,2.0,504.0,TA,TA,N,0,0,0,0,0,0,,,Shed,54,6,2010,WD ,Alloca
814,157900,1442,20,RL,75.0,9750,Pave,,Reg,Lvl,AllPub,Inside,Gtl,NAmes,Norm,Norm,1Fam,1Story,6,6,1958,1958,Gable,CompShg,MetalSd,MetalSd,BrkFace,243.0,TA,TA,CBlock,TA,TA,No,Rec,608.0,Unf,0.0,834.0,1442.0,GasA,Gd,Y,SBrkr,1442,0,0,0.0,0.0,1,1,4,1,TA,7,Typ,0,,Attchd,1958.0,RFn,1.0,301.0,TA,TA,Y,0,0,275,0,0,0,,,Shed,500,4,2007,COD,Normal
815,116000,1250,50,RL,45.0,8248,Pave,Grvl,Reg,Lvl,AllPub,Inside,Gtl,Edwards,Norm,Norm,1Fam,1.5Fin,5,7,1918,1950,Gable,CompShg,Stucco,Stucco,None,0.0,TA,TA,BrkTil,TA,TA,No,Unf,0.0,Unf,0.0,686.0,686.0,GasW,Gd,Y,SBrkr,686,564,0,0.0,1.0,1,1,3,1,Fa,7,Typ,0,,Detchd,1955.0,Unf,1.0,280.0,TA,TA,P,207,0,96,0,0,0,,,,0,7,2006,WD ,Normal
816,224900,1661,20,RL,48.0,12137,Pave,,IR2,Lvl,AllPub,CulDSac,Gtl,CollgCr,Norm,Norm,1Fam,1Story,7,5,1998,1998,Gable,CompShg,VinylSd,VinylSd,BrkFace,442.0,TA,TA,PConc,Gd,TA,No,Unf,0.0,Unf,0.0,1649.0,1649.0,GasA,Ex,Y,SBrkr,1661,0,0,0.0,0.0,2,0,3,1,Gd,6,Typ,0,,Attchd,1998.0,RFn,2.0,598.0,TA,TA,Y,0,34,0,0,0,0,,,,0,5,2010,WD ,Normal
817,137000,1008,20,RL,,11425,Pave,,IR1,Lvl,AllPub,Corner,Gtl,NAmes,Norm,Norm,1Fam,1Story,5,6,1954,1954,Gable,CompShg,BrkFace,BrkFace,None,0.0,TA,TA,CBlock,TA,TA,No,BLQ,486.0,Unf,0.0,522.0,1008.0,GasA,Gd,Y,SBrkr,1008,0,0,0.0,0.0,1,0,2,1,TA,4,Typ,1,Gd,Attchd,1954.0,RFn,1.0,275.0,TA,TA,Y,0,0,120,0,0,0,,,,0,7,2006,WD ,Normal
818,271000,1689,20,RL,,13265,Pave,,IR1,Lvl,AllPub,CulDSac,Gtl,Mitchel,Norm,Norm,1Fam,1Story,8,5,2002,2002,Hip,CompShg,CemntBd,CmentBd,BrkFace,148.0,Gd,TA,PConc,Gd,TA,No,GLQ,1218.0,Unf,0.0,350.0,1568.0,GasA,Ex,Y,SBrkr,1689,0,0,1.0,0.0,2,0,3,1,Gd,7,Typ,2,Gd,Attchd,2002.0,RFn,3.0,857.0,TA,TA,Y,150,59,0,0,0,0,,,,0,7,2008,WD ,Normal
819,155000,1052,80,RL,80.0,8816,Pave,,Reg,Lvl,AllPub,Inside,Gtl,ClearCr,Norm,Norm,1Fam,SLvl,6,7,1971,1971,Gable,CompShg,HdBoard,HdBoard,BrkFace,80.0,TA,TA,CBlock,TA,TA,Av,GLQ,504.0,Unf,0.0,506.0,1010.0,GasA,Gd,Y,SBrkr,1052,0,0,1.0,0.0,1,0,3,1,TA,6,Typ,0,,Attchd,1971.0,Unf,2.0,440.0,TA,TA,Y,0,0,0,0,0,0,,MnPrv,,0,6,2010,WD ,Normal
820,224000,1358,120,RL,44.0,6371,Pave,,IR1,Lvl,AllPub,Inside,Gtl,NridgHt,Norm,Norm,TwnhsE,1Story,7,5,2009,2010,Gable,CompShg,VinylSd,VinylSd,Stone,128.0,Gd,TA,PConc,Gd,TA,Mn,GLQ,733.0,Unf,0.0,625.0,1358.0,GasA,Ex,Y,SBrkr,1358,0,0,1.0,0.0,2,0,2,1,Gd,6,Typ,1,Gd,Attchd,2010.0,RFn,2.0,484.0,TA,TA,Y,192,35,0,0,0,0,,,,0,6,2010,New,Partial
821,183000,1640,60,RL,72.0,7226,Pave,,IR1,Lvl,AllPub,CulDSac,Gtl,CollgCr,Norm,Norm,1Fam,2Story,7,5,2003,2003,Gable,CompShg,VinylSd,VinylSd,None,0.0,Gd,TA,PConc,Gd,TA,No,Unf,0.0,Unf,0.0,798.0,798.0,GasA,Ex,Y,SBrkr,798,842,0,0.0,0.0,2,1,3,1,Gd,6,Typ,0,,Attchd,2003.0,RFn,2.0,595.0,TA,TA,Y,0,45,0,0,0,0,,,,0,6,2008,WD ,Normal
822,93000,936,20,RM,60.0,6000,Pave,Pave,Reg,Bnk,AllPub,Inside,Mod,OldTown,Norm,Norm,2fmCon,1Story,4,4,1953,1953,Gable,CompShg,MetalSd,MetalSd,None,0.0,Fa,TA,CBlock,Fa,TA,No,Unf,0.0,Unf,0.0,936.0,936.0,GasA,TA,N,SBrkr,936,0,0,0.0,0.0,1,0,2,1,TA,4,Min2,0,,Detchd,1974.0,Unf,2.0,576.0,TA,TA,Y,0,32,112,0,0,0,,,,0,2,2009,WD ,Normal
823,225000,1733,60,RL,,12394,Pave,,IR1,Lvl,AllPub,Corner,Gtl,Gilbert,Norm,Norm,1Fam,2Story,7,5,2003,2003,Gable,CompShg,VinylSd,VinylSd,None,0.0,Gd,TA,PConc,Gd,TA,Gd,Unf,0.0,Unf,0.0,847.0,847.0,GasA,Ex,Y,SBrkr,847,886,0,0.0,0.0,2,1,3,1,Gd,7,Typ,1,Gd,BuiltIn,2003.0,Fin,2.0,433.0,TA,TA,Y,100,48,0,0,0,0,,,,0,10,2007,WD ,Family
824,139500,1489,50,RL,60.0,9900,Pave,,Reg,Lvl,AllPub,Inside,Gtl,SWISU,Norm,Norm,1Fam,1.5Fin,6,7,1940,1950,Gable,CompShg,VinylSd,VinylSd,None,0.0,TA,TA,BrkTil,TA,TA,No,Unf,0.0,Unf,0.0,778.0,778.0,GasA,TA,Y,SBrkr,944,545,0,0.0,0.0,2,0,3,1,TA,7,Typ,1,Gd,Detchd,1940.0,Unf,1.0,240.0,TA,TA,Y,335,0,0,0,0,0,,GdWo,,0,7,2009,WD ,Normal
825,232600,1489,20,FV,81.0,11216,Pave,,Reg,Lvl,AllPub,Inside,Gtl,Somerst,Norm,Norm,1Fam,1Story,8,5,2006,2006,Gable,CompShg,VinylSd,VinylSd,None,0.0,Gd,TA,PConc,Gd,Gd,No,Unf,0.0,Unf,0.0,1489.0,1489.0,GasA,Ex,Y,SBrkr,1489,0,0,0.0,0.0,2,0,3,1,Gd,7,Typ,1,Gd,Attchd,2006.0,RFn,2.0,776.0,TA,TA,Y,0,140,0,0,0,0,,,,0,6,2006,New,Partial
826,385000,2084,20,RL,114.0,14803,Pave,,Reg,Lvl,AllPub,Inside,Gtl,NridgHt,PosN,PosN,1Fam,1Story,10,5,2007,2008,Hip,CompShg,CemntBd,CmentBd,BrkFace,816.0,Ex,TA,PConc,Ex,TA,Av,GLQ,1636.0,Unf,0.0,442.0,2078.0,GasA,Ex,Y,SBrkr,2084,0,0,1.0,0.0,2,0,2,1,Ex,7,Typ,1,Gd,Attchd,2007.0,Fin,3.0,1220.0,TA,TA,Y,188,45,0,0,0,0,,,,0,6,2008,New,Partial
827,109500,784,45,RM,50.0,6130,Pave,,Reg,Lvl,AllPub,Inside,Gtl,BrkSide,Norm,Norm,1Fam,1.5Unf,5,6,1924,1950,Gable,CompShg,MetalSd,MetalSd,None,0.0,TA,TA,BrkTil,TA,TA,No,ALQ,784.0,Unf,0.0,0.0,784.0,GasA,Gd,Y,SBrkr,784,0,0,1.0,0.0,1,0,2,1,Gd,5,Typ,0,,,,,0.0,0.0,,,Y,0,0,116,0,0,0,,,,0,5,2008,WD ,Normal
828,189000,1434,20,RL,65.0,8529,Pave,,IR1,Lvl,AllPub,Inside,Gtl,SawyerW,Norm,Norm,1Fam,1Story,7,5,2001,2001,Gable,CompShg,VinylSd,VinylSd,None,0.0,Gd,TA,PConc,Gd,TA,No,GLQ,20.0,Unf,0.0,1434.0,1454.0,GasA,Ex,Y,SBrkr,1434,0,0,0.0,0.0,2,0,3,1,Gd,6,Typ,1,TA,Attchd,2001.0,RFn,2.0,527.0,TA,TA,Y,290,39,0,0,0,0,,,,0,4,2009,WD ,Normal
829,185000,2126,60,RL,,28698,Pave,,IR2,Low,AllPub,CulDSac,Sev,ClearCr,Norm,Norm,1Fam,2Story,5,5,1967,1967,Flat,Tar&Grv,Plywood,Plywood,None,0.0,TA,TA,PConc,TA,Gd,Gd,LwQ,249.0,ALQ,764.0,0.0,1013.0,GasA,TA,Y,SBrkr,1160,966,0,0.0,1.0,2,1,3,1,TA,7,Min2,0,,Attchd,1967.0,Fin,2.0,538.0,TA,TA,Y,486,0,0,0,225,0,,,,0,6,2009,WD ,Abnorml
830,147400,1223,160,FV,24.0,2544,Pave,Pave,Reg,Lvl,AllPub,Inside,Gtl,Somerst,Norm,Norm,Twnhs,2Story,7,5,2005,2005,Gable,CompShg,MetalSd,MetalSd,None,0.0,Gd,TA,PConc,Gd,TA,No,Unf,0.0,Unf,0.0,600.0,600.0,GasA,Ex,Y,SBrkr,520,623,80,0.0,0.0,2,1,2,1,Gd,4,Typ,0,,Detchd,2005.0,RFn,2.0,480.0,TA,TA,Y,0,166,0,0,0,0,,,,0,7,2006,WD ,Normal
831,166000,1392,20,RL,80.0,11900,Pave,,IR1,Lvl,AllPub,Corner,Gtl,NAmes,Norm,Norm,1Fam,1Story,6,5,1957,1957,Gable,CompShg,HdBoard,HdBoard,BrkFace,387.0,TA,TA,CBlock,TA,TA,No,Rec,1040.0,Unf,0.0,352.0,1392.0,GasA,TA,Y,FuseA,1392,0,0,1.0,0.0,1,1,3,1,TA,6,Typ,2,Gd,Attchd,1957.0,RFn,2.0,458.0,TA,TA,Y,0,0,0,0,192,0,,,,0,6,2008,WD ,Normal
832,151000,1200,160,FV,30.0,3180,Pave,Pave,Reg,Lvl,AllPub,Inside,Gtl,Somerst,Norm,Norm,TwnhsE,2Story,7,5,2005,2005,Gable,CompShg,MetalSd,MetalSd,None,0.0,TA,TA,PConc,Gd,TA,No,Unf,0.0,Unf,0.0,600.0,600.0,GasA,Ex,Y,SBrkr,520,600,80,0.0,0.0,2,1,2,1,Gd,4,Typ,0,,Detchd,2005.0,RFn,2.0,480.0,TA,TA,Y,0,166,0,0,0,0,,,,0,6,2006,WD ,Normal
833,237000,1829,60,RL,44.0,9548,Pave,,IR1,Lvl,AllPub,CulDSac,Gtl,CollgCr,Norm,Norm,1Fam,2Story,7,6,2003,2003,Gable,CompShg,VinylSd,VinylSd,BrkFace,223.0,Gd,TA,PConc,Gd,TA,No,GLQ,483.0,Unf,0.0,458.0,941.0,GasA,Ex,Y,SBrkr,941,888,0,1.0,0.0,2,1,3,1,Gd,7,Typ,1,TA,Attchd,2003.0,RFn,2.0,613.0,TA,TA,Y,192,39,0,0,0,0,,,,0,1,2010,WD ,Normal
834,167000,1516,20,RL,100.0,10004,Pave,,Reg,Lvl,AllPub,Inside,Gtl,NAmes,Norm,Norm,1Fam,1Story,6,6,1964,1964,Gable,CompShg,HdBoard,Plywood,BrkFace,180.0,TA,TA,CBlock,TA,TA,No,Rec,196.0,BLQ,345.0,975.0,1516.0,GasA,TA,Y,SBrkr,1516,0,0,0.0,0.0,1,1,3,1,TA,6,Typ,0,,Attchd,1964.0,RFn,2.0,472.0,TA,TA,Y,0,0,0,0,152,0,,,,0,2,2009,WD ,Normal
835,139950,1144,20,RL,75.0,7875,Pave,,Reg,Lvl,AllPub,Inside,Gtl,NAmes,Norm,Norm,1Fam,1Story,5,6,1961,1961,Gable,CompShg,VinylSd,VinylSd,BrkFace,136.0,TA,TA,CBlock,TA,TA,No,Rec,572.0,Unf,0.0,572.0,1144.0,GasA,Gd,Y,SBrkr,1144,0,0,1.0,0.0,1,0,3,1,TA,6,Typ,0,,Attchd,1961.0,Unf,2.0,456.0,TA,TA,Y,0,0,0,0,0,0,,GdWo,,0,9,2008,WD ,Normal
836,128000,1067,20,RL,60.0,9600,Pave,,Reg,Lvl,AllPub,Inside,Gtl,Sawyer,Norm,Norm,1Fam,1Story,4,7,1950,1995,Gable,CompShg,VinylSd,HdBoard,None,0.0,TA,TA,CBlock,Gd,TA,No,BLQ,442.0,Unf,0.0,625.0,1067.0,GasA,TA,Y,SBrkr,1067,0,0,0.0,0.0,2,0,2,1,Gd,4,Min2,0,,Attchd,1996.0,Unf,2.0,436.0,TA,TA,Y,290,0,0,0,0,0,,,,0,2,2010,WD ,Normal
837,153500,1559,30,RM,90.0,8100,Pave,Pave,Reg,Lvl,AllPub,Inside,Gtl,OldTown,Norm,Norm,1Fam,1Story,5,6,1948,1973,Gable,CompShg,VinylSd,VinylSd,None,0.0,TA,TA,BrkTil,TA,TA,No,Rec,338.0,Unf,0.0,1221.0,1559.0,GasA,Gd,Y,SBrkr,1559,0,0,1.0,0.0,1,0,2,1,TA,5,Min2,0,,Detchd,1948.0,Unf,2.0,812.0,TA,TA,Y,0,116,230,0,0,0,,GdWo,,0,6,2007,COD,Normal
838,100000,987,160,RM,21.0,1680,Pave,,Reg,Lvl,AllPub,Inside,Gtl,BrDale,Norm,Norm,Twnhs,2Story,6,5,1973,1973,Gable,CompShg,HdBoard,HdBoard,BrkFace,158.0,TA,TA,CBlock,TA,TA,No,BLQ,330.0,Unf,0.0,153.0,483.0,GasA,TA,Y,SBrkr,483,504,0,1.0,0.0,1,1,2,1,TA,5,Typ,0,,Detchd,1973.0,Unf,1.0,264.0,TA,TA,Y,0,0,0,0,0,0,,,,0,11,2008,WD ,Normal
839,144000,1099,20,RL,75.0,9525,Pave,,Reg,Lvl,AllPub,Inside,Gtl,CollgCr,Norm,Norm,1Fam,1Story,5,6,1995,2006,Gable,CompShg,VinylSd,VinylSd,None,0.0,TA,TA,PConc,Gd,TA,No,Unf,0.0,Unf,0.0,1099.0,1099.0,GasA,Ex,Y,SBrkr,1099,0,0,0.0,0.0,1,1,3,1,Gd,6,Typ,0,,Attchd,1999.0,Unf,1.0,352.0,TA,TA,Y,278,0,0,0,0,0,,,,0,6,2008,WD ,Normal
840,130500,1200,50,RL,70.0,11767,Pave,,Reg,Lvl,AllPub,Inside,Gtl,Edwards,Norm,Norm,1Fam,1.5Fin,5,6,1946,1995,Gable,CompShg,MetalSd,MetalSd,None,0.0,TA,TA,CBlock,TA,TA,No,BLQ,352.0,Unf,0.0,416.0,768.0,GasA,Ex,Y,SBrkr,768,432,0,0.0,0.0,1,0,3,1,TA,6,Typ,0,,Detchd,1946.0,Unf,1.0,240.0,TA,TA,Y,0,0,0,0,0,0,,,,0,5,2008,WD ,Normal
841,140000,1482,70,RH,,12155,Pave,,IR1,Lvl,AllPub,Inside,Gtl,SWISU,Norm,Norm,1Fam,2Story,6,8,1925,1950,Gable,CompShg,Wd Sdng,Wd Sdng,None,0.0,TA,TA,BrkTil,TA,TA,No,BLQ,156.0,Unf,0.0,516.0,672.0,GasA,TA,N,SBrkr,810,672,0,0.0,0.0,2,0,4,1,Fa,7,Typ,0,,Detchd,1934.0,Unf,1.0,400.0,TA,TA,P,0,0,254,0,0,0,,,,0,3,2008,WD ,Normal
842,157500,1539,70,RM,60.0,10440,Pave,Grvl,Reg,Lvl,AllPub,Inside,Gtl,OldTown,Norm,Norm,1Fam,2Story,5,8,1904,2002,Gable,CompShg,MetalSd,MetalSd,None,0.0,TA,TA,PConc,TA,TA,No,Unf,0.0,Unf,0.0,650.0,650.0,GasA,Gd,Y,SBrkr,958,581,0,0.0,0.0,2,0,3,1,Gd,8,Typ,1,Po,Detchd,1983.0,Unf,2.0,686.0,Gd,TA,P,70,78,68,0,0,0,,,,0,6,2008,WD ,Normal
843,174900,1165,80,RL,82.0,9020,Pave,,Reg,Lvl,AllPub,Inside,Gtl,NAmes,Norm,Norm,1Fam,SLvl,6,7,1966,1966,Gable,CompShg,HdBoard,HdBoard,BrkFace,183.0,TA,TA,CBlock,TA,TA,Gd,Rec,312.0,ALQ,539.0,276.0,1127.0,GasA,TA,Y,SBrkr,1165,0,0,1.0,0.0,1,1,3,1,TA,6,Typ,0,,Attchd,1966.0,RFn,2.0,490.0,Gd,Gd,Y,0,129,0,0,0,0,,GdPrv,,0,5,2008,WD ,Normal
844,141000,1800,90,RL,80.0,8000,Pave,,Reg,Lvl,AllPub,Corner,Gtl,NAmes,Artery,Norm,Duplex,1Story,5,4,1961,1961,Gable,CompShg,BrkFace,BrkFace,None,0.0,TA,TA,CBlock,TA,TA,No,Unf,0.0,Unf,0.0,1800.0,1800.0,GasA,Ex,N,SBrkr,1800,0,0,0.0,0.0,2,0,6,2,TA,10,Typ,0,,,,,0.0,0.0,,,Y,0,0,0,0,0,0,,,,0,7,2007,WD ,Normal
845,153900,1416,50,RM,100.0,12665,Pave,Grvl,IR1,Lvl,AllPub,Inside,Gtl,OldTown,Artery,Norm,1Fam,1.5Fin,5,8,1915,1950,Gable,CompShg,Wd Sdng,Wd Sdng,None,0.0,TA,TA,BrkTil,TA,TA,Mn,Unf,0.0,Unf,0.0,876.0,876.0,GasA,Gd,Y,SBrkr,876,540,0,0.0,0.0,1,1,4,1,TA,7,Typ,1,Gd,Detchd,1949.0,Unf,3.0,720.0,TA,TA,Y,418,0,194,0,0,0,,,,0,6,2008,WD ,Normal
846,171000,1701,85,RL,,16647,Pave,,IR1,Lvl,AllPub,CulDSac,Gtl,Sawyer,RRAe,Norm,1Fam,SFoyer,5,5,1975,1981,Gable,CompShg,HdBoard,HdBoard,None,0.0,TA,TA,CBlock,Gd,TA,Gd,ALQ,1390.0,Unf,0.0,0.0,1390.0,GasA,TA,Y,SBrkr,1701,0,0,1.0,0.0,2,0,3,1,TA,6,Min2,2,TA,Basment,1975.0,Fin,2.0,611.0,TA,TA,Y,0,0,0,0,0,0,,,,0,1,2007,WD ,Normal
847,213000,1775,60,RL,75.0,9317,Pave,,Reg,Lvl,AllPub,Inside,Gtl,SawyerW,Norm,Norm,1Fam,2Story,7,5,1993,1993,Gable,CompShg,HdBoard,HdBoard,BrkFace,137.0,Gd,TA,PConc,Gd,TA,No,ALQ,513.0,Unf,0.0,227.0,740.0,GasA,Ex,Y,SBrkr,1006,769,0,1.0,0.0,2,1,3,1,Gd,7,Typ,1,TA,Attchd,1993.0,Unf,2.0,425.0,TA,TA,Y,234,72,192,0,0,0,,,,0,7,2009,WD ,Normal
848,133500,864,20,RL,36.0,15523,Pave,,IR1,Lvl,AllPub,CulDSac,Gtl,CollgCr,Norm,Norm,1Fam,1Story,5,6,1972,1972,Gable,CompShg,HdBoard,Plywood,None,0.0,TA,TA,CBlock,TA,TA,Av,BLQ,460.0,Unf,0.0,404.0,864.0,GasA,Ex,Y,SBrkr,864,0,0,1.0,0.0,1,0,3,1,TA,5,Typ,1,Fa,Attchd,1972.0,Unf,1.0,338.0,TA,TA,Y,0,0,0,0,0,0,,,,0,8,2009,WD ,Normal
849,240000,2358,50,RL,75.0,45600,Pave,,IR2,Bnk,AllPub,Inside,Gtl,ClearCr,Norm,Norm,1Fam,1.5Fin,6,8,1908,1997,Gable,CompShg,Wd Sdng,Wd Sdng,None,0.0,TA,TA,BrkTil,TA,TA,No,Unf,0.0,Unf,0.0,907.0,907.0,GasA,TA,Y,SBrkr,1307,1051,0,0.0,0.0,3,0,5,1,TA,10,Typ,1,Gd,Detchd,1908.0,Unf,2.0,360.0,Fa,TA,Y,486,40,0,0,175,0,,,,0,9,2008,WD ,Normal
850,187000,1855,80,RL,80.0,9600,Pave,,Reg,Lvl,AllPub,FR2,Gtl,Veenker,Feedr,Norm,1Fam,SLvl,6,7,1976,1994,Hip,CompShg,Plywood,Plywood,BrkFace,360.0,Gd,Gd,CBlock,TA,TA,No,Unf,0.0,Unf,0.0,528.0,528.0,GasA,Ex,Y,SBrkr,1094,761,0,0.0,0.0,2,1,3,1,TA,7,Typ,1,TA,Attchd,1976.0,RFn,2.0,512.0,TA,TA,Y,113,100,0,0,0,0,,,,0,8,2007,WD ,Normal
851,131500,848,120,RM,36.0,4435,Pave,,Reg,Lvl,AllPub,Inside,Gtl,CollgCr,Norm,Norm,TwnhsE,1Story,6,5,2003,2003,Gable,CompShg,VinylSd,VinylSd,BrkFace,170.0,Gd,TA,PConc,Gd,TA,Av,GLQ,659.0,Unf,0.0,189.0,848.0,GasA,Ex,Y,SBrkr,848,0,0,1.0,0.0,1,0,1,1,Gd,3,Typ,0,,Attchd,2003.0,Fin,2.0,420.0,TA,TA,Y,140,0,0,0,0,0,,,,0,11,2007,WD ,Normal
852,215000,1456,120,RL,,3196,Pave,,Reg,Lvl,AllPub,Inside,Gtl,Blmngtn,Norm,Norm,TwnhsE,1Story,8,5,2003,2003,Gable,CompShg,VinylSd,VinylSd,BrkFace,40.0,Gd,TA,PConc,Gd,TA,Gd,Unf,0.0,Unf,0.0,1273.0,1273.0,GasA,Ex,Y,SBrkr,1456,0,0,0.0,0.0,2,0,2,1,Gd,7,Typ,1,TA,Attchd,2003.0,Fin,2.0,400.0,TA,TA,Y,143,20,0,0,0,0,,,,0,5,2006,WD ,Normal
853,164000,1646,75,RL,53.0,7128,Pave,,Reg,Lvl,AllPub,Inside,Gtl,Crawfor,Norm,Norm,1Fam,2.5Unf,7,5,1941,1950,Gable,CompShg,MetalSd,MetalSd,None,0.0,TA,Gd,CBlock,TA,TA,No,Rec,364.0,Unf,0.0,554.0,918.0,GasA,Gd,Y,SBrkr,918,728,0,0.0,0.0,2,0,4,1,TA,7,Typ,2,Gd,Detchd,1941.0,Unf,1.0,240.0,TA,TA,Y,0,0,0,0,126,0,,MnPrv,,0,8,2007,WD ,Normal
854,158000,1445,80,RL,,12095,Pave,,IR1,Lvl,AllPub,Corner,Gtl,NAmes,Norm,Norm,1Fam,SLvl,6,6,1964,1964,Gable,CompShg,MetalSd,HdBoard,BrkFace,115.0,TA,Gd,CBlock,TA,TA,Gd,Rec,564.0,Unf,0.0,563.0,1127.0,GasA,TA,Y,SBrkr,1445,0,0,0.0,0.0,1,1,3,1,TA,7,Typ,1,Fa,Attchd,1964.0,RFn,2.0,645.0,TA,TA,Y,180,0,0,0,0,0,,MnPrv,,0,8,2009,WD ,Normal
855,170000,1779,20,RL,102.0,17920,Pave,,Reg,Lvl,AllPub,Inside,Gtl,Sawyer,Norm,Norm,1Fam,1Story,5,4,1955,1974,Hip,CompShg,Wd Sdng,Plywood,None,0.0,TA,TA,CBlock,TA,TA,Mn,ALQ,306.0,Rec,1085.0,372.0,1763.0,GasA,TA,Y,SBrkr,1779,0,0,1.0,0.0,1,1,3,1,TA,6,Typ,1,Gd,Attchd,1955.0,Unf,2.0,454.0,TA,TA,Y,0,418,0,0,312,0,,,,0,7,2006,WD ,Abnorml
856,127000,1040,20,RL,,6897,Pave,,IR1,Lvl,AllPub,Corner,Gtl,Sawyer,Norm,Norm,1Fam,1Story,5,8,1962,2010,Gable,CompShg,HdBoard,HdBoard,None,0.0,TA,Gd,CBlock,TA,TA,No,ALQ,659.0,Unf,0.0,381.0,1040.0,GasA,Ex,Y,SBrkr,1040,0,0,1.0,0.0,1,1,3,1,TA,6,Typ,0,,Detchd,1962.0,Unf,1.0,260.0,TA,TA,Y,0,104,0,0,0,0,,,,0,4,2010,WD ,Normal
857,147000,1026,80,RL,,10970,Pave,,IR1,Low,AllPub,Inside,Mod,CollgCr,Norm,Norm,1Fam,SLvl,6,6,1978,1978,Gable,CompShg,Plywood,HdBoard,None,0.0,TA,TA,CBlock,Gd,Gd,Gd,GLQ,505.0,LwQ,435.0,0.0,940.0,GasA,TA,Y,SBrkr,1026,0,0,1.0,0.0,1,0,3,1,TA,5,Typ,0,,Detchd,1981.0,Unf,2.0,576.0,TA,Fa,Y,0,0,34,0,0,0,,MnPrv,,0,10,2008,WD ,Normal
858,174000,1481,60,RL,65.0,8125,Pave,,Reg,Lvl,AllPub,Inside,Gtl,Gilbert,Norm,Norm,1Fam,2Story,6,5,1994,1995,Gable,CompShg,HdBoard,HdBoard,None,0.0,TA,TA,PConc,Gd,TA,No,Unf,0.0,Unf,0.0,702.0,702.0,GasA,Gd,Y,SBrkr,702,779,0,0.0,0.0,2,1,3,1,TA,6,Typ,1,TA,Attchd,1994.0,Fin,2.0,343.0,TA,TA,Y,0,36,0,0,0,0,,,,0,3,2009,WD ,Normal
859,152000,1370,20,RL,80.0,10400,Pave,,Reg,Lvl,AllPub,Inside,Gtl,NWAmes,Norm,Norm,1Fam,1Story,7,5,1976,1976,Gable,CompShg,HdBoard,HdBoard,BrkFace,189.0,TA,TA,CBlock,Gd,TA,No,Unf,0.0,Unf,0.0,1090.0,1090.0,GasA,TA,Y,SBrkr,1370,0,0,0.0,0.0,2,0,3,1,TA,6,Typ,1,TA,Attchd,1976.0,RFn,2.0,479.0,TA,TA,Y,0,0,0,0,0,0,,MnPrv,,0,6,2009,WD ,Family
860,250000,2654,60,RL,,11029,Pave,,IR1,Lvl,AllPub,Corner,Gtl,NWAmes,PosA,Norm,1Fam,2Story,6,7,1968,1984,Gable,CompShg,HdBoard,HdBoard,BrkFace,220.0,TA,TA,CBlock,TA,TA,Mn,BLQ,619.0,Unf,0.0,435.0,1054.0,GasA,TA,Y,SBrkr,1512,1142,0,1.0,0.0,2,1,4,1,Gd,9,Typ,1,Gd,Attchd,1968.0,Unf,2.0,619.0,TA,TA,Y,0,65,0,0,222,0,,,,0,8,2006,WD ,Normal
861,189950,1426,50,RL,55.0,7642,Pave,,Reg,Lvl,AllPub,Corner,Gtl,Crawfor,Norm,Norm,1Fam,1.5Fin,7,8,1918,1998,Gable,CompShg,Wd Sdng,Wd Sdng,None,0.0,Gd,TA,BrkTil,TA,TA,No,Unf,0.0,Unf,0.0,912.0,912.0,GasA,Gd,Y,SBrkr,912,514,0,0.0,0.0,1,1,3,1,Gd,7,Typ,1,Gd,Detchd,1925.0,Unf,1.0,216.0,TA,TA,Y,0,240,0,0,0,0,,GdPrv,,0,6,2007,WD ,Normal
862,131500,1039,190,RL,75.0,11625,Pave,,Reg,Lvl,AllPub,Inside,Gtl,Sawyer,Norm,Norm,2fmCon,1Story,5,4,1965,1965,Hip,CompShg,Plywood,HdBoard,None,0.0,TA,TA,PConc,TA,TA,Mn,BLQ,841.0,Unf,0.0,198.0,1039.0,GasA,Ex,Y,SBrkr,1039,0,0,1.0,0.0,1,1,3,1,TA,6,Typ,0,,Attchd,1965.0,Unf,2.0,504.0,TA,TA,Y,0,0,0,0,0,0,,,,0,4,2010,WD ,Normal
863,152000,1097,20,RL,81.0,9672,Pave,,Reg,Lvl,AllPub,Corner,Gtl,SawyerW,Norm,Norm,1Fam,1Story,6,5,1984,1985,Hip,CompShg,HdBoard,Plywood,None,0.0,TA,TA,PConc,Gd,TA,No,GLQ,338.0,Unf,0.0,702.0,1040.0,GasA,TA,Y,SBrkr,1097,0,0,0.0,0.0,2,0,3,1,TA,6,Typ,0,,Attchd,1986.0,Unf,2.0,480.0,TA,TA,Y,0,0,0,0,0,0,,GdPrv,,0,5,2010,WD ,Normal
864,132500,1148,20,RL,70.0,7931,Pave,,Reg,Lvl,AllPub,Inside,Gtl,NAmes,Norm,Norm,1Fam,1Story,5,5,1959,1959,Hip,CompShg,BrkFace,Plywood,None,0.0,TA,TA,CBlock,TA,TA,No,BLQ,1148.0,Unf,0.0,0.0,1148.0,GasA,TA,Y,SBrkr,1148,0,0,1.0,0.0,1,0,3,1,TA,6,Typ,0,,Attchd,1959.0,Unf,1.0,672.0,TA,TA,Y,0,0,0,0,0,0,,GdPrv,,0,7,2009,WD ,Normal
865,250580,1372,20,FV,72.0,8640,Pave,,Reg,Lvl,AllPub,Inside,Gtl,Somerst,Norm,Norm,1Fam,1Story,7,5,2007,2008,Gable,CompShg,VinylSd,VinylSd,None,0.0,Gd,TA,PConc,Ex,TA,No,Unf,0.0,Unf,0.0,1372.0,1372.0,GasA,Ex,Y,SBrkr,1372,0,0,0.0,0.0,2,0,3,1,Gd,6,Typ,0,,Attchd,2008.0,Fin,2.0,529.0,TA,TA,Y,0,140,0,0,0,0,,,,0,5,2008,New,Partial
866,148500,1002,20,RL,,8750,Pave,,IR1,Lvl,AllPub,Inside,Gtl,NAmes,Norm,Norm,1Fam,1Story,5,6,1970,1970,Gable,CompShg,MetalSd,MetalSd,BrkFace,76.0,TA,TA,CBlock,TA,TA,No,BLQ,828.0,Unf,0.0,174.0,1002.0,GasA,TA,Y,SBrkr,1002,0,0,1.0,0.0,1,0,3,1,TA,5,Typ,0,,Detchd,1973.0,Unf,2.0,902.0,TA,TA,Y,0,0,0,0,0,0,,MnPrv,,0,8,2009,WD ,Normal
867,248900,1646,20,RL,67.0,10656,Pave,,IR1,HLS,AllPub,Inside,Gtl,Timber,Norm,Norm,1Fam,1Story,8,5,2006,2007,Gable,CompShg,VinylSd,VinylSd,Stone,274.0,Gd,TA,PConc,Gd,TA,Av,Unf,0.0,Unf,0.0,1638.0,1638.0,GasA,Ex,Y,SBrkr,1646,0,0,0.0,0.0,2,0,3,1,Gd,6,Typ,1,Gd,Attchd,2007.0,RFn,3.0,870.0,TA,TA,Y,192,80,0,0,0,0,,,,0,11,2007,New,Partial
868,129000,1120,20,RL,85.0,6970,Pave,,Reg,Lvl,AllPub,Corner,Gtl,Sawyer,Feedr,Norm,1Fam,1Story,4,5,1961,1961,Gable,CompShg,VinylSd,VinylSd,None,0.0,TA,TA,CBlock,TA,TA,No,ALQ,932.0,Unf,0.0,108.0,1040.0,GasA,TA,Y,SBrkr,1120,0,0,1.0,0.0,1,1,3,1,Fa,5,Typ,0,,Attchd,1961.0,RFn,2.0,544.0,TA,TA,Y,168,0,0,0,0,0,,,Shed,400,5,2007,WD ,Normal
869,169000,2320,60,RL,,14762,Pave,,IR2,Lvl,AllPub,Corner,Gtl,Gilbert,Feedr,Norm,1Fam,2Story,5,6,1948,1950,Gable,CompShg,Plywood,Plywood,None,0.0,TA,TA,Slab,,,,,0.0,,0.0,0.0,0.0,GasA,Gd,Y,SBrkr,1547,720,53,0.0,0.0,2,0,2,1,TA,7,Typ,1,TA,Attchd,1979.0,Unf,2.0,672.0,TA,TA,P,120,144,0,0,0,0,,,,0,5,2006,WD ,Normal
870,236000,1949,60,RL,80.0,9938,Pave,,Reg,Lvl,AllPub,Inside,Gtl,SawyerW,Norm,Norm,1Fam,2Story,7,5,1993,1994,Gable,CompShg,MetalSd,MetalSd,BrkFace,246.0,Gd,TA,PConc,Gd,TA,No,GLQ,750.0,Unf,0.0,300.0,1050.0,GasA,Ex,Y,SBrkr,1062,887,0,1.0,0.0,2,1,3,1,Gd,8,Typ,1,TA,Attchd,1993.0,Fin,2.0,574.0,TA,TA,Y,156,90,0,0,0,0,,GdPrv,,0,6,2010,WD ,Normal
871,109500,894,20,RL,60.0,6600,Pave,,Reg,Lvl,AllPub,Inside,Gtl,NAmes,PosN,Norm,1Fam,1Story,5,5,1962,1962,Hip,CompShg,MetalSd,MetalSd,None,0.0,TA,TA,CBlock,TA,TA,No,Unf,0.0,Unf,0.0,894.0,894.0,GasA,Gd,N,SBrkr,894,0,0,0.0,0.0,1,0,2,1,TA,5,Typ,0,,Detchd,1962.0,Unf,1.0,308.0,TA,TA,Y,0,0,0,0,0,0,,,,0,8,2009,WD ,Normal
872,200500,1682,60,RL,70.0,8750,Pave,,Reg,Lvl,AllPub,Inside,Gtl,CollgCr,Norm,Norm,1Fam,2Story,6,5,1998,1998,Gable,CompShg,VinylSd,VinylSd,BrkFace,116.0,TA,TA,PConc,Gd,TA,No,GLQ,505.0,Unf,0.0,299.0,804.0,GasA,Ex,Y,SBrkr,804,878,0,0.0,0.0,2,1,3,1,Gd,7,Typ,0,,Attchd,1998.0,RFn,2.0,523.0,TA,TA,Y,0,77,0,0,0,0,,,,0,6,2010,WD ,Normal
873,116000,910,20,RL,74.0,8892,Pave,,Reg,Lvl,AllPub,Corner,Gtl,NAmes,Norm,Norm,1Fam,1Story,5,7,1953,1996,Gable,CompShg,WdShing,Wd Shng,None,0.0,Gd,TA,Stone,TA,TA,Av,Unf,0.0,Unf,0.0,105.0,105.0,GasA,Gd,Y,SBrkr,910,0,0,0.0,0.0,1,0,3,1,Gd,5,Typ,0,,Attchd,1953.0,Unf,2.0,414.0,TA,TA,Y,196,0,150,0,0,0,,GdWo,,0,10,2008,WD ,Normal
874,133000,1268,40,RL,60.0,12144,Pave,,Reg,Lvl,AllPub,Inside,Gtl,NAmes,Norm,Norm,1Fam,1Story,5,7,1949,1950,Gable,CompShg,HdBoard,HdBoard,None,0.0,Gd,TA,CBlock,TA,TA,No,Rec,375.0,Unf,0.0,457.0,832.0,GasA,Gd,Y,SBrkr,1036,0,232,0.0,0.0,1,0,3,1,TA,6,Typ,1,Gd,Attchd,1949.0,Unf,1.0,288.0,TA,TA,Y,0,28,0,0,0,0,,,Othr,0,9,2009,WD ,Normal
875,66500,1131,50,RM,52.0,5720,Pave,,Reg,Lvl,AllPub,Inside,Gtl,OldTown,Artery,Norm,1Fam,1.5Fin,5,6,1941,1950,Gable,CompShg,Wd Sdng,Wd Sdng,None,0.0,TA,TA,CBlock,TA,TA,No,Unf,0.0,Unf,0.0,676.0,676.0,GasA,Ex,Y,SBrkr,676,455,0,0.0,0.0,1,1,3,1,TA,5,Typ,0,,Detchd,1941.0,Unf,1.0,200.0,TA,TA,Y,26,0,0,0,0,0,,,,0,8,2009,WD ,Abnorml
876,303477,2610,60,FV,75.0,9000,Pave,,Reg,Lvl,AllPub,Inside,Gtl,Somerst,Norm,Norm,1Fam,2Story,8,5,2007,2007,Gable,CompShg,CemntBd,CmentBd,None,0.0,Gd,TA,PConc,Gd,TA,Av,GLQ,64.0,Unf,0.0,1120.0,1184.0,GasA,Ex,Y,SBrkr,1184,1426,0,0.0,0.0,2,1,4,1,Ex,11,Typ,1,Gd,BuiltIn,2007.0,Fin,2.0,550.0,TA,TA,Y,208,364,0,0,0,0,,,,0,8,2007,New,Partial
877,132250,1040,20,RL,94.0,25286,Pave,,Reg,HLS,AllPub,Inside,Mod,Mitchel,Norm,Norm,1Fam,1Story,4,5,1963,1963,Gable,CompShg,HdBoard,Plywood,None,0.0,TA,TA,PConc,TA,TA,Gd,ALQ,633.0,Unf,0.0,431.0,1064.0,GasA,Gd,Y,SBrkr,1040,0,0,1.0,0.0,1,0,3,1,TA,5,Typ,0,,Attchd,1963.0,Unf,2.0,648.0,TA,TA,Y,0,0,0,0,0,0,,,,0,1,2007,WD ,Normal
878,350000,2224,60,RL,74.0,8834,Pave,,Reg,Lvl,AllPub,Inside,Gtl,NridgHt,Norm,Norm,1Fam,2Story,9,5,2004,2005,Hip,CompShg,VinylSd,VinylSd,Stone,216.0,Gd,TA,PConc,Ex,TA,No,GLQ,1170.0,Unf,0.0,292.0,1462.0,GasA,Ex,Y,SBrkr,1462,762,0,1.0,0.0,2,1,4,1,Ex,10,Typ,1,Gd,Attchd,2004.0,Fin,3.0,738.0,TA,TA,Y,184,0,0,0,0,0,,,,0,6,2009,WD ,Normal
879,148000,1155,85,RL,88.0,11782,Pave,,IR1,Lvl,AllPub,Inside,Gtl,Sawyer,Norm,Norm,1Fam,SFoyer,5,7,1961,1995,Gable,CompShg,HdBoard,HdBoard,None,0.0,TA,TA,CBlock,TA,TA,Av,ALQ,899.0,Unf,0.0,210.0,1109.0,GasA,TA,Y,SBrkr,1155,0,0,1.0,0.0,1,0,3,1,Gd,6,Min2,0,,Detchd,1987.0,Unf,2.0,576.0,TA,TA,Y,192,0,0,0,0,0,,MnPrv,Shed,400,6,2010,WD ,Normal
880,136500,864,20,RL,,7000,Pave,,IR1,Lvl,AllPub,CulDSac,Gtl,CollgCr,Norm,Norm,1Fam,1Story,5,8,1978,2005,Gable,CompShg,VinylSd,VinylSd,BrkFace,90.0,Gd,Gd,CBlock,TA,TA,No,ALQ,646.0,Unf,0.0,218.0,864.0,GasA,Ex,Y,SBrkr,864,0,0,1.0,0.0,1,0,3,1,TA,6,Typ,0,,Attchd,1978.0,Unf,1.0,336.0,TA,TA,Y,0,0,0,0,0,0,,GdWo,,0,7,2009,WD ,Normal
881,157000,1090,20,RL,60.0,7024,Pave,,Reg,Lvl,AllPub,Inside,Gtl,Edwards,Norm,Norm,1Fam,1Story,5,5,2005,2006,Gable,CompShg,VinylSd,VinylSd,None,0.0,TA,TA,PConc,Ex,Gd,No,ALQ,980.0,Unf,0.0,110.0,1090.0,GasA,Gd,Y,SBrkr,1090,0,0,1.0,0.0,1,1,2,1,TA,5,Typ,0,,Attchd,2005.0,Fin,2.0,450.0,TA,TA,Y,0,49,0,0,0,0,,,,0,6,2007,WD ,Normal
882,187500,1717,50,RL,44.0,13758,Pave,,IR1,Lvl,AllPub,CulDSac,Gtl,Timber,Norm,Norm,1Fam,1.5Fin,7,5,1990,1991,Gable,CompShg,HdBoard,HdBoard,BrkFace,117.0,Gd,Gd,CBlock,Gd,TA,Mn,LwQ,902.0,Unf,0.0,254.0,1156.0,GasA,Ex,Y,SBrkr,1187,530,0,0.0,0.0,2,1,3,1,Gd,7,Typ,1,TA,Attchd,1990.0,RFn,2.0,400.0,TA,TA,Y,168,36,0,0,0,0,,,,0,4,2007,WD ,Normal
883,178000,1593,60,RL,,9636,Pave,,IR1,Lvl,AllPub,Corner,Gtl,Gilbert,Norm,Norm,1Fam,2Story,6,5,1992,1993,Gable,CompShg,VinylSd,VinylSd,None,0.0,TA,TA,PConc,Gd,TA,No,Unf,0.0,Unf,0.0,808.0,808.0,GasA,Gd,Y,SBrkr,808,785,0,0.0,0.0,2,1,3,1,TA,7,Typ,1,TA,BuiltIn,1993.0,RFn,2.0,389.0,TA,TA,Y,342,40,0,0,0,0,,MnPrv,,0,12,2009,WD ,Normal
884,118500,2230,75,RL,60.0,6204,Pave,,Reg,Bnk,AllPub,Inside,Gtl,SWISU,Norm,Norm,1Fam,2.5Fin,4,5,1912,1950,Gable,CompShg,Wd Sdng,Wd Sdng,None,0.0,Gd,TA,PConc,TA,Fa,No,Unf,0.0,Unf,0.0,795.0,795.0,GasA,TA,N,SBrkr,954,795,481,1.0,0.0,1,0,5,1,TA,10,Typ,0,,Detchd,1997.0,Unf,1.0,440.0,TA,Gd,Y,0,188,0,0,0,0,,,,0,3,2006,WD ,Normal
885,100000,892,20,RL,65.0,7150,Pave,,Reg,Lvl,AllPub,Inside,Gtl,NAmes,Norm,Norm,1Fam,1Story,5,5,1967,1967,Gable,CompShg,HdBoard,HdBoard,BrkFace,60.0,TA,TA,CBlock,TA,TA,No,BLQ,432.0,Unf,0.0,460.0,892.0,GasA,TA,Y,SBrkr,892,0,0,0.0,0.0,1,0,3,1,TA,5,Typ,0,,Attchd,1967.0,RFn,1.0,288.0,TA,TA,Y,0,0,0,0,0,0,,GdWo,,0,7,2009,WD ,Normal
886,328900,1709,120,FV,50.0,5119,Pave,,IR1,Lvl,AllPub,CulDSac,Gtl,Somerst,Norm,Norm,TwnhsE,1Story,9,5,1999,2000,Gable,CompShg,MetalSd,MetalSd,BrkFace,60.0,Gd,TA,PConc,Ex,TA,Av,GLQ,1238.0,Unf,0.0,460.0,1698.0,GasA,Ex,Y,SBrkr,1709,0,0,1.0,0.0,2,0,2,1,Gd,5,Typ,1,TA,Attchd,1999.0,Fin,2.0,506.0,TA,TA,Y,97,65,0,0,0,0,,,,0,1,2008,CWD,Abnorml
887,145000,1712,90,RL,70.0,8393,Pave,,Reg,Lvl,AllPub,Corner,Gtl,NAmes,Norm,Norm,Duplex,1Story,5,5,1959,2005,Gable,CompShg,MetalSd,MetalSd,BrkFace,122.0,TA,TA,CBlock,TA,TA,No,LwQ,528.0,Unf,0.0,1098.0,1626.0,GasA,Ex,Y,SBrkr,1712,0,0,0.0,0.0,2,0,4,2,TA,8,Typ,0,,Attchd,2005.0,Fin,2.0,588.0,TA,TA,Y,272,54,0,0,0,0,,,,0,6,2006,WD ,Family
888,135500,1393,50,RL,59.0,16466,Pave,,IR1,Lvl,AllPub,Inside,Gtl,Edwards,Norm,Norm,1Fam,1.5Fin,5,7,1955,1955,Gable,CompShg,MetalSd,MetalSd,None,0.0,TA,Gd,PConc,TA,TA,No,Unf,0.0,Unf,0.0,816.0,816.0,GasA,TA,Y,SBrkr,872,521,0,0.0,0.0,1,1,3,1,TA,8,Typ,0,,Attchd,1955.0,Unf,1.0,300.0,TA,TA,Y,121,0,0,0,265,0,,,,0,4,2008,WD ,Normal
889,268000,2217,20,RL,95.0,15865,Pave,,IR1,Lvl,AllPub,Inside,Mod,NAmes,Norm,Norm,1Fam,1Story,8,6,1970,1970,Flat,Tar&Grv,Wd Sdng,Wd Sdng,None,0.0,Gd,Gd,PConc,TA,Gd,Gd,ALQ,351.0,Rec,823.0,1043.0,2217.0,GasA,Ex,Y,SBrkr,2217,0,0,1.0,0.0,2,0,4,1,Gd,8,Typ,1,TA,Attchd,1970.0,Unf,2.0,621.0,TA,TA,Y,81,207,0,0,224,0,,,,0,10,2007,WD ,Normal
890,149500,1505,20,RL,128.0,12160,Pave,,Reg,Lvl,AllPub,Inside,Gtl,NAmes,Feedr,Norm,1Fam,1Story,6,4,1953,1953,Hip,CompShg,Wd Sdng,Wd Sdng,BrkFace,90.0,TA,TA,CBlock,TA,TA,No,BLQ,1024.0,Unf,0.0,481.0,1505.0,GasA,Ex,Y,SBrkr,1505,0,0,1.0,0.0,1,0,2,1,TA,6,Typ,1,TA,Attchd,1953.0,RFn,2.0,505.0,TA,TA,Y,0,0,0,162,0,0,,,,0,2,2009,WD ,Normal
891,122900,924,50,RL,60.0,8064,Pave,,Reg,Lvl,AllPub,Corner,Gtl,NAmes,Artery,Norm,1Fam,1.5Fin,5,7,1949,2006,Gable,CompShg,MetalSd,MetalSd,None,0.0,TA,Gd,CBlock,TA,TA,Mn,Unf,0.0,Unf,0.0,672.0,672.0,GasA,Ex,Y,SBrkr,672,252,0,0.0,0.0,1,0,3,1,TA,6,Typ,1,Po,Detchd,2003.0,Unf,2.0,576.0,TA,TA,Y,0,0,0,0,0,0,,MnPrv,Shed,2000,7,2007,WD ,Normal
892,172500,1683,60,RL,70.0,11184,Pave,,Reg,Lvl,AllPub,Inside,Gtl,Sawyer,Norm,Norm,1Fam,2Story,6,5,1978,1978,Hip,CompShg,HdBoard,HdBoard,BrkFace,92.0,TA,TA,CBlock,TA,TA,No,LwQ,226.0,Rec,500.0,192.0,918.0,GasA,Gd,Y,SBrkr,918,765,0,0.0,0.0,2,1,3,1,TA,7,Typ,1,TA,Attchd,1978.0,RFn,2.0,440.0,TA,TA,Y,243,0,0,0,0,0,,,,0,7,2009,WD ,Normal
893,154500,1068,20,RL,70.0,8414,Pave,,Reg,Lvl,AllPub,Inside,Gtl,Sawyer,Norm,Norm,1Fam,1Story,6,8,1963,2003,Hip,CompShg,HdBoard,HdBoard,None,0.0,TA,TA,CBlock,TA,TA,No,GLQ,663.0,Unf,0.0,396.0,1059.0,GasA,TA,Y,SBrkr,1068,0,0,0.0,1.0,1,0,3,1,TA,6,Typ,0,,Attchd,1963.0,RFn,1.0,264.0,TA,TA,Y,192,0,0,0,0,0,,MnPrv,,0,2,2006,WD ,Normal
894,165000,1383,20,RL,,13284,Pave,,Reg,Lvl,AllPub,Inside,Gtl,Sawyer,PosN,Norm,1Fam,1Story,5,5,1954,1954,Gable,CompShg,Wd Sdng,Plywood,None,0.0,TA,TA,PConc,Gd,TA,Mn,BLQ,1064.0,Unf,0.0,319.0,1383.0,GasA,TA,Y,SBrkr,1383,0,0,1.0,0.0,1,0,3,1,TA,6,Typ,1,Gd,Attchd,1954.0,Unf,1.0,354.0,TA,TA,Y,511,116,0,0,0,0,,GdPrv,,0,6,2008,WD ,Normal
895,118858,1535,90,RL,64.0,7018,Pave,,Reg,Bnk,AllPub,Inside,Gtl,SawyerW,Norm,Norm,Duplex,1Story,5,5,1979,1979,Gable,CompShg,HdBoard,HdBoard,None,0.0,TA,TA,Slab,,,,,0.0,,0.0,0.0,0.0,GasA,TA,Y,SBrkr,1535,0,0,0.0,0.0,2,0,4,2,TA,8,Typ,0,,Attchd,1979.0,Unf,2.0,400.0,TA,TA,Y,0,0,0,0,0,0,,GdPrv,,0,6,2009,WD ,Alloca
896,140000,1796,60,RL,71.0,7056,Pave,,Reg,Lvl,AllPub,Inside,Gtl,NAmes,Norm,Norm,1Fam,2Story,6,5,1963,1963,Hip,CompShg,HdBoard,HdBoard,BrkFace,415.0,TA,TA,CBlock,TA,TA,No,BLQ,400.0,Unf,0.0,380.0,780.0,GasA,TA,Y,SBrkr,983,813,0,1.0,0.0,1,1,4,1,TA,8,Typ,1,TA,Attchd,1963.0,RFn,2.0,483.0,TA,TA,Y,0,50,0,0,0,0,,,,0,10,2008,WD ,Normal
897,106500,951,30,RM,50.0,8765,Pave,Grvl,Reg,Lvl,AllPub,Inside,Gtl,IDOTRR,Norm,Norm,1Fam,1Story,4,6,1936,1950,Gable,CompShg,Wd Sdng,Wd Sdng,None,0.0,TA,TA,BrkTil,TA,TA,No,ALQ,285.0,Unf,0.0,666.0,951.0,GasA,Ex,N,SBrkr,951,0,0,0.0,0.0,1,0,2,1,TA,6,Typ,0,,Detchd,1936.0,Unf,1.0,327.0,TA,TA,Y,0,28,0,0,0,0,,,,0,4,2006,WD ,Abnorml
898,142953,2240,90,RL,64.0,7018,Pave,,Reg,Lvl,AllPub,Inside,Gtl,SawyerW,Feedr,Norm,Duplex,2Story,5,5,1979,1979,Gable,CompShg,Plywood,Plywood,None,0.0,TA,TA,Slab,,,,,0.0,,0.0,0.0,0.0,GasA,TA,Y,SBrkr,1120,1120,0,0.0,0.0,2,0,6,2,TA,12,Typ,0,,Detchd,1979.0,Unf,2.0,528.0,TA,TA,Y,154,0,0,0,0,0,,,,0,6,2009,WD ,Alloca
899,611657,2364,20,RL,100.0,12919,Pave,,IR1,Lvl,AllPub,Inside,Gtl,NridgHt,Norm,Norm,1Fam,1Story,9,5,2009,2010,Hip,CompShg,VinylSd,VinylSd,Stone,760.0,Ex,TA,PConc,Ex,TA,Gd,GLQ,2188.0,Unf,0.0,142.0,2330.0,GasA,Ex,Y,SBrkr,2364,0,0,1.0,0.0,2,1,2,1,Ex,11,Typ,2,Gd,Attchd,2009.0,Fin,3.0,820.0,TA,TA,Y,0,67,0,0,0,0,,,,0,3,2010,New,Partial
900,135000,1236,20,RL,65.0,6993,Pave,,Reg,Lvl,AllPub,Inside,Gtl,Sawyer,Feedr,Norm,1Fam,1Story,5,7,1961,1994,Gable,CompShg,HdBoard,Plywood,None,0.0,TA,TA,CBlock,TA,TA,No,BLQ,465.0,Unf,0.0,447.0,912.0,GasA,TA,Y,SBrkr,1236,0,0,0.0,0.0,1,0,3,1,TA,6,Typ,1,TA,Attchd,1961.0,Unf,1.0,288.0,TA,TA,Y,0,0,0,0,0,0,,,,0,6,2006,WD ,Normal
901,110000,858,20,RL,,7340,Pave,,IR1,Lvl,AllPub,Inside,Gtl,NAmes,Norm,Norm,1Fam,1Story,4,6,1971,1971,Gable,CompShg,HdBoard,HdBoard,None,0.0,TA,TA,CBlock,TA,TA,No,ALQ,322.0,Unf,0.0,536.0,858.0,GasA,TA,Y,SBrkr,858,0,0,0.0,0.0,1,0,2,1,TA,4,Typ,0,,Detchd,1979.0,Unf,1.0,684.0,TA,TA,Y,0,0,0,0,0,0,,,,0,6,2007,WD ,Normal
902,153000,1306,20,RL,64.0,8712,Pave,,IR1,Lvl,AllPub,Inside,Gtl,NAmes,Norm,Norm,1Fam,1Story,5,7,1957,2000,Hip,CompShg,MetalSd,MetalSd,None,0.0,TA,Gd,CBlock,TA,TA,Mn,BLQ,860.0,Unf,0.0,132.0,992.0,GasA,TA,Y,SBrkr,1306,0,0,1.0,0.0,1,0,2,1,TA,5,Typ,0,,Detchd,1968.0,Unf,1.0,756.0,TA,TA,Y,0,0,0,0,0,0,,,,0,5,2009,WD ,Normal
903,180000,1509,60,RL,63.0,7875,Pave,,Reg,Lvl,AllPub,Inside,Gtl,Gilbert,Norm,Norm,1Fam,2Story,7,5,2003,2003,Gable,CompShg,VinylSd,VinylSd,None,0.0,Gd,TA,PConc,Gd,TA,No,Unf,0.0,Unf,0.0,783.0,783.0,GasA,Ex,Y,SBrkr,807,702,0,0.0,0.0,2,1,3,1,Gd,8,Typ,1,Gd,Attchd,2003.0,Fin,2.0,393.0,TA,TA,Y,0,75,0,0,0,0,,,,0,7,2006,WD ,Normal
904,240000,1670,20,RL,50.0,14859,Pave,,IR1,HLS,AllPub,CulDSac,Gtl,Gilbert,Norm,Norm,1Fam,1Story,7,5,2006,2006,Hip,CompShg,VinylSd,VinylSd,BrkFace,27.0,Gd,TA,PConc,Gd,TA,No,Unf,0.0,Unf,0.0,1670.0,1670.0,GasA,Ex,Y,SBrkr,1670,0,0,0.0,0.0,2,0,3,1,Gd,7,Typ,1,Gd,Attchd,2006.0,RFn,3.0,690.0,TA,TA,Y,144,60,0,0,0,0,,,,0,8,2006,New,Partial
905,125500,902,20,RL,,6173,Pave,,IR1,Lvl,AllPub,Inside,Gtl,Sawyer,Norm,Norm,1Fam,1Story,5,6,1967,1967,Gable,CompShg,HdBoard,Wd Sdng,BrkFace,75.0,TA,TA,CBlock,TA,TA,No,GLQ,599.0,Unf,0.0,277.0,876.0,GasA,TA,Y,SBrkr,902,0,0,0.0,0.0,1,0,3,1,TA,6,Typ,0,,Attchd,1967.0,Unf,1.0,288.0,TA,TA,Y,0,0,0,0,0,0,,MnPrv,,0,8,2007,WD ,Normal
906,128000,1063,20,RL,80.0,9920,Pave,,Reg,Lvl,AllPub,Inside,Gtl,NAmes,Norm,Norm,1Fam,1Story,5,5,1954,1954,Gable,CompShg,HdBoard,HdBoard,Stone,110.0,TA,TA,CBlock,TA,TA,No,Rec,354.0,LwQ,290.0,412.0,1056.0,GasA,TA,Y,SBrkr,1063,0,0,1.0,0.0,1,0,3,1,TA,6,Typ,0,,Attchd,1954.0,RFn,1.0,280.0,TA,TA,Y,0,0,164,0,0,0,,MnPrv,,0,2,2010,WD ,Normal
907,255000,1636,20,RL,116.0,13501,Pave,,IR1,Lvl,AllPub,Corner,Gtl,Somerst,Norm,Norm,1Fam,1Story,8,5,2006,2006,Gable,CompShg,VinylSd,VinylSd,Stone,208.0,Gd,TA,PConc,Gd,TA,No,GLQ,63.0,Unf,0.0,1560.0,1623.0,GasA,Ex,Y,SBrkr,1636,0,0,1.0,0.0,2,0,3,1,Gd,8,Typ,1,Gd,Attchd,2006.0,RFn,3.0,865.0,TA,TA,Y,0,60,0,0,0,0,,,,0,6,2007,WD ,Normal
908,250000,2057,50,RL,86.0,11500,Pave,,IR1,Lvl,AllPub,Inside,Gtl,Crawfor,Norm,Norm,1Fam,1.5Fin,7,7,1936,1987,Gable,CompShg,BrkFace,BrkFace,None,0.0,Gd,TA,CBlock,Gd,TA,No,Rec,223.0,Unf,0.0,794.0,1017.0,GasA,Gd,Y,SBrkr,1020,1037,0,0.0,0.0,1,1,3,1,Gd,6,Typ,1,Gd,Attchd,1936.0,Fin,1.0,180.0,Fa,TA,Y,0,0,0,0,322,0,,,,0,6,2006,WD ,Normal
909,131000,902,20,RL,,8885,Pave,,IR1,Low,AllPub,Inside,Mod,Mitchel,Norm,Norm,1Fam,1Story,5,5,1983,1983,Gable,CompShg,HdBoard,HdBoard,None,0.0,TA,TA,CBlock,Gd,TA,Av,BLQ,301.0,ALQ,324.0,239.0,864.0,GasA,TA,Y,SBrkr,902,0,0,1.0,0.0,1,0,2,1,TA,5,Typ,0,,Attchd,1983.0,Unf,2.0,484.0,TA,TA,Y,164,0,0,0,0,0,,MnPrv,,0,6,2006,WD ,Normal
910,174000,1484,60,RL,149.0,12589,Pave,,IR2,Lvl,AllPub,Inside,Gtl,Gilbert,Norm,Norm,1Fam,2Story,6,5,2005,2005,Gable,CompShg,VinylSd,VinylSd,None,0.0,Gd,TA,PConc,Gd,TA,No,Unf,0.0,Unf,0.0,742.0,742.0,GasA,Ex,Y,SBrkr,742,742,0,0.0,0.0,2,1,3,1,Gd,8,Typ,1,Gd,Attchd,2005.0,Fin,2.0,390.0,TA,TA,Y,36,24,0,0,0,0,,,,0,6,2009,WD ,Normal
911,154300,2274,90,RL,80.0,11600,Pave,,Reg,Lvl,AllPub,Corner,Gtl,NAmes,Feedr,Norm,Duplex,2Story,5,5,1960,1960,Gable,CompShg,MetalSd,MetalSd,BrkFace,361.0,TA,TA,CBlock,TA,TA,No,Rec,443.0,Unf,0.0,662.0,1105.0,GasA,TA,Y,FuseA,1105,1169,0,0.0,0.0,2,0,5,2,TA,12,Typ,0,,Detchd,1960.0,Unf,2.0,480.0,TA,TA,Y,0,0,0,0,0,0,,,,0,1,2010,WD ,Normal
912,143500,1268,20,RL,,9286,Pave,,IR1,Lvl,AllPub,CulDSac,Mod,CollgCr,Norm,Norm,1Fam,1Story,5,7,1977,1989,Gable,CompShg,HdBoard,Plywood,None,0.0,TA,TA,CBlock,Gd,Gd,Av,ALQ,196.0,Unf,0.0,1072.0,1268.0,GasA,TA,Y,SBrkr,1268,0,0,0.0,0.0,1,1,3,1,Gd,5,Typ,0,,Detchd,1978.0,Unf,1.0,252.0,TA,TA,Y,173,0,0,0,0,0,,,,0,10,2009,WD ,Normal
913,88000,1015,30,RM,51.0,6120,Pave,,Reg,Lvl,AllPub,Inside,Gtl,BrkSide,Norm,Norm,1Fam,1Story,5,7,1925,1950,Gable,CompShg,MetalSd,MetalSd,None,0.0,TA,TA,BrkTil,TA,TA,No,Rec,489.0,Unf,0.0,279.0,768.0,GasA,TA,N,SBrkr,1015,0,0,0.0,0.0,1,0,3,1,TA,6,Min1,0,,Detchd,1925.0,Unf,1.0,450.0,TA,TA,Y,0,0,112,0,120,0,,MnPrv,Shed,620,7,2006,WD ,Abnorml
914,145000,2002,90,RH,82.0,6270,Pave,,Reg,HLS,AllPub,Inside,Gtl,Crawfor,Norm,Norm,Duplex,2Story,5,6,1949,1950,Gable,CompShg,MetalSd,MetalSd,None,0.0,TA,TA,CBlock,TA,TA,No,BLQ,284.0,Unf,0.0,717.0,1001.0,GasA,TA,N,FuseA,1001,1001,0,0.0,0.0,2,0,4,2,TA,8,Typ,0,,2Types,1949.0,Unf,3.0,871.0,TA,TA,Y,0,0,0,0,0,0,,,,0,8,2007,WD ,Normal
915,173733,1224,160,FV,30.0,3000,Pave,Pave,Reg,Lvl,AllPub,Inside,Gtl,Somerst,Norm,Norm,TwnhsE,2Story,6,5,2009,2009,Gable,CompShg,VinylSd,VinylSd,Stone,76.0,Gd,TA,PConc,Gd,TA,Av,GLQ,294.0,Unf,0.0,318.0,612.0,GasA,Ex,Y,SBrkr,612,612,0,0.0,0.0,2,1,2,1,Gd,4,Typ,0,,Detchd,2009.0,RFn,2.0,528.0,TA,TA,Y,0,234,0,0,0,0,,,,0,6,2009,New,Partial
916,75000,1092,160,RM,21.0,2001,Pave,,Reg,Lvl,AllPub,Inside,Gtl,MeadowV,Norm,Norm,Twnhs,2Story,4,5,1970,1970,Gable,CompShg,CemntBd,CmentBd,BrkFace,80.0,TA,TA,CBlock,TA,TA,No,Unf,0.0,Unf,0.0,546.0,546.0,GasA,Fa,Y,SBrkr,546,546,0,0.0,0.0,1,1,3,1,TA,6,Typ,0,,Attchd,1970.0,Unf,1.0,286.0,TA,TA,Y,0,0,0,0,0,0,,,,0,1,2007,WD ,Normal
917,35311,480,20,C (all),50.0,9000,Pave,,Reg,Lvl,AllPub,Inside,Gtl,IDOTRR,Norm,Norm,1Fam,1Story,2,3,1949,1950,Gable,CompShg,AsbShng,AsbShng,None,0.0,TA,TA,CBlock,TA,TA,Av,BLQ,50.0,Unf,0.0,430.0,480.0,GasA,TA,N,FuseA,480,0,0,1.0,0.0,0,0,1,1,TA,4,Typ,0,,Detchd,1958.0,Unf,1.0,308.0,TA,TA,Y,0,0,0,0,0,0,,,,0,10,2006,WD ,Abnorml
918,135000,1229,20,RL,,17140,Pave,,Reg,Lvl,AllPub,Inside,Gtl,Edwards,Norm,Norm,1Fam,1Story,4,6,1956,1956,Gable,CompShg,VinylSd,VinylSd,None,0.0,TA,TA,CBlock,TA,TA,No,ALQ,1059.0,Unf,0.0,75.0,1134.0,GasA,Ex,Y,FuseA,1229,0,0,0.0,0.0,1,0,3,1,TA,6,Typ,0,,Attchd,1956.0,RFn,1.0,284.0,TA,TA,Y,0,0,0,0,0,0,,,,0,4,2009,WD ,Normal
919,238000,2127,60,RL,103.0,13125,Pave,,IR1,Lvl,AllPub,Corner,Gtl,SawyerW,Norm,Norm,1Fam,2Story,7,5,1991,1991,Gable,CompShg,HdBoard,HdBoard,None,0.0,Gd,TA,PConc,Ex,TA,Mn,BLQ,48.0,GLQ,634.0,422.0,1104.0,GasA,Ex,Y,SBrkr,912,1215,0,1.0,0.0,2,1,4,1,Gd,8,Typ,1,TA,Attchd,1991.0,RFn,3.0,833.0,TA,TA,Y,72,192,224,0,0,0,,GdPrv,,0,11,2007,WD ,Normal
920,176500,1414,20,RL,87.0,11029,Pave,,IR1,Lvl,AllPub,Corner,Gtl,NAmes,Norm,Norm,1Fam,1Story,6,8,1958,2002,Hip,CompShg,MetalSd,MetalSd,None,0.0,Ex,TA,CBlock,Gd,TA,No,ALQ,528.0,BLQ,411.0,245.0,1184.0,GasA,Ex,Y,SBrkr,1414,0,0,1.0,0.0,1,0,3,1,TA,6,Min1,1,TA,Attchd,1990.0,Unf,2.0,601.0,TA,TA,Y,0,51,0,0,190,0,,,,0,5,2008,WD ,Normal
921,201000,1721,60,RL,70.0,8462,Pave,,IR1,Lvl,AllPub,Inside,Gtl,SawyerW,Norm,Norm,1Fam,2Story,6,5,1994,1994,Gable,CompShg,HdBoard,HdBoard,BrkFace,105.0,Gd,Gd,PConc,Gd,Gd,No,GLQ,814.0,Unf,0.0,114.0,928.0,GasA,Ex,Y,SBrkr,936,785,0,0.0,1.0,2,1,3,1,Gd,7,Typ,0,,Attchd,1994.0,RFn,2.0,471.0,TA,TA,Y,300,87,0,0,0,0,,,,0,7,2007,WD ,Normal
922,145900,2200,90,RL,67.0,8777,Pave,,Reg,Lvl,AllPub,Inside,Gtl,Edwards,Feedr,Norm,Duplex,1.5Fin,5,7,1900,2003,Gable,CompShg,MetalSd,MetalSd,None,0.0,TA,TA,CBlock,TA,TA,No,ALQ,1084.0,Unf,0.0,188.0,1272.0,GasA,Gd,Y,SBrkr,1272,928,0,2.0,0.0,2,2,4,2,TA,9,Typ,0,,,,,0.0,0.0,,,N,0,70,0,0,0,0,,GdPrv,,0,9,2008,WD ,Normal
923,169990,1316,20,RL,65.0,10237,Pave,,Reg,Lvl,AllPub,Inside,Gtl,Gilbert,RRAn,Norm,1Fam,1Story,6,5,2005,2006,Gable,CompShg,VinylSd,VinylSd,None,0.0,Gd,TA,PConc,Gd,TA,No,GLQ,28.0,Unf,0.0,1288.0,1316.0,GasA,Ex,Y,SBrkr,1316,0,0,0.0,0.0,2,0,3,1,Gd,6,Typ,1,Gd,Attchd,2005.0,Fin,2.0,397.0,TA,TA,Y,100,0,0,23,0,0,,,,0,10,2006,New,Partial
924,193000,1617,120,RL,50.0,8012,Pave,,Reg,Lvl,AllPub,Inside,Gtl,SawyerW,Norm,Norm,TwnhsE,1Story,6,5,1993,1994,Gable,CompShg,Plywood,Plywood,None,0.0,Gd,TA,PConc,Gd,TA,No,LwQ,165.0,GLQ,841.0,598.0,1604.0,GasA,Ex,Y,SBrkr,1617,0,0,1.0,0.0,2,0,2,1,Gd,5,Typ,1,Fa,Attchd,1993.0,RFn,2.0,533.0,TA,TA,Y,0,69,0,0,0,0,,,,0,7,2008,WD ,Normal
925,207500,1686,20,RL,79.0,10240,Pave,,Reg,Lvl,AllPub,Inside,Gtl,NWAmes,Norm,Norm,1Fam,1Story,6,6,1980,1980,Gable,CompShg,Plywood,Plywood,BrkFace,157.0,TA,Gd,CBlock,Gd,TA,No,BLQ,625.0,LwQ,1061.0,0.0,1686.0,GasA,TA,Y,SBrkr,1686,0,0,1.0,0.0,2,0,3,1,TA,7,Typ,1,TA,Attchd,1980.0,Unf,2.0,612.0,TA,TA,Y,384,131,0,0,0,0,,,,0,5,2006,WD ,Normal
926,175000,1126,20,RL,,15611,Pave,,IR1,Lvl,AllPub,Corner,Gtl,NWAmes,Norm,Norm,1Fam,1Story,5,6,1977,1977,Gable,CompShg,VinylSd,VinylSd,None,0.0,TA,TA,PConc,Gd,TA,Av,ALQ,767.0,LwQ,93.0,266.0,1126.0,GasA,TA,Y,SBrkr,1126,0,0,0.0,1.0,2,0,3,1,Ex,6,Typ,0,,Attchd,1977.0,RFn,2.0,540.0,TA,TA,Y,180,0,0,0,0,0,,,,0,3,2008,WD ,Abnorml
927,285000,2374,60,RL,93.0,11999,Pave,,Reg,Lvl,AllPub,Inside,Gtl,NridgHt,Norm,Norm,1Fam,2Story,8,5,2003,2004,Hip,CompShg,VinylSd,VinylSd,BrkFace,340.0,Gd,TA,PConc,Gd,TA,No,Unf,0.0,Unf,0.0,1181.0,1181.0,GasA,Ex,Y,SBrkr,1234,1140,0,0.0,0.0,2,1,4,1,Ex,10,Typ,1,Gd,BuiltIn,2003.0,Fin,3.0,656.0,TA,TA,Y,104,100,0,0,0,0,,,,0,5,2007,WD ,Normal
928,176000,1978,60,RL,,9900,Pave,,Reg,Lvl,AllPub,Inside,Gtl,NWAmes,Feedr,Norm,1Fam,2Story,7,5,1968,1968,Gable,CompShg,MetalSd,MetalSd,BrkFace,342.0,TA,TA,CBlock,TA,TA,No,BLQ,552.0,Unf,0.0,280.0,832.0,GasA,Gd,Y,SBrkr,1098,880,0,0.0,0.0,2,1,4,1,TA,9,Typ,1,Gd,Attchd,1968.0,RFn,2.0,486.0,TA,TA,Y,0,43,0,0,0,0,,GdPrv,,0,4,2008,WD ,Normal
929,236500,1788,20,RL,,11838,Pave,,Reg,Lvl,AllPub,Inside,Gtl,CollgCr,Norm,Norm,1Fam,1Story,8,5,2001,2001,Hip,CompShg,VinylSd,VinylSd,None,0.0,Gd,TA,PConc,Gd,TA,Av,Unf,0.0,Unf,0.0,1753.0,1753.0,GasA,Ex,Y,SBrkr,1788,0,0,0.0,0.0,2,0,3,1,Ex,7,Typ,1,TA,Attchd,2001.0,RFn,2.0,522.0,TA,TA,Y,202,151,0,0,0,0,,,,0,6,2009,WD ,Normal
930,222000,2236,60,RL,,13006,Pave,,IR1,Lvl,AllPub,Corner,Gtl,Gilbert,Norm,Norm,1Fam,2Story,7,5,1997,1997,Gable,CompShg,HdBoard,HdBoard,BrkFace,285.0,TA,TA,PConc,Gd,TA,No,Unf,0.0,Unf,0.0,964.0,964.0,GasA,Gd,Y,SBrkr,993,1243,0,0.0,0.0,2,1,4,1,Gd,8,Typ,1,TA,BuiltIn,1997.0,Fin,2.0,642.0,TA,TA,Y,0,0,0,0,0,0,,,,0,11,2006,WD ,Normal
931,201000,1466,20,RL,73.0,8925,Pave,,IR1,HLS,AllPub,Inside,Gtl,Timber,Norm,Norm,1Fam,1Story,8,5,2007,2007,Gable,CompShg,VinylSd,VinylSd,None,0.0,Gd,TA,PConc,Gd,TA,Av,GLQ,16.0,Unf,0.0,1450.0,1466.0,GasA,Ex,Y,SBrkr,1466,0,0,0.0,0.0,2,0,3,1,Gd,7,Typ,0,,Attchd,2007.0,Fin,3.0,610.0,TA,TA,Y,100,18,0,0,0,0,,,,0,7,2009,WD ,Normal
932,117500,925,20,RL,70.0,9100,Pave,,Reg,Lvl,AllPub,Inside,Gtl,NAmes,Norm,Norm,1Fam,1Story,5,6,1965,1965,Gable,CompShg,VinylSd,VinylSd,None,0.0,TA,TA,CBlock,TA,TA,No,BLQ,338.0,Rec,466.0,121.0,925.0,GasA,Ex,Y,SBrkr,925,0,0,0.0,1.0,1,0,2,1,TA,5,Typ,0,,Detchd,1965.0,Unf,1.0,429.0,TA,TA,Y,0,0,0,0,0,0,,GdWo,,0,7,2009,WD ,Normal
933,320000,1905,20,RL,84.0,11670,Pave,,IR1,Lvl,AllPub,Corner,Gtl,Somerst,RRNn,Norm,1Fam,1Story,9,5,2006,2006,Hip,CompShg,VinylSd,ImStucc,Stone,302.0,Ex,TA,PConc,Ex,Gd,No,Unf,0.0,Unf,0.0,1905.0,1905.0,GasA,Ex,Y,SBrkr,1905,0,0,0.0,0.0,2,0,3,1,Ex,8,Typ,1,Gd,Attchd,2006.0,Fin,3.0,788.0,TA,TA,Y,0,191,0,0,0,0,,,,0,3,2007,WD ,Normal
934,190000,1500,20,RL,63.0,8487,Pave,,Reg,Lvl,AllPub,FR2,Gtl,CollgCr,Norm,Norm,1Fam,1Story,7,5,2004,2004,Gable,CompShg,VinylSd,VinylSd,BrkFace,210.0,Gd,TA,PConc,Gd,TA,Av,GLQ,20.0,Unf,0.0,1480.0,1500.0,GasA,Ex,Y,SBrkr,1500,0,0,0.0,0.0,2,0,3,1,Gd,6,Typ,0,,Attchd,2004.0,RFn,2.0,570.0,TA,TA,Y,192,36,0,0,0,0,,,,0,8,2009,WD ,Normal
935,242000,2069,20,RL,313.0,27650,Pave,,IR2,HLS,AllPub,Inside,Mod,NAmes,PosA,Norm,1Fam,1Story,7,7,1960,2007,Flat,Tar&Grv,Wd Sdng,Wd Sdng,None,0.0,TA,TA,CBlock,Gd,TA,Gd,GLQ,425.0,Unf,0.0,160.0,585.0,GasA,Ex,Y,SBrkr,2069,0,0,1.0,0.0,2,0,4,1,Gd,9,Typ,1,Gd,Attchd,1960.0,RFn,2.0,505.0,TA,TA,Y,0,0,0,0,0,0,,,,0,11,2008,WD ,Normal
936,79900,747,30,RL,52.0,5825,Pave,,IR1,Lvl,AllPub,Inside,Gtl,BrkSide,Norm,Norm,1Fam,1Story,4,5,1926,1953,Gable,CompShg,MetalSd,MetalSd,BrkFace,108.0,TA,Gd,PConc,Fa,TA,Mn,Unf,0.0,Unf,0.0,600.0,600.0,GasA,Gd,Y,SBrkr,747,0,0,0.0,0.0,1,0,1,1,TA,5,Typ,0,,Detchd,1953.0,Unf,2.0,528.0,TA,TA,Y,0,0,32,0,0,0,,,,0,6,2006,WD ,Normal
937,184900,1200,20,RL,67.0,10083,Pave,,Reg,Lvl,AllPub,Inside,Gtl,SawyerW,Norm,Norm,1Fam,1Story,7,5,2003,2003,Gable,CompShg,VinylSd,VinylSd,,,Gd,TA,PConc,Gd,TA,No,GLQ,833.0,Unf,0.0,343.0,1176.0,GasA,Ex,Y,SBrkr,1200,0,0,1.0,0.0,2,0,2,1,Gd,5,Typ,0,,Attchd,2003.0,RFn,2.0,555.0,TA,TA,Y,0,41,0,0,0,0,,,,0,8,2009,WD ,Normal
938,253000,1971,60,RL,75.0,9675,Pave,,Reg,Lvl,AllPub,Inside,Gtl,Somerst,Norm,Norm,1Fam,2Story,7,5,2005,2005,Gable,CompShg,VinylSd,VinylSd,None,0.0,Gd,TA,PConc,Gd,TA,Mn,GLQ,341.0,Unf,0.0,772.0,1113.0,GasA,Ex,Y,SBrkr,1113,858,0,0.0,0.0,2,1,3,1,Gd,8,Typ,1,Gd,Attchd,2005.0,RFn,2.0,689.0,TA,TA,Y,0,48,0,0,0,0,,,,0,2,2009,WD ,Normal
939,239799,1962,60,RL,73.0,8760,Pave,,Reg,Lvl,AllPub,Inside,Gtl,CollgCr,Norm,Norm,1Fam,2Story,7,5,2006,2006,Gable,CompShg,VinylSd,VinylSd,None,0.0,Gd,TA,PConc,Gd,Gd,Mn,GLQ,464.0,Unf,0.0,927.0,1391.0,GasA,Ex,Y,SBrkr,1391,571,0,0.0,0.0,2,1,3,1,Gd,7,Typ,0,,Attchd,2006.0,RFn,3.0,868.0,TA,TA,Y,0,90,0,0,0,0,,,,0,8,2006,New,Partial
940,244400,2403,70,RL,,24090,Pave,,Reg,Lvl,AllPub,Inside,Gtl,ClearCr,Norm,Norm,1Fam,2Story,7,7,1940,1950,Gable,CompShg,MetalSd,MetalSd,None,0.0,TA,Gd,CBlock,TA,TA,Mn,Unf,0.0,Unf,0.0,1032.0,1032.0,GasA,Ex,Y,SBrkr,1207,1196,0,0.0,0.0,2,0,4,1,TA,10,Typ,2,TA,Attchd,1940.0,Unf,1.0,349.0,TA,TA,Y,56,0,318,0,0,0,,,,0,6,2010,COD,Normal
941,150900,1728,90,RL,55.0,12640,Pave,,IR1,Lvl,AllPub,Inside,Gtl,Mitchel,Norm,Norm,Duplex,1Story,6,5,1976,1976,Gable,CompShg,Plywood,Plywood,None,0.0,TA,TA,CBlock,TA,TA,Gd,Rec,936.0,LwQ,396.0,396.0,1728.0,GasA,TA,Y,SBrkr,1728,0,0,0.0,0.0,2,0,4,2,TA,8,Typ,0,,Attchd,1976.0,Unf,2.0,574.0,TA,TA,Y,40,0,0,0,0,0,,,,0,7,2006,WD ,Normal
942,214000,2060,60,RL,,8755,Pave,,IR1,Lvl,AllPub,FR2,Gtl,Gilbert,RRNn,Norm,1Fam,2Story,7,5,1999,1999,Gable,CompShg,VinylSd,VinylSd,BrkFace,298.0,Gd,TA,PConc,Gd,TA,No,ALQ,772.0,Unf,0.0,220.0,992.0,GasA,Ex,Y,SBrkr,1022,1038,0,1.0,0.0,2,1,3,1,Gd,8,Typ,1,TA,BuiltIn,1999.0,RFn,2.0,390.0,TA,TA,Y,0,0,0,168,0,0,,GdPrv,,0,6,2009,WD ,Normal
943,150000,1440,90,RL,42.0,7711,Pave,,IR1,Lvl,AllPub,Inside,Gtl,Edwards,Norm,Norm,Duplex,1Story,4,3,1977,1977,Gable,CompShg,MetalSd,MetalSd,None,0.0,TA,TA,PConc,Gd,TA,Gd,GLQ,1440.0,Unf,0.0,0.0,1440.0,GasA,TA,Y,SBrkr,1440,0,0,2.0,0.0,2,0,4,2,TA,8,Typ,0,,,,,0.0,0.0,,,N,321,0,0,0,0,0,,,,0,8,2007,Oth,Abnorml
944,143000,1632,90,RL,100.0,25000,Pave,,Reg,Low,AllPub,Inside,Gtl,Mitchel,Norm,Norm,Duplex,1Story,5,4,1967,1967,Gable,CompShg,HdBoard,Plywood,None,0.0,TA,TA,CBlock,TA,TA,Av,Unf,0.0,Unf,0.0,1632.0,1632.0,GasA,TA,Y,SBrkr,1632,0,0,0.0,0.0,2,0,4,2,TA,8,Typ,0,,Attchd,1967.0,Unf,2.0,576.0,TA,TA,P,0,0,0,0,0,0,,,,0,6,2007,WD ,Normal
945,137500,1344,20,RL,,14375,Pave,,IR1,Lvl,NoSeWa,CulDSac,Gtl,Timber,Norm,Norm,1Fam,SLvl,6,6,1958,1958,Gable,CompShg,HdBoard,HdBoard,BrkFace,541.0,TA,TA,CBlock,TA,TA,No,GLQ,111.0,Rec,354.0,354.0,819.0,GasA,Gd,Y,FuseA,1344,0,0,0.0,1.0,1,0,3,1,Gd,7,Typ,1,Gd,Basment,1958.0,RFn,2.0,525.0,TA,TA,Y,0,118,0,0,233,0,,,,0,1,2009,COD,Abnorml
946,124900,1869,50,RM,98.0,8820,Pave,,Reg,Lvl,AllPub,Corner,Gtl,OldTown,Norm,Norm,1Fam,1.5Fin,5,6,1890,1996,Hip,CompShg,VinylSd,VinylSd,None,0.0,TA,TA,BrkTil,TA,TA,No,LwQ,1088.0,Unf,0.0,0.0,1088.0,GasA,TA,Y,SBrkr,1188,561,120,0.0,0.0,1,0,2,1,TA,7,Typ,0,,Detchd,1963.0,Unf,2.0,456.0,TA,TA,Y,48,0,244,0,0,0,,MnWw,,0,9,2009,WD ,Normal
947,143000,1144,80,RL,70.0,8163,Pave,,Reg,Lvl,AllPub,Inside,Gtl,NAmes,Norm,Norm,1Fam,SLvl,5,6,1959,1959,Gable,CompShg,HdBoard,HdBoard,BrkFace,128.0,TA,Gd,CBlock,TA,TA,Av,ALQ,748.0,BLQ,294.0,102.0,1144.0,GasA,TA,Y,SBrkr,1144,0,0,1.0,0.0,1,0,3,1,TA,6,Typ,1,TA,Attchd,1959.0,RFn,1.0,796.0,TA,TA,Y,86,0,0,0,0,0,,,,0,3,2006,WD ,Normal
948,270000,1629,20,RL,85.0,14536,Pave,,Reg,Lvl,AllPub,Inside,Gtl,Timber,Norm,Norm,1Fam,1Story,8,5,2002,2003,Hip,CompShg,VinylSd,VinylSd,BrkFace,236.0,Gd,TA,PConc,Gd,TA,Av,GLQ,1300.0,Unf,0.0,316.0,1616.0,GasA,Ex,Y,SBrkr,1629,0,0,1.0,0.0,2,0,3,1,Gd,9,Typ,1,Gd,Attchd,2002.0,Fin,3.0,808.0,TA,TA,Y,0,252,0,0,0,0,,,,0,11,2007,WD ,Normal
949,192500,1776,60,RL,65.0,14006,Pave,,IR1,Lvl,AllPub,Inside,Gtl,CollgCr,Norm,Norm,1Fam,2Story,7,5,2002,2002,Gable,CompShg,VinylSd,VinylSd,BrkFace,144.0,Gd,TA,PConc,Gd,TA,,Unf,0.0,Unf,0.0,936.0,936.0,GasA,Ex,Y,SBrkr,936,840,0,0.0,0.0,2,1,3,1,Gd,7,Typ,1,TA,Attchd,2002.0,RFn,2.0,474.0,TA,TA,Y,144,96,0,0,0,0,,,,0,2,2006,WD ,Normal
950,197500,1381,20,RL,78.0,9360,Pave,,Reg,Lvl,AllPub,Inside,Gtl,NWAmes,Norm,Norm,1Fam,1Story,6,7,1972,2006,Hip,CompShg,Plywood,Plywood,None,0.0,TA,TA,CBlock,TA,TA,No,ALQ,982.0,Unf,0.0,179.0,1161.0,GasA,TA,Y,SBrkr,1381,0,0,1.0,0.0,1,1,3,1,Gd,5,Typ,1,TA,Attchd,1972.0,RFn,2.0,676.0,TA,TA,Y,0,0,0,0,0,0,,,,0,3,2010,WD ,Normal
951,129000,864,20,RL,60.0,7200,Pave,,Reg,Lvl,AllPub,Inside,Gtl,NAmes,Norm,Norm,1Fam,1Story,5,8,1950,2002,Gable,CompShg,VinylSd,VinylSd,None,0.0,TA,TA,CBlock,TA,TA,No,ALQ,398.0,BLQ,149.0,317.0,864.0,GasA,Gd,Y,SBrkr,864,0,0,1.0,0.0,1,0,3,1,Gd,5,Typ,0,,Detchd,1980.0,RFn,2.0,720.0,TA,TA,Y,194,0,0,0,0,0,,,,0,7,2007,WD ,Normal
952,119900,965,20,RH,60.0,7800,Pave,,Reg,Lvl,AllPub,Corner,Gtl,SawyerW,Norm,Norm,1Fam,1Story,5,5,1965,1965,Gable,CompShg,VinylSd,VinylSd,None,0.0,TA,TA,CBlock,TA,TA,No,BLQ,641.0,Unf,0.0,187.0,828.0,GasA,Gd,Y,SBrkr,965,0,0,1.0,0.0,1,0,3,1,TA,6,Typ,0,,Detchd,1979.0,Unf,1.0,300.0,TA,TA,Y,421,0,0,0,0,0,,MnPrv,,0,7,2006,WD ,Abnorml
953,133900,768,85,RL,60.0,7200,Pave,,Reg,Lvl,AllPub,Inside,Gtl,CollgCr,Norm,Norm,1Fam,SFoyer,5,8,1972,2003,Gable,CompShg,WdShing,HdBoard,None,0.0,TA,Gd,CBlock,Gd,TA,Av,GLQ,660.0,Unf,0.0,108.0,768.0,GasA,Gd,Y,SBrkr,768,0,0,0.0,1.0,1,0,2,1,TA,5,Typ,0,,Detchd,1974.0,Fin,1.0,396.0,TA,TA,Y,192,0,0,0,0,0,,MnPrv,,0,4,2009,WD ,Normal
954,172000,1968,60,RL,,11075,Pave,,IR1,Lvl,AllPub,Inside,Mod,Mitchel,Norm,Norm,1Fam,2Story,5,4,1969,1969,Gable,CompShg,HdBoard,HdBoard,BrkFace,232.0,TA,TA,CBlock,TA,TA,Av,ALQ,562.0,LwQ,193.0,29.0,784.0,GasA,Ex,Y,SBrkr,1168,800,0,0.0,1.0,2,1,4,1,TA,7,Min2,1,Po,Attchd,1969.0,RFn,2.0,530.0,TA,TA,Y,305,189,0,0,0,0,,MnPrv,Shed,400,9,2008,WD ,Normal
955,127500,980,90,RL,35.0,9400,Pave,,IR1,Lvl,AllPub,CulDSac,Gtl,Edwards,Norm,Norm,Duplex,SFoyer,6,5,1975,1975,Flat,Tar&Grv,WdShing,Plywood,BrkFace,250.0,TA,TA,CBlock,Gd,Gd,Gd,GLQ,945.0,Unf,0.0,0.0,945.0,GasA,TA,Y,SBrkr,980,0,0,0.0,2.0,2,0,4,0,TA,4,Typ,0,,,,,0.0,0.0,,,Y,0,0,0,0,0,0,,,,0,10,2006,WD ,AdjLand
956,145000,1958,90,RH,82.0,7136,Pave,,IR1,HLS,AllPub,Inside,Gtl,Crawfor,Norm,Norm,Duplex,2Story,6,6,1946,1950,Gable,CompShg,MetalSd,MetalSd,BrkFace,423.0,TA,TA,CBlock,Gd,TA,No,Rec,484.0,Unf,0.0,495.0,979.0,GasA,TA,N,FuseF,979,979,0,0.0,0.0,2,0,4,2,TA,8,Typ,0,,Attchd,1946.0,Unf,2.0,492.0,TA,TA,Y,0,0,0,0,0,0,,,,0,8,2007,WD ,Normal
957,124000,1229,160,RM,24.0,1300,Pave,,Reg,Lvl,AllPub,Inside,Gtl,Blueste,Norm,Norm,TwnhsE,2Story,6,6,1980,1980,Gable,CompShg,MetalSd,MetalSd,None,0.0,TA,TA,CBlock,Gd,TA,No,ALQ,285.0,Unf,0.0,276.0,561.0,GasA,TA,Y,SBrkr,561,668,0,0.0,0.0,1,1,2,1,TA,5,Typ,1,TA,Attchd,1980.0,Fin,2.0,462.0,TA,TA,Y,150,0,0,0,0,0,,GdPrv,,0,5,2009,WD ,Normal
958,132000,1057,20,RL,70.0,7420,Pave,,Reg,Lvl,AllPub,Inside,Gtl,Sawyer,Norm,Norm,1Fam,1Story,5,5,1962,1962,Hip,CompShg,MetalSd,MetalSd,None,0.0,TA,TA,CBlock,TA,TA,No,Rec,417.0,Unf,0.0,640.0,1057.0,GasA,TA,Y,SBrkr,1057,0,0,0.0,0.0,1,0,3,1,TA,6,Typ,0,,Detchd,1977.0,Fin,2.0,576.0,TA,TA,Y,0,0,0,0,0,0,,,,0,4,2007,WD ,Normal
959,185000,1337,20,RL,65.0,8450,Pave,,Reg,Lvl,AllPub,Inside,Gtl,CollgCr,Norm,Norm,1Fam,1Story,7,5,2003,2003,Gable,CompShg,VinylSd,VinylSd,None,0.0,Gd,TA,PConc,Gd,TA,Mn,GLQ,699.0,Unf,0.0,638.0,1337.0,GasA,Ex,Y,SBrkr,1337,0,0,1.0,0.0,2,0,3,1,Gd,6,Typ,0,,Attchd,2003.0,RFn,2.0,531.0,TA,TA,Y,0,39,0,0,0,0,,,,0,10,2007,WD ,Normal
960,155000,1416,160,FV,24.0,2572,Pave,,Reg,Lvl,AllPub,FR2,Gtl,Somerst,Norm,Norm,Twnhs,2Story,7,5,1999,1999,Hip,CompShg,MetalSd,MetalSd,None,0.0,Gd,TA,PConc,Gd,TA,No,ALQ,604.0,Unf,0.0,92.0,696.0,GasA,Ex,Y,SBrkr,696,720,0,1.0,0.0,2,1,3,1,Gd,6,Typ,0,,Detchd,1999.0,Unf,2.0,484.0,TA,TA,Y,0,44,0,0,0,0,,,,0,5,2010,WD ,Normal
961,116500,858,20,RL,50.0,7207,Pave,,IR1,Lvl,AllPub,Inside,Gtl,BrkSide,Norm,Norm,1Fam,1Story,5,7,1958,2008,Gable,CompShg,Wd Sdng,Plywood,None,0.0,TA,Gd,CBlock,TA,TA,Gd,BLQ,696.0,Unf,0.0,162.0,858.0,GasA,Gd,Y,SBrkr,858,0,0,1.0,0.0,1,0,2,1,TA,4,Typ,0,,,,,0.0,0.0,,,Y,117,0,0,0,0,0,,,,0,2,2010,WD ,Normal
962,272000,2872,60,RL,,12227,Pave,,IR1,Lvl,AllPub,Corner,Gtl,NWAmes,PosN,Norm,1Fam,2Story,6,7,1977,1995,Gable,CompShg,HdBoard,HdBoard,BrkFace,424.0,TA,Gd,CBlock,Gd,Gd,No,ALQ,896.0,Unf,0.0,434.0,1330.0,GasA,TA,Y,SBrkr,1542,1330,0,1.0,0.0,2,1,4,1,TA,11,Typ,1,TA,Attchd,1977.0,Fin,2.0,619.0,TA,TA,Y,550,282,0,0,0,0,,,,0,7,2008,WD ,Normal
963,155000,1548,160,RL,24.0,2308,Pave,,Reg,Lvl,AllPub,Corner,Gtl,NPkVill,Norm,Norm,TwnhsE,2Story,6,6,1976,1976,Gable,CompShg,Plywood,Brk Cmn,None,0.0,TA,TA,CBlock,Gd,TA,No,ALQ,556.0,Unf,0.0,248.0,804.0,GasA,TA,Y,SBrkr,804,744,0,1.0,0.0,2,1,3,1,Gd,7,Typ,1,TA,Detchd,1976.0,Unf,2.0,440.0,TA,TA,Y,48,0,0,0,0,0,,,,0,7,2007,WD ,Normal
964,239000,1800,20,RL,122.0,11923,Pave,,IR1,Lvl,AllPub,Corner,Gtl,CollgCr,Norm,Norm,1Fam,1Story,9,5,2007,2007,Gable,CompShg,VinylSd,VinylSd,None,0.0,Gd,TA,PConc,Ex,TA,No,Unf,0.0,Unf,0.0,1800.0,1800.0,GasA,Ex,Y,SBrkr,1800,0,0,0.0,0.0,2,0,2,1,Ex,7,Typ,0,,Attchd,2007.0,Fin,2.0,702.0,TA,TA,Y,288,136,0,0,0,0,,,,0,5,2009,WD ,Normal
965,214900,1894,60,RL,80.0,11316,Pave,,Reg,Lvl,AllPub,Corner,Gtl,Timber,Norm,Norm,1Fam,2Story,7,5,2002,2003,Gable,CompShg,VinylSd,VinylSd,BrkFace,44.0,Gd,TA,PConc,Gd,TA,No,GLQ,624.0,Unf,0.0,193.0,817.0,GasA,Ex,Y,SBrkr,824,1070,0,1.0,0.0,2,1,4,1,Gd,8,Typ,1,Gd,BuiltIn,2002.0,Fin,2.0,510.0,TA,TA,Y,0,40,0,0,0,0,,,,0,2,2010,WD ,Normal
966,178900,1484,60,RL,65.0,10237,Pave,,Reg,Lvl,AllPub,Inside,Gtl,Gilbert,RRAn,Norm,1Fam,2Story,6,5,2005,2007,Gable,CompShg,VinylSd,VinylSd,None,0.0,Gd,TA,PConc,Gd,TA,No,Unf,0.0,Unf,0.0,783.0,783.0,GasA,Ex,Y,SBrkr,783,701,0,0.0,0.0,2,1,3,1,Gd,8,Typ,1,Gd,Attchd,2005.0,Fin,2.0,393.0,TA,TA,Y,0,72,0,0,0,0,,,,0,7,2007,New,Partial
967,160000,1308,50,RL,130.0,9600,Pave,,IR1,HLS,AllPub,Inside,Gtl,Crawfor,Norm,Norm,1Fam,1.5Fin,5,7,1940,1950,Gable,CompShg,MetalSd,MetalSd,None,0.0,Gd,Gd,BrkTil,TA,Fa,No,Rec,428.0,Unf,0.0,300.0,728.0,GasA,Ex,Y,SBrkr,976,332,0,1.0,0.0,1,1,2,1,TA,7,Min2,2,TA,Detchd,1940.0,Unf,1.0,256.0,TA,TA,Y,0,70,0,0,0,0,,,,0,6,2009,WD ,Normal
968,135000,1098,20,RL,,7390,Pave,,IR1,Lvl,AllPub,Inside,Gtl,NAmes,Norm,Norm,1Fam,1Story,5,7,1955,1955,Hip,CompShg,Wd Sdng,Wd Sdng,BrkFace,151.0,TA,TA,CBlock,TA,TA,No,ALQ,902.0,Unf,0.0,196.0,1098.0,GasA,TA,Y,SBrkr,1098,0,0,1.0,0.0,1,0,3,1,TA,6,Typ,0,,Attchd,1955.0,Unf,1.0,260.0,TA,TA,Y,0,0,0,0,0,0,,,,0,7,2008,WD ,Normal
969,37900,968,50,RM,50.0,5925,Pave,,Reg,Lvl,AllPub,Inside,Gtl,OldTown,Norm,Norm,1Fam,1.5Fin,3,6,1910,1950,Gable,CompShg,VinylSd,VinylSd,None,0.0,TA,TA,BrkTil,TA,TA,No,Unf,0.0,Unf,0.0,600.0,600.0,Grav,Fa,N,SBrkr,600,368,0,0.0,0.0,1,0,2,1,TA,6,Typ,0,,,,,0.0,0.0,,,Y,0,0,0,0,0,0,,GdWo,,0,5,2009,WD ,Abnorml
970,140000,1095,190,RL,75.0,10382,Pave,,Reg,Lvl,AllPub,Inside,Gtl,NAmes,Norm,Norm,2fmCon,SLvl,6,5,1958,1958,Hip,CompShg,HdBoard,HdBoard,BrkFace,105.0,TA,Fa,CBlock,TA,TA,Gd,ALQ,513.0,Unf,0.0,75.0,588.0,GasA,TA,Y,SBrkr,1095,0,0,1.0,0.0,1,0,2,1,TA,6,Typ,0,,Attchd,1958.0,RFn,1.0,264.0,TA,TA,Y,0,0,0,0,0,0,,,,0,3,2006,ConLD,Normal
971,135000,1192,50,RL,60.0,10800,Pave,,Reg,Lvl,AllPub,Inside,Gtl,NAmes,Norm,Norm,1Fam,1.5Fin,4,4,1949,1950,Gable,CompShg,AsbShng,AsbShng,None,0.0,TA,TA,CBlock,TA,TA,No,Unf,0.0,Unf,0.0,720.0,720.0,GasA,TA,N,FuseA,720,472,0,0.0,0.0,1,1,4,1,TA,6,Typ,0,,,,,0.0,0.0,,,Y,0,0,0,0,0,0,,,,0,12,2006,WD ,Abnorml
972,173000,1626,160,RL,36.0,2268,Pave,,Reg,Lvl,AllPub,Inside,Gtl,NridgHt,Norm,Norm,Twnhs,2Story,7,5,2003,2004,Gable,CompShg,VinylSd,Wd Shng,Stone,106.0,Gd,TA,PConc,Gd,TA,No,GLQ,567.0,Unf,0.0,197.0,764.0,GasA,Ex,Y,SBrkr,764,862,0,0.0,0.0,2,0,2,1,Gd,6,Typ,0,,BuiltIn,2003.0,RFn,2.0,474.0,TA,TA,Y,0,27,0,0,0,0,,,,0,7,2009,WD ,Normal
973,99500,918,120,RL,55.0,7892,Pave,,Reg,Lvl,AllPub,Inside,Gtl,SawyerW,Norm,Norm,TwnhsE,1Story,6,5,1979,1979,Gable,CompShg,Plywood,Plywood,None,0.0,TA,TA,CBlock,Gd,TA,No,Unf,0.0,Unf,0.0,918.0,918.0,GasA,TA,Y,SBrkr,918,0,0,0.0,0.0,2,0,2,1,TA,5,Typ,1,TA,Attchd,1979.0,Unf,1.0,264.0,TA,TA,Y,28,0,0,0,0,0,,,,0,4,2010,WD ,Normal
974,182000,1428,20,FV,95.0,11639,Pave,,Reg,Lvl,AllPub,Corner,Gtl,Somerst,Norm,Norm,1Fam,1Story,7,5,2007,2008,Gable,CompShg,CemntBd,CmentBd,,,Gd,TA,PConc,Gd,TA,No,Unf,0.0,Unf,0.0,1428.0,1428.0,GasA,Ex,Y,SBrkr,1428,0,0,0.0,0.0,2,0,3,1,Gd,6,Typ,0,,Attchd,2007.0,Fin,2.0,480.0,TA,TA,Y,0,120,0,0,0,0,,,,0,12,2008,New,Partial
975,167500,2019,70,RL,60.0,11414,Pave,,IR1,Lvl,AllPub,Corner,Gtl,BrkSide,RRAn,Feedr,1Fam,2Story,7,8,1910,1993,Gable,CompShg,HdBoard,HdBoard,None,0.0,TA,Gd,BrkTil,Gd,TA,No,Unf,0.0,Unf,0.0,728.0,728.0,GasA,TA,N,SBrkr,1136,883,0,0.0,0.0,1,0,3,1,Gd,8,Typ,0,,Detchd,1997.0,Unf,2.0,532.0,TA,TA,Y,509,135,0,0,0,0,,GdPrv,,0,10,2009,WD ,Normal
976,165000,1382,160,FV,,2651,Pave,,Reg,Lvl,AllPub,FR2,Gtl,Somerst,Norm,Norm,Twnhs,2Story,7,5,2000,2000,Gable,CompShg,MetalSd,MetalSd,None,0.0,Gd,TA,PConc,Gd,TA,No,GLQ,641.0,Unf,0.0,32.0,673.0,GasA,Ex,Y,SBrkr,673,709,0,1.0,0.0,2,1,3,1,Gd,6,Typ,0,,Detchd,2000.0,Unf,2.0,490.0,TA,TA,Y,153,50,0,0,0,0,,,,0,4,2006,WD ,Normal
977,85500,869,30,RL,51.0,5900,Pave,,IR1,Bnk,AllPub,Inside,Gtl,BrkSide,Norm,Norm,1Fam,1Story,4,7,1923,1958,Gable,CompShg,Wd Sdng,Wd Sdng,None,0.0,TA,TA,PConc,Gd,TA,No,Unf,0.0,Unf,0.0,440.0,440.0,GasA,TA,Y,FuseA,869,0,0,0.0,0.0,1,0,2,1,Fa,4,Typ,0,,,,,0.0,0.0,,,Y,0,0,0,0,0,0,,,,0,8,2006,WD ,Normal
978,199900,1241,120,FV,35.0,4274,Pave,Pave,IR1,Lvl,AllPub,Inside,Gtl,Somerst,Norm,Norm,TwnhsE,1Story,7,5,2006,2007,Gable,CompShg,VinylSd,VinylSd,,,Gd,TA,PConc,Gd,TA,No,GLQ,1106.0,Unf,0.0,135.0,1241.0,GasA,Ex,Y,SBrkr,1241,0,0,1.0,0.0,1,1,1,1,Gd,4,Typ,0,,Attchd,2007.0,Fin,2.0,569.0,TA,TA,Y,0,116,0,0,0,0,,,,0,11,2007,New,Partial
979,110000,894,20,RL,68.0,9450,Pave,,Reg,Bnk,AllPub,Inside,Mod,Edwards,Norm,Norm,1Fam,1Story,4,5,1954,1954,Gable,CompShg,MetalSd,MetalSd,None,0.0,TA,TA,CBlock,TA,TA,No,LwQ,552.0,Unf,0.0,342.0,894.0,GasA,Ex,Y,SBrkr,894,0,0,0.0,0.0,1,0,3,1,TA,5,Typ,0,,Detchd,1999.0,Unf,2.0,400.0,TA,TA,Y,0,0,0,0,0,0,,,,0,5,2007,WD ,Abnorml
980,139000,1121,20,RL,80.0,8816,Pave,,Reg,Lvl,AllPub,Corner,Gtl,Sawyer,Feedr,Norm,1Fam,1Story,5,6,1963,1963,Gable,CompShg,VinylSd,VinylSd,None,0.0,TA,TA,PConc,TA,TA,No,Rec,651.0,Unf,0.0,470.0,1121.0,GasA,TA,Y,SBrkr,1121,0,0,1.0,0.0,1,0,3,1,TA,5,Typ,0,,Detchd,1963.0,Unf,2.0,480.0,TA,TA,Y,0,80,0,0,0,0,,MnPrv,,0,6,2009,WD ,Normal
981,178400,999,85,RL,,12122,Pave,,IR1,Lvl,AllPub,Corner,Gtl,NAmes,Norm,Norm,1Fam,SFoyer,7,9,1961,2007,Gable,CompShg,CemntBd,CmentBd,Stone,210.0,Ex,TA,CBlock,TA,TA,Av,ALQ,867.0,Unf,0.0,77.0,944.0,GasA,Gd,Y,SBrkr,999,0,0,1.0,0.0,1,0,3,1,Ex,6,Typ,0,,Attchd,1961.0,RFn,2.0,588.0,TA,TA,Y,144,76,0,0,0,0,,,,0,7,2008,WD ,Normal
982,336000,2612,60,RL,98.0,12203,Pave,,IR1,Lvl,AllPub,Corner,Gtl,NoRidge,Norm,Norm,1Fam,2Story,8,5,1998,1999,Hip,CompShg,VinylSd,VinylSd,BrkFace,975.0,Gd,TA,PConc,Gd,TA,No,GLQ,854.0,Unf,0.0,371.0,1225.0,GasA,Ex,Y,SBrkr,1276,1336,0,1.0,0.0,2,1,4,1,Gd,8,Typ,1,TA,Attchd,1998.0,Fin,3.0,676.0,TA,TA,Y,250,0,0,0,0,0,,,,0,7,2009,WD ,Normal
983,159895,1266,20,RL,43.0,3182,Pave,,Reg,Lvl,AllPub,Inside,Gtl,Blmngtn,Norm,Norm,1Fam,1Story,7,5,2007,2007,Gable,CompShg,VinylSd,VinylSd,BrkFace,16.0,Gd,TA,PConc,Gd,TA,Av,Unf,0.0,Unf,0.0,1266.0,1266.0,GasA,Ex,Y,SBrkr,1266,0,0,0.0,0.0,2,0,2,1,Gd,6,Typ,1,Gd,Attchd,2007.0,Fin,2.0,388.0,TA,TA,Y,100,16,0,0,0,0,,,,0,3,2008,WD ,Normal
984,255900,2290,60,RL,,11250,Pave,,Reg,Lvl,AllPub,Corner,Gtl,CollgCr,Norm,Norm,1Fam,2Story,8,5,2002,2002,Gable,CompShg,CemntBd,CmentBd,None,0.0,Gd,TA,PConc,Gd,TA,Mn,Unf,0.0,Unf,0.0,1128.0,1128.0,GasA,Ex,Y,SBrkr,1149,1141,0,0.0,0.0,2,1,4,1,Gd,9,Typ,1,Gd,Attchd,2002.0,Unf,2.0,779.0,TA,TA,Y,0,0,0,0,0,0,,,,0,5,2008,WD ,Normal
985,126000,1734,90,RL,75.0,10125,Pave,,Reg,Lvl,AllPub,Inside,Gtl,Mitchel,Norm,Norm,Duplex,1.5Fin,5,5,1977,1977,Gable,CompShg,Plywood,Plywood,None,0.0,TA,TA,CBlock,,,,,0.0,,0.0,0.0,0.0,GasA,TA,Y,SBrkr,1302,432,0,0.0,0.0,2,0,4,2,Gd,8,Typ,0,,Attchd,1977.0,Unf,2.0,539.0,TA,TA,Y,0,0,0,0,0,0,,,,0,8,2009,COD,Normal
986,125000,1164,190,RL,68.0,10880,Pave,,Reg,Lvl,AllPub,Inside,Gtl,Edwards,Norm,Norm,2fmCon,1Story,5,5,1950,1950,Gable,CompShg,MetalSd,MetalSd,None,0.0,TA,TA,CBlock,TA,TA,No,ALQ,1040.0,Unf,0.0,124.0,1164.0,GasW,TA,N,SBrkr,1164,0,0,1.0,0.0,1,0,3,1,TA,5,Typ,0,,Detchd,1950.0,Unf,1.0,240.0,TA,TA,Y,0,48,0,0,0,0,,,,0,8,2008,ConLD,Normal
987,117000,1635,50,RM,59.0,5310,Pave,,Reg,Lvl,AllPub,Corner,Gtl,OldTown,Feedr,Norm,1Fam,1.5Fin,6,8,1910,2003,Hip,CompShg,VinylSd,VinylSd,None,0.0,TA,Gd,CBlock,TA,Fa,No,Unf,0.0,Unf,0.0,485.0,485.0,GasA,Gd,Y,SBrkr,1001,634,0,0.0,0.0,1,0,2,1,Gd,5,Typ,0,,Attchd,1950.0,Unf,1.0,255.0,Fa,TA,Y,394,0,0,0,0,0,,,,0,6,2006,WD ,Normal
988,395192,1940,20,RL,83.0,10159,Pave,,IR1,Lvl,AllPub,Inside,Gtl,NridgHt,Norm,Norm,1Fam,1Story,9,5,2009,2010,Hip,CompShg,VinylSd,VinylSd,Stone,450.0,Ex,TA,PConc,Ex,TA,Av,GLQ,1646.0,Unf,0.0,284.0,1930.0,GasA,Ex,Y,SBrkr,1940,0,0,1.0,0.0,2,1,3,1,Ex,8,Typ,1,Gd,Attchd,2010.0,Fin,3.0,606.0,TA,TA,Y,168,95,0,0,0,0,,,,0,4,2010,New,Partial
989,195000,2030,60,RL,,12046,Pave,,IR1,Lvl,AllPub,Inside,Gtl,NWAmes,Norm,Norm,1Fam,2Story,6,6,1976,1976,Gable,CompShg,Plywood,Plywood,BrkFace,298.0,TA,TA,CBlock,TA,TA,No,LwQ,156.0,Unf,0.0,692.0,848.0,GasA,TA,Y,SBrkr,1118,912,0,0.0,0.0,2,1,4,1,Gd,8,Typ,1,TA,Attchd,1976.0,Fin,2.0,551.0,TA,TA,Y,0,224,0,0,0,0,,,,0,6,2007,WD ,Normal
990,197000,1576,60,FV,65.0,8125,Pave,,Reg,Lvl,AllPub,Inside,Gtl,Somerst,Norm,Norm,1Fam,2Story,7,5,2006,2006,Gable,CompShg,VinylSd,VinylSd,None,0.0,Gd,TA,PConc,Gd,Gd,No,Unf,0.0,Unf,0.0,770.0,770.0,GasA,Ex,Y,SBrkr,778,798,0,0.0,0.0,2,1,3,1,Gd,6,Typ,0,,Attchd,2006.0,RFn,2.0,614.0,TA,TA,Y,0,50,0,0,0,0,,,,0,8,2006,New,Partial
991,348000,2392,60,RL,82.0,9452,Pave,,Reg,Lvl,AllPub,Inside,Gtl,NoRidge,Norm,Norm,1Fam,2Story,8,5,1997,1998,Gable,CompShg,VinylSd,VinylSd,BrkFace,423.0,Gd,TA,PConc,Gd,TA,No,GLQ,1074.0,Unf,0.0,322.0,1396.0,GasA,Ex,Y,SBrkr,1407,985,0,1.0,0.0,2,1,3,1,Gd,7,Typ,1,TA,Attchd,1997.0,Fin,3.0,870.0,TA,TA,Y,0,70,0,0,0,0,,,,0,6,2006,WD ,Normal
992,168000,1742,70,RM,121.0,17671,Pave,Grvl,Reg,Lvl,AllPub,Corner,Gtl,OldTown,Artery,Norm,1Fam,2Story,8,9,1882,1986,Gable,CompShg,Wd Sdng,Wd Sdng,None,0.0,Gd,Gd,BrkTil,TA,TA,No,BLQ,216.0,Unf,0.0,700.0,916.0,GasA,Gd,Y,SBrkr,916,826,0,0.0,0.0,1,1,4,1,Gd,8,Typ,1,Gd,Attchd,1925.0,Unf,2.0,424.0,TA,TA,P,0,169,0,0,0,0,,,,0,11,2009,WD ,Normal
993,187000,1851,60,RL,80.0,9760,Pave,,Reg,Lvl,AllPub,Inside,Mod,NAmes,Norm,Norm,1Fam,2Story,6,8,1964,1993,Hip,CompShg,Wd Sdng,Wd Sdng,BrkFace,340.0,TA,TA,CBlock,TA,TA,Gd,BLQ,536.0,Rec,117.0,169.0,822.0,GasA,Gd,Y,SBrkr,1020,831,0,0.0,0.0,2,1,3,1,Gd,7,Typ,1,Fa,Attchd,1964.0,RFn,2.0,440.0,TA,TA,Y,239,42,0,0,0,0,,MnWw,,0,7,2007,WD ,Normal
994,173900,1500,60,RL,68.0,8846,Pave,,Reg,Lvl,AllPub,Inside,Gtl,CollgCr,Norm,Norm,1Fam,2Story,6,5,2005,2006,Gable,CompShg,VinylSd,VinylSd,None,0.0,TA,TA,PConc,Gd,TA,No,Unf,0.0,Unf,0.0,750.0,750.0,GasA,Ex,Y,SBrkr,750,750,0,0.0,0.0,2,1,3,1,Gd,6,Typ,0,,Attchd,2005.0,RFn,2.0,564.0,TA,TA,Y,0,35,0,0,0,0,,,,0,8,2006,New,Partial
995,337500,1718,20,RL,96.0,12456,Pave,,Reg,Lvl,AllPub,FR2,Gtl,NridgHt,Norm,Norm,1Fam,1Story,10,5,2006,2007,Hip,CompShg,CemntBd,CmentBd,Stone,230.0,Ex,TA,PConc,Ex,TA,Gd,GLQ,1172.0,Unf,0.0,528.0,1700.0,GasA,Ex,Y,SBrkr,1718,0,0,1.0,0.0,2,0,3,1,Ex,7,Typ,1,Gd,Attchd,2008.0,Fin,3.0,786.0,TA,TA,Y,216,48,0,0,0,0,,,,0,7,2009,WD ,Normal
996,121600,1230,50,RL,51.0,4712,Pave,,IR1,Lvl,AllPub,Inside,Mod,BrkSide,Feedr,Norm,1Fam,1.5Fin,4,7,1946,1950,Gable,CompShg,MetalSd,MetalSd,None,0.0,TA,TA,CBlock,TA,TA,No,ALQ,384.0,Unf,0.0,363.0,747.0,GasA,TA,Y,SBrkr,774,456,0,1.0,0.0,1,1,3,1,TA,5,Typ,0,,Detchd,1946.0,Unf,1.0,305.0,TA,TA,Y,0,57,0,0,63,0,,MnPrv,,0,8,2006,WD ,Abnorml
997,136500,1050,20,RL,,10659,Pave,,IR1,Lvl,AllPub,Inside,Gtl,NAmes,Norm,Norm,1Fam,1Story,5,6,1961,1961,Hip,CompShg,Wd Sdng,Wd Sdng,None,0.0,TA,TA,CBlock,TA,TA,No,Rec,915.0,Unf,0.0,135.0,1050.0,GasA,TA,Y,SBrkr,1050,0,0,1.0,0.0,1,0,3,1,TA,6,Typ,0,,Attchd,1961.0,Unf,1.0,368.0,TA,TA,Y,0,319,0,0,0,0,,,,0,1,2006,COD,Normal
998,185000,1442,20,RL,,11717,Pave,,IR1,Lvl,AllPub,Inside,Gtl,NWAmes,PosA,Norm,1Fam,1Story,6,6,1970,1970,Hip,CompShg,HdBoard,HdBoard,BrkFace,571.0,TA,TA,CBlock,TA,TA,No,Unf,0.0,Unf,0.0,1442.0,1442.0,GasA,TA,Y,SBrkr,1442,0,0,0.0,0.0,2,0,2,1,TA,6,Typ,1,TA,Attchd,1970.0,RFn,2.0,615.0,TA,TA,Y,371,0,0,0,0,0,,,,0,2,2009,WD ,Normal
999,91000,1077,30,RM,60.0,9786,Pave,,Reg,Lvl,AllPub,Inside,Gtl,IDOTRR,Norm,Norm,1Fam,1Story,3,4,1922,1950,Hip,CompShg,Wd Sdng,Wd Sdng,None,0.0,TA,TA,BrkTil,TA,Fa,No,Unf,0.0,Unf,0.0,1007.0,1007.0,GasA,Fa,N,SBrkr,1077,0,0,0.0,0.0,1,0,3,1,TA,6,Typ,1,Gd,Detchd,1922.0,Unf,1.0,210.0,TA,Fa,P,0,100,48,0,0,0,,,,0,5,2006,WD ,Normal
1000,206000,1208,20,RL,64.0,6762,Pave,,Reg,Lvl,AllPub,Inside,Gtl,CollgCr,Norm,Norm,1Fam,1Story,7,5,2006,2006,Gable,CompShg,VinylSd,VinylSd,Stone,24.0,Gd,TA,PConc,Gd,TA,Av,GLQ,686.0,Unf,0.0,501.0,1187.0,GasA,Ex,Y,SBrkr,1208,0,0,1.0,0.0,2,0,2,1,Gd,6,Typ,0,,Attchd,2006.0,RFn,2.0,632.0,TA,TA,Y,105,61,0,0,0,0,,,,0,2,2010,WD ,Normal
1001,82000,944,20,RL,74.0,10206,Pave,,Reg,Lvl,AllPub,Corner,Gtl,Edwards,Norm,Norm,1Fam,1Story,3,3,1952,1952,Flat,Tar&Grv,BrkComm,Brk Cmn,None,0.0,TA,TA,Slab,,,,,0.0,,0.0,0.0,0.0,GasW,Fa,N,FuseF,944,0,0,0.0,0.0,1,0,2,1,Fa,4,Min1,0,,Detchd,1956.0,Unf,2.0,528.0,TA,Fa,Y,0,0,0,0,0,0,,,,0,7,2009,WD ,Normal
1002,86000,691,30,RL,60.0,5400,Pave,,Reg,Lvl,AllPub,Corner,Gtl,OldTown,Norm,Norm,1Fam,1Story,5,6,1920,1950,Gable,CompShg,Wd Sdng,Wd Sdng,None,0.0,TA,TA,BrkTil,Fa,TA,No,Unf,0.0,Unf,0.0,691.0,691.0,GasA,Ex,Y,FuseA,691,0,0,0.0,0.0,1,0,2,1,Ex,4,Typ,0,,Detchd,1920.0,Unf,1.0,216.0,Fa,TA,N,0,20,94,0,0,0,,,,0,1,2007,WD ,Abnorml
1003,232000,1574,20,RL,75.0,11957,Pave,,IR1,Lvl,AllPub,Inside,Gtl,Somerst,RRAn,Norm,1Fam,1Story,8,5,2006,2006,Gable,CompShg,VinylSd,VinylSd,BrkFace,53.0,Gd,TA,PConc,Gd,TA,No,GLQ,24.0,Unf,0.0,1550.0,1574.0,GasA,Ex,Y,SBrkr,1574,0,0,0.0,0.0,2,0,3,1,Gd,7,Typ,1,Gd,Attchd,2006.0,RFn,3.0,824.0,TA,TA,Y,144,104,0,0,0,0,,,,0,7,2008,WD ,Normal
1004,136905,1680,90,RL,,11500,Pave,,IR1,Lvl,AllPub,Corner,Gtl,NWAmes,Feedr,RRAn,Duplex,1Story,5,6,1976,1976,Gable,CompShg,VinylSd,VinylSd,BrkFace,164.0,TA,TA,CBlock,TA,TA,No,Unf,0.0,Unf,0.0,1680.0,1680.0,GasA,Fa,Y,SBrkr,1680,0,0,0.0,0.0,2,0,4,2,TA,8,Typ,0,,Detchd,1976.0,Unf,2.0,528.0,TA,TA,Y,0,0,0,0,0,0,,,,0,6,2007,WD ,Normal
1005,181000,1504,120,RL,43.0,3182,Pave,,Reg,Lvl,AllPub,Inside,Gtl,Blmngtn,Norm,Norm,TwnhsE,1Story,7,5,2005,2006,Gable,CompShg,VinylSd,VinylSd,BrkFace,16.0,Gd,TA,PConc,Gd,TA,No,GLQ,16.0,Unf,0.0,1330.0,1346.0,GasA,Ex,Y,SBrkr,1504,0,0,0.0,0.0,2,0,1,1,Gd,7,Typ,1,Gd,Attchd,2005.0,Fin,2.0,457.0,TA,TA,Y,156,0,0,0,0,0,,,,0,5,2009,WD ,Normal
1006,149900,985,80,RL,65.0,8385,Pave,,Reg,Lvl,AllPub,Inside,Gtl,CollgCr,Norm,Norm,1Fam,SLvl,5,8,1977,1977,Gable,CompShg,HdBoard,HdBoard,BrkFace,220.0,Gd,TA,CBlock,Gd,Gd,Av,GLQ,595.0,Unf,0.0,390.0,985.0,GasA,TA,Y,SBrkr,985,0,0,0.0,0.0,2,0,3,1,TA,6,Typ,0,,Attchd,1977.0,Unf,1.0,328.0,TA,TA,Y,210,0,0,0,0,0,,,,0,11,2008,WD ,Normal
1007,163500,1657,20,RL,,12155,Pave,,IR3,Lvl,AllPub,Inside,Gtl,NAmes,PosN,Norm,1Fam,1Story,6,3,1970,1970,Gable,CompShg,Plywood,Plywood,None,0.0,TA,TA,CBlock,Gd,TA,No,LwQ,1237.0,Unf,0.0,420.0,1657.0,GasA,Gd,Y,SBrkr,1657,0,0,0.0,1.0,2,0,3,1,TA,7,Typ,1,TA,Attchd,1970.0,Unf,2.0,484.0,TA,TA,Y,0,0,0,0,147,0,,,,0,3,2007,WD ,Normal
1008,88000,1092,160,RM,21.0,2217,Pave,,Reg,Lvl,AllPub,Inside,Gtl,MeadowV,Norm,Norm,TwnhsE,2Story,4,4,1970,1970,Gable,CompShg,CemntBd,CmentBd,None,0.0,TA,TA,CBlock,TA,TA,No,BLQ,273.0,LwQ,273.0,0.0,546.0,GasA,TA,Y,SBrkr,546,546,0,0.0,0.0,1,1,3,1,TA,6,Typ,0,,Attchd,1970.0,RFn,1.0,286.0,TA,TA,Y,238,0,0,0,0,0,,,,0,8,2009,WD ,Normal
1009,240000,1710,20,RL,43.0,12118,Pave,,IR1,Lvl,AllPub,CulDSac,Gtl,Mitchel,Norm,Norm,1Fam,1Story,7,5,2004,2005,Hip,CompShg,VinylSd,VinylSd,Stone,108.0,Gd,TA,PConc,Ex,TA,Mn,Unf,0.0,Unf,0.0,1710.0,1710.0,GasA,Ex,Y,SBrkr,1710,0,0,0.0,0.0,2,0,3,1,Gd,7,Typ,1,Gd,Attchd,2004.0,Fin,2.0,550.0,TA,TA,Y,100,48,0,0,180,0,,,,0,4,2009,WD ,Normal
1010,102000,1522,50,RL,60.0,6000,Pave,,Reg,Lvl,AllPub,Inside,Gtl,SWISU,Norm,Norm,1Fam,1.5Fin,5,5,1926,1950,Gable,CompShg,Wd Sdng,Wd Sdng,None,0.0,TA,Fa,BrkTil,TA,TA,No,Unf,0.0,Unf,0.0,1008.0,1008.0,GasA,Ex,Y,SBrkr,1008,0,514,0.0,0.0,2,0,4,1,TA,7,Typ,0,,,,,0.0,0.0,,,P,0,0,138,0,0,0,,,,0,6,2006,WD ,Normal
1011,135000,1271,50,RL,115.0,21286,Pave,,Reg,Lvl,AllPub,Inside,Gtl,Sawyer,Norm,Norm,1Fam,1.5Fin,5,5,1948,1950,Gable,CompShg,Wd Sdng,Wd Sdng,None,0.0,TA,TA,CBlock,TA,TA,No,Unf,0.0,Unf,0.0,720.0,720.0,GasA,TA,Y,SBrkr,720,551,0,0.0,0.0,2,0,4,1,TA,7,Typ,1,Gd,Attchd,1948.0,Unf,1.0,312.0,TA,TA,Y,0,0,108,0,0,0,,,,0,8,2008,WD ,Normal
1012,100000,1664,90,RL,75.0,9825,Pave,,Reg,Lvl,AllPub,Inside,Gtl,Edwards,Norm,Norm,Duplex,1Story,5,5,1965,1965,Hip,CompShg,AsphShn,AsphShn,None,0.0,TA,TA,CBlock,,,,,0.0,,0.0,0.0,0.0,GasA,TA,N,SBrkr,1664,0,0,0.0,0.0,2,0,4,2,TA,8,Typ,0,,,,,0.0,0.0,,,Y,0,0,0,0,0,0,,,,0,5,2010,WD ,Normal
1013,165000,1502,70,RL,55.0,10592,Pave,,Reg,Lvl,AllPub,Inside,Gtl,Crawfor,Norm,Norm,1Fam,2Story,6,7,1923,1996,Hip,CompShg,Wd Sdng,Wd Sdng,None,0.0,TA,Gd,PConc,TA,Fa,No,Unf,0.0,Unf,0.0,602.0,602.0,GasA,TA,Y,SBrkr,900,602,0,0.0,0.0,1,1,3,1,Gd,7,Typ,2,TA,Detchd,1923.0,Unf,1.0,180.0,TA,TA,Y,96,0,112,0,53,0,,,,0,8,2007,WD ,Normal
1014,85000,1022,30,RM,60.0,7200,Pave,,Reg,Lvl,AllPub,Inside,Gtl,OldTown,Norm,Norm,1Fam,1Story,5,4,1910,2006,Hip,CompShg,MetalSd,Stucco,None,0.0,TA,TA,BrkTil,TA,TA,No,ALQ,247.0,Rec,465.0,310.0,1022.0,GasW,TA,N,SBrkr,1022,0,0,1.0,0.0,1,0,2,1,TA,4,Maj2,0,,Detchd,1956.0,Unf,1.0,280.0,TA,TA,Y,0,30,226,0,0,0,,,,0,6,2009,WD ,Normal
1015,119200,1082,20,RL,60.0,11664,Pave,,Reg,Lvl,AllPub,Inside,Gtl,NAmes,Artery,Norm,1Fam,1Story,6,5,1948,1950,Gable,CompShg,MetalSd,MetalSd,BrkFace,206.0,TA,TA,CBlock,TA,Fa,No,BLQ,336.0,Unf,0.0,746.0,1082.0,GasA,TA,Y,SBrkr,1082,0,0,0.0,0.0,1,0,2,1,TA,5,Typ,1,Gd,Detchd,1948.0,Unf,1.0,240.0,TA,TA,Y,0,130,0,0,0,0,,,,0,11,2007,WD ,Normal
1016,227000,1665,60,RL,70.0,8400,Pave,,Reg,Lvl,AllPub,Inside,Gtl,NWAmes,Norm,Norm,1Fam,2Story,8,6,2001,2001,Gable,CompShg,VinylSd,VinylSd,None,0.0,Gd,TA,PConc,Gd,TA,No,GLQ,643.0,Unf,0.0,167.0,810.0,GasA,Ex,Y,SBrkr,810,855,0,1.0,0.0,2,1,3,1,Gd,6,Typ,0,,Attchd,2001.0,Fin,2.0,528.0,TA,TA,Y,0,45,0,0,0,0,,,,0,11,2009,WD ,Normal
1017,203000,1504,20,RL,73.0,11883,Pave,,Reg,Lvl,AllPub,Inside,Gtl,CollgCr,Norm,Norm,1Fam,1Story,7,5,1996,1996,Hip,CompShg,VinylSd,VinylSd,BrkFace,196.0,Gd,TA,PConc,Gd,TA,Gd,GLQ,690.0,Unf,0.0,814.0,1504.0,GasA,Ex,Y,SBrkr,1504,0,0,1.0,0.0,2,0,3,1,Gd,6,Typ,1,TA,Attchd,1996.0,Fin,2.0,478.0,TA,TA,Y,115,66,0,0,0,0,,,,0,6,2009,WD ,Normal
1018,187500,1360,120,RL,,5814,Pave,,IR1,Lvl,AllPub,CulDSac,Gtl,StoneBr,Norm,Norm,TwnhsE,1Story,8,5,1984,1984,Gable,CompShg,HdBoard,HdBoard,None,0.0,Gd,TA,CBlock,Gd,TA,Av,GLQ,1036.0,Unf,0.0,184.0,1220.0,GasA,Gd,Y,SBrkr,1360,0,0,1.0,0.0,1,0,1,1,Gd,4,Typ,1,Ex,Attchd,1984.0,RFn,2.0,565.0,TA,TA,Y,63,0,0,0,0,0,,,,0,8,2009,COD,Abnorml
1019,160000,1472,80,RL,,10784,Pave,,IR1,Lvl,AllPub,FR2,Gtl,Gilbert,Norm,Norm,1Fam,SLvl,7,5,1991,1992,Gable,CompShg,HdBoard,HdBoard,BrkFace,76.0,Gd,TA,PConc,Gd,TA,No,Unf,0.0,Unf,0.0,384.0,384.0,GasA,Gd,Y,SBrkr,802,670,0,0.0,0.0,2,1,3,1,Gd,7,Typ,1,TA,Attchd,1991.0,RFn,2.0,402.0,TA,TA,Y,164,0,0,0,0,0,,,,0,5,2007,WD ,Normal
1020,213490,1506,120,RL,43.0,3013,Pave,,Reg,Lvl,AllPub,Inside,Gtl,Blmngtn,Norm,Norm,TwnhsE,1Story,7,5,2005,2005,Gable,CompShg,VinylSd,VinylSd,BrkFace,145.0,Gd,TA,PConc,Gd,TA,Gd,GLQ,16.0,Unf,0.0,1346.0,1362.0,GasA,Ex,Y,SBrkr,1506,0,0,0.0,0.0,2,0,2,1,Gd,6,Typ,1,Gd,Attchd,2005.0,Fin,2.0,440.0,TA,TA,Y,142,20,0,0,0,0,,,,0,4,2006,WD ,Normal
1021,176000,1132,20,RL,60.0,7024,Pave,,Reg,Lvl,AllPub,Inside,Gtl,Edwards,Norm,Norm,1Fam,1Story,4,5,2005,2005,Gable,CompShg,VinylSd,VinylSd,None,0.0,TA,TA,PConc,Gd,TA,No,GLQ,1024.0,Unf,0.0,108.0,1132.0,GasA,Ex,Y,SBrkr,1132,0,0,1.0,0.0,1,1,2,1,Gd,5,Typ,0,,Attchd,2005.0,Fin,2.0,451.0,TA,TA,Y,252,64,0,0,0,0,,,,0,6,2008,WD ,Normal
1022,194000,1220,20,RL,64.0,7406,Pave,,Reg,Lvl,AllPub,Inside,Gtl,CollgCr,Norm,Norm,1Fam,1Story,7,5,2006,2006,Gable,CompShg,VinylSd,VinylSd,Stone,84.0,Gd,TA,PConc,Gd,TA,Av,GLQ,684.0,Unf,0.0,515.0,1199.0,GasA,Ex,Y,SBrkr,1220,0,0,1.0,0.0,2,0,2,1,Gd,6,Typ,0,,Attchd,2006.0,RFn,2.0,632.0,TA,TA,Y,105,54,0,0,0,0,,,,0,7,2006,New,Partial
1023,87000,1248,50,RM,52.0,9439,Pave,,Reg,Lvl,AllPub,Inside,Gtl,OldTown,Norm,Norm,1Fam,1.5Fin,5,5,1930,1950,Gable,CompShg,Wd Sdng,Wd Sdng,None,0.0,TA,TA,CBlock,TA,TA,No,LwQ,324.0,Unf,0.0,588.0,912.0,GasA,Gd,Y,FuseA,912,336,0,0.0,0.0,1,0,2,1,TA,6,Typ,0,,Detchd,1957.0,Unf,1.0,160.0,Fa,Fa,Y,0,0,192,0,0,0,,,,0,3,2007,WD ,Normal
1024,191000,1504,120,RL,43.0,3182,Pave,,Reg,Lvl,AllPub,Inside,Gtl,Blmngtn,Norm,Norm,TwnhsE,1Story,7,5,2005,2006,Gable,CompShg,VinylSd,VinylSd,BrkFace,14.0,Gd,TA,PConc,Gd,Gd,No,GLQ,16.0,Unf,0.0,1330.0,1346.0,GasA,Ex,Y,SBrkr,1504,0,0,0.0,0.0,2,0,2,1,Gd,7,Typ,1,Gd,Attchd,2005.0,Fin,2.0,437.0,TA,TA,Y,156,20,0,0,0,0,,,,0,5,2008,WD ,Normal
1025,287000,2898,20,RL,,15498,Pave,,IR1,Lvl,AllPub,Corner,Gtl,Timber,Norm,Norm,1Fam,1Story,8,6,1976,1976,Hip,WdShake,Stone,HdBoard,None,0.0,Gd,TA,CBlock,Gd,TA,Av,ALQ,1165.0,LwQ,400.0,0.0,1565.0,GasA,TA,Y,SBrkr,2898,0,0,1.0,0.0,2,0,2,1,Gd,10,Typ,1,Gd,Attchd,1976.0,Fin,2.0,665.0,TA,TA,Y,0,72,174,0,0,0,,,,0,5,2008,COD,Abnorml
1026,112500,882,20,RL,70.0,7700,Pave,,Reg,Lvl,AllPub,Corner,Gtl,CollgCr,Norm,Norm,1Fam,1Story,5,5,1972,1972,Gable,CompShg,VinylSd,VinylSd,None,0.0,TA,TA,CBlock,TA,TA,No,LwQ,138.0,Rec,468.0,276.0,882.0,GasA,TA,Y,SBrkr,882,0,0,1.0,0.0,1,0,3,1,TA,5,Typ,0,,Detchd,1980.0,Unf,2.0,461.0,TA,TA,Y,96,0,0,0,0,0,,MnPrv,,0,3,2007,WD ,Normal
1027,167500,1264,20,RL,73.0,9300,Pave,,Reg,Lvl,AllPub,Inside,Gtl,NAmes,Feedr,Norm,1Fam,1Story,5,5,1960,1960,Gable,CompShg,MetalSd,HdBoard,BrkFace,324.0,TA,TA,CBlock,TA,TA,No,Rec,697.0,Unf,0.0,571.0,1268.0,GasA,TA,Y,SBrkr,1264,0,0,1.0,0.0,1,0,3,1,TA,6,Typ,2,Gd,Attchd,1960.0,Unf,2.0,461.0,TA,TA,Y,0,0,0,0,143,0,,,,0,4,2010,WD ,Normal
1028,293077,1646,20,RL,71.0,9520,Pave,,IR1,HLS,AllPub,Inside,Gtl,Timber,Norm,Norm,1Fam,1Story,8,5,2007,2008,Gable,CompShg,VinylSd,VinylSd,Stone,338.0,Gd,TA,PConc,Gd,TA,Gd,GLQ,1513.0,Unf,0.0,125.0,1638.0,GasA,Ex,Y,SBrkr,1646,0,0,1.0,0.0,2,0,3,1,Gd,7,Typ,1,Gd,Attchd,2008.0,RFn,3.0,800.0,TA,TA,Y,192,44,0,0,0,0,,,,0,4,2008,New,Partial
1029,105000,1376,50,RL,79.0,9492,Pave,,Reg,Lvl,AllPub,Inside,Gtl,NAmes,Artery,Norm,1Fam,1.5Fin,5,5,1941,1950,Gable,CompShg,WdShing,Wd Shng,None,0.0,TA,TA,CBlock,TA,TA,No,Rec,368.0,BLQ,41.0,359.0,768.0,GasA,TA,Y,SBrkr,968,408,0,1.0,0.0,1,0,3,1,TA,6,Typ,1,Gd,Attchd,1941.0,Unf,1.0,240.0,TA,TA,Y,0,0,0,0,0,0,,,,0,4,2007,WD ,Normal
1030,118000,1218,160,RM,21.0,1680,Pave,,Reg,Lvl,AllPub,Inside,Gtl,BrDale,Norm,Norm,Twnhs,2Story,6,7,1972,1972,Gable,CompShg,HdBoard,HdBoard,BrkFace,281.0,TA,TA,CBlock,TA,TA,No,BLQ,317.0,Unf,0.0,355.0,672.0,GasA,Gd,Y,SBrkr,672,546,0,0.0,1.0,1,1,3,1,TA,7,Typ,0,,Detchd,1972.0,Unf,1.0,264.0,TA,TA,Y,0,28,0,0,0,0,,,,0,5,2006,WD ,Normal
1031,160000,1928,190,RH,,7082,Pave,,Reg,Lvl,AllPub,Inside,Gtl,SWISU,Norm,Norm,2fmCon,2Story,5,8,1916,1995,Gable,CompShg,VinylSd,VinylSd,None,0.0,TA,TA,PConc,TA,TA,Mn,Unf,0.0,Unf,0.0,686.0,686.0,GasA,Gd,Y,SBrkr,948,980,0,0.0,0.0,2,0,5,2,TA,10,Typ,0,,,,,0.0,0.0,,,N,0,0,228,0,0,0,,,,0,7,2006,WD ,Normal
1032,197000,3082,75,RL,102.0,15863,Pave,,Reg,Lvl,AllPub,Corner,Gtl,SWISU,Norm,Norm,1Fam,2.5Fin,7,3,1920,1970,Gable,CompShg,Wd Sdng,Plywood,None,0.0,TA,TA,BrkTil,TA,TA,No,GLQ,523.0,Unf,0.0,301.0,824.0,GasA,Ex,Y,SBrkr,1687,998,397,1.0,0.0,2,1,5,1,TA,12,Typ,2,TA,Basment,1970.0,Fin,2.0,672.0,TA,TA,Y,136,63,0,0,0,0,,,,0,8,2009,WD ,Normal
1033,310000,2520,60,RL,,14541,Pave,,IR1,Lvl,AllPub,Corner,Gtl,NoRidge,Norm,Norm,1Fam,2Story,8,7,1993,1993,Gable,CompShg,MetalSd,MetalSd,None,0.0,Gd,Gd,PConc,Gd,Gd,No,GLQ,1012.0,Unf,0.0,326.0,1338.0,GasA,Ex,Y,SBrkr,1352,1168,0,1.0,0.0,2,1,5,1,Gd,10,Typ,1,TA,Attchd,1993.0,RFn,3.0,796.0,TA,TA,Y,209,55,0,0,0,0,,,,0,11,2006,WD ,Abnorml
1034,230000,1654,20,RL,,8125,Pave,,Reg,Lvl,AllPub,Inside,Gtl,CollgCr,Norm,Norm,1Fam,1Story,7,5,2002,2002,Gable,CompShg,VinylSd,VinylSd,Stone,295.0,Gd,TA,PConc,Gd,TA,No,GLQ,986.0,Unf,0.0,668.0,1654.0,GasA,Ex,Y,SBrkr,1654,0,0,1.0,0.0,2,0,3,1,Gd,6,Typ,0,,Attchd,2002.0,Unf,3.0,900.0,TA,TA,Y,0,136,0,0,0,0,,,,0,2,2006,WD ,Normal
1035,119750,954,30,RL,50.0,6305,Pave,,Reg,Bnk,AllPub,Inside,Gtl,Crawfor,Norm,Norm,1Fam,1Story,5,7,1938,1950,Gable,CompShg,MetalSd,MetalSd,None,0.0,TA,Gd,PConc,Fa,Fa,No,Unf,0.0,Unf,0.0,920.0,920.0,GasA,Ex,Y,SBrkr,954,0,0,0.0,0.0,1,0,2,1,Fa,5,Typ,1,Gd,Basment,1938.0,Unf,1.0,240.0,Fa,TA,Y,0,0,0,0,0,0,,MnPrv,,0,6,2007,WD ,Normal
1036,84000,845,20,RL,,11500,Pave,,IR1,Lvl,AllPub,CulDSac,Gtl,Edwards,Norm,Norm,1Fam,1Story,4,3,1957,1957,Gable,CompShg,Wd Sdng,Wd Sdng,None,0.0,TA,Gd,Slab,,,,,0.0,,0.0,0.0,0.0,GasA,Ex,N,SBrkr,845,0,0,0.0,0.0,1,0,3,1,TA,5,Typ,0,,Detchd,1957.0,Unf,1.0,290.0,TA,TA,N,186,0,0,0,0,0,,,,0,1,2009,WD ,Normal
1037,315500,1620,20,RL,89.0,12898,Pave,,IR1,HLS,AllPub,Inside,Gtl,Timber,Norm,Norm,1Fam,1Story,9,5,2007,2008,Hip,CompShg,VinylSd,VinylSd,Stone,70.0,Gd,TA,PConc,Ex,TA,Gd,GLQ,1022.0,Unf,0.0,598.0,1620.0,GasA,Ex,Y,SBrkr,1620,0,0,1.0,0.0,2,0,2,1,Ex,6,Typ,1,Ex,Attchd,2008.0,Fin,3.0,912.0,TA,TA,Y,228,0,0,0,0,0,,,,0,9,2009,WD ,Normal
1038,287000,2263,60,RL,,9240,Pave,,Reg,Lvl,AllPub,Inside,Gtl,CollgCr,Norm,Norm,1Fam,2Story,8,5,2001,2002,Gable,CompShg,VinylSd,VinylSd,BrkFace,396.0,Gd,TA,PConc,Gd,TA,No,Unf,0.0,Unf,0.0,1055.0,1055.0,GasA,Ex,Y,SBrkr,1055,1208,0,0.0,0.0,2,1,3,1,Gd,7,Typ,1,TA,BuiltIn,2001.0,Fin,2.0,905.0,TA,TA,Y,0,45,0,0,189,0,,,,0,9,2008,WD ,Normal
1039,97000,1344,160,RM,21.0,1533,Pave,,Reg,Lvl,AllPub,Inside,Gtl,MeadowV,Norm,Norm,Twnhs,2Story,4,6,1970,2008,Gable,CompShg,CemntBd,CmentBd,None,0.0,TA,TA,CBlock,TA,TA,No,Unf,0.0,Unf,0.0,546.0,546.0,GasA,TA,Y,SBrkr,798,546,0,0.0,0.0,1,1,3,1,TA,6,Typ,1,TA,,,,0.0,0.0,,,Y,0,0,0,0,0,0,,,,0,5,2009,WD ,Normal
1040,80000,630,180,RM,21.0,1477,Pave,,Reg,Lvl,AllPub,Inside,Gtl,MeadowV,Norm,Norm,TwnhsE,SFoyer,4,4,1970,1970,Gable,CompShg,CemntBd,CmentBd,None,0.0,TA,TA,CBlock,Gd,TA,Av,GLQ,509.0,Unf,0.0,121.0,630.0,GasA,TA,Y,SBrkr,630,0,0,1.0,0.0,1,0,1,1,TA,3,Typ,0,,Attchd,1970.0,Unf,1.0,286.0,TA,TA,Y,0,0,0,0,0,0,,,,0,4,2009,WD ,Normal
1041,155000,1803,20,RL,88.0,13125,Pave,,Reg,Lvl,AllPub,Corner,Gtl,Sawyer,Norm,Norm,1Fam,1Story,5,4,1957,2000,Gable,CompShg,Wd Sdng,Wd Sdng,BrkCmn,67.0,TA,TA,CBlock,TA,TA,No,Rec,168.0,BLQ,682.0,284.0,1134.0,GasA,Ex,Y,SBrkr,1803,0,0,1.0,0.0,2,0,3,1,TA,8,Maj1,1,TA,Attchd,1957.0,RFn,2.0,484.0,TA,TA,Y,0,0,0,0,0,0,,GdPrv,,0,1,2006,WD ,Normal
1042,173000,1632,60,RL,,9130,Pave,,Reg,Lvl,AllPub,Inside,Gtl,NWAmes,Feedr,Norm,1Fam,2Story,6,8,1966,2000,Hip,CompShg,HdBoard,HdBoard,BrkFace,252.0,TA,TA,CBlock,TA,TA,No,GLQ,400.0,Rec,64.0,336.0,800.0,GasA,Gd,Y,SBrkr,800,832,0,0.0,1.0,1,1,4,1,Gd,7,Typ,0,,Attchd,1966.0,Unf,2.0,484.0,TA,TA,Y,0,40,0,0,0,0,,,,0,7,2008,WD ,Normal
1043,196000,1306,120,RL,34.0,5381,Pave,,IR1,Lvl,AllPub,Inside,Gtl,NridgHt,Norm,Norm,Twnhs,1Story,6,5,2005,2005,Gable,CompShg,VinylSd,VinylSd,Stone,135.0,Gd,TA,PConc,Gd,TA,Av,ALQ,900.0,Unf,0.0,406.0,1306.0,GasA,Ex,Y,SBrkr,1306,0,0,1.0,0.0,2,0,1,1,Gd,5,Typ,1,Gd,Attchd,2005.0,RFn,2.0,624.0,TA,TA,Y,170,63,0,0,0,0,,,,0,8,2009,WD ,Normal
1044,262280,2329,60,RL,86.0,11839,Pave,,Reg,Lvl,AllPub,Inside,Gtl,SawyerW,Norm,Norm,1Fam,2Story,7,5,1990,1990,Hip,CompShg,HdBoard,HdBoard,BrkFace,99.0,TA,TA,PConc,Gd,TA,No,GLQ,1085.0,Unf,0.0,390.0,1475.0,GasA,Ex,Y,SBrkr,1532,797,0,1.0,0.0,2,1,4,1,Gd,10,Typ,1,Ex,Attchd,1990.0,Unf,2.0,514.0,TA,TA,Y,192,121,0,0,0,0,,,,0,5,2008,WD ,Normal
1045,278000,2524,20,RL,80.0,9600,Pave,,Reg,Lvl,AllPub,Inside,Gtl,NWAmes,PosN,Norm,1Fam,1Story,8,5,1981,1981,Hip,WdShngl,BrkFace,BrkFace,None,0.0,Gd,TA,PConc,Gd,TA,No,ALQ,1104.0,Unf,0.0,1420.0,2524.0,GasA,TA,Y,SBrkr,2524,0,0,1.0,0.0,2,1,4,1,Gd,9,Typ,1,Gd,Attchd,1981.0,Fin,2.0,542.0,TA,TA,Y,474,120,0,0,0,0,,MnPrv,,0,7,2009,WD ,Normal
1046,139600,1733,20,RL,,13680,Pave,,IR1,Lvl,AllPub,CulDSac,Gtl,Edwards,Norm,Norm,1Fam,1Story,3,5,1955,1955,Hip,CompShg,BrkFace,Wd Sdng,None,0.0,TA,TA,Slab,,,,,0.0,,0.0,0.0,0.0,GasA,Ex,Y,FuseA,1733,0,0,0.0,0.0,2,0,4,1,TA,8,Min2,1,Gd,Attchd,1955.0,Unf,2.0,452.0,TA,TA,Y,0,0,0,0,0,0,,,,0,6,2009,WD ,Normal
1047,556581,2868,60,RL,85.0,16056,Pave,,IR1,Lvl,AllPub,Inside,Gtl,StoneBr,Norm,Norm,1Fam,2Story,9,5,2005,2006,Hip,CompShg,CemntBd,CmentBd,Stone,208.0,Gd,TA,PConc,Ex,TA,Av,GLQ,240.0,Unf,0.0,1752.0,1992.0,GasA,Ex,Y,SBrkr,1992,876,0,0.0,0.0,3,1,4,1,Ex,11,Typ,1,Gd,BuiltIn,2005.0,Fin,3.0,716.0,TA,TA,Y,214,108,0,0,0,0,,,,0,7,2006,New,Partial
1048,145000,990,20,RL,57.0,9245,Pave,,IR2,Lvl,AllPub,Inside,Gtl,CollgCr,Norm,Norm,1Fam,1Story,5,5,1994,1995,Gable,CompShg,VinylSd,VinylSd,None,0.0,TA,TA,PConc,Gd,TA,No,GLQ,686.0,Unf,0.0,304.0,990.0,GasA,Ex,Y,SBrkr,990,0,0,0.0,1.0,1,0,3,1,TA,5,Typ,0,,Detchd,1996.0,Unf,2.0,672.0,TA,TA,Y,0,0,0,0,0,0,,,,0,2,2008,WD ,Normal
1049,115000,1771,20,RL,100.0,21750,Pave,,Reg,Lvl,AllPub,Inside,Gtl,Mitchel,Norm,Norm,1Fam,1Story,5,4,1960,2006,Hip,CompShg,HdBoard,HdBoard,BrkFace,75.0,TA,Fa,Slab,,,,,0.0,,0.0,0.0,0.0,GasA,TA,Y,SBrkr,1771,0,0,0.0,0.0,1,0,3,1,TA,9,Min1,1,TA,Attchd,1960.0,Unf,2.0,336.0,TA,TA,Y,0,0,0,0,0,0,,GdPrv,,0,11,2009,WD ,Normal
1050,84900,930,20,RL,60.0,11100,Pave,,Reg,Low,AllPub,Inside,Gtl,Edwards,Norm,Norm,1Fam,1Story,4,7,1946,2006,Gable,CompShg,MetalSd,MetalSd,None,0.0,TA,TA,CBlock,,,,,0.0,,0.0,0.0,0.0,GasA,Ex,Y,SBrkr,930,0,0,0.0,0.0,1,0,2,1,Gd,6,Typ,0,,Detchd,1946.0,Unf,1.0,308.0,TA,TA,Y,0,0,0,0,0,0,,,,0,4,2010,WD ,Abnorml
1051,176485,1302,20,RL,73.0,8993,Pave,,IR1,Lvl,AllPub,Inside,Gtl,Gilbert,Norm,Norm,1Fam,1Story,7,5,2007,2007,Gable,CompShg,VinylSd,VinylSd,None,0.0,Gd,TA,PConc,Gd,TA,Av,Unf,0.0,Unf,0.0,1302.0,1302.0,GasA,Ex,Y,SBrkr,1302,0,0,0.0,0.0,2,0,3,1,Gd,6,Typ,0,,Attchd,2007.0,Fin,2.0,436.0,TA,TA,Y,0,22,0,0,0,0,,,,0,8,2007,New,Partial
1052,200141,1316,20,RL,103.0,11175,Pave,,IR1,Lvl,AllPub,Corner,Gtl,CollgCr,Norm,Norm,1Fam,1Story,7,5,2007,2007,Gable,CompShg,VinylSd,VinylSd,None,0.0,Gd,TA,PConc,Gd,TA,Av,Unf,0.0,Unf,0.0,1316.0,1316.0,GasA,Ex,Y,SBrkr,1316,0,0,0.0,0.0,2,0,3,1,Gd,6,Typ,1,Gd,Attchd,2007.0,Fin,2.0,440.0,TA,TA,Y,0,20,0,0,0,0,,,,0,10,2007,New,Partial
1053,165000,1977,60,RL,100.0,9500,Pave,,Reg,Lvl,AllPub,Corner,Gtl,NAmes,Artery,Norm,1Fam,2Story,6,6,1964,1978,Gable,CompShg,VinylSd,VinylSd,BrkCmn,272.0,TA,TA,CBlock,TA,TA,No,Rec,442.0,Unf,0.0,374.0,816.0,GasA,TA,Y,SBrkr,1127,850,0,0.0,1.0,1,1,4,1,TA,9,Typ,1,TA,Attchd,1964.0,RFn,2.0,540.0,TA,TA,Y,0,52,0,0,0,0,,GdPrv,,0,6,2007,WD ,Normal
1054,144500,1526,20,RL,68.0,8562,Pave,,Reg,Lvl,AllPub,Inside,Mod,Edwards,Norm,Norm,1Fam,1Story,5,6,1957,2002,Hip,CompShg,HdBoard,HdBoard,Stone,145.0,TA,TA,CBlock,TA,TA,Av,Rec,383.0,Unf,0.0,833.0,1216.0,GasA,Ex,Y,FuseA,1526,0,0,0.0,0.0,1,0,4,1,TA,7,Min2,1,Gd,Basment,1957.0,Unf,1.0,364.0,TA,TA,Y,116,78,0,0,0,0,,,,0,5,2010,WD ,Normal
1055,255000,1989,60,RL,90.0,11367,Pave,,Reg,Lvl,AllPub,Corner,Gtl,CollgCr,Norm,Norm,1Fam,2Story,8,5,2002,2002,Gable,CompShg,VinylSd,VinylSd,BrkFace,210.0,Gd,TA,PConc,Gd,TA,Mn,GLQ,932.0,Unf,0.0,133.0,1065.0,GasA,Ex,Y,SBrkr,1091,898,0,1.0,0.0,2,1,3,1,Gd,7,Typ,1,Gd,Attchd,2002.0,Fin,2.0,586.0,TA,TA,Y,199,60,0,0,0,0,,,,0,11,2006,WD ,Normal
1056,180000,1523,20,RL,104.0,11361,Pave,,Reg,Lvl,AllPub,Inside,Gtl,NWAmes,Norm,Norm,1Fam,1Story,6,5,1976,1976,Gable,CompShg,Plywood,Plywood,BrkFace,160.0,TA,TA,CBlock,Gd,TA,No,ALQ,644.0,Unf,0.0,549.0,1193.0,GasA,TA,Y,SBrkr,1523,0,0,0.0,1.0,2,0,3,1,TA,7,Typ,1,TA,Attchd,1976.0,Fin,2.0,478.0,TA,TA,Y,0,0,0,0,189,0,,MnPrv,,0,5,2008,COD,Abnorml
1057,185850,1364,120,RL,43.0,7052,Pave,,IR1,Lvl,AllPub,Inside,Gtl,NridgHt,Norm,Norm,TwnhsE,1Story,7,5,2005,2005,Gable,CompShg,VinylSd,VinylSd,Stone,240.0,Gd,TA,PConc,Gd,TA,Av,GLQ,659.0,Unf,0.0,705.0,1364.0,GasA,Ex,Y,SBrkr,1364,0,0,1.0,0.0,2,0,2,1,Gd,6,Typ,1,Gd,Attchd,2005.0,RFn,2.0,484.0,TA,TA,Y,192,36,0,0,0,0,,,,0,6,2006,WD ,Normal
1058,248000,1850,60,RL,,29959,Pave,,IR2,Lvl,AllPub,FR2,Gtl,NoRidge,Norm,Norm,1Fam,2Story,7,6,1994,1994,Gable,CompShg,HdBoard,HdBoard,None,0.0,Gd,TA,PConc,Gd,TA,No,GLQ,595.0,Unf,0.0,378.0,973.0,GasA,Ex,Y,SBrkr,979,871,0,0.0,0.0,2,1,3,1,Gd,7,Typ,1,Gd,BuiltIn,1994.0,Fin,2.0,467.0,TA,TA,Y,168,98,0,0,0,0,,,,0,1,2009,WD ,Normal
1059,335000,2184,60,RL,96.0,11308,Pave,,IR1,Lvl,AllPub,Inside,Gtl,NridgHt,Norm,Norm,1Fam,2Story,9,5,2008,2008,Gable,CompShg,VinylSd,VinylSd,Stone,154.0,Ex,TA,PConc,Ex,TA,Av,GLQ,936.0,Unf,0.0,168.0,1104.0,GasA,Ex,Y,SBrkr,1130,1054,0,1.0,0.0,2,1,3,1,Ex,10,Typ,1,Gd,Attchd,2008.0,Fin,3.0,836.0,TA,TA,Y,0,102,0,0,0,0,,,,0,7,2009,WD ,Normal
1060,220000,1991,50,RL,,11275,Pave,,IR1,HLS,AllPub,Corner,Mod,Crawfor,Norm,Norm,1Fam,1.5Fin,6,7,1932,1950,Gable,CompShg,MetalSd,MetalSd,BrkFace,480.0,TA,TA,CBlock,TA,TA,Mn,Rec,297.0,LwQ,557.0,0.0,854.0,GasA,TA,Y,SBrkr,1096,895,0,0.0,0.0,1,1,3,1,TA,7,Typ,1,Gd,Detchd,1977.0,Unf,2.0,432.0,TA,Fa,Y,0,0,19,0,0,0,,,,0,3,2007,WD ,Normal
1061,213500,1338,120,RL,41.0,4920,Pave,,Reg,Lvl,AllPub,Inside,Gtl,StoneBr,Norm,Norm,TwnhsE,1Story,8,5,2001,2001,Gable,CompShg,CemntBd,CmentBd,None,0.0,Gd,TA,PConc,Gd,TA,Mn,GLQ,616.0,Unf,0.0,722.0,1338.0,GasA,Ex,Y,SBrkr,1338,0,0,1.0,0.0,2,0,2,1,Gd,6,Typ,0,,Attchd,2001.0,Fin,2.0,582.0,TA,TA,Y,0,0,170,0,0,0,,,,0,4,2010,WD ,Normal
1062,81000,894,30,C (all),120.0,18000,Grvl,,Reg,Low,AllPub,Inside,Gtl,IDOTRR,Norm,Norm,1Fam,1Story,3,4,1935,1950,Gable,CompShg,MetalSd,MetalSd,None,0.0,Fa,TA,CBlock,TA,TA,No,Unf,0.0,Unf,0.0,894.0,894.0,GasA,TA,Y,SBrkr,894,0,0,0.0,0.0,1,0,2,1,TA,6,Typ,0,,Detchd,1994.0,RFn,3.0,1248.0,TA,TA,Y,0,20,0,0,0,0,,,Shed,560,8,2008,ConLD,Normal
1063,90000,2337,190,RM,85.0,13600,Pave,Grvl,Reg,Lvl,AllPub,Inside,Gtl,OldTown,Norm,Norm,2fmCon,2Story,5,5,1900,1950,Gable,CompShg,Wd Sdng,Wd Sdng,None,0.0,TA,TA,BrkTil,TA,TA,No,Unf,0.0,Unf,0.0,662.0,662.0,GasA,TA,N,SBrkr,1422,915,0,0.0,0.0,2,0,5,2,TA,10,Min2,0,,Detchd,1945.0,Unf,2.0,560.0,TA,TA,Y,0,57,0,0,0,0,,,,0,9,2007,WD ,Normal
1064,110500,1103,30,RM,50.0,6000,Pave,,Reg,Lvl,AllPub,Inside,Gtl,OldTown,Artery,Norm,1Fam,1Story,6,6,1925,1980,Gable,CompShg,MetalSd,MetalSd,None,0.0,TA,Gd,BrkTil,TA,TA,No,BLQ,397.0,Unf,0.0,706.0,1103.0,GasA,Gd,Y,SBrkr,1103,0,0,0.0,0.0,1,0,2,1,Gd,5,Typ,1,Gd,Detchd,1976.0,Unf,2.0,440.0,TA,TA,Y,166,120,0,0,0,0,,MnPrv,,0,7,2006,WD ,Normal
1065,154000,1154,20,RL,,11000,Pave,,IR1,Lvl,AllPub,CulDSac,Gtl,NAmes,Norm,Norm,1Fam,1Story,5,6,1966,1966,Gable,CompShg,Plywood,Plywood,BrkFace,200.0,TA,TA,CBlock,TA,TA,Mn,BLQ,740.0,Rec,230.0,184.0,1154.0,GasA,Ex,Y,SBrkr,1154,0,0,0.0,0.0,1,1,3,1,TA,6,Typ,1,Po,Attchd,1966.0,RFn,2.0,480.0,TA,TA,Y,0,58,0,0,0,0,,MnPrv,,0,11,2009,WD ,Normal
1066,328000,2260,60,RL,80.0,14000,Pave,,Reg,Lvl,AllPub,Inside,Mod,ClearCr,Norm,Norm,1Fam,2Story,7,5,1996,1997,Gable,CompShg,Wd Sdng,Wd Sdng,None,0.0,Gd,TA,PConc,Ex,TA,Gd,GLQ,1201.0,Unf,0.0,105.0,1306.0,GasA,Ex,Y,SBrkr,1306,954,0,1.0,0.0,2,1,3,1,Gd,7,Typ,0,,Attchd,1996.0,RFn,2.0,533.0,TA,TA,Y,296,44,0,0,0,0,,,,0,4,2010,WD ,Normal
1067,178000,1571,60,RL,59.0,7837,Pave,,IR1,Lvl,AllPub,Inside,Gtl,Gilbert,Norm,Norm,1Fam,2Story,6,7,1993,1994,Gable,CompShg,VinylSd,VinylSd,None,0.0,Gd,TA,PConc,Gd,TA,No,Unf,0.0,Unf,0.0,799.0,799.0,GasA,Gd,Y,SBrkr,799,772,0,0.0,0.0,2,1,3,1,TA,7,Typ,1,TA,Attchd,1993.0,RFn,2.0,380.0,TA,TA,Y,0,40,0,0,0,0,,,,0,5,2009,WD ,Normal
1068,167900,1611,60,RL,80.0,9760,Pave,,Reg,Lvl,AllPub,Inside,Mod,NAmes,Norm,Norm,1Fam,2Story,6,6,1964,1964,Gable,CompShg,HdBoard,HdBoard,BrkFace,360.0,TA,TA,CBlock,TA,TA,Gd,GLQ,674.0,LwQ,106.0,0.0,780.0,GasA,TA,Y,SBrkr,798,813,0,1.0,0.0,1,1,4,1,TA,7,Typ,0,,Attchd,1964.0,RFn,2.0,442.0,TA,TA,Y,328,128,0,0,189,0,,,,0,6,2008,WD ,Normal
1069,151400,2521,160,RM,42.0,3964,Pave,,Reg,Lvl,AllPub,Inside,Gtl,MeadowV,Norm,Norm,TwnhsE,2Story,6,4,1973,1973,Gable,CompShg,CemntBd,CmentBd,None,0.0,TA,TA,CBlock,Gd,TA,No,ALQ,837.0,Unf,0.0,105.0,942.0,GasA,Gd,Y,SBrkr,1291,1230,0,1.0,0.0,2,1,5,1,TA,10,Maj1,1,Gd,Attchd,1973.0,Fin,2.0,576.0,TA,TA,Y,728,20,0,0,0,0,,GdPrv,,0,6,2006,WD ,Normal
1070,135000,893,45,RL,60.0,9600,Pave,,Reg,Lvl,AllPub,Inside,Gtl,NAmes,Norm,Norm,1Fam,1.5Unf,5,7,1949,2003,Gable,CompShg,MetalSd,MetalSd,None,0.0,TA,TA,CBlock,TA,TA,No,ALQ,220.0,Unf,0.0,625.0,845.0,GasA,TA,Y,SBrkr,893,0,0,0.0,1.0,1,0,2,1,Gd,4,Typ,0,,Detchd,1985.0,Unf,2.0,576.0,TA,TA,Y,0,0,0,0,0,0,,,,0,5,2007,WD ,Normal
1071,135000,1048,20,RL,72.0,10152,Pave,,Reg,Lvl,AllPub,Inside,Gtl,NAmes,Norm,Norm,1Fam,1Story,5,5,1956,1956,Hip,CompShg,MetalSd,MetalSd,BrkFace,120.0,TA,TA,CBlock,TA,TA,No,BLQ,586.0,Unf,0.0,462.0,1048.0,GasA,TA,Y,SBrkr,1048,0,0,1.0,0.0,1,0,3,1,TA,6,Typ,0,,Attchd,1956.0,Unf,1.0,286.0,TA,TA,Y,0,20,0,0,192,0,,,,0,6,2007,WD ,Normal
1072,154000,1556,60,RL,78.0,11700,Pave,,Reg,Lvl,AllPub,Inside,Gtl,NWAmes,RRAn,Norm,1Fam,2Story,6,6,1968,1968,Gable,CompShg,MetalSd,MetalSd,None,0.0,TA,TA,CBlock,TA,TA,No,Rec,298.0,Unf,0.0,429.0,727.0,GasA,Ex,Y,SBrkr,829,727,0,0.0,0.0,1,1,4,1,TA,8,Typ,0,,Attchd,1968.0,Unf,2.0,441.0,TA,TA,Y,0,0,0,0,0,0,,,,0,5,2009,WD ,Normal
1073,91500,1456,50,RL,50.0,7585,Pave,,Reg,Lvl,AllPub,Inside,Gtl,Edwards,Artery,Norm,1Fam,1.5Fin,5,3,1948,1950,Gable,CompShg,MetalSd,MetalSd,None,0.0,TA,TA,CBlock,Fa,Fa,Mn,Unf,0.0,Unf,0.0,810.0,810.0,GasA,Fa,Y,FuseA,1002,454,0,1.0,1.0,1,0,4,1,TA,7,Typ,1,TA,Detchd,1954.0,Unf,1.0,280.0,TA,TA,P,0,0,0,0,0,0,,,,0,8,2006,WD ,Normal
1074,159500,1426,60,RL,75.0,7950,Pave,,IR1,Bnk,AllPub,Corner,Gtl,Edwards,Norm,Norm,1Fam,2Story,6,6,1977,1977,Hip,CompShg,HdBoard,Plywood,BrkFace,140.0,TA,TA,CBlock,TA,TA,No,BLQ,535.0,Unf,0.0,155.0,690.0,GasA,TA,Y,SBrkr,698,728,0,0.0,0.0,1,1,3,1,TA,6,Typ,0,,Attchd,1977.0,Fin,2.0,440.0,TA,TA,Y,252,0,0,0,0,0,,MnPrv,,0,7,2009,WD ,Normal
1075,194000,1240,20,RL,74.0,8556,Pave,,Reg,Lvl,AllPub,Inside,Gtl,CollgCr,Norm,Norm,1Fam,1Story,7,5,2006,2006,Gable,CompShg,VinylSd,VinylSd,None,0.0,Gd,TA,PConc,Gd,TA,Av,Unf,0.0,Unf,0.0,1240.0,1240.0,GasA,Ex,Y,SBrkr,1240,0,0,0.0,0.0,2,0,2,1,Gd,5,Typ,0,,Attchd,2006.0,RFn,3.0,826.0,TA,TA,Y,140,93,0,0,0,0,,,,0,5,2007,WD ,Normal
1076,219500,1740,70,RL,75.0,13125,Pave,,Reg,Lvl,AllPub,Inside,Gtl,Crawfor,Norm,Norm,1Fam,2Story,7,6,1940,1984,Gable,CompShg,Wd Sdng,Wd Sdng,None,0.0,TA,TA,CBlock,TA,TA,No,BLQ,410.0,Unf,0.0,390.0,800.0,GasA,TA,Y,SBrkr,960,780,0,0.0,0.0,1,1,3,1,TA,6,Typ,2,Gd,Attchd,1940.0,Unf,1.0,240.0,TA,TA,Y,0,0,0,0,0,0,,,,0,7,2007,CWD,Normal
1077,170000,1466,50,RL,60.0,10800,Pave,Grvl,Reg,Lvl,AllPub,Inside,Gtl,OldTown,Norm,Norm,1Fam,1.5Fin,5,8,1936,1989,Gable,CompShg,Wd Sdng,Wd Sdng,None,0.0,TA,TA,CBlock,Fa,TA,No,ALQ,626.0,Unf,0.0,170.0,796.0,GasA,Gd,Y,SBrkr,1096,370,0,0.0,1.0,2,0,3,1,Gd,7,Min1,1,TA,Attchd,1950.0,Unf,2.0,566.0,TA,TA,Y,436,21,0,0,0,0,,,Shed,500,4,2006,WD ,Normal
1078,138800,1096,20,RL,,15870,Pave,,IR1,Lvl,AllPub,Corner,Gtl,NAmes,Norm,Norm,1Fam,1Story,5,5,1969,1969,Gable,CompShg,VinylSd,Plywood,None,0.0,TA,TA,CBlock,TA,TA,Mn,BLQ,75.0,Rec,791.0,230.0,1096.0,GasA,Ex,Y,SBrkr,1096,0,0,1.0,0.0,1,0,3,1,TA,6,Typ,0,,Attchd,1969.0,Fin,1.0,299.0,TA,TA,Y,240,32,0,0,0,0,,,,0,3,2006,WD ,Abnorml
1079,155900,848,120,RM,37.0,4435,Pave,,Reg,Lvl,AllPub,Inside,Gtl,CollgCr,Norm,Norm,TwnhsE,1Story,6,5,2004,2004,Gable,CompShg,VinylSd,VinylSd,BrkFace,169.0,Gd,TA,PConc,Gd,TA,Mn,GLQ,662.0,Unf,0.0,186.0,848.0,GasA,Ex,Y,SBrkr,848,0,0,1.0,0.0,1,0,1,1,Gd,3,Typ,1,Gd,Attchd,2004.0,RFn,2.0,420.0,TA,TA,Y,140,0,0,0,0,0,,,,0,5,2006,WD ,Normal
1080,126000,990,20,RL,65.0,8775,Pave,,Reg,Lvl,AllPub,Inside,Gtl,CollgCr,Norm,Norm,1Fam,1Story,5,5,1994,1994,Gable,CompShg,VinylSd,VinylSd,None,0.0,TA,TA,PConc,Gd,TA,No,GLQ,495.0,Unf,0.0,495.0,990.0,GasA,Gd,Y,SBrkr,990,0,0,0.0,0.0,1,0,3,1,TA,5,Typ,0,,Attchd,1996.0,Unf,1.0,299.0,TA,TA,Y,0,64,0,0,0,0,,,,0,4,2007,WD ,Normal
1081,145000,1258,20,RL,80.0,11040,Pave,,Reg,Lvl,AllPub,Inside,Gtl,NWAmes,Norm,Norm,1Fam,1Story,6,7,1971,2004,Gable,CompShg,VinylSd,VinylSd,BrkFace,144.0,Gd,Gd,CBlock,TA,TA,No,ALQ,656.0,Unf,0.0,602.0,1258.0,GasA,Ex,Y,SBrkr,1258,0,0,0.0,1.0,2,0,3,1,Gd,5,Typ,0,,Attchd,1971.0,RFn,2.0,528.0,TA,TA,Y,55,0,0,216,0,0,,,,0,10,2008,COD,Abnorml
1082,133000,1040,20,RL,75.0,7500,Pave,,Reg,Lvl,AllPub,Corner,Gtl,Sawyer,Feedr,Norm,1Fam,1Story,5,5,1963,1963,Gable,CompShg,HdBoard,HdBoard,None,0.0,TA,TA,CBlock,TA,TA,No,ALQ,824.0,Unf,0.0,216.0,1040.0,GasA,Fa,Y,SBrkr,1040,0,0,1.0,0.0,1,1,3,1,TA,5,Typ,0,,Attchd,1963.0,Fin,1.0,308.0,TA,TA,Y,0,0,220,0,0,0,,MnPrv,,0,6,2010,WD ,Normal
1083,192000,1459,20,RL,70.0,8749,Pave,,Reg,Lvl,AllPub,Inside,Gtl,CollgCr,Norm,Norm,1Fam,1Story,7,5,2002,2002,Gable,CompShg,VinylSd,VinylSd,BrkFace,100.0,Gd,TA,PConc,Gd,TA,No,Unf,0.0,Unf,0.0,1459.0,1459.0,GasA,Ex,Y,SBrkr,1459,0,0,0.0,0.0,2,0,3,1,Gd,6,Typ,1,Gd,Attchd,2002.0,RFn,2.0,527.0,TA,TA,Y,192,39,0,0,0,0,,,,0,9,2007,WD ,Normal
1084,160000,1251,20,RL,80.0,8800,Pave,,Reg,Lvl,AllPub,Inside,Gtl,NAmes,Norm,Norm,1Fam,1Story,6,6,1964,1964,Hip,CompShg,HdBoard,HdBoard,BrkFace,425.0,TA,TA,CBlock,TA,TA,No,BLQ,553.0,Unf,0.0,698.0,1251.0,GasA,TA,Y,SBrkr,1251,0,0,1.0,0.0,1,0,3,1,TA,6,Typ,2,Gd,Attchd,1964.0,RFn,1.0,461.0,TA,TA,Y,0,116,0,0,0,0,,MnPrv,Shed,700,3,2006,WD ,Normal
1085,187500,1498,60,RL,,13031,Pave,,IR2,Lvl,AllPub,Corner,Gtl,Gilbert,Norm,Norm,1Fam,2Story,6,5,1995,1996,Gable,CompShg,HdBoard,HdBoard,None,0.0,TA,TA,PConc,Gd,TA,No,ALQ,592.0,Unf,0.0,99.0,691.0,GasA,Gd,Y,SBrkr,691,807,0,0.0,0.0,2,1,3,1,TA,6,Typ,1,TA,Attchd,1995.0,Fin,2.0,409.0,TA,TA,Y,315,44,0,0,0,0,,,,0,7,2006,WD ,Normal
1086,147000,996,85,RL,73.0,9069,Pave,,Reg,Lvl,AllPub,Inside,Gtl,SawyerW,Norm,Norm,1Fam,SFoyer,6,6,1992,1992,Gable,CompShg,HdBoard,HdBoard,None,0.0,TA,TA,PConc,Gd,TA,Av,GLQ,747.0,Unf,0.0,189.0,936.0,GasA,Ex,Y,SBrkr,996,0,0,1.0,0.0,1,0,2,1,Gd,5,Typ,0,,Attchd,1992.0,Unf,2.0,564.0,TA,TA,Y,120,0,0,0,0,0,,,,0,4,2010,WD ,Normal
1087,83500,1092,160,RM,,1974,Pave,,Reg,Lvl,AllPub,Inside,Gtl,MeadowV,Norm,Norm,TwnhsE,2Story,4,5,1973,1973,Gable,CompShg,CemntBd,CmentBd,None,0.0,TA,TA,CBlock,TA,TA,No,BLQ,334.0,Unf,0.0,212.0,546.0,GasA,TA,Y,SBrkr,546,546,0,0.0,0.0,1,1,3,1,TA,6,Typ,0,,Attchd,1973.0,RFn,1.0,286.0,TA,TA,Y,120,96,0,0,0,0,,,,0,5,2010,WD ,Normal
1088,252000,1953,60,FV,85.0,10574,Pave,,Reg,Lvl,AllPub,Inside,Gtl,Somerst,Norm,Norm,1Fam,2Story,8,5,2005,2006,Gable,CompShg,VinylSd,VinylSd,None,0.0,Gd,TA,PConc,Gd,TA,Mn,Unf,0.0,Unf,0.0,1082.0,1082.0,GasA,Ex,Y,SBrkr,1082,871,0,0.0,0.0,2,1,3,1,Gd,9,Typ,1,Gd,Attchd,2005.0,RFn,3.0,1043.0,TA,TA,Y,160,50,0,0,0,0,,,,0,5,2009,WD ,Normal
1089,137500,1709,160,RM,24.0,2522,Pave,,Reg,Lvl,AllPub,Inside,Gtl,Edwards,Norm,Norm,Twnhs,2Story,7,5,2004,2004,Gable,CompShg,VinylSd,VinylSd,Stone,50.0,Gd,TA,PConc,Gd,TA,No,Unf,0.0,Unf,0.0,970.0,970.0,GasA,Ex,Y,SBrkr,970,739,0,0.0,0.0,2,0,3,1,Gd,7,Maj1,0,,Detchd,2004.0,Unf,2.0,380.0,TA,TA,Y,0,40,0,0,0,0,,,,0,4,2006,WD ,Normal
1090,197000,1247,120,FV,37.0,3316,Pave,Pave,IR1,Lvl,AllPub,Inside,Gtl,Somerst,Norm,Norm,TwnhsE,1Story,8,5,2005,2005,Gable,CompShg,MetalSd,MetalSd,None,0.0,Gd,TA,PConc,Gd,TA,No,GLQ,1039.0,Unf,0.0,208.0,1247.0,GasA,Ex,Y,SBrkr,1247,0,0,1.0,0.0,1,1,1,1,Gd,4,Typ,1,Gd,Attchd,2005.0,Fin,2.0,550.0,TA,TA,Y,0,84,0,0,0,0,,,,0,4,2006,WD ,Normal
1091,92900,1040,90,RL,60.0,8544,Pave,,Reg,Lvl,AllPub,Corner,Gtl,NAmes,Norm,Norm,Duplex,1Story,3,4,1950,1950,Gable,CompShg,BrkFace,BrkFace,None,0.0,TA,TA,Slab,,,,,0.0,,0.0,0.0,0.0,Wall,Fa,N,FuseA,1040,0,0,0.0,0.0,2,0,2,2,TA,6,Typ,0,,Detchd,1987.0,Unf,2.0,400.0,TA,TA,Y,0,0,0,0,0,0,,,,0,6,2009,WD ,Normal
1092,160000,1252,160,FV,24.0,2160,Pave,Pave,Reg,Lvl,AllPub,Inside,Gtl,Somerst,Norm,Norm,Twnhs,2Story,7,5,1999,2000,Gable,CompShg,MetalSd,MetalSd,BrkFace,212.0,Gd,TA,PConc,Gd,TA,No,BLQ,510.0,Unf,0.0,90.0,600.0,GasA,Ex,Y,SBrkr,624,628,0,1.0,0.0,2,1,2,1,Gd,4,Typ,0,,Detchd,1999.0,Unf,2.0,462.0,TA,TA,Y,0,48,0,0,0,0,,,,0,3,2008,WD ,Normal
1093,136500,1694,50,RL,60.0,8400,Pave,,Reg,Bnk,AllPub,Inside,Gtl,SWISU,Norm,Norm,1Fam,1.5Fin,6,5,1925,1950,Gable,CompShg,MetalSd,MetalSd,None,0.0,TA,TA,PConc,TA,TA,No,Rec,423.0,Unf,0.0,758.0,1181.0,GasA,Fa,Y,SBrkr,1390,304,0,0.0,0.0,2,0,4,1,TA,7,Typ,1,Gd,Detchd,1925.0,Unf,2.0,576.0,TA,TA,Y,342,0,128,0,0,0,,,,0,6,2008,WD ,Normal
1094,146000,1200,20,RL,71.0,9230,Pave,,Reg,Lvl,AllPub,Corner,Gtl,NAmes,Feedr,Norm,1Fam,1Story,5,8,1965,1998,Hip,CompShg,MetalSd,MetalSd,BrkFace,166.0,TA,TA,CBlock,TA,TA,Mn,GLQ,661.0,Unf,0.0,203.0,864.0,GasA,Gd,Y,SBrkr,1200,0,0,1.0,0.0,1,1,1,1,Gd,6,Typ,0,,Detchd,1977.0,Unf,2.0,884.0,TA,TA,Y,0,64,0,0,0,0,,MnPrv,,0,10,2006,WD ,Normal
1095,129000,936,20,RL,74.0,5868,Pave,,Reg,Lvl,AllPub,Inside,Gtl,NAmes,Norm,Norm,1Fam,1Story,5,7,1956,2000,Gable,CompShg,MetalSd,MetalSd,None,0.0,TA,TA,CBlock,TA,TA,No,BLQ,248.0,Rec,240.0,448.0,936.0,GasA,Ex,Y,SBrkr,936,0,0,1.0,0.0,1,0,2,1,TA,4,Typ,0,,Attchd,1956.0,Fin,1.0,308.0,TA,TA,Y,0,0,80,0,160,0,,,,0,5,2010,WD ,Normal
1096,176432,1314,20,RL,78.0,9317,Pave,,IR1,Lvl,AllPub,Inside,Gtl,CollgCr,Norm,Norm,1Fam,1Story,6,5,2006,2006,Gable,CompShg,VinylSd,VinylSd,None,0.0,Gd,TA,PConc,Gd,TA,No,GLQ,24.0,Unf,0.0,1290.0,1314.0,GasA,Gd,Y,SBrkr,1314,0,0,0.0,0.0,2,0,3,1,Gd,6,Typ,1,Gd,Attchd,2006.0,RFn,2.0,440.0,TA,TA,Y,0,22,0,0,0,0,,,,0,3,2007,WD ,Normal
1097,127000,1355,70,RM,60.0,6882,Pave,,Reg,Lvl,AllPub,Inside,Gtl,IDOTRR,Norm,Norm,1Fam,2Story,6,7,1914,2006,Gable,CompShg,Wd Sdng,Wd Sdng,None,0.0,TA,TA,PConc,TA,TA,No,Unf,0.0,Unf,0.0,684.0,684.0,GasA,TA,Y,SBrkr,773,582,0,0.0,0.0,1,1,3,1,Gd,7,Typ,0,,,,,0.0,0.0,,,Y,136,0,115,0,0,0,,,,0,3,2007,WD ,Normal
1098,170000,1088,120,RL,,3696,Pave,,Reg,Lvl,AllPub,Inside,Gtl,StoneBr,Norm,Norm,TwnhsE,1Story,8,5,1986,1986,Gable,CompShg,HdBoard,HdBoard,None,0.0,Gd,TA,CBlock,Gd,TA,No,Unf,0.0,Unf,0.0,1074.0,1074.0,GasA,Ex,Y,SBrkr,1088,0,0,0.0,0.0,1,1,2,1,Gd,5,Typ,0,,Attchd,1987.0,RFn,2.0,461.0,TA,TA,Y,0,74,137,0,0,0,,,,0,10,2007,WD ,Normal
1099,128000,1324,50,RM,50.0,6000,Pave,,Reg,Lvl,AllPub,Inside,Gtl,BrkSide,Norm,Norm,1Fam,1.5Fin,4,6,1936,1950,Gable,CompShg,MetalSd,MetalSd,None,0.0,TA,TA,BrkTil,TA,TA,No,BLQ,672.0,Unf,0.0,0.0,672.0,GasA,TA,Y,SBrkr,757,567,0,0.0,0.0,1,0,3,1,TA,6,Typ,0,,Detchd,1936.0,Unf,1.0,240.0,TA,TA,Y,0,0,0,0,0,0,,,,0,7,2009,WD ,Normal
1100,157000,1601,20,RL,82.0,11880,Pave,,IR1,Lvl,AllPub,Inside,Gtl,NWAmes,RRAn,Norm,1Fam,1Story,7,5,1978,1978,Gable,CompShg,Plywood,Plywood,BrkFace,206.0,TA,TA,CBlock,Gd,TA,No,ALQ,704.0,Unf,0.0,567.0,1271.0,GasA,TA,Y,SBrkr,1601,0,0,0.0,0.0,2,0,3,1,TA,7,Typ,1,TA,Attchd,1978.0,RFn,2.0,478.0,TA,TA,Y,0,0,0,0,0,0,,,,0,4,2009,COD,Abnorml
1101,60000,438,30,RL,60.0,8400,Pave,,Reg,Bnk,AllPub,Inside,Gtl,SWISU,Norm,Norm,1Fam,1Story,2,5,1920,1950,Gable,CompShg,Wd Sdng,Wd Sdng,None,0.0,TA,TA,CBlock,TA,Fa,No,Rec,290.0,Unf,0.0,0.0,290.0,GasA,TA,N,FuseF,438,0,0,0.0,0.0,1,0,1,1,Fa,3,Typ,0,,Detchd,1930.0,Unf,1.0,246.0,TA,TA,N,0,0,0,0,0,0,,,,0,1,2009,WD ,Normal
1102,119500,950,20,RL,61.0,9758,Pave,,IR1,Lvl,AllPub,Inside,Gtl,NAmes,Norm,Norm,1Fam,1Story,5,5,1971,1971,Gable,CompShg,HdBoard,MetalSd,None,0.0,TA,TA,CBlock,TA,TA,No,BLQ,412.0,LwQ,287.0,251.0,950.0,GasA,TA,Y,SBrkr,950,0,0,0.0,0.0,1,0,3,1,TA,5,Typ,0,,Detchd,1981.0,Unf,1.0,280.0,TA,TA,Y,0,0,0,0,0,0,,,,0,7,2007,WD ,Normal
1103,135000,1134,20,RL,70.0,7000,Pave,,Reg,Lvl,AllPub,Inside,Gtl,NAmes,Norm,Norm,1Fam,1Story,5,7,1960,2002,Gable,CompShg,Wd Sdng,Wd Sdng,BrkFace,45.0,TA,TA,CBlock,TA,TA,No,Rec,588.0,Unf,0.0,422.0,1010.0,GasA,Ex,Y,SBrkr,1134,0,0,0.0,0.0,1,0,2,1,TA,6,Typ,0,,Attchd,1960.0,RFn,1.0,254.0,TA,TA,Y,0,16,0,0,0,0,,MnWw,,0,4,2007,WD ,Family
1104,159500,1194,20,RL,79.0,8910,Pave,,Reg,Lvl,AllPub,Corner,Gtl,NAmes,Norm,Norm,1Fam,1Story,6,6,1959,1959,Hip,CompShg,BrkFace,BrkFace,None,0.0,TA,TA,CBlock,TA,TA,Mn,ALQ,655.0,Unf,0.0,0.0,655.0,GasA,Ex,Y,SBrkr,1194,0,0,0.0,1.0,1,0,3,1,TA,6,Typ,1,Fa,BuiltIn,1954.0,Fin,2.0,539.0,TA,TA,Y,0,0,192,0,0,0,,,,0,7,2006,WD ,Normal
1105,106000,1302,160,RM,24.0,2016,Pave,,Reg,Lvl,AllPub,Inside,Gtl,BrDale,Norm,Norm,TwnhsE,2Story,5,5,1970,1970,Gable,CompShg,HdBoard,HdBoard,BrkFace,304.0,TA,TA,CBlock,TA,TA,No,Unf,0.0,Unf,0.0,630.0,630.0,GasA,TA,Y,SBrkr,630,672,0,0.0,0.0,2,1,3,1,TA,6,Typ,0,,Detchd,1970.0,Unf,2.0,440.0,TA,TA,Y,0,0,0,0,0,0,,,,0,4,2007,WD ,Normal
1106,325000,2622,60,RL,98.0,12256,Pave,,IR1,Lvl,AllPub,Corner,Gtl,NoRidge,Norm,Norm,1Fam,2Story,8,5,1994,1995,Gable,CompShg,HdBoard,HdBoard,BrkFace,362.0,Gd,TA,PConc,Ex,TA,Av,GLQ,1032.0,Unf,0.0,431.0,1463.0,GasA,Ex,Y,SBrkr,1500,1122,0,1.0,0.0,2,1,3,1,Gd,9,Typ,2,TA,Attchd,1994.0,RFn,2.0,712.0,TA,TA,Y,186,32,0,0,0,0,,,,0,4,2010,WD ,Normal
1107,179900,1442,20,RL,114.0,10357,Pave,,IR1,Lvl,AllPub,Corner,Gtl,SawyerW,Feedr,Norm,1Fam,1Story,7,5,1990,1991,Hip,CompShg,HdBoard,HdBoard,None,0.0,Gd,TA,PConc,Gd,TA,Mn,GLQ,738.0,Unf,0.0,172.0,910.0,GasA,Gd,Y,SBrkr,1442,0,0,1.0,0.0,2,0,3,1,Gd,6,Typ,1,TA,Attchd,1990.0,Fin,2.0,719.0,TA,TA,Y,0,244,0,0,0,0,,,,0,5,2007,WD ,Normal
1108,274725,2021,60,RL,168.0,23257,Pave,,IR3,HLS,AllPub,CulDSac,Gtl,Gilbert,Norm,Norm,1Fam,2Story,7,5,2006,2006,Gable,CompShg,VinylSd,VinylSd,None,0.0,Gd,TA,PConc,Ex,Gd,No,Unf,0.0,Unf,0.0,868.0,868.0,GasA,Ex,Y,SBrkr,887,1134,0,0.0,0.0,2,1,3,1,Gd,9,Typ,1,Gd,BuiltIn,2006.0,RFn,2.0,422.0,TA,TA,Y,0,100,0,0,0,0,,,,0,9,2006,New,Partial
1109,181000,1690,60,RL,,8063,Pave,,Reg,Lvl,AllPub,Inside,Gtl,Gilbert,Norm,Norm,1Fam,2Story,6,5,2000,2000,Gable,CompShg,VinylSd,VinylSd,None,0.0,TA,TA,PConc,Gd,TA,No,Unf,0.0,Unf,0.0,924.0,924.0,GasA,Ex,Y,SBrkr,948,742,0,0.0,0.0,2,1,3,1,TA,7,Typ,1,TA,Attchd,2000.0,RFn,2.0,463.0,TA,TA,Y,100,48,0,0,0,0,,,,0,11,2007,WD ,Abnorml
1110,280000,1836,20,RL,107.0,11362,Pave,,IR1,Lvl,AllPub,Inside,Gtl,NridgHt,Norm,Norm,1Fam,1Story,8,5,2004,2005,Gable,CompShg,MetalSd,MetalSd,Stone,42.0,Gd,TA,PConc,Ex,TA,Mn,GLQ,1039.0,Unf,0.0,797.0,1836.0,GasA,Ex,Y,SBrkr,1836,0,0,1.0,0.0,2,0,3,1,Gd,7,Typ,1,Gd,Attchd,2004.0,Fin,3.0,862.0,TA,TA,Y,125,185,0,0,0,0,,,,0,3,2009,WD ,Normal
1111,188000,1658,60,RL,,8000,Pave,,Reg,Lvl,AllPub,Inside,Gtl,Gilbert,Norm,Norm,1Fam,2Story,6,5,1995,1996,Gable,CompShg,HdBoard,HdBoard,None,0.0,TA,TA,PConc,Gd,TA,No,GLQ,219.0,Unf,0.0,554.0,773.0,GasA,Gd,Y,SBrkr,773,885,0,1.0,0.0,2,1,3,1,TA,8,Typ,1,TA,Attchd,1995.0,Fin,2.0,431.0,TA,TA,Y,224,84,0,0,0,0,,,,0,6,2008,WD ,Normal
1112,205000,1964,60,RL,80.0,10480,Pave,,Reg,Lvl,AllPub,Inside,Gtl,NWAmes,Norm,Norm,1Fam,2Story,7,6,1976,1976,Hip,CompShg,Plywood,Plywood,BrkFace,660.0,TA,TA,CBlock,TA,TA,No,ALQ,403.0,Unf,0.0,400.0,803.0,GasA,TA,Y,SBrkr,1098,866,0,0.0,0.0,2,1,4,1,TA,8,Typ,1,Gd,Attchd,1976.0,RFn,2.0,483.0,TA,TA,Y,0,69,0,0,0,0,,,,0,9,2008,WD ,Normal
1113,129900,816,20,RL,73.0,7100,Pave,,IR1,Lvl,AllPub,Corner,Gtl,NAmes,Norm,Norm,1Fam,1Story,5,7,1957,1957,Gable,CompShg,WdShing,Wd Shng,None,0.0,TA,TA,CBlock,TA,TA,No,GLQ,708.0,Unf,0.0,108.0,816.0,GasA,TA,Y,FuseA,816,0,0,1.0,0.0,1,0,2,1,TA,5,Typ,0,,Detchd,1957.0,Unf,1.0,308.0,TA,TA,Y,0,0,0,0,0,0,,,,0,7,2006,WD ,Normal
1114,134500,1008,20,RL,66.0,8923,Pave,,Reg,Lvl,AllPub,Inside,Gtl,NAmes,Norm,Norm,1Fam,1Story,5,7,1953,2006,Gable,CompShg,Wd Sdng,Wd Sdng,None,0.0,TA,TA,CBlock,TA,TA,No,BLQ,643.0,Unf,0.0,365.0,1008.0,GasA,Gd,Y,SBrkr,1008,0,0,1.0,0.0,1,0,2,1,Gd,6,Typ,0,,Attchd,1953.0,Unf,1.0,240.0,TA,TA,Y,0,18,0,0,0,0,,,,0,5,2007,WD ,Normal
1115,117000,833,20,RL,90.0,5400,Pave,,Reg,Lvl,AllPub,Inside,Gtl,OldTown,Norm,Norm,1Fam,1Story,5,7,1954,2000,Gable,CompShg,MetalSd,MetalSd,None,0.0,TA,Gd,CBlock,TA,TA,No,Rec,415.0,Unf,0.0,418.0,833.0,GasA,Ex,Y,SBrkr,833,0,0,0.0,0.0,1,0,2,1,Gd,4,Typ,0,,Detchd,1955.0,Unf,1.0,326.0,TA,TA,Y,0,0,0,0,0,0,,MnPrv,,0,8,2006,WD ,Normal
1116,318000,1734,20,RL,93.0,12085,Pave,,Reg,Lvl,AllPub,Inside,Gtl,NridgHt,Norm,Norm,1Fam,1Story,8,5,2007,2007,Hip,CompShg,VinylSd,VinylSd,Stone,328.0,Gd,TA,PConc,Ex,TA,No,GLQ,1004.0,Unf,0.0,730.0,1734.0,GasA,Ex,Y,SBrkr,1734,0,0,1.0,0.0,2,0,3,1,Ex,7,Typ,1,Gd,Attchd,2007.0,RFn,3.0,928.0,TA,TA,Y,0,0,0,0,0,0,,,,0,11,2007,New,Partial
1117,184100,1419,80,RL,,7750,Pave,,Reg,Lvl,AllPub,Inside,Gtl,Gilbert,Norm,Norm,1Fam,SLvl,8,5,2002,2002,Hip,CompShg,VinylSd,VinylSd,None,0.0,Gd,TA,PConc,Gd,TA,No,GLQ,353.0,Unf,0.0,55.0,408.0,GasA,Ex,Y,SBrkr,779,640,0,1.0,0.0,2,1,3,1,Gd,7,Typ,1,TA,BuiltIn,2002.0,Fin,2.0,527.0,TA,TA,Y,120,0,0,0,0,0,,,,0,3,2009,WD ,Normal
1118,130000,894,20,RL,57.0,9764,Pave,,IR1,Lvl,AllPub,FR2,Gtl,Sawyer,Feedr,Norm,1Fam,1Story,5,7,1967,2003,Gable,CompShg,VinylSd,VinylSd,None,0.0,TA,TA,CBlock,TA,TA,No,BLQ,702.0,Unf,0.0,192.0,894.0,GasA,Ex,Y,SBrkr,894,0,0,1.0,0.0,1,0,3,1,Gd,5,Typ,0,,Attchd,1967.0,RFn,2.0,450.0,TA,TA,Y,0,0,0,0,0,0,,,,0,5,2008,WD ,Normal
1119,140000,1601,80,RL,85.0,13825,Pave,,Reg,Lvl,AllPub,Inside,Gtl,Sawyer,Norm,Norm,1Fam,SLvl,5,6,1958,1987,Gable,CompShg,MetalSd,MetalSd,None,0.0,TA,Gd,CBlock,TA,TA,No,Unf,0.0,Unf,0.0,533.0,533.0,GasA,TA,Y,SBrkr,1021,580,0,0.0,1.0,1,0,3,1,TA,6,Min2,0,,BuiltIn,1958.0,RFn,1.0,300.0,TA,TA,Y,280,34,0,0,0,0,,,,0,12,2008,WD ,Normal
1120,133700,1040,20,RL,70.0,7560,Pave,,Reg,Lvl,AllPub,Inside,Gtl,NAmes,Norm,Norm,1Fam,1Story,5,5,1959,1959,Gable,CompShg,BrkFace,Wd Sdng,None,0.0,TA,TA,CBlock,TA,TA,No,LwQ,369.0,Unf,0.0,671.0,1040.0,GasA,TA,Y,FuseA,1040,0,0,0.0,0.0,1,0,3,1,TA,6,Typ,0,,Attchd,1959.0,RFn,1.0,286.0,TA,TA,Y,140,0,252,0,0,0,,GdWo,,0,7,2006,WD ,Normal
1121,118400,1012,30,RM,59.0,8263,Pave,,Reg,Bnk,AllPub,Inside,Mod,IDOTRR,Norm,Norm,1Fam,1Story,6,5,1920,1950,Gable,CompShg,BrkFace,BrkFace,None,0.0,TA,TA,BrkTil,TA,TA,No,Unf,0.0,Unf,0.0,1012.0,1012.0,GasA,TA,Y,FuseA,1012,0,0,0.0,0.0,1,0,2,1,TA,6,Typ,1,Gd,Detchd,1920.0,Unf,1.0,308.0,TA,TA,Y,0,22,112,0,0,0,,MnPrv,,0,5,2007,WD ,Normal
1122,212900,1552,20,RL,84.0,10084,Pave,,Reg,Lvl,AllPub,Inside,Gtl,CollgCr,Norm,Norm,1Fam,1Story,7,5,2005,2006,Gable,CompShg,VinylSd,VinylSd,BrkFace,196.0,Gd,TA,PConc,Gd,TA,Av,GLQ,24.0,Unf,0.0,1528.0,1552.0,GasA,Ex,Y,SBrkr,1552,0,0,0.0,0.0,2,0,3,1,Gd,7,Typ,0,,Attchd,2005.0,RFn,3.0,782.0,TA,TA,Y,144,20,0,0,0,0,,,,0,7,2006,New,Partial
1123,112000,960,20,RL,,8926,Pave,,IR1,Lvl,AllPub,Corner,Gtl,Edwards,Norm,Norm,1Fam,1Story,4,3,1956,1956,Gable,CompShg,AsbShng,AsbShng,None,0.0,TA,TA,CBlock,TA,TA,No,Unf,0.0,Unf,0.0,672.0,672.0,GasA,Ex,Y,FuseA,960,0,0,0.0,0.0,1,0,3,1,TA,5,Typ,0,,Basment,1956.0,Unf,1.0,288.0,TA,TA,Y,64,0,0,0,160,0,,MnPrv,,0,10,2009,COD,Abnorml
1124,118000,698,20,RL,50.0,9405,Pave,,Reg,Lvl,AllPub,Inside,Gtl,Edwards,Norm,Norm,1Fam,1Story,5,9,1947,2008,Hip,CompShg,VinylSd,VinylSd,None,0.0,TA,Ex,CBlock,TA,TA,No,Unf,0.0,Unf,0.0,698.0,698.0,GasA,Ex,Y,SBrkr,698,0,0,0.0,1.0,1,0,2,1,TA,4,Typ,0,,,,,0.0,0.0,,,Y,0,200,0,0,0,0,,,,0,6,2009,WD ,Normal
1125,163900,1482,80,RL,,9125,Pave,,IR1,Lvl,AllPub,Inside,Gtl,Gilbert,Norm,Norm,1Fam,SLvl,7,5,1992,1992,Gable,CompShg,HdBoard,HdBoard,BrkFace,170.0,TA,TA,PConc,Gd,TA,No,Unf,0.0,Unf,0.0,384.0,384.0,GasA,Gd,Y,SBrkr,812,670,0,0.0,0.0,2,1,3,1,Gd,7,Typ,1,TA,Attchd,1992.0,Fin,2.0,392.0,TA,TA,Y,100,25,0,0,0,0,,,,0,7,2007,WD ,Normal
1126,115000,1005,20,RL,60.0,10434,Pave,,Reg,Lvl,AllPub,Inside,Gtl,NAmes,Norm,Norm,1Fam,1Story,4,5,1955,1955,Gable,CompShg,Plywood,Plywood,None,0.0,TA,TA,CBlock,TA,TA,No,Unf,0.0,Unf,0.0,1005.0,1005.0,GasA,TA,Y,SBrkr,1005,0,0,0.0,0.0,1,0,2,1,Fa,5,Typ,1,TA,Detchd,1977.0,Unf,2.0,672.0,Fa,Fa,Y,0,0,0,0,0,0,,,,0,11,2009,WD ,Normal
1127,174000,1555,120,RL,53.0,3684,Pave,,Reg,Lvl,AllPub,Inside,Gtl,Blmngtn,Norm,Norm,TwnhsE,1Story,7,5,2007,2007,Hip,CompShg,VinylSd,VinylSd,BrkFace,130.0,Gd,TA,PConc,Gd,TA,No,Unf,0.0,Unf,0.0,1373.0,1373.0,GasA,Ex,Y,SBrkr,1555,0,0,0.0,0.0,2,0,2,1,Gd,7,Typ,1,TA,Attchd,2007.0,Fin,3.0,660.0,TA,TA,Y,143,20,0,0,0,0,,,,0,6,2009,WD ,Normal
1128,259000,1530,20,RL,182.0,14572,Pave,,IR3,Lvl,AllPub,Corner,Gtl,Gilbert,Norm,Norm,1Fam,1Story,7,5,2004,2004,Hip,CompShg,VinylSd,VinylSd,None,0.0,Gd,TA,PConc,Gd,TA,Av,GLQ,1300.0,Unf,0.0,230.0,1530.0,GasA,Ex,Y,SBrkr,1530,0,0,1.0,0.0,2,0,3,1,Gd,7,Typ,1,Gd,Attchd,2004.0,Fin,3.0,630.0,TA,TA,Y,144,36,0,0,0,0,,,,0,11,2007,WD ,Family
1129,215000,1959,60,RL,59.0,11796,Pave,,IR1,Lvl,AllPub,Inside,Gtl,Gilbert,Norm,Norm,1Fam,2Story,7,5,2004,2005,Gable,CompShg,VinylSd,VinylSd,None,0.0,Gd,TA,PConc,Gd,TA,Av,Unf,0.0,Unf,0.0,847.0,847.0,GasA,Ex,Y,SBrkr,847,1112,0,0.0,0.0,2,1,4,1,Gd,8,Typ,1,Gd,BuiltIn,2004.0,Fin,2.0,434.0,TA,TA,Y,100,48,0,0,0,0,,,,0,7,2007,WD ,Normal
1130,140000,936,90,RM,60.0,7200,Pave,Grvl,Reg,Lvl,AllPub,Inside,Gtl,OldTown,Norm,Norm,Duplex,SFoyer,5,5,1980,1980,Gable,CompShg,MetalSd,MetalSd,BrkFace,180.0,TA,TA,CBlock,Gd,TA,Gd,GLQ,936.0,Unf,0.0,0.0,936.0,GasA,TA,Y,SBrkr,936,0,0,1.0,0.0,1,0,2,1,TA,4,Typ,0,,Detchd,1980.0,Unf,2.0,672.0,TA,TA,Y,49,0,0,0,0,0,,,,0,8,2007,WD ,Normal
1131,135000,1981,50,RL,65.0,7804,Pave,,Reg,Lvl,AllPub,Inside,Gtl,SWISU,Norm,Norm,1Fam,1.5Fin,4,3,1928,1950,Gable,CompShg,WdShing,Plywood,None,0.0,TA,TA,BrkTil,TA,TA,No,BLQ,622.0,Unf,0.0,500.0,1122.0,GasA,TA,Y,SBrkr,1328,653,0,1.0,0.0,2,0,4,1,Gd,7,Min2,2,TA,Detchd,1981.0,Unf,2.0,576.0,TA,TA,Y,431,44,0,0,0,0,,MnPrv,,0,12,2009,WD ,Normal
1132,93500,974,20,RL,63.0,10712,Pave,,Reg,Lvl,AllPub,Inside,Gtl,Mitchel,Norm,Norm,1Fam,1Story,5,5,1991,1992,Gable,CompShg,HdBoard,HdBoard,None,0.0,TA,TA,PConc,Gd,TA,Mn,BLQ,212.0,Unf,0.0,762.0,974.0,GasA,TA,Y,SBrkr,974,0,0,0.0,0.0,1,0,3,1,TA,5,Typ,0,,,,,0.0,0.0,,,Y,0,28,0,0,0,0,,MnPrv,,0,9,2007,Oth,Abnorml
1133,117500,2210,70,RM,90.0,9900,Pave,,Reg,Lvl,AllPub,Inside,Gtl,OldTown,Norm,Norm,1Fam,2Story,6,4,1880,1950,Gable,CompShg,Wd Sdng,Wd Sdng,None,0.0,TA,TA,BrkTil,TA,TA,Mn,Unf,0.0,Unf,0.0,1008.0,1008.0,GasW,TA,Y,SBrkr,1178,1032,0,0.0,0.0,2,0,5,1,Fa,8,Typ,0,,Detchd,1930.0,Unf,1.0,205.0,Fa,TA,N,0,48,0,0,0,0,,,,0,5,2007,WD ,Normal
1134,239500,2020,60,RL,80.0,9828,Pave,,IR1,Lvl,AllPub,Inside,Gtl,SawyerW,Norm,Norm,1Fam,2Story,8,5,1995,1995,Gable,CompShg,VinylSd,VinylSd,None,0.0,Gd,TA,PConc,Gd,TA,No,GLQ,584.0,Unf,0.0,544.0,1128.0,GasA,Ex,Y,SBrkr,1142,878,0,0.0,0.0,2,1,3,1,Gd,8,Typ,1,TA,Attchd,1995.0,RFn,2.0,466.0,TA,TA,Y,0,155,0,0,0,0,,,,0,6,2009,WD ,Normal
1135,169000,1600,60,RL,57.0,8773,Pave,,IR1,HLS,AllPub,Inside,Gtl,Gilbert,Norm,Norm,1Fam,2Story,6,5,1997,1997,Gable,CompShg,VinylSd,VinylSd,None,0.0,TA,TA,PConc,Gd,TA,Av,Unf,0.0,Unf,0.0,916.0,916.0,GasA,Gd,Y,SBrkr,916,684,0,0.0,0.0,2,1,3,1,TA,7,Typ,1,TA,Attchd,1997.0,Fin,2.0,460.0,TA,TA,Y,100,38,0,0,0,0,,,,0,8,2007,WD ,Normal
1136,102000,986,30,RM,60.0,6180,Pave,,Reg,Lvl,AllPub,Corner,Gtl,BrkSide,Norm,Norm,1Fam,1Story,6,5,1926,1950,Gable,CompShg,Wd Sdng,Wd Sdng,None,0.0,TA,TA,BrkTil,TA,TA,No,Unf,0.0,Unf,0.0,960.0,960.0,GasA,TA,N,SBrkr,986,0,0,0.0,0.0,1,0,2,1,TA,5,Typ,1,Gd,Detchd,1926.0,Unf,1.0,180.0,TA,TA,Y,0,128,0,0,0,0,,,,0,5,2007,WD ,Normal
1137,119000,1252,50,RL,80.0,9600,Pave,,Reg,Lvl,AllPub,Inside,Gtl,NAmes,Norm,Norm,1Fam,1.5Fin,6,5,1950,1950,Gable,CompShg,VinylSd,VinylSd,None,0.0,TA,TA,CBlock,TA,TA,No,BLQ,280.0,Unf,0.0,752.0,1032.0,GasA,TA,Y,FuseA,1032,220,0,0.0,0.0,1,0,3,1,TA,6,Typ,0,,Attchd,1950.0,Unf,1.0,288.0,TA,TA,Y,0,0,96,0,0,0,,,,0,4,2008,WD ,Abnorml
1138,94000,1020,50,RL,54.0,6342,Pave,,Reg,Lvl,AllPub,Inside,Gtl,Sawyer,Feedr,Norm,1Fam,1.5Fin,5,8,1875,1996,Gable,CompShg,VinylSd,VinylSd,None,0.0,TA,Gd,CBlock,TA,TA,No,Unf,0.0,Unf,0.0,780.0,780.0,GasA,Gd,N,SBrkr,780,240,0,0.0,0.0,1,0,2,1,TA,6,Typ,0,,,,,0.0,0.0,,,N,0,0,176,0,0,0,,,,0,5,2010,WD ,Normal
1139,196000,1567,20,RL,,9819,Pave,,IR1,Lvl,AllPub,Inside,Mod,Mitchel,Norm,Norm,1Fam,1Story,6,5,1977,1977,Gable,CompShg,Plywood,ImStucc,None,0.0,TA,TA,PConc,TA,TA,Gd,ALQ,1567.0,Unf,0.0,0.0,1567.0,GasA,TA,Y,SBrkr,1567,0,0,1.0,0.0,2,0,2,1,Gd,5,Typ,2,TA,Attchd,1977.0,RFn,2.0,714.0,TA,TA,Y,264,32,0,0,0,0,,,,0,5,2009,WD ,Normal
1140,144000,1167,30,RL,98.0,8731,Pave,,IR1,Lvl,AllPub,Inside,Gtl,BrkSide,Norm,Norm,1Fam,1Story,5,5,1920,1950,Gable,CompShg,Stucco,Stucco,None,0.0,TA,Fa,BrkTil,TA,TA,No,BLQ,645.0,Unf,0.0,270.0,915.0,GasA,TA,Y,SBrkr,1167,0,0,0.0,0.0,1,0,3,1,TA,6,Maj1,1,Gd,Detchd,1972.0,Unf,2.0,495.0,TA,TA,Y,0,0,216,0,126,0,,,,0,5,2007,WD ,Normal
1141,139000,952,20,RL,60.0,7350,Pave,,Reg,Lvl,AllPub,Corner,Gtl,NAmes,Norm,Norm,1Fam,1Story,5,7,1951,1951,Gable,CompShg,HdBoard,HdBoard,None,0.0,TA,TA,CBlock,TA,TA,Mn,ALQ,852.0,Unf,0.0,100.0,952.0,GasA,TA,Y,SBrkr,952,0,0,1.0,0.0,1,0,2,1,TA,4,Typ,0,,Detchd,1988.0,Unf,2.0,840.0,TA,TA,Y,0,0,0,0,0,0,,,,0,6,2008,COD,Abnorml
1142,197500,1868,60,RL,,10304,Pave,,IR1,Lvl,AllPub,CulDSac,Gtl,NWAmes,PosN,Norm,1Fam,2Story,5,7,1976,1976,Gable,CompShg,Plywood,Plywood,BrkFace,44.0,TA,Gd,CBlock,TA,TA,No,ALQ,381.0,Unf,0.0,399.0,780.0,GasA,Ex,Y,SBrkr,1088,780,0,1.0,0.0,2,1,4,1,Gd,9,Typ,1,TA,Attchd,1976.0,Unf,2.0,484.0,TA,TA,Y,448,96,0,0,0,0,,,,0,10,2009,WD ,Normal
1143,424870,2828,60,RL,77.0,9965,Pave,,Reg,Lvl,AllPub,Inside,Gtl,CollgCr,Norm,Norm,1Fam,2Story,8,5,2006,2007,Hip,CompShg,VinylSd,VinylSd,Stone,340.0,Gd,TA,PConc,Ex,TA,Gd,GLQ,1150.0,Unf,0.0,316.0,1466.0,GasA,Ex,Y,SBrkr,1466,1362,0,1.0,0.0,3,0,4,1,Gd,11,Typ,1,TA,BuiltIn,2006.0,RFn,3.0,1052.0,TA,TA,Y,125,144,0,0,0,0,,,,0,4,2007,New,Partial
1144,80000,1006,20,RL,,9000,Pave,,Reg,Lvl,AllPub,Inside,Gtl,Sawyer,Norm,Norm,1Fam,1Story,5,3,1959,1959,Gable,CompShg,Wd Sdng,Plywood,None,0.0,TA,TA,CBlock,TA,TA,No,GLQ,288.0,Unf,0.0,718.0,1006.0,GasA,TA,Y,SBrkr,1006,0,0,0.0,0.0,1,0,3,1,TA,5,Typ,0,,,,,0.0,0.0,,,Y,0,24,0,0,0,0,,,,0,7,2008,WD ,Normal
1145,80000,924,190,RL,60.0,12180,Pave,,Reg,Lvl,AllPub,Inside,Gtl,Edwards,Norm,Norm,2fmCon,1.5Fin,4,4,1941,1950,Gable,CompShg,MetalSd,MetalSd,None,0.0,TA,Fa,BrkTil,Gd,TA,No,BLQ,348.0,Unf,0.0,324.0,672.0,Grav,Fa,N,FuseA,672,252,0,1.0,0.0,1,0,2,1,Fa,5,Typ,0,,Detchd,1941.0,Unf,1.0,280.0,TA,TA,Y,0,0,0,0,0,0,,MnPrv,,0,7,2010,WD ,Normal
1146,149000,1576,50,RM,52.0,6240,Pave,,Reg,Lvl,AllPub,Inside,Gtl,BrkSide,Norm,Norm,1Fam,1.5Fin,5,6,1928,1950,Gable,CompShg,MetalSd,MetalSd,None,0.0,TA,TA,BrkTil,TA,TA,No,Unf,0.0,Unf,0.0,1042.0,1042.0,GasA,Ex,Y,SBrkr,1042,534,0,0.0,0.0,1,0,3,1,TA,8,Typ,1,Gd,Detchd,1928.0,Unf,1.0,225.0,TA,TA,Y,0,0,0,0,0,0,,,,0,8,2006,WD ,Family
1147,180000,1298,20,RL,,11200,Pave,,Reg,Lvl,AllPub,Inside,Gtl,SawyerW,Norm,Norm,1Fam,1Story,6,5,1985,1985,Gable,CompShg,Wd Sdng,Wd Shng,BrkFace,85.0,Gd,TA,CBlock,Gd,TA,No,GLQ,1258.0,Unf,0.0,40.0,1298.0,GasA,TA,Y,SBrkr,1298,0,0,1.0,0.0,2,0,3,1,Gd,5,Typ,1,TA,Attchd,1985.0,Unf,2.0,403.0,TA,TA,Y,165,26,0,0,0,0,,,,0,5,2006,WD ,Normal
1148,174500,1564,70,RL,75.0,12000,Pave,,Reg,Bnk,AllPub,Inside,Gtl,Crawfor,Norm,Norm,1Fam,2Story,7,7,1941,1950,Gable,CompShg,MetalSd,MetalSd,None,0.0,TA,TA,CBlock,TA,TA,No,Rec,275.0,Unf,0.0,429.0,704.0,GasA,Ex,Y,SBrkr,860,704,0,0.0,0.0,1,1,3,1,Fa,7,Typ,1,Gd,Attchd,1941.0,Unf,1.0,234.0,TA,TA,Y,0,0,0,0,0,0,,,,0,7,2009,WD ,Normal
1149,116900,1111,50,RM,,5700,Pave,,Reg,Lvl,AllPub,Inside,Gtl,OldTown,Norm,Norm,1Fam,1.5Fin,7,7,1926,1950,Gable,CompShg,Wd Sdng,Wd Sdng,None,0.0,TA,TA,PConc,TA,TA,No,Unf,0.0,Unf,0.0,572.0,572.0,GasA,TA,Y,SBrkr,572,539,0,0.0,0.0,1,0,2,1,TA,5,Typ,1,Gd,Detchd,1982.0,Unf,1.0,288.0,TA,TA,Y,0,0,176,0,0,0,,,,0,8,2008,WD ,Normal
1150,143000,1482,70,RM,50.0,9000,Pave,,Reg,Lvl,AllPub,Inside,Gtl,OldTown,Artery,Norm,1Fam,2Story,7,9,1920,1988,Hip,CompShg,VinylSd,VinylSd,None,0.0,TA,Gd,PConc,TA,TA,No,ALQ,624.0,Unf,0.0,26.0,650.0,GasA,Ex,Y,SBrkr,832,650,0,0.0,1.0,1,0,3,1,TA,7,Typ,0,,Detchd,1930.0,Unf,2.0,324.0,TA,TA,Y,0,0,0,0,0,0,,,,0,7,2009,WD ,Normal
1151,124000,932,20,RL,57.0,8280,Pave,,IR1,Lvl,AllPub,Inside,Gtl,NAmes,Norm,Norm,1Fam,1Story,6,5,1950,1950,Gable,CompShg,BrkFace,BrkFace,None,0.0,TA,TA,CBlock,TA,TA,No,Unf,0.0,Unf,0.0,932.0,932.0,GasA,Ex,Y,FuseA,932,0,0,0.0,0.0,1,0,2,1,Gd,4,Typ,1,Gd,Attchd,1950.0,Unf,1.0,306.0,TA,TA,Y,0,0,214,0,0,0,,GdPrv,,0,11,2007,WD ,Normal
1152,149900,1466,20,RL,134.0,17755,Pave,,Reg,Lvl,AllPub,Inside,Gtl,Edwards,Norm,Norm,1Fam,1Story,5,4,1959,1959,Gable,CompShg,HdBoard,Plywood,BrkFace,132.0,TA,TA,CBlock,TA,TA,No,BLQ,176.0,Unf,0.0,1290.0,1466.0,GasA,TA,Y,SBrkr,1466,0,0,0.0,0.0,1,1,3,1,Fa,6,Typ,2,Gd,Attchd,1959.0,Fin,2.0,528.0,TA,TA,Y,0,140,0,0,100,0,,,,0,11,2006,WD ,Normal
1153,230000,1811,20,RL,90.0,14115,Pave,,IR1,Lvl,AllPub,Inside,Gtl,Crawfor,Norm,Norm,1Fam,1Story,6,7,1956,2004,Gable,CompShg,Stone,Stone,None,0.0,TA,TA,PConc,TA,TA,No,ALQ,296.0,GLQ,547.0,230.0,1073.0,GasA,Ex,Y,SBrkr,1811,0,0,0.0,0.0,1,0,2,1,Ex,6,Typ,1,Gd,Attchd,1956.0,Fin,2.0,470.0,TA,TA,Y,0,0,280,0,0,0,,,,0,7,2006,WD ,Abnorml
1154,120500,816,30,RM,,5890,Pave,,Reg,Lvl,AllPub,Corner,Gtl,IDOTRR,Norm,Norm,1Fam,1Story,6,8,1930,2007,Gable,CompShg,Wd Sdng,Wd Sdng,None,0.0,Gd,Gd,BrkTil,TA,TA,Av,ALQ,538.0,Unf,0.0,278.0,816.0,GasA,Ex,Y,SBrkr,816,0,0,0.0,0.0,1,0,2,1,TA,5,Typ,0,,Detchd,2002.0,Unf,1.0,432.0,TA,TA,Y,0,0,96,0,0,0,,,,0,6,2008,WD ,Normal
1155,201800,1820,60,RL,,13700,Pave,,IR1,Lvl,AllPub,Inside,Gtl,NAmes,Norm,Norm,1Fam,2Story,7,6,1965,1988,Gable,CompShg,VinylSd,VinylSd,Stone,288.0,TA,TA,CBlock,TA,TA,Gd,ALQ,454.0,Unf,0.0,410.0,864.0,GasA,TA,Y,SBrkr,902,918,0,0.0,0.0,1,2,4,1,Gd,8,Typ,2,Gd,Attchd,1965.0,Unf,2.0,492.0,TA,TA,Y,60,84,0,0,273,0,,GdPrv,,0,5,2008,WD ,Normal
1156,218000,1437,20,RL,90.0,10768,Pave,,IR1,Lvl,AllPub,Corner,Gtl,Veenker,Norm,Norm,1Fam,1Story,5,8,1976,2004,Gable,CompShg,Plywood,Plywood,None,0.0,Gd,Gd,CBlock,Gd,TA,Gd,ALQ,1157.0,Unf,0.0,280.0,1437.0,GasA,TA,Y,SBrkr,1437,0,0,1.0,0.0,2,0,3,1,Gd,6,Typ,1,Fa,Attchd,1976.0,RFn,2.0,528.0,TA,TA,Y,0,21,0,0,180,0,,,,0,7,2007,WD ,Normal
1157,179900,1265,80,RL,85.0,9350,Pave,,Reg,Lvl,AllPub,Inside,Gtl,NAmes,Norm,Norm,1Fam,SLvl,5,8,1965,1999,Gable,CompShg,BrkFace,BrkFace,None,0.0,TA,Gd,PConc,TA,TA,Gd,ALQ,633.0,Unf,0.0,586.0,1219.0,GasA,Gd,Y,SBrkr,1265,0,0,0.0,1.0,2,0,3,1,Gd,6,Typ,1,Gd,Attchd,1965.0,RFn,2.0,502.0,TA,TA,Y,0,92,0,96,0,0,,MnPrv,,0,10,2008,WD ,Normal
1158,230000,1314,120,RL,34.0,5001,Pave,,IR1,Lvl,AllPub,Inside,Gtl,NridgHt,Norm,Norm,Twnhs,1Story,7,5,2007,2008,Gable,CompShg,VinylSd,VinylSd,Stone,166.0,Gd,TA,PConc,Gd,TA,No,GLQ,904.0,Unf,0.0,410.0,1314.0,GasA,Ex,Y,SBrkr,1314,0,0,1.0,0.0,2,0,2,1,Gd,6,Typ,1,Gd,Attchd,2008.0,RFn,2.0,626.0,TA,TA,Y,172,62,0,0,0,0,,,,0,7,2009,WD ,Normal
1159,235128,1580,20,RL,92.0,11932,Pave,,Reg,Lvl,AllPub,FR2,Gtl,Somerst,Feedr,Norm,1Fam,1Story,8,5,2007,2008,Gable,CompShg,VinylSd,VinylSd,Stone,186.0,Gd,TA,PConc,Gd,TA,No,Unf,0.0,Unf,0.0,1580.0,1580.0,GasA,Ex,Y,SBrkr,1580,0,0,0.0,0.0,2,0,3,1,Gd,7,Typ,0,,Attchd,2008.0,RFn,3.0,830.0,TA,TA,Y,0,24,0,0,0,0,,,,0,6,2008,ConLD,Partial
1160,185000,1876,60,RL,76.0,9120,Pave,,Reg,Lvl,AllPub,Inside,Gtl,NWAmes,Norm,Norm,1Fam,2Story,6,6,1974,1974,Hip,CompShg,HdBoard,HdBoard,BrkFace,270.0,Gd,TA,CBlock,TA,TA,No,ALQ,442.0,Unf,0.0,459.0,901.0,GasA,TA,Y,SBrkr,943,933,0,0.0,0.0,2,1,4,1,Gd,8,Typ,1,TA,Attchd,1974.0,RFn,2.0,540.0,Gd,TA,Y,0,69,0,0,0,0,,,,0,7,2008,WD ,Normal
1161,146000,1456,160,RL,24.0,2280,Pave,,Reg,Lvl,AllPub,Inside,Gtl,NPkVill,Norm,Norm,Twnhs,2Story,6,5,1978,1978,Gable,CompShg,Plywood,Brk Cmn,None,0.0,TA,TA,CBlock,Gd,TA,No,ALQ,311.0,Unf,0.0,544.0,855.0,GasA,Fa,Y,SBrkr,855,601,0,0.0,0.0,2,1,3,1,TA,7,Typ,1,TA,Attchd,1978.0,Unf,2.0,440.0,TA,TA,Y,26,0,0,0,0,0,,,,0,7,2010,WD ,Normal
1162,224000,1640,20,RL,,14778,Pave,,IR1,Low,AllPub,CulDSac,Gtl,Crawfor,PosN,Norm,1Fam,1Story,6,7,1954,2006,Hip,CompShg,HdBoard,HdBoard,BrkFace,72.0,Gd,TA,CBlock,TA,TA,No,BLQ,728.0,Unf,0.0,568.0,1296.0,GasA,Ex,Y,SBrkr,1640,0,0,1.0,0.0,1,0,3,1,Gd,7,Typ,1,Gd,Detchd,1993.0,Unf,2.0,924.0,TA,TA,Y,108,0,0,216,0,0,,,,0,11,2008,WD ,Normal
1163,129000,894,20,RL,109.0,8724,Pave,,Reg,Lvl,AllPub,Inside,Gtl,Sawyer,Norm,Norm,1Fam,1Story,5,5,1968,1968,Gable,CompShg,VinylSd,VinylSd,None,0.0,TA,TA,CBlock,Gd,TA,No,BLQ,492.0,Unf,0.0,402.0,894.0,GasA,Gd,Y,SBrkr,894,0,0,0.0,0.0,1,0,3,1,TA,5,Typ,1,Po,Attchd,1968.0,Fin,2.0,450.0,TA,TA,Y,0,0,0,0,0,0,,,,0,5,2007,WD ,Normal
1164,108959,1258,90,RL,60.0,12900,Pave,,Reg,Lvl,AllPub,Inside,Gtl,Sawyer,Feedr,Norm,Duplex,SFoyer,4,4,1969,1969,Gable,CompShg,Plywood,Plywood,None,0.0,TA,TA,CBlock,Gd,TA,Av,GLQ,1198.0,Unf,0.0,0.0,1198.0,GasA,TA,Y,SBrkr,1258,0,0,2.0,0.0,0,2,0,2,TA,6,Typ,0,,CarPort,1969.0,Unf,2.0,400.0,Fa,TA,Y,120,0,0,0,0,0,,,,0,1,2008,WD ,Alloca
1165,194000,1432,80,RL,,16157,Pave,,IR1,Lvl,AllPub,FR2,Gtl,Veenker,Feedr,Norm,1Fam,SLvl,5,7,1978,1978,Gable,CompShg,Plywood,Plywood,None,0.0,TA,TA,PConc,Gd,TA,Gd,ALQ,680.0,Rec,391.0,289.0,1360.0,GasA,Ex,Y,SBrkr,1432,0,0,1.0,0.0,1,1,2,1,Gd,5,Typ,1,TA,Attchd,1978.0,Unf,2.0,588.0,TA,TA,Y,168,180,0,0,0,0,,,,0,6,2007,WD ,Normal
1166,233170,1502,20,RL,79.0,9541,Pave,,IR1,Lvl,AllPub,Inside,Gtl,NridgHt,Norm,Norm,1Fam,1Story,7,5,2009,2009,Gable,CompShg,VinylSd,VinylSd,Stone,268.0,Gd,TA,PConc,Gd,TA,No,Unf,0.0,Unf,0.0,1502.0,1502.0,GasA,Ex,Y,SBrkr,1502,0,0,0.0,0.0,2,0,3,1,Gd,7,Typ,0,,Attchd,2009.0,RFn,2.0,644.0,TA,TA,Y,0,114,0,0,0,0,,,,0,9,2009,New,Partial
1167,245350,1694,20,RL,64.0,10475,Pave,,IR1,Lvl,AllPub,Corner,Gtl,CollgCr,Norm,Norm,1Fam,1Story,8,5,2008,2008,Gable,CompShg,VinylSd,VinylSd,Stone,72.0,Gd,TA,PConc,Gd,TA,Av,Unf,0.0,Unf,0.0,1694.0,1694.0,GasA,Ex,Y,SBrkr,1694,0,0,0.0,0.0,2,0,3,1,Gd,7,Typ,0,,Attchd,2008.0,RFn,3.0,776.0,TA,TA,Y,160,33,0,0,0,0,,,,0,2,2010,WD ,Normal
1168,173000,1671,60,RL,58.0,10852,Pave,,IR1,Lvl,AllPub,Inside,Gtl,Gilbert,RRAn,Norm,1Fam,2Story,6,5,2000,2000,Gable,CompShg,VinylSd,VinylSd,None,0.0,TA,TA,PConc,Gd,TA,No,GLQ,786.0,Unf,0.0,173.0,959.0,GasA,Ex,Y,SBrkr,959,712,0,1.0,0.0,2,1,3,1,TA,7,Typ,1,TA,Attchd,2000.0,Fin,2.0,472.0,TA,TA,Y,0,38,0,0,0,0,,,,0,2,2006,WD ,Normal
1169,235000,2108,70,RL,120.0,13728,Pave,,Reg,Lvl,AllPub,Corner,Gtl,Edwards,Norm,Norm,1Fam,2Story,6,7,1935,1986,Hip,CompShg,Stucco,Stucco,None,0.0,TA,TA,CBlock,TA,TA,No,Rec,626.0,Unf,0.0,501.0,1127.0,GasA,Ex,Y,SBrkr,1236,872,0,0.0,0.0,2,0,4,1,Gd,7,Typ,2,TA,Basment,1935.0,Unf,2.0,540.0,TA,TA,Y,0,0,0,0,90,0,,,,0,7,2008,WD ,Normal
1170,625000,3627,60,RL,118.0,35760,Pave,,IR1,Lvl,AllPub,CulDSac,Gtl,NoRidge,Norm,Norm,1Fam,2Story,10,5,1995,1996,Hip,CompShg,HdBoard,HdBoard,BrkFace,1378.0,Gd,Gd,PConc,Ex,TA,Gd,GLQ,1387.0,Unf,0.0,543.0,1930.0,GasA,Ex,Y,SBrkr,1831,1796,0,1.0,0.0,3,1,4,1,Gd,10,Typ,1,TA,Attchd,1995.0,Fin,3.0,807.0,TA,TA,Y,361,76,0,0,0,0,,,,0,7,2006,WD ,Normal
1171,171000,1118,80,RL,76.0,9880,Pave,,Reg,Lvl,AllPub,Inside,Gtl,Mitchel,Norm,Norm,1Fam,SLvl,6,6,1977,1977,Gable,CompShg,Plywood,Plywood,None,0.0,TA,TA,CBlock,TA,TA,Av,ALQ,522.0,Unf,0.0,574.0,1096.0,GasA,TA,Y,SBrkr,1118,0,0,1.0,0.0,1,0,3,1,TA,6,Typ,1,Po,Attchd,1977.0,Fin,1.0,358.0,TA,TA,Y,203,0,0,0,0,576,Gd,GdPrv,,0,7,2008,WD ,Normal
1172,163000,1261,20,RL,76.0,9120,Pave,,Reg,Lvl,AllPub,Inside,Gtl,NAmes,Norm,Norm,1Fam,1Story,6,6,1958,1958,Hip,CompShg,MetalSd,MetalSd,None,0.0,TA,TA,CBlock,TA,TA,No,ALQ,662.0,Unf,0.0,599.0,1261.0,GasA,Ex,Y,SBrkr,1261,0,0,1.0,0.0,1,0,3,1,TA,6,Typ,1,TA,Attchd,1958.0,RFn,2.0,433.0,TA,TA,Y,0,0,0,0,288,0,,,Shed,1400,11,2008,WD ,Normal
1173,171900,1250,160,FV,35.0,4017,Pave,Pave,IR1,Lvl,AllPub,Inside,Gtl,Somerst,Norm,Norm,TwnhsE,2Story,7,5,2006,2007,Gable,CompShg,MetalSd,MetalSd,None,0.0,Gd,TA,PConc,Gd,TA,No,Unf,0.0,Unf,0.0,625.0,625.0,GasA,Ex,Y,SBrkr,625,625,0,0.0,0.0,2,1,2,1,Gd,5,Typ,0,,Detchd,2006.0,Fin,2.0,625.0,TA,TA,Y,0,54,0,0,0,0,,,,0,3,2008,WD ,Normal
1174,200500,3086,50,RL,138.0,18030,Pave,,IR1,Bnk,AllPub,Inside,Gtl,ClearCr,Norm,Norm,1Fam,1.5Fin,5,6,1946,1994,Gable,CompShg,MetalSd,MetalSd,None,0.0,TA,TA,CBlock,TA,TA,No,Rec,152.0,BLQ,469.0,977.0,1598.0,GasA,TA,Y,SBrkr,1636,971,479,0.0,0.0,3,0,3,1,Ex,12,Maj1,1,Gd,,,,0.0,0.0,,,Y,122,0,0,0,0,0,,MnPrv,,0,3,2007,WD ,Normal
1175,239000,2345,70,RL,80.0,16560,Pave,,IR1,Lvl,AllPub,Inside,Gtl,Crawfor,Norm,Norm,1Fam,2Story,6,8,1932,1950,Gable,CompShg,Wd Sdng,Wd Sdng,None,0.0,TA,TA,BrkTil,Gd,TA,No,Rec,503.0,Unf,0.0,449.0,952.0,GasA,TA,Y,SBrkr,1170,1175,0,0.0,0.0,2,1,4,1,TA,9,Typ,1,Gd,Detchd,1932.0,Unf,2.0,360.0,TA,TA,Y,0,0,0,0,0,0,,,,0,7,2006,WD ,Normal
1176,285000,2872,50,RL,85.0,10678,Pave,,Reg,Lvl,AllPub,Inside,Gtl,NoRidge,Norm,Norm,1Fam,1.5Fin,8,5,1992,2000,Hip,CompShg,HdBoard,HdBoard,BrkFace,337.0,Gd,TA,PConc,Gd,TA,No,GLQ,700.0,Unf,0.0,983.0,1683.0,GasA,Ex,Y,SBrkr,2129,743,0,0.0,0.0,2,1,4,1,Gd,9,Typ,1,TA,Attchd,1992.0,Fin,2.0,541.0,TA,TA,Y,0,33,0,0,0,0,,,,0,4,2007,WD ,Normal
1177,119500,923,20,RL,37.0,6951,Pave,,IR1,Lvl,AllPub,CulDSac,Gtl,Mitchel,Norm,Norm,1Fam,1Story,5,5,1984,1985,Gable,CompShg,HdBoard,Plywood,None,0.0,TA,TA,CBlock,TA,TA,No,ALQ,658.0,Unf,0.0,218.0,876.0,GasA,TA,Y,SBrkr,923,0,0,1.0,0.0,1,0,3,1,TA,5,Typ,0,,Attchd,1984.0,Unf,1.0,264.0,TA,TA,Y,362,0,0,0,0,0,,MnPrv,,0,10,2008,WD ,Normal
1178,115000,1224,50,RM,,3950,Pave,Grvl,Reg,Bnk,AllPub,Inside,Gtl,OldTown,Artery,Norm,1Fam,1.5Fin,6,8,1926,2004,Gable,CompShg,MetalSd,MetalSd,None,0.0,TA,TA,CBlock,TA,TA,No,Rec,468.0,Unf,0.0,350.0,818.0,GasA,TA,Y,SBrkr,818,406,0,0.0,0.0,1,0,3,1,TA,5,Typ,0,,Detchd,1926.0,Unf,1.0,210.0,TA,TA,N,0,0,116,0,0,0,,,,0,12,2009,WD ,Normal
1179,154900,1343,50,RL,54.0,7681,Pave,,IR1,Lvl,AllPub,FR2,Gtl,Crawfor,Norm,Norm,1Fam,1.5Fin,5,6,1921,1950,Gable,CompShg,Wd Sdng,Wd Sdng,None,0.0,TA,TA,BrkTil,TA,TA,No,Unf,0.0,Unf,0.0,731.0,731.0,GasA,Ex,Y,SBrkr,820,523,0,0.0,0.0,1,1,3,1,TA,7,Typ,1,Gd,Detchd,1921.0,Unf,1.0,186.0,Fa,TA,Y,192,0,102,0,0,0,,,,0,7,2009,WD ,Normal
1180,93000,1124,20,RL,77.0,8335,Pave,,Reg,Lvl,AllPub,Corner,Gtl,Edwards,Norm,Norm,1Fam,1Story,5,5,1954,1954,Gable,CompShg,Wd Sdng,Wd Sdng,None,0.0,TA,TA,Slab,,,,,0.0,,0.0,0.0,0.0,GasA,Gd,Y,SBrkr,1124,0,0,0.0,0.0,1,0,3,1,TA,5,Min2,1,Gd,,,,0.0,0.0,,,N,0,36,190,0,0,0,,,,0,4,2006,WD ,Normal
1181,250000,2514,60,RL,,11170,Pave,,IR2,Lvl,AllPub,Corner,Gtl,Timber,Norm,Norm,1Fam,2Story,7,5,1990,1991,Gable,CompShg,MetalSd,MetalSd,None,0.0,TA,TA,Wood,Gd,TA,No,LwQ,1216.0,Unf,0.0,0.0,1216.0,GasA,Ex,Y,SBrkr,1298,1216,0,0.0,0.0,2,1,4,1,TA,8,Typ,0,,Attchd,1990.0,Fin,2.0,693.0,TA,TA,Y,0,0,0,0,0,0,,GdPrv,,0,4,2006,WD ,Normal
1182,392500,1652,120,RM,64.0,5587,Pave,,IR1,HLS,AllPub,Inside,Mod,Crawfor,Norm,Norm,TwnhsE,1Story,8,5,2008,2008,Hip,CompShg,CemntBd,CmentBd,Stone,186.0,Ex,TA,PConc,Ex,TA,Gd,GLQ,1480.0,Unf,0.0,120.0,1600.0,GasA,Ex,Y,SBrkr,1652,0,0,1.0,1.0,2,0,2,1,Gd,5,Typ,1,Gd,Attchd,2008.0,Fin,2.0,482.0,TA,TA,Y,162,53,0,153,0,0,,,,0,11,2008,New,Partial
1183,745000,4476,60,RL,160.0,15623,Pave,,IR1,Lvl,AllPub,Corner,Gtl,NoRidge,Norm,Norm,1Fam,2Story,10,5,1996,1996,Hip,CompShg,Wd Sdng,ImStucc,None,0.0,Gd,TA,PConc,Ex,TA,Av,GLQ,2096.0,Unf,0.0,300.0,2396.0,GasA,Ex,Y,SBrkr,2411,2065,0,1.0,0.0,3,1,4,1,Ex,10,Typ,2,TA,Attchd,1996.0,Fin,3.0,813.0,TA,TA,Y,171,78,0,0,0,555,Ex,MnPrv,,0,7,2007,WD ,Abnorml
1184,120000,1130,30,RL,60.0,10800,Pave,Grvl,Reg,Lvl,AllPub,Inside,Gtl,OldTown,Norm,Norm,1Fam,1Story,5,6,1920,1950,Hip,CompShg,Stucco,Stucco,None,0.0,TA,TA,BrkTil,TA,TA,No,Rec,821.0,Unf,0.0,299.0,1120.0,GasA,Ex,Y,SBrkr,1130,0,0,1.0,0.0,1,0,2,1,TA,5,Typ,1,Gd,Detchd,1970.0,Unf,2.0,720.0,TA,TA,Y,229,0,0,0,0,0,,,,0,6,2006,WD ,Normal
1185,186700,1572,20,RL,50.0,35133,Grvl,,Reg,Lvl,AllPub,Inside,Mod,Timber,Norm,Norm,1Fam,1Story,5,4,1963,1963,Hip,CompShg,MetalSd,MetalSd,BrkFace,226.0,TA,TA,CBlock,TA,TA,Gd,Rec,1159.0,Unf,0.0,413.0,1572.0,GasA,Gd,Y,SBrkr,1572,0,0,1.0,0.0,1,1,3,1,TA,5,Typ,2,TA,2Types,1963.0,RFn,3.0,995.0,TA,TA,Y,0,263,0,0,263,0,,,,0,5,2007,WD ,Normal
1186,104900,1221,50,RL,60.0,9738,Pave,,Reg,Lvl,AllPub,Inside,Gtl,Edwards,Norm,Norm,1Fam,1.5Fin,5,7,1924,1950,Gable,CompShg,AsbShng,AsbShng,None,0.0,TA,Gd,BrkTil,TA,TA,No,BLQ,392.0,Unf,0.0,392.0,784.0,GasA,Gd,Y,SBrkr,949,272,0,1.0,0.0,1,0,4,1,TA,7,Typ,0,,Attchd,1965.0,Unf,1.0,392.0,TA,TA,Y,0,0,236,0,0,0,,,,0,3,2006,WD ,Normal
1187,95000,1699,190,RL,107.0,10615,Pave,,IR1,Bnk,AllPub,Corner,Mod,OldTown,Artery,Artery,2fmCon,2Story,3,5,1900,1970,Gable,CompShg,HdBoard,HdBoard,None,0.0,TA,TA,CBlock,Fa,TA,Mn,BLQ,440.0,Unf,0.0,538.0,978.0,GasA,TA,Y,SBrkr,1014,685,0,1.0,0.0,2,0,3,2,TA,7,Typ,0,,CarPort,1920.0,Unf,2.0,420.0,Fa,Fa,Y,0,74,0,0,0,0,,,,0,8,2009,WD ,Abnorml
1188,262000,1624,20,RL,89.0,12461,Pave,,Reg,Lvl,AllPub,Corner,Gtl,NoRidge,Norm,Norm,1Fam,1Story,8,5,1994,1995,Gable,CompShg,ImStucc,ImStucc,None,0.0,Gd,TA,PConc,Gd,TA,No,GLQ,1456.0,Unf,0.0,168.0,1624.0,GasA,Ex,Y,SBrkr,1624,0,0,1.0,0.0,2,0,2,1,Gd,5,Typ,1,Fa,Attchd,1994.0,RFn,3.0,757.0,TA,TA,Y,0,114,192,0,0,0,,GdPrv,,0,7,2006,WD ,Normal
1189,195000,1660,60,RL,68.0,8935,Pave,,IR1,Lvl,AllPub,Inside,Gtl,CollgCr,Norm,Norm,1Fam,2Story,7,5,2002,2002,Gable,CompShg,VinylSd,VinylSd,BrkFace,95.0,Gd,TA,PConc,Gd,TA,No,Unf,0.0,Unf,0.0,831.0,831.0,GasA,Ex,Y,SBrkr,831,829,0,0.0,0.0,2,1,3,1,Gd,7,Typ,0,,Attchd,2002.0,RFn,2.0,493.0,TA,TA,Y,144,68,0,0,0,0,,,,0,7,2009,WD ,Normal
1190,189000,1804,60,RL,60.0,7500,Pave,,Reg,Lvl,AllPub,Inside,Gtl,Gilbert,Norm,Norm,1Fam,2Story,7,5,1999,1999,Gable,CompShg,VinylSd,VinylSd,None,0.0,TA,TA,PConc,TA,TA,No,Unf,0.0,Unf,0.0,994.0,994.0,GasA,Gd,Y,SBrkr,1028,776,0,0.0,0.0,2,1,3,1,Gd,7,Typ,1,TA,Attchd,1999.0,Fin,2.0,442.0,TA,TA,Y,140,60,0,0,0,0,,,,0,6,2010,WD ,Normal
1191,168000,1622,190,RL,,32463,Pave,,Reg,Low,AllPub,Inside,Mod,Mitchel,Norm,Norm,2fmCon,1Story,4,4,1961,1975,Gable,CompShg,MetalSd,MetalSd,Stone,149.0,TA,Gd,CBlock,TA,TA,Av,BLQ,1159.0,Unf,0.0,90.0,1249.0,GasA,Ex,Y,SBrkr,1622,0,0,1.0,0.0,1,0,3,1,TA,7,Typ,1,TA,2Types,1975.0,Fin,4.0,1356.0,TA,TA,Y,439,0,0,0,0,0,,,,0,3,2007,WD ,Normal
1192,174000,1441,160,FV,24.0,2645,Pave,Pave,Reg,Lvl,AllPub,Inside,Gtl,Somerst,Norm,Norm,Twnhs,2Story,8,5,1999,2000,Gable,CompShg,MetalSd,MetalSd,BrkFace,456.0,Gd,TA,PConc,Gd,TA,No,Unf,0.0,Unf,0.0,776.0,776.0,GasA,Ex,Y,SBrkr,764,677,0,0.0,0.0,2,1,2,1,Gd,5,Typ,0,,Detchd,1999.0,Unf,2.0,492.0,TA,TA,Y,206,0,0,0,0,0,,,,0,11,2007,WD ,Normal
1193,125000,1472,50,RM,60.0,9600,Pave,Grvl,Reg,Lvl,AllPub,Inside,Gtl,OldTown,Norm,Norm,1Fam,1.5Fin,5,8,1925,1994,Gambrel,CompShg,VinylSd,VinylSd,None,0.0,TA,TA,PConc,TA,TA,Mn,Unf,0.0,Unf,0.0,702.0,702.0,GasA,Gd,Y,SBrkr,842,630,0,0.0,0.0,1,0,3,1,Gd,6,Typ,0,,Detchd,1925.0,Unf,1.0,250.0,TA,Fa,P,0,0,84,0,0,0,,GdWo,,0,7,2007,WD ,Normal
1194,165000,1224,120,RM,,4500,Pave,,Reg,Lvl,AllPub,FR2,Gtl,Mitchel,Norm,Norm,TwnhsE,1Story,6,5,1999,1999,Hip,CompShg,VinylSd,VinylSd,BrkFace,425.0,TA,TA,PConc,Ex,TA,No,GLQ,883.0,Unf,0.0,341.0,1224.0,GasA,Ex,Y,SBrkr,1224,0,0,1.0,0.0,2,0,2,1,TA,5,Typ,0,,Attchd,1999.0,Fin,2.0,402.0,TA,TA,Y,0,304,0,0,0,0,,,,0,6,2009,WD ,Normal
1195,158000,1352,60,RL,80.0,9364,Pave,,Reg,Lvl,AllPub,Corner,Gtl,Sawyer,Norm,Norm,1Fam,2Story,6,7,1969,1969,Gable,CompShg,HdBoard,HdBoard,Stone,143.0,TA,TA,CBlock,TA,TA,No,ALQ,371.0,Unf,0.0,292.0,663.0,GasA,TA,Y,SBrkr,663,689,0,0.0,0.0,1,1,4,1,TA,7,Typ,0,,Attchd,1969.0,Fin,1.0,299.0,TA,TA,Y,379,36,0,0,0,0,,MnPrv,,0,3,2010,WD ,Normal
1196,176000,1456,60,RL,51.0,8029,Pave,,IR1,Lvl,AllPub,Inside,Gtl,Gilbert,Norm,Norm,1Fam,2Story,6,5,2005,2005,Gable,CompShg,VinylSd,VinylSd,None,0.0,TA,TA,PConc,Gd,TA,No,Unf,0.0,Unf,0.0,728.0,728.0,GasA,Ex,Y,SBrkr,728,728,0,0.0,0.0,2,1,3,1,Gd,8,Typ,0,,Attchd,2005.0,Fin,2.0,400.0,TA,TA,Y,100,24,0,0,0,0,,,,0,7,2008,WD ,Normal
1197,219210,1863,60,RL,58.0,14054,Pave,,IR1,Lvl,AllPub,Inside,Gtl,Gilbert,Norm,Norm,1Fam,2Story,7,5,2006,2006,Gable,CompShg,VinylSd,VinylSd,None,0.0,Gd,TA,PConc,Gd,TA,Av,Unf,0.0,Unf,0.0,879.0,879.0,GasA,Ex,Y,SBrkr,879,984,0,0.0,0.0,2,1,4,1,Gd,9,Typ,1,Gd,BuiltIn,2006.0,Fin,3.0,660.0,TA,TA,Y,100,17,0,0,0,0,,,,0,11,2006,New,Partial
1198,144000,1690,75,RM,65.0,8850,Pave,,IR1,Bnk,AllPub,Corner,Gtl,OldTown,Norm,Norm,1Fam,2.5Unf,7,6,1916,1950,Gable,CompShg,MetalSd,MetalSd,None,0.0,TA,TA,BrkTil,TA,TA,No,Unf,0.0,Unf,0.0,815.0,815.0,GasA,Ex,Y,SBrkr,815,875,0,0.0,0.0,1,0,3,1,TA,7,Typ,1,Gd,Detchd,1916.0,Unf,1.0,225.0,TA,TA,Y,0,0,330,0,0,0,,,,0,7,2006,ConLw,Normal
1199,178000,1212,20,RL,70.0,9100,Pave,,Reg,Lvl,AllPub,Inside,Gtl,CollgCr,Norm,Norm,1Fam,1Story,7,5,2001,2001,Gable,CompShg,VinylSd,VinylSd,None,0.0,Gd,TA,PConc,Gd,TA,No,Unf,0.0,Unf,0.0,1212.0,1212.0,GasA,Ex,Y,SBrkr,1212,0,0,0.0,0.0,2,0,3,1,Gd,6,Typ,0,,Attchd,2001.0,RFn,2.0,573.0,TA,TA,Y,356,0,0,0,0,0,,,,0,6,2009,WD ,Normal
1200,148000,1382,20,RL,75.0,11235,Pave,,Reg,Lvl,AllPub,Inside,Gtl,Sawyer,Norm,Norm,1Fam,1Story,4,5,1963,1979,Gable,CompShg,HdBoard,HdBoard,BrkFace,51.0,TA,TA,CBlock,TA,TA,No,Rec,547.0,Unf,0.0,504.0,1051.0,GasA,Gd,Y,SBrkr,1382,0,0,0.0,0.0,1,1,3,1,TA,6,Typ,1,Po,Attchd,1974.0,Unf,2.0,459.0,TA,TA,Y,0,82,0,0,0,0,,,,0,10,2006,WD ,Normal
1201,116050,864,20,RL,71.0,9353,Pave,,Reg,Lvl,AllPub,Inside,Gtl,NAmes,Norm,Norm,1Fam,1Story,4,5,1970,1970,Gable,CompShg,MetalSd,MetalSd,None,0.0,TA,TA,CBlock,TA,TA,No,Unf,0.0,Unf,0.0,864.0,864.0,GasA,Gd,Y,SBrkr,864,0,0,0.0,0.0,1,0,3,1,TA,5,Typ,0,,Attchd,1972.0,Unf,1.0,280.0,TA,TA,Y,0,0,0,0,0,0,,,Shed,0,7,2006,Oth,Abnorml
1202,197900,1779,60,RL,80.0,10400,Pave,,Reg,Lvl,AllPub,Corner,Gtl,CollgCr,Norm,Norm,1Fam,2Story,7,5,1998,1998,Gable,CompShg,VinylSd,VinylSd,None,0.0,TA,TA,PConc,Gd,TA,Av,Unf,0.0,Unf,0.0,866.0,866.0,GasA,Ex,Y,SBrkr,866,913,0,0.0,0.0,2,1,3,1,Gd,6,Typ,0,,Attchd,1998.0,RFn,2.0,546.0,TA,TA,Y,198,36,0,0,0,0,,,,0,3,2009,WD ,Normal
1203,117000,1348,50,RM,50.0,6000,Pave,,Reg,Lvl,AllPub,Corner,Gtl,BrkSide,Norm,Norm,1Fam,1.5Fin,5,8,1925,1997,Gable,CompShg,Wd Sdng,Wd Sdng,None,0.0,TA,TA,BrkTil,TA,TA,No,Unf,0.0,Unf,0.0,884.0,884.0,GasA,Ex,Y,SBrkr,884,464,0,1.0,0.0,1,0,3,1,TA,5,Typ,1,Fa,Detchd,1960.0,Unf,1.0,216.0,TA,TA,N,0,0,208,0,0,0,,,,0,5,2009,WD ,Normal
1204,213000,1630,20,RL,75.0,9750,Pave,,Reg,Lvl,AllPub,Inside,Gtl,CollgCr,Norm,Norm,1Fam,1Story,7,5,2000,2001,Gable,CompShg,VinylSd,VinylSd,BrkFace,171.0,Gd,TA,PConc,Gd,TA,No,Unf,0.0,Unf,0.0,1630.0,1630.0,GasA,Ex,Y,SBrkr,1630,0,0,0.0,0.0,2,0,3,1,Gd,6,Typ,1,TA,Attchd,2000.0,Unf,2.0,451.0,TA,TA,Y,74,234,0,0,0,0,,,,0,10,2009,WD ,Normal
1205,153500,1074,20,RL,78.0,10140,Pave,,Reg,Lvl,AllPub,Inside,Gtl,NWAmes,Norm,Norm,1Fam,1Story,5,6,1975,1975,Gable,CompShg,HdBoard,HdBoard,None,0.0,TA,TA,CBlock,Gd,TA,No,ALQ,788.0,Unf,0.0,268.0,1056.0,GasA,Ex,Y,SBrkr,1074,0,0,1.0,0.0,1,1,3,1,TA,6,Typ,0,,Attchd,1975.0,RFn,2.0,495.0,TA,TA,Y,0,88,0,0,0,0,,MnPrv,,0,7,2006,WD ,Normal
1206,271900,2196,20,RL,90.0,14684,Pave,,IR1,Lvl,AllPub,CulDSac,Gtl,SawyerW,Norm,Norm,1Fam,1Story,7,7,1990,1991,Hip,CompShg,HdBoard,HdBoard,BrkFace,234.0,Gd,TA,CBlock,Gd,TA,Mn,ALQ,485.0,BLQ,177.0,1496.0,2158.0,GasA,Gd,Y,SBrkr,2196,0,0,0.0,0.0,2,0,3,1,Gd,7,Typ,1,TA,Attchd,1990.0,RFn,3.0,701.0,TA,TA,Y,84,70,0,0,0,0,,,,0,6,2009,WD ,Normal
1207,107000,1056,20,RH,,8900,Pave,,Reg,Lvl,AllPub,Inside,Gtl,SawyerW,Norm,Norm,1Fam,1Story,4,4,1966,1966,Gable,CompShg,HdBoard,HdBoard,None,0.0,TA,TA,CBlock,TA,TA,No,Rec,1056.0,Unf,0.0,0.0,1056.0,GasA,TA,Y,SBrkr,1056,0,0,1.0,0.0,1,0,2,1,TA,5,Typ,0,,Detchd,1966.0,Unf,1.0,384.0,TA,TA,Y,0,42,0,0,0,0,,MnPrv,,0,11,2006,WD ,Normal
1208,200000,1700,20,RL,70.0,9135,Pave,,Reg,Lvl,AllPub,Inside,Gtl,CollgCr,Norm,Norm,1Fam,1Story,6,5,2003,2003,Gable,CompShg,VinylSd,VinylSd,BrkFace,120.0,Gd,TA,PConc,Gd,TA,Av,GLQ,340.0,Unf,0.0,1342.0,1682.0,GasA,Ex,Y,SBrkr,1700,0,0,1.0,0.0,2,0,3,1,Gd,7,Typ,0,,Attchd,2003.0,RFn,2.0,544.0,TA,TA,Y,192,23,0,0,0,0,,,,0,5,2006,WD ,Normal
1209,140000,1283,20,RL,70.0,7763,Pave,,Reg,Lvl,AllPub,Inside,Gtl,NAmes,Norm,Norm,1Fam,1Story,5,7,1962,1980,Gable,CompShg,MetalSd,MetalSd,None,0.0,TA,Gd,CBlock,TA,TA,No,Rec,504.0,BLQ,108.0,319.0,931.0,GasA,TA,Y,SBrkr,1283,0,0,1.0,0.0,1,0,3,1,TA,6,Typ,0,,Detchd,1980.0,Unf,2.0,506.0,TA,TA,Y,0,0,0,0,0,0,,,,0,10,2008,WD ,Normal
1210,290000,1660,20,RL,85.0,10182,Pave,,IR1,Lvl,AllPub,CulDSac,Gtl,Somerst,RRNn,Norm,1Fam,1Story,8,5,2006,2006,Hip,CompShg,VinylSd,VinylSd,Stone,420.0,Gd,TA,PConc,Ex,TA,Mn,GLQ,1220.0,Unf,0.0,440.0,1660.0,GasA,Ex,Y,SBrkr,1660,0,0,1.0,0.0,2,0,3,1,Gd,8,Typ,1,Gd,Attchd,2006.0,RFn,2.0,500.0,TA,TA,Y,322,50,0,0,0,0,,,,0,5,2006,New,Partial
1211,189000,1845,60,RL,70.0,11218,Pave,,Reg,Lvl,AllPub,Inside,Gtl,SawyerW,Norm,Norm,1Fam,2Story,6,5,1992,1992,Gable,CompShg,Wd Sdng,Wd Sdng,None,0.0,Gd,TA,PConc,Gd,TA,No,Unf,0.0,Unf,0.0,1055.0,1055.0,GasA,Ex,Y,SBrkr,1055,790,0,0.0,0.0,2,1,3,1,Gd,8,Typ,1,TA,Attchd,1992.0,RFn,2.0,462.0,TA,TA,Y,635,104,0,0,0,0,,GdPrv,Shed,400,5,2010,WD ,Normal
1212,164000,1752,50,RL,152.0,12134,Pave,,IR1,Bnk,AllPub,Inside,Mod,Gilbert,Norm,Norm,1Fam,1.5Fin,8,7,1988,2005,Gable,CompShg,Wd Sdng,Wd Sdng,None,0.0,Gd,TA,Wood,Gd,TA,Av,GLQ,427.0,Unf,0.0,132.0,559.0,GasA,Gd,Y,SBrkr,1080,672,0,0.0,0.0,2,0,4,1,TA,8,Typ,0,,Basment,1988.0,RFn,2.0,492.0,TA,TA,Y,325,12,0,0,0,0,,,,0,6,2010,WD ,Normal
1213,113000,672,30,RL,50.0,9340,Pave,,Reg,Lvl,AllPub,Inside,Gtl,Edwards,Norm,Norm,1Fam,1Story,4,6,1941,1950,Hip,CompShg,MetalSd,MetalSd,None,0.0,TA,TA,CBlock,TA,TA,No,Rec,344.0,Unf,0.0,328.0,672.0,GasA,TA,Y,SBrkr,672,0,0,1.0,0.0,1,0,2,1,TA,4,Typ,0,,Attchd,1941.0,Unf,1.0,234.0,TA,TA,N,0,113,0,0,0,0,,,,0,8,2009,WD ,Normal
1214,145000,960,80,RL,,10246,Pave,,IR1,Lvl,AllPub,CulDSac,Gtl,Sawyer,Norm,Norm,1Fam,SLvl,4,9,1965,2001,Gable,CompShg,VinylSd,VinylSd,None,0.0,TA,Gd,CBlock,TA,Gd,Av,GLQ,648.0,Unf,0.0,0.0,648.0,GasA,Ex,Y,SBrkr,960,0,0,1.0,1.0,0,0,0,1,TA,3,Typ,0,,Attchd,1965.0,Unf,1.0,364.0,TA,TA,Y,88,0,0,0,0,0,,,,0,5,2006,WD ,Normal
1215,134500,999,85,RL,69.0,10205,Pave,,IR1,Lvl,AllPub,Inside,Gtl,NAmes,Norm,Norm,1Fam,SFoyer,5,5,1962,1962,Gable,CompShg,MetalSd,MetalSd,None,0.0,TA,TA,CBlock,TA,TA,Av,BLQ,784.0,Unf,0.0,141.0,925.0,GasA,TA,Y,SBrkr,999,0,0,1.0,0.0,1,0,3,1,TA,6,Typ,0,,Attchd,1962.0,Unf,1.0,300.0,TA,TA,Y,150,72,0,0,0,0,,,,0,5,2006,WD ,Normal
1216,125000,894,20,RL,99.0,7094,Pave,,IR1,Lvl,AllPub,Inside,Gtl,Sawyer,Norm,Norm,1Fam,1Story,5,5,1966,1966,Gable,CompShg,VinylSd,VinylSd,None,0.0,TA,TA,CBlock,TA,TA,No,Rec,180.0,LwQ,374.0,340.0,894.0,GasA,TA,Y,SBrkr,894,0,0,0.0,0.0,1,0,3,1,TA,5,Typ,0,,Detchd,1966.0,RFn,1.0,384.0,TA,TA,Y,0,0,0,0,0,0,,MnPrv,,0,5,2007,WD ,Normal
1217,112000,1902,90,RM,68.0,8930,Pave,,Reg,Lvl,AllPub,Inside,Gtl,Sawyer,RRAe,Norm,Duplex,1.5Fin,6,5,1978,1978,Gable,CompShg,VinylSd,VinylSd,None,0.0,TA,TA,Slab,,,,,0.0,,0.0,0.0,0.0,GasA,TA,Y,SBrkr,1318,584,0,0.0,0.0,2,0,4,2,TA,8,Typ,0,,Attchd,1978.0,Unf,2.0,539.0,TA,TA,Y,0,0,0,0,0,0,,,,0,4,2010,WD ,Normal
1218,229456,1314,20,FV,72.0,8640,Pave,,Reg,Lvl,AllPub,Inside,Gtl,Somerst,Norm,Norm,1Fam,1Story,8,5,2009,2009,Gable,CompShg,CemntBd,CmentBd,Stone,72.0,Gd,TA,PConc,Gd,TA,Mn,GLQ,936.0,Unf,0.0,364.0,1300.0,GasA,Ex,Y,SBrkr,1314,0,0,1.0,0.0,2,0,3,1,Gd,6,Typ,0,,Attchd,2009.0,RFn,2.0,552.0,TA,TA,Y,135,112,0,0,0,0,,,,0,9,2009,New,Partial
1219,80500,912,50,RM,52.0,6240,Pave,,Reg,Lvl,AllPub,Inside,Gtl,BrkSide,Norm,Norm,1Fam,1.5Fin,4,5,1947,1950,Gable,CompShg,AsbShng,AsbShng,None,0.0,TA,TA,Slab,,,,,0.0,,0.0,0.0,0.0,GasA,Gd,N,SBrkr,672,240,0,0.0,0.0,1,0,2,1,TA,3,Typ,0,,,,,0.0,0.0,,,N,0,0,0,0,0,0,,,,0,7,2006,WD ,Normal
1220,91500,1218,160,RM,21.0,1680,Pave,,Reg,Lvl,AllPub,Inside,Gtl,BrDale,Norm,Norm,Twnhs,2Story,6,5,1971,1971,Gable,CompShg,CemntBd,CmentBd,BrkFace,236.0,TA,TA,CBlock,TA,TA,No,Unf,0.0,Unf,0.0,672.0,672.0,GasA,TA,Y,SBrkr,672,546,0,0.0,0.0,1,1,3,1,TA,7,Typ,0,,,,,0.0,0.0,,,N,201,0,0,0,0,0,,,,0,4,2006,WD ,Abnorml
1221,115000,912,20,RL,66.0,7800,Pave,,IR1,Lvl,AllPub,Inside,Gtl,NAmes,Norm,Norm,1Fam,1Story,5,5,1964,1964,Gable,CompShg,Wd Sdng,Wd Sdng,None,0.0,TA,TA,CBlock,TA,TA,No,Rec,312.0,LwQ,600.0,0.0,912.0,GasA,TA,Y,SBrkr,912,0,0,0.0,0.0,1,0,2,1,TA,5,Typ,0,,Attchd,1964.0,Unf,1.0,288.0,TA,TA,Y,0,0,0,0,0,0,,,,0,11,2006,WD ,Abnorml
1222,134000,1211,20,RL,55.0,8250,Pave,,Reg,Lvl,AllPub,Inside,Gtl,Sawyer,Feedr,Norm,1Fam,1Story,5,5,1968,1968,Hip,CompShg,HdBoard,HdBoard,None,0.0,TA,TA,CBlock,TA,TA,No,BLQ,250.0,LwQ,492.0,210.0,952.0,GasA,Ex,Y,SBrkr,1211,0,0,0.0,0.0,1,0,3,1,TA,5,Typ,1,TA,Attchd,1968.0,Unf,1.0,322.0,TA,TA,Y,0,63,0,0,0,0,,,,0,8,2008,WD ,Normal
1223,143000,1846,50,RL,78.0,10496,Pave,,Reg,Lvl,AllPub,Inside,Gtl,NAmes,Artery,Norm,1Fam,1.5Fin,6,6,1949,1950,Gable,CompShg,Wd Sdng,Wd Sdng,BrkFace,320.0,TA,TA,CBlock,TA,TA,Mn,Rec,196.0,Unf,0.0,844.0,1040.0,GasA,Ex,Y,SBrkr,1168,678,0,0.0,0.0,2,0,3,1,TA,7,Typ,1,Gd,Attchd,1949.0,Unf,1.0,315.0,TA,TA,Y,0,0,0,0,0,0,,GdWo,,0,1,2007,WD ,Normal
1224,137900,2136,20,RL,89.0,10680,Pave,,Reg,Lvl,AllPub,Inside,Gtl,NAmes,Norm,Norm,1Fam,1Story,5,3,1951,1951,Hip,CompShg,Wd Sdng,Wd Sdng,BrkFace,44.0,TA,TA,CBlock,TA,Fa,No,LwQ,756.0,Unf,0.0,1380.0,2136.0,GasA,TA,N,FuseA,2136,0,0,0.0,0.0,2,0,4,1,TA,7,Mod,0,,Detchd,1951.0,Unf,2.0,528.0,TA,TA,Y,0,30,0,0,0,0,,MnPrv,,0,10,2006,WD ,Normal
1225,184000,1490,60,RL,60.0,15384,Pave,,IR1,Lvl,AllPub,Inside,Gtl,Gilbert,RRAn,Norm,1Fam,2Story,7,5,2004,2005,Gable,CompShg,VinylSd,VinylSd,None,0.0,Gd,TA,PConc,Gd,TA,Av,GLQ,724.0,Unf,0.0,64.0,788.0,GasA,Ex,Y,SBrkr,788,702,0,1.0,0.0,2,1,3,1,Gd,8,Typ,1,Gd,Attchd,2004.0,Fin,2.0,388.0,TA,TA,Y,100,75,0,0,0,0,,,,0,2,2008,WD ,Normal
1226,145000,1138,80,RL,65.0,10482,Pave,,Reg,Lvl,AllPub,Inside,Gtl,NAmes,Norm,Norm,1Fam,SLvl,6,8,1958,1958,Hip,CompShg,VinylSd,VinylSd,BrkFace,63.0,TA,Gd,CBlock,TA,TA,Av,GLQ,507.0,Unf,0.0,81.0,588.0,GasA,Ex,Y,SBrkr,1138,0,0,0.0,1.0,1,0,3,1,TA,6,Typ,0,,Attchd,1958.0,RFn,1.0,264.0,TA,TA,Y,224,0,0,0,0,0,,MnWw,,0,6,2007,WD ,Normal
1227,214000,1933,60,RL,86.0,14598,Pave,,IR1,Lvl,AllPub,CulDSac,Gtl,Somerst,Feedr,Norm,1Fam,2Story,6,5,2007,2007,Gable,CompShg,VinylSd,VinylSd,Stone,74.0,Gd,TA,PConc,Gd,TA,Mn,Unf,0.0,Unf,0.0,894.0,894.0,GasA,Ex,Y,SBrkr,894,1039,0,0.0,0.0,2,1,4,1,Gd,9,Typ,1,Gd,BuiltIn,2007.0,Fin,3.0,668.0,TA,TA,Y,100,18,0,0,0,0,,,,0,1,2008,WD ,Normal
1228,147000,912,20,RL,72.0,8872,Pave,,Reg,Lvl,AllPub,Corner,Gtl,NAmes,Norm,Norm,1Fam,1Story,5,8,1965,2008,Gable,CompShg,VinylSd,VinylSd,BrkFace,300.0,TA,TA,CBlock,TA,TA,No,ALQ,595.0,Unf,0.0,317.0,912.0,GasA,Ex,Y,SBrkr,912,0,0,1.0,0.0,1,0,2,1,Gd,5,Typ,0,,Detchd,1992.0,Unf,2.0,576.0,TA,TA,Y,0,240,0,0,0,0,,,,0,12,2008,WD ,Normal
1229,367294,1702,120,RL,65.0,8769,Pave,,Reg,Lvl,AllPub,Corner,Gtl,NridgHt,Norm,Norm,TwnhsE,1Story,9,5,2008,2008,Hip,CompShg,MetalSd,MetalSd,BrkFace,766.0,Ex,TA,PConc,Ex,TA,No,GLQ,1540.0,Unf,0.0,162.0,1702.0,GasA,Ex,Y,SBrkr,1702,0,0,1.0,0.0,1,1,1,1,Ex,7,Typ,1,Gd,Attchd,2008.0,Fin,3.0,1052.0,TA,TA,Y,0,72,0,0,224,0,,,,0,10,2008,New,Partial
1230,127000,1507,80,RL,70.0,7910,Pave,,Reg,Lvl,AllPub,Inside,Gtl,NAmes,Norm,Norm,1Fam,SLvl,5,5,1960,1960,Hip,CompShg,BrkFace,HdBoard,None,0.0,TA,TA,CBlock,TA,TA,No,ALQ,666.0,Unf,0.0,409.0,1075.0,GasA,Gd,Y,SBrkr,1507,0,0,0.0,0.0,2,0,4,1,TA,7,Maj1,0,,Basment,1960.0,Unf,1.0,404.0,TA,TA,Y,0,0,0,0,0,0,,GdWo,,0,8,2008,WD ,Normal
1231,190000,2620,90,RL,,18890,Pave,,IR1,Lvl,AllPub,Inside,Gtl,Sawyer,Feedr,RRAe,Duplex,1.5Fin,5,5,1977,1977,Shed,CompShg,Plywood,Plywood,None,1.0,TA,TA,CBlock,Gd,TA,No,GLQ,498.0,Rec,211.0,652.0,1361.0,GasA,Ex,Y,SBrkr,1361,1259,0,0.0,0.0,2,2,4,2,TA,12,Typ,1,TA,BuiltIn,1977.0,RFn,2.0,600.0,TA,TA,N,155,24,145,0,0,0,,,Gar2,8300,8,2007,WD ,Normal
1232,132500,1190,90,RL,70.0,7728,Pave,,Reg,Lvl,AllPub,Inside,Gtl,NAmes,Norm,Norm,Duplex,SLvl,5,6,1962,1962,Hip,CompShg,Wd Sdng,Wd Sdng,BrkFace,120.0,TA,TA,CBlock,TA,TA,Av,ALQ,803.0,Unf,0.0,303.0,1106.0,GasA,TA,Y,SBrkr,1190,0,0,1.0,0.0,1,0,3,1,TA,6,Typ,0,,Attchd,1962.0,Unf,2.0,540.0,TA,TA,Y,0,18,0,0,0,0,,GdWo,,0,5,2006,WD ,Normal
1233,101800,1224,90,RL,70.0,9842,Pave,,Reg,Lvl,AllPub,FR2,Gtl,NAmes,Norm,Norm,Duplex,1Story,4,5,1962,1962,Gable,CompShg,HdBoard,HdBoard,None,0.0,TA,TA,Slab,,,,,0.0,,0.0,0.0,0.0,GasA,TA,Y,SBrkr,1224,0,0,0.0,0.0,2,0,2,2,TA,6,Typ,0,,CarPort,1962.0,Unf,2.0,462.0,TA,TA,Y,0,0,0,0,0,0,,,,0,3,2007,WD ,Normal
1234,142000,1188,20,RL,,12160,Pave,,IR1,Lvl,AllPub,Inside,Gtl,NAmes,Norm,Norm,1Fam,1Story,5,5,1959,1959,Hip,CompShg,Plywood,Plywood,BrkFace,180.0,TA,TA,CBlock,TA,TA,No,Rec,1000.0,Unf,0.0,188.0,1188.0,GasA,Fa,Y,SBrkr,1188,0,0,1.0,0.0,1,0,3,1,TA,6,Typ,0,,Attchd,1959.0,RFn,2.0,531.0,TA,TA,Y,0,0,0,0,0,0,,MnPrv,,0,5,2010,COD,Abnorml
1235,130000,1964,70,RH,55.0,8525,Pave,,Reg,Bnk,AllPub,Inside,Gtl,SWISU,Norm,Norm,1Fam,2Story,5,6,1911,1950,Gable,CompShg,MetalSd,MetalSd,None,0.0,TA,TA,PConc,TA,TA,Av,Unf,0.0,Unf,0.0,940.0,940.0,GasA,TA,N,FuseA,1024,940,0,0.0,0.0,1,1,4,1,TA,7,Typ,0,,,,,0.0,0.0,,,N,0,192,0,0,0,0,,,,0,11,2008,WD ,Abnorml
1236,138887,1784,70,RL,96.0,13132,Pave,,Reg,Lvl,AllPub,Inside,Gtl,Crawfor,Norm,Norm,1Fam,2Story,5,5,1914,1950,Gable,CompShg,Wd Sdng,Wd Sdng,None,0.0,TA,TA,BrkTil,Gd,TA,Mn,Unf,0.0,Unf,0.0,747.0,747.0,GasA,Gd,Y,FuseF,892,892,0,0.0,0.0,1,1,4,1,TA,9,Typ,0,,Detchd,1914.0,Unf,1.0,180.0,Fa,Fa,N,203,40,0,0,0,0,,,,0,7,2006,WD ,Normal
1237,175500,1626,160,RL,36.0,2628,Pave,,Reg,Lvl,AllPub,Inside,Gtl,NridgHt,Norm,Norm,Twnhs,2Story,7,5,2003,2003,Gable,CompShg,VinylSd,Wd Shng,Stone,106.0,Gd,TA,PConc,Gd,TA,No,Unf,0.0,Unf,0.0,764.0,764.0,GasA,Ex,Y,SBrkr,764,862,0,0.0,0.0,2,1,2,1,Gd,6,Typ,0,,BuiltIn,2003.0,RFn,2.0,474.0,TA,TA,Y,0,27,0,0,0,0,,,,0,6,2010,WD ,Normal
1238,195000,1948,60,RL,41.0,12393,Pave,,IR2,Lvl,AllPub,FR2,Gtl,CollgCr,Norm,Norm,1Fam,2Story,7,5,2004,2005,Gable,CompShg,VinylSd,VinylSd,None,0.0,Gd,TA,PConc,Gd,TA,No,Unf,0.0,Unf,0.0,847.0,847.0,GasA,Ex,Y,SBrkr,847,1101,0,0.0,0.0,2,1,4,1,Gd,8,Typ,1,Gd,BuiltIn,2004.0,Fin,2.0,434.0,TA,TA,Y,100,48,0,0,0,0,,,,0,9,2006,WD ,Normal
1239,142500,1141,20,RL,63.0,13072,Pave,,Reg,Lvl,AllPub,Inside,Gtl,SawyerW,RRAe,Norm,1Fam,1Story,6,5,2005,2005,Gable,CompShg,VinylSd,VinylSd,None,0.0,Gd,TA,PConc,Gd,TA,No,Unf,0.0,Unf,0.0,1141.0,1141.0,GasA,Ex,Y,SBrkr,1141,0,0,0.0,0.0,1,1,3,1,TA,6,Typ,0,,Detchd,2005.0,Unf,2.0,484.0,TA,TA,Y,0,0,0,0,0,0,,,,0,3,2006,WD ,Abnorml
1240,265900,1484,20,RL,64.0,9037,Pave,,IR1,HLS,AllPub,Inside,Gtl,Timber,Norm,Norm,1Fam,1Story,8,5,2006,2006,Hip,CompShg,VinylSd,VinylSd,BrkFace,32.0,Gd,TA,PConc,Gd,TA,Av,GLQ,428.0,Unf,0.0,1048.0,1476.0,GasA,Ex,Y,SBrkr,1484,0,0,0.0,0.0,2,0,2,1,Ex,6,Typ,1,Gd,Attchd,2006.0,RFn,2.0,472.0,TA,TA,Y,120,33,0,0,0,0,,,,0,12,2007,WD ,Normal
1241,224900,1768,60,RL,65.0,8158,Pave,,Reg,Lvl,AllPub,Inside,Gtl,CollgCr,Norm,Norm,1Fam,2Story,7,5,2003,2003,Gable,CompShg,VinylSd,VinylSd,BrkFace,252.0,Gd,TA,PConc,Gd,TA,No,GLQ,550.0,Unf,0.0,334.0,884.0,GasA,Ex,Y,SBrkr,884,884,0,1.0,0.0,2,1,3,1,Gd,8,Typ,0,,Attchd,2003.0,RFn,2.0,543.0,TA,TA,Y,0,63,0,0,0,0,,,,0,7,2008,WD ,Normal
1242,248328,1689,20,RL,83.0,9849,Pave,,Reg,Lvl,AllPub,Inside,Gtl,Somerst,Norm,Norm,1Fam,1Story,7,6,2007,2007,Hip,CompShg,VinylSd,VinylSd,Stone,0.0,Gd,TA,PConc,Gd,TA,Av,Unf,0.0,Unf,0.0,1689.0,1689.0,GasA,Ex,Y,SBrkr,1689,0,0,0.0,0.0,2,0,3,1,Gd,7,Typ,0,,Attchd,2007.0,RFn,3.0,954.0,TA,TA,Y,0,56,0,0,0,0,,,,0,6,2007,New,Partial
1243,170000,1173,85,RL,85.0,10625,Pave,,Reg,Lvl,AllPub,Inside,Gtl,NWAmes,Norm,Norm,1Fam,SFoyer,7,6,1974,1974,Gable,CompShg,Plywood,Plywood,BrkFace,81.0,TA,TA,CBlock,Gd,TA,Gd,GLQ,885.0,LwQ,168.0,0.0,1053.0,GasA,TA,Y,SBrkr,1173,0,0,1.0,0.0,2,0,3,1,Gd,6,Typ,2,TA,Attchd,1974.0,RFn,2.0,528.0,TA,TA,Y,0,120,0,0,0,0,,MnPrv,,0,1,2010,WD ,Family
1244,465000,2076,20,RL,107.0,13891,Pave,,Reg,Lvl,AllPub,Inside,Gtl,NridgHt,Norm,Norm,1Fam,1Story,10,5,2006,2006,Gable,CompShg,VinylSd,VinylSd,,,Ex,TA,PConc,Ex,Gd,Gd,GLQ,1386.0,Unf,0.0,690.0,2076.0,GasA,Ex,Y,SBrkr,2076,0,0,1.0,0.0,2,1,2,1,Ex,7,Typ,1,Gd,Attchd,2006.0,Fin,3.0,850.0,TA,TA,Y,216,229,0,0,0,0,,,,0,9,2006,New,Partial
1245,230000,1517,70,RL,,11435,Pave,,IR1,HLS,AllPub,Corner,Mod,Crawfor,Norm,Norm,1Fam,2Story,8,7,1929,1950,Gable,CompShg,BrkFace,Stucco,None,0.0,TA,TA,PConc,Gd,TA,No,Unf,0.0,Unf,0.0,792.0,792.0,GasA,Fa,Y,SBrkr,792,725,0,0.0,0.0,1,0,3,1,Gd,7,Typ,2,Gd,Detchd,1931.0,Unf,2.0,400.0,TA,TA,Y,0,0,0,0,0,0,,,,0,6,2006,WD ,Normal
1246,178000,1868,80,RL,78.0,12090,Pave,,Reg,Lvl,AllPub,Inside,Gtl,NWAmes,Norm,Norm,1Fam,SLvl,6,7,1984,2003,Hip,CompShg,VinylSd,VinylSd,BrkFace,74.0,TA,TA,CBlock,Gd,TA,No,Unf,0.0,Unf,0.0,585.0,585.0,GasA,Ex,Y,SBrkr,1140,728,0,0.0,0.0,3,1,3,1,TA,7,Typ,1,TA,BuiltIn,1984.0,Fin,2.0,477.0,TA,TA,Y,268,112,0,0,147,0,,,,0,1,2007,WD ,Abnorml
1247,186500,1553,60,FV,65.0,8125,Pave,,Reg,Lvl,AllPub,Inside,Gtl,Somerst,Norm,Norm,1Fam,2Story,7,5,2005,2006,Gable,CompShg,VinylSd,VinylSd,None,0.0,Gd,TA,PConc,Gd,TA,No,Unf,0.0,Unf,0.0,756.0,756.0,GasA,Ex,Y,SBrkr,756,797,0,0.0,0.0,2,1,3,1,Gd,6,Typ,0,,Attchd,2005.0,RFn,2.0,615.0,TA,TA,Y,0,45,0,0,0,0,,,,0,3,2006,New,Partial
1248,169900,1034,80,RL,,12328,Pave,,IR1,Lvl,AllPub,Inside,Gtl,Mitchel,Norm,Norm,1Fam,SLvl,6,5,1976,1976,Gable,CompShg,HdBoard,HdBoard,BrkFace,335.0,TA,TA,CBlock,TA,TA,Av,GLQ,539.0,Unf,0.0,473.0,1012.0,GasA,TA,Y,SBrkr,1034,0,0,1.0,0.0,1,0,3,1,TA,6,Typ,0,,Attchd,1976.0,Unf,3.0,888.0,TA,TA,Y,0,0,0,0,0,0,,,,0,5,2010,WD ,Normal
1249,129500,2058,75,RM,60.0,9600,Pave,Grvl,Reg,Lvl,AllPub,Inside,Gtl,OldTown,Norm,Norm,1Fam,2.5Unf,6,5,1917,1950,Gable,CompShg,AsbShng,AsbShng,None,0.0,TA,TA,BrkTil,Gd,TA,No,Rec,319.0,Unf,0.0,416.0,735.0,OthW,Fa,N,SBrkr,1134,924,0,0.0,0.0,1,1,3,1,TA,8,Typ,1,Gd,Detchd,1950.0,Unf,2.0,396.0,Fa,Fa,P,0,0,259,0,0,0,,,,0,4,2008,WD ,Normal
1250,119000,988,20,RL,60.0,7200,Pave,,Reg,Lvl,AllPub,Inside,Gtl,NAmes,Norm,Norm,1Fam,1Story,5,7,1950,1950,Gable,CompShg,MetalSd,MetalSd,None,0.0,TA,TA,CBlock,TA,TA,No,BLQ,534.0,Rec,96.0,246.0,876.0,GasA,TA,Y,SBrkr,988,0,0,0.0,0.0,1,0,3,1,TA,6,Typ,0,,Attchd,1950.0,Unf,1.0,276.0,TA,TA,Y,0,80,0,0,0,0,,,,0,5,2007,WD ,Normal
1251,244000,2110,20,RL,93.0,11160,Pave,,Reg,Lvl,AllPub,Corner,Gtl,NAmes,Norm,Norm,1Fam,1Story,7,5,1968,1968,Hip,CompShg,BrkFace,BrkFace,None,0.0,Gd,TA,CBlock,TA,TA,No,ALQ,1065.0,Unf,0.0,1045.0,2110.0,GasA,Ex,Y,SBrkr,2110,0,0,1.0,0.0,2,1,3,1,Ex,8,Typ,2,TA,Attchd,1968.0,Fin,2.0,522.0,TA,TA,Y,0,0,0,0,0,0,,,,0,4,2010,WD ,Normal
1252,171750,1405,120,RL,,3136,Pave,,IR1,Lvl,AllPub,Corner,Gtl,NridgHt,Norm,Norm,TwnhsE,1Story,7,5,2003,2003,Gable,CompShg,VinylSd,Wd Shng,Stone,163.0,Gd,TA,PConc,Gd,TA,No,Unf,0.0,Unf,0.0,1405.0,1405.0,GasA,Ex,Y,SBrkr,1405,0,0,0.0,0.0,2,0,2,1,Gd,6,Typ,1,Gd,Attchd,2003.0,RFn,2.0,478.0,TA,TA,Y,148,36,0,0,0,0,,,,0,3,2006,WD ,Normal
1253,130000,874,20,RL,62.0,9858,Pave,,Reg,Lvl,AllPub,Inside,Gtl,Mitchel,Norm,Norm,1Fam,1Story,5,6,1968,1968,Gable,CompShg,HdBoard,HdBoard,None,0.0,TA,TA,CBlock,TA,TA,No,BLQ,510.0,Unf,0.0,354.0,864.0,GasA,TA,Y,SBrkr,874,0,0,1.0,0.0,1,0,3,1,TA,5,Typ,0,,Attchd,1968.0,RFn,1.0,288.0,TA,TA,Y,33,0,0,0,0,0,,GdWo,Shed,600,11,2009,WD ,Normal
1254,294000,2167,60,RL,,17542,Pave,,IR1,Lvl,AllPub,Inside,Gtl,Veenker,Norm,Norm,1Fam,2Story,7,7,1974,2003,Gable,CompShg,Wd Sdng,Wd Sdng,None,0.0,Gd,TA,CBlock,TA,TA,Gd,LwQ,125.0,ALQ,1031.0,36.0,1192.0,GasA,TA,Y,SBrkr,1516,651,0,1.0,0.0,2,1,3,1,Gd,9,Typ,2,Gd,Attchd,1974.0,RFn,2.0,518.0,TA,TA,Y,220,47,0,0,0,0,,MnPrv,,0,7,2007,WD ,Normal
1255,165400,1656,60,RL,60.0,6931,Pave,,Reg,Lvl,AllPub,Inside,Gtl,Edwards,Norm,Norm,1Fam,2Story,7,5,2003,2004,Gable,CompShg,VinylSd,VinylSd,Stone,92.0,Gd,TA,PConc,Gd,TA,No,Unf,0.0,Unf,0.0,746.0,746.0,GasA,Ex,Y,SBrkr,760,896,0,0.0,0.0,2,1,3,1,Gd,7,Typ,1,Gd,BuiltIn,2003.0,Fin,2.0,397.0,TA,TA,Y,178,128,0,0,0,0,,,,0,7,2008,WD ,Normal
1256,127500,1367,50,RM,52.0,6240,Pave,,Reg,Lvl,AllPub,Inside,Gtl,BrkSide,Norm,Norm,1Fam,1.5Fin,6,6,1931,1950,Gable,CompShg,Wd Sdng,Wd Sdng,None,0.0,TA,TA,BrkTil,TA,Fa,No,LwQ,425.0,Unf,0.0,459.0,884.0,GasA,TA,Y,FuseA,959,408,0,0.0,0.0,1,0,3,1,TA,6,Typ,1,Gd,Detchd,1978.0,Unf,1.0,560.0,TA,TA,Y,0,0,0,0,120,0,,,,0,11,2007,WD ,Normal
1257,301500,1987,20,RL,91.0,14303,Pave,,IR1,Lvl,AllPub,Corner,Gtl,NoRidge,Norm,Norm,1Fam,1Story,8,5,1994,1994,Hip,CompShg,HdBoard,HdBoard,BrkFace,554.0,Gd,TA,PConc,Gd,TA,Gd,GLQ,1314.0,Unf,0.0,672.0,1986.0,GasA,Ex,Y,SBrkr,1987,0,0,1.0,0.0,2,0,2,1,Gd,7,Typ,1,TA,Attchd,1994.0,Fin,2.0,691.0,TA,TA,Y,262,36,0,0,0,0,,,,0,8,2008,WD ,Normal
1258,99900,864,30,RL,56.0,4060,Pave,,Reg,Lvl,AllPub,Corner,Gtl,Edwards,Feedr,Norm,1Fam,1Story,5,8,1922,1950,Gable,CompShg,Wd Sdng,Wd Sdng,None,0.0,TA,TA,PConc,Fa,TA,No,Unf,0.0,Unf,0.0,864.0,864.0,GasA,Ex,Y,SBrkr,864,0,0,0.0,0.0,1,0,2,1,TA,4,Typ,0,,,,,0.0,0.0,,,Y,0,96,0,0,0,0,,,,0,7,2009,WD ,Normal
1259,190000,1166,80,RL,59.0,9587,Pave,,IR1,Lvl,AllPub,Inside,Gtl,Gilbert,Norm,Norm,1Fam,SLvl,7,5,2005,2005,Gable,CompShg,VinylSd,VinylSd,Stone,182.0,Gd,TA,PConc,Gd,TA,Gd,GLQ,655.0,Unf,0.0,201.0,856.0,GasA,Ex,Y,SBrkr,1166,0,0,1.0,0.0,2,0,2,1,Gd,5,Typ,0,,Attchd,2005.0,Fin,2.0,400.0,TA,TA,Y,212,0,0,0,0,0,,,,0,7,2008,WD ,Normal
1260,151000,1054,20,RL,65.0,9750,Pave,,Reg,Lvl,AllPub,FR2,Gtl,NAmes,Norm,Norm,1Fam,1Story,6,8,1969,1969,Gable,CompShg,HdBoard,HdBoard,None,0.0,TA,TA,CBlock,Gd,TA,No,ALQ,602.0,LwQ,438.0,14.0,1054.0,GasA,Gd,Y,SBrkr,1054,0,0,1.0,0.0,1,1,3,1,TA,6,Typ,0,,Attchd,1969.0,Unf,2.0,460.0,TA,TA,Y,180,0,0,0,80,0,,,,0,7,2008,WD ,Normal
1261,181000,1675,60,RL,,24682,Pave,,IR3,Lvl,AllPub,CulDSac,Gtl,Gilbert,RRAn,Norm,1Fam,2Story,6,5,1999,1999,Gable,CompShg,VinylSd,VinylSd,None,0.0,TA,TA,PConc,Gd,TA,No,Unf,0.0,Unf,0.0,841.0,841.0,GasA,Ex,Y,SBrkr,892,783,0,0.0,0.0,2,1,3,1,TA,7,Typ,1,TA,BuiltIn,1999.0,Fin,2.0,502.0,TA,TA,Y,0,103,0,0,0,0,,,,0,6,2009,WD ,Normal
1262,128900,1050,20,RL,80.0,9600,Pave,,Reg,Lvl,AllPub,Inside,Gtl,NAmes,Norm,Norm,1Fam,1Story,5,6,1956,1956,Hip,CompShg,MetalSd,MetalSd,None,0.0,TA,TA,CBlock,TA,TA,No,Rec,504.0,Unf,0.0,546.0,1050.0,GasA,Gd,Y,SBrkr,1050,0,0,0.0,0.0,1,0,2,1,TA,5,Typ,0,,Attchd,1956.0,Unf,1.0,338.0,TA,TA,Y,0,0,0,0,0,0,,,,0,6,2009,WD ,Normal
1263,161500,1788,50,RL,,11250,Pave,,Reg,Lvl,AllPub,Inside,Gtl,ClearCr,Norm,Norm,1Fam,1.5Fin,4,5,1957,1989,Gable,CompShg,Wd Sdng,Wd Sdng,None,0.0,TA,TA,CBlock,TA,TA,Av,Unf,0.0,Unf,0.0,1104.0,1104.0,GasA,Ex,Y,FuseA,1104,684,0,1.0,0.0,1,0,5,1,TA,8,Min2,2,TA,Attchd,1957.0,Unf,1.0,304.0,TA,TA,Y,120,0,0,0,0,0,,,,0,11,2009,WD ,Normal
1264,180500,1824,70,RL,60.0,13515,Pave,Pave,Reg,Lvl,AllPub,Inside,Gtl,BrkSide,Norm,Norm,1Fam,2Story,6,6,1919,1950,Gambrel,CompShg,Wd Sdng,Wd Sdng,None,0.0,TA,TA,PConc,TA,TA,No,Unf,0.0,Unf,0.0,764.0,764.0,GasA,Ex,Y,FuseA,1060,764,0,0.0,0.0,1,0,3,1,TA,8,Typ,1,Gd,Detchd,1940.0,Unf,2.0,520.0,TA,TA,N,0,0,126,0,0,0,,GdPrv,,0,7,2007,WD ,Normal
1265,181000,1337,120,RH,34.0,4060,Pave,,Reg,Lvl,AllPub,Inside,Gtl,NAmes,Norm,Norm,TwnhsE,1Story,6,5,1998,1999,Gable,CompShg,MetalSd,MetalSd,None,0.0,Gd,TA,PConc,Gd,TA,No,GLQ,266.0,Unf,0.0,1139.0,1405.0,GasA,Ex,Y,SBrkr,1337,0,0,1.0,0.0,2,0,2,1,Gd,5,Typ,0,,Attchd,1998.0,Fin,2.0,511.0,TA,TA,Y,144,68,0,0,0,0,,,,0,8,2008,COD,Abnorml
1266,183900,1452,160,FV,35.0,3735,Pave,,Reg,Lvl,AllPub,FR3,Gtl,Somerst,Norm,Norm,TwnhsE,2Story,7,5,1999,1999,Hip,CompShg,MetalSd,MetalSd,BrkFace,218.0,Gd,TA,PConc,Gd,TA,No,GLQ,450.0,Unf,0.0,241.0,691.0,GasA,Ex,Y,SBrkr,713,739,0,1.0,0.0,2,1,3,1,Gd,6,Typ,0,,Detchd,1999.0,Unf,2.0,506.0,TA,TA,Y,0,34,0,0,0,0,,,,0,3,2006,WD ,Normal
1267,122000,1889,190,RM,60.0,10120,Pave,,IR1,Bnk,AllPub,Inside,Gtl,OldTown,Feedr,Norm,2fmCon,2.5Unf,7,4,1910,1950,Hip,CompShg,Wd Sdng,Wd Sdng,None,0.0,Fa,TA,CBlock,TA,TA,No,Unf,0.0,Unf,0.0,925.0,925.0,GasA,TA,N,FuseF,964,925,0,0.0,0.0,1,1,4,2,TA,9,Typ,1,Gd,Detchd,1960.0,Unf,1.0,308.0,TA,TA,N,0,0,264,0,0,0,,MnPrv,,0,1,2007,WD ,Normal
1268,378500,2018,20,RL,89.0,13214,Pave,,IR1,HLS,AllPub,Inside,Gtl,Timber,Norm,Norm,1Fam,1Story,9,5,2008,2009,Hip,CompShg,Stucco,CmentBd,None,0.0,Ex,TA,PConc,Ex,TA,Gd,Unf,0.0,Unf,0.0,2002.0,2002.0,GasA,Ex,Y,SBrkr,2018,0,0,0.0,0.0,2,0,3,1,Ex,10,Typ,1,Gd,Attchd,2009.0,Fin,3.0,746.0,TA,TA,Y,144,76,0,0,0,0,,,,0,5,2010,WD ,Normal
1269,381000,3447,50,RL,,14100,Pave,,IR1,Lvl,AllPub,Inside,Mod,Crawfor,Norm,Norm,1Fam,1.5Fin,8,9,1935,1997,Gable,CompShg,Stucco,Stucco,BrkFace,632.0,TA,Gd,CBlock,TA,TA,Mn,Rec,192.0,Unf,0.0,536.0,728.0,GasA,Ex,Y,SBrkr,1968,1479,0,0.0,0.0,3,1,4,1,Gd,11,Typ,2,Gd,BuiltIn,1982.0,Unf,3.0,1014.0,TA,TA,Y,314,12,0,0,0,0,,GdWo,,0,5,2008,WD ,Normal
1270,144000,1524,50,RL,78.0,11344,Pave,,Reg,Lvl,AllPub,Inside,Gtl,NAmes,Feedr,Norm,1Fam,1.5Fin,5,5,1958,1958,Gable,CompShg,MetalSd,MetalSd,BrkFace,180.0,TA,TA,CBlock,TA,TA,No,BLQ,460.0,Unf,0.0,414.0,874.0,GasW,TA,Y,FuseA,874,650,0,0.0,0.0,1,1,3,1,TA,7,Typ,0,,Attchd,1958.0,Unf,1.0,315.0,TA,TA,Y,0,0,0,0,0,0,,GdWo,,0,7,2007,WD ,Normal
1271,260000,1524,40,RL,,23595,Pave,,Reg,Low,AllPub,Inside,Sev,ClearCr,Norm,Norm,1Fam,1Story,7,6,1979,1979,Shed,WdShake,Plywood,Plywood,None,0.0,Gd,TA,PConc,Gd,TA,Gd,GLQ,1258.0,Unf,0.0,74.0,1332.0,GasA,TA,Y,SBrkr,1332,192,0,2.0,0.0,0,1,0,1,Gd,4,Typ,1,TA,Attchd,1979.0,Fin,2.0,586.0,TA,TA,Y,268,0,0,0,0,0,,,,0,4,2010,WD ,Normal
1272,185750,1489,20,RL,,9156,Pave,,IR1,Lvl,AllPub,Inside,Gtl,NWAmes,PosN,Norm,1Fam,1Story,6,7,1968,1968,Hip,CompShg,BrkFace,BrkFace,None,0.0,TA,TA,CBlock,TA,TA,No,Unf,0.0,Unf,0.0,1489.0,1489.0,GasA,Gd,Y,SBrkr,1489,0,0,0.0,0.0,2,0,3,1,Gd,7,Typ,1,Gd,Attchd,1968.0,RFn,2.0,462.0,TA,TA,Y,0,0,0,0,0,0,,,,0,8,2009,WD ,Normal
1273,137000,935,20,RL,,13526,Pave,,IR1,Lvl,AllPub,CulDSac,Gtl,Sawyer,Norm,Norm,1Fam,1Story,5,6,1965,1965,Hip,CompShg,HdBoard,Plywood,BrkFace,114.0,TA,TA,CBlock,TA,TA,No,BLQ,560.0,LwQ,375.0,0.0,935.0,GasA,TA,Y,SBrkr,935,0,0,1.0,0.0,1,0,3,1,TA,5,Typ,0,,Attchd,1965.0,Unf,1.0,288.0,TA,TA,Y,180,0,0,0,0,0,,MnPrv,,0,11,2006,WD ,Normal
1274,177000,1357,80,RL,124.0,11512,Pave,,IR1,Lvl,AllPub,Corner,Gtl,Edwards,Norm,Norm,1Fam,SLvl,6,7,1959,2006,Gable,CompShg,Plywood,Plywood,BrkFace,84.0,TA,TA,CBlock,TA,TA,Av,ALQ,719.0,Unf,0.0,300.0,1019.0,GasA,Gd,Y,SBrkr,1357,0,0,1.0,0.0,1,0,2,1,Ex,5,Typ,1,Gd,Basment,1959.0,RFn,1.0,312.0,TA,TA,Y,0,0,0,0,163,0,,GdPrv,,0,5,2008,WD ,Normal
1275,139000,1250,50,RL,53.0,5362,Pave,,Reg,Lvl,AllPub,Corner,Gtl,Crawfor,Norm,Norm,1Fam,1.5Fin,5,6,1910,2003,Gable,CompShg,Wd Sdng,Wd Shng,None,0.0,TA,TA,PConc,TA,TA,No,Unf,0.0,Unf,0.0,661.0,661.0,GasA,Ex,Y,SBrkr,661,589,0,0.0,0.0,2,0,3,1,TA,8,Typ,1,Gd,Detchd,1985.0,Unf,2.0,552.0,TA,TA,Y,242,0,81,0,0,0,,,,0,11,2007,WD ,Normal
1276,137000,1920,90,RL,95.0,11345,Pave,,Reg,Lvl,AllPub,Corner,Gtl,NAmes,Feedr,Norm,Duplex,2Story,5,5,1948,1950,Gable,Roll,AsbShng,AsbShng,Stone,567.0,TA,TA,CBlock,TA,TA,No,Rec,220.0,Unf,0.0,708.0,928.0,GasA,Gd,Y,FuseA,928,992,0,0.0,0.0,2,0,4,2,TA,10,Typ,0,,Detchd,1948.0,Unf,2.0,400.0,TA,Fa,Y,0,0,0,0,0,0,,,,0,7,2007,WD ,Normal
1277,162000,1395,60,RL,,12936,Pave,,IR1,Lvl,AllPub,CulDSac,Gtl,NWAmes,Norm,Norm,1Fam,2Story,6,6,1972,1972,Gable,CompShg,HdBoard,Plywood,None,0.0,TA,TA,CBlock,TA,Gd,No,BLQ,593.0,Unf,0.0,130.0,723.0,GasA,TA,Y,SBrkr,735,660,0,0.0,1.0,1,1,3,1,TA,6,Typ,1,TA,Attchd,1972.0,Unf,2.0,497.0,TA,TA,Y,294,116,0,0,0,0,,,,0,12,2009,WD ,Normal
1278,197900,1724,80,RL,,17871,Pave,,IR1,Lvl,AllPub,CulDSac,Gtl,NWAmes,Norm,Norm,1Fam,SLvl,6,5,1967,1976,Gable,CompShg,HdBoard,HdBoard,BrkFace,359.0,TA,TA,CBlock,Gd,TA,Av,ALQ,528.0,Unf,0.0,1152.0,1680.0,GasA,Fa,Y,SBrkr,1724,0,0,1.0,0.0,1,1,3,1,TA,7,Typ,1,Gd,Attchd,1967.0,RFn,2.0,480.0,TA,TA,Y,0,0,0,0,0,0,,,,0,6,2009,WD ,Normal
1279,237000,2031,60,RL,75.0,9473,Pave,,Reg,Lvl,AllPub,Inside,Gtl,CollgCr,Norm,Norm,1Fam,2Story,8,5,2002,2002,Gable,CompShg,VinylSd,VinylSd,,,Gd,TA,PConc,Gd,TA,No,GLQ,804.0,Unf,0.0,324.0,1128.0,GasA,Ex,Y,SBrkr,1128,903,0,1.0,0.0,2,1,3,1,Gd,7,Typ,1,Gd,Attchd,2002.0,RFn,2.0,577.0,TA,TA,Y,0,211,0,0,0,0,,,,0,3,2008,WD ,Normal
1280,68400,1128,50,C (all),60.0,7500,Pave,,Reg,Lvl,AllPub,Inside,Gtl,IDOTRR,Norm,Norm,1Fam,1.5Fin,4,4,1920,1950,Gable,CompShg,MetalSd,MetalSd,None,0.0,TA,Gd,CBlock,TA,TA,No,Unf,0.0,Unf,0.0,698.0,698.0,GasA,TA,Y,FuseA,698,430,0,0.0,0.0,1,0,2,1,TA,6,Typ,0,,Detchd,1980.0,RFn,2.0,528.0,TA,TA,Y,30,0,164,0,0,0,,,,0,4,2010,COD,Abnorml
1281,227000,1573,20,RL,67.0,9808,Pave,,IR1,Lvl,AllPub,Inside,Gtl,CollgCr,Norm,Norm,1Fam,1Story,7,5,2002,2002,Gable,CompShg,VinylSd,VinylSd,BrkFace,110.0,Gd,TA,PConc,Gd,TA,No,GLQ,788.0,Unf,0.0,785.0,1573.0,GasA,Ex,Y,SBrkr,1573,0,0,1.0,0.0,2,0,3,1,Gd,6,Typ,0,,Attchd,2002.0,RFn,2.0,544.0,TA,TA,Y,0,72,0,0,0,0,,,,0,3,2009,WD ,Normal
1282,180000,1339,20,RL,50.0,8049,Pave,,IR1,Lvl,AllPub,CulDSac,Gtl,Timber,Norm,Norm,1Fam,1Story,7,5,1990,1990,Hip,CompShg,HdBoard,HdBoard,BrkFace,54.0,TA,TA,CBlock,Gd,TA,No,ALQ,1053.0,Unf,0.0,256.0,1309.0,GasA,TA,Y,SBrkr,1339,0,0,1.0,0.0,2,0,2,1,TA,6,Typ,1,TA,Attchd,1990.0,Fin,2.0,484.0,Gd,Gd,Y,0,58,0,0,90,0,,,,0,7,2006,WD ,Normal
1283,150500,1040,20,RL,61.0,8800,Pave,,IR1,Lvl,AllPub,Inside,Gtl,CollgCr,Norm,Norm,1Fam,1Story,5,7,1977,2008,Gable,CompShg,HdBoard,HdBoard,None,0.0,TA,TA,CBlock,Gd,TA,Mn,LwQ,532.0,Rec,144.0,364.0,1040.0,GasA,TA,Y,SBrkr,1040,0,0,0.0,0.0,2,0,3,1,Gd,5,Typ,0,,Detchd,1977.0,Unf,2.0,484.0,TA,TA,Y,0,0,0,0,288,0,,,,0,9,2009,WD ,Normal
1284,139000,1824,90,RL,94.0,9400,Pave,,Reg,Low,AllPub,Corner,Gtl,Mitchel,Norm,Norm,Duplex,2Story,6,5,1971,1971,Mansard,CompShg,MetalSd,Wd Shng,None,0.0,TA,TA,CBlock,TA,TA,Av,Unf,0.0,Unf,0.0,912.0,912.0,GasA,TA,Y,SBrkr,912,912,0,0.0,0.0,2,2,4,2,TA,8,Typ,0,,,,,0.0,0.0,,,Y,128,0,0,0,0,0,,,,0,4,2010,WD ,Normal
1285,169000,2447,50,RL,50.0,9638,Pave,,Reg,Lvl,AllPub,Inside,Gtl,SWISU,Feedr,Norm,1Fam,1.5Fin,6,7,1919,1990,Gable,CompShg,Wd Sdng,Wd Shng,None,0.0,TA,TA,PConc,TA,TA,No,Unf,0.0,Unf,0.0,804.0,804.0,GasA,Ex,Y,SBrkr,1699,748,0,0.0,0.0,2,0,4,1,Gd,10,Min2,1,Gd,Detchd,1969.0,Unf,1.0,336.0,TA,TA,Y,272,0,42,0,116,0,,,,0,3,2010,WD ,Normal
1286,132500,1412,50,RM,50.0,6000,Pave,,Reg,Lvl,AllPub,Inside,Gtl,BrkSide,Norm,Norm,1Fam,1.5Fin,6,6,1939,1950,Gable,CompShg,MetalSd,MetalSd,None,0.0,TA,Fa,CBlock,TA,TA,No,Unf,0.0,Unf,0.0,780.0,780.0,GasA,Ex,Y,FuseF,825,587,0,0.0,0.0,1,0,4,1,TA,6,Typ,1,Gd,Detchd,1939.0,Unf,1.0,280.0,TA,TA,Y,45,0,0,0,0,0,,,,0,5,2009,WD ,Normal
1287,143000,1328,20,RL,,9790,Pave,,Reg,Lvl,AllPub,Inside,Gtl,NWAmes,Feedr,Norm,1Fam,1Story,6,5,1963,1963,Hip,CompShg,HdBoard,HdBoard,BrkFace,451.0,TA,TA,CBlock,TA,TA,No,ALQ,569.0,Rec,81.0,678.0,1328.0,GasA,TA,Y,SBrkr,1328,0,0,1.0,0.0,1,1,3,1,TA,6,Typ,2,Gd,Attchd,1963.0,Unf,2.0,528.0,TA,TA,Y,0,26,0,0,0,0,,,,0,6,2010,WD ,Normal
1288,190000,1582,20,RL,,36500,Pave,,IR1,Low,AllPub,Inside,Mod,ClearCr,Norm,Norm,1Fam,1Story,5,5,1964,1964,Gable,CompShg,Wd Sdng,Wd Sdng,BrkCmn,621.0,TA,Gd,CBlock,TA,TA,Av,Rec,812.0,Unf,0.0,812.0,1624.0,GasA,Fa,Y,SBrkr,1582,0,0,0.0,1.0,2,0,4,1,TA,7,Typ,0,,Attchd,1964.0,Unf,2.0,390.0,TA,TA,N,168,198,0,0,0,0,,,,0,6,2006,WD ,Normal
1289,278000,1659,120,RL,40.0,5664,Pave,,IR1,Lvl,AllPub,Inside,Gtl,StoneBr,Norm,Norm,TwnhsE,1Story,8,5,2000,2000,Gable,CompShg,CemntBd,CmentBd,None,0.0,Gd,TA,PConc,Gd,TA,No,GLQ,1158.0,Unf,0.0,343.0,1501.0,GasA,Ex,Y,SBrkr,1659,0,0,1.0,0.0,2,0,2,1,Ex,5,Typ,1,Ex,Attchd,2000.0,Fin,2.0,499.0,TA,TA,Y,212,59,0,0,0,0,,,,0,10,2009,WD ,Normal
1290,281000,1970,60,RL,86.0,11065,Pave,,IR1,Lvl,AllPub,Inside,Gtl,NridgHt,Norm,Norm,1Fam,2Story,8,5,2006,2006,Gable,CompShg,VinylSd,VinylSd,Stone,788.0,Gd,TA,PConc,Gd,TA,Mn,Unf,0.0,Unf,0.0,1085.0,1085.0,GasA,Ex,Y,SBrkr,1120,850,0,0.0,0.0,2,1,3,1,Ex,8,Typ,1,Gd,BuiltIn,2006.0,Fin,3.0,753.0,TA,TA,Y,177,74,0,0,0,0,,,,0,10,2006,New,Partial
1291,180500,1152,80,RL,,14112,Pave,,IR1,Lvl,AllPub,Corner,Gtl,NAmes,Norm,Norm,1Fam,SLvl,5,7,1964,1964,Hip,CompShg,Wd Sdng,HdBoard,BrkFace,86.0,TA,TA,PConc,TA,TA,Av,GLQ,1014.0,Unf,0.0,138.0,1152.0,GasA,TA,Y,SBrkr,1152,0,0,1.0,0.0,1,0,3,1,TA,6,Typ,1,Gd,Attchd,1964.0,RFn,2.0,484.0,TA,TA,Y,227,0,0,0,0,0,,,,0,4,2010,WD ,Normal
1292,119500,1302,160,RM,21.0,1680,Pave,,Reg,Lvl,AllPub,Inside,Gtl,BrDale,Norm,Norm,Twnhs,2Story,5,7,1972,1972,Gable,CompShg,CemntBd,CmentBd,BrkFace,268.0,TA,TA,CBlock,TA,TA,No,ALQ,231.0,Unf,0.0,399.0,630.0,GasA,TA,Y,SBrkr,630,672,0,0.0,0.0,2,1,3,1,TA,6,Typ,0,,Detchd,1972.0,Unf,1.0,264.0,TA,TA,Y,185,0,0,0,0,0,,,,0,2,2009,WD ,Normal
1293,107500,2372,70,RM,60.0,6600,Pave,,Reg,Lvl,AllPub,Corner,Gtl,OldTown,Norm,Norm,1Fam,2Story,5,4,1892,1965,Gable,CompShg,Wd Sdng,Wd Sdng,None,0.0,TA,TA,Stone,TA,TA,No,Unf,0.0,Unf,0.0,994.0,994.0,GasA,TA,N,SBrkr,1378,994,0,0.0,0.0,2,0,4,2,TA,11,Min2,0,,Attchd,1985.0,RFn,1.0,432.0,TA,TA,Y,0,287,0,0,0,0,,,,0,12,2009,WD ,Normal
1294,162900,1664,60,RL,78.0,10140,Pave,,Reg,Lvl,AllPub,Inside,Gtl,NWAmes,Norm,Norm,1Fam,2Story,7,5,1976,1976,Gable,CompShg,HdBoard,HdBoard,None,0.0,TA,TA,PConc,Gd,TA,No,GLQ,194.0,Unf,0.0,638.0,832.0,GasA,TA,Y,SBrkr,832,832,0,0.0,0.0,2,1,4,1,TA,8,Typ,1,TA,Attchd,1976.0,RFn,2.0,528.0,TA,TA,Y,0,28,0,0,259,0,,GdWo,,0,3,2006,WD ,Normal
1295,115000,864,20,RL,60.0,8172,Pave,,Reg,Lvl,AllPub,Inside,Gtl,Edwards,Norm,Norm,1Fam,1Story,5,7,1955,1990,Hip,CompShg,WdShing,Plywood,None,0.0,TA,TA,CBlock,TA,TA,No,Rec,167.0,Unf,0.0,697.0,864.0,GasA,TA,Y,SBrkr,864,0,0,1.0,0.0,1,0,2,1,TA,5,Typ,0,,Detchd,1957.0,Unf,2.0,572.0,TA,TA,N,0,0,0,0,0,0,,,,0,4,2006,WD ,Normal
1296,138500,1052,20,RL,70.0,8400,Pave,,Reg,Lvl,AllPub,Inside,Gtl,NAmes,Feedr,Norm,1Fam,1Story,5,5,1968,1968,Hip,CompShg,HdBoard,HdBoard,BrkFace,168.0,TA,TA,CBlock,TA,TA,Av,BLQ,1016.0,Unf,0.0,36.0,1052.0,GasA,Gd,Y,SBrkr,1052,0,0,1.0,0.0,1,1,3,1,TA,5,Typ,0,,Attchd,1968.0,RFn,1.0,288.0,TA,TA,Y,356,0,0,0,0,0,,GdWo,,0,11,2006,WD ,Normal
1297,155000,1128,20,RL,80.0,8700,Pave,,Reg,Lvl,AllPub,Inside,Gtl,NAmes,Norm,Norm,1Fam,1Story,5,6,1963,1963,Hip,CompShg,MetalSd,MetalSd,BrkFace,148.0,TA,Gd,CBlock,TA,TA,Mn,ALQ,776.0,Unf,0.0,344.0,1120.0,GasA,Gd,Y,SBrkr,1128,0,0,1.0,0.0,2,0,3,1,TA,6,Typ,0,,Attchd,1963.0,RFn,2.0,525.0,TA,TA,Y,192,20,123,0,0,0,,MnPrv,,0,12,2008,WD ,Normal
1298,140000,1072,180,RM,35.0,3675,Pave,,Reg,Lvl,AllPub,Inside,Gtl,Edwards,Norm,Norm,TwnhsE,SFoyer,6,5,2005,2006,Gable,CompShg,VinylSd,VinylSd,BrkFace,82.0,TA,TA,PConc,Gd,TA,Gd,GLQ,547.0,Unf,0.0,0.0,547.0,GasA,Gd,Y,SBrkr,1072,0,0,1.0,0.0,2,0,2,1,TA,5,Typ,0,,Basment,2005.0,Fin,2.0,525.0,TA,TA,Y,0,44,0,0,0,0,,,,0,6,2006,New,Partial
1299,160000,5642,60,RL,313.0,63887,Pave,,IR3,Bnk,AllPub,Corner,Gtl,Edwards,Feedr,Norm,1Fam,2Story,10,5,2008,2008,Hip,ClyTile,Stucco,Stucco,Stone,796.0,Ex,TA,PConc,Ex,TA,Gd,GLQ,5644.0,Unf,0.0,466.0,6110.0,GasA,Ex,Y,SBrkr,4692,950,0,2.0,0.0,2,1,3,1,Ex,12,Typ,3,Gd,Attchd,2008.0,Fin,2.0,1418.0,TA,TA,Y,214,292,0,0,0,480,Gd,,,0,1,2008,New,Partial
1300,154000,1246,20,RL,75.0,7500,Pave,,Reg,Lvl,AllPub,Inside,Gtl,NAmes,Norm,Norm,1Fam,1Story,5,7,1959,1994,Hip,CompShg,BrkFace,BrkFace,None,0.0,TA,TA,CBlock,TA,TA,No,LwQ,340.0,Rec,906.0,0.0,1246.0,GasA,Ex,Y,SBrkr,1246,0,0,1.0,0.0,1,1,3,1,Gd,6,Typ,0,,Attchd,1959.0,RFn,1.0,305.0,TA,TA,Y,218,0,0,0,0,0,,GdPrv,,0,5,2010,WD ,Normal
1301,225000,1983,60,RL,,10762,Pave,,IR1,Lvl,AllPub,CulDSac,Gtl,Gilbert,Norm,Norm,1Fam,2Story,7,5,1999,1999,Gable,CompShg,VinylSd,VinylSd,None,344.0,Gd,TA,PConc,Gd,TA,No,GLQ,694.0,Unf,0.0,284.0,978.0,GasA,Ex,Y,SBrkr,1005,978,0,0.0,0.0,2,1,3,1,Gd,9,Typ,1,TA,Attchd,1999.0,Fin,2.0,490.0,TA,TA,Y,0,0,0,0,0,0,,,,0,5,2009,WD ,Normal
1302,177500,1494,70,RL,,7500,Pave,,IR1,Bnk,AllPub,Inside,Gtl,Crawfor,Norm,Norm,1Fam,2Story,6,7,1942,1950,Gable,CompShg,Wd Sdng,Wd Sdng,None,0.0,TA,TA,CBlock,TA,TA,No,BLQ,547.0,Unf,0.0,224.0,771.0,GasA,Fa,Y,SBrkr,753,741,0,0.0,0.0,1,0,3,1,Gd,7,Typ,2,Gd,Attchd,1942.0,Unf,1.0,213.0,TA,TA,P,0,0,0,0,224,0,,,,0,11,2009,WD ,Normal
1303,290000,2526,60,RL,92.0,10120,Pave,,Reg,Lvl,AllPub,Inside,Gtl,NoRidge,Norm,Norm,1Fam,2Story,8,5,1994,1994,Hip,CompShg,VinylSd,VinylSd,BrkFace,391.0,Gd,TA,PConc,Gd,TA,No,GLQ,740.0,Unf,0.0,425.0,1165.0,GasA,Ex,Y,SBrkr,1203,1323,0,1.0,0.0,2,1,4,1,Gd,8,Typ,1,TA,Attchd,1994.0,RFn,3.0,844.0,TA,TA,Y,309,78,0,0,0,0,,,,0,12,2006,WD ,Normal
1304,232000,1616,20,RL,73.0,8688,Pave,,Reg,Lvl,AllPub,Inside,Gtl,Somerst,Norm,Norm,1Fam,1Story,7,5,2005,2005,Gable,CompShg,VinylSd,VinylSd,BrkFace,228.0,Gd,TA,PConc,Gd,TA,Av,Unf,0.0,Unf,0.0,1616.0,1616.0,GasA,Ex,Y,SBrkr,1616,0,0,0.0,0.0,2,0,3,1,Gd,7,Typ,0,,Attchd,2005.0,RFn,3.0,834.0,TA,TA,Y,208,59,0,0,0,0,,,,0,4,2006,WD ,Normal
1305,130000,1708,160,RM,32.0,3363,Pave,,Reg,Lvl,AllPub,Inside,Gtl,Edwards,Norm,Norm,TwnhsE,2Story,7,5,2004,2004,Gable,CompShg,VinylSd,VinylSd,Stone,117.0,Gd,TA,PConc,Gd,TA,No,Unf,0.0,Unf,0.0,976.0,976.0,GasA,Ex,Y,SBrkr,976,732,0,0.0,0.0,2,0,3,1,Gd,7,Maj1,0,,Detchd,2004.0,Unf,2.0,380.0,TA,TA,Y,0,40,0,0,0,0,,,,0,4,2006,WD ,Normal
1306,325000,1652,20,RL,108.0,13173,Pave,,IR1,Lvl,AllPub,Corner,Gtl,NridgHt,Norm,Norm,1Fam,1Story,9,5,2006,2007,Hip,CompShg,VinylSd,VinylSd,Stone,300.0,Gd,TA,PConc,Ex,TA,No,GLQ,1572.0,Unf,0.0,80.0,1652.0,GasA,Ex,Y,SBrkr,1652,0,0,1.0,0.0,2,0,2,1,Ex,6,Typ,2,Ex,Attchd,2006.0,Fin,2.0,840.0,TA,TA,Y,404,102,0,0,0,0,,,,0,11,2009,WD ,Normal
1307,202500,1368,120,RL,48.0,6955,Pave,,IR1,Lvl,AllPub,Inside,Gtl,NridgHt,Norm,Norm,TwnhsE,1Story,7,5,2005,2006,Gable,CompShg,VinylSd,VinylSd,Stone,94.0,Gd,TA,PConc,Gd,TA,No,Unf,0.0,Unf,0.0,1368.0,1368.0,GasA,Ex,Y,SBrkr,1368,0,0,0.0,0.0,2,0,2,1,Gd,6,Typ,1,Gd,Attchd,2005.0,RFn,2.0,474.0,TA,TA,Y,132,35,0,0,0,0,,,,0,9,2006,New,Partial
1308,138000,990,20,RL,60.0,8072,Pave,,Reg,Lvl,AllPub,Inside,Gtl,CollgCr,Norm,Norm,1Fam,1Story,5,5,1994,1995,Gable,CompShg,VinylSd,VinylSd,None,0.0,TA,Gd,PConc,Gd,Gd,No,ALQ,746.0,Unf,0.0,244.0,990.0,GasA,Ex,Y,SBrkr,990,0,0,1.0,0.0,1,0,3,1,TA,5,Typ,0,,Detchd,2000.0,Unf,2.0,480.0,TA,TA,Y,0,64,0,0,0,0,,,,0,5,2009,WD ,Normal
1309,147000,1122,20,RM,100.0,12000,Pave,,Reg,Lvl,AllPub,Inside,Gtl,OldTown,Norm,Norm,1Fam,1Story,5,7,1948,2005,Gable,CompShg,MetalSd,MetalSd,None,0.0,TA,TA,CBlock,TA,TA,No,GLQ,144.0,ALQ,608.0,172.0,924.0,GasA,Ex,Y,SBrkr,1122,0,0,1.0,0.0,1,0,2,1,Gd,6,Typ,0,,Attchd,1948.0,Unf,2.0,528.0,TA,TA,Y,0,36,0,0,0,0,,GdWo,,0,5,2008,WD ,Normal
1310,179200,1294,20,RL,,7153,Pave,,Reg,Lvl,AllPub,Inside,Gtl,SawyerW,Norm,Norm,1Fam,1Story,6,5,1991,1991,Gable,CompShg,HdBoard,HdBoard,BrkFace,88.0,TA,TA,CBlock,Gd,TA,No,GLQ,1200.0,Unf,0.0,78.0,1278.0,GasA,Gd,Y,SBrkr,1294,0,0,1.0,0.0,2,0,3,1,Gd,6,Typ,0,,Attchd,1991.0,RFn,2.0,496.0,TA,TA,Y,112,51,0,0,0,0,,GdWo,,0,6,2008,WD ,Normal
1311,335000,1902,20,RL,100.0,17500,Pave,,Reg,Lvl,AllPub,Inside,Gtl,Crawfor,PosA,Norm,1Fam,1Story,7,8,1959,2002,Gable,CompShg,BrkFace,HdBoard,None,0.0,Gd,Gd,PConc,Gd,TA,Av,GLQ,1406.0,Unf,0.0,496.0,1902.0,GasA,TA,Y,SBrkr,1902,0,0,1.0,0.0,2,0,3,1,Ex,7,Typ,2,TA,Attchd,1959.0,Fin,2.0,567.0,TA,TA,Y,0,207,162,0,0,0,,,,0,5,2010,WD ,Normal
1312,203000,1274,20,RL,68.0,8814,Pave,,Reg,Lvl,AllPub,Inside,Gtl,CollgCr,Norm,Norm,1Fam,1Story,7,5,2005,2007,Gable,CompShg,VinylSd,VinylSd,BrkFace,80.0,Gd,TA,PConc,Gd,TA,No,GLQ,925.0,Unf,0.0,349.0,1274.0,GasA,Ex,Y,SBrkr,1274,0,0,1.0,0.0,2,0,3,1,Gd,6,Typ,0,,Attchd,2005.0,RFn,2.0,508.0,TA,TA,Y,264,98,0,0,0,0,,,,0,1,2007,New,Partial
1313,302000,2810,60,RL,,9572,Pave,,IR1,Lvl,AllPub,Inside,Gtl,NoRidge,Norm,Norm,1Fam,2Story,8,5,1990,1990,Gable,CompShg,Wd Sdng,Wd Sdng,BrkFace,336.0,Gd,TA,PConc,Ex,TA,No,GLQ,482.0,Unf,0.0,971.0,1453.0,GasA,Ex,Y,SBrkr,1453,1357,0,0.0,0.0,2,1,4,1,Gd,9,Typ,1,Ex,Attchd,1990.0,RFn,2.0,750.0,Gd,Gd,Y,500,0,0,0,0,0,,,,0,6,2007,WD ,Normal
1314,333168,2599,60,RL,108.0,14774,Pave,,IR1,Lvl,AllPub,Corner,Gtl,NoRidge,Norm,Norm,1Fam,2Story,9,5,1999,1999,Gable,CompShg,VinylSd,VinylSd,BrkFace,165.0,Gd,TA,PConc,Gd,TA,No,Unf,0.0,Unf,0.0,1393.0,1393.0,GasA,Ex,Y,SBrkr,1422,1177,0,0.0,0.0,2,1,4,1,Gd,10,Typ,1,TA,BuiltIn,1999.0,Fin,3.0,779.0,TA,TA,Y,668,30,0,0,0,0,,,,0,5,2010,WD ,Normal
1315,119000,948,20,RL,60.0,8190,Pave,,Reg,Lvl,AllPub,Inside,Gtl,Edwards,Norm,Norm,1Fam,1Story,4,6,1954,1954,Hip,CompShg,Wd Sdng,Wd Sdng,None,0.0,TA,TA,CBlock,TA,TA,No,Rec,732.0,Unf,0.0,216.0,948.0,GasA,Ex,Y,SBrkr,948,0,0,1.0,0.0,1,0,3,1,TA,5,Typ,1,TA,Detchd,1956.0,Unf,1.0,280.0,TA,TA,Y,0,36,0,0,0,0,,,,0,10,2007,WD ,Normal
1316,206900,2112,60,RL,85.0,11075,Pave,,Reg,Lvl,AllPub,Inside,Gtl,NAmes,Norm,Norm,1Fam,2Story,6,5,1969,1969,Gable,CompShg,HdBoard,HdBoard,None,0.0,TA,TA,CBlock,Fa,TA,Mn,ALQ,500.0,LwQ,276.0,176.0,952.0,GasA,TA,Y,SBrkr,1092,1020,0,0.0,0.0,2,1,4,1,TA,9,Typ,2,Gd,Attchd,1969.0,Unf,2.0,576.0,TA,TA,Y,280,0,0,0,0,0,,,,0,6,2008,WD ,Normal
1317,295493,1630,20,RL,61.0,10226,Pave,,IR1,Lvl,AllPub,Inside,Gtl,CollgCr,Norm,Norm,1Fam,1Story,8,5,2008,2008,Gable,CompShg,VinylSd,VinylSd,Stone,270.0,Gd,TA,PConc,Ex,TA,Gd,Unf,0.0,Unf,0.0,1622.0,1622.0,GasA,Ex,Y,SBrkr,1630,0,0,1.0,0.0,2,0,3,1,Ex,8,Typ,1,Gd,Attchd,2008.0,RFn,3.0,860.0,TA,TA,Y,172,42,0,0,0,0,,,,0,1,2009,WD ,Normal
1318,208900,1352,120,FV,47.0,4230,Pave,Pave,Reg,Lvl,AllPub,Corner,Gtl,Somerst,Norm,Norm,TwnhsE,1Story,7,5,2006,2007,Gable,CompShg,VinylSd,VinylSd,None,0.0,Gd,TA,PConc,Ex,Gd,No,Unf,0.0,Unf,0.0,1352.0,1352.0,GasA,Ex,Y,SBrkr,1352,0,0,0.0,0.0,2,0,2,1,Gd,5,Typ,1,Gd,Attchd,2006.0,RFn,2.0,466.0,TA,TA,Y,0,241,0,0,0,0,,,,0,4,2007,New,Partial
1319,275000,1787,20,RL,,14781,Pave,,IR2,Lvl,AllPub,CulDSac,Gtl,CollgCr,Norm,Norm,1Fam,1Story,8,5,2001,2002,Hip,CompShg,VinylSd,VinylSd,BrkFace,178.0,Gd,TA,PConc,Gd,TA,Gd,Unf,0.0,Unf,0.0,1753.0,1753.0,GasA,Ex,Y,SBrkr,1787,0,0,0.0,0.0,2,0,3,1,Gd,7,Typ,1,TA,Attchd,2001.0,RFn,3.0,748.0,TA,TA,Y,198,150,0,0,0,0,,,,0,8,2006,WD ,Normal
1320,111000,948,20,RL,75.0,10215,Pave,,Reg,Bnk,AllPub,Inside,Gtl,Edwards,Norm,Norm,1Fam,1Story,4,5,1954,1954,Hip,CompShg,Wd Sdng,Wd Sdng,BrkFace,132.0,TA,TA,PConc,TA,TA,No,ALQ,492.0,Unf,0.0,372.0,864.0,GasA,Ex,Y,SBrkr,948,0,0,0.0,0.0,1,0,3,1,TA,5,Typ,0,,Attchd,1954.0,Unf,1.0,248.0,TA,TA,Y,0,0,0,0,0,0,,,,0,2,2007,WD ,Normal
1321,156500,1478,20,RL,70.0,8400,Pave,,Reg,Lvl,AllPub,Inside,Gtl,NAmes,Norm,Norm,1Fam,1Story,6,3,1957,1957,Hip,CompShg,BrkFace,BrkFace,None,0.0,TA,TA,CBlock,TA,TA,No,ALQ,189.0,Rec,661.0,628.0,1478.0,GasA,Gd,Y,SBrkr,1478,0,0,1.0,0.0,1,1,3,1,TA,6,Typ,2,Gd,Attchd,1957.0,RFn,2.0,442.0,TA,TA,Y,114,0,0,0,216,0,,,,0,6,2009,WD ,Normal
1322,72500,720,20,RL,,6627,Pave,,IR1,Lvl,AllPub,Corner,Gtl,BrkSide,Feedr,Norm,1Fam,1Story,3,6,1949,1950,Hip,CompShg,VinylSd,VinylSd,None,0.0,TA,TA,CBlock,,,,,0.0,,0.0,0.0,0.0,Floor,TA,N,SBrkr,720,0,0,0.0,0.0,1,0,2,1,TA,4,Typ,0,,Detchd,1955.0,Unf,1.0,287.0,TA,Fa,Y,0,0,0,0,0,0,,,,0,7,2008,WD ,Normal
1323,190000,1923,60,RL,107.0,10186,Pave,,IR1,Lvl,AllPub,Inside,Gtl,NoRidge,Norm,Norm,1Fam,2Story,7,5,1992,1992,Gable,CompShg,HdBoard,HdBoard,None,0.0,Gd,TA,PConc,Gd,TA,No,GLQ,674.0,Unf,0.0,76.0,750.0,GasA,Ex,Y,SBrkr,1061,862,0,1.0,0.0,2,1,3,1,Gd,8,Typ,1,TA,Attchd,1992.0,RFn,2.0,564.0,TA,TA,Y,240,39,0,0,0,0,,,,0,6,2010,WD ,Normal
1324,82500,708,30,RL,50.0,5330,Pave,,Reg,HLS,AllPub,Inside,Gtl,BrkSide,Norm,Norm,1Fam,1Story,4,7,1940,1950,Hip,CompShg,VinylSd,VinylSd,None,0.0,Fa,TA,CBlock,TA,TA,No,LwQ,280.0,Unf,0.0,140.0,420.0,GasA,Gd,Y,SBrkr,708,0,0,0.0,0.0,1,0,2,1,Fa,5,Typ,0,,,,,0.0,0.0,,,Y,164,0,0,0,0,0,,,,0,12,2009,WD ,Normal
1325,147000,1795,20,RL,75.0,9986,Pave,,Reg,Lvl,AllPub,Inside,Gtl,Somerst,Norm,Norm,1Fam,1Story,8,5,2006,2007,Gable,CompShg,VinylSd,VinylSd,BrkFace,428.0,Gd,TA,PConc,Ex,TA,Av,Unf,0.0,Unf,0.0,1795.0,1795.0,GasA,Ex,Y,SBrkr,1795,0,0,0.0,0.0,2,0,2,1,Gd,7,Typ,1,Gd,Attchd,2007.0,RFn,3.0,895.0,TA,TA,Y,0,49,0,0,0,0,,,,0,2,2007,New,Partial
1326,55000,796,30,RM,40.0,3636,Pave,,Reg,Lvl,AllPub,Inside,Gtl,IDOTRR,Norm,Norm,1Fam,1Story,4,4,1922,1950,Gable,CompShg,AsbShng,AsbShng,None,0.0,TA,TA,BrkTil,TA,Fa,No,Unf,0.0,Unf,0.0,796.0,796.0,GasA,Fa,N,SBrkr,796,0,0,0.0,0.0,1,0,2,1,TA,5,Typ,0,,,,,0.0,0.0,,,N,0,0,100,0,0,0,,MnPrv,,0,1,2008,WD ,Normal
1327,79000,774,30,RH,70.0,4270,Pave,,Reg,Bnk,AllPub,Inside,Mod,Edwards,Norm,Norm,1Fam,1Story,3,6,1931,2006,Gable,CompShg,MetalSd,MetalSd,None,0.0,TA,TA,BrkTil,TA,TA,No,Rec,544.0,Unf,0.0,0.0,544.0,GasA,Ex,Y,SBrkr,774,0,0,0.0,0.0,1,0,3,1,Gd,6,Typ,0,,,,,0.0,0.0,,,Y,0,0,286,0,0,0,,,,0,5,2007,WD ,Normal
1328,130500,816,20,RL,60.0,6600,Pave,,Reg,Lvl,AllPub,Inside,Gtl,Mitchel,Norm,Norm,1Fam,1Story,5,9,1982,2008,Gable,CompShg,VinylSd,VinylSd,None,0.0,Gd,Gd,CBlock,TA,TA,No,ALQ,641.0,Unf,0.0,175.0,816.0,GasA,Ex,Y,SBrkr,816,0,0,0.0,1.0,1,0,3,1,Gd,5,Typ,1,Ex,Attchd,1982.0,Unf,1.0,264.0,TA,TA,Y,0,0,0,0,0,0,,MnPrv,,0,10,2008,WD ,Normal
1329,256000,2792,50,RM,60.0,10440,Pave,Grvl,Reg,Lvl,AllPub,Corner,Gtl,OldTown,Norm,Norm,1Fam,1.5Fin,6,7,1920,1950,Gable,CompShg,BrkFace,Wd Sdng,None,0.0,Gd,Gd,BrkTil,Gd,TA,No,LwQ,493.0,Unf,0.0,1017.0,1510.0,GasW,Ex,Y,SBrkr,1584,1208,0,0.0,0.0,2,0,5,1,TA,8,Mod,2,TA,Detchd,1920.0,Unf,2.0,520.0,Fa,TA,Y,0,547,0,0,480,0,,MnPrv,Shed,1150,6,2008,WD ,Normal
1330,176500,1632,60,RL,63.0,9084,Pave,,IR1,Lvl,AllPub,Inside,Gtl,Gilbert,Norm,Norm,1Fam,2Story,7,5,1998,1998,Hip,CompShg,VinylSd,VinylSd,None,0.0,TA,TA,PConc,Gd,TA,No,Unf,0.0,Unf,0.0,935.0,935.0,GasA,Gd,Y,SBrkr,955,677,0,0.0,0.0,2,1,3,1,TA,8,Typ,1,TA,Attchd,1998.0,Fin,2.0,462.0,TA,TA,Y,0,28,0,0,0,0,,,,0,6,2006,WD ,Normal
1331,227000,1588,20,RL,85.0,10000,Pave,,Reg,Lvl,AllPub,Inside,Gtl,Somerst,Norm,Norm,1Fam,1Story,8,5,2006,2006,Hip,CompShg,VinylSd,VinylSd,Stone,410.0,Gd,TA,PConc,Gd,Gd,Av,Unf,0.0,Unf,0.0,1588.0,1588.0,GasA,Ex,Y,SBrkr,1588,0,0,0.0,0.0,2,0,3,1,Gd,7,Typ,1,Gd,Attchd,2006.0,RFn,3.0,825.0,TA,TA,Y,144,45,0,0,0,0,,,,0,12,2007,WD ,Normal
1332,132500,954,80,RL,55.0,10780,Pave,,IR1,Lvl,AllPub,Inside,Gtl,CollgCr,Norm,Norm,1Fam,SLvl,5,5,1976,1976,Gable,CompShg,MetalSd,MetalSd,None,0.0,TA,TA,CBlock,TA,TA,Av,ALQ,483.0,Unf,0.0,428.0,911.0,GasA,Gd,Y,SBrkr,954,0,0,0.0,0.0,1,0,3,1,TA,6,Typ,0,,Detchd,1976.0,Unf,2.0,576.0,TA,TA,Y,0,0,0,0,0,0,,,,0,7,2006,WD ,Normal
1333,100000,816,20,RL,67.0,8877,Pave,,Reg,Lvl,AllPub,Inside,Mod,Edwards,Norm,Norm,1Fam,1Story,4,6,1938,1958,Gable,CompShg,MetalSd,MetalSd,None,0.0,TA,TA,CBlock,TA,TA,Mn,ALQ,690.0,Unf,0.0,126.0,816.0,GasA,Ex,Y,SBrkr,816,0,0,1.0,0.0,1,0,2,1,TA,3,Typ,1,Gd,Detchd,1958.0,Unf,1.0,288.0,Fa,Fa,Y,0,0,0,0,0,0,,,,0,5,2009,WD ,Normal
1334,125500,1360,50,RM,60.0,7200,Pave,,Reg,Lvl,AllPub,Corner,Gtl,IDOTRR,Norm,Norm,1Fam,1.5Fin,5,6,1938,1995,Gable,CompShg,Wd Sdng,Wd Sdng,None,0.0,TA,TA,CBlock,TA,TA,No,Unf,0.0,Unf,0.0,803.0,803.0,GasA,Ex,Y,SBrkr,803,557,0,0.0,0.0,1,1,2,1,Gd,6,Typ,0,,Detchd,1951.0,Unf,1.0,297.0,TA,TA,Y,0,65,190,0,0,0,,MnPrv,,0,7,2006,WD ,Normal
1335,125000,1365,160,RM,24.0,2368,Pave,,Reg,Lvl,AllPub,Inside,Gtl,BrDale,Norm,Norm,TwnhsE,2Story,5,6,1970,1970,Gable,CompShg,HdBoard,HdBoard,None,312.0,TA,TA,CBlock,TA,TA,No,LwQ,765.0,Unf,0.0,0.0,765.0,GasA,TA,Y,SBrkr,765,600,0,0.0,0.0,1,1,3,1,TA,7,Min1,0,,Attchd,1970.0,Unf,2.0,440.0,TA,TA,Y,0,36,0,0,0,0,,,,0,5,2009,WD ,Normal
1336,167900,1334,20,RL,80.0,9650,Pave,,Reg,Lvl,AllPub,Inside,Gtl,NWAmes,Norm,Norm,1Fam,1Story,6,5,1977,1977,Gable,CompShg,Plywood,Plywood,BrkFace,360.0,TA,TA,CBlock,Gd,TA,No,ALQ,686.0,Unf,0.0,664.0,1350.0,GasA,TA,Y,SBrkr,1334,0,0,0.0,1.0,2,0,2,1,TA,6,Typ,1,TA,Attchd,1977.0,RFn,2.0,630.0,TA,TA,Y,0,16,0,0,0,0,,,,0,4,2009,WD ,Normal
1337,135000,1656,90,RL,87.0,9246,Pave,,IR1,Lvl,AllPub,Inside,Gtl,NWAmes,Feedr,Norm,Duplex,1Story,5,5,1973,1973,Gable,CompShg,Plywood,Plywood,BrkFace,564.0,TA,TA,CBlock,TA,TA,No,Unf,0.0,Unf,0.0,1656.0,1656.0,GasA,TA,Y,SBrkr,1656,0,0,0.0,0.0,2,0,4,2,TA,8,Typ,0,,Detchd,1973.0,Unf,2.0,506.0,TA,TA,Y,0,211,0,0,0,0,,,,0,11,2008,WD ,Normal
1338,52500,693,30,RM,153.0,4118,Pave,Grvl,IR1,Bnk,AllPub,Corner,Mod,OldTown,Feedr,Norm,1Fam,1Story,4,4,1941,1950,Gable,CompShg,Wd Sdng,Wd Sdng,None,0.0,TA,TA,CBlock,TA,TA,No,Unf,0.0,Unf,0.0,693.0,693.0,Grav,Fa,N,FuseA,693,0,0,0.0,0.0,1,0,2,1,Fa,4,Typ,0,,,,,0.0,0.0,,,N,0,20,0,0,0,0,,,,0,3,2006,WD ,Normal
1339,200000,1861,60,RL,95.0,13450,Pave,,IR1,Lvl,AllPub,Corner,Gtl,CollgCr,Norm,Norm,1Fam,2Story,7,5,2002,2002,Gable,CompShg,VinylSd,VinylSd,None,0.0,Gd,TA,PConc,Gd,TA,No,GLQ,700.0,Unf,0.0,216.0,916.0,GasA,Ex,Y,SBrkr,920,941,0,1.0,0.0,2,1,3,1,Gd,8,Typ,0,,BuiltIn,2002.0,RFn,2.0,492.0,TA,TA,Y,146,91,0,0,0,0,,,,0,6,2006,WD ,Normal
1340,128500,864,20,RL,120.0,9560,Pave,,IR1,Lvl,AllPub,Corner,Gtl,CollgCr,Norm,Norm,1Fam,1Story,5,7,1972,1972,Hip,CompShg,MetalSd,MetalSd,None,0.0,TA,Gd,CBlock,TA,TA,Mn,Rec,360.0,Unf,0.0,504.0,864.0,GasA,Ex,Y,SBrkr,864,0,0,0.0,0.0,1,0,3,1,TA,5,Typ,0,,Attchd,1972.0,RFn,1.0,288.0,TA,TA,Y,0,0,0,0,0,0,,,,0,6,2006,WD ,Normal
1341,123000,872,20,RL,70.0,8294,Pave,,Reg,Lvl,AllPub,Inside,Gtl,NAmes,Norm,Norm,1Fam,1Story,4,5,1971,1971,Gable,CompShg,MetalSd,MetalSd,None,0.0,TA,TA,CBlock,TA,TA,No,Unf,0.0,Unf,0.0,858.0,858.0,GasA,TA,Y,SBrkr,872,0,0,0.0,0.0,1,0,3,1,TA,5,Typ,0,,Detchd,1974.0,Unf,4.0,480.0,TA,TA,Y,0,0,0,0,0,0,,GdWo,,0,6,2007,WD ,Normal
1342,155000,1114,20,RL,66.0,13695,Pave,,Reg,Lvl,AllPub,Inside,Gtl,SawyerW,RRAe,Norm,1Fam,1Story,6,5,2003,2004,Gable,CompShg,VinylSd,VinylSd,None,0.0,TA,TA,PConc,Gd,TA,No,GLQ,814.0,Unf,0.0,300.0,1114.0,GasA,Ex,Y,SBrkr,1114,0,0,1.0,0.0,1,0,3,1,Gd,6,Typ,0,,Detchd,2004.0,Unf,2.0,576.0,TA,TA,Y,0,78,0,0,0,0,,,,0,7,2008,WD ,Normal
1343,228500,2169,60,RL,,9375,Pave,,Reg,Lvl,AllPub,Inside,Gtl,CollgCr,Norm,Norm,1Fam,2Story,8,5,2002,2002,Gable,CompShg,VinylSd,VinylSd,BrkFace,149.0,Gd,TA,PConc,Gd,TA,No,Unf,0.0,Unf,0.0,1284.0,1284.0,GasA,Ex,Y,SBrkr,1284,885,0,0.0,0.0,2,1,3,1,Gd,7,Typ,1,Gd,Attchd,2002.0,RFn,2.0,647.0,TA,TA,Y,192,87,0,0,0,0,,,,0,8,2007,WD ,Normal
1344,177000,1913,50,RL,57.0,7558,Pave,,Reg,Bnk,AllPub,Inside,Gtl,Crawfor,Norm,Norm,1Fam,1.5Fin,6,6,1928,1950,Gable,CompShg,BrkFace,Stone,None,0.0,TA,TA,BrkTil,TA,TA,No,Unf,0.0,Unf,0.0,896.0,896.0,GasA,Gd,Y,SBrkr,1172,741,0,0.0,0.0,1,1,3,1,TA,9,Typ,1,TA,Detchd,1929.0,Unf,2.0,342.0,Fa,Fa,Y,0,0,0,0,0,0,,,,0,3,2009,WD ,Normal
1345,155835,1456,60,RL,85.0,11103,Pave,,IR1,Lvl,AllPub,Corner,Gtl,CollgCr,Norm,Norm,1Fam,2Story,7,5,2006,2006,Gable,CompShg,VinylSd,VinylSd,None,0.0,Gd,TA,PConc,Gd,TA,No,Unf,0.0,Unf,0.0,728.0,728.0,GasA,Ex,Y,SBrkr,728,728,0,0.0,0.0,2,1,3,1,Gd,8,Typ,1,TA,Attchd,2006.0,Fin,2.0,440.0,TA,TA,Y,0,0,0,0,0,0,,,,0,7,2007,New,Partial
1346,108500,960,30,RM,50.0,6000,Pave,,Reg,Lvl,AllPub,Inside,Gtl,OldTown,Norm,Norm,1Fam,1Story,4,4,1920,1950,Hip,CompShg,MetalSd,MetalSd,None,0.0,TA,TA,PConc,TA,TA,No,ALQ,250.0,Unf,0.0,710.0,960.0,GasA,Gd,Y,FuseA,960,0,0,0.0,0.0,1,0,2,1,Fa,5,Typ,0,,Detchd,1997.0,Unf,1.0,308.0,TA,TA,Y,0,0,168,0,0,0,,,,0,7,2007,WD ,Normal
1347,262500,2156,20,RL,,20781,Pave,,IR2,Lvl,AllPub,CulDSac,Gtl,NWAmes,PosN,Norm,1Fam,1Story,7,7,1968,2003,Hip,CompShg,BrkFace,HdBoard,None,0.0,TA,TA,CBlock,TA,TA,No,BLQ,297.0,Rec,68.0,1203.0,1568.0,GasA,TA,Y,SBrkr,2156,0,0,0.0,0.0,2,0,3,1,TA,9,Typ,1,Gd,Attchd,1968.0,RFn,2.0,508.0,Gd,TA,Y,0,80,0,290,0,0,,,,0,6,2006,WD ,Normal
1348,283463,1776,20,RL,93.0,15306,Pave,,IR1,HLS,AllPub,Corner,Gtl,Timber,Norm,Norm,1Fam,1Story,8,5,2006,2007,Gable,CompShg,VinylSd,VinylSd,Stone,100.0,Gd,TA,PConc,Ex,TA,Gd,GLQ,80.0,Unf,0.0,1652.0,1732.0,GasA,Ex,Y,SBrkr,1776,0,0,1.0,0.0,2,0,3,1,Gd,7,Typ,1,Gd,Attchd,2006.0,Fin,3.0,712.0,TA,TA,Y,0,0,0,0,0,0,,,,0,5,2007,New,Partial
1349,215000,1494,20,RL,,16196,Pave,,IR3,Low,AllPub,Inside,Gtl,SawyerW,Norm,Norm,1Fam,1Story,7,5,1998,1998,Gable,CompShg,VinylSd,VinylSd,None,0.0,Gd,TA,PConc,Gd,TA,Gd,GLQ,1443.0,Unf,0.0,39.0,1482.0,GasA,Ex,Y,SBrkr,1494,0,0,1.0,0.0,2,0,3,1,Gd,5,Typ,1,Fa,Attchd,1998.0,RFn,2.0,514.0,TA,TA,Y,402,25,0,0,0,0,,,,0,8,2007,WD ,Normal
1350,122000,2358,70,RM,50.0,5250,Pave,Pave,Reg,Lvl,AllPub,Inside,Gtl,OldTown,Norm,Norm,1Fam,2Story,8,5,1872,1987,Gable,CompShg,MetalSd,MetalSd,None,0.0,TA,Gd,BrkTil,TA,Fa,No,LwQ,259.0,Unf,0.0,425.0,684.0,OthW,Fa,N,SBrkr,938,1215,205,0.0,0.0,2,0,4,1,TA,8,Typ,0,,,,,0.0,0.0,,,Y,0,54,20,0,0,0,,,,0,12,2008,WD ,Normal
1351,200000,2634,90,RL,91.0,11643,Pave,,Reg,Lvl,AllPub,Inside,Gtl,NAmes,Artery,Norm,Duplex,2Story,5,5,1969,1969,Gable,CompShg,MetalSd,MetalSd,BrkFace,368.0,TA,TA,CBlock,TA,TA,No,LwQ,500.0,Unf,0.0,748.0,1248.0,GasA,TA,Y,SBrkr,1338,1296,0,1.0,1.0,2,2,6,2,TA,12,Typ,0,,Detchd,1969.0,Unf,4.0,968.0,TA,TA,Y,0,0,0,0,0,0,,,,0,8,2009,WD ,Normal
1352,171000,1716,60,RL,70.0,9247,Pave,,IR1,Lvl,AllPub,Inside,Gtl,NAmes,Norm,Norm,1Fam,2Story,6,6,1962,1962,Gable,CompShg,HdBoard,HdBoard,BrkFace,318.0,TA,TA,CBlock,TA,TA,No,Rec,319.0,Unf,0.0,539.0,858.0,GasA,Ex,Y,SBrkr,858,858,0,0.0,0.0,1,1,4,1,TA,8,Typ,1,Gd,Attchd,1962.0,Fin,2.0,490.0,TA,TA,Y,0,84,0,0,120,0,,,,0,3,2008,WD ,Normal
1353,134900,1176,50,RM,50.0,6000,Pave,,Reg,Lvl,AllPub,Inside,Gtl,BrkSide,Norm,Norm,1Fam,1.5Fin,6,9,1937,2000,Gable,CompShg,MetalSd,MetalSd,None,0.0,Gd,TA,BrkTil,TA,TA,No,Unf,0.0,Unf,0.0,698.0,698.0,GasA,TA,Y,SBrkr,786,390,0,0.0,0.0,1,0,2,1,TA,4,Typ,0,,Detchd,1999.0,Unf,2.0,624.0,TA,TA,N,210,0,0,0,0,0,,,,0,7,2009,WD ,Normal
1354,410000,3238,50,RL,56.0,14720,Pave,,IR1,Lvl,AllPub,CulDSac,Gtl,NoRidge,Norm,Norm,1Fam,1.5Fin,8,5,1995,1996,Hip,CompShg,VinylSd,VinylSd,BrkFace,579.0,Gd,TA,PConc,Gd,TA,Av,GLQ,816.0,Unf,0.0,1217.0,2033.0,GasA,Ex,Y,SBrkr,2053,1185,0,1.0,0.0,2,1,4,1,Gd,9,Typ,1,Ex,Attchd,1996.0,Fin,3.0,666.0,TA,TA,Y,283,86,0,0,0,0,,,,0,3,2010,WD ,Normal
1355,235000,1865,60,RL,,10316,Pave,,IR1,Lvl,AllPub,Inside,Gtl,CollgCr,Norm,Norm,1Fam,2Story,7,5,2000,2000,Gable,CompShg,VinylSd,VinylSd,None,0.0,Gd,TA,PConc,Gd,TA,No,GLQ,735.0,Unf,0.0,257.0,992.0,GasA,Ex,Y,SBrkr,992,873,0,1.0,0.0,2,1,3,1,Gd,7,Typ,1,TA,Attchd,2000.0,RFn,3.0,839.0,TA,TA,Y,0,184,0,0,0,0,,,,0,6,2008,WD ,Normal
1356,170000,1920,80,RL,102.0,10192,Pave,,IR1,Lvl,AllPub,Inside,Gtl,NWAmes,Norm,Norm,1Fam,SLvl,7,6,1968,1992,Gable,CompShg,MetalSd,MetalSd,BrkFace,143.0,TA,TA,CBlock,TA,TA,No,Unf,0.0,Unf,0.0,570.0,570.0,GasA,Gd,Y,SBrkr,1222,698,0,0.0,0.0,3,0,4,1,Gd,8,Typ,1,TA,Attchd,1968.0,RFn,2.0,487.0,TA,TA,Y,0,98,0,0,0,0,,GdPrv,,0,9,2006,WD ,Normal
1357,110000,892,20,RL,,9477,Pave,,Reg,Lvl,AllPub,Corner,Gtl,NAmes,Norm,Norm,1Fam,1Story,5,5,1966,1966,Gable,CompShg,HdBoard,HdBoard,BrkFace,65.0,TA,TA,CBlock,TA,TA,No,Rec,340.0,Unf,0.0,524.0,864.0,GasA,TA,Y,SBrkr,892,0,0,0.0,0.0,1,0,3,1,TA,5,Typ,0,,Attchd,1966.0,RFn,1.0,264.0,TA,TA,Y,0,0,0,0,0,0,,GdWo,,0,10,2008,WD ,Normal
1358,149900,1078,20,RL,,12537,Pave,,IR1,Lvl,AllPub,CulDSac,Gtl,NAmes,Norm,Norm,1Fam,1Story,5,6,1971,2008,Gable,CompShg,VinylSd,VinylSd,None,0.0,TA,TA,CBlock,TA,TA,No,GLQ,734.0,Unf,0.0,344.0,1078.0,GasA,Ex,Y,SBrkr,1078,0,0,1.0,0.0,1,1,3,1,TA,6,Typ,1,Fa,Attchd,1971.0,Fin,2.0,500.0,TA,TA,Y,0,0,0,0,0,0,,,,0,4,2010,WD ,Normal
1359,177500,1573,160,FV,,2117,Pave,,Reg,Lvl,AllPub,Inside,Gtl,Somerst,Norm,Norm,Twnhs,2Story,6,5,2000,2000,Gable,CompShg,MetalSd,MetalSd,BrkFace,216.0,Gd,TA,PConc,Gd,TA,No,GLQ,378.0,Unf,0.0,378.0,756.0,GasA,Ex,Y,SBrkr,769,804,0,0.0,0.0,2,1,3,1,Gd,5,Typ,0,,Detchd,2000.0,Unf,2.0,440.0,TA,TA,Y,0,32,0,0,0,0,,,,0,6,2010,WD ,Normal
1360,315000,1980,20,RL,129.0,16737,Pave,,Reg,Lvl,AllPub,FR3,Gtl,NridgHt,Norm,Norm,1Fam,1Story,9,5,2004,2005,Hip,CompShg,VinylSd,VinylSd,BrkFace,66.0,Gd,TA,PConc,Ex,TA,Av,GLQ,1447.0,Unf,0.0,533.0,1980.0,GasA,Ex,Y,SBrkr,1980,0,0,1.0,0.0,2,0,3,1,Ex,8,Typ,1,Gd,Attchd,2004.0,Fin,3.0,770.0,TA,TA,Y,194,45,0,0,0,0,,,,0,9,2006,WD ,Normal
1361,189000,2601,70,RL,51.0,9842,Pave,,Reg,Lvl,AllPub,Inside,Gtl,SWISU,Feedr,Norm,1Fam,2Story,5,6,1921,1998,Gable,CompShg,MetalSd,Wd Sdng,None,0.0,TA,TA,BrkTil,TA,Fa,No,Unf,0.0,Unf,0.0,612.0,612.0,GasA,Ex,Y,SBrkr,990,1611,0,0.0,0.0,3,1,4,1,TA,8,Typ,0,,BuiltIn,1998.0,RFn,2.0,621.0,TA,TA,Y,183,0,301,0,0,0,,,,0,5,2008,WD ,Normal
1362,260000,1530,20,RL,124.0,16158,Pave,,IR1,Low,AllPub,Inside,Mod,StoneBr,Norm,Norm,1Fam,1Story,7,5,2005,2005,Hip,CompShg,VinylSd,VinylSd,Stone,16.0,Gd,TA,PConc,Ex,TA,Av,ALQ,1274.0,Unf,0.0,256.0,1530.0,GasA,Ex,Y,SBrkr,1530,0,0,1.0,0.0,2,0,3,1,Gd,7,Typ,1,Gd,Attchd,2005.0,Fin,2.0,430.0,TA,TA,Y,168,36,0,0,0,0,,,,0,6,2009,WD ,Normal
1363,104900,1738,50,RL,,12513,Pave,,IR1,Lvl,AllPub,FR2,Gtl,NAmes,Feedr,Norm,1Fam,1.5Fin,4,4,1920,2007,Gable,CompShg,VinylSd,VinylSd,None,0.0,TA,Gd,BrkTil,TA,Fa,No,Unf,0.0,Unf,0.0,715.0,715.0,GasA,Gd,Y,SBrkr,1281,457,0,0.0,0.0,2,0,4,1,TA,7,Typ,1,Gd,Attchd,1920.0,Unf,1.0,368.0,TA,TA,Y,55,0,0,0,0,0,,,,0,6,2009,WD ,Normal
1364,156932,1412,60,RL,73.0,8499,Pave,,IR1,Lvl,AllPub,Inside,Gtl,Gilbert,Norm,Norm,1Fam,2Story,6,5,2006,2007,Gable,CompShg,VinylSd,VinylSd,None,0.0,TA,TA,PConc,Gd,TA,No,Unf,0.0,Unf,0.0,616.0,616.0,GasA,Ex,Y,SBrkr,616,796,0,0.0,0.0,2,1,3,1,Gd,6,Typ,1,Gd,BuiltIn,2007.0,Fin,2.0,432.0,TA,TA,Y,0,36,0,0,0,0,,,,0,3,2007,New,Partial
1365,144152,1200,160,FV,30.0,3180,Pave,Pave,Reg,Lvl,AllPub,Inside,Gtl,Somerst,Norm,Norm,TwnhsE,2Story,7,5,2005,2005,Gable,CompShg,MetalSd,MetalSd,None,0.0,Gd,TA,PConc,Gd,TA,No,Unf,0.0,Unf,0.0,600.0,600.0,GasA,Ex,Y,SBrkr,520,600,80,0.0,0.0,2,1,2,1,Gd,4,Typ,0,,Detchd,2005.0,RFn,2.0,480.0,TA,TA,Y,0,166,0,0,0,0,,,,0,4,2006,WD ,Abnorml
1366,216000,1674,60,FV,,7500,Pave,,Reg,Lvl,AllPub,Inside,Gtl,Somerst,Norm,Norm,1Fam,2Story,7,5,2000,2000,Gable,CompShg,VinylSd,VinylSd,None,0.0,Gd,TA,PConc,Gd,TA,No,GLQ,533.0,Unf,0.0,281.0,814.0,GasA,Ex,Y,SBrkr,814,860,0,1.0,0.0,2,1,3,1,Gd,7,Typ,0,,Attchd,2000.0,RFn,2.0,663.0,TA,TA,Y,0,96,0,0,0,0,,,,0,1,2010,WD ,Normal
1367,193000,1790,60,RL,68.0,9179,Pave,,IR1,Lvl,AllPub,Inside,Gtl,CollgCr,Norm,Norm,1Fam,2Story,7,5,1999,1999,Gable,CompShg,VinylSd,VinylSd,BrkFace,158.0,Gd,TA,PConc,Gd,TA,No,GLQ,633.0,Unf,0.0,240.0,873.0,GasA,Ex,Y,SBrkr,882,908,0,1.0,0.0,2,1,3,1,Gd,7,Typ,0,,Attchd,1999.0,RFn,2.0,588.0,TA,TA,Y,0,88,0,0,0,0,,,,0,6,2008,WD ,Abnorml
1368,127000,1475,160,RM,41.0,2665,Pave,,Reg,Lvl,AllPub,Inside,Gtl,MeadowV,Norm,Norm,TwnhsE,2Story,5,6,1977,1977,Gable,CompShg,CemntBd,CmentBd,None,0.0,TA,TA,PConc,TA,TA,No,ALQ,548.0,Rec,173.0,36.0,757.0,GasA,Ex,Y,SBrkr,925,550,0,0.0,0.0,2,0,4,1,TA,6,Typ,1,TA,Attchd,1977.0,RFn,1.0,336.0,TA,TA,Y,104,26,0,0,0,0,,,,0,7,2006,WD ,Normal
1369,144000,848,120,RM,,4435,Pave,,Reg,Lvl,AllPub,Inside,Gtl,CollgCr,Norm,Norm,TwnhsE,1Story,6,5,2003,2004,Gable,CompShg,VinylSd,VinylSd,BrkFace,170.0,Gd,TA,PConc,Gd,TA,Av,GLQ,685.0,Unf,0.0,163.0,848.0,GasA,Ex,Y,SBrkr,848,0,0,1.0,0.0,1,0,1,1,Gd,4,Typ,0,,Attchd,2003.0,Fin,2.0,420.0,TA,TA,Y,140,0,0,0,0,0,,,,0,6,2009,WD ,Normal
1370,232000,1668,20,RL,48.0,10635,Pave,,IR2,Lvl,AllPub,FR2,Gtl,CollgCr,Norm,Norm,1Fam,1Story,8,5,2003,2003,Hip,CompShg,VinylSd,VinylSd,BrkFace,171.0,Gd,TA,PConc,Gd,TA,Av,BLQ,370.0,GLQ,972.0,315.0,1657.0,GasA,Ex,Y,SBrkr,1668,0,0,1.0,0.0,2,0,3,1,Gd,8,Typ,1,TA,Attchd,2003.0,Fin,2.0,502.0,TA,TA,Y,0,262,0,0,0,0,,,,0,5,2010,WD ,Normal
1371,105000,1374,50,RL,90.0,5400,Pave,,Reg,Lvl,AllPub,Corner,Gtl,OldTown,Artery,Norm,1Fam,1.5Fin,4,6,1920,1950,Gable,CompShg,CBlock,CBlock,None,0.0,Fa,TA,PConc,TA,TA,No,ALQ,315.0,Rec,105.0,420.0,840.0,GasA,Ex,Y,SBrkr,840,534,0,0.0,0.0,1,0,2,1,TA,6,Typ,0,,Detchd,1967.0,Fin,1.0,338.0,TA,TA,Y,0,0,198,0,0,0,,,,0,10,2009,WD ,Normal
1372,165500,1661,80,RL,80.0,9600,Pave,,Reg,Lvl,AllPub,Inside,Gtl,NAmes,Norm,Norm,1Fam,SLvl,6,6,1955,1996,Hip,CompShg,AsbShng,AsbShng,None,0.0,TA,TA,CBlock,TA,TA,Av,BLQ,831.0,Unf,0.0,161.0,992.0,GasA,Gd,Y,SBrkr,1661,0,0,1.0,0.0,1,0,3,1,Gd,8,Typ,1,TA,BuiltIn,1955.0,RFn,1.0,377.0,TA,TA,Y,0,28,0,0,178,0,,MnPrv,,0,10,2008,WD ,Normal
1373,274300,2097,60,RL,75.0,9750,Pave,,Reg,Lvl,AllPub,Corner,Gtl,CollgCr,Norm,Norm,1Fam,2Story,7,6,1998,1998,Gable,CompShg,VinylSd,VinylSd,None,0.0,TA,TA,PConc,Gd,TA,Av,GLQ,975.0,Unf,0.0,133.0,1108.0,GasA,Ex,Y,SBrkr,1108,989,0,1.0,0.0,2,1,3,1,Gd,8,Typ,1,TA,Detchd,1998.0,RFn,2.0,583.0,TA,TA,Y,253,170,0,0,0,0,,,,0,6,2006,WD ,Normal
1374,466500,2633,20,RL,,11400,Pave,,Reg,Lvl,AllPub,Inside,Gtl,NoRidge,Norm,Norm,1Fam,1Story,10,5,2001,2002,Hip,CompShg,VinylSd,VinylSd,BrkFace,705.0,Ex,TA,PConc,Ex,TA,Gd,GLQ,1282.0,Unf,0.0,1351.0,2633.0,GasA,Ex,Y,SBrkr,2633,0,0,1.0,0.0,2,1,2,1,Ex,8,Typ,2,Gd,Attchd,2001.0,RFn,3.0,804.0,TA,TA,Y,314,140,0,0,0,0,,,,0,3,2007,WD ,Normal
1375,250000,1958,60,FV,85.0,10625,Pave,,Reg,Lvl,AllPub,Inside,Gtl,Somerst,Norm,Norm,1Fam,2Story,7,5,2005,2005,Gable,CompShg,CemntBd,CmentBd,None,0.0,Gd,TA,PConc,Gd,TA,No,Unf,0.0,Unf,0.0,1026.0,1026.0,GasA,Ex,Y,SBrkr,1026,932,0,0.0,0.0,2,1,3,1,Gd,9,Typ,1,Gd,Attchd,2005.0,Fin,3.0,936.0,TA,TA,Y,154,210,0,0,0,0,,,,0,7,2008,WD ,Normal
1376,239000,1571,20,RL,89.0,10991,Pave,,IR1,HLS,AllPub,Inside,Gtl,Timber,Norm,Norm,1Fam,1Story,8,5,2007,2007,Gable,CompShg,VinylSd,VinylSd,BrkFace,80.0,Gd,TA,PConc,Gd,TA,Gd,Unf,0.0,Unf,0.0,1571.0,1571.0,GasA,Ex,Y,SBrkr,1571,0,0,0.0,0.0,2,0,3,1,Gd,7,Typ,1,Gd,Attchd,2007.0,Fin,3.0,722.0,TA,TA,Y,100,36,0,0,0,0,,,,0,12,2007,New,Partial
1377,91000,790,30,RL,52.0,6292,Pave,,Reg,Bnk,AllPub,Inside,Gtl,SWISU,Norm,Norm,1Fam,1Story,6,5,1930,1950,Gable,CompShg,Wd Sdng,Wd Sdng,None,0.0,TA,TA,BrkTil,Gd,TA,Mn,Rec,384.0,Unf,0.0,384.0,768.0,GasA,TA,N,SBrkr,790,0,0,0.0,0.0,1,0,2,1,TA,4,Typ,0,,Detchd,1925.0,Unf,1.0,160.0,Fa,TA,Y,0,141,0,0,0,0,,,,0,4,2008,WD ,Normal
1378,117000,1604,50,RL,60.0,10998,Pave,Grvl,Reg,Lvl,AllPub,Inside,Gtl,Edwards,Norm,Norm,1Fam,1.5Fin,5,5,1941,1960,Gable,CompShg,Wd Sdng,Wd Sdng,None,0.0,TA,TA,CBlock,TA,TA,No,LwQ,408.0,BLQ,420.0,156.0,984.0,GasA,Ex,Y,SBrkr,984,620,0,0.0,0.0,2,0,3,1,TA,6,Min2,0,,Detchd,1977.0,Unf,2.0,660.0,TA,TA,Y,0,68,0,0,0,0,,,,0,7,2009,WD ,Normal
1379,83000,987,160,RM,21.0,1953,Pave,,Reg,Lvl,AllPub,Inside,Gtl,BrDale,Norm,Norm,Twnhs,2Story,6,5,1973,1973,Gable,CompShg,HdBoard,HdBoard,BrkFace,408.0,TA,TA,CBlock,TA,Fa,No,BLQ,309.0,Unf,0.0,174.0,483.0,GasA,TA,Y,SBrkr,483,504,0,0.0,0.0,1,1,2,1,TA,5,Typ,0,,Detchd,1973.0,Unf,1.0,264.0,TA,TA,Y,72,0,0,0,0,0,,,,0,6,2006,WD ,Normal
1380,167500,1394,80,RL,73.0,9735,Pave,,Reg,Lvl,AllPub,Inside,Gtl,Timber,Norm,Norm,1Fam,SLvl,5,5,2006,2007,Gable,CompShg,VinylSd,VinylSd,None,0.0,TA,TA,PConc,Gd,TA,No,Unf,0.0,Unf,0.0,384.0,384.0,GasA,Gd,Y,,754,640,0,0.0,0.0,2,1,3,1,Gd,7,Typ,0,,BuiltIn,2007.0,Fin,2.0,400.0,TA,TA,Y,100,0,0,0,0,0,,,,0,5,2008,WD ,Normal
1381,58500,864,30,RL,45.0,8212,Pave,Grvl,Reg,Lvl,AllPub,Inside,Gtl,Edwards,Norm,Norm,1Fam,1Story,3,3,1914,1950,Gable,CompShg,Stucco,Stucco,None,0.0,TA,Fa,BrkTil,TA,Fa,No,Rec,203.0,Unf,0.0,661.0,864.0,GasA,TA,N,FuseF,864,0,0,1.0,0.0,1,0,2,1,TA,5,Typ,0,,Detchd,1938.0,Unf,1.0,200.0,TA,Fa,Y,0,0,96,0,0,0,,,,0,6,2010,WD ,Normal
1382,237500,2117,20,RL,,12925,Pave,,IR1,Lvl,AllPub,Corner,Gtl,NAmes,Norm,Norm,1Fam,1Story,6,7,1970,1970,Gable,CompShg,BrkFace,Plywood,None,0.0,TA,TA,CBlock,TA,TA,Mn,BLQ,865.0,Unf,0.0,340.0,1205.0,GasA,Ex,Y,SBrkr,2117,0,0,0.0,0.0,2,1,4,1,TA,7,Typ,2,Gd,Attchd,1970.0,Fin,2.0,550.0,TA,TA,Y,0,42,0,0,0,0,,,,0,5,2008,WD ,Normal
1383,157000,1762,70,RM,60.0,7200,Pave,,Reg,Lvl,AllPub,Corner,Gtl,OldTown,Norm,Norm,1Fam,2Story,7,7,1920,1950,Hip,CompShg,Wd Sdng,Wd Sdng,None,0.0,TA,TA,BrkTil,Fa,TA,No,Unf,0.0,Unf,0.0,596.0,596.0,GasA,Ex,Y,SBrkr,998,764,0,1.0,0.0,1,1,4,1,Gd,8,Typ,0,,Detchd,1989.0,Unf,2.0,576.0,TA,TA,N,36,0,221,0,0,0,,,,0,10,2006,WD ,Normal
1384,112000,1416,30,RL,,25339,Pave,,Reg,Lvl,AllPub,Inside,Gtl,Sawyer,Norm,Norm,1Fam,1Story,5,7,1918,2007,Gable,CompShg,Wd Sdng,Wd Sdng,None,0.0,TA,Gd,BrkTil,TA,TA,No,Unf,0.0,Unf,0.0,816.0,816.0,GasA,Ex,Y,SBrkr,1416,0,0,0.0,0.0,2,0,3,1,Gd,7,Typ,0,,Attchd,2007.0,Unf,2.0,576.0,TA,TA,N,0,0,112,0,0,0,,,,0,8,2007,WD ,Normal
1385,105000,1258,50,RL,60.0,9060,Pave,,Reg,Lvl,AllPub,Inside,Gtl,Edwards,Norm,Norm,1Fam,1.5Fin,6,5,1939,1950,Gable,CompShg,WdShing,Wd Shng,None,0.0,TA,TA,BrkTil,TA,TA,Mn,Rec,204.0,Unf,0.0,356.0,560.0,GasA,TA,Y,SBrkr,698,560,0,0.0,0.0,1,0,2,1,TA,6,Typ,0,,Detchd,1939.0,Unf,1.0,280.0,TA,TA,P,0,0,0,0,0,0,,MnPrv,,0,10,2009,WD ,Normal
1386,125500,1154,50,RM,40.0,5436,Pave,,Reg,Lvl,AllPub,Inside,Gtl,IDOTRR,Norm,Norm,1Fam,1.5Fin,4,8,1922,2007,Gable,CompShg,VinylSd,VinylSd,None,0.0,TA,Gd,BrkTil,TA,TA,No,BLQ,735.0,Unf,0.0,61.0,796.0,GasA,Gd,Y,SBrkr,796,358,0,1.0,0.0,1,0,3,1,Gd,7,Typ,0,,Detchd,1922.0,Unf,1.0,240.0,TA,TA,N,0,96,0,0,0,0,,MnPrv,,0,5,2010,WD ,Normal
1387,250000,2784,60,RL,80.0,16692,Pave,,IR1,Lvl,AllPub,Inside,Gtl,NWAmes,RRAn,Norm,1Fam,2Story,7,5,1978,1978,Gable,CompShg,Plywood,Plywood,BrkFace,184.0,TA,TA,CBlock,Gd,TA,No,BLQ,790.0,LwQ,469.0,133.0,1392.0,GasA,TA,Y,SBrkr,1392,1392,0,1.0,0.0,3,1,5,1,Gd,12,Typ,2,TA,Attchd,1978.0,RFn,2.0,564.0,TA,TA,Y,0,112,0,0,440,519,Fa,MnPrv,TenC,2000,7,2006,WD ,Normal
1388,136000,2526,50,RM,60.0,8520,Pave,Grvl,Reg,Lvl,AllPub,Inside,Gtl,OldTown,Artery,Norm,1Fam,1.5Fin,6,7,1916,1950,Gable,CompShg,Stucco,Stucco,None,0.0,TA,Gd,BrkTil,TA,TA,No,Rec,168.0,LwQ,546.0,0.0,714.0,GasW,TA,N,SBrkr,1664,862,0,0.0,0.0,2,0,5,1,Gd,10,Typ,1,Gd,Detchd,1916.0,Unf,1.0,216.0,TA,TA,Y,88,15,0,0,0,0,,GdWo,,0,8,2007,CWD,Family
1389,377500,1746,20,RL,42.0,14892,Pave,,IR1,HLS,AllPub,CulDSac,Gtl,Gilbert,Norm,Norm,1Fam,1Story,9,5,2006,2007,Gable,CompShg,VinylSd,VinylSd,Stone,160.0,Ex,TA,PConc,Ex,TA,Gd,GLQ,1320.0,Unf,0.0,426.0,1746.0,GasA,Ex,Y,SBrkr,1746,0,0,1.0,0.0,2,0,3,1,Ex,7,Typ,2,Gd,Attchd,2006.0,Fin,3.0,758.0,TA,TA,Y,201,39,0,0,0,0,,,,0,10,2009,WD ,Normal
1390,131000,1218,50,RM,60.0,6000,Pave,,Reg,Lvl,AllPub,Inside,Gtl,BrkSide,Norm,Norm,1Fam,1.5Fin,6,6,1941,1950,Gable,CompShg,Wd Sdng,Wd Sdng,None,0.0,TA,Gd,BrkTil,TA,Gd,No,ALQ,375.0,Unf,0.0,360.0,735.0,GasA,Ex,Y,SBrkr,869,349,0,0.0,1.0,1,0,3,1,TA,6,Typ,1,Gd,Detchd,2003.0,Unf,2.0,440.0,TA,TA,Y,0,0,0,0,0,0,,,,0,3,2007,WD ,Normal
1391,235000,1525,20,RL,70.0,9100,Pave,,Reg,Lvl,AllPub,Inside,Gtl,CollgCr,Norm,Norm,1Fam,1Story,7,5,2000,2000,Gable,CompShg,VinylSd,VinylSd,BrkFace,244.0,Gd,TA,PConc,Gd,TA,Av,GLQ,1400.0,Unf,0.0,125.0,1525.0,GasA,Ex,Y,SBrkr,1525,0,0,1.0,0.0,2,0,3,1,Gd,6,Typ,0,,Attchd,2000.0,RFn,2.0,541.0,TA,TA,Y,219,36,0,0,0,0,,,,0,9,2006,WD ,Normal
1392,124000,1584,90,RL,65.0,8944,Pave,,Reg,Lvl,AllPub,Inside,Gtl,NAmes,Norm,Norm,Duplex,1Story,5,5,1967,1967,Gable,CompShg,Plywood,Plywood,None,0.0,TA,TA,CBlock,TA,TA,No,Unf,0.0,Unf,0.0,1584.0,1584.0,GasA,TA,Y,SBrkr,1584,0,0,0.0,0.0,2,0,4,2,TA,8,Mod,0,,Detchd,1967.0,Unf,3.0,792.0,TA,TA,Y,0,152,0,0,0,0,,,,0,4,2009,WD ,Normal
1393,123000,900,85,RL,68.0,7838,Pave,,Reg,Lvl,AllPub,Inside,Gtl,NAmes,Norm,Norm,1Fam,SFoyer,5,5,1967,1967,Gable,CompShg,HdBoard,HdBoard,None,0.0,TA,TA,CBlock,TA,TA,Av,ALQ,769.0,Unf,0.0,95.0,864.0,GasA,TA,Y,SBrkr,900,0,0,1.0,0.0,1,0,3,1,TA,6,Typ,1,Po,Attchd,1967.0,RFn,1.0,288.0,TA,TA,Y,175,144,0,0,0,0,,MnWw,,0,12,2006,WD ,Normal
1394,163000,1912,190,RM,60.0,10800,Pave,Pave,Reg,Lvl,AllPub,Inside,Gtl,OldTown,Norm,Norm,2fmCon,1.5Fin,6,7,1905,2000,Gable,CompShg,Wd Sdng,Wd Sdng,None,0.0,TA,TA,BrkTil,Fa,TA,No,Unf,0.0,Unf,0.0,482.0,482.0,GasA,Ex,N,SBrkr,1221,691,0,0.0,0.0,2,0,3,2,TA,7,Typ,1,TA,Detchd,2003.0,Unf,2.0,672.0,Gd,TA,Y,0,25,212,0,0,0,,,,0,4,2008,WD ,Normal
1395,246578,1500,120,RL,53.0,4045,Pave,,Reg,Lvl,AllPub,Inside,Gtl,Blmngtn,Norm,Norm,TwnhsE,1Story,7,5,2006,2006,Hip,CompShg,VinylSd,VinylSd,BrkFace,45.0,Gd,TA,PConc,Gd,TA,Av,GLQ,1070.0,Unf,0.0,286.0,1356.0,GasA,Ex,Y,SBrkr,1500,0,0,1.0,0.0,2,0,2,1,Gd,6,Typ,1,Gd,Attchd,2006.0,Fin,3.0,648.0,TA,TA,Y,161,20,0,0,0,0,,,,0,10,2006,New,Partial
1396,281213,2482,60,RL,88.0,12665,Pave,,IR1,Lvl,AllPub,Inside,Gtl,Timber,Norm,Norm,1Fam,2Story,8,5,2005,2006,Hip,CompShg,VinylSd,VinylSd,BrkFace,245.0,Gd,TA,PConc,Gd,Gd,Gd,Unf,0.0,Unf,0.0,1094.0,1094.0,GasA,Ex,Y,SBrkr,1133,1349,0,0.0,0.0,2,1,4,1,Gd,9,Typ,1,Gd,BuiltIn,2005.0,Fin,3.0,642.0,TA,TA,Y,144,39,0,0,0,0,,,,0,2,2007,WD ,Normal
1397,160000,1687,20,RL,,57200,Pave,,IR1,Bnk,AllPub,Inside,Sev,Timber,Norm,Norm,1Fam,1Story,5,5,1948,1950,Gable,CompShg,Wd Sdng,Wd Sdng,None,0.0,TA,TA,CBlock,TA,TA,Av,BLQ,353.0,Rec,334.0,60.0,747.0,GasA,TA,Y,SBrkr,1687,0,0,1.0,0.0,1,0,3,1,TA,7,Min1,2,TA,Detchd,1966.0,Unf,2.0,572.0,TA,TA,N,0,0,50,0,0,0,,,,0,6,2010,WD ,Normal
1398,137500,1513,70,RM,51.0,6120,Pave,,Reg,Lvl,AllPub,Inside,Gtl,BrkSide,Norm,Norm,1Fam,2Story,5,8,1920,2004,Gable,CompShg,MetalSd,MetalSd,None,0.0,TA,TA,BrkTil,TA,TA,Mn,Unf,0.0,Unf,0.0,939.0,939.0,GasA,Ex,Y,SBrkr,939,574,0,0.0,0.0,1,1,4,1,TA,8,Typ,0,,Detchd,1933.0,Unf,1.0,180.0,Fa,Fa,N,24,0,150,0,0,0,,,,0,5,2007,WD ,Normal
1399,138000,1904,50,RL,60.0,7200,Pave,,Reg,Lvl,AllPub,Inside,Gtl,NAmes,Norm,Norm,1Fam,1.5Fin,5,4,1950,1982,Gable,CompShg,VinylSd,Wd Sdng,None,0.0,TA,TA,CBlock,TA,TA,No,Rec,180.0,BLQ,352.0,676.0,1208.0,GasA,Gd,Y,FuseA,1136,768,0,1.0,0.0,1,1,3,1,TA,7,Min1,0,,Attchd,1950.0,Unf,1.0,240.0,TA,TA,Y,0,0,168,0,0,0,,GdPrv,,0,5,2009,WD ,Normal
1400,137450,1608,50,RL,51.0,6171,Pave,,Reg,Lvl,AllPub,Inside,Gtl,SWISU,Norm,Norm,1Fam,1.5Fin,6,6,1925,1990,Gable,CompShg,WdShing,Wd Shng,None,0.0,TA,TA,BrkTil,TA,TA,No,BLQ,264.0,Unf,0.0,712.0,976.0,GasA,Ex,Y,SBrkr,1160,448,0,0.0,0.0,2,1,3,1,Gd,7,Typ,1,Gd,Detchd,1925.0,Unf,1.0,216.0,Fa,TA,Y,147,16,0,0,0,0,,MnPrv,,0,10,2009,WD ,Normal
1401,120000,1158,50,RM,50.0,6000,Pave,,Reg,Lvl,AllPub,Corner,Gtl,BrkSide,Norm,Norm,1Fam,1.5Fin,6,7,1929,1950,Gable,CompShg,WdShing,Wd Shng,None,0.0,TA,TA,BrkTil,TA,TA,No,Unf,0.0,Unf,0.0,862.0,862.0,GasA,TA,Y,SBrkr,950,208,0,0.0,0.0,1,0,3,1,TA,5,Typ,1,Gd,BuiltIn,1929.0,RFn,1.0,208.0,TA,TA,Y,0,0,112,0,0,0,,,,0,7,2008,WD ,Normal
1402,193000,1593,60,RL,62.0,7415,Pave,,IR1,Lvl,AllPub,Inside,Gtl,Gilbert,Norm,Norm,1Fam,2Story,6,5,2004,2004,Gable,CompShg,VinylSd,VinylSd,None,0.0,TA,TA,PConc,TA,TA,No,GLQ,759.0,Unf,0.0,80.0,839.0,GasA,Ex,Y,SBrkr,864,729,0,1.0,0.0,2,1,3,1,TA,8,Typ,1,TA,Attchd,2004.0,Fin,2.0,398.0,TA,TA,Y,100,75,0,0,0,0,,,,0,4,2008,WD ,Normal
1403,193879,1294,20,RL,64.0,6762,Pave,,Reg,Lvl,AllPub,Inside,Gtl,CollgCr,Norm,Norm,1Fam,1Story,7,5,2006,2006,Gable,CompShg,VinylSd,VinylSd,None,0.0,Gd,TA,PConc,Gd,Gd,Av,Unf,0.0,Unf,0.0,1286.0,1286.0,GasA,Ex,Y,SBrkr,1294,0,0,0.0,0.0,2,0,2,1,Gd,6,Typ,1,Gd,Attchd,2006.0,RFn,2.0,662.0,TA,TA,Y,168,55,0,0,0,0,,,,0,7,2006,New,Partial
1404,282922,1464,20,RL,49.0,15256,Pave,,IR1,Lvl,AllPub,CulDSac,Gtl,Somerst,RRAn,Norm,1Fam,1Story,8,5,2007,2007,Gable,CompShg,VinylSd,VinylSd,Stone,84.0,Gd,TA,PConc,Gd,TA,Gd,GLQ,929.0,Unf,0.0,556.0,1485.0,GasA,Ex,Y,SBrkr,1464,0,0,1.0,0.0,2,0,3,1,Gd,6,Typ,0,,Attchd,2007.0,Unf,3.0,754.0,TA,TA,Y,168,160,0,0,0,0,,,,0,8,2007,WD ,Normal
1405,105000,1214,50,RL,60.0,10410,Pave,Grvl,Reg,Lvl,AllPub,Corner,Gtl,OldTown,Artery,Norm,1Fam,1.5Fin,3,4,1915,1950,Gable,CompShg,Wd Sdng,Wd Sdng,None,0.0,TA,TA,PConc,TA,TA,No,Unf,0.0,Unf,0.0,672.0,672.0,GasA,TA,Y,SBrkr,694,520,0,0.0,0.0,1,0,3,1,TA,6,Typ,0,,Detchd,1998.0,Unf,3.0,936.0,TA,TA,Y,216,0,160,0,0,0,,MnPrv,,0,1,2006,WD ,Family
1406,275000,1646,120,RM,44.0,3842,Pave,,IR1,HLS,AllPub,Inside,Mod,Crawfor,Norm,Norm,TwnhsE,1Story,8,5,2004,2005,Hip,CompShg,CemntBd,CmentBd,Stone,174.0,Gd,TA,PConc,Ex,TA,Gd,GLQ,1373.0,Unf,0.0,221.0,1594.0,GasA,Ex,Y,SBrkr,1646,0,0,1.0,1.0,2,0,2,1,Gd,5,Typ,1,Gd,Attchd,2004.0,Fin,2.0,482.0,TA,TA,Y,128,53,0,0,155,0,,,,0,1,2008,WD ,Normal
1407,133000,768,85,RL,70.0,8445,Pave,,Reg,Lvl,AllPub,Corner,Gtl,CollgCr,Norm,Norm,1Fam,SFoyer,5,7,1972,2007,Gable,CompShg,HdBoard,Wd Shng,None,0.0,TA,TA,CBlock,Gd,TA,Av,GLQ,656.0,Unf,0.0,112.0,768.0,GasA,TA,Y,SBrkr,768,0,0,1.0,0.0,1,0,2,1,TA,5,Typ,0,,Detchd,1988.0,Unf,2.0,396.0,TA,TA,Y,58,0,0,0,0,0,,MnPrv,,0,3,2009,WD ,Normal
1408,112000,833,20,RL,,8780,Pave,,IR1,Lvl,AllPub,Corner,Gtl,Mitchel,Norm,Norm,1Fam,1Story,5,5,1985,1985,Gable,CompShg,HdBoard,Plywood,None,0.0,TA,TA,CBlock,TA,TA,No,ALQ,625.0,Unf,0.0,208.0,833.0,GasA,Ex,Y,SBrkr,833,0,0,1.0,0.0,1,0,3,1,TA,5,Typ,0,,,,,0.0,0.0,,,Y,0,0,0,0,0,0,,MnPrv,,0,3,2009,WD ,Normal
1409,125500,1363,70,RM,60.0,7740,Pave,,Reg,Lvl,AllPub,Inside,Gtl,OldTown,Norm,Norm,1Fam,2Story,4,7,1910,1950,Gable,CompShg,VinylSd,VinylSd,None,0.0,TA,TA,CBlock,Fa,TA,No,Unf,0.0,Unf,0.0,622.0,622.0,GasA,Gd,Y,SBrkr,741,622,0,0.0,0.0,1,0,3,1,TA,6,Typ,0,,Detchd,1966.0,Unf,2.0,528.0,TA,TA,Y,0,0,0,0,168,0,,,,0,6,2010,WD ,Normal
1410,215000,2093,60,RL,46.0,20544,Pave,,IR1,Lvl,AllPub,CulDSac,Gtl,NWAmes,Norm,Norm,1Fam,2Story,7,6,1986,1991,Gable,CompShg,Plywood,Plywood,BrkFace,123.0,TA,Gd,CBlock,Gd,TA,No,Unf,0.0,Unf,0.0,791.0,791.0,GasA,Gd,Y,SBrkr,1236,857,0,0.0,0.0,2,1,3,1,TA,7,Typ,1,TA,Attchd,1986.0,Fin,2.0,542.0,TA,TA,Y,364,63,0,0,0,0,,MnPrv,,0,11,2008,WD ,Normal
1411,230000,1840,60,RL,79.0,12420,Pave,,Reg,Lvl,AllPub,Inside,Gtl,CollgCr,Norm,Norm,1Fam,2Story,7,5,2001,2001,Gable,CompShg,VinylSd,VinylSd,None,0.0,Gd,TA,PConc,Gd,TA,No,GLQ,666.0,Unf,0.0,278.0,944.0,GasA,Ex,Y,SBrkr,944,896,0,1.0,0.0,2,1,3,1,Gd,6,Typ,0,,Attchd,2001.0,RFn,2.0,622.0,TA,TA,Y,0,45,0,0,0,0,,,,0,6,2009,WD ,Normal
1412,140000,1668,50,RL,80.0,9600,Pave,,Reg,Lvl,AllPub,Inside,Gtl,NAmes,Norm,Norm,1Fam,1.5Fin,6,8,1950,2005,Gable,CompShg,VinylSd,VinylSd,None,0.0,TA,Gd,CBlock,TA,TA,No,BLQ,120.0,Unf,0.0,736.0,856.0,GasA,Ex,Y,SBrkr,1112,556,0,0.0,0.0,1,1,3,1,TA,6,Min2,0,,Attchd,1950.0,Unf,1.0,271.0,TA,TA,Y,0,0,0,0,0,0,,MnPrv,,0,9,2009,WD ,Normal
1413,90000,1040,90,RL,60.0,7200,Pave,,Reg,Lvl,AllPub,Inside,Gtl,NAmes,Norm,Norm,Duplex,1Story,4,5,1949,1950,Gable,CompShg,BrkFace,Stone,None,0.0,TA,TA,Slab,,,,,0.0,,0.0,0.0,0.0,Wall,Fa,N,FuseF,1040,0,0,0.0,0.0,2,0,2,2,TA,6,Typ,0,,Detchd,1956.0,Unf,2.0,420.0,TA,TA,Y,0,0,0,0,0,0,,,,0,6,2009,WD ,Normal
1414,257000,1844,20,RL,88.0,10994,Pave,,IR1,Lvl,AllPub,Corner,Gtl,SawyerW,Norm,Norm,1Fam,1Story,8,5,2005,2006,Gable,CompShg,VinylSd,VinylSd,Stone,366.0,Gd,TA,PConc,Gd,Gd,No,GLQ,976.0,Unf,0.0,868.0,1844.0,GasA,Ex,Y,SBrkr,1844,0,0,1.0,0.0,2,0,2,1,Gd,7,Typ,1,Gd,Attchd,2005.0,Fin,2.0,620.0,TA,TA,Y,165,44,0,0,0,0,,,,0,9,2009,COD,Abnorml
1415,207000,1848,50,RL,64.0,13053,Pave,Pave,Reg,Bnk,AllPub,Inside,Gtl,BrkSide,Norm,Norm,1Fam,1.5Fin,6,7,1923,2000,Gambrel,CompShg,Wd Sdng,Wd Sdng,None,0.0,TA,TA,BrkTil,TA,TA,No,Unf,0.0,Unf,0.0,833.0,833.0,GasA,Gd,Y,SBrkr,1053,795,0,0.0,0.0,1,1,4,1,Gd,8,Typ,1,Gd,Detchd,1922.0,Unf,2.0,370.0,TA,TA,N,0,0,0,0,220,0,,,,0,6,2008,WD ,Normal
1416,175900,1569,120,RL,51.0,3635,Pave,,Reg,Lvl,AllPub,Inside,Gtl,Blmngtn,Norm,Norm,TwnhsE,1Story,7,5,2007,2007,Hip,CompShg,VinylSd,VinylSd,BrkFace,130.0,Gd,TA,PConc,Gd,TA,No,ALQ,988.0,Unf,0.0,398.0,1386.0,GasA,Ex,Y,SBrkr,1569,0,0,0.0,1.0,2,0,1,1,Gd,7,Typ,1,TA,Attchd,2007.0,RFn,3.0,660.0,TA,TA,Y,143,20,0,0,0,0,,,,0,5,2009,WD ,Normal
1417,122500,2290,190,RM,60.0,11340,Pave,,Reg,Lvl,AllPub,Inside,Gtl,OldTown,Norm,Norm,2fmCon,2Story,4,6,1885,1950,Gable,CompShg,VinylSd,AsbShng,None,0.0,TA,TA,PConc,TA,TA,No,Unf,0.0,Unf,0.0,777.0,777.0,GasA,Gd,Y,SBrkr,1246,1044,0,0.0,0.0,2,0,4,2,TA,11,Typ,0,,Detchd,1971.0,Unf,2.0,560.0,TA,TA,N,0,0,114,0,0,0,,,,0,4,2010,WD ,Normal
1418,340000,2450,60,RL,,16545,Pave,,IR1,Lvl,AllPub,Inside,Gtl,NoRidge,Norm,Norm,1Fam,2Story,8,5,1998,1998,Gable,CompShg,VinylSd,VinylSd,BrkFace,731.0,Gd,TA,PConc,Gd,TA,Mn,GLQ,781.0,Unf,0.0,503.0,1284.0,GasA,Ex,Y,SBrkr,1310,1140,0,1.0,0.0,2,1,3,1,Gd,7,Typ,1,TA,Attchd,1998.0,Fin,3.0,1069.0,TA,TA,Y,0,126,0,0,0,0,,,,0,5,2009,WD ,Normal
1419,124000,1144,20,RL,71.0,9204,Pave,,Reg,Lvl,AllPub,Inside,Gtl,NAmes,Norm,Norm,1Fam,1Story,5,5,1963,1963,Gable,CompShg,HdBoard,HdBoard,None,0.0,TA,TA,CBlock,TA,TA,No,BLQ,25.0,Rec,872.0,247.0,1144.0,GasA,TA,Y,SBrkr,1144,0,0,1.0,0.0,1,1,3,1,TA,6,Typ,0,,Detchd,1962.0,Unf,1.0,336.0,TA,TA,Y,0,88,0,0,0,0,,,,0,8,2008,COD,Normal
1420,223000,1844,20,RL,,16381,Pave,,IR1,Lvl,AllPub,Inside,Gtl,Crawfor,Norm,Norm,1Fam,1Story,6,5,1969,1969,Gable,CompShg,Plywood,Plywood,BrkFace,312.0,Gd,Gd,CBlock,TA,TA,Av,Rec,1110.0,Unf,0.0,734.0,1844.0,GasA,Gd,Y,SBrkr,1844,0,0,1.0,0.0,2,0,3,1,Gd,7,Typ,1,TA,Attchd,1969.0,RFn,2.0,540.0,TA,TA,Y,0,73,216,0,0,0,,,,0,12,2006,WD ,Normal
1421,179900,1416,60,RL,90.0,11700,Pave,,Reg,Lvl,AllPub,Corner,Gtl,NWAmes,Norm,Norm,1Fam,2Story,6,6,1968,1968,Gable,CompShg,HdBoard,HdBoard,BrkFace,420.0,TA,TA,CBlock,TA,TA,No,ALQ,404.0,Unf,0.0,304.0,708.0,GasA,Gd,Y,SBrkr,708,708,0,0.0,0.0,2,1,3,1,TA,7,Typ,1,TA,Attchd,1968.0,RFn,2.0,776.0,TA,TA,Y,0,169,0,0,119,0,,,,0,5,2006,WD ,Normal
1422,127500,1069,120,RL,53.0,4043,Pave,,Reg,Lvl,AllPub,Inside,Gtl,NPkVill,Norm,Norm,TwnhsE,1Story,6,5,1977,1977,Gable,CompShg,Plywood,Plywood,None,0.0,TA,TA,CBlock,Gd,TA,No,ALQ,360.0,Unf,0.0,709.0,1069.0,GasA,TA,Y,SBrkr,1069,0,0,0.0,0.0,2,0,2,1,TA,4,Typ,1,Fa,Attchd,1977.0,RFn,2.0,440.0,TA,TA,Y,0,55,0,0,165,0,,,,0,7,2010,WD ,Normal
1423,136500,848,120,RM,37.0,4435,Pave,,Reg,Lvl,AllPub,Inside,Gtl,CollgCr,Norm,Norm,TwnhsE,1Story,6,5,2003,2003,Gable,CompShg,VinylSd,VinylSd,BrkFace,170.0,Gd,TA,PConc,Gd,TA,Av,GLQ,686.0,Unf,0.0,162.0,848.0,GasA,Ex,Y,SBrkr,848,0,0,1.0,0.0,1,0,1,1,Gd,3,Typ,0,,Attchd,2003.0,Fin,2.0,420.0,TA,TA,Y,140,0,0,0,0,0,,,,0,3,2008,WD ,Normal
1424,274970,2201,80,RL,,19690,Pave,,IR1,Lvl,AllPub,CulDSac,Gtl,Edwards,Norm,Norm,1Fam,SLvl,6,7,1966,1966,Flat,Tar&Grv,Plywood,Plywood,None,0.0,Gd,Gd,CBlock,Gd,TA,Av,Unf,0.0,Unf,0.0,697.0,697.0,GasA,TA,Y,SBrkr,1575,626,0,0.0,0.0,2,0,4,1,Gd,8,Typ,1,Gd,Attchd,1966.0,Unf,2.0,432.0,Gd,Gd,Y,586,236,0,0,0,738,Gd,GdPrv,,0,8,2006,WD ,Alloca
1425,144000,1344,20,RL,,9503,Pave,,Reg,Lvl,AllPub,Inside,Gtl,NAmes,Norm,Norm,1Fam,1Story,5,5,1958,1983,Hip,CompShg,HdBoard,HdBoard,None,0.0,TA,TA,CBlock,TA,TA,No,ALQ,457.0,Rec,374.0,193.0,1024.0,GasA,TA,Y,SBrkr,1344,0,0,1.0,0.0,1,0,2,1,TA,6,Min1,1,TA,Detchd,1970.0,Unf,1.0,484.0,TA,TA,Y,316,28,0,0,0,0,,GdWo,,0,6,2007,WD ,Normal
1426,142000,1252,20,RL,80.0,10721,Pave,,IR1,Lvl,AllPub,Inside,Gtl,NAmes,Norm,Norm,1Fam,1Story,6,6,1959,1959,Hip,CompShg,HdBoard,HdBoard,Stone,243.0,Gd,TA,CBlock,TA,TA,No,Unf,0.0,Unf,0.0,1252.0,1252.0,GasA,Ex,Y,SBrkr,1252,0,0,0.0,0.0,1,0,3,1,Gd,7,Typ,0,,Detchd,1960.0,Unf,2.0,528.0,TA,TA,Y,0,39,0,0,0,0,,,,0,10,2008,WD ,Normal
1427,271000,2127,60,RL,81.0,10944,Pave,,IR1,Lvl,AllPub,Inside,Gtl,NoRidge,Norm,Norm,1Fam,2Story,7,5,1994,1994,Gable,CompShg,VinylSd,VinylSd,BrkFace,448.0,Gd,TA,PConc,Gd,TA,No,GLQ,1000.0,Unf,0.0,223.0,1223.0,GasA,Ex,Y,SBrkr,1223,904,0,1.0,0.0,2,1,3,1,Gd,5,Typ,2,TA,Attchd,1994.0,RFn,2.0,525.0,TA,TA,Y,171,132,0,0,0,0,,,,0,8,2008,WD ,Normal
1428,140000,1558,50,RL,60.0,10930,Pave,Grvl,Reg,Bnk,AllPub,Inside,Gtl,NAmes,Artery,Norm,1Fam,1.5Fin,5,6,1945,1950,Gable,CompShg,MetalSd,MetalSd,None,0.0,TA,TA,CBlock,TA,TA,No,BLQ,580.0,Unf,0.0,333.0,913.0,GasA,TA,Y,FuseA,1048,510,0,1.0,0.0,1,1,3,1,TA,6,Typ,1,TA,Attchd,1962.0,Unf,1.0,288.0,TA,TA,Y,0,0,0,0,0,0,,,,0,4,2008,WD ,Normal
1429,119000,804,30,RM,60.0,7200,Pave,,Reg,Lvl,AllPub,Corner,Gtl,OldTown,Norm,Norm,1Fam,1Story,5,7,1940,1992,Gable,CompShg,MetalSd,MetalSd,Stone,294.0,TA,Gd,CBlock,TA,TA,No,BLQ,510.0,Unf,0.0,278.0,788.0,GasA,TA,Y,SBrkr,804,0,0,1.0,0.0,1,0,2,1,Gd,4,Typ,2,Gd,Attchd,1940.0,Unf,1.0,240.0,TA,TA,Y,0,0,154,0,0,0,,MnPrv,,0,2,2010,WD ,Abnorml
1430,182900,1440,20,RL,,12546,Pave,,IR1,Lvl,AllPub,Corner,Gtl,NWAmes,Norm,Norm,1Fam,1Story,6,7,1981,1981,Gable,CompShg,MetalSd,MetalSd,BrkFace,310.0,Gd,Gd,CBlock,Gd,TA,No,BLQ,678.0,Unf,0.0,762.0,1440.0,GasA,Ex,Y,SBrkr,1440,0,0,0.0,0.0,2,0,3,1,Gd,7,Typ,1,TA,Attchd,1981.0,Fin,2.0,467.0,TA,TA,Y,0,0,99,0,0,0,,,,0,4,2007,WD ,Normal
1431,192140,1838,60,RL,60.0,21930,Pave,,IR3,Lvl,AllPub,Inside,Gtl,Gilbert,RRAn,Norm,1Fam,2Story,5,5,2005,2005,Gable,CompShg,VinylSd,VinylSd,None,0.0,Gd,TA,PConc,Gd,Gd,Av,Unf,0.0,Unf,0.0,732.0,732.0,GasA,Ex,Y,SBrkr,734,1104,0,0.0,0.0,2,1,4,1,TA,7,Typ,1,Gd,BuiltIn,2005.0,Fin,2.0,372.0,TA,TA,Y,100,40,0,0,0,0,,,,0,7,2006,WD ,Normal
1432,143750,958,120,RL,,4928,Pave,,IR1,Lvl,AllPub,Inside,Gtl,NPkVill,Norm,Norm,TwnhsE,1Story,6,6,1976,1976,Gable,CompShg,Plywood,Plywood,None,0.0,TA,TA,CBlock,Gd,TA,No,LwQ,958.0,Unf,0.0,0.0,958.0,GasA,TA,Y,SBrkr,958,0,0,0.0,0.0,2,0,2,1,TA,5,Typ,0,,Attchd,1976.0,RFn,2.0,440.0,TA,TA,Y,0,60,0,0,0,0,,,,0,10,2009,WD ,Normal
1433,64500,968,30,RL,60.0,10800,Pave,Grvl,Reg,Lvl,AllPub,Inside,Gtl,OldTown,Norm,Norm,1Fam,1Story,4,6,1927,2007,Gable,CompShg,Wd Sdng,Wd Sdng,None,0.0,TA,TA,BrkTil,TA,TA,No,Unf,0.0,Unf,0.0,656.0,656.0,GasA,TA,Y,SBrkr,968,0,0,0.0,0.0,2,0,4,1,TA,5,Typ,0,,Detchd,1928.0,Unf,1.0,216.0,Fa,Fa,Y,0,0,0,0,0,0,,,,0,8,2007,WD ,Normal
1434,186500,1792,60,RL,93.0,10261,Pave,,IR1,Lvl,AllPub,Inside,Gtl,Gilbert,Norm,Norm,1Fam,2Story,6,5,2000,2000,Gable,CompShg,VinylSd,VinylSd,BrkFace,318.0,TA,TA,PConc,Gd,TA,No,Unf,0.0,Unf,0.0,936.0,936.0,GasA,Ex,Y,SBrkr,962,830,0,1.0,0.0,2,1,3,1,TA,8,Typ,1,TA,Attchd,2000.0,Fin,2.0,451.0,TA,TA,Y,0,0,0,0,0,0,,,,0,5,2008,WD ,Normal
1435,160000,1126,20,RL,80.0,17400,Pave,,Reg,Low,AllPub,Inside,Mod,Mitchel,Norm,Norm,1Fam,1Story,5,5,1977,1977,Gable,CompShg,BrkFace,BrkFace,None,0.0,TA,TA,CBlock,TA,TA,No,ALQ,936.0,Unf,0.0,190.0,1126.0,GasA,Fa,Y,SBrkr,1126,0,0,1.0,0.0,2,0,3,1,TA,5,Typ,1,Gd,Attchd,1977.0,RFn,2.0,484.0,TA,TA,P,295,41,0,0,0,0,,,,0,5,2006,WD ,Normal
1436,174000,1537,20,RL,80.0,8400,Pave,,Reg,Lvl,AllPub,Inside,Gtl,NAmes,Norm,Norm,1Fam,1Story,6,9,1962,2005,Gable,CompShg,Wd Sdng,Wd Sdng,BrkFace,237.0,Gd,Gd,CBlock,TA,TA,No,Unf,0.0,Unf,0.0,1319.0,1319.0,GasA,TA,Y,SBrkr,1537,0,0,1.0,0.0,1,1,3,1,Gd,7,Typ,1,Gd,Attchd,1962.0,RFn,2.0,462.0,TA,TA,Y,0,36,0,0,0,0,,GdPrv,,0,7,2008,COD,Abnorml
1437,120500,864,20,RL,60.0,9000,Pave,,Reg,Lvl,AllPub,FR2,Gtl,NAmes,Norm,Norm,1Fam,1Story,4,6,1971,1971,Gable,CompShg,HdBoard,HdBoard,None,0.0,TA,TA,PConc,TA,TA,No,ALQ,616.0,Unf,0.0,248.0,864.0,GasA,TA,Y,SBrkr,864,0,0,0.0,0.0,1,0,3,1,TA,5,Typ,0,,Detchd,1974.0,Unf,2.0,528.0,TA,TA,Y,0,0,0,0,0,0,,GdWo,,0,5,2007,WD ,Normal
1438,394617,1932,20,RL,96.0,12444,Pave,,Reg,Lvl,AllPub,FR2,Gtl,NridgHt,Norm,Norm,1Fam,1Story,8,5,2008,2008,Hip,CompShg,VinylSd,VinylSd,Stone,426.0,Ex,TA,PConc,Ex,TA,Av,GLQ,1336.0,Unf,0.0,596.0,1932.0,GasA,Ex,Y,SBrkr,1932,0,0,1.0,0.0,2,0,2,1,Ex,7,Typ,1,Gd,Attchd,2008.0,Fin,3.0,774.0,TA,TA,Y,0,66,0,304,0,0,,,,0,11,2008,New,Partial
1439,149700,1236,20,RM,90.0,7407,Pave,,Reg,Lvl,AllPub,Inside,Gtl,OldTown,Artery,Norm,1Fam,1Story,6,7,1957,1996,Gable,CompShg,MetalSd,MetalSd,None,0.0,TA,TA,CBlock,TA,TA,No,GLQ,600.0,Unf,0.0,312.0,912.0,GasA,TA,Y,FuseA,1236,0,0,1.0,0.0,1,0,2,1,TA,6,Typ,0,,Attchd,1957.0,Unf,2.0,923.0,TA,TA,Y,0,158,158,0,0,0,,MnPrv,,0,4,2010,WD ,Normal
1440,197000,1725,60,RL,80.0,11584,Pave,,Reg,Lvl,AllPub,Inside,Gtl,NWAmes,Norm,Norm,1Fam,SLvl,7,6,1979,1979,Hip,CompShg,HdBoard,HdBoard,BrkFace,96.0,TA,TA,CBlock,TA,TA,No,GLQ,315.0,Rec,110.0,114.0,539.0,GasA,TA,Y,SBrkr,1040,685,0,0.0,0.0,2,1,3,1,TA,6,Typ,1,TA,Attchd,1979.0,RFn,2.0,550.0,TA,TA,Y,0,88,216,0,0,0,,,,0,11,2007,WD ,Normal
1441,191000,2555,70,RL,79.0,11526,Pave,,IR1,Bnk,AllPub,Inside,Mod,Crawfor,Norm,Norm,1Fam,2.5Fin,6,7,1922,1994,Gable,CompShg,MetalSd,MetalSd,None,0.0,TA,TA,BrkTil,Ex,TA,No,Unf,0.0,Unf,0.0,588.0,588.0,GasA,Fa,Y,SBrkr,1423,748,384,0.0,0.0,2,0,3,1,TA,11,Min1,1,Gd,Detchd,1993.0,Fin,2.0,672.0,TA,TA,Y,431,0,0,0,0,0,,,,0,9,2008,WD ,Normal
1442,149300,848,120,RM,,4426,Pave,,Reg,Lvl,AllPub,Inside,Gtl,CollgCr,Norm,Norm,TwnhsE,1Story,6,5,2004,2004,Gable,CompShg,VinylSd,VinylSd,BrkFace,147.0,Gd,TA,PConc,Gd,TA,Av,GLQ,697.0,Unf,0.0,151.0,848.0,GasA,Ex,Y,SBrkr,848,0,0,1.0,0.0,1,0,1,1,Gd,3,Typ,1,TA,Attchd,2004.0,RFn,2.0,420.0,TA,TA,Y,149,0,0,0,0,0,,,,0,5,2008,WD ,Normal
1443,310000,2007,60,FV,85.0,11003,Pave,,Reg,Lvl,AllPub,Inside,Gtl,Somerst,Norm,Norm,1Fam,2Story,10,5,2008,2008,Gable,CompShg,VinylSd,VinylSd,Stone,160.0,Ex,TA,PConc,Ex,TA,Av,GLQ,765.0,Unf,0.0,252.0,1017.0,GasA,Ex,Y,SBrkr,1026,981,0,1.0,0.0,2,1,3,1,Ex,10,Typ,1,Ex,Attchd,2008.0,Fin,3.0,812.0,TA,TA,Y,168,52,0,0,0,0,,,,0,4,2009,WD ,Normal
1444,121000,952,30,RL,,8854,Pave,,Reg,Lvl,AllPub,Inside,Gtl,BrkSide,Norm,Norm,1Fam,1.5Unf,6,6,1916,1950,Gable,CompShg,Wd Sdng,Wd Sdng,None,0.0,TA,TA,BrkTil,TA,TA,No,Unf,0.0,Unf,0.0,952.0,952.0,Grav,Fa,N,FuseF,952,0,0,0.0,0.0,1,0,2,1,Fa,4,Typ,1,Gd,Detchd,1916.0,Unf,1.0,192.0,Fa,Po,P,0,98,0,0,40,0,,,,0,5,2009,WD ,Normal
1445,179600,1422,20,RL,63.0,8500,Pave,,Reg,Lvl,AllPub,FR2,Gtl,CollgCr,Norm,Norm,1Fam,1Story,7,5,2004,2004,Gable,CompShg,VinylSd,VinylSd,BrkFace,106.0,Gd,TA,PConc,Gd,TA,Av,Unf,0.0,Unf,0.0,1422.0,1422.0,GasA,Ex,Y,SBrkr,1422,0,0,0.0,0.0,2,0,3,1,Gd,7,Typ,0,,Attchd,2004.0,RFn,2.0,626.0,TA,TA,Y,192,60,0,0,0,0,,,,0,11,2007,WD ,Normal
1446,129000,913,85,RL,70.0,8400,Pave,,Reg,Lvl,AllPub,Inside,Gtl,Sawyer,Norm,Norm,1Fam,SFoyer,6,5,1966,1966,Gable,CompShg,VinylSd,VinylSd,None,0.0,TA,TA,CBlock,TA,TA,Gd,LwQ,187.0,Rec,627.0,0.0,814.0,GasA,Gd,Y,SBrkr,913,0,0,1.0,0.0,1,0,3,1,TA,6,Typ,0,,Detchd,1990.0,Unf,1.0,240.0,TA,TA,Y,0,0,252,0,0,0,,,,0,5,2007,WD ,Normal
1447,157900,1188,20,RL,,26142,Pave,,IR1,Lvl,AllPub,CulDSac,Gtl,Mitchel,Norm,Norm,1Fam,1Story,5,7,1962,1962,Gable,CompShg,HdBoard,HdBoard,BrkFace,189.0,TA,TA,CBlock,TA,TA,No,Rec,593.0,Unf,0.0,595.0,1188.0,GasA,TA,Y,SBrkr,1188,0,0,0.0,0.0,1,0,3,1,TA,6,Typ,0,,Attchd,1962.0,Unf,1.0,312.0,TA,TA,P,261,39,0,0,0,0,,,,0,4,2010,WD ,Normal
1448,240000,2090,60,RL,80.0,10000,Pave,,Reg,Lvl,AllPub,Inside,Gtl,CollgCr,Norm,Norm,1Fam,2Story,8,5,1995,1996,Gable,CompShg,VinylSd,VinylSd,BrkFace,438.0,Gd,TA,PConc,Gd,TA,No,GLQ,1079.0,Unf,0.0,141.0,1220.0,GasA,Ex,Y,SBrkr,1220,870,0,1.0,0.0,2,1,3,1,Gd,8,Typ,1,TA,Attchd,1995.0,RFn,2.0,556.0,TA,TA,Y,0,65,0,0,0,0,,,,0,12,2007,WD ,Normal
1449,112000,1346,50,RL,70.0,11767,Pave,,Reg,Lvl,AllPub,Inside,Gtl,Edwards,Norm,Norm,1Fam,2Story,4,7,1910,2000,Gable,CompShg,MetalSd,HdBoard,None,0.0,TA,TA,CBlock,Fa,TA,No,Unf,0.0,Unf,0.0,560.0,560.0,GasA,Gd,N,SBrkr,796,550,0,0.0,0.0,1,1,2,1,TA,6,Min2,0,,Detchd,1950.0,Unf,1.0,384.0,Fa,TA,Y,168,24,0,0,0,0,,GdWo,,0,5,2007,WD ,Normal
1450,92000,630,180,RM,21.0,1533,Pave,,Reg,Lvl,AllPub,Inside,Gtl,MeadowV,Norm,Norm,Twnhs,SFoyer,5,7,1970,1970,Gable,CompShg,CemntBd,CmentBd,None,0.0,TA,TA,CBlock,Gd,TA,Av,GLQ,553.0,Unf,0.0,77.0,630.0,GasA,Ex,Y,SBrkr,630,0,0,1.0,0.0,1,0,1,1,Ex,3,Typ,0,,,,,0.0,0.0,,,Y,0,0,0,0,0,0,,,,0,8,2006,WD ,Abnorml
1451,136000,1792,90,RL,60.0,9000,Pave,,Reg,Lvl,AllPub,FR2,Gtl,NAmes,Norm,Norm,Duplex,2Story,5,5,1974,1974,Gable,CompShg,VinylSd,VinylSd,None,0.0,TA,TA,CBlock,Gd,TA,No,Unf,0.0,Unf,0.0,896.0,896.0,GasA,TA,Y,SBrkr,896,896,0,0.0,0.0,2,2,4,2,TA,8,Typ,0,,,,,0.0,0.0,,,Y,32,45,0,0,0,0,,,,0,9,2009,WD ,Normal
1452,287090,1578,20,RL,78.0,9262,Pave,,Reg,Lvl,AllPub,Inside,Gtl,Somerst,Norm,Norm,1Fam,1Story,8,5,2008,2009,Gable,CompShg,CemntBd,CmentBd,Stone,194.0,Gd,TA,PConc,Gd,TA,No,Unf,0.0,Unf,0.0,1573.0,1573.0,GasA,Ex,Y,SBrkr,1578,0,0,0.0,0.0,2,0,3,1,Ex,7,Typ,1,Gd,Attchd,2008.0,Fin,3.0,840.0,TA,TA,Y,0,36,0,0,0,0,,,,0,5,2009,New,Partial
1453,145000,1072,180,RM,35.0,3675,Pave,,Reg,Lvl,AllPub,Inside,Gtl,Edwards,Norm,Norm,TwnhsE,SLvl,5,5,2005,2005,Gable,CompShg,VinylSd,VinylSd,BrkFace,80.0,TA,TA,PConc,Gd,TA,Gd,GLQ,547.0,Unf,0.0,0.0,547.0,GasA,Gd,Y,SBrkr,1072,0,0,1.0,0.0,1,0,2,1,TA,5,Typ,0,,Basment,2005.0,Fin,2.0,525.0,TA,TA,Y,0,28,0,0,0,0,,,,0,5,2006,WD ,Normal
1454,84500,1140,20,RL,90.0,17217,Pave,,Reg,Lvl,AllPub,Inside,Gtl,Mitchel,Norm,Norm,1Fam,1Story,5,5,2006,2006,Gable,CompShg,VinylSd,VinylSd,None,0.0,TA,TA,PConc,Gd,TA,No,Unf,0.0,Unf,0.0,1140.0,1140.0,GasA,Ex,Y,SBrkr,1140,0,0,0.0,0.0,1,0,3,1,TA,6,Typ,0,,,,,0.0,0.0,,,Y,36,56,0,0,0,0,,,,0,7,2006,WD ,Abnorml
1455,185000,1221,20,FV,62.0,7500,Pave,Pave,Reg,Lvl,AllPub,Inside,Gtl,Somerst,Norm,Norm,1Fam,1Story,7,5,2004,2005,Gable,CompShg,VinylSd,VinylSd,None,0.0,Gd,TA,PConc,Gd,TA,No,GLQ,410.0,Unf,0.0,811.0,1221.0,GasA,Ex,Y,SBrkr,1221,0,0,1.0,0.0,2,0,2,1,Gd,6,Typ,0,,Attchd,2004.0,RFn,2.0,400.0,TA,TA,Y,0,113,0,0,0,0,,,,0,10,2009,WD ,Normal
1456,175000,1647,60,RL,62.0,7917,Pave,,Reg,Lvl,AllPub,Inside,Gtl,Gilbert,Norm,Norm,1Fam,2Story,6,5,1999,2000,Gable,CompShg,VinylSd,VinylSd,None,0.0,TA,TA,PConc,Gd,TA,No,Unf,0.0,Unf,0.0,953.0,953.0,GasA,Ex,Y,SBrkr,953,694,0,0.0,0.0,2,1,3,1,TA,7,Typ,1,TA,Attchd,1999.0,RFn,2.0,460.0,TA,TA,Y,0,40,0,0,0,0,,,,0,8,2007,WD ,Normal
1457,210000,2073,20,RL,85.0,13175,Pave,,Reg,Lvl,AllPub,Inside,Gtl,NWAmes,Norm,Norm,1Fam,1Story,6,6,1978,1988,Gable,CompShg,Plywood,Plywood,Stone,119.0,TA,TA,CBlock,Gd,TA,No,ALQ,790.0,Rec,163.0,589.0,1542.0,GasA,TA,Y,SBrkr,2073,0,0,1.0,0.0,2,0,3,1,TA,7,Min1,2,TA,Attchd,1978.0,Unf,2.0,500.0,TA,TA,Y,349,0,0,0,0,0,,MnPrv,,0,2,2010,WD ,Normal
1458,266500,2340,70,RL,66.0,9042,Pave,,Reg,Lvl,AllPub,Inside,Gtl,Crawfor,Norm,Norm,1Fam,2Story,7,9,1941,2006,Gable,CompShg,CemntBd,CmentBd,None,0.0,Ex,Gd,Stone,TA,Gd,No,GLQ,275.0,Unf,0.0,877.0,1152.0,GasA,Ex,Y,SBrkr,1188,1152,0,0.0,0.0,2,0,4,1,Gd,9,Typ,2,Gd,Attchd,1941.0,RFn,1.0,252.0,TA,TA,Y,0,60,0,0,0,0,,GdPrv,Shed,2500,5,2010,WD ,Normal
1459,142125,1078,20,RL,68.0,9717,Pave,,Reg,Lvl,AllPub,Inside,Gtl,NAmes,Norm,Norm,1Fam,1Story,5,6,1950,1996,Hip,CompShg,MetalSd,MetalSd,None,0.0,TA,TA,CBlock,TA,TA,Mn,GLQ,49.0,Rec,1029.0,0.0,1078.0,GasA,Gd,Y,FuseA,1078,0,0,1.0,0.0,1,0,2,1,Gd,5,Typ,0,,Attchd,1950.0,Unf,1.0,240.0,TA,TA,Y,366,0,112,0,0,0,,,,0,4,2010,WD ,Normal
1460,147500,1256,20,RL,75.0,9937,Pave,,Reg,Lvl,AllPub,Inside,Gtl,Edwards,Norm,Norm,1Fam,1Story,5,6,1965,1965,Gable,CompShg,HdBoard,HdBoard,None,0.0,Gd,TA,CBlock,TA,TA,No,BLQ,830.0,LwQ,290.0,136.0,1256.0,GasA,Gd,Y,SBrkr,1256,0,0,1.0,0.0,1,1,3,1,TA,6,Typ,0,,Attchd,1965.0,Fin,1.0,276.0,TA,TA,Y,736,68,0,0,0,0,,,,0,6,2008,WD ,Normal
